case,problem,num_cores,makespan,speedup,added_copy_bytes,cache_hit_rate,n_subgraphs,plan
case_001,1,2,116868,1.9946,1152,,2,results\final_plans\p1\n2\case_001_multicore_res.json
case_001,1,3,78545,2.9679,2304,,3,results\final_plans\p1\n3\case_001_multicore_res.json
case_001,1,4,58984,3.9521,3456,,4,results\final_plans\p1\n4\case_001_multicore_res.json
case_001,1,5,47502,4.9074,4608,,5,results\final_plans\p1\n5\case_001_multicore_res.json
case_001,2,2,116868,1.9946,1152,,2,results\final_plans\p2\n2\case_001_multicore_res.json
case_001,2,3,78545,2.9679,2304,,3,results\final_plans\p2\n3\case_001_multicore_res.json
case_001,2,4,58984,3.9521,3456,,4,results\final_plans\p2\n4\case_001_multicore_res.json
case_001,2,5,47502,4.9074,4608,,5,results\final_plans\p2\n5\case_001_multicore_res.json
case_001,3,2,116868,1.9946,1152,0.0,2,results\final_plans\p3\n2\case_001_multicore_res.json
case_001,3,3,78545,2.9679,2304,0.0,3,results\final_plans\p3\n3\case_001_multicore_res.json
case_001,3,4,58984,3.9521,3456,0.0,4,results\final_plans\p3\n4\case_001_multicore_res.json
case_001,3,5,47502,4.9074,4608,0.0,5,results\final_plans\p3\n5\case_001_multicore_res.json
case_002,1,2,133718,1.9589,64512,,5,results\final_plans\p1\n2\case_002_multicore_res.json
case_002,1,3,90573,2.8921,55296,,6,results\final_plans\p1\n3\case_002_multicore_res.json
case_002,1,4,69677,3.7594,86016,,8,results\final_plans\p1\n4\case_002_multicore_res.json
case_002,1,5,56971,4.5979,112128,,11,results\final_plans\p1\n5\case_002_multicore_res.json
case_002,2,2,132666,1.9745,49152,,5,results\final_plans\p2\n2\case_002_multicore_res.json
case_002,2,3,89443,2.9286,43008,,6,results\final_plans\p2\n3\case_002_multicore_res.json
case_002,2,4,68635,3.8165,64512,,8,results\final_plans\p2\n4\case_002_multicore_res.json
case_002,2,5,55767,4.6971,66048,,11,results\final_plans\p2\n5\case_002_multicore_res.json
case_002,3,2,132548,1.9762,49152,0.007361963190184049,5,results\final_plans\p3\n2\case_002_multicore_res.json
case_002,3,3,89443,2.9286,43008,0.0,6,results\final_plans\p3\n3\case_002_multicore_res.json
case_002,3,4,68594,3.8188,64512,0.007317073170731708,8,results\final_plans\p3\n4\case_002_multicore_res.json
case_002,3,5,55651,4.7069,66048,0.010948905109489052,11,results\final_plans\p3\n5\case_002_multicore_res.json
case_003,1,2,570359,1.0558,635864,,6,results\final_plans\p1\n2\case_003_multicore_res.json
case_003,1,3,293021,2.0552,3020998,,57,results\final_plans\p1\n3\case_003_multicore_res.json
case_003,1,4,225768,2.6674,3757030,,76,results\final_plans\p1\n4\case_003_multicore_res.json
case_003,1,5,255629,2.3558,4549018,,88,results\final_plans\p1\n5\case_003_multicore_res.json
case_003,2,2,552700,1.0896,1287558,,18,results\final_plans\p2\n2\case_003_multicore_res.json
case_003,2,3,280066,2.1503,2436874,,57,results\final_plans\p2\n3\case_003_multicore_res.json
case_003,2,4,202683,2.9712,3646612,,69,results\final_plans\p2\n4\case_003_multicore_res.json
case_003,2,5,220289,2.7337,3984160,,75,results\final_plans\p2\n5\case_003_multicore_res.json
case_003,3,2,552670,1.0896,1287558,0.2295048697571825,18,results\final_plans\p3\n2\case_003_multicore_res.json
case_003,3,3,279009,2.1584,2436874,0.3284411205256787,57,results\final_plans\p3\n3\case_003_multicore_res.json
case_003,3,4,201941,2.9821,3646612,0.42385556730623963,69,results\final_plans\p3\n4\case_003_multicore_res.json
case_003,3,5,211995,2.8407,4820500,0.36363362907838326,89,results\final_plans\p3\n5\case_003_multicore_res.json
case_004,1,2,199074,1.9709,110592,,2,results\final_plans\p1\n2\case_004_multicore_res.json
case_004,1,3,134043,2.9271,221184,,3,results\final_plans\p1\n3\case_004_multicore_res.json
case_004,1,4,104188,3.7659,331776,,4,results\final_plans\p1\n4\case_004_multicore_res.json
case_004,1,5,88341,4.4414,442368,,5,results\final_plans\p1\n5\case_004_multicore_res.json
case_004,2,2,199074,1.9709,110592,,2,results\final_plans\p2\n2\case_004_multicore_res.json
case_004,2,3,134043,2.9271,221184,,3,results\final_plans\p2\n3\case_004_multicore_res.json
case_004,2,4,104188,3.7659,331776,,4,results\final_plans\p2\n4\case_004_multicore_res.json
case_004,2,5,88341,4.4414,442368,,5,results\final_plans\p2\n5\case_004_multicore_res.json
case_004,3,2,199074,1.9709,110592,0.0,2,results\final_plans\p3\n2\case_004_multicore_res.json
case_004,3,3,134043,2.9271,221184,0.0,3,results\final_plans\p3\n3\case_004_multicore_res.json
case_004,3,4,104188,3.7659,331776,0.0,4,results\final_plans\p3\n4\case_004_multicore_res.json
case_004,3,5,88341,4.4414,442368,0.0,5,results\final_plans\p3\n5\case_004_multicore_res.json
case_005,1,2,70129,1.3635,973304,,20,results\final_plans\p1\n2\case_005_multicore_res.json
case_005,1,3,55861,1.7117,1143334,,21,results\final_plans\p1\n3\case_005_multicore_res.json
case_005,1,4,61110,1.5647,991308,,29,results\final_plans\p1\n4\case_005_multicore_res.json
case_005,1,5,57829,1.6535,1242270,,41,results\final_plans\p1\n5\case_005_multicore_res.json
case_005,2,2,63120,1.5149,477222,,20,results\final_plans\p2\n2\case_005_multicore_res.json
case_005,2,3,50715,1.8854,642252,,21,results\final_plans\p2\n3\case_005_multicore_res.json
case_005,2,4,51575,1.854,727116,,29,results\final_plans\p2\n4\case_005_multicore_res.json
case_005,2,5,49486,1.9322,857494,,41,results\final_plans\p2\n5\case_005_multicore_res.json
case_005,3,2,63085,1.5157,477222,0.18519133475279823,20,results\final_plans\p3\n2\case_005_multicore_res.json
case_005,3,3,50707,1.8857,642252,0.38642943906229377,21,results\final_plans\p3\n3\case_005_multicore_res.json
case_005,3,4,41622,2.2973,1236978,0.4472802072223069,39,results\final_plans\p3\n4\case_005_multicore_res.json
case_005,3,5,43025,2.2224,1083376,0.4098622548255356,38,results\final_plans\p3\n5\case_005_multicore_res.json
case_006,1,2,46988,1.7629,79376,,4,results\final_plans\p1\n2\case_006_multicore_res.json
case_006,1,3,36031,2.299,363168,,6,results\final_plans\p1\n3\case_006_multicore_res.json
case_006,1,4,34266,2.4175,623020,,17,results\final_plans\p1\n4\case_006_multicore_res.json
case_006,1,5,29306,2.8266,377182,,13,results\final_plans\p1\n5\case_006_multicore_res.json
case_006,2,2,43854,1.8889,76680,,4,results\final_plans\p2\n2\case_006_multicore_res.json
case_006,2,3,33157,2.4983,603132,,9,results\final_plans\p2\n3\case_006_multicore_res.json
case_006,2,4,28831,2.8732,470922,,17,results\final_plans\p2\n4\case_006_multicore_res.json
case_006,2,5,24473,3.3848,328006,,13,results\final_plans\p2\n5\case_006_multicore_res.json
case_006,3,2,43776,1.8923,76680,0.08088220736624673,4,results\final_plans\p3\n2\case_006_multicore_res.json
case_006,3,3,33153,2.4986,603132,0.4194614172874798,9,results\final_plans\p3\n3\case_006_multicore_res.json
case_006,3,4,29636,2.7951,641922,0.43326994233171323,13,results\final_plans\p3\n4\case_006_multicore_res.json
case_006,3,5,24403,3.3945,868170,0.42849214420294995,24,results\final_plans\p3\n5\case_006_multicore_res.json
case_007,1,2,507494,1.9952,27648,,2,results\final_plans\p1\n2\case_007_multicore_res.json
case_007,1,3,338094,2.9949,55296,,3,results\final_plans\p1\n3\case_007_multicore_res.json
case_007,1,4,254398,3.9802,82944,,4,results\final_plans\p1\n4\case_007_multicore_res.json
case_007,1,5,203834,4.9676,110592,,5,results\final_plans\p1\n5\case_007_multicore_res.json
case_007,2,2,507494,1.9952,27648,,2,results\final_plans\p2\n2\case_007_multicore_res.json
case_007,2,3,338094,2.9949,55296,,3,results\final_plans\p2\n3\case_007_multicore_res.json
case_007,2,4,254398,3.9802,82944,,4,results\final_plans\p2\n4\case_007_multicore_res.json
case_007,2,5,203834,4.9676,110592,,5,results\final_plans\p2\n5\case_007_multicore_res.json
case_007,3,2,507494,1.9952,27648,0.0,2,results\final_plans\p3\n2\case_007_multicore_res.json
case_007,3,3,338094,2.9949,55296,0.0,3,results\final_plans\p3\n3\case_007_multicore_res.json
case_007,3,4,254398,3.9802,82944,0.0,4,results\final_plans\p3\n4\case_007_multicore_res.json
case_007,3,5,203834,4.9676,110592,0.0,5,results\final_plans\p3\n5\case_007_multicore_res.json
case_008,1,2,244266,1.9962,0,,2,results\final_plans\p1\n2\case_008_multicore_res.json
case_008,1,3,163359,2.9849,0,,3,results\final_plans\p1\n3\case_008_multicore_res.json
case_008,1,4,123060,3.9623,0,,4,results\final_plans\p1\n4\case_008_multicore_res.json
case_008,1,5,100603,4.8468,0,,5,results\final_plans\p1\n5\case_008_multicore_res.json
case_008,2,2,182275,2.6751,5345280,,6,results\final_plans\p2\n2\case_008_multicore_res.json
case_008,2,3,163359,2.9849,0,,3,results\final_plans\p2\n3\case_008_multicore_res.json
case_008,2,4,123060,3.9623,0,,4,results\final_plans\p2\n4\case_008_multicore_res.json
case_008,2,5,100603,4.8468,0,,5,results\final_plans\p2\n5\case_008_multicore_res.json
case_008,3,2,182275,2.6751,5345280,0.0,6,results\final_plans\p3\n2\case_008_multicore_res.json
case_008,3,3,163359,2.9849,0,0.0,3,results\final_plans\p3\n3\case_008_multicore_res.json
case_008,3,4,123060,3.9623,0,0.0,4,results\final_plans\p3\n4\case_008_multicore_res.json
case_008,3,5,100603,4.8468,0,0.0,5,results\final_plans\p3\n5\case_008_multicore_res.json
case_009,1,2,140221,1.093,370072,,21,results\final_plans\p1\n2\case_009_multicore_res.json
case_009,1,3,90469,1.6941,668908,,54,results\final_plans\p1\n3\case_009_multicore_res.json
case_009,1,4,89196,1.7182,778468,,98,results\final_plans\p1\n4\case_009_multicore_res.json
case_009,1,5,68245,2.2457,825050,,125,results\final_plans\p1\n5\case_009_multicore_res.json
case_009,2,2,109425,1.4006,310414,,300,results\final_plans\p2\n2\case_009_multicore_res.json
case_009,2,3,77461,1.9786,574108,,54,results\final_plans\p2\n3\case_009_multicore_res.json
case_009,2,4,69645,2.2006,747930,,98,results\final_plans\p2\n4\case_009_multicore_res.json
case_009,2,5,50839,3.0146,929592,,125,results\final_plans\p2\n5\case_009_multicore_res.json
case_009,3,2,109217,1.4033,310414,0.2081136182053613,300,results\final_plans\p3\n2\case_009_multicore_res.json
case_009,3,3,77417,1.9797,574108,0.3093910108778464,54,results\final_plans\p3\n3\case_009_multicore_res.json
case_009,3,4,69198,2.2148,747930,0.3528917539946839,98,results\final_plans\p3\n4\case_009_multicore_res.json
case_009,3,5,49212,3.1143,929592,0.369551379337259,125,results\final_plans\p3\n5\case_009_multicore_res.json
case_010,1,2,44202,1.9675,27648,,2,results\final_plans\p1\n2\case_010_multicore_res.json
case_010,1,3,38265,2.2728,441632,,6,results\final_plans\p1\n3\case_010_multicore_res.json
case_010,1,4,35660,2.4388,676806,,17,results\final_plans\p1\n4\case_010_multicore_res.json
case_010,1,5,33508,2.5955,775994,,19,results\final_plans\p1\n5\case_010_multicore_res.json
case_010,2,2,44202,1.9675,27648,,2,results\final_plans\p2\n2\case_010_multicore_res.json
case_010,2,3,34351,2.5318,486404,,8,results\final_plans\p2\n3\case_010_multicore_res.json
case_010,2,4,30635,2.8389,469676,,17,results\final_plans\p2\n4\case_010_multicore_res.json
case_010,2,5,24202,3.5935,415588,,20,results\final_plans\p2\n5\case_010_multicore_res.json
case_010,3,2,44202,1.9675,27648,0.06715145509392169,2,results\final_plans\p3\n2\case_010_multicore_res.json
case_010,3,3,34351,2.5318,486404,0.37183677664713743,8,results\final_plans\p3\n3\case_010_multicore_res.json
case_010,3,4,30701,2.8328,794588,0.3900550905948043,15,results\final_plans\p3\n4\case_010_multicore_res.json
case_010,3,5,28133,3.0914,679004,0.3610460679791571,16,results\final_plans\p3\n5\case_010_multicore_res.json
case_011,1,2,92646,1.9936,180224,,2,results\final_plans\p1\n2\case_011_multicore_res.json
case_011,1,3,69625,2.6527,1081344,,3,results\final_plans\p1\n3\case_011_multicore_res.json
case_011,1,4,46880,3.9398,540672,,4,results\final_plans\p1\n4\case_011_multicore_res.json
case_011,1,5,46777,3.9485,1216512,,5,results\final_plans\p1\n5\case_011_multicore_res.json
case_011,2,2,92646,1.9936,180224,,2,results\final_plans\p2\n2\case_011_multicore_res.json
case_011,2,3,66222,2.7891,2766848,,6,results\final_plans\p2\n3\case_011_multicore_res.json
case_011,2,4,46880,3.9398,540672,,4,results\final_plans\p2\n4\case_011_multicore_res.json
case_011,2,5,40551,4.5547,1650688,,9,results\final_plans\p2\n5\case_011_multicore_res.json
case_011,3,2,92646,1.9936,180224,0.0,2,results\final_plans\p3\n2\case_011_multicore_res.json
case_011,3,3,66222,2.7891,2766848,0.3811509591326105,6,results\final_plans\p3\n3\case_011_multicore_res.json
case_011,3,4,46880,3.9398,540672,0.0,4,results\final_plans\p3\n4\case_011_multicore_res.json
case_011,3,5,46265,3.9922,3186688,0.476123595505618,10,results\final_plans\p3\n5\case_011_multicore_res.json
case_012,1,2,29841,1.9801,0,,2,results\final_plans\p1\n2\case_012_multicore_res.json
case_012,1,3,21665,2.7273,0,,3,results\final_plans\p1\n3\case_012_multicore_res.json
case_012,1,4,19044,3.1027,118134,,8,results\final_plans\p1\n4\case_012_multicore_res.json
case_012,1,5,18241,3.2393,101380,,10,results\final_plans\p1\n5\case_012_multicore_res.json
case_012,2,2,29409,2.0092,0,,25,results\final_plans\p2\n2\case_012_multicore_res.json
case_012,2,3,21665,2.7273,0,,3,results\final_plans\p2\n3\case_012_multicore_res.json
case_012,2,4,17759,3.3272,101750,,8,results\final_plans\p2\n4\case_012_multicore_res.json
case_012,2,5,18089,3.2665,73016,,8,results\final_plans\p2\n5\case_012_multicore_res.json
case_012,3,2,29409,2.0092,0,0.0,25,results\final_plans\p3\n2\case_012_multicore_res.json
case_012,3,3,21573,2.739,133352,0.1842200697608482,6,results\final_plans\p3\n3\case_012_multicore_res.json
case_012,3,4,18738,3.1534,165780,0.2138960005965549,10,results\final_plans\p3\n4\case_012_multicore_res.json
case_012,3,5,15471,3.8193,174658,0.21307975756225694,13,results\final_plans\p3\n5\case_012_multicore_res.json
case_013,1,2,132198,1.9966,8192,,2,results\final_plans\p1\n2\case_013_multicore_res.json
case_013,1,3,88351,2.9875,16384,,3,results\final_plans\p1\n3\case_013_multicore_res.json
case_013,1,4,66982,3.9406,24576,,4,results\final_plans\p1\n4\case_013_multicore_res.json
case_013,1,5,54363,4.8553,32768,,5,results\final_plans\p1\n5\case_013_multicore_res.json
case_013,2,2,132198,1.9966,8192,,2,results\final_plans\p2\n2\case_013_multicore_res.json
case_013,2,3,88351,2.9875,16384,,3,results\final_plans\p2\n3\case_013_multicore_res.json
case_013,2,4,66982,3.9406,24576,,4,results\final_plans\p2\n4\case_013_multicore_res.json
case_013,2,5,54363,4.8553,32768,,5,results\final_plans\p2\n5\case_013_multicore_res.json
case_013,3,2,132198,1.9966,8192,0.0,2,results\final_plans\p3\n2\case_013_multicore_res.json
case_013,3,3,88351,2.9875,16384,0.0,3,results\final_plans\p3\n3\case_013_multicore_res.json
case_013,3,4,66982,3.9406,24576,0.0,4,results\final_plans\p3\n4\case_013_multicore_res.json
case_013,3,5,54363,4.8553,32768,0.0,5,results\final_plans\p3\n5\case_013_multicore_res.json
case_014,1,2,8904271,1.9877,76033440,,2,results\final_plans\p1\n2\case_014_multicore_res.json
case_014,1,3,5983408,2.958,83403168,,3,results\final_plans\p1\n3\case_014_multicore_res.json
case_014,1,4,4569939,3.8728,69468576,,4,results\final_plans\p1\n4\case_014_multicore_res.json
case_014,1,5,3722693,4.7543,70838688,,5,results\final_plans\p1\n5\case_014_multicore_res.json
case_014,2,2,8904271,1.9877,76033440,,2,results\final_plans\p2\n2\case_014_multicore_res.json
case_014,2,3,5983408,2.958,83403168,,3,results\final_plans\p2\n3\case_014_multicore_res.json
case_014,2,4,4569939,3.8728,69468576,,4,results\final_plans\p2\n4\case_014_multicore_res.json
case_014,2,5,3722693,4.7543,70838688,,5,results\final_plans\p2\n5\case_014_multicore_res.json
case_014,3,2,8896369,1.9894,76033440,0.18956938266777457,2,results\final_plans\p3\n2\case_014_multicore_res.json
case_014,3,3,5978620,2.9603,83403168,0.2016115153661949,3,results\final_plans\p3\n3\case_014_multicore_res.json
case_014,3,4,4552605,3.8876,89218464,0.25556910778770664,4,results\final_plans\p3\n4\case_014_multicore_res.json
case_014,3,5,3709834,4.7707,92875680,0.2720618577165096,5,results\final_plans\p3\n5\case_014_multicore_res.json
case_015,1,2,88439,2.0055,216336,,2,results\final_plans\p1\n2\case_015_multicore_res.json
case_015,1,3,61168,2.8996,290056,,3,results\final_plans\p1\n3\case_015_multicore_res.json
case_015,1,4,53029,3.3446,248832,,4,results\final_plans\p1\n4\case_015_multicore_res.json
case_015,1,5,59931,2.9594,1445952,,15,results\final_plans\p1\n5\case_015_multicore_res.json
case_015,2,2,86629,2.0474,109824,,46,results\final_plans\p2\n2\case_015_multicore_res.json
case_015,2,3,61168,2.8996,290056,,3,results\final_plans\p2\n3\case_015_multicore_res.json
case_015,2,4,49047,3.6162,661084,,8,results\final_plans\p2\n4\case_015_multicore_res.json
case_015,2,5,47799,3.7106,1086874,,15,results\final_plans\p2\n5\case_015_multicore_res.json
case_015,3,2,86629,2.0474,109824,0.11045291892033238,46,results\final_plans\p3\n2\case_015_multicore_res.json
case_015,3,3,61168,2.8996,290056,0.24694729995044842,3,results\final_plans\p3\n3\case_015_multicore_res.json
case_015,3,4,48141,3.6842,661084,0.36408199182152284,8,results\final_plans\p3\n4\case_015_multicore_res.json
case_015,3,5,43912,4.039,1201296,0.5012844571574325,11,results\final_plans\p3\n5\case_015_multicore_res.json
case_016,1,2,7717072,0.9998,393220,,2,results\final_plans\p1\n2\case_016_multicore_res.json
case_016,1,3,7718621,0.9996,786440,,3,results\final_plans\p1\n3\case_016_multicore_res.json
case_016,1,4,7720170,0.9994,1179660,,4,results\final_plans\p1\n4\case_016_multicore_res.json
case_016,1,5,7721719,0.9992,1572880,,5,results\final_plans\p1\n5\case_016_multicore_res.json
case_016,2,2,7716572,0.9999,393220,,2,results\final_plans\p2\n2\case_016_multicore_res.json
case_016,2,3,7717621,0.9997,786440,,3,results\final_plans\p2\n3\case_016_multicore_res.json
case_016,2,4,7718670,0.9996,1179660,,4,results\final_plans\p2\n4\case_016_multicore_res.json
case_016,2,5,7719719,0.9995,1572880,,5,results\final_plans\p2\n5\case_016_multicore_res.json
case_016,3,2,7716572,0.9999,393220,0.4583321677343553,2,results\final_plans\p3\n2\case_016_multicore_res.json
case_016,3,3,7717621,0.9997,786440,0.6111090389369068,3,results\final_plans\p3\n3\case_016_multicore_res.json
case_016,3,4,7718670,0.9996,1179660,0.6874973774056343,4,results\final_plans\p3\n4\case_016_multicore_res.json
case_016,3,5,7719719,0.9995,1572880,0.7333303494045027,5,results\final_plans\p3\n5\case_016_multicore_res.json
case_017,1,2,82310,1.978,81792,,2,results\final_plans\p1\n2\case_017_multicore_res.json
case_017,1,3,57528,2.8301,163584,,3,results\final_plans\p1\n3\case_017_multicore_res.json
case_017,1,4,46304,3.5161,245376,,4,results\final_plans\p1\n4\case_017_multicore_res.json
case_017,1,5,36065,4.5143,322560,,5,results\final_plans\p1\n5\case_017_multicore_res.json
case_017,2,2,82066,1.9839,81792,,4,results\final_plans\p2\n2\case_017_multicore_res.json
case_017,2,3,56480,2.8826,163584,,4,results\final_plans\p2\n3\case_017_multicore_res.json
case_017,2,4,42923,3.7931,245376,,5,results\final_plans\p2\n4\case_017_multicore_res.json
case_017,2,5,36065,4.5143,322560,,5,results\final_plans\p2\n5\case_017_multicore_res.json
case_017,3,2,82066,1.9839,81792,0.13258335899888152,4,results\final_plans\p3\n2\case_017_multicore_res.json
case_017,3,3,56480,2.8826,163584,0.23412556426058606,4,results\final_plans\p3\n3\case_017_multicore_res.json
case_017,3,4,42923,3.7931,245376,0.31438550456505754,5,results\final_plans\p3\n4\case_017_multicore_res.json
case_017,3,5,36065,4.5143,322560,0.3447447643521228,5,results\final_plans\p3\n5\case_017_multicore_res.json
case_018,1,2,505446,1.9871,3347456,,2,results\final_plans\p1\n2\case_018_multicore_res.json
case_018,1,3,338456,2.9675,3903872,,3,results\final_plans\p1\n3\case_018_multicore_res.json
case_018,1,4,254778,3.9421,5118976,,4,results\final_plans\p1\n4\case_018_multicore_res.json
case_018,1,5,204554,4.91,3661824,,5,results\final_plans\p1\n5\case_018_multicore_res.json
case_018,2,2,505446,1.9871,3347456,,2,results\final_plans\p2\n2\case_018_multicore_res.json
case_018,2,3,338456,2.9675,3903872,,3,results\final_plans\p2\n3\case_018_multicore_res.json
case_018,2,4,254778,3.9421,5118976,,4,results\final_plans\p2\n4\case_018_multicore_res.json
case_018,2,5,204554,4.91,3661824,,5,results\final_plans\p2\n5\case_018_multicore_res.json
case_018,3,2,503076,1.9965,3347456,0.569827200199512,2,results\final_plans\p3\n2\case_018_multicore_res.json
case_018,3,3,337587,2.9751,3903872,0.5910180865239277,3,results\final_plans\p3\n3\case_018_multicore_res.json
case_018,3,4,252790,3.9731,5118976,0.5930485436198851,4,results\final_plans\p3\n4\case_018_multicore_res.json
case_018,3,5,204343,4.9151,3661824,0.4513502917543706,5,results\final_plans\p3\n5\case_018_multicore_res.json
case_019,1,2,41518,1.9544,0,,2,results\final_plans\p1\n2\case_019_multicore_res.json
case_019,1,3,30948,2.6219,251444,,6,results\final_plans\p1\n3\case_019_multicore_res.json
case_019,1,4,25631,3.1659,189456,,8,results\final_plans\p1\n4\case_019_multicore_res.json
case_019,1,5,27559,2.9444,478800,,13,results\final_plans\p1\n5\case_019_multicore_res.json
case_019,2,2,41518,1.9544,0,,2,results\final_plans\p2\n2\case_019_multicore_res.json
case_019,2,3,28114,2.8862,221216,,7,results\final_plans\p2\n3\case_019_multicore_res.json
case_019,2,4,25527,3.1788,173316,,8,results\final_plans\p2\n4\case_019_multicore_res.json
case_019,2,5,20181,4.0208,403780,,13,results\final_plans\p2\n5\case_019_multicore_res.json
case_019,3,2,41518,1.9544,0,0.0,2,results\final_plans\p3\n2\case_019_multicore_res.json
case_019,3,3,28114,2.8862,221216,0.14736223139756358,7,results\final_plans\p3\n3\case_019_multicore_res.json
case_019,3,4,25527,3.1788,173316,0.16028891856177224,8,results\final_plans\p3\n4\case_019_multicore_res.json
case_019,3,5,20279,4.0014,482372,0.12268975010680118,15,results\final_plans\p3\n5\case_019_multicore_res.json
case_020,1,2,266580,1.9984,0,,2,results\final_plans\p1\n2\case_020_multicore_res.json
case_020,1,3,177950,2.9938,0,,3,results\final_plans\p1\n3\case_020_multicore_res.json
case_020,1,4,133704,3.9845,0,,4,results\final_plans\p1\n4\case_020_multicore_res.json
case_020,1,5,107574,4.9524,0,,5,results\final_plans\p1\n5\case_020_multicore_res.json
case_020,2,2,266580,1.9984,0,,2,results\final_plans\p2\n2\case_020_multicore_res.json
case_020,2,3,177950,2.9938,0,,3,results\final_plans\p2\n3\case_020_multicore_res.json
case_020,2,4,133704,3.9845,0,,4,results\final_plans\p2\n4\case_020_multicore_res.json
case_020,2,5,107574,4.9524,0,,5,results\final_plans\p2\n5\case_020_multicore_res.json
case_020,3,2,266580,1.9984,0,0.0,2,results\final_plans\p3\n2\case_020_multicore_res.json
case_020,3,3,177950,2.9938,0,0.0,3,results\final_plans\p3\n3\case_020_multicore_res.json
case_020,3,4,133704,3.9845,0,0.0,4,results\final_plans\p3\n4\case_020_multicore_res.json
case_020,3,5,107574,4.9524,0,0.0,5,results\final_plans\p3\n5\case_020_multicore_res.json
case_021,1,2,3104250,2.1158,7372800,,10,results\final_plans\p1\n2\case_021_multicore_res.json
case_021,1,3,2144024,3.0634,7766016,,3,results\final_plans\p1\n3\case_021_multicore_res.json
case_021,1,4,1550324,4.2365,4608000,,4,results\final_plans\p1\n4\case_021_multicore_res.json
case_021,1,5,1250168,5.2536,11431936,,5,results\final_plans\p1\n5\case_021_multicore_res.json
case_021,2,2,3194570,2.056,3174400,,2,results\final_plans\p2\n2\case_021_multicore_res.json
case_021,2,3,2144024,3.0634,7766016,,3,results\final_plans\p2\n3\case_021_multicore_res.json
case_021,2,4,1550324,4.2365,4608000,,4,results\final_plans\p2\n4\case_021_multicore_res.json
case_021,2,5,1250168,5.2536,11431936,,5,results\final_plans\p2\n5\case_021_multicore_res.json
case_021,3,2,3193634,2.0566,3174400,0.21777777777777776,2,results\final_plans\p3\n2\case_021_multicore_res.json
case_021,3,3,2142851,3.065,7766016,0.5459328207203561,3,results\final_plans\p3\n3\case_021_multicore_res.json
case_021,3,4,1550324,4.2365,4608000,0.0,4,results\final_plans\p3\n4\case_021_multicore_res.json
case_021,3,5,1249380,5.257,11431936,0.5699643493761141,5,results\final_plans\p3\n5\case_021_multicore_res.json
case_022,1,2,28674,1.9802,0,,2,results\final_plans\p1\n2\case_022_multicore_res.json
case_022,1,3,19800,2.8677,0,,3,results\final_plans\p1\n3\case_022_multicore_res.json
case_022,1,4,14940,3.8005,0,,4,results\final_plans\p1\n4\case_022_multicore_res.json
case_022,1,5,19574,2.9008,186784,,14,results\final_plans\p1\n5\case_022_multicore_res.json
case_022,2,2,28498,1.9924,0,,28,results\final_plans\p2\n2\case_022_multicore_res.json
case_022,2,3,19800,2.8677,0,,3,results\final_plans\p2\n3\case_022_multicore_res.json
case_022,2,4,14940,3.8005,0,,4,results\final_plans\p2\n4\case_022_multicore_res.json
case_022,2,5,16187,3.5078,186816,,14,results\final_plans\p2\n5\case_022_multicore_res.json
case_022,3,2,28498,1.9924,0,0.0,28,results\final_plans\p3\n2\case_022_multicore_res.json
case_022,3,3,19800,2.8677,0,0.0,3,results\final_plans\p3\n3\case_022_multicore_res.json
case_022,3,4,14940,3.8005,0,0.0,4,results\final_plans\p3\n4\case_022_multicore_res.json
case_022,3,5,16149,3.516,186816,0.4663968420526658,14,results\final_plans\p3\n5\case_022_multicore_res.json
case_023,1,2,60749,2.0184,0,,2,results\final_plans\p1\n2\case_023_multicore_res.json
case_023,1,3,41575,2.9492,147456,,3,results\final_plans\p1\n3\case_023_multicore_res.json
case_023,1,4,30864,3.9727,147456,,4,results\final_plans\p1\n4\case_023_multicore_res.json
case_023,1,5,24927,4.9189,221184,,5,results\final_plans\p1\n5\case_023_multicore_res.json
case_023,2,2,59898,2.047,766396,,14,results\final_plans\p2\n2\case_023_multicore_res.json
case_023,2,3,41575,2.9492,147456,,3,results\final_plans\p2\n3\case_023_multicore_res.json
case_023,2,4,30864,3.9727,147456,,4,results\final_plans\p2\n4\case_023_multicore_res.json
case_023,2,5,24927,4.9189,221184,,5,results\final_plans\p2\n5\case_023_multicore_res.json
case_023,3,2,59838,2.0491,766396,0.23487107941697963,14,results\final_plans\p3\n2\case_023_multicore_res.json
case_023,3,3,41575,2.9492,147456,0.25354466640760137,3,results\final_plans\p3\n3\case_023_multicore_res.json
case_023,3,4,30864,3.9727,147456,0.25354466640760137,4,results\final_plans\p3\n4\case_023_multicore_res.json
case_023,3,5,24927,4.9189,221184,0.22501854095643867,5,results\final_plans\p3\n5\case_023_multicore_res.json
case_024,1,2,2555343,1.0,0,,1,results\final_plans\p1\n2\case_024_multicore_res.json
case_024,1,3,2473380,1.0331,61410808,,474,results\final_plans\p1\n3\case_024_multicore_res.json
case_024,1,4,2359817,1.0829,67376908,,763,results\final_plans\p1\n4\case_024_multicore_res.json
case_024,1,5,2053364,1.2445,67770326,,980,results\final_plans\p1\n5\case_024_multicore_res.json
case_024,2,2,2555343,1.0,0,,1,results\final_plans\p2\n2\case_024_multicore_res.json
case_024,2,3,2159403,1.1834,22415452,,474,results\final_plans\p2\n3\case_024_multicore_res.json
case_024,2,4,2006540,1.2735,29037088,,763,results\final_plans\p2\n4\case_024_multicore_res.json
case_024,2,5,1579198,1.6181,30282428,,992,results\final_plans\p2\n5\case_024_multicore_res.json
case_024,3,2,2555343,1.0,0,0.0,1,results\final_plans\p3\n2\case_024_multicore_res.json
case_024,3,3,2159126,1.1835,22415452,0.027869619683560647,474,results\final_plans\p3\n3\case_024_multicore_res.json
case_024,3,4,2003351,1.2755,29037088,0.06383990942188936,763,results\final_plans\p3\n4\case_024_multicore_res.json
case_024,3,5,1580984,1.6163,31265516,0.08384130147701643,981,results\final_plans\p3\n5\case_024_multicore_res.json
case_025,1,2,2431840,1.9997,27648,,2,results\final_plans\p1\n2\case_025_multicore_res.json
case_025,1,3,1622164,2.9979,55296,,3,results\final_plans\p1\n3\case_025_multicore_res.json
case_025,1,4,1217444,3.9945,82944,,4,results\final_plans\p1\n4\case_025_multicore_res.json
case_025,1,5,975282,4.9863,110592,,5,results\final_plans\p1\n5\case_025_multicore_res.json
case_025,2,2,2431840,1.9997,27648,,2,results\final_plans\p2\n2\case_025_multicore_res.json
case_025,2,3,1622164,2.9979,55296,,3,results\final_plans\p2\n3\case_025_multicore_res.json
case_025,2,4,1217444,3.9945,82944,,4,results\final_plans\p2\n4\case_025_multicore_res.json
case_025,2,5,975282,4.9863,110592,,5,results\final_plans\p2\n5\case_025_multicore_res.json
case_025,3,2,2431840,1.9997,27648,0.0,2,results\final_plans\p3\n2\case_025_multicore_res.json
case_025,3,3,1622164,2.9979,55296,0.0,3,results\final_plans\p3\n3\case_025_multicore_res.json
case_025,3,4,1217444,3.9945,82944,0.0,4,results\final_plans\p3\n4\case_025_multicore_res.json
case_025,3,5,975282,4.9863,110592,0.0,5,results\final_plans\p3\n5\case_025_multicore_res.json
case_026,1,2,58472,1.6966,185780,,3,results\final_plans\p1\n2\case_026_multicore_res.json
case_026,1,3,57920,1.7128,770240,,7,results\final_plans\p1\n3\case_026_multicore_res.json
case_026,1,4,46327,2.1414,445288,,6,results\final_plans\p1\n4\case_026_multicore_res.json
case_026,1,5,45904,2.1611,447736,,7,results\final_plans\p1\n5\case_026_multicore_res.json
case_026,2,2,58028,1.7096,185780,,3,results\final_plans\p2\n2\case_026_multicore_res.json
case_026,2,3,53908,1.8402,442560,,7,results\final_plans\p2\n3\case_026_multicore_res.json
case_026,2,4,48873,2.0298,566560,,8,results\final_plans\p2\n4\case_026_multicore_res.json
case_026,2,5,43858,2.2619,447736,,7,results\final_plans\p2\n5\case_026_multicore_res.json
case_026,3,2,58028,1.7096,185780,0.27536077217696514,3,results\final_plans\p3\n2\case_026_multicore_res.json
case_026,3,3,50429,1.9672,1149284,0.4162975034965455,14,results\final_plans\p3\n3\case_026_multicore_res.json
case_026,3,4,49413,2.0076,515916,0.46452414221394195,35,results\final_plans\p3\n4\case_026_multicore_res.json
case_026,3,5,42393,2.3401,750664,0.40104898430112274,12,results\final_plans\p3\n5\case_026_multicore_res.json
case_027,1,2,1120962,2.1089,1744896,,2,results\final_plans\p1\n2\case_027_multicore_res.json
case_027,1,3,837049,2.8242,3686400,,3,results\final_plans\p1\n3\case_027_multicore_res.json
case_027,1,4,559196,4.2274,3317760,,4,results\final_plans\p1\n4\case_027_multicore_res.json
case_027,1,5,558753,4.2308,5529600,,5,results\final_plans\p1\n5\case_027_multicore_res.json
case_027,2,2,1120962,2.1089,1744896,,2,results\final_plans\p2\n2\case_027_multicore_res.json
case_027,2,3,814158,2.9036,13793280,,6,results\final_plans\p2\n3\case_027_multicore_res.json
case_027,2,4,559196,4.2274,3317760,,4,results\final_plans\p2\n4\case_027_multicore_res.json
case_027,2,5,539206,4.3841,15722496,,10,results\final_plans\p2\n5\case_027_multicore_res.json
case_027,3,2,1120962,2.1089,1744896,0.08904109589041095,2,results\final_plans\p3\n2\case_027_multicore_res.json
case_027,3,3,814158,2.9036,13793280,0.3214633197120062,6,results\final_plans\p3\n3\case_027_multicore_res.json
case_027,3,4,559196,4.2274,3317760,0.0,4,results\final_plans\p3\n4\case_027_multicore_res.json
case_027,3,5,537909,4.3947,15722496,0.3121377711541646,10,results\final_plans\p3\n5\case_027_multicore_res.json
case_028,1,2,23638628,1.8544,277473600,,2,results\final_plans\p1\n2\case_028_multicore_res.json
case_028,1,3,16770711,2.6138,277369056,,3,results\final_plans\p1\n3\case_028_multicore_res.json
case_028,1,4,13608312,3.2213,277760640,,4,results\final_plans\p1\n4\case_028_multicore_res.json
case_028,1,5,11491035,3.8148,277818912,,5,results\final_plans\p1\n5\case_028_multicore_res.json
case_028,2,2,23638628,1.8544,277473600,,2,results\final_plans\p2\n2\case_028_multicore_res.json
case_028,2,3,16770711,2.6138,277369056,,3,results\final_plans\p2\n3\case_028_multicore_res.json
case_028,2,4,13608312,3.2213,277760640,,4,results\final_plans\p2\n4\case_028_multicore_res.json
case_028,2,5,11491035,3.8148,277818912,,5,results\final_plans\p2\n5\case_028_multicore_res.json
case_028,3,2,23615145,1.8563,277473600,0.0047431470336763695,2,results\final_plans\p3\n2\case_028_multicore_res.json
case_028,3,3,16770711,2.6138,277369056,0.0,3,results\final_plans\p3\n3\case_028_multicore_res.json
case_028,3,4,13585418,3.2267,277760640,0.0026682384304864775,4,results\final_plans\p3\n4\case_028_multicore_res.json
case_028,3,5,11450794,3.8282,277818912,0.010627459809132753,5,results\final_plans\p3\n5\case_028_multicore_res.json
case_029,1,2,19740,1.9025,0,,2,results\final_plans\p1\n2\case_029_multicore_res.json
case_029,1,3,12743,2.9471,0,,3,results\final_plans\p1\n3\case_029_multicore_res.json
case_029,1,4,11028,3.4054,0,,4,results\final_plans\p1\n4\case_029_multicore_res.json
case_029,1,5,9383,4.0025,0,,5,results\final_plans\p1\n5\case_029_multicore_res.json
case_029,2,2,19740,1.9025,0,,2,results\final_plans\p2\n2\case_029_multicore_res.json
case_029,2,3,12743,2.9471,0,,3,results\final_plans\p2\n3\case_029_multicore_res.json
case_029,2,4,11028,3.4054,0,,4,results\final_plans\p2\n4\case_029_multicore_res.json
case_029,2,5,9383,4.0025,0,,5,results\final_plans\p2\n5\case_029_multicore_res.json
case_029,3,2,19740,1.9025,0,0.0,2,results\final_plans\p3\n2\case_029_multicore_res.json
case_029,3,3,12743,2.9471,0,0.0,3,results\final_plans\p3\n3\case_029_multicore_res.json
case_029,3,4,11028,3.4054,0,0.0,4,results\final_plans\p3\n4\case_029_multicore_res.json
case_029,3,5,9383,4.0025,0,0.0,5,results\final_plans\p3\n5\case_029_multicore_res.json
case_030,1,2,1401186,2.004,7644160,,2,results\final_plans\p1\n2\case_030_multicore_res.json
case_030,1,3,931329,3.0151,9363456,,3,results\final_plans\p1\n3\case_030_multicore_res.json
case_030,1,4,701262,4.0043,10560000,,4,results\final_plans\p1\n4\case_030_multicore_res.json
case_030,1,5,561417,5.0017,11588608,,5,results\final_plans\p1\n5\case_030_multicore_res.json
case_030,2,2,1401186,2.004,7644160,,2,results\final_plans\p2\n2\case_030_multicore_res.json
case_030,2,3,931329,3.0151,9363456,,3,results\final_plans\p2\n3\case_030_multicore_res.json
case_030,2,4,699599,4.0138,8380416,,486,results\final_plans\p2\n4\case_030_multicore_res.json
case_030,2,5,561417,5.0017,11588608,,5,results\final_plans\p2\n5\case_030_multicore_res.json
case_030,3,2,1400918,2.0044,7644160,0.4446031422158743,2,results\final_plans\p3\n2\case_030_multicore_res.json
case_030,3,3,931340,3.015,9363456,0.5442905670237784,3,results\final_plans\p3\n3\case_030_multicore_res.json
case_030,3,4,699495,4.0144,8380416,0.7658967778728257,486,results\final_plans\p3\n4\case_030_multicore_res.json
case_030,3,5,560550,5.0094,11588608,0.5941848542551633,5,results\final_plans\p3\n5\case_030_multicore_res.json
case_031,1,2,711725,1.9872,4032000,,2,results\final_plans\p1\n2\case_031_multicore_res.json
case_031,1,3,506462,2.7926,4403712,,3,results\final_plans\p1\n3\case_031_multicore_res.json
case_031,1,4,367052,3.8533,4574208,,4,results\final_plans\p1\n4\case_031_multicore_res.json
case_031,1,5,293958,4.8115,4816896,,5,results\final_plans\p1\n5\case_031_multicore_res.json
case_031,2,2,711725,1.9872,4032000,,2,results\final_plans\p2\n2\case_031_multicore_res.json
case_031,2,3,506462,2.7926,4403712,,3,results\final_plans\p2\n3\case_031_multicore_res.json
case_031,2,4,367052,3.8533,4574208,,4,results\final_plans\p2\n4\case_031_multicore_res.json
case_031,2,5,293958,4.8115,4816896,,5,results\final_plans\p2\n5\case_031_multicore_res.json
case_031,3,2,710284,1.9913,4032000,0.3394764525915179,2,results\final_plans\p3\n2\case_031_multicore_res.json
case_031,3,3,506212,2.794,4403712,0.45693942140677163,3,results\final_plans\p3\n3\case_031_multicore_res.json
case_031,3,4,367052,3.8533,4574208,0.3722381383832113,4,results\final_plans\p3\n4\case_031_multicore_res.json
case_031,3,5,293738,4.8151,4816896,0.32116469733990927,5,results\final_plans\p3\n5\case_031_multicore_res.json
case_032,1,2,23591,1.7567,145580,,5,results\final_plans\p1\n2\case_032_multicore_res.json
case_032,1,3,20179,2.0538,209160,,7,results\final_plans\p1\n3\case_032_multicore_res.json
case_032,1,4,17735,2.3368,267502,,11,results\final_plans\p1\n4\case_032_multicore_res.json
case_032,1,5,11904,3.4814,127130,,10,results\final_plans\p1\n5\case_032_multicore_res.json
case_032,2,2,21219,1.9531,127132,,6,results\final_plans\p2\n2\case_032_multicore_res.json
case_032,2,3,15432,2.6855,209176,,7,results\final_plans\p2\n3\case_032_multicore_res.json
case_032,2,4,15432,2.6855,209176,,7,results\final_plans\p2\n4\case_032_multicore_res.json
case_032,2,5,10976,3.7758,116890,,10,results\final_plans\p2\n5\case_032_multicore_res.json
case_032,3,2,21219,1.9531,127132,0.29120027123646935,6,results\final_plans\p3\n2\case_032_multicore_res.json
case_032,3,3,15425,2.6867,209176,0.42819458325823734,7,results\final_plans\p3\n3\case_032_multicore_res.json
case_032,3,4,15425,2.6867,209176,0.42819458325823734,7,results\final_plans\p3\n4\case_032_multicore_res.json
case_032,3,5,10930,3.7917,116890,0.2950005807992808,10,results\final_plans\p3\n5\case_032_multicore_res.json
case_033,1,2,893844,1.9849,4953600,,2,results\final_plans\p1\n2\case_033_multicore_res.json
case_033,1,3,589568,3.0093,7086144,,3,results\final_plans\p1\n3\case_033_multicore_res.json
case_033,1,4,446802,3.9709,7344224,,4,results\final_plans\p1\n4\case_033_multicore_res.json
case_033,1,5,357201,4.9669,8111232,,5,results\final_plans\p1\n5\case_033_multicore_res.json
case_033,2,2,893844,1.9849,4953600,,2,results\final_plans\p2\n2\case_033_multicore_res.json
case_033,2,3,589568,3.0093,7086144,,3,results\final_plans\p2\n3\case_033_multicore_res.json
case_033,2,4,446802,3.9709,7344224,,4,results\final_plans\p2\n4\case_033_multicore_res.json
case_033,2,5,357201,4.9669,8111232,,5,results\final_plans\p2\n5\case_033_multicore_res.json
case_033,3,2,893649,1.9853,6224928,0.31153880586796895,2,results\final_plans\p3\n2\case_033_multicore_res.json
case_033,3,3,588351,3.0155,7086144,0.3500813960015718,3,results\final_plans\p3\n3\case_033_multicore_res.json
case_033,3,4,445198,3.9852,7344224,0.36927574750830566,4,results\final_plans\p3\n4\case_033_multicore_res.json
case_033,3,5,356085,4.9825,8111232,0.3682920692358373,5,results\final_plans\p3\n5\case_033_multicore_res.json
case_034,1,2,418733,2.0132,1864192,,2,results\final_plans\p1\n2\case_034_multicore_res.json
case_034,1,3,278567,3.0262,2647040,,3,results\final_plans\p1\n3\case_034_multicore_res.json
case_034,1,4,225165,3.7439,3101184,,4,results\final_plans\p1\n4\case_034_multicore_res.json
case_034,1,5,180411,4.6726,3532800,,5,results\final_plans\p1\n5\case_034_multicore_res.json
case_034,2,2,412272,2.0448,1238528,,155,results\final_plans\p2\n2\case_034_multicore_res.json
case_034,2,3,272649,3.0919,2328576,,155,results\final_plans\p2\n3\case_034_multicore_res.json
case_034,2,4,215722,3.9078,3019264,,155,results\final_plans\p2\n4\case_034_multicore_res.json
case_034,2,5,165143,5.1046,3508224,,155,results\final_plans\p2\n5\case_034_multicore_res.json
case_034,3,2,412214,2.045,1238528,0.3502571541606224,155,results\final_plans\p3\n2\case_034_multicore_res.json
case_034,3,3,272476,3.0938,2328576,0.503272171784679,155,results\final_plans\p3\n3\case_034_multicore_res.json
case_034,3,4,215630,3.9095,3019264,0.5484008297026295,155,results\final_plans\p3\n4\case_034_multicore_res.json
case_034,3,5,164813,5.1149,3508224,0.5755812507083367,155,results\final_plans\p3\n5\case_034_multicore_res.json
case_035,1,2,152418,1.1125,888436,,50,results\final_plans\p1\n2\case_035_multicore_res.json
case_035,1,3,106705,1.5892,205126,,7,results\final_plans\p1\n3\case_035_multicore_res.json
case_035,1,4,115295,1.4708,1071056,,85,results\final_plans\p1\n4\case_035_multicore_res.json
case_035,1,5,92181,1.8395,1174610,,90,results\final_plans\p1\n5\case_035_multicore_res.json
case_035,2,2,129663,1.3078,494734,,50,results\final_plans\p2\n2\case_035_multicore_res.json
case_035,2,3,87678,1.934,762436,,74,results\final_plans\p2\n3\case_035_multicore_res.json
case_035,2,4,88985,1.9056,1009786,,69,results\final_plans\p2\n4\case_035_multicore_res.json
case_035,2,5,78578,2.158,1160968,,88,results\final_plans\p2\n5\case_035_multicore_res.json
case_035,3,2,129085,1.3136,494734,0.289000669265826,50,results\final_plans\p3\n2\case_035_multicore_res.json
case_035,3,3,87642,1.9348,762436,0.4331241388562947,74,results\final_plans\p3\n3\case_035_multicore_res.json
case_035,3,4,88713,1.9115,1128234,0.5560685910296654,85,results\final_plans\p3\n4\case_035_multicore_res.json
case_035,3,5,78106,2.171,1160968,0.5596437884872615,88,results\final_plans\p3\n5\case_035_multicore_res.json
case_036,1,2,466068,1.9987,1152,,2,results\final_plans\p1\n2\case_036_multicore_res.json
case_036,1,3,311345,2.9919,2304,,3,results\final_plans\p1\n3\case_036_multicore_res.json
case_036,1,4,233584,3.9879,3456,,4,results\final_plans\p1\n4\case_036_multicore_res.json
case_036,1,5,187182,4.9765,4608,,5,results\final_plans\p1\n5\case_036_multicore_res.json
case_036,2,2,466068,1.9987,1152,,2,results\final_plans\p2\n2\case_036_multicore_res.json
case_036,2,3,311345,2.9919,2304,,3,results\final_plans\p2\n3\case_036_multicore_res.json
case_036,2,4,233584,3.9879,3456,,4,results\final_plans\p2\n4\case_036_multicore_res.json
case_036,2,5,187182,4.9765,4608,,5,results\final_plans\p2\n5\case_036_multicore_res.json
case_036,3,2,466068,1.9987,1152,0.0,2,results\final_plans\p3\n2\case_036_multicore_res.json
case_036,3,3,311345,2.9919,2304,0.0,3,results\final_plans\p3\n3\case_036_multicore_res.json
case_036,3,4,233584,3.9879,3456,0.0,4,results\final_plans\p3\n4\case_036_multicore_res.json
case_036,3,5,187182,4.9765,4608,0.0,5,results\final_plans\p3\n5\case_036_multicore_res.json
case_037,1,2,105374,1.9929,204800,,2,results\final_plans\p1\n2\case_037_multicore_res.json
case_037,1,3,74038,2.8364,1064960,,3,results\final_plans\p1\n3\case_037_multicore_res.json
case_037,1,4,53320,3.9385,614400,,4,results\final_plans\p1\n4\case_037_multicore_res.json
case_037,1,5,43013,4.8823,1310720,,5,results\final_plans\p1\n5\case_037_multicore_res.json
case_037,2,2,105374,1.9929,204800,,2,results\final_plans\p2\n2\case_037_multicore_res.json
case_037,2,3,74038,2.8364,1064960,,3,results\final_plans\p2\n3\case_037_multicore_res.json
case_037,2,4,53320,3.9385,614400,,4,results\final_plans\p2\n4\case_037_multicore_res.json
case_037,2,5,43013,4.8823,1310720,,5,results\final_plans\p2\n5\case_037_multicore_res.json
case_037,3,2,105374,1.9929,204800,0.0,2,results\final_plans\p3\n2\case_037_multicore_res.json
case_037,3,3,74038,2.8364,1064960,0.5897435897435898,3,results\final_plans\p3\n3\case_037_multicore_res.json
case_037,3,4,53320,3.9385,614400,0.0,4,results\final_plans\p3\n4\case_037_multicore_res.json
case_037,3,5,43013,4.8823,1925120,0.6425,5,results\final_plans\p3\n5\case_037_multicore_res.json
case_038,1,2,679097,2.0094,5607936,,2,results\final_plans\p1\n2\case_038_multicore_res.json
case_038,1,3,460870,2.9608,5721600,,4,results\final_plans\p1\n3\case_038_multicore_res.json
case_038,1,4,345585,3.9485,6024192,,4,results\final_plans\p1\n4\case_038_multicore_res.json
case_038,1,5,275584,4.9515,9409536,,5,results\final_plans\p1\n5\case_038_multicore_res.json
case_038,2,2,679097,2.0094,5607936,,2,results\final_plans\p2\n2\case_038_multicore_res.json
case_038,2,3,461374,2.9576,5988864,,3,results\final_plans\p2\n3\case_038_multicore_res.json
case_038,2,4,345585,3.9485,6024192,,4,results\final_plans\p2\n4\case_038_multicore_res.json
case_038,2,5,275584,4.9515,9409536,,5,results\final_plans\p2\n5\case_038_multicore_res.json
case_038,3,2,678831,2.0102,5607936,0.1910301790836521,2,results\final_plans\p3\n2\case_038_multicore_res.json
case_038,3,3,460965,2.9602,5988864,0.33296377130873456,3,results\final_plans\p3\n3\case_038_multicore_res.json
case_038,3,4,344211,3.9643,6024192,0.46748669701581796,4,results\final_plans\p3\n4\case_038_multicore_res.json
case_038,3,5,271662,5.023,9409536,0.39381575382975575,5,results\final_plans\p3\n5\case_038_multicore_res.json
case_039,1,2,692660,2.0721,9805824,,10,results\final_plans\p1\n2\case_039_multicore_res.json
case_039,1,3,485565,2.9559,14323712,,3,results\final_plans\p1\n3\case_039_multicore_res.json
case_039,1,4,395323,3.6306,17604608,,4,results\final_plans\p1\n4\case_039_multicore_res.json
case_039,1,5,327297,4.3852,8065024,,5,results\final_plans\p1\n5\case_039_multicore_res.json
case_039,2,2,708561,2.0256,11067392,,2,results\final_plans\p2\n2\case_039_multicore_res.json
case_039,2,3,485565,2.9559,14323712,,3,results\final_plans\p2\n3\case_039_multicore_res.json
case_039,2,4,395265,3.6311,17604608,,12,results\final_plans\p2\n4\case_039_multicore_res.json
case_039,2,5,327297,4.3852,8065024,,5,results\final_plans\p2\n5\case_039_multicore_res.json
case_039,3,2,705615,2.0341,11067392,0.3701716738197425,2,results\final_plans\p3\n2\case_039_multicore_res.json
case_039,3,3,483226,2.9702,14323712,0.38602697324784435,3,results\final_plans\p3\n3\case_039_multicore_res.json
case_039,3,4,368055,3.8996,17604608,0.47821187077385424,4,results\final_plans\p3\n4\case_039_multicore_res.json
case_039,3,5,327297,4.3852,8065024,0.0,5,results\final_plans\p3\n5\case_039_multicore_res.json
case_040,1,2,205478,1.2335,270868,,3,results\final_plans\p1\n2\case_040_multicore_res.json
case_040,1,3,164803,1.5379,712880,,11,results\final_plans\p1\n3\case_040_multicore_res.json
case_040,1,4,154465,1.6409,644330,,9,results\final_plans\p1\n4\case_040_multicore_res.json
case_040,1,5,170488,1.4866,2917354,,188,results\final_plans\p1\n5\case_040_multicore_res.json
case_040,2,2,188086,1.3475,610770,,170,results\final_plans\p2\n2\case_040_multicore_res.json
case_040,2,3,162382,1.5609,680082,,11,results\final_plans\p2\n3\case_040_multicore_res.json
case_040,2,4,134084,1.8903,643538,,9,results\final_plans\p2\n4\case_040_multicore_res.json
case_040,2,5,132628,1.911,2040804,,198,results\final_plans\p2\n5\case_040_multicore_res.json
case_040,3,2,188060,1.3477,610770,0.09702513433424677,170,results\final_plans\p3\n2\case_040_multicore_res.json
case_040,3,3,162374,1.5609,680082,0.3371267688129817,11,results\final_plans\p3\n3\case_040_multicore_res.json
case_040,3,4,130237,1.9461,2905522,0.3571511941757488,201,results\final_plans\p3\n4\case_040_multicore_res.json
case_040,3,5,131798,1.923,2324204,0.36071662697118534,188,results\final_plans\p3\n5\case_040_multicore_res.json
case_041,1,2,2986534,2.0103,33595392,,2,results\final_plans\p1\n2\case_041_multicore_res.json
case_041,1,3,1994174,3.0107,35017728,,3,results\final_plans\p1\n3\case_041_multicore_res.json
case_041,1,4,1496957,4.0108,38879232,,4,results\final_plans\p1\n4\case_041_multicore_res.json
case_041,1,5,1193573,5.0302,40452096,,5,results\final_plans\p1\n5\case_041_multicore_res.json
case_041,2,2,2986534,2.0103,33595392,,2,results\final_plans\p2\n2\case_041_multicore_res.json
case_041,2,3,1994174,3.0107,35017728,,3,results\final_plans\p2\n3\case_041_multicore_res.json
case_041,2,4,1496957,4.0108,38879232,,4,results\final_plans\p2\n4\case_041_multicore_res.json
case_041,2,5,1193573,5.0302,40452096,,5,results\final_plans\p2\n5\case_041_multicore_res.json
case_041,3,2,2981380,2.0138,33595392,0.1996493185622061,2,results\final_plans\p3\n2\case_041_multicore_res.json
case_041,3,3,1990580,3.0162,35017728,0.2665641813989239,3,results\final_plans\p3\n3\case_041_multicore_res.json
case_041,3,4,1493320,4.0205,38879232,0.3304829326417607,4,results\final_plans\p3\n4\case_041_multicore_res.json
case_041,3,5,1191841,5.0375,40452096,0.3262737668313147,5,results\final_plans\p3\n5\case_041_multicore_res.json
case_042,1,2,842623,2.0018,7265568,,2,results\final_plans\p1\n2\case_042_multicore_res.json
case_042,1,3,577743,2.9195,7409664,,3,results\final_plans\p1\n3\case_042_multicore_res.json
case_042,1,4,434592,3.8812,8503584,,4,results\final_plans\p1\n4\case_042_multicore_res.json
case_042,1,5,359995,4.6855,9965568,,5,results\final_plans\p1\n5\case_042_multicore_res.json
case_042,2,2,842623,2.0018,7265568,,2,results\final_plans\p2\n2\case_042_multicore_res.json
case_042,2,3,577743,2.9195,7409664,,3,results\final_plans\p2\n3\case_042_multicore_res.json
case_042,2,4,434592,3.8812,8503584,,4,results\final_plans\p2\n4\case_042_multicore_res.json
case_042,2,5,359995,4.6855,9965568,,5,results\final_plans\p2\n5\case_042_multicore_res.json
case_042,3,2,840543,2.0067,7265568,0.356046256604526,2,results\final_plans\p3\n2\case_042_multicore_res.json
case_042,3,3,576523,2.9257,8405280,0.4310406304041647,3,results\final_plans\p3\n3\case_042_multicore_res.json
case_042,3,4,434480,3.8822,8503584,0.4511686659717683,4,results\final_plans\p3\n4\case_042_multicore_res.json
case_042,3,5,352421,4.7862,7999488,0.4446297068222871,5,results\final_plans\p3\n5\case_042_multicore_res.json
case_043,1,2,415881,1.6294,2796628,,26,results\final_plans\p1\n2\case_043_multicore_res.json
case_043,1,3,303961,2.2294,3969214,,30,results\final_plans\p1\n3\case_043_multicore_res.json
case_043,1,4,246558,2.7485,4016686,,51,results\final_plans\p1\n4\case_043_multicore_res.json
case_043,1,5,234354,2.8916,4895842,,63,results\final_plans\p1\n5\case_043_multicore_res.json
case_043,2,2,401006,1.6899,1884268,,355,results\final_plans\p2\n2\case_043_multicore_res.json
case_043,2,3,291682,2.3233,3085000,,30,results\final_plans\p2\n3\case_043_multicore_res.json
case_043,2,4,231453,2.9278,4132756,,51,results\final_plans\p2\n4\case_043_multicore_res.json
case_043,2,5,225828,3.0008,4782584,,63,results\final_plans\p2\n5\case_043_multicore_res.json
case_043,3,2,400746,1.691,1884268,0.31917281451428475,355,results\final_plans\p3\n2\case_043_multicore_res.json
case_043,3,3,290216,2.335,3085000,0.46757188412787737,30,results\final_plans\p3\n3\case_043_multicore_res.json
case_043,3,4,226391,2.9933,4132756,0.5107341691211011,51,results\final_plans\p3\n4\case_043_multicore_res.json
case_043,3,5,203874,3.3239,5217408,0.589999797358607,64,results\final_plans\p3\n5\case_043_multicore_res.json
case_044,1,2,96401,1.6017,1283040,,35,results\final_plans\p1\n2\case_044_multicore_res.json
case_044,1,3,104311,1.4803,4052160,,30,results\final_plans\p1\n3\case_044_multicore_res.json
case_044,1,4,123553,1.2497,5161216,,3,results\final_plans\p1\n4\case_044_multicore_res.json
case_044,1,5,131105,1.1777,4672992,,2,results\final_plans\p1\n5\case_044_multicore_res.json
case_044,2,2,59240,2.6065,1123424,,35,results\final_plans\p2\n2\case_044_multicore_res.json
case_044,2,3,52395,2.947,752832,,30,results\final_plans\p2\n3\case_044_multicore_res.json
case_044,2,4,72753,2.1223,1153056,,128,results\final_plans\p2\n4\case_044_multicore_res.json
case_044,2,5,91520,1.6871,3811616,,38,results\final_plans\p2\n5\case_044_multicore_res.json
case_044,3,2,52745,2.9274,1123424,0.4305228606478565,35,results\final_plans\p3\n2\case_044_multicore_res.json
case_044,3,3,51670,2.9883,1353664,0.37663377706592527,46,results\final_plans\p3\n3\case_044_multicore_res.json
case_044,3,4,49970,3.09,3369504,0.7546612096407458,43,results\final_plans\p3\n4\case_044_multicore_res.json
case_044,3,5,54001,2.8593,4820608,0.817303639766003,52,results\final_plans\p3\n5\case_044_multicore_res.json
case_045,1,2,63059,1.992,0,,2,results\final_plans\p1\n2\case_045_multicore_res.json
case_045,1,3,42601,2.9486,0,,3,results\final_plans\p1\n3\case_045_multicore_res.json
case_045,1,4,31878,3.9405,0,,4,results\final_plans\p1\n4\case_045_multicore_res.json
case_045,1,5,26088,4.815,0,,5,results\final_plans\p1\n5\case_045_multicore_res.json
case_045,2,2,63059,1.992,0,,2,results\final_plans\p2\n2\case_045_multicore_res.json
case_045,2,3,42601,2.9486,0,,3,results\final_plans\p2\n3\case_045_multicore_res.json
case_045,2,4,31878,3.9405,0,,4,results\final_plans\p2\n4\case_045_multicore_res.json
case_045,2,5,26088,4.815,0,,5,results\final_plans\p2\n5\case_045_multicore_res.json
case_045,3,2,63059,1.992,0,0.0,2,results\final_plans\p3\n2\case_045_multicore_res.json
case_045,3,3,42601,2.9486,0,0.0,3,results\final_plans\p3\n3\case_045_multicore_res.json
case_045,3,4,31878,3.9405,0,0.0,4,results\final_plans\p3\n4\case_045_multicore_res.json
case_045,3,5,26088,4.815,0,0.0,5,results\final_plans\p3\n5\case_045_multicore_res.json
case_046,1,2,151992,1.8189,1819232,,25,results\final_plans\p1\n2\case_046_multicore_res.json
case_046,1,3,142176,1.9445,4021280,,3,results\final_plans\p1\n3\case_046_multicore_res.json
case_046,1,4,124612,2.2185,4513952,,4,results\final_plans\p1\n4\case_046_multicore_res.json
case_046,1,5,142691,1.9374,4192544,,40,results\final_plans\p1\n5\case_046_multicore_res.json
case_046,2,2,122169,2.2629,1603488,,53,results\final_plans\p2\n2\case_046_multicore_res.json
case_046,2,3,105663,2.6164,2064576,,46,results\final_plans\p2\n3\case_046_multicore_res.json
case_046,2,4,96082,2.8773,2482208,,33,results\final_plans\p2\n4\case_046_multicore_res.json
case_046,2,5,104662,2.6414,2483296,,50,results\final_plans\p2\n5\case_046_multicore_res.json
case_046,3,2,117249,2.3578,1652576,0.18896543902923083,25,results\final_plans\p3\n2\case_046_multicore_res.json
case_046,3,3,102704,2.6918,2064576,0.3825620286648099,46,results\final_plans\p3\n3\case_046_multicore_res.json
case_046,3,4,97118,2.8466,4044576,0.4475248673259287,74,results\final_plans\p3\n4\case_046_multicore_res.json
case_046,3,5,86682,3.1893,4430720,0.6315599509131596,79,results\final_plans\p3\n5\case_046_multicore_res.json
case_047,1,2,327633,0.9966,68680,,3,results\final_plans\p1\n2\case_047_multicore_res.json
case_047,1,3,162674,2.0071,1531918,,92,results\final_plans\p1\n3\case_047_multicore_res.json
case_047,1,4,154972,2.1069,1910350,,92,results\final_plans\p1\n4\case_047_multicore_res.json
case_047,1,5,137150,2.3807,2292614,,154,results\final_plans\p1\n5\case_047_multicore_res.json
case_047,2,2,327004,0.9985,67014,,3,results\final_plans\p2\n2\case_047_multicore_res.json
case_047,2,3,137392,2.3765,1239692,,92,results\final_plans\p2\n3\case_047_multicore_res.json
case_047,2,4,144141,2.2652,1947090,,92,results\final_plans\p2\n4\case_047_multicore_res.json
case_047,2,5,115259,2.8328,2584600,,154,results\final_plans\p2\n5\case_047_multicore_res.json
case_047,3,2,327004,0.9985,67014,0.02282963380735608,3,results\final_plans\p3\n2\case_047_multicore_res.json
case_047,3,3,137398,2.3764,1239692,0.23695847679954474,92,results\final_plans\p3\n3\case_047_multicore_res.json
case_047,3,4,142488,2.2915,1947090,0.44037942315109785,92,results\final_plans\p3\n4\case_047_multicore_res.json
case_047,3,5,111030,2.9407,2584600,0.4835176482717885,154,results\final_plans\p3\n5\case_047_multicore_res.json
case_048,1,2,214615,1.0354,615242,,90,results\final_plans\p1\n2\case_048_multicore_res.json
case_048,1,3,208666,1.065,580204,,64,results\final_plans\p1\n3\case_048_multicore_res.json
case_048,1,4,203854,1.0901,552668,,53,results\final_plans\p1\n4\case_048_multicore_res.json
case_048,1,5,203854,1.0901,552668,,53,results\final_plans\p1\n5\case_048_multicore_res.json
case_048,2,2,189405,1.1733,344646,,90,results\final_plans\p2\n2\case_048_multicore_res.json
case_048,2,3,180291,1.2326,576140,,90,results\final_plans\p2\n3\case_048_multicore_res.json
case_048,2,4,171722,1.2941,1648242,,234,results\final_plans\p2\n4\case_048_multicore_res.json
case_048,2,5,173674,1.2795,1275576,,233,results\final_plans\p2\n5\case_048_multicore_res.json
case_048,3,2,189405,1.1733,344646,0.007998714187031072,90,results\final_plans\p3\n2\case_048_multicore_res.json
case_048,3,3,180246,1.2329,576140,0.09885445301772985,90,results\final_plans\p3\n3\case_048_multicore_res.json
case_048,3,4,162710,1.3657,1656050,0.25942344592330885,237,results\final_plans\p3\n4\case_048_multicore_res.json
case_048,3,5,166052,1.3383,1584312,0.2542640671611482,284,results\final_plans\p3\n5\case_048_multicore_res.json
case_049,1,2,184809,1.062,547532,,14,results\final_plans\p1\n2\case_049_multicore_res.json
case_049,1,3,135785,1.4455,404608,,19,results\final_plans\p1\n3\case_049_multicore_res.json
case_049,1,4,78810,2.4905,701264,,52,results\final_plans\p1\n4\case_049_multicore_res.json
case_049,1,5,78895,2.4878,912566,,64,results\final_plans\p1\n5\case_049_multicore_res.json
case_049,2,2,175296,1.1197,253926,,11,results\final_plans\p2\n2\case_049_multicore_res.json
case_049,2,3,121036,1.6216,3142492,,167,results\final_plans\p2\n3\case_049_multicore_res.json
case_049,2,4,69873,2.809,751934,,52,results\final_plans\p2\n4\case_049_multicore_res.json
case_049,2,5,67174,2.9219,872740,,64,results\final_plans\p2\n5\case_049_multicore_res.json
case_049,3,2,175258,1.1199,253926,0.044865835843741916,11,results\final_plans\p3\n2\case_049_multicore_res.json
case_049,3,3,123282,1.5921,3451804,0.1769820053043671,170,results\final_plans\p3\n3\case_049_multicore_res.json
case_049,3,4,69546,2.8222,751934,0.42464064557706854,52,results\final_plans\p3\n4\case_049_multicore_res.json
case_049,3,5,66675,2.9438,872740,0.5236022148449577,64,results\final_plans\p3\n5\case_049_multicore_res.json
case_050,1,2,134987,1.1089,435378,,12,results\final_plans\p1\n2\case_050_multicore_res.json
case_050,1,3,71842,2.0836,583052,,39,results\final_plans\p1\n3\case_050_multicore_res.json
case_050,1,4,61002,2.4539,654496,,40,results\final_plans\p1\n4\case_050_multicore_res.json
case_050,1,5,60066,2.4921,745434,,65,results\final_plans\p1\n5\case_050_multicore_res.json
case_050,2,2,111361,1.3442,1921706,,83,results\final_plans\p2\n2\case_050_multicore_res.json
case_050,2,3,63478,2.3581,481660,,39,results\final_plans\p2\n3\case_050_multicore_res.json
case_050,2,4,53549,2.7954,571290,,40,results\final_plans\p2\n4\case_050_multicore_res.json
case_050,2,5,49265,3.0385,774560,,65,results\final_plans\p2\n5\case_050_multicore_res.json
case_050,3,2,111066,1.3478,1921706,0.14444225411725142,83,results\final_plans\p3\n2\case_050_multicore_res.json
case_050,3,3,63056,2.3739,481660,0.36519598759712907,39,results\final_plans\p3\n3\case_050_multicore_res.json
case_050,3,4,53116,2.8182,571290,0.36144781771189616,40,results\final_plans\p3\n4\case_050_multicore_res.json
case_050,3,5,47586,3.1457,774560,0.48243085369096916,65,results\final_plans\p3\n5\case_050_multicore_res.json
case_051,1,2,607628,1.0,0,,1,results\final_plans\p1\n2\case_051_multicore_res.json
case_051,1,3,549836,1.1051,19138090,,126,results\final_plans\p1\n3\case_051_multicore_res.json
case_051,1,4,533409,1.1391,16713772,,290,results\final_plans\p1\n4\case_051_multicore_res.json
case_051,1,5,493017,1.2325,16648208,,330,results\final_plans\p1\n5\case_051_multicore_res.json
case_051,2,2,607628,1.0,0,,1,results\final_plans\p2\n2\case_051_multicore_res.json
case_051,2,3,484407,1.2544,10748968,,130,results\final_plans\p2\n3\case_051_multicore_res.json
case_051,2,4,422762,1.4373,8914624,,292,results\final_plans\p2\n4\case_051_multicore_res.json
case_051,2,5,382336,1.5893,9176852,,330,results\final_plans\p2\n5\case_051_multicore_res.json
case_051,3,2,607628,1.0,0,0.0,1,results\final_plans\p3\n2\case_051_multicore_res.json
case_051,3,3,486166,1.2498,11404308,0.10605916296709329,128,results\final_plans\p3\n3\case_051_multicore_res.json
case_051,3,4,424667,1.4308,9963140,0.19778929385156782,294,results\final_plans\p3\n4\case_051_multicore_res.json
case_051,3,5,377581,1.6093,9176852,0.2613461616477181,330,results\final_plans\p3\n5\case_051_multicore_res.json
case_052,1,2,92022,1.9593,73728,,2,results\final_plans\p1\n2\case_052_multicore_res.json
case_052,1,3,62271,2.8954,147456,,3,results\final_plans\p1\n3\case_052_multicore_res.json
case_052,1,4,49871,3.6153,221184,,4,results\final_plans\p1\n4\case_052_multicore_res.json
case_052,1,5,37926,4.754,73728,,5,results\final_plans\p1\n5\case_052_multicore_res.json
case_052,2,2,89132,2.0229,73728,,47,results\final_plans\p2\n2\case_052_multicore_res.json
case_052,2,3,61204,2.9459,147456,,47,results\final_plans\p2\n3\case_052_multicore_res.json
case_052,2,4,48989,3.6804,221184,,47,results\final_plans\p2\n4\case_052_multicore_res.json
case_052,2,5,37926,4.754,73728,,5,results\final_plans\p2\n5\case_052_multicore_res.json
case_052,3,2,89132,2.0229,73728,0.046926130268892884,47,results\final_plans\p3\n2\case_052_multicore_res.json
case_052,3,3,61204,2.9459,147456,0.05775039164490862,47,results\final_plans\p3\n3\case_052_multicore_res.json
case_052,3,4,48989,3.6804,221184,0.05362150756185829,47,results\final_plans\p3\n4\case_052_multicore_res.json
case_052,3,5,37926,4.754,73728,0.046926130268892884,5,results\final_plans\p3\n5\case_052_multicore_res.json
case_053,1,2,765204,1.9246,5921504,,2,results\final_plans\p1\n2\case_053_multicore_res.json
case_053,1,3,679492,2.1673,9094058,,41,results\final_plans\p1\n3\case_053_multicore_res.json
case_053,1,4,690972,2.1313,6935576,,5,results\final_plans\p1\n4\case_053_multicore_res.json
case_053,1,5,495416,2.9726,6980120,,6,results\final_plans\p1\n5\case_053_multicore_res.json
case_053,2,2,765204,1.9246,5921504,,2,results\final_plans\p2\n2\case_053_multicore_res.json
case_053,2,3,648726,2.2701,8427980,,41,results\final_plans\p2\n3\case_053_multicore_res.json
case_053,2,4,562541,2.6179,11779230,,216,results\final_plans\p2\n4\case_053_multicore_res.json
case_053,2,5,494184,2.98,6978102,,6,results\final_plans\p2\n5\case_053_multicore_res.json
case_053,3,2,763677,1.9284,5921504,0.4941241364710509,2,results\final_plans\p3\n2\case_053_multicore_res.json
case_053,3,3,609928,2.4145,8427980,0.5198639067219383,41,results\final_plans\p3\n3\case_053_multicore_res.json
case_053,3,4,555669,2.6503,11779230,0.49246699667879057,216,results\final_plans\p3\n4\case_053_multicore_res.json
case_053,3,5,428421,3.4375,14498928,0.5155214203921946,258,results\final_plans\p3\n5\case_053_multicore_res.json
case_054,1,2,657841,1.239,472660,,5,results\final_plans\p1\n2\case_054_multicore_res.json
case_054,1,3,364389,2.2368,2171082,,62,results\final_plans\p1\n3\case_054_multicore_res.json
case_054,1,4,275253,2.9611,2564814,,88,results\final_plans\p1\n4\case_054_multicore_res.json
case_054,1,5,283445,2.8755,3069390,,99,results\final_plans\p1\n5\case_054_multicore_res.json
case_054,2,2,649938,1.254,464518,,5,results\final_plans\p2\n2\case_054_multicore_res.json
case_054,2,3,344007,2.3693,1613448,,62,results\final_plans\p2\n3\case_054_multicore_res.json
case_054,2,4,262275,3.1076,2545234,,88,results\final_plans\p2\n4\case_054_multicore_res.json
case_054,2,5,268545,3.0351,2941840,,99,results\final_plans\p2\n5\case_054_multicore_res.json
case_054,3,2,649937,1.254,464518,0.04347050920413374,5,results\final_plans\p3\n2\case_054_multicore_res.json
case_054,3,3,343592,2.3721,1613448,0.18354772959519328,62,results\final_plans\p3\n3\case_054_multicore_res.json
case_054,3,4,261179,3.1207,2545234,0.25507553904447516,88,results\final_plans\p3\n4\case_054_multicore_res.json
case_054,3,5,266979,3.0529,2941840,0.32505755566263583,99,results\final_plans\p3\n5\case_054_multicore_res.json
case_055,1,2,58624,2.0271,49152,,2,results\final_plans\p1\n2\case_055_multicore_res.json
case_055,1,3,38093,3.1196,32768,,3,results\final_plans\p1\n3\case_055_multicore_res.json
case_055,1,4,31823,3.7342,115712,,4,results\final_plans\p1\n4\case_055_multicore_res.json
case_055,1,5,26800,4.4341,198656,,5,results\final_plans\p1\n5\case_055_multicore_res.json
case_055,2,2,58624,2.0271,49152,,2,results\final_plans\p2\n2\case_055_multicore_res.json
case_055,2,3,38093,3.1196,32768,,3,results\final_plans\p2\n3\case_055_multicore_res.json
case_055,2,4,31823,3.7342,115712,,4,results\final_plans\p2\n4\case_055_multicore_res.json
case_055,2,5,26800,4.4341,198656,,5,results\final_plans\p2\n5\case_055_multicore_res.json
case_055,3,2,58624,2.0271,49152,0.07283461066557605,2,results\final_plans\p3\n2\case_055_multicore_res.json
case_055,3,3,37989,3.1281,32768,0.04976460225374359,3,results\final_plans\p3\n3\case_055_multicore_res.json
case_055,3,4,31823,3.7342,115712,0.11878004434829054,4,results\final_plans\p3\n4\case_055_multicore_res.json
case_055,3,5,26800,4.4341,198656,0.17390713630651133,5,results\final_plans\p3\n5\case_055_multicore_res.json
case_056,1,2,160760,1.7248,1511624,,28,results\final_plans\p1\n2\case_056_multicore_res.json
case_056,1,3,148748,1.8641,1632002,,336,results\final_plans\p1\n3\case_056_multicore_res.json
case_056,1,4,116709,2.3759,1276180,,56,results\final_plans\p1\n4\case_056_multicore_res.json
case_056,1,5,98991,2.8011,1359730,,95,results\final_plans\p1\n5\case_056_multicore_res.json
case_056,2,2,152908,1.8134,496950,,28,results\final_plans\p2\n2\case_056_multicore_res.json
case_056,2,3,107091,2.5892,767084,,57,results\final_plans\p2\n3\case_056_multicore_res.json
case_056,2,4,106907,2.5937,1107930,,56,results\final_plans\p2\n4\case_056_multicore_res.json
case_056,2,5,86410,3.2089,1454488,,95,results\final_plans\p2\n5\case_056_multicore_res.json
case_056,3,2,152908,1.8134,496950,0.178643673706646,28,results\final_plans\p3\n2\case_056_multicore_res.json
case_056,3,3,106997,2.5915,767084,0.36845023482198785,57,results\final_plans\p3\n3\case_056_multicore_res.json
case_056,3,4,106700,2.5987,1107930,0.4455322738776534,56,results\final_plans\p3\n4\case_056_multicore_res.json
case_056,3,5,84062,3.2986,1454488,0.5031635620164197,95,results\final_plans\p3\n5\case_056_multicore_res.json
case_057,1,2,33614,1.7768,0,,2,results\final_plans\p1\n2\case_057_multicore_res.json
case_057,1,3,26147,2.2842,118852,,6,results\final_plans\p1\n3\case_057_multicore_res.json
case_057,1,4,22025,2.7117,180060,,7,results\final_plans\p1\n4\case_057_multicore_res.json
case_057,1,5,18596,3.2118,168018,,9,results\final_plans\p1\n5\case_057_multicore_res.json
case_057,2,2,31156,1.917,284894,,6,results\final_plans\p2\n2\case_057_multicore_res.json
case_057,2,3,21820,2.7372,397250,,9,results\final_plans\p2\n3\case_057_multicore_res.json
case_057,2,4,20026,2.9824,370336,,12,results\final_plans\p2\n4\case_057_multicore_res.json
case_057,2,5,18269,3.2693,252306,,13,results\final_plans\p2\n5\case_057_multicore_res.json
case_057,3,2,31155,1.9171,284894,0.4403214200828946,6,results\final_plans\p3\n2\case_057_multicore_res.json
case_057,3,3,21820,2.7372,397250,0.5163845128168166,9,results\final_plans\p3\n3\case_057_multicore_res.json
case_057,3,4,18131,3.2941,598712,0.5877330727045664,12,results\final_plans\p3\n4\case_057_multicore_res.json
case_057,3,5,16245,3.6766,566040,0.5311286856977773,15,results\final_plans\p3\n5\case_057_multicore_res.json
case_058,1,2,2448313,1.8542,28782592,,2,results\final_plans\p1\n2\case_058_multicore_res.json
case_058,1,3,1554831,2.9197,30400512,,3,results\final_plans\p1\n3\case_058_multicore_res.json
case_058,1,4,1154519,3.9321,42622976,,4,results\final_plans\p1\n4\case_058_multicore_res.json
case_058,1,5,1004819,4.5179,32104448,,5,results\final_plans\p1\n5\case_058_multicore_res.json
case_058,2,2,2448313,1.8542,28782592,,2,results\final_plans\p2\n2\case_058_multicore_res.json
case_058,2,3,1554831,2.9197,30400512,,3,results\final_plans\p2\n3\case_058_multicore_res.json
case_058,2,4,1154519,3.9321,42622976,,4,results\final_plans\p2\n4\case_058_multicore_res.json
case_058,2,5,1004819,4.5179,32104448,,5,results\final_plans\p2\n5\case_058_multicore_res.json
case_058,3,2,2443180,1.8581,28782592,0.0500925497454882,2,results\final_plans\p3\n2\case_058_multicore_res.json
case_058,3,3,1554831,2.9197,30400512,0.0,3,results\final_plans\p3\n3\case_058_multicore_res.json
case_058,3,4,1142629,3.973,42622976,0.2689844464775846,4,results\final_plans\p3\n4\case_058_multicore_res.json
case_058,3,5,1004819,4.5179,32104448,0.0,5,results\final_plans\p3\n5\case_058_multicore_res.json
case_059,1,2,369318,2.246,360448,,2,results\final_plans\p1\n2\case_059_multicore_res.json
case_059,1,3,266217,3.1158,2998272,,3,results\final_plans\p1\n3\case_059_multicore_res.json
case_059,1,4,185216,4.4784,1081344,,4,results\final_plans\p1\n4\case_059_multicore_res.json
case_059,1,5,150782,5.5011,4325376,,5,results\final_plans\p1\n5\case_059_multicore_res.json
case_059,2,2,369318,2.246,360448,,2,results\final_plans\p2\n2\case_059_multicore_res.json
case_059,2,3,264940,3.1308,3121152,,6,results\final_plans\p2\n3\case_059_multicore_res.json
case_059,2,4,185216,4.4784,1081344,,4,results\final_plans\p2\n4\case_059_multicore_res.json
case_059,2,5,150782,5.5011,4325376,,5,results\final_plans\p2\n5\case_059_multicore_res.json
case_059,3,2,369318,2.246,360448,0.0,2,results\final_plans\p3\n2\case_059_multicore_res.json
case_059,3,3,261117,3.1766,3121152,0.7105263157894737,6,results\final_plans\p3\n3\case_059_multicore_res.json
case_059,3,4,185216,4.4784,1081344,0.0,4,results\final_plans\p3\n4\case_059_multicore_res.json
case_059,3,5,150736,5.5028,4325376,0.7378787878787879,5,results\final_plans\p3\n5\case_059_multicore_res.json
case_060,1,2,454346,1.9562,2701324,,2,results\final_plans\p1\n2\case_060_multicore_res.json
case_060,1,3,311884,2.8497,3114112,,3,results\final_plans\p1\n3\case_060_multicore_res.json
case_060,1,4,232939,3.8155,3217544,,4,results\final_plans\p1\n4\case_060_multicore_res.json
case_060,1,5,196763,4.5171,4039168,,5,results\final_plans\p1\n5\case_060_multicore_res.json
case_060,2,2,454346,1.9562,2701324,,2,results\final_plans\p2\n2\case_060_multicore_res.json
case_060,2,3,311884,2.8497,3114112,,3,results\final_plans\p2\n3\case_060_multicore_res.json
case_060,2,4,229883,3.8663,3549568,,89,results\final_plans\p2\n4\case_060_multicore_res.json
case_060,2,5,196763,4.5171,4039168,,5,results\final_plans\p2\n5\case_060_multicore_res.json
case_060,3,2,454167,1.957,2701324,0.40212947959248724,2,results\final_plans\p3\n2\case_060_multicore_res.json
case_060,3,3,311135,2.8566,3114112,0.5144957451216611,3,results\final_plans\p3\n3\case_060_multicore_res.json
case_060,3,4,229693,3.8695,3549568,0.48790644116384835,89,results\final_plans\p3\n4\case_060_multicore_res.json
case_060,3,5,195309,4.5507,4039168,0.47470077694376056,5,results\final_plans\p3\n5\case_060_multicore_res.json
case_061,1,2,38873,1.9857,25344,,2,results\final_plans\p1\n2\case_061_multicore_res.json
case_061,1,3,41271,1.8703,94228,,5,results\final_plans\p1\n3\case_061_multicore_res.json
case_061,1,4,28476,2.7107,146708,,8,results\final_plans\p1\n4\case_061_multicore_res.json
case_061,1,5,23868,3.2341,110634,,8,results\final_plans\p1\n5\case_061_multicore_res.json
case_061,2,2,38873,1.9857,25344,,2,results\final_plans\p2\n2\case_061_multicore_res.json
case_061,2,3,37755,2.0445,377962,,11,results\final_plans\p2\n3\case_061_multicore_res.json
case_061,2,4,23854,3.236,242646,,12,results\final_plans\p2\n4\case_061_multicore_res.json
case_061,2,5,23208,3.3261,93222,,8,results\final_plans\p2\n5\case_061_multicore_res.json
case_061,3,2,38873,1.9857,25344,0.04451157399276406,2,results\final_plans\p3\n2\case_061_multicore_res.json
case_061,3,3,36824,2.0962,377962,0.16884700912545833,11,results\final_plans\p3\n3\case_061_multicore_res.json
case_061,3,4,23567,3.2754,242646,0.25485532377452247,12,results\final_plans\p3\n4\case_061_multicore_res.json
case_061,3,5,23208,3.3261,93222,0.11403093135210947,8,results\final_plans\p3\n5\case_061_multicore_res.json
case_062,1,2,1430273,1.996,44544,,3,results\final_plans\p1\n2\case_062_multicore_res.json
case_062,1,3,955282,2.9884,86016,,6,results\final_plans\p1\n3\case_062_multicore_res.json
case_062,1,4,718555,3.973,115200,,9,results\final_plans\p1\n4\case_062_multicore_res.json
case_062,1,5,575863,4.9574,153600,,12,results\final_plans\p1\n5\case_062_multicore_res.json
case_062,2,2,1429470,1.9971,105984,,5,results\final_plans\p2\n2\case_062_multicore_res.json
case_062,2,3,954281,2.9916,46080,,6,results\final_plans\p2\n3\case_062_multicore_res.json
case_062,2,4,716806,3.9827,72192,,9,results\final_plans\p2\n4\case_062_multicore_res.json
case_062,2,5,574337,4.9706,86016,,12,results\final_plans\p2\n5\case_062_multicore_res.json
case_062,3,2,1429348,1.9973,105984,0.0010270455323519343,5,results\final_plans\p3\n2\case_062_multicore_res.json
case_062,3,3,954215,2.9918,46080,0.0006863417982155113,6,results\final_plans\p3\n3\case_062_multicore_res.json
case_062,3,4,716806,3.9827,72192,0.0003428963310092582,9,results\final_plans\p3\n4\case_062_multicore_res.json
case_062,3,5,574337,4.9706,86016,0.0006853226727584238,12,results\final_plans\p3\n5\case_062_multicore_res.json
case_063,1,2,537888,1.99,76800,,5,results\final_plans\p1\n2\case_063_multicore_res.json
case_063,1,3,360120,2.9723,105984,,7,results\final_plans\p1\n3\case_063_multicore_res.json
case_063,1,4,271192,3.947,104448,,8,results\final_plans\p1\n4\case_063_multicore_res.json
case_063,1,5,219045,4.8867,132096,,11,results\final_plans\p1\n5\case_063_multicore_res.json
case_063,2,2,536862,1.9938,49152,,5,results\final_plans\p2\n2\case_063_multicore_res.json
case_063,2,3,358983,2.9817,46080,,6,results\final_plans\p2\n3\case_063_multicore_res.json
case_063,2,4,270124,3.9626,64512,,8,results\final_plans\p2\n4\case_063_multicore_res.json
case_063,2,5,217954,4.9111,86016,,11,results\final_plans\p2\n5\case_063_multicore_res.json
case_063,3,2,536744,1.9942,49152,0.0018253726802555522,5,results\final_plans\p3\n2\case_063_multicore_res.json
case_063,3,3,358938,2.9821,66048,0.00273224043715847,7,results\final_plans\p3\n3\case_063_multicore_res.json
case_063,3,4,270081,3.9632,64512,0.0018226002430133657,8,results\final_plans\p3\n4\case_063_multicore_res.json
case_063,3,5,217889,4.9126,86016,0.0018187329493785996,11,results\final_plans\p3\n5\case_063_multicore_res.json
case_064,1,2,19116,1.0,0,,1,results\final_plans\p1\n2\case_064_multicore_res.json
case_064,1,3,17695,1.0803,115524,,30,results\final_plans\p1\n3\case_064_multicore_res.json
case_064,1,4,18511,1.0327,122110,,35,results\final_plans\p1\n4\case_064_multicore_res.json
case_064,1,5,18500,1.0333,98176,,26,results\final_plans\p1\n5\case_064_multicore_res.json
case_064,2,2,16087,1.1883,61542,,20,results\final_plans\p2\n2\case_064_multicore_res.json
case_064,2,3,12314,1.5524,99404,,30,results\final_plans\p2\n3\case_064_multicore_res.json
case_064,2,4,12377,1.5445,122098,,35,results\final_plans\p2\n4\case_064_multicore_res.json
case_064,2,5,13923,1.373,103444,,26,results\final_plans\p2\n5\case_064_multicore_res.json
case_064,3,2,16082,1.1887,61542,0.17628962258968303,20,results\final_plans\p3\n2\case_064_multicore_res.json
case_064,3,3,12289,1.5555,99404,0.3489249501597033,30,results\final_plans\p3\n3\case_064_multicore_res.json
case_064,3,4,12280,1.5567,122098,0.3818509352936895,35,results\final_plans\p3\n4\case_064_multicore_res.json
case_064,3,5,13914,1.3739,103444,0.18013625851615725,26,results\final_plans\p3\n5\case_064_multicore_res.json
case_065,1,2,26219,2.024,13824,,2,results\final_plans\p1\n2\case_065_multicore_res.json
case_065,1,3,17966,2.9538,27648,,3,results\final_plans\p1\n3\case_065_multicore_res.json
case_065,1,4,13745,3.8609,41472,,4,results\final_plans\p1\n4\case_065_multicore_res.json
case_065,1,5,11421,4.6465,55296,,5,results\final_plans\p1\n5\case_065_multicore_res.json
case_065,2,2,26219,2.024,13824,,2,results\final_plans\p2\n2\case_065_multicore_res.json
case_065,2,3,17966,2.9538,27648,,3,results\final_plans\p2\n3\case_065_multicore_res.json
case_065,2,4,13745,3.8609,41472,,4,results\final_plans\p2\n4\case_065_multicore_res.json
case_065,2,5,11421,4.6465,55296,,5,results\final_plans\p2\n5\case_065_multicore_res.json
case_065,3,2,26219,2.024,13824,0.04408950577909321,2,results\final_plans\p3\n2\case_065_multicore_res.json
case_065,3,3,17966,2.9538,27648,0.08445541409056474,3,results\final_plans\p3\n3\case_065_multicore_res.json
case_065,3,4,13745,3.8609,41472,0.09453914511477408,4,results\final_plans\p3\n4\case_065_multicore_res.json
case_065,3,5,11421,4.6465,55296,0.07787818013835997,5,results\final_plans\p3\n5\case_065_multicore_res.json
case_066,1,2,238413,1.5061,1463240,,15,results\final_plans\p1\n2\case_066_multicore_res.json
case_066,1,3,172004,2.0876,1921586,,30,results\final_plans\p1\n3\case_066_multicore_res.json
case_066,1,4,161230,2.2271,2084054,,32,results\final_plans\p1\n4\case_066_multicore_res.json
case_066,1,5,124349,2.8876,2206448,,46,results\final_plans\p1\n5\case_066_multicore_res.json
case_066,2,2,236190,1.5203,952044,,270,results\final_plans\p2\n2\case_066_multicore_res.json
case_066,2,3,164863,2.178,1403928,,30,results\final_plans\p2\n3\case_066_multicore_res.json
case_066,2,4,149472,2.4023,2060756,,32,results\final_plans\p2\n4\case_066_multicore_res.json
case_066,2,5,116286,3.0878,2125162,,46,results\final_plans\p2\n5\case_066_multicore_res.json
case_066,3,2,235881,1.5223,952044,0.2158323979483099,270,results\final_plans\p3\n2\case_066_multicore_res.json
case_066,3,3,164673,2.1805,1403928,0.25730589441763607,30,results\final_plans\p3\n3\case_066_multicore_res.json
case_066,3,4,146839,2.4453,2060756,0.3185829567673967,32,results\final_plans\p3\n4\case_066_multicore_res.json
case_066,3,5,110603,3.2465,2274708,0.3131284511689113,49,results\final_plans\p3\n5\case_066_multicore_res.json
case_067,1,2,33768704,1.8904,264024576,,2,results\final_plans\p1\n2\case_067_multicore_res.json
case_067,1,3,23568859,2.7084,263599744,,3,results\final_plans\p1\n3\case_067_multicore_res.json
case_067,1,4,18473155,3.4555,263174912,,4,results\final_plans\p1\n4\case_067_multicore_res.json
case_067,1,5,15931687,4.0068,262750080,,5,results\final_plans\p1\n5\case_067_multicore_res.json
case_067,2,2,33768704,1.8904,264024576,,2,results\final_plans\p2\n2\case_067_multicore_res.json
case_067,2,3,23568859,2.7084,263599744,,3,results\final_plans\p2\n3\case_067_multicore_res.json
case_067,2,4,18473155,3.4555,263174912,,4,results\final_plans\p2\n4\case_067_multicore_res.json
case_067,2,5,15931687,4.0068,262750080,,5,results\final_plans\p2\n5\case_067_multicore_res.json
case_067,3,2,33768704,1.8904,264024576,0.0,2,results\final_plans\p3\n2\case_067_multicore_res.json
case_067,3,3,23568859,2.7084,263599744,0.0,3,results\final_plans\p3\n3\case_067_multicore_res.json
case_067,3,4,18473155,3.4555,263174912,0.0,4,results\final_plans\p3\n4\case_067_multicore_res.json
case_067,3,5,15931687,4.0068,262750080,0.0,5,results\final_plans\p3\n5\case_067_multicore_res.json
case_068,1,2,269741,1.3424,1920100,,38,results\final_plans\p1\n2\case_068_multicore_res.json
case_068,1,3,189361,1.9122,2662408,,54,results\final_plans\p1\n3\case_068_multicore_res.json
case_068,1,4,189361,1.9122,2662408,,54,results\final_plans\p1\n4\case_068_multicore_res.json
case_068,1,5,263747,1.3729,1518452,,56,results\final_plans\p1\n5\case_068_multicore_res.json
case_068,2,2,243017,1.49,1543196,,383,results\final_plans\p2\n2\case_068_multicore_res.json
case_068,2,3,169488,2.1364,2182114,,383,results\final_plans\p2\n3\case_068_multicore_res.json
case_068,2,4,175142,2.0674,2182114,,54,results\final_plans\p2\n4\case_068_multicore_res.json
case_068,2,5,236728,1.5296,1341784,,57,results\final_plans\p2\n5\case_068_multicore_res.json
case_068,3,2,242477,1.4933,1543196,0.20662996192971478,383,results\final_plans\p3\n2\case_068_multicore_res.json
case_068,3,3,167312,2.1642,2182114,0.149075779087869,383,results\final_plans\p3\n3\case_068_multicore_res.json
case_068,3,4,137134,2.6404,3208234,0.23985526220916775,68,results\final_plans\p3\n4\case_068_multicore_res.json
case_068,3,5,168040,2.1548,3122144,0.25998011010721406,67,results\final_plans\p3\n5\case_068_multicore_res.json
case_069,1,2,25144,1.0,0,,1,results\final_plans\p1\n2\case_069_multicore_res.json
case_069,1,3,25144,1.0,0,,1,results\final_plans\p1\n3\case_069_multicore_res.json
case_069,1,4,20326,1.237,562340,,30,results\final_plans\p1\n4\case_069_multicore_res.json
case_069,1,5,21160,1.1883,576936,,29,results\final_plans\p1\n5\case_069_multicore_res.json
case_069,2,2,19482,1.2906,371046,,18,results\final_plans\p2\n2\case_069_multicore_res.json
case_069,2,3,18876,1.3321,298028,,23,results\final_plans\p2\n3\case_069_multicore_res.json
case_069,2,4,15439,1.6286,310318,,30,results\final_plans\p2\n4\case_069_multicore_res.json
case_069,2,5,15588,1.613,363696,,29,results\final_plans\p2\n5\case_069_multicore_res.json
case_069,3,2,20301,1.2386,457062,0.16343329285128558,20,results\final_plans\p3\n2\case_069_multicore_res.json
case_069,3,3,16909,1.487,312394,0.2912866950151135,20,results\final_plans\p3\n3\case_069_multicore_res.json
case_069,3,4,16273,1.5451,351534,0.3464809332279638,25,results\final_plans\p3\n4\case_069_multicore_res.json
case_069,3,5,14764,1.7031,415502,0.39478995167029585,35,results\final_plans\p3\n5\case_069_multicore_res.json
case_070,1,2,58469,2.0062,88064,,2,results\final_plans\p1\n2\case_070_multicore_res.json
case_070,1,3,42877,2.7357,176128,,3,results\final_plans\p1\n3\case_070_multicore_res.json
case_070,1,4,32371,3.6236,264192,,4,results\final_plans\p1\n4\case_070_multicore_res.json
case_070,1,5,30646,3.8276,352256,,5,results\final_plans\p1\n5\case_070_multicore_res.json
case_070,2,2,58273,2.0129,88064,,31,results\final_plans\p2\n2\case_070_multicore_res.json
case_070,2,3,42495,2.7603,176128,,31,results\final_plans\p2\n3\case_070_multicore_res.json
case_070,2,4,32284,3.6334,264192,,31,results\final_plans\p2\n4\case_070_multicore_res.json
case_070,2,5,27977,4.1927,703012,,12,results\final_plans\p2\n5\case_070_multicore_res.json
case_070,3,2,58182,2.0161,88064,0.173380952193447,31,results\final_plans\p3\n2\case_070_multicore_res.json
case_070,3,3,42495,2.7603,176128,0.17181611648595774,31,results\final_plans\p3\n3\case_070_multicore_res.json
case_070,3,4,32284,3.6334,264192,0.10478766172063446,31,results\final_plans\p3\n4\case_070_multicore_res.json
case_070,3,5,28335,4.1398,712762,0.3137794696840976,13,results\final_plans\p3\n5\case_070_multicore_res.json
case_071,1,2,18919,1.0,0,,1,results\final_plans\p1\n2\case_071_multicore_res.json
case_071,1,3,17924,1.0555,371096,,17,results\final_plans\p1\n3\case_071_multicore_res.json
case_071,1,4,16809,1.1255,167556,,6,results\final_plans\p1\n4\case_071_multicore_res.json
case_071,1,5,16465,1.149,384780,,26,results\final_plans\p1\n5\case_071_multicore_res.json
case_071,2,2,15475,1.2226,251814,,18,results\final_plans\p2\n2\case_071_multicore_res.json
case_071,2,3,13889,1.3622,210186,,17,results\final_plans\p2\n3\case_071_multicore_res.json
case_071,2,4,11597,1.6314,176580,,6,results\final_plans\p2\n4\case_071_multicore_res.json
case_071,2,5,12430,1.522,257878,,29,results\final_plans\p2\n5\case_071_multicore_res.json
case_071,3,2,16903,1.1193,326886,0.2142902956834071,20,results\final_plans\p3\n2\case_071_multicore_res.json
case_071,3,3,13000,1.4553,225322,0.2653606341646823,18,results\final_plans\p3\n3\case_071_multicore_res.json
case_071,3,4,11128,1.7001,228490,0.28251738568527296,24,results\final_plans\p3\n4\case_071_multicore_res.json
case_071,3,5,11128,1.7001,228490,0.28251738568527296,24,results\final_plans\p3\n5\case_071_multicore_res.json
case_072,1,2,11846123,2.0174,113201200,,2,results\final_plans\p1\n2\case_072_multicore_res.json
case_072,1,3,8011141,2.9831,119410736,,3,results\final_plans\p1\n3\case_072_multicore_res.json
case_072,1,4,5983611,3.9939,122892336,,4,results\final_plans\p1\n4\case_072_multicore_res.json
case_072,1,5,4822195,4.9558,130109488,,5,results\final_plans\p1\n5\case_072_multicore_res.json
case_072,2,2,11846123,2.0174,113201200,,2,results\final_plans\p2\n2\case_072_multicore_res.json
case_072,2,3,8011141,2.9831,119410736,,3,results\final_plans\p2\n3\case_072_multicore_res.json
case_072,2,4,5983611,3.9939,122892336,,4,results\final_plans\p2\n4\case_072_multicore_res.json
case_072,2,5,4822195,4.9558,130109488,,5,results\final_plans\p2\n5\case_072_multicore_res.json
case_072,3,2,11841570,2.0181,113201200,0.13418897418275474,2,results\final_plans\p3\n2\case_072_multicore_res.json
case_072,3,3,7998790,2.9877,119410736,0.1540428472924554,3,results\final_plans\p3\n3\case_072_multicore_res.json
case_072,3,4,5968341,4.0041,122892336,0.15126287471057842,4,results\final_plans\p3\n4\case_072_multicore_res.json
case_072,3,5,4812926,4.9653,130109488,0.1913366770986354,5,results\final_plans\p3\n5\case_072_multicore_res.json
case_073,1,2,5980423,1.6858,141121024,,2,results\final_plans\p1\n2\case_073_multicore_res.json
case_073,1,3,4515227,2.2328,140671616,,3,results\final_plans\p1\n3\case_073_multicore_res.json
case_073,1,4,3903787,2.5825,140222208,,4,results\final_plans\p1\n4\case_073_multicore_res.json
case_073,1,5,3517515,2.8661,139772800,,5,results\final_plans\p1\n5\case_073_multicore_res.json
case_073,2,2,5875779,1.7158,106758016,,35,results\final_plans\p2\n2\case_073_multicore_res.json
case_073,2,3,4515227,2.2328,140671616,,3,results\final_plans\p2\n3\case_073_multicore_res.json
case_073,2,4,3817036,2.6412,115612288,,77,results\final_plans\p2\n4\case_073_multicore_res.json
case_073,2,5,3471551,2.9041,119620096,,82,results\final_plans\p2\n5\case_073_multicore_res.json
case_073,3,2,5503139,1.832,106758016,0.3372368790345215,35,results\final_plans\p3\n2\case_073_multicore_res.json
case_073,3,3,4515227,2.2328,140671616,0.0,3,results\final_plans\p3\n3\case_073_multicore_res.json
case_073,3,4,3712368,2.7157,115612288,0.19103211437353745,77,results\final_plans\p3\n4\case_073_multicore_res.json
case_073,3,5,3137685,3.2131,119620096,0.2676190526210747,82,results\final_plans\p3\n5\case_073_multicore_res.json
case_074,1,2,826937,2.0343,6590472,,2,results\final_plans\p1\n2\case_074_multicore_res.json
case_074,1,3,544838,3.0876,7585792,,3,results\final_plans\p1\n3\case_074_multicore_res.json
case_074,1,4,408750,4.1156,7819264,,4,results\final_plans\p1\n4\case_074_multicore_res.json
case_074,1,5,341070,4.9322,8425472,,5,results\final_plans\p1\n5\case_074_multicore_res.json
case_074,2,2,826937,2.0343,6590472,,2,results\final_plans\p2\n2\case_074_multicore_res.json
case_074,2,3,544838,3.0876,7585792,,3,results\final_plans\p2\n3\case_074_multicore_res.json
case_074,2,4,408750,4.1156,7819264,,4,results\final_plans\p2\n4\case_074_multicore_res.json
case_074,2,5,337574,4.9833,8515586,,11,results\final_plans\p2\n5\case_074_multicore_res.json
case_074,3,2,824879,2.0394,6590472,0.2927688655275912,2,results\final_plans\p3\n2\case_074_multicore_res.json
case_074,3,3,544114,3.0917,7585792,0.30677656902705147,3,results\final_plans\p3\n3\case_074_multicore_res.json
case_074,3,4,405309,4.1505,7819264,0.29706755894375547,4,results\final_plans\p3\n4\case_074_multicore_res.json
case_074,3,5,333065,5.0508,8515586,0.35245023376069384,11,results\final_plans\p3\n5\case_074_multicore_res.json
case_075,1,2,877119,1.6438,6135050,,430,results\final_plans\p1\n2\case_075_multicore_res.json
case_075,1,3,759919,1.8973,4940516,,91,results\final_plans\p1\n3\case_075_multicore_res.json
case_075,1,4,483592,2.9815,5363096,,124,results\final_plans\p1\n4\case_075_multicore_res.json
case_075,1,5,467451,3.0844,5661612,,137,results\final_plans\p1\n5\case_075_multicore_res.json
case_075,2,2,773181,1.8648,1889414,,430,results\final_plans\p2\n2\case_075_multicore_res.json
case_075,2,3,712555,2.0234,3590924,,88,results\final_plans\p2\n3\case_075_multicore_res.json
case_075,2,4,441146,3.2683,5734290,,124,results\final_plans\p2\n4\case_075_multicore_res.json
case_075,2,5,424546,3.3961,6600472,,137,results\final_plans\p2\n5\case_075_multicore_res.json
case_075,3,2,773181,1.8648,1889414,0.2130230220790277,430,results\final_plans\p3\n2\case_075_multicore_res.json
case_075,3,3,712416,2.0238,3590924,0.3457297553258252,88,results\final_plans\p3\n3\case_075_multicore_res.json
case_075,3,4,440449,3.2735,5734290,0.3616059668187626,124,results\final_plans\p3\n4\case_075_multicore_res.json
case_075,3,5,419590,3.4362,6600472,0.4128310034301247,137,results\final_plans\p3\n5\case_075_multicore_res.json
case_076,1,2,3072558,2.013,28930048,,2,results\final_plans\p1\n2\case_076_multicore_res.json
case_076,1,3,2054573,3.0104,30402560,,3,results\final_plans\p1\n3\case_076_multicore_res.json
case_076,1,4,1533331,4.0338,32051200,,4,results\final_plans\p1\n4\case_076_multicore_res.json
case_076,1,5,1235977,5.0042,34179072,,5,results\final_plans\p1\n5\case_076_multicore_res.json
case_076,2,2,3072558,2.013,28930048,,2,results\final_plans\p2\n2\case_076_multicore_res.json
case_076,2,3,2054573,3.0104,30402560,,3,results\final_plans\p2\n3\case_076_multicore_res.json
case_076,2,4,1533331,4.0338,32051200,,4,results\final_plans\p2\n4\case_076_multicore_res.json
case_076,2,5,1235977,5.0042,34179072,,5,results\final_plans\p2\n5\case_076_multicore_res.json
case_076,3,2,3070431,2.0144,28930048,0.24308318682335522,2,results\final_plans\p3\n2\case_076_multicore_res.json
case_076,3,3,2053054,3.0126,30402560,0.30461620248678345,3,results\final_plans\p3\n3\case_076_multicore_res.json
case_076,3,4,1529902,4.0428,32051200,0.3453720149990132,4,results\final_plans\p3\n4\case_076_multicore_res.json
case_076,3,5,1230166,5.0279,34179072,0.38748768210509493,5,results\final_plans\p3\n5\case_076_multicore_res.json
case_077,1,2,250735,1.9755,57344,,2,results\final_plans\p1\n2\case_077_multicore_res.json
case_077,1,3,181672,2.7265,114688,,3,results\final_plans\p1\n3\case_077_multicore_res.json
case_077,1,4,162014,3.0573,1359978,,37,results\final_plans\p1\n4\case_077_multicore_res.json
case_077,1,5,135117,3.6659,1522830,,37,results\final_plans\p1\n5\case_077_multicore_res.json
case_077,2,2,250735,1.9755,57344,,2,results\final_plans\p2\n2\case_077_multicore_res.json
case_077,2,3,181672,2.7265,114688,,3,results\final_plans\p2\n3\case_077_multicore_res.json
case_077,2,4,131477,3.7674,147094,,5,results\final_plans\p2\n4\case_077_multicore_res.json
case_077,2,5,129906,3.8129,1592816,,37,results\final_plans\p2\n5\case_077_multicore_res.json
case_077,3,2,250735,1.9755,57344,0.026082004763022353,2,results\final_plans\p3\n2\case_077_multicore_res.json
case_077,3,3,181672,2.7265,114688,0.025419025615838663,3,results\final_plans\p3\n3\case_077_multicore_res.json
case_077,3,4,131477,3.7674,147094,6.60145601713914e-05,5,results\final_plans\p3\n4\case_077_multicore_res.json
case_077,3,5,127751,3.8772,1592816,0.23391789781664507,37,results\final_plans\p3\n5\case_077_multicore_res.json
case_078,1,2,1080972,2.1241,15039360,,8,results\final_plans\p1\n2\case_078_multicore_res.json
case_078,1,3,993959,2.3101,12673800,,3,results\final_plans\p1\n3\case_078_multicore_res.json
case_078,1,4,690924,3.3233,13146912,,4,results\final_plans\p1\n4\case_078_multicore_res.json
case_078,1,5,653430,3.514,11426304,,125,results\final_plans\p1\n5\case_078_multicore_res.json
case_078,2,2,1123125,2.0444,7041984,,22,results\final_plans\p2\n2\case_078_multicore_res.json
case_078,2,3,917340,2.503,6471168,,61,results\final_plans\p2\n3\case_078_multicore_res.json
case_078,2,4,658916,3.4847,10389888,,76,results\final_plans\p2\n4\case_078_multicore_res.json
case_078,2,5,497633,4.6141,11371008,,125,results\final_plans\p2\n5\case_078_multicore_res.json
case_078,3,2,1080672,2.1247,7041984,0.6277750410509031,22,results\final_plans\p3\n2\case_078_multicore_res.json
case_078,3,3,900985,2.5485,6471168,0.51772030651341,61,results\final_plans\p3\n3\case_078_multicore_res.json
case_078,3,4,649449,3.5355,10389888,0.5686440677966101,76,results\final_plans\p3\n4\case_078_multicore_res.json
case_078,3,5,476246,4.8213,11371008,0.28373980612401906,125,results\final_plans\p3\n5\case_078_multicore_res.json
case_079,1,2,15500252,2.0033,32555008,,2,results\final_plans\p1\n2\case_079_multicore_res.json
case_079,1,3,10181692,3.0498,39960576,,3,results\final_plans\p1\n3\case_079_multicore_res.json
case_079,1,4,7635624,4.0668,30445568,,4,results\final_plans\p1\n4\case_079_multicore_res.json
case_079,1,5,6075976,5.1107,47677440,,5,results\final_plans\p1\n5\case_079_multicore_res.json
case_079,2,2,15500252,2.0033,32555008,,2,results\final_plans\p2\n2\case_079_multicore_res.json
case_079,2,3,10181692,3.0498,39960576,,3,results\final_plans\p2\n3\case_079_multicore_res.json
case_079,2,4,7635624,4.0668,30445568,,4,results\final_plans\p2\n4\case_079_multicore_res.json
case_079,2,5,6075976,5.1107,47677440,,5,results\final_plans\p2\n5\case_079_multicore_res.json
case_079,3,2,15500252,2.0033,32555008,0.0,2,results\final_plans\p3\n2\case_079_multicore_res.json
case_079,3,3,10175315,3.0517,39960576,0.13731543624161074,3,results\final_plans\p3\n3\case_079_multicore_res.json
case_079,3,4,7635624,4.0668,30445568,0.0,4,results\final_plans\p3\n4\case_079_multicore_res.json
case_079,3,5,6075472,5.1111,47677440,0.2441611149398882,5,results\final_plans\p3\n5\case_079_multicore_res.json
case_080,1,2,145926,2.002,2191360,,2,results\final_plans\p1\n2\case_080_multicore_res.json
case_080,1,3,100325,2.9119,3047424,,3,results\final_plans\p1\n3\case_080_multicore_res.json
case_080,1,4,91350,3.198,1667072,,4,results\final_plans\p1\n4\case_080_multicore_res.json
case_080,1,5,86030,3.3958,1904640,,5,results\final_plans\p1\n5\case_080_multicore_res.json
case_080,2,2,145926,2.002,2191360,,2,results\final_plans\p2\n2\case_080_multicore_res.json
case_080,2,3,100325,2.9119,3047424,,3,results\final_plans\p2\n3\case_080_multicore_res.json
case_080,2,4,90660,3.2223,2514944,,12,results\final_plans\p2\n4\case_080_multicore_res.json
case_080,2,5,85367,3.4221,1998848,,8,results\final_plans\p2\n5\case_080_multicore_res.json
case_080,3,2,145674,2.0054,2191360,0.436,2,results\final_plans\p3\n2\case_080_multicore_res.json
case_080,3,3,100325,2.9119,3047424,0.0,3,results\final_plans\p3\n3\case_080_multicore_res.json
case_080,3,4,82634,3.5353,4780032,0.5006410256410256,8,results\final_plans\p3\n4\case_080_multicore_res.json
case_080,3,5,74793,3.906,5332992,0.42616033755274263,10,results\final_plans\p3\n5\case_080_multicore_res.json
case_081,1,2,76860,1.975,0,,2,results\final_plans\p1\n2\case_081_multicore_res.json
case_081,1,3,51943,2.9223,0,,3,results\final_plans\p1\n3\case_081_multicore_res.json
case_081,1,4,39588,3.8344,0,,4,results\final_plans\p1\n4\case_081_multicore_res.json
case_081,1,5,30943,4.9056,0,,5,results\final_plans\p1\n5\case_081_multicore_res.json
case_081,2,2,76860,1.975,0,,2,results\final_plans\p2\n2\case_081_multicore_res.json
case_081,2,3,51943,2.9223,0,,3,results\final_plans\p2\n3\case_081_multicore_res.json
case_081,2,4,39588,3.8344,0,,4,results\final_plans\p2\n4\case_081_multicore_res.json
case_081,2,5,30943,4.9056,0,,5,results\final_plans\p2\n5\case_081_multicore_res.json
case_081,3,2,76860,1.975,0,0.0,2,results\final_plans\p3\n2\case_081_multicore_res.json
case_081,3,3,51943,2.9223,0,0.0,3,results\final_plans\p3\n3\case_081_multicore_res.json
case_081,3,4,39588,3.8344,0,0.0,4,results\final_plans\p3\n4\case_081_multicore_res.json
case_081,3,5,30943,4.9056,0,0.0,5,results\final_plans\p3\n5\case_081_multicore_res.json
case_082,1,2,715513,1.0077,1072762,,9,results\final_plans\p1\n2\case_082_multicore_res.json
case_082,1,3,268232,2.6881,1738500,,30,results\final_plans\p1\n3\case_082_multicore_res.json
case_082,1,4,261872,2.7534,2413348,,36,results\final_plans\p1\n4\case_082_multicore_res.json
case_082,1,5,229394,3.1432,2616512,,50,results\final_plans\p1\n5\case_082_multicore_res.json
case_082,2,2,692313,1.0415,544518,,12,results\final_plans\p2\n2\case_082_multicore_res.json
case_082,2,3,258767,2.7864,1428236,,30,results\final_plans\p2\n3\case_082_multicore_res.json
case_082,2,4,255707,2.8198,2111634,,36,results\final_plans\p2\n4\case_082_multicore_res.json
case_082,2,5,220776,3.2659,2932248,,50,results\final_plans\p2\n5\case_082_multicore_res.json
case_082,3,2,691654,1.0425,544518,0.13226458707260913,12,results\final_plans\p3\n2\case_082_multicore_res.json
case_082,3,3,258639,2.7878,1428236,0.34756451196903826,30,results\final_plans\p3\n3\case_082_multicore_res.json
case_082,3,4,255499,2.8221,2111634,0.4578734732226746,36,results\final_plans\p3\n4\case_082_multicore_res.json
case_082,3,5,220372,3.2719,2932248,0.5573419024967713,50,results\final_plans\p3\n5\case_082_multicore_res.json
case_083,1,2,624895,1.6931,27912000,,31,results\final_plans\p1\n2\case_083_multicore_res.json
case_083,1,3,512623,2.0639,14842752,,3,results\final_plans\p1\n3\case_083_multicore_res.json
case_083,1,4,450029,2.3509,14977600,,4,results\final_plans\p1\n4\case_083_multicore_res.json
case_083,1,5,442480,2.3911,15058048,,5,results\final_plans\p1\n5\case_083_multicore_res.json
case_083,2,2,454984,2.3253,4301664,,35,results\final_plans\p2\n2\case_083_multicore_res.json
case_083,2,3,375352,2.8187,5960896,,50,results\final_plans\p2\n3\case_083_multicore_res.json
case_083,2,4,283545,3.7313,7579936,,77,results\final_plans\p2\n4\case_083_multicore_res.json
case_083,2,5,308699,3.4273,9385344,,95,results\final_plans\p2\n5\case_083_multicore_res.json
case_083,3,2,454170,2.3295,4301664,0.21893072111412723,35,results\final_plans\p3\n2\case_083_multicore_res.json
case_083,3,3,374093,2.8282,5960896,0.2335334695084628,50,results\final_plans\p3\n3\case_083_multicore_res.json
case_083,3,4,270819,3.9066,7579936,0.4331645569620253,77,results\final_plans\p3\n4\case_083_multicore_res.json
case_083,3,5,278138,3.8038,8902016,0.4773008466524502,89,results\final_plans\p3\n5\case_083_multicore_res.json
case_084,1,2,1255052,1.9979,0,,2,results\final_plans\p1\n2\case_084_multicore_res.json
case_084,1,3,836220,2.9985,0,,3,results\final_plans\p1\n3\case_084_multicore_res.json
case_084,1,4,629028,3.9862,0,,4,results\final_plans\p1\n4\case_084_multicore_res.json
case_084,1,5,503472,4.9802,0,,5,results\final_plans\p1\n5\case_084_multicore_res.json
case_084,2,2,1255052,1.9979,0,,2,results\final_plans\p2\n2\case_084_multicore_res.json
case_084,2,3,836220,2.9985,0,,3,results\final_plans\p2\n3\case_084_multicore_res.json
case_084,2,4,629028,3.9862,0,,4,results\final_plans\p2\n4\case_084_multicore_res.json
case_084,2,5,503472,4.9802,0,,5,results\final_plans\p2\n5\case_084_multicore_res.json
case_084,3,2,1255052,1.9979,0,0.0,2,results\final_plans\p3\n2\case_084_multicore_res.json
case_084,3,3,836220,2.9985,0,0.0,3,results\final_plans\p3\n3\case_084_multicore_res.json
case_084,3,4,629028,3.9862,0,0.0,4,results\final_plans\p3\n4\case_084_multicore_res.json
case_084,3,5,503472,4.9802,0,0.0,5,results\final_plans\p3\n5\case_084_multicore_res.json
case_085,1,2,3188020,1.0,402312,,3,results\final_plans\p1\n2\case_085_multicore_res.json
case_085,1,3,1633063,1.9521,8690292,,84,results\final_plans\p1\n3\case_085_multicore_res.json
case_085,1,4,951743,3.3495,8039738,,112,results\final_plans\p1\n4\case_085_multicore_res.json
case_085,1,5,990766,3.2176,10240282,,133,results\final_plans\p1\n5\case_085_multicore_res.json
case_085,2,2,3040579,1.0485,2745734,,24,results\final_plans\p2\n2\case_085_multicore_res.json
case_085,2,3,1272448,2.5053,5532684,,84,results\final_plans\p2\n3\case_085_multicore_res.json
case_085,2,4,887985,3.59,8300178,,112,results\final_plans\p2\n4\case_085_multicore_res.json
case_085,2,5,918113,3.4722,10567444,,133,results\final_plans\p2\n5\case_085_multicore_res.json
case_085,3,2,3040509,1.0485,2745734,0.18197648245187545,24,results\final_plans\p3\n2\case_085_multicore_res.json
case_085,3,3,1272443,2.5053,5532684,0.3022674285162054,84,results\final_plans\p3\n3\case_085_multicore_res.json
case_085,3,4,887612,3.5915,8300178,0.4990924717833631,112,results\final_plans\p3\n4\case_085_multicore_res.json
case_085,3,5,915967,3.4804,10567444,0.5853791207722834,133,results\final_plans\p3\n5\case_085_multicore_res.json
case_086,1,2,103789,1.1408,1945986,,177,results\final_plans\p1\n2\case_086_multicore_res.json
case_086,1,3,62250,1.9021,1153664,,22,results\final_plans\p1\n3\case_086_multicore_res.json
case_086,1,4,62250,1.9021,1153664,,22,results\final_plans\p1\n4\case_086_multicore_res.json
case_086,1,5,70050,1.6903,1484920,,43,results\final_plans\p1\n5\case_086_multicore_res.json
case_086,2,2,79677,1.486,518694,,177,results\final_plans\p2\n2\case_086_multicore_res.json
case_086,2,3,56833,2.0833,919116,,30,results\final_plans\p2\n3\case_086_multicore_res.json
case_086,2,4,57534,2.058,905778,,33,results\final_plans\p2\n4\case_086_multicore_res.json
case_086,2,5,57534,2.058,905778,,33,results\final_plans\p2\n5\case_086_multicore_res.json
case_086,3,2,79672,1.4861,518694,0.1948108894818353,177,results\final_plans\p3\n2\case_086_multicore_res.json
case_086,3,3,56714,2.0877,919116,0.31560666709024293,30,results\final_plans\p3\n3\case_086_multicore_res.json
case_086,3,4,45745,2.5883,1363698,0.35964411650802064,36,results\final_plans\p3\n4\case_086_multicore_res.json
case_086,3,5,46017,2.573,1292278,0.46170285069664624,42,results\final_plans\p3\n5\case_086_multicore_res.json
case_087,1,2,1993185,1.9938,8248320,,2,results\final_plans\p1\n2\case_087_multicore_res.json
case_087,1,3,1558840,2.5494,18738296,,74,results\final_plans\p1\n3\case_087_multicore_res.json
case_087,1,4,1170353,3.3956,22068622,,99,results\final_plans\p1\n4\case_087_multicore_res.json
case_087,1,5,996858,3.9866,24196298,,120,results\final_plans\p1\n5\case_087_multicore_res.json
case_087,2,2,1993185,1.9938,8248320,,2,results\final_plans\p2\n2\case_087_multicore_res.json
case_087,2,3,1535234,2.5886,17448692,,74,results\final_plans\p2\n3\case_087_multicore_res.json
case_087,2,4,1165299,3.4103,21489164,,99,results\final_plans\p2\n4\case_087_multicore_res.json
case_087,2,5,979657,4.0566,25140586,,120,results\final_plans\p2\n5\case_087_multicore_res.json
case_087,3,2,1991129,1.9959,8248320,0.18995350040135514,2,results\final_plans\p3\n2\case_087_multicore_res.json
case_087,3,3,1529780,2.5978,17448692,0.3795888939238888,74,results\final_plans\p3\n3\case_087_multicore_res.json
case_087,3,4,1158171,3.4313,21489164,0.47879992585267417,99,results\final_plans\p3\n4\case_087_multicore_res.json
case_087,3,5,957608,4.15,25140586,0.47572963137027363,120,results\final_plans\p3\n5\case_087_multicore_res.json
case_088,1,2,178129,1.3677,1290286,,26,results\final_plans\p1\n2\case_088_multicore_res.json
case_088,1,3,122739,1.9849,1792620,,36,results\final_plans\p1\n3\case_088_multicore_res.json
case_088,1,4,122739,1.9849,1792620,,36,results\final_plans\p1\n4\case_088_multicore_res.json
case_088,1,5,153887,1.5831,1049268,,29,results\final_plans\p1\n5\case_088_multicore_res.json
case_088,2,2,161411,1.5093,1033028,,218,results\final_plans\p2\n2\case_088_multicore_res.json
case_088,2,3,114017,2.1367,1480074,,36,results\final_plans\p2\n3\case_088_multicore_res.json
case_088,2,4,114017,2.1367,1480074,,36,results\final_plans\p2\n4\case_088_multicore_res.json
case_088,2,5,142357,1.7114,902098,,29,results\final_plans\p2\n5\case_088_multicore_res.json
case_088,3,2,161050,1.5127,1033028,0.16630356008648878,218,results\final_plans\p3\n2\case_088_multicore_res.json
case_088,3,3,113608,2.1444,1480074,0.27963468329279756,36,results\final_plans\p3\n3\case_088_multicore_res.json
case_088,3,4,98872,2.464,2268882,0.2480521815893152,45,results\final_plans\p3\n4\case_088_multicore_res.json
case_088,3,5,115161,2.1155,2179024,0.27929137095606327,46,results\final_plans\p3\n5\case_088_multicore_res.json
case_089,1,2,346832,1.9984,238720,,2,results\final_plans\p1\n2\case_089_multicore_res.json
case_089,1,3,243614,2.845,477440,,3,results\final_plans\p1\n3\case_089_multicore_res.json
case_089,1,4,178160,3.8903,716160,,4,results\final_plans\p1\n4\case_089_multicore_res.json
case_089,1,5,147432,4.7011,954880,,5,results\final_plans\p1\n5\case_089_multicore_res.json
case_089,2,2,338613,2.0469,1484000,,22,results\final_plans\p2\n2\case_089_multicore_res.json
case_089,2,3,243614,2.845,477440,,3,results\final_plans\p2\n3\case_089_multicore_res.json
case_089,2,4,178160,3.8903,716160,,4,results\final_plans\p2\n4\case_089_multicore_res.json
case_089,2,5,147432,4.7011,954880,,5,results\final_plans\p2\n5\case_089_multicore_res.json
case_089,3,2,338613,2.0469,1484000,0.17110443563850186,22,results\final_plans\p3\n2\case_089_multicore_res.json
case_089,3,3,243614,2.845,477440,0.0,3,results\final_plans\p3\n3\case_089_multicore_res.json
case_089,3,4,178160,3.8903,716160,0.0,4,results\final_plans\p3\n4\case_089_multicore_res.json
case_089,3,5,147432,4.7011,954880,0.0,5,results\final_plans\p3\n5\case_089_multicore_res.json
case_090,1,2,670035,1.7587,4295328,,47,results\final_plans\p1\n2\case_090_multicore_res.json
case_090,1,3,589444,1.9991,25781760,,13,results\final_plans\p1\n3\case_090_multicore_res.json
case_090,1,4,565296,2.0845,25781760,,13,results\final_plans\p1\n4\case_090_multicore_res.json
case_090,1,5,542638,2.1715,21724704,,5,results\final_plans\p1\n5\case_090_multicore_res.json
case_090,2,2,491985,2.3951,4456944,,36,results\final_plans\p2\n2\case_090_multicore_res.json
case_090,2,3,435446,2.7061,6236928,,50,results\final_plans\p2\n3\case_090_multicore_res.json
case_090,2,4,358857,3.2837,3400248,,173,results\final_plans\p2\n4\case_090_multicore_res.json
case_090,2,5,443099,2.6594,12830400,,179,results\final_plans\p2\n5\case_090_multicore_res.json
case_090,3,2,478720,2.4615,4456944,0.31317235800630494,36,results\final_plans\p3\n2\case_090_multicore_res.json
case_090,3,3,403940,2.9172,6236928,0.533064208367123,50,results\final_plans\p3\n3\case_090_multicore_res.json
case_090,3,4,355731,3.3125,3400248,0.319640337587013,173,results\final_plans\p3\n4\case_090_multicore_res.json
case_090,3,5,282019,4.1783,12424320,0.5779160841059333,104,results\final_plans\p3\n5\case_090_multicore_res.json
case_091,1,2,4594740,1.9994,57327744,,2,results\final_plans\p1\n2\case_091_multicore_res.json
case_091,1,3,3096288,2.967,63195264,,3,results\final_plans\p1\n3\case_091_multicore_res.json
case_091,1,4,2355963,3.8994,67047552,,4,results\final_plans\p1\n4\case_091_multicore_res.json
case_091,1,5,1898042,4.8401,73166848,,5,results\final_plans\p1\n5\case_091_multicore_res.json
case_091,2,2,4594740,1.9994,57327744,,2,results\final_plans\p2\n2\case_091_multicore_res.json
case_091,2,3,3096288,2.967,63195264,,3,results\final_plans\p2\n3\case_091_multicore_res.json
case_091,2,4,2355963,3.8994,67047552,,4,results\final_plans\p2\n4\case_091_multicore_res.json
case_091,2,5,1898042,4.8401,73166848,,5,results\final_plans\p2\n5\case_091_multicore_res.json
case_091,3,2,4592036,2.0006,57327744,0.18530193432785563,2,results\final_plans\p3\n2\case_091_multicore_res.json
case_091,3,3,3090624,2.9725,63195264,0.23075712269146967,3,results\final_plans\p3\n3\case_091_multicore_res.json
case_091,3,4,2349984,3.9093,53404800,0.13673724334539863,4,results\final_plans\p3\n4\case_091_multicore_res.json
case_091,3,5,1884651,4.8745,73166848,0.31283685255253135,5,results\final_plans\p3\n5\case_091_multicore_res.json
case_092,1,2,2828252,1.7027,66389088,,2,results\final_plans\p1\n2\case_092_multicore_res.json
case_092,1,3,2231804,2.1577,66784736,,3,results\final_plans\p1\n3\case_092_multicore_res.json
case_092,1,4,1927728,2.498,67180384,,4,results\final_plans\p1\n4\case_092_multicore_res.json
case_092,1,5,1661234,2.8988,66980256,,5,results\final_plans\p1\n5\case_092_multicore_res.json
case_092,2,2,2828252,1.7027,66389088,,2,results\final_plans\p2\n2\case_092_multicore_res.json
case_092,2,3,2231804,2.1577,66784736,,3,results\final_plans\p2\n3\case_092_multicore_res.json
case_092,2,4,1927728,2.498,67180384,,4,results\final_plans\p2\n4\case_092_multicore_res.json
case_092,2,5,1639745,2.9368,66980256,,5,results\final_plans\p2\n5\case_092_multicore_res.json
case_092,3,2,2358868,2.0415,66389088,0.7591771943849205,2,results\final_plans\p3\n2\case_092_multicore_res.json
case_092,3,3,1792534,2.6865,66784736,0.6541586932458932,3,results\final_plans\p3\n3\case_092_multicore_res.json
case_092,3,4,1470508,3.2748,67180384,0.6479121478881523,4,results\final_plans\p3\n4\case_092_multicore_res.json
case_092,3,5,1351088,3.5642,66980256,0.580675424788359,5,results\final_plans\p3\n5\case_092_multicore_res.json
case_093,1,2,37827,1.9617,8192,,2,results\final_plans\p1\n2\case_093_multicore_res.json
case_093,1,3,25103,2.956,16384,,3,results\final_plans\p1\n3\case_093_multicore_res.json
case_093,1,4,19779,3.7517,24576,,4,results\final_plans\p1\n4\case_093_multicore_res.json
case_093,1,5,15876,4.674,32768,,5,results\final_plans\p1\n5\case_093_multicore_res.json
case_093,2,2,37827,1.9617,8192,,2,results\final_plans\p2\n2\case_093_multicore_res.json
case_093,2,3,25103,2.956,16384,,3,results\final_plans\p2\n3\case_093_multicore_res.json
case_093,2,4,19779,3.7517,24576,,4,results\final_plans\p2\n4\case_093_multicore_res.json
case_093,2,5,15876,4.674,32768,,5,results\final_plans\p2\n5\case_093_multicore_res.json
case_093,3,2,37827,1.9617,8192,0.0,2,results\final_plans\p3\n2\case_093_multicore_res.json
case_093,3,3,25103,2.956,16384,0.0,3,results\final_plans\p3\n3\case_093_multicore_res.json
case_093,3,4,19779,3.7517,24576,0.0,4,results\final_plans\p3\n4\case_093_multicore_res.json
case_093,3,5,15876,4.674,32768,0.0,5,results\final_plans\p3\n5\case_093_multicore_res.json
case_094,1,2,49385,1.9215,106272,,2,results\final_plans\p1\n2\case_094_multicore_res.json
case_094,1,3,34069,2.7853,212544,,3,results\final_plans\p1\n3\case_094_multicore_res.json
case_094,1,4,25395,3.7366,105984,,4,results\final_plans\p1\n4\case_094_multicore_res.json
case_094,1,5,21487,4.4163,425088,,5,results\final_plans\p1\n5\case_094_multicore_res.json
case_094,2,2,48430,1.9594,106272,,40,results\final_plans\p2\n2\case_094_multicore_res.json
case_094,2,3,33239,2.8548,212544,,40,results\final_plans\p2\n3\case_094_multicore_res.json
case_094,2,4,23880,3.9737,318528,,40,results\final_plans\p2\n4\case_094_multicore_res.json
case_094,2,5,20601,4.6062,425088,,40,results\final_plans\p2\n5\case_094_multicore_res.json
case_094,3,2,48430,1.9594,106272,0.12814404432132964,40,results\final_plans\p3\n2\case_094_multicore_res.json
case_094,3,3,33239,2.8548,212544,0.21646156005802256,40,results\final_plans\p3\n3\case_094_multicore_res.json
case_094,3,4,23880,3.9737,318528,0.21075233966697726,40,results\final_plans\p3\n4\case_094_multicore_res.json
case_094,3,5,20601,4.6062,425088,0.22746581944097383,40,results\final_plans\p3\n5\case_094_multicore_res.json
case_095,1,2,1042890,1.9991,0,,2,results\final_plans\p1\n2\case_095_multicore_res.json
case_095,1,3,663480,3.1423,16330752,,9,results\final_plans\p1\n3\case_095_multicore_res.json
case_095,1,4,518918,4.0177,18284544,,12,results\final_plans\p1\n4\case_095_multicore_res.json
case_095,1,5,420852,4.9539,0,,5,results\final_plans\p1\n5\case_095_multicore_res.json
case_095,2,2,1042890,1.9991,0,,2,results\final_plans\p2\n2\case_095_multicore_res.json
case_095,2,3,673706,3.0946,16330752,,9,results\final_plans\p2\n3\case_095_multicore_res.json
case_095,2,4,524422,3.9755,0,,4,results\final_plans\p2\n4\case_095_multicore_res.json
case_095,2,5,420852,4.9539,0,,5,results\final_plans\p2\n5\case_095_multicore_res.json
case_095,3,2,1042890,1.9991,0,0.0,2,results\final_plans\p3\n2\case_095_multicore_res.json
case_095,3,3,673706,3.0946,16330752,0.0,9,results\final_plans\p3\n3\case_095_multicore_res.json
case_095,3,4,524422,3.9755,0,0.0,4,results\final_plans\p3\n4\case_095_multicore_res.json
case_095,3,5,420852,4.9539,0,0.0,5,results\final_plans\p3\n5\case_095_multicore_res.json
case_096,1,2,44237,1.9032,0,,2,results\final_plans\p1\n2\case_096_multicore_res.json
case_096,1,3,45601,1.8463,305108,,6,results\final_plans\p1\n3\case_096_multicore_res.json
case_096,1,4,40892,2.0589,822252,,25,results\final_plans\p1\n4\case_096_multicore_res.json
case_096,1,5,40116,2.0988,714846,,30,results\final_plans\p1\n5\case_096_multicore_res.json
case_096,2,2,44237,1.9032,0,,2,results\final_plans\p2\n2\case_096_multicore_res.json
case_096,2,3,33260,2.5314,125704,,5,results\final_plans\p2\n3\case_096_multicore_res.json
case_096,2,4,34771,2.4214,316044,,7,results\final_plans\p2\n4\case_096_multicore_res.json
case_096,2,5,26546,3.1716,520128,,30,results\final_plans\p2\n5\case_096_multicore_res.json
case_096,3,2,44237,1.9032,0,0.0,2,results\final_plans\p3\n2\case_096_multicore_res.json
case_096,3,3,33260,2.5314,125704,0.3203857223684534,5,results\final_plans\p3\n3\case_096_multicore_res.json
case_096,3,4,32157,2.6182,756244,0.442331101246719,28,results\final_plans\p3\n4\case_096_multicore_res.json
case_096,3,5,27289,3.0853,794900,0.471198340122923,32,results\final_plans\p3\n5\case_096_multicore_res.json
case_097,1,2,5192028,2.2133,29818880,,64,results\final_plans\p1\n2\case_097_multicore_res.json
case_097,1,3,3577028,3.2126,29818880,,64,results\final_plans\p1\n3\case_097_multicore_res.json
case_097,1,4,2608028,4.4062,29818880,,64,results\final_plans\p1\n4\case_097_multicore_res.json
case_097,1,5,2102348,5.466,21311488,,5,results\final_plans\p1\n5\case_097_multicore_res.json
case_097,2,2,5617602,2.0456,11796480,,2,results\final_plans\p2\n2\case_097_multicore_res.json
case_097,2,3,3660459,3.1394,16031744,,3,results\final_plans\p2\n3\case_097_multicore_res.json
case_097,2,4,2626908,4.3745,14221312,,4,results\final_plans\p2\n4\case_097_multicore_res.json
case_097,2,5,2102348,5.466,21311488,,5,results\final_plans\p2\n5\case_097_multicore_res.json
case_097,3,2,5617602,2.0456,11796480,0.0,2,results\final_plans\p3\n2\case_097_multicore_res.json
case_097,3,3,3660338,3.1395,16031744,0.2197214372224465,3,results\final_plans\p3\n3\case_097_multicore_res.json
case_097,3,4,2626908,4.3745,14221312,0.041666666666666664,4,results\final_plans\p3\n4\case_097_multicore_res.json
case_097,3,5,2102250,5.4663,21311488,0.24523466282236103,5,results\final_plans\p3\n5\case_097_multicore_res.json
case_098,1,2,112229,1.581,237588,,4,results\final_plans\p1\n2\case_098_multicore_res.json
case_098,1,3,92603,1.916,2213116,,21,results\final_plans\p1\n3\case_098_multicore_res.json
case_098,1,4,86165,2.0592,2366744,,29,results\final_plans\p1\n4\case_098_multicore_res.json
case_098,1,5,75917,2.3372,1614026,,28,results\final_plans\p1\n5\case_098_multicore_res.json
case_098,2,2,114584,1.5485,344136,,8,results\final_plans\p2\n2\case_098_multicore_res.json
case_098,2,3,78412,2.2628,1602782,,21,results\final_plans\p2\n3\case_098_multicore_res.json
case_098,2,4,75096,2.3627,1743106,,38,results\final_plans\p2\n4\case_098_multicore_res.json
case_098,2,5,67799,2.617,1274008,,28,results\final_plans\p2\n5\case_098_multicore_res.json
case_098,3,2,114584,1.5485,344136,0.3301919747565287,8,results\final_plans\p3\n2\case_098_multicore_res.json
case_098,3,3,77652,2.2849,1602782,0.42840113676261704,21,results\final_plans\p3\n3\case_098_multicore_res.json
case_098,3,4,74196,2.3914,1588494,0.4246716464735173,29,results\final_plans\p3\n4\case_098_multicore_res.json
case_098,3,5,63145,2.8099,1835272,0.4892988689143823,31,results\final_plans\p3\n5\case_098_multicore_res.json
case_099,1,2,810196,2.0032,7315456,,2,results\final_plans\p1\n2\case_099_multicore_res.json
case_099,1,3,544403,2.9812,8798208,,3,results\final_plans\p1\n3\case_099_multicore_res.json
case_099,1,4,407859,3.9793,9818112,,4,results\final_plans\p1\n4\case_099_multicore_res.json
case_099,1,5,337370,4.8107,6799360,,5,results\final_plans\p1\n5\case_099_multicore_res.json
case_099,2,2,810196,2.0032,7315456,,2,results\final_plans\p2\n2\case_099_multicore_res.json
case_099,2,3,544403,2.9812,8798208,,3,results\final_plans\p2\n3\case_099_multicore_res.json
case_099,2,4,407859,3.9793,9818112,,4,results\final_plans\p2\n4\case_099_multicore_res.json
case_099,2,5,336565,4.8222,10702848,,202,results\final_plans\p2\n5\case_099_multicore_res.json
case_099,3,2,805721,2.0143,7315456,0.45372079120422115,2,results\final_plans\p3\n2\case_099_multicore_res.json
case_099,3,3,540586,3.0023,8798208,0.5103806619225122,3,results\final_plans\p3\n3\case_099_multicore_res.json
case_099,3,4,404548,4.0119,9818112,0.5833074260606438,4,results\final_plans\p3\n4\case_099_multicore_res.json
case_099,3,5,327016,4.9631,10776576,0.5496124478295155,5,results\final_plans\p3\n5\case_099_multicore_res.json
case_100,1,2,102535,1.4748,760332,,5,results\final_plans\p1\n2\case_100_multicore_res.json
case_100,1,3,86479,1.7487,1061904,,7,results\final_plans\p1\n3\case_100_multicore_res.json
case_100,1,4,77393,1.954,1452048,,47,results\final_plans\p1\n4\case_100_multicore_res.json
case_100,1,5,74180,2.0386,1452048,,47,results\final_plans\p1\n5\case_100_multicore_res.json
case_100,2,2,95145,1.5894,1507092,,28,results\final_plans\p2\n2\case_100_multicore_res.json
case_100,2,3,68487,2.2081,518664,,5,results\final_plans\p2\n3\case_100_multicore_res.json
case_100,2,4,68920,2.1942,849424,,47,results\final_plans\p2\n4\case_100_multicore_res.json
case_100,2,5,67199,2.2504,957988,,39,results\final_plans\p2\n5\case_100_multicore_res.json
case_100,3,2,94980,1.5922,1507092,0.2667979928081453,28,results\final_plans\p3\n2\case_100_multicore_res.json
case_100,3,3,68487,2.2081,518664,0.5432852955902903,5,results\final_plans\p3\n3\case_100_multicore_res.json
case_100,3,4,67153,2.2519,1975572,0.4827818519646926,46,results\final_plans\p3\n4\case_100_multicore_res.json
case_100,3,5,65699,2.3018,2144790,0.6193299227233436,42,results\final_plans\p3\n5\case_100_multicore_res.json
