eval_problem,algorithm,variant,seed,runtime_s,eval_s,feasible,makespan,added_copy_bytes,partition_added_copy_bytes,spill_added_copy_bytes,scheduled_copy_bytes,cache_hit_rate,cache_hit_bytes,n_subgraphs,baseline_makespan,error,speedup,params,is_best,plan_path,proxy_fallback,case,problem,num_cores,mono_fix
1,capls,c0,0,0.011,0.122,True,116868,1152,1152.0,0.0,1640704.0,,,2,233110,,1.9946435294520313,"{""block_cap"": 0.35}",True,results\plans\case_001_p1_n2_capls_best.json,False,case_001,1,2,False
1,capls,c0,0,0.021,0.091,True,78545,2304,2304.0,0.0,1641856.0,,,3,233110,,2.9678528232223567,"{""block_cap"": 0.35}",True,results\plans\case_001_p1_n3_capls_best.json,False,case_001,1,3,False
1,capls,c0,0,0.028,0.123,True,58984,3456,3456.0,0.0,1643008.0,,,4,233110,,3.952088702020887,"{""block_cap"": 0.35}",True,results\plans\case_001_p1_n4_capls_best.json,False,case_001,1,4,False
1,capls,c0,0,0.038,0.118,True,47502,4608,4608.0,0.0,1644160.0,,,5,233110,,4.9073723211654245,"{""block_cap"": 0.35}",True,results\plans\case_001_p1_n5_capls_best.json,False,case_001,1,5,False
2,capls,c0,0,0.011,0.098,True,116868,1152,1152.0,0.0,1640704.0,,,2,233110,,1.9946435294520313,"{""block_cap"": 0.35}",True,results\plans\case_001_p2_n2_capls_best.json,False,case_001,2,2,False
2,capls,c0,0,0.029,0.098,True,78545,2304,2304.0,0.0,1641856.0,,,3,233110,,2.9678528232223567,"{""block_cap"": 0.35}",True,results\plans\case_001_p2_n3_capls_best.json,False,case_001,2,3,False
2,capls,c0,0,0.042,0.083,True,58984,3456,3456.0,0.0,1643008.0,,,4,233110,,3.952088702020887,"{""block_cap"": 0.35}",True,results\plans\case_001_p2_n4_capls_best.json,False,case_001,2,4,False
2,capls,c0,0,0.035,0.096,True,47502,4608,4608.0,0.0,1644160.0,,,5,233110,,4.9073723211654245,"{""block_cap"": 0.35}",True,results\plans\case_001_p2_n5_capls_best.json,False,case_001,2,5,False
3,capls,c0,0,0.016,0.082,True,116868,1152,1152.0,0.0,1640704.0,0.0,0.0,2,233110,,1.9946435294520313,"{""block_cap"": 0.35}",True,results\plans\case_001_p3_n2_capls_best.json,False,case_001,3,2,False
3,capls,c0,0,0.031,0.065,True,78545,2304,2304.0,0.0,1641856.0,0.0,0.0,3,233110,,2.9678528232223567,"{""block_cap"": 0.35}",True,results\plans\case_001_p3_n3_capls_best.json,False,case_001,3,3,False
3,capls,c0,0,0.028,0.076,True,58984,3456,3456.0,0.0,1643008.0,0.0,0.0,4,233110,,3.952088702020887,"{""block_cap"": 0.35}",True,results\plans\case_001_p3_n4_capls_best.json,False,case_001,3,4,False
3,capls,c0,0,0.056,0.077,True,47502,4608,4608.0,0.0,1644160.0,0.0,0.0,5,233110,,4.9073723211654245,"{""block_cap"": 0.35}",True,results\plans\case_001_p3_n5_capls_best.json,False,case_001,3,5,False
1,capls,sa2,0,0.559,0.557,True,132841,1575936,1575936.0,0.0,2800128.0,,,9,261945,,1.9718686248974338,"{""anneal"": true}",True,results\plans\case_002_p1_n2_capls_best.json,False,case_002,1,2,False
1,capls,c3,0,0.045,0.43,True,90573,55296,55296.0,0.0,1279488.0,,,6,261945,,2.8920870458083536,"{""block_cap"": 0.35, ""init"": ""contig""}",True,results\plans\case_002_p1_n3_capls_best.json,False,case_002,1,3,False
1,capls,c3,0,0.064,0.363,True,69677,86016,86016.0,0.0,1310208.0,,,8,261945,,3.7594184594629505,"{""block_cap"": 0.35, ""init"": ""contig""}",True,results\plans\case_002_p1_n4_capls_best.json,False,case_002,1,4,False
1,capls,c3,0,0.066,0.286,True,56971,112128,112128.0,0.0,1336320.0,,,11,261945,,4.597865580734058,"{""block_cap"": 0.35, ""init"": ""contig""}",True,results\plans\case_002_p1_n5_capls_best.json,False,case_002,1,5,False
2,capls,c14,0,0.288,0.28,True,121768,90624,90624.0,0.0,1314816.0,,,1798,261945,,2.1511809342355956,"{""alpha"": 0.8, ""block_cap"": 0.35, ""init"": ""rr"", ""mu"": 1.0, ""nu"": 0.5, ""subgraph_mode"": ""op""}",True,results\plans\case_002_p2_n2_capls_best.json,False,case_002,2,2,False
2,capls,c14,0,0.272,0.24,True,82329,138240,138240.0,0.0,1362432.0,,,1798,261945,,3.1816856757643115,"{""alpha"": 0.8, ""block_cap"": 0.35, ""init"": ""rr"", ""mu"": 1.0, ""nu"": 0.5, ""subgraph_mode"": ""op""}",True,results\plans\case_002_p2_n3_capls_best.json,False,case_002,2,3,False
2,capls,s9,9,0.258,0.281,True,65442,181248,181248.0,0.0,1405440.0,,,1798,261945,,4.0027046850646375,"{""alpha"": 0.8, ""block_cap"": 0.35, ""init"": ""rr"", ""mu"": 1.0, ""noise"": 0.05, ""nu"": 0.5, ""subgraph_mode"": ""op""}",True,results\plans\case_002_p2_n4_capls_best.json,False,case_002,2,4,False
2,capls,s6,6,0.236,0.272,True,54581,207360,207360.0,0.0,1431552.0,,,1798,261945,,4.799197522947546,"{""alpha"": 0.8, ""block_cap"": 0.35, ""init"": ""rr"", ""mu"": 1.0, ""noise"": 0.05, ""nu"": 0.5, ""subgraph_mode"": ""op""}",True,results\plans\case_002_p2_n5_capls_best.json,False,case_002,2,5,False
3,capls,c14,0,0.243,0.242,True,121768,90624,90624.0,0.0,1314816.0,0.0108433734939759,13824.0,1798,261945,,2.1511809342355956,"{""alpha"": 0.8, ""block_cap"": 0.35, ""init"": ""rr"", ""mu"": 1.0, ""nu"": 0.5, ""subgraph_mode"": ""op""}",True,results\plans\case_002_p3_n2_capls_best.json,False,case_002,3,2,False
3,capls,c14,0,0.275,0.178,True,82329,138240,138240.0,0.0,1362432.0,0.0141176470588235,18432.0,1798,261945,,3.1816856757643115,"{""alpha"": 0.8, ""block_cap"": 0.35, ""init"": ""rr"", ""mu"": 1.0, ""nu"": 0.5, ""subgraph_mode"": ""op""}",True,results\plans\case_002_p3_n3_capls_best.json,False,case_002,3,3,False
3,capls,s10,10,0.234,0.295,True,65392,181248,181248.0,0.0,1405440.0,0.0276816608996539,36864.0,1798,261945,,4.005765231220945,"{""alpha"": 0.8, ""block_cap"": 0.35, ""init"": ""rr"", ""mu"": 1.0, ""noise"": 0.05, ""nu"": 0.5, ""subgraph_mode"": ""op""}",True,results\plans\case_002_p3_n4_capls_best.json,False,case_002,3,4,False
3,capls,s6,6,0.25,0.295,True,54581,207360,207360.0,0.0,1431552.0,0.0171037628278221,23040.0,1798,261945,,4.799197522947546,"{""alpha"": 0.8, ""block_cap"": 0.35, ""init"": ""rr"", ""mu"": 1.0, ""noise"": 0.05, ""nu"": 0.5, ""subgraph_mode"": ""op""}",True,results\plans\case_002_p3_n5_capls_best.json,False,case_002,3,5,False
1,capls,sa3,0,6.055,6.041,True,561059,916640,916640.0,0.0,2200904.0,,,8,602212,,1.0733487921947602,"{""anneal"": true}",True,results\plans\case_003_p1_n2_capls_best.json,False,case_003,1,2,False
1,capls,sa2,0,5.341,5.325,True,286936,4449660,4449660.0,0.0,5733924.0,,,184,602212,,2.098767669445451,"{""anneal"": true}",True,results\plans\case_003_p1_n3_capls_best.json,False,case_003,1,3,False
1,capls,c2,0,1.506,4.184,True,225768,3757030,3757030.0,0.0,5041294.0,,,76,602212,,2.6673930760780977,"{""block_cap"": 0.35, ""init"": ""rr""}",True,results\plans\case_003_p1_n4_capls_best.json,False,case_003,1,4,False
1,capls,mono_embed_n4,0,1.726,5.452,True,225768,3757030,3757030.0,0.0,5041294.0,,,76,602212,,2.6673930760780977,"{""block_cap"": 0.35}",True,results/final_plans_mono/p1/n5/case_003_multicore_res.json,False,case_003,1,5,True
2,capls,c17,0,2.066,3.691,True,285420,1550994,1550994.0,0.0,2835258.0,,,13455,602212,,2.109915212669049,"{""alpha"": 0.8, ""block_cap"": 0.15, ""init"": ""rr"", ""mu"": 1.0, ""nu"": 0.5, ""subgraph_mode"": ""op""}",True,results\plans\case_003_p2_n2_capls_best.json,False,case_003,2,2,False
2,capls,c14,0,2.314,3.266,True,252886,2358296,2358296.0,0.0,3642560.0,,,13455,602212,,2.381357607775836,"{""alpha"": 0.8, ""block_cap"": 0.35, ""init"": ""rr"", ""mu"": 1.0, ""nu"": 0.5, ""subgraph_mode"": ""op""}",True,results\plans\case_003_p2_n3_capls_best.json,False,case_003,2,3,False
2,capls,c14,0,2.944,2.995,True,182260,3927966,3927966.0,0.0,5212230.0,,,13455,602212,,3.3041369472182596,"{""alpha"": 0.8, ""block_cap"": 0.35, ""init"": ""rr"", ""mu"": 1.0, ""nu"": 0.5, ""subgraph_mode"": ""op""}",True,results\plans\case_003_p2_n4_capls_best.json,False,case_003,2,4,False
2,capls,mono_embed_n4,0,2.824,3.272,True,182260,3927966,3927966.0,0.0,5212230.0,,,13455,602212,,3.3041369472182596,"{""alpha"": 0.8, ""block_cap"": 0.35, ""init"": ""rr"", ""mu"": 1.0, ""nu"": 0.5, ""subgraph_mode"": ""op""}",True,results/final_plans_mono/p2/n5/case_003_multicore_res.json,False,case_003,2,5,True
3,capls,c17,0,2.212,3.899,True,285418,1550994,1550994.0,0.0,2835258.0,0.1609158192027327,374790.0,13455,602212,,2.1099299974073116,"{""alpha"": 0.8, ""block_cap"": 0.15, ""init"": ""rr"", ""mu"": 1.0, ""nu"": 0.5, ""subgraph_mode"": ""op""}",True,results\plans\case_003_p3_n2_capls_best.json,False,case_003,3,2,False
3,capls,c14,0,2.182,3.293,True,251261,2358296,2358296.0,0.0,3642560.0,0.2427908593323933,687372.0,13455,602212,,2.3967587488706963,"{""alpha"": 0.8, ""block_cap"": 0.35, ""init"": ""rr"", ""mu"": 1.0, ""nu"": 0.5, ""subgraph_mode"": ""op""}",True,results\plans\case_003_p3_n3_capls_best.json,False,case_003,3,3,False
3,capls,c14,0,2.959,3.26,True,179646,3927966,3927966.0,0.0,5212230.0,0.4041731407126148,1632018.0,13455,602212,,3.352214911548267,"{""alpha"": 0.8, ""block_cap"": 0.35, ""init"": ""rr"", ""mu"": 1.0, ""nu"": 0.5, ""subgraph_mode"": ""op""}",True,results\plans\case_003_p3_n4_capls_best.json,False,case_003,3,4,False
3,capls,mono_embed_n4,9,2.426,4.08,True,179646,3927966,3927966.0,0.0,5212230.0,0.4041731407126148,1632018.0,13455,602212,,3.352214911548267,"{""alpha"": 0.8, ""block_cap"": 0.35, ""init"": ""rr"", ""mu"": 1.0, ""noise"": 0.05, ""nu"": 0.5, ""subgraph_mode"": ""op""}",True,results/final_plans_mono/p3/n5/case_003_multicore_res.json,False,case_003,3,5,True
1,capls,c0,0,0.011,0.192,True,199074,110592,110592.0,0.0,903168.0,,,2,392357,,1.9709103147573264,"{""block_cap"": 0.35}",True,results\plans\case_004_p1_n2_capls_best.json,False,case_004,1,2,False
1,capls,c0,0,0.028,0.115,True,134043,221184,221184.0,0.0,1013760.0,,,3,392357,,2.927098020784375,"{""block_cap"": 0.35}",True,results\plans\case_004_p1_n3_capls_best.json,False,case_004,1,3,False
1,capls,c0,0,0.038,0.148,True,104188,331776,331776.0,0.0,1124352.0,,,4,392357,,3.765855952700887,"{""block_cap"": 0.35}",True,results\plans\case_004_p1_n4_capls_best.json,False,case_004,1,4,False
1,capls,c0,0,0.035,0.116,True,88341,442368,442368.0,0.0,1234944.0,,,5,392357,,4.441391879195391,"{""block_cap"": 0.35}",True,results\plans\case_004_p1_n5_capls_best.json,False,case_004,1,5,False
2,capls,s2,2,0.093,0.15,True,195960,1382400,110592.0,1271808.0,2174976.0,,,777,392357,,2.0022300469483567,"{""alpha"": 1.0, ""block_cap"": 0.35, ""init"": ""rr"", ""mu"": 1.0, ""noise"": 0.05, ""nu"": 0.5, ""subgraph_mode"": ""op""}",True,results\plans\case_004_p2_n2_capls_best.json,False,case_004,2,2,False
2,capls,c14,0,0.095,0.118,True,130725,221184,221184.0,0.0,1013760.0,,,777,392357,,3.001392235609103,"{""alpha"": 0.8, ""block_cap"": 0.35, ""init"": ""rr"", ""mu"": 1.0, ""nu"": 0.5, ""subgraph_mode"": ""op""}",True,results\plans\case_004_p2_n3_capls_best.json,False,case_004,2,3,False
2,capls,c14,0,0.103,0.112,True,100126,331776,331776.0,0.0,1124352.0,,,777,392357,,3.9186325230209937,"{""alpha"": 0.8, ""block_cap"": 0.35, ""init"": ""rr"", ""mu"": 1.0, ""nu"": 0.5, ""subgraph_mode"": ""op""}",True,results\plans\case_004_p2_n4_capls_best.json,False,case_004,2,4,False
2,capls,c14,0,0.101,0.134,True,83319,442368,442368.0,0.0,1234944.0,,,777,392357,,4.709093964161836,"{""alpha"": 0.8, ""block_cap"": 0.35, ""init"": ""rr"", ""mu"": 1.0, ""nu"": 0.5, ""subgraph_mode"": ""op""}",True,results\plans\case_004_p2_n5_capls_best.json,False,case_004,2,5,False
3,capls,s2,2,0.127,0.146,True,195960,1382400,110592.0,1271808.0,2174976.0,0.1670644391408114,215040.0,777,392357,,2.0022300469483567,"{""alpha"": 1.0, ""block_cap"": 0.35, ""init"": ""rr"", ""mu"": 1.0, ""noise"": 0.05, ""nu"": 0.5, ""subgraph_mode"": ""op""}",True,results\plans\case_004_p3_n2_capls_best.json,False,case_004,3,2,False
3,capls,c14,0,0.1,0.131,True,130725,221184,221184.0,0.0,1013760.0,0.0,0.0,777,392357,,3.001392235609103,"{""alpha"": 0.8, ""block_cap"": 0.35, ""init"": ""rr"", ""mu"": 1.0, ""nu"": 0.5, ""subgraph_mode"": ""op""}",True,results\plans\case_004_p3_n3_capls_best.json,False,case_004,3,3,False
3,capls,c14,0,0.103,0.134,True,100126,331776,331776.0,0.0,1124352.0,0.1411764705882353,110592.0,777,392357,,3.9186325230209937,"{""alpha"": 0.8, ""block_cap"": 0.35, ""init"": ""rr"", ""mu"": 1.0, ""nu"": 0.5, ""subgraph_mode"": ""op""}",True,results\plans\case_004_p3_n4_capls_best.json,False,case_004,3,4,False
3,capls,c14,0,0.103,0.105,True,83319,442368,442368.0,0.0,1234944.0,0.0,0.0,777,392357,,4.709093964161836,"{""alpha"": 0.8, ""block_cap"": 0.35, ""init"": ""rr"", ""mu"": 1.0, ""nu"": 0.5, ""subgraph_mode"": ""op""}",True,results\plans\case_004_p3_n5_capls_best.json,False,case_004,3,5,False
1,capls,sa1,0,0.862,0.842,True,68676,1009752,1009752.0,0.0,1343166.0,,,21,95618,,1.392305900168909,"{""anneal"": true}",True,results\plans\case_005_p1_n2_capls_best.json,False,case_005,1,2,False
1,capls,sa2,0,0.925,0.921,True,55517,1143334,1143334.0,0.0,1476748.0,,,21,95618,,1.7223192895869734,"{""anneal"": true}",True,results\plans\case_005_p1_n3_capls_best.json,False,case_005,1,3,False
1,capls,mono_embed_n3,0,0.138,1.006,True,55517,1143334,1143334.0,0.0,1476748.0,,,21,95618,,1.7223192895869734,"{""block_cap"": 0.35, ""cores_used"": 3}",True,results/final_plans_mono/p1/n4/case_005_multicore_res.json,False,case_005,1,4,True
1,capls,mono_embed_n3,0,0.49,1.428,True,55517,1143334,1143334.0,0.0,1476748.0,,,21,95618,,1.7223192895869734,"{""block_cap"": 0.35, ""init"": ""rr"", ""level_mode"": ""alap_fill""}",True,results/final_plans_mono/p1/n5/case_005_multicore_res.json,False,case_005,1,5,True
2,capls,c14,0,0.457,0.952,True,52975,477222,477222.0,0.0,810636.0,,,4113,95618,,1.804964605946201,"{""alpha"": 0.8, ""block_cap"": 0.35, ""init"": ""rr"", ""mu"": 1.0, ""nu"": 0.5, ""subgraph_mode"": ""op""}",True,results\plans\case_005_p2_n2_capls_best.json,False,case_005,2,2,False
2,capls,s15,15,0.637,0.911,True,38285,801420,801420.0,0.0,1134834.0,,,4113,95618,,2.4975316703669845,"{""alpha"": 0.8, ""block_cap"": 0.35, ""init"": ""rr"", ""mu"": 1.0, ""noise"": 0.05, ""nu"": 0.5, ""subgraph_mode"": ""op""}",True,results\plans\case_005_p2_n3_capls_best.json,False,case_005,2,3,False
2,capls,mono_embed_n3,2,0.599,0.872,True,38285,801420,801420.0,0.0,1134834.0,,,4113,95618,,2.4975316703669845,"{""alpha"": 0.8, ""block_cap"": 0.35, ""init"": ""rr"", ""mu"": 1.0, ""noise"": 0.05, ""nu"": 0.5, ""subgraph_mode"": ""op""}",True,results/final_plans_mono/p2/n4/case_005_multicore_res.json,False,case_005,2,4,True
2,capls,mono_embed_n3,0,0.752,0.638,True,38285,801420,801420.0,0.0,1134834.0,,,4113,95618,,2.4975316703669845,"{""alpha"": 0.8, ""block_cap"": 0.35, ""init"": ""rr"", ""mu"": 1.0, ""nu"": 0.5, ""subgraph_mode"": ""op""}",True,results/final_plans_mono/p2/n5/case_005_multicore_res.json,False,case_005,2,5,True
3,capls,c14,0,0.493,0.954,True,52945,477222,477222.0,0.0,810636.0,0.1775340378567382,109062.0,4113,95618,,1.8059873453583908,"{""alpha"": 0.8, ""block_cap"": 0.35, ""init"": ""rr"", ""mu"": 1.0, ""nu"": 0.5, ""subgraph_mode"": ""op""}",True,results\plans\case_005_p3_n2_capls_best.json,False,case_005,3,2,False
3,capls,s2,2,0.636,0.859,True,38024,804684,804684.0,0.0,1138098.0,0.2770577749027808,221004.0,4113,95618,,2.5146749421418053,"{""alpha"": 0.8, ""block_cap"": 0.35, ""init"": ""rr"", ""mu"": 1.0, ""noise"": 0.05, ""nu"": 0.5, ""subgraph_mode"": ""op""}",True,results\plans\case_005_p3_n3_capls_best.json,False,case_005,3,3,False
3,capls,c14,0,0.719,0.732,True,36155,1236978,1236978.0,0.0,1570392.0,0.3776310920528504,416370.0,4113,95618,,2.644668787166367,"{""alpha"": 0.8, ""block_cap"": 0.35, ""init"": ""rr"", ""mu"": 1.0, ""nu"": 0.5, ""subgraph_mode"": ""op""}",True,results\plans\case_005_p3_n4_capls_best.json,False,case_005,3,4,False
3,capls,s9,9,0.722,0.7,True,35497,837720,837720.0,0.0,1171134.0,0.3481019880164779,298966.0,4113,95618,,2.6936924247119474,"{""alpha"": 0.8, ""block_cap"": 0.35, ""init"": ""rr"", ""mu"": 1.0, ""noise"": 0.05, ""nu"": 0.5, ""subgraph_mode"": ""op""}",True,results\plans\case_005_p3_n5_capls_best.json,False,case_005,3,5,False
1,capls,c12,0,0.028,0.169,True,45035,1154138,1154138.0,0.0,1697486.0,,,6,82837,,1.8393915843233042,"{""block_cap"": 0.35, ""init"": ""rr"", ""level_mode"": ""alap_fill""}",True,results\plans\case_006_p1_n2_capls_best.json,False,case_006,1,2,False
1,capls,c3,0,0.083,0.197,True,36031,363168,363168.0,0.0,906516.0,,,6,82837,,2.2990480419638644,"{""block_cap"": 0.35, ""init"": ""contig""}",True,results\plans\case_006_p1_n3_capls_best.json,False,case_006,1,3,False
1,capls,sa1,0,0.168,0.165,True,33209,1036744,1036744.0,0.0,1580092.0,,,24,82837,,2.494414164834834,"{""anneal"": true}",True,results\plans\case_006_p1_n4_capls_best.json,False,case_006,1,4,False
1,capls,sa1,0,0.121,0.118,True,28796,377182,377182.0,0.0,920530.0,,,13,82837,,2.8766842617030144,"{""anneal"": true}",True,results\plans\case_006_p1_n5_capls_best.json,False,case_006,1,5,False
2,capls,c3,0,0.04,0.121,True,43854,76680,76680.0,0.0,620028.0,,,4,82837,,1.8889268937839194,"{""block_cap"": 0.35, ""init"": ""contig""}",True,results\plans\case_006_p2_n2_capls_best.json,False,case_006,2,2,False
2,capls,c15,0,0.074,0.075,True,27968,613372,603132.0,10240.0,1156720.0,,,678,82837,,2.961849256292906,"{""alpha"": 1.0, ""block_cap"": 0.35, ""init"": ""rr"", ""mu"": 1.0, ""nu"": 0.5, ""subgraph_mode"": ""op""}",True,results\plans\case_006_p2_n3_capls_best.json,False,case_006,2,3,False
2,capls,s16,16,0.127,0.121,True,25390,493156,493156.0,0.0,1036504.0,,,678,82837,,3.262583694367861,"{""alpha"": 0.8, ""block_cap"": 0.15, ""init"": ""rr"", ""mu"": 1.0, ""noise"": 0.05, ""nu"": 0.5, ""subgraph_mode"": ""op""}",True,results\plans\case_006_p2_n4_capls_best.json,False,case_006,2,4,False
2,capls,s14,14,0.11,0.148,True,22940,336400,336400.0,0.0,879748.0,,,678,82837,,3.61102877070619,"{""alpha"": 0.8, ""block_cap"": 0.15, ""init"": ""rr"", ""mu"": 1.0, ""noise"": 0.05, ""nu"": 0.5, ""subgraph_mode"": ""op""}",True,results\plans\case_006_p2_n5_capls_best.json,False,case_006,2,5,False
3,capls,c3,0,0.049,0.098,True,43776,76680,76680.0,0.0,620028.0,0.0808822073662467,49024.0,4,82837,,1.8922925804093567,"{""block_cap"": 0.35, ""init"": ""contig""}",True,results\plans\case_006_p3_n2_capls_best.json,False,case_006,3,2,False
3,capls,s5,5,0.08,0.129,True,26930,618368,618368.0,0.0,1161716.0,0.4342722271712876,472866.0,678,82837,,3.076011882658745,"{""alpha"": 1.0, ""block_cap"": 0.35, ""init"": ""rr"", ""mu"": 1.0, ""noise"": 0.05, ""nu"": 0.5, ""subgraph_mode"": ""op""}",True,results\plans\case_006_p3_n3_capls_best.json,False,case_006,3,3,False
3,capls,s9,9,0.099,0.136,True,25382,856926,856926.0,0.0,1400274.0,0.432280059975718,545470.0,678,82837,,3.2636120085099676,"{""alpha"": 0.8, ""block_cap"": 0.15, ""init"": ""rr"", ""mu"": 1.0, ""noise"": 0.05, ""nu"": 0.5, ""subgraph_mode"": ""op""}",True,results\plans\case_006_p3_n4_capls_best.json,False,case_006,3,4,False
3,capls,s1,1,0.109,0.171,True,22533,916100,916100.0,0.0,1459448.0,0.4157456472369417,549200.0,678,82837,,3.6762526072870902,"{""alpha"": 0.8, ""block_cap"": 0.15, ""init"": ""rr"", ""mu"": 1.0, ""noise"": 0.05, ""nu"": 0.5, ""subgraph_mode"": ""op""}",True,results\plans\case_006_p3_n5_capls_best.json,False,case_006,3,5,False
1,capls,c0,0,0.062,2.754,True,507494,27648,27648.0,0.0,1760256.0,,,2,1012562,,1.9952196479170197,"{""block_cap"": 0.35}",True,results\plans\case_007_p1_n2_capls_best.json,False,case_007,1,2,False
1,capls,c0,0,0.111,1.761,True,338094,55296,55296.0,0.0,1787904.0,,,3,1012562,,2.994912657426633,"{""block_cap"": 0.35}",True,results\plans\case_007_p1_n3_capls_best.json,False,case_007,1,3,False
1,capls,c0,0,0.13,1.49,True,254398,82944,82944.0,0.0,1815552.0,,,4,1012562,,3.980227831979811,"{""block_cap"": 0.35}",True,results\plans\case_007_p1_n4_capls_best.json,False,case_007,1,4,False
1,capls,c0,0,0.126,1.203,True,203834,110592,110592.0,0.0,1843200.0,,,5,1012562,,4.967581463347626,"{""block_cap"": 0.35}",True,results\plans\case_007_p1_n5_capls_best.json,False,case_007,1,5,False
2,capls,c0,0,0.131,1.018,True,507494,27648,27648.0,0.0,1760256.0,,,2,1012562,,1.9952196479170197,"{""block_cap"": 0.35}",True,results\plans\case_007_p2_n2_capls_best.json,False,case_007,2,2,False
2,capls,c0,0,0.114,0.624,True,338094,55296,55296.0,0.0,1787904.0,,,3,1012562,,2.994912657426633,"{""block_cap"": 0.35}",True,results\plans\case_007_p2_n3_capls_best.json,False,case_007,2,3,False
2,capls,c0,0,0.179,0.758,True,254398,82944,82944.0,0.0,1815552.0,,,4,1012562,,3.980227831979811,"{""block_cap"": 0.35}",True,results\plans\case_007_p2_n4_capls_best.json,False,case_007,2,4,False
2,capls,c0,0,0.233,0.605,True,203834,110592,110592.0,0.0,1843200.0,,,5,1012562,,4.967581463347626,"{""block_cap"": 0.35}",True,results\plans\case_007_p2_n5_capls_best.json,False,case_007,2,5,False
3,capls,c0,0,0.09,0.908,True,507494,27648,27648.0,0.0,1760256.0,0.0,0.0,2,1012562,,1.9952196479170197,"{""block_cap"": 0.35}",True,results\plans\case_007_p3_n2_capls_best.json,False,case_007,3,2,False
3,capls,c0,0,0.122,0.768,True,338094,55296,55296.0,0.0,1787904.0,0.0,0.0,3,1012562,,2.994912657426633,"{""block_cap"": 0.35}",True,results\plans\case_007_p3_n3_capls_best.json,False,case_007,3,3,False
3,capls,c0,0,0.152,0.651,True,254398,82944,82944.0,0.0,1815552.0,0.0,0.0,4,1012562,,3.980227831979811,"{""block_cap"": 0.35}",True,results\plans\case_007_p3_n4_capls_best.json,False,case_007,3,4,False
3,capls,c0,0,0.202,0.773,True,203834,110592,110592.0,0.0,1843200.0,0.0,0.0,5,1012562,,4.967581463347626,"{""block_cap"": 0.35}",True,results\plans\case_007_p3_n5_capls_best.json,False,case_007,3,5,False
1,capls,sa1,0,0.001,0.345,True,244163,1990656,1990656.0,0.0,4645080.0,,,3,487605,,1.997047054631537,"{""anneal"": true}",True,results\plans\case_008_p1_n2_capls_best.json,False,case_008,1,2,False
1,capls,sa1,0,0.001,0.284,True,163256,1327104,1327104.0,0.0,3981528.0,,,4,487605,,2.9867508697995784,"{""anneal"": true}",True,results\plans\case_008_p1_n3_capls_best.json,False,case_008,1,3,False
1,capls,sa1,0,0.001,0.279,True,122957,995328,995328.0,0.0,3649752.0,,,5,487605,,3.9656546597591027,"{""anneal"": true}",True,results\plans\case_008_p1_n4_capls_best.json,False,case_008,1,4,False
1,capls,sa3,0,0.0,0.251,True,100500,811008,811008.0,0.0,3465432.0,,,6,487605,,4.851791044776119,"{""anneal"": true}",True,results\plans\case_008_p1_n5_capls_best.json,False,case_008,1,5,False
2,capls,c14,0,0.074,0.145,True,155082,0,0.0,0.0,2654424.0,,,864,487605,,3.144175339497814,"{""alpha"": 0.8, ""block_cap"": 0.35, ""init"": ""rr"", ""mu"": 1.0, ""nu"": 0.5, ""subgraph_mode"": ""op""}",True,results\plans\case_008_p2_n2_capls_best.json,False,case_008,2,2,False
2,capls,c14,0,0.077,0.188,True,110895,0,0.0,0.0,2654424.0,,,864,487605,,4.3969971594751796,"{""alpha"": 0.8, ""block_cap"": 0.35, ""init"": ""rr"", ""mu"": 1.0, ""nu"": 0.5, ""subgraph_mode"": ""op""}",True,results\plans\case_008_p2_n3_capls_best.json,False,case_008,2,3,False
2,capls,c14,0,0.074,0.167,True,88500,0,0.0,0.0,2654424.0,,,864,487605,,5.509661016949153,"{""alpha"": 0.8, ""block_cap"": 0.35, ""init"": ""rr"", ""mu"": 1.0, ""nu"": 0.5, ""subgraph_mode"": ""op""}",True,results\plans\case_008_p2_n4_capls_best.json,False,case_008,2,4,False
2,capls,c14,0,0.082,0.149,True,71833,0,0.0,0.0,2654424.0,,,864,487605,,6.788036139378837,"{""alpha"": 0.8, ""block_cap"": 0.35, ""init"": ""rr"", ""mu"": 1.0, ""nu"": 0.5, ""subgraph_mode"": ""op""}",True,results\plans\case_008_p2_n5_capls_best.json,False,case_008,2,5,False
3,capls,c14,0,0.076,0.158,True,155082,0,0.0,0.0,2654424.0,0.0,0.0,864,487605,,3.144175339497814,"{""alpha"": 0.8, ""block_cap"": 0.35, ""init"": ""rr"", ""mu"": 1.0, ""nu"": 0.5, ""subgraph_mode"": ""op""}",True,results\plans\case_008_p3_n2_capls_best.json,False,case_008,3,2,False
3,capls,c14,0,0.072,0.147,True,110895,0,0.0,0.0,2654424.0,0.0,0.0,864,487605,,4.3969971594751796,"{""alpha"": 0.8, ""block_cap"": 0.35, ""init"": ""rr"", ""mu"": 1.0, ""nu"": 0.5, ""subgraph_mode"": ""op""}",True,results\plans\case_008_p3_n3_capls_best.json,False,case_008,3,3,False
3,capls,c14,0,0.073,0.18,True,88500,0,0.0,0.0,2654424.0,0.0,0.0,864,487605,,5.509661016949153,"{""alpha"": 0.8, ""block_cap"": 0.35, ""init"": ""rr"", ""mu"": 1.0, ""nu"": 0.5, ""subgraph_mode"": ""op""}",True,results\plans\case_008_p3_n4_capls_best.json,False,case_008,3,4,False
3,capls,c14,0,0.082,0.116,True,71833,0,0.0,0.0,2654424.0,0.0,0.0,864,487605,,6.788036139378837,"{""alpha"": 0.8, ""block_cap"": 0.35, ""init"": ""rr"", ""mu"": 1.0, ""nu"": 0.5, ""subgraph_mode"": ""op""}",True,results\plans\case_008_p3_n5_capls_best.json,False,case_008,3,5,False
1,capls,sa3,0,1.195,1.19,True,111035,2289206,2289206.0,0.0,2784538.0,,,133,153261,,1.3802945017336876,"{""anneal"": true}",True,results\plans\case_009_p1_n2_capls_best.json,False,case_009,1,2,False
1,capls,sa1,0,1.222,1.206,True,88247,699372,699372.0,0.0,1194704.0,,,61,153261,,1.7367275941391775,"{""anneal"": true}",True,results\plans\case_009_p1_n3_capls_best.json,False,case_009,1,3,False
1,capls,mono_embed_n3,0,1.251,1.231,True,88247,699372,699372.0,0.0,1194704.0,,,61,153261,,1.7367275941391775,"{""anneal"": true}",True,results/final_plans_mono/p1/n4/case_009_multicore_res.json,False,case_009,1,4,True
1,capls,sa1,0,1.474,1.454,True,68190,825050,825050.0,0.0,1320382.0,,,125,153261,,2.2475582930048392,"{""anneal"": true}",True,results\plans\case_009_p1_n5_capls_best.json,False,case_009,1,5,False
2,capls,c14,0,0.996,1.193,True,91267,299150,299150.0,0.0,794482.0,,,5671,153261,,1.6792597543471353,"{""alpha"": 0.8, ""block_cap"": 0.35, ""init"": ""rr"", ""mu"": 1.0, ""nu"": 0.5, ""subgraph_mode"": ""op""}",True,results\plans\case_009_p2_n2_capls_best.json,False,case_009,2,2,False
2,capls,c14,0,0.978,1.044,True,66004,574108,574108.0,0.0,1069440.0,,,5671,153261,,2.321995636628083,"{""alpha"": 0.8, ""block_cap"": 0.35, ""init"": ""rr"", ""mu"": 1.0, ""nu"": 0.5, ""subgraph_mode"": ""op""}",True,results\plans\case_009_p2_n3_capls_best.json,False,case_009,2,3,False
2,capls,c12,0,0.589,1.464,True,63921,747930,747930.0,0.0,1243262.0,,,100,153261,,2.3976627399446193,"{""block_cap"": 0.35, ""init"": ""rr"", ""level_mode"": ""alap_fill""}",True,results\plans\case_009_p2_n4_capls_best.json,False,case_009,2,4,False
2,capls,c14,0,1.151,1.067,True,49750,929592,929592.0,0.0,1424924.0,,,5671,153261,,3.0806231155778896,"{""alpha"": 0.8, ""block_cap"": 0.35, ""init"": ""rr"", ""mu"": 1.0, ""nu"": 0.5, ""subgraph_mode"": ""op""}",True,results\plans\case_009_p2_n5_capls_best.json,False,case_009,2,5,False
3,capls,c14,0,0.944,0.979,True,91263,299150,299150.0,0.0,794482.0,0.2235859712923933,162310.0,5671,153261,,1.6793333552480194,"{""alpha"": 0.8, ""block_cap"": 0.35, ""init"": ""rr"", ""mu"": 1.0, ""nu"": 0.5, ""subgraph_mode"": ""op""}",True,results\plans\case_009_p3_n2_capls_best.json,False,case_009,3,2,False
3,capls,c14,0,1.015,1.134,True,65976,574108,574108.0,0.0,1069440.0,0.2948260919868933,270112.0,5671,153261,,2.3229810840305567,"{""alpha"": 0.8, ""block_cap"": 0.35, ""init"": ""rr"", ""mu"": 1.0, ""nu"": 0.5, ""subgraph_mode"": ""op""}",True,results\plans\case_009_p3_n3_capls_best.json,False,case_009,3,3,False
3,capls,c12,0,0.588,1.501,True,63026,747930,747930.0,0.0,1243262.0,0.4230412300265803,443090.0,100,153261,,2.431710722558944,"{""block_cap"": 0.35, ""init"": ""rr"", ""level_mode"": ""alap_fill""}",True,results\plans\case_009_p3_n4_capls_best.json,False,case_009,3,4,False
3,capls,c14,0,1.168,1.12,True,48320,929592,929592.0,0.0,1424924.0,0.3755509110303619,433044.0,5671,153261,,3.1717922185430463,"{""alpha"": 0.8, ""block_cap"": 0.35, ""init"": ""rr"", ""mu"": 1.0, ""nu"": 0.5, ""subgraph_mode"": ""op""}",True,results\plans\case_009_p3_n5_capls_best.json,False,case_009,3,5,False
1,capls,c6,0,0.014,0.162,True,44202,27648,27648.0,0.0,411798.0,,,2,86969,,1.9675354056377539,"{""block_cap"": 0.6, ""comm_weight"": 1e-06}",True,results\plans\case_010_p1_n2_capls_best.json,False,case_010,1,2,False
1,capls,sa3,0,0.155,0.154,True,35952,1076548,1076548.0,0.0,1460698.0,,,34,86969,,2.419030930129061,"{""anneal"": true}",True,results\plans\case_010_p1_n3_capls_best.json,False,case_010,1,3,False
1,capls,c7,0,0.073,0.139,True,35660,676806,676806.0,0.0,1060956.0,,,17,86969,,2.4388390353337073,"{""block_cap"": 0.08}",True,results\plans\case_010_p1_n4_capls_best.json,False,case_010,1,4,False
1,capls,c0,0,0.061,0.171,True,33508,775994,775994.0,0.0,1160144.0,,,19,86969,,2.5954697385698937,"{""block_cap"": 0.35}",True,results\plans\case_010_p1_n5_capls_best.json,False,case_010,1,5,False
2,capls,c17,0,0.091,0.068,True,42089,496332,496332.0,0.0,880482.0,,,667,86969,,2.0663118629570674,"{""alpha"": 0.8, ""block_cap"": 0.15, ""init"": ""rr"", ""mu"": 1.0, ""nu"": 0.5, ""subgraph_mode"": ""op""}",True,results\plans\case_010_p2_n2_capls_best.json,False,case_010,2,2,False
2,capls,s10,10,0.091,0.155,True,27958,548196,548196.0,0.0,932346.0,,,667,86969,,3.1107017669361183,"{""alpha"": 0.8, ""block_cap"": 0.15, ""init"": ""rr"", ""mu"": 1.0, ""noise"": 0.05, ""nu"": 0.5, ""subgraph_mode"": ""op""}",True,results\plans\case_010_p2_n3_capls_best.json,False,case_010,2,3,False
2,capls,c16,0,0.112,0.141,True,26757,533848,533848.0,0.0,917998.0,,,667,86969,,3.2503270172291363,"{""alpha"": 0.8, ""block_cap"": 0.35, ""init"": ""rr"", ""mu"": 0.0, ""nu"": 0.0, ""subgraph_mode"": ""op""}",True,results\plans\case_010_p2_n4_capls_best.json,False,case_010,2,4,False
2,capls,s7,7,0.119,0.125,True,23284,471140,471140.0,0.0,855290.0,,,667,86969,,3.735140010307507,"{""alpha"": 0.8, ""block_cap"": 0.35, ""init"": ""rr"", ""mu"": 1.0, ""noise"": 0.05, ""nu"": 0.5, ""subgraph_mode"": ""op""}",True,results\plans\case_010_p2_n5_capls_best.json,False,case_010,2,5,False
3,capls,s1,1,0.101,0.105,True,41582,496332,496332.0,0.0,880482.0,0.2430345977490621,174912.0,667,86969,,2.0915059400702227,"{""alpha"": 0.8, ""block_cap"": 0.15, ""init"": ""rr"", ""mu"": 1.0, ""noise"": 0.05, ""nu"": 0.5, ""subgraph_mode"": ""op""}",True,results\plans\case_010_p3_n2_capls_best.json,False,case_010,3,2,False
3,capls,s10,10,0.118,0.179,True,27337,548196,548196.0,0.0,932346.0,0.1996109902067464,146754.0,667,86969,,3.1813659143285657,"{""alpha"": 0.8, ""block_cap"": 0.15, ""init"": ""rr"", ""mu"": 1.0, ""noise"": 0.05, ""nu"": 0.5, ""subgraph_mode"": ""op""}",True,results\plans\case_010_p3_n3_capls_best.json,False,case_010,3,3,False
3,capls,s10,10,0.115,0.138,True,24926,635524,635524.0,0.0,1019674.0,0.2582196917368909,209348.0,667,86969,,3.489087699590789,"{""alpha"": 0.8, ""block_cap"": 0.15, ""init"": ""rr"", ""mu"": 1.0, ""noise"": 0.05, ""nu"": 0.5, ""subgraph_mode"": ""op""}",True,results\plans\case_010_p3_n4_capls_best.json,False,case_010,3,4,False
3,capls,s10,10,0.12,0.119,True,22007,670752,670752.0,0.0,1054902.0,0.3833661709832583,348292.0,667,86969,,3.9518789476075793,"{""alpha"": 0.8, ""block_cap"": 0.35, ""init"": ""rr"", ""mu"": 0.0, ""noise"": 0.05, ""nu"": 0.0, ""subgraph_mode"": ""op""}",True,results\plans\case_010_p3_n5_capls_best.json,False,case_010,3,5,False
1,capls,c0,0,0.016,0.146,True,92646,180224,180224.0,0.0,786432.0,,,2,184697,,1.9935777043801135,"{""block_cap"": 0.35}",True,results\plans\case_011_p1_n2_capls_best.json,False,case_011,1,2,False
1,capls,c0,0,0.019,0.207,True,69625,1081344,1081344.0,0.0,1687552.0,,,3,184697,,2.6527396768402154,"{""block_cap"": 0.35}",True,results\plans\case_011_p1_n3_capls_best.json,False,case_011,1,3,False
1,capls,c0,0,0.035,0.176,True,46880,540672,540672.0,0.0,1146880.0,,,4,184697,,3.9397824232081913,"{""block_cap"": 0.35}",True,results\plans\case_011_p1_n4_capls_best.json,False,case_011,1,4,False
1,capls,c3,0,0.042,0.168,True,46777,1216512,1216512.0,0.0,1822720.0,,,5,184697,,3.9484575753041025,"{""block_cap"": 0.35, ""init"": ""contig""}",True,results\plans\case_011_p1_n5_capls_best.json,False,case_011,1,5,False
2,capls,c0,0,0.02,0.115,True,92646,180224,180224.0,0.0,786432.0,,,2,184697,,1.9935777043801135,"{""block_cap"": 0.35}",True,results\plans\case_011_p2_n2_capls_best.json,False,case_011,2,2,False
2,capls,c1,0,0.032,0.166,True,66222,2766848,2766848.0,0.0,3373056.0,,,6,184697,,2.7890580169732115,"{""block_cap"": 0.15}",True,results\plans\case_011_p2_n3_capls_best.json,False,case_011,2,3,False
2,capls,c0,0,0.04,0.108,True,46880,540672,540672.0,0.0,1146880.0,,,4,184697,,3.9397824232081913,"{""block_cap"": 0.35}",True,results\plans\case_011_p2_n4_capls_best.json,False,case_011,2,4,False
2,capls,c1,0,0.097,0.136,True,40551,1650688,1650688.0,0.0,2256896.0,,,9,184697,,4.554684224803334,"{""block_cap"": 0.15}",True,results\plans\case_011_p2_n5_capls_best.json,False,case_011,2,5,False
3,capls,c0,0,0.022,0.111,True,92646,180224,180224.0,0.0,786432.0,0.0,0.0,2,184697,,1.9935777043801135,"{""block_cap"": 0.35}",True,results\plans\case_011_p3_n2_capls_best.json,False,case_011,3,2,False
3,capls,c1,0,0.034,0.202,True,66222,2766848,2766848.0,0.0,3373056.0,0.3811509591326105,935936.0,6,184697,,2.7890580169732115,"{""block_cap"": 0.15}",True,results\plans\case_011_p3_n3_capls_best.json,False,case_011,3,3,False
3,capls,c0,0,0.041,0.125,True,46880,540672,540672.0,0.0,1146880.0,0.0,0.0,4,184697,,3.9397824232081913,"{""block_cap"": 0.35}",True,results\plans\case_011_p3_n4_capls_best.json,False,case_011,3,4,False
3,capls,s11,11,0.189,0.294,True,43081,2985984,2985984.0,0.0,3592192.0,0.4480122324159021,1200128.0,688,184697,,4.287203175413755,"{""alpha"": 0.8, ""block_cap"": 0.15, ""init"": ""rr"", ""mu"": 1.0, ""noise"": 0.05, ""nu"": 0.5, ""subgraph_mode"": ""op""}",True,results\plans\case_011_p3_n5_capls_best.json,False,case_011,3,5,False
1,capls,c3,0,0.017,0.321,True,29841,0,0.0,0.0,554898.0,,,2,59088,,1.980094500854529,"{""block_cap"": 0.35, ""init"": ""contig""}",True,results\plans\case_012_p1_n2_capls_best.json,False,case_012,1,2,False
1,capls,sa2,0,0.001,0.311,True,21365,87136,87136.0,0.0,642034.0,,,4,59088,,2.7656447460800373,"{""anneal"": true}",True,results\plans\case_012_p1_n3_capls_best.json,False,case_012,1,3,False
1,capls,c7,0,0.114,0.289,True,19044,118134,118134.0,0.0,673032.0,,,8,59088,,3.1027095148078137,"{""block_cap"": 0.08}",True,results\plans\case_012_p1_n4_capls_best.json,False,case_012,1,4,False
1,capls,c1,0,0.116,0.28,True,18241,101380,101380.0,0.0,656278.0,,,10,59088,,3.239296091223069,"{""block_cap"": 0.15}",True,results\plans\case_012_p1_n5_capls_best.json,False,case_012,1,5,False
2,capls,c15,0,0.143,0.155,True,21950,0,0.0,0.0,554898.0,,,972,59088,,2.6919362186788156,"{""alpha"": 1.0, ""block_cap"": 0.35, ""init"": ""rr"", ""mu"": 1.0, ""nu"": 0.5, ""subgraph_mode"": ""op""}",True,results\plans\case_012_p2_n2_capls_best.json,False,case_012,2,2,False
2,capls,c16,0,0.188,0.128,True,18325,163322,163322.0,0.0,718220.0,,,972,59088,,3.2244474761255115,"{""alpha"": 0.8, ""block_cap"": 0.35, ""init"": ""rr"", ""mu"": 0.0, ""nu"": 0.0, ""subgraph_mode"": ""op""}",True,results\plans\case_012_p2_n3_capls_best.json,False,case_012,2,3,False
2,capls,s3,3,0.193,0.167,True,15493,74960,74960.0,0.0,629858.0,,,972,59088,,3.8138514167688635,"{""alpha"": 0.8, ""block_cap"": 0.15, ""init"": ""rr"", ""mu"": 1.0, ""noise"": 0.05, ""nu"": 0.5, ""subgraph_mode"": ""op""}",True,results\plans\case_012_p2_n4_capls_best.json,False,case_012,2,4,False
2,capls,s1,1,0.194,0.215,True,14614,75118,75118.0,0.0,630016.0,,,972,59088,,4.043246202271794,"{""alpha"": 0.8, ""block_cap"": 0.15, ""init"": ""rr"", ""mu"": 1.0, ""noise"": 0.05, ""nu"": 0.5, ""subgraph_mode"": ""op""}",True,results\plans\case_012_p2_n5_capls_best.json,False,case_012,2,5,False
3,capls,c15,0,0.146,0.126,True,21950,0,0.0,0.0,554898.0,0.0,0.0,972,59088,,2.6919362186788156,"{""alpha"": 1.0, ""block_cap"": 0.35, ""init"": ""rr"", ""mu"": 1.0, ""nu"": 0.5, ""subgraph_mode"": ""op""}",True,results\plans\case_012_p3_n2_capls_best.json,False,case_012,3,2,False
3,capls,c16,0,0.169,0.197,True,19484,258886,258886.0,0.0,813784.0,0.2389053967344758,173506.0,972,59088,,3.0326421679326625,"{""alpha"": 0.8, ""block_cap"": 0.35, ""init"": ""rr"", ""mu"": 0.0, ""nu"": 0.0, ""subgraph_mode"": ""op""}",True,results\plans\case_012_p3_n3_capls_best.json,False,case_012,3,3,False
3,capls,c17,0,0.205,0.155,True,14808,185214,185214.0,0.0,740112.0,0.1896481535330038,123918.0,972,59088,,3.9902755267423013,"{""alpha"": 0.8, ""block_cap"": 0.15, ""init"": ""rr"", ""mu"": 1.0, ""nu"": 0.5, ""subgraph_mode"": ""op""}",True,results\plans\case_012_p3_n4_capls_best.json,False,case_012,3,4,False
3,capls,s10,10,0.198,0.234,True,13281,182852,182852.0,0.0,737750.0,0.2189182253126966,143310.0,972,59088,,4.449062570589564,"{""alpha"": 0.8, ""block_cap"": 0.35, ""init"": ""rr"", ""mu"": 1.0, ""noise"": 0.05, ""nu"": 0.5, ""subgraph_mode"": ""op""}",True,results\plans\case_012_p3_n5_capls_best.json,False,case_012,3,5,False
1,capls,c0,0,0.046,0.984,True,132198,8192,8192.0,0.0,2535424.0,,,2,263949,,1.9966187083011846,"{""block_cap"": 0.35}",True,results\plans\case_013_p1_n2_capls_best.json,False,case_013,1,2,False
1,capls,c0,0,0.073,0.686,True,88351,16384,16384.0,0.0,2543616.0,,,3,263949,,2.98750438591527,"{""block_cap"": 0.35}",True,results\plans\case_013_p1_n3_capls_best.json,False,case_013,1,3,False
1,capls,c0,0,0.113,0.608,True,66982,24576,24576.0,0.0,2551808.0,,,4,263949,,3.9405959810098237,"{""block_cap"": 0.35}",True,results\plans\case_013_p1_n4_capls_best.json,False,case_013,1,4,False
1,capls,c0,0,0.118,0.607,True,54363,32768,32768.0,0.0,2560000.0,,,5,263949,,4.855305998565201,"{""block_cap"": 0.35}",True,results\plans\case_013_p1_n5_capls_best.json,False,case_013,1,5,False
2,capls,c0,0,0.064,0.39,True,132198,8192,8192.0,0.0,2535424.0,,,2,263949,,1.9966187083011846,"{""block_cap"": 0.35}",True,results\plans\case_013_p2_n2_capls_best.json,False,case_013,2,2,False
2,capls,c0,0,0.102,0.4,True,88351,16384,16384.0,0.0,2543616.0,,,3,263949,,2.98750438591527,"{""block_cap"": 0.35}",True,results\plans\case_013_p2_n3_capls_best.json,False,case_013,2,3,False
2,capls,c0,0,0.126,0.402,True,66982,24576,24576.0,0.0,2551808.0,,,4,263949,,3.9405959810098237,"{""block_cap"": 0.35}",True,results\plans\case_013_p2_n4_capls_best.json,False,case_013,2,4,False
2,capls,c0,0,0.166,0.344,True,54363,32768,32768.0,0.0,2560000.0,,,5,263949,,4.855305998565201,"{""block_cap"": 0.35}",True,results\plans\case_013_p2_n5_capls_best.json,False,case_013,2,5,False
3,capls,c0,0,0.065,0.404,True,132198,8192,8192.0,0.0,2535424.0,0.0,0.0,2,263949,,1.9966187083011846,"{""block_cap"": 0.35}",True,results\plans\case_013_p3_n2_capls_best.json,False,case_013,3,2,False
3,capls,c0,0,0.14,0.463,True,88351,16384,16384.0,0.0,2543616.0,0.0,0.0,3,263949,,2.98750438591527,"{""block_cap"": 0.35}",True,results\plans\case_013_p3_n3_capls_best.json,False,case_013,3,3,False
3,capls,c0,0,0.132,0.42,True,66982,24576,24576.0,0.0,2551808.0,0.0,0.0,4,263949,,3.9405959810098237,"{""block_cap"": 0.35}",True,results\plans\case_013_p3_n4_capls_best.json,False,case_013,3,4,False
3,capls,c0,0,0.158,0.354,True,54363,32768,32768.0,0.0,2560000.0,0.0,0.0,5,263949,,4.855305998565201,"{""block_cap"": 0.35}",True,results\plans\case_013_p3_n5_capls_best.json,False,case_013,3,5,False
1,capls,mono_embed_n1,0,0.021,1235.63,True,17698626,71010720,0.0,71010720.0,80943460.0,,,1,17698626,,1.0,"{""block_cap"": 0.35, ""cores_used"": 1, ""proxy_fallback"": true}",True,results/final_plans_mono/p1/n2/case_014_multicore_res.json,True,case_014,1,2,True
1,capls,mono_embed_n1,0,0.037,1221.509,True,17698626,71010720,0.0,71010720.0,80943460.0,,,1,17698626,,1.0,"{""block_cap"": 0.35, ""cores_used"": 1, ""proxy_fallback"": true}",True,results/final_plans_mono/p1/n3/case_014_multicore_res.json,True,case_014,1,3,True
1,capls,c0,0,0.033,1280.472,True,4577787,89273760,23348736.0,65925024.0,99206500.0,,,4,17698626,,3.8661969200401853,"{""block_cap"": 0.35, ""proxy_fallback"": true}",True,results\plans\case_014_p1_n4_capls_best.json,True,case_014,1,4,False
1,capls,c0,0,0.02,1288.79,True,3752694,92875680,30978048.0,61897632.0,102808420.0,,,5,17698626,,4.716245449269245,"{""block_cap"": 0.35, ""proxy_fallback"": true}",True,results\plans\case_014_p1_n5_capls_best.json,True,case_014,1,5,False
2,capls,c1,0,0.819,13.7,True,8904271,76033440,7799808.0,68233632.0,85966180.0,,,2,17698626,,1.9876558114639593,"{""block_cap"": 0.15}",True,results\plans\case_014_p2_n2_capls_best.json,False,case_014,2,2,False
2,capls,c8,0,1.343,12.686,True,5933771,80019536,18050360.0,61969176.0,89952276.0,,,46,17698626,,2.9826944787724368,"{""block_cap"": 0.005}",True,results\plans\case_014_p2_n3_capls_best.json,False,case_014,2,3,False
2,capls,c8,0,1.19,12.858,True,4511152,87805200,29713272.0,58091928.0,97737940.0,,,59,17698626,,3.9233051779235106,"{""block_cap"": 0.005}",True,results\plans\case_014_p2_n4_capls_best.json,False,case_014,2,4,False
2,capls,c3,0,1.983,13.189,True,3722693,70838688,10295808.0,60542880.0,80771428.0,,,5,17698626,,4.7542534396470515,"{""block_cap"": 0.35, ""init"": ""contig""}",True,results\plans\case_014_p2_n5_capls_best.json,False,case_014,2,5,False
3,capls,c1,0,1.112,13.319,True,8896369,76033440,7799808.0,68233632.0,85966180.0,0.1895693826677745,16289280.0,2,17698626,,1.989421302106511,"{""block_cap"": 0.15}",True,results\plans\case_014_p3_n2_capls_best.json,False,case_014,3,2,False
3,capls,c8,0,1.217,12.63,True,5881266,80019536,18050360.0,61969176.0,89952276.0,0.3385154295855885,30369840.0,46,17698626,,3.0093224826083365,"{""block_cap"": 0.005}",True,results\plans\case_014_p3_n3_capls_best.json,False,case_014,3,3,False
3,capls,c8,0,1.502,12.931,True,4453421,87805200,29713272.0,58091928.0,97737940.0,0.3766237285396611,36692856.0,59,17698626,,3.9741641313498097,"{""block_cap"": 0.005}",True,results\plans\case_014_p3_n4_capls_best.json,False,case_014,3,4,False
3,capls,c0,0,1.499,13.276,True,3709834,92875680,30978048.0,61897632.0,102808420.0,0.2720618577165096,27959808.0,5,17698626,,4.77073259881709,"{""block_cap"": 0.35}",True,results\plans\case_014_p3_n5_capls_best.json,False,case_014,3,5,False
1,capls,c3,0,0.021,0.281,True,88439,216336,109824.0,106512.0,1100950.0,,,2,177362,,2.0054726986962765,"{""block_cap"": 0.35, ""init"": ""contig""}",True,results\plans\case_015_p1_n2_capls_best.json,False,case_015,1,2,False
1,capls,c6,0,0.022,0.347,True,61168,290056,208128.0,81928.0,1174670.0,,,3,177362,,2.8995880198796757,"{""block_cap"": 0.6, ""comm_weight"": 1e-06}",True,results\plans\case_015_p1_n3_capls_best.json,False,case_015,1,3,False
1,capls,sa2,0,0.001,0.33,True,53003,461872,437296.0,24576.0,1346486.0,,,5,177362,,3.346263419051752,"{""anneal"": true}",True,results\plans\case_015_p1_n4_capls_best.json,False,case_015,1,4,False
1,capls,mono_embed_n4,0,0.085,0.309,True,53003,461872,437296.0,24576.0,1346486.0,,,5,177362,,3.346263419051752,"{""block_cap"": 0.35, ""init"": ""rr"", ""level_mode"": ""alap_fill""}",True,results/final_plans_mono/p1/n5/case_015_multicore_res.json,False,case_015,1,5,True
2,capls,s4,4,0.106,0.223,True,83564,240928,109824.0,131104.0,1125542.0,,,1013,177362,,2.122469005791968,"{""alpha"": 1.0, ""block_cap"": 0.35, ""init"": ""rr"", ""mu"": 1.0, ""noise"": 0.05, ""nu"": 0.5, ""subgraph_mode"": ""op""}",True,results\plans\case_015_p2_n2_capls_best.json,False,case_015,2,2,False
2,capls,c17,0,0.209,0.153,True,58843,1126558,1126558.0,0.0,2011172.0,,,1013,177362,,3.01415631425998,"{""alpha"": 0.8, ""block_cap"": 0.15, ""init"": ""rr"", ""mu"": 1.0, ""nu"": 0.5, ""subgraph_mode"": ""op""}",True,results\plans\case_015_p2_n3_capls_best.json,False,case_015,2,3,False
2,capls,s3,3,0.208,0.208,True,43898,832948,832948.0,0.0,1717562.0,,,1013,177362,,4.040320743541847,"{""alpha"": 0.8, ""block_cap"": 0.15, ""init"": ""rr"", ""mu"": 1.0, ""noise"": 0.05, ""nu"": 0.5, ""subgraph_mode"": ""op""}",True,results\plans\case_015_p2_n4_capls_best.json,False,case_015,2,4,False
2,capls,c17,0,0.251,0.164,True,43376,892316,892316.0,0.0,1776930.0,,,1013,177362,,4.088943194393213,"{""alpha"": 0.8, ""block_cap"": 0.15, ""init"": ""rr"", ""mu"": 1.0, ""nu"": 0.5, ""subgraph_mode"": ""op""}",True,results\plans\case_015_p2_n5_capls_best.json,False,case_015,2,5,False
3,capls,c15,0,0.118,0.12,True,83405,191760,109824.0,81936.0,1076374.0,0.0111274889546149,11520.0,1013,177362,,2.1265151969306397,"{""alpha"": 1.0, ""block_cap"": 0.35, ""init"": ""rr"", ""mu"": 1.0, ""nu"": 0.5, ""subgraph_mode"": ""op""}",True,results\plans\case_015_p3_n2_capls_best.json,False,case_015,3,2,False
3,capls,c17,0,0.154,0.202,True,58467,1464888,1464888.0,0.0,2349502.0,0.4923751474072455,1098938.0,1013,177362,,3.0335402876836506,"{""alpha"": 0.8, ""block_cap"": 0.15, ""init"": ""rr"", ""mu"": 1.0, ""nu"": 0.5, ""subgraph_mode"": ""op""}",True,results\plans\case_015_p3_n3_capls_best.json,False,case_015,3,3,False
3,capls,c17,0,0.183,0.198,True,46043,1871912,1871912.0,0.0,2756526.0,0.4278462156545374,1035126.0,1013,177362,,3.852094780965619,"{""alpha"": 0.8, ""block_cap"": 0.15, ""init"": ""rr"", ""mu"": 1.0, ""nu"": 0.5, ""subgraph_mode"": ""op""}",True,results\plans\case_015_p3_n4_capls_best.json,False,case_015,3,4,False
3,capls,s16,16,0.217,0.214,True,42703,1650566,1650566.0,0.0,2535180.0,0.4648695015806175,1084958.0,1013,177362,,4.1533850080790575,"{""alpha"": 0.8, ""block_cap"": 0.15, ""init"": ""rr"", ""mu"": 1.0, ""noise"": 0.05, ""nu"": 0.5, ""subgraph_mode"": ""op""}",True,results\plans\case_015_p3_n5_capls_best.json,False,case_015,3,5,False
1,capls,mono_embed_n1,0,22.502,22.443,True,7715523,0,0.0,0.0,393218.0,,,1,7715523,,1.0,"{""anneal"": true}",True,results/final_plans_mono/p1/n2/case_016_multicore_res.json,False,case_016,1,2,True
1,capls,mono_embed_n1,0,16.845,16.797,True,7715523,0,0.0,0.0,393218.0,,,1,7715523,,1.0,"{""anneal"": true}",True,results/final_plans_mono/p1/n3/case_016_multicore_res.json,False,case_016,1,3,True
1,capls,mono_embed_n1,0,0.62,17.989,True,7715523,0,0.0,0.0,393218.0,,,1,7715523,,1.0,"{""block_cap"": 0.35, ""init"": ""contig""}",True,results/final_plans_mono/p1/n4/case_016_multicore_res.json,False,case_016,1,4,True
1,capls,mono_embed_n1,0,0.811,13.276,True,7715523,0,0.0,0.0,393218.0,,,1,7715523,,1.0,"{""block_cap"": 0.35, ""init"": ""contig""}",True,results/final_plans_mono/p1/n5/case_016_multicore_res.json,False,case_016,1,5,True
2,capls,mono_embed_n1,0,0.205,15.1,True,7715523,0,0.0,0.0,393218.0,,,1,7715523,,1.0,"{""block_cap"": 0.35, ""cores_used"": 1}",True,results/final_plans_mono/p2/n2/case_016_multicore_res.json,False,case_016,2,2,True
2,capls,mono_embed_n1,0,0.591,5.396,True,7715523,0,0.0,0.0,393218.0,,,1,7715523,,1.0,"{""block_cap"": 0.35, ""init"": ""contig""}",True,results/final_plans_mono/p2/n3/case_016_multicore_res.json,False,case_016,2,3,True
2,capls,c8,0,0.756,5.901,True,6104382,35524768,35524768.0,0.0,35917986.0,,,1219,7715523,,1.2639318771335084,"{""block_cap"": 0.005}",True,results\plans\case_016_p2_n4_capls_best.json,False,case_016,2,4,False
2,capls,mono_embed_n4,0,0.885,5.019,True,6104382,35524768,35524768.0,0.0,35917986.0,,,1219,7715523,,1.2639318771335084,"{""block_cap"": 0.35, ""init"": ""contig""}",True,results/final_plans_mono/p2/n5/case_016_multicore_res.json,False,case_016,2,5,True
3,capls,mono_embed_n1,0,0.264,15.168,True,7715523,0,0.0,0.0,393218.0,0.0,0.0,1,7715523,,1.0,"{""block_cap"": 0.35, ""cores_used"": 1}",True,results/final_plans_mono/p3/n2/case_016_multicore_res.json,False,case_016,3,2,True
3,capls,mono_embed_n1,0,0.55,5.931,True,7715523,0,0.0,0.0,393218.0,0.0,0.0,1,7715523,,1.0,"{""block_cap"": 0.35, ""init"": ""contig""}",True,results/final_plans_mono/p3/n3/case_016_multicore_res.json,False,case_016,3,3,True
3,capls,c8,0,0.719,5.803,True,6103967,35524768,35524768.0,0.0,35917986.0,0.0302247438987059,557662.0,1219,7715523,,1.264017810056968,"{""block_cap"": 0.005}",True,results\plans\case_016_p3_n4_capls_best.json,False,case_016,3,4,False
3,capls,mono_embed_n4,0,0.967,4.656,True,6103967,35524768,35524768.0,0.0,35917986.0,0.0302247438987059,557662.0,1219,7715523,,1.264017810056968,"{""block_cap"": 0.35, ""init"": ""contig""}",True,results/final_plans_mono/p3/n5/case_016_multicore_res.json,False,case_016,3,5,True
1,capls,sa2,0,0.001,0.552,True,80139,251908,251908.0,0.0,895770.0,,,3,162810,,2.0315951035076556,"{""anneal"": true}",True,results\plans\case_017_p1_n2_capls_best.json,False,case_017,1,2,False
1,capls,c0,0,0.029,0.562,True,57528,163584,163584.0,0.0,807446.0,,,3,162810,,2.8301001251564455,"{""block_cap"": 0.35}",True,results\plans\case_017_p1_n3_capls_best.json,False,case_017,1,3,False
1,capls,c0,0,0.07,0.6,True,46304,245376,245376.0,0.0,889238.0,,,4,162810,,3.5161109191430544,"{""block_cap"": 0.35}",True,results\plans\case_017_p1_n4_capls_best.json,False,case_017,1,4,False
1,capls,c0,0,0.052,0.654,True,36065,322560,322560.0,0.0,966422.0,,,5,162810,,4.514349091917372,"{""block_cap"": 0.35}",True,results\plans\case_017_p1_n5_capls_best.json,False,case_017,1,5,False
2,capls,c14,0,0.21,0.345,True,71293,81792,81792.0,0.0,725654.0,,,1373,162810,,2.283674414037844,"{""alpha"": 0.8, ""block_cap"": 0.35, ""init"": ""rr"", ""mu"": 1.0, ""nu"": 0.5, ""subgraph_mode"": ""op""}",True,results\plans\case_017_p2_n2_capls_best.json,False,case_017,2,2,False
2,capls,c15,0,0.275,0.33,True,44420,163584,163584.0,0.0,807446.0,,,1373,162810,,3.665240882485367,"{""alpha"": 1.0, ""block_cap"": 0.35, ""init"": ""rr"", ""mu"": 1.0, ""nu"": 0.5, ""subgraph_mode"": ""op""}",True,results\plans\case_017_p2_n3_capls_best.json,False,case_017,2,3,False
2,capls,c14,0,0.201,0.233,True,35734,240768,240768.0,0.0,884630.0,,,1373,162810,,4.556164996921699,"{""alpha"": 0.8, ""block_cap"": 0.35, ""init"": ""rr"", ""mu"": 1.0, ""nu"": 0.5, ""subgraph_mode"": ""op""}",True,results\plans\case_017_p2_n4_capls_best.json,False,case_017,2,4,False
2,capls,c14,0,0.27,0.214,True,29386,327168,327168.0,0.0,971030.0,,,1373,162810,,5.540393384604914,"{""alpha"": 0.8, ""block_cap"": 0.35, ""init"": ""rr"", ""mu"": 1.0, ""nu"": 0.5, ""subgraph_mode"": ""op""}",True,results\plans\case_017_p2_n5_capls_best.json,False,case_017,2,5,False
3,capls,c14,0,0.238,0.273,True,71293,81792,81792.0,0.0,725654.0,0.0529088521826522,32640.0,1373,162810,,2.283674414037844,"{""alpha"": 0.8, ""block_cap"": 0.35, ""init"": ""rr"", ""mu"": 1.0, ""nu"": 0.5, ""subgraph_mode"": ""op""}",True,results\plans\case_017_p3_n2_capls_best.json,False,case_017,3,2,False
3,capls,c15,0,0.216,0.22,True,44420,163584,163584.0,0.0,807446.0,0.0934303894936611,65280.0,1373,162810,,3.665240882485367,"{""alpha"": 1.0, ""block_cap"": 0.35, ""init"": ""rr"", ""mu"": 1.0, ""nu"": 0.5, ""subgraph_mode"": ""op""}",True,results\plans\case_017_p3_n3_capls_best.json,False,case_017,3,3,False
3,capls,c14,0,0.219,0.225,True,35734,240768,240768.0,0.0,884630.0,0.1083870568614461,84096.0,1373,162810,,4.556164996921699,"{""alpha"": 0.8, ""block_cap"": 0.35, ""init"": ""rr"", ""mu"": 1.0, ""nu"": 0.5, ""subgraph_mode"": ""op""}",True,results\plans\case_017_p3_n4_capls_best.json,False,case_017,3,4,False
3,capls,c14,0,0.207,0.232,True,29386,327168,327168.0,0.0,971030.0,0.0890655768503721,76800.0,1373,162810,,5.540393384604914,"{""alpha"": 0.8, ""block_cap"": 0.35, ""init"": ""rr"", ""mu"": 1.0, ""nu"": 0.5, ""subgraph_mode"": ""op""}",True,results\plans\case_017_p3_n5_capls_best.json,False,case_017,3,5,False
1,capls,c2,0,0.077,2.272,True,505446,3347456,1287168.0,2060288.0,4940304.0,,,2,1004367,,1.9870906090858371,"{""block_cap"": 0.35, ""init"": ""rr""}",True,results\plans\case_018_p1_n2_capls_best.json,False,case_018,1,2,False
1,capls,c2,0,0.174,2.291,True,338456,3903872,2408832.0,1495040.0,5496720.0,,,3,1004367,,2.967496513579313,"{""block_cap"": 0.35, ""init"": ""rr""}",True,results\plans\case_018_p1_n3_capls_best.json,False,case_018,1,3,False
1,capls,sa1,0,2.124,2.114,True,254677,6238464,4948224.0,1290240.0,7831312.0,,,5,1004367,,3.943689457626719,"{""anneal"": true}",True,results\plans\case_018_p1_n4_capls_best.json,False,case_018,1,4,False
1,capls,c3,0,0.15,1.964,True,204554,3661824,3461120.0,200704.0,5254672.0,,,5,1004367,,4.9100335363767025,"{""block_cap"": 0.35, ""init"": ""contig""}",True,results\plans\case_018_p1_n5_capls_best.json,False,case_018,1,5,False
2,capls,c2,0,0.12,0.581,True,505446,3347456,1287168.0,2060288.0,4940304.0,,,2,1004367,,1.9870906090858371,"{""block_cap"": 0.35, ""init"": ""rr""}",True,results\plans\case_018_p2_n2_capls_best.json,False,case_018,2,2,False
2,capls,c2,0,0.186,0.609,True,338456,3903872,2408832.0,1495040.0,5496720.0,,,3,1004367,,2.967496513579313,"{""block_cap"": 0.35, ""init"": ""rr""}",True,results\plans\case_018_p2_n3_capls_best.json,False,case_018,2,3,False
2,capls,c2,0,0.265,0.618,True,254778,5118976,3595264.0,1523712.0,6711824.0,,,4,1004367,,3.942126086239785,"{""block_cap"": 0.35, ""init"": ""rr""}",True,results\plans\case_018_p2_n4_capls_best.json,False,case_018,2,4,False
2,capls,c3,0,0.192,0.45,True,204554,3661824,3461120.0,200704.0,5254672.0,,,5,1004367,,4.9100335363767025,"{""block_cap"": 0.35, ""init"": ""contig""}",True,results\plans\case_018_p2_n5_capls_best.json,False,case_018,2,5,False
3,capls,c2,0,0.12,0.617,True,503076,3347456,1287168.0,2060288.0,4940304.0,0.569827200199512,2814976.0,2,1004367,,1.9964518283519785,"{""block_cap"": 0.35, ""init"": ""rr""}",True,results\plans\case_018_p3_n2_capls_best.json,False,case_018,3,2,False
3,capls,c2,0,0.201,0.587,True,337587,3903872,2408832.0,1495040.0,5496720.0,0.5910180865239277,3248512.0,3,1004367,,2.975135298456398,"{""block_cap"": 0.35, ""init"": ""rr""}",True,results\plans\case_018_p3_n3_capls_best.json,False,case_018,3,3,False
3,capls,c2,0,0.264,0.637,True,252790,5118976,3595264.0,1523712.0,6711824.0,0.5930485436198851,3980288.0,4,1004367,,3.973127892717275,"{""block_cap"": 0.35, ""init"": ""rr""}",True,results\plans\case_018_p3_n4_capls_best.json,False,case_018,3,4,False
3,capls,c3,0,0.194,0.518,True,204343,3661824,3461120.0,200704.0,5254672.0,0.4513502917543706,2371584.0,5,1004367,,4.915103526913082,"{""block_cap"": 0.35, ""init"": ""contig""}",True,results\plans\case_018_p3_n5_capls_best.json,False,case_018,3,5,False
1,capls,c6,0,0.011,0.136,True,41518,0,0.0,0.0,186984.0,,,2,81144,,1.9544294041138783,"{""block_cap"": 0.6, ""comm_weight"": 1e-06}",True,results\plans\case_019_p1_n2_capls_best.json,False,case_019,1,2,False
1,capls,c3,0,0.057,0.142,True,30948,251444,251444.0,0.0,438428.0,,,6,81144,,2.621946490887941,"{""block_cap"": 0.35, ""init"": ""contig""}",True,results\plans\case_019_p1_n3_capls_best.json,False,case_019,1,3,False
1,capls,sa1,0,0.131,0.13,True,24731,435248,435248.0,0.0,622232.0,,,21,81144,,3.2810642513444663,"{""anneal"": true}",True,results\plans\case_019_p1_n4_capls_best.json,False,case_019,1,4,False
1,capls,mono_embed_n4,0,0.106,0.105,True,24731,435248,435248.0,0.0,622232.0,,,21,81144,,3.2810642513444663,"{""anneal"": true}",True,results/final_plans_mono/p1/n5/case_019_multicore_res.json,False,case_019,1,5,True
2,capls,c16,0,0.083,0.111,True,34656,510500,510500.0,0.0,697484.0,,,647,81144,,2.3414127423822713,"{""alpha"": 0.8, ""block_cap"": 0.35, ""init"": ""rr"", ""mu"": 0.0, ""nu"": 0.0, ""subgraph_mode"": ""op""}",True,results\plans\case_019_p2_n2_capls_best.json,False,case_019,2,2,False
2,capls,c17,0,0.086,0.152,True,27380,685380,685380.0,0.0,872364.0,,,647,81144,,2.9636230825420014,"{""alpha"": 0.8, ""block_cap"": 0.15, ""init"": ""rr"", ""mu"": 1.0, ""nu"": 0.5, ""subgraph_mode"": ""op""}",True,results\plans\case_019_p2_n3_capls_best.json,False,case_019,2,3,False
2,capls,s7,7,0.126,0.147,True,21169,582148,582148.0,0.0,769132.0,,,647,81144,,3.833152250932968,"{""alpha"": 0.8, ""block_cap"": 0.15, ""init"": ""rr"", ""mu"": 1.0, ""noise"": 0.05, ""nu"": 0.5, ""subgraph_mode"": ""op""}",True,results\plans\case_019_p2_n4_capls_best.json,False,case_019,2,4,False
2,capls,s5,5,0.118,0.193,True,17971,503844,503844.0,0.0,690828.0,,,647,81144,,4.515274609092427,"{""alpha"": 0.8, ""block_cap"": 0.15, ""init"": ""rr"", ""mu"": 1.0, ""noise"": 0.05, ""nu"": 0.5, ""subgraph_mode"": ""op""}",True,results\plans\case_019_p2_n5_capls_best.json,False,case_019,2,5,False
3,capls,c16,0,0.084,0.115,True,34656,510500,510500.0,0.0,697484.0,0.1249077562434458,57888.0,647,81144,,2.3414127423822713,"{""alpha"": 0.8, ""block_cap"": 0.35, ""init"": ""rr"", ""mu"": 0.0, ""nu"": 0.0, ""subgraph_mode"": ""op""}",True,results\plans\case_019_p3_n2_capls_best.json,False,case_019,3,2,False
3,capls,c17,0,0.115,0.151,True,27321,685380,685380.0,0.0,872364.0,0.2279175602686486,132416.0,647,81144,,2.9700230591852423,"{""alpha"": 0.8, ""block_cap"": 0.15, ""init"": ""rr"", ""mu"": 1.0, ""nu"": 0.5, ""subgraph_mode"": ""op""}",True,results\plans\case_019_p3_n3_capls_best.json,False,case_019,3,3,False
3,capls,c16,0,0.099,0.127,True,22501,752484,752484.0,0.0,939468.0,0.2774373996865648,175968.0,647,81144,,3.606239722678992,"{""alpha"": 0.8, ""block_cap"": 0.35, ""init"": ""rr"", ""mu"": 0.0, ""nu"": 0.0, ""subgraph_mode"": ""op""}",True,results\plans\case_019_p3_n4_capls_best.json,False,case_019,3,4,False
3,capls,s13,13,0.126,0.213,True,19699,644388,644388.0,0.0,831372.0,0.3442240490904635,205088.0,647,81144,,4.119193867709021,"{""alpha"": 0.8, ""block_cap"": 0.35, ""init"": ""rr"", ""mu"": 0.0, ""noise"": 0.05, ""nu"": 0.0, ""subgraph_mode"": ""op""}",True,results\plans\case_019_p3_n5_capls_best.json,False,case_019,3,5,False
1,capls,c0,0,0.136,5.843,True,266580,0,0.0,0.0,2359296.0,,,2,532746,,1.9984469952734638,"{""block_cap"": 0.35}",True,results\plans\case_020_p1_n2_capls_best.json,False,case_020,1,2,False
1,capls,c0,0,0.173,3.84,True,177950,0,0.0,0.0,2359296.0,,,3,532746,,2.993796010115201,"{""block_cap"": 0.35}",True,results\plans\case_020_p1_n3_capls_best.json,False,case_020,1,3,False
1,capls,c0,0,0.208,2.848,True,133704,0,0.0,0.0,2359296.0,,,4,532746,,3.984518039849219,"{""block_cap"": 0.35}",True,results\plans\case_020_p1_n4_capls_best.json,False,case_020,1,4,False
1,capls,c3,0,0.461,2.783,True,107574,0,0.0,0.0,2359296.0,,,5,532746,,4.9523676724859165,"{""block_cap"": 0.35, ""init"": ""contig""}",True,results\plans\case_020_p1_n5_capls_best.json,False,case_020,1,5,False
2,capls,c0,0,0.129,1.336,True,266580,0,0.0,0.0,2359296.0,,,2,532746,,1.9984469952734638,"{""block_cap"": 0.35}",True,results\plans\case_020_p2_n2_capls_best.json,False,case_020,2,2,False
2,capls,c0,0,0.184,1.083,True,177950,0,0.0,0.0,2359296.0,,,3,532746,,2.993796010115201,"{""block_cap"": 0.35}",True,results\plans\case_020_p2_n3_capls_best.json,False,case_020,2,3,False
2,capls,c0,0,0.251,1.165,True,133704,0,0.0,0.0,2359296.0,,,4,532746,,3.984518039849219,"{""block_cap"": 0.35}",True,results\plans\case_020_p2_n4_capls_best.json,False,case_020,2,4,False
2,capls,c3,0,0.556,1.124,True,107574,0,0.0,0.0,2359296.0,,,5,532746,,4.9523676724859165,"{""block_cap"": 0.35, ""init"": ""contig""}",True,results\plans\case_020_p2_n5_capls_best.json,False,case_020,2,5,False
3,capls,c0,0,0.149,1.304,True,266580,0,0.0,0.0,2359296.0,0.0,0.0,2,532746,,1.9984469952734638,"{""block_cap"": 0.35}",True,results\plans\case_020_p3_n2_capls_best.json,False,case_020,3,2,False
3,capls,c0,0,0.193,1.269,True,177950,0,0.0,0.0,2359296.0,0.0,0.0,3,532746,,2.993796010115201,"{""block_cap"": 0.35}",True,results\plans\case_020_p3_n3_capls_best.json,False,case_020,3,3,False
3,capls,c0,0,0.271,1.218,True,133704,0,0.0,0.0,2359296.0,0.0,0.0,4,532746,,3.984518039849219,"{""block_cap"": 0.35}",True,results\plans\case_020_p3_n4_capls_best.json,False,case_020,3,4,False
3,capls,c3,0,0.62,1.234,True,107574,0,0.0,0.0,2359296.0,0.0,0.0,5,532746,,4.9523676724859165,"{""block_cap"": 0.35, ""init"": ""contig""}",True,results\plans\case_020_p3_n5_capls_best.json,False,case_020,3,5,False
1,capls,c4,0,0.064,1.364,True,3104250,7372800,7372800.0,0.0,10711040.0,,,10,6567937,,2.1157886768140455,"{""block_cap"": 0.35, ""subgraph_mode"": ""block""}",True,results\plans\case_021_p1_n2_capls_best.json,False,case_021,1,2,False
1,capls,c1,0,0.159,6.001,True,2144024,7766016,4710400.0,3055616.0,11104256.0,,,3,6567937,,3.063369160046716,"{""block_cap"": 0.15}",True,results\plans\case_021_p1_n3_capls_best.json,False,case_021,1,3,False
1,capls,c0,0,0.216,1.753,True,1550324,4608000,4608000.0,0.0,7946240.0,,,4,6567937,,4.236493145948847,"{""block_cap"": 0.35}",True,results\plans\case_021_p1_n4_capls_best.json,False,case_021,1,4,False
1,capls,c0,0,0.235,5.619,True,1250168,11431936,9420800.0,2011136.0,14770176.0,,,5,6567937,,5.253643510312214,"{""block_cap"": 0.35}",True,results\plans\case_021_p1_n5_capls_best.json,False,case_021,1,5,False
2,capls,c1,0,0.109,0.984,True,3194570,3174400,1536000.0,1638400.0,6512640.0,,,2,6567937,,2.0559690349561914,"{""block_cap"": 0.15}",True,results\plans\case_021_p2_n2_capls_best.json,False,case_021,2,2,False
2,capls,c1,0,0.179,1.022,True,2144024,7766016,4710400.0,3055616.0,11104256.0,,,3,6567937,,3.063369160046716,"{""block_cap"": 0.15}",True,results\plans\case_021_p2_n3_capls_best.json,False,case_021,2,3,False
2,capls,c0,0,0.33,0.875,True,1550324,4608000,4608000.0,0.0,7946240.0,,,4,6567937,,4.236493145948847,"{""block_cap"": 0.35}",True,results\plans\case_021_p2_n4_capls_best.json,False,case_021,2,4,False
2,capls,c0,0,0.314,1.129,True,1250168,11431936,9420800.0,2011136.0,14770176.0,,,5,6567937,,5.253643510312214,"{""block_cap"": 0.35}",True,results\plans\case_021_p2_n5_capls_best.json,False,case_021,2,5,False
3,capls,c1,0,0.113,1.019,True,3193634,3174400,1536000.0,1638400.0,6512640.0,0.2177777777777777,1204224.0,2,6567937,,2.0565716046359728,"{""block_cap"": 0.15}",True,results\plans\case_021_p3_n2_capls_best.json,False,case_021,3,2,False
3,capls,c1,0,0.19,1.281,True,2142851,7766016,4710400.0,3055616.0,11104256.0,0.5459328207203561,5525504.0,3,6567937,,3.065046053132019,"{""block_cap"": 0.15}",True,results\plans\case_021_p3_n3_capls_best.json,False,case_021,3,3,False
3,capls,c0,0,0.263,0.979,True,1550324,4608000,4608000.0,0.0,7946240.0,0.0,0.0,4,6567937,,4.236493145948847,"{""block_cap"": 0.35}",True,results\plans\case_021_p3_n4_capls_best.json,False,case_021,3,4,False
3,capls,c0,0,0.317,1.117,True,1249380,11431936,9420800.0,2011136.0,14770176.0,0.5699643493761141,7858176.0,5,6567937,,5.256957050697146,"{""block_cap"": 0.35}",True,results\plans\case_021_p3_n5_capls_best.json,False,case_021,3,5,False
1,capls,c2,0,0.029,0.305,True,28674,0,0.0,0.0,213686.0,,,2,56780,,1.980191113901095,"{""block_cap"": 0.35, ""init"": ""rr""}",True,results\plans\case_022_p1_n2_capls_best.json,False,case_022,1,2,False
1,capls,c6,0,0.036,0.414,True,19800,0,0.0,0.0,213686.0,,,3,56780,,2.867676767676768,"{""block_cap"": 0.6, ""comm_weight"": 1e-06}",True,results\plans\case_022_p1_n3_capls_best.json,False,case_022,1,3,False
1,capls,c6,0,0.045,0.482,True,14940,0,0.0,0.0,213686.0,,,4,56780,,3.8005354752342706,"{""block_cap"": 0.6, ""comm_weight"": 1e-06}",True,results\plans\case_022_p1_n4_capls_best.json,False,case_022,1,4,False
1,capls,mono_embed_n4,0,0.35,0.348,True,14940,0,0.0,0.0,213686.0,,,4,56780,,3.8005354752342706,"{""anneal"": true}",True,results/final_plans_mono/p1/n5/case_022_multicore_res.json,False,case_022,1,5,True
2,capls,c14,0,0.173,0.215,True,27481,0,0.0,0.0,213686.0,,,1356,56780,,2.06615479786034,"{""alpha"": 0.8, ""block_cap"": 0.35, ""init"": ""rr"", ""mu"": 1.0, ""nu"": 0.5, ""subgraph_mode"": ""op""}",True,results\plans\case_022_p2_n2_capls_best.json,False,case_022,2,2,False
2,capls,c12,0,0.095,0.244,True,19193,112516,112516.0,0.0,326202.0,,,15,56780,,2.9583702391496898,"{""block_cap"": 0.35, ""init"": ""rr"", ""level_mode"": ""alap_fill""}",True,results\plans\case_022_p2_n3_capls_best.json,False,case_022,2,3,False
2,capls,c6,0,0.044,0.12,True,14940,0,0.0,0.0,213686.0,,,4,56780,,3.8005354752342706,"{""block_cap"": 0.6, ""comm_weight"": 1e-06}",True,results\plans\case_022_p2_n4_capls_best.json,False,case_022,2,4,False
2,capls,s11,11,0.261,0.284,True,12461,157360,157360.0,0.0,371046.0,,,1356,56780,,4.5566166439290585,"{""alpha"": 0.8, ""block_cap"": 0.35, ""init"": ""rr"", ""mu"": 1.0, ""noise"": 0.05, ""nu"": 0.5, ""subgraph_mode"": ""op""}",True,results\plans\case_022_p2_n5_capls_best.json,False,case_022,2,5,False
3,capls,c14,0,0.176,0.141,True,27481,0,0.0,0.0,213686.0,0.0,0.0,1356,56780,,2.06615479786034,"{""alpha"": 0.8, ""block_cap"": 0.35, ""init"": ""rr"", ""mu"": 1.0, ""nu"": 0.5, ""subgraph_mode"": ""op""}",True,results\plans\case_022_p3_n2_capls_best.json,False,case_022,3,2,False
3,capls,c12,0,0.092,0.374,True,19192,112516,112516.0,0.0,326202.0,0.3448326635786374,112412.0,15,56780,,2.9585243851604837,"{""block_cap"": 0.35, ""init"": ""rr"", ""level_mode"": ""alap_fill""}",True,results\plans\case_022_p3_n3_capls_best.json,False,case_022,3,3,False
3,capls,c6,0,0.058,0.257,True,14940,0,0.0,0.0,213686.0,0.0,0.0,4,56780,,3.8005354752342706,"{""block_cap"": 0.6, ""comm_weight"": 1e-06}",True,results\plans\case_022_p3_n4_capls_best.json,False,case_022,3,4,False
3,capls,s11,11,0.213,0.257,True,12434,157360,157360.0,0.0,371046.0,0.421270077559518,156212.0,1356,56780,,4.5665111790252535,"{""alpha"": 0.8, ""block_cap"": 0.35, ""init"": ""rr"", ""mu"": 1.0, ""noise"": 0.05, ""nu"": 0.5, ""subgraph_mode"": ""op""}",True,results\plans\case_022_p3_n5_capls_best.json,False,case_022,3,5,False
1,capls,sa1,0,0.001,0.307,True,60389,301576,301576.0,0.0,745020.0,,,3,122614,,2.0304028879431684,"{""anneal"": true}",True,results\plans\case_023_p1_n2_capls_best.json,False,case_023,1,2,False
1,capls,c2,0,0.035,0.325,True,41575,147456,147456.0,0.0,590900.0,,,3,122614,,2.9492242934455803,"{""block_cap"": 0.35, ""init"": ""rr""}",True,results\plans\case_023_p1_n3_capls_best.json,False,case_023,1,3,False
1,capls,c6,0,0.031,0.316,True,30864,147456,147456.0,0.0,590900.0,,,4,122614,,3.9727190254017626,"{""block_cap"": 0.6, ""comm_weight"": 1e-06}",True,results\plans\case_023_p1_n4_capls_best.json,False,case_023,1,4,False
1,capls,c6,0,0.055,0.299,True,24927,221184,221184.0,0.0,664628.0,,,5,122614,,4.9189232559072495,"{""block_cap"": 0.6, ""comm_weight"": 1e-06}",True,results\plans\case_023_p1_n5_capls_best.json,False,case_023,1,5,False
2,capls,s2,2,0.136,0.238,True,41726,73728,73728.0,0.0,517172.0,,,1011,122614,,2.938551502660212,"{""alpha"": 1.0, ""block_cap"": 0.35, ""init"": ""rr"", ""mu"": 1.0, ""noise"": 0.05, ""nu"": 0.5, ""subgraph_mode"": ""op""}",True,results\plans\case_023_p2_n2_capls_best.json,False,case_023,2,2,False
2,capls,c14,0,0.128,0.209,True,28284,147456,147456.0,0.0,590900.0,,,1011,122614,,4.335101117239429,"{""alpha"": 0.8, ""block_cap"": 0.35, ""init"": ""rr"", ""mu"": 1.0, ""nu"": 0.5, ""subgraph_mode"": ""op""}",True,results\plans\case_023_p2_n3_capls_best.json,False,case_023,2,3,False
2,capls,mono_embed_n3,15,0.249,0.22,True,28284,147456,147456.0,0.0,590900.0,,,1011,122614,,4.335101117239429,"{""alpha"": 0.8, ""block_cap"": 0.35, ""init"": ""rr"", ""mu"": 1.0, ""noise"": 0.05, ""nu"": 0.5, ""subgraph_mode"": ""op""}",True,results/final_plans_mono/p2/n4/case_023_multicore_res.json,False,case_023,2,4,True
2,capls,c14,0,0.253,0.231,True,21898,544408,544408.0,0.0,987852.0,,,1011,122614,,5.599324139190793,"{""alpha"": 0.8, ""block_cap"": 0.35, ""init"": ""rr"", ""mu"": 1.0, ""nu"": 0.5, ""subgraph_mode"": ""op""}",True,results\plans\case_023_p2_n5_capls_best.json,False,case_023,2,5,False
3,capls,s2,2,0.138,0.251,True,41726,73728,73728.0,0.0,517172.0,0.0967844836073643,49152.0,1011,122614,,2.938551502660212,"{""alpha"": 1.0, ""block_cap"": 0.35, ""init"": ""rr"", ""mu"": 1.0, ""noise"": 0.05, ""nu"": 0.5, ""subgraph_mode"": ""op""}",True,results\plans\case_023_p3_n2_capls_best.json,False,case_023,3,2,False
3,capls,c14,0,0.128,0.162,True,28284,147456,147456.0,0.0,590900.0,0.0845148888025338,49152.0,1011,122614,,4.335101117239429,"{""alpha"": 0.8, ""block_cap"": 0.35, ""init"": ""rr"", ""mu"": 1.0, ""nu"": 0.5, ""subgraph_mode"": ""op""}",True,results\plans\case_023_p3_n3_capls_best.json,False,case_023,3,3,False
3,capls,s9,9,0.269,0.371,True,27929,1197318,1197318.0,0.0,1640762.0,0.3337908998913084,427482.0,1011,122614,,4.3902037308890405,"{""alpha"": 0.8, ""block_cap"": 0.35, ""init"": ""rr"", ""mu"": 1.0, ""noise"": 0.05, ""nu"": 0.5, ""subgraph_mode"": ""op""}",True,results\plans\case_023_p3_n4_capls_best.json,False,case_023,3,4,False
3,capls,s3,3,0.425,0.237,True,23629,976924,976924.0,0.0,1420368.0,0.2728896759828406,317428.0,1011,122614,,5.189131998815015,"{""alpha"": 0.8, ""block_cap"": 0.15, ""init"": ""rr"", ""mu"": 1.0, ""noise"": 0.05, ""nu"": 0.5, ""subgraph_mode"": ""op""}",True,results\plans\case_023_p3_n5_capls_best.json,False,case_023,3,5,False
1,capls,mono_embed_n1,0,0.045,7.175,True,2555343,0,0.0,0.0,393218.0,,,1,2555343,,1.0,"{""block_cap"": 0.35, ""cores_used"": 1}",True,results/final_plans_mono/p1/n2/case_024_multicore_res.json,False,case_024,1,2,True
1,capls,c8,0,0.277,3.269,True,2473380,61410808,61410808.0,0.0,61804026.0,,,474,2555343,,1.0331380539989812,"{""block_cap"": 0.005}",True,results\plans\case_024_p1_n3_capls_best.json,False,case_024,1,3,False
1,capls,sa3,0,4.111,4.097,True,2359811,67376912,67376912.0,0.0,67770130.0,,,764,2555343,,1.082859178129096,"{""anneal"": true}",True,results\plans\case_024_p1_n4_capls_best.json,False,case_024,1,4,False
1,capls,c8,0,0.887,5.791,True,2053364,67770326,67770326.0,0.0,68163544.0,,,980,2555343,,1.2444666410826333,"{""block_cap"": 0.005}",True,results\plans\case_024_p1_n5_capls_best.json,False,case_024,1,5,False
2,capls,mono_embed_n1,0,0.189,1.598,True,2555343,0,0.0,0.0,393218.0,,,1,2555343,,1.0,"{""block_cap"": 0.35, ""cores_used"": 1}",True,results/final_plans_mono/p2/n2/case_024_multicore_res.json,False,case_024,2,2,True
2,capls,c8,0,0.413,1.382,True,2159403,22415452,22415452.0,0.0,22808670.0,,,474,2555343,,1.1833562331811154,"{""block_cap"": 0.005}",True,results\plans\case_024_p2_n3_capls_best.json,False,case_024,2,3,False
2,capls,c8,0,0.434,1.824,True,2006540,29037088,29037088.0,0.0,29430306.0,,,763,2555343,,1.2735071316794084,"{""block_cap"": 0.005}",True,results\plans\case_024_p2_n4_capls_best.json,False,case_024,2,4,False
2,capls,c8,0,1.156,1.89,True,1579198,30282428,30282428.0,0.0,30675646.0,,,992,2555343,,1.6181270492997077,"{""block_cap"": 0.005}",True,results\plans\case_024_p2_n5_capls_best.json,False,case_024,2,5,False
3,capls,mono_embed_n1,0,0.062,1.757,True,2555343,0,0.0,0.0,393218.0,0.0,0.0,1,2555343,,1.0,"{""block_cap"": 0.35, ""cores_used"": 1}",True,results/final_plans_mono/p3/n2/case_024_multicore_res.json,False,case_024,3,2,True
3,capls,c8,0,0.428,1.537,True,2159126,22415452,22415452.0,0.0,22808670.0,0.0278696196835606,327880.0,474,2555343,,1.1835080490902337,"{""block_cap"": 0.005}",True,results\plans\case_024_p3_n3_capls_best.json,False,case_024,3,3,False
3,capls,c8,0,0.401,1.729,True,2003351,29037088,29037088.0,0.0,29430306.0,0.0638399094218893,983344.0,763,2555343,,1.2755343422096277,"{""block_cap"": 0.005}",True,results\plans\case_024_p3_n4_capls_best.json,False,case_024,3,4,False
3,capls,c8,0,1.33,1.991,True,1580984,31265516,31265516.0,0.0,31658734.0,0.0838413014770164,1409574.0,981,2555343,,1.616299089680857,"{""block_cap"": 0.005}",True,results\plans\case_024_p3_n5_capls_best.json,False,case_024,3,5,False
1,capls,c0,0,0.395,188.462,True,2431840,27648,27648.0,0.0,8245248.0,,,2,4863026,,1.9997310678334101,"{""block_cap"": 0.35}",True,results\plans\case_025_p1_n2_capls_best.json,False,case_025,1,2,False
1,capls,c0,0,0.396,120.54,True,1622164,55296,55296.0,0.0,8272896.0,,,3,4863026,,2.9978633479722148,"{""block_cap"": 0.35}",True,results\plans\case_025_p1_n3_capls_best.json,False,case_025,1,3,False
1,capls,c0,0,0.629,73.242,True,1217444,82944,82944.0,0.0,8300544.0,,,4,4863026,,3.9944555971362954,"{""block_cap"": 0.35}",True,results\plans\case_025_p1_n4_capls_best.json,False,case_025,1,4,False
1,capls,c0,0,0.673,51.986,True,975282,110592,110592.0,0.0,8328192.0,,,5,4863026,,4.986276789687495,"{""block_cap"": 0.35}",True,results\plans\case_025_p1_n5_capls_best.json,False,case_025,1,5,False
2,capls,c0,0,0.64,10.436,True,2431840,27648,27648.0,0.0,8245248.0,,,2,4863026,,1.9997310678334101,"{""block_cap"": 0.35}",True,results\plans\case_025_p2_n2_capls_best.json,False,case_025,2,2,False
2,capls,c0,0,0.646,8.537,True,1622164,55296,55296.0,0.0,8272896.0,,,3,4863026,,2.9978633479722148,"{""block_cap"": 0.35}",True,results\plans\case_025_p2_n3_capls_best.json,False,case_025,2,3,False
2,capls,c0,0,0.752,7.785,True,1217444,82944,82944.0,0.0,8300544.0,,,4,4863026,,3.9944555971362954,"{""block_cap"": 0.35}",True,results\plans\case_025_p2_n4_capls_best.json,False,case_025,2,4,False
2,capls,c0,0,0.897,7.038,True,975282,110592,110592.0,0.0,8328192.0,,,5,4863026,,4.986276789687495,"{""block_cap"": 0.35}",True,results\plans\case_025_p2_n5_capls_best.json,False,case_025,2,5,False
3,capls,c0,0,0.566,10.233,True,2431840,27648,27648.0,0.0,8245248.0,0.0,0.0,2,4863026,,1.9997310678334101,"{""block_cap"": 0.35}",True,results\plans\case_025_p3_n2_capls_best.json,False,case_025,3,2,False
3,capls,c0,0,0.722,8.424,True,1622164,55296,55296.0,0.0,8272896.0,0.0,0.0,3,4863026,,2.9978633479722148,"{""block_cap"": 0.35}",True,results\plans\case_025_p3_n3_capls_best.json,False,case_025,3,3,False
3,capls,c0,0,0.803,7.776,True,1217444,82944,82944.0,0.0,8300544.0,0.0,0.0,4,4863026,,3.9944555971362954,"{""block_cap"": 0.35}",True,results\plans\case_025_p3_n4_capls_best.json,False,case_025,3,4,False
3,capls,c0,0,0.713,7.469,True,975282,110592,110592.0,0.0,8328192.0,0.0,0.0,5,4863026,,4.986276789687495,"{""block_cap"": 0.35}",True,results\plans\case_025_p3_n5_capls_best.json,False,case_025,3,5,False
1,capls,sa2,0,0.132,0.131,True,57246,453364,453364.0,0.0,982218.0,,,4,99203,,1.732924571149076,"{""anneal"": true}",True,results\plans\case_026_p1_n2_capls_best.json,False,case_026,1,2,False
1,capls,c12,0,0.036,0.175,True,47309,1212616,1212616.0,0.0,1741470.0,,,15,99203,,2.0969160202075714,"{""block_cap"": 0.35, ""init"": ""rr"", ""level_mode"": ""alap_fill""}",True,results\plans\case_026_p1_n3_capls_best.json,False,case_026,1,3,False
1,capls,c2,0,0.045,0.2,True,46327,445288,445288.0,0.0,974142.0,,,6,99203,,2.141364646966132,"{""block_cap"": 0.35, ""init"": ""rr""}",True,results\plans\case_026_p1_n4_capls_best.json,False,case_026,1,4,False
1,capls,sa3,0,0.098,0.097,True,45344,419892,419892.0,0.0,948746.0,,,9,99203,,2.1877866972477062,"{""anneal"": true}",True,results\plans\case_026_p1_n5_capls_best.json,False,case_026,1,5,False
2,capls,s8,8,0.081,0.093,True,48612,218548,185780.0,32768.0,747402.0,,,636,99203,,2.0407101127293674,"{""alpha"": 1.0, ""block_cap"": 0.35, ""init"": ""rr"", ""mu"": 1.0, ""noise"": 0.05, ""nu"": 0.5, ""subgraph_mode"": ""op""}",True,results\plans\case_026_p2_n2_capls_best.json,False,case_026,2,2,False
2,capls,s1,1,0.089,0.123,True,38424,923392,923392.0,0.0,1452246.0,,,636,99203,,2.5817978346866544,"{""alpha"": 0.8, ""block_cap"": 0.15, ""init"": ""rr"", ""mu"": 1.0, ""noise"": 0.05, ""nu"": 0.5, ""subgraph_mode"": ""op""}",True,results\plans\case_026_p2_n3_capls_best.json,False,case_026,2,3,False
2,capls,mono_embed_n3,6,0.118,0.125,True,38424,923392,923392.0,0.0,1452246.0,,,636,99203,,2.5817978346866544,"{""alpha"": 0.8, ""block_cap"": 0.15, ""init"": ""rr"", ""mu"": 1.0, ""noise"": 0.05, ""nu"": 0.5, ""subgraph_mode"": ""op""}",True,results/final_plans_mono/p2/n4/case_026_multicore_res.json,False,case_026,2,4,True
2,capls,mono_embed_n3,1,0.12,0.132,True,38424,923392,923392.0,0.0,1452246.0,,,636,99203,,2.5817978346866544,"{""alpha"": 0.8, ""block_cap"": 0.35, ""init"": ""rr"", ""mu"": 1.0, ""noise"": 0.05, ""nu"": 0.5, ""subgraph_mode"": ""op""}",True,results/final_plans_mono/p2/n5/case_026_multicore_res.json,False,case_026,2,5,True
3,capls,s8,8,0.072,0.102,True,48612,218548,185780.0,32768.0,747402.0,0.2688322663548697,185776.0,636,99203,,2.0407101127293674,"{""alpha"": 1.0, ""block_cap"": 0.35, ""init"": ""rr"", ""mu"": 1.0, ""noise"": 0.05, ""nu"": 0.5, ""subgraph_mode"": ""op""}",True,results\plans\case_026_p3_n2_capls_best.json,False,case_026,3,2,False
3,capls,c12,0,0.037,0.108,True,43665,442560,442560.0,0.0,971414.0,0.3485535269121509,324656.0,15,99203,,2.2719111416466276,"{""block_cap"": 0.35, ""init"": ""rr"", ""level_mode"": ""alap_fill""}",True,results\plans\case_026_p3_n3_capls_best.json,False,case_026,3,3,False
3,capls,s13,13,0.111,0.153,True,38710,1154292,1154292.0,0.0,1683146.0,0.4616229034395024,629938.0,636,99203,,2.5627228106432445,"{""alpha"": 0.8, ""block_cap"": 0.15, ""init"": ""rr"", ""mu"": 1.0, ""noise"": 0.05, ""nu"": 0.5, ""subgraph_mode"": ""op""}",True,results\plans\case_026_p3_n4_capls_best.json,False,case_026,3,4,False
3,capls,mono_embed_n4,9,0.109,0.13,True,38710,1154292,1154292.0,0.0,1683146.0,0.4616229034395024,629938.0,636,99203,,2.5627228106432445,"{""alpha"": 0.8, ""block_cap"": 0.35, ""init"": ""rr"", ""mu"": 0.0, ""noise"": 0.05, ""nu"": 0.0, ""subgraph_mode"": ""op""}",True,results/final_plans_mono/p3/n5/case_026_multicore_res.json,False,case_026,3,5,True
1,capls,c0,0,0.033,0.938,True,1120962,1744896,1105920.0,638976.0,3784704.0,,,2,2363952,,2.10886006840553,"{""block_cap"": 0.35}",True,results\plans\case_027_p1_n2_capls_best.json,False,case_027,1,2,False
1,capls,c0,0,0.064,1.084,True,837049,3686400,3686400.0,0.0,5726208.0,,,3,2363952,,2.8241500796249683,"{""block_cap"": 0.35}",True,results\plans\case_027_p1_n3_capls_best.json,False,case_027,1,3,False
1,capls,c0,0,0.062,0.828,True,559196,3317760,3317760.0,0.0,5357568.0,,,4,2363952,,4.227412213249022,"{""block_cap"": 0.35}",True,results\plans\case_027_p1_n4_capls_best.json,False,case_027,1,4,False
1,capls,c0,0,0.116,0.97,True,558753,5529600,5529600.0,0.0,7569408.0,,,5,2363952,,4.230763861670542,"{""block_cap"": 0.35}",True,results\plans\case_027_p1_n5_capls_best.json,False,case_027,1,5,False
2,capls,c14,0,0.213,0.296,True,1115722,1105920,1105920.0,0.0,3145728.0,,,1424,2363952,,2.118764351693343,"{""alpha"": 0.8, ""block_cap"": 0.35, ""init"": ""rr"", ""mu"": 1.0, ""nu"": 0.5, ""subgraph_mode"": ""op""}",True,results\plans\case_027_p2_n2_capls_best.json,False,case_027,2,2,False
2,capls,c17,0,0.51,0.476,True,811250,13154304,13154304.0,0.0,15194112.0,,,1424,2363952,,2.913962403697997,"{""alpha"": 0.8, ""block_cap"": 0.15, ""init"": ""rr"", ""mu"": 1.0, ""nu"": 0.5, ""subgraph_mode"": ""op""}",True,results\plans\case_027_p2_n3_capls_best.json,False,case_027,2,3,False
2,capls,c0,0,0.081,0.685,True,559196,3317760,3317760.0,0.0,5357568.0,,,4,2363952,,4.227412213249022,"{""block_cap"": 0.35}",True,results\plans\case_027_p2_n4_capls_best.json,False,case_027,2,4,False
2,capls,s1,1,0.324,0.775,True,533784,18898944,18898944.0,0.0,20938752.0,,,1424,2363952,,4.428667775729509,"{""alpha"": 0.8, ""block_cap"": 0.15, ""init"": ""rr"", ""mu"": 1.0, ""noise"": 0.05, ""nu"": 0.5, ""subgraph_mode"": ""op""}",True,results\plans\case_027_p2_n5_capls_best.json,False,case_027,2,5,False
3,capls,c14,0,0.261,0.294,True,1115722,1105920,1105920.0,0.0,3145728.0,0.0,0.0,1424,2363952,,2.118764351693343,"{""alpha"": 0.8, ""block_cap"": 0.35, ""init"": ""rr"", ""mu"": 1.0, ""nu"": 0.5, ""subgraph_mode"": ""op""}",True,results\plans\case_027_p3_n2_capls_best.json,False,case_027,3,2,False
3,capls,c17,0,0.347,0.486,True,811250,13154304,13154304.0,0.0,15194112.0,0.3445715432470399,3516416.0,1424,2363952,,2.913962403697997,"{""alpha"": 0.8, ""block_cap"": 0.15, ""init"": ""rr"", ""mu"": 1.0, ""nu"": 0.5, ""subgraph_mode"": ""op""}",True,results\plans\case_027_p3_n3_capls_best.json,False,case_027,3,3,False
3,capls,c0,0,0.078,0.362,True,559196,3317760,3317760.0,0.0,5357568.0,0.0,0.0,4,2363952,,4.227412213249022,"{""block_cap"": 0.35}",True,results\plans\case_027_p3_n4_capls_best.json,False,case_027,3,4,False
3,capls,s3,3,0.343,0.748,True,533784,18898944,18898944.0,0.0,20938752.0,0.3904428904428904,5488640.0,1424,2363952,,4.428667775729509,"{""alpha"": 0.8, ""block_cap"": 0.15, ""init"": ""rr"", ""mu"": 1.0, ""noise"": 0.05, ""nu"": 0.5, ""subgraph_mode"": ""op""}",True,results\plans\case_027_p3_n5_capls_best.json,False,case_027,3,5,False
1,capls,sa2,0,0.013,222.216,True,22201391,241775088,6701184.0,235073904.0,247683696.0,,,4,43836040,,1.9744726805631232,"{""anneal"": true}",True,results\plans\case_028_p1_n2_capls_best.json,False,case_028,1,2,False
1,capls,sa3,0,56.29,56.268,True,15499450,243092352,9153792.0,233938560.0,249000960.0,,,5,43836040,,2.8282319695214992,"{""anneal"": true}",True,results\plans\case_028_p1_n3_capls_best.json,False,case_028,1,3,False
1,capls,sa2,0,51.623,51.538,True,12244739,252075648,10064256.0,242011392.0,257984256.0,,,6,43836040,,3.579989740900153,"{""anneal"": true}",True,results\plans\case_028_p1_n4_capls_best.json,False,case_028,1,4,False
1,capls,sa3,0,46.565,46.537,True,10962408,263608128,10391040.0,253217088.0,269516736.0,,,7,43836040,,3.998760126424778,"{""anneal"": true}",True,results\plans\case_028_p1_n5_capls_best.json,False,case_028,1,5,False
2,capls,c15,0,2.769,8.183,True,20028806,20677824,2148480.0,18529344.0,26586432.0,,,19584,43836040,,2.188649687854583,"{""alpha"": 1.0, ""block_cap"": 0.35, ""init"": ""rr"", ""mu"": 1.0, ""nu"": 0.5, ""subgraph_mode"": ""op""}",True,results\plans\case_028_p2_n2_capls_best.json,False,case_028,2,2,False
2,capls,s1,1,2.472,8.165,True,13295262,11522304,4296960.0,7225344.0,17430912.0,,,19584,43836040,,3.297117424237296,"{""alpha"": 1.0, ""block_cap"": 0.35, ""init"": ""rr"", ""mu"": 1.0, ""noise"": 0.05, ""nu"": 0.5, ""subgraph_mode"": ""op""}",True,results\plans\case_028_p2_n3_capls_best.json,False,case_028,2,3,False
2,capls,c15,0,2.436,7.049,True,10099681,11508096,6445440.0,5062656.0,17416704.0,,,19584,43836040,,4.340339066154664,"{""alpha"": 1.0, ""block_cap"": 0.35, ""init"": ""rr"", ""mu"": 1.0, ""nu"": 0.5, ""subgraph_mode"": ""op""}",True,results\plans\case_028_p2_n4_capls_best.json,False,case_028,2,4,False
2,capls,c16,0,2.462,5.541,True,8055128,12550656,8593920.0,3956736.0,18459264.0,,,19584,43836040,,5.44200414940644,"{""alpha"": 0.8, ""block_cap"": 0.35, ""init"": ""rr"", ""mu"": 0.0, ""nu"": 0.0, ""subgraph_mode"": ""op""}",True,results\plans\case_028_p2_n5_capls_best.json,False,case_028,2,5,False
3,capls,c15,0,2.556,9.251,True,20009296,20677824,2148480.0,18529344.0,26586432.0,0.1390010310174776,2148480.0,19584,43836040,,2.1907837237252124,"{""alpha"": 1.0, ""block_cap"": 0.35, ""init"": ""rr"", ""mu"": 1.0, ""nu"": 0.5, ""subgraph_mode"": ""op""}",True,results\plans\case_028_p3_n2_capls_best.json,False,case_028,3,2,False
3,capls,s14,14,2.56,7.587,True,13270473,11546880,4296960.0,7249920.0,17455488.0,0.3594558336814369,4295664.0,19584,43836040,,3.3032763790710398,"{""alpha"": 1.0, ""block_cap"": 0.35, ""init"": ""rr"", ""mu"": 1.0, ""noise"": 0.05, ""nu"": 0.5, ""subgraph_mode"": ""op""}",True,results\plans\case_028_p3_n3_capls_best.json,False,case_028,3,3,False
3,capls,c15,0,2.362,6.136,True,10080305,11508096,6445440.0,5062656.0,17416704.0,0.1651005373804181,2147184.0,19584,43836040,,4.348681909922369,"{""alpha"": 1.0, ""block_cap"": 0.35, ""init"": ""rr"", ""mu"": 1.0, ""nu"": 0.5, ""subgraph_mode"": ""op""}",True,results\plans\case_028_p3_n4_capls_best.json,False,case_028,3,4,False
3,capls,c16,0,2.584,4.858,True,7991196,12550656,8593920.0,3956736.0,18459264.0,0.4413101938300502,6443496.0,19584,43836040,,5.485541838793592,"{""alpha"": 0.8, ""block_cap"": 0.35, ""init"": ""rr"", ""mu"": 0.0, ""nu"": 0.0, ""subgraph_mode"": ""op""}",True,results\plans\case_028_p3_n5_capls_best.json,False,case_028,3,5,False
1,capls,c0,0,0.011,0.229,True,19740,0,0.0,0.0,430164.0,,,2,37555,,1.9024822695035462,"{""block_cap"": 0.35}",True,results\plans\case_029_p1_n2_capls_best.json,False,case_029,1,2,False
1,capls,c0,0,0.026,0.217,True,12743,0,0.0,0.0,430164.0,,,3,37555,,2.9471082162756024,"{""block_cap"": 0.35}",True,results\plans\case_029_p1_n3_capls_best.json,False,case_029,1,3,False
1,capls,c0,0,0.032,0.198,True,11028,0,0.0,0.0,430164.0,,,4,37555,,3.405422560754443,"{""block_cap"": 0.35}",True,results\plans\case_029_p1_n4_capls_best.json,False,case_029,1,4,False
1,capls,c0,0,0.044,0.173,True,9383,0,0.0,0.0,430164.0,,,5,37555,,4.002451241607162,"{""block_cap"": 0.35}",True,results\plans\case_029_p1_n5_capls_best.json,False,case_029,1,5,False
2,capls,c0,0,0.019,0.177,True,19740,0,0.0,0.0,430164.0,,,2,37555,,1.9024822695035462,"{""block_cap"": 0.35}",True,results\plans\case_029_p2_n2_capls_best.json,False,case_029,2,2,False
2,capls,c0,0,0.023,0.204,True,12743,0,0.0,0.0,430164.0,,,3,37555,,2.9471082162756024,"{""block_cap"": 0.35}",True,results\plans\case_029_p2_n3_capls_best.json,False,case_029,2,3,False
2,capls,c0,0,0.032,0.192,True,11028,0,0.0,0.0,430164.0,,,4,37555,,3.405422560754443,"{""block_cap"": 0.35}",True,results\plans\case_029_p2_n4_capls_best.json,False,case_029,2,4,False
2,capls,s2,2,0.19,0.205,True,9164,67656,67656.0,0.0,497820.0,,,861,37555,,4.098101265822785,"{""alpha"": 0.8, ""block_cap"": 0.15, ""init"": ""rr"", ""mu"": 1.0, ""noise"": 0.05, ""nu"": 0.5, ""subgraph_mode"": ""op""}",True,results\plans\case_029_p2_n5_capls_best.json,False,case_029,2,5,False
3,capls,c0,0,0.017,0.522,True,19740,0,0.0,0.0,430164.0,0.0,0.0,2,37555,,1.9024822695035462,"{""block_cap"": 0.35}",True,results\plans\case_029_p3_n2_capls_best.json,False,case_029,3,2,False
3,capls,c0,0,0.024,0.16,True,12743,0,0.0,0.0,430164.0,0.0,0.0,3,37555,,2.9471082162756024,"{""block_cap"": 0.35}",True,results\plans\case_029_p3_n3_capls_best.json,False,case_029,3,3,False
3,capls,c0,0,0.032,0.152,True,11028,0,0.0,0.0,430164.0,0.0,0.0,4,37555,,3.405422560754443,"{""block_cap"": 0.35}",True,results\plans\case_029_p3_n4_capls_best.json,False,case_029,3,4,False
3,capls,c0,0,0.042,0.176,True,9383,0,0.0,0.0,430164.0,0.0,0.0,5,37555,,4.002451241607162,"{""block_cap"": 0.35}",True,results\plans\case_029_p3_n5_capls_best.json,False,case_029,3,5,False
1,capls,c2,0,0.276,95.355,True,1401186,7644160,1950720.0,5693440.0,10038220.0,,,2,2808034,,2.00404086252646,"{""block_cap"": 0.35, ""init"": ""rr""}",True,results\plans\case_030_p1_n2_capls_best.json,False,case_030,1,2,False
1,capls,c2,0,0.499,82.845,True,931329,9363456,3901440.0,5462016.0,11757516.0,,,3,2808034,,3.0150827473427757,"{""block_cap"": 0.35, ""init"": ""rr""}",True,results\plans\case_030_p1_n3_capls_best.json,False,case_030,1,3,False
1,capls,c2,0,0.7,75.888,True,701262,10560000,5779456.0,4780544.0,12954060.0,,,4,2808034,,4.004258037652119,"{""block_cap"": 0.35, ""init"": ""rr""}",True,results\plans\case_030_p1_n4_capls_best.json,False,case_030,1,4,False
1,capls,c0,0,0.646,78.635,True,561417,11588608,7496704.0,4091904.0,13982668.0,,,5,2808034,,5.001690365628401,"{""block_cap"": 0.35}",True,results\plans\case_030_p1_n5_capls_best.json,False,case_030,1,5,False
2,capls,c8,0,0.3,6.488,True,1399993,7834624,2036736.0,5797888.0,10228684.0,,,3,2808034,,2.005748600171572,"{""block_cap"": 0.005}",True,results\plans\case_030_p2_n2_capls_best.json,False,case_030,2,2,False
2,capls,c2,0,0.756,3.951,True,931329,9363456,3901440.0,5462016.0,11757516.0,,,3,2808034,,3.0150827473427757,"{""block_cap"": 0.35, ""init"": ""rr""}",True,results\plans\case_030_p2_n3_capls_best.json,False,case_030,2,3,False
2,capls,c5,0,0.759,3.991,True,699599,8380416,5779456.0,2600960.0,10774476.0,,,486,2808034,,4.013776463374018,"{""block_cap"": 0.35, ""init"": ""rr"", ""subgraph_mode"": ""block""}",True,results\plans\case_030_p2_n4_capls_best.json,False,case_030,2,4,False
2,capls,c0,0,0.609,4.462,True,561417,11588608,7496704.0,4091904.0,13982668.0,,,5,2808034,,5.001690365628401,"{""block_cap"": 0.35}",True,results\plans\case_030_p2_n5_capls_best.json,False,case_030,2,5,False
3,capls,c8,0,0.295,7.682,True,1399744,7834624,2036736.0,5797888.0,10228684.0,0.4435272800483189,4511744.0,3,2808034,,2.0061054021306752,"{""block_cap"": 0.005}",True,results\plans\case_030_p3_n2_capls_best.json,False,case_030,3,2,False
3,capls,c2,0,0.889,4.0,True,931340,9363456,3901440.0,5462016.0,11757516.0,0.5442905670237784,6398976.0,3,2808034,,3.0150471363841347,"{""block_cap"": 0.35, ""init"": ""rr""}",True,results\plans\case_030_p3_n3_capls_best.json,False,case_030,3,3,False
3,capls,c9,0,0.499,2.881,True,699009,8838144,5779456.0,3058688.0,11232204.0,0.6505474452554745,7301120.0,24,2808034,,4.017164299744352,"{""block_cap"": 0.35, ""max_ops"": 500}",True,results\plans\case_030_p3_n4_capls_best.json,False,case_030,3,4,False
3,capls,c0,0,0.818,3.906,True,560550,11588608,7496704.0,4091904.0,13982668.0,0.5941848542551633,8307712.0,5,2808034,,5.0094264561591295,"{""block_cap"": 0.35}",True,results\plans\case_030_p3_n5_capls_best.json,False,case_030,3,5,False
1,capls,sa3,0,0.004,7.37,True,706617,4402838,1436724.0,2966114.0,6587878.0,,,4,1414369,,2.001606244967217,"{""anneal"": true}",True,results\plans\case_031_p1_n2_capls_best.json,False,case_031,1,2,False
1,capls,c3,0,0.281,15.409,True,506462,4403712,2162688.0,2241024.0,6588752.0,,,3,1414369,,2.792645845097954,"{""block_cap"": 0.35, ""init"": ""contig""}",True,results\plans\case_031_p1_n3_capls_best.json,False,case_031,1,3,False
1,capls,c3,0,0.482,14.37,True,367052,4574208,4055040.0,519168.0,6759248.0,,,4,1414369,,3.8533205104453865,"{""block_cap"": 0.35, ""init"": ""contig""}",True,results\plans\case_031_p1_n4_capls_best.json,False,case_031,1,4,False
1,capls,sa1,0,0.007,7.156,True,293945,4911428,4690244.0,221184.0,7096468.0,,,6,1414369,,4.811679055605641,"{""anneal"": true}",True,results\plans\case_031_p1_n5_capls_best.json,False,case_031,1,5,False
2,capls,c2,0,0.245,1.774,True,711725,4032000,1081344.0,2950656.0,6217040.0,,,2,1414369,,1.9872408584776424,"{""block_cap"": 0.35, ""init"": ""rr""}",True,results\plans\case_031_p2_n2_capls_best.json,False,case_031,2,2,False
2,capls,c3,0,0.334,1.739,True,506462,4403712,2162688.0,2241024.0,6588752.0,,,3,1414369,,2.792645845097954,"{""block_cap"": 0.35, ""init"": ""contig""}",True,results\plans\case_031_p2_n3_capls_best.json,False,case_031,2,3,False
2,capls,c3,0,0.656,2.041,True,367052,4574208,4055040.0,519168.0,6759248.0,,,4,1414369,,3.8533205104453865,"{""block_cap"": 0.35, ""init"": ""contig""}",True,results\plans\case_031_p2_n4_capls_best.json,False,case_031,2,4,False
2,capls,c3,0,0.465,2.041,True,293958,4816896,4595712.0,221184.0,7001936.0,,,5,1414369,,4.811466263888039,"{""block_cap"": 0.35, ""init"": ""contig""}",True,results\plans\case_031_p2_n5_capls_best.json,False,case_031,2,5,False
3,capls,c2,0,0.382,2.188,True,710284,4032000,1081344.0,2950656.0,6217040.0,0.3394764525915179,2110464.0,2,1414369,,1.991272505082474,"{""block_cap"": 0.35, ""init"": ""rr""}",True,results\plans\case_031_p3_n2_capls_best.json,False,case_031,3,2,False
3,capls,c3,0,0.31,2.002,True,506212,4403712,2162688.0,2241024.0,6588752.0,0.4569394214067716,3010560.0,3,1414369,,2.7940250329901306,"{""block_cap"": 0.35, ""init"": ""contig""}",True,results\plans\case_031_p3_n3_capls_best.json,False,case_031,3,3,False
3,capls,c3,0,0.618,1.957,True,367052,4574208,4055040.0,519168.0,6759248.0,0.3722381383832113,2515968.0,4,1414369,,3.8533205104453865,"{""block_cap"": 0.35, ""init"": ""contig""}",True,results\plans\case_031_p3_n4_capls_best.json,False,case_031,3,4,False
3,capls,c3,0,0.59,2.254,True,293738,4816896,4595712.0,221184.0,7001936.0,0.3211646973399092,2248704.0,5,1414369,,4.815069892216874,"{""block_cap"": 0.35, ""init"": ""contig""}",True,results\plans\case_031_p3_n5_capls_best.json,False,case_031,3,5,False
1,capls,c12,0,0.024,0.206,True,21082,260264,260264.0,0.0,553352.0,,,4,41443,,1.965800208708851,"{""block_cap"": 0.35, ""init"": ""rr"", ""level_mode"": ""alap_fill""}",True,results\plans\case_032_p1_n2_capls_best.json,False,case_032,1,2,False
1,capls,c12,0,0.059,0.21,True,16407,462204,462204.0,0.0,755292.0,,,9,41443,,2.5259340525385507,"{""block_cap"": 0.35, ""init"": ""rr"", ""level_mode"": ""alap_fill""}",True,results\plans\case_032_p1_n3_capls_best.json,False,case_032,1,3,False
1,capls,sa2,0,0.241,0.24,True,14775,397156,397156.0,0.0,690244.0,,,12,41443,,2.8049407783417935,"{""anneal"": true}",True,results\plans\case_032_p1_n4_capls_best.json,False,case_032,1,4,False
1,capls,c3,0,0.119,0.268,True,11904,127130,127130.0,0.0,420218.0,,,10,41443,,3.481434811827957,"{""block_cap"": 0.35, ""init"": ""contig""}",True,results\plans\case_032_p1_n5_capls_best.json,False,case_032,1,5,False
2,capls,s16,16,0.119,0.163,True,21098,168116,168116.0,0.0,461204.0,,,827,41443,,1.9643094132145227,"{""alpha"": 0.8, ""block_cap"": 0.15, ""init"": ""rr"", ""mu"": 1.0, ""noise"": 0.05, ""nu"": 0.5, ""subgraph_mode"": ""op""}",True,results\plans\case_032_p2_n2_capls_best.json,False,case_032,2,2,False
2,capls,c14,0,0.105,0.14,True,12670,205008,205008.0,0.0,498096.0,,,827,41443,,3.2709550118389896,"{""alpha"": 0.8, ""block_cap"": 0.35, ""init"": ""rr"", ""mu"": 1.0, ""nu"": 0.5, ""subgraph_mode"": ""op""}",True,results\plans\case_032_p2_n3_capls_best.json,False,case_032,2,3,False
2,capls,s2,2,0.159,0.164,True,11700,218356,218356.0,0.0,511444.0,,,827,41443,,3.542136752136752,"{""alpha"": 0.8, ""block_cap"": 0.15, ""init"": ""rr"", ""mu"": 1.0, ""noise"": 0.05, ""nu"": 0.5, ""subgraph_mode"": ""op""}",True,results\plans\case_032_p2_n4_capls_best.json,False,case_032,2,4,False
2,capls,c3,0,0.121,0.151,True,10976,116890,116890.0,0.0,409978.0,,,10,41443,,3.775783527696793,"{""block_cap"": 0.35, ""init"": ""contig""}",True,results\plans\case_032_p2_n5_capls_best.json,False,case_032,2,5,False
3,capls,s16,16,0.126,0.178,True,20940,168116,168116.0,0.0,461204.0,0.3337299199739429,147544.0,827,41443,,1.9791308500477556,"{""alpha"": 0.8, ""block_cap"": 0.15, ""init"": ""rr"", ""mu"": 1.0, ""noise"": 0.05, ""nu"": 0.5, ""subgraph_mode"": ""op""}",True,results\plans\case_032_p3_n2_capls_best.json,False,case_032,3,2,False
3,capls,c14,0,0.115,0.162,True,12612,205008,205008.0,0.0,498096.0,0.4190408514013749,202856.0,827,41443,,3.285997462733904,"{""alpha"": 0.8, ""block_cap"": 0.35, ""init"": ""rr"", ""mu"": 1.0, ""nu"": 0.5, ""subgraph_mode"": ""op""}",True,results\plans\case_032_p3_n3_capls_best.json,False,case_032,3,3,False
3,capls,c12,0,0.143,0.145,True,11709,248072,248072.0,0.0,541160.0,0.4587010464172162,241796.0,12,41443,,3.5394141258860707,"{""block_cap"": 0.35, ""init"": ""rr"", ""level_mode"": ""alap_fill""}",True,results\plans\case_032_p3_n4_capls_best.json,False,case_032,3,4,False
3,capls,c3,0,0.108,0.139,True,10930,116890,116890.0,0.0,409978.0,0.2950005807992808,116822.0,10,41443,,3.7916742909423604,"{""block_cap"": 0.35, ""init"": ""contig""}",True,results\plans\case_032_p3_n5_capls_best.json,False,case_032,3,5,False
1,capls,c3,0,0.144,6.023,True,893844,4953600,2056704.0,2896896.0,7926510.0,,,2,1774196,,1.984905643490363,"{""block_cap"": 0.35, ""init"": ""contig""}",True,results\plans\case_033_p1_n2_capls_best.json,False,case_033,1,2,False
1,capls,c2,0,0.246,5.339,True,589568,7086144,4118592.0,2967552.0,10059054.0,,,3,1774196,,3.009315295267043,"{""block_cap"": 0.35, ""init"": ""rr""}",True,results\plans\case_033_p1_n3_capls_best.json,False,case_033,1,3,False
1,capls,c2,0,0.284,5.413,True,446802,7344224,5514336.0,1829888.0,10317134.0,,,4,1774196,,3.9708774804051905,"{""block_cap"": 0.35, ""init"": ""rr""}",True,results\plans\case_033_p1_n4_capls_best.json,False,case_033,1,4,False
1,capls,c2,0,0.414,5.429,True,357201,8111232,6412416.0,1698816.0,11084142.0,,,5,1774196,,4.966940182138348,"{""block_cap"": 0.35, ""init"": ""rr""}",True,results\plans\case_033_p1_n5_capls_best.json,False,case_033,1,5,False
2,capls,c3,0,0.155,1.201,True,893844,4953600,2056704.0,2896896.0,7926510.0,,,2,1774196,,1.984905643490363,"{""block_cap"": 0.35, ""init"": ""contig""}",True,results\plans\case_033_p2_n2_capls_best.json,False,case_033,2,2,False
2,capls,c2,0,0.254,1.228,True,589568,7086144,4118592.0,2967552.0,10059054.0,,,3,1774196,,3.009315295267043,"{""block_cap"": 0.35, ""init"": ""rr""}",True,results\plans\case_033_p2_n3_capls_best.json,False,case_033,2,3,False
2,capls,c2,0,0.349,1.277,True,446802,7344224,5514336.0,1829888.0,10317134.0,,,4,1774196,,3.9708774804051905,"{""block_cap"": 0.35, ""init"": ""rr""}",True,results\plans\case_033_p2_n4_capls_best.json,False,case_033,2,4,False
2,capls,c2,0,0.486,1.317,True,357201,8111232,6412416.0,1698816.0,11084142.0,,,5,1774196,,4.966940182138348,"{""block_cap"": 0.35, ""init"": ""rr""}",True,results\plans\case_033_p2_n5_capls_best.json,False,case_033,2,5,False
3,capls,c2,0,0.308,1.245,True,893649,6224928,2059296.0,4165632.0,9197838.0,0.3115388058679689,2839584.0,2,1774196,,1.9853387627580852,"{""block_cap"": 0.35, ""init"": ""rr""}",True,results\plans\case_033_p3_n2_capls_best.json,False,case_033,3,2,False
3,capls,c2,0,0.294,1.368,True,588351,7086144,4118592.0,2967552.0,10059054.0,0.3500813960015718,3492384.0,3,1774196,,3.015540043273488,"{""block_cap"": 0.35, ""init"": ""rr""}",True,results\plans\case_033_p3_n3_capls_best.json,False,case_033,3,3,False
3,capls,c2,0,0.361,1.428,True,445198,7344224,5514336.0,1829888.0,10317134.0,0.3692757475083056,3779168.0,4,1774196,,3.9851841203239906,"{""block_cap"": 0.35, ""init"": ""rr""}",True,results\plans\case_033_p3_n4_capls_best.json,False,case_033,3,4,False
3,capls,c2,0,0.473,1.427,True,356085,8111232,6412416.0,1698816.0,11084142.0,0.3682920692358373,4051584.0,5,1774196,,4.982506985691619,"{""block_cap"": 0.35, ""init"": ""rr""}",True,results\plans\case_033_p3_n5_capls_best.json,False,case_033,3,5,False
1,capls,c2,0,0.112,6.113,True,418733,1864192,1238528.0,625664.0,4144578.0,,,2,842996,,2.013206506293987,"{""block_cap"": 0.35, ""init"": ""rr""}",True,results\plans\case_034_p1_n2_capls_best.json,False,case_034,1,2,False
1,capls,c2,0,0.247,5.417,True,278567,2647040,2328576.0,318464.0,4927426.0,,,3,842996,,3.026187595802805,"{""block_cap"": 0.35, ""init"": ""rr""}",True,results\plans\case_034_p1_n3_capls_best.json,False,case_034,1,3,False
1,capls,c2,0,0.446,5.315,True,225165,3101184,3019264.0,81920.0,5381570.0,,,4,842996,,3.7439033597583995,"{""block_cap"": 0.35, ""init"": ""rr""}",True,results\plans\case_034_p1_n4_capls_best.json,False,case_034,1,4,False
1,capls,c2,0,0.252,4.669,True,180411,3532800,3508224.0,24576.0,5813186.0,,,5,842996,,4.672641912078531,"{""block_cap"": 0.35, ""init"": ""rr""}",True,results\plans\case_034_p1_n5_capls_best.json,False,case_034,1,5,False
2,capls,c5,0,0.415,1.121,True,412272,1238528,1238528.0,0.0,3518914.0,,,155,842996,,2.0447568595490355,"{""block_cap"": 0.35, ""init"": ""rr"", ""subgraph_mode"": ""block""}",True,results\plans\case_034_p2_n2_capls_best.json,False,case_034,2,2,False
2,capls,c5,0,0.267,0.895,True,272649,2328576,2328576.0,0.0,4608962.0,,,155,842996,,3.0918727007984623,"{""block_cap"": 0.35, ""init"": ""rr"", ""subgraph_mode"": ""block""}",True,results\plans\case_034_p2_n3_capls_best.json,False,case_034,2,3,False
2,capls,c5,0,0.576,1.167,True,215722,3019264,3019264.0,0.0,5299650.0,,,155,842996,,3.9077887280852206,"{""block_cap"": 0.35, ""init"": ""rr"", ""subgraph_mode"": ""block""}",True,results\plans\case_034_p2_n4_capls_best.json,False,case_034,2,4,False
2,capls,c5,0,0.288,1.294,True,165143,3508224,3508224.0,0.0,5788610.0,,,155,842996,,5.1046426430426965,"{""block_cap"": 0.35, ""init"": ""rr"", ""subgraph_mode"": ""block""}",True,results\plans\case_034_p2_n5_capls_best.json,False,case_034,2,5,False
3,capls,c5,0,0.172,1.094,True,412214,1238528,1238528.0,0.0,3518914.0,0.3502571541606224,1232384.0,155,842996,,2.0450445642312003,"{""block_cap"": 0.35, ""init"": ""rr"", ""subgraph_mode"": ""block""}",True,results\plans\case_034_p3_n2_capls_best.json,False,case_034,3,2,False
3,capls,c5,0,0.341,1.253,True,272476,2328576,2328576.0,0.0,4608962.0,0.503272171784679,2319360.0,155,842996,,3.093835787372099,"{""block_cap"": 0.35, ""init"": ""rr"", ""subgraph_mode"": ""block""}",True,results\plans\case_034_p3_n3_capls_best.json,False,case_034,3,3,False
3,capls,c5,0,0.511,1.305,True,215630,3019264,3019264.0,0.0,5299650.0,0.5484008297026295,2906112.0,155,842996,,3.9094560126142004,"{""block_cap"": 0.35, ""init"": ""rr"", ""subgraph_mode"": ""block""}",True,results\plans\case_034_p3_n4_capls_best.json,False,case_034,3,4,False
3,capls,s4,4,0.832,1.552,True,164310,4801550,3508224.0,1293326.0,7081936.0,0.4426779443355683,2856962.0,3745,842996,,5.130521575071511,"{""alpha"": 1.0, ""block_cap"": 0.35, ""init"": ""rr"", ""mu"": 1.0, ""noise"": 0.05, ""nu"": 0.5, ""subgraph_mode"": ""op""}",True,results\plans\case_034_p3_n5_capls_best.json,False,case_034,3,5,False
1,capls,c12,0,0.192,1.039,True,133256,1661360,1661360.0,0.0,2072214.0,,,50,169571,,1.272520561925917,"{""block_cap"": 0.35, ""init"": ""rr"", ""level_mode"": ""alap_fill""}",True,results\plans\case_035_p1_n2_capls_best.json,False,case_035,1,2,False
1,capls,c3,0,0.212,1.975,True,106705,205126,205126.0,0.0,615980.0,,,7,169571,,1.5891570216953281,"{""block_cap"": 0.35, ""init"": ""contig""}",True,results\plans\case_035_p1_n3_capls_best.json,False,case_035,1,3,False
1,capls,c12,0,0.519,1.288,True,105203,1731896,1731896.0,0.0,2142750.0,,,100,169571,,1.6118456698002908,"{""block_cap"": 0.35, ""init"": ""rr"", ""level_mode"": ""alap_fill""}",True,results\plans\case_035_p1_n4_capls_best.json,False,case_035,1,4,False
1,capls,c12,0,0.544,1.451,True,89476,1821886,1821886.0,0.0,2232740.0,,,100,169571,,1.8951562430148867,"{""block_cap"": 0.35, ""init"": ""rr"", ""level_mode"": ""alap_fill""}",True,results\plans\case_035_p1_n5_capls_best.json,False,case_035,1,5,False
2,capls,c16,0,0.777,0.79,True,103111,494734,494734.0,0.0,905588.0,,,3857,169571,,1.6445481083492546,"{""alpha"": 0.8, ""block_cap"": 0.35, ""init"": ""rr"", ""mu"": 0.0, ""nu"": 0.0, ""subgraph_mode"": ""op""}",True,results\plans\case_035_p2_n2_capls_best.json,False,case_035,2,2,False
2,capls,s9,9,0.826,1.307,True,78824,765572,765572.0,0.0,1176426.0,,,3857,169571,,2.1512610372475387,"{""alpha"": 0.8, ""block_cap"": 0.35, ""init"": ""rr"", ""mu"": 0.0, ""noise"": 0.05, ""nu"": 0.0, ""subgraph_mode"": ""op""}",True,results\plans\case_035_p2_n3_capls_best.json,False,case_035,2,3,False
2,capls,c12,0,0.668,0.706,True,78073,1128234,1128234.0,0.0,1539088.0,,,100,169571,,2.1719544528838397,"{""block_cap"": 0.35, ""init"": ""rr"", ""level_mode"": ""alap_fill""}",True,results\plans\case_035_p2_n4_capls_best.json,False,case_035,2,4,False
2,capls,c14,0,0.902,1.259,True,64436,1160968,1160968.0,0.0,1571822.0,,,3857,169571,,2.631618970761686,"{""alpha"": 0.8, ""block_cap"": 0.35, ""init"": ""rr"", ""mu"": 1.0, ""nu"": 0.5, ""subgraph_mode"": ""op""}",True,results\plans\case_035_p2_n5_capls_best.json,False,case_035,2,5,False
3,capls,c16,0,0.786,0.85,True,103075,494734,494734.0,0.0,905588.0,0.2890033250825959,217638.0,3857,169571,,1.645122483628426,"{""alpha"": 0.8, ""block_cap"": 0.35, ""init"": ""rr"", ""mu"": 0.0, ""nu"": 0.0, ""subgraph_mode"": ""op""}",True,results\plans\case_035_p3_n2_capls_best.json,False,case_035,3,2,False
3,capls,s9,9,0.883,1.05,True,78754,765572,765572.0,0.0,1176426.0,0.4267953482541078,401716.0,3857,169571,,2.1531731721563347,"{""alpha"": 0.8, ""block_cap"": 0.35, ""init"": ""rr"", ""mu"": 0.0, ""noise"": 0.05, ""nu"": 0.0, ""subgraph_mode"": ""op""}",True,results\plans\case_035_p3_n3_capls_best.json,False,case_035,3,3,False
3,capls,c12,0,0.634,0.752,True,77573,1128234,1128234.0,0.0,1539088.0,0.5540719124277244,692632.0,100,169571,,2.1859538757041754,"{""block_cap"": 0.35, ""init"": ""rr"", ""level_mode"": ""alap_fill""}",True,results\plans\case_035_p3_n4_capls_best.json,False,case_035,3,4,False
3,capls,c14,0,0.827,1.136,True,63503,1160968,1160968.0,0.0,1571822.0,0.5484584710001866,699516.0,3857,169571,,2.67028329370266,"{""alpha"": 0.8, ""block_cap"": 0.35, ""init"": ""rr"", ""mu"": 1.0, ""nu"": 0.5, ""subgraph_mode"": ""op""}",True,results\plans\case_035_p3_n5_capls_best.json,False,case_035,3,5,False
1,capls,c0,0,0.054,1.55,True,466068,1152,1152.0,0.0,6555904.0,,,2,931510,,1.998656848356892,"{""block_cap"": 0.35}",True,results\plans\case_036_p1_n2_capls_best.json,False,case_036,1,2,False
1,capls,c0,0,0.108,1.21,True,311345,2304,2304.0,0.0,6557056.0,,,3,931510,,2.991890025534375,"{""block_cap"": 0.35}",True,results\plans\case_036_p1_n3_capls_best.json,False,case_036,1,3,False
1,capls,c0,0,0.167,0.831,True,233584,3456,3456.0,0.0,6558208.0,,,4,931510,,3.987901568600589,"{""block_cap"": 0.35}",True,results\plans\case_036_p1_n4_capls_best.json,False,case_036,1,4,False
1,capls,c0,0,0.137,0.898,True,187182,4608,4608.0,0.0,6559360.0,,,5,931510,,4.976493466252097,"{""block_cap"": 0.35}",True,results\plans\case_036_p1_n5_capls_best.json,False,case_036,1,5,False
2,capls,c0,0,0.071,0.923,True,466068,1152,1152.0,0.0,6555904.0,,,2,931510,,1.998656848356892,"{""block_cap"": 0.35}",True,results\plans\case_036_p2_n2_capls_best.json,False,case_036,2,2,False
2,capls,c0,0,0.116,1.059,True,311345,2304,2304.0,0.0,6557056.0,,,3,931510,,2.991890025534375,"{""block_cap"": 0.35}",True,results\plans\case_036_p2_n3_capls_best.json,False,case_036,2,3,False
2,capls,c0,0,0.178,0.604,True,233584,3456,3456.0,0.0,6558208.0,,,4,931510,,3.987901568600589,"{""block_cap"": 0.35}",True,results\plans\case_036_p2_n4_capls_best.json,False,case_036,2,4,False
2,capls,c0,0,0.178,0.592,True,187182,4608,4608.0,0.0,6559360.0,,,5,931510,,4.976493466252097,"{""block_cap"": 0.35}",True,results\plans\case_036_p2_n5_capls_best.json,False,case_036,2,5,False
3,capls,c0,0,0.082,1.01,True,466068,1152,1152.0,0.0,6555904.0,0.0,0.0,2,931510,,1.998656848356892,"{""block_cap"": 0.35}",True,results\plans\case_036_p3_n2_capls_best.json,False,case_036,3,2,False
3,capls,c0,0,0.122,0.606,True,311345,2304,2304.0,0.0,6557056.0,0.0,0.0,3,931510,,2.991890025534375,"{""block_cap"": 0.35}",True,results\plans\case_036_p3_n3_capls_best.json,False,case_036,3,3,False
3,capls,c0,0,0.137,0.948,True,233584,3456,3456.0,0.0,6558208.0,0.0,0.0,4,931510,,3.987901568600589,"{""block_cap"": 0.35}",True,results\plans\case_036_p3_n4_capls_best.json,False,case_036,3,4,False
3,capls,c0,0,0.184,0.954,True,187182,4608,4608.0,0.0,6559360.0,0.0,0.0,5,931510,,4.976493466252097,"{""block_cap"": 0.35}",True,results\plans\case_036_p3_n5_capls_best.json,False,case_036,3,5,False
1,capls,c0,0,0.016,0.191,True,105374,204800,204800.0,0.0,819200.0,,,2,210001,,1.992910964754114,"{""block_cap"": 0.35}",True,results\plans\case_037_p1_n2_capls_best.json,False,case_037,1,2,False
1,capls,c0,0,0.026,0.244,True,74038,1064960,1064960.0,0.0,1679360.0,,,3,210001,,2.836394824279424,"{""block_cap"": 0.35}",True,results\plans\case_037_p1_n3_capls_best.json,False,case_037,1,3,False
1,capls,c0,0,0.034,0.183,True,53320,614400,614400.0,0.0,1228800.0,,,4,210001,,3.938503375843961,"{""block_cap"": 0.35}",True,results\plans\case_037_p1_n4_capls_best.json,False,case_037,1,4,False
1,capls,c3,0,0.057,0.188,True,43013,1310720,1310720.0,0.0,1925120.0,,,5,210001,,4.882268151489085,"{""block_cap"": 0.35, ""init"": ""contig""}",True,results\plans\case_037_p1_n5_capls_best.json,False,case_037,1,5,False
2,capls,c0,0,0.023,0.147,True,105374,204800,204800.0,0.0,819200.0,,,2,210001,,1.992910964754114,"{""block_cap"": 0.35}",True,results\plans\case_037_p2_n2_capls_best.json,False,case_037,2,2,False
2,capls,c0,0,0.036,0.177,True,74038,1064960,1064960.0,0.0,1679360.0,,,3,210001,,2.836394824279424,"{""block_cap"": 0.35}",True,results\plans\case_037_p2_n3_capls_best.json,False,case_037,2,3,False
2,capls,c0,0,0.049,0.16,True,53320,614400,614400.0,0.0,1228800.0,,,4,210001,,3.938503375843961,"{""block_cap"": 0.35}",True,results\plans\case_037_p2_n4_capls_best.json,False,case_037,2,4,False
2,capls,c3,0,0.063,0.162,True,43013,1310720,1310720.0,0.0,1925120.0,,,5,210001,,4.882268151489085,"{""block_cap"": 0.35, ""init"": ""contig""}",True,results\plans\case_037_p2_n5_capls_best.json,False,case_037,2,5,False
3,capls,c0,0,0.024,0.151,True,105374,204800,204800.0,0.0,819200.0,0.0,0.0,2,210001,,1.992910964754114,"{""block_cap"": 0.35}",True,results\plans\case_037_p3_n2_capls_best.json,False,case_037,3,2,False
3,capls,c0,0,0.043,0.18,True,74038,1064960,1064960.0,0.0,1679360.0,0.5897435897435898,942080.0,3,210001,,2.836394824279424,"{""block_cap"": 0.35}",True,results\plans\case_037_p3_n3_capls_best.json,False,case_037,3,3,False
3,capls,c0,0,0.054,0.166,True,53320,614400,614400.0,0.0,1228800.0,0.0,0.0,4,210001,,3.938503375843961,"{""block_cap"": 0.35}",True,results\plans\case_037_p3_n4_capls_best.json,False,case_037,3,4,False
3,capls,c0,0,0.063,0.207,True,43013,1925120,1925120.0,0.0,2539520.0,0.6425,1579008.0,5,210001,,4.882268151489085,"{""block_cap"": 0.35}",True,results\plans\case_037_p3_n5_capls_best.json,False,case_037,3,5,False
1,capls,c2,0,0.211,14.906,True,679097,5607936,1059840.0,4548096.0,8410886.0,,,2,1364555,,2.009366850391034,"{""block_cap"": 0.35, ""init"": ""rr""}",True,results\plans\case_038_p1_n2_capls_best.json,False,case_038,1,2,False
1,capls,c9,0,0.194,11.485,True,460870,5721600,2131968.0,3589632.0,8524550.0,,,4,1364555,,2.960824093562176,"{""block_cap"": 0.35, ""max_ops"": 2000}",True,results\plans\case_038_p1_n3_capls_best.json,False,case_038,1,3,False
1,capls,c0,0,0.202,19.254,True,345585,6024192,3179520.0,2844672.0,8827142.0,,,4,1364555,,3.948536539491008,"{""block_cap"": 0.35}",True,results\plans\case_038_p1_n4_capls_best.json,False,case_038,1,4,False
1,capls,c2,0,0.901,21.522,True,275584,9409536,7927296.0,1482240.0,12212486.0,,,5,1364555,,4.9515029900139345,"{""block_cap"": 0.35, ""init"": ""rr""}",True,results\plans\case_038_p1_n5_capls_best.json,False,case_038,1,5,False
2,capls,c2,0,0.244,2.72,True,679097,5607936,1059840.0,4548096.0,8410886.0,,,2,1364555,,2.009366850391034,"{""block_cap"": 0.35, ""init"": ""rr""}",True,results\plans\case_038_p2_n2_capls_best.json,False,case_038,2,2,False
2,capls,c2,0,0.52,2.826,True,461374,5988864,2119680.0,3869184.0,8791814.0,,,3,1364555,,2.957589721137299,"{""block_cap"": 0.35, ""init"": ""rr""}",True,results\plans\case_038_p2_n3_capls_best.json,False,case_038,2,3,False
2,capls,c0,0,0.304,2.297,True,345585,6024192,3179520.0,2844672.0,8827142.0,,,4,1364555,,3.948536539491008,"{""block_cap"": 0.35}",True,results\plans\case_038_p2_n4_capls_best.json,False,case_038,2,4,False
2,capls,c2,0,0.821,2.703,True,275584,9409536,7927296.0,1482240.0,12212486.0,,,5,1364555,,4.9515029900139345,"{""block_cap"": 0.35, ""init"": ""rr""}",True,results\plans\case_038_p2_n5_capls_best.json,False,case_038,2,5,False
3,capls,c2,0,0.377,2.378,True,678831,5607936,1059840.0,4548096.0,8410886.0,0.1910301790836521,1605120.0,2,1364555,,2.0101542210064065,"{""block_cap"": 0.35, ""init"": ""rr""}",True,results\plans\case_038_p3_n2_capls_best.json,False,case_038,3,2,False
3,capls,c2,0,0.353,2.518,True,460965,5988864,2119680.0,3869184.0,8791814.0,0.3329637713087345,2924544.0,3,1364555,,2.960213899102969,"{""block_cap"": 0.35, ""init"": ""rr""}",True,results\plans\case_038_p3_n3_capls_best.json,False,case_038,3,3,False
3,capls,c0,0,0.301,2.104,True,344211,6024192,3179520.0,2844672.0,8827142.0,0.4674866970158179,4122624.0,4,1364555,,3.964298061363524,"{""block_cap"": 0.35}",True,results\plans\case_038_p3_n4_capls_best.json,False,case_038,3,4,False
3,capls,c2,0,0.865,2.306,True,271662,9409536,7927296.0,1482240.0,12212486.0,0.3938157538297557,4806144.0,5,1364555,,5.022988124949386,"{""block_cap"": 0.35, ""init"": ""rr""}",True,results\plans\case_038_p3_n5_capls_best.json,False,case_038,3,5,False
1,capls,c4,0,0.144,2.217,True,692660,9805824,9805824.0,0.0,14295040.0,,,10,1435262,,2.0721017526636447,"{""block_cap"": 0.35, ""subgraph_mode"": ""block""}",True,results\plans\case_039_p1_n2_capls_best.json,False,case_039,1,2,False
1,capls,c1,0,0.217,19.213,True,485565,14323712,8404992.0,5918720.0,18812928.0,,,3,1435262,,2.9558596686334475,"{""block_cap"": 0.15}",True,results\plans\case_039_p1_n3_capls_best.json,False,case_039,1,3,False
1,capls,c0,0,0.245,18.228,True,395323,17604608,12607488.0,4997120.0,22093824.0,,,4,1435262,,3.6306058590064327,"{""block_cap"": 0.35}",True,results\plans\case_039_p1_n4_capls_best.json,False,case_039,1,4,False
1,capls,c3,0,0.487,4.119,True,327297,8065024,4358144.0,3706880.0,12554240.0,,,5,1435262,,4.385197542293391,"{""block_cap"": 0.35, ""init"": ""contig""}",True,results\plans\case_039_p1_n5_capls_best.json,False,case_039,1,5,False
2,capls,c1,0,0.161,2.41,True,708561,11067392,4202496.0,6864896.0,15556608.0,,,2,1435262,,2.025601183243221,"{""block_cap"": 0.15}",True,results\plans\case_039_p2_n2_capls_best.json,False,case_039,2,2,False
2,capls,c1,0,0.244,2.3,True,485565,14323712,8404992.0,5918720.0,18812928.0,,,3,1435262,,2.9558596686334475,"{""block_cap"": 0.15}",True,results\plans\case_039_p2_n3_capls_best.json,False,case_039,2,3,False
2,capls,c9,0,0.35,1.699,True,395265,17604608,12607488.0,4997120.0,22093824.0,,,12,1435262,,3.631138603215564,"{""block_cap"": 0.35, ""max_ops"": 500}",True,results\plans\case_039_p2_n4_capls_best.json,False,case_039,2,4,False
2,capls,c3,0,0.44,1.458,True,327297,8065024,4358144.0,3706880.0,12554240.0,,,5,1435262,,4.385197542293391,"{""block_cap"": 0.35, ""init"": ""contig""}",True,results\plans\case_039_p2_n5_capls_best.json,False,case_039,2,5,False
3,capls,c1,0,0.171,1.822,True,705615,11067392,4202496.0,6864896.0,15556608.0,0.3701716738197425,5652480.0,2,1435262,,2.03405823288904,"{""block_cap"": 0.15}",True,results\plans\case_039_p3_n2_capls_best.json,False,case_039,3,2,False
3,capls,c1,0,0.25,1.649,True,483226,14323712,8404992.0,5918720.0,18812928.0,0.3860269732478443,7151616.0,3,1435262,,2.9701671681573427,"{""block_cap"": 0.15}",True,results\plans\case_039_p3_n3_capls_best.json,False,case_039,3,3,False
3,capls,c0,0,0.328,1.978,True,368055,17604608,12607488.0,4997120.0,22093824.0,0.4782118707738542,10428416.0,4,1435262,,3.8995856597519394,"{""block_cap"": 0.35}",True,results\plans\case_039_p3_n4_capls_best.json,False,case_039,3,4,False
3,capls,c3,0,0.417,1.175,True,327297,8065024,4358144.0,3706880.0,12554240.0,0.0,0.0,5,1435262,,4.385197542293391,"{""block_cap"": 0.35, ""init"": ""contig""}",True,results\plans\case_039_p3_n5_capls_best.json,False,case_039,3,5,False
1,capls,c12,0,0.114,0.838,True,185290,2193632,2193632.0,0.0,3104870.0,,,24,253454,,1.3678773814021263,"{""block_cap"": 0.35, ""init"": ""rr"", ""level_mode"": ""alap_fill""}",True,results\plans\case_040_p1_n2_capls_best.json,False,case_040,1,2,False
1,capls,sa1,0,0.931,0.921,True,156610,1277364,1277364.0,0.0,2188602.0,,,14,253454,,1.6183768597152162,"{""anneal"": true}",True,results\plans\case_040_p1_n3_capls_best.json,False,case_040,1,3,False
1,capls,c3,0,0.316,0.943,True,154465,644330,644330.0,0.0,1555568.0,,,9,253454,,1.640850678147153,"{""block_cap"": 0.35, ""init"": ""contig""}",True,results\plans\case_040_p1_n4_capls_best.json,False,case_040,1,4,False
1,capls,mono_embed_n4,0,0.644,1.337,True,154465,644330,644330.0,0.0,1555568.0,,,9,253454,,1.640850678147153,"{""block_cap"": 0.08}",True,results/final_plans_mono/p1/n5/case_040_multicore_res.json,False,case_040,1,5,True
2,capls,c15,0,0.513,0.701,True,135293,773554,610770.0,162784.0,1684792.0,,,3083,253454,,1.8733711278484475,"{""alpha"": 1.0, ""block_cap"": 0.35, ""init"": ""rr"", ""mu"": 1.0, ""nu"": 0.5, ""subgraph_mode"": ""op""}",True,results\plans\case_040_p2_n2_capls_best.json,False,case_040,2,2,False
2,capls,c17,0,0.742,0.855,True,128195,2840290,2820832.0,19458.0,3751528.0,,,3083,253454,,1.977097390693865,"{""alpha"": 0.8, ""block_cap"": 0.15, ""init"": ""rr"", ""mu"": 1.0, ""nu"": 0.5, ""subgraph_mode"": ""op""}",True,results\plans\case_040_p2_n3_capls_best.json,False,case_040,2,3,False
2,capls,s15,15,0.944,1.078,True,102570,1931186,1931186.0,0.0,2842424.0,,,3083,253454,,2.4710344155211077,"{""alpha"": 0.8, ""block_cap"": 0.15, ""init"": ""rr"", ""mu"": 1.0, ""noise"": 0.05, ""nu"": 0.5, ""subgraph_mode"": ""op""}",True,results\plans\case_040_p2_n4_capls_best.json,False,case_040,2,4,False
2,capls,mono_embed_n4,7,1.021,1.112,True,102570,1931186,1931186.0,0.0,2842424.0,,,3083,253454,,2.4710344155211077,"{""alpha"": 0.8, ""block_cap"": 0.15, ""init"": ""rr"", ""mu"": 1.0, ""noise"": 0.05, ""nu"": 0.5, ""subgraph_mode"": ""op""}",True,results/final_plans_mono/p2/n5/case_040_multicore_res.json,False,case_040,2,5,True
3,capls,c15,0,0.492,0.663,True,135291,773554,610770.0,162784.0,1684792.0,0.2417829435373295,357964.0,3083,253454,,1.873398821798937,"{""alpha"": 1.0, ""block_cap"": 0.35, ""init"": ""rr"", ""mu"": 1.0, ""nu"": 0.5, ""subgraph_mode"": ""op""}",True,results\plans\case_040_p3_n2_capls_best.json,False,case_040,3,2,False
3,capls,c17,0,0.728,0.996,True,127473,2840290,2820832.0,19458.0,3751528.0,0.3277823585169565,892868.0,3083,253454,,1.9882955606285253,"{""alpha"": 0.8, ""block_cap"": 0.15, ""init"": ""rr"", ""mu"": 1.0, ""nu"": 0.5, ""subgraph_mode"": ""op""}",True,results\plans\case_040_p3_n3_capls_best.json,False,case_040,3,3,False
3,capls,s9,9,0.762,1.141,True,106160,3121596,3121596.0,0.0,4032834.0,0.4145693438554494,1226122.0,3083,253454,,2.387471740768651,"{""alpha"": 0.8, ""block_cap"": 0.15, ""init"": ""rr"", ""mu"": 1.0, ""noise"": 0.05, ""nu"": 0.5, ""subgraph_mode"": ""op""}",True,results\plans\case_040_p3_n4_capls_best.json,False,case_040,3,4,False
3,capls,mono_embed_n4,0,0.76,0.828,True,106160,3121596,3121596.0,0.0,4032834.0,0.4145693438554494,1226122.0,3083,253454,,2.387471740768651,"{""block_cap"": 0.35}",True,results/final_plans_mono/p3/n5/case_040_multicore_res.json,False,case_040,3,5,True
1,capls,c0,0,0.499,300.303,True,2986534,33595392,4893696.0,28701696.0,38545372.0,,,2,6003957,,2.010342758528783,"{""block_cap"": 0.35}",True,results\plans\case_041_p1_n2_capls_best.json,False,case_041,1,2,False
1,capls,c0,0,0.558,273.282,True,1994174,35017728,9787392.0,25230336.0,39967708.0,,,3,6003957,,3.01074881128728,"{""block_cap"": 0.35}",True,results\plans\case_041_p1_n3_capls_best.json,False,case_041,1,3,False
1,capls,c0,0,0.755,253.236,True,1496957,38879232,14349312.0,24529920.0,43829212.0,,,4,6003957,,4.010774524585543,"{""block_cap"": 0.35}",True,results\plans\case_041_p1_n4_capls_best.json,False,case_041,1,4,False
1,capls,c0,0,0.965,260.767,True,1193573,40452096,18020352.0,22431744.0,45402076.0,,,5,6003957,,5.03023861967387,"{""block_cap"": 0.35}",True,results\plans\case_041_p1_n5_capls_best.json,False,case_041,1,5,False
2,capls,c0,0,0.477,6.96,True,2986534,33595392,4893696.0,28701696.0,38545372.0,,,2,6003957,,2.010342758528783,"{""block_cap"": 0.35}",True,results\plans\case_041_p2_n2_capls_best.json,False,case_041,2,2,False
2,capls,c0,0,0.622,7.006,True,1994174,35017728,9787392.0,25230336.0,39967708.0,,,3,6003957,,3.01074881128728,"{""block_cap"": 0.35}",True,results\plans\case_041_p2_n3_capls_best.json,False,case_041,2,3,False
2,capls,c0,0,0.793,6.907,True,1496957,38879232,14349312.0,24529920.0,43829212.0,,,4,6003957,,4.010774524585543,"{""block_cap"": 0.35}",True,results\plans\case_041_p2_n4_capls_best.json,False,case_041,2,4,False
2,capls,c0,0,1.015,7.774,True,1193573,40452096,18020352.0,22431744.0,45402076.0,,,5,6003957,,5.03023861967387,"{""block_cap"": 0.35}",True,results\plans\case_041_p2_n5_capls_best.json,False,case_041,2,5,False
3,capls,c0,0,0.463,9.736,True,2981380,33595392,4893696.0,28701696.0,38545372.0,0.1996493185622061,7695360.0,2,6003957,,2.013818097659473,"{""block_cap"": 0.35}",True,results\plans\case_041_p3_n2_capls_best.json,False,case_041,3,2,False
3,capls,c0,0,0.595,9.017,True,1990580,35017728,9787392.0,25230336.0,39967708.0,0.2665641813989239,10653696.0,3,6003957,,3.0161847300786704,"{""block_cap"": 0.35}",True,results\plans\case_041_p3_n3_capls_best.json,False,case_041,3,3,False
3,capls,c0,0,0.811,8.568,True,1493320,38879232,14349312.0,24529920.0,43829212.0,0.3304829326417607,14484480.0,4,6003957,,4.020542817346583,"{""block_cap"": 0.35}",True,results\plans\case_041_p3_n4_capls_best.json,False,case_041,3,4,False
3,capls,c0,0,1.025,8.386,True,1191841,40452096,18020352.0,22431744.0,45402076.0,0.3262737668313147,14813184.0,5,6003957,,5.037548632745476,"{""block_cap"": 0.35}",True,results\plans\case_041_p3_n5_capls_best.json,False,case_041,3,5,False
1,capls,c2,0,0.205,12.773,True,842623,7265568,2052384.0,5213184.0,9654532.0,,,2,1686740,,2.0017730349159706,"{""block_cap"": 0.35, ""init"": ""rr""}",True,results\plans\case_042_p1_n2_capls_best.json,False,case_042,1,2,False
1,capls,c3,0,0.312,10.754,True,577743,7409664,3686400.0,3723264.0,9798628.0,,,3,1686740,,2.9195334257619736,"{""block_cap"": 0.35, ""init"": ""contig""}",True,results\plans\case_042_p1_n3_capls_best.json,False,case_042,1,3,False
1,capls,c0,0,0.229,8.845,True,434592,8503584,5926176.0,2577408.0,10892548.0,,,4,1686740,,3.8812035196230026,"{""block_cap"": 0.35}",True,results\plans\case_042_p1_n4_capls_best.json,False,case_042,1,4,False
1,capls,c0,0,0.273,9.545,True,359995,9965568,7286784.0,2678784.0,12354532.0,,,5,1686740,,4.6854539646383975,"{""block_cap"": 0.35}",True,results\plans\case_042_p1_n5_capls_best.json,False,case_042,1,5,False
2,capls,c2,0,0.199,1.766,True,842623,7265568,2052384.0,5213184.0,9654532.0,,,2,1686740,,2.0017730349159706,"{""block_cap"": 0.35, ""init"": ""rr""}",True,results\plans\case_042_p2_n2_capls_best.json,False,case_042,2,2,False
2,capls,c3,0,0.329,1.33,True,577743,7409664,3686400.0,3723264.0,9798628.0,,,3,1686740,,2.9195334257619736,"{""block_cap"": 0.35, ""init"": ""contig""}",True,results\plans\case_042_p2_n3_capls_best.json,False,case_042,2,3,False
2,capls,c0,0,0.287,1.865,True,434592,8503584,5926176.0,2577408.0,10892548.0,,,4,1686740,,3.8812035196230026,"{""block_cap"": 0.35}",True,results\plans\case_042_p2_n4_capls_best.json,False,case_042,2,4,False
2,capls,s9,9,1.215,1.431,True,355514,8905092,7682180.0,1222912.0,11294056.0,,,4733,1686740,,4.744510764695624,"{""alpha"": 0.8, ""block_cap"": 0.35, ""init"": ""rr"", ""mu"": 1.0, ""noise"": 0.05, ""nu"": 0.5, ""subgraph_mode"": ""op""}",True,results\plans\case_042_p2_n5_capls_best.json,False,case_042,2,5,False
3,capls,c2,0,0.263,1.98,True,840543,7265568,2052384.0,5213184.0,9654532.0,0.356046256604526,3428640.0,2,1686740,,2.006726604111866,"{""block_cap"": 0.35, ""init"": ""rr""}",True,results\plans\case_042_p3_n2_capls_best.json,False,case_042,3,2,False
3,capls,c0,0,0.214,1.837,True,576523,8405280,3950880.0,4454400.0,10794244.0,0.4310406304041647,4642080.0,3,1686740,,2.9257115501029447,"{""block_cap"": 0.35}",True,results\plans\case_042_p3_n3_capls_best.json,False,case_042,3,3,False
3,capls,c0,0,0.287,1.962,True,434480,8503584,5926176.0,2577408.0,10892548.0,0.4511686659717683,4903200.0,4,1686740,,3.8822040139937397,"{""block_cap"": 0.35}",True,results\plans\case_042_p3_n4_capls_best.json,False,case_042,3,4,False
3,capls,s9,9,1.373,1.78,True,351874,8905092,7682180.0,1222912.0,11294056.0,0.6541026720846499,7036032.0,4733,1686740,,4.793590887647283,"{""alpha"": 0.8, ""block_cap"": 0.35, ""init"": ""rr"", ""mu"": 1.0, ""noise"": 0.05, ""nu"": 0.5, ""subgraph_mode"": ""op""}",True,results\plans\case_042_p3_n5_capls_best.json,False,case_042,3,5,False
1,capls,sa2,0,3.062,3.053,True,397971,3686136,3686136.0,0.0,5117258.0,,,41,677656,,1.7027773380472446,"{""anneal"": true}",True,results\plans\case_043_p1_n2_capls_best.json,False,case_043,1,2,False
1,capls,c2,0,0.566,4.455,True,303961,3969214,3969214.0,0.0,5400336.0,,,30,677656,,2.2294175897565807,"{""block_cap"": 0.35, ""init"": ""rr""}",True,results\plans\case_043_p1_n3_capls_best.json,False,case_043,1,3,False
1,capls,c2,0,1.167,4.749,True,246558,4016686,4016686.0,0.0,5447808.0,,,51,677656,,2.748464864251008,"{""block_cap"": 0.35, ""init"": ""rr""}",True,results\plans\case_043_p1_n4_capls_best.json,False,case_043,1,4,False
1,capls,c2,0,1.183,5.098,True,234354,4895842,4895842.0,0.0,6326964.0,,,63,677656,,2.891591353251918,"{""block_cap"": 0.35, ""init"": ""rr""}",True,results\plans\case_043_p1_n5_capls_best.json,False,case_043,1,5,False
2,capls,c15,0,2.169,2.222,True,327858,1884268,1884268.0,0.0,3315390.0,,,9309,677656,,2.0669192150260174,"{""alpha"": 1.0, ""block_cap"": 0.35, ""init"": ""rr"", ""mu"": 1.0, ""nu"": 0.5, ""subgraph_mode"": ""op""}",True,results\plans\case_043_p2_n2_capls_best.json,False,case_043,2,2,False
2,capls,c15,0,2.362,1.66,True,230016,3085000,3085000.0,0.0,4516122.0,,,9309,677656,,2.9461254869226488,"{""alpha"": 1.0, ""block_cap"": 0.35, ""init"": ""rr"", ""mu"": 1.0, ""nu"": 0.5, ""subgraph_mode"": ""op""}",True,results\plans\case_043_p2_n3_capls_best.json,False,case_043,2,3,False
2,capls,c14,0,2.633,1.873,True,205499,4132756,4132756.0,0.0,5563878.0,,,9309,677656,,3.2976121538304324,"{""alpha"": 0.8, ""block_cap"": 0.35, ""init"": ""rr"", ""mu"": 1.0, ""nu"": 0.5, ""subgraph_mode"": ""op""}",True,results\plans\case_043_p2_n4_capls_best.json,False,case_043,2,4,False
2,capls,s14,14,2.659,2.814,True,184250,4748576,4748576.0,0.0,6179698.0,,,9309,677656,,3.6779158751696066,"{""alpha"": 0.8, ""block_cap"": 0.35, ""init"": ""rr"", ""mu"": 1.0, ""noise"": 0.05, ""nu"": 0.5, ""subgraph_mode"": ""op""}",True,results\plans\case_043_p2_n5_capls_best.json,False,case_043,2,5,False
3,capls,c15,0,2.059,2.255,True,327792,1884268,1884268.0,0.0,3315390.0,0.3184048629404075,902204.0,9309,677656,,2.067335383413872,"{""alpha"": 1.0, ""block_cap"": 0.35, ""init"": ""rr"", ""mu"": 1.0, ""nu"": 0.5, ""subgraph_mode"": ""op""}",True,results\plans\case_043_p3_n2_capls_best.json,False,case_043,3,2,False
3,capls,c15,0,2.075,2.012,True,229480,3085000,3085000.0,0.0,4516122.0,0.4567333922876972,1704392.0,9309,677656,,2.9530067979780372,"{""alpha"": 1.0, ""block_cap"": 0.35, ""init"": ""rr"", ""mu"": 1.0, ""nu"": 0.5, ""subgraph_mode"": ""op""}",True,results\plans\case_043_p3_n3_capls_best.json,False,case_043,3,3,False
3,capls,c14,0,2.65,2.239,True,204676,4132756,4132756.0,0.0,5563878.0,0.4929305143506272,2207820.0,9309,677656,,3.3108718169204012,"{""alpha"": 0.8, ""block_cap"": 0.35, ""init"": ""rr"", ""mu"": 1.0, ""nu"": 0.5, ""subgraph_mode"": ""op""}",True,results\plans\case_043_p3_n4_capls_best.json,False,case_043,3,4,False
3,capls,c14,0,2.681,2.287,True,171690,5217408,5217408.0,0.0,6648530.0,0.5394700402205639,2875166.0,9309,677656,,3.9469741976818686,"{""alpha"": 0.8, ""block_cap"": 0.35, ""init"": ""rr"", ""mu"": 1.0, ""nu"": 0.5, ""subgraph_mode"": ""op""}",True,results\plans\case_043_p3_n5_capls_best.json,False,case_043,3,5,False
1,capls,c1,0,0.04,0.333,True,96401,1283040,1283040.0,0.0,2258496.0,,,35,154407,,1.60171574983662,"{""block_cap"": 0.15}",True,results\plans\case_044_p1_n2_capls_best.json,False,case_044,1,2,False
1,capls,mono_embed_n2,0,0.263,0.303,True,96401,1283040,1283040.0,0.0,2258496.0,,,35,154407,,1.60171574983662,"{""block_cap"": 0.15}",True,results/final_plans_mono/p1/n3/case_044_multicore_res.json,False,case_044,1,3,True
1,capls,mono_embed_n2,0,0.356,0.355,True,96401,1283040,1283040.0,0.0,2258496.0,,,35,154407,,1.60171574983662,"{""anneal"": true}",True,results/final_plans_mono/p1/n4/case_044_multicore_res.json,False,case_044,1,4,True
1,capls,mono_embed_n2,0,0.407,0.406,True,96401,1283040,1283040.0,0.0,2258496.0,,,35,154407,,1.60171574983662,"{""anneal"": true}",True,results/final_plans_mono/p1/n5/case_044_multicore_res.json,False,case_044,1,5,True
2,capls,c14,0,0.087,0.181,True,43959,930400,930400.0,0.0,1905856.0,,,1364,154407,,3.5125230328260426,"{""alpha"": 0.8, ""block_cap"": 0.35, ""init"": ""rr"", ""mu"": 1.0, ""nu"": 0.5, ""subgraph_mode"": ""op""}",True,results\plans\case_044_p2_n2_capls_best.json,False,case_044,2,2,False
2,capls,mono_embed_n2,0,0.289,0.222,True,43959,930400,930400.0,0.0,1905856.0,,,1364,154407,,3.5125230328260426,"{""block_cap"": 0.15}",True,results/final_plans_mono/p2/n3/case_044_multicore_res.json,False,case_044,2,3,True
2,capls,mono_embed_n2,16,0.334,0.51,True,43959,930400,930400.0,0.0,1905856.0,,,1364,154407,,3.5125230328260426,"{""alpha"": 0.8, ""block_cap"": 0.35, ""init"": ""rr"", ""mu"": 1.0, ""noise"": 0.05, ""nu"": 0.5, ""subgraph_mode"": ""op""}",True,results/final_plans_mono/p2/n4/case_044_multicore_res.json,False,case_044,2,4,True
2,capls,mono_embed_n2,2,0.33,0.56,True,43959,930400,930400.0,0.0,1905856.0,,,1364,154407,,3.5125230328260426,"{""alpha"": 0.8, ""block_cap"": 0.35, ""init"": ""rr"", ""mu"": 1.0, ""noise"": 0.05, ""nu"": 0.5, ""subgraph_mode"": ""op""}",True,results/final_plans_mono/p2/n5/case_044_multicore_res.json,False,case_044,2,5,True
3,capls,c14,0,0.082,0.155,True,43910,930400,930400.0,0.0,1905856.0,0.001512216671764,2848.0,1364,154407,,3.5164427237531313,"{""alpha"": 0.8, ""block_cap"": 0.35, ""init"": ""rr"", ""mu"": 1.0, ""nu"": 0.5, ""subgraph_mode"": ""op""}",True,results\plans\case_044_p3_n2_capls_best.json,False,case_044,3,2,False
3,capls,mono_embed_n2,0,0.1,0.637,True,43910,930400,930400.0,0.0,1905856.0,0.001512216671764,2848.0,1364,154407,,3.5164427237531313,"{""block_cap"": 0.15}",True,results/final_plans_mono/p3/n3/case_044_multicore_res.json,False,case_044,3,3,True
3,capls,s11,11,0.308,0.248,True,40054,3517344,2920864.0,596480.0,4492800.0,0.7325354248061111,3215936.0,1364,154407,,3.8549707894342635,"{""alpha"": 0.8, ""block_cap"": 0.35, ""init"": ""rr"", ""mu"": 1.0, ""noise"": 0.05, ""nu"": 0.5, ""subgraph_mode"": ""op""}",True,results\plans\case_044_p3_n4_capls_best.json,False,case_044,3,4,False
3,capls,mono_embed_n4,8,0.317,0.489,True,40054,3517344,2920864.0,596480.0,4492800.0,0.7325354248061111,3215936.0,1364,154407,,3.8549707894342635,"{""alpha"": 0.8, ""block_cap"": 0.35, ""init"": ""rr"", ""mu"": 0.0, ""noise"": 0.05, ""nu"": 0.0, ""subgraph_mode"": ""op""}",True,results/final_plans_mono/p3/n5/case_044_multicore_res.json,False,case_044,3,5,True
1,capls,c0,0,0.023,0.434,True,63059,0,0.0,0.0,557056.0,,,2,125614,,1.99200748505368,"{""block_cap"": 0.35}",True,results\plans\case_045_p1_n2_capls_best.json,False,case_045,1,2,False
1,capls,c0,0,0.038,0.347,True,42601,0,0.0,0.0,557056.0,,,3,125614,,2.94861622966597,"{""block_cap"": 0.35}",True,results\plans\case_045_p1_n3_capls_best.json,False,case_045,1,3,False
1,capls,c0,0,0.058,0.305,True,31878,0,0.0,0.0,557056.0,,,4,125614,,3.940460505677897,"{""block_cap"": 0.35}",True,results\plans\case_045_p1_n4_capls_best.json,False,case_045,1,4,False
1,capls,c3,0,0.061,0.247,True,26088,0,0.0,0.0,557056.0,,,5,125614,,4.8150107329040175,"{""block_cap"": 0.35, ""init"": ""contig""}",True,results\plans\case_045_p1_n5_capls_best.json,False,case_045,1,5,False
2,capls,c0,0,0.043,0.19,True,63059,0,0.0,0.0,557056.0,,,2,125614,,1.99200748505368,"{""block_cap"": 0.35}",True,results\plans\case_045_p2_n2_capls_best.json,False,case_045,2,2,False
2,capls,c0,0,0.045,0.208,True,42601,0,0.0,0.0,557056.0,,,3,125614,,2.94861622966597,"{""block_cap"": 0.35}",True,results\plans\case_045_p2_n3_capls_best.json,False,case_045,2,3,False
2,capls,c0,0,0.055,0.542,True,31878,0,0.0,0.0,557056.0,,,4,125614,,3.940460505677897,"{""block_cap"": 0.35}",True,results\plans\case_045_p2_n4_capls_best.json,False,case_045,2,4,False
2,capls,c3,0,0.072,0.318,True,26088,0,0.0,0.0,557056.0,,,5,125614,,4.8150107329040175,"{""block_cap"": 0.35, ""init"": ""contig""}",True,results\plans\case_045_p2_n5_capls_best.json,False,case_045,2,5,False
3,capls,c0,0,0.032,0.179,True,63059,0,0.0,0.0,557056.0,0.0,0.0,2,125614,,1.99200748505368,"{""block_cap"": 0.35}",True,results\plans\case_045_p3_n2_capls_best.json,False,case_045,3,2,False
3,capls,c0,0,0.044,0.195,True,42601,0,0.0,0.0,557056.0,0.0,0.0,3,125614,,2.94861622966597,"{""block_cap"": 0.35}",True,results\plans\case_045_p3_n3_capls_best.json,False,case_045,3,3,False
3,capls,c0,0,0.063,0.208,True,31878,0,0.0,0.0,557056.0,0.0,0.0,4,125614,,3.940460505677897,"{""block_cap"": 0.35}",True,results\plans\case_045_p3_n4_capls_best.json,False,case_045,3,4,False
3,capls,c3,0,0.081,0.125,True,26088,0,0.0,0.0,557056.0,0.0,0.0,5,125614,,4.8150107329040175,"{""block_cap"": 0.35, ""init"": ""contig""}",True,results\plans\case_045_p3_n5_capls_best.json,False,case_045,3,5,False
1,capls,c1,0,0.027,0.56,True,151992,1819232,1819232.0,0.0,2880704.0,,,25,276455,,1.8188786251907996,"{""block_cap"": 0.15}",True,results\plans\case_046_p1_n2_capls_best.json,False,case_046,1,2,False
1,capls,sa1,0,0.001,0.239,True,133707,3761600,1926336.0,1835264.0,4823072.0,,,4,276455,,2.067618000553449,"{""anneal"": true}",True,results\plans\case_046_p1_n3_capls_best.json,False,case_046,1,3,False
1,capls,sa2,0,0.214,0.213,True,115384,4554048,2848544.0,1705504.0,5615520.0,,,5,276455,,2.3959561117659294,"{""anneal"": true}",True,results\plans\case_046_p1_n4_capls_best.json,False,case_046,1,4,False
1,capls,mono_embed_n4,0,0.233,0.232,True,115384,4554048,2848544.0,1705504.0,5615520.0,,,5,276455,,2.3959561117659294,"{""anneal"": true}",True,results/final_plans_mono/p1/n5/case_046_multicore_res.json,False,case_046,1,5,True
2,capls,c14,0,0.05,0.106,True,105718,930400,930400.0,0.0,1991872.0,,,992,276455,,2.6150229856788814,"{""alpha"": 0.8, ""block_cap"": 0.35, ""init"": ""rr"", ""mu"": 1.0, ""nu"": 0.5, ""subgraph_mode"": ""op""}",True,results\plans\case_046_p2_n2_capls_best.json,False,case_046,2,2,False
2,capls,c0,0,0.064,0.214,True,105663,2064576,2064576.0,0.0,3126048.0,,,46,276455,,2.616384164750196,"{""block_cap"": 0.35}",True,results\plans\case_046_p2_n3_capls_best.json,False,case_046,2,3,False
2,capls,c16,0,0.214,0.14,True,92005,2213920,2161696.0,52224.0,3275392.0,,,992,276455,,3.004782348785392,"{""alpha"": 0.8, ""block_cap"": 0.35, ""init"": ""rr"", ""mu"": 0.0, ""nu"": 0.0, ""subgraph_mode"": ""op""}",True,results\plans\case_046_p2_n4_capls_best.json,False,case_046,2,4,False
2,capls,mono_embed_n4,11,0.205,0.408,True,92005,2213920,2161696.0,52224.0,3275392.0,,,992,276455,,3.004782348785392,"{""alpha"": 0.8, ""block_cap"": 0.35, ""init"": ""rr"", ""mu"": 0.0, ""noise"": 0.05, ""nu"": 0.0, ""subgraph_mode"": ""op""}",True,results/final_plans_mono/p2/n5/case_046_multicore_res.json,False,case_046,2,5,True
3,capls,c14,0,0.048,0.139,True,105718,930400,930400.0,0.0,1991872.0,0.0,0.0,992,276455,,2.6150229856788814,"{""alpha"": 0.8, ""block_cap"": 0.35, ""init"": ""rr"", ""mu"": 1.0, ""nu"": 0.5, ""subgraph_mode"": ""op""}",True,results\plans\case_046_p3_n2_capls_best.json,False,case_046,3,2,False
3,capls,c0,0,0.061,0.226,True,102704,2064576,2064576.0,0.0,3126048.0,0.3825620286648099,962624.0,46,276455,,2.6917646829724258,"{""block_cap"": 0.35}",True,results\plans\case_046_p3_n3_capls_best.json,False,case_046,3,3,False
3,capls,c12,0,0.09,0.194,True,85582,4044576,4044576.0,0.0,5106048.0,0.3337296638923527,1473024.0,100,276455,,3.2302937533593514,"{""block_cap"": 0.35, ""init"": ""rr"", ""level_mode"": ""alap_fill""}",True,results\plans\case_046_p3_n4_capls_best.json,False,case_046,3,4,False
3,capls,mono_embed_n4,0,0.218,0.247,True,85582,4044576,4044576.0,0.0,5106048.0,0.3337296638923527,1473024.0,100,276455,,3.2302937533593514,"{""block_cap"": 0.6, ""comm_weight"": 1e-06}",True,results/final_plans_mono/p3/n5/case_046_multicore_res.json,False,case_046,3,5,True
1,capls,sa3,0,20.185,20.173,True,326273,28644,28644.0,0.0,492586.0,,,2,326508,,1.0007202557367603,"{""anneal"": true}",True,results\plans\case_047_p1_n2_capls_best.json,False,case_047,1,2,False
1,capls,sa2,0,3.88,3.866,True,161112,1663472,1663472.0,0.0,2127414.0,,,100,326508,,2.0265901981230448,"{""anneal"": true}",True,results\plans\case_047_p1_n3_capls_best.json,False,case_047,1,3,False
1,capls,c2,0,2.177,5.534,True,154972,1910350,1910350.0,0.0,2374292.0,,,92,326508,,2.1068838241746897,"{""block_cap"": 0.35, ""init"": ""rr""}",True,results\plans\case_047_p1_n4_capls_best.json,False,case_047,1,4,False
1,capls,c2,0,2.096,6.677,True,137150,2292614,2292614.0,0.0,2756556.0,,,154,326508,,2.3806635071090048,"{""block_cap"": 0.35, ""init"": ""rr""}",True,results\plans\case_047_p1_n5_capls_best.json,False,case_047,1,5,False
2,capls,c17,0,2.196,4.869,True,156922,794950,794950.0,0.0,1258892.0,,,13710,326508,,2.0807025146251004,"{""alpha"": 0.8, ""block_cap"": 0.15, ""init"": ""rr"", ""mu"": 1.0, ""nu"": 0.5, ""subgraph_mode"": ""op""}",True,results\plans\case_047_p2_n2_capls_best.json,False,case_047,2,2,False
2,capls,c14,0,1.999,3.843,True,122587,1239692,1239692.0,0.0,1703634.0,,,13710,326508,,2.663479814335941,"{""alpha"": 0.8, ""block_cap"": 0.35, ""init"": ""rr"", ""mu"": 1.0, ""nu"": 0.5, ""subgraph_mode"": ""op""}",True,results\plans\case_047_p2_n3_capls_best.json,False,case_047,2,3,False
2,capls,c14,0,3.065,4.021,True,113671,1947090,1947090.0,0.0,2411032.0,,,13710,326508,,2.8723948940362978,"{""alpha"": 0.8, ""block_cap"": 0.35, ""init"": ""rr"", ""mu"": 1.0, ""nu"": 0.5, ""subgraph_mode"": ""op""}",True,results\plans\case_047_p2_n4_capls_best.json,False,case_047,2,4,False
2,capls,c14,0,2.636,3.938,True,102458,2584600,2584600.0,0.0,3048542.0,,,13710,326508,,3.1867496925569503,"{""alpha"": 0.8, ""block_cap"": 0.35, ""init"": ""rr"", ""mu"": 1.0, ""nu"": 0.5, ""subgraph_mode"": ""op""}",True,results\plans\case_047_p2_n5_capls_best.json,False,case_047,2,5,False
3,capls,c17,0,2.398,4.642,True,156919,794950,794950.0,0.0,1258892.0,0.1641264296820089,154118.0,13710,326508,,2.080742293794888,"{""alpha"": 0.8, ""block_cap"": 0.15, ""init"": ""rr"", ""mu"": 1.0, ""nu"": 0.5, ""subgraph_mode"": ""op""}",True,results\plans\case_047_p3_n2_capls_best.json,False,case_047,3,2,False
3,capls,c14,0,2.384,3.942,True,122464,1239692,1239692.0,0.0,1703634.0,0.2798281284666885,330444.0,13710,326508,,2.666154951659263,"{""alpha"": 0.8, ""block_cap"": 0.35, ""init"": ""rr"", ""mu"": 1.0, ""nu"": 0.5, ""subgraph_mode"": ""op""}",True,results\plans\case_047_p3_n3_capls_best.json,False,case_047,3,3,False
3,capls,c14,0,2.995,3.94,True,112730,1947090,1947090.0,0.0,2411032.0,0.2886161150078808,484882.0,13710,326508,,2.8963718619710814,"{""alpha"": 0.8, ""block_cap"": 0.35, ""init"": ""rr"", ""mu"": 1.0, ""nu"": 0.5, ""subgraph_mode"": ""op""}",True,results\plans\case_047_p3_n4_capls_best.json,False,case_047,3,4,False
3,capls,c14,0,2.757,3.893,True,99665,2584600,2584600.0,0.0,3048542.0,0.4200357099152347,871832.0,13710,326508,,3.276054783524808,"{""alpha"": 0.8, ""block_cap"": 0.35, ""init"": ""rr"", ""mu"": 1.0, ""nu"": 0.5, ""subgraph_mode"": ""op""}",True,results\plans\case_047_p3_n5_capls_best.json,False,case_047,3,5,False
1,capls,c5,0,0.07,0.419,True,214615,615242,615242.0,0.0,1030032.0,,,90,222220,,1.035435547375533,"{""block_cap"": 0.35, ""init"": ""rr"", ""subgraph_mode"": ""block""}",True,results\plans\case_048_p1_n2_capls_best.json,False,case_048,1,2,False
1,capls,sa1,0,0.396,0.386,True,202773,620994,620994.0,0.0,1035784.0,,,78,222220,,1.0959052733845236,"{""anneal"": true}",True,results\plans\case_048_p1_n3_capls_best.json,False,case_048,1,3,False
1,capls,mono_embed_n3,0,0.347,0.345,True,202773,620994,620994.0,0.0,1035784.0,,,78,222220,,1.0959052733845236,"{""anneal"": true}",True,results/final_plans_mono/p1/n4/case_048_multicore_res.json,False,case_048,1,4,True
1,capls,mono_embed_n3,0,0.242,0.395,True,202773,620994,620994.0,0.0,1035784.0,,,78,222220,,1.0959052733845236,"{""block_cap"": 0.35, ""cores_used"": 4}",True,results/final_plans_mono/p1/n5/case_048_multicore_res.json,False,case_048,1,5,True
2,capls,c14,0,0.116,0.354,True,159142,233030,233030.0,0.0,647820.0,,,1728,222220,,1.3963629965691018,"{""alpha"": 0.8, ""block_cap"": 0.35, ""init"": ""rr"", ""mu"": 1.0, ""nu"": 0.5, ""subgraph_mode"": ""op""}",True,results\plans\case_048_p2_n2_capls_best.json,False,case_048,2,2,False
2,capls,c14,0,0.138,0.355,True,149061,576140,576140.0,0.0,990930.0,,,1728,222220,,1.49079906883759,"{""alpha"": 0.8, ""block_cap"": 0.35, ""init"": ""rr"", ""mu"": 1.0, ""nu"": 0.5, ""subgraph_mode"": ""op""}",True,results\plans\case_048_p2_n3_capls_best.json,False,case_048,2,3,False
2,capls,s16,16,0.566,0.488,True,146560,1673298,1673298.0,0.0,2088088.0,,,1728,222220,,1.5162390829694323,"{""alpha"": 0.8, ""block_cap"": 0.15, ""init"": ""rr"", ""mu"": 1.0, ""noise"": 0.05, ""nu"": 0.5, ""subgraph_mode"": ""op""}",True,results\plans\case_048_p2_n4_capls_best.json,False,case_048,2,4,False
2,capls,mono_embed_n4,0,0.517,0.399,True,146560,1673298,1673298.0,0.0,2088088.0,,,1728,222220,,1.5162390829694323,"{""alpha"": 0.8, ""block_cap"": 0.35, ""init"": ""rr"", ""mu"": 1.0, ""nu"": 0.5, ""subgraph_mode"": ""op""}",True,results/final_plans_mono/p2/n5/case_048_multicore_res.json,False,case_048,2,5,True
3,capls,c14,0,0.142,0.358,True,159138,233030,233030.0,0.0,647820.0,0.0011043894737641,582.0,1728,222220,,1.396398094735387,"{""alpha"": 0.8, ""block_cap"": 0.35, ""init"": ""rr"", ""mu"": 1.0, ""nu"": 0.5, ""subgraph_mode"": ""op""}",True,results\plans\case_048_p3_n2_capls_best.json,False,case_048,3,2,False
3,capls,c14,0,0.138,0.312,True,149071,576140,576140.0,0.0,990930.0,0.0754696514260104,52876.0,1728,222220,,1.4906990628626628,"{""alpha"": 0.8, ""block_cap"": 0.35, ""init"": ""rr"", ""mu"": 1.0, ""nu"": 0.5, ""subgraph_mode"": ""op""}",True,results\plans\case_048_p3_n3_capls_best.json,False,case_048,3,3,False
3,capls,c17,0,0.399,0.531,True,142969,1756370,1756370.0,0.0,2171160.0,0.2471475865330614,334450.0,1728,222220,,1.5543229651183124,"{""alpha"": 0.8, ""block_cap"": 0.15, ""init"": ""rr"", ""mu"": 1.0, ""nu"": 0.5, ""subgraph_mode"": ""op""}",True,results\plans\case_048_p3_n4_capls_best.json,False,case_048,3,4,False
3,capls,mono_embed_n4,0,0.75,0.42,True,142969,1756370,1756370.0,0.0,2171160.0,0.2471475865330614,334450.0,1728,222220,,1.5543229651183124,"{""alpha"": 0.8, ""block_cap"": 0.35, ""init"": ""rr"", ""mu"": 1.0, ""nu"": 0.5, ""subgraph_mode"": ""op""}",True,results/final_plans_mono/p3/n5/case_048_multicore_res.json,False,case_048,3,5,True
1,capls,c12,0,0.164,1.9,True,171171,391226,391226.0,0.0,543766.0,,,8,196276,,1.1466661992977782,"{""block_cap"": 0.35, ""init"": ""rr"", ""level_mode"": ""alap_fill""}",True,results\plans\case_049_p1_n2_capls_best.json,False,case_049,1,2,False
1,capls,sa1,0,1.685,1.659,True,122860,1896282,1896282.0,0.0,2048822.0,,,74,196276,,1.5975581963210157,"{""anneal"": true}",True,results\plans\case_049_p1_n3_capls_best.json,False,case_049,1,3,False
1,capls,c12,0,0.471,1.906,True,78438,978962,978962.0,0.0,1131502.0,,,52,196276,,2.5023075550116016,"{""block_cap"": 0.35, ""init"": ""rr"", ""level_mode"": ""alap_fill""}",True,results\plans\case_049_p1_n4_capls_best.json,False,case_049,1,4,False
1,capls,c12,0,0.647,1.494,True,74787,1166038,1166038.0,0.0,1318578.0,,,65,196276,,2.624466819099576,"{""block_cap"": 0.35, ""init"": ""rr"", ""level_mode"": ""alap_fill""}",True,results\plans\case_049_p1_n5_capls_best.json,False,case_049,1,5,False
2,capls,c17,0,0.537,0.739,True,100467,319282,319282.0,0.0,471822.0,,,4303,196276,,1.9536365174634458,"{""alpha"": 0.8, ""block_cap"": 0.15, ""init"": ""rr"", ""mu"": 1.0, ""nu"": 0.5, ""subgraph_mode"": ""op""}",True,results\plans\case_049_p2_n2_capls_best.json,False,case_049,2,2,False
2,capls,c17,0,0.988,0.857,True,81125,497688,497688.0,0.0,650228.0,,,4303,196276,,2.419426810477658,"{""alpha"": 0.8, ""block_cap"": 0.15, ""init"": ""rr"", ""mu"": 1.0, ""nu"": 0.5, ""subgraph_mode"": ""op""}",True,results\plans\case_049_p2_n3_capls_best.json,False,case_049,2,3,False
2,capls,c14,0,0.681,0.8,True,61217,751934,751934.0,0.0,904474.0,,,4303,196276,,3.206233562572488,"{""alpha"": 0.8, ""block_cap"": 0.35, ""init"": ""rr"", ""mu"": 1.0, ""nu"": 0.5, ""subgraph_mode"": ""op""}",True,results\plans\case_049_p2_n4_capls_best.json,False,case_049,2,4,False
2,capls,c14,0,0.751,0.716,True,59412,872740,872740.0,0.0,1025280.0,,,4303,196276,,3.3036423618124284,"{""alpha"": 0.8, ""block_cap"": 0.35, ""init"": ""rr"", ""mu"": 1.0, ""nu"": 0.5, ""subgraph_mode"": ""op""}",True,results\plans\case_049_p2_n5_capls_best.json,False,case_049,2,5,False
3,capls,c17,0,0.572,0.767,True,100433,319282,319282.0,0.0,471822.0,0.0848313434850362,27654.0,4303,196276,,1.9542978901357124,"{""alpha"": 0.8, ""block_cap"": 0.15, ""init"": ""rr"", ""mu"": 1.0, ""nu"": 0.5, ""subgraph_mode"": ""op""}",True,results\plans\case_049_p3_n2_capls_best.json,False,case_049,3,2,False
3,capls,c17,0,1.09,0.802,True,81123,497688,497688.0,0.0,650228.0,0.2670498642972384,113548.0,4303,196276,,2.419486458834116,"{""alpha"": 0.8, ""block_cap"": 0.15, ""init"": ""rr"", ""mu"": 1.0, ""nu"": 0.5, ""subgraph_mode"": ""op""}",True,results\plans\case_049_p3_n3_capls_best.json,False,case_049,3,3,False
3,capls,c14,0,0.7,0.736,True,60474,751934,751934.0,0.0,904474.0,0.3762258679144835,214834.0,4303,196276,,3.245626219532361,"{""alpha"": 0.8, ""block_cap"": 0.35, ""init"": ""rr"", ""mu"": 1.0, ""nu"": 0.5, ""subgraph_mode"": ""op""}",True,results\plans\case_049_p3_n4_capls_best.json,False,case_049,3,4,False
3,capls,c14,0,0.821,0.766,True,58817,872740,872740.0,0.0,1025280.0,0.4405548979865897,282134.0,4303,196276,,3.337062413927946,"{""alpha"": 0.8, ""block_cap"": 0.35, ""init"": ""rr"", ""mu"": 1.0, ""nu"": 0.5, ""subgraph_mode"": ""op""}",True,results\plans\case_049_p3_n5_capls_best.json,False,case_049,3,5,False
1,capls,c12,0,0.18,2.094,True,117878,581308,556732.0,24576.0,900684.0,,,8,149690,,1.2698722407913265,"{""block_cap"": 0.35, ""init"": ""rr"", ""level_mode"": ""alap_fill""}",True,results\plans\case_050_p1_n2_capls_best.json,False,case_050,1,2,False
1,capls,c2,0,0.314,0.917,True,71842,583052,583052.0,0.0,902428.0,,,39,149690,,2.083600122491022,"{""block_cap"": 0.35, ""init"": ""rr""}",True,results\plans\case_050_p1_n3_capls_best.json,False,case_050,1,3,False
1,capls,c2,0,0.649,1.07,True,61002,654496,654496.0,0.0,973872.0,,,40,149690,,2.453853972000918,"{""block_cap"": 0.35, ""init"": ""rr""}",True,results\plans\case_050_p1_n4_capls_best.json,False,case_050,1,4,False
1,capls,c2,0,0.825,0.872,True,60066,745434,745434.0,0.0,1064810.0,,,65,149690,,2.4920920320980255,"{""block_cap"": 0.35, ""init"": ""rr""}",True,results\plans\case_050_p1_n5_capls_best.json,False,case_050,1,5,False
2,capls,c17,0,0.967,0.946,True,80347,272582,272582.0,0.0,591958.0,,,4555,149690,,1.8630440464485296,"{""alpha"": 0.8, ""block_cap"": 0.15, ""init"": ""rr"", ""mu"": 1.0, ""nu"": 0.5, ""subgraph_mode"": ""op""}",True,results\plans\case_050_p2_n2_capls_best.json,False,case_050,2,2,False
2,capls,c14,0,0.705,0.674,True,55518,481660,481660.0,0.0,801036.0,,,4555,149690,,2.6962426600381857,"{""alpha"": 0.8, ""block_cap"": 0.35, ""init"": ""rr"", ""mu"": 1.0, ""nu"": 0.5, ""subgraph_mode"": ""op""}",True,results\plans\case_050_p2_n3_capls_best.json,False,case_050,2,3,False
2,capls,c14,0,1.114,0.873,True,43625,571290,571290.0,0.0,890666.0,,,4555,149690,,3.431289398280802,"{""alpha"": 0.8, ""block_cap"": 0.35, ""init"": ""rr"", ""mu"": 1.0, ""nu"": 0.5, ""subgraph_mode"": ""op""}",True,results\plans\case_050_p2_n4_capls_best.json,False,case_050,2,4,False
2,capls,mono_embed_n4,0,0.918,0.886,True,43625,571290,571290.0,0.0,890666.0,,,4555,149690,,3.431289398280802,"{""alpha"": 0.8, ""block_cap"": 0.35, ""init"": ""rr"", ""mu"": 1.0, ""nu"": 0.5, ""subgraph_mode"": ""op""}",True,results/final_plans_mono/p2/n5/case_050_multicore_res.json,False,case_050,2,5,True
3,capls,c17,0,0.741,0.851,True,80346,272582,272582.0,0.0,591958.0,0.2573583693203334,134566.0,4555,149690,,1.863067234212033,"{""alpha"": 0.8, ""block_cap"": 0.15, ""init"": ""rr"", ""mu"": 1.0, ""nu"": 0.5, ""subgraph_mode"": ""op""}",True,results\plans\case_050_p3_n2_capls_best.json,False,case_050,3,2,False
3,capls,c14,0,0.755,0.858,True,55445,481660,481660.0,0.0,801036.0,0.3455817860628297,223796.0,4555,149690,,2.699792587248625,"{""alpha"": 0.8, ""block_cap"": 0.35, ""init"": ""rr"", ""mu"": 1.0, ""nu"": 0.5, ""subgraph_mode"": ""op""}",True,results\plans\case_050_p3_n3_capls_best.json,False,case_050,3,3,False
3,capls,c14,0,0.943,0.897,True,43605,571290,571290.0,0.0,890666.0,0.352242966847081,246134.0,4555,149690,,3.4328632037610367,"{""alpha"": 0.8, ""block_cap"": 0.35, ""init"": ""rr"", ""mu"": 1.0, ""nu"": 0.5, ""subgraph_mode"": ""op""}",True,results\plans\case_050_p3_n4_capls_best.json,False,case_050,3,4,False
3,capls,mono_embed_n4,0,0.931,1.032,True,43605,571290,571290.0,0.0,890666.0,0.352242966847081,246134.0,4555,149690,,3.4328632037610367,"{""alpha"": 0.8, ""block_cap"": 0.35, ""init"": ""rr"", ""mu"": 1.0, ""nu"": 0.5, ""subgraph_mode"": ""op""}",True,results/final_plans_mono/p3/n5/case_050_multicore_res.json,False,case_050,3,5,True
1,capls,mono_embed_n1,0,0.019,0.722,True,607628,0,0.0,0.0,393218.0,,,1,607628,,1.0,"{""block_cap"": 0.35, ""cores_used"": 1}",True,results/final_plans_mono/p1/n2/case_051_multicore_res.json,False,case_051,1,2,True
1,capls,c8,0,0.426,0.532,True,549836,19138090,19138090.0,0.0,19531308.0,,,126,607628,,1.1051077048428986,"{""block_cap"": 0.005}",True,results\plans\case_051_p1_n3_capls_best.json,False,case_051,1,3,False
1,capls,c8,0,0.457,0.653,True,533409,16713772,16713772.0,0.0,17106990.0,,,290,607628,,1.1391408843870277,"{""block_cap"": 0.005}",True,results\plans\case_051_p1_n4_capls_best.json,False,case_051,1,4,False
1,capls,sa1,0,0.96,0.95,True,491857,16648208,16648208.0,0.0,17041426.0,,,330,607628,,1.235375322502272,"{""anneal"": true}",True,results\plans\case_051_p1_n5_capls_best.json,False,case_051,1,5,False
2,capls,mono_embed_n1,0,0.014,0.222,True,607628,0,0.0,0.0,393218.0,,,1,607628,,1.0,"{""block_cap"": 0.35, ""cores_used"": 1}",True,results/final_plans_mono/p2/n2/case_051_multicore_res.json,False,case_051,2,2,True
2,capls,c8,0,0.478,0.321,True,484407,10748968,10748968.0,0.0,11142186.0,,,130,607628,,1.2543749367783703,"{""block_cap"": 0.005}",True,results\plans\case_051_p2_n3_capls_best.json,False,case_051,2,3,False
2,capls,s8,8,0.094,0.214,True,345402,2228604,1966456.0,262148.0,2621822.0,,,1416,607628,,1.7591907400651994,"{""alpha"": 0.8, ""block_cap"": 0.15, ""init"": ""rr"", ""mu"": 1.0, ""noise"": 0.05, ""nu"": 0.5, ""subgraph_mode"": ""op""}",True,results\plans\case_051_p2_n4_capls_best.json,False,case_051,2,4,False
2,capls,mono_embed_n4,0,0.48,0.687,True,345402,2228604,1966456.0,262148.0,2621822.0,,,1416,607628,,1.7591907400651994,"{""block_cap"": 0.005}",True,results/final_plans_mono/p2/n5/case_051_multicore_res.json,False,case_051,2,5,True
3,capls,mono_embed_n1,0,0.015,0.225,True,607628,0,0.0,0.0,393218.0,0.0,0.0,1,607628,,1.0,"{""block_cap"": 0.35, ""cores_used"": 1}",True,results/final_plans_mono/p3/n2/case_051_multicore_res.json,False,case_051,3,2,True
3,capls,c8,0,0.461,0.217,True,486166,11404308,11404308.0,0.0,11797526.0,0.1060591629670932,688174.0,128,607628,,1.2498364756070972,"{""block_cap"": 0.005}",True,results\plans\case_051_p3_n3_capls_best.json,False,case_051,3,3,False
3,capls,s8,8,0.116,0.242,True,344572,2228604,1966456.0,262148.0,2621822.0,0.230770494669995,393262.0,1416,607628,,1.7634282530211394,"{""alpha"": 0.8, ""block_cap"": 0.15, ""init"": ""rr"", ""mu"": 1.0, ""noise"": 0.05, ""nu"": 0.5, ""subgraph_mode"": ""op""}",True,results\plans\case_051_p3_n4_capls_best.json,False,case_051,3,4,False
3,capls,mono_embed_n4,0,0.461,0.37,True,344572,2228604,1966456.0,262148.0,2621822.0,0.230770494669995,393262.0,1416,607628,,1.7634282530211394,"{""block_cap"": 0.005}",True,results/final_plans_mono/p3/n5/case_051_multicore_res.json,False,case_051,3,5,True
1,capls,sa3,0,0.382,0.375,True,88782,342066,342066.0,0.0,1152270.0,,,3,180301,,2.03082832105607,"{""anneal"": true}",True,results\plans\case_052_p1_n2_capls_best.json,False,case_052,1,2,False
1,capls,c2,0,0.064,0.379,True,62271,147456,147456.0,0.0,957660.0,,,3,180301,,2.895424836601307,"{""block_cap"": 0.35, ""init"": ""rr""}",True,results\plans\case_052_p1_n3_capls_best.json,False,case_052,1,3,False
1,capls,c2,0,0.083,0.595,True,49871,221184,221184.0,0.0,1031388.0,,,4,180301,,3.6153475967997433,"{""block_cap"": 0.35, ""init"": ""rr""}",True,results\plans\case_052_p1_n4_capls_best.json,False,case_052,1,4,False
1,capls,c3,0,0.06,0.361,True,37926,73728,73728.0,0.0,883932.0,,,5,180301,,4.754020988240257,"{""block_cap"": 0.35, ""init"": ""contig""}",True,results\plans\case_052_p1_n5_capls_best.json,False,case_052,1,5,False
2,capls,c14,0,0.163,0.147,True,71775,73728,73728.0,0.0,883932.0,,,1008,180301,,2.512030651340996,"{""alpha"": 0.8, ""block_cap"": 0.35, ""init"": ""rr"", ""mu"": 1.0, ""nu"": 0.5, ""subgraph_mode"": ""op""}",True,results\plans\case_052_p2_n2_capls_best.json,False,case_052,2,2,False
2,capls,c14,0,0.167,0.144,True,48446,147456,147456.0,0.0,957660.0,,,1008,180301,,3.7216901292160345,"{""alpha"": 0.8, ""block_cap"": 0.35, ""init"": ""rr"", ""mu"": 1.0, ""nu"": 0.5, ""subgraph_mode"": ""op""}",True,results\plans\case_052_p2_n3_capls_best.json,False,case_052,2,3,False
2,capls,s8,8,0.148,0.175,True,37183,221184,221184.0,0.0,1031388.0,,,1008,180301,,4.849017023908775,"{""alpha"": 0.8, ""block_cap"": 0.35, ""init"": ""rr"", ""mu"": 1.0, ""noise"": 0.05, ""nu"": 0.5, ""subgraph_mode"": ""op""}",True,results\plans\case_052_p2_n4_capls_best.json,False,case_052,2,4,False
2,capls,s1,1,0.437,0.182,True,30397,294912,294912.0,0.0,1105116.0,,,1008,180301,,5.931539296641116,"{""alpha"": 0.8, ""block_cap"": 0.35, ""init"": ""rr"", ""mu"": 1.0, ""noise"": 0.05, ""nu"": 0.5, ""subgraph_mode"": ""op""}",True,results\plans\case_052_p2_n5_capls_best.json,False,case_052,2,5,False
3,capls,c14,0,0.177,0.215,True,71775,73728,73728.0,0.0,883932.0,0.0521401447432143,46080.0,1008,180301,,2.512030651340996,"{""alpha"": 0.8, ""block_cap"": 0.35, ""init"": ""rr"", ""mu"": 1.0, ""nu"": 0.5, ""subgraph_mode"": ""op""}",True,results\plans\case_052_p3_n2_capls_best.json,False,case_052,3,2,False
3,capls,c14,0,0.179,0.17,True,48446,147456,147456.0,0.0,957660.0,0.0818130548302872,78336.0,1008,180301,,3.7216901292160345,"{""alpha"": 0.8, ""block_cap"": 0.35, ""init"": ""rr"", ""mu"": 1.0, ""nu"": 0.5, ""subgraph_mode"": ""op""}",True,results\plans\case_052_p3_n3_capls_best.json,False,case_052,3,3,False
3,capls,s13,13,0.162,0.474,True,37215,221184,221184.0,0.0,1031388.0,0.1340537689046457,138240.0,1008,180301,,4.84484750772538,"{""alpha"": 0.8, ""block_cap"": 0.35, ""init"": ""rr"", ""mu"": 1.0, ""noise"": 0.05, ""nu"": 0.5, ""subgraph_mode"": ""op""}",True,results\plans\case_052_p3_n4_capls_best.json,False,case_052,3,4,False
3,capls,c14,0,0.177,0.158,True,30477,294912,294912.0,0.0,1105116.0,0.1417902613316729,156672.0,1008,180301,,5.915969419562293,"{""alpha"": 0.8, ""block_cap"": 0.35, ""init"": ""rr"", ""mu"": 1.0, ""nu"": 0.5, ""subgraph_mode"": ""op""}",True,results\plans\case_052_p3_n5_capls_best.json,False,case_052,3,5,False
1,capls,sa2,0,0.007,15.269,True,762634,6668650,1685928.0,4982722.0,9663938.0,,,4,1472686,,1.9310521167427626,"{""anneal"": true}",True,results\plans\case_053_p1_n2_capls_best.json,False,case_053,1,2,False
1,capls,sa1,0,3.837,3.785,True,669050,9317354,5025866.0,4291488.0,12312642.0,,,46,1472686,,2.2011598535236527,"{""anneal"": true}",True,results\plans\case_053_p1_n3_capls_best.json,False,case_053,1,3,False
1,capls,mono_embed_n3,0,11.543,11.532,True,669050,9317354,5025866.0,4291488.0,12312642.0,,,46,1472686,,2.2011598535236527,"{""anneal"": true}",True,results/final_plans_mono/p1/n4/case_053_multicore_res.json,False,case_053,1,4,True
1,capls,sa2,0,13.675,13.657,True,494868,7148056,3333400.0,3814656.0,10143344.0,,,7,1472686,,2.9759168101392697,"{""anneal"": true}",True,results\plans\case_053_p1_n5_capls_best.json,False,case_053,1,5,False
2,capls,c17,0,2.354,3.323,True,703950,2184118,2184118.0,0.0,5179406.0,,,11670,1472686,,2.0920321045528802,"{""alpha"": 0.8, ""block_cap"": 0.15, ""init"": ""rr"", ""mu"": 1.0, ""nu"": 0.5, ""subgraph_mode"": ""op""}",True,results\plans\case_053_p2_n2_capls_best.json,False,case_053,2,2,False
2,capls,c15,0,2.512,2.912,True,553159,2848940,2848940.0,0.0,5844228.0,,,11670,1472686,,2.6623195139191442,"{""alpha"": 1.0, ""block_cap"": 0.35, ""init"": ""rr"", ""mu"": 1.0, ""nu"": 0.5, ""subgraph_mode"": ""op""}",True,results\plans\case_053_p2_n3_capls_best.json,False,case_053,2,3,False
2,capls,c17,0,4.09,5.046,True,448335,12542018,12542018.0,0.0,15537306.0,,,11670,1472686,,3.2847892758762978,"{""alpha"": 0.8, ""block_cap"": 0.15, ""init"": ""rr"", ""mu"": 1.0, ""nu"": 0.5, ""subgraph_mode"": ""op""}",True,results\plans\case_053_p2_n4_capls_best.json,False,case_053,2,4,False
2,capls,c15,0,2.926,2.846,True,421015,5041526,5041526.0,0.0,8036814.0,,,11670,1472686,,3.497941878555396,"{""alpha"": 1.0, ""block_cap"": 0.35, ""init"": ""rr"", ""mu"": 1.0, ""nu"": 0.5, ""subgraph_mode"": ""op""}",True,results\plans\case_053_p2_n5_capls_best.json,False,case_053,2,5,False
3,capls,c17,0,2.536,3.503,True,703878,2184118,2184118.0,0.0,5179406.0,0.2755373047727857,1289778.0,11670,1472686,,2.0922460994661005,"{""alpha"": 0.8, ""block_cap"": 0.15, ""init"": ""rr"", ""mu"": 1.0, ""nu"": 0.5, ""subgraph_mode"": ""op""}",True,results\plans\case_053_p3_n2_capls_best.json,False,case_053,3,2,False
3,capls,c15,0,2.777,3.048,True,553159,2848940,2848940.0,0.0,5844228.0,0.4222158930120042,2312582.0,11670,1472686,,2.6623195139191442,"{""alpha"": 1.0, ""block_cap"": 0.35, ""init"": ""rr"", ""mu"": 1.0, ""nu"": 0.5, ""subgraph_mode"": ""op""}",True,results\plans\case_053_p3_n3_capls_best.json,False,case_053,3,3,False
3,capls,s13,13,3.942,7.444,True,424896,12542018,12542018.0,0.0,15537306.0,0.3695251821029461,4127008.0,11670,1472686,,3.4659916779635487,"{""alpha"": 0.8, ""block_cap"": 0.15, ""init"": ""rr"", ""mu"": 1.0, ""noise"": 0.05, ""nu"": 0.5, ""subgraph_mode"": ""op""}",True,results\plans\case_053_p3_n4_capls_best.json,False,case_053,3,4,False
3,capls,c17,0,5.122,4.286,True,365951,14846008,14846008.0,0.0,17841296.0,0.2953869080270339,3904088.0,11670,1472686,,4.024271008960216,"{""alpha"": 0.8, ""block_cap"": 0.15, ""init"": ""rr"", ""mu"": 1.0, ""nu"": 0.5, ""subgraph_mode"": ""op""}",True,results\plans\case_053_p3_n5_capls_best.json,False,case_053,3,5,False
1,capls,sa1,0,14.678,14.599,True,654946,2179186,2179186.0,0.0,3785462.0,,,6,815051,,1.2444552680679017,"{""anneal"": true}",True,results\plans\case_054_p1_n2_capls_best.json,False,case_054,1,2,False
1,capls,c0,0,0.702,7.05,True,364389,2171082,2171082.0,0.0,3777358.0,,,62,815051,,2.236760714511141,"{""block_cap"": 0.35}",True,results\plans\case_054_p1_n3_capls_best.json,False,case_054,1,3,False
1,capls,c2,0,2.201,6.496,True,275253,2564814,2564814.0,0.0,4171090.0,,,88,815051,,2.9610976083821066,"{""block_cap"": 0.35, ""init"": ""rr""}",True,results\plans\case_054_p1_n4_capls_best.json,False,case_054,1,4,False
1,capls,mono_embed_n4,0,1.238,6.462,True,275253,2564814,2564814.0,0.0,4171090.0,,,88,815051,,2.9610976083821066,"{""block_cap"": 0.35}",True,results/final_plans_mono/p1/n5/case_054_multicore_res.json,False,case_054,1,5,True
2,capls,c17,0,3.48,6.61,True,411504,933062,933062.0,0.0,2539338.0,,,15751,815051,,1.9806636144484622,"{""alpha"": 0.8, ""block_cap"": 0.15, ""init"": ""rr"", ""mu"": 1.0, ""nu"": 0.5, ""subgraph_mode"": ""op""}",True,results\plans\case_054_p2_n2_capls_best.json,False,case_054,2,2,False
2,capls,c9,0,0.866,13.421,True,342634,1613448,1613448.0,0.0,3219724.0,,,75,815051,,2.3787802728275653,"{""block_cap"": 0.35, ""max_ops"": 500}",True,results\plans\case_054_p2_n3_capls_best.json,False,case_054,2,3,False
2,capls,c14,0,5.316,4.652,True,245854,2545234,2545234.0,0.0,4151510.0,,,15751,815051,,3.315182994785523,"{""alpha"": 0.8, ""block_cap"": 0.35, ""init"": ""rr"", ""mu"": 1.0, ""nu"": 0.5, ""subgraph_mode"": ""op""}",True,results\plans\case_054_p2_n4_capls_best.json,False,case_054,2,4,False
2,capls,mono_embed_n4,0,2.73,5.518,True,245854,2545234,2545234.0,0.0,4151510.0,,,15751,815051,,3.315182994785523,"{""block_cap"": 0.35, ""init"": ""rr"", ""level_mode"": ""alap_fill""}",True,results/final_plans_mono/p2/n5/case_054_multicore_res.json,False,case_054,2,5,True
3,capls,c17,0,3.553,8.078,True,411477,933062,933062.0,0.0,2539338.0,0.074139323339676,159748.0,15751,815051,,1.9807935802001084,"{""alpha"": 0.8, ""block_cap"": 0.15, ""init"": ""rr"", ""mu"": 1.0, ""nu"": 0.5, ""subgraph_mode"": ""op""}",True,results\plans\case_054_p3_n2_capls_best.json,False,case_054,3,2,False
3,capls,c9,0,0.822,16.795,True,342219,1613448,1613448.0,0.0,3219724.0,0.1835477295951932,465926.0,75,815051,,2.381664957234987,"{""block_cap"": 0.35, ""max_ops"": 500}",True,results\plans\case_054_p3_n3_capls_best.json,False,case_054,3,3,False
3,capls,c14,0,4.731,6.264,True,243498,2545234,2545234.0,0.0,4151510.0,0.278644283024219,872462.0,15751,815051,,3.3472595257455913,"{""alpha"": 0.8, ""block_cap"": 0.35, ""init"": ""rr"", ""mu"": 1.0, ""nu"": 0.5, ""subgraph_mode"": ""op""}",True,results\plans\case_054_p3_n4_capls_best.json,False,case_054,3,4,False
3,capls,mono_embed_n4,5,3.494,6.498,True,243498,2545234,2545234.0,0.0,4151510.0,0.278644283024219,872462.0,15751,815051,,3.3472595257455913,"{""alpha"": 0.8, ""block_cap"": 0.35, ""init"": ""rr"", ""mu"": 1.0, ""noise"": 0.05, ""nu"": 0.5, ""subgraph_mode"": ""op""}",True,results/final_plans_mono/p3/n5/case_054_multicore_res.json,False,case_054,3,5,True
1,capls,sa1,0,0.001,0.462,True,57684,220350,171198.0,49152.0,846160.0,,,3,118835,,2.060103321544969,"{""anneal"": true}",True,results\plans\case_055_p1_n2_capls_best.json,False,case_055,1,2,False
1,capls,c3,0,0.122,0.423,True,38093,32768,32768.0,0.0,658578.0,,,3,118835,,3.119602026619064,"{""block_cap"": 0.35, ""init"": ""contig""}",True,results\plans\case_055_p1_n3_capls_best.json,False,case_055,1,3,False
1,capls,c6,0,0.042,0.441,True,31823,115712,115712.0,0.0,741522.0,,,4,118835,,3.7342488137510608,"{""block_cap"": 0.6, ""comm_weight"": 1e-06}",True,results\plans\case_055_p1_n4_capls_best.json,False,case_055,1,4,False
1,capls,c6,0,0.056,0.393,True,26800,198656,198656.0,0.0,824466.0,,,5,118835,,4.434141791044776,"{""block_cap"": 0.6, ""comm_weight"": 1e-06}",True,results\plans\case_055_p1_n5_capls_best.json,False,case_055,1,5,False
2,capls,c15,0,0.171,0.141,True,48250,98816,57856.0,40960.0,724626.0,,,1236,118835,,2.4629015544041453,"{""alpha"": 1.0, ""block_cap"": 0.35, ""init"": ""rr"", ""mu"": 1.0, ""nu"": 0.5, ""subgraph_mode"": ""op""}",True,results\plans\case_055_p2_n2_capls_best.json,False,case_055,2,2,False
2,capls,s16,16,0.233,0.228,True,33559,99328,99328.0,0.0,725138.0,,,1236,118835,,3.5410769093238774,"{""alpha"": 0.8, ""block_cap"": 0.35, ""init"": ""rr"", ""mu"": 1.0, ""noise"": 0.05, ""nu"": 0.5, ""subgraph_mode"": ""op""}",True,results\plans\case_055_p2_n3_capls_best.json,False,case_055,2,3,False
2,capls,c16,0,0.262,0.182,True,31073,480380,480380.0,0.0,1106190.0,,,1236,118835,,3.8243812956586103,"{""alpha"": 0.8, ""block_cap"": 0.35, ""init"": ""rr"", ""mu"": 0.0, ""nu"": 0.0, ""subgraph_mode"": ""op""}",True,results\plans\case_055_p2_n4_capls_best.json,False,case_055,2,4,False
2,capls,s14,14,0.279,0.492,True,26653,427118,427118.0,0.0,1052928.0,,,1236,118835,,4.458597531234758,"{""alpha"": 0.8, ""block_cap"": 0.15, ""init"": ""rr"", ""mu"": 1.0, ""noise"": 0.05, ""nu"": 0.5, ""subgraph_mode"": ""op""}",True,results\plans\case_055_p2_n5_capls_best.json,False,case_055,2,5,False
3,capls,c15,0,0.221,0.296,True,48250,98816,57856.0,40960.0,724626.0,0.0821785497167726,57856.0,1236,118835,,2.4629015544041453,"{""alpha"": 1.0, ""block_cap"": 0.35, ""init"": ""rr"", ""mu"": 1.0, ""nu"": 0.5, ""subgraph_mode"": ""op""}",True,results\plans\case_055_p3_n2_capls_best.json,False,case_055,3,2,False
3,capls,s16,16,0.21,0.206,True,33559,99328,99328.0,0.0,725138.0,0.1370003586107969,99328.0,1236,118835,,3.5410769093238774,"{""alpha"": 0.8, ""block_cap"": 0.35, ""init"": ""rr"", ""mu"": 1.0, ""noise"": 0.05, ""nu"": 0.5, ""subgraph_mode"": ""op""}",True,results\plans\case_055_p3_n3_capls_best.json,False,case_055,3,3,False
3,capls,c14,0,0.259,0.148,True,29142,677058,677058.0,0.0,1302868.0,0.4652196036674424,592446.0,1236,118835,,4.077791503671676,"{""alpha"": 0.8, ""block_cap"": 0.35, ""init"": ""rr"", ""mu"": 1.0, ""nu"": 0.5, ""subgraph_mode"": ""op""}",True,results\plans\case_055_p3_n4_capls_best.json,False,case_055,3,4,False
3,capls,s10,10,0.235,0.319,True,25947,873214,873214.0,0.0,1499024.0,0.5376353597776813,790110.0,1236,118835,,4.579912899371797,"{""alpha"": 0.8, ""block_cap"": 0.35, ""init"": ""rr"", ""mu"": 0.0, ""noise"": 0.05, ""nu"": 0.0, ""subgraph_mode"": ""op""}",True,results\plans\case_055_p3_n5_capls_best.json,False,case_055,3,5,False
1,capls,c2,0,0.356,2.437,True,160760,1511624,1511624.0,0.0,1733224.0,,,28,277285,,1.724838268225927,"{""block_cap"": 0.35, ""init"": ""rr""}",True,results\plans\case_056_p1_n2_capls_best.json,False,case_056,1,2,False
1,capls,sa2,0,3.97,3.956,True,148001,3607314,3607314.0,0.0,3828914.0,,,406,277285,,1.873534638279471,"{""anneal"": true}",True,results\plans\case_056_p1_n3_capls_best.json,False,case_056,1,3,False
1,capls,c2,0,0.718,2.095,True,116709,1276180,1276180.0,0.0,1497780.0,,,56,277285,,2.3758664713089823,"{""block_cap"": 0.35, ""init"": ""rr""}",True,results\plans\case_056_p1_n4_capls_best.json,False,case_056,1,4,False
1,capls,c2,0,1.049,2.527,True,98991,1359730,1359730.0,0.0,1581330.0,,,95,277285,,2.8011132325160872,"{""block_cap"": 0.35, ""init"": ""rr""}",True,results\plans\case_056_p1_n5_capls_best.json,False,case_056,1,5,False
2,capls,c14,0,1.445,1.901,True,130574,496950,496950.0,0.0,718550.0,,,7678,277285,,2.1235850935101936,"{""alpha"": 0.8, ""block_cap"": 0.35, ""init"": ""rr"", ""mu"": 1.0, ""nu"": 0.5, ""subgraph_mode"": ""op""}",True,results\plans\case_056_p2_n2_capls_best.json,False,case_056,2,2,False
2,capls,c14,0,1.68,2.045,True,90771,767084,767084.0,0.0,988684.0,,,7678,277285,,3.0547752035341684,"{""alpha"": 0.8, ""block_cap"": 0.35, ""init"": ""rr"", ""mu"": 1.0, ""nu"": 0.5, ""subgraph_mode"": ""op""}",True,results\plans\case_056_p2_n3_capls_best.json,False,case_056,2,3,False
2,capls,c14,0,1.358,1.827,True,88923,1107930,1107930.0,0.0,1329530.0,,,7678,277285,,3.118259617871642,"{""alpha"": 0.8, ""block_cap"": 0.35, ""init"": ""rr"", ""mu"": 1.0, ""nu"": 0.5, ""subgraph_mode"": ""op""}",True,results\plans\case_056_p2_n4_capls_best.json,False,case_056,2,4,False
2,capls,c14,0,1.877,2.156,True,76464,1454488,1454488.0,0.0,1676088.0,,,7678,277285,,3.626347039129525,"{""alpha"": 0.8, ""block_cap"": 0.35, ""init"": ""rr"", ""mu"": 1.0, ""nu"": 0.5, ""subgraph_mode"": ""op""}",True,results\plans\case_056_p2_n5_capls_best.json,False,case_056,2,5,False
3,capls,c14,0,1.359,1.984,True,130574,496950,496950.0,0.0,718550.0,0.1785816702189498,92166.0,7678,277285,,2.1235850935101936,"{""alpha"": 0.8, ""block_cap"": 0.35, ""init"": ""rr"", ""mu"": 1.0, ""nu"": 0.5, ""subgraph_mode"": ""op""}",True,results\plans\case_056_p3_n2_capls_best.json,False,case_056,3,2,False
3,capls,c14,0,1.403,1.895,True,90592,767084,767084.0,0.0,988684.0,0.3524397809726755,235188.0,7678,277285,,3.0608111091487107,"{""alpha"": 0.8, ""block_cap"": 0.35, ""init"": ""rr"", ""mu"": 1.0, ""nu"": 0.5, ""subgraph_mode"": ""op""}",True,results\plans\case_056_p3_n3_capls_best.json,False,case_056,3,3,False
3,capls,c14,0,1.541,2.374,True,88843,1107930,1107930.0,0.0,1329530.0,0.4074853507831916,357438.0,7678,277285,,3.1210675010974414,"{""alpha"": 0.8, ""block_cap"": 0.35, ""init"": ""rr"", ""mu"": 1.0, ""nu"": 0.5, ""subgraph_mode"": ""op""}",True,results\plans\case_056_p3_n4_capls_best.json,False,case_056,3,4,False
3,capls,c14,0,1.769,3.152,True,75480,1454488,1454488.0,0.0,1676088.0,0.5065401365884876,544558.0,7678,277285,,3.673622151563328,"{""alpha"": 0.8, ""block_cap"": 0.35, ""init"": ""rr"", ""mu"": 1.0, ""nu"": 0.5, ""subgraph_mode"": ""op""}",True,results\plans\case_056_p3_n5_capls_best.json,False,case_056,3,5,False
1,capls,c6,0,0.016,0.231,True,33614,0,0.0,0.0,342460.0,,,2,59726,,1.776819182483489,"{""block_cap"": 0.6, ""comm_weight"": 1e-06}",True,results\plans\case_057_p1_n2_capls_best.json,False,case_057,1,2,False
1,capls,c3,0,0.044,0.229,True,26147,118852,118852.0,0.0,461312.0,,,6,59726,,2.2842391096492904,"{""block_cap"": 0.35, ""init"": ""contig""}",True,results\plans\case_057_p1_n3_capls_best.json,False,case_057,1,3,False
1,capls,c3,0,0.136,0.217,True,22025,180060,180060.0,0.0,522520.0,,,7,59726,,2.7117366628830872,"{""block_cap"": 0.35, ""init"": ""contig""}",True,results\plans\case_057_p1_n4_capls_best.json,False,case_057,1,4,False
1,capls,c3,0,0.101,0.192,True,18596,168018,168018.0,0.0,510478.0,,,9,59726,,3.211765971176597,"{""block_cap"": 0.35, ""init"": ""contig""}",True,results\plans\case_057_p1_n5_capls_best.json,False,case_057,1,5,False
2,capls,c15,0,0.157,0.105,True,30719,317412,317412.0,0.0,659872.0,,,865,59726,,1.9442690191738012,"{""alpha"": 1.0, ""block_cap"": 0.35, ""init"": ""rr"", ""mu"": 1.0, ""nu"": 0.5, ""subgraph_mode"": ""op""}",True,results\plans\case_057_p2_n2_capls_best.json,False,case_057,2,2,False
2,capls,c1,0,0.09,0.182,True,21820,397250,397250.0,0.0,739710.0,,,9,59726,,2.737213565536205,"{""block_cap"": 0.15}",True,results\plans\case_057_p2_n3_capls_best.json,False,case_057,2,3,False
2,capls,s6,6,0.175,0.25,True,17875,382150,382150.0,0.0,724610.0,,,865,59726,,3.341314685314685,"{""alpha"": 0.8, ""block_cap"": 0.15, ""init"": ""rr"", ""mu"": 1.0, ""noise"": 0.05, ""nu"": 0.5, ""subgraph_mode"": ""op""}",True,results\plans\case_057_p2_n4_capls_best.json,False,case_057,2,4,False
2,capls,s14,14,0.159,0.188,True,15599,250392,250392.0,0.0,592852.0,,,865,59726,,3.8288351817424195,"{""alpha"": 0.8, ""block_cap"": 0.35, ""init"": ""rr"", ""mu"": 1.0, ""noise"": 0.05, ""nu"": 0.5, ""subgraph_mode"": ""op""}",True,results\plans\case_057_p2_n5_capls_best.json,False,case_057,2,5,False
3,capls,s13,13,0.14,0.233,True,30715,317412,317412.0,0.0,659872.0,0.4560158452234599,293780.0,865,59726,,1.9445222204134787,"{""alpha"": 1.0, ""block_cap"": 0.35, ""init"": ""rr"", ""mu"": 1.0, ""noise"": 0.05, ""nu"": 0.5, ""subgraph_mode"": ""op""}",True,results\plans\case_057_p3_n2_capls_best.json,False,case_057,3,2,False
3,capls,s6,6,0.159,0.37,True,21007,526964,526964.0,0.0,869424.0,0.5761727219593129,488954.0,865,59726,,2.8431475222544864,"{""alpha"": 0.8, ""block_cap"": 0.15, ""init"": ""rr"", ""mu"": 1.0, ""noise"": 0.05, ""nu"": 0.5, ""subgraph_mode"": ""op""}",True,results\plans\case_057_p3_n3_capls_best.json,False,case_057,3,3,False
3,capls,s11,11,0.166,0.617,True,17645,610884,610884.0,0.0,953344.0,0.5998034317891141,559012.0,865,59726,,3.384868234627373,"{""alpha"": 0.8, ""block_cap"": 0.35, ""init"": ""rr"", ""mu"": 1.0, ""noise"": 0.05, ""nu"": 0.5, ""subgraph_mode"": ""op""}",True,results\plans\case_057_p3_n4_capls_best.json,False,case_057,3,4,False
3,capls,s6,6,0.188,0.706,True,15428,709300,709300.0,0.0,1051760.0,0.6380980027868091,659436.0,865,59726,,3.8712730101114854,"{""alpha"": 0.8, ""block_cap"": 0.35, ""init"": ""rr"", ""mu"": 1.0, ""noise"": 0.05, ""nu"": 0.5, ""subgraph_mode"": ""op""}",True,results\plans\case_057_p3_n5_capls_best.json,False,case_057,3,5,False
1,capls,sa2,0,123.661,123.633,True,2425474,45146112,20275200.0,24870912.0,52813824.0,,,3,4539717,,1.8716824010482074,"{""anneal"": true}",True,results\plans\case_058_p1_n2_capls_best.json,False,case_058,1,2,False
1,capls,c1,0,0.801,58.396,True,1554831,30400512,9191424.0,21209088.0,38068224.0,,,3,4539717,,2.9197494775959574,"{""block_cap"": 0.15}",True,results\plans\case_058_p1_n3_capls_best.json,False,case_058,1,3,False
1,capls,c1,0,1.07,166.404,True,1154519,42622976,19869696.0,22753280.0,50290688.0,,,4,4539717,,3.9321284448328697,"{""block_cap"": 0.15}",True,results\plans\case_058_p1_n4_capls_best.json,False,case_058,1,4,False
1,capls,c1,0,1.094,29.439,True,1004819,32104448,18382848.0,13721600.0,39772160.0,,,5,4539717,,4.517945022934478,"{""block_cap"": 0.15}",True,results\plans\case_058_p1_n5_capls_best.json,False,case_058,1,5,False
2,capls,c8,0,0.474,14.265,True,2263428,33492992,6672384.0,26820608.0,41160704.0,,,3,4539717,,2.0056820892911107,"{""block_cap"": 0.005}",True,results\plans\case_058_p2_n2_capls_best.json,False,case_058,2,2,False
2,capls,c1,0,0.7,7.696,True,1554831,30400512,9191424.0,21209088.0,38068224.0,,,3,4539717,,2.9197494775959574,"{""block_cap"": 0.15}",True,results\plans\case_058_p2_n3_capls_best.json,False,case_058,2,3,False
2,capls,c1,0,1.418,7.612,True,1154519,42622976,19869696.0,22753280.0,50290688.0,,,4,4539717,,3.9321284448328697,"{""block_cap"": 0.15}",True,results\plans\case_058_p2_n4_capls_best.json,False,case_058,2,4,False
2,capls,c1,0,1.666,6.564,True,1004819,32104448,18382848.0,13721600.0,39772160.0,,,5,4539717,,4.517945022934478,"{""block_cap"": 0.15}",True,results\plans\case_058_p2_n5_capls_best.json,False,case_058,2,5,False
3,capls,c8,0,0.979,15.145,True,2262108,33492992,6672384.0,26820608.0,41160704.0,0.114641871870849,4595712.0,3,4539717,,2.006852457972829,"{""block_cap"": 0.005}",True,results\plans\case_058_p3_n2_capls_best.json,False,case_058,3,2,False
3,capls,c1,0,0.719,8.047,True,1554831,30400512,9191424.0,21209088.0,38068224.0,0.0,0.0,3,4539717,,2.9197494775959574,"{""block_cap"": 0.15}",True,results\plans\case_058_p3_n3_capls_best.json,False,case_058,3,3,False
3,capls,c1,0,1.134,8.576,True,1142629,42622976,19869696.0,22753280.0,50290688.0,0.2689844464775846,13246464.0,4,4539717,,3.973045494206781,"{""block_cap"": 0.15}",True,results\plans\case_058_p3_n4_capls_best.json,False,case_058,3,4,False
3,capls,c1,0,1.64,6.521,True,1004819,32104448,18382848.0,13721600.0,39772160.0,0.0,0.0,5,4539717,,4.517945022934478,"{""block_cap"": 0.15}",True,results\plans\case_058_p3_n5_capls_best.json,False,case_058,3,5,False
1,capls,c0,0,0.055,1.084,True,369318,360448,360448.0,0.0,1703936.0,,,2,829473,,2.2459587672412393,"{""block_cap"": 0.35}",True,results\plans\case_059_p1_n2_capls_best.json,False,case_059,1,2,False
1,capls,c0,0,0.101,2.141,True,266217,2998272,2162688.0,835584.0,4341760.0,,,3,829473,,3.1157777301975456,"{""block_cap"": 0.35}",True,results\plans\case_059_p1_n3_capls_best.json,False,case_059,1,3,False
1,capls,c0,0,0.159,0.997,True,185216,1081344,1081344.0,0.0,2424832.0,,,4,829473,,4.478408992743607,"{""block_cap"": 0.35}",True,results\plans\case_059_p1_n4_capls_best.json,False,case_059,1,4,False
1,capls,c0,0,0.19,1.756,True,150782,4325376,4325376.0,0.0,5668864.0,,,5,829473,,5.501140719714555,"{""block_cap"": 0.35}",True,results\plans\case_059_p1_n5_capls_best.json,False,case_059,1,5,False
2,capls,c0,0,0.078,1.004,True,369318,360448,360448.0,0.0,1703936.0,,,2,829473,,2.2459587672412393,"{""block_cap"": 0.35}",True,results\plans\case_059_p2_n2_capls_best.json,False,case_059,2,2,False
2,capls,c15,0,0.604,0.885,True,255358,2162688,2162688.0,0.0,3506176.0,,,2752,829473,,3.248274970825273,"{""alpha"": 1.0, ""block_cap"": 0.35, ""init"": ""rr"", ""mu"": 1.0, ""nu"": 0.5, ""subgraph_mode"": ""op""}",True,results\plans\case_059_p2_n3_capls_best.json,False,case_059,2,3,False
2,capls,c0,0,0.179,0.414,True,185216,1081344,1081344.0,0.0,2424832.0,,,4,829473,,4.478408992743607,"{""block_cap"": 0.35}",True,results\plans\case_059_p2_n4_capls_best.json,False,case_059,2,4,False
2,capls,c14,0,0.693,0.936,True,150736,4325376,4325376.0,0.0,5668864.0,,,2752,829473,,5.502819498991615,"{""alpha"": 0.8, ""block_cap"": 0.35, ""init"": ""rr"", ""mu"": 1.0, ""nu"": 0.5, ""subgraph_mode"": ""op""}",True,results\plans\case_059_p2_n5_capls_best.json,False,case_059,2,5,False
3,capls,c0,0,0.092,0.588,True,369318,360448,360448.0,0.0,1703936.0,0.0,0.0,2,829473,,2.2459587672412393,"{""block_cap"": 0.35}",True,results\plans\case_059_p3_n2_capls_best.json,False,case_059,3,2,False
3,capls,c15,0,0.638,0.845,True,255306,2162688,2162688.0,0.0,3506176.0,0.6306818181818182,2045952.0,2752,829473,,3.2489365702333672,"{""alpha"": 1.0, ""block_cap"": 0.35, ""init"": ""rr"", ""mu"": 1.0, ""nu"": 0.5, ""subgraph_mode"": ""op""}",True,results\plans\case_059_p3_n3_capls_best.json,False,case_059,3,3,False
3,capls,c0,0,0.187,0.544,True,185216,1081344,1081344.0,0.0,2424832.0,0.0,0.0,4,829473,,4.478408992743607,"{""block_cap"": 0.35}",True,results\plans\case_059_p3_n4_capls_best.json,False,case_059,3,4,False
3,capls,s3,3,1.033,0.727,True,150665,4325376,4325376.0,0.0,5668864.0,0.7950757575757575,4298752.0,2752,829473,,5.505412670494143,"{""alpha"": 0.8, ""block_cap"": 0.35, ""init"": ""rr"", ""mu"": 1.0, ""noise"": 0.05, ""nu"": 0.5, ""subgraph_mode"": ""op""}",True,results\plans\case_059_p3_n5_capls_best.json,False,case_059,3,5,False
1,capls,c2,0,0.131,10.216,True,454346,2701324,1198080.0,1503244.0,4800330.0,,,2,888789,,1.9561941780053087,"{""block_cap"": 0.35, ""init"": ""rr""}",True,results\plans\case_060_p1_n2_capls_best.json,False,case_060,1,2,False
1,capls,sa1,0,0.006,10.716,True,311759,6119276,5504876.0,614400.0,8218282.0,,,4,888789,,2.8508848180806328,"{""anneal"": true}",True,results\plans\case_060_p1_n3_capls_best.json,False,case_060,1,3,False
1,capls,c3,0,0.444,9.035,True,232939,3217544,2652288.0,565256.0,5316550.0,,,4,888789,,3.8155439836180287,"{""block_cap"": 0.35, ""init"": ""contig""}",True,results\plans\case_060_p1_n4_capls_best.json,False,case_060,1,4,False
1,capls,sa1,0,0.006,7.485,True,196599,5805988,5617572.0,188416.0,7904994.0,,,6,888789,,4.520821570811652,"{""anneal"": true}",True,results\plans\case_060_p1_n5_capls_best.json,False,case_060,1,5,False
2,capls,c2,0,0.195,1.331,True,454346,2701324,1198080.0,1503244.0,4800330.0,,,2,888789,,1.9561941780053087,"{""block_cap"": 0.35, ""init"": ""rr""}",True,results\plans\case_060_p2_n2_capls_best.json,False,case_060,2,2,False
2,capls,c2,0,0.326,1.75,True,311884,3114112,2345088.0,769024.0,5213118.0,,,3,888789,,2.8497422118479947,"{""block_cap"": 0.35, ""init"": ""rr""}",True,results\plans\case_060_p2_n3_capls_best.json,False,case_060,2,3,False
2,capls,c5,0,0.455,1.654,True,229883,3549568,3062016.0,487552.0,5648574.0,,,89,888789,,3.86626675308744,"{""block_cap"": 0.35, ""init"": ""rr"", ""subgraph_mode"": ""block""}",True,results\plans\case_060_p2_n4_capls_best.json,False,case_060,2,4,False
2,capls,c2,0,0.65,1.836,True,196763,4039168,3850752.0,188416.0,6138174.0,,,5,888789,,4.517053511076778,"{""block_cap"": 0.35, ""init"": ""rr""}",True,results\plans\case_060_p2_n5_capls_best.json,False,case_060,2,5,False
3,capls,c2,0,0.467,1.536,True,454167,2701324,1198080.0,1503244.0,4800330.0,0.4021294795924872,1930240.0,2,888789,,1.9569651691998757,"{""block_cap"": 0.35, ""init"": ""rr""}",True,results\plans\case_060_p3_n2_capls_best.json,False,case_060,3,2,False
3,capls,c2,0,0.333,2.03,True,311135,3114112,2345088.0,769024.0,5213118.0,0.5144957451216611,2681984.0,3,888789,,2.856602439455542,"{""block_cap"": 0.35, ""init"": ""rr""}",True,results\plans\case_060_p3_n3_capls_best.json,False,case_060,3,3,False
3,capls,c5,0,0.854,1.701,True,229693,3549568,3062016.0,487552.0,5648574.0,0.4879064411638483,2755840.0,89,888789,,3.869464894446065,"{""block_cap"": 0.35, ""init"": ""rr"", ""subgraph_mode"": ""block""}",True,results\plans\case_060_p3_n4_capls_best.json,False,case_060,3,4,False
3,capls,c2,0,0.712,1.63,True,195309,4039168,3850752.0,188416.0,6138174.0,0.4747007769437605,2913664.0,5,888789,,4.550681228207609,"{""block_cap"": 0.35, ""init"": ""rr""}",True,results\plans\case_060_p3_n5_capls_best.json,False,case_060,3,5,False
1,capls,c6,0,0.029,0.408,True,38873,25344,25344.0,0.0,569532.0,,,2,77191,,1.9857227381473002,"{""block_cap"": 0.6, ""comm_weight"": 1e-06}",True,results\plans\case_061_p1_n2_capls_best.json,False,case_061,1,2,False
1,capls,sa1,0,0.296,0.289,True,34829,823236,823236.0,0.0,1367424.0,,,10,77191,,2.2162852795084556,"{""anneal"": true}",True,results\plans\case_061_p1_n3_capls_best.json,False,case_061,1,3,False
1,capls,c0,0,0.064,0.456,True,28476,146708,146708.0,0.0,690896.0,,,8,77191,,2.710738867818514,"{""block_cap"": 0.35}",True,results\plans\case_061_p1_n4_capls_best.json,False,case_061,1,4,False
1,capls,c3,0,0.143,0.37,True,23868,110634,110634.0,0.0,654822.0,,,8,77191,,3.2340791017261608,"{""block_cap"": 0.35, ""init"": ""contig""}",True,results\plans\case_061_p1_n5_capls_best.json,False,case_061,1,5,False
2,capls,c6,0,0.028,0.189,True,38873,25344,25344.0,0.0,569532.0,,,2,77191,,1.9857227381473002,"{""block_cap"": 0.6, ""comm_weight"": 1e-06}",True,results\plans\case_061_p2_n2_capls_best.json,False,case_061,2,2,False
2,capls,c12,0,0.117,0.185,True,29830,179618,179618.0,0.0,723806.0,,,9,77191,,2.587696949379819,"{""block_cap"": 0.35, ""init"": ""rr"", ""level_mode"": ""alap_fill""}",True,results\plans\case_061_p2_n3_capls_best.json,False,case_061,2,3,False
2,capls,s3,3,0.181,0.219,True,23028,242006,242006.0,0.0,786194.0,,,1115,77191,,3.352049678652076,"{""alpha"": 0.8, ""block_cap"": 0.35, ""init"": ""rr"", ""mu"": 0.0, ""noise"": 0.05, ""nu"": 0.0, ""subgraph_mode"": ""op""}",True,results\plans\case_061_p2_n4_capls_best.json,False,case_061,2,4,False
2,capls,s12,12,0.232,0.213,True,19552,328440,328440.0,0.0,872628.0,,,1115,77191,,3.947984860883797,"{""alpha"": 0.8, ""block_cap"": 0.15, ""init"": ""rr"", ""mu"": 1.0, ""noise"": 0.05, ""nu"": 0.5, ""subgraph_mode"": ""op""}",True,results\plans\case_061_p2_n5_capls_best.json,False,case_061,2,5,False
3,capls,c6,0,0.029,0.188,True,38873,25344,25344.0,0.0,569532.0,0.044511573992764,25344.0,2,77191,,1.9857227381473002,"{""block_cap"": 0.6, ""comm_weight"": 1e-06}",True,results\plans\case_061_p3_n2_capls_best.json,False,case_061,3,2,False
3,capls,s16,16,0.203,0.221,True,29381,179618,179618.0,0.0,723806.0,0.2248212744202418,160950.0,1115,77191,,2.6272420952316122,"{""alpha"": 0.8, ""block_cap"": 0.35, ""init"": ""rr"", ""mu"": 1.0, ""noise"": 0.05, ""nu"": 0.5, ""subgraph_mode"": ""op""}",True,results\plans\case_061_p3_n3_capls_best.json,False,case_061,3,3,False
3,capls,s3,3,0.204,0.221,True,22937,242006,242006.0,0.0,786194.0,0.2708801275217107,209360.0,1115,77191,,3.365348563456424,"{""alpha"": 0.8, ""block_cap"": 0.35, ""init"": ""rr"", ""mu"": 0.0, ""noise"": 0.05, ""nu"": 0.0, ""subgraph_mode"": ""op""}",True,results\plans\case_061_p3_n4_capls_best.json,False,case_061,3,4,False
3,capls,c12,0,0.146,0.235,True,21433,297490,297490.0,0.0,841678.0,0.2912157884395671,240108.0,20,77191,,3.601502356179723,"{""block_cap"": 0.35, ""init"": ""rr"", ""level_mode"": ""alap_fill""}",True,results\plans\case_061_p3_n5_capls_best.json,False,case_061,3,5,False
1,capls,sa3,0,101.62,101.521,True,1429373,21361152,21361152.0,0.0,34762752.0,,,6,2854809,,1.9972456454683276,"{""anneal"": true}",True,results\plans\case_062_p1_n2_capls_best.json,False,case_062,1,2,False
1,capls,c3,0,0.721,159.438,True,955282,86016,86016.0,0.0,13487616.0,,,6,2854809,,2.988446343592782,"{""block_cap"": 0.35, ""init"": ""contig""}",True,results\plans\case_062_p1_n3_capls_best.json,False,case_062,1,3,False
1,capls,sa1,0,49.83,49.736,True,718474,118272,118272.0,0.0,13519872.0,,,10,2854809,,3.973433972558506,"{""anneal"": true}",True,results\plans\case_062_p1_n4_capls_best.json,False,case_062,1,4,False
1,capls,c3,0,0.755,67.696,True,575863,153600,153600.0,0.0,13555200.0,,,12,2854809,,4.957444739460601,"{""block_cap"": 0.35, ""init"": ""contig""}",True,results\plans\case_062_p1_n5_capls_best.json,False,case_062,1,5,False
2,capls,c6,0,0.75,6.487,True,1429017,53760,53760.0,0.0,13455360.0,,,5,2854809,,1.9977432038947052,"{""block_cap"": 0.6, ""comm_weight"": 1e-06}",True,results\plans\case_062_p2_n2_capls_best.json,False,case_062,2,2,False
2,capls,c3,0,1.436,8.634,True,954281,46080,46080.0,0.0,13447680.0,,,6,2854809,,2.9915810961341576,"{""block_cap"": 0.35, ""init"": ""contig""}",True,results\plans\case_062_p2_n3_capls_best.json,False,case_062,2,3,False
2,capls,c3,0,1.084,7.242,True,716806,72192,72192.0,0.0,13473792.0,,,9,2854809,,3.9826801114946027,"{""block_cap"": 0.35, ""init"": ""contig""}",True,results\plans\case_062_p2_n4_capls_best.json,False,case_062,2,4,False
2,capls,c3,0,1.285,8.88,True,574337,86016,86016.0,0.0,13487616.0,,,12,2854809,,4.970616554392282,"{""block_cap"": 0.35, ""init"": ""contig""}",True,results\plans\case_062_p2_n5_capls_best.json,False,case_062,2,5,False
3,capls,c6,0,0.715,6.897,True,1428976,53760,53760.0,0.0,13455360.0,0.0003431316481756,4608.0,5,2854809,,1.9978005228919171,"{""block_cap"": 0.6, ""comm_weight"": 1e-06}",True,results\plans\case_062_p3_n2_capls_best.json,False,case_062,3,2,False
3,capls,c3,0,0.831,10.808,True,954215,46080,46080.0,0.0,13447680.0,0.0006863417982155,9216.0,6,2854809,,2.9917880142315934,"{""block_cap"": 0.35, ""init"": ""contig""}",True,results\plans\case_062_p3_n3_capls_best.json,False,case_062,3,3,False
3,capls,c3,0,1.021,8.151,True,716806,72192,72192.0,0.0,13473792.0,0.0003428963310092,4608.0,9,2854809,,3.9826801114946027,"{""block_cap"": 0.35, ""init"": ""contig""}",True,results\plans\case_062_p3_n4_capls_best.json,False,case_062,3,4,False
3,capls,c3,0,1.501,7.674,True,574337,86016,86016.0,0.0,13487616.0,0.0006853226727584,9216.0,12,2854809,,4.970616554392282,"{""block_cap"": 0.35, ""init"": ""contig""}",True,results\plans\case_062_p3_n5_capls_best.json,False,case_062,3,5,False
1,capls,c6,0,0.245,15.045,True,537888,76800,76800.0,0.0,5097984.0,,,5,1070397,,1.9899997769052293,"{""block_cap"": 0.6, ""comm_weight"": 1e-06}",True,results\plans\case_063_p1_n2_capls_best.json,False,case_063,1,2,False
1,capls,sa1,0,12.357,12.324,True,359105,5495808,5495808.0,0.0,10516992.0,,,11,1070397,,2.980735439495412,"{""anneal"": true}",True,results\plans\case_063_p1_n3_capls_best.json,False,case_063,1,3,False
1,capls,c3,0,0.343,7.743,True,271192,104448,104448.0,0.0,5125632.0,,,8,1070397,,3.947008023835511,"{""block_cap"": 0.35, ""init"": ""contig""}",True,results\plans\case_063_p1_n4_capls_best.json,False,case_063,1,4,False
1,capls,sa3,0,6.708,6.697,True,218990,2113536,2113536.0,0.0,7134720.0,,,13,1070397,,4.887880725147267,"{""anneal"": true}",True,results\plans\case_063_p1_n5_capls_best.json,False,case_063,1,5,False
2,capls,s7,7,1.119,3.731,True,534284,9019392,113664.0,8905728.0,14040576.0,,,7360,1070397,,2.003423273015849,"{""alpha"": 1.0, ""block_cap"": 0.35, ""init"": ""rr"", ""mu"": 1.0, ""noise"": 0.05, ""nu"": 0.5, ""subgraph_mode"": ""op""}",True,results\plans\case_063_p2_n2_capls_best.json,False,case_063,2,2,False
2,capls,s11,11,1.563,2.201,True,346909,4116480,119808.0,3996672.0,9137664.0,,,7360,1070397,,3.085526751972419,"{""alpha"": 0.8, ""block_cap"": 0.35, ""init"": ""rr"", ""mu"": 1.0, ""noise"": 0.05, ""nu"": 0.5, ""subgraph_mode"": ""op""}",True,results\plans\case_063_p2_n3_capls_best.json,False,case_063,2,3,False
2,capls,c3,0,0.412,1.841,True,270124,64512,64512.0,0.0,5085696.0,,,8,1070397,,3.96261346640802,"{""block_cap"": 0.35, ""init"": ""contig""}",True,results\plans\case_063_p2_n4_capls_best.json,False,case_063,2,4,False
2,capls,s15,15,1.784,2.509,True,213041,367104,245760.0,121344.0,5388288.0,,,7360,1070397,,5.024370895743073,"{""alpha"": 1.0, ""block_cap"": 0.35, ""init"": ""rr"", ""mu"": 1.0, ""noise"": 0.05, ""nu"": 0.5, ""subgraph_mode"": ""op""}",True,results\plans\case_063_p2_n5_capls_best.json,False,case_063,2,5,False
3,capls,s7,7,1.174,3.303,True,533800,9019392,113664.0,8905728.0,14040576.0,0.0473463153875525,571392.0,7360,1070397,,2.005239790183589,"{""alpha"": 1.0, ""block_cap"": 0.35, ""init"": ""rr"", ""mu"": 1.0, ""noise"": 0.05, ""nu"": 0.5, ""subgraph_mode"": ""op""}",True,results\plans\case_063_p3_n2_capls_best.json,False,case_063,3,2,False
3,capls,c14,0,1.275,2.801,True,344374,4119552,119808.0,3999744.0,9140736.0,0.1165101156069364,990720.0,7360,1070397,,3.10823987873649,"{""alpha"": 0.8, ""block_cap"": 0.35, ""init"": ""rr"", ""mu"": 1.0, ""nu"": 0.5, ""subgraph_mode"": ""op""}",True,results\plans\case_063_p3_n3_capls_best.json,False,case_063,3,3,False
3,capls,c3,0,0.319,1.976,True,270081,64512,64512.0,0.0,5085696.0,0.0018226002430133,9216.0,8,1070397,,3.9632443600253255,"{""block_cap"": 0.35, ""init"": ""contig""}",True,results\plans\case_063_p3_n4_capls_best.json,False,case_063,3,4,False
3,capls,s15,15,1.596,2.307,True,213041,367104,245760.0,121344.0,5388288.0,0.000872854233343,4608.0,7360,1070397,,5.024370895743073,"{""alpha"": 1.0, ""block_cap"": 0.35, ""init"": ""rr"", ""mu"": 1.0, ""noise"": 0.05, ""nu"": 0.5, ""subgraph_mode"": ""op""}",True,results\plans\case_063_p3_n5_capls_best.json,False,case_063,3,5,False
1,capls,sa2,0,0.173,0.167,True,19071,21060,21060.0,0.0,58474.0,,,2,19116,,1.0023596035865974,"{""anneal"": true}",True,results\plans\case_064_p1_n2_capls_best.json,False,case_064,1,2,False
1,capls,c12,0,0.066,0.242,True,17646,117382,117382.0,0.0,154796.0,,,30,19116,,1.083304998299898,"{""block_cap"": 0.35, ""init"": ""rr"", ""level_mode"": ""alap_fill""}",True,results\plans\case_064_p1_n3_capls_best.json,False,case_064,1,3,False
1,capls,mono_embed_n3,0,0.185,0.184,True,17646,117382,117382.0,0.0,154796.0,,,30,19116,,1.083304998299898,"{""anneal"": true}",True,results/final_plans_mono/p1/n4/case_064_multicore_res.json,False,case_064,1,4,True
1,capls,sa1,0,0.252,0.251,True,16068,165088,165088.0,0.0,202502.0,,,39,19116,,1.1896938013442868,"{""anneal"": true}",True,results\plans\case_064_p1_n5_capls_best.json,False,case_064,1,5,False
2,capls,c14,0,0.069,0.161,True,13698,61542,61542.0,0.0,98956.0,,,906,19116,,1.3955321944809462,"{""alpha"": 0.8, ""block_cap"": 0.35, ""init"": ""rr"", ""mu"": 1.0, ""nu"": 0.5, ""subgraph_mode"": ""op""}",True,results\plans\case_064_p2_n2_capls_best.json,False,case_064,2,2,False
2,capls,c14,0,0.115,0.195,True,11449,99404,99404.0,0.0,136818.0,,,906,19116,,1.6696654729670715,"{""alpha"": 0.8, ""block_cap"": 0.35, ""init"": ""rr"", ""mu"": 1.0, ""nu"": 0.5, ""subgraph_mode"": ""op""}",True,results\plans\case_064_p2_n3_capls_best.json,False,case_064,2,3,False
2,capls,c14,0,0.113,0.14,True,11254,122098,122098.0,0.0,159512.0,,,906,19116,,1.6985960547360939,"{""alpha"": 0.8, ""block_cap"": 0.35, ""init"": ""rr"", ""mu"": 1.0, ""nu"": 0.5, ""subgraph_mode"": ""op""}",True,results\plans\case_064_p2_n4_capls_best.json,False,case_064,2,4,False
2,capls,mono_embed_n4,0,0.071,0.184,True,11254,122098,122098.0,0.0,159512.0,,,906,19116,,1.6985960547360939,"{""block_cap"": 0.6, ""comm_weight"": 1e-06}",True,results/final_plans_mono/p2/n5/case_064_multicore_res.json,False,case_064,2,5,True
3,capls,c14,0,0.078,0.117,True,13674,61542,61542.0,0.0,98956.0,0.1618139867054881,11782.0,906,19116,,1.3979815708644143,"{""alpha"": 0.8, ""block_cap"": 0.35, ""init"": ""rr"", ""mu"": 1.0, ""nu"": 0.5, ""subgraph_mode"": ""op""}",True,results\plans\case_064_p3_n2_capls_best.json,False,case_064,3,2,False
3,capls,c14,0,0.087,0.22,True,11407,99404,99404.0,0.0,136818.0,0.2443353555274496,22796.0,906,19116,,1.6758130972210046,"{""alpha"": 0.8, ""block_cap"": 0.35, ""init"": ""rr"", ""mu"": 1.0, ""nu"": 0.5, ""subgraph_mode"": ""op""}",True,results\plans\case_064_p3_n3_capls_best.json,False,case_064,3,3,False
3,capls,c14,0,0.135,0.216,True,11227,122098,122098.0,0.0,159512.0,0.2953817599534172,32466.0,906,19116,,1.7026810367863188,"{""alpha"": 0.8, ""block_cap"": 0.35, ""init"": ""rr"", ""mu"": 1.0, ""nu"": 0.5, ""subgraph_mode"": ""op""}",True,results\plans\case_064_p3_n4_capls_best.json,False,case_064,3,4,False
3,capls,mono_embed_n4,0,0.077,0.182,True,11227,122098,122098.0,0.0,159512.0,0.2953817599534172,32466.0,906,19116,,1.7026810367863188,"{""block_cap"": 0.6, ""comm_weight"": 1e-06}",True,results/final_plans_mono/p3/n5/case_064_multicore_res.json,False,case_064,3,5,True
1,capls,sa1,0,0.001,0.192,True,22981,110228,110228.0,0.0,426430.0,,,3,53068,,2.3092119577041905,"{""anneal"": true}",True,results\plans\case_065_p1_n2_capls_best.json,False,case_065,1,2,False
1,capls,c0,0,0.025,0.129,True,17966,27648,27648.0,0.0,343850.0,,,3,53068,,2.953801625292219,"{""block_cap"": 0.35}",True,results\plans\case_065_p1_n3_capls_best.json,False,case_065,1,3,False
1,capls,c0,0,0.051,0.194,True,13745,41472,41472.0,0.0,357674.0,,,4,53068,,3.860894870862132,"{""block_cap"": 0.35}",True,results\plans\case_065_p1_n4_capls_best.json,False,case_065,1,4,False
1,capls,c0,0,0.027,0.189,True,11421,55296,55296.0,0.0,371498.0,,,5,53068,,4.646528325015323,"{""block_cap"": 0.35}",True,results\plans\case_065_p1_n5_capls_best.json,False,case_065,1,5,False
2,capls,c14,0,0.103,0.135,True,21905,13824,13824.0,0.0,330026.0,,,704,53068,,2.422643232138781,"{""alpha"": 0.8, ""block_cap"": 0.35, ""init"": ""rr"", ""mu"": 1.0, ""nu"": 0.5, ""subgraph_mode"": ""op""}",True,results\plans\case_065_p2_n2_capls_best.json,False,case_065,2,2,False
2,capls,c14,0,0.088,0.096,True,14937,27648,27648.0,0.0,343850.0,,,704,53068,,3.552788377853652,"{""alpha"": 0.8, ""block_cap"": 0.35, ""init"": ""rr"", ""mu"": 1.0, ""nu"": 0.5, ""subgraph_mode"": ""op""}",True,results\plans\case_065_p2_n3_capls_best.json,False,case_065,2,3,False
2,capls,s3,3,0.084,0.149,True,11760,41472,41472.0,0.0,357674.0,,,704,53068,,4.512585034013606,"{""alpha"": 0.8, ""block_cap"": 0.35, ""init"": ""rr"", ""mu"": 1.0, ""noise"": 0.05, ""nu"": 0.5, ""subgraph_mode"": ""op""}",True,results\plans\case_065_p2_n4_capls_best.json,False,case_065,2,4,False
2,capls,c14,0,0.114,0.117,True,10622,55296,55296.0,0.0,371498.0,,,704,53068,,4.996045942383732,"{""alpha"": 0.8, ""block_cap"": 0.35, ""init"": ""rr"", ""mu"": 1.0, ""nu"": 0.5, ""subgraph_mode"": ""op""}",True,results\plans\case_065_p2_n5_capls_best.json,False,case_065,2,5,False
3,capls,c14,0,0.102,0.122,True,21905,13824,13824.0,0.0,330026.0,0.0146965019263644,4608.0,704,53068,,2.422643232138781,"{""alpha"": 0.8, ""block_cap"": 0.35, ""init"": ""rr"", ""mu"": 1.0, ""nu"": 0.5, ""subgraph_mode"": ""op""}",True,results\plans\case_065_p3_n2_capls_best.json,False,case_065,3,2,False
3,capls,c14,0,0.087,0.142,True,14937,27648,27648.0,0.0,343850.0,0.0,0.0,704,53068,,3.552788377853652,"{""alpha"": 0.8, ""block_cap"": 0.35, ""init"": ""rr"", ""mu"": 1.0, ""nu"": 0.5, ""subgraph_mode"": ""op""}",True,results\plans\case_065_p3_n3_capls_best.json,False,case_065,3,3,False
3,capls,s3,3,0.089,0.126,True,11760,41472,41472.0,0.0,357674.0,0.094539145114774,32256.0,704,53068,,4.512585034013606,"{""alpha"": 0.8, ""block_cap"": 0.35, ""init"": ""rr"", ""mu"": 1.0, ""noise"": 0.05, ""nu"": 0.5, ""subgraph_mode"": ""op""}",True,results\plans\case_065_p3_n4_capls_best.json,False,case_065,3,4,False
3,capls,s16,16,0.1,0.133,True,10499,55296,55296.0,0.0,371498.0,0.1168172702075399,41472.0,704,53068,,5.054576626345367,"{""alpha"": 0.8, ""block_cap"": 0.35, ""init"": ""rr"", ""mu"": 1.0, ""noise"": 0.05, ""nu"": 0.5, ""subgraph_mode"": ""op""}",True,results\plans\case_065_p3_n5_capls_best.json,False,case_065,3,5,False
1,capls,sa1,0,1.991,1.957,True,230062,2000906,2000906.0,0.0,3107940.0,,,24,359070,,1.5607531882709877,"{""anneal"": true}",True,results\plans\case_066_p1_n2_capls_best.json,False,case_066,1,2,False
1,capls,sa3,0,2.179,2.17,True,169971,2124786,2124786.0,0.0,3231820.0,,,35,359070,,2.1125368445205357,"{""anneal"": true}",True,results\plans\case_066_p1_n3_capls_best.json,False,case_066,1,3,False
1,capls,c12,0,0.834,2.104,True,158070,2396358,2396358.0,0.0,3503392.0,,,32,359070,,2.271588536724236,"{""block_cap"": 0.35, ""init"": ""rr"", ""level_mode"": ""alap_fill""}",True,results\plans\case_066_p1_n4_capls_best.json,False,case_066,1,4,False
1,capls,sa1,0,2.479,2.459,True,124255,2255600,2255600.0,0.0,3362634.0,,,47,359070,,2.889783107319625,"{""anneal"": true}",True,results\plans\case_066_p1_n5_capls_best.json,False,case_066,1,5,False
2,capls,c14,0,0.989,1.35,True,197561,952044,952044.0,0.0,2059078.0,,,5962,359070,,1.8175145904302974,"{""alpha"": 0.8, ""block_cap"": 0.35, ""init"": ""rr"", ""mu"": 1.0, ""nu"": 0.5, ""subgraph_mode"": ""op""}",True,results\plans\case_066_p2_n2_capls_best.json,False,case_066,2,2,False
2,capls,s9,9,0.881,1.733,True,142974,1398840,1398840.0,0.0,2505874.0,,,5962,359070,,2.511435645641865,"{""alpha"": 0.8, ""block_cap"": 0.35, ""init"": ""rr"", ""mu"": 1.0, ""noise"": 0.05, ""nu"": 0.5, ""subgraph_mode"": ""op""}",True,results\plans\case_066_p2_n3_capls_best.json,False,case_066,2,3,False
2,capls,c14,0,1.399,1.19,True,132815,2060756,2060756.0,0.0,3167790.0,,,5962,359070,,2.7035349922824983,"{""alpha"": 0.8, ""block_cap"": 0.35, ""init"": ""rr"", ""mu"": 1.0, ""nu"": 0.5, ""subgraph_mode"": ""op""}",True,results\plans\case_066_p2_n4_capls_best.json,False,case_066,2,4,False
2,capls,s12,12,1.412,1.917,True,110016,2125248,2125248.0,0.0,3232282.0,,,5962,359070,,3.2637979930191974,"{""alpha"": 0.8, ""block_cap"": 0.35, ""init"": ""rr"", ""mu"": 1.0, ""noise"": 0.05, ""nu"": 0.5, ""subgraph_mode"": ""op""}",True,results\plans\case_066_p2_n5_capls_best.json,False,case_066,2,5,False
3,capls,c14,0,1.018,1.209,True,197561,952044,952044.0,0.0,2059078.0,0.1692004944516275,285804.0,5962,359070,,1.8175145904302974,"{""alpha"": 0.8, ""block_cap"": 0.35, ""init"": ""rr"", ""mu"": 1.0, ""nu"": 0.5, ""subgraph_mode"": ""op""}",True,results\plans\case_066_p3_n2_capls_best.json,False,case_066,3,2,False
3,capls,s9,9,0.845,2.271,True,142969,1398840,1398840.0,0.0,2505874.0,0.2177122314567648,413992.0,5962,359070,,2.511523477117417,"{""alpha"": 0.8, ""block_cap"": 0.35, ""init"": ""rr"", ""mu"": 1.0, ""noise"": 0.05, ""nu"": 0.5, ""subgraph_mode"": ""op""}",True,results\plans\case_066_p3_n3_capls_best.json,False,case_066,3,3,False
3,capls,c14,0,1.364,1.306,True,131603,2060756,2060756.0,0.0,3167790.0,0.3401853619937613,832322.0,5962,359070,,2.728433242403289,"{""alpha"": 0.8, ""block_cap"": 0.35, ""init"": ""rr"", ""mu"": 1.0, ""nu"": 0.5, ""subgraph_mode"": ""op""}",True,results\plans\case_066_p3_n4_capls_best.json,False,case_066,3,4,False
3,capls,c9,0,0.502,1.06,True,110603,2274708,2274708.0,0.0,3381742.0,0.3131284511689113,795712.0,49,359070,,3.2464761353670335,"{""block_cap"": 0.35, ""max_ops"": 500}",True,results\plans\case_066_p3_n5_capls_best.json,False,case_066,3,5,False
1,capls,sa2,0,55.768,55.75,True,32441828,267900160,6577024.0,261323136.0,273948288.0,,,6,63834834,,1.9676706873607739,"{""anneal"": true}",True,results\plans\case_067_p1_n2_capls_best.json,False,case_067,1,2,False
1,capls,sa1,0,25.082,25.031,True,21673797,250816128,11803648.0,239012480.0,256864256.0,,,11,63834834,,2.9452538473069576,"{""anneal"": true}",True,results\plans\case_067_p1_n3_capls_best.json,False,case_067,1,3,False
1,capls,sa2,0,14.633,14.616,True,17872457,256028288,12758144.0,243270144.0,262076416.0,,,9,63834834,,3.5716876532420807,"{""anneal"": true}",True,results\plans\case_067_p1_n4_capls_best.json,False,case_067,1,4,False
1,capls,sa1,0,8.594,8.547,True,14414488,258091392,17638912.0,240452480.0,264139520.0,,,8,63834834,,4.428519001160499,"{""anneal"": true}",True,results\plans\case_067_p1_n5_capls_best.json,False,case_067,1,5,False
2,capls,c16,0,1.283,3.244,True,30338059,8325504,3721600.0,4603904.0,14373632.0,,,8804,63834834,,2.1041172739495297,"{""alpha"": 0.8, ""block_cap"": 0.35, ""init"": ""rr"", ""mu"": 0.0, ""nu"": 0.0, ""subgraph_mode"": ""op""}",True,results\plans\case_067_p2_n2_capls_best.json,False,case_067,2,2,False
2,capls,c16,0,0.699,3.065,True,20153440,10769152,7443200.0,3325952.0,16817280.0,,,8804,63834834,,3.1674410919426164,"{""alpha"": 0.8, ""block_cap"": 0.35, ""init"": ""rr"", ""mu"": 0.0, ""nu"": 0.0, ""subgraph_mode"": ""op""}",True,results\plans\case_067_p2_n3_capls_best.json,False,case_067,2,3,False
2,capls,c16,0,0.725,3.09,True,15143945,14048384,11164800.0,2883584.0,20096512.0,,,8804,63834834,,4.215205086917576,"{""alpha"": 0.8, ""block_cap"": 0.35, ""init"": ""rr"", ""mu"": 0.0, ""nu"": 0.0, ""subgraph_mode"": ""op""}",True,results\plans\case_067_p2_n4_capls_best.json,False,case_067,2,4,False
2,capls,c16,0,1.149,2.825,True,12531847,17327616,14886400.0,2441216.0,23375744.0,,,8804,63834834,,5.093808917392624,"{""alpha"": 0.8, ""block_cap"": 0.35, ""init"": ""rr"", ""mu"": 0.0, ""nu"": 0.0, ""subgraph_mode"": ""op""}",True,results\plans\case_067_p2_n5_capls_best.json,False,case_067,2,5,False
3,capls,c16,0,0.748,3.119,True,30303605,8325504,3721600.0,4603904.0,14373632.0,0.3378939710403417,3685888.0,8804,63834834,,2.106509572045966,"{""alpha"": 0.8, ""block_cap"": 0.35, ""init"": ""rr"", ""mu"": 0.0, ""nu"": 0.0, ""subgraph_mode"": ""op""}",True,results\plans\case_067_p3_n2_capls_best.json,False,case_067,3,2,False
3,capls,c16,0,0.716,2.87,True,20084166,10769152,7443200.0,3325952.0,16817280.0,0.5318329445130597,7440896.0,8804,63834834,,3.178366181597981,"{""alpha"": 0.8, ""block_cap"": 0.35, ""init"": ""rr"", ""mu"": 0.0, ""nu"": 0.0, ""subgraph_mode"": ""op""}",True,results\plans\case_067_p3_n3_capls_best.json,False,case_067,3,3,False
3,capls,c16,0,0.723,2.179,True,15040197,14048384,11164800.0,2883584.0,20096512.0,0.6379050434680795,11157888.0,8804,63834834,,4.2442817737028316,"{""alpha"": 0.8, ""block_cap"": 0.35, ""init"": ""rr"", ""mu"": 0.0, ""nu"": 0.0, ""subgraph_mode"": ""op""}",True,results\plans\case_067_p3_n4_capls_best.json,False,case_067,3,4,False
3,capls,c16,0,1.01,2.288,True,12497325,17327616,14886400.0,2441216.0,23375744.0,0.1771779096214001,3719296.0,8804,63834834,,5.107879806278544,"{""alpha"": 0.8, ""block_cap"": 0.35, ""init"": ""rr"", ""mu"": 0.0, ""nu"": 0.0, ""subgraph_mode"": ""op""}",True,results\plans\case_067_p3_n5_capls_best.json,False,case_067,3,5,False
1,capls,sa1,0,1.514,1.496,True,249377,3522532,3522532.0,0.0,6293782.0,,,50,362095,,1.4519983799628675,"{""anneal"": true}",True,results\plans\case_068_p1_n2_capls_best.json,False,case_068,1,2,False
1,capls,c12,0,0.679,1.791,True,187636,3552326,3552326.0,0.0,6323576.0,,,57,362095,,1.9297736042124112,"{""block_cap"": 0.35, ""init"": ""rr"", ""level_mode"": ""alap_fill""}",True,results\plans\case_068_p1_n3_capls_best.json,False,case_068,1,3,False
1,capls,mono_embed_n3,0,0.197,1.539,True,187636,3552326,3552326.0,0.0,6323576.0,,,57,362095,,1.9297736042124112,"{""block_cap"": 0.35, ""cores_used"": 3}",True,results/final_plans_mono/p1/n4/case_068_multicore_res.json,False,case_068,1,4,True
1,capls,mono_embed_n3,0,3.63,3.594,True,187636,3552326,3552326.0,0.0,6323576.0,,,57,362095,,1.9297736042124112,"{""anneal"": true}",True,results/final_plans_mono/p1/n5/case_068_multicore_res.json,False,case_068,1,5,True
2,capls,c14,0,0.809,1.868,True,197044,1553566,1553566.0,0.0,4324816.0,,,5351,362095,,1.8376352489799233,"{""alpha"": 0.8, ""block_cap"": 0.35, ""init"": ""rr"", ""mu"": 1.0, ""nu"": 0.5, ""subgraph_mode"": ""op""}",True,results\plans\case_068_p2_n2_capls_best.json,False,case_068,2,2,False
2,capls,s16,16,1.128,1.535,True,149508,2085676,2085676.0,0.0,4856926.0,,,5351,362095,,2.421910533215614,"{""alpha"": 0.8, ""block_cap"": 0.35, ""init"": ""rr"", ""mu"": 1.0, ""noise"": 0.05, ""nu"": 0.5, ""subgraph_mode"": ""op""}",True,results\plans\case_068_p2_n3_capls_best.json,False,case_068,2,3,False
2,capls,mono_embed_n3,0,0.279,0.903,True,149508,2085676,2085676.0,0.0,4856926.0,,,5351,362095,,2.421910533215614,"{""block_cap"": 0.35, ""cores_used"": 3}",True,results/final_plans_mono/p2/n4/case_068_multicore_res.json,False,case_068,2,4,True
2,capls,mono_embed_n3,7,1.192,1.327,True,149508,2085676,2085676.0,0.0,4856926.0,,,5351,362095,,2.421910533215614,"{""alpha"": 0.8, ""block_cap"": 0.35, ""init"": ""rr"", ""mu"": 1.0, ""noise"": 0.05, ""nu"": 0.5, ""subgraph_mode"": ""op""}",True,results/final_plans_mono/p2/n5/case_068_multicore_res.json,False,case_068,2,5,True
3,capls,c14,0,0.987,1.851,True,197002,1553566,1553566.0,0.0,4324816.0,0.2425840141918397,970894.0,5351,362095,,1.8380270251063442,"{""alpha"": 0.8, ""block_cap"": 0.35, ""init"": ""rr"", ""mu"": 1.0, ""nu"": 0.5, ""subgraph_mode"": ""op""}",True,results\plans\case_068_p3_n2_capls_best.json,False,case_068,3,2,False
3,capls,s6,6,1.126,1.549,True,147814,2085676,2085676.0,0.0,4856926.0,0.1577265891619347,686140.0,5351,362095,,2.4496664727292408,"{""alpha"": 0.8, ""block_cap"": 0.35, ""init"": ""rr"", ""mu"": 1.0, ""noise"": 0.05, ""nu"": 0.5, ""subgraph_mode"": ""op""}",True,results\plans\case_068_p3_n3_capls_best.json,False,case_068,3,3,False
3,capls,c14,0,1.215,1.698,True,120739,3208234,3208234.0,0.0,5979484.0,0.2131759205498062,1123484.0,5351,362095,,2.998989555984396,"{""alpha"": 0.8, ""block_cap"": 0.35, ""init"": ""rr"", ""mu"": 1.0, ""nu"": 0.5, ""subgraph_mode"": ""op""}",True,results\plans\case_068_p3_n4_capls_best.json,False,case_068,3,4,False
3,capls,mono_embed_n4,0,0.364,1.595,True,120739,3208234,3208234.0,0.0,5979484.0,0.2131759205498062,1123484.0,5351,362095,,2.998989555984396,"{""block_cap"": 0.35, ""cores_used"": 4}",True,results/final_plans_mono/p3/n5/case_068_multicore_res.json,False,case_068,3,5,True
1,capls,sa1,0,0.366,0.36,True,23844,803334,803334.0,0.0,929388.0,,,41,25144,,1.054521053514511,"{""anneal"": true}",True,results\plans\case_069_p1_n2_capls_best.json,False,case_069,1,2,False
1,capls,sa2,0,0.334,0.332,True,21838,788514,788514.0,0.0,914568.0,,,43,25144,,1.1513874896968588,"{""anneal"": true}",True,results\plans\case_069_p1_n3_capls_best.json,False,case_069,1,3,False
1,capls,sa2,0,0.329,0.327,True,20155,746614,746614.0,0.0,872668.0,,,53,25144,,1.247531629868519,"{""anneal"": true}",True,results\plans\case_069_p1_n4_capls_best.json,False,case_069,1,4,False
1,capls,mono_embed_n4,0,0.339,0.293,True,20155,746614,746614.0,0.0,872668.0,,,53,25144,,1.247531629868519,"{""block_cap"": 0.6, ""comm_weight"": 1e-06}",True,results/final_plans_mono/p1/n5/case_069_multicore_res.json,False,case_069,1,5,True
2,capls,c14,0,0.462,0.205,True,13266,371046,371046.0,0.0,497100.0,,,1032,25144,,1.8953716267149103,"{""alpha"": 0.8, ""block_cap"": 0.35, ""init"": ""rr"", ""mu"": 1.0, ""nu"": 0.5, ""subgraph_mode"": ""op""}",True,results\plans\case_069_p2_n2_capls_best.json,False,case_069,2,2,False
2,capls,c14,0,0.456,0.248,True,12273,298028,298028.0,0.0,424082.0,,,1032,25144,,2.048724843151634,"{""alpha"": 0.8, ""block_cap"": 0.35, ""init"": ""rr"", ""mu"": 1.0, ""nu"": 0.5, ""subgraph_mode"": ""op""}",True,results\plans\case_069_p2_n3_capls_best.json,False,case_069,2,3,False
2,capls,mono_embed_n3,0,0.477,0.194,True,12273,298028,298028.0,0.0,424082.0,,,1032,25144,,2.048724843151634,"{""alpha"": 0.8, ""block_cap"": 0.15, ""init"": ""rr"", ""mu"": 1.0, ""nu"": 0.5, ""subgraph_mode"": ""op""}",True,results/final_plans_mono/p2/n4/case_069_multicore_res.json,False,case_069,2,4,True
2,capls,mono_embed_n3,13,0.396,0.204,True,12273,298028,298028.0,0.0,424082.0,,,1032,25144,,2.048724843151634,"{""alpha"": 0.8, ""block_cap"": 0.15, ""init"": ""rr"", ""mu"": 1.0, ""noise"": 0.05, ""nu"": 0.5, ""subgraph_mode"": ""op""}",True,results/final_plans_mono/p2/n5/case_069_multicore_res.json,False,case_069,2,5,True
3,capls,c14,0,0.169,0.239,True,14111,457062,457062.0,0.0,583116.0,0.1158565067106779,44646.0,1032,25144,,1.7818722982070725,"{""alpha"": 0.8, ""block_cap"": 0.35, ""init"": ""rr"", ""mu"": 1.0, ""nu"": 0.5, ""subgraph_mode"": ""op""}",True,results\plans\case_069_p3_n2_capls_best.json,False,case_069,3,2,False
3,capls,c16,0,0.65,0.187,True,12005,335116,335116.0,0.0,461170.0,0.3282564539981958,106986.0,1032,25144,,2.094460641399417,"{""alpha"": 0.8, ""block_cap"": 0.35, ""init"": ""rr"", ""mu"": 0.0, ""nu"": 0.0, ""subgraph_mode"": ""op""}",True,results\plans\case_069_p3_n3_capls_best.json,False,case_069,3,3,False
3,capls,c17,0,0.383,0.201,True,10301,432114,432114.0,0.0,558168.0,0.4181880259484646,166576.0,1032,25144,,2.4409280652363847,"{""alpha"": 0.8, ""block_cap"": 0.15, ""init"": ""rr"", ""mu"": 1.0, ""nu"": 0.5, ""subgraph_mode"": ""op""}",True,results\plans\case_069_p3_n4_capls_best.json,False,case_069,3,4,False
3,capls,mono_embed_n4,14,0.401,0.231,True,10301,432114,432114.0,0.0,558168.0,0.4181880259484646,166576.0,1032,25144,,2.4409280652363847,"{""alpha"": 0.8, ""block_cap"": 0.15, ""init"": ""rr"", ""mu"": 1.0, ""noise"": 0.05, ""nu"": 0.5, ""subgraph_mode"": ""op""}",True,results/final_plans_mono/p3/n5/case_069_multicore_res.json,False,case_069,3,5,True
1,capls,c2,0,0.043,0.432,True,58469,88064,88064.0,0.0,508028.0,,,2,117300,,2.0061913150558417,"{""block_cap"": 0.35, ""init"": ""rr""}",True,results\plans\case_070_p1_n2_capls_best.json,False,case_070,1,2,False
1,capls,c0,0,0.041,0.328,True,42877,176128,176128.0,0.0,596092.0,,,3,117300,,2.7357324439676285,"{""block_cap"": 0.35}",True,results\plans\case_070_p1_n3_capls_best.json,False,case_070,1,3,False
1,capls,c0,0,0.057,0.555,True,32371,264192,264192.0,0.0,684156.0,,,4,117300,,3.6236137283370917,"{""block_cap"": 0.35}",True,results\plans\case_070_p1_n4_capls_best.json,False,case_070,1,4,False
1,capls,c6,0,0.066,0.406,True,30646,352256,352256.0,0.0,772220.0,,,5,117300,,3.8275794557201595,"{""block_cap"": 0.6, ""comm_weight"": 1e-06}",True,results\plans\case_070_p1_n5_capls_best.json,False,case_070,1,5,False
2,capls,s16,16,0.192,0.207,True,47580,88064,88064.0,0.0,508028.0,,,1191,117300,,2.4653215636822194,"{""alpha"": 0.8, ""block_cap"": 0.35, ""init"": ""rr"", ""mu"": 1.0, ""noise"": 0.05, ""nu"": 0.5, ""subgraph_mode"": ""op""}",True,results\plans\case_070_p2_n2_capls_best.json,False,case_070,2,2,False
2,capls,s14,14,0.213,0.224,True,40551,176128,176128.0,0.0,596092.0,,,1191,117300,,2.8926536953466004,"{""alpha"": 0.8, ""block_cap"": 0.35, ""init"": ""rr"", ""mu"": 1.0, ""noise"": 0.05, ""nu"": 0.5, ""subgraph_mode"": ""op""}",True,results\plans\case_070_p2_n3_capls_best.json,False,case_070,2,3,False
2,capls,c14,0,0.184,0.19,True,29097,264192,264192.0,0.0,684156.0,,,1191,117300,,4.03134343746778,"{""alpha"": 0.8, ""block_cap"": 0.35, ""init"": ""rr"", ""mu"": 1.0, ""nu"": 0.5, ""subgraph_mode"": ""op""}",True,results\plans\case_070_p2_n4_capls_best.json,False,case_070,2,4,False
2,capls,s12,12,0.218,0.26,True,26399,690024,690024.0,0.0,1109988.0,,,1191,117300,,4.443350126898746,"{""alpha"": 0.8, ""block_cap"": 0.35, ""init"": ""rr"", ""mu"": 1.0, ""noise"": 0.05, ""nu"": 0.5, ""subgraph_mode"": ""op""}",True,results\plans\case_070_p2_n5_capls_best.json,False,case_070,2,5,False
3,capls,s16,16,0.19,0.178,True,47580,88064,88064.0,0.0,508028.0,0.0766101881784998,38912.0,1191,117300,,2.4653215636822194,"{""alpha"": 0.8, ""block_cap"": 0.35, ""init"": ""rr"", ""mu"": 1.0, ""noise"": 0.05, ""nu"": 0.5, ""subgraph_mode"": ""op""}",True,results\plans\case_070_p3_n2_capls_best.json,False,case_070,3,2,False
3,capls,s14,14,0.203,0.174,True,40551,176128,176128.0,0.0,596092.0,0.089344380572698,53248.0,1191,117300,,2.8926536953466004,"{""alpha"": 0.8, ""block_cap"": 0.35, ""init"": ""rr"", ""mu"": 1.0, ""noise"": 0.05, ""nu"": 0.5, ""subgraph_mode"": ""op""}",True,results\plans\case_070_p3_n3_capls_best.json,False,case_070,3,3,False
3,capls,c14,0,0.19,0.169,True,29097,264192,264192.0,0.0,684156.0,0.09580586214458,65536.0,1191,117300,,4.03134343746778,"{""alpha"": 0.8, ""block_cap"": 0.35, ""init"": ""rr"", ""mu"": 1.0, ""nu"": 0.5, ""subgraph_mode"": ""op""}",True,results\plans\case_070_p3_n4_capls_best.json,False,case_070,3,4,False
3,capls,c14,0,0.245,0.517,True,27037,824942,824942.0,0.0,1244906.0,0.243803899280931,276262.0,1191,117300,,4.3384990938343755,"{""alpha"": 0.8, ""block_cap"": 0.35, ""init"": ""rr"", ""mu"": 1.0, ""nu"": 0.5, ""subgraph_mode"": ""op""}",True,results\plans\case_070_p3_n5_capls_best.json,False,case_070,3,5,False
1,capls,sa2,0,0.001,0.178,True,17677,118178,118178.0,0.0,239624.0,,,2,18919,,1.0702607908581774,"{""anneal"": true}",True,results\plans\case_071_p1_n2_capls_best.json,False,case_071,1,2,False
1,capls,sa2,0,0.204,0.203,True,16201,479260,479260.0,0.0,600706.0,,,42,18919,,1.1677674217640885,"{""anneal"": true}",True,results\plans\case_071_p1_n3_capls_best.json,False,case_071,1,3,False
1,capls,sa1,0,0.167,0.161,True,13881,141636,141636.0,0.0,263082.0,,,4,18919,,1.3629421511418485,"{""anneal"": true}",True,results\plans\case_071_p1_n4_capls_best.json,False,case_071,1,4,False
1,capls,mono_embed_n4,0,0.219,0.179,True,13881,141636,141636.0,0.0,263082.0,,,4,18919,,1.3629421511418485,"{""block_cap"": 0.35}",True,results/final_plans_mono/p1/n5/case_071_multicore_res.json,False,case_071,1,5,True
2,capls,c14,0,0.115,0.126,True,12299,251814,251814.0,0.0,373260.0,,,741,18919,,1.538255142694528,"{""alpha"": 0.8, ""block_cap"": 0.35, ""init"": ""rr"", ""mu"": 1.0, ""nu"": 0.5, ""subgraph_mode"": ""op""}",True,results\plans\case_071_p2_n2_capls_best.json,False,case_071,2,2,False
2,capls,s4,4,0.256,0.114,True,10775,215244,215244.0,0.0,336690.0,,,741,18919,,1.7558236658932715,"{""alpha"": 0.8, ""block_cap"": 0.35, ""init"": ""rr"", ""mu"": 0.0, ""noise"": 0.05, ""nu"": 0.0, ""subgraph_mode"": ""op""}",True,results\plans\case_071_p2_n3_capls_best.json,False,case_071,2,3,False
2,capls,s11,11,0.264,0.13,True,9527,219406,219406.0,0.0,340852.0,,,741,18919,,1.9858297470347435,"{""alpha"": 0.8, ""block_cap"": 0.35, ""init"": ""rr"", ""mu"": 1.0, ""noise"": 0.05, ""nu"": 0.5, ""subgraph_mode"": ""op""}",True,results\plans\case_071_p2_n4_capls_best.json,False,case_071,2,4,False
2,capls,mono_embed_n4,0,0.276,0.087,True,9527,219406,219406.0,0.0,340852.0,,,741,18919,,1.9858297470347435,"{""alpha"": 0.8, ""block_cap"": 0.15, ""init"": ""rr"", ""mu"": 1.0, ""nu"": 0.5, ""subgraph_mode"": ""op""}",True,results/final_plans_mono/p2/n5/case_071_multicore_res.json,False,case_071,2,5,True
3,capls,c14,0,0.104,0.125,True,11236,326886,326886.0,0.0,448332.0,0.1773523186453723,55302.0,741,18919,,1.6837842648629406,"{""alpha"": 0.8, ""block_cap"": 0.35, ""init"": ""rr"", ""mu"": 1.0, ""nu"": 0.5, ""subgraph_mode"": ""op""}",True,results\plans\case_071_p3_n2_capls_best.json,False,case_071,3,2,False
3,capls,c17,0,0.232,0.084,True,10636,229324,229324.0,0.0,350770.0,0.2052994590573528,50780.0,741,18919,,1.7787702143663031,"{""alpha"": 0.8, ""block_cap"": 0.15, ""init"": ""rr"", ""mu"": 1.0, ""nu"": 0.5, ""subgraph_mode"": ""op""}",True,results\plans\case_071_p3_n3_capls_best.json,False,case_071,3,3,False
3,capls,c17,0,0.286,0.137,True,8702,267856,267856.0,0.0,389302.0,0.3350384881116051,96016.0,741,18919,,2.1740979085267753,"{""alpha"": 0.8, ""block_cap"": 0.15, ""init"": ""rr"", ""mu"": 1.0, ""nu"": 0.5, ""subgraph_mode"": ""op""}",True,results\plans\case_071_p3_n4_capls_best.json,False,case_071,3,4,False
3,capls,mono_embed_n4,7,0.265,0.181,True,8702,267856,267856.0,0.0,389302.0,0.3350384881116051,96016.0,741,18919,,2.1740979085267753,"{""alpha"": 0.8, ""block_cap"": 0.15, ""init"": ""rr"", ""mu"": 1.0, ""noise"": 0.05, ""nu"": 0.5, ""subgraph_mode"": ""op""}",True,results/final_plans_mono/p3/n5/case_071_multicore_res.json,False,case_071,3,5,True
1,capls,sa1,0,366.734,366.571,True,17835726,210620640,130516992.0,80103648.0,221723824.0,,,4,23897828,,1.3398853514569578,"{""anneal"": true, ""anneal_seconds"": 210.694}",True,results\plans\case_072_p1_n2_capls_best.json,True,case_072,1,2,False
1,capls,sa1,0,224.445,224.252,True,11984939,252781294,204189886.0,48591408.0,263884478.0,,,98,23897828,,1.9939882881339654,"{""anneal"": true, ""anneal_seconds"": 20.781}",True,results\plans\case_072_p1_n3_capls_best.json,True,case_072,1,3,False
1,capls,sa1,0,433.569,433.4,True,5990192,123454612,26745404.0,96709208.0,134557796.0,,,5,23897828,,3.9894928242700733,"{""anneal"": true, ""anneal_seconds"": 14.083}",True,results\plans\case_072_p1_n4_capls_best.json,True,case_072,1,4,False
1,capls,c0,0,0.03,934.388,True,4822195,130109488,35422208.0,94687280.0,141212672.0,,,5,23897828,,4.955798759693459,"{""block_cap"": 0.35, ""proxy_fallback"": true}",True,results\plans\case_072_p1_n5_capls_best.json,True,case_072,1,5,False
2,capls,c1,0,0.791,15.382,True,11846123,113201200,8855552.0,104345648.0,124304384.0,,,2,23897828,,2.0173543698643006,"{""block_cap"": 0.15}",True,results\plans\case_072_p2_n2_capls_best.json,False,case_072,2,2,False
2,capls,c1,0,1.06,14.665,True,8011141,119410736,17711104.0,101699632.0,130513920.0,,,3,23897828,,2.9830741962973812,"{""block_cap"": 0.15}",True,results\plans\case_072_p2_n3_capls_best.json,False,case_072,2,3,False
2,capls,c9,0,1.85,12.454,True,5941844,125858856,26566656.0,99292200.0,136962040.0,,,61,23897828,,4.021954800563596,"{""block_cap"": 0.35, ""max_ops"": 500}",True,results\plans\case_072_p2_n4_capls_best.json,False,case_072,2,4,False
2,capls,c5,0,3.275,11.774,True,4804197,130011184,35233792.0,94777392.0,141114368.0,,,474,23897828,,4.974364706526398,"{""block_cap"": 0.35, ""init"": ""rr"", ""subgraph_mode"": ""block""}",True,results\plans\case_072_p2_n5_capls_best.json,False,case_072,2,5,False
3,capls,c1,0,0.82,17.118,True,11841570,113201200,8855552.0,104345648.0,124304384.0,0.1341889741827547,16678912.0,2,23897828,,2.018130028366171,"{""block_cap"": 0.15}",True,results\plans\case_072_p3_n2_capls_best.json,False,case_072,3,2,False
3,capls,c1,0,1.041,13.37,True,7998790,119410736,17711104.0,101699632.0,130513920.0,0.1540428472924554,20103168.0,3,23897828,,2.9876803866584822,"{""block_cap"": 0.15}",True,results\plans\case_072_p3_n3_capls_best.json,False,case_072,3,3,False
3,capls,c9,0,1.376,12.549,True,5928167,125858856,26566656.0,99292200.0,136962040.0,0.1830661691342363,25010176.0,61,23897828,,4.031233937910319,"{""block_cap"": 0.35, ""max_ops"": 500}",True,results\plans\case_072_p3_n4_capls_best.json,False,case_072,3,4,False
3,capls,c5,0,2.891,12.796,True,4776264,130011184,35233792.0,94777392.0,141114368.0,0.3252319013347512,45891584.0,474,23897828,,5.003456257861793,"{""block_cap"": 0.35, ""init"": ""rr"", ""subgraph_mode"": ""block""}",True,results\plans\case_072_p3_n5_capls_best.json,False,case_072,3,5,False
1,capls,sa1,0,0.005,7.407,True,5394231,137954176,4032896.0,133921280.0,141995264.0,,,3,10081626,,1.8689644548036597,"{""anneal"": true}",True,results\plans\case_073_p1_n2_capls_best.json,False,case_073,1,2,False
1,capls,sa2,0,4.073,4.065,True,4084492,136747904,7869184.0,128878720.0,140788992.0,,,5,10081626,,2.4682692486605435,"{""anneal"": true}",True,results\plans\case_073_p1_n3_capls_best.json,False,case_073,1,3,False
1,capls,sa2,0,3.673,3.643,True,3636147,136563328,11375744.0,125187584.0,140604416.0,,,9,10081626,,2.7726123283794633,"{""anneal"": true}",True,results\plans\case_073_p1_n4_capls_best.json,False,case_073,1,4,False
1,capls,sa3,0,0.006,3.344,True,3315822,139611648,15015424.0,124596224.0,143652736.0,,,7,10081626,,3.04046055548217,"{""anneal"": true}",True,results\plans\case_073_p1_n5_capls_best.json,False,case_073,1,5,False
2,capls,c14,0,0.399,1.52,True,4236675,3721600,3721600.0,0.0,7762688.0,,,4836,10081626,,2.379608065287047,"{""alpha"": 0.8, ""block_cap"": 0.35, ""init"": ""rr"", ""mu"": 1.0, ""nu"": 0.5, ""subgraph_mode"": ""op""}",True,results\plans\case_073_p2_n2_capls_best.json,False,case_073,2,2,False
2,capls,s14,14,0.399,1.493,True,2831560,7443200,7443200.0,0.0,11484288.0,,,4836,10081626,,3.5604493636016894,"{""alpha"": 0.8, ""block_cap"": 0.35, ""init"": ""rr"", ""mu"": 1.0, ""noise"": 0.05, ""nu"": 0.5, ""subgraph_mode"": ""op""}",True,results\plans\case_073_p2_n3_capls_best.json,False,case_073,2,3,False
2,capls,s12,12,0.365,1.308,True,2208323,11164800,11164800.0,0.0,15205888.0,,,4836,10081626,,4.565285965866407,"{""alpha"": 0.8, ""block_cap"": 0.35, ""init"": ""rr"", ""mu"": 1.0, ""noise"": 0.05, ""nu"": 0.5, ""subgraph_mode"": ""op""}",True,results\plans\case_073_p2_n4_capls_best.json,False,case_073,2,4,False
2,capls,s7,7,0.471,1.273,True,1816764,14886400,14886400.0,0.0,18927488.0,,,4836,10081626,,5.549221582990416,"{""alpha"": 0.8, ""block_cap"": 0.35, ""init"": ""rr"", ""mu"": 1.0, ""noise"": 0.05, ""nu"": 0.5, ""subgraph_mode"": ""op""}",True,results\plans\case_073_p2_n5_capls_best.json,False,case_073,2,5,False
3,capls,c14,0,0.366,1.732,True,4197779,3721600,3721600.0,0.0,7762688.0,0.4893430755244284,3720448.0,4836,10081626,,2.4016571620373535,"{""alpha"": 0.8, ""block_cap"": 0.35, ""init"": ""rr"", ""mu"": 1.0, ""nu"": 0.5, ""subgraph_mode"": ""op""}",True,results\plans\case_073_p3_n2_capls_best.json,False,case_073,3,2,False
3,capls,s13,13,0.372,1.544,True,2819753,7443200,7443200.0,0.0,11484288.0,0.3432346591615521,3886976.0,4836,10081626,,3.5753578416265537,"{""alpha"": 0.8, ""block_cap"": 0.35, ""init"": ""rr"", ""mu"": 1.0, ""noise"": 0.05, ""nu"": 0.5, ""subgraph_mode"": ""op""}",True,results\plans\case_073_p3_n3_capls_best.json,False,case_073,3,3,False
3,capls,c14,0,0.361,1.56,True,2123315,11164800,11164800.0,0.0,15205888.0,0.7418076020008847,11161344.0,4836,10081626,,4.748059520137144,"{""alpha"": 0.8, ""block_cap"": 0.35, ""init"": ""rr"", ""mu"": 1.0, ""nu"": 0.5, ""subgraph_mode"": ""op""}",True,results\plans\case_073_p3_n4_capls_best.json,False,case_073,3,4,False
3,capls,s6,6,0.449,1.289,True,1706254,14886400,14886400.0,0.0,18927488.0,0.7894464033610007,14816128.0,4836,10081626,,5.908631422988606,"{""alpha"": 0.8, ""block_cap"": 0.35, ""init"": ""rr"", ""mu"": 1.0, ""noise"": 0.05, ""nu"": 0.5, ""subgraph_mode"": ""op""}",True,results\plans\case_073_p3_n5_capls_best.json,False,case_073,3,5,False
1,capls,c2,0,0.163,6.153,True,826937,6590472,2285568.0,4304904.0,10367200.0,,,2,1682239,,2.0343012829272364,"{""block_cap"": 0.35, ""init"": ""rr""}",True,results\plans\case_074_p1_n2_capls_best.json,False,case_074,1,2,False
1,capls,c2,0,0.395,4.713,True,544838,7585792,4571136.0,3014656.0,11362520.0,,,3,1682239,,3.0875948447061328,"{""block_cap"": 0.35, ""init"": ""rr""}",True,results\plans\case_074_p1_n3_capls_best.json,False,case_074,1,3,False
1,capls,c2,0,0.545,4.817,True,408750,7819264,6004736.0,1814528.0,11595992.0,,,4,1682239,,4.115569418960245,"{""block_cap"": 0.35, ""init"": ""rr""}",True,results\plans\case_074_p1_n4_capls_best.json,False,case_074,1,4,False
1,capls,c2,0,0.434,4.378,True,341070,8425472,7225344.0,1200128.0,12202200.0,,,5,1682239,,4.932239716187293,"{""block_cap"": 0.35, ""init"": ""rr""}",True,results\plans\case_074_p1_n5_capls_best.json,False,case_074,1,5,False
2,capls,c2,0,0.165,0.905,True,826937,6590472,2285568.0,4304904.0,10367200.0,,,2,1682239,,2.0343012829272364,"{""block_cap"": 0.35, ""init"": ""rr""}",True,results\plans\case_074_p2_n2_capls_best.json,False,case_074,2,2,False
2,capls,c2,0,0.254,0.83,True,544838,7585792,4571136.0,3014656.0,11362520.0,,,3,1682239,,3.0875948447061328,"{""block_cap"": 0.35, ""init"": ""rr""}",True,results\plans\case_074_p2_n3_capls_best.json,False,case_074,2,3,False
2,capls,c2,0,0.345,0.789,True,408750,7819264,6004736.0,1814528.0,11595992.0,,,4,1682239,,4.115569418960245,"{""block_cap"": 0.35, ""init"": ""rr""}",True,results\plans\case_074_p2_n4_capls_best.json,False,case_074,2,4,False
2,capls,s10,10,0.883,0.839,True,336523,8302592,7225344.0,1077248.0,12079320.0,,,3609,1682239,,4.998882691524799,"{""alpha"": 0.8, ""block_cap"": 0.35, ""init"": ""rr"", ""mu"": 1.0, ""noise"": 0.05, ""nu"": 0.5, ""subgraph_mode"": ""op""}",True,results\plans\case_074_p2_n5_capls_best.json,False,case_074,2,5,False
3,capls,c2,0,0.17,1.623,True,824879,6590472,2285568.0,4304904.0,10367200.0,0.2927688655275912,3035136.0,2,1682239,,2.0393766843379453,"{""block_cap"": 0.35, ""init"": ""rr""}",True,results\plans\case_074_p3_n2_capls_best.json,False,case_074,3,2,False
3,capls,c2,0,0.271,0.835,True,544114,7585792,4571136.0,3014656.0,11362520.0,0.3067765690270514,3485696.0,3,1682239,,3.091703209253943,"{""block_cap"": 0.35, ""init"": ""rr""}",True,results\plans\case_074_p3_n3_capls_best.json,False,case_074,3,3,False
3,capls,c2,0,0.454,0.928,True,405309,7819264,6004736.0,1814528.0,11595992.0,0.2970675589437554,3444736.0,4,1682239,,4.150509857910878,"{""block_cap"": 0.35, ""init"": ""rr""}",True,results\plans\case_074_p3_n4_capls_best.json,False,case_074,3,4,False
3,capls,s10,10,0.942,0.907,True,332111,8302592,7225344.0,1077248.0,12079320.0,0.4695457679728278,5431296.0,3609,1682239,,5.065291423650526,"{""alpha"": 0.8, ""block_cap"": 0.35, ""init"": ""rr"", ""mu"": 1.0, ""noise"": 0.05, ""nu"": 0.5, ""subgraph_mode"": ""op""}",True,results\plans\case_074_p3_n5_capls_best.json,False,case_074,3,5,False
1,capls,sa1,0,3.827,3.794,True,848258,7472044,7472044.0,0.0,9309234.0,,,356,1441809,,1.6997293276338095,"{""anneal"": true}",True,results\plans\case_075_p1_n2_capls_best.json,False,case_075,1,2,False
1,capls,sa1,0,2.491,2.451,True,756355,5103460,5103460.0,0.0,6940650.0,,,99,1441809,,1.906259626762565,"{""anneal"": true}",True,results\plans\case_075_p1_n3_capls_best.json,False,case_075,1,3,False
1,capls,sa2,0,2.474,2.463,True,483591,5406232,5406232.0,0.0,7243422.0,,,126,1441809,,2.9814636748822867,"{""anneal"": true}",True,results\plans\case_075_p1_n4_capls_best.json,False,case_075,1,4,False
1,capls,sa1,0,2.741,2.734,True,467401,5662636,5662636.0,0.0,7499826.0,,,140,1441809,,3.0847366608115943,"{""anneal"": true}",True,results\plans\case_075_p1_n5_capls_best.json,False,case_075,1,5,False
2,capls,c14,0,0.675,2.686,True,670177,2310790,2310790.0,0.0,4147980.0,,,7410,1441809,,2.151385380280135,"{""alpha"": 0.8, ""block_cap"": 0.35, ""init"": ""rr"", ""mu"": 1.0, ""nu"": 0.5, ""subgraph_mode"": ""op""}",True,results\plans\case_075_p2_n2_capls_best.json,False,case_075,2,2,False
2,capls,c14,0,0.92,2.88,True,572934,3422476,3422476.0,0.0,5259666.0,,,7410,1441809,,2.516535936076407,"{""alpha"": 0.8, ""block_cap"": 0.35, ""init"": ""rr"", ""mu"": 1.0, ""nu"": 0.5, ""subgraph_mode"": ""op""}",True,results\plans\case_075_p2_n3_capls_best.json,False,case_075,2,3,False
2,capls,c14,0,1.27,3.271,True,383971,5734290,5734290.0,0.0,7571480.0,,,7410,1441809,,3.7549945178151476,"{""alpha"": 0.8, ""block_cap"": 0.35, ""init"": ""rr"", ""mu"": 1.0, ""nu"": 0.5, ""subgraph_mode"": ""op""}",True,results\plans\case_075_p2_n4_capls_best.json,False,case_075,2,4,False
2,capls,c14,0,1.533,3.125,True,365235,6600472,6600472.0,0.0,8437662.0,,,7410,1441809,,3.947620025463058,"{""alpha"": 0.8, ""block_cap"": 0.35, ""init"": ""rr"", ""mu"": 1.0, ""nu"": 0.5, ""subgraph_mode"": ""op""}",True,results\plans\case_075_p2_n5_capls_best.json,False,case_075,2,5,False
3,capls,c14,0,1.288,2.756,True,670175,2310790,2310790.0,0.0,4147980.0,0.1437860774217394,476166.0,7410,1441809,,2.151391800649084,"{""alpha"": 0.8, ""block_cap"": 0.35, ""init"": ""rr"", ""mu"": 1.0, ""nu"": 0.5, ""subgraph_mode"": ""op""}",True,results\plans\case_075_p3_n2_capls_best.json,False,case_075,3,2,False
3,capls,c14,0,0.982,3.173,True,572669,3422476,3422476.0,0.0,5259666.0,0.3041145191048037,1202956.0,7410,1441809,,2.5177004517443757,"{""alpha"": 0.8, ""block_cap"": 0.35, ""init"": ""rr"", ""mu"": 1.0, ""nu"": 0.5, ""subgraph_mode"": ""op""}",True,results\plans\case_075_p3_n3_capls_best.json,False,case_075,3,3,False
3,capls,c14,0,1.226,3.002,True,383543,5734290,5734290.0,0.0,7571480.0,0.4745533972239557,2694928.0,7410,1441809,,3.7591847589448903,"{""alpha"": 0.8, ""block_cap"": 0.35, ""init"": ""rr"", ""mu"": 1.0, ""nu"": 0.5, ""subgraph_mode"": ""op""}",True,results\plans\case_075_p3_n4_capls_best.json,False,case_075,3,4,False
3,capls,c14,0,1.446,3.132,True,362317,6600472,6600472.0,0.0,8437662.0,0.4369230547651367,2669592.0,7410,1441809,,3.9794130554183216,"{""alpha"": 0.8, ""block_cap"": 0.35, ""init"": ""rr"", ""mu"": 1.0, ""nu"": 0.5, ""subgraph_mode"": ""op""}",True,results\plans\case_075_p3_n5_capls_best.json,False,case_075,3,5,False
1,capls,mono_embed_n1,0,0.04,1016.092,True,6185113,28280832,0.0,28280832.0,32551506.0,,,1,6185113,,1.0,"{""block_cap"": 0.35, ""cores_used"": 1, ""proxy_fallback"": true}",True,results/final_plans_mono/p1/n2/case_076_multicore_res.json,True,case_076,1,2,True
1,capls,mono_embed_n1,0,0.026,1006.191,True,6185113,28280832,0.0,28280832.0,32551506.0,,,1,6185113,,1.0,"{""block_cap"": 0.35, ""cores_used"": 1, ""proxy_fallback"": true}",True,results/final_plans_mono/p1/n3/case_076_multicore_res.json,True,case_076,1,3,True
1,capls,c7,0,0.035,949.399,True,1541078,37361664,12223488.0,25138176.0,41632338.0,,,4,6185113,,4.013497694471013,"{""block_cap"": 0.08, ""proxy_fallback"": true}",True,results\plans\case_076_p1_n4_capls_best.json,True,case_076,1,4,False
1,capls,c7,0,0.042,1009.154,True,1240624,40527872,16297984.0,24229888.0,44798546.0,,,5,6185113,,4.985485529862392,"{""block_cap"": 0.08, ""proxy_fallback"": true}",True,results\plans\case_076_p1_n5_capls_best.json,True,case_076,1,5,False
2,capls,c0,0,0.773,12.757,True,3072558,28930048,3189760.0,25740288.0,33200722.0,,,2,6185113,,2.0130174922654023,"{""block_cap"": 0.35}",True,results\plans\case_076_p2_n2_capls_best.json,False,case_076,2,2,False
2,capls,c2,0,1.686,10.886,True,2054573,30402560,6379520.0,24023040.0,34673234.0,,,3,6185113,,3.0104128692433902,"{""block_cap"": 0.35, ""init"": ""rr""}",True,results\plans\case_076_p2_n3_capls_best.json,False,case_076,2,3,False
2,capls,c0,0,1.429,12.59,True,1533331,32051200,9561088.0,22490112.0,36321874.0,,,4,6185113,,4.033775486180088,"{""block_cap"": 0.35}",True,results\plans\case_076_p2_n4_capls_best.json,False,case_076,2,4,False
2,capls,c0,0,1.891,12.108,True,1235977,34179072,12742656.0,21436416.0,38449746.0,,,5,6185113,,5.004229852173625,"{""block_cap"": 0.35}",True,results\plans\case_076_p2_n5_capls_best.json,False,case_076,2,5,False
3,capls,c0,0,0.771,12.618,True,3070431,28930048,3189760.0,25740288.0,33200722.0,0.2430831868233552,8070144.0,2,6185113,,2.014411983203661,"{""block_cap"": 0.35}",True,results\plans\case_076_p3_n2_capls_best.json,False,case_076,3,2,False
3,capls,c2,0,1.955,16.571,True,2053054,30402560,6379520.0,24023040.0,34673234.0,0.3046162024867834,10561536.0,3,6185113,,3.0126401935847764,"{""block_cap"": 0.35, ""init"": ""rr""}",True,results\plans\case_076_p3_n3_capls_best.json,False,case_076,3,3,False
3,capls,c0,0,2.079,15.86,True,1529902,32051200,9561088.0,22490112.0,36321874.0,0.3453720149990132,12544000.0,4,6185113,,4.042816467982917,"{""block_cap"": 0.35}",True,results\plans\case_076_p3_n4_capls_best.json,False,case_076,3,4,False
3,capls,c0,0,1.945,15.147,True,1230166,34179072,12742656.0,21436416.0,38449746.0,0.3874876821050949,14898176.0,5,6185113,,5.027868596595907,"{""block_cap"": 0.35}",True,results\plans\case_076_p3_n5_capls_best.json,False,case_076,3,5,False
1,capls,c6,0,0.089,5.149,True,250735,57344,57344.0,0.0,2198704.0,,,2,495320,,1.9754721119907472,"{""block_cap"": 0.6, ""comm_weight"": 1e-06}",True,results\plans\case_077_p1_n2_capls_best.json,False,case_077,1,2,False
1,capls,sa3,0,2.486,2.481,True,180572,425870,425870.0,0.0,2567230.0,,,6,495320,,2.7430609396805705,"{""anneal"": true}",True,results\plans\case_077_p1_n3_capls_best.json,False,case_077,1,3,False
1,capls,sa3,0,1.933,1.928,True,161888,1359978,1359978.0,0.0,3501338.0,,,37,495320,,3.0596461751334254,"{""anneal"": true}",True,results\plans\case_077_p1_n4_capls_best.json,False,case_077,1,4,False
1,capls,c2,0,0.733,2.418,True,135117,1522830,1522830.0,0.0,3664190.0,,,37,495320,,3.665859958406418,"{""block_cap"": 0.35, ""init"": ""rr""}",True,results\plans\case_077_p1_n5_capls_best.json,False,case_077,1,5,False
2,capls,c6,0,0.1,0.823,True,250735,57344,57344.0,0.0,2198704.0,,,2,495320,,1.9754721119907472,"{""block_cap"": 0.6, ""comm_weight"": 1e-06}",True,results\plans\case_077_p2_n2_capls_best.json,False,case_077,2,2,False
2,capls,c12,0,0.391,0.964,True,176359,932152,932152.0,0.0,3073512.0,,,30,495320,,2.8085892979660807,"{""block_cap"": 0.35, ""init"": ""rr"", ""level_mode"": ""alap_fill""}",True,results\plans\case_077_p2_n3_capls_best.json,False,case_077,2,3,False
2,capls,c3,0,0.313,0.858,True,131477,147094,147094.0,0.0,2288454.0,,,5,495320,,3.7673509435110324,"{""block_cap"": 0.35, ""init"": ""contig""}",True,results\plans\case_077_p2_n4_capls_best.json,False,case_077,2,4,False
2,capls,c12,0,0.779,1.075,True,118802,1592816,1592816.0,0.0,3734176.0,,,40,495320,,4.169290079291595,"{""block_cap"": 0.35, ""init"": ""rr"", ""level_mode"": ""alap_fill""}",True,results\plans\case_077_p2_n5_capls_best.json,False,case_077,2,5,False
3,capls,c6,0,0.109,1.03,True,250735,57344,57344.0,0.0,2198704.0,0.0260820047630223,57344.0,2,495320,,1.9754721119907472,"{""block_cap"": 0.6, ""comm_weight"": 1e-06}",True,results\plans\case_077_p3_n2_capls_best.json,False,case_077,3,2,False
3,capls,c12,0,0.412,1.057,True,175206,932152,932152.0,0.0,3073512.0,0.1784378909639315,502616.0,30,495320,,2.827072132232914,"{""block_cap"": 0.35, ""init"": ""rr"", ""level_mode"": ""alap_fill""}",True,results\plans\case_077_p3_n3_capls_best.json,False,case_077,3,3,False
3,capls,c3,0,0.326,0.94,True,131477,147094,147094.0,0.0,2288454.0,6.60145601713914e-05,150.0,5,495320,,3.7673509435110324,"{""block_cap"": 0.35, ""init"": ""contig""}",True,results\plans\case_077_p3_n4_capls_best.json,False,case_077,3,4,False
3,capls,c12,0,0.721,1.049,True,114398,1592816,1592816.0,0.0,3734176.0,0.2116961939313905,707918.0,40,495320,,4.329795975454116,"{""block_cap"": 0.35, ""init"": ""rr"", ""level_mode"": ""alap_fill""}",True,results\plans\case_077_p3_n5_capls_best.json,False,case_077,3,5,False
1,capls,c4,0,0.019,0.217,True,1080972,15039360,15039360.0,0.0,17384448.0,,,8,2296143,,2.1241466013920807,"{""block_cap"": 0.35, ""subgraph_mode"": ""block""}",True,results\plans\case_078_p1_n2_capls_best.json,False,case_078,1,2,False
1,capls,sa2,0,0.341,0.339,True,902667,11951544,4535040.0,7416504.0,14296632.0,,,5,2296143,,2.5437320739541827,"{""anneal"": true}",True,results\plans\case_078_p1_n3_capls_best.json,False,case_078,1,3,False
1,capls,sa3,0,0.326,0.324,True,679519,11965008,11633232.0,331776.0,14310096.0,,,103,2296143,,3.3790710782185633,"{""anneal"": true}",True,results\plans\case_078_p1_n4_capls_best.json,False,case_078,1,4,False
1,capls,sa1,0,0.356,0.355,True,645756,11631600,11133936.0,497664.0,13976688.0,,,127,2296143,,3.5557439652128666,"{""anneal"": true}",True,results\plans\case_078_p1_n5_capls_best.json,False,case_078,1,5,False
2,capls,c14,0,0.065,0.562,True,1022234,2148480,2148480.0,0.0,4493568.0,,,1024,2296143,,2.2462009676845027,"{""alpha"": 0.8, ""block_cap"": 0.35, ""init"": ""rr"", ""mu"": 1.0, ""nu"": 0.5, ""subgraph_mode"": ""op""}",True,results\plans\case_078_p2_n2_capls_best.json,False,case_078,2,2,False
2,capls,c0,0,0.076,0.291,True,917340,6471168,3948288.0,2522880.0,8816256.0,,,61,2296143,,2.5030446726404603,"{""block_cap"": 0.35}",True,results\plans\case_078_p2_n3_capls_best.json,False,case_078,2,3,False
2,capls,c14,0,0.119,0.23,True,523604,8694144,8694144.0,0.0,11039232.0,,,1024,2296143,,4.385266346322793,"{""alpha"": 0.8, ""block_cap"": 0.35, ""init"": ""rr"", ""mu"": 1.0, ""nu"": 0.5, ""subgraph_mode"": ""op""}",True,results\plans\case_078_p2_n4_capls_best.json,False,case_078,2,4,False
2,capls,c12,0,0.114,0.386,True,486337,11371008,10633728.0,737280.0,13716096.0,,,125,2296143,,4.721300250649241,"{""block_cap"": 0.35, ""init"": ""rr"", ""level_mode"": ""alap_fill""}",True,results\plans\case_078_p2_n5_capls_best.json,False,case_078,2,5,False
3,capls,c14,0,0.062,0.183,True,1022234,2148480,2148480.0,0.0,4493568.0,0.0,0.0,1024,2296143,,2.2462009676845027,"{""alpha"": 0.8, ""block_cap"": 0.35, ""init"": ""rr"", ""mu"": 1.0, ""nu"": 0.5, ""subgraph_mode"": ""op""}",True,results\plans\case_078_p3_n2_capls_best.json,False,case_078,3,2,False
3,capls,c0,0,0.076,0.292,True,900985,6471168,3948288.0,2522880.0,8816256.0,0.51772030651341,3995376.0,61,2296143,,2.5484808293145833,"{""block_cap"": 0.35}",True,results\plans\case_078_p3_n3_capls_best.json,False,case_078,3,3,False
3,capls,c14,0,0.115,0.246,True,523593,8694144,8694144.0,0.0,11039232.0,0.0922537552808637,905616.0,1024,2296143,,4.385358474998711,"{""alpha"": 0.8, ""block_cap"": 0.35, ""init"": ""rr"", ""mu"": 1.0, ""nu"": 0.5, ""subgraph_mode"": ""op""}",True,results\plans\case_078_p3_n4_capls_best.json,False,case_078,3,4,False
3,capls,c12,0,0.131,0.407,True,457569,11371008,10633728.0,737280.0,13716096.0,0.3570587782735805,4455408.0,125,2296143,,5.018134969807832,"{""block_cap"": 0.35, ""init"": ""rr"", ""level_mode"": ""alap_fill""}",True,results\plans\case_078_p3_n5_capls_best.json,False,case_078,3,5,False
1,capls,c0,0,0.811,188.044,True,15500252,32555008,2162688.0,30392320.0,41906176.0,,,2,31052251,,2.003338461852104,"{""block_cap"": 0.35}",True,results\plans\case_079_p1_n2_capls_best.json,False,case_079,1,2,False
1,capls,c1,0,0.872,280.364,True,10181692,39960576,11624448.0,28336128.0,49311744.0,,,3,31052251,,3.049812447675691,"{""block_cap"": 0.15}",True,results\plans\case_079_p1_n3_capls_best.json,False,case_079,1,3,False
1,capls,c1,0,1.377,58.481,True,7635624,30445568,10948608.0,19496960.0,39796736.0,,,4,31052251,,4.066760097144647,"{""block_cap"": 0.15}",True,results\plans\case_079_p1_n4_capls_best.json,False,case_079,1,4,False
1,capls,c1,0,1.172,333.167,True,6075976,47677440,23248896.0,24428544.0,57028608.0,,,5,31052251,,5.110660575354478,"{""block_cap"": 0.15}",True,results\plans\case_079_p1_n5_capls_best.json,False,case_079,1,5,False
2,capls,c9,0,0.494,11.767,True,15159240,32612352,2162688.0,30449664.0,41963520.0,,,38,31052251,,2.048404207598798,"{""block_cap"": 0.35, ""max_ops"": 500}",True,results\plans\case_079_p2_n2_capls_best.json,False,case_079,2,2,False
2,capls,c9,0,0.649,10.418,True,10072944,32722944,4325376.0,28397568.0,42074112.0,,,39,31052251,,3.0827383732104536,"{""block_cap"": 0.35, ""max_ops"": 500}",True,results\plans\case_079_p2_n3_capls_best.json,False,case_079,2,3,False
2,capls,c1,0,0.966,9.705,True,7635624,30445568,10948608.0,19496960.0,39796736.0,,,4,31052251,,4.066760097144647,"{""block_cap"": 0.15}",True,results\plans\case_079_p2_n4_capls_best.json,False,case_079,2,4,False
2,capls,c1,0,1.471,10.203,True,6075976,47677440,23248896.0,24428544.0,57028608.0,,,5,31052251,,5.110660575354478,"{""block_cap"": 0.15}",True,results\plans\case_079_p2_n5_capls_best.json,False,case_079,2,5,False
3,capls,c9,0,1.082,16.325,True,15159240,32612352,2162688.0,30449664.0,41963520.0,0.0,0.0,38,31052251,,2.048404207598798,"{""block_cap"": 0.35, ""max_ops"": 500}",True,results\plans\case_079_p3_n2_capls_best.json,False,case_079,3,2,False
3,capls,c9,0,1.058,14.255,True,10072944,32722944,4325376.0,28397568.0,42074112.0,0.0,0.0,39,31052251,,3.0827383732104536,"{""block_cap"": 0.35, ""max_ops"": 500}",True,results\plans\case_079_p3_n3_capls_best.json,False,case_079,3,3,False
3,capls,c1,0,1.028,8.509,True,7635624,30445568,10948608.0,19496960.0,39796736.0,0.0,0.0,4,31052251,,4.066760097144647,"{""block_cap"": 0.15}",True,results\plans\case_079_p3_n4_capls_best.json,False,case_079,3,4,False
3,capls,c1,0,1.577,10.685,True,6075472,47677440,23248896.0,24428544.0,57028608.0,0.2441611149398882,13060096.0,5,31052251,,5.111084537958532,"{""block_cap"": 0.15}",True,results\plans\case_079_p3_n5_capls_best.json,False,case_079,3,5,False
1,capls,c1,0,0.042,0.635,True,145926,2191360,1904640.0,286720.0,4169728.0,,,2,292138,,2.0019598974822856,"{""block_cap"": 0.15}",True,results\plans\case_080_p1_n2_capls_best.json,False,case_080,1,2,False
1,capls,c0,0,0.049,0.406,True,100325,3047424,3047424.0,0.0,5025792.0,,,3,292138,,2.9119162721156244,"{""block_cap"": 0.35}",True,results\plans\case_080_p1_n3_capls_best.json,False,case_080,1,3,False
1,capls,c3,0,0.053,0.428,True,91350,1667072,1650688.0,16384.0,3645440.0,,,4,292138,,3.198007662835249,"{""block_cap"": 0.35, ""init"": ""contig""}",True,results\plans\case_080_p1_n4_capls_best.json,False,case_080,1,4,False
1,capls,c3,0,0.18,0.414,True,86030,1904640,1904640.0,0.0,3883008.0,,,5,292138,,3.3957689178193653,"{""block_cap"": 0.35, ""init"": ""contig""}",True,results\plans\case_080_p1_n5_capls_best.json,False,case_080,1,5,False
2,capls,c1,0,0.036,1.254,True,145926,2191360,1904640.0,286720.0,4169728.0,,,2,292138,,2.0019598974822856,"{""block_cap"": 0.15}",True,results\plans\case_080_p2_n2_capls_best.json,False,case_080,2,2,False
2,capls,c17,0,0.2,0.318,True,100165,3932160,3932160.0,0.0,5910528.0,,,1098,292138,,2.9165676633554636,"{""alpha"": 0.8, ""block_cap"": 0.15, ""init"": ""rr"", ""mu"": 1.0, ""nu"": 0.5, ""subgraph_mode"": ""op""}",True,results\plans\case_080_p2_n3_capls_best.json,False,case_080,2,3,False
2,capls,s7,7,0.231,0.301,True,81859,2543616,2543616.0,0.0,4521984.0,,,1098,292138,,3.5687951233218094,"{""alpha"": 0.8, ""block_cap"": 0.15, ""init"": ""rr"", ""mu"": 1.0, ""noise"": 0.05, ""nu"": 0.5, ""subgraph_mode"": ""op""}",True,results\plans\case_080_p2_n4_capls_best.json,False,case_080,2,4,False
2,capls,c14,0,0.298,0.26,True,76491,2031616,2031616.0,0.0,4009984.0,,,1098,292138,,3.8192467087631226,"{""alpha"": 0.8, ""block_cap"": 0.35, ""init"": ""rr"", ""mu"": 1.0, ""nu"": 0.5, ""subgraph_mode"": ""op""}",True,results\plans\case_080_p2_n5_capls_best.json,False,case_080,2,5,False
3,capls,c1,0,0.036,1.134,True,145674,2191360,1904640.0,286720.0,4169728.0,0.436,1785856.0,2,292138,,2.005423067946236,"{""block_cap"": 0.15}",True,results\plans\case_080_p3_n2_capls_best.json,False,case_080,3,2,False
3,capls,s15,15,0.207,0.995,True,99832,3932160,3932160.0,0.0,5910528.0,0.554290053151101,2990080.0,1098,292138,,2.9262961775783314,"{""alpha"": 0.8, ""block_cap"": 0.15, ""init"": ""rr"", ""mu"": 1.0, ""noise"": 0.05, ""nu"": 0.5, ""subgraph_mode"": ""op""}",True,results\plans\case_080_p3_n3_capls_best.json,False,case_080,3,3,False
3,capls,s7,7,0.195,0.312,True,79590,2789376,2789376.0,0.0,4767744.0,0.3468208092485549,1474560.0,1098,292138,,3.6705364995602463,"{""alpha"": 0.8, ""block_cap"": 0.15, ""init"": ""rr"", ""mu"": 1.0, ""noise"": 0.05, ""nu"": 0.5, ""subgraph_mode"": ""op""}",True,results\plans\case_080_p3_n4_capls_best.json,False,case_080,3,4,False
3,capls,s1,1,0.228,0.297,True,72434,4571136,4571136.0,0.0,6549504.0,0.50853889943074,3293184.0,1098,292138,,4.033161222630256,"{""alpha"": 0.8, ""block_cap"": 0.35, ""init"": ""rr"", ""mu"": 0.0, ""noise"": 0.05, ""nu"": 0.0, ""subgraph_mode"": ""op""}",True,results\plans\case_080_p3_n5_capls_best.json,False,case_080,3,5,False
1,capls,c0,0,0.08,2.562,True,76860,0,0.0,0.0,1741140.0,,,2,151795,,1.9749544626593807,"{""block_cap"": 0.35}",True,results\plans\case_081_p1_n2_capls_best.json,False,case_081,1,2,False
1,capls,c0,0,0.109,2.632,True,51943,0,0.0,0.0,1741140.0,,,3,151795,,2.9223379473653814,"{""block_cap"": 0.35}",True,results\plans\case_081_p1_n3_capls_best.json,False,case_081,1,3,False
1,capls,c0,0,0.139,2.356,True,39588,0,0.0,0.0,1741140.0,,,4,151795,,3.834369000707285,"{""block_cap"": 0.35}",True,results\plans\case_081_p1_n4_capls_best.json,False,case_081,1,4,False
1,capls,c0,0,0.315,1.203,True,30943,0,0.0,0.0,1741140.0,,,5,151795,,4.905632937982743,"{""block_cap"": 0.35}",True,results\plans\case_081_p1_n5_capls_best.json,False,case_081,1,5,False
2,capls,c0,0,0.078,0.849,True,76860,0,0.0,0.0,1741140.0,,,2,151795,,1.9749544626593807,"{""block_cap"": 0.35}",True,results\plans\case_081_p2_n2_capls_best.json,False,case_081,2,2,False
2,capls,c0,0,0.101,0.795,True,51943,0,0.0,0.0,1741140.0,,,3,151795,,2.9223379473653814,"{""block_cap"": 0.35}",True,results\plans\case_081_p2_n3_capls_best.json,False,case_081,2,3,False
2,capls,c0,0,0.135,0.758,True,39588,0,0.0,0.0,1741140.0,,,4,151795,,3.834369000707285,"{""block_cap"": 0.35}",True,results\plans\case_081_p2_n4_capls_best.json,False,case_081,2,4,False
2,capls,c0,0,0.173,0.752,True,30943,0,0.0,0.0,1741140.0,,,5,151795,,4.905632937982743,"{""block_cap"": 0.35}",True,results\plans\case_081_p2_n5_capls_best.json,False,case_081,2,5,False
3,capls,c0,0,0.081,1.748,True,76860,0,0.0,0.0,1741140.0,0.0,0.0,2,151795,,1.9749544626593807,"{""block_cap"": 0.35}",True,results\plans\case_081_p3_n2_capls_best.json,False,case_081,3,2,False
3,capls,c0,0,0.112,1.443,True,51943,0,0.0,0.0,1741140.0,0.0,0.0,3,151795,,2.9223379473653814,"{""block_cap"": 0.35}",True,results\plans\case_081_p3_n3_capls_best.json,False,case_081,3,3,False
3,capls,c0,0,0.134,0.74,True,39588,0,0.0,0.0,1741140.0,0.0,0.0,4,151795,,3.834369000707285,"{""block_cap"": 0.35}",True,results\plans\case_081_p3_n4_capls_best.json,False,case_081,3,4,False
3,capls,c0,0,0.176,0.724,True,30943,0,0.0,0.0,1741140.0,0.0,0.0,5,151795,,4.905632937982743,"{""block_cap"": 0.35}",True,results\plans\case_081_p3_n5_capls_best.json,False,case_081,3,5,False
1,capls,sa1,0,1.324,1.318,True,509781,3016088,3016088.0,0.0,3608094.0,,,51,721041,,1.4144132480418061,"{""anneal"": true}",True,results\plans\case_082_p1_n2_capls_best.json,False,case_082,1,2,False
1,capls,c2,0,0.307,2.51,True,268232,1738500,1738500.0,0.0,2330506.0,,,30,721041,,2.688124459423186,"{""block_cap"": 0.35, ""init"": ""rr""}",True,results\plans\case_082_p1_n3_capls_best.json,False,case_082,1,3,False
1,capls,c12,0,0.441,1.212,True,259204,2444580,2444580.0,0.0,3036586.0,,,36,721041,,2.7817510532244873,"{""block_cap"": 0.35, ""init"": ""rr"", ""level_mode"": ""alap_fill""}",True,results\plans\case_082_p1_n4_capls_best.json,False,case_082,1,4,False
1,capls,sa2,0,1.159,1.155,True,228060,2719172,2719172.0,0.0,3311178.0,,,51,721041,,3.161628518810839,"{""anneal"": true}",True,results\plans\case_082_p1_n5_capls_best.json,False,case_082,1,5,False
2,capls,s2,2,0.449,1.455,True,331837,832902,832902.0,0.0,1424908.0,,,4113,721041,,2.172877045055253,"{""alpha"": 0.8, ""block_cap"": 0.15, ""init"": ""rr"", ""mu"": 1.0, ""noise"": 0.05, ""nu"": 0.5, ""subgraph_mode"": ""op""}",True,results\plans\case_082_p2_n2_capls_best.json,False,case_082,2,2,False
2,capls,c14,0,0.562,1.007,True,227528,1428236,1428236.0,0.0,2020242.0,,,4113,721041,,3.1690209556626,"{""alpha"": 0.8, ""block_cap"": 0.35, ""init"": ""rr"", ""mu"": 1.0, ""nu"": 0.5, ""subgraph_mode"": ""op""}",True,results\plans\case_082_p2_n3_capls_best.json,False,case_082,2,3,False
2,capls,s7,7,1.0,0.848,True,215554,2106514,2106514.0,0.0,2698520.0,,,4113,721041,,3.3450597066164396,"{""alpha"": 0.8, ""block_cap"": 0.35, ""init"": ""rr"", ""mu"": 1.0, ""noise"": 0.05, ""nu"": 0.5, ""subgraph_mode"": ""op""}",True,results\plans\case_082_p2_n4_capls_best.json,False,case_082,2,4,False
2,capls,s2,2,0.768,0.852,True,198621,2932248,2932248.0,0.0,3524254.0,,,4113,721041,,3.630235473590406,"{""alpha"": 0.8, ""block_cap"": 0.35, ""init"": ""rr"", ""mu"": 1.0, ""noise"": 0.05, ""nu"": 0.5, ""subgraph_mode"": ""op""}",True,results\plans\case_082_p2_n5_capls_best.json,False,case_082,2,5,False
3,capls,s2,2,0.416,1.409,True,331832,832902,832902.0,0.0,1424908.0,0.2023911858628497,221318.0,4113,721041,,2.172909785674679,"{""alpha"": 0.8, ""block_cap"": 0.15, ""init"": ""rr"", ""mu"": 1.0, ""noise"": 0.05, ""nu"": 0.5, ""subgraph_mode"": ""op""}",True,results\plans\case_082_p3_n2_capls_best.json,False,case_082,3,2,False
3,capls,c14,0,0.588,1.889,True,227521,1428236,1428236.0,0.0,2020242.0,0.2837244164390277,398218.0,4113,721041,,3.1691184549997584,"{""alpha"": 0.8, ""block_cap"": 0.35, ""init"": ""rr"", ""mu"": 1.0, ""nu"": 0.5, ""subgraph_mode"": ""op""}",True,results\plans\case_082_p3_n3_capls_best.json,False,case_082,3,3,False
3,capls,s7,7,0.601,1.416,True,215536,2106514,2106514.0,0.0,2698520.0,0.5076128359097062,969106.0,4113,721041,,3.3453390616880707,"{""alpha"": 0.8, ""block_cap"": 0.35, ""init"": ""rr"", ""mu"": 1.0, ""noise"": 0.05, ""nu"": 0.5, ""subgraph_mode"": ""op""}",True,results\plans\case_082_p3_n4_capls_best.json,False,case_082,3,4,False
3,capls,s2,2,0.813,1.546,True,197346,2932248,2932248.0,0.0,3524254.0,0.5189049298370749,1252760.0,4113,721041,,3.6536894591225564,"{""alpha"": 0.8, ""block_cap"": 0.35, ""init"": ""rr"", ""mu"": 1.0, ""noise"": 0.05, ""nu"": 0.5, ""subgraph_mode"": ""op""}",True,results\plans\case_082_p3_n5_capls_best.json,False,case_082,3,5,False
1,capls,sa3,0,0.94,0.935,True,542602,21362560,17494432.0,3868128.0,22800864.0,,,28,1057993,,1.9498509036089067,"{""anneal"": true}",True,results\plans\case_083_p1_n2_capls_best.json,False,case_083,1,2,False
1,capls,sa3,0,2.281,2.276,True,404888,11005760,2698432.0,8307328.0,12444064.0,,,10,1057993,,2.613051016577424,"{""anneal"": true}",True,results\plans\case_083_p1_n3_capls_best.json,False,case_083,1,3,False
1,capls,sa1,0,1.875,1.854,True,395632,12578112,3049248.0,9528864.0,14016416.0,,,6,1057993,,2.674184595785983,"{""anneal"": true}",True,results\plans\case_083_p1_n4_capls_best.json,False,case_083,1,4,False
1,capls,sa2,0,1.274,1.269,True,344254,10720768,4311424.0,6409344.0,12159072.0,,,8,1057993,,3.0732918136027467,"{""anneal"": true}",True,results\plans\case_083_p1_n5_capls_best.json,False,case_083,1,5,False
2,capls,c14,0,0.263,1.527,True,419453,930400,930400.0,0.0,2368704.0,,,3844,1057993,,2.5223159686544143,"{""alpha"": 0.8, ""block_cap"": 0.35, ""init"": ""rr"", ""mu"": 1.0, ""nu"": 0.5, ""subgraph_mode"": ""op""}",True,results\plans\case_083_p2_n2_capls_best.json,False,case_083,2,2,False
2,capls,c14,0,0.261,0.896,True,288815,1860800,1860800.0,0.0,3299104.0,,,3844,1057993,,3.663220400602462,"{""alpha"": 0.8, ""block_cap"": 0.35, ""init"": ""rr"", ""mu"": 1.0, ""nu"": 0.5, ""subgraph_mode"": ""op""}",True,results\plans\case_083_p2_n3_capls_best.json,False,case_083,2,3,False
2,capls,c14,0,0.297,1.012,True,210763,2791200,2791200.0,0.0,4229504.0,,,3844,1057993,,5.019823213751939,"{""alpha"": 0.8, ""block_cap"": 0.35, ""init"": ""rr"", ""mu"": 1.0, ""nu"": 0.5, ""subgraph_mode"": ""op""}",True,results\plans\case_083_p2_n4_capls_best.json,False,case_083,2,4,False
2,capls,c14,0,0.35,1.596,True,184990,3721600,3721600.0,0.0,5159904.0,,,3844,1057993,,5.719190226498729,"{""alpha"": 0.8, ""block_cap"": 0.35, ""init"": ""rr"", ""mu"": 1.0, ""nu"": 0.5, ""subgraph_mode"": ""op""}",True,results\plans\case_083_p2_n5_capls_best.json,False,case_083,2,5,False
3,capls,c14,0,0.26,1.802,True,419453,930400,930400.0,0.0,2368704.0,0.4398208395121508,930112.0,3844,1057993,,2.5223159686544143,"{""alpha"": 0.8, ""block_cap"": 0.35, ""init"": ""rr"", ""mu"": 1.0, ""nu"": 0.5, ""subgraph_mode"": ""op""}",True,results\plans\case_083_p3_n2_capls_best.json,False,case_083,3,2,False
3,capls,c14,0,0.246,0.766,True,288815,1860800,1860800.0,0.0,3299104.0,0.3054402538855203,930112.0,3844,1057993,,3.663220400602462,"{""alpha"": 0.8, ""block_cap"": 0.35, ""init"": ""rr"", ""mu"": 1.0, ""nu"": 0.5, ""subgraph_mode"": ""op""}",True,results\plans\case_083_p3_n3_capls_best.json,False,case_083,3,3,False
3,capls,c14,0,0.327,0.812,True,210763,2791200,2791200.0,0.0,4229504.0,0.7018738529894717,2790336.0,3844,1057993,,5.019823213751939,"{""alpha"": 0.8, ""block_cap"": 0.35, ""init"": ""rr"", ""mu"": 1.0, ""nu"": 0.5, ""subgraph_mode"": ""op""}",True,results\plans\case_083_p3_n4_capls_best.json,False,case_083,3,4,False
3,capls,c14,0,0.34,1.422,True,184990,3721600,3721600.0,0.0,5159904.0,0.1895884835399938,930112.0,3844,1057993,,5.719190226498729,"{""alpha"": 0.8, ""block_cap"": 0.35, ""init"": ""rr"", ""mu"": 1.0, ""nu"": 0.5, ""subgraph_mode"": ""op""}",True,results\plans\case_083_p3_n5_capls_best.json,False,case_083,3,5,False
1,capls,sa2,0,28.064,28.038,True,1252724,4967424,4967424.0,0.0,18203754.0,,,3,2507412,,2.0015677834862267,"{""anneal"": true}",True,results\plans\case_084_p1_n2_capls_best.json,False,case_084,1,2,False
1,capls,sa1,0,24.721,24.657,True,836168,3308544,3308544.0,0.0,16544874.0,,,4,2507412,,2.9986940423455573,"{""anneal"": true}",True,results\plans\case_084_p1_n3_capls_best.json,False,case_084,1,3,False
1,capls,c0,0,0.178,18.116,True,629028,0,0.0,0.0,13236330.0,,,4,2507412,,3.986169137144928,"{""block_cap"": 0.35}",True,results\plans\case_084_p1_n4_capls_best.json,False,case_084,1,4,False
1,capls,c0,0,0.456,13.589,True,503472,0,0.0,0.0,13236330.0,,,5,2507412,,4.98024120507198,"{""block_cap"": 0.35}",True,results\plans\case_084_p1_n5_capls_best.json,False,case_084,1,5,False
2,capls,c0,0,0.181,4.354,True,1255052,0,0.0,0.0,13236330.0,,,2,2507412,,1.9978550689533183,"{""block_cap"": 0.35}",True,results\plans\case_084_p2_n2_capls_best.json,False,case_084,2,2,False
2,capls,c0,0,0.238,4.859,True,836220,0,0.0,0.0,13236330.0,,,3,2507412,,2.998507569778288,"{""block_cap"": 0.35}",True,results\plans\case_084_p2_n3_capls_best.json,False,case_084,2,3,False
2,capls,c0,0,0.273,4.163,True,629028,0,0.0,0.0,13236330.0,,,4,2507412,,3.986169137144928,"{""block_cap"": 0.35}",True,results\plans\case_084_p2_n4_capls_best.json,False,case_084,2,4,False
2,capls,c0,0,0.359,4.019,True,503472,0,0.0,0.0,13236330.0,,,5,2507412,,4.98024120507198,"{""block_cap"": 0.35}",True,results\plans\case_084_p2_n5_capls_best.json,False,case_084,2,5,False
3,capls,c0,0,0.693,6.15,True,1255052,0,0.0,0.0,13236330.0,0.0,0.0,2,2507412,,1.9978550689533183,"{""block_cap"": 0.35}",True,results\plans\case_084_p3_n2_capls_best.json,False,case_084,3,2,False
3,capls,c0,0,0.246,4.509,True,836220,0,0.0,0.0,13236330.0,0.0,0.0,3,2507412,,2.998507569778288,"{""block_cap"": 0.35}",True,results\plans\case_084_p3_n3_capls_best.json,False,case_084,3,3,False
3,capls,c0,0,0.296,4.723,True,629028,0,0.0,0.0,13236330.0,0.0,0.0,4,2507412,,3.986169137144928,"{""block_cap"": 0.35}",True,results\plans\case_084_p3_n4_capls_best.json,False,case_084,3,4,False
3,capls,c0,0,0.338,4.244,True,503472,0,0.0,0.0,13236330.0,0.0,0.0,5,2507412,,4.98024120507198,"{""block_cap"": 0.35}",True,results\plans\case_084_p3_n5_capls_best.json,False,case_084,3,5,False
1,capls,mono_embed_n1,0,138.003,137.935,True,3187899,0,0.0,0.0,1689734.0,,,1,3187899,,1.0,"{""anneal"": true}",True,results/final_plans_mono/p1/n2/case_085_multicore_res.json,False,case_085,1,2,True
1,capls,sa3,0,11.766,11.738,True,1589859,14939962,14939962.0,0.0,16629696.0,,,234,3187899,,2.0051457393391487,"{""anneal"": true}",True,results\plans\case_085_p1_n3_capls_best.json,False,case_085,1,3,False
1,capls,c2,0,2.179,10.239,True,951743,8039738,8039738.0,0.0,9729472.0,,,112,3187899,,3.3495376377866712,"{""block_cap"": 0.35, ""init"": ""rr""}",True,results\plans\case_085_p1_n4_capls_best.json,False,case_085,1,4,False
1,capls,mono_embed_n4,0,10.152,10.06,True,951743,8039738,8039738.0,0.0,9729472.0,,,112,3187899,,3.3495376377866712,"{""anneal"": true}",True,results/final_plans_mono/p1/n5/case_085_multicore_res.json,False,case_085,1,5,True
2,capls,c17,0,3.394,8.877,True,1503897,3911858,3452806.0,459052.0,5601592.0,,,19737,3187899,,2.1197588664649243,"{""alpha"": 0.8, ""block_cap"": 0.15, ""init"": ""rr"", ""mu"": 1.0, ""nu"": 0.5, ""subgraph_mode"": ""op""}",True,results\plans\case_085_p2_n2_capls_best.json,False,case_085,2,2,False
2,capls,c1,0,0.987,9.076,True,1272448,5532684,5532684.0,0.0,7222418.0,,,84,3187899,,2.5053275261543106,"{""block_cap"": 0.15}",True,results\plans\case_085_p2_n3_capls_best.json,False,case_085,2,3,False
2,capls,c14,0,4.398,7.355,True,816364,8300178,8300178.0,0.0,9989912.0,,,19737,3187899,,3.904997035636064,"{""alpha"": 0.8, ""block_cap"": 0.35, ""init"": ""rr"", ""mu"": 1.0, ""nu"": 0.5, ""subgraph_mode"": ""op""}",True,results\plans\case_085_p2_n4_capls_best.json,False,case_085,2,4,False
2,capls,mono_embed_n4,9,3.477,8.421,True,816364,8300178,8300178.0,0.0,9989912.0,,,19737,3187899,,3.904997035636064,"{""alpha"": 1.0, ""block_cap"": 0.35, ""init"": ""rr"", ""mu"": 1.0, ""noise"": 0.05, ""nu"": 0.5, ""subgraph_mode"": ""op""}",True,results/final_plans_mono/p2/n5/case_085_multicore_res.json,False,case_085,2,5,True
3,capls,c17,0,2.971,9.059,True,1503897,3911858,3452806.0,459052.0,5601592.0,0.1587038928889677,622636.0,19737,3187899,,2.1197588664649243,"{""alpha"": 0.8, ""block_cap"": 0.15, ""init"": ""rr"", ""mu"": 1.0, ""nu"": 0.5, ""subgraph_mode"": ""op""}",True,results\plans\case_085_p3_n2_capls_best.json,False,case_085,3,2,False
3,capls,c1,0,0.935,8.887,True,1272443,5532684,5532684.0,0.0,7222418.0,0.3022674285162054,1451276.0,84,3187899,,2.505337370711301,"{""block_cap"": 0.15}",True,results\plans\case_085_p3_n3_capls_best.json,False,case_085,3,3,False
3,capls,c14,0,3.574,7.414,True,816273,8300178,8300178.0,0.0,9989912.0,0.5001056445211081,3351568.0,19737,3187899,,3.905432373727907,"{""alpha"": 0.8, ""block_cap"": 0.35, ""init"": ""rr"", ""mu"": 1.0, ""nu"": 0.5, ""subgraph_mode"": ""op""}",True,results\plans\case_085_p3_n4_capls_best.json,False,case_085,3,4,False
3,capls,mono_embed_n4,9,3.993,8.114,True,816273,8300178,8300178.0,0.0,9989912.0,0.5001056445211081,3351568.0,19737,3187899,,3.905432373727907,"{""alpha"": 1.0, ""block_cap"": 0.35, ""init"": ""rr"", ""mu"": 1.0, ""noise"": 0.05, ""nu"": 0.5, ""subgraph_mode"": ""op""}",True,results/final_plans_mono/p3/n5/case_085_multicore_res.json,False,case_085,3,5,True
1,capls,sa1,0,1.502,1.494,True,88853,1839442,1839442.0,0.0,2177464.0,,,64,118403,,1.3325717758545013,"{""anneal"": true}",True,results\plans\case_086_p1_n2_capls_best.json,False,case_086,1,2,False
1,capls,sa1,0,2.072,2.063,True,61208,1346240,1346240.0,0.0,1684262.0,,,29,118403,,1.9344366749444517,"{""anneal"": true}",True,results\plans\case_086_p1_n3_capls_best.json,False,case_086,1,3,False
1,capls,mono_embed_n3,0,1.977,1.967,True,61208,1346240,1346240.0,0.0,1684262.0,,,29,118403,,1.9344366749444517,"{""anneal"": true}",True,results/final_plans_mono/p1/n4/case_086_multicore_res.json,False,case_086,1,4,True
1,capls,mono_embed_n3,0,1.776,1.769,True,61208,1346240,1346240.0,0.0,1684262.0,,,29,118403,,1.9344366749444517,"{""anneal"": true}",True,results/final_plans_mono/p1/n5/case_086_multicore_res.json,False,case_086,1,5,True
2,capls,c14,0,0.654,1.137,True,63004,518694,518694.0,0.0,856716.0,,,5274,118403,,1.8792933781982097,"{""alpha"": 0.8, ""block_cap"": 0.35, ""init"": ""rr"", ""mu"": 1.0, ""nu"": 0.5, ""subgraph_mode"": ""op""}",True,results\plans\case_086_p2_n2_capls_best.json,False,case_086,2,2,False
2,capls,c14,0,0.74,1.078,True,47791,919116,919116.0,0.0,1257138.0,,,5274,118403,,2.477516687242368,"{""alpha"": 0.8, ""block_cap"": 0.35, ""init"": ""rr"", ""mu"": 1.0, ""nu"": 0.5, ""subgraph_mode"": ""op""}",True,results\plans\case_086_p2_n3_capls_best.json,False,case_086,2,3,False
2,capls,mono_embed_n3,6,0.909,1.049,True,47791,919116,919116.0,0.0,1257138.0,,,5274,118403,,2.477516687242368,"{""alpha"": 0.8, ""block_cap"": 0.35, ""init"": ""rr"", ""mu"": 1.0, ""noise"": 0.05, ""nu"": 0.5, ""subgraph_mode"": ""op""}",True,results/final_plans_mono/p2/n4/case_086_multicore_res.json,False,case_086,2,4,True
2,capls,s2,2,0.994,1.673,True,44221,951288,951288.0,0.0,1289310.0,,,5274,118403,,2.6775287759209427,"{""alpha"": 0.8, ""block_cap"": 0.35, ""init"": ""rr"", ""mu"": 1.0, ""noise"": 0.05, ""nu"": 0.5, ""subgraph_mode"": ""op""}",True,results\plans\case_086_p2_n5_capls_best.json,False,case_086,2,5,False
3,capls,c14,0,0.7,1.119,True,62938,518694,518694.0,0.0,856716.0,0.1946616162558543,125190.0,5274,118403,,1.881264101178938,"{""alpha"": 0.8, ""block_cap"": 0.35, ""init"": ""rr"", ""mu"": 1.0, ""nu"": 0.5, ""subgraph_mode"": ""op""}",True,results\plans\case_086_p3_n2_capls_best.json,False,case_086,3,2,False
3,capls,c14,0,0.905,1.032,True,47288,919116,919116.0,0.0,1257138.0,0.2189183274385638,186060.0,5274,118403,,2.503869903569616,"{""alpha"": 0.8, ""block_cap"": 0.35, ""init"": ""rr"", ""mu"": 1.0, ""nu"": 0.5, ""subgraph_mode"": ""op""}",True,results\plans\case_086_p3_n3_capls_best.json,False,case_086,3,3,False
3,capls,c14,0,1.045,1.031,True,38643,1363698,1363698.0,0.0,1701720.0,0.3823131747552367,450160.0,5274,118403,,3.0640219444660093,"{""alpha"": 0.8, ""block_cap"": 0.35, ""init"": ""rr"", ""mu"": 1.0, ""nu"": 0.5, ""subgraph_mode"": ""op""}",True,results\plans\case_086_p3_n4_capls_best.json,False,case_086,3,4,False
3,capls,mono_embed_n4,3,0.984,1.054,True,38643,1363698,1363698.0,0.0,1701720.0,0.3823131747552367,450160.0,5274,118403,,3.0640219444660093,"{""alpha"": 0.8, ""block_cap"": 0.35, ""init"": ""rr"", ""mu"": 1.0, ""noise"": 0.05, ""nu"": 0.5, ""subgraph_mode"": ""op""}",True,results/final_plans_mono/p3/n5/case_086_multicore_res.json,False,case_086,3,5,True
1,capls,c3,0,1.105,675.156,True,1993185,8248320,2004480.0,6243840.0,14167418.0,,,2,3974071,,1.9938294739324247,"{""block_cap"": 0.35, ""init"": ""contig""}",True,results\plans\case_087_p1_n2_capls_best.json,False,case_087,1,2,False
1,capls,c0,0,1.172,36.405,True,1558840,18738296,11125880.0,7612416.0,24657394.0,,,74,3974071,,2.549377100921198,"{""block_cap"": 0.35}",True,results\plans\case_087_p1_n3_capls_best.json,False,case_087,1,3,False
1,capls,c2,0,2.874,35.417,True,1170353,22068622,15778702.0,6289920.0,27987720.0,,,99,3974071,,3.395617390650513,"{""block_cap"": 0.35, ""init"": ""rr""}",True,results\plans\case_087_p1_n4_capls_best.json,False,case_087,1,4,False
1,capls,sa3,0,29.094,29.042,True,996818,24214732,19076812.0,5137920.0,30133830.0,,,123,3974071,,3.9867568603295687,"{""anneal"": true}",True,results\plans\case_087_p1_n5_capls_best.json,False,case_087,1,5,False
2,capls,c3,0,1.724,12.491,True,1993185,8248320,2004480.0,6243840.0,14167418.0,,,2,3974071,,1.9938294739324247,"{""block_cap"": 0.35, ""init"": ""contig""}",True,results\plans\case_087_p2_n2_capls_best.json,False,case_087,2,2,False
2,capls,c6,0,0.899,8.507,True,1459150,6727680,1520640.0,5207040.0,12646778.0,,,3,3974071,,2.7235520679847856,"{""block_cap"": 0.6, ""comm_weight"": 1e-06}",True,results\plans\case_087_p2_n3_capls_best.json,False,case_087,2,3,False
2,capls,c2,0,2.932,11.812,True,1165299,21489164,15148380.0,6340784.0,27408262.0,,,99,3974071,,3.410344469530996,"{""block_cap"": 0.35, ""init"": ""rr""}",True,results\plans\case_087_p2_n4_capls_best.json,False,case_087,2,4,False
2,capls,c6,0,2.938,9.743,True,955722,24751754,19640106.0,5111648.0,30670852.0,,,121,3974071,,4.158187213436543,"{""block_cap"": 0.6, ""comm_weight"": 1e-06}",True,results\plans\case_087_p2_n5_capls_best.json,False,case_087,2,5,False
3,capls,c3,0,1.05,12.065,True,1991129,8248320,2004480.0,6243840.0,14167418.0,0.1899535004013551,2691072.0,2,3974071,,1.9958882623878211,"{""block_cap"": 0.35, ""init"": ""contig""}",True,results\plans\case_087_p3_n2_capls_best.json,False,case_087,3,2,False
3,capls,c6,0,1.47,9.23,True,1456602,6727680,1520640.0,5207040.0,12646778.0,0.2331990444051744,2949120.0,3,3974071,,2.7283163142711597,"{""block_cap"": 0.6, ""comm_weight"": 1e-06}",True,results\plans\case_087_p3_n3_capls_best.json,False,case_087,3,3,False
3,capls,c2,0,2.91,11.326,True,1158171,21489164,15148380.0,6340784.0,27408262.0,0.4787999258526741,11912636.0,99,3974071,,3.43133354228348,"{""block_cap"": 0.35, ""init"": ""rr""}",True,results\plans\case_087_p3_n4_capls_best.json,False,case_087,3,4,False
3,capls,c6,0,2.338,9.248,True,932498,24751754,19640106.0,5111648.0,30670852.0,0.4942123662366711,13452598.0,121,3974071,,4.261747478278774,"{""block_cap"": 0.6, ""comm_weight"": 1e-06}",True,results\plans\case_087_p3_n5_capls_best.json,False,case_087,3,5,False
1,capls,c12,0,0.189,0.693,True,168809,2064350,2064350.0,0.0,3894148.0,,,26,243623,,1.4431872708208686,"{""block_cap"": 0.35, ""init"": ""rr"", ""level_mode"": ""alap_fill""}",True,results\plans\case_088_p1_n2_capls_best.json,False,case_088,1,2,False
1,capls,sa3,0,0.853,0.849,True,121225,1807084,1807084.0,0.0,3636882.0,,,38,243623,,2.009676221901423,"{""anneal"": true}",True,results\plans\case_088_p1_n3_capls_best.json,False,case_088,1,3,False
1,capls,mono_embed_n3,0,0.945,0.941,True,121225,1807084,1807084.0,0.0,3636882.0,,,38,243623,,2.009676221901423,"{""anneal"": true}",True,results/final_plans_mono/p1/n4/case_088_multicore_res.json,False,case_088,1,4,True
1,capls,mono_embed_n3,0,1.443,1.438,True,121225,1807084,1807084.0,0.0,3636882.0,,,38,243623,,2.009676221901423,"{""anneal"": true}",True,results/final_plans_mono/p1/n5/case_088_multicore_res.json,False,case_088,1,5,True
2,capls,c14,0,0.867,0.611,True,130634,1049798,1049798.0,0.0,2879596.0,,,3309,243623,,1.864927966685549,"{""alpha"": 0.8, ""block_cap"": 0.35, ""init"": ""rr"", ""mu"": 1.0, ""nu"": 0.5, ""subgraph_mode"": ""op""}",True,results\plans\case_088_p2_n2_capls_best.json,False,case_088,2,2,False
2,capls,s3,3,0.447,0.665,True,99762,1449996,1449996.0,0.0,3279794.0,,,3309,243623,,2.442042060103045,"{""alpha"": 0.8, ""block_cap"": 0.35, ""init"": ""rr"", ""mu"": 1.0, ""noise"": 0.05, ""nu"": 0.5, ""subgraph_mode"": ""op""}",True,results\plans\case_088_p2_n3_capls_best.json,False,case_088,2,3,False
2,capls,mono_embed_n3,15,0.651,0.629,True,99762,1449996,1449996.0,0.0,3279794.0,,,3309,243623,,2.442042060103045,"{""alpha"": 0.8, ""block_cap"": 0.35, ""init"": ""rr"", ""mu"": 1.0, ""noise"": 0.05, ""nu"": 0.5, ""subgraph_mode"": ""op""}",True,results/final_plans_mono/p2/n4/case_088_multicore_res.json,False,case_088,2,4,True
2,capls,mono_embed_n3,0,1.0,0.988,True,99762,1449996,1449996.0,0.0,3279794.0,,,3309,243623,,2.442042060103045,"{""alpha"": 0.8, ""block_cap"": 0.15, ""init"": ""rr"", ""mu"": 1.0, ""nu"": 0.5, ""subgraph_mode"": ""op""}",True,results/final_plans_mono/p2/n5/case_088_multicore_res.json,False,case_088,2,5,True
3,capls,c14,0,0.39,0.727,True,130606,1049798,1049798.0,0.0,2879596.0,0.2474978342348671,665094.0,3309,243623,,1.8653277797344685,"{""alpha"": 0.8, ""block_cap"": 0.35, ""init"": ""rr"", ""mu"": 1.0, ""nu"": 0.5, ""subgraph_mode"": ""op""}",True,results\plans\case_088_p3_n2_capls_best.json,False,case_088,3,2,False
3,capls,s3,3,0.492,0.682,True,98649,1449996,1449996.0,0.0,3279794.0,0.1465355757702538,432908.0,3309,243623,,2.4695942178836074,"{""alpha"": 0.8, ""block_cap"": 0.35, ""init"": ""rr"", ""mu"": 1.0, ""noise"": 0.05, ""nu"": 0.5, ""subgraph_mode"": ""op""}",True,results\plans\case_088_p3_n3_capls_best.json,False,case_088,3,3,False
3,capls,c14,0,0.519,0.687,True,88285,2268882,2268882.0,0.0,4098680.0,0.2035174619781704,746962.0,3309,243623,,2.759506144871722,"{""alpha"": 0.8, ""block_cap"": 0.35, ""init"": ""rr"", ""mu"": 1.0, ""nu"": 0.5, ""subgraph_mode"": ""op""}",True,results\plans\case_088_p3_n4_capls_best.json,False,case_088,3,4,False
3,capls,mono_embed_n4,6,1.037,1.542,True,88285,2268882,2268882.0,0.0,4098680.0,0.2035174619781704,746962.0,3309,243623,,2.759506144871722,"{""alpha"": 0.8, ""block_cap"": 0.15, ""init"": ""rr"", ""mu"": 1.0, ""noise"": 0.05, ""nu"": 0.5, ""subgraph_mode"": ""op""}",True,results/final_plans_mono/p3/n5/case_088_multicore_res.json,False,case_088,3,5,True
1,capls,sa1,0,5.04,5.011,True,346763,556160,556160.0,0.0,1122560.0,,,3,693092,,1.9987484247165932,"{""anneal"": true}",True,results\plans\case_089_p1_n2_capls_best.json,False,case_089,1,2,False
1,capls,sa1,0,3.549,3.52,True,242914,683776,683776.0,0.0,1250176.0,,,4,693092,,2.853240241402307,"{""anneal"": true}",True,results\plans\case_089_p1_n3_capls_best.json,False,case_089,1,3,False
1,capls,sa1,0,2.387,2.38,True,175600,1033600,1033600.0,0.0,1600000.0,,,6,693092,,3.946993166287016,"{""anneal"": true}",True,results\plans\case_089_p1_n4_capls_best.json,False,case_089,1,4,False
1,capls,sa3,0,2.236,2.232,True,144382,1208832,1208832.0,0.0,1775232.0,,,7,693092,,4.800404482553227,"{""anneal"": true}",True,results\plans\case_089_p1_n5_capls_best.json,False,case_089,1,5,False
2,capls,c14,0,0.758,1.079,True,295144,238720,238720.0,0.0,805120.0,,,5120,693092,,2.3483181091263927,"{""alpha"": 0.8, ""block_cap"": 0.35, ""init"": ""rr"", ""mu"": 1.0, ""nu"": 0.5, ""subgraph_mode"": ""op""}",True,results\plans\case_089_p2_n2_capls_best.json,False,case_089,2,2,False
2,capls,c14,0,0.685,0.715,True,206778,477440,477440.0,0.0,1043840.0,,,5120,693092,,3.351865285475244,"{""alpha"": 0.8, ""block_cap"": 0.35, ""init"": ""rr"", ""mu"": 1.0, ""nu"": 0.5, ""subgraph_mode"": ""op""}",True,results\plans\case_089_p2_n3_capls_best.json,False,case_089,2,3,False
2,capls,c14,0,0.585,0.971,True,148144,716160,716160.0,0.0,1282560.0,,,5120,693092,,4.678501998055945,"{""alpha"": 0.8, ""block_cap"": 0.35, ""init"": ""rr"", ""mu"": 1.0, ""nu"": 0.5, ""subgraph_mode"": ""op""}",True,results\plans\case_089_p2_n4_capls_best.json,False,case_089,2,4,False
2,capls,c14,0,0.619,0.685,True,119458,954880,954880.0,0.0,1521280.0,,,5120,693092,,5.801972241289826,"{""alpha"": 0.8, ""block_cap"": 0.35, ""init"": ""rr"", ""mu"": 1.0, ""nu"": 0.5, ""subgraph_mode"": ""op""}",True,results\plans\case_089_p2_n5_capls_best.json,False,case_089,2,5,False
3,capls,c14,0,0.803,1.174,True,295144,238720,238720.0,0.0,805120.0,0.0,0.0,5120,693092,,2.3483181091263927,"{""alpha"": 0.8, ""block_cap"": 0.35, ""init"": ""rr"", ""mu"": 1.0, ""nu"": 0.5, ""subgraph_mode"": ""op""}",True,results\plans\case_089_p3_n2_capls_best.json,False,case_089,3,2,False
3,capls,c14,0,0.784,1.065,True,206778,477440,477440.0,0.0,1043840.0,0.2711909090909091,238648.0,5120,693092,,3.351865285475244,"{""alpha"": 0.8, ""block_cap"": 0.35, ""init"": ""rr"", ""mu"": 1.0, ""nu"": 0.5, ""subgraph_mode"": ""op""}",True,results\plans\case_089_p3_n3_capls_best.json,False,case_089,3,3,False
3,capls,c14,0,0.657,0.641,True,148144,716160,716160.0,0.0,1282560.0,0.0,0.0,5120,693092,,4.678501998055945,"{""alpha"": 0.8, ""block_cap"": 0.35, ""init"": ""rr"", ""mu"": 1.0, ""nu"": 0.5, ""subgraph_mode"": ""op""}",True,results\plans\case_089_p3_n4_capls_best.json,False,case_089,3,4,False
3,capls,c14,0,0.655,1.141,True,119458,954880,954880.0,0.0,1521280.0,0.0,0.0,5120,693092,,5.801972241289826,"{""alpha"": 0.8, ""block_cap"": 0.35, ""init"": ""rr"", ""mu"": 1.0, ""nu"": 0.5, ""subgraph_mode"": ""op""}",True,results\plans\case_089_p3_n5_capls_best.json,False,case_089,3,5,False
1,capls,c8,0,0.095,0.447,True,670035,4295328,3226272.0,1069056.0,6523680.0,,,47,1178363,,1.7586588760288642,"{""block_cap"": 0.005}",True,results\plans\case_090_p1_n2_capls_best.json,False,case_090,1,2,False
1,capls,sa1,0,0.56,0.556,True,506027,21721008,16274976.0,5446032.0,23949360.0,,,20,1178363,,2.3286563760431758,"{""anneal"": true}",True,results\plans\case_090_p1_n3_capls_best.json,False,case_090,1,3,False
1,capls,mono_embed_n3,0,0.082,0.426,True,506027,21721008,16274976.0,5446032.0,23949360.0,,,20,1178363,,2.3286563760431758,"{""block_cap"": 0.35, ""subgraph_mode"": ""block""}",True,results/final_plans_mono/p1/n4/case_090_multicore_res.json,False,case_090,1,4,True
1,capls,mono_embed_n3,0,0.463,0.46,True,506027,21721008,16274976.0,5446032.0,23949360.0,,,20,1178363,,2.3286563760431758,"{""anneal"": true}",True,results/final_plans_mono/p1/n5/case_090_multicore_res.json,False,case_090,1,5,True
2,capls,s12,12,0.183,0.377,True,430745,2917248,2917248.0,0.0,5145600.0,,,1664,1178363,,2.735639415431404,"{""alpha"": 0.8, ""block_cap"": 0.15, ""init"": ""rr"", ""mu"": 1.0, ""noise"": 0.05, ""nu"": 0.5, ""subgraph_mode"": ""op""}",True,results\plans\case_090_p2_n2_capls_best.json,False,case_090,2,2,False
2,capls,c14,0,0.109,0.212,True,326383,4296960,4296960.0,0.0,6525312.0,,,1664,1178363,,3.6103687998455802,"{""alpha"": 0.8, ""block_cap"": 0.35, ""init"": ""rr"", ""mu"": 1.0, ""nu"": 0.5, ""subgraph_mode"": ""op""}",True,results\plans\case_090_p2_n3_capls_best.json,False,case_090,2,3,False
2,capls,c17,0,0.206,0.23,True,278236,7285632,7285632.0,0.0,9513984.0,,,1664,1178363,,4.235120545148723,"{""alpha"": 0.8, ""block_cap"": 0.15, ""init"": ""rr"", ""mu"": 1.0, ""nu"": 0.5, ""subgraph_mode"": ""op""}",True,results\plans\case_090_p2_n4_capls_best.json,False,case_090,2,4,False
2,capls,mono_embed_n4,3,0.441,0.889,True,278236,7285632,7285632.0,0.0,9513984.0,,,1664,1178363,,4.235120545148723,"{""alpha"": 0.8, ""block_cap"": 0.35, ""init"": ""rr"", ""mu"": 1.0, ""noise"": 0.05, ""nu"": 0.5, ""subgraph_mode"": ""op""}",True,results/final_plans_mono/p2/n5/case_090_multicore_res.json,False,case_090,2,5,True
3,capls,s11,11,0.16,0.985,True,430364,2917248,2917248.0,0.0,5145600.0,0.1826199674664498,862200.0,1664,1178363,,2.7380612690652564,"{""alpha"": 0.8, ""block_cap"": 0.15, ""init"": ""rr"", ""mu"": 1.0, ""noise"": 0.05, ""nu"": 0.5, ""subgraph_mode"": ""op""}",True,results\plans\case_090_p3_n2_capls_best.json,False,case_090,3,2,False
3,capls,c14,0,0.108,0.304,True,324313,4296960,4296960.0,0.0,6525312.0,0.2998068269287702,1944360.0,1664,1178363,,3.6334127833296845,"{""alpha"": 0.8, ""block_cap"": 0.35, ""init"": ""rr"", ""mu"": 1.0, ""nu"": 0.5, ""subgraph_mode"": ""op""}",True,results\plans\case_090_p3_n3_capls_best.json,False,case_090,3,3,False
3,capls,c14,0,0.134,0.232,True,259720,6445440,6445440.0,0.0,8673792.0,0.2107915628891656,1819944.0,1664,1178363,,4.537051440012321,"{""alpha"": 0.8, ""block_cap"": 0.35, ""init"": ""rr"", ""mu"": 1.0, ""nu"": 0.5, ""subgraph_mode"": ""op""}",True,results\plans\case_090_p3_n4_capls_best.json,False,case_090,3,4,False
3,capls,mono_embed_n4,0,0.254,0.299,True,259720,6445440,6445440.0,0.0,8673792.0,0.2107915628891656,1819944.0,1664,1178363,,4.537051440012321,"{""alpha"": 0.8, ""block_cap"": 0.35, ""init"": ""rr"", ""mu"": 1.0, ""nu"": 0.5, ""subgraph_mode"": ""op""}",True,results/final_plans_mono/p3/n5/case_090_multicore_res.json,False,case_090,3,5,True
1,capls,mono_embed_n1,0,0.023,1060.42,True,9186769,53947008,0.0,53947008.0,60524664.0,,,1,9186769,,1.0,"{""block_cap"": 0.35, ""cores_used"": 1, ""proxy_fallback"": true}",True,results/final_plans_mono/p1/n2/case_091_multicore_res.json,True,case_091,1,2,True
1,capls,mono_embed_n1,0,0.02,1746.854,True,9186769,53947008,0.0,53947008.0,60524664.0,,,1,9186769,,1.0,"{""block_cap"": 0.35, ""cores_used"": 1, ""proxy_fallback"": true}",True,results/final_plans_mono/p1/n3/case_091_multicore_res.json,True,case_091,1,3,True
1,capls,c0,0,0.022,1441.476,True,2372888,67542144,16570368.0,50971776.0,74119800.0,,,4,9186769,,3.8715560953572186,"{""block_cap"": 0.35, ""proxy_fallback"": true}",True,results\plans\case_091_p1_n4_capls_best.json,True,case_091,1,4,False
1,capls,c1,0,0.021,326.863,True,1898042,73166848,25913344.0,47253504.0,79744504.0,,,5,9186769,,4.840129459727446,"{""block_cap"": 0.15, ""proxy_fallback"": true}",True,results\plans\case_091_p1_n5_capls_best.json,True,case_091,1,5,False
2,capls,c4,0,0.613,14.48,True,4573412,52114560,5523456.0,46591104.0,58692216.0,,,509,9186769,,2.008734179207996,"{""block_cap"": 0.35, ""subgraph_mode"": ""block""}",True,results\plans\case_091_p2_n2_capls_best.json,False,case_091,2,2,False
2,capls,c5,0,1.49,14.254,True,3074692,60897408,11046912.0,49850496.0,67475064.0,,,509,9186769,,2.9878664269461788,"{""block_cap"": 0.35, ""init"": ""rr"", ""subgraph_mode"": ""block""}",True,results\plans\case_091_p2_n3_capls_best.json,False,case_091,2,3,False
2,capls,c7,0,1.331,15.646,True,2321866,69020832,19435008.0,49585824.0,75598488.0,,,4,9186769,,3.9566318641988816,"{""block_cap"": 0.08}",True,results\plans\case_091_p2_n4_capls_best.json,False,case_091,2,4,False
2,capls,c1,0,1.61,20.665,True,1898042,73166848,25913344.0,47253504.0,79744504.0,,,5,9186769,,4.840129459727446,"{""block_cap"": 0.15}",True,results\plans\case_091_p2_n5_capls_best.json,False,case_091,2,5,False
3,capls,c4,0,0.655,15.086,True,4563996,52114560,5523456.0,46591104.0,58692216.0,0.3386486398009624,19861824.0,509,9186769,,2.0128784074306814,"{""block_cap"": 0.35, ""subgraph_mode"": ""block""}",True,results\plans\case_091_p3_n2_capls_best.json,False,case_091,3,2,False
3,capls,c5,0,1.544,14.793,True,3069257,60897408,11046912.0,49850496.0,67475064.0,0.4353229085400923,29355168.0,509,9186769,,2.9931573015879738,"{""block_cap"": 0.35, ""init"": ""rr"", ""subgraph_mode"": ""block""}",True,results\plans\case_091_p3_n3_capls_best.json,False,case_091,3,3,False
3,capls,c7,0,1.357,15.374,True,2317037,69020832,19435008.0,49585824.0,75598488.0,0.2878781910948986,21751072.0,4,9186769,,3.9648779885690217,"{""block_cap"": 0.08}",True,results\plans\case_091_p3_n4_capls_best.json,False,case_091,3,4,False
3,capls,c1,0,1.636,22.639,True,1884651,73166848,25913344.0,47253504.0,79744504.0,0.3128368525525313,24933888.0,5,9186769,,4.874520003968905,"{""block_cap"": 0.15}",True,results\plans\case_091_p3_n5_capls_best.json,False,case_091,3,5,False
1,capls,sa3,0,185.095,185.053,True,2445810,43369312,3256928.0,40112384.0,46626240.0,,,3,4815554,,1.9688994647989828,"{""anneal"": true}",True,results\plans\case_092_p1_n2_capls_best.json,False,case_092,1,2,False
1,capls,sa3,0,45.68,45.646,True,1712160,36590944,4940992.0,31649952.0,39847872.0,,,5,4815554,,2.8125607419867302,"{""anneal"": true}",True,results\plans\case_092_p1_n3_capls_best.json,False,case_092,1,3,False
1,capls,sa1,0,59.601,59.561,True,1527185,44909472,5084960.0,39824512.0,48166400.0,,,6,4815554,,3.153222432121845,"{""anneal"": true}",True,results\plans\case_092_p1_n4_capls_best.json,False,case_092,1,4,False
1,capls,sa2,0,92.176,92.124,True,1510160,58281984,4639104.0,53642880.0,61538912.0,,,6,4815554,,3.188770726280659,"{""anneal"": true}",True,results\plans\case_092_p1_n5_capls_best.json,False,case_092,1,5,False
2,capls,c15,0,2.369,5.377,True,1926278,5437728,930400.0,4507328.0,8694656.0,,,17608,4815554,,2.4999268018427245,"{""alpha"": 1.0, ""block_cap"": 0.35, ""init"": ""rr"", ""mu"": 1.0, ""nu"": 0.5, ""subgraph_mode"": ""op""}",True,results\plans\case_092_p2_n2_capls_best.json,False,case_092,2,2,False
2,capls,c14,0,2.693,4.713,True,1275324,3859648,1860800.0,1998848.0,7116576.0,,,17608,4815554,,3.775945563637162,"{""alpha"": 0.8, ""block_cap"": 0.35, ""init"": ""rr"", ""mu"": 1.0, ""nu"": 0.5, ""subgraph_mode"": ""op""}",True,results\plans\case_092_p2_n3_capls_best.json,False,case_092,2,3,False
2,capls,s8,8,2.514,6.567,True,966196,3905312,2791200.0,1114112.0,7162240.0,,,17608,4815554,,4.9840342953189625,"{""alpha"": 1.0, ""block_cap"": 0.35, ""init"": ""rr"", ""mu"": 1.0, ""noise"": 0.05, ""nu"": 0.5, ""subgraph_mode"": ""op""}",True,results\plans\case_092_p2_n4_capls_best.json,False,case_092,2,4,False
2,capls,s6,6,2.845,6.626,True,780940,3950976,3721600.0,229376.0,7207904.0,,,17608,4815554,,6.1663559300330375,"{""alpha"": 0.8, ""block_cap"": 0.35, ""init"": ""rr"", ""mu"": 1.0, ""noise"": 0.05, ""nu"": 0.5, ""subgraph_mode"": ""op""}",True,results\plans\case_092_p2_n5_capls_best.json,False,case_092,2,5,False
3,capls,c15,0,2.676,6.007,True,1926278,5437728,930400.0,4507328.0,8694656.0,0.0002182400155192,1152.0,17608,4815554,,2.4999268018427245,"{""alpha"": 1.0, ""block_cap"": 0.35, ""init"": ""rr"", ""mu"": 1.0, ""nu"": 0.5, ""subgraph_mode"": ""op""}",True,results\plans\case_092_p3_n2_capls_best.json,False,case_092,3,2,False
3,capls,c14,0,2.497,4.764,True,1274060,3859648,1860800.0,1998848.0,7116576.0,0.1431053750104968,708928.0,17608,4815554,,3.7796916942687155,"{""alpha"": 0.8, ""block_cap"": 0.35, ""init"": ""rr"", ""mu"": 1.0, ""nu"": 0.5, ""subgraph_mode"": ""op""}",True,results\plans\case_092_p3_n3_capls_best.json,False,case_092,3,3,False
3,capls,c15,0,2.713,4.377,True,957454,4167456,2791200.0,1376256.0,7424384.0,0.3072302992719171,1712192.0,17608,4815554,,5.029540844782099,"{""alpha"": 1.0, ""block_cap"": 0.35, ""init"": ""rr"", ""mu"": 1.0, ""nu"": 0.5, ""subgraph_mode"": ""op""}",True,results\plans\case_092_p3_n4_capls_best.json,False,case_092,3,4,False
3,capls,s10,10,2.817,6.223,True,771848,3950976,3721600.0,229376.0,7207904.0,0.45333520406236,2688256.0,17608,4815554,,6.238992651402867,"{""alpha"": 0.8, ""block_cap"": 0.35, ""init"": ""rr"", ""mu"": 1.0, ""noise"": 0.05, ""nu"": 0.5, ""subgraph_mode"": ""op""}",True,results\plans\case_092_p3_n5_capls_best.json,False,case_092,3,5,False
1,capls,c0,0,0.018,0.17,True,37827,8192,8192.0,0.0,722944.0,,,2,74205,,1.9616940280751844,"{""block_cap"": 0.35}",True,results\plans\case_093_p1_n2_capls_best.json,False,case_093,1,2,False
1,capls,c0,0,0.02,0.143,True,25103,16384,16384.0,0.0,731136.0,,,3,74205,,2.956021192686133,"{""block_cap"": 0.35}",True,results\plans\case_093_p1_n3_capls_best.json,False,case_093,1,3,False
1,capls,c0,0,0.024,0.784,True,19779,24576,24576.0,0.0,739328.0,,,4,74205,,3.751706355225239,"{""block_cap"": 0.35}",True,results\plans\case_093_p1_n4_capls_best.json,False,case_093,1,4,False
1,capls,c0,0,0.046,0.147,True,15876,32768,32768.0,0.0,747520.0,,,5,74205,,4.674036281179139,"{""block_cap"": 0.35}",True,results\plans\case_093_p1_n5_capls_best.json,False,case_093,1,5,False
2,capls,c0,0,0.019,0.119,True,37827,8192,8192.0,0.0,722944.0,,,2,74205,,1.9616940280751844,"{""block_cap"": 0.35}",True,results\plans\case_093_p2_n2_capls_best.json,False,case_093,2,2,False
2,capls,c0,0,0.024,0.119,True,25103,16384,16384.0,0.0,731136.0,,,3,74205,,2.956021192686133,"{""block_cap"": 0.35}",True,results\plans\case_093_p2_n3_capls_best.json,False,case_093,2,3,False
2,capls,c0,0,0.037,0.103,True,19779,24576,24576.0,0.0,739328.0,,,4,74205,,3.751706355225239,"{""block_cap"": 0.35}",True,results\plans\case_093_p2_n4_capls_best.json,False,case_093,2,4,False
2,capls,c0,0,0.047,0.1,True,15876,32768,32768.0,0.0,747520.0,,,5,74205,,4.674036281179139,"{""block_cap"": 0.35}",True,results\plans\case_093_p2_n5_capls_best.json,False,case_093,2,5,False
3,capls,c0,0,0.016,0.115,True,37827,8192,8192.0,0.0,722944.0,0.0,0.0,2,74205,,1.9616940280751844,"{""block_cap"": 0.35}",True,results\plans\case_093_p3_n2_capls_best.json,False,case_093,3,2,False
3,capls,c0,0,0.024,0.118,True,25103,16384,16384.0,0.0,731136.0,0.0,0.0,3,74205,,2.956021192686133,"{""block_cap"": 0.35}",True,results\plans\case_093_p3_n3_capls_best.json,False,case_093,3,3,False
3,capls,c0,0,0.035,0.114,True,19779,24576,24576.0,0.0,739328.0,0.0,0.0,4,74205,,3.751706355225239,"{""block_cap"": 0.35}",True,results\plans\case_093_p3_n4_capls_best.json,False,case_093,3,4,False
3,capls,c0,0,0.054,0.136,True,15876,32768,32768.0,0.0,747520.0,0.0,0.0,5,74205,,4.674036281179139,"{""block_cap"": 0.35}",True,results\plans\case_093_p3_n5_capls_best.json,False,case_093,3,5,False
1,capls,c0,0,0.019,0.166,True,49385,106272,106272.0,0.0,632964.0,,,2,94892,,1.9214741318214033,"{""block_cap"": 0.35}",True,results\plans\case_094_p1_n2_capls_best.json,False,case_094,1,2,False
1,capls,c2,0,0.026,0.169,True,34069,212544,212544.0,0.0,739236.0,,,3,94892,,2.7852886788576123,"{""block_cap"": 0.35, ""init"": ""rr""}",True,results\plans\case_094_p1_n3_capls_best.json,False,case_094,1,3,False
1,capls,c3,0,0.041,0.154,True,25395,105984,105984.0,0.0,632676.0,,,4,94892,,3.7366410710769835,"{""block_cap"": 0.35, ""init"": ""contig""}",True,results\plans\case_094_p1_n4_capls_best.json,False,case_094,1,4,False
1,capls,c2,0,0.066,0.191,True,21487,425088,425088.0,0.0,951780.0,,,5,94892,,4.416251687066598,"{""block_cap"": 0.35, ""init"": ""rr""}",True,results\plans\case_094_p1_n5_capls_best.json,False,case_094,1,5,False
2,capls,s9,9,0.091,0.109,True,43154,114464,106272.0,8192.0,641156.0,,,647,94892,,2.198915511887658,"{""alpha"": 1.0, ""block_cap"": 0.35, ""init"": ""rr"", ""mu"": 1.0, ""noise"": 0.05, ""nu"": 0.5, ""subgraph_mode"": ""op""}",True,results\plans\case_094_p2_n2_capls_best.json,False,case_094,2,2,False
2,capls,s11,11,0.081,0.116,True,26395,212544,212544.0,0.0,739236.0,,,647,94892,,3.59507482477742,"{""alpha"": 1.0, ""block_cap"": 0.35, ""init"": ""rr"", ""mu"": 1.0, ""noise"": 0.05, ""nu"": 0.5, ""subgraph_mode"": ""op""}",True,results\plans\case_094_p2_n3_capls_best.json,False,case_094,2,3,False
2,capls,s14,14,0.095,0.117,True,20034,318528,318528.0,0.0,845220.0,,,647,94892,,4.73654786862334,"{""alpha"": 0.8, ""block_cap"": 0.35, ""init"": ""rr"", ""mu"": 1.0, ""noise"": 0.05, ""nu"": 0.5, ""subgraph_mode"": ""op""}",True,results\plans\case_094_p2_n4_capls_best.json,False,case_094,2,4,False
2,capls,s11,11,0.117,0.118,True,18550,425088,425088.0,0.0,951780.0,,,647,94892,,5.115471698113208,"{""alpha"": 0.8, ""block_cap"": 0.35, ""init"": ""rr"", ""mu"": 1.0, ""noise"": 0.05, ""nu"": 0.5, ""subgraph_mode"": ""op""}",True,results\plans\case_094_p2_n5_capls_best.json,False,case_094,2,5,False
3,capls,s9,9,0.082,0.105,True,43154,114464,106272.0,8192.0,641156.0,0.1510067114093959,87840.0,647,94892,,2.198915511887658,"{""alpha"": 1.0, ""block_cap"": 0.35, ""init"": ""rr"", ""mu"": 1.0, ""noise"": 0.05, ""nu"": 0.5, ""subgraph_mode"": ""op""}",True,results\plans\case_094_p3_n2_capls_best.json,False,case_094,3,2,False
3,capls,s11,11,0.075,0.112,True,26386,212544,212544.0,0.0,739236.0,0.2568901782789762,175680.0,647,94892,,3.596301068748579,"{""alpha"": 1.0, ""block_cap"": 0.35, ""init"": ""rr"", ""mu"": 1.0, ""noise"": 0.05, ""nu"": 0.5, ""subgraph_mode"": ""op""}",True,results\plans\case_094_p3_n3_capls_best.json,False,case_094,3,3,False
3,capls,s14,14,0.094,0.105,True,19544,318528,318528.0,0.0,845220.0,0.3118745695417899,246336.0,647,94892,,4.855300859598854,"{""alpha"": 0.8, ""block_cap"": 0.35, ""init"": ""rr"", ""mu"": 1.0, ""noise"": 0.05, ""nu"": 0.5, ""subgraph_mode"": ""op""}",True,results\plans\case_094_p3_n4_capls_best.json,False,case_094,3,4,False
3,capls,s7,7,0.111,0.124,True,18712,425088,425088.0,0.0,951780.0,0.3679720129939671,329856.0,647,94892,,5.0711842667806755,"{""alpha"": 0.8, ""block_cap"": 0.35, ""init"": ""rr"", ""mu"": 1.0, ""noise"": 0.05, ""nu"": 0.5, ""subgraph_mode"": ""op""}",True,results\plans\case_094_p3_n5_capls_best.json,False,case_094,3,5,False
1,capls,sa1,0,6.275,6.241,True,1042787,8515584,8515584.0,0.0,19870620.0,,,3,2084853,,1.999308583632132,"{""anneal"": true}",True,results\plans\case_095_p1_n2_capls_best.json,False,case_095,1,2,False
1,capls,sa2,0,3.411,3.402,True,624024,17805312,17805312.0,0.0,29160348.0,,,9,2084853,,3.3409820776123995,"{""anneal"": true}",True,results\plans\case_095_p1_n3_capls_best.json,False,case_095,1,3,False
1,capls,c8,0,0.515,2.494,True,518918,18284544,18284544.0,0.0,29639580.0,,,12,2084853,,4.017692583413949,"{""block_cap"": 0.005}",True,results\plans\case_095_p1_n4_capls_best.json,False,case_095,1,4,False
1,capls,c0,0,0.248,1.749,True,420852,0,0.0,0.0,11355036.0,,,5,2084853,,4.953886401870491,"{""block_cap"": 0.35}",True,results\plans\case_095_p1_n5_capls_best.json,False,case_095,1,5,False
2,capls,c0,0,0.1,0.989,True,1042890,0,0.0,0.0,11355036.0,,,2,2084853,,1.9991111238960964,"{""block_cap"": 0.35}",True,results\plans\case_095_p2_n2_capls_best.json,False,case_095,2,2,False
2,capls,c8,0,0.433,1.998,True,673706,16330752,16330752.0,0.0,27685788.0,,,9,2084853,,3.0946035807904337,"{""block_cap"": 0.005}",True,results\plans\case_095_p2_n3_capls_best.json,False,case_095,2,3,False
2,capls,c0,0,0.179,1.835,True,524422,0,0.0,0.0,11355036.0,,,4,2084853,,3.9755254356224565,"{""block_cap"": 0.35}",True,results\plans\case_095_p2_n4_capls_best.json,False,case_095,2,4,False
2,capls,c0,0,0.202,1.896,True,420852,0,0.0,0.0,11355036.0,,,5,2084853,,4.953886401870491,"{""block_cap"": 0.35}",True,results\plans\case_095_p2_n5_capls_best.json,False,case_095,2,5,False
3,capls,c0,0,0.742,1.754,True,1042890,0,0.0,0.0,11355036.0,0.0,0.0,2,2084853,,1.9991111238960964,"{""block_cap"": 0.35}",True,results\plans\case_095_p3_n2_capls_best.json,False,case_095,3,2,False
3,capls,c8,0,0.396,1.379,True,673706,16330752,16330752.0,0.0,27685788.0,0.0,0.0,9,2084853,,3.0946035807904337,"{""block_cap"": 0.005}",True,results\plans\case_095_p3_n3_capls_best.json,False,case_095,3,3,False
3,capls,c0,0,0.169,1.476,True,524422,0,0.0,0.0,11355036.0,0.0,0.0,4,2084853,,3.9755254356224565,"{""block_cap"": 0.35}",True,results\plans\case_095_p3_n4_capls_best.json,False,case_095,3,4,False
3,capls,c0,0,0.201,1.795,True,420852,0,0.0,0.0,11355036.0,0.0,0.0,5,2084853,,4.953886401870491,"{""block_cap"": 0.35}",True,results\plans\case_095_p3_n5_capls_best.json,False,case_095,3,5,False
1,capls,c6,0,0.026,0.358,True,44237,0,0.0,0.0,219558.0,,,2,84194,,1.9032484119628366,"{""block_cap"": 0.6, ""comm_weight"": 1e-06}",True,results\plans\case_096_p1_n2_capls_best.json,False,case_096,1,2,False
1,capls,mono_embed_n2,0,0.426,0.424,True,44237,0,0.0,0.0,219558.0,,,2,84194,,1.9032484119628366,"{""anneal"": true}",True,results/final_plans_mono/p1/n3/case_096_multicore_res.json,False,case_096,1,3,True
1,capls,c12,0,0.12,0.393,True,38923,1295704,1295704.0,0.0,1515262.0,,,24,84194,,2.1630912314055957,"{""block_cap"": 0.35, ""init"": ""rr"", ""level_mode"": ""alap_fill""}",True,results\plans\case_096_p1_n4_capls_best.json,False,case_096,1,4,False
1,capls,mono_embed_n4,0,0.219,0.315,True,38923,1295704,1295704.0,0.0,1515262.0,,,24,84194,,2.1630912314055957,"{""block_cap"": 0.08}",True,results/final_plans_mono/p1/n5/case_096_multicore_res.json,False,case_096,1,5,True
2,capls,c14,0,0.182,0.294,True,40994,124748,124748.0,0.0,344306.0,,,1198,84194,,2.0538127530858175,"{""alpha"": 0.8, ""block_cap"": 0.35, ""init"": ""rr"", ""mu"": 1.0, ""nu"": 0.5, ""subgraph_mode"": ""op""}",True,results\plans\case_096_p2_n2_capls_best.json,False,case_096,2,2,False
2,capls,c3,0,0.123,0.179,True,33260,125704,125704.0,0.0,345262.0,,,5,84194,,2.5313890559230305,"{""block_cap"": 0.35, ""init"": ""contig""}",True,results\plans\case_096_p2_n3_capls_best.json,False,case_096,2,3,False
2,capls,c17,0,0.248,0.327,True,28251,572628,572628.0,0.0,792186.0,,,1198,84194,,2.980213089802131,"{""alpha"": 0.8, ""block_cap"": 0.15, ""init"": ""rr"", ""mu"": 1.0, ""nu"": 0.5, ""subgraph_mode"": ""op""}",True,results\plans\case_096_p2_n4_capls_best.json,False,case_096,2,4,False
2,capls,c12,0,0.185,0.159,True,25104,597692,597692.0,0.0,817250.0,,,34,84194,,3.3538081580624604,"{""block_cap"": 0.35, ""init"": ""rr"", ""level_mode"": ""alap_fill""}",True,results\plans\case_096_p2_n5_capls_best.json,False,case_096,2,5,False
3,capls,c14,0,0.16,0.123,True,40994,124748,124748.0,0.0,344306.0,0.317323478665799,106304.0,1198,84194,,2.0538127530858175,"{""alpha"": 0.8, ""block_cap"": 0.35, ""init"": ""rr"", ""mu"": 1.0, ""nu"": 0.5, ""subgraph_mode"": ""op""}",True,results\plans\case_096_p3_n2_capls_best.json,False,case_096,3,2,False
3,capls,c3,0,0.122,0.214,True,33260,125704,125704.0,0.0,345262.0,0.3203857223684534,104192.0,5,84194,,2.5313890559230305,"{""block_cap"": 0.35, ""init"": ""contig""}",True,results\plans\case_096_p3_n3_capls_best.json,False,case_096,3,3,False
3,capls,c17,0,0.199,0.232,True,27001,642644,642644.0,0.0,862202.0,0.3591612713639767,227334.0,1198,84194,,3.118180808118218,"{""alpha"": 0.8, ""block_cap"": 0.15, ""init"": ""rr"", ""mu"": 1.0, ""nu"": 0.5, ""subgraph_mode"": ""op""}",True,results\plans\case_096_p3_n4_capls_best.json,False,case_096,3,4,False
3,capls,c12,0,0.177,0.235,True,24477,965588,965588.0,0.0,1185146.0,0.5114300055233651,487044.0,40,84194,,3.4397189198022633,"{""block_cap"": 0.35, ""init"": ""rr"", ""level_mode"": ""alap_fill""}",True,results\plans\case_096_p3_n5_capls_best.json,False,case_096,3,5,False
1,capls,sa1,0,3.177,3.119,True,5188717,29499392,29499392.0,0.0,34545664.0,,,63,11491509,,2.2147110740477847,"{""anneal"": true}",True,results\plans\case_097_p1_n2_capls_best.json,False,case_097,1,2,False
1,capls,sa1,0,4.67,4.611,True,3554934,42156032,42156032.0,0.0,47202304.0,,,62,11491509,,3.232551996745931,"{""anneal"": true}",True,results\plans\case_097_p1_n3_capls_best.json,False,case_097,1,3,False
1,capls,sa1,0,3.106,3.053,True,2605924,29499392,29499392.0,0.0,34545664.0,,,63,11491509,,4.409763676914599,"{""anneal"": true}",True,results\plans\case_097_p1_n4_capls_best.json,False,case_097,1,4,False
1,capls,c0,0,0.537,26.836,True,2102348,21311488,17039360.0,4272128.0,26357760.0,,,5,11491509,,5.466035594487687,"{""block_cap"": 0.35}",True,results\plans\case_097_p1_n5_capls_best.json,False,case_097,1,5,False
2,capls,c9,0,0.229,4.979,True,5478142,14655488,2555904.0,12099584.0,19701760.0,,,14,11491509,,2.097701921563917,"{""block_cap"": 0.35, ""max_ops"": 500}",True,results\plans\case_097_p2_n2_capls_best.json,False,case_097,2,2,False
2,capls,c9,0,0.32,4.793,True,3578891,19671040,8519680.0,11151360.0,24717312.0,,,15,11491509,,3.210913380709276,"{""block_cap"": 0.35, ""max_ops"": 500}",True,results\plans\case_097_p2_n3_capls_best.json,False,case_097,2,3,False
2,capls,c0,0,0.382,2.963,True,2626908,14221312,7667712.0,6553600.0,19267584.0,,,4,11491509,,4.37453805005733,"{""block_cap"": 0.35}",True,results\plans\case_097_p2_n4_capls_best.json,False,case_097,2,4,False
2,capls,c0,0,0.566,2.955,True,2102348,21311488,17039360.0,4272128.0,26357760.0,,,5,11491509,,5.466035594487687,"{""block_cap"": 0.35}",True,results\plans\case_097_p2_n5_capls_best.json,False,case_097,2,5,False
3,capls,c9,0,0.227,5.103,True,5477830,14655488,2555904.0,12099584.0,19701760.0,0.0495594713656387,921600.0,14,11491509,,2.0978214000799587,"{""block_cap"": 0.35, ""max_ops"": 500}",True,results\plans\case_097_p3_n2_capls_best.json,False,case_097,3,2,False
3,capls,c9,0,0.29,3.785,True,3578879,19671040,8519680.0,11151360.0,24717312.0,0.263102998696219,6199296.0,15,11491509,,3.21092414691863,"{""block_cap"": 0.35, ""max_ops"": 500}",True,results\plans\case_097_p3_n3_capls_best.json,False,case_097,3,3,False
3,capls,c0,0,0.406,2.668,True,2626908,14221312,7667712.0,6553600.0,19267584.0,0.0416666666666666,770048.0,4,11491509,,4.37453805005733,"{""block_cap"": 0.35}",True,results\plans\case_097_p3_n4_capls_best.json,False,case_097,3,4,False
3,capls,c0,0,0.632,3.346,True,2102250,21311488,17039360.0,4272128.0,26357760.0,0.245234662822361,6270976.0,5,11491509,,5.466290403139493,"{""block_cap"": 0.35}",True,results\plans\case_097_p3_n5_capls_best.json,False,case_097,3,5,False
1,capls,c12,0,0.06,0.408,True,106182,1847330,1847330.0,0.0,2545324.0,,,10,177430,,1.6709988510293647,"{""block_cap"": 0.35, ""init"": ""rr"", ""level_mode"": ""alap_fill""}",True,results\plans\case_098_p1_n2_capls_best.json,False,case_098,1,2,False
1,capls,sa1,0,0.377,0.375,True,87882,2360572,2360572.0,0.0,3058566.0,,,22,177430,,2.0189572381147447,"{""anneal"": true}",True,results\plans\case_098_p1_n3_capls_best.json,False,case_098,1,3,False
1,capls,c2,0,0.158,0.396,True,86165,2366744,2366744.0,0.0,3064738.0,,,29,177430,,2.0591887657401498,"{""block_cap"": 0.35, ""init"": ""rr""}",True,results\plans\case_098_p1_n4_capls_best.json,False,case_098,1,4,False
1,capls,c0,0,0.18,0.267,True,75917,1614026,1614026.0,0.0,2312020.0,,,28,177430,,2.337157685366914,"{""block_cap"": 0.35}",True,results\plans\case_098_p1_n5_capls_best.json,False,case_098,1,5,False
2,capls,s8,8,0.174,0.252,True,87157,960674,899234.0,61440.0,1658668.0,,,1365,177430,,2.0357515747444266,"{""alpha"": 0.8, ""block_cap"": 0.15, ""init"": ""rr"", ""mu"": 1.0, ""noise"": 0.05, ""nu"": 0.5, ""subgraph_mode"": ""op""}",True,results\plans\case_098_p2_n2_capls_best.json,False,case_098,2,2,False
2,capls,c17,0,0.205,0.251,True,64508,1341690,1341690.0,0.0,2039684.0,,,1365,177430,,2.7505115644571214,"{""alpha"": 0.8, ""block_cap"": 0.15, ""init"": ""rr"", ""mu"": 1.0, ""nu"": 0.5, ""subgraph_mode"": ""op""}",True,results\plans\case_098_p2_n3_capls_best.json,False,case_098,2,3,False
2,capls,mono_embed_n3,4,0.225,0.288,True,64508,1341690,1341690.0,0.0,2039684.0,,,1365,177430,,2.7505115644571214,"{""alpha"": 0.8, ""block_cap"": 0.35, ""init"": ""rr"", ""mu"": 1.0, ""noise"": 0.05, ""nu"": 0.5, ""subgraph_mode"": ""op""}",True,results/final_plans_mono/p2/n4/case_098_multicore_res.json,False,case_098,2,4,True
2,capls,s16,16,0.268,0.29,True,60773,1254586,1250490.0,4096.0,1952580.0,,,1365,177430,,2.9195530910108105,"{""alpha"": 1.0, ""block_cap"": 0.35, ""init"": ""rr"", ""mu"": 1.0, ""noise"": 0.05, ""nu"": 0.5, ""subgraph_mode"": ""op""}",True,results\plans\case_098_p2_n5_capls_best.json,False,case_098,2,5,False
3,capls,s8,8,0.179,0.334,True,87088,960674,899234.0,61440.0,1658668.0,0.1774168100087861,229390.0,1365,177430,,2.0373645048686386,"{""alpha"": 0.8, ""block_cap"": 0.15, ""init"": ""rr"", ""mu"": 1.0, ""noise"": 0.05, ""nu"": 0.5, ""subgraph_mode"": ""op""}",True,results\plans\case_098_p3_n2_capls_best.json,False,case_098,3,2,False
3,capls,c17,0,0.218,0.303,True,64155,1341690,1341690.0,0.0,2039684.0,0.2908571735609509,454704.0,1365,177430,,2.7656457018159144,"{""alpha"": 0.8, ""block_cap"": 0.15, ""init"": ""rr"", ""mu"": 1.0, ""nu"": 0.5, ""subgraph_mode"": ""op""}",True,results\plans\case_098_p3_n3_capls_best.json,False,case_098,3,3,False
3,capls,mono_embed_n3,8,0.228,0.278,True,64155,1341690,1341690.0,0.0,2039684.0,0.2908571735609509,454704.0,1365,177430,,2.7656457018159144,"{""alpha"": 1.0, ""block_cap"": 0.35, ""init"": ""rr"", ""mu"": 1.0, ""noise"": 0.05, ""nu"": 0.5, ""subgraph_mode"": ""op""}",True,results/final_plans_mono/p3/n4/case_098_multicore_res.json,False,case_098,3,4,True
3,capls,s3,3,0.281,0.303,True,56819,2001274,2001274.0,0.0,2699268.0,0.3493663347444764,725070.0,1365,177430,,3.1227230327883277,"{""alpha"": 0.8, ""block_cap"": 0.15, ""init"": ""rr"", ""mu"": 1.0, ""noise"": 0.05, ""nu"": 0.5, ""subgraph_mode"": ""op""}",True,results\plans\case_098_p3_n5_capls_best.json,False,case_098,3,5,False
1,capls,c1,0,0.165,16.255,True,810196,7315456,1904640.0,5410816.0,9849492.0,,,2,1622999,,2.003217739904912,"{""block_cap"": 0.15}",True,results\plans\case_099_p1_n2_capls_best.json,False,case_099,1,2,False
1,capls,c1,0,0.259,15.874,True,544403,8798208,3809280.0,4988928.0,11332244.0,,,3,1622999,,2.981245511137889,"{""block_cap"": 0.15}",True,results\plans\case_099_p1_n3_capls_best.json,False,case_099,1,3,False
1,capls,c0,0,0.39,13.66,True,407859,9818112,5652480.0,4165632.0,12352148.0,,,4,1622999,,3.979313929568797,"{""block_cap"": 0.35}",True,results\plans\case_099_p1_n4_capls_best.json,False,case_099,1,4,False
1,capls,c3,0,0.965,10.653,True,337370,6799360,5296128.0,1503232.0,9333396.0,,,5,1622999,,4.81073895129976,"{""block_cap"": 0.35, ""init"": ""contig""}",True,results\plans\case_099_p1_n5_capls_best.json,False,case_099,1,5,False
2,capls,c1,0,0.21,1.037,True,810196,7315456,1904640.0,5410816.0,9849492.0,,,2,1622999,,2.003217739904912,"{""block_cap"": 0.15}",True,results\plans\case_099_p2_n2_capls_best.json,False,case_099,2,2,False
2,capls,c1,0,0.28,2.151,True,544403,8798208,3809280.0,4988928.0,11332244.0,,,3,1622999,,2.981245511137889,"{""block_cap"": 0.15}",True,results\plans\case_099_p2_n3_capls_best.json,False,case_099,2,3,False
2,capls,c9,0,0.336,3.574,True,405864,9782400,5652480.0,4129920.0,12316436.0,,,16,1622999,,3.998874007056551,"{""block_cap"": 0.35, ""max_ops"": 500}",True,results\plans\case_099_p2_n4_capls_best.json,False,case_099,2,4,False
2,capls,c4,0,0.446,1.397,True,336565,10702848,7127040.0,3575808.0,13236884.0,,,202,1622999,,4.8222453315110005,"{""block_cap"": 0.35, ""subgraph_mode"": ""block""}",True,results\plans\case_099_p2_n5_capls_best.json,False,case_099,2,5,False
3,capls,c1,0,0.178,1.374,True,805721,7315456,1904640.0,5410816.0,9849492.0,0.4537207912042211,4468736.0,2,1622999,,2.014343674795618,"{""block_cap"": 0.15}",True,results\plans\case_099_p3_n2_capls_best.json,False,case_099,3,2,False
3,capls,c1,0,0.249,1.684,True,540586,8798208,3809280.0,4988928.0,11332244.0,0.5103806619225122,5783552.0,3,1622999,,3.0022956569352517,"{""block_cap"": 0.15}",True,results\plans\case_099_p3_n3_capls_best.json,False,case_099,3,3,False
3,capls,c0,0,0.369,2.381,True,404548,9818112,5652480.0,4165632.0,12352148.0,0.5833074260606438,7204864.0,4,1622999,,4.0118823971444675,"{""block_cap"": 0.35}",True,results\plans\case_099_p3_n4_capls_best.json,False,case_099,3,4,False
3,capls,c0,0,0.51,1.979,True,327016,10776576,7127040.0,3649536.0,13310612.0,0.5496124478295155,7315456.0,5,1622999,,4.963056853487291,"{""block_cap"": 0.35}",True,results\plans\case_099_p3_n5_capls_best.json,False,case_099,3,5,False
1,capls,c12,0,0.064,0.422,True,90879,1364804,1364804.0,0.0,1819402.0,,,8,151223,,1.6640037852529188,"{""block_cap"": 0.35, ""init"": ""rr"", ""level_mode"": ""alap_fill""}",True,results\plans\case_100_p1_n2_capls_best.json,False,case_100,1,2,False
1,capls,c12,0,0.08,0.3,True,63340,1249162,1249162.0,0.0,1703760.0,,,12,151223,,2.3874802652352383,"{""block_cap"": 0.35, ""init"": ""rr"", ""level_mode"": ""alap_fill""}",True,results\plans\case_100_p1_n3_capls_best.json,False,case_100,1,3,False
1,capls,mono_embed_n3,0,0.188,0.42,True,63340,1249162,1249162.0,0.0,1703760.0,,,12,151223,,2.3874802652352383,"{""block_cap"": 0.35, ""init"": ""rr"", ""level_mode"": ""alap_fill""}",True,results/final_plans_mono/p1/n4/case_100_multicore_res.json,False,case_100,1,4,True
1,capls,mono_embed_n3,0,0.481,0.478,True,63340,1249162,1249162.0,0.0,1703760.0,,,12,151223,,2.3874802652352383,"{""anneal"": true}",True,results/final_plans_mono/p1/n5/case_100_multicore_res.json,False,case_100,1,5,True
2,capls,c12,0,0.051,0.137,True,85674,306188,301580.0,4608.0,760786.0,,,8,151223,,1.7650979293601325,"{""block_cap"": 0.35, ""init"": ""rr"", ""level_mode"": ""alap_fill""}",True,results\plans\case_100_p2_n2_capls_best.json,False,case_100,2,2,False
2,capls,c17,0,0.267,0.234,True,58138,1351892,1319124.0,32768.0,1806490.0,,,1394,151223,,2.6011042691527058,"{""alpha"": 0.8, ""block_cap"": 0.15, ""init"": ""rr"", ""mu"": 1.0, ""nu"": 0.5, ""subgraph_mode"": ""op""}",True,results\plans\case_100_p2_n3_capls_best.json,False,case_100,2,3,False
2,capls,s2,2,0.343,0.279,True,52711,1060858,1060858.0,0.0,1515456.0,,,1394,151223,,2.868907818102483,"{""alpha"": 0.8, ""block_cap"": 0.15, ""init"": ""rr"", ""mu"": 1.0, ""noise"": 0.05, ""nu"": 0.5, ""subgraph_mode"": ""op""}",True,results\plans\case_100_p2_n4_capls_best.json,False,case_100,2,4,False
2,capls,s2,2,0.322,0.355,True,50168,948468,948468.0,0.0,1403066.0,,,1394,151223,,3.014331845000797,"{""alpha"": 0.8, ""block_cap"": 0.15, ""init"": ""rr"", ""mu"": 1.0, ""noise"": 0.05, ""nu"": 0.5, ""subgraph_mode"": ""op""}",True,results\plans\case_100_p2_n5_capls_best.json,False,case_100,2,5,False
3,capls,c12,0,0.054,0.406,True,85674,306188,301580.0,4608.0,760786.0,0.40758821653124,301568.0,8,151223,,1.7650979293601325,"{""block_cap"": 0.35, ""init"": ""rr"", ""level_mode"": ""alap_fill""}",True,results\plans\case_100_p3_n2_capls_best.json,False,case_100,3,2,False
3,capls,c17,0,0.236,0.268,True,58137,1351892,1319124.0,32768.0,1806490.0,0.4342784162027152,613420.0,1394,151223,,2.60114901009684,"{""alpha"": 0.8, ""block_cap"": 0.15, ""init"": ""rr"", ""mu"": 1.0, ""nu"": 0.5, ""subgraph_mode"": ""op""}",True,results\plans\case_100_p3_n3_capls_best.json,False,case_100,3,3,False
3,capls,s2,2,0.339,0.377,True,49109,1560842,1560842.0,0.0,2015440.0,0.4864453097273344,767564.0,1394,151223,,3.0793337270154146,"{""alpha"": 0.8, ""block_cap"": 0.15, ""init"": ""rr"", ""mu"": 1.0, ""noise"": 0.05, ""nu"": 0.5, ""subgraph_mode"": ""op""}",True,results\plans\case_100_p3_n4_capls_best.json,False,case_100,3,4,False
3,capls,s13,13,0.33,0.352,True,46608,2045040,2045040.0,0.0,2499638.0,0.6501327082507713,1387876.0,1394,151223,,3.2445717473395126,"{""alpha"": 0.8, ""block_cap"": 0.15, ""init"": ""rr"", ""mu"": 1.0, ""noise"": 0.05, ""nu"": 0.5, ""subgraph_mode"": ""op""}",True,results\plans\case_100_p3_n5_capls_best.json,False,case_100,3,5,False
