case,problem,eval_problem,num_cores,algorithm,variant,runtime_s,eval_s,feasible,makespan,added_copy_bytes,cache_hit_rate,baseline_makespan,n_subgraphs,error,speedup
case_001,3,3,3,ablation,full,0.026,0.065,True,78545,2304,0.0,233110,3,,2.9678528232223567
case_001,3,3,3,ablation,no_comm,0.009,0.066,True,81663,100608,0.03689292405245713,233110,6,,2.8545363261207646
case_001,3,3,3,ablation,no_balance,0.003,0.065,True,78545,2304,0.0,233110,3,,2.9678528232223567
case_001,3,3,3,ablation,no_sync,0.014,0.066,True,78545,2304,0.0,233110,3,,2.9678528232223567
case_001,3,3,3,ablation,no_localsearch,0.005,0.101,True,78545,2304,0.0,233110,3,,2.9678528232223567
case_001,3,3,3,ablation,no_cache_aware,0.019,0.094,True,78545,2304,0.0,233110,3,,2.9678528232223567
case_001,3,3,3,ablation,no_level,0.027,0.069,True,78545,2304,0.0,233110,200,,2.9678528232223567
case_001,2,2,2,ablation,full,0.02,0.094,True,116868,1152,,233110,2,,1.9946435294520313
case_001,2,2,2,ablation,no_comm,0.006,0.092,True,119765,38016,,233110,4,,1.9463950235878595
case_001,2,2,2,ablation,no_balance,0.003,0.075,True,116868,1152,,233110,2,,1.9946435294520313
case_001,2,2,2,ablation,no_sync,0.015,0.097,True,116868,1152,,233110,2,,1.9946435294520313
case_001,2,2,2,ablation,no_localsearch,0.005,0.108,True,116868,1152,,233110,2,,1.9946435294520313
case_001,2,2,2,ablation,no_cache_aware,0.017,0.077,True,116868,1152,,233110,2,,1.9946435294520313
case_001,2,2,2,ablation,no_level,0.011,0.066,True,116868,1152,,233110,200,,1.9946435294520313
case_001,2,2,3,ablation,full,0.025,0.096,True,78545,2304,,233110,3,,2.9678528232223567
case_001,2,2,3,ablation,no_comm,0.013,0.082,True,81697,100608,,233110,6,,2.8533483481645594
case_001,2,2,3,ablation,no_balance,0.003,0.099,True,78545,2304,,233110,3,,2.9678528232223567
case_001,2,2,3,ablation,no_sync,0.022,0.072,True,78545,2304,,233110,3,,2.9678528232223567
case_001,2,2,3,ablation,no_localsearch,0.005,0.091,True,78545,2304,,233110,3,,2.9678528232223567
case_001,2,2,3,ablation,no_cache_aware,0.024,0.081,True,78545,2304,,233110,3,,2.9678528232223567
case_001,2,2,3,ablation,no_level,0.03,0.069,True,78545,2304,,233110,200,,2.9678528232223567
case_001,3,3,2,ablation,full,0.017,0.105,True,116868,1152,0.0,233110,2,,1.9946435294520313
case_001,3,3,2,ablation,no_comm,0.006,0.074,True,119765,38016,0.014523449319213313,233110,4,,1.9463950235878595
case_001,3,3,2,ablation,no_balance,0.003,0.105,True,116868,1152,0.0,233110,2,,1.9946435294520313
case_001,3,3,2,ablation,no_sync,0.009,0.108,True,116868,1152,0.0,233110,2,,1.9946435294520313
case_001,3,3,2,ablation,no_localsearch,0.009,0.087,True,116868,1152,0.0,233110,2,,1.9946435294520313
case_001,3,3,2,ablation,no_cache_aware,0.012,0.067,True,116868,1152,0.0,233110,2,,1.9946435294520313
case_001,3,3,2,ablation,no_level,0.012,0.07,True,116868,1152,0.0,233110,200,,1.9946435294520313
case_001,3,3,4,ablation,full,0.043,0.096,True,58984,3456,0.0,233110,4,,3.952088702020887
case_001,3,3,4,ablation,no_comm,0.016,0.071,True,60938,138624,0.04929971988795518,233110,8,,3.8253634841970525
case_001,3,3,4,ablation,no_balance,0.003,0.065,True,58984,3456,0.0,233110,4,,3.952088702020887
case_001,3,3,4,ablation,no_sync,0.019,0.066,True,58984,3456,0.0,233110,4,,3.952088702020887
case_001,3,3,4,ablation,no_localsearch,0.005,0.093,True,58984,3456,0.0,233110,4,,3.952088702020887
case_001,3,3,4,ablation,no_cache_aware,0.027,0.063,True,58984,3456,0.0,233110,4,,3.952088702020887
case_001,3,3,4,ablation,no_level,0.028,0.065,True,58984,3456,0.0,233110,200,,3.952088702020887
case_001,2,2,5,ablation,full,0.046,0.062,True,47502,4608,,233110,5,,4.9073723211654245
case_001,2,2,5,ablation,no_comm,0.016,0.1,True,51538,176640,,233110,10,,4.523070355853933
case_001,2,2,5,ablation,no_balance,0.003,0.094,True,47502,4608,,233110,5,,4.9073723211654245
case_001,2,2,5,ablation,no_sync,0.023,0.058,True,47502,4608,,233110,5,,4.9073723211654245
case_001,2,2,5,ablation,no_localsearch,0.005,0.066,True,47502,4608,,233110,5,,4.9073723211654245
case_001,2,2,5,ablation,no_cache_aware,0.052,0.096,True,47502,4608,,233110,5,,4.9073723211654245
case_001,2,2,5,ablation,no_level,0.056,0.079,True,47502,4608,,233110,200,,4.9073723211654245
case_001,1,1,4,ablation,full,0.034,0.077,True,58984,3456,,233110,4,,3.952088702020887
case_001,1,1,4,ablation,no_comm,0.02,0.101,True,63280,138624,,233110,8,,3.683786346396966
case_001,1,1,4,ablation,no_balance,0.006,0.107,True,58984,3456,,233110,4,,3.952088702020887
case_001,1,1,4,ablation,no_sync,0.019,0.077,True,58984,3456,,233110,4,,3.952088702020887
case_001,1,1,4,ablation,no_localsearch,0.005,0.096,True,58984,3456,,233110,4,,3.952088702020887
case_001,1,1,4,ablation,no_cache_aware,0.029,0.093,True,58984,3456,,233110,4,,3.952088702020887
case_001,1,1,4,ablation,no_level,0.026,0.161,True,102300,229248,,233110,200,,2.278690127077224
case_001,2,2,4,ablation,full,0.044,0.095,True,58984,3456,,233110,4,,3.952088702020887
case_001,2,2,4,ablation,no_comm,0.015,0.097,True,61188,138624,,233110,8,,3.8097339347584493
case_001,2,2,4,ablation,no_balance,0.004,0.101,True,58984,3456,,233110,4,,3.952088702020887
case_001,2,2,4,ablation,no_sync,0.026,0.07,True,58984,3456,,233110,4,,3.952088702020887
case_001,2,2,4,ablation,no_localsearch,0.005,0.093,True,58984,3456,,233110,4,,3.952088702020887
case_001,2,2,4,ablation,no_cache_aware,0.043,0.105,True,58984,3456,,233110,4,,3.952088702020887
case_001,2,2,4,ablation,no_level,0.043,0.09,True,58984,3456,,233110,200,,3.952088702020887
case_001,1,1,5,ablation,full,0.04,0.075,True,47502,4608,,233110,5,,4.9073723211654245
case_001,1,1,5,ablation,no_comm,0.016,0.078,True,53583,176640,,233110,10,,4.35044697012112
case_001,1,1,5,ablation,no_balance,0.003,0.074,True,47502,4608,,233110,5,,4.9073723211654245
case_001,1,1,5,ablation,no_sync,0.024,0.074,True,47502,4608,,233110,5,,4.9073723211654245
case_001,1,1,5,ablation,no_localsearch,0.005,0.112,True,47502,4608,,233110,5,,4.9073723211654245
case_001,1,1,5,ablation,no_cache_aware,0.035,0.09,True,47502,4608,,233110,5,,4.9073723211654245
case_001,1,1,5,ablation,no_level,0.034,0.23,True,88140,229248,,233110,200,,2.6447696845926933
case_001,3,3,5,ablation,full,0.051,0.101,True,47502,4608,0.0,233110,5,,4.9073723211654245
case_001,3,3,5,ablation,no_comm,0.025,0.09,True,50915,176640,0.06102710802343005,233110,10,,4.578415005401159
case_001,3,3,5,ablation,no_balance,0.003,0.097,True,47502,4608,0.0,233110,5,,4.9073723211654245
case_001,3,3,5,ablation,no_sync,0.033,0.091,True,47502,4608,0.0,233110,5,,4.9073723211654245
case_001,3,3,5,ablation,no_localsearch,0.005,0.089,True,47502,4608,0.0,233110,5,,4.9073723211654245
case_001,3,3,5,ablation,no_cache_aware,0.053,0.082,True,47502,4608,0.0,233110,5,,4.9073723211654245
case_001,3,3,5,ablation,no_level,0.039,0.07,True,47502,4608,0.0,233110,200,,4.9073723211654245
case_001,1,1,3,ablation,full,0.029,0.094,True,78545,2304,,233110,3,,2.9678528232223567
case_001,1,1,3,ablation,no_comm,0.014,0.131,True,83453,100608,,233110,6,,2.793308808550921
case_001,1,1,3,ablation,no_balance,0.006,0.109,True,78545,2304,,233110,3,,2.9678528232223567
case_001,1,1,3,ablation,no_sync,0.021,0.121,True,78545,2304,,233110,3,,2.9678528232223567
case_001,1,1,3,ablation,no_localsearch,0.008,0.14,True,78545,2304,,233110,3,,2.9678528232223567
case_001,1,1,3,ablation,no_cache_aware,0.031,0.115,True,78545,2304,,233110,3,,2.9678528232223567
case_001,1,1,3,ablation,no_level,0.019,0.198,True,126372,229248,,233110,200,,1.8446333048460102
case_001,1,1,2,ablation,full,0.032,0.147,True,116868,1152,,233110,2,,1.9946435294520313
case_001,1,1,2,ablation,no_comm,0.008,0.122,True,120451,38016,,233110,4,,1.935309794024126
case_001,1,1,2,ablation,no_balance,0.004,0.135,True,116868,1152,,233110,2,,1.9946435294520313
case_001,1,1,2,ablation,no_sync,0.009,0.162,True,116868,1152,,233110,2,,1.9946435294520313
case_001,1,1,2,ablation,no_localsearch,0.007,0.14,True,116868,1152,,233110,2,,1.9946435294520313
case_001,1,1,2,ablation,no_cache_aware,0.012,0.133,True,116868,1152,,233110,2,,1.9946435294520313
case_001,1,1,2,ablation,no_level,0.017,0.235,True,173100,229248,,233110,200,,1.346678220681687
case_002,2,2,4,ablation,full,0.076,0.261,True,68972,141312,,261945,13,,3.7978455025227627
case_002,2,2,4,ablation,no_comm,0.049,0.235,True,68972,141312,,261945,13,,3.7978455025227627
case_002,2,2,4,ablation,no_balance,0.017,0.145,True,69160,181248,,261945,13,,3.7875216888374785
case_002,2,2,4,ablation,no_sync,0.049,0.161,True,68972,141312,,261945,13,,3.7978455025227627
case_002,2,2,4,ablation,no_localsearch,0.019,0.156,True,68972,141312,,261945,13,,3.7978455025227627
case_002,2,2,4,ablation,no_cache_aware,0.05,0.144,True,68972,141312,,261945,13,,3.7978455025227627
case_002,2,2,4,ablation,no_level,0.048,0.164,True,218311,141312,,261945,12,,1.1998708264814875
case_002,2,2,3,ablation,full,0.044,0.19,True,92068,125952,,261945,9,,2.8451253421384193
case_002,2,2,3,ablation,no_comm,0.04,0.168,True,92068,125952,,261945,9,,2.8451253421384193
case_002,2,2,3,ablation,no_balance,0.019,0.229,True,92848,138240,,261945,9,,2.8212239358952265
case_002,2,2,3,ablation,no_sync,0.056,0.242,True,92068,125952,,261945,9,,2.8451253421384193
case_002,2,2,3,ablation,no_localsearch,0.027,0.204,True,92068,125952,,261945,9,,2.8451253421384193
case_002,2,2,3,ablation,no_cache_aware,0.038,0.159,True,92068,125952,,261945,9,,2.8451253421384193
case_002,2,2,3,ablation,no_level,0.056,0.201,True,209050,125952,,261945,9,,1.253025591963645
case_002,2,2,2,ablation,full,0.029,0.194,True,134613,75264,,261945,6,,1.9459116132914354
case_002,2,2,2,ablation,no_comm,0.03,0.206,True,134613,75264,,261945,6,,1.9459116132914354
case_002,2,2,2,ablation,no_balance,0.017,0.187,True,136209,90624,,261945,6,,1.9231108076558818
case_002,2,2,2,ablation,no_sync,0.035,0.231,True,134613,75264,,261945,6,,1.9459116132914354
case_002,2,2,2,ablation,no_localsearch,0.033,0.228,True,134613,75264,,261945,6,,1.9459116132914354
case_002,2,2,2,ablation,no_cache_aware,0.056,0.2,True,134613,75264,,261945,6,,1.9459116132914354
case_002,2,2,2,ablation,no_level,0.045,0.195,True,235944,75264,,261945,6,,1.1101998779371376
case_002,2,2,5,ablation,full,0.089,0.193,True,57042,144384,,261945,17,,4.59214263174503
case_002,2,2,5,ablation,no_comm,0.065,0.173,True,57042,144384,,261945,17,,4.59214263174503
case_002,2,2,5,ablation,no_balance,0.015,0.178,True,57143,207360,,261945,16,,4.5840260399349
case_002,2,2,5,ablation,no_sync,0.079,0.182,True,57042,144384,,261945,17,,4.59214263174503
case_002,2,2,5,ablation,no_localsearch,0.019,0.159,True,57042,144384,,261945,17,,4.59214263174503
case_002,2,2,5,ablation,no_cache_aware,0.076,0.153,True,57042,144384,,261945,17,,4.59214263174503
case_002,2,2,5,ablation,no_level,0.06,0.242,True,219838,144384,,261945,15,,1.19153649505545
case_002,3,3,2,ablation,full,0.045,0.211,True,134572,75264,0.01090909090909091,261945,6,,1.9465044734417263
case_002,3,3,2,ablation,no_comm,0.022,0.225,True,134572,75264,0.01090909090909091,261945,6,,1.9465044734417263
case_002,3,3,2,ablation,no_balance,0.015,0.209,True,136168,90624,0.010843373493975903,261945,6,,1.9236898537101228
case_002,3,3,2,ablation,no_sync,0.036,0.248,True,134572,75264,0.01090909090909091,261945,6,,1.9465044734417263
case_002,3,3,2,ablation,no_localsearch,0.027,0.233,True,134572,75264,0.01090909090909091,261945,6,,1.9465044734417263
case_002,3,3,2,ablation,no_cache_aware,0.036,0.275,True,134572,75264,0.01090909090909091,261945,6,,1.9465044734417263
case_002,3,3,2,ablation,no_level,0.041,0.243,True,235821,75264,0.01090909090909091,261945,6,,1.1107789382624957
case_002,3,3,3,ablation,full,0.058,0.212,True,92027,125952,0.02127659574468085,261945,9,,2.8463929064296347
case_002,3,3,3,ablation,no_comm,0.039,0.205,True,92027,125952,0.02127659574468085,261945,9,,2.8463929064296347
case_002,3,3,3,ablation,no_balance,0.032,0.225,True,92807,138240,0.021176470588235293,261945,9,,2.8224702878015666
case_002,3,3,3,ablation,no_sync,0.048,0.193,True,92027,125952,0.02127659574468085,261945,9,,2.8463929064296347
case_002,3,3,3,ablation,no_localsearch,0.024,0.247,True,92027,125952,0.02127659574468085,261945,9,,2.8463929064296347
case_002,3,3,3,ablation,no_cache_aware,0.046,0.22,True,92027,125952,0.02127659574468085,261945,9,,2.8463929064296347
case_002,3,3,3,ablation,no_level,0.057,0.237,True,208804,125952,0.02127659574468085,261945,9,,1.2545018294668684
case_002,3,3,5,ablation,full,0.084,0.212,True,57001,144384,0.02112676056338028,261945,17,,4.595445693935194
case_002,3,3,5,ablation,no_comm,0.076,0.156,True,57001,144384,0.02112676056338028,261945,17,,4.595445693935194
case_002,3,3,5,ablation,no_balance,0.028,0.227,True,57014,207360,0.03078677309007982,261945,16,,4.594397867190515
case_002,3,3,5,ablation,no_sync,0.091,0.18,True,57001,144384,0.02112676056338028,261945,17,,4.595445693935194
case_002,3,3,5,ablation,no_localsearch,0.023,0.197,True,57001,144384,0.02112676056338028,261945,17,,4.595445693935194
case_002,3,3,5,ablation,no_cache_aware,0.067,0.172,True,57001,144384,0.02112676056338028,261945,17,,4.595445693935194
case_002,3,3,5,ablation,no_level,0.072,0.229,True,219592,144384,0.02112676056338028,261945,15,,1.1928713250027323
case_002,3,3,4,ablation,full,0.05,0.194,True,68908,141312,0.021151586368977675,261945,13,,3.8013728449526907
case_002,3,3,4,ablation,no_comm,0.052,0.219,True,68908,141312,0.021151586368977675,261945,13,,3.8013728449526907
case_002,3,3,4,ablation,no_balance,0.016,0.244,True,69078,181248,0.02768166089965398,261945,13,,3.792017719100148
case_002,3,3,4,ablation,no_sync,0.079,0.194,True,68908,141312,0.021151586368977675,261945,13,,3.8013728449526907
case_002,3,3,4,ablation,no_localsearch,0.021,0.227,True,68908,141312,0.021151586368977675,261945,13,,3.8013728449526907
case_002,3,3,4,ablation,no_cache_aware,0.076,0.214,True,68908,141312,0.021151586368977675,261945,13,,3.8013728449526907
case_002,3,3,4,ablation,no_level,0.075,0.229,True,218065,141312,0.021151586368977675,261945,12,,1.2012244055671475
case_002,1,1,5,ablation,full,0.064,0.26,True,60679,233472,,261945,17,,4.316897114322912
case_002,1,1,5,ablation,no_comm,0.06,0.335,True,60679,233472,,261945,17,,4.316897114322912
case_002,1,1,5,ablation,no_balance,0.016,0.344,True,60106,317952,,261945,16,,4.358050776960702
case_002,1,1,5,ablation,no_sync,0.061,0.265,True,60679,233472,,261945,17,,4.316897114322912
case_002,1,1,5,ablation,no_localsearch,0.03,0.363,True,60679,233472,,261945,17,,4.316897114322912
case_002,1,1,5,ablation,no_cache_aware,0.079,0.376,True,60679,233472,,261945,17,,4.316897114322912
case_002,1,1,5,ablation,no_level,0.085,0.276,True,274763,210432,,261945,15,,0.9533488861309565
case_002,1,1,4,ablation,full,0.071,0.32,True,72534,224256,,261945,13,,3.611340888410952
case_002,1,1,4,ablation,no_comm,0.06,0.422,True,72534,224256,,261945,13,,3.611340888410952
case_002,1,1,4,ablation,no_balance,0.022,0.399,True,71570,267264,,261945,13,,3.6599832331982673
case_002,1,1,4,ablation,no_sync,0.062,0.35,True,72534,224256,,261945,13,,3.611340888410952
case_002,1,1,4,ablation,no_localsearch,0.034,0.358,True,72534,224256,,261945,13,,3.611340888410952
case_002,1,1,4,ablation,no_cache_aware,0.069,0.308,True,72534,224256,,261945,13,,3.611340888410952
case_002,1,1,4,ablation,no_level,0.049,0.251,True,273164,184320,,261945,12,,0.9589294343324889
case_002,1,1,3,ablation,full,0.051,0.385,True,93903,184320,,261945,9,,2.7895274911344687
case_002,1,1,3,ablation,no_comm,0.045,0.452,True,93903,184320,,261945,9,,2.7895274911344687
case_002,1,1,3,ablation,no_balance,0.019,0.451,True,94832,199680,,261945,9,,2.762200523030201
case_002,1,1,3,ablation,no_sync,0.055,0.44,True,93903,184320,,261945,9,,2.7895274911344687
case_002,1,1,3,ablation,no_localsearch,0.032,0.486,True,93903,184320,,261945,9,,2.7895274911344687
case_002,1,1,3,ablation,no_cache_aware,0.055,0.472,True,93903,184320,,261945,9,,2.7895274911344687
case_002,1,1,3,ablation,no_level,0.057,0.27,True,270821,141312,,261945,9,,0.9672255844266139
case_004,1,1,2,ablation,full,0.012,0.112,True,199074,110592,,392357,2,,1.9709103147573264
case_004,1,1,2,ablation,no_comm,0.007,0.156,True,200230,119808,,392357,3,,1.95953153873046
case_004,1,1,2,ablation,no_balance,0.008,0.11,True,199074,110592,,392357,2,,1.9709103147573264
case_004,1,1,2,ablation,no_sync,0.011,0.106,True,199074,110592,,392357,2,,1.9709103147573264
case_004,1,1,2,ablation,no_localsearch,0.02,0.132,True,199074,110592,,392357,2,,1.9709103147573264
case_004,1,1,2,ablation,no_cache_aware,0.012,0.113,True,199074,110592,,392357,2,,1.9709103147573264
case_004,1,1,2,ablation,no_level,0.018,0.151,True,289507,12165120,,392357,111,,1.3552591129057328
case_002,1,1,2,ablation,full,0.043,0.493,True,136165,112128,,261945,6,,1.9237322366246832
case_002,1,1,2,ablation,no_comm,0.024,0.595,True,136165,112128,,261945,6,,1.9237322366246832
case_002,1,1,2,ablation,no_balance,0.025,0.547,True,137773,133632,,261945,6,,1.9012796411488464
case_002,1,1,2,ablation,no_sync,0.029,0.471,True,136165,112128,,261945,6,,1.9237322366246832
case_002,1,1,2,ablation,no_localsearch,0.029,0.574,True,136165,112128,,261945,6,,1.9237322366246832
case_002,1,1,2,ablation,no_cache_aware,0.033,0.5,True,136165,112128,,261945,6,,1.9237322366246832
case_002,1,1,2,ablation,no_level,0.042,0.276,True,267074,93696,,261945,6,,0.9807955847443031
case_004,1,1,3,ablation,full,0.023,0.142,True,134043,221184,,392357,3,,2.927098020784375
case_004,1,1,3,ablation,no_comm,0.015,0.121,True,138311,387072,,392357,6,,2.8367736477937404
case_004,1,1,3,ablation,no_balance,0.004,0.113,True,134043,221184,,392357,3,,2.927098020784375
case_004,1,1,3,ablation,no_sync,0.021,0.122,True,134043,221184,,392357,3,,2.927098020784375
case_004,1,1,3,ablation,no_localsearch,0.008,0.14,True,134043,221184,,392357,3,,2.927098020784375
case_004,1,1,3,ablation,no_cache_aware,0.026,0.134,True,134043,221184,,392357,3,,2.927098020784375
case_004,1,1,3,ablation,no_level,0.019,0.178,True,263895,12165120,,392357,111,,1.48679209534095
case_004,1,1,4,ablation,full,0.025,0.128,True,104188,331776,,392357,4,,3.765855952700887
case_004,1,1,4,ablation,no_comm,0.023,0.116,True,108965,740352,,392357,8,,3.6007617124764835
case_004,1,1,4,ablation,no_balance,0.004,0.078,True,104188,331776,,392357,4,,3.765855952700887
case_004,1,1,4,ablation,no_sync,0.029,0.118,True,104188,331776,,392357,4,,3.765855952700887
case_004,1,1,4,ablation,no_localsearch,0.009,0.132,True,104188,331776,,392357,4,,3.765855952700887
case_004,1,1,4,ablation,no_cache_aware,0.037,0.119,True,104188,331776,,392357,4,,3.765855952700887
case_004,1,1,4,ablation,no_level,0.024,0.135,True,252303,12165120,,392357,111,,1.5551023967214024
case_004,2,2,2,ablation,full,0.012,0.08,True,199074,110592,,392357,2,,1.9709103147573264
case_004,2,2,2,ablation,no_comm,0.01,0.115,True,199678,119808,,392357,3,,1.964948567193181
case_004,2,2,2,ablation,no_balance,0.008,0.114,True,199074,110592,,392357,2,,1.9709103147573264
case_004,2,2,2,ablation,no_sync,0.016,0.09,True,199074,110592,,392357,2,,1.9709103147573264
case_004,2,2,2,ablation,no_localsearch,0.008,0.117,True,199074,110592,,392357,2,,1.9709103147573264
case_004,2,2,2,ablation,no_cache_aware,0.016,0.089,True,199074,110592,,392357,2,,1.9709103147573264
case_004,2,2,2,ablation,no_level,0.014,0.091,True,199074,110592,,392357,111,,1.9709103147573264
case_004,2,2,3,ablation,full,0.025,0.101,True,134043,221184,,392357,3,,2.927098020784375
case_004,2,2,3,ablation,no_comm,0.017,0.088,True,135253,313344,,392357,6,,2.900911624880779
case_004,2,2,3,ablation,no_balance,0.004,0.094,True,134043,221184,,392357,3,,2.927098020784375
case_004,2,2,3,ablation,no_sync,0.017,0.065,True,134043,221184,,392357,3,,2.927098020784375
case_004,2,2,3,ablation,no_localsearch,0.006,0.066,True,134043,221184,,392357,3,,2.927098020784375
case_004,2,2,3,ablation,no_cache_aware,0.022,0.08,True,134043,221184,,392357,3,,2.927098020784375
case_004,2,2,3,ablation,no_level,0.028,0.114,True,134043,221184,,392357,111,,2.927098020784375
case_004,1,1,5,ablation,full,0.047,0.086,True,88341,442368,,392357,5,,4.441391879195391
case_004,1,1,5,ablation,no_comm,0.021,0.125,True,91718,783360,,392357,9,,4.2778625787740685
case_004,1,1,5,ablation,no_balance,0.007,0.126,True,88341,442368,,392357,5,,4.441391879195391
case_004,1,1,5,ablation,no_sync,0.041,0.131,True,88341,442368,,392357,5,,4.441391879195391
case_004,1,1,5,ablation,no_localsearch,0.01,0.078,True,88341,442368,,392357,5,,4.441391879195391
case_004,1,1,5,ablation,no_cache_aware,0.044,0.086,True,88341,442368,,392357,5,,4.441391879195391
case_004,1,1,5,ablation,no_level,0.032,0.186,True,247003,12165120,,392357,111,,1.5884705853775056
case_004,2,2,4,ablation,full,0.045,0.089,True,104188,331776,,392357,4,,3.765855952700887
case_004,2,2,4,ablation,no_comm,0.023,0.097,True,105684,531456,,392357,8,,3.7125487301767532
case_004,2,2,4,ablation,no_balance,0.004,0.087,True,104188,331776,,392357,4,,3.765855952700887
case_004,2,2,4,ablation,no_sync,0.035,0.099,True,104188,331776,,392357,4,,3.765855952700887
case_004,2,2,4,ablation,no_localsearch,0.009,0.111,True,104188,331776,,392357,4,,3.765855952700887
case_004,2,2,4,ablation,no_cache_aware,0.025,0.074,True,104188,331776,,392357,4,,3.765855952700887
case_004,2,2,4,ablation,no_level,0.038,0.086,True,104188,331776,,392357,111,,3.765855952700887
case_004,2,2,5,ablation,full,0.033,0.098,True,88341,442368,,392357,5,,4.441391879195391
case_004,2,2,5,ablation,no_comm,0.029,0.097,True,87898,635904,,392357,9,,4.463776195135271
case_004,2,2,5,ablation,no_balance,0.007,0.099,True,88341,442368,,392357,5,,4.441391879195391
case_004,2,2,5,ablation,no_sync,0.045,0.103,True,88341,442368,,392357,5,,4.441391879195391
case_004,2,2,5,ablation,no_localsearch,0.009,0.107,True,88341,442368,,392357,5,,4.441391879195391
case_004,2,2,5,ablation,no_cache_aware,0.046,0.067,True,88341,442368,,392357,5,,4.441391879195391
case_004,2,2,5,ablation,no_level,0.043,0.098,True,88341,442368,,392357,111,,4.441391879195391
case_004,3,3,3,ablation,full,0.022,0.085,True,134043,221184,0.0,392357,3,,2.927098020784375
case_004,3,3,3,ablation,no_comm,0.011,0.068,True,135253,313344,0.02531645569620253,392357,6,,2.900911624880779
case_004,3,3,3,ablation,no_balance,0.004,0.069,True,134043,221184,0.0,392357,3,,2.927098020784375
case_004,3,3,3,ablation,no_sync,0.017,0.098,True,134043,221184,0.0,392357,3,,2.927098020784375
case_004,3,3,3,ablation,no_localsearch,0.01,0.11,True,134043,221184,0.0,392357,3,,2.927098020784375
case_004,3,3,3,ablation,no_cache_aware,0.028,0.088,True,134043,221184,0.0,392357,3,,2.927098020784375
case_004,3,3,3,ablation,no_level,0.027,0.11,True,134043,221184,0.0,392357,111,,2.927098020784375
case_004,3,3,2,ablation,full,0.02,0.112,True,199074,110592,0.0,392357,2,,1.9709103147573264
case_004,3,3,2,ablation,no_comm,0.011,0.092,True,199678,119808,0.0,392357,3,,1.964948567193181
case_004,3,3,2,ablation,no_balance,0.008,0.119,True,199074,110592,0.0,392357,2,,1.9709103147573264
case_004,3,3,2,ablation,no_sync,0.014,0.099,True,199074,110592,0.0,392357,2,,1.9709103147573264
case_004,3,3,2,ablation,no_localsearch,0.006,0.092,True,199074,110592,0.0,392357,2,,1.9709103147573264
case_004,3,3,2,ablation,no_cache_aware,0.018,0.12,True,199074,110592,0.0,392357,2,,1.9709103147573264
case_004,3,3,2,ablation,no_level,0.015,0.089,True,199074,110592,0.0,392357,111,,1.9709103147573264
case_004,3,3,4,ablation,full,0.038,0.107,True,104188,331776,0.0,392357,4,,3.765855952700887
case_004,3,3,4,ablation,no_comm,0.026,0.077,True,104436,531456,0.20136518771331058,392357,8,,3.7569133249071203
case_004,3,3,4,ablation,no_balance,0.007,0.099,True,104188,331776,0.0,392357,4,,3.765855952700887
case_004,3,3,4,ablation,no_sync,0.035,0.095,True,104188,331776,0.0,392357,4,,3.765855952700887
case_004,3,3,4,ablation,no_localsearch,0.006,0.088,True,104188,331776,0.0,392357,4,,3.765855952700887
case_004,3,3,4,ablation,no_cache_aware,0.039,0.114,True,104188,331776,0.0,392357,4,,3.765855952700887
case_004,3,3,4,ablation,no_level,0.037,0.083,True,104188,331776,0.0,392357,111,,3.765855952700887
case_004,3,3,5,ablation,full,0.043,0.105,True,88341,442368,0.0,392357,5,,4.441391879195391
case_004,3,3,5,ablation,no_comm,0.024,0.116,True,87898,635904,0.02147239263803681,392357,9,,4.463776195135271
case_004,3,3,5,ablation,no_balance,0.008,0.087,True,88341,442368,0.0,392357,5,,4.441391879195391
case_004,3,3,5,ablation,no_sync,0.03,0.065,True,88341,442368,0.0,392357,5,,4.441391879195391
case_004,3,3,5,ablation,no_localsearch,0.006,0.063,True,88341,442368,0.0,392357,5,,4.441391879195391
case_004,3,3,5,ablation,no_cache_aware,0.032,0.082,True,88341,442368,0.0,392357,5,,4.441391879195391
case_004,3,3,5,ablation,no_level,0.046,0.091,True,88341,442368,0.0,392357,111,,4.441391879195391
case_005,1,1,2,ablation,full,0.082,0.708,True,102335,707496,,95618,11,,0.9343626325304148
case_005,1,1,2,ablation,no_comm,0.063,1.43,True,97733,178950,,95618,3,,0.978359407774242
case_005,1,1,2,ablation,no_balance,0.038,0.922,True,65153,929524,,95618,20,,1.4675916688410358
case_005,1,1,2,ablation,no_sync,0.089,0.795,True,102335,707496,,95618,11,,0.9343626325304148
case_005,1,1,2,ablation,no_localsearch,0.074,0.716,True,102335,707496,,95618,11,,0.9343626325304148
case_005,1,1,2,ablation,no_cache_aware,0.077,0.871,True,102335,707496,,95618,11,,0.9343626325304148
case_005,1,1,2,ablation,no_level,0.08,1.273,True,96380,1558026,,95618,153,,0.9920937953932351
case_005,1,1,3,ablation,full,0.13,0.868,True,61110,991308,,95618,29,,1.564686630666012
case_005,1,1,3,ablation,no_comm,0.103,0.997,True,80897,1082320,,95618,16,,1.1819721374092982
case_005,1,1,3,ablation,no_balance,0.06,1.001,True,59574,1063940,,95618,30,,1.605029039513882
case_005,1,1,3,ablation,no_sync,0.095,0.864,True,61110,991308,,95618,29,,1.564686630666012
case_005,1,1,3,ablation,no_localsearch,0.077,0.931,True,61110,991308,,95618,29,,1.564686630666012
case_005,1,1,3,ablation,no_cache_aware,0.131,0.883,True,61110,991308,,95618,29,,1.564686630666012
case_005,1,1,3,ablation,no_level,0.187,1.345,True,82309,1558026,,95618,153,,1.1616955618462137
case_005,1,1,4,ablation,full,0.357,1.012,True,70367,1029162,,95618,27,,1.3588471868915828
case_005,1,1,4,ablation,no_comm,0.27,0.904,True,77194,1242048,,95618,21,,1.2386713993315543
case_005,1,1,4,ablation,no_balance,0.06,1.089,True,51248,1263492,,95618,40,,1.865789884483297
case_005,1,1,4,ablation,no_sync,0.305,0.828,True,76200,1042412,,95618,28,,1.2548293963254593
case_005,1,1,4,ablation,no_localsearch,0.075,1.193,True,51897,1270560,,95618,38,,1.8424571747885234
case_005,1,1,4,ablation,no_cache_aware,0.471,1.235,True,70367,1029162,,95618,27,,1.3588471868915828
case_005,1,1,4,ablation,no_level,0.453,1.438,True,78603,1558026,,95618,153,,1.2164675648512144
case_005,1,1,5,ablation,full,0.444,0.929,True,71392,1133228,,95618,32,,1.3393377409233527
case_005,1,1,5,ablation,no_comm,0.33,0.939,True,98429,772162,,95618,16,,0.9714413435064869
case_005,1,1,5,ablation,no_balance,0.063,0.899,True,55076,1461752,,95618,50,,1.736110102403951
case_005,1,1,5,ablation,no_sync,0.417,1.052,True,64600,1199114,,95618,35,,1.48015479876161
case_005,1,1,5,ablation,no_localsearch,0.076,1.3,True,54336,1398886,,95618,42,,1.7597541224970554
case_005,1,1,5,ablation,no_cache_aware,0.536,1.148,True,71392,1133228,,95618,32,,1.3393377409233527
case_005,1,1,5,ablation,no_level,0.547,1.396,True,75490,1558026,,95618,153,,1.2666313418995894
case_005,2,2,2,ablation,full,0.13,0.816,True,95646,421158,,95618,11,,0.9997072538318382
case_005,2,2,2,ablation,no_comm,0.066,0.721,True,96939,178566,,95618,3,,0.9863728736628189
case_005,2,2,2,ablation,no_balance,0.064,0.886,True,58949,477222,,95618,20,,1.6220461755076423
case_005,2,2,2,ablation,no_sync,0.102,0.865,True,95646,421158,,95618,11,,0.9997072538318382
case_005,2,2,2,ablation,no_localsearch,0.078,0.839,True,95646,421158,,95618,11,,0.9997072538318382
case_005,2,2,2,ablation,no_cache_aware,0.121,0.841,True,95646,421158,,95618,11,,0.9997072538318382
case_005,2,2,2,ablation,no_level,0.117,0.816,True,69365,421158,,95618,153,,1.3784761767461977
case_005,2,2,3,ablation,full,0.176,0.743,True,51575,727116,,95618,29,,1.8539602520601066
case_005,2,2,3,ablation,no_comm,0.124,0.783,True,78351,680940,,95618,16,,1.2203800844915826
case_005,2,2,3,ablation,no_balance,0.065,0.849,True,54619,823116,,95618,30,,1.7506362254892986
case_005,2,2,3,ablation,no_sync,0.15,0.856,True,51575,727116,,95618,29,,1.8539602520601066
case_005,2,2,3,ablation,no_localsearch,0.076,0.796,True,51575,727116,,95618,29,,1.8539602520601066
case_005,2,2,3,ablation,no_cache_aware,0.174,0.821,True,51575,727116,,95618,29,,1.8539602520601066
case_005,2,2,3,ablation,no_level,0.163,0.787,True,59777,727116,,95618,153,,1.5995784331766398
case_005,2,2,4,ablation,full,0.46,0.762,True,65035,654642,,95618,27,,1.4702544783578073
case_005,2,2,4,ablation,no_comm,0.309,0.776,True,70836,796146,,95618,21,,1.3498503585747361
case_005,2,2,4,ablation,no_balance,0.07,0.875,True,43359,1259634,,95618,40,,2.2052630365091446
case_005,2,2,4,ablation,no_sync,0.361,0.757,True,70547,654642,,95618,28,,1.355380101209123
case_005,2,2,4,ablation,no_localsearch,0.078,0.8,True,43711,1083376,,95618,38,,2.1875042895381025
case_005,2,2,4,ablation,no_cache_aware,0.519,0.782,True,65035,654642,,95618,27,,1.4702544783578073
case_005,2,2,4,ablation,no_level,0.512,0.741,True,53820,654642,,95618,153,,1.7766257896692679
case_005,2,2,5,ablation,full,0.588,0.774,True,64192,714742,,95618,32,,1.4895625623130608
case_005,2,2,5,ablation,no_comm,0.391,0.654,True,95145,646486,,95618,16,,1.0049713595039151
case_005,2,2,5,ablation,no_balance,0.069,0.821,True,48559,1579416,,95618,50,,1.969109742787125
case_005,2,2,5,ablation,no_sync,0.494,0.792,True,57313,728950,,95618,35,,1.6683474953326471
case_005,2,2,5,ablation,no_localsearch,0.075,0.92,True,43535,1231318,,95618,42,,2.1963477661651543
case_005,2,2,5,ablation,no_cache_aware,0.539,0.754,True,64192,714742,,95618,32,,1.4895625623130608
case_005,2,2,5,ablation,no_level,0.538,0.783,True,54169,714742,,95618,153,,1.7651793461204748
case_005,3,3,2,ablation,full,0.123,0.824,True,95614,421158,0.16153397370449857,95618,11,,1.0000418348777376
case_005,3,3,2,ablation,no_comm,0.09,0.74,True,96937,178566,0.07626495460587719,95618,3,,0.9863932244653744
case_005,3,3,2,ablation,no_balance,0.075,0.918,True,58915,477222,0.15040308104050393,95618,20,,1.6229822625816854
case_005,3,3,2,ablation,no_sync,0.121,0.829,True,95614,421158,0.16153397370449857,95618,11,,1.0000418348777376
case_005,3,3,2,ablation,no_localsearch,0.074,0.801,True,95614,421158,0.16153397370449857,95618,11,,1.0000418348777376
case_005,3,3,2,ablation,no_cache_aware,0.113,0.816,True,95614,421158,0.16153397370449857,95618,11,,1.0000418348777376
case_005,3,3,2,ablation,no_level,0.113,0.871,True,69363,421158,0.16136728272873127,95618,153,,1.3785159234750515
case_005,3,3,3,ablation,full,0.18,0.869,True,51466,727116,0.300702664763452,95618,29,,1.8578867601911941
case_005,3,3,3,ablation,no_comm,0.108,0.881,True,78311,680940,0.2744940119037072,95618,16,,1.2210034350219
case_005,3,3,3,ablation,no_balance,0.076,0.88,True,54330,823116,0.33825588860054184,95618,30,,1.7599484630958955
case_005,3,3,3,ablation,no_sync,0.16,0.802,True,51466,727116,0.300702664763452,95618,29,,1.8578867601911941
case_005,3,3,3,ablation,no_localsearch,0.069,0.827,True,51466,727116,0.300702664763452,95618,29,,1.8578867601911941
case_005,3,3,3,ablation,no_cache_aware,0.168,0.864,True,51466,727116,0.300702664763452,95618,29,,1.8578867601911941
case_005,3,3,3,ablation,no_level,0.185,0.912,True,59078,727116,0.3025953644629859,95618,153,,1.6185043501811165
case_006,1,1,2,ablation,full,0.022,0.189,True,62540,457924,,82837,5,,1.3245442916533419
case_006,1,1,2,ablation,no_comm,0.018,0.188,True,47075,364194,,82837,4,,1.7596813595326606
case_006,1,1,2,ablation,no_balance,0.014,0.187,True,44485,686320,,82837,6,,1.8621333033606833
case_006,1,1,2,ablation,no_sync,0.024,0.178,True,62540,457924,,82837,5,,1.3245442916533419
case_006,1,1,2,ablation,no_localsearch,0.015,0.191,True,62540,457924,,82837,5,,1.3245442916533419
case_006,1,1,2,ablation,no_cache_aware,0.026,0.177,True,62540,457924,,82837,5,,1.3245442916533419
case_006,1,1,2,ablation,no_level,0.024,0.201,True,82618,790932,,82837,69,,1.0026507540729623
case_006,1,1,3,ablation,full,0.029,0.162,True,45497,671866,,82837,9,,1.8207134536343055
case_006,1,1,3,ablation,no_comm,0.03,0.164,True,43729,488040,,82837,8,,1.8943264195385214
case_006,1,1,3,ablation,no_balance,0.01,0.217,True,47076,918170,,82837,10,,1.7596439799473191
case_006,1,1,3,ablation,no_sync,0.032,0.173,True,45497,671866,,82837,9,,1.8207134536343055
case_006,1,1,3,ablation,no_localsearch,0.013,0.182,True,45497,671866,,82837,9,,1.8207134536343055
case_006,1,1,3,ablation,no_cache_aware,0.03,0.199,True,45497,671866,,82837,9,,1.8207134536343055
case_006,1,1,3,ablation,no_level,0.028,0.199,True,76946,823710,,82837,70,,1.0765601850648507
case_006,1,1,4,ablation,full,0.096,0.156,True,35211,603622,,82837,13,,2.3525886796739655
case_006,1,1,4,ablation,no_comm,0.03,0.185,True,35364,530298,,82837,11,,2.3424103608189117
case_006,1,1,4,ablation,no_balance,0.01,0.185,True,38195,995902,,82837,15,,2.168791726665794
case_006,1,1,4,ablation,no_sync,0.075,0.171,True,35211,603622,,82837,13,,2.3525886796739655
case_006,1,1,4,ablation,no_localsearch,0.016,0.184,True,34498,828048,,82837,13,,2.4012116644443156
case_006,1,1,4,ablation,no_cache_aware,0.09,0.168,True,35211,603622,,82837,13,,2.3525886796739655
case_006,1,1,4,ablation,no_level,0.081,0.175,True,68906,856478,,82837,71,,1.20217397614141
case_003,3,3,2,ablation,full,0.217,2.433,True,570768,552774,0.10585467098103934,602212,6,,1.0550906848316655
case_003,3,3,2,ablation,no_comm,0.175,2.698,True,599942,446726,0.0808211575230341,602212,5,,1.0037836990909121
case_003,3,3,2,ablation,no_balance,0.134,2.91,True,576976,841286,0.1438175408647408,602212,9,,1.0437383877318986
case_003,3,3,2,ablation,no_sync,0.266,4.084,True,570768,552774,0.10585467098103934,602212,6,,1.0550906848316655
case_003,3,3,2,ablation,no_localsearch,0.238,4.08,True,570768,552774,0.10585467098103934,602212,6,,1.0550906848316655
case_003,3,3,2,ablation,no_cache_aware,0.402,4.138,True,570768,552774,0.10585467098103934,602212,6,,1.0550906848316655
case_003,3,3,2,ablation,no_level,0.324,4.253,True,575386,552774,0.10585467098103934,602212,33,,1.0466226150792686
case_006,2,2,2,ablation,full,0.021,0.111,True,49331,364344,,82837,5,,1.6792078003689364
case_006,2,2,2,ablation,no_comm,0.012,0.118,True,41396,364194,,82837,4,,2.0010870615518406
case_006,2,2,2,ablation,no_balance,0.012,0.138,True,44156,387148,,82837,6,,1.8760077905607393
case_006,2,2,2,ablation,no_sync,0.023,0.134,True,49331,364344,,82837,5,,1.6792078003689364
case_006,2,2,2,ablation,no_localsearch,0.012,0.132,True,49331,364344,,82837,5,,1.6792078003689364
case_006,2,2,2,ablation,no_cache_aware,0.026,0.143,True,49331,364344,,82837,5,,1.6792078003689364
case_006,2,2,2,ablation,no_level,0.023,0.129,True,64747,364344,,82837,69,,1.2793951843328648
case_006,1,1,5,ablation,full,0.082,0.154,True,35845,413030,,82837,13,,2.310977821174501
case_006,1,1,5,ablation,no_comm,0.067,0.168,True,30005,420554,,82837,10,,2.7607732044659223
case_006,1,1,5,ablation,no_balance,0.01,0.191,True,35474,1147374,,82837,21,,2.33514686812877
case_006,1,1,5,ablation,no_sync,0.078,0.175,True,34854,572294,,82837,16,,2.3766856028002525
case_006,1,1,5,ablation,no_localsearch,0.013,0.233,True,40623,1015502,,82837,20,,2.039165005046402
case_006,1,1,5,ablation,no_cache_aware,0.089,0.173,True,35845,413030,,82837,13,,2.310977821174501
case_006,1,1,5,ablation,no_level,0.091,0.217,True,47334,938408,,82837,73,,1.7500528161575188
case_003,2,2,2,ablation,full,0.244,2.935,True,570770,552774,,602212,6,,1.0550869877533857
case_003,2,2,2,ablation,no_comm,0.183,3.029,True,599943,446726,,602212,5,,1.0037820259591328
case_003,2,2,2,ablation,no_balance,0.165,3.301,True,576977,841286,,602212,9,,1.043736578754439
case_003,2,2,2,ablation,no_sync,0.363,4.04,True,570770,552774,,602212,6,,1.0550869877533857
case_003,2,2,2,ablation,no_localsearch,0.265,4.072,True,570770,552774,,602212,6,,1.0550869877533857
case_003,2,2,2,ablation,no_cache_aware,0.406,4.03,True,570770,552774,,602212,6,,1.0550869877533857
case_003,2,2,2,ablation,no_level,0.334,4.335,True,575650,552774,,602212,33,,1.0461426213845217
case_006,2,2,3,ablation,full,0.027,0.157,True,39326,503786,,82837,9,,2.1064181457559883
case_006,2,2,3,ablation,no_comm,0.027,0.107,True,45164,447070,,82837,8,,1.8341378088743248
case_006,2,2,3,ablation,no_balance,0.011,0.149,True,44247,692744,,82837,10,,1.8721495242615318
case_006,2,2,3,ablation,no_sync,0.032,0.144,True,39326,503786,,82837,9,,2.1064181457559883
case_006,2,2,3,ablation,no_localsearch,0.016,0.177,True,39326,503786,,82837,9,,2.1064181457559883
case_006,2,2,3,ablation,no_cache_aware,0.028,0.126,True,39326,503786,,82837,9,,2.1064181457559883
case_006,2,2,3,ablation,no_level,0.034,0.142,True,57952,503786,,82837,70,,1.429407095527333
case_003,3,3,4,ablation,full,0.588,2.71,True,201941,3646612,0.42385556730623963,602212,69,,2.98211853957344
case_003,3,3,4,ablation,no_comm,0.358,2.188,True,526451,1662742,0.24640880797566733,602212,19,,1.1439089297959355
case_003,3,3,4,ablation,no_balance,0.202,2.838,True,203733,3946398,0.48061022936230924,602212,76,,2.9558883440581547
case_003,3,3,4,ablation,no_sync,0.675,3.947,True,201941,3646612,0.42385556730623963,602212,69,,2.98211853957344
case_003,3,3,4,ablation,no_localsearch,0.267,4.024,True,201941,3646612,0.42385556730623963,602212,69,,2.98211853957344
case_003,3,3,4,ablation,no_cache_aware,0.913,4.151,True,201941,3646612,0.42385556730623963,602212,69,,2.98211853957344
case_003,3,3,4,ablation,no_level,0.856,4.236,True,227575,3646612,0.3379271379403833,602212,461,,2.6462133362627704
case_003,2,2,3,ablation,full,0.503,2.73,True,280066,2436874,,602212,57,,2.150250298144009
case_003,2,2,3,ablation,no_comm,0.332,2.72,True,586528,1219596,,602212,15,,1.02674041136996
case_003,2,2,3,ablation,no_balance,0.181,3.106,True,266848,2444568,,602212,57,,2.25676040292601
case_003,2,2,3,ablation,no_sync,0.544,4.249,True,280066,2436874,,602212,57,,2.150250298144009
case_003,2,2,3,ablation,no_localsearch,0.273,4.103,True,280066,2436874,,602212,57,,2.150250298144009
case_003,2,2,3,ablation,no_cache_aware,0.758,4.183,True,280066,2436874,,602212,57,,2.150250298144009
case_003,2,2,3,ablation,no_level,0.613,4.327,True,282840,2436874,,602212,461,,2.129161363314948
case_003,2,2,4,ablation,full,0.654,2.892,True,202683,3646612,,602212,69,,2.971201334103008
case_003,2,2,4,ablation,no_comm,0.354,2.448,True,526626,1662742,,602212,19,,1.14352880412285
case_003,2,2,4,ablation,no_balance,0.159,2.875,True,207316,3946398,,602212,76,,2.904802330741477
case_003,2,2,4,ablation,no_sync,0.684,4.039,True,202683,3646612,,602212,69,,2.971201334103008
case_003,2,2,4,ablation,no_localsearch,0.324,3.988,True,202683,3646612,,602212,69,,2.971201334103008
case_003,2,2,4,ablation,no_cache_aware,0.895,3.959,True,202683,3646612,,602212,69,,2.971201334103008
case_003,2,2,4,ablation,no_level,0.974,4.395,True,237543,3646612,,602212,461,,2.5351704743983197
case_005,3,3,4,ablation,full,0.218,0.818,True,43025,1083376,0.4098622548255356,95618,38,,2.222382335851249
case_005,3,3,4,ablation,no_comm,0.149,0.841,True,62029,936306,0.3150833492483562,95618,28,,1.5415047800222477
case_005,3,3,4,ablation,no_balance,0.069,0.97,True,41230,1259634,0.3340797358883267,95618,40,,2.319136551055057
case_005,3,3,4,ablation,no_sync,0.218,0.904,True,43025,1083376,0.4098622548255356,95618,38,,2.222382335851249
case_005,3,3,4,ablation,no_localsearch,0.093,0.931,True,43025,1083376,0.4098622548255356,95618,38,,2.222382335851249
case_005,3,3,4,ablation,no_cache_aware,0.471,0.859,True,64993,654642,0.2934124263702619,95618,27,,1.4712045912636746
case_005,3,3,4,ablation,no_level,0.245,0.851,True,48519,1083376,0.4499041270908292,95618,153,,1.970733114862219
case_006,3,3,2,ablation,full,0.025,0.117,True,49331,364344,0.38222182576408015,82837,5,,1.6792078003689364
case_006,3,3,2,ablation,no_comm,0.011,0.131,True,41396,364194,0.3230082050784095,82837,4,,2.0010870615518406
case_006,3,3,2,ablation,no_balance,0.014,0.186,True,43871,387148,0.3050519177596923,82837,6,,1.888194935150783
case_006,3,3,2,ablation,no_sync,0.023,0.114,True,49331,364344,0.38222182576408015,82837,5,,1.6792078003689364
case_006,3,3,2,ablation,no_localsearch,0.012,0.123,True,49331,364344,0.38222182576408015,82837,5,,1.6792078003689364
case_006,3,3,2,ablation,no_cache_aware,0.022,0.134,True,49331,364344,0.38222182576408015,82837,5,,1.6792078003689364
case_006,3,3,2,ablation,no_level,0.024,0.192,True,64699,364344,0.3639530345773446,82837,69,,1.2803443639005239
case_006,2,2,4,ablation,full,0.084,0.121,True,30897,498392,,82837,13,,2.6810693594847397
case_006,2,2,4,ablation,no_comm,0.041,0.121,True,33112,482664,,82837,11,,2.5017214302971733
case_006,2,2,4,ablation,no_balance,0.011,0.171,True,32781,767416,,82837,15,,2.5269820932857447
case_006,2,2,4,ablation,no_sync,0.086,0.129,True,30897,498392,,82837,13,,2.6810693594847397
case_006,2,2,4,ablation,no_localsearch,0.014,0.137,True,30573,612872,,82837,13,,2.709482222876394
case_006,2,2,4,ablation,no_cache_aware,0.082,0.158,True,30897,498392,,82837,13,,2.6810693594847397
case_006,2,2,4,ablation,no_level,0.102,0.155,True,51824,498392,,82837,71,,1.5984292991664093
case_006,3,3,3,ablation,full,0.027,0.148,True,38934,503786,0.40217625013815067,82837,9,,2.127626239276725
case_006,3,3,3,ablation,no_comm,0.03,0.117,True,45164,447070,0.3480162355009393,82837,8,,1.8341378088743248
case_006,3,3,3,ablation,no_balance,0.011,0.171,True,44079,692744,0.4156353496368366,82837,10,,1.8792849202568116
case_006,3,3,3,ablation,no_sync,0.028,0.119,True,38934,503786,0.40217625013815067,82837,9,,2.127626239276725
case_006,3,3,3,ablation,no_localsearch,0.012,0.128,True,38934,503786,0.40217625013815067,82837,9,,2.127626239276725
case_006,3,3,3,ablation,no_cache_aware,0.033,0.162,True,38934,503786,0.40217625013815067,82837,9,,2.127626239276725
case_006,3,3,3,ablation,no_level,0.029,0.166,True,57628,503786,0.4001185584101116,82837,70,,1.4374436038037066
case_006,2,2,5,ablation,full,0.088,0.136,True,31882,340548,,82837,13,,2.5982372498588546
case_006,2,2,5,ablation,no_comm,0.088,0.167,True,28529,431052,,82837,12,,2.903606856181429
case_006,2,2,5,ablation,no_balance,0.014,0.154,True,29459,894312,,82837,21,,2.8119420211140906
case_006,2,2,5,ablation,no_sync,0.077,0.136,True,26071,324700,,82837,16,,3.1773618196463502
case_006,2,2,5,ablation,no_localsearch,0.014,0.184,True,29923,731688,,82837,20,,2.7683387360892957
case_006,2,2,5,ablation,no_cache_aware,0.099,0.137,True,31882,340548,,82837,13,,2.5982372498588546
case_006,2,2,5,ablation,no_level,0.1,0.118,True,37805,340548,,82837,73,,2.1911651897897104
case_006,3,3,4,ablation,full,0.049,0.206,True,30573,612872,0.40039302337551563,82837,13,,2.709482222876394
case_006,3,3,4,ablation,no_comm,0.03,0.163,True,32903,482664,0.33153996482729436,82837,11,,2.5176123757712063
case_006,3,3,4,ablation,no_balance,0.012,0.173,True,31220,767416,0.4538567504475002,82837,15,,2.653331197950032
case_006,3,3,4,ablation,no_sync,0.039,0.153,True,30573,612872,0.40039302337551563,82837,13,,2.709482222876394
case_006,3,3,4,ablation,no_localsearch,0.018,0.188,True,30573,612872,0.40039302337551563,82837,13,,2.709482222876394
case_006,3,3,4,ablation,no_cache_aware,0.092,0.141,True,30070,498392,0.3774545087958062,82837,13,,2.7548054539408047
case_006,3,3,4,ablation,no_level,0.047,0.134,True,51794,612872,0.3891004948638573,82837,71,,1.599355137660733
case_003,3,3,3,ablation,full,0.538,2.98,True,279009,2436874,0.3284411205256787,602212,57,,2.158396324132913
case_003,3,3,3,ablation,no_comm,0.246,2.717,True,586518,1219596,0.18598967241563102,602212,15,,1.0267579170630738
case_003,3,3,3,ablation,no_balance,0.178,3.38,True,264862,2444568,0.3716942463477117,602212,57,,2.2736821439089034
case_003,3,3,3,ablation,no_sync,0.556,4.252,True,279009,2436874,0.3284411205256787,602212,57,,2.158396324132913
case_003,3,3,3,ablation,no_localsearch,0.262,4.21,True,279009,2436874,0.3284411205256787,602212,57,,2.158396324132913
case_003,3,3,3,ablation,no_cache_aware,0.709,4.25,True,279009,2436874,0.3284411205256787,602212,57,,2.158396324132913
case_003,3,3,3,ablation,no_level,0.64,4.673,True,281466,2436874,0.24276173768498324,602212,461,,2.13955504394847
case_006,3,3,5,ablation,full,0.066,0.153,True,27306,731688,0.373265832981769,82837,20,,3.0336556068263385
case_006,3,3,5,ablation,no_comm,0.092,0.194,True,32127,520300,0.36857281519882873,82837,15,,2.5784231331901517
case_006,3,3,5,ablation,no_balance,0.011,0.152,True,27204,894312,0.4000544658166145,82837,21,,3.0450301426260844
case_006,3,3,5,ablation,no_sync,0.044,0.136,True,27306,731688,0.373265832981769,82837,20,,3.0336556068263385
case_006,3,3,5,ablation,no_localsearch,0.013,0.157,True,27306,731688,0.373265832981769,82837,20,,3.0336556068263385
case_006,3,3,5,ablation,no_cache_aware,0.108,0.13,True,31645,340548,0.29121175183023645,82837,13,,2.6176963185337336
case_006,3,3,5,ablation,no_level,0.045,0.162,True,50624,731688,0.36126403436129007,82837,73,,1.6363187420986094
case_005,3,3,5,ablation,full,0.627,0.84,True,52963,847032,0.375384659119175,95618,28,,1.8053735626758303
case_005,3,3,5,ablation,no_comm,0.341,0.807,True,62337,992184,0.23275505582576847,95618,27,,1.5338883808973804
case_005,3,3,5,ablation,no_balance,0.071,0.912,True,43698,1579416,0.3774908129887961,95618,50,,2.1881550643050027
case_005,3,3,5,ablation,no_sync,0.579,0.798,True,64836,808248,0.3992909922461395,95618,32,,1.4747671046949227
case_005,3,3,5,ablation,no_localsearch,0.093,0.936,True,41810,1231318,0.4304205928994823,95618,42,,2.286964840947142
case_005,3,3,5,ablation,no_cache_aware,0.628,0.895,True,64019,714742,0.357403287766781,95618,32,,1.4935878411096706
case_005,3,3,5,ablation,no_level,0.655,0.846,True,58535,847032,0.3640136736100747,95618,153,,1.633518407790211
case_003,3,3,5,ablation,full,0.812,2.781,True,211995,4820500,0.36363362907838326,602212,89,,2.840689638906578
case_003,3,3,5,ablation,no_comm,0.482,2.404,True,450803,2103576,0.26788462238641947,602212,30,,1.3358651118115896
case_003,3,3,5,ablation,no_balance,0.143,3.36,True,206185,4800932,0.5273061812611815,602212,95,,2.920736232024638
case_003,3,3,5,ablation,no_sync,0.851,4.12,True,211995,4820500,0.36363362907838326,602212,89,,2.840689638906578
case_003,3,3,5,ablation,no_localsearch,0.257,4.078,True,211995,4820500,0.36363362907838326,602212,89,,2.840689638906578
case_003,3,3,5,ablation,no_cache_aware,2.143,3.968,True,239457,3986200,0.448849749417275,602212,88,,2.514906642946333
case_003,3,3,5,ablation,no_level,1.1,4.335,True,232027,4820500,0.4367610223293457,602212,461,,2.595439323871791
case_003,2,2,5,ablation,full,1.535,2.376,True,241374,3986200,,602212,88,,2.494933174244119
case_003,2,2,5,ablation,no_comm,0.477,2.42,True,450988,2103576,,602212,30,,1.3353171259545709
case_003,2,2,5,ablation,no_balance,0.188,3.433,True,211374,4800932,,602212,95,,2.849035359126477
case_003,2,2,5,ablation,no_sync,1.478,3.97,True,241374,3986200,,602212,88,,2.494933174244119
case_003,2,2,5,ablation,no_localsearch,0.312,4.148,True,216615,4820500,,602212,89,,2.780102947625972
case_003,2,2,5,ablation,no_cache_aware,2.073,4.1,True,241374,3986200,,602212,88,,2.494933174244119
case_003,2,2,5,ablation,no_level,2.296,4.207,True,277965,3986200,,602212,461,,2.1665029769935065
case_007,2,2,3,ablation,full,0.172,0.813,True,338094,55296,,1012562,3,,2.994912657426633
case_007,2,2,3,ablation,no_comm,0.112,0.849,True,339314,112128,,1012562,6,,2.9841444797444256
case_007,2,2,3,ablation,no_balance,0.046,0.923,True,338094,55296,,1012562,3,,2.994912657426633
case_007,2,2,3,ablation,no_sync,0.102,0.969,True,338094,55296,,1012562,3,,2.994912657426633
case_007,2,2,3,ablation,no_localsearch,0.082,0.937,True,338094,55296,,1012562,3,,2.994912657426633
case_007,2,2,3,ablation,no_cache_aware,0.139,0.966,True,338094,55296,,1012562,3,,2.994912657426633
case_007,2,2,3,ablation,no_level,0.131,0.958,True,338094,55296,,1012562,555,,2.994912657426633
case_007,2,2,5,ablation,full,0.216,0.856,True,203834,110592,,1012562,5,,4.967581463347626
case_007,2,2,5,ablation,no_comm,0.153,0.761,True,203834,110592,,1012562,5,,4.967581463347626
case_007,2,2,5,ablation,no_balance,0.052,0.875,True,203834,110592,,1012562,5,,4.967581463347626
case_007,2,2,5,ablation,no_sync,0.147,0.858,True,203834,110592,,1012562,5,,4.967581463347626
case_007,2,2,5,ablation,no_localsearch,0.054,0.885,True,203834,110592,,1012562,5,,4.967581463347626
case_007,2,2,5,ablation,no_cache_aware,0.242,0.782,True,203834,110592,,1012562,5,,4.967581463347626
case_007,2,2,5,ablation,no_level,0.207,0.993,True,203834,110592,,1012562,555,,4.967581463347626
case_007,2,2,2,ablation,full,0.114,1.034,True,507494,27648,,1012562,2,,1.9952196479170197
case_007,2,2,2,ablation,no_comm,0.07,0.948,True,508046,32256,,1012562,3,,1.9930518102691488
case_007,2,2,2,ablation,no_balance,0.045,1.092,True,507494,27648,,1012562,2,,1.9952196479170197
case_007,2,2,2,ablation,no_sync,0.085,1.167,True,507494,27648,,1012562,2,,1.9952196479170197
case_007,2,2,2,ablation,no_localsearch,0.057,1.151,True,507494,27648,,1012562,2,,1.9952196479170197
case_007,2,2,2,ablation,no_cache_aware,0.09,1.071,True,507494,27648,,1012562,2,,1.9952196479170197
case_007,2,2,2,ablation,no_level,0.085,1.162,True,507494,27648,,1012562,555,,1.9952196479170197
case_007,2,2,4,ablation,full,0.187,0.886,True,254398,82944,,1012562,4,,3.980227831979811
case_007,2,2,4,ablation,no_comm,0.131,0.856,True,255630,182784,,1012562,8,,3.9610452607283966
case_007,2,2,4,ablation,no_balance,0.053,0.919,True,254398,82944,,1012562,4,,3.980227831979811
case_007,2,2,4,ablation,no_sync,0.11,0.988,True,254398,82944,,1012562,4,,3.980227831979811
case_007,2,2,4,ablation,no_localsearch,0.063,0.951,True,254398,82944,,1012562,4,,3.980227831979811
case_007,2,2,4,ablation,no_cache_aware,0.233,0.896,True,254398,82944,,1012562,4,,3.980227831979811
case_007,2,2,4,ablation,no_level,0.184,1.002,True,254398,82944,,1012562,555,,3.980227831979811
case_007,3,3,2,ablation,full,0.114,1.075,True,507494,27648,0.0,1012562,2,,1.9952196479170197
case_007,3,3,2,ablation,no_comm,0.067,1.055,True,508046,32256,0.0,1012562,3,,1.9930518102691488
case_007,3,3,2,ablation,no_balance,0.05,1.195,True,507494,27648,0.0,1012562,2,,1.9952196479170197
case_007,3,3,2,ablation,no_sync,0.07,1.098,True,507494,27648,0.0,1012562,2,,1.9952196479170197
case_007,3,3,2,ablation,no_localsearch,0.068,1.032,True,507494,27648,0.0,1012562,2,,1.9952196479170197
case_007,3,3,2,ablation,no_cache_aware,0.111,1.205,True,507494,27648,0.0,1012562,2,,1.9952196479170197
case_007,3,3,2,ablation,no_level,0.11,1.051,True,507494,27648,0.0,1012562,555,,1.9952196479170197
case_008,1,1,2,ablation,full,0.026,0.403,True,244266,0,,487605,2,,1.9962049568912579
case_008,1,1,2,ablation,no_comm,0.015,0.288,True,244266,0,,487605,2,,1.9962049568912579
case_008,1,1,2,ablation,no_balance,0.007,0.305,True,244266,0,,487605,2,,1.9962049568912579
case_008,1,1,2,ablation,no_sync,0.02,0.371,True,244266,0,,487605,2,,1.9962049568912579
case_008,1,1,2,ablation,no_localsearch,0.01,0.323,True,244266,0,,487605,2,,1.9962049568912579
case_008,1,1,2,ablation,no_cache_aware,0.024,0.341,True,244266,0,,487605,2,,1.9962049568912579
case_008,1,1,2,ablation,no_level,0.019,0.278,True,282320,0,,487605,108,,1.7271358741853216
case_007,3,3,3,ablation,full,0.14,1.004,True,338094,55296,0.0,1012562,3,,2.994912657426633
case_007,3,3,3,ablation,no_comm,0.101,0.897,True,339314,112128,0.03650793650793651,1012562,6,,2.9841444797444256
case_007,3,3,3,ablation,no_balance,0.048,0.915,True,338094,55296,0.0,1012562,3,,2.994912657426633
case_007,3,3,3,ablation,no_sync,0.095,0.981,True,338094,55296,0.0,1012562,3,,2.994912657426633
case_007,3,3,3,ablation,no_localsearch,0.07,0.958,True,338094,55296,0.0,1012562,3,,2.994912657426633
case_007,3,3,3,ablation,no_cache_aware,0.163,1.098,True,338094,55296,0.0,1012562,3,,2.994912657426633
case_007,3,3,3,ablation,no_level,0.114,0.99,True,338094,55296,0.0,1012562,555,,2.994912657426633
case_007,3,3,4,ablation,full,0.234,0.893,True,254398,82944,0.0,1012562,4,,3.980227831979811
case_007,3,3,4,ablation,no_comm,0.137,0.959,True,255632,182784,0.05263157894736842,1012562,8,,3.961014270513864
case_007,3,3,4,ablation,no_balance,0.044,0.934,True,254398,82944,0.0,1012562,4,,3.980227831979811
case_007,3,3,4,ablation,no_sync,0.127,0.919,True,254398,82944,0.0,1012562,4,,3.980227831979811
case_007,3,3,4,ablation,no_localsearch,0.051,0.955,True,254398,82944,0.0,1012562,4,,3.980227831979811
case_007,3,3,4,ablation,no_cache_aware,0.201,1.027,True,254398,82944,0.0,1012562,4,,3.980227831979811
case_007,3,3,4,ablation,no_level,0.194,0.86,True,254398,82944,0.0,1012562,555,,3.980227831979811
case_008,1,1,5,ablation,full,0.048,0.324,True,100603,0,,487605,5,,4.846823653370178
case_008,1,1,5,ablation,no_comm,0.038,0.202,True,104170,184320,,487605,10,,4.680858212537199
case_008,1,1,5,ablation,no_balance,0.006,0.225,True,100603,0,,487605,5,,4.846823653370178
case_008,1,1,5,ablation,no_sync,0.046,0.296,True,100603,0,,487605,5,,4.846823653370178
case_008,1,1,5,ablation,no_localsearch,0.012,0.212,True,100603,0,,487605,5,,4.846823653370178
case_008,1,1,5,ablation,no_cache_aware,0.049,0.209,True,100603,0,,487605,5,,4.846823653370178
case_008,1,1,5,ablation,no_level,0.046,0.296,True,134736,0,,487605,108,,3.618965977912362
case_008,1,1,4,ablation,full,0.053,0.349,True,123060,0,,487605,4,,3.962335446123842
case_008,1,1,4,ablation,no_comm,0.036,0.219,True,123060,0,,487605,4,,3.962335446123842
case_008,1,1,4,ablation,no_balance,0.007,0.26,True,123060,0,,487605,4,,3.962335446123842
case_008,1,1,4,ablation,no_sync,0.043,0.268,True,123060,0,,487605,4,,3.962335446123842
case_008,1,1,4,ablation,no_localsearch,0.009,0.243,True,123060,0,,487605,4,,3.962335446123842
case_008,1,1,4,ablation,no_cache_aware,0.049,0.256,True,123060,0,,487605,4,,3.962335446123842
case_008,1,1,4,ablation,no_level,0.038,0.337,True,157796,0,,487605,108,,3.090097340870491
case_008,1,1,3,ablation,full,0.029,0.371,True,163359,0,,487605,3,,2.984867684057811
case_008,1,1,3,ablation,no_comm,0.033,0.258,True,163359,0,,487605,3,,2.984867684057811
case_008,1,1,3,ablation,no_balance,0.006,0.271,True,163359,0,,487605,3,,2.984867684057811
case_008,1,1,3,ablation,no_sync,0.032,0.336,True,163359,0,,487605,3,,2.984867684057811
case_008,1,1,3,ablation,no_localsearch,0.013,0.315,True,163359,0,,487605,3,,2.984867684057811
case_008,1,1,3,ablation,no_cache_aware,0.037,0.275,True,163359,0,,487605,3,,2.984867684057811
case_008,1,1,3,ablation,no_level,0.027,0.359,True,199304,0,,487605,108,,2.4465389555653676
case_008,2,2,2,ablation,full,0.021,0.248,True,244266,0,,487605,2,,1.9962049568912579
case_008,2,2,2,ablation,no_comm,0.015,0.185,True,244266,0,,487605,2,,1.9962049568912579
case_008,2,2,2,ablation,no_balance,0.009,0.282,True,244266,0,,487605,2,,1.9962049568912579
case_008,2,2,2,ablation,no_sync,0.021,0.205,True,244266,0,,487605,2,,1.9962049568912579
case_008,2,2,2,ablation,no_localsearch,0.011,0.189,True,244266,0,,487605,2,,1.9962049568912579
case_008,2,2,2,ablation,no_cache_aware,0.019,0.241,True,244266,0,,487605,2,,1.9962049568912579
case_008,2,2,2,ablation,no_level,0.018,0.196,True,244266,0,,487605,108,,1.9962049568912579
case_003,1,1,3,ablation,full,0.511,4.003,True,293021,3020998,,602212,57,,2.0551837581606778
case_003,1,1,3,ablation,no_comm,0.275,4.448,True,606720,1390640,,602212,15,,0.9925698839662447
case_003,1,1,3,ablation,no_balance,0.12,5.287,True,280031,3040688,,602212,57,,2.150519049676643
case_003,1,1,3,ablation,no_sync,0.47,5.501,True,293021,3020998,,602212,57,,2.0551837581606778
case_003,1,1,3,ablation,no_localsearch,0.28,5.508,True,293021,3020998,,602212,57,,2.0551837581606778
case_003,1,1,3,ablation,no_cache_aware,0.704,5.832,True,293021,3020998,,602212,57,,2.0551837581606778
case_003,1,1,3,ablation,no_level,0.615,8.184,True,348335,7073970,,602212,461,,1.7288300055980594
case_008,2,2,3,ablation,full,0.036,0.215,True,163359,0,,487605,3,,2.984867684057811
case_008,2,2,3,ablation,no_comm,0.023,0.2,True,163359,0,,487605,3,,2.984867684057811
case_008,2,2,3,ablation,no_balance,0.007,0.216,True,163359,0,,487605,3,,2.984867684057811
case_008,2,2,3,ablation,no_sync,0.038,0.172,True,163359,0,,487605,3,,2.984867684057811
case_008,2,2,3,ablation,no_localsearch,0.01,0.216,True,163359,0,,487605,3,,2.984867684057811
case_008,2,2,3,ablation,no_cache_aware,0.035,0.205,True,163359,0,,487605,3,,2.984867684057811
case_008,2,2,3,ablation,no_level,0.031,0.219,True,163359,0,,487605,108,,2.984867684057811
case_008,2,2,4,ablation,full,0.05,0.206,True,123060,0,,487605,4,,3.962335446123842
case_008,2,2,4,ablation,no_comm,0.031,0.204,True,123060,0,,487605,4,,3.962335446123842
case_008,2,2,4,ablation,no_balance,0.009,0.234,True,123060,0,,487605,4,,3.962335446123842
case_008,2,2,4,ablation,no_sync,0.037,0.196,True,123060,0,,487605,4,,3.962335446123842
case_008,2,2,4,ablation,no_localsearch,0.013,0.177,True,123060,0,,487605,4,,3.962335446123842
case_008,2,2,4,ablation,no_cache_aware,0.038,0.206,True,123060,0,,487605,4,,3.962335446123842
case_008,2,2,4,ablation,no_level,0.043,0.178,True,123060,0,,487605,108,,3.962335446123842
case_007,3,3,5,ablation,full,0.212,0.951,True,203834,110592,0.0,1012562,5,,4.967581463347626
case_007,3,3,5,ablation,no_comm,0.186,0.78,True,203834,110592,0.0,1012562,5,,4.967581463347626
case_007,3,3,5,ablation,no_balance,0.04,0.921,True,203834,110592,0.0,1012562,5,,4.967581463347626
case_007,3,3,5,ablation,no_sync,0.185,0.864,True,203834,110592,0.0,1012562,5,,4.967581463347626
case_007,3,3,5,ablation,no_localsearch,0.073,0.917,True,203834,110592,0.0,1012562,5,,4.967581463347626
case_007,3,3,5,ablation,no_cache_aware,0.202,0.862,True,203834,110592,0.0,1012562,5,,4.967581463347626
case_007,3,3,5,ablation,no_level,0.229,0.902,True,203834,110592,0.0,1012562,555,,4.967581463347626
case_003,1,1,4,ablation,full,0.716,3.888,True,229313,4092020,,602212,69,,2.6261572610362256
case_003,1,1,4,ablation,no_comm,0.279,4.38,True,533179,1901242,,602212,19,,1.1294743416376114
case_003,1,1,4,ablation,no_balance,0.148,4.635,True,225366,3751658,,602212,76,,2.6721510786897755
case_003,1,1,4,ablation,no_sync,0.625,5.466,True,229313,4092020,,602212,69,,2.6261572610362256
case_003,1,1,4,ablation,no_localsearch,0.269,5.564,True,229313,4092020,,602212,69,,2.6261572610362256
case_003,1,1,4,ablation,no_cache_aware,0.854,5.944,True,229313,4092020,,602212,69,,2.6261572610362256
case_003,1,1,4,ablation,no_level,0.855,8.261,True,278860,7073970,,602212,461,,2.159549594778742
case_008,2,2,5,ablation,full,0.085,0.154,True,100603,0,,487605,5,,4.846823653370178
case_008,2,2,5,ablation,no_comm,0.051,0.188,True,103773,184320,,487605,10,,4.698765574860513
case_008,2,2,5,ablation,no_balance,0.009,0.249,True,100603,0,,487605,5,,4.846823653370178
case_008,2,2,5,ablation,no_sync,0.043,0.158,True,100603,0,,487605,5,,4.846823653370178
case_008,2,2,5,ablation,no_localsearch,0.009,0.18,True,100603,0,,487605,5,,4.846823653370178
case_008,2,2,5,ablation,no_cache_aware,0.061,0.243,True,100603,0,,487605,5,,4.846823653370178
case_008,2,2,5,ablation,no_level,0.047,0.182,True,100603,0,,487605,108,,4.846823653370178
case_008,3,3,3,ablation,full,0.03,0.196,True,163359,0,0.0,487605,3,,2.984867684057811
case_008,3,3,3,ablation,no_comm,0.023,0.172,True,163359,0,0.0,487605,3,,2.984867684057811
case_008,3,3,3,ablation,no_balance,0.006,0.217,True,163359,0,0.0,487605,3,,2.984867684057811
case_008,3,3,3,ablation,no_sync,0.025,0.198,True,163359,0,0.0,487605,3,,2.984867684057811
case_008,3,3,3,ablation,no_localsearch,0.012,0.217,True,163359,0,0.0,487605,3,,2.984867684057811
case_008,3,3,3,ablation,no_cache_aware,0.037,0.231,True,163359,0,0.0,487605,3,,2.984867684057811
case_008,3,3,3,ablation,no_level,0.033,0.192,True,163359,0,0.0,487605,108,,2.984867684057811
case_008,3,3,4,ablation,full,0.047,0.209,True,123060,0,0.0,487605,4,,3.962335446123842
case_008,3,3,4,ablation,no_comm,0.038,0.204,True,123060,0,0.0,487605,4,,3.962335446123842
case_008,3,3,4,ablation,no_balance,0.009,0.228,True,123060,0,0.0,487605,4,,3.962335446123842
case_008,3,3,4,ablation,no_sync,0.039,0.209,True,123060,0,0.0,487605,4,,3.962335446123842
case_008,3,3,4,ablation,no_localsearch,0.011,0.263,True,123060,0,0.0,487605,4,,3.962335446123842
case_008,3,3,4,ablation,no_cache_aware,0.037,0.171,True,123060,0,0.0,487605,4,,3.962335446123842
case_008,3,3,4,ablation,no_level,0.041,0.204,True,123060,0,0.0,487605,108,,3.962335446123842
case_008,3,3,2,ablation,full,0.021,0.288,True,244266,0,0.0,487605,2,,1.9962049568912579
case_008,3,3,2,ablation,no_comm,0.019,0.222,True,244266,0,0.0,487605,2,,1.9962049568912579
case_008,3,3,2,ablation,no_balance,0.009,0.279,True,244266,0,0.0,487605,2,,1.9962049568912579
case_008,3,3,2,ablation,no_sync,0.023,0.225,True,244266,0,0.0,487605,2,,1.9962049568912579
case_008,3,3,2,ablation,no_localsearch,0.012,0.266,True,244266,0,0.0,487605,2,,1.9962049568912579
case_008,3,3,2,ablation,no_cache_aware,0.022,0.196,True,244266,0,0.0,487605,2,,1.9962049568912579
case_008,3,3,2,ablation,no_level,0.022,0.308,True,244266,0,0.0,487605,108,,1.9962049568912579
case_008,3,3,5,ablation,full,0.063,0.257,True,100603,0,0.0,487605,5,,4.846823653370178
case_008,3,3,5,ablation,no_comm,0.042,0.203,True,103773,184320,0.0,487605,10,,4.698765574860513
case_008,3,3,5,ablation,no_balance,0.007,0.183,True,100603,0,0.0,487605,5,,4.846823653370178
case_008,3,3,5,ablation,no_sync,0.043,0.236,True,100603,0,0.0,487605,5,,4.846823653370178
case_008,3,3,5,ablation,no_localsearch,0.015,0.206,True,100603,0,0.0,487605,5,,4.846823653370178
case_008,3,3,5,ablation,no_cache_aware,0.049,0.176,True,100603,0,0.0,487605,5,,4.846823653370178
case_008,3,3,5,ablation,no_level,0.046,0.247,True,100603,0,0.0,487605,108,,4.846823653370178
case_007,1,1,5,ablation,full,0.222,1.461,True,203834,110592,,1012562,5,,4.967581463347626
case_007,1,1,5,ablation,no_comm,0.173,1.434,True,203834,110592,,1012562,5,,4.967581463347626
case_007,1,1,5,ablation,no_balance,0.043,1.505,True,203834,110592,,1012562,5,,4.967581463347626
case_007,1,1,5,ablation,no_sync,0.142,1.606,True,203834,110592,,1012562,5,,4.967581463347626
case_007,1,1,5,ablation,no_localsearch,0.068,1.542,True,203834,110592,,1012562,5,,4.967581463347626
case_007,1,1,5,ablation,no_cache_aware,0.226,1.468,True,203834,110592,,1012562,5,,4.967581463347626
case_007,1,1,5,ablation,no_level,0.195,3.636,True,365534,15316992,,1012562,555,,2.7700897864494136
case_007,1,1,4,ablation,full,0.18,1.743,True,254398,82944,,1012562,4,,3.980227831979811
case_007,1,1,4,ablation,no_comm,0.138,1.642,True,256666,250368,,1012562,8,,3.9450570001480525
case_007,1,1,4,ablation,no_balance,0.045,1.727,True,254398,82944,,1012562,4,,3.980227831979811
case_007,1,1,4,ablation,no_sync,0.117,1.64,True,254398,82944,,1012562,4,,3.980227831979811
case_007,1,1,4,ablation,no_localsearch,0.061,1.87,True,254398,82944,,1012562,4,,3.980227831979811
case_007,1,1,4,ablation,no_cache_aware,0.155,1.792,True,254398,82944,,1012562,4,,3.980227831979811
case_007,1,1,4,ablation,no_level,0.183,3.588,True,390534,15316992,,1012562,555,,2.592762730005582
case_007,1,1,3,ablation,full,0.142,1.996,True,338094,55296,,1012562,3,,2.994912657426633
case_007,1,1,3,ablation,no_comm,0.107,2.073,True,341190,155136,,1012562,6,,2.9677364518303584
case_007,1,1,3,ablation,no_balance,0.039,2.11,True,338094,55296,,1012562,3,,2.994912657426633
case_007,1,1,3,ablation,no_sync,0.114,2.201,True,338094,55296,,1012562,3,,2.994912657426633
case_007,1,1,3,ablation,no_localsearch,0.085,1.898,True,338094,55296,,1012562,3,,2.994912657426633
case_007,1,1,3,ablation,no_cache_aware,0.16,2.037,True,338094,55296,,1012562,3,,2.994912657426633
case_007,1,1,3,ablation,no_level,0.173,3.818,True,476830,15316992,,1012562,555,,2.1235283014910973
case_010,1,1,2,ablation,full,0.028,0.189,True,60803,619792,,86969,6,,1.4303406081936747
case_010,1,1,2,ablation,no_comm,0.015,0.155,True,56269,363136,,86969,5,,1.5455934884216886
case_010,1,1,2,ablation,no_balance,0.014,0.185,True,61072,811408,,86969,8,,1.424040476814252
case_010,1,1,2,ablation,no_sync,0.022,0.148,True,62721,650512,,86969,8,,1.3866009789384734
case_010,1,1,2,ablation,no_localsearch,0.013,0.191,True,62721,650512,,86969,8,,1.3866009789384734
case_010,1,1,2,ablation,no_cache_aware,0.039,0.199,True,60803,619792,,86969,6,,1.4303406081936747
case_010,1,1,2,ablation,no_level,0.029,0.197,True,105263,1032772,,86969,94,,0.826206739310109
case_010,1,1,3,ablation,full,0.045,0.244,True,44651,855084,,86969,11,,1.947750330339746
case_010,1,1,3,ablation,no_comm,0.02,0.162,True,46839,464820,,86969,8,,1.8567646619270266
case_010,1,1,3,ablation,no_balance,0.012,0.189,True,40065,975798,,86969,13,,2.1706976163733933
case_010,1,1,3,ablation,no_sync,0.024,0.159,True,46706,877612,,86969,13,,1.862051984755706
case_010,1,1,3,ablation,no_localsearch,0.013,0.219,True,46706,877612,,86969,13,,1.862051984755706
case_010,1,1,3,ablation,no_cache_aware,0.055,0.198,True,44651,855084,,86969,11,,1.947750330339746
case_010,1,1,3,ablation,no_level,0.046,0.167,True,89439,1098330,,86969,96,,0.9723834121580072
case_003,1,1,5,ablation,full,1.691,4.579,True,255629,4549018,,602212,88,,2.3558047013445265
case_003,1,1,5,ablation,no_comm,0.512,4.649,True,457469,2622682,,602212,30,,1.3163995811738063
case_003,1,1,5,ablation,no_balance,0.215,5.286,True,230097,4935236,,602212,95,,2.6172092639191296
case_003,1,1,5,ablation,no_sync,1.474,6.311,True,255629,4549018,,602212,88,,2.3558047013445265
case_003,1,1,5,ablation,no_localsearch,0.291,6.394,True,224860,4539968,,602212,89,,2.6781641910522103
case_003,1,1,5,ablation,no_cache_aware,2.317,6.696,True,255629,4549018,,602212,88,,2.3558047013445265
case_003,1,1,5,ablation,no_level,2.245,8.2,True,323368,7073970,,602212,461,,1.8623116696766533
case_010,1,1,4,ablation,full,0.081,0.167,True,35860,496302,,86969,14,,2.4252370329057444
case_010,1,1,4,ablation,no_comm,0.061,0.154,True,41881,496448,,86969,11,,2.076574102815119
case_010,1,1,4,ablation,no_balance,0.01,0.18,True,38237,1018546,,86969,14,,2.274472369694275
case_010,1,1,4,ablation,no_sync,0.064,0.159,True,35859,506418,,86969,13,,2.4253046654954127
case_010,1,1,4,ablation,no_localsearch,0.016,0.203,True,36905,988590,,86969,16,,2.3565641511990245
case_010,1,1,4,ablation,no_cache_aware,0.087,0.181,True,35860,496302,,86969,14,,2.4252370329057444
case_010,1,1,4,ablation,no_level,0.086,0.209,True,68204,1098330,,86969,96,,1.2751304908803003
case_010,1,1,5,ablation,full,0.098,0.186,True,33508,775994,,86969,19,,2.5954697385698937
case_010,1,1,5,ablation,no_comm,0.087,0.19,True,27970,455990,,86969,12,,3.109367179120486
case_010,1,1,5,ablation,no_balance,0.011,0.179,True,34681,1107400,,86969,24,,2.5076843228280614
case_010,1,1,5,ablation,no_sync,0.07,0.157,True,39894,775498,,86969,20,,2.1800020053140825
case_010,1,1,5,ablation,no_localsearch,0.012,0.166,True,35134,945598,,86969,21,,2.4753515113565205
case_010,1,1,5,ablation,no_cache_aware,0.089,0.171,True,33508,775994,,86969,19,,2.5954697385698937
case_010,1,1,5,ablation,no_level,0.092,0.186,True,77746,1098340,,86969,98,,1.1186298973580635
case_010,2,2,2,ablation,full,0.03,0.101,True,58706,494468,,86969,6,,1.4814329029400743
case_010,2,2,2,ablation,no_comm,0.01,0.093,True,55158,304752,,86969,5,,1.5767250444178542
case_010,2,2,2,ablation,no_balance,0.01,0.113,True,51691,584388,,86969,8,,1.682478574606798
case_010,2,2,2,ablation,no_sync,0.02,0.115,True,59805,502660,,86969,8,,1.454209514254661
case_010,2,2,2,ablation,no_localsearch,0.014,0.138,True,59805,502660,,86969,8,,1.454209514254661
case_010,2,2,2,ablation,no_cache_aware,0.03,0.121,True,58706,494468,,86969,6,,1.4814329029400743
case_010,2,2,2,ablation,no_level,0.028,0.107,True,82734,494468,,86969,94,,1.0511881451398457
case_009,2,2,2,ablation,full,0.236,1.421,True,128364,310414,,153261,21,,1.193956249415724
case_009,2,2,2,ablation,no_comm,0.16,1.384,True,124865,188466,,153261,6,,1.2274136066952308
case_009,2,2,2,ablation,no_balance,0.106,1.631,True,130409,303758,,153261,25,,1.1752333044498462
case_009,2,2,2,ablation,no_sync,0.178,1.61,True,128364,310414,,153261,21,,1.193956249415724
case_009,2,2,2,ablation,no_localsearch,0.144,1.47,True,128364,310414,,153261,21,,1.193956249415724
case_009,2,2,2,ablation,no_cache_aware,0.199,1.306,True,128364,310414,,153261,21,,1.193956249415724
case_009,2,2,2,ablation,no_level,0.226,1.359,True,109425,310414,,153261,300,,1.400603152844414
case_010,2,2,3,ablation,full,0.043,0.15,True,38564,573976,,86969,11,,2.2551861840058085
case_010,2,2,3,ablation,no_comm,0.017,0.103,True,45113,442912,,86969,8,,1.9278035156163411
case_010,2,2,3,ablation,no_balance,0.013,0.133,True,34361,771292,,86969,13,,2.5310380955152643
case_010,2,2,3,ablation,no_sync,0.029,0.126,True,39545,594456,,86969,13,,2.1992413705904665
case_010,2,2,3,ablation,no_localsearch,0.013,0.133,True,39545,594456,,86969,13,,2.1992413705904665
case_010,2,2,3,ablation,no_cache_aware,0.051,0.145,True,38564,573976,,86969,11,,2.2551861840058085
case_010,2,2,3,ablation,no_level,0.043,0.107,True,62576,573976,,86969,96,,1.3898139861927896
case_010,2,2,4,ablation,full,0.082,0.104,True,30780,469788,,86969,14,,2.8255035737491876
case_010,2,2,4,ablation,no_comm,0.057,0.108,True,38079,460192,,86969,9,,2.283909766537987
case_010,2,2,4,ablation,no_balance,0.011,0.179,True,35468,825820,,86969,14,,2.4520412766437354
case_010,2,2,4,ablation,no_sync,0.064,0.11,True,32888,464220,,86969,13,,2.6443991729506204
case_010,2,2,4,ablation,no_localsearch,0.014,0.129,True,35800,786076,,86969,16,,2.4293016759776536
case_010,2,2,4,ablation,no_cache_aware,0.081,0.11,True,30780,469788,,86969,14,,2.8255035737491876
case_010,2,2,4,ablation,no_level,0.082,0.104,True,52912,469788,,86969,96,,1.6436536135470214
case_009,2,2,3,ablation,full,0.63,1.465,True,92495,517004,,153261,27,,1.656965241364398
case_009,2,2,3,ablation,no_comm,0.149,1.327,True,133046,192676,,153261,8,,1.151939930550336
case_009,2,2,3,ablation,no_balance,0.098,1.553,True,102869,566540,,153261,68,,1.4898657515869698
case_009,2,2,3,ablation,no_sync,0.228,1.623,True,94658,520460,,153261,39,,1.6191024530414757
case_009,2,2,3,ablation,no_localsearch,0.113,1.363,True,94658,520460,,153261,39,,1.6191024530414757
case_009,2,2,3,ablation,no_cache_aware,0.637,1.274,True,92495,517004,,153261,27,,1.656965241364398
case_009,2,2,3,ablation,no_level,0.556,1.448,True,93546,517004,,153261,300,,1.6383490475274196
case_009,3,3,2,ablation,full,0.219,1.449,True,128364,310414,0.2081136182053613,153261,21,,1.193956249415724
case_009,3,3,2,ablation,no_comm,0.102,1.575,True,124845,188466,0.1510318802209626,153261,6,,1.2276102366935
case_009,3,3,2,ablation,no_balance,0.095,1.592,True,130409,303758,0.22852434063196395,153261,25,,1.1752333044498462
case_009,3,3,2,ablation,no_sync,0.288,1.577,True,128364,310414,0.2081136182053613,153261,21,,1.193956249415724
case_009,3,3,2,ablation,no_localsearch,0.134,1.411,True,128364,310414,0.2081136182053613,153261,21,,1.193956249415724
case_009,3,3,2,ablation,no_cache_aware,0.202,1.412,True,128364,310414,0.2081136182053613,153261,21,,1.193956249415724
case_009,3,3,2,ablation,no_level,0.179,1.471,True,109217,310414,0.2081136182053613,153261,300,,1.40327055311902
case_010,2,2,5,ablation,full,0.099,0.115,True,24202,415588,,86969,20,,3.593463350136352
case_010,2,2,5,ablation,no_comm,0.072,0.145,True,25991,435240,,86969,12,,3.3461198107037053
case_010,2,2,5,ablation,no_balance,0.011,0.128,True,27921,918760,,86969,24,,3.1148239676229363
case_010,2,2,5,ablation,no_sync,0.071,0.112,True,24202,415588,,86969,20,,3.593463350136352
case_010,2,2,5,ablation,no_localsearch,0.012,0.118,True,29111,763044,,86969,21,,2.9874961354814333
case_010,2,2,5,ablation,no_cache_aware,0.094,0.118,True,24202,415588,,86969,20,,3.593463350136352
case_010,2,2,5,ablation,no_level,0.089,0.141,True,44798,415588,,86969,98,,1.9413589892405911
case_010,3,3,2,ablation,full,0.029,0.113,True,58706,494468,0.3345655810495446,86969,6,,1.4814329029400743
case_010,3,3,2,ablation,no_comm,0.012,0.102,True,55158,304752,0.3359111086294983,86969,5,,1.5767250444178542
case_010,3,3,2,ablation,no_balance,0.012,0.151,True,51682,584388,0.3229405202278199,86969,8,,1.6827715645679346
case_010,3,3,2,ablation,no_sync,0.02,0.115,True,59805,502660,0.3328060480308975,86969,8,,1.454209514254661
case_010,3,3,2,ablation,no_localsearch,0.015,0.115,True,59805,502660,0.3328060480308975,86969,8,,1.454209514254661
case_010,3,3,2,ablation,no_cache_aware,0.027,0.12,True,58706,494468,0.3345655810495446,86969,6,,1.4814329029400743
case_010,3,3,2,ablation,no_level,0.04,0.114,True,82676,494468,0.34910472728774705,86969,94,,1.0519255890463979
case_007,1,1,2,ablation,full,0.098,3.584,True,507494,27648,,1012562,2,,1.9952196479170197
case_007,1,1,2,ablation,no_comm,0.063,3.409,True,508572,32256,,1012562,3,,1.9909904595612813
case_007,1,1,2,ablation,no_balance,0.042,3.296,True,507494,27648,,1012562,2,,1.9952196479170197
case_007,1,1,2,ablation,no_sync,0.08,3.423,True,507494,27648,,1012562,2,,1.9952196479170197
case_007,1,1,2,ablation,no_localsearch,0.135,3.227,True,507494,27648,,1012562,2,,1.9952196479170197
case_007,1,1,2,ablation,no_cache_aware,0.102,3.551,True,507494,27648,,1012562,2,,1.9952196479170197
case_007,1,1,2,ablation,no_level,0.087,3.672,True,659110,15316992,,1012562,555,,1.5362564670540577
case_010,3,3,3,ablation,full,0.044,0.149,True,38548,573976,0.2648305467341195,86969,11,,2.25612223721075
case_010,3,3,3,ablation,no_comm,0.016,0.1,True,44905,442912,0.3926411224305357,86969,8,,1.9367331032179045
case_010,3,3,3,ablation,no_balance,0.01,0.126,True,33795,771292,0.3664676466512993,86969,13,,2.5734280218967305
case_010,3,3,3,ablation,no_sync,0.025,0.116,True,39814,594456,0.26849987175352297,86969,13,,2.1843823780579696
case_010,3,3,3,ablation,no_localsearch,0.012,0.157,True,39814,594456,0.26849987175352297,86969,13,,2.1843823780579696
case_010,3,3,3,ablation,no_cache_aware,0.048,0.116,True,38548,573976,0.2648305467341195,86969,11,,2.25612223721075
case_010,3,3,3,ablation,no_level,0.043,0.113,True,62508,573976,0.25558459248405047,86969,96,,1.3913259102834836
case_009,2,2,4,ablation,full,0.705,1.502,True,87428,627610,,153261,61,,1.7529967516127556
case_009,2,2,4,ablation,no_comm,0.32,1.3,True,120022,288246,,153261,11,,1.2769408941694023
case_009,2,2,4,ablation,no_balance,0.104,1.632,True,74401,788842,,153261,100,,2.0599319901614224
case_009,2,2,4,ablation,no_sync,0.343,1.384,True,86471,625690,,153261,68,,1.7723976824600154
case_009,2,2,4,ablation,no_localsearch,0.13,1.436,True,86471,625690,,153261,68,,1.7723976824600154
case_009,2,2,4,ablation,no_cache_aware,0.595,1.353,True,87428,627610,,153261,61,,1.7529967516127556
case_009,2,2,4,ablation,no_level,0.575,1.337,True,84731,627610,,153261,300,,1.8087948920701986
case_009,1,1,2,ablation,full,0.276,1.361,True,140221,370072,,153261,21,,1.0929960562255296
case_009,1,1,2,ablation,no_comm,0.113,2.482,True,131904,192646,,153261,6,,1.1619132096069869
case_009,1,1,2,ablation,no_balance,0.104,1.66,True,140430,471522,,153261,25,,1.091369365520188
case_009,1,1,2,ablation,no_sync,0.185,1.39,True,140221,370072,,153261,21,,1.0929960562255296
case_009,1,1,2,ablation,no_localsearch,0.169,1.505,True,140221,370072,,153261,21,,1.0929960562255296
case_009,1,1,2,ablation,no_cache_aware,0.203,1.422,True,140221,370072,,153261,21,,1.0929960562255296
case_009,1,1,2,ablation,no_level,0.172,2.43,True,155952,982558,,153261,300,,0.9827446906740536
case_009,2,2,5,ablation,full,0.428,1.37,True,76061,691256,,153261,78,,2.014974822839563
case_009,2,2,5,ablation,no_comm,0.697,1.147,True,125580,291706,,153261,16,,1.220425226946966
case_009,2,2,5,ablation,no_balance,0.096,1.763,True,53829,960456,,153261,124,,2.847182745360308
case_009,2,2,5,ablation,no_sync,0.369,1.44,True,76061,691256,,153261,78,,2.014974822839563
case_009,2,2,5,ablation,no_localsearch,0.177,1.413,True,76061,691256,,153261,78,,2.014974822839563
case_009,2,2,5,ablation,no_cache_aware,0.415,1.425,True,76061,691256,,153261,78,,2.014974822839563
case_009,2,2,5,ablation,no_level,0.435,1.382,True,78974,691256,,153261,300,,1.940651353610049
case_010,3,3,4,ablation,full,0.091,0.141,True,34973,777884,0.3695695492077198,86969,14,,2.48674691905184
case_010,3,3,4,ablation,no_comm,0.056,0.102,True,37871,460192,0.39998482453367057,86969,9,,2.296453750891183
case_010,3,3,4,ablation,no_balance,0.011,0.179,True,34471,825820,0.3937186549038784,86969,14,,2.5229613298134663
case_010,3,3,4,ablation,no_sync,0.032,0.123,True,35360,786076,0.3680051754570896,86969,16,,2.459530542986425
case_010,3,3,4,ablation,no_localsearch,0.012,0.12,True,35360,786076,0.3680051754570896,86969,16,,2.459530542986425
case_010,3,3,4,ablation,no_cache_aware,0.081,0.102,True,30779,469788,0.33207531498045484,86969,14,,2.8255953734689236
case_010,3,3,4,ablation,no_level,0.082,0.117,True,67518,777884,0.36784259839675865,86969,96,,1.2880861399922983
case_010,3,3,5,ablation,full,0.094,0.137,True,31371,667812,0.3887551856185512,86969,19,,2.7722737560167032
case_010,3,3,5,ablation,no_comm,0.076,0.118,True,29673,573612,0.43941037746691247,86969,14,,2.930913625181141
case_010,3,3,5,ablation,no_balance,0.011,0.14,True,26289,918760,0.40785479844026146,86969,24,,3.3081897371524214
case_010,3,3,5,ablation,no_sync,0.08,0.119,True,31371,667812,0.3887551856185512,86969,19,,2.7722737560167032
case_010,3,3,5,ablation,no_localsearch,0.014,0.188,True,28807,763044,0.36986464568772365,86969,21,,3.0190231540944907
case_010,3,3,5,ablation,no_cache_aware,0.092,0.129,True,24202,415588,0.171380913620443,86969,20,,3.593463350136352
case_010,3,3,5,ablation,no_level,0.092,0.121,True,47153,667812,0.388471527851647,86969,98,,1.8444001442113969
case_009,3,3,3,ablation,full,0.63,1.495,True,92479,517004,0.3090079869407948,153261,27,,1.657251916651348
case_009,3,3,3,ablation,no_comm,0.17,1.379,True,133045,192676,0.1637638016718764,153261,8,,1.1519485888233305
case_009,3,3,3,ablation,no_balance,0.107,1.648,True,102847,566540,0.3163104968893453,153261,68,,1.4901844487442513
case_009,3,3,3,ablation,no_sync,0.222,1.396,True,94645,520460,0.31101248857613906,153261,39,,1.6193248454751967
case_009,3,3,3,ablation,no_localsearch,0.131,1.492,True,94645,520460,0.31101248857613906,153261,39,,1.6193248454751967
case_009,3,3,3,ablation,no_cache_aware,0.564,1.377,True,92479,517004,0.3090079869407948,153261,27,,1.657251916651348
case_009,3,3,3,ablation,no_level,0.651,1.313,True,93457,517004,0.29362295182599246,153261,300,,1.6399092630835572
case_011,1,1,2,ablation,full,0.019,0.156,True,92646,180224,,184697,2,,1.9935777043801135
case_011,1,1,2,ablation,no_comm,0.014,0.194,True,96355,833536,,184697,4,,1.916838773286285
case_011,1,1,2,ablation,no_balance,0.01,0.166,True,92646,180224,,184697,2,,1.9935777043801135
case_011,1,1,2,ablation,no_sync,0.021,0.158,True,92646,180224,,184697,2,,1.9935777043801135
case_011,1,1,2,ablation,no_localsearch,0.056,0.166,True,92646,180224,,184697,2,,1.9935777043801135
case_011,1,1,2,ablation,no_cache_aware,0.022,0.163,True,92646,180224,,184697,2,,1.9935777043801135
case_011,1,1,2,ablation,no_level,0.02,0.17,True,96300,1622016,,184697,16,,1.9179335410176532
case_011,2,2,2,ablation,full,0.019,0.118,True,92646,180224,,184697,2,,1.9935777043801135
case_011,2,2,2,ablation,no_comm,0.015,0.133,True,93763,800768,,184697,4,,1.9698281838251763
case_011,2,2,2,ablation,no_balance,0.009,0.178,True,92646,180224,,184697,2,,1.9935777043801135
case_011,2,2,2,ablation,no_sync,0.022,0.11,True,92646,180224,,184697,2,,1.9935777043801135
case_011,2,2,2,ablation,no_localsearch,0.013,0.112,True,92646,180224,,184697,2,,1.9935777043801135
case_011,2,2,2,ablation,no_cache_aware,0.019,0.111,True,92646,180224,,184697,2,,1.9935777043801135
case_011,2,2,2,ablation,no_level,0.02,0.118,True,92646,180224,,184697,16,,1.9935777043801135
case_011,1,1,4,ablation,full,0.038,0.169,True,46880,540672,,184697,4,,3.9397824232081913
case_011,1,1,4,ablation,no_comm,0.035,0.279,True,57061,1896448,,184697,8,,3.2368342650847337
case_011,1,1,4,ablation,no_balance,0.01,0.163,True,46880,540672,,184697,4,,3.9397824232081913
case_011,1,1,4,ablation,no_sync,0.04,0.158,True,46880,540672,,184697,4,,3.9397824232081913
case_011,1,1,4,ablation,no_localsearch,0.013,0.16,True,46880,540672,,184697,4,,3.9397824232081913
case_011,1,1,4,ablation,no_cache_aware,0.037,0.214,True,46880,540672,,184697,4,,3.9397824232081913
case_011,1,1,4,ablation,no_level,0.037,0.156,True,49484,1622016,,184697,16,,3.7324589766389136
case_009,3,3,4,ablation,full,0.635,1.407,True,87403,627610,0.340305598781578,153261,61,,1.7534981636785922
case_009,3,3,4,ablation,no_comm,0.312,1.317,True,120020,288246,0.2533638596481642,153261,11,,1.2769621729711715
case_009,3,3,4,ablation,no_balance,0.118,1.634,True,73792,788842,0.3998121871326003,153261,100,,2.0769324588031224
case_009,3,3,4,ablation,no_sync,0.278,1.409,True,86446,625690,0.3430633347694959,153261,68,,1.7729102561136432
case_009,3,3,4,ablation,no_localsearch,0.107,1.322,True,86446,625690,0.3430633347694959,153261,68,,1.7729102561136432
case_009,3,3,4,ablation,no_cache_aware,0.614,1.373,True,87403,627610,0.340305598781578,153261,61,,1.7534981636785922
case_009,3,3,4,ablation,no_level,0.61,1.268,True,84650,627610,0.30959052080919114,153261,300,,1.8105256940342587
case_011,1,1,3,ablation,full,0.029,0.248,True,69625,1081344,,184697,3,,2.6527396768402154
case_011,1,1,3,ablation,no_comm,0.022,0.195,True,68437,1241088,,184697,6,,2.6987886669491647
case_011,1,1,3,ablation,no_balance,0.013,0.214,True,69625,1081344,,184697,3,,2.6527396768402154
case_011,1,1,3,ablation,no_sync,0.03,0.225,True,69625,1081344,,184697,3,,2.6527396768402154
case_011,1,1,3,ablation,no_localsearch,0.013,0.259,True,69625,1081344,,184697,3,,2.6527396768402154
case_011,1,1,3,ablation,no_cache_aware,0.031,0.213,True,69625,1081344,,184697,3,,2.6527396768402154
case_011,1,1,3,ablation,no_level,0.027,0.171,True,72892,1622016,,184697,16,,2.533844591999122
case_011,2,2,4,ablation,full,0.037,0.127,True,46880,540672,,184697,4,,3.9397824232081913
case_011,2,2,4,ablation,no_comm,0.032,0.168,True,50195,1830912,,184697,8,,3.6795896005578244
case_011,2,2,4,ablation,no_balance,0.011,0.13,True,46880,540672,,184697,4,,3.9397824232081913
case_011,2,2,4,ablation,no_sync,0.039,0.132,True,46880,540672,,184697,4,,3.9397824232081913
case_011,2,2,4,ablation,no_localsearch,0.013,0.187,True,46880,540672,,184697,4,,3.9397824232081913
case_011,2,2,4,ablation,no_cache_aware,0.038,0.126,True,46880,540672,,184697,4,,3.9397824232081913
case_011,2,2,4,ablation,no_level,0.046,0.129,True,46880,540672,,184697,16,,3.9397824232081913
case_011,2,2,3,ablation,full,0.033,0.143,True,69625,1081344,,184697,3,,2.6527396768402154
case_011,2,2,3,ablation,no_comm,0.023,0.192,True,65543,1200128,,184697,6,,2.8179515737759946
case_011,2,2,3,ablation,no_balance,0.01,0.141,True,69625,1081344,,184697,3,,2.6527396768402154
case_011,2,2,3,ablation,no_sync,0.03,0.149,True,69625,1081344,,184697,3,,2.6527396768402154
case_011,2,2,3,ablation,no_localsearch,0.012,0.146,True,69625,1081344,,184697,3,,2.6527396768402154
case_011,2,2,3,ablation,no_cache_aware,0.03,0.191,True,69625,1081344,,184697,3,,2.6527396768402154
case_011,2,2,3,ablation,no_level,0.028,0.149,True,69625,1081344,,184697,16,,2.6527396768402154
case_011,1,1,5,ablation,full,0.048,0.201,True,47287,1622016,,184697,5,,3.905872649988369
case_011,1,1,5,ablation,no_comm,0.07,0.273,True,47513,2127872,,184697,10,,3.887294003746343
case_011,1,1,5,ablation,no_balance,0.009,0.242,True,47287,1622016,,184697,5,,3.905872649988369
case_011,1,1,5,ablation,no_sync,0.05,0.212,True,47287,1622016,,184697,5,,3.905872649988369
case_011,1,1,5,ablation,no_localsearch,0.013,0.203,True,47287,1622016,,184697,5,,3.905872649988369
case_011,1,1,5,ablation,no_cache_aware,0.051,0.248,True,47287,1622016,,184697,5,,3.905872649988369
case_011,1,1,5,ablation,no_level,0.047,0.158,True,49484,1622016,,184697,16,,3.7324589766389136
case_011,3,3,2,ablation,full,0.02,0.109,True,92646,180224,0.0,184697,2,,1.9935777043801135
case_011,3,3,2,ablation,no_comm,0.013,0.197,True,93763,800768,0.4010327022375215,184697,4,,1.9698281838251763
case_011,3,3,2,ablation,no_balance,0.01,0.12,True,92646,180224,0.0,184697,2,,1.9935777043801135
case_011,3,3,2,ablation,no_sync,0.021,0.115,True,92646,180224,0.0,184697,2,,1.9935777043801135
case_011,3,3,2,ablation,no_localsearch,0.012,0.115,True,92646,180224,0.0,184697,2,,1.9935777043801135
case_011,3,3,2,ablation,no_cache_aware,0.019,0.121,True,92646,180224,0.0,184697,2,,1.9935777043801135
case_011,3,3,2,ablation,no_level,0.02,0.185,True,92646,180224,0.0,184697,16,,1.9935777043801135
case_009,1,1,3,ablation,full,0.641,1.561,True,107681,483350,,153261,27,,1.4232873023095995
case_009,1,1,3,ablation,no_comm,0.143,2.474,True,136179,198094,,153261,8,,1.1254378428392042
case_009,1,1,3,ablation,no_balance,0.114,1.925,True,118429,704334,,153261,68,,1.2941171503601314
case_009,1,1,3,ablation,no_sync,0.276,1.542,True,108386,558644,,153261,39,,1.4140294872031443
case_009,1,1,3,ablation,no_localsearch,0.119,1.549,True,108386,558644,,153261,39,,1.4140294872031443
case_009,1,1,3,ablation,no_cache_aware,0.601,1.502,True,107681,483350,,153261,27,,1.4232873023095995
case_009,1,1,3,ablation,no_level,0.601,2.369,True,137462,982558,,153261,300,,1.1149335816443817
case_011,2,2,5,ablation,full,0.052,0.207,True,47287,1622016,,184697,5,,3.905872649988369
case_011,2,2,5,ablation,no_comm,0.102,0.176,True,45110,2060288,,184697,10,,4.094369319441365
case_011,2,2,5,ablation,no_balance,0.009,0.162,True,47287,1622016,,184697,5,,3.905872649988369
case_011,2,2,5,ablation,no_sync,0.048,0.22,True,47287,1622016,,184697,5,,3.905872649988369
case_011,2,2,5,ablation,no_localsearch,0.012,0.163,True,47287,1622016,,184697,5,,3.905872649988369
case_011,2,2,5,ablation,no_cache_aware,0.053,0.158,True,47287,1622016,,184697,5,,3.905872649988369
case_011,2,2,5,ablation,no_level,0.055,0.16,True,47287,1622016,,184697,16,,3.905872649988369
case_011,3,3,3,ablation,full,0.03,0.143,True,69625,1081344,0.5669191919191919,184697,3,,2.6527396768402154
case_011,3,3,3,ablation,no_comm,0.022,0.205,True,65543,1200128,0.3946629213483146,184697,6,,2.8179515737759946
case_011,3,3,3,ablation,no_balance,0.01,0.142,True,69625,1081344,0.5669191919191919,184697,3,,2.6527396768402154
case_011,3,3,3,ablation,no_sync,0.029,0.145,True,69625,1081344,0.5669191919191919,184697,3,,2.6527396768402154
case_011,3,3,3,ablation,no_localsearch,0.012,0.152,True,69625,1081344,0.5669191919191919,184697,3,,2.6527396768402154
case_011,3,3,3,ablation,no_cache_aware,0.034,0.223,True,69625,1081344,0.5669191919191919,184697,3,,2.6527396768402154
case_011,3,3,3,ablation,no_level,0.031,0.15,True,69625,1081344,0.5669191919191919,184697,16,,2.6527396768402154
case_011,3,3,4,ablation,full,0.039,0.13,True,46880,540672,0.0,184697,4,,3.9397824232081913
case_011,3,3,4,ablation,no_comm,0.033,0.229,True,50195,1830912,0.35376344086021505,184697,8,,3.6795896005578244
case_011,3,3,4,ablation,no_balance,0.01,0.123,True,46880,540672,0.0,184697,4,,3.9397824232081913
case_011,3,3,4,ablation,no_sync,0.037,0.127,True,46880,540672,0.0,184697,4,,3.9397824232081913
case_011,3,3,4,ablation,no_localsearch,0.012,0.131,True,46880,540672,0.0,184697,4,,3.9397824232081913
case_011,3,3,4,ablation,no_cache_aware,0.04,0.186,True,46880,540672,0.0,184697,4,,3.9397824232081913
case_011,3,3,4,ablation,no_level,0.041,0.135,True,46880,540672,0.0,184697,16,,3.9397824232081913
case_011,3,3,5,ablation,full,0.053,0.206,True,46777,1622016,0.6231060606060606,184697,5,,3.9484575753041025
case_011,3,3,5,ablation,no_comm,0.047,0.22,True,42993,2516992,0.4487926727726894,184697,10,,4.295978415090829
case_011,3,3,5,ablation,no_balance,0.011,0.179,True,46777,1622016,0.6231060606060606,184697,5,,3.9484575753041025
case_011,3,3,5,ablation,no_sync,0.062,0.228,True,46777,1622016,0.6231060606060606,184697,5,,3.9484575753041025
case_011,3,3,5,ablation,no_localsearch,0.012,0.165,True,46777,1622016,0.6231060606060606,184697,5,,3.9484575753041025
case_011,3,3,5,ablation,no_cache_aware,0.054,0.169,True,46777,1622016,0.6231060606060606,184697,5,,3.9484575753041025
case_011,3,3,5,ablation,no_level,0.055,0.17,True,46777,1622016,0.6231060606060606,184697,16,,3.9484575753041025
case_012,2,2,2,ablation,full,0.021,0.145,True,30092,0,,59088,2,,1.9635783596969294
case_012,2,2,2,ablation,no_comm,0.016,0.219,True,36231,100144,,59088,4,,1.630868593193674
case_012,2,2,2,ablation,no_balance,0.009,0.173,True,33180,0,,59088,2,,1.7808318264014467
case_012,2,2,2,ablation,no_sync,0.02,0.158,True,30092,0,,59088,2,,1.9635783596969294
case_012,2,2,2,ablation,no_localsearch,0.062,0.157,True,30092,0,,59088,2,,1.9635783596969294
case_012,2,2,2,ablation,no_cache_aware,0.019,0.158,True,30092,0,,59088,2,,1.9635783596969294
case_012,2,2,2,ablation,no_level,0.017,0.213,True,29409,0,,59088,25,,2.0091808630011223
case_009,3,3,5,ablation,full,0.484,1.504,True,76023,691256,0.3455897831731107,153261,78,,2.0159820054457205
case_009,3,3,5,ablation,no_comm,0.769,1.35,True,125579,291706,0.19368374745141834,153261,16,,1.2204349453332166
case_009,3,3,5,ablation,no_balance,0.11,1.629,True,52825,960456,0.4064652540533994,153261,124,,2.90129673450071
case_009,3,3,5,ablation,no_sync,0.378,1.4,True,76023,691256,0.3455897831731107,153261,78,,2.0159820054457205
case_009,3,3,5,ablation,no_localsearch,0.112,1.36,True,76023,691256,0.3455897831731107,153261,78,,2.0159820054457205
case_009,3,3,5,ablation,no_cache_aware,0.528,1.298,True,76023,691256,0.3455897831731107,153261,78,,2.0159820054457205
case_009,3,3,5,ablation,no_level,0.443,1.413,True,78897,691256,0.28181681486011007,153261,300,,1.942545343929427
case_009,1,1,4,ablation,full,0.684,1.612,True,103309,660008,,153261,61,,1.4835203128478642
case_009,1,1,4,ablation,no_comm,0.323,2.475,True,122757,312884,,153261,11,,1.248490921088003
case_009,1,1,4,ablation,no_balance,0.133,2.02,True,91389,802780,,153261,100,,1.6770180218625874
case_009,1,1,4,ablation,no_sync,0.302,1.721,True,102172,711896,,153261,68,,1.500029362251889
case_009,1,1,4,ablation,no_localsearch,0.11,1.58,True,102172,711896,,153261,68,,1.500029362251889
case_009,1,1,4,ablation,no_cache_aware,0.614,1.616,True,103309,660008,,153261,61,,1.4835203128478642
case_009,1,1,4,ablation,no_level,0.592,2.419,True,134929,982558,,153261,300,,1.1358640470173202
case_009,1,1,5,ablation,full,0.489,1.817,True,92914,690314,,153261,78,,1.649493079622016
case_009,1,1,5,ablation,no_comm,0.652,2.002,True,128673,296170,,153261,16,,1.1910890396586697
case_009,1,1,5,ablation,no_balance,0.104,2.239,True,70699,863710,,153261,124,,2.1677958669853887
case_009,1,1,5,ablation,no_sync,0.359,1.832,True,92914,690314,,153261,78,,1.649493079622016
case_009,1,1,5,ablation,no_localsearch,0.11,1.637,True,92914,690314,,153261,78,,1.649493079622016
case_009,1,1,5,ablation,no_cache_aware,0.458,1.632,True,92914,690314,,153261,78,,1.649493079622016
case_009,1,1,5,ablation,no_level,0.43,2.536,True,122458,982558,,153261,300,,1.2515393032713258
case_012,3,3,2,ablation,full,0.02,0.222,True,30092,0,0.0,59088,2,,1.9635783596969294
case_012,3,3,2,ablation,no_comm,0.02,0.188,True,36231,100144,0.12068844199890232,59088,4,,1.630868593193674
case_012,3,3,2,ablation,no_balance,0.009,0.162,True,33180,0,0.0,59088,2,,1.7808318264014467
case_012,3,3,2,ablation,no_sync,0.078,0.158,True,30092,0,0.0,59088,2,,1.9635783596969294
case_012,3,3,2,ablation,no_localsearch,0.012,0.162,True,30092,0,0.0,59088,2,,1.9635783596969294
case_012,3,3,2,ablation,no_cache_aware,0.02,0.243,True,30092,0,0.0,59088,2,,1.9635783596969294
case_012,3,3,2,ablation,no_level,0.017,0.16,True,29409,0,0.0,59088,25,,2.0091808630011223
case_012,2,2,3,ablation,full,0.097,0.19,True,27337,156120,,59088,8,,2.1614661447854555
case_012,2,2,3,ablation,no_comm,0.026,0.224,True,25388,193254,,59088,7,,2.327398771072948
case_012,2,2,3,ablation,no_balance,0.017,0.206,True,25867,274246,,59088,9,,2.284300460045618
case_012,2,2,3,ablation,no_sync,0.084,0.194,True,27337,156120,,59088,8,,2.1614661447854555
case_012,2,2,3,ablation,no_localsearch,0.02,0.229,True,22714,219136,,59088,9,,2.6013912124680814
case_012,2,2,3,ablation,no_cache_aware,0.101,0.172,True,27337,156120,,59088,8,,2.1614661447854555
case_012,2,2,3,ablation,no_level,0.1,0.249,True,27585,156120,,59088,126,,2.1420337139749863
case_012,1,1,2,ablation,full,0.019,0.323,True,30092,0,,59088,2,,1.9635783596969294
case_012,1,1,2,ablation,no_comm,0.017,0.327,True,37158,102456,,59088,4,,1.5901824640723397
case_012,1,1,2,ablation,no_balance,0.009,0.402,True,33180,0,,59088,2,,1.7808318264014467
case_012,1,1,2,ablation,no_sync,0.02,0.345,True,30092,0,,59088,2,,1.9635783596969294
case_012,1,1,2,ablation,no_localsearch,0.011,0.412,True,30092,0,,59088,2,,1.9635783596969294
case_012,1,1,2,ablation,no_cache_aware,0.018,0.356,True,30092,0,,59088,2,,1.9635783596969294
case_012,1,1,2,ablation,no_level,0.024,0.202,True,32148,0,,59088,25,,1.837999253452781
case_012,2,2,4,ablation,full,0.13,0.17,True,18089,73016,,59088,8,,3.2665155619437227
case_012,2,2,4,ablation,no_comm,0.083,0.179,True,26247,122436,,59088,8,,2.251228711852783
case_012,2,2,4,ablation,no_balance,0.016,0.284,True,20668,327362,,59088,12,,2.858912328236888
case_012,2,2,4,ablation,no_sync,0.111,0.167,True,18387,73000,,59088,8,,3.2135748082884645
case_012,2,2,4,ablation,no_localsearch,0.019,0.249,True,22637,270706,,59088,12,,2.610239872774661
case_012,2,2,4,ablation,no_cache_aware,0.131,0.167,True,18089,73016,,59088,8,,3.2665155619437227
case_012,2,2,4,ablation,no_level,0.131,0.197,True,27280,73016,,59088,126,,2.165982404692082
case_012,1,1,3,ablation,full,0.095,0.342,True,28475,164312,,59088,8,,2.075083406496927
case_012,1,1,3,ablation,no_comm,0.028,0.331,True,26065,205796,,59088,7,,2.2669480145789374
case_012,1,1,3,ablation,no_balance,0.017,0.32,True,25593,447566,,59088,9,,2.308756300550932
case_012,1,1,3,ablation,no_sync,0.076,0.345,True,28475,164312,,59088,8,,2.075083406496927
case_012,1,1,3,ablation,no_localsearch,0.019,0.319,True,25931,328196,,59088,9,,2.2786626046045275
case_012,1,1,3,ablation,no_cache_aware,0.11,0.343,True,28475,164312,,59088,8,,2.075083406496927
case_012,1,1,3,ablation,no_level,0.122,0.362,True,42575,452352,,59088,126,,1.3878567234292425
case_012,3,3,3,ablation,full,0.049,0.2,True,22604,219136,0.23839679662409877,59088,9,,2.614050610511414
case_012,3,3,3,ablation,no_comm,0.028,0.254,True,25388,193254,0.20655802444758456,59088,7,,2.327398771072948
case_012,3,3,3,ablation,no_balance,0.014,0.206,True,24502,274246,0.3142590358682071,59088,9,,2.4115582401436617
case_012,3,3,3,ablation,no_sync,0.044,0.188,True,22604,219136,0.23839679662409877,59088,9,,2.614050610511414
case_012,3,3,3,ablation,no_localsearch,0.02,0.297,True,22604,219136,0.23839679662409877,59088,9,,2.614050610511414
case_012,3,3,3,ablation,no_cache_aware,0.102,0.223,True,27337,156120,0.20790854548816332,59088,8,,2.1614661447854555
case_012,3,3,3,ablation,no_level,0.05,0.293,True,29605,219136,0.24959054374624787,59088,126,,1.995879074480662
case_012,2,2,5,ablation,full,0.147,0.173,True,18348,70824,,59088,8,,3.2204054937867888
case_012,2,2,5,ablation,no_comm,0.11,0.177,True,25798,140094,,59088,10,,2.290410109310799
case_012,2,2,5,ablation,no_balance,0.015,0.258,True,19074,359698,,59088,15,,3.0978295061340044
case_012,2,2,5,ablation,no_sync,0.114,0.16,True,18348,70824,,59088,8,,3.2204054937867888
case_012,2,2,5,ablation,no_localsearch,0.019,0.208,True,19581,311376,,59088,15,,3.0176191205760685
case_012,2,2,5,ablation,no_cache_aware,0.177,0.2,True,18348,70824,,59088,8,,3.2204054937867888
case_012,2,2,5,ablation,no_level,0.158,0.192,True,20261,70824,,59088,127,,2.9163417402892255
case_012,1,1,4,ablation,full,0.123,0.333,True,19624,84540,,59088,8,,3.0110069302894416
case_012,1,1,4,ablation,no_comm,0.079,0.34,True,26748,145482,,59088,8,,2.2090623598026022
case_012,1,1,4,ablation,no_balance,0.018,0.332,True,23076,506032,,59088,12,,2.560582423296932
case_012,1,1,4,ablation,no_sync,0.113,0.314,True,19655,84528,,59088,8,,3.006257949631137
case_012,1,1,4,ablation,no_localsearch,0.018,0.369,True,24212,424816,,59088,12,,2.4404427556583514
case_012,1,1,4,ablation,no_cache_aware,0.168,0.35,True,19624,84540,,59088,8,,3.0110069302894416
case_012,1,1,4,ablation,no_level,0.126,0.374,True,38910,452352,,59088,126,,1.5185813415574403
case_012,3,3,4,ablation,full,0.145,0.189,True,20558,157436,0.21680466501741807,59088,9,,2.8742095534585075
case_012,3,3,4,ablation,no_comm,0.096,0.233,True,23407,160478,0.19986538903207696,59088,9,,2.52437305079677
case_012,3,3,4,ablation,no_balance,0.016,0.22,True,19845,327362,0.35280500194598746,59088,12,,2.9774754346182917
case_012,3,3,4,ablation,no_sync,0.111,0.185,True,20558,157436,0.21680466501741807,59088,9,,2.8742095534585075
case_012,3,3,4,ablation,no_localsearch,0.019,0.26,True,21026,270706,0.2701334260506758,59088,12,,2.8102349472082184
case_012,3,3,4,ablation,no_cache_aware,0.153,0.162,True,18087,73016,0.12321280507588593,59088,8,,3.266876762315475
case_012,3,3,4,ablation,no_level,0.157,0.2,True,20673,157436,0.21438127934568588,59088,126,,2.8582208677985776
case_012,1,1,5,ablation,full,0.151,0.323,True,19137,79024,,59088,8,,3.087631290170873
case_012,1,1,5,ablation,no_comm,0.112,0.376,True,28242,179544,,59088,10,,2.092203101763331
case_012,1,1,5,ablation,no_balance,0.017,0.345,True,22222,544500,,59088,15,,2.658986589865899
case_012,1,1,5,ablation,no_sync,0.115,0.319,True,19137,79024,,59088,8,,3.087631290170873
case_012,1,1,5,ablation,no_localsearch,0.02,0.334,True,23442,494162,,59088,15,,2.5206040440235475
case_012,1,1,5,ablation,no_cache_aware,0.155,0.422,True,19137,79024,,59088,8,,3.087631290170873
case_012,1,1,5,ablation,no_level,0.145,0.373,True,29220,464640,,59088,127,,2.02217659137577
case_012,3,3,5,ablation,full,0.146,0.254,True,16225,177598,0.21348736791206355,59088,10,,3.6417873651771955
case_012,3,3,5,ablation,no_comm,0.145,0.232,True,18862,145604,0.17158222715438132,59088,12,,3.132647651362528
case_012,3,3,5,ablation,no_balance,0.02,0.221,True,16774,359698,0.3094882797019409,59088,15,,3.5225944914749014
case_012,3,3,5,ablation,no_sync,0.112,0.289,True,16225,177598,0.21348736791206355,59088,10,,3.6417873651771955
case_012,3,3,5,ablation,no_localsearch,0.02,0.264,True,17445,311376,0.26230900050630285,59088,15,,3.387102321582115
case_012,3,3,5,ablation,no_cache_aware,0.148,0.306,True,18327,70824,0.10029958670155771,59088,8,,3.2240955966606646
case_012,3,3,5,ablation,no_level,0.149,0.208,True,22060,177598,0.23556387804945655,59088,127,,2.6785131459655487
case_013,2,2,3,ablation,full,0.11,0.536,True,88351,16384,,263949,3,,2.98750438591527
case_013,2,2,3,ablation,no_comm,0.061,0.506,True,89590,61440,,263949,6,,2.9461881906462777
case_013,2,2,3,ablation,no_balance,0.025,0.544,True,88351,16384,,263949,3,,2.98750438591527
case_013,2,2,3,ablation,no_sync,0.078,0.523,True,88351,16384,,263949,3,,2.98750438591527
case_013,2,2,3,ablation,no_localsearch,0.029,0.521,True,88351,16384,,263949,3,,2.98750438591527
case_013,2,2,3,ablation,no_cache_aware,0.099,0.554,True,88351,16384,,263949,3,,2.98750438591527
case_013,2,2,3,ablation,no_level,0.105,0.552,True,88351,16384,,263949,246,,2.98750438591527
case_013,2,2,4,ablation,full,0.126,0.495,True,66982,24576,,263949,4,,3.9405959810098237
case_013,2,2,4,ablation,no_comm,0.079,0.528,True,67701,114688,,263949,8,,3.8987459564851332
case_013,2,2,4,ablation,no_balance,0.022,0.516,True,66982,24576,,263949,4,,3.9405959810098237
case_013,2,2,4,ablation,no_sync,0.131,0.533,True,66982,24576,,263949,4,,3.9405959810098237
case_013,2,2,4,ablation,no_localsearch,0.037,0.549,True,66982,24576,,263949,4,,3.9405959810098237
case_013,2,2,4,ablation,no_cache_aware,0.129,0.546,True,66982,24576,,263949,4,,3.9405959810098237
case_013,2,2,4,ablation,no_level,0.147,0.508,True,66982,24576,,263949,246,,3.9405959810098237
case_013,2,2,2,ablation,full,0.078,0.594,True,132198,8192,,263949,2,,1.9966187083011846
case_013,2,2,2,ablation,no_comm,0.036,0.605,True,132198,8192,,263949,2,,1.9966187083011846
case_013,2,2,2,ablation,no_balance,0.025,0.641,True,132198,8192,,263949,2,,1.9966187083011846
case_013,2,2,2,ablation,no_sync,0.065,0.555,True,132198,8192,,263949,2,,1.9966187083011846
case_013,2,2,2,ablation,no_localsearch,0.045,0.551,True,132198,8192,,263949,2,,1.9966187083011846
case_013,2,2,2,ablation,no_cache_aware,0.075,0.578,True,132198,8192,,263949,2,,1.9966187083011846
case_013,2,2,2,ablation,no_level,0.064,0.57,True,132198,8192,,263949,246,,1.9966187083011846
case_013,2,2,5,ablation,full,0.168,0.501,True,54363,32768,,263949,5,,4.855305998565201
case_013,2,2,5,ablation,no_comm,0.09,0.483,True,55247,176128,,263949,10,,4.777616884174706
case_013,2,2,5,ablation,no_balance,0.022,0.562,True,54363,32768,,263949,5,,4.855305998565201
case_013,2,2,5,ablation,no_sync,0.164,0.534,True,54363,32768,,263949,5,,4.855305998565201
case_013,2,2,5,ablation,no_localsearch,0.037,0.577,True,54363,32768,,263949,5,,4.855305998565201
case_013,2,2,5,ablation,no_cache_aware,0.19,0.543,True,54363,32768,,263949,5,,4.855305998565201
case_013,2,2,5,ablation,no_level,0.177,0.579,True,54363,32768,,263949,246,,4.855305998565201
case_013,3,3,4,ablation,full,0.139,0.513,True,66982,24576,0.0,263949,4,,3.9405959810098237
case_013,3,3,4,ablation,no_comm,0.077,0.483,True,67665,114688,0.010763209393346379,263949,8,,3.9008202172467303
case_013,3,3,4,ablation,no_balance,0.019,0.475,True,66982,24576,0.0,263949,4,,3.9405959810098237
case_013,3,3,4,ablation,no_sync,0.11,0.493,True,66982,24576,0.0,263949,4,,3.9405959810098237
case_013,3,3,4,ablation,no_localsearch,0.033,0.516,True,66982,24576,0.0,263949,4,,3.9405959810098237
case_013,3,3,4,ablation,no_cache_aware,0.142,0.525,True,66982,24576,0.0,263949,4,,3.9405959810098237
case_013,3,3,4,ablation,no_level,0.126,0.572,True,66982,24576,0.0,263949,246,,3.9405959810098237
case_013,3,3,2,ablation,full,0.073,0.61,True,132198,8192,0.0,263949,2,,1.9966187083011846
case_013,3,3,2,ablation,no_comm,0.045,0.61,True,132198,8192,0.0,263949,2,,1.9966187083011846
case_013,3,3,2,ablation,no_balance,0.028,0.549,True,132198,8192,0.0,263949,2,,1.9966187083011846
case_013,3,3,2,ablation,no_sync,0.052,0.626,True,132198,8192,0.0,263949,2,,1.9966187083011846
case_013,3,3,2,ablation,no_localsearch,0.042,0.644,True,132198,8192,0.0,263949,2,,1.9966187083011846
case_013,3,3,2,ablation,no_cache_aware,0.078,0.637,True,132198,8192,0.0,263949,2,,1.9966187083011846
case_013,3,3,2,ablation,no_level,0.076,0.646,True,132198,8192,0.0,263949,246,,1.9966187083011846
case_013,3,3,5,ablation,full,0.185,0.506,True,54363,32768,0.0,263949,5,,4.855305998565201
case_013,3,3,5,ablation,no_comm,0.114,0.505,True,55083,176128,0.009624639076034648,263949,10,,4.791841402973694
case_013,3,3,5,ablation,no_balance,0.021,0.536,True,54363,32768,0.0,263949,5,,4.855305998565201
case_013,3,3,5,ablation,no_sync,0.153,0.526,True,54363,32768,0.0,263949,5,,4.855305998565201
case_013,3,3,5,ablation,no_localsearch,0.032,0.511,True,54363,32768,0.0,263949,5,,4.855305998565201
case_013,3,3,5,ablation,no_cache_aware,0.192,0.521,True,54363,32768,0.0,263949,5,,4.855305998565201
case_013,3,3,5,ablation,no_level,0.198,0.528,True,54363,32768,0.0,263949,246,,4.855305998565201
case_013,3,3,3,ablation,full,0.108,0.66,True,88351,16384,0.0,263949,3,,2.98750438591527
case_013,3,3,3,ablation,no_comm,0.057,0.603,True,89590,61440,0.005958291956305859,263949,6,,2.9461881906462777
case_013,3,3,3,ablation,no_balance,0.026,0.595,True,88351,16384,0.0,263949,3,,2.98750438591527
case_013,3,3,3,ablation,no_sync,0.09,0.633,True,88351,16384,0.0,263949,3,,2.98750438591527
case_013,3,3,3,ablation,no_localsearch,0.037,0.584,True,88351,16384,0.0,263949,3,,2.98750438591527
case_013,3,3,3,ablation,no_cache_aware,0.096,0.641,True,88351,16384,0.0,263949,3,,2.98750438591527
case_013,3,3,3,ablation,no_level,0.108,0.659,True,88351,16384,0.0,263949,246,,2.98750438591527
case_013,1,1,4,ablation,full,0.123,0.798,True,66982,24576,,263949,4,,3.9405959810098237
case_013,1,1,4,ablation,no_comm,0.07,0.756,True,68795,143360,,263949,8,,3.836746856602951
case_013,1,1,4,ablation,no_balance,0.024,0.873,True,66982,24576,,263949,4,,3.9405959810098237
case_013,1,1,4,ablation,no_sync,0.129,0.867,True,66982,24576,,263949,4,,3.9405959810098237
case_013,1,1,4,ablation,no_localsearch,0.032,0.927,True,66982,24576,,263949,4,,3.9405959810098237
case_013,1,1,4,ablation,no_cache_aware,0.133,0.792,True,66982,24576,,263949,4,,3.9405959810098237
case_013,1,1,4,ablation,no_level,0.129,1.598,True,108774,2007040,,263949,246,,2.4265817198962987
case_013,1,1,5,ablation,full,0.16,0.779,True,54363,32768,,263949,5,,4.855305998565201
case_013,1,1,5,ablation,no_comm,0.093,0.814,True,56848,204800,,263949,10,,4.643065719110611
case_013,1,1,5,ablation,no_balance,0.027,0.712,True,54363,32768,,263949,5,,4.855305998565201
case_013,1,1,5,ablation,no_sync,0.213,0.664,True,54363,32768,,263949,5,,4.855305998565201
case_013,1,1,5,ablation,no_localsearch,0.032,0.764,True,54363,32768,,263949,5,,4.855305998565201
case_013,1,1,5,ablation,no_cache_aware,0.185,0.854,True,54363,32768,,263949,5,,4.855305998565201
case_013,1,1,5,ablation,no_level,0.182,1.615,True,102984,2007040,,263949,246,,2.563009787928222
case_013,1,1,3,ablation,full,0.101,0.927,True,88351,16384,,263949,3,,2.98750438591527
case_013,1,1,3,ablation,no_comm,0.064,0.963,True,90508,77824,,263949,6,,2.9163057409289785
case_013,1,1,3,ablation,no_balance,0.02,0.944,True,88351,16384,,263949,3,,2.98750438591527
case_013,1,1,3,ablation,no_sync,0.081,0.973,True,88351,16384,,263949,3,,2.98750438591527
case_013,1,1,3,ablation,no_localsearch,0.033,1.066,True,88351,16384,,263949,3,,2.98750438591527
case_013,1,1,3,ablation,no_cache_aware,0.108,1.083,True,88351,16384,,263949,3,,2.98750438591527
case_013,1,1,3,ablation,no_level,0.094,1.646,True,132658,2007040,,263949,246,,1.9896953067285803
case_013,1,1,2,ablation,full,0.068,1.228,True,132198,8192,,263949,2,,1.9966187083011846
case_013,1,1,2,ablation,no_comm,0.037,1.191,True,132198,8192,,263949,2,,1.9966187083011846
case_013,1,1,2,ablation,no_balance,0.021,1.193,True,132198,8192,,263949,2,,1.9966187083011846
case_013,1,1,2,ablation,no_sync,0.062,1.276,True,132198,8192,,263949,2,,1.9966187083011846
case_013,1,1,2,ablation,no_localsearch,0.039,1.286,True,132198,8192,,263949,2,,1.9966187083011846
case_013,1,1,2,ablation,no_cache_aware,0.067,1.274,True,132198,8192,,263949,2,,1.9966187083011846
case_013,1,1,2,ablation,no_level,0.062,1.677,True,186122,2007040,,263949,246,,1.418150460450672
case_015,1,1,2,ablation,full,0.032,0.439,True,92321,224536,,177362,2,,1.921144701638847
case_015,1,1,2,ablation,no_comm,0.026,0.486,True,95421,769372,,177362,4,,1.858731306525817
case_015,1,1,2,ablation,no_balance,0.017,0.43,True,95097,191752,,177362,2,,1.8650640924529691
case_015,1,1,2,ablation,no_sync,0.032,0.46,True,92321,224536,,177362,2,,1.921144701638847
case_015,1,1,2,ablation,no_localsearch,0.024,0.522,True,92321,224536,,177362,2,,1.921144701638847
case_015,1,1,2,ablation,no_cache_aware,0.029,0.432,True,92321,224536,,177362,2,,1.921144701638847
case_015,1,1,2,ablation,no_level,0.026,0.262,True,99993,901632,,177362,46,,1.7737441620913463
case_015,1,1,3,ablation,full,0.074,0.36,True,70432,735864,,177362,6,,2.5182019536574285
case_015,1,1,3,ablation,no_comm,0.032,0.473,True,69298,915570,,177362,6,,2.559410083985108
case_015,1,1,3,ablation,no_balance,0.022,0.376,True,76751,973464,,177362,7,,2.310875428333181
case_015,1,1,3,ablation,no_sync,0.063,0.394,True,70432,735864,,177362,6,,2.5182019536574285
case_015,1,1,3,ablation,no_localsearch,0.024,0.381,True,70400,735864,,177362,6,,2.519346590909091
case_015,1,1,3,ablation,no_cache_aware,0.077,0.431,True,70432,735864,,177362,6,,2.5182019536574285
case_015,1,1,3,ablation,no_level,0.076,0.276,True,101522,1835688,,177362,78,,1.7470302003506628
case_015,1,1,4,ablation,full,0.125,0.33,True,68626,920660,,177362,9,,2.5844723574155566
case_015,1,1,4,ablation,no_comm,0.12,0.481,True,62948,1057160,,177362,9,,2.817595475630679
case_015,1,1,4,ablation,no_balance,0.023,0.361,True,67349,1181620,,177362,9,,2.6334763693596046
case_015,1,1,4,ablation,no_sync,0.118,0.334,True,68626,920660,,177362,9,,2.5844723574155566
case_015,1,1,4,ablation,no_localsearch,0.02,0.375,True,67369,1078684,,177362,9,,2.632694562781101
case_015,1,1,4,ablation,no_cache_aware,0.2,0.384,True,68626,920660,,177362,9,,2.5844723574155566
case_015,1,1,4,ablation,no_level,0.138,0.314,True,77936,1835688,,177362,78,,2.2757390679531926
case_015,2,2,2,ablation,full,0.024,0.163,True,92321,224536,,177362,2,,1.921144701638847
case_015,2,2,2,ablation,no_comm,0.022,0.269,True,94725,495940,,177362,4,,1.8723884930060701
case_015,2,2,2,ablation,no_balance,0.012,0.181,True,95097,191752,,177362,2,,1.8650640924529691
case_015,2,2,2,ablation,no_sync,0.03,0.261,True,92321,224536,,177362,2,,1.921144701638847
case_015,2,2,2,ablation,no_localsearch,0.014,0.148,True,92321,224536,,177362,2,,1.921144701638847
case_015,2,2,2,ablation,no_cache_aware,0.024,0.198,True,92321,224536,,177362,2,,1.921144701638847
case_015,2,2,2,ablation,no_level,0.028,0.252,True,86629,109824,,177362,46,,2.047374435812488
case_015,1,1,5,ablation,full,0.119,0.47,True,67789,886664,,177362,9,,2.6163831890129665
case_015,1,1,5,ablation,no_comm,0.139,0.343,True,60545,1108594,,177362,9,,2.929424395078041
case_015,1,1,5,ablation,no_balance,0.016,0.34,True,58667,1234084,,177362,11,,3.0231987318253872
case_015,1,1,5,ablation,no_sync,0.11,0.45,True,65062,884352,,177362,9,,2.7260459254249794
case_015,1,1,5,ablation,no_localsearch,0.019,0.311,True,65530,1234088,,177362,10,,2.706577140241111
case_015,1,1,5,ablation,no_cache_aware,0.133,0.361,True,67789,886664,,177362,9,,2.6163831890129665
case_015,1,1,5,ablation,no_level,0.135,0.323,True,72107,1835688,,177362,78,,2.459705715117811
case_015,2,2,3,ablation,full,0.077,0.237,True,63488,735852,,177362,6,,2.7936302923387095
case_015,2,2,3,ablation,no_comm,0.035,0.298,True,63977,822370,,177362,6,,2.7722775372399457
case_015,2,2,3,ablation,no_balance,0.018,0.232,True,66306,973456,,177362,7,,2.6749012155762677
case_015,2,2,3,ablation,no_sync,0.072,0.294,True,63488,735852,,177362,6,,2.7936302923387095
case_015,2,2,3,ablation,no_localsearch,0.023,0.215,True,63008,735852,,177362,6,,2.8149123920771966
case_015,2,2,3,ablation,no_cache_aware,0.071,0.292,True,63488,735852,,177362,6,,2.7936302923387095
case_015,2,2,3,ablation,no_level,0.073,0.218,True,87110,744044,,177362,78,,2.0360693376191024
case_015,2,2,4,ablation,full,0.117,0.208,True,57062,920656,,177362,9,,3.1082331499071185
case_015,2,2,4,ablation,no_comm,0.136,0.335,True,61936,869996,,177362,9,,2.8636334280547664
case_015,2,2,4,ablation,no_balance,0.017,0.23,True,51822,1181640,,177362,9,,3.42252325267261
case_015,2,2,4,ablation,no_sync,0.112,0.206,True,57062,920656,,177362,9,,3.1082331499071185
case_015,2,2,4,ablation,no_localsearch,0.023,0.337,True,55672,1078680,,177362,9,,3.185838482540595
case_015,2,2,4,ablation,no_cache_aware,0.119,0.198,True,57062,920656,,177362,9,,3.1082331499071185
case_015,2,2,4,ablation,no_level,0.123,0.22,True,72020,920656,,177362,78,,2.4626770341571786
case_015,2,2,5,ablation,full,0.131,0.3,True,60053,886668,,177362,9,,2.9534244750470418
case_015,2,2,5,ablation,no_comm,0.13,0.21,True,56342,999000,,177362,9,,3.1479535692733664
case_015,2,2,5,ablation,no_balance,0.021,0.223,True,51570,1234088,,177362,11,,3.4392476245879386
case_015,2,2,5,ablation,no_sync,0.196,0.253,True,64084,884364,,177362,9,,2.767648711066725
case_015,2,2,5,ablation,no_localsearch,0.018,0.227,True,55445,1234096,,177362,10,,3.198881774731716
case_015,2,2,5,ablation,no_cache_aware,0.118,0.301,True,60053,886668,,177362,9,,2.9534244750470418
case_015,2,2,5,ablation,no_level,0.113,0.218,True,58751,886668,,177362,78,,3.0188762744463924
case_015,3,3,2,ablation,full,0.033,0.209,True,92321,224536,0.20244435106753256,177362,2,,1.921144701638847
case_015,3,3,2,ablation,no_comm,0.026,0.292,True,94725,495940,0.24463603136073211,177362,4,,1.8723884930060701
case_015,3,3,2,ablation,no_balance,0.013,0.202,True,95082,191752,0.17816266039787035,177362,2,,1.8653583222902337
case_015,3,3,2,ablation,no_sync,0.032,0.284,True,92321,224536,0.20244435106753256,177362,2,,1.921144701638847
case_015,3,3,2,ablation,no_localsearch,0.018,0.168,True,92321,224536,0.20244435106753256,177362,2,,1.921144701638847
case_015,3,3,2,ablation,no_cache_aware,0.027,0.203,True,92321,224536,0.20244435106753256,177362,2,,1.921144701638847
case_015,3,3,2,ablation,no_level,0.032,0.257,True,86629,109824,0.11045291892033238,177362,46,,2.047374435812488
case_015,3,3,3,ablation,full,0.149,0.266,True,63488,735852,0.4540918853531488,177362,6,,2.7936302923387095
case_015,3,3,3,ablation,no_comm,0.031,0.208,True,63872,822370,0.3889748212620454,177362,6,,2.7768349198396796
case_015,3,3,3,ablation,no_balance,0.019,0.349,True,66306,973456,0.42627616846424876,177362,7,,2.6749012155762677
case_015,3,3,3,ablation,no_sync,0.06,0.202,True,63488,735852,0.4540918853531488,177362,6,,2.7936302923387095
case_015,3,3,3,ablation,no_localsearch,0.02,0.311,True,63008,735852,0.4540918853531488,177362,6,,2.8149123920771966
case_015,3,3,3,ablation,no_cache_aware,0.078,0.23,True,63488,735852,0.4540918853531488,177362,6,,2.7936302923387095
case_015,3,3,3,ablation,no_level,0.065,0.219,True,87003,744044,0.3159845548465064,177362,78,,2.0385733825270393
case_015,3,3,4,ablation,full,0.068,0.218,True,55621,1078680,0.44809447981392564,177362,9,,3.1887596411427337
case_015,3,3,4,ablation,no_comm,0.048,0.292,True,52133,1029496,0.44369661796022203,177362,10,,3.402106151573859
case_015,3,3,4,ablation,no_balance,0.015,0.223,True,51708,1181640,0.45180157810517024,177362,9,,3.4300688481472887
case_015,3,3,4,ablation,no_sync,0.051,0.353,True,55621,1078680,0.44809447981392564,177362,9,,3.1887596411427337
case_015,3,3,4,ablation,no_localsearch,0.02,0.215,True,55621,1078680,0.44809447981392564,177362,9,,3.1887596411427337
case_015,3,3,4,ablation,no_cache_aware,0.115,0.25,True,56846,920656,0.4192259921621984,177362,9,,3.120043626640397
case_015,3,3,4,ablation,no_level,0.073,0.344,True,74871,1078680,0.36580567534993375,177362,78,,2.3689011766905743
case_015,3,3,5,ablation,full,0.087,0.227,True,51062,1234096,0.39686002766121153,177362,10,,3.4734636324468293
case_015,3,3,5,ablation,no_comm,0.061,0.252,True,48329,1188736,0.4967650189016413,177362,13,,3.669887645099216
case_015,3,3,5,ablation,no_balance,0.021,0.295,True,49164,1234088,0.463202494611718,177362,11,,3.6075583760475145
case_015,3,3,5,ablation,no_sync,0.06,0.235,True,51062,1234096,0.39686002766121153,177362,10,,3.4734636324468293
case_015,3,3,5,ablation,no_localsearch,0.025,0.327,True,51062,1234096,0.39686002766121153,177362,10,,3.4734636324468293
case_015,3,3,5,ablation,no_cache_aware,0.119,0.246,True,59263,886668,0.37106172504912255,177362,9,,2.992794829826367
case_015,3,3,5,ablation,no_level,0.063,0.208,True,52219,1234096,0.37366048459043943,177362,78,,3.3965031884946093
case_003,1,1,2,ablation,full,0.238,7.522,True,570359,635864,,602212,6,,1.055847282150365
case_003,1,1,2,ablation,no_comm,0.232,18.511,True,604423,466578,,602212,5,,0.9963419658087135
case_003,1,1,2,ablation,no_balance,0.213,6.989,True,577913,925794,,602212,9,,1.042046121128959
case_003,1,1,2,ablation,no_sync,0.358,11.9,True,570359,635864,,602212,6,,1.055847282150365
case_003,1,1,2,ablation,no_localsearch,0.247,11.327,True,570359,635864,,602212,6,,1.055847282150365
case_003,1,1,2,ablation,no_cache_aware,0.406,12.738,True,570359,635864,,602212,6,,1.055847282150365
case_003,1,1,2,ablation,no_level,0.412,8.031,True,583918,1534044,,602212,33,,1.0313297415048004
case_016,1,1,4,ablation,full,1.727,6.45,True,7946324,58589780,,7715523,150,,0.9709549975561027
case_016,1,1,4,ablation,no_comm,0.629,9.758,True,7733246,3997816,,7715523,10,,0.9977082068771639
case_016,1,1,4,ablation,no_balance,0.198,9.218,True,8186419,119538880,,7715523,305,,0.9424783901239357
case_016,1,1,4,ablation,no_sync,0.663,9.327,True,8186419,119538880,,7715523,305,,0.9424783901239357
case_016,1,1,4,ablation,no_localsearch,0.256,9.042,True,8186419,119538880,,7715523,305,,0.9424783901239357
case_016,1,1,4,ablation,no_cache_aware,1.697,6.411,True,7946324,58589780,,7715523,150,,0.9709549975561027
case_016,1,1,4,ablation,no_level,1.477,9.011,True,8046919,119538880,,7715523,305,,0.9588170329538548
case_016,1,1,2,ablation,full,0.703,6.116,True,7918442,51511820,,7715523,132,,0.9743738730421969
case_016,1,1,2,ablation,no_comm,0.351,18.66,True,7723907,1835056,,7715523,5,,0.9989145389761943
case_016,1,1,2,ablation,no_balance,0.201,9.052,True,8186419,119538880,,7715523,305,,0.9424783901239357
case_016,1,1,2,ablation,no_sync,0.372,8.582,True,8186419,119538880,,7715523,305,,0.9424783901239357
case_016,1,1,2,ablation,no_localsearch,0.41,9.508,True,8186419,119538880,,7715523,305,,0.9424783901239357
case_016,1,1,2,ablation,no_cache_aware,0.692,6.082,True,7918442,51511820,,7715523,132,,0.9743738730421969
case_016,1,1,2,ablation,no_level,0.531,8.696,True,8030719,119538880,,7715523,305,,0.9607512104457895
case_016,1,1,3,ablation,full,1.043,6.657,True,7985049,68420280,,7715523,175,,0.9662461683077962
case_016,1,1,3,ablation,no_comm,0.494,15.724,True,7725457,2228292,,7715523,6,,0.9987141213781916
case_016,1,1,3,ablation,no_balance,0.195,8.756,True,8186419,119538880,,7715523,305,,0.9424783901239357
case_016,1,1,3,ablation,no_sync,0.655,9.063,True,8186419,119538880,,7715523,305,,0.9424783901239357
case_016,1,1,3,ablation,no_localsearch,0.433,9.273,True,8186419,119538880,,7715523,305,,0.9424783901239357
case_016,1,1,3,ablation,no_cache_aware,0.962,6.885,True,7985049,68420280,,7715523,175,,0.9662461683077962
case_016,1,1,3,ablation,no_level,0.811,8.884,True,8069419,119538880,,7715523,305,,0.9561435587865743
case_016,1,1,5,ablation,full,1.013,9.279,True,8186419,119538880,,7715523,305,,0.9424783901239357
case_016,1,1,5,ablation,no_comm,0.827,8.59,True,7736395,4784252,,7715523,12,,0.9973021025942962
case_016,1,1,5,ablation,no_balance,0.322,9.076,True,8186419,119538880,,7715523,305,,0.9424783901239357
case_016,1,1,5,ablation,no_sync,0.967,9.267,True,8186419,119538880,,7715523,305,,0.9424783901239357
case_016,1,1,5,ablation,no_localsearch,0.248,9.491,True,8186419,119538880,,7715523,305,,0.9424783901239357
case_016,1,1,5,ablation,no_cache_aware,0.949,9.415,True,8186419,119538880,,7715523,305,,0.9424783901239357
case_016,1,1,5,ablation,no_level,0.932,8.227,True,8186419,119538880,,7715523,305,,0.9424783901239357
case_014,2,2,2,ablation,full,1.124,17.145,True,8976065,66345888,,17698626,2,,1.9717577802745412
case_014,2,2,2,ablation,no_comm,0.913,16.356,True,8912108,71557536,,17698626,4,,1.985907935586059
case_014,2,2,2,ablation,no_balance,0.601,16.657,True,9831059,65918880,,17698626,2,,1.800276653817254
case_014,2,2,2,ablation,no_sync,0.883,17.715,True,8976065,66345888,,17698626,2,,1.9717577802745412
case_014,2,2,2,ablation,no_localsearch,0.508,14.47,True,8976065,66345888,,17698626,2,,1.9717577802745412
case_014,2,2,2,ablation,no_cache_aware,0.946,13.862,True,8976065,66345888,,17698626,2,,1.9717577802745412
case_014,2,2,2,ablation,no_level,0.593,19.56,True,8980081,57659808,,17698626,69,,1.9708759865306338
case_016,2,2,5,ablation,full,0.921,4.095,True,7870319,1574080,,7715523,305,,0.9803316739766202
case_016,2,2,5,ablation,no_comm,0.68,4.201,True,7740286,2031740,,7715523,12,,0.9968007642094878
case_016,2,2,5,ablation,no_balance,0.204,4.342,True,7870319,1574080,,7715523,305,,0.9803316739766202
case_016,2,2,5,ablation,no_sync,0.603,4.603,True,7870319,1574080,,7715523,305,,0.9803316739766202
case_016,2,2,5,ablation,no_localsearch,0.274,5.498,True,7870319,1574080,,7715523,305,,0.9803316739766202
case_016,2,2,5,ablation,no_cache_aware,0.882,6.063,True,7870319,1574080,,7715523,305,,0.9803316739766202
case_016,2,2,5,ablation,no_level,1.028,6.061,True,7870319,1574080,,7715523,305,,0.9803316739766202
case_014,3,3,2,ablation,full,1.032,17.955,True,8966909,66345888,0.1273078754937943,17698626,2,,1.973771117784289
case_014,3,3,2,ablation,no_comm,1.014,16.101,True,8903382,71557536,0.1599567212577029,17698626,4,,1.987854278295596
case_014,3,3,2,ablation,no_balance,0.547,16.353,True,9826640,65918880,0.12474274941949454,17698626,2,,1.8010862308988627
case_014,3,3,2,ablation,no_sync,1.079,18.016,True,8966909,66345888,0.1273078754937943,17698626,2,,1.973771117784289
case_014,3,3,2,ablation,no_localsearch,0.537,15.362,True,8966909,66345888,0.1273078754937943,17698626,2,,1.973771117784289
case_014,3,3,2,ablation,no_cache_aware,0.829,13.805,True,8966909,66345888,0.1273078754937943,17698626,2,,1.973771117784289
case_014,3,3,2,ablation,no_level,0.824,20.559,True,8970571,57659808,0.24983755258446821,17698626,69,,1.9729653775662663
case_016,2,2,4,ablation,full,1.338,4.51,True,7791962,1180244,,7715523,150,,0.9901900188938293
case_016,2,2,4,ablation,no_comm,0.651,4.17,True,7732405,1638520,,7715523,10,,0.9978167206709944
case_016,2,2,4,ablation,no_balance,0.171,4.342,True,7869772,1180864,,7715523,305,,0.9803998133618103
case_016,2,2,4,ablation,no_sync,0.611,4.839,True,7869772,1180864,,7715523,305,,0.9803998133618103
case_016,2,2,4,ablation,no_localsearch,0.448,5.752,True,7869772,1180864,,7715523,305,,0.9803998133618103
case_016,2,2,4,ablation,no_cache_aware,1.685,6.696,True,7791962,1180244,,7715523,150,,0.9901900188938293
case_016,2,2,4,ablation,no_level,1.767,6.154,True,7791962,1180244,,7715523,305,,0.9901900188938293
case_014,2,2,5,ablation,full,1.611,18.392,True,3752694,92875680,,17698626,5,,4.716245449269245
case_014,2,2,5,ablation,no_comm,2.016,15.755,True,3772427,74345376,,17698626,10,,4.691575476477079
case_014,2,2,5,ablation,no_balance,0.54,16.289,True,3894882,93417888,,17698626,5,,4.544072452002397
case_014,2,2,5,ablation,no_sync,1.448,17.133,True,3752694,92875680,,17698626,5,,4.716245449269245
case_014,2,2,5,ablation,no_localsearch,1.185,14.481,True,3752694,92875680,,17698626,5,,4.716245449269245
case_014,2,2,5,ablation,no_cache_aware,1.246,13.301,True,3752694,92875680,,17698626,5,,4.716245449269245
case_014,2,2,5,ablation,no_level,1.494,22.165,True,3761111,90579360,,17698626,1335,,4.705690951423662
case_014,2,2,3,ablation,full,1.249,17.539,True,6001237,83601312,,17698626,3,,2.9491629808987714
case_014,2,2,3,ablation,no_comm,1.387,17.229,True,6020358,73370016,,17698626,6,,2.9397962712516432
case_014,2,2,3,ablation,no_balance,0.564,17.014,True,6093188,83400096,,17698626,3,,2.9046577916191
case_014,2,2,3,ablation,no_sync,0.889,17.145,True,6001237,83601312,,17698626,3,,2.9491629808987714
case_014,2,2,3,ablation,no_localsearch,0.928,14.723,True,6001237,83601312,,17698626,3,,2.9491629808987714
case_014,2,2,3,ablation,no_cache_aware,0.795,12.789,True,6001237,83601312,,17698626,3,,2.9491629808987714
case_014,2,2,3,ablation,no_level,0.609,24.625,True,5984916,81283488,,17698626,1335,,2.957205414411831
case_014,2,2,4,ablation,full,1.385,17.85,True,4577787,89273760,,17698626,4,,3.8661969200401853
case_014,2,2,4,ablation,no_comm,1.818,16.11,True,4578372,74806176,,17698626,8,,3.8657029179804523
case_014,2,2,4,ablation,no_balance,0.73,16.688,True,4685727,89329056,,17698626,4,,3.7771355437480674
case_014,2,2,4,ablation,no_sync,1.323,17.603,True,4577787,89273760,,17698626,4,,3.8661969200401853
case_014,2,2,4,ablation,no_localsearch,0.966,14.158,True,4577787,89273760,,17698626,4,,3.8661969200401853
case_014,2,2,4,ablation,no_cache_aware,1.233,13.605,True,4577787,89273760,,17698626,4,,3.8661969200401853
case_014,2,2,4,ablation,no_level,1.33,23.317,True,4604615,86306208,,17698626,1335,,3.84367118640755
case_016,2,2,3,ablation,full,0.818,5.702,True,7803965,787128,,7715523,175,,0.9886670429711051
case_016,2,2,3,ablation,no_comm,0.392,5.602,True,7721316,1048644,,7715523,6,,0.9992497392931464
case_016,2,2,3,ablation,no_balance,0.159,5.364,True,7869225,787648,,7715523,305,,0.9804679622199136
case_016,2,2,3,ablation,no_sync,0.56,6.472,True,7869225,787648,,7715523,305,,0.9804679622199136
case_016,2,2,3,ablation,no_localsearch,0.231,6.698,True,7869225,787648,,7715523,305,,0.9804679622199136
case_016,2,2,3,ablation,no_cache_aware,1.195,7.342,True,7803965,787128,,7715523,175,,0.9886670429711051
case_016,2,2,3,ablation,no_level,0.965,6.723,True,7803965,787128,,7715523,305,,0.9886670429711051
case_014,3,3,4,ablation,full,1.382,18.49,True,4558162,89273760,0.25507035930498634,17698626,4,,3.8828426896630703
case_014,3,3,4,ablation,no_comm,1.827,16.429,True,4562424,74806176,0.14433363492016962,17698626,8,,3.8792155222750013
case_014,3,3,4,ablation,no_balance,0.505,16.992,True,4662906,89329056,0.246940419789619,17698626,4,,3.7956214429370867
case_014,3,3,4,ablation,no_sync,1.328,17.51,True,4558162,89273760,0.25507035930498634,17698626,4,,3.8828426896630703
case_014,3,3,4,ablation,no_localsearch,0.645,14.969,True,4558162,89273760,0.25507035930498634,17698626,4,,3.8828426896630703
case_014,3,3,4,ablation,no_cache_aware,0.928,14.098,True,4558162,89273760,0.25507035930498634,17698626,4,,3.8828426896630703
case_014,3,3,4,ablation,no_level,1.244,23.177,True,4574696,86306208,0.323340460941977,17698626,1335,,3.8688092061199257
case_014,3,3,3,ablation,full,1.175,18.184,True,5987235,83601312,0.21938709633532555,17698626,3,,2.9560600176876304
case_014,3,3,3,ablation,no_comm,1.284,16.836,True,6009806,73370016,0.14644403787365726,17698626,6,,2.9449579570455353
case_014,3,3,3,ablation,no_balance,0.656,16.881,True,6089633,83400096,0.20339626611896425,17698626,3,,2.906353469905329
case_014,3,3,3,ablation,no_sync,1.185,17.731,True,5987235,83601312,0.21938709633532555,17698626,3,,2.9560600176876304
case_014,3,3,3,ablation,no_localsearch,0.877,14.331,True,5987235,83601312,0.21938709633532555,17698626,3,,2.9560600176876304
case_014,3,3,3,ablation,no_cache_aware,1.013,14.608,True,5987235,83601312,0.21938709633532555,17698626,3,,2.9560600176876304
case_014,3,3,3,ablation,no_level,1.158,24.892,True,5973620,81283488,0.2866380439248796,17698626,1335,,2.9627974327124926
case_017,1,1,3,ablation,full,0.051,0.599,True,57528,163584,,162810,3,,2.8301001251564455
case_017,1,1,3,ablation,no_comm,0.061,0.508,True,69565,413888,,162810,7,,2.3404010637533244
case_017,1,1,3,ablation,no_balance,0.02,0.629,True,57095,163584,,162810,3,,2.8515631841667397
case_017,1,1,3,ablation,no_sync,0.056,0.631,True,57528,163584,,162810,3,,2.8301001251564455
case_017,1,1,3,ablation,no_localsearch,0.027,0.577,True,57528,163584,,162810,3,,2.8301001251564455
case_017,1,1,3,ablation,no_cache_aware,0.052,0.709,True,57528,163584,,162810,3,,2.8301001251564455
case_017,1,1,3,ablation,no_level,0.048,0.299,True,69210,571392,,162810,54,,2.352405721716515
case_017,1,1,2,ablation,full,0.049,0.629,True,82310,81792,,162810,2,,1.9780099623375045
case_017,1,1,2,ablation,no_comm,0.026,0.653,True,98332,303466,,162810,4,,1.6557173656591955
case_017,1,1,2,ablation,no_balance,0.021,0.591,True,83269,81792,,162810,2,,1.9552294371254608
case_017,1,1,2,ablation,no_sync,0.053,0.759,True,82310,81792,,162810,2,,1.9780099623375045
case_017,1,1,2,ablation,no_localsearch,0.023,0.583,True,84013,81792,,162810,2,,1.9379143703950579
case_017,1,1,2,ablation,no_cache_aware,0.048,0.693,True,82310,81792,,162810,2,,1.9780099623375045
case_017,1,1,2,ablation,no_level,0.048,0.305,True,94808,571392,,162810,54,,1.7172601468230528
case_014,3,3,5,ablation,full,1.771,18.681,True,3709834,92875680,0.2720618577165096,17698626,5,,4.77073259881709
case_014,3,3,5,ablation,no_comm,2.097,16.303,True,3762961,74345376,0.10614187744625289,17698626,10,,4.703377473218564
case_014,3,3,5,ablation,no_balance,0.482,17.195,True,3847268,93417888,0.27806778534138565,17698626,5,,4.60031014215802
case_014,3,3,5,ablation,no_sync,1.498,17.702,True,3709834,92875680,0.2720618577165096,17698626,5,,4.77073259881709
case_014,3,3,5,ablation,no_localsearch,0.624,14.487,True,3709834,92875680,0.2720618577165096,17698626,5,,4.77073259881709
case_014,3,3,5,ablation,no_cache_aware,1.232,14.476,True,3709834,92875680,0.2720618577165096,17698626,5,,4.77073259881709
case_014,3,3,5,ablation,no_level,1.55,22.304,True,3711315,90579360,0.3858432234817224,17698626,1335,,4.76882883829586
case_017,1,1,4,ablation,full,0.1,0.569,True,46304,245376,,162810,4,,3.5161109191430544
case_017,1,1,4,ablation,no_comm,0.056,0.543,True,63533,674172,,162810,9,,2.562605260258448
case_017,1,1,4,ablation,no_balance,0.021,0.578,True,44241,245376,,162810,4,,3.6800705228182005
case_017,1,1,4,ablation,no_sync,0.097,0.573,True,46304,245376,,162810,4,,3.5161109191430544
case_017,1,1,4,ablation,no_localsearch,0.023,0.707,True,45943,245376,,162810,4,,3.543738980911129
case_017,1,1,4,ablation,no_cache_aware,0.1,0.589,True,46304,245376,,162810,4,,3.5161109191430544
case_017,1,1,4,ablation,no_level,0.099,0.371,True,53955,571392,,162810,54,,3.017514595496247
case_017,2,2,2,ablation,full,0.048,0.386,True,82310,81792,,162810,2,,1.9780099623375045
case_017,2,2,2,ablation,no_comm,0.026,0.257,True,95798,257382,,162810,4,,1.6995135597820414
case_017,2,2,2,ablation,no_balance,0.019,0.382,True,83269,81792,,162810,2,,1.9552294371254608
case_017,2,2,2,ablation,no_sync,0.045,0.231,True,82310,81792,,162810,2,,1.9780099623375045
case_017,2,2,2,ablation,no_localsearch,0.026,0.394,True,84013,81792,,162810,2,,1.9379143703950579
case_017,2,2,2,ablation,no_cache_aware,0.045,0.233,True,82310,81792,,162810,2,,1.9780099623375045
case_017,2,2,2,ablation,no_level,0.05,0.244,True,82160,81792,,162810,54,,1.9816212268743914
case_016,2,2,2,ablation,full,0.51,6.21,True,7781832,393740,,7715523,132,,0.9914789987756096
case_016,2,2,2,ablation,no_comm,0.337,6.642,True,7723548,655408,,7715523,5,,0.9989609697512076
case_016,2,2,2,ablation,no_balance,0.191,6.942,True,7868678,394432,,7715523,305,,0.9805361205529061
case_016,2,2,2,ablation,no_sync,0.434,7.501,True,7868678,394432,,7715523,305,,0.9805361205529061
case_016,2,2,2,ablation,no_localsearch,0.226,8.401,True,7868678,394432,,7715523,305,,0.9805361205529061
case_016,2,2,2,ablation,no_cache_aware,0.582,8.048,True,7781832,393740,,7715523,132,,0.9914789987756096
case_016,2,2,2,ablation,no_level,0.639,7.826,True,7781832,393740,,7715523,305,,0.9914789987756096
case_017,2,2,3,ablation,full,0.049,0.241,True,57528,163584,,162810,3,,2.8301001251564455
case_017,2,2,3,ablation,no_comm,0.064,0.262,True,60777,372938,,162810,7,,2.6788094180364284
case_017,2,2,3,ablation,no_balance,0.019,0.377,True,57095,163584,,162810,3,,2.8515631841667397
case_017,2,2,3,ablation,no_sync,0.05,0.253,True,57528,163584,,162810,3,,2.8301001251564455
case_017,2,2,3,ablation,no_localsearch,0.028,0.373,True,57528,163584,,162810,3,,2.8301001251564455
case_017,2,2,3,ablation,no_cache_aware,0.051,0.232,True,57528,163584,,162810,3,,2.8301001251564455
case_017,2,2,3,ablation,no_level,0.044,0.336,True,61443,163584,,162810,54,,2.6497729603046727
case_017,2,2,4,ablation,full,0.104,0.232,True,46304,245376,,162810,4,,3.5161109191430544
case_017,2,2,4,ablation,no_comm,0.048,0.404,True,51975,577906,,162810,9,,3.1324675324675324
case_017,2,2,4,ablation,no_balance,0.019,0.239,True,44241,245376,,162810,4,,3.6800705228182005
case_017,2,2,4,ablation,no_sync,0.109,0.26,True,46304,245376,,162810,4,,3.5161109191430544
case_017,2,2,4,ablation,no_localsearch,0.022,0.384,True,45943,245376,,162810,4,,3.543738980911129
case_017,2,2,4,ablation,no_cache_aware,0.093,0.213,True,46304,245376,,162810,4,,3.5161109191430544
case_017,2,2,4,ablation,no_level,0.095,0.234,True,47154,245376,,162810,54,,3.4527293548797555
case_017,2,2,5,ablation,full,0.081,0.228,True,36065,322560,,162810,5,,4.514349091917372
case_017,2,2,5,ablation,no_comm,0.109,0.437,True,43974,573872,,162810,11,,3.702415063446582
case_017,2,2,5,ablation,no_balance,0.018,0.251,True,35157,327168,,162810,5,,4.630941206587593
case_017,2,2,5,ablation,no_sync,0.072,0.227,True,36065,322560,,162810,5,,4.514349091917372
case_017,2,2,5,ablation,no_localsearch,0.026,0.375,True,36065,322560,,162810,5,,4.514349091917372
case_017,2,2,5,ablation,no_cache_aware,0.069,0.22,True,36065,322560,,162810,5,,4.514349091917372
case_017,2,2,5,ablation,no_level,0.07,0.218,True,37846,322560,,162810,54,,4.301907731332241
case_017,1,1,5,ablation,full,0.08,0.674,True,36065,322560,,162810,5,,4.514349091917372
case_017,1,1,5,ablation,no_comm,0.107,0.519,True,48405,681354,,162810,11,,3.363495506662535
case_017,1,1,5,ablation,no_balance,0.018,0.696,True,35157,327168,,162810,5,,4.630941206587593
case_017,1,1,5,ablation,no_sync,0.076,0.579,True,36065,322560,,162810,5,,4.514349091917372
case_017,1,1,5,ablation,no_localsearch,0.027,0.639,True,36065,322560,,162810,5,,4.514349091917372
case_017,1,1,5,ablation,no_cache_aware,0.073,0.648,True,36065,322560,,162810,5,,4.514349091917372
case_017,1,1,5,ablation,no_level,0.068,0.322,True,42897,571392,,162810,54,,3.7953703056157773
case_017,3,3,2,ablation,full,0.048,0.234,True,82310,81792,0.13258335899888152,162810,2,,1.9780099623375045
case_017,3,3,2,ablation,no_comm,0.157,0.277,True,95798,257382,0.2824989585947627,162810,4,,1.6995135597820414
case_017,3,3,2,ablation,no_balance,0.017,0.39,True,83269,81792,0.13258335899888152,162810,2,,1.9552294371254608
case_017,3,3,2,ablation,no_sync,0.05,0.221,True,82310,81792,0.13258335899888152,162810,2,,1.9780099623375045
case_017,3,3,2,ablation,no_localsearch,0.022,0.35,True,84013,81792,0.13258335899888152,162810,2,,1.9379143703950579
case_017,3,3,2,ablation,no_cache_aware,0.048,0.229,True,82310,81792,0.13258335899888152,162810,2,,1.9780099623375045
case_017,3,3,2,ablation,no_level,0.049,0.375,True,82160,81792,0.013071598774537615,162810,54,,1.9816212268743914
case_017,3,3,3,ablation,full,0.054,0.409,True,57528,163584,0.23412556426058606,162810,3,,2.8301001251564455
case_017,3,3,3,ablation,no_comm,0.061,0.268,True,60777,372938,0.3442480759611016,162810,7,,2.6788094180364284
case_017,3,3,3,ablation,no_balance,0.017,0.214,True,57095,163584,0.1637779768771236,162810,3,,2.8515631841667397
case_017,3,3,3,ablation,no_sync,0.045,0.419,True,57528,163584,0.23412556426058606,162810,3,,2.8301001251564455
case_017,3,3,3,ablation,no_localsearch,0.023,0.235,True,57528,163584,0.23412556426058606,162810,3,,2.8301001251564455
case_017,3,3,3,ablation,no_cache_aware,0.051,0.413,True,57528,163584,0.23412556426058606,162810,3,,2.8301001251564455
case_017,3,3,3,ablation,no_level,0.046,0.25,True,61443,163584,0.023082802110198624,162810,54,,2.6497729603046727
case_017,3,3,4,ablation,full,0.103,0.387,True,46304,245376,0.31438550456505754,162810,4,,3.5161109191430544
case_017,3,3,4,ablation,no_comm,0.051,0.279,True,51975,577906,0.37037138069443903,162810,9,,3.1324675324675324
case_017,3,3,4,ablation,no_balance,0.016,0.221,True,44241,245376,0.31438550456505754,162810,4,,3.6800705228182005
case_017,3,3,4,ablation,no_sync,0.092,0.425,True,46304,245376,0.31438550456505754,162810,4,,3.5161109191430544
case_017,3,3,4,ablation,no_localsearch,0.026,0.234,True,45943,245376,0.31438550456505754,162810,4,,3.543738980911129
case_017,3,3,4,ablation,no_cache_aware,0.096,0.242,True,46304,245376,0.31438550456505754,162810,4,,3.5161109191430544
case_017,3,3,4,ablation,no_level,0.093,0.399,True,47154,245376,0.030995753971202855,162810,54,,3.4527293548797555
case_017,3,3,5,ablation,full,0.077,0.239,True,36065,322560,0.3447447643521228,162810,5,,4.514349091917372
case_017,3,3,5,ablation,no_comm,0.106,0.274,True,43974,573872,0.35529623151838363,162810,11,,3.702415063446582
case_017,3,3,5,ablation,no_balance,0.018,0.233,True,35157,327168,0.23691443442198992,162810,5,,4.630941206587593
case_017,3,3,5,ablation,no_sync,0.073,0.337,True,36065,322560,0.3447447643521228,162810,5,,4.514349091917372
case_017,3,3,5,ablation,no_localsearch,0.022,0.247,True,36065,322560,0.3447447643521228,162810,5,,4.514349091917372
case_017,3,3,5,ablation,no_cache_aware,0.07,0.339,True,36065,322560,0.3447447643521228,162810,5,,4.514349091917372
case_017,3,3,5,ablation,no_level,0.073,0.246,True,37846,322560,0.026863228391074506,162810,54,,4.301907731332241
case_018,2,2,2,ablation,full,0.082,0.69,True,508594,3347456,,1004367,2,,1.974791287352977
case_018,2,2,2,ablation,no_comm,0.054,0.69,True,503576,2801664,,1004367,4,,1.9944695537515689
case_018,2,2,2,ablation,no_balance,0.042,0.69,True,503406,3347456,,1004367,2,,1.9951430853029166
case_018,2,2,2,ablation,no_sync,0.088,0.835,True,508594,3347456,,1004367,2,,1.974791287352977
case_018,2,2,2,ablation,no_localsearch,0.056,0.659,True,508594,3347456,,1004367,2,,1.974791287352977
case_018,2,2,2,ablation,no_cache_aware,0.089,0.769,True,508594,3347456,,1004367,2,,1.974791287352977
case_018,2,2,2,ablation,no_level,0.083,0.693,True,517069,3453952,,1004367,123,,1.9424235450201037
case_018,2,2,3,ablation,full,0.115,0.718,True,346991,4125056,,1004367,3,,2.894504468415607
case_018,2,2,3,ablation,no_comm,0.081,0.701,True,343364,3260416,,1004367,6,,2.9250795074614695
case_018,2,2,3,ablation,no_balance,0.041,0.722,True,345270,3860480,,1004367,3,,2.9089321400642976
case_018,2,2,3,ablation,no_sync,0.116,0.687,True,346991,4125056,,1004367,3,,2.894504468415607
case_018,2,2,3,ablation,no_localsearch,0.052,0.753,True,346991,4125056,,1004367,3,,2.894504468415607
case_018,2,2,3,ablation,no_cache_aware,0.136,0.746,True,346991,4125056,,1004367,3,,2.894504468415607
case_018,2,2,3,ablation,no_level,0.119,0.771,True,364103,4190592,,1004367,123,,2.758469444085877
case_018,2,2,4,ablation,full,0.155,0.708,True,268597,4898560,,1004367,4,,3.739308331813088
case_018,2,2,4,ablation,no_comm,0.115,0.768,True,255357,3756032,,1004367,8,,3.9331876549301565
case_018,2,2,4,ablation,no_balance,0.038,0.717,True,259938,5118976,,1004367,4,,3.8638713847148165
case_018,2,2,4,ablation,no_sync,0.149,0.546,True,268597,4898560,,1004367,4,,3.739308331813088
case_018,2,2,4,ablation,no_localsearch,0.23,0.588,True,268597,4898560,,1004367,4,,3.739308331813088
case_018,2,2,4,ablation,no_cache_aware,0.35,0.573,True,268597,4898560,,1004367,4,,3.739308331813088
case_018,2,2,4,ablation,no_level,0.189,0.822,True,272181,5005056,,1004367,123,,3.690070210631896
case_018,2,2,5,ablation,full,0.198,0.631,True,212257,5337088,,1004367,5,,4.731843943898199
case_018,2,2,5,ablation,no_comm,0.172,0.833,True,207809,5267456,,1004367,10,,4.833125610536599
case_018,2,2,5,ablation,no_balance,0.041,0.664,True,212131,5017600,,1004367,5,,4.734654529512424
case_018,2,2,5,ablation,no_sync,0.189,0.712,True,212257,5337088,,1004367,5,,4.731843943898199
case_018,2,2,5,ablation,no_localsearch,0.067,0.72,True,212257,5337088,,1004367,5,,4.731843943898199
case_018,2,2,5,ablation,no_cache_aware,0.203,0.886,True,212257,5337088,,1004367,5,,4.731843943898199
case_018,2,2,5,ablation,no_level,0.228,0.699,True,222078,5353472,,1004367,123,,4.522586658741523
case_018,3,3,2,ablation,full,0.086,0.773,True,507918,3347456,0.5325158520598569,1004367,2,,1.9774195834760728
case_018,3,3,2,ablation,no_comm,0.064,0.705,True,503004,2801664,0.5278168149352378,1004367,4,,1.9967376004962187
case_018,3,3,2,ablation,no_balance,0.041,0.916,True,502856,3347456,0.569827200199512,1004367,2,,1.9973252780119954
case_018,3,3,2,ablation,no_sync,0.092,0.79,True,507918,3347456,0.5325158520598569,1004367,2,,1.9774195834760728
case_018,3,3,2,ablation,no_localsearch,0.057,0.741,True,507918,3347456,0.5325158520598569,1004367,2,,1.9774195834760728
case_018,3,3,2,ablation,no_cache_aware,0.092,0.807,True,507918,3347456,0.5325158520598569,1004367,2,,1.9774195834760728
case_018,3,3,2,ablation,no_level,0.09,0.801,True,516322,3453952,0.452288574288801,1004367,123,,1.9452337882174302
case_018,3,3,3,ablation,full,0.131,0.701,True,346382,4125056,0.5896462394003692,1004367,3,,2.8995935123649614
case_018,3,3,3,ablation,no_comm,0.09,0.803,True,341921,3260416,0.503589442182093,1004367,6,,2.937424141833932
case_018,3,3,3,ablation,no_balance,0.039,0.799,True,343731,3860480,0.5847591341107294,1004367,3,,2.9219564135908604
case_018,3,3,3,ablation,no_sync,0.279,0.789,True,346382,4125056,0.5896462394003692,1004367,3,,2.8995935123649614
case_018,3,3,3,ablation,no_localsearch,0.053,0.626,True,346382,4125056,0.5896462394003692,1004367,3,,2.8995935123649614
case_018,3,3,3,ablation,no_cache_aware,0.147,1.009,True,346382,4125056,0.5896462394003692,1004367,3,,2.8995935123649614
case_018,3,3,3,ablation,no_level,0.126,0.576,True,360736,4190592,0.5390521629246706,1004367,123,,2.7842161580768208
case_019,1,1,2,ablation,full,0.025,0.14,True,58087,320048,,81144,5,,1.3969390741473995
case_019,1,1,2,ablation,no_comm,0.012,0.284,True,43666,67592,,81144,4,,1.8582879127925618
case_019,1,1,2,ablation,no_balance,0.011,0.17,True,66463,775736,,81144,16,,1.2208898183951973
case_019,1,1,2,ablation,no_sync,0.021,0.136,True,58087,320048,,81144,5,,1.3969390741473995
case_019,1,1,2,ablation,no_localsearch,0.016,0.151,True,58087,320048,,81144,5,,1.3969390741473995
case_019,1,1,2,ablation,no_cache_aware,0.025,0.162,True,58087,320048,,81144,5,,1.3969390741473995
case_019,1,1,2,ablation,no_level,0.023,0.242,True,89060,1044100,,81144,110,,0.9111161015046036
case_018,3,3,4,ablation,full,0.176,0.765,True,267146,4898560,0.6063634890303052,1004367,4,,3.7596183360409663
case_018,3,3,4,ablation,no_comm,0.126,1.013,True,255357,3756032,0.508661398457871,1004367,8,,3.9331876549301565
case_018,3,3,4,ablation,no_balance,0.04,0.625,True,258910,5118976,0.5930485436198851,1004367,4,,3.8792128538874513
case_018,3,3,4,ablation,no_sync,0.355,0.656,True,267146,4898560,0.6063634890303052,1004367,4,,3.7596183360409663
case_018,3,3,4,ablation,no_localsearch,0.272,0.637,True,267146,4898560,0.6063634890303052,1004367,4,,3.7596183360409663
case_018,3,3,4,ablation,no_cache_aware,0.166,0.776,True,267146,4898560,0.6063634890303052,1004367,4,,3.7596183360409663
case_018,3,3,4,ablation,no_level,0.165,0.889,True,271389,5005056,0.5965758727498813,1004367,123,,3.700839017056697
case_019,1,1,3,ablation,full,0.053,0.348,True,36552,602192,,81144,9,,2.219960604070913
case_019,1,1,3,ablation,no_comm,0.018,0.174,True,40505,138764,,81144,6,,2.0033082335514134
case_019,1,1,3,ablation,no_balance,0.011,0.172,True,45785,892500,,81144,21,,1.7722834989625422
case_019,1,1,3,ablation,no_sync,0.031,0.186,True,37088,624720,,81144,10,,2.1878774805867125
case_019,1,1,3,ablation,no_localsearch,0.015,0.161,True,37088,624720,,81144,10,,2.1878774805867125
case_019,1,1,3,ablation,no_cache_aware,0.054,0.156,True,36552,602192,,81144,9,,2.219960604070913
case_019,1,1,3,ablation,no_level,0.053,0.184,True,89573,1057924,,81144,111,,0.9058979826510221
case_018,3,3,5,ablation,full,0.212,0.744,True,211275,5337088,0.6312738070018777,1004367,5,,4.753837415690451
case_018,3,3,5,ablation,no_comm,0.19,0.95,True,207219,5267456,0.5448739544481647,1004367,10,,4.846886627191522
case_018,3,3,5,ablation,no_balance,0.041,0.772,True,212136,5017600,0.5886663572456853,1004367,5,,4.734542934721122
case_018,3,3,5,ablation,no_sync,0.217,0.866,True,211275,5337088,0.6312738070018777,1004367,5,,4.753837415690451
case_018,3,3,5,ablation,no_localsearch,0.057,0.767,True,211275,5337088,0.6312738070018777,1004367,5,,4.753837415690451
case_018,3,3,5,ablation,no_cache_aware,0.224,0.895,True,211275,5337088,0.6312738070018777,1004367,5,,4.753837415690451
case_018,3,3,5,ablation,no_level,0.24,0.741,True,219590,5353472,0.5826099024656828,1004367,123,,4.573828498565509
case_019,1,1,4,ablation,full,0.074,0.171,True,43110,660556,,81144,13,,1.8822546972860126
case_019,1,1,4,ablation,no_comm,0.023,0.184,True,29145,137736,,81144,9,,2.784148224395265
case_019,1,1,4,ablation,no_balance,0.012,0.172,True,41044,950392,,81144,28,,1.9770002923691647
case_019,1,1,4,ablation,no_sync,0.052,0.291,True,43110,660556,,81144,13,,1.8822546972860126
case_019,1,1,4,ablation,no_localsearch,0.017,0.167,True,40555,766064,,81144,14,,2.0008383676488717
case_019,1,1,4,ablation,no_cache_aware,0.074,0.159,True,43110,660556,,81144,13,,1.8822546972860126
case_019,1,1,4,ablation,no_level,0.077,0.217,True,81824,1062532,,81144,112,,0.99168947985921
case_019,2,2,2,ablation,full,0.022,0.099,True,50630,269092,,81144,5,,1.602686154453881
case_019,2,2,2,ablation,no_comm,0.011,0.094,True,43166,67592,,81144,4,,1.8798128156419405
case_019,2,2,2,ablation,no_balance,0.01,0.12,True,53585,517412,,81144,16,,1.5143043762246897
case_019,2,2,2,ablation,no_sync,0.021,0.288,True,50630,269092,,81144,5,,1.602686154453881
case_019,2,2,2,ablation,no_localsearch,0.014,0.11,True,50630,269092,,81144,5,,1.602686154453881
case_019,2,2,2,ablation,no_cache_aware,0.024,0.105,True,50630,269092,,81144,5,,1.602686154453881
case_019,2,2,2,ablation,no_level,0.025,0.101,True,61917,269092,,81144,110,,1.3105286108823102
case_019,1,1,5,ablation,full,0.107,0.168,True,36188,629816,,81144,15,,2.2422902619652922
case_019,1,1,5,ablation,no_comm,0.03,0.164,True,23617,248220,,81144,13,,3.4358301223694796
case_019,1,1,5,ablation,no_balance,0.014,0.349,True,37852,1010324,,81144,33,,2.1437176371129665
case_019,1,1,5,ablation,no_sync,0.069,0.191,True,34789,785564,,81144,17,,2.3324614102158727
case_019,1,1,5,ablation,no_localsearch,0.014,0.193,True,25747,810140,,81144,17,,3.151590476560376
case_019,1,1,5,ablation,no_cache_aware,0.097,0.183,True,36188,629816,,81144,15,,2.2422902619652922
case_019,1,1,5,ablation,no_level,0.093,0.208,True,68721,1062532,,81144,112,,1.1807744357619943
case_019,2,2,3,ablation,full,0.05,0.109,True,33701,502340,,81144,9,,2.407762380938251
case_019,2,2,3,ablation,no_comm,0.016,0.1,True,29331,130572,,81144,6,,2.7664927891991407
case_019,2,2,3,ablation,no_balance,0.014,0.149,True,37050,687428,,81144,21,,2.1901214574898784
case_019,2,2,3,ablation,no_sync,0.03,0.248,True,33961,524868,,81144,10,,2.389328936132623
case_019,2,2,3,ablation,no_localsearch,0.019,0.124,True,33961,524868,,81144,10,,2.389328936132623
case_019,2,2,3,ablation,no_cache_aware,0.054,0.113,True,33701,502340,,81144,9,,2.407762380938251
case_019,2,2,3,ablation,no_level,0.05,0.128,True,51640,502340,,81144,111,,1.5713400464756002
case_019,2,2,4,ablation,full,0.074,0.13,True,31662,538948,,81144,13,,2.562819783968164
case_019,2,2,4,ablation,no_comm,0.025,0.109,True,23616,123400,,81144,9,,3.4359756097560976
case_019,2,2,4,ablation,no_balance,0.011,0.136,True,31315,781412,,81144,28,,2.591218266006706
case_019,2,2,4,ablation,no_sync,0.056,0.121,True,31662,538948,,81144,13,,2.562819783968164
case_019,2,2,4,ablation,no_localsearch,0.014,0.25,True,25763,650340,,81144,14,,3.149633194891899
case_019,2,2,4,ablation,no_cache_aware,0.077,0.128,True,31662,538948,,81144,13,,2.562819783968164
case_019,2,2,4,ablation,no_level,0.07,0.144,True,56736,538948,,81144,112,,1.4302030456852792
case_019,3,3,2,ablation,full,0.023,0.109,True,50589,269092,0.10740457048424938,81144,5,,1.6039850560398505
case_019,3,3,2,ablation,no_comm,0.011,0.1,True,43166,67592,0.1176179537020675,81144,4,,1.8798128156419405
case_019,3,3,2,ablation,no_balance,0.011,0.124,True,53544,517412,0.09207700383799396,81144,16,,1.5154639175257731
case_019,3,3,2,ablation,no_sync,0.02,0.117,True,50589,269092,0.10740457048424938,81144,5,,1.6039850560398505
case_019,3,3,2,ablation,no_localsearch,0.016,0.116,True,50589,269092,0.10740457048424938,81144,5,,1.6039850560398505
case_019,3,3,2,ablation,no_cache_aware,0.022,0.273,True,50589,269092,0.10740457048424938,81144,5,,1.6039850560398505
case_019,3,3,2,ablation,no_level,0.024,0.11,True,61858,269092,0.10740457048424938,81144,110,,1.3117785896731222
case_018,1,1,3,ablation,full,0.119,2.368,True,346991,4125056,,1004367,3,,2.894504468415607
case_018,1,1,3,ablation,no_comm,0.084,2.434,True,341962,3313664,,1004367,6,,2.937071955363461
case_018,1,1,3,ablation,no_balance,0.046,2.521,True,345270,3860480,,1004367,3,,2.9089321400642976
case_018,1,1,3,ablation,no_sync,0.122,2.363,True,346991,4125056,,1004367,3,,2.894504468415607
case_018,1,1,3,ablation,no_localsearch,0.064,2.624,True,346991,4125056,,1004367,3,,2.894504468415607
case_018,1,1,3,ablation,no_cache_aware,0.129,2.65,True,346991,4125056,,1004367,3,,2.894504468415607
case_018,1,1,3,ablation,no_level,0.119,1.193,True,368759,10067712,,1004367,123,,2.72364064334701
case_019,3,3,3,ablation,full,0.05,0.124,True,33701,502340,0.2015932532919239,81144,9,,2.407762380938251
case_019,3,3,3,ablation,no_comm,0.02,0.096,True,29331,130572,0.20737026529729571,81144,6,,2.7664927891991407
case_019,3,3,3,ablation,no_balance,0.01,0.24,True,37015,687428,0.1991832323631187,81144,21,,2.1921923544508983
case_019,3,3,3,ablation,no_sync,0.03,0.126,True,33961,524868,0.20911429169179271,81144,10,,2.389328936132623
case_019,3,3,3,ablation,no_localsearch,0.014,0.125,True,33961,524868,0.20911429169179271,81144,10,,2.389328936132623
case_019,3,3,3,ablation,no_cache_aware,0.05,0.113,True,33701,502340,0.2015932532919239,81144,9,,2.407762380938251
case_019,3,3,3,ablation,no_level,0.048,0.117,True,51545,502340,0.2015932532919239,81144,111,,1.574236104374818
case_019,2,2,5,ablation,full,0.088,0.12,True,32449,525348,,81144,15,,2.5006625781996363
case_019,2,2,5,ablation,no_comm,0.029,0.103,True,20558,227728,,81144,13,,3.9470765638680807
case_019,2,2,5,ablation,no_balance,0.013,0.138,True,27029,880260,,81144,33,,3.002108846054238
case_019,2,2,5,ablation,no_sync,0.073,0.139,True,30544,678788,,81144,17,,2.6566265060240966
case_019,2,2,5,ablation,no_localsearch,0.014,0.134,True,20696,697220,,81144,17,,3.9207576343254735
case_019,2,2,5,ablation,no_cache_aware,0.101,0.298,True,32449,525348,,81144,15,,2.5006625781996363
case_019,2,2,5,ablation,no_level,0.092,0.125,True,49014,525348,,81144,112,,1.6555269922879177
case_018,1,1,2,ablation,full,0.084,2.419,True,508594,3347456,,1004367,2,,1.974791287352977
case_018,1,1,2,ablation,no_comm,0.053,2.456,True,506605,3026944,,1004367,4,,1.982544586018693
case_018,1,1,2,ablation,no_balance,0.202,2.743,True,503406,3347456,,1004367,2,,1.9951430853029166
case_018,1,1,2,ablation,no_sync,0.083,2.659,True,508594,3347456,,1004367,2,,1.974791287352977
case_018,1,1,2,ablation,no_localsearch,0.051,2.691,True,508594,3347456,,1004367,2,,1.974791287352977
case_018,1,1,2,ablation,no_cache_aware,0.093,2.718,True,508594,3347456,,1004367,2,,1.974791287352977
case_018,1,1,2,ablation,no_level,0.08,1.143,True,539278,10067712,,1004367,123,,1.8624290254748015
case_018,1,1,4,ablation,full,0.3,2.379,True,268597,4898560,,1004367,4,,3.739308331813088
case_018,1,1,4,ablation,no_comm,0.114,2.299,True,259465,3821568,,1004367,8,,3.8709151523326844
case_018,1,1,4,ablation,no_balance,0.043,2.569,True,259938,5118976,,1004367,4,,3.8638713847148165
case_018,1,1,4,ablation,no_sync,0.153,2.672,True,268597,4898560,,1004367,4,,3.739308331813088
case_018,1,1,4,ablation,no_localsearch,0.054,2.71,True,268597,4898560,,1004367,4,,3.739308331813088
case_018,1,1,4,ablation,no_cache_aware,0.189,2.577,True,268597,4898560,,1004367,4,,3.739308331813088
case_018,1,1,4,ablation,no_level,0.164,1.082,True,292038,10067712,,1004367,123,,3.439165451071436
case_018,1,1,5,ablation,full,0.193,2.333,True,212257,5337088,,1004367,5,,4.731843943898199
case_018,1,1,5,ablation,no_comm,0.149,2.464,True,212507,5398528,,1004367,10,,4.726277252043462
case_018,1,1,5,ablation,no_balance,0.04,2.498,True,212131,5017600,,1004367,5,,4.734654529512424
case_018,1,1,5,ablation,no_sync,0.193,2.613,True,212257,5337088,,1004367,5,,4.731843943898199
case_018,1,1,5,ablation,no_localsearch,0.057,2.674,True,212257,5337088,,1004367,5,,4.731843943898199
case_018,1,1,5,ablation,no_cache_aware,0.238,2.5,True,212257,5337088,,1004367,5,,4.731843943898199
case_018,1,1,5,ablation,no_level,0.208,1.276,True,230659,10067712,,1004367,123,,4.3543369216028855
case_019,3,3,4,ablation,full,0.045,0.135,True,25764,650340,0.22652393132703866,81144,14,,3.1495109455053565
case_019,3,3,4,ablation,no_comm,0.022,0.104,True,23575,123400,0.097141654894653,81144,9,,3.441951219512195
case_019,3,3,4,ablation,no_balance,0.01,0.142,True,31030,781412,0.22467182927178034,81144,28,,2.6150177247824686
case_019,3,3,4,ablation,no_sync,0.033,0.129,True,25764,650340,0.22652393132703866,81144,14,,3.1495109455053565
case_019,3,3,4,ablation,no_localsearch,0.014,0.284,True,25764,650340,0.22652393132703866,81144,14,,3.1495109455053565
case_019,3,3,4,ablation,no_cache_aware,0.073,0.134,True,31662,538948,0.1619926473754889,81144,13,,2.562819783968164
case_019,3,3,4,ablation,no_level,0.044,0.137,True,57772,650340,0.24089570986972067,81144,112,,1.4045558401994045
case_019,3,3,5,ablation,full,0.091,0.126,True,23239,531076,0.2071763552799591,81144,16,,3.49171651103748
case_019,3,3,5,ablation,no_comm,0.032,0.111,True,20558,227728,0.16470783571911432,81144,13,,3.9470765638680807
case_019,3,3,5,ablation,no_balance,0.012,0.138,True,26504,880260,0.2628769896773586,81144,33,,3.061575611228494
case_019,3,3,5,ablation,no_sync,0.07,0.138,True,23239,545412,0.2157217693428188,81144,18,,3.49171651103748
case_019,3,3,5,ablation,no_localsearch,0.014,0.141,True,20667,697220,0.2181205081693504,81144,17,,3.9262592538830017
case_019,3,3,5,ablation,no_cache_aware,0.086,0.125,True,32449,525348,0.15180561476158577,81144,15,,2.5006625781996363
case_019,3,3,5,ablation,no_level,0.089,0.125,True,48432,531076,0.21810996872205582,81144,112,,1.6754212091179386
case_020,2,2,3,ablation,full,0.195,1.389,True,177950,0,,532746,3,,2.993796010115201
case_020,2,2,3,ablation,no_comm,0.283,1.351,True,180123,200704,,532746,6,,2.957678919405073
case_020,2,2,3,ablation,no_balance,0.056,1.42,True,177950,0,,532746,3,,2.993796010115201
case_020,2,2,3,ablation,no_sync,0.17,1.603,True,177950,0,,532746,3,,2.993796010115201
case_020,2,2,3,ablation,no_localsearch,0.085,1.393,True,177950,0,,532746,3,,2.993796010115201
case_020,2,2,3,ablation,no_cache_aware,0.205,1.561,True,177950,0,,532746,3,,2.993796010115201
case_020,2,2,3,ablation,no_level,0.192,1.496,True,177950,0,,532746,288,,2.993796010115201
case_020,2,2,2,ablation,full,0.143,1.498,True,266580,0,,532746,2,,1.9984469952734638
case_020,2,2,2,ablation,no_comm,0.126,1.622,True,267280,98304,,532746,4,,1.9932131098473511
case_020,2,2,2,ablation,no_balance,0.055,1.584,True,266580,0,,532746,2,,1.9984469952734638
case_020,2,2,2,ablation,no_sync,0.128,1.553,True,266580,0,,532746,2,,1.9984469952734638
case_020,2,2,2,ablation,no_localsearch,0.086,1.57,True,266580,0,,532746,2,,1.9984469952734638
case_020,2,2,2,ablation,no_cache_aware,0.143,1.517,True,266580,0,,532746,2,,1.9984469952734638
case_020,2,2,2,ablation,no_level,0.143,1.485,True,266580,0,,532746,288,,1.9984469952734638
case_020,2,2,4,ablation,full,0.262,1.505,True,133704,0,,532746,4,,3.984518039849219
case_020,2,2,4,ablation,no_comm,0.232,1.381,True,136176,245760,,532746,8,,3.912187169545294
case_020,2,2,4,ablation,no_balance,0.057,1.447,True,133704,0,,532746,4,,3.984518039849219
case_020,2,2,4,ablation,no_sync,0.278,1.407,True,133704,0,,532746,4,,3.984518039849219
case_020,2,2,4,ablation,no_localsearch,0.082,1.249,True,133704,0,,532746,4,,3.984518039849219
case_020,2,2,4,ablation,no_cache_aware,0.439,1.178,True,133704,0,,532746,4,,3.984518039849219
case_020,2,2,4,ablation,no_level,0.426,1.436,True,133704,0,,532746,288,,3.984518039849219
case_020,2,2,5,ablation,full,0.315,1.362,True,107650,0,,532746,5,,4.948871342313051
case_020,2,2,5,ablation,no_comm,0.297,1.403,True,110839,253952,,532746,10,,4.806485081965734
case_020,2,2,5,ablation,no_balance,0.066,1.228,True,107954,0,,532746,5,,4.934935250199159
case_020,2,2,5,ablation,no_sync,0.473,1.268,True,107650,0,,532746,5,,4.948871342313051
case_020,2,2,5,ablation,no_localsearch,0.084,1.504,True,107650,0,,532746,5,,4.948871342313051
case_020,2,2,5,ablation,no_cache_aware,0.331,1.463,True,107650,0,,532746,5,,4.948871342313051
case_020,2,2,5,ablation,no_level,0.318,1.262,True,107650,0,,532746,288,,4.948871342313051
case_016,3,3,5,ablation,full,0.939,5.433,True,7870319,1574080,0.7331066239281472,7715523,305,,0.9803316739766202
case_016,3,3,5,ablation,no_comm,0.783,5.218,True,7733247,2031740,0.46267350119652856,7715523,12,,0.9977080778617313
case_016,3,3,5,ablation,no_balance,0.189,5.608,True,7870319,1574080,0.7331066239281472,7715523,305,,0.9803316739766202
case_016,3,3,5,ablation,no_sync,0.89,5.801,True,7870319,1574080,0.7331066239281472,7715523,305,,0.9803316739766202
case_016,3,3,5,ablation,no_localsearch,0.251,5.297,True,7870319,1574080,0.7331066239281472,7715523,305,,0.9803316739766202
case_016,3,3,5,ablation,no_cache_aware,1.089,5.608,True,7870319,1574080,0.7331066239281472,7715523,305,,0.9803316739766202
case_016,3,3,5,ablation,no_level,0.918,5.712,True,7870319,1574080,0.7331066239281472,7715523,305,,0.9803316739766202
case_016,3,3,3,ablation,full,0.805,6.385,True,7803965,787128,0.6109308845114729,7715523,175,,0.9886670429711051
case_016,3,3,3,ablation,no_comm,0.447,6.072,True,7721316,1048644,0.14999610910971853,7715523,6,,0.9992497392931464
case_016,3,3,3,ablation,no_balance,0.202,6.488,True,7869225,787648,0.6107963018192664,7715523,305,,0.9804679622199136
case_016,3,3,3,ablation,no_sync,0.539,6.736,True,7869225,787648,0.6107963018192664,7715523,305,,0.9804679622199136
case_016,3,3,3,ablation,no_localsearch,0.26,6.441,True,7869225,787648,0.6107963018192664,7715523,305,,0.9804679622199136
case_016,3,3,3,ablation,no_cache_aware,0.86,6.329,True,7803965,787128,0.6109308845114729,7715523,175,,0.9886670429711051
case_016,3,3,3,ablation,no_level,0.771,6.372,True,7803965,787128,0.6109308845114729,7715523,305,,0.9886670429711051
case_016,3,3,4,ablation,full,1.814,5.759,True,7791962,1180244,0.2291232562190035,7715523,150,,0.9901900188938293
case_016,3,3,4,ablation,no_comm,0.776,5.498,True,7730108,1638520,0.2908994063141541,7715523,10,,0.9981132217040176
case_016,3,3,4,ablation,no_balance,0.206,6.167,True,7869772,1180864,0.6872343454475199,7715523,305,,0.9803998133618103
case_016,3,3,4,ablation,no_sync,0.779,5.966,True,7869772,1180864,0.6872343454475199,7715523,305,,0.9803998133618103
case_016,3,3,4,ablation,no_localsearch,0.474,6.023,True,7869772,1180864,0.6872343454475199,7715523,305,,0.9803998133618103
case_016,3,3,4,ablation,no_cache_aware,1.488,6.05,True,7791962,1180244,0.2291232562190035,7715523,150,,0.9901900188938293
case_016,3,3,4,ablation,no_level,1.689,5.99,True,7791962,1180244,0.2291232562190035,7715523,305,,0.9901900188938293
case_020,1,1,5,ablation,full,0.336,3.071,True,107650,0,,532746,5,,4.948871342313051
case_020,1,1,5,ablation,no_comm,0.286,3.15,True,111519,253952,,532746,10,,4.777176983294327
case_020,1,1,5,ablation,no_balance,0.064,3.082,True,107954,0,,532746,5,,4.934935250199159
case_020,1,1,5,ablation,no_sync,0.284,3.186,True,107650,0,,532746,5,,4.948871342313051
case_020,1,1,5,ablation,no_localsearch,0.085,3.099,True,107650,0,,532746,5,,4.948871342313051
case_020,1,1,5,ablation,no_cache_aware,0.514,2.998,True,107650,0,,532746,5,,4.948871342313051
case_020,1,1,5,ablation,no_level,0.54,2.603,True,151907,0,,532746,288,,3.5070536578301197
case_020,3,3,4,ablation,full,0.258,1.48,True,133704,0,0.0,532746,4,,3.984518039849219
case_020,3,3,4,ablation,no_comm,0.247,1.421,True,136107,245760,0.030959752321981424,532746,8,,3.9141704688223236
case_020,3,3,4,ablation,no_balance,0.054,1.455,True,133704,0,0.0,532746,4,,3.984518039849219
case_020,3,3,4,ablation,no_sync,0.265,1.478,True,133704,0,0.0,532746,4,,3.984518039849219
case_020,3,3,4,ablation,no_localsearch,0.084,1.496,True,133704,0,0.0,532746,4,,3.984518039849219
case_020,3,3,4,ablation,no_cache_aware,0.263,1.457,True,133704,0,0.0,532746,4,,3.984518039849219
case_020,3,3,4,ablation,no_level,0.259,1.368,True,133704,0,0.0,532746,288,,3.984518039849219
case_020,3,3,2,ablation,full,0.15,1.479,True,266580,0,0.0,532746,2,,1.9984469952734638
case_020,3,3,2,ablation,no_comm,0.291,1.572,True,267280,98304,0.013245033112582781,532746,4,,1.9932131098473511
case_020,3,3,2,ablation,no_balance,0.049,1.553,True,266580,0,0.0,532746,2,,1.9984469952734638
case_020,3,3,2,ablation,no_sync,0.135,1.738,True,266580,0,0.0,532746,2,,1.9984469952734638
case_020,3,3,2,ablation,no_localsearch,0.088,1.55,True,266580,0,0.0,532746,2,,1.9984469952734638
case_020,3,3,2,ablation,no_cache_aware,0.144,1.699,True,266580,0,0.0,532746,2,,1.9984469952734638
case_020,3,3,2,ablation,no_level,0.136,1.485,True,266580,0,0.0,532746,288,,1.9984469952734638
case_020,3,3,3,ablation,full,0.383,1.528,True,177950,0,0.0,532746,3,,2.993796010115201
case_020,3,3,3,ablation,no_comm,0.194,1.436,True,179866,200704,0.022151898734177215,532746,6,,2.9619049737026453
case_020,3,3,3,ablation,no_balance,0.052,1.568,True,177950,0,0.0,532746,3,,2.993796010115201
case_020,3,3,3,ablation,no_sync,0.192,1.612,True,177950,0,0.0,532746,3,,2.993796010115201
case_020,3,3,3,ablation,no_localsearch,0.09,1.599,True,177950,0,0.0,532746,3,,2.993796010115201
case_020,3,3,3,ablation,no_cache_aware,0.197,1.569,True,177950,0,0.0,532746,3,,2.993796010115201
case_020,3,3,3,ablation,no_level,0.204,1.457,True,177950,0,0.0,532746,288,,2.993796010115201
case_020,3,3,5,ablation,full,0.555,1.221,True,107650,0,0.0,532746,5,,4.948871342313051
case_020,3,3,5,ablation,no_comm,0.303,1.376,True,110598,253952,0.030864197530864196,532746,10,,4.816958715347474
case_020,3,3,5,ablation,no_balance,0.057,1.488,True,107954,0,0.0,532746,5,,4.934935250199159
case_020,3,3,5,ablation,no_sync,0.305,1.46,True,107650,0,0.0,532746,5,,4.948871342313051
case_020,3,3,5,ablation,no_localsearch,0.079,1.295,True,107650,0,0.0,532746,5,,4.948871342313051
case_020,3,3,5,ablation,no_cache_aware,0.345,1.5,True,107650,0,0.0,532746,5,,4.948871342313051
case_020,3,3,5,ablation,no_level,0.306,1.407,True,107650,0,0.0,532746,288,,4.948871342313051
case_020,1,1,4,ablation,full,0.235,3.422,True,133704,0,,532746,4,,3.984518039849219
case_020,1,1,4,ablation,no_comm,0.225,3.727,True,137176,245760,,532746,8,,3.8836676969732316
case_020,1,1,4,ablation,no_balance,0.054,3.468,True,133704,0,,532746,4,,3.984518039849219
case_020,1,1,4,ablation,no_sync,0.228,3.571,True,133704,0,,532746,4,,3.984518039849219
case_020,1,1,4,ablation,no_localsearch,0.083,3.73,True,133704,0,,532746,4,,3.984518039849219
case_020,1,1,4,ablation,no_cache_aware,0.263,3.351,True,133704,0,,532746,4,,3.984518039849219
case_020,1,1,4,ablation,no_level,0.453,2.517,True,179996,0,,532746,288,,2.959765772572724
case_016,3,3,2,ablation,full,0.588,7.963,True,7781832,393740,0.4581806903319461,7715523,132,,0.9914789987756096
case_016,3,3,2,ablation,no_comm,0.483,7.512,True,7723284,655408,0.14285340610858743,7715523,5,,0.9989951165851211
case_016,3,3,2,ablation,no_balance,0.181,8.352,True,7868678,394432,0.45797926407806466,7715523,305,,0.9805361205529061
case_016,3,3,2,ablation,no_sync,0.391,8.178,True,7868678,394432,0.45797926407806466,7715523,305,,0.9805361205529061
case_016,3,3,2,ablation,no_localsearch,0.255,7.954,True,7868678,394432,0.45797926407806466,7715523,305,,0.9805361205529061
case_016,3,3,2,ablation,no_cache_aware,0.785,7.949,True,7781832,393740,0.4581806903319461,7715523,132,,0.9914789987756096
case_016,3,3,2,ablation,no_level,0.509,8.005,True,7781832,393740,0.4581806903319461,7715523,305,,0.9914789987756096
case_021,2,2,4,ablation,full,0.238,1.024,True,1550324,4608000,,6567937,4,,4.236493145948847
case_021,2,2,4,ablation,no_comm,0.183,1.131,True,1633231,6049792,,6567937,8,,4.021437873760662
case_021,2,2,4,ablation,no_balance,0.06,1.118,True,1550324,4608000,,6567937,4,,4.236493145948847
case_021,2,2,4,ablation,no_sync,0.215,0.958,True,1550324,4608000,,6567937,4,,4.236493145948847
case_021,2,2,4,ablation,no_localsearch,0.073,1.226,True,1550324,4608000,,6567937,4,,4.236493145948847
case_021,2,2,4,ablation,no_cache_aware,0.226,1.078,True,1550324,4608000,,6567937,4,,4.236493145948847
case_021,2,2,4,ablation,no_level,0.233,0.99,True,1550324,4608000,,6567937,80,,4.236493145948847
case_020,1,1,3,ablation,full,0.199,4.633,True,177950,0,,532746,3,,2.993796010115201
case_020,1,1,3,ablation,no_comm,0.313,4.982,True,180484,200704,,532746,6,,2.9517630371667294
case_020,1,1,3,ablation,no_balance,0.057,4.928,True,177950,0,,532746,3,,2.993796010115201
case_020,1,1,3,ablation,no_sync,0.321,5.211,True,177950,0,,532746,3,,2.993796010115201
case_020,1,1,3,ablation,no_localsearch,0.081,4.871,True,177950,0,,532746,3,,2.993796010115201
case_020,1,1,3,ablation,no_cache_aware,0.199,4.689,True,177950,0,,532746,3,,2.993796010115201
case_020,1,1,3,ablation,no_level,0.185,2.62,True,226780,0,,532746,288,,2.349175412293853
case_021,2,2,3,ablation,full,0.286,1.15,True,2607583,4902912,,6567937,3,,2.5187834864700376
case_021,2,2,3,ablation,no_comm,0.131,1.244,True,2104376,7186432,,6567937,6,,3.1210853003455656
case_021,2,2,3,ablation,no_balance,0.049,1.264,True,2607583,4902912,,6567937,3,,2.5187834864700376
case_021,2,2,3,ablation,no_sync,0.15,1.261,True,2607583,4902912,,6567937,3,,2.5187834864700376
case_021,2,2,3,ablation,no_localsearch,0.074,1.383,True,2607583,4902912,,6567937,3,,2.5187834864700376
case_021,2,2,3,ablation,no_cache_aware,0.16,1.21,True,2607583,4902912,,6567937,3,,2.5187834864700376
case_021,2,2,3,ablation,no_level,0.149,1.278,True,2607583,4902912,,6567937,10,,2.5187834864700376
case_021,2,2,2,ablation,full,0.11,1.441,True,3268622,4702208,,6567937,2,,2.0093901956237215
case_021,2,2,2,ablation,no_comm,0.081,1.243,True,3244987,5431296,,6567937,4,,2.0240256740627927
case_021,2,2,2,ablation,no_balance,0.051,1.422,True,3268622,4702208,,6567937,2,,2.0093901956237215
case_021,2,2,2,ablation,no_sync,0.107,1.454,True,3268622,4702208,,6567937,2,,2.0093901956237215
case_021,2,2,2,ablation,no_localsearch,0.069,1.527,True,3268622,4702208,,6567937,2,,2.0093901956237215
case_021,2,2,2,ablation,no_cache_aware,0.115,1.284,True,3268622,4702208,,6567937,2,,2.0093901956237215
case_021,2,2,2,ablation,no_level,0.102,1.455,True,3268622,4702208,,6567937,10,,2.0093901956237215
case_021,2,2,5,ablation,full,0.318,1.606,True,1250168,11431936,,6567937,5,,5.253643510312214
case_021,2,2,5,ablation,no_comm,0.236,1.112,True,1268640,8046592,,6567937,10,,5.177147969479127
case_021,2,2,5,ablation,no_balance,0.059,1.276,True,1250168,11431936,,6567937,5,,5.253643510312214
case_021,2,2,5,ablation,no_sync,0.299,1.553,True,1250168,11431936,,6567937,5,,5.253643510312214
case_021,2,2,5,ablation,no_localsearch,0.071,1.39,True,1250168,11431936,,6567937,5,,5.253643510312214
case_021,2,2,5,ablation,no_cache_aware,0.326,1.548,True,1250168,11431936,,6567937,5,,5.253643510312214
case_021,2,2,5,ablation,no_level,0.324,1.328,True,1250168,11431936,,6567937,80,,5.253643510312214
case_021,3,3,2,ablation,full,0.114,1.334,True,3262694,4702208,0.2600116076610563,6567937,2,,2.0130410636118494
case_021,3,3,2,ablation,no_comm,0.087,1.409,True,3242721,5431296,0.40160857908847186,6567937,4,,2.0254400548181604
case_021,3,3,2,ablation,no_balance,0.051,1.339,True,3262694,4702208,0.2600116076610563,6567937,2,,2.0130410636118494
case_021,3,3,2,ablation,no_sync,0.116,1.336,True,3262694,4702208,0.2600116076610563,6567937,2,,2.0130410636118494
case_021,3,3,2,ablation,no_localsearch,0.073,1.548,True,3262694,4702208,0.2600116076610563,6567937,2,,2.0130410636118494
case_021,3,3,2,ablation,no_cache_aware,0.104,1.384,True,3262694,4702208,0.2600116076610563,6567937,2,,2.0130410636118494
case_021,3,3,2,ablation,no_level,0.112,1.498,True,3262694,4702208,0.2600116076610563,6567937,10,,2.0130410636118494
case_022,1,1,2,ablation,full,0.027,0.591,True,28866,0,,56780,2,,1.967020023557126
case_022,1,1,2,ablation,no_comm,0.025,0.417,True,35320,57428,,56780,4,,1.6075877689694225
case_022,1,1,2,ablation,no_balance,0.01,0.492,True,30242,0,,56780,2,,1.8775213279545004
case_022,1,1,2,ablation,no_sync,0.026,0.589,True,28866,0,,56780,2,,1.967020023557126
case_022,1,1,2,ablation,no_localsearch,0.018,0.471,True,28866,0,,56780,2,,1.967020023557126
case_022,1,1,2,ablation,no_cache_aware,0.028,0.469,True,28866,0,,56780,2,,1.967020023557126
case_022,1,1,2,ablation,no_level,0.024,0.398,True,31536,0,,56780,28,,1.8004819888381531
case_022,1,1,3,ablation,full,0.086,0.384,True,23714,134008,,56780,8,,2.3943661971830985
case_022,1,1,3,ablation,no_comm,0.039,0.441,True,23013,173912,,56780,7,,2.4673010906878723
case_022,1,1,3,ablation,no_balance,0.023,0.537,True,27111,144000,,56780,9,,2.094352845708384
case_022,1,1,3,ablation,no_sync,0.052,0.376,True,26195,158592,,56780,10,,2.167589234586753
case_022,1,1,3,ablation,no_localsearch,0.028,0.388,True,26195,158592,,56780,10,,2.167589234586753
case_022,1,1,3,ablation,no_cache_aware,0.092,0.377,True,23714,134008,,56780,8,,2.3943661971830985
case_022,1,1,3,ablation,no_level,0.245,0.335,True,35346,254200,,56780,86,,1.6064052509477735
case_021,1,1,4,ablation,full,0.423,1.834,True,1550324,4608000,,6567937,4,,4.236493145948847
case_021,1,1,4,ablation,no_comm,0.174,4.043,True,1649546,6320128,,6567937,8,,3.981663439516085
case_021,1,1,4,ablation,no_balance,0.058,2.034,True,1550324,4608000,,6567937,4,,4.236493145948847
case_021,1,1,4,ablation,no_sync,0.233,1.92,True,1550324,4608000,,6567937,4,,4.236493145948847
case_021,1,1,4,ablation,no_localsearch,0.075,1.88,True,1550324,4608000,,6567937,4,,4.236493145948847
case_021,1,1,4,ablation,no_cache_aware,0.228,2.139,True,1550324,4608000,,6567937,4,,4.236493145948847
case_021,1,1,4,ablation,no_level,0.231,1.336,True,1596380,18124800,,6567937,80,,4.114269158972174
case_022,1,1,5,ablation,full,0.088,0.371,True,19681,190884,,56780,14,,2.8850160052842844
case_022,1,1,5,ablation,no_comm,0.167,0.429,True,17911,241524,,56780,10,,3.170118921333259
case_022,1,1,5,ablation,no_balance,0.024,0.566,True,21335,192924,,56780,14,,2.6613545816733066
case_022,1,1,5,ablation,no_sync,0.093,0.373,True,19681,190884,,56780,14,,2.8850160052842844
case_022,1,1,5,ablation,no_localsearch,0.027,0.393,True,19681,190884,,56780,14,,2.8850160052842844
case_022,1,1,5,ablation,no_cache_aware,0.087,0.382,True,19681,190884,,56780,14,,2.8850160052842844
case_022,1,1,5,ablation,no_level,0.086,0.352,True,28293,254200,,56780,86,,2.006856819708055
case_022,1,1,4,ablation,full,0.11,0.578,True,19671,158088,,56780,10,,2.8864826394184333
case_022,1,1,4,ablation,no_comm,0.048,0.39,True,20967,175874,,56780,10,,2.7080650546096248
case_022,1,1,4,ablation,no_balance,0.022,0.381,True,25340,180624,,56780,11,,2.2407261247040253
case_022,1,1,4,ablation,no_sync,0.069,0.374,True,20182,170384,,56780,11,,2.8133980774947975
case_022,1,1,4,ablation,no_localsearch,0.028,0.376,True,20182,170384,,56780,11,,2.8133980774947975
case_022,1,1,4,ablation,no_cache_aware,0.12,0.397,True,19671,158088,,56780,10,,2.8864826394184333
case_022,1,1,4,ablation,no_level,0.119,0.537,True,28532,254200,,56780,86,,1.9900462638441048
case_022,2,2,2,ablation,full,0.026,0.195,True,28866,0,,56780,2,,1.967020023557126
case_022,2,2,2,ablation,no_comm,0.026,0.237,True,33009,57412,,56780,4,,1.7201369323517828
case_022,2,2,2,ablation,no_balance,0.011,0.375,True,30242,0,,56780,2,,1.8775213279545004
case_022,2,2,2,ablation,no_sync,0.028,0.207,True,28866,0,,56780,2,,1.967020023557126
case_022,2,2,2,ablation,no_localsearch,0.018,0.359,True,28866,0,,56780,2,,1.967020023557126
case_022,2,2,2,ablation,no_cache_aware,0.027,0.209,True,28866,0,,56780,2,,1.967020023557126
case_022,2,2,2,ablation,no_level,0.03,0.346,True,28690,0,,56780,28,,1.9790867898222377
case_021,3,3,3,ablation,full,0.163,1.249,True,2601429,4902912,0.3002257336343115,6567937,3,,2.524741978351129
case_021,3,3,3,ablation,no_comm,0.132,1.444,True,2103364,7186432,0.4887063655030801,6567937,6,,3.122586960697245
case_021,3,3,3,ablation,no_balance,0.051,1.452,True,2601429,4902912,0.3002257336343115,6567937,3,,2.524741978351129
case_021,3,3,3,ablation,no_sync,0.153,1.275,True,2601429,4902912,0.3002257336343115,6567937,3,,2.524741978351129
case_021,3,3,3,ablation,no_localsearch,0.066,1.457,True,2601429,4902912,0.3002257336343115,6567937,3,,2.524741978351129
case_021,3,3,3,ablation,no_cache_aware,0.158,1.27,True,2601429,4902912,0.3002257336343115,6567937,3,,2.524741978351129
case_021,3,3,3,ablation,no_level,0.156,1.196,True,2601429,4902912,0.3002257336343115,6567937,10,,2.524741978351129
case_022,2,2,3,ablation,full,0.058,0.233,True,22136,113536,,56780,10,,2.5650524033249007
case_022,2,2,3,ablation,no_comm,0.037,0.228,True,22205,171872,,56780,7,,2.557081738347219
case_022,2,2,3,ablation,no_balance,0.023,0.39,True,23460,119428,,56780,9,,2.420289855072464
case_022,2,2,3,ablation,no_sync,0.06,0.238,True,22136,113536,,56780,10,,2.5650524033249007
case_022,2,2,3,ablation,no_localsearch,0.034,0.231,True,22136,113536,,56780,10,,2.5650524033249007
case_022,2,2,3,ablation,no_cache_aware,0.053,0.386,True,22136,113536,,56780,10,,2.5650524033249007
case_022,2,2,3,ablation,no_level,0.048,0.227,True,26670,113536,,56780,86,,2.128983877015373
case_022,2,2,4,ablation,full,0.071,0.437,True,17777,170412,,56780,11,,3.194014738144794
case_022,2,2,4,ablation,no_comm,0.047,0.218,True,19180,164606,,56780,10,,2.960375391032325
case_022,2,2,4,ablation,no_balance,0.021,0.225,True,20645,147872,,56780,11,,2.7503027367401307
case_022,2,2,4,ablation,no_sync,0.063,0.229,True,17777,170412,,56780,11,,3.194014738144794
case_022,2,2,4,ablation,no_localsearch,0.031,0.432,True,17777,170412,,56780,11,,3.194014738144794
case_022,2,2,4,ablation,no_cache_aware,0.073,0.23,True,17777,170412,,56780,11,,3.194014738144794
case_022,2,2,4,ablation,no_level,0.074,0.239,True,22282,170412,,56780,86,,2.548245220357239
case_022,3,3,2,ablation,full,0.026,0.213,True,28866,0,0.0,56780,2,,1.967020023557126
case_022,3,3,2,ablation,no_comm,0.024,0.216,True,32987,57412,0.18421269610451912,56780,4,,1.7212841422378513
case_022,3,3,2,ablation,no_balance,0.01,0.436,True,30242,0,0.0,56780,2,,1.8775213279545004
case_022,3,3,2,ablation,no_sync,0.027,0.2,True,28866,0,0.0,56780,2,,1.967020023557126
case_022,3,3,2,ablation,no_localsearch,0.015,0.203,True,28866,0,0.0,56780,2,,1.967020023557126
case_022,3,3,2,ablation,no_cache_aware,0.026,0.214,True,28866,0,0.0,56780,2,,1.967020023557126
case_022,3,3,2,ablation,no_level,0.025,0.397,True,28690,0,0.0,56780,28,,1.9790867898222377
case_022,3,3,3,ablation,full,0.061,0.233,True,22136,113536,0.34687412082737024,56780,10,,2.5650524033249007
case_022,3,3,3,ablation,no_comm,0.036,0.228,True,22205,171872,0.19660600513073745,56780,7,,2.557081738347219
case_022,3,3,3,ablation,no_balance,0.021,0.414,True,23460,119428,0.3584358159458339,56780,9,,2.420289855072464
case_022,3,3,3,ablation,no_sync,0.048,0.223,True,22136,113536,0.34687412082737024,56780,10,,2.5650524033249007
case_022,3,3,3,ablation,no_localsearch,0.027,0.229,True,22136,113536,0.34687412082737024,56780,10,,2.5650524033249007
case_022,3,3,3,ablation,no_cache_aware,0.19,0.238,True,22136,113536,0.34687412082737024,56780,10,,2.5650524033249007
case_022,3,3,3,ablation,no_level,0.057,0.231,True,26670,113536,0.33434858659621053,56780,86,,2.128983877015373
case_021,3,3,4,ablation,full,0.243,1.241,True,1550324,4608000,0.0,6567937,4,,4.236493145948847
case_021,3,3,4,ablation,no_comm,0.176,1.133,True,1631208,6049792,0.4185634800202327,6567937,8,,4.026425201445799
case_021,3,3,4,ablation,no_balance,0.053,1.177,True,1550324,4608000,0.0,6567937,4,,4.236493145948847
case_021,3,3,4,ablation,no_sync,0.245,1.023,True,1550324,4608000,0.0,6567937,4,,4.236493145948847
case_021,3,3,4,ablation,no_localsearch,0.074,0.998,True,1550324,4608000,0.0,6567937,4,,4.236493145948847
case_021,3,3,4,ablation,no_cache_aware,0.226,1.2,True,1550324,4608000,0.0,6567937,4,,4.236493145948847
case_021,3,3,4,ablation,no_level,0.233,0.978,True,1550324,4608000,0.0,6567937,80,,4.236493145948847
case_022,2,2,5,ablation,full,0.27,0.216,True,16298,190920,,56780,14,,3.483863050681065
case_022,2,2,5,ablation,no_comm,0.171,0.245,True,15948,281484,,56780,12,,3.5603210433910206
case_022,2,2,5,ablation,no_balance,0.02,0.239,True,19519,192968,,56780,14,,2.908960500025616
case_022,2,2,5,ablation,no_sync,0.082,0.425,True,16298,190920,,56780,14,,3.483863050681065
case_022,2,2,5,ablation,no_localsearch,0.03,0.23,True,16298,190920,,56780,14,,3.483863050681065
case_022,2,2,5,ablation,no_cache_aware,0.094,0.24,True,16298,190920,,56780,14,,3.483863050681065
case_022,2,2,5,ablation,no_level,0.082,0.236,True,22756,190920,,56780,86,,2.495166110036913
case_022,3,3,4,ablation,full,0.07,0.456,True,17770,170412,0.4436131358338587,56780,11,,3.19527293190771
case_022,3,3,4,ablation,no_comm,0.047,0.233,True,19179,164606,0.28247409580796823,56780,10,,2.9605297460764377
case_022,3,3,4,ablation,no_balance,0.021,0.234,True,20645,147872,0.4089092579677416,56780,11,,2.7503027367401307
case_022,3,3,4,ablation,no_sync,0.067,0.246,True,17770,170412,0.4436131358338587,56780,11,,3.19527293190771
case_022,3,3,4,ablation,no_localsearch,0.027,0.422,True,17770,170412,0.4436131358338587,56780,11,,3.19527293190771
case_022,3,3,4,ablation,no_cache_aware,0.065,0.232,True,17770,170412,0.4436131358338587,56780,11,,3.19527293190771
case_022,3,3,4,ablation,no_level,0.074,0.247,True,22281,170412,0.4276075505514945,56780,86,,2.5483595888873927
case_022,3,3,5,ablation,full,0.09,0.248,True,16150,190920,0.47180730042536356,56780,14,,3.5157894736842104
case_022,3,3,5,ablation,no_comm,0.168,0.411,True,15902,281484,0.2454174900574021,56780,12,,3.5706200477927306
case_022,3,3,5,ablation,no_balance,0.023,0.255,True,19519,192968,0.45305210527351825,56780,14,,2.908960500025616
case_022,3,3,5,ablation,no_sync,0.082,0.249,True,16150,190920,0.47180730042536356,56780,14,,3.5157894736842104
case_022,3,3,5,ablation,no_localsearch,0.026,0.427,True,16150,190920,0.47180730042536356,56780,14,,3.5157894736842104
case_022,3,3,5,ablation,no_cache_aware,0.093,0.248,True,16150,190920,0.47180730042536356,56780,14,,3.5157894736842104
case_022,3,3,5,ablation,no_level,0.084,0.249,True,22756,190920,0.45154812543278267,56780,86,,2.495166110036913
case_021,1,1,3,ablation,full,0.249,3.032,True,2607583,4902912,,6567937,3,,2.5187834864700376
case_021,1,1,3,ablation,no_comm,0.122,5.343,True,2110025,7229440,,6567937,6,,3.112729470029976
case_021,1,1,3,ablation,no_balance,0.049,3.123,True,2607583,4902912,,6567937,3,,2.5187834864700376
case_021,1,1,3,ablation,no_sync,0.153,3.061,True,2607583,4902912,,6567937,3,,2.5187834864700376
case_021,1,1,3,ablation,no_localsearch,0.164,3.082,True,2607583,4902912,,6567937,3,,2.5187834864700376
case_021,1,1,3,ablation,no_cache_aware,0.173,3.022,True,2607583,4902912,,6567937,3,,2.5187834864700376
case_021,1,1,3,ablation,no_level,0.143,1.512,True,2484134,7372800,,6567937,10,,2.6439543921543684
case_023,2,2,2,ablation,full,0.026,0.329,True,61785,73728,,122614,2,,1.984526988751315
case_023,2,2,2,ablation,no_comm,0.017,0.163,True,64586,168336,,122614,4,,1.8984609667729848
case_023,2,2,2,ablation,no_balance,0.013,0.155,True,64941,73728,,122614,2,,1.8880830292111301
case_023,2,2,2,ablation,no_sync,0.025,0.152,True,61785,73728,,122614,2,,1.984526988751315
case_023,2,2,2,ablation,no_localsearch,0.015,0.148,True,61785,73728,,122614,2,,1.984526988751315
case_023,2,2,2,ablation,no_cache_aware,0.026,0.359,True,61785,73728,,122614,2,,1.984526988751315
case_023,2,2,2,ablation,no_level,0.022,0.145,True,62962,73728,,122614,38,,1.9474286077316476
case_023,1,1,2,ablation,full,0.027,0.501,True,61785,73728,,122614,2,,1.984526988751315
case_023,1,1,2,ablation,no_comm,0.018,0.326,True,66073,168348,,122614,4,,1.8557353230517761
case_023,1,1,2,ablation,no_balance,0.014,0.308,True,64941,73728,,122614,2,,1.8880830292111301
case_023,1,1,2,ablation,no_sync,0.025,0.318,True,61785,73728,,122614,2,,1.984526988751315
case_023,1,1,2,ablation,no_localsearch,0.018,0.303,True,61785,73728,,122614,2,,1.984526988751315
case_023,1,1,2,ablation,no_cache_aware,0.026,0.502,True,61785,73728,,122614,2,,1.984526988751315
case_023,1,1,2,ablation,no_level,0.025,0.172,True,68371,368640,,122614,38,,1.793362683008878
case_023,1,1,3,ablation,full,0.035,0.284,True,41898,73728,,122614,3,,2.926488137858609
case_023,1,1,3,ablation,no_comm,0.027,0.311,True,43890,224658,,122614,6,,2.7936659831396673
case_023,1,1,3,ablation,no_balance,0.013,0.312,True,46660,147456,,122614,3,,2.6278182597513933
case_023,1,1,3,ablation,no_sync,0.032,0.484,True,41898,73728,,122614,3,,2.926488137858609
case_023,1,1,3,ablation,no_localsearch,0.016,0.307,True,41898,73728,,122614,3,,2.926488137858609
case_023,1,1,3,ablation,no_cache_aware,0.037,0.311,True,41898,73728,,122614,3,,2.926488137858609
case_023,1,1,3,ablation,no_level,0.032,0.175,True,46134,368640,,122614,38,,2.657779511856765
case_023,2,2,3,ablation,full,0.034,0.145,True,41898,73728,,122614,3,,2.926488137858609
case_023,2,2,3,ablation,no_comm,0.027,0.367,True,42875,218510,,122614,6,,2.859801749271137
case_023,2,2,3,ablation,no_balance,0.012,0.145,True,46660,147456,,122614,3,,2.6278182597513933
case_023,2,2,3,ablation,no_sync,0.032,0.168,True,41898,73728,,122614,3,,2.926488137858609
case_023,2,2,3,ablation,no_localsearch,0.018,0.157,True,41898,73728,,122614,3,,2.926488137858609
case_023,2,2,3,ablation,no_cache_aware,0.036,0.149,True,41898,73728,,122614,3,,2.926488137858609
case_023,2,2,3,ablation,no_level,0.031,0.312,True,43172,73728,,122614,38,,2.8401278606504214
case_023,1,1,4,ablation,full,0.183,0.398,True,51018,802988,,122614,19,,2.4033478380179543
case_023,1,1,4,ablation,no_comm,0.033,0.278,True,34731,266408,,122614,8,,3.5303907172266853
case_023,1,1,4,ablation,no_balance,0.02,0.318,True,55418,1918018,,122614,28,,2.2125302248366956
case_023,1,1,4,ablation,no_sync,0.119,0.293,True,49383,801960,,122614,22,,2.4829192232144663
case_023,1,1,4,ablation,no_localsearch,0.021,0.312,True,52155,1660394,,122614,22,,2.3509538874508675
case_023,1,1,4,ablation,no_cache_aware,0.182,0.384,True,51018,802988,,122614,19,,2.4033478380179543
case_023,1,1,4,ablation,no_level,0.194,0.374,True,113118,1903164,,122614,199,,1.0839477359925034
case_023,3,3,2,ablation,full,0.025,0.158,True,61785,73728,0.14517672541104656,122614,2,,1.984526988751315
case_023,3,3,2,ablation,no_comm,0.018,0.164,True,64586,168336,0.2534162327924649,122614,4,,1.8984609667729848
case_023,3,3,2,ablation,no_balance,0.015,0.16,True,64941,73728,0.14517672541104656,122614,2,,1.8880830292111301
case_023,3,3,2,ablation,no_sync,0.024,0.323,True,61785,73728,0.14517672541104656,122614,2,,1.984526988751315
case_023,3,3,2,ablation,no_localsearch,0.017,0.161,True,61785,73728,0.14517672541104656,122614,2,,1.984526988751315
case_023,3,3,2,ablation,no_cache_aware,0.024,0.152,True,61785,73728,0.14517672541104656,122614,2,,1.984526988751315
case_023,3,3,2,ablation,no_level,0.024,0.144,True,62962,73728,0.14517672541104656,122614,38,,1.9474286077316476
case_021,3,3,5,ablation,full,0.504,1.504,True,1249380,11431936,0.5699643493761141,6567937,5,,5.256957050697146
case_021,3,3,5,ablation,no_comm,0.236,1.087,True,1268516,8046592,0.3862295081967213,6567937,10,,5.17765404614526
case_021,3,3,5,ablation,no_balance,0.061,1.627,True,1249380,11431936,0.5699643493761141,6567937,5,,5.256957050697146
case_021,3,3,5,ablation,no_sync,0.337,1.291,True,1249380,11431936,0.5699643493761141,6567937,5,,5.256957050697146
case_021,3,3,5,ablation,no_localsearch,0.075,1.42,True,1249380,11431936,0.5699643493761141,6567937,5,,5.256957050697146
case_021,3,3,5,ablation,no_cache_aware,0.311,1.523,True,1249380,11431936,0.5699643493761141,6567937,5,,5.256957050697146
case_021,3,3,5,ablation,no_level,0.331,1.391,True,1249380,11431936,0.5699643493761141,6567937,80,,5.256957050697146
case_023,1,1,5,ablation,full,0.196,0.281,True,61155,934252,,122614,27,,2.0049709753904015
case_023,1,1,5,ablation,no_comm,0.043,0.461,True,29452,406462,,122614,11,,4.163180768708407
case_023,1,1,5,ablation,no_balance,0.018,0.35,True,52571,1933384,,122614,36,,2.332350535466322
case_023,1,1,5,ablation,no_sync,0.125,0.275,True,62906,956786,,122614,27,,1.9491622420754777
case_023,1,1,5,ablation,no_localsearch,0.022,0.335,True,48686,1727986,,122614,29,,2.51846526722261
case_023,1,1,5,ablation,no_cache_aware,0.194,0.273,True,61155,934252,,122614,27,,2.0049709753904015
case_023,1,1,5,ablation,no_level,0.188,0.392,True,111961,1903164,,122614,199,,1.0951492037405883
case_023,2,2,4,ablation,full,0.183,0.177,True,42822,681120,,122614,19,,2.8633412731773387
case_023,2,2,4,ablation,no_comm,0.034,0.335,True,33361,266396,,122614,8,,3.6753694433620097
case_023,2,2,4,ablation,no_balance,0.018,0.229,True,42567,1596462,,122614,28,,2.8804942796062676
case_023,2,2,4,ablation,no_sync,0.117,0.193,True,43036,696992,,122614,22,,2.849103076494098
case_023,2,2,4,ablation,no_localsearch,0.022,0.232,True,38612,1399766,,122614,22,,3.175541282502849
case_023,2,2,4,ablation,no_cache_aware,0.187,0.362,True,42822,681120,,122614,19,,2.8633412731773387
case_023,2,2,4,ablation,no_level,0.186,0.181,True,69882,681120,,122614,199,,1.754586302624424
case_023,3,3,3,ablation,full,0.034,0.151,True,41898,73728,0.14517672541104656,122614,3,,2.926488137858609
case_023,3,3,3,ablation,no_comm,0.025,0.167,True,42875,218510,0.24022838488618,122614,6,,2.859801749271137
case_023,3,3,3,ablation,no_balance,0.013,0.164,True,46660,147456,0.25354466640760137,122614,3,,2.6278182597513933
case_023,3,3,3,ablation,no_sync,0.036,0.333,True,41898,73728,0.14517672541104656,122614,3,,2.926488137858609
case_023,3,3,3,ablation,no_localsearch,0.018,0.156,True,41898,73728,0.14517672541104656,122614,3,,2.926488137858609
case_023,3,3,3,ablation,no_cache_aware,0.031,0.155,True,41898,73728,0.14517672541104656,122614,3,,2.926488137858609
case_023,3,3,3,ablation,no_level,0.034,0.156,True,43172,73728,0.0,122614,38,,2.8401278606504214
case_023,2,2,5,ablation,full,0.188,0.196,True,56085,729420,,122614,27,,2.1862173486672014
case_023,2,2,5,ablation,no_comm,0.044,0.258,True,27903,389030,,122614,11,,4.394294520302476
case_023,2,2,5,ablation,no_balance,0.018,0.251,True,42059,1675842,,122614,36,,2.9152856701300554
case_023,2,2,5,ablation,no_sync,0.12,0.213,True,56795,733518,,122614,27,,2.1588872259882033
case_023,2,2,5,ablation,no_localsearch,0.021,0.276,True,38344,1466318,,122614,29,,3.1977362820780306
case_023,2,2,5,ablation,no_cache_aware,0.197,0.202,True,56085,729420,,122614,27,,2.1862173486672014
case_023,2,2,5,ablation,no_level,0.187,0.273,True,65037,729420,,122614,199,,1.8852960622414934
case_023,3,3,5,ablation,full,0.194,0.212,True,36908,1018390,0.32973877411644187,122614,28,,3.322152378888046
case_023,3,3,5,ablation,no_comm,0.043,0.185,True,27903,389030,0.13894589791234604,122614,11,,4.394294520302476
case_023,3,3,5,ablation,no_balance,0.019,0.248,True,37009,1675842,0.3296558048141477,122614,36,,3.3130860061066225
case_023,3,3,5,ablation,no_sync,0.121,0.203,True,37864,1003478,0.32669322709163345,122614,28,,3.238273822100148
case_023,3,3,5,ablation,no_localsearch,0.022,0.445,True,35751,1466318,0.215523615135382,122614,29,,3.4296663030404746
case_023,3,3,5,ablation,no_cache_aware,0.177,0.203,True,56088,729420,0.26837950515932874,122614,27,,2.186100413635715
case_023,3,3,5,ablation,no_level,0.191,0.219,True,64966,1018390,0.23207956291616869,122614,199,,1.8873564633808453
case_023,3,3,4,ablation,full,0.184,0.209,True,45735,1030318,0.2345593362032184,122614,21,,2.6809664370831965
case_023,3,3,4,ablation,no_comm,0.037,0.352,True,33309,266396,0.2796598862244217,122614,8,,3.681107208262031
case_023,3,3,4,ablation,no_balance,0.021,0.249,True,40885,1596462,0.36520755588869813,122614,28,,2.998997187232481
case_023,3,3,4,ablation,no_sync,0.116,0.21,True,45917,1032366,0.23414348685736844,122614,20,,2.670339961234401
case_023,3,3,4,ablation,no_localsearch,0.024,0.253,True,36213,1399766,0.27973887100109296,122614,22,,3.3859111368845443
case_023,3,3,4,ablation,no_cache_aware,0.196,0.4,True,42691,681120,0.2846982811112661,122614,19,,2.87212761471973
case_023,3,3,4,ablation,no_level,0.191,0.217,True,77662,1030318,0.25043447192149326,122614,199,,1.5788158945172672
case_020,1,1,2,ablation,full,0.144,7.566,True,266580,0,,532746,2,,1.9984469952734638
case_020,1,1,2,ablation,no_comm,0.132,7.626,True,268194,98304,,532746,4,,1.9864202778585651
case_020,1,1,2,ablation,no_balance,0.057,7.668,True,266580,0,,532746,2,,1.9984469952734638
case_020,1,1,2,ablation,no_sync,0.133,6.96,True,266580,0,,532746,2,,1.9984469952734638
case_020,1,1,2,ablation,no_localsearch,0.089,7.33,True,266580,0,,532746,2,,1.9984469952734638
case_020,1,1,2,ablation,no_cache_aware,0.144,6.748,True,266580,0,,532746,2,,1.9984469952734638
case_020,1,1,2,ablation,no_level,0.135,2.54,True,320348,0,,532746,288,,1.6630227127998303
case_021,1,1,2,ablation,full,0.121,4.363,True,3268622,4702208,,6567937,2,,2.0093901956237215
case_021,1,1,2,ablation,no_comm,0.079,6.945,True,3245958,5464064,,6567937,4,,2.0234202044511975
case_021,1,1,2,ablation,no_balance,0.052,4.282,True,3268622,4702208,,6567937,2,,2.0093901956237215
case_021,1,1,2,ablation,no_sync,0.117,4.132,True,3268622,4702208,,6567937,2,,2.0093901956237215
case_021,1,1,2,ablation,no_localsearch,0.07,4.139,True,3268622,4702208,,6567937,2,,2.0093901956237215
case_021,1,1,2,ablation,no_cache_aware,0.109,3.963,True,3268622,4702208,,6567937,2,,2.0093901956237215
case_021,1,1,2,ablation,no_level,0.102,1.476,True,3104250,7372800,,6567937,10,,2.1157886768140455
case_024,2,2,3,ablation,full,0.46,1.278,True,2581537,786632,,2555343,51,,0.9898533315617789
case_024,2,2,3,ablation,no_comm,0.149,1.43,True,2564964,1114164,,2555343,6,,0.9962490701623883
case_024,2,2,3,ablation,no_balance,0.062,1.342,True,2606637,786832,,2555343,101,,0.9803217709255259
case_024,2,2,3,ablation,no_sync,0.194,1.514,True,2606637,786832,,2555343,101,,0.9803217709255259
case_024,2,2,3,ablation,no_localsearch,0.085,1.593,True,2606637,786832,,2555343,101,,0.9803217709255259
case_024,2,2,3,ablation,no_cache_aware,0.291,1.281,True,2581537,786632,,2555343,51,,0.9898533315617789
case_024,2,2,3,ablation,no_level,0.263,1.256,True,2581537,786632,,2555343,101,,0.9898533315617789
case_024,2,2,4,ablation,full,0.52,1.201,True,2577566,1179812,,2555343,42,,0.9913783003034646
case_024,2,2,4,ablation,no_comm,0.314,1.2,True,2572225,1638520,,2555343,10,,0.9934368105434012
case_024,2,2,4,ablation,no_balance,0.061,1.262,True,2607184,1180048,,2555343,101,,0.9801160946062879
case_024,2,2,4,ablation,no_sync,0.242,1.353,True,2607184,1180048,,2555343,101,,0.9801160946062879
case_024,2,2,4,ablation,no_localsearch,0.089,1.276,True,2607184,1180048,,2555343,101,,0.9801160946062879
case_024,2,2,4,ablation,no_cache_aware,0.542,1.292,True,2577566,1179812,,2555343,42,,0.9913783003034646
case_024,2,2,4,ablation,no_level,0.498,1.264,True,2577566,1179812,,2555343,101,,0.9913783003034646
case_024,2,2,2,ablation,full,0.195,1.496,True,2572456,393348,,2555343,34,,0.9933476024468446
case_024,2,2,2,ablation,no_comm,0.103,1.598,True,2563368,655408,,2555343,5,,0.9968693531322853
case_024,2,2,2,ablation,no_balance,0.066,1.426,True,2606090,393616,,2555343,101,,0.9805275335847956
case_024,2,2,2,ablation,no_sync,0.139,1.604,True,2606090,393616,,2555343,101,,0.9805275335847956
case_024,2,2,2,ablation,no_localsearch,0.093,1.689,True,2606090,393616,,2555343,101,,0.9805275335847956
case_024,2,2,2,ablation,no_cache_aware,0.204,1.636,True,2572456,393348,,2555343,34,,0.9933476024468446
case_024,2,2,2,ablation,no_level,0.172,1.7,True,2572456,393348,,2555343,101,,0.9933476024468446
case_024,1,1,2,ablation,full,0.174,1.443,True,2606460,12976260,,2555343,34,,0.980388342809788
case_024,1,1,2,ablation,no_comm,0.101,2.086,True,2563727,1835056,,2555343,5,,0.9967297610080949
case_024,1,1,2,ablation,no_balance,0.064,1.696,True,2710243,39322000,,2555343,101,,0.9428464532516088
case_024,1,1,2,ablation,no_sync,0.282,1.696,True,2710243,39322000,,2555343,101,,0.9428464532516088
case_024,1,1,2,ablation,no_localsearch,0.082,1.707,True,2710243,39322000,,2555343,101,,0.9428464532516088
case_024,1,1,2,ablation,no_cache_aware,0.186,1.262,True,2606460,12976260,,2555343,34,,0.980388342809788
case_024,1,1,2,ablation,no_level,0.181,1.736,True,2649943,39322000,,2555343,101,,0.9643011189297279
case_024,2,2,5,ablation,full,0.707,1.181,True,2580527,1573040,,2555343,45,,0.9902407531484848
case_024,2,2,5,ablation,no_comm,0.248,1.153,True,2561052,1572964,,2555343,8,,0.9977708379212917
case_024,2,2,5,ablation,no_balance,0.059,1.445,True,2607731,1573264,,2555343,101,,0.9799105045727493
case_024,2,2,5,ablation,no_sync,0.307,1.262,True,2607731,1573264,,2555343,101,,0.9799105045727493
case_024,2,2,5,ablation,no_localsearch,0.087,1.448,True,2607731,1573264,,2555343,101,,0.9799105045727493
case_024,2,2,5,ablation,no_cache_aware,0.493,1.168,True,2580527,1573040,,2555343,45,,0.9902407531484848
case_024,2,2,5,ablation,no_level,0.486,1.3,True,2580527,1573040,,2555343,101,,0.9902407531484848
case_024,1,1,3,ablation,full,0.265,1.362,True,2632793,19661000,,2555343,51,,0.9705825714364935
case_024,1,1,3,ablation,no_comm,0.146,2.005,True,2565823,2293812,,2555343,6,,0.9959155405497573
case_024,1,1,3,ablation,no_balance,0.067,1.756,True,2710243,39322000,,2555343,101,,0.9428464532516088
case_024,1,1,3,ablation,no_sync,0.179,1.769,True,2710243,39322000,,2555343,101,,0.9428464532516088
case_024,1,1,3,ablation,no_localsearch,0.087,1.469,True,2710243,39322000,,2555343,101,,0.9428464532516088
case_024,1,1,3,ablation,no_cache_aware,0.288,1.322,True,2632793,19661000,,2555343,51,,0.9705825714364935
case_024,1,1,3,ablation,no_level,0.278,1.786,True,2665243,39322000,,2555343,101,,0.9587654859237976
case_024,3,3,3,ablation,full,0.29,1.312,True,2581537,786632,0.6110593109714956,2555343,51,,0.9898533315617789
case_024,3,3,3,ablation,no_comm,0.332,1.318,True,2563870,1114164,0.36584657845024315,2555343,6,,0.9966741683470691
case_024,3,3,3,ablation,no_balance,0.067,1.515,True,2606637,786832,0.6110075196126958,2555343,101,,0.9803217709255259
case_024,3,3,3,ablation,no_sync,0.189,1.306,True,2606637,786832,0.6110075196126958,2555343,101,,0.9803217709255259
case_024,3,3,3,ablation,no_localsearch,0.087,1.596,True,2606637,786832,0.6110075196126958,2555343,101,,0.9803217709255259
case_024,3,3,3,ablation,no_cache_aware,0.261,1.266,True,2581537,786632,0.6110593109714956,2555343,51,,0.9898533315617789
case_024,3,3,3,ablation,no_level,0.487,1.417,True,2581537,786632,0.6110593109714956,2555343,101,,0.9898533315617789
case_024,1,1,4,ablation,full,0.534,1.282,True,2618852,16122020,,2555343,42,,0.9757492977839145
case_024,1,1,4,ablation,no_comm,0.351,1.585,True,2573066,3997816,,2555343,10,,0.9931121082786062
case_024,1,1,4,ablation,no_balance,0.062,1.673,True,2710243,39322000,,2555343,101,,0.9428464532516088
case_024,1,1,4,ablation,no_sync,0.25,1.868,True,2710243,39322000,,2555343,101,,0.9428464532516088
case_024,1,1,4,ablation,no_localsearch,0.087,1.753,True,2710243,39322000,,2555343,101,,0.9428464532516088
case_024,1,1,4,ablation,no_cache_aware,0.53,1.282,True,2618852,16122020,,2555343,42,,0.9757492977839145
case_024,1,1,4,ablation,no_level,0.525,1.9,True,2657143,39322000,,2555343,101,,0.9616881741027863
case_024,3,3,2,ablation,full,0.182,1.616,True,2572456,393348,0.45829487169706723,2555343,34,,0.9933476024468446
case_024,3,3,2,ablation,no_comm,0.1,1.468,True,2563104,655408,0.14285340610858743,2555343,5,,0.9969720307876699
case_024,3,3,2,ablation,no_balance,0.279,1.503,True,2606090,393616,0.45821680277435956,2555343,101,,0.9805275335847956
case_024,3,3,2,ablation,no_sync,0.139,1.78,True,2606090,393616,0.45821680277435956,2555343,101,,0.9805275335847956
case_024,3,3,2,ablation,no_localsearch,0.103,1.46,True,2606090,393616,0.45821680277435956,2555343,101,,0.9805275335847956
case_024,3,3,2,ablation,no_cache_aware,0.375,1.434,True,2572456,393348,0.45829487169706723,2555343,34,,0.9933476024468446
case_024,3,3,2,ablation,no_level,0.189,2.029,True,2572456,393348,0.45829487169706723,2555343,101,,0.9933476024468446
case_024,1,1,5,ablation,full,0.496,1.392,True,2623499,17301680,,2555343,45,,0.9740209544581492
case_024,1,1,5,ablation,no_comm,0.261,1.945,True,2566193,2752612,,2555343,8,,0.9957719470047655
case_024,1,1,5,ablation,no_balance,0.06,1.73,True,2710243,39322000,,2555343,101,,0.9428464532516088
case_024,1,1,5,ablation,no_sync,0.305,1.788,True,2710243,39322000,,2555343,101,,0.9428464532516088
case_024,1,1,5,ablation,no_localsearch,0.084,1.833,True,2710243,39322000,,2555343,101,,0.9428464532516088
case_024,1,1,5,ablation,no_cache_aware,0.488,1.234,True,2623499,17301680,,2555343,45,,0.9740209544581492
case_024,1,1,5,ablation,no_level,0.701,2.05,True,2659843,39322000,,2555343,101,,0.9607119668341327
case_024,3,3,4,ablation,full,0.534,1.294,True,2577566,1179812,0.229154719869595,2555343,42,,0.9913783003034646
case_024,3,3,4,ablation,no_comm,0.205,1.282,True,2569928,1638520,0.2908994063141541,2555343,10,,0.994324743728229
case_024,3,3,4,ablation,no_balance,0.065,1.332,True,2607184,1180048,0.6874125909689625,2555343,101,,0.9801160946062879
case_024,3,3,4,ablation,no_sync,0.394,1.396,True,2607184,1180048,0.6874125909689625,2555343,101,,0.9801160946062879
case_024,3,3,4,ablation,no_localsearch,0.091,1.306,True,2607184,1180048,0.6874125909689625,2555343,101,,0.9801160946062879
case_024,3,3,4,ablation,no_cache_aware,0.522,1.417,True,2577566,1179812,0.229154719869595,2555343,42,,0.9913783003034646
case_024,3,3,4,ablation,no_level,0.591,1.842,True,2577566,1179812,0.229154719869595,2555343,101,,0.9913783003034646
case_021,1,1,5,ablation,full,0.314,6.21,True,1250168,11431936,,6567937,5,,5.253643510312214
case_021,1,1,5,ablation,no_comm,0.235,3.91,True,1280194,8794112,,6567937,10,,5.130423201483525
case_021,1,1,5,ablation,no_balance,0.062,6.184,True,1250168,11431936,,6567937,5,,5.253643510312214
case_021,1,1,5,ablation,no_sync,0.314,6.062,True,1250168,11431936,,6567937,5,,5.253643510312214
case_021,1,1,5,ablation,no_localsearch,0.074,5.944,True,1250168,11431936,,6567937,5,,5.253643510312214
case_021,1,1,5,ablation,no_cache_aware,0.316,6.565,True,1250168,11431936,,6567937,5,,5.253643510312214
case_021,1,1,5,ablation,no_level,0.369,1.633,True,1283116,18124800,,6567937,80,,5.11873984893026
case_024,3,3,5,ablation,full,0.698,1.285,True,2580527,1573040,0.18332512786292932,2555343,45,,0.9902407531484848
case_024,3,3,5,ablation,no_comm,0.3,1.456,True,2561052,1572964,0.7499809269987234,2555343,8,,0.9977708379212917
case_024,3,3,5,ablation,no_balance,0.072,1.671,True,2607731,1573264,0.7332587423968102,2555343,101,,0.9799105045727493
case_024,3,3,5,ablation,no_sync,0.366,1.477,True,2607731,1573264,0.7332587423968102,2555343,101,,0.9799105045727493
case_024,3,3,5,ablation,no_localsearch,0.093,1.573,True,2607731,1573264,0.7332587423968102,2555343,101,,0.9799105045727493
case_024,3,3,5,ablation,no_cache_aware,0.489,1.291,True,2580527,1573040,0.18332512786292932,2555343,45,,0.9902407531484848
case_024,3,3,5,ablation,no_level,0.557,1.595,True,2580527,1573040,0.18332512786292932,2555343,101,,0.9902407531484848
case_025,2,2,5,ablation,full,0.758,8.63,True,975282,110592,,4863026,5,,4.986276789687495
case_025,2,2,5,ablation,no_comm,1.105,6.704,True,975870,204288,,4863026,10,,4.98327236209741
case_025,2,2,5,ablation,no_balance,0.202,8.105,True,975282,110592,,4863026,5,,4.986276789687495
case_025,2,2,5,ablation,no_sync,0.364,8.007,True,975282,110592,,4863026,5,,4.986276789687495
case_025,2,2,5,ablation,no_localsearch,0.648,7.79,True,975282,110592,,4863026,5,,4.986276789687495
case_025,2,2,5,ablation,no_cache_aware,0.641,7.436,True,975282,110592,,4863026,5,,4.986276789687495
case_025,2,2,5,ablation,no_level,0.926,7.957,True,975282,110592,,4863026,2666,,4.986276789687495
case_026,1,1,2,ablation,full,0.017,0.137,True,70267,585900,,99203,5,,1.411800703032718
case_026,1,1,2,ablation,no_comm,0.011,0.133,True,69659,518940,,99203,5,,1.4241232288720769
case_026,1,1,2,ablation,no_balance,0.008,0.136,True,69867,677312,,99203,6,,1.4198834929222666
case_026,1,1,2,ablation,no_sync,0.016,0.138,True,70267,585900,,99203,5,,1.411800703032718
case_026,1,1,2,ablation,no_localsearch,0.01,0.14,True,70267,585900,,99203,5,,1.411800703032718
case_026,1,1,2,ablation,no_cache_aware,0.019,0.141,True,70267,585900,,99203,5,,1.411800703032718
case_026,1,1,2,ablation,no_level,0.016,0.122,True,86739,873248,,99203,35,,1.143695454178628
case_026,1,1,3,ablation,full,0.022,0.134,True,57920,770240,,99203,7,,1.7127589779005525
case_026,1,1,3,ablation,no_comm,0.036,0.136,True,59020,631600,,99203,8,,1.6808370044052863
case_026,1,1,3,ablation,no_balance,0.008,0.139,True,61695,846704,,99203,7,,1.6079585055515033
case_026,1,1,3,ablation,no_sync,0.022,0.136,True,57920,770240,,99203,7,,1.7127589779005525
case_026,1,1,3,ablation,no_localsearch,0.01,0.138,True,57920,770240,,99203,7,,1.7127589779005525
case_026,1,1,3,ablation,no_cache_aware,0.023,0.137,True,57920,770240,,99203,7,,1.7127589779005525
case_026,1,1,3,ablation,no_level,0.022,0.12,True,74228,873248,,99203,35,,1.3364633292019183
case_025,2,2,4,ablation,full,0.707,9.759,True,1217444,82944,,4863026,4,,3.9944555971362954
case_025,2,2,4,ablation,no_comm,1.004,6.895,True,1218180,153600,,4863026,8,,3.992042226928697
case_025,2,2,4,ablation,no_balance,0.463,8.734,True,1217444,82944,,4863026,4,,3.9944555971362954
case_025,2,2,4,ablation,no_sync,0.377,8.422,True,1217444,82944,,4863026,4,,3.9944555971362954
case_025,2,2,4,ablation,no_localsearch,0.289,8.291,True,1217444,82944,,4863026,4,,3.9944555971362954
case_025,2,2,4,ablation,no_cache_aware,0.807,7.915,True,1217444,82944,,4863026,4,,3.9944555971362954
case_025,2,2,4,ablation,no_level,0.564,8.39,True,1217444,82944,,4863026,2666,,3.9944555971362954
case_026,1,1,4,ablation,full,0.062,0.157,True,53680,730400,,99203,8,,1.8480439642324888
case_026,1,1,4,ablation,no_comm,0.05,0.15,True,52306,629276,,99203,8,,1.8965893014185753
case_026,1,1,4,ablation,no_balance,0.008,0.136,True,56215,775424,,99203,8,,1.7647069287556703
case_026,1,1,4,ablation,no_sync,0.058,0.136,True,53680,730400,,99203,8,,1.8480439642324888
case_026,1,1,4,ablation,no_localsearch,0.011,0.137,True,56074,842816,,99203,8,,1.7691443449727147
case_026,1,1,4,ablation,no_cache_aware,0.059,0.131,True,53680,730400,,99203,8,,1.8480439642324888
case_026,1,1,4,ablation,no_level,0.058,0.132,True,68651,873248,,99203,35,,1.4450335756216224
case_026,2,2,2,ablation,full,0.017,0.096,True,58716,258220,,99203,5,,1.6895394781660875
case_026,2,2,2,ablation,no_comm,0.011,0.099,True,68111,355100,,99203,5,,1.4564901410932154
case_026,2,2,2,ablation,no_balance,0.008,0.365,True,67101,185792,,99203,6,,1.4784131384033026
case_026,2,2,2,ablation,no_sync,0.017,0.098,True,58716,258220,,99203,5,,1.6895394781660875
case_026,2,2,2,ablation,no_localsearch,0.012,0.098,True,58716,258220,,99203,5,,1.6895394781660875
case_026,2,2,2,ablation,no_cache_aware,0.016,0.1,True,58716,258220,,99203,5,,1.6895394781660875
case_026,2,2,2,ablation,no_level,0.016,0.1,True,74608,258220,,99203,35,,1.3296563371220245
case_026,1,1,5,ablation,full,0.081,0.147,True,70640,1376120,,99203,21,,1.4043459796149491
case_026,1,1,5,ablation,no_comm,0.064,0.344,True,52026,835400,,99203,12,,1.9067966016991504
case_026,1,1,5,ablation,no_balance,0.01,0.178,True,60322,2154232,,99203,31,,1.6445575411955837
case_026,1,1,5,ablation,no_sync,0.075,0.145,True,70640,1376120,,99203,21,,1.4043459796149491
case_026,1,1,5,ablation,no_localsearch,0.014,0.17,True,64001,2052316,,99203,27,,1.5500226558960015
case_026,1,1,5,ablation,no_cache_aware,0.083,0.161,True,70640,1376120,,99203,21,,1.4043459796149491
case_026,1,1,5,ablation,no_level,0.082,0.166,True,109690,1973092,,99203,78,,0.9043942018415535
case_026,2,2,3,ablation,full,0.022,0.101,True,53908,442560,,99203,7,,1.8402277955034503
case_026,2,2,3,ablation,no_comm,0.04,0.116,True,57302,385840,,99203,8,,1.7312310216048306
case_026,2,2,3,ablation,no_balance,0.01,0.124,True,57995,519024,,99203,7,,1.7105440124148634
case_026,2,2,3,ablation,no_sync,0.021,0.106,True,53908,442560,,99203,7,,1.8402277955034503
case_026,2,2,3,ablation,no_localsearch,0.011,0.1,True,53908,442560,,99203,7,,1.8402277955034503
case_026,2,2,3,ablation,no_cache_aware,0.022,0.101,True,53908,442560,,99203,7,,1.8402277955034503
case_026,2,2,3,ablation,no_level,0.02,0.096,True,68624,442560,,99203,35,,1.4456021217066914
case_026,2,2,4,ablation,full,0.062,0.11,True,48873,566560,,99203,8,,2.0298119616147976
case_026,2,2,4,ablation,no_comm,0.042,0.117,True,58057,580668,,99203,11,,1.7087172950720844
case_026,2,2,4,ablation,no_balance,0.009,0.105,True,55676,611584,,99203,8,,1.7817910769451828
case_026,2,2,4,ablation,no_sync,0.058,0.101,True,48873,566560,,99203,8,,2.0298119616147976
case_026,2,2,4,ablation,no_localsearch,0.01,0.103,True,53376,678976,,99203,8,,1.8585693944844124
case_026,2,2,4,ablation,no_cache_aware,0.056,0.09,True,48873,566560,,99203,8,,2.0298119616147976
case_026,2,2,4,ablation,no_level,0.057,0.28,True,61889,566560,,99203,35,,1.6029181276155697
case_025,3,3,4,ablation,full,0.837,9.854,True,1217444,82944,0.0,4863026,4,,3.9944555971362954
case_025,3,3,4,ablation,no_comm,0.753,6.918,True,1218196,153600,0.010488245931283906,4863026,8,,3.991989794745673
case_025,3,3,4,ablation,no_balance,0.252,8.601,True,1217444,82944,0.0,4863026,4,,3.9944555971362954
case_025,3,3,4,ablation,no_sync,0.334,8.592,True,1217444,82944,0.0,4863026,4,,3.9944555971362954
case_025,3,3,4,ablation,no_localsearch,0.285,8.519,True,1217444,82944,0.0,4863026,4,,3.9944555971362954
case_025,3,3,4,ablation,no_cache_aware,0.809,8.449,True,1217444,82944,0.0,4863026,4,,3.9944555971362954
case_025,3,3,4,ablation,no_level,0.554,8.302,True,1217444,82944,0.0,4863026,2666,,3.9944555971362954
case_026,3,3,2,ablation,full,0.016,0.099,True,58716,258220,0.3456137063311471,99203,5,,1.6895394781660875
case_026,3,3,2,ablation,no_comm,0.01,0.104,True,68111,355100,0.3230517601469515,99203,5,,1.4564901410932154
case_026,3,3,2,ablation,no_balance,0.009,0.098,True,67101,185792,0.27535832332844207,99203,6,,1.4784131384033026
case_026,3,3,2,ablation,no_sync,0.015,0.092,True,58716,258220,0.3456137063311471,99203,5,,1.6895394781660875
case_026,3,3,2,ablation,no_localsearch,0.01,0.091,True,58716,258220,0.3456137063311471,99203,5,,1.6895394781660875
case_026,3,3,2,ablation,no_cache_aware,0.015,0.091,True,58716,258220,0.3456137063311471,99203,5,,1.6895394781660875
case_026,3,3,2,ablation,no_level,0.015,0.093,True,74593,258220,0.12631240797751306,99203,35,,1.3299237193838565
case_026,2,2,5,ablation,full,0.074,0.108,True,55803,956256,,99203,21,,1.7777359640162715
case_026,2,2,5,ablation,no_comm,0.065,0.339,True,49008,550716,,99203,12,,2.024220535422788
case_026,2,2,5,ablation,no_balance,0.01,0.144,True,55374,2053852,,99203,31,,1.7915086502690794
case_026,2,2,5,ablation,no_sync,0.074,0.115,True,55803,956256,,99203,21,,1.7777359640162715
case_026,2,2,5,ablation,no_localsearch,0.012,0.128,True,56903,1870020,,99203,27,,1.7433702968209057
case_026,2,2,5,ablation,no_cache_aware,0.078,0.107,True,55803,956256,,99203,21,,1.7777359640162715
case_026,2,2,5,ablation,no_level,0.078,0.128,True,78856,956256,,99203,78,,1.2580272902505834
case_026,3,3,3,ablation,full,0.023,0.103,True,53908,442560,0.475119116892375,99203,7,,1.8402277955034503
case_026,3,3,3,ablation,no_comm,0.036,0.103,True,57302,385840,0.3274926101728177,99203,8,,1.7312310216048306
case_026,3,3,3,ablation,no_balance,0.009,0.103,True,57995,519024,0.3605112401800969,99203,7,,1.7105440124148634
case_026,3,3,3,ablation,no_sync,0.021,0.094,True,53908,442560,0.475119116892375,99203,7,,1.8402277955034503
case_026,3,3,3,ablation,no_localsearch,0.01,0.105,True,53908,442560,0.475119116892375,99203,7,,1.8402277955034503
case_026,3,3,3,ablation,no_cache_aware,0.023,0.11,True,53908,442560,0.475119116892375,99203,7,,1.8402277955034503
case_026,3,3,3,ablation,no_level,0.024,0.113,True,68624,442560,0.4399391049109012,99203,35,,1.4456021217066914
case_026,3,3,4,ablation,full,0.066,0.125,True,53522,681424,0.5822497099039393,99203,8,,1.8534994955345465
case_026,3,3,4,ablation,no_comm,0.057,0.331,True,58707,717368,0.4336097476612353,99203,10,,1.6897984908102952
case_026,3,3,4,ablation,no_balance,0.008,0.109,True,54319,611584,0.48874018366831384,99203,8,,1.8263038715734825
case_026,3,3,4,ablation,no_sync,0.062,0.098,True,53522,681424,0.5822497099039393,99203,8,,1.8534994955345465
case_026,3,3,4,ablation,no_localsearch,0.009,0.099,True,53376,678976,0.5813740416182159,99203,8,,1.8585693944844124
case_026,3,3,4,ablation,no_cache_aware,0.058,0.098,True,48873,566560,0.4669303170816287,99203,8,,2.0298119616147976
case_026,3,3,4,ablation,no_level,0.062,0.105,True,57505,681424,0.5402502943684622,99203,35,,1.7251195548213198
case_025,2,2,3,ablation,full,0.886,10.633,True,1622164,55296,,4863026,3,,2.9978633479722148
case_025,2,2,3,ablation,no_comm,0.596,7.295,True,1623288,129024,,4863026,6,,2.9957875620345864
case_025,2,2,3,ablation,no_balance,0.231,9.261,True,1622164,55296,,4863026,3,,2.9978633479722148
case_025,2,2,3,ablation,no_sync,0.629,9.578,True,1622164,55296,,4863026,3,,2.9978633479722148
case_025,2,2,3,ablation,no_localsearch,0.269,9.088,True,1622164,55296,,4863026,3,,2.9978633479722148
case_025,2,2,3,ablation,no_cache_aware,0.46,8.983,True,1622164,55296,,4863026,3,,2.9978633479722148
case_025,2,2,3,ablation,no_level,0.785,9.263,True,1622164,55296,,4863026,2666,,2.9978633479722148
case_026,3,3,5,ablation,full,0.09,0.133,True,53489,1300080,0.5101829026189201,99203,17,,1.854643010712483
case_026,3,3,5,ablation,no_comm,0.055,0.119,True,48497,1039304,0.5728814082810497,99203,14,,2.0455492092294367
case_026,3,3,5,ablation,no_balance,0.01,0.14,True,46428,2053852,0.5517096607752084,99203,31,,2.136706297923667
case_026,3,3,5,ablation,no_sync,0.069,0.111,True,53489,1300080,0.5101829026189201,99203,17,,1.854643010712483
case_026,3,3,5,ablation,no_localsearch,0.011,0.134,True,51545,1870020,0.5065429825216302,99203,27,,1.9245901639344263
case_026,3,3,5,ablation,no_cache_aware,0.084,0.127,True,55726,956256,0.3151492280937217,99203,21,,1.7801923698094246
case_026,3,3,5,ablation,no_level,0.086,0.116,True,69684,1300080,0.530448517742927,99203,78,,1.4236123069858218
case_025,3,3,5,ablation,full,0.765,8.747,True,975282,110592,0.0,4863026,5,,4.986276789687495
case_025,3,3,5,ablation,no_comm,0.782,6.433,True,975870,204288,0.0028653295128939827,4863026,10,,4.98327236209741
case_025,3,3,5,ablation,no_balance,0.265,7.99,True,975282,110592,0.0,4863026,5,,4.986276789687495
case_025,3,3,5,ablation,no_sync,0.378,7.771,True,975282,110592,0.0,4863026,5,,4.986276789687495
case_025,3,3,5,ablation,no_localsearch,0.649,7.382,True,975282,110592,0.0,4863026,5,,4.986276789687495
case_025,3,3,5,ablation,no_cache_aware,0.945,7.613,True,975282,110592,0.0,4863026,5,,4.986276789687495
case_025,3,3,5,ablation,no_level,0.937,7.969,True,975282,110592,0.0,4863026,2666,,4.986276789687495
case_025,3,3,3,ablation,full,0.587,11.037,True,1622164,55296,0.0,4863026,3,,2.9978633479722148
case_025,3,3,3,ablation,no_comm,0.56,7.368,True,1623288,129024,0.008369723435225618,4863026,6,,2.9957875620345864
case_025,3,3,3,ablation,no_balance,0.234,9.439,True,1622164,55296,0.0,4863026,3,,2.9978633479722148
case_025,3,3,3,ablation,no_sync,0.342,9.415,True,1622164,55296,0.0,4863026,3,,2.9978633479722148
case_025,3,3,3,ablation,no_localsearch,0.286,9.427,True,1622164,55296,0.0,4863026,3,,2.9978633479722148
case_025,3,3,3,ablation,no_cache_aware,0.663,9.307,True,1622164,55296,0.0,4863026,3,,2.9978633479722148
case_025,3,3,3,ablation,no_level,0.464,9.714,True,1622164,55296,0.0,4863026,2666,,2.9978633479722148
case_027,1,1,2,ablation,full,0.053,0.781,True,1120962,1744896,,2363952,2,,2.10886006840553
case_027,1,1,2,ablation,no_comm,0.029,0.86,True,1166220,4646912,,2363952,4,,2.027020630755775
case_027,1,1,2,ablation,no_balance,0.021,0.772,True,1120962,1744896,,2363952,2,,2.10886006840553
case_027,1,1,2,ablation,no_sync,0.048,0.641,True,1120962,1744896,,2363952,2,,2.10886006840553
case_027,1,1,2,ablation,no_localsearch,0.025,0.534,True,1120962,1744896,,2363952,2,,2.10886006840553
case_027,1,1,2,ablation,no_cache_aware,0.046,0.746,True,1120962,1744896,,2363952,2,,2.10886006840553
case_027,1,1,2,ablation,no_level,0.044,0.418,True,1124556,5529600,,2363952,16,,2.1021203034797735
case_027,2,2,2,ablation,full,0.051,0.316,True,1120962,1744896,,2363952,2,,2.10886006840553
case_027,2,2,2,ablation,no_comm,0.036,0.329,True,1145070,4302848,,2363952,4,,2.0644606879928737
case_027,2,2,2,ablation,no_balance,0.025,0.551,True,1120962,1744896,,2363952,2,,2.10886006840553
case_027,2,2,2,ablation,no_sync,0.044,0.314,True,1120962,1744896,,2363952,2,,2.10886006840553
case_027,2,2,2,ablation,no_localsearch,0.03,0.315,True,1120962,1744896,,2363952,2,,2.10886006840553
case_027,2,2,2,ablation,no_cache_aware,0.047,0.562,True,1120962,1744896,,2363952,2,,2.10886006840553
case_027,2,2,2,ablation,no_level,0.044,0.303,True,1120962,1744896,,2363952,16,,2.10886006840553
case_027,1,1,4,ablation,full,0.079,0.747,True,559196,3317760,,2363952,4,,4.227412213249022
case_027,1,1,4,ablation,no_comm,0.069,0.649,True,610978,7755776,,2363952,8,,3.869127857304191
case_027,1,1,4,ablation,no_balance,0.028,0.536,True,559196,3317760,,2363952,4,,4.227412213249022
case_027,1,1,4,ablation,no_sync,0.08,0.701,True,559196,3317760,,2363952,4,,4.227412213249022
case_027,1,1,4,ablation,no_localsearch,0.03,0.452,True,559196,3317760,,2363952,4,,4.227412213249022
case_027,1,1,4,ablation,no_cache_aware,0.082,0.471,True,559196,3317760,,2363952,4,,4.227412213249022
case_027,1,1,4,ablation,no_level,0.083,0.622,True,565244,5529600,,2363952,16,,4.182179731231114
case_027,1,1,3,ablation,full,0.065,0.821,True,837049,3686400,,2363952,3,,2.8241500796249683
case_027,1,1,3,ablation,no_comm,0.046,0.894,True,793160,6346752,,2363952,6,,2.980422613344092
case_027,1,1,3,ablation,no_balance,0.022,0.818,True,837049,3686400,,2363952,3,,2.8241500796249683
case_027,1,1,3,ablation,no_sync,0.063,0.647,True,837049,3686400,,2363952,3,,2.8241500796249683
case_027,1,1,3,ablation,no_localsearch,0.031,0.827,True,837049,3686400,,2363952,3,,2.8241500796249683
case_027,1,1,3,ablation,no_cache_aware,0.066,0.654,True,837049,3686400,,2363952,3,,2.8241500796249683
case_027,1,1,3,ablation,no_level,0.066,0.404,True,844900,5529600,,2363952,16,,2.797907444668008
case_027,1,1,5,ablation,full,0.104,0.868,True,558753,5529600,,2363952,5,,4.230763861670542
case_027,1,1,5,ablation,no_comm,0.103,0.786,True,520248,12343296,,2363952,10,,4.543894450339069
case_027,1,1,5,ablation,no_balance,0.023,0.618,True,558753,5529600,,2363952,5,,4.230763861670542
case_027,1,1,5,ablation,no_sync,0.105,0.77,True,558753,5529600,,2363952,5,,4.230763861670542
case_027,1,1,5,ablation,no_localsearch,0.029,0.574,True,558753,5529600,,2363952,5,,4.230763861670542
case_027,1,1,5,ablation,no_cache_aware,0.103,0.874,True,558753,5529600,,2363952,5,,4.230763861670542
case_027,1,1,5,ablation,no_level,0.122,0.411,True,565244,5529600,,2363952,16,,4.182179731231114
case_027,2,2,3,ablation,full,0.059,0.329,True,837049,3686400,,2363952,3,,2.8241500796249683
case_027,2,2,3,ablation,no_comm,0.048,0.355,True,764163,6107136,,2363952,6,,3.093518005975165
case_027,2,2,3,ablation,no_balance,0.02,0.51,True,837049,3686400,,2363952,3,,2.8241500796249683
case_027,2,2,3,ablation,no_sync,0.062,0.34,True,837049,3686400,,2363952,3,,2.8241500796249683
case_027,2,2,3,ablation,no_localsearch,0.029,0.516,True,837049,3686400,,2363952,3,,2.8241500796249683
case_027,2,2,3,ablation,no_cache_aware,0.06,0.368,True,837049,3686400,,2363952,3,,2.8241500796249683
case_027,2,2,3,ablation,no_level,0.064,0.573,True,837049,3686400,,2363952,16,,2.8241500796249683
case_027,2,2,4,ablation,full,0.079,0.297,True,559196,3317760,,2363952,4,,4.227412213249022
case_027,2,2,4,ablation,no_comm,0.064,0.624,True,587420,7579648,,2363952,8,,4.024296074359062
case_027,2,2,4,ablation,no_balance,0.021,0.314,True,559196,3317760,,2363952,4,,4.227412213249022
case_027,2,2,4,ablation,no_sync,0.08,0.562,True,559196,3317760,,2363952,4,,4.227412213249022
case_027,2,2,4,ablation,no_localsearch,0.035,0.327,True,559196,3317760,,2363952,4,,4.227412213249022
case_027,2,2,4,ablation,no_cache_aware,0.087,0.317,True,559196,3317760,,2363952,4,,4.227412213249022
case_027,2,2,4,ablation,no_level,0.085,0.518,True,559196,3317760,,2363952,16,,4.227412213249022
case_027,3,3,2,ablation,full,0.047,0.338,True,1120962,1744896,0.08904109589041095,2363952,2,,2.10886006840553
case_027,3,3,2,ablation,no_comm,0.029,0.368,True,1145070,4302848,0.28661666008685355,2363952,4,,2.0644606879928737
case_027,3,3,2,ablation,no_balance,0.027,0.614,True,1120962,1744896,0.08904109589041095,2363952,2,,2.10886006840553
case_027,3,3,2,ablation,no_sync,0.047,0.328,True,1120962,1744896,0.08904109589041095,2363952,2,,2.10886006840553
case_027,3,3,2,ablation,no_localsearch,0.029,0.325,True,1120962,1744896,0.08904109589041095,2363952,2,,2.10886006840553
case_027,3,3,2,ablation,no_cache_aware,0.047,0.544,True,1120962,1744896,0.08904109589041095,2363952,2,,2.10886006840553
case_027,3,3,2,ablation,no_level,0.044,0.307,True,1120962,1744896,0.08904109589041095,2363952,16,,2.10886006840553
case_027,2,2,5,ablation,full,0.107,0.378,True,558753,5529600,,2363952,5,,4.230763861670542
case_027,2,2,5,ablation,no_comm,0.087,0.767,True,487450,12023808,,2363952,10,,4.849629705610832
case_027,2,2,5,ablation,no_balance,0.023,0.385,True,558753,5529600,,2363952,5,,4.230763861670542
case_027,2,2,5,ablation,no_sync,0.103,0.377,True,558753,5529600,,2363952,5,,4.230763861670542
case_027,2,2,5,ablation,no_localsearch,0.028,0.603,True,558753,5529600,,2363952,5,,4.230763861670542
case_027,2,2,5,ablation,no_cache_aware,0.102,0.374,True,558753,5529600,,2363952,5,,4.230763861670542
case_027,2,2,5,ablation,no_level,0.108,0.693,True,558753,5529600,,2363952,16,,4.230763861670542
case_027,3,3,4,ablation,full,0.083,0.334,True,559196,3317760,0.0,2363952,4,,4.227412213249022
case_027,3,3,4,ablation,no_comm,0.077,0.707,True,587504,7579648,0.35736948370349003,2363952,8,,4.023720689561262
case_027,3,3,4,ablation,no_balance,0.023,0.32,True,559196,3317760,0.0,2363952,4,,4.227412213249022
case_027,3,3,4,ablation,no_sync,0.078,0.308,True,559196,3317760,0.0,2363952,4,,4.227412213249022
case_027,3,3,4,ablation,no_localsearch,0.032,0.342,True,559196,3317760,0.0,2363952,4,,4.227412213249022
case_027,3,3,4,ablation,no_cache_aware,0.088,0.665,True,559196,3317760,0.0,2363952,4,,4.227412213249022
case_027,3,3,4,ablation,no_level,0.083,0.302,True,559196,3317760,0.0,2363952,16,,4.227412213249022
case_027,3,3,3,ablation,full,0.092,0.589,True,837049,3686400,0.43037037037037035,2363952,3,,2.8241500796249683
case_027,3,3,3,ablation,no_comm,0.05,0.64,True,763896,6107136,0.31640625,2363952,6,,3.0945992648213894
case_027,3,3,3,ablation,no_balance,0.025,0.366,True,837049,3686400,0.43037037037037035,2363952,3,,2.8241500796249683
case_027,3,3,3,ablation,no_sync,0.063,0.346,True,837049,3686400,0.43037037037037035,2363952,3,,2.8241500796249683
case_027,3,3,3,ablation,no_localsearch,0.027,0.556,True,837049,3686400,0.43037037037037035,2363952,3,,2.8241500796249683
case_027,3,3,3,ablation,no_cache_aware,0.08,0.395,True,837049,3686400,0.43037037037037035,2363952,3,,2.8241500796249683
case_027,3,3,3,ablation,no_level,0.068,0.592,True,837049,3686400,0.43037037037037035,2363952,16,,2.8241500796249683
case_025,2,2,2,ablation,full,0.738,11.933,True,2431840,27648,,4863026,2,,1.9997310678334101
case_025,2,2,2,ablation,no_comm,0.72,8.347,True,2432798,73728,,4863026,4,,1.9989436032091443
case_025,2,2,2,ablation,no_balance,0.243,10.978,True,2431840,27648,,4863026,2,,1.9997310678334101
case_025,2,2,2,ablation,no_sync,0.323,11.144,True,2431840,27648,,4863026,2,,1.9997310678334101
case_025,2,2,2,ablation,no_localsearch,0.305,10.667,True,2431840,27648,,4863026,2,,1.9997310678334101
case_025,2,2,2,ablation,no_cache_aware,0.385,10.973,True,2431840,27648,,4863026,2,,1.9997310678334101
case_025,2,2,2,ablation,no_level,0.336,11.097,True,2431840,27648,,4863026,2666,,1.9997310678334101
case_027,3,3,5,ablation,full,0.119,0.367,True,558753,5529600,0.044444444444444446,2363952,5,,4.230763861670542
case_027,3,3,5,ablation,no_comm,0.093,0.638,True,487450,12023808,0.2964964964964965,2363952,10,,4.849629705610832
case_027,3,3,5,ablation,no_balance,0.022,0.366,True,558753,5529600,0.044444444444444446,2363952,5,,4.230763861670542
case_027,3,3,5,ablation,no_sync,0.106,0.634,True,558753,5529600,0.044444444444444446,2363952,5,,4.230763861670542
case_027,3,3,5,ablation,no_localsearch,0.03,0.377,True,558753,5529600,0.044444444444444446,2363952,5,,4.230763861670542
case_027,3,3,5,ablation,no_cache_aware,0.101,0.581,True,558753,5529600,0.044444444444444446,2363952,5,,4.230763861670542
case_027,3,3,5,ablation,no_level,0.109,0.4,True,558753,5529600,0.044444444444444446,2363952,16,,4.230763861670542
case_025,3,3,2,ablation,full,0.729,12.193,True,2431840,27648,0.0,4863026,2,,1.9997310678334101
case_025,3,3,2,ablation,no_comm,0.679,8.321,True,2432798,73728,0.001471129091577786,4863026,4,,1.9989436032091443
case_025,3,3,2,ablation,no_balance,0.223,10.876,True,2431840,27648,0.0,4863026,2,,1.9997310678334101
case_025,3,3,2,ablation,no_sync,0.569,11.055,True,2431840,27648,0.0,4863026,2,,1.9997310678334101
case_025,3,3,2,ablation,no_localsearch,0.286,10.867,True,2431840,27648,0.0,4863026,2,,1.9997310678334101
case_025,3,3,2,ablation,no_cache_aware,0.391,10.966,True,2431840,27648,0.0,4863026,2,,1.9997310678334101
case_025,3,3,2,ablation,no_level,0.366,11.517,True,2431840,27648,0.0,4863026,2666,,1.9997310678334101
case_028,2,2,5,ablation,full,1.396,8.459,True,11491035,277818912,,43836040,5,,3.814803453300769
case_028,2,2,5,ablation,no_comm,0.905,7.162,True,11575399,277155504,,43836040,10,,3.787000344437371
case_028,2,2,5,ablation,no_balance,0.175,7.451,True,11491035,277818912,,43836040,5,,3.814803453300769
case_028,2,2,5,ablation,no_sync,0.824,7.466,True,11491035,277818912,,43836040,5,,3.814803453300769
case_028,2,2,5,ablation,no_localsearch,0.169,7.167,True,11491035,277818912,,43836040,5,,3.814803453300769
case_028,2,2,5,ablation,no_cache_aware,1.105,7.206,True,11491035,277818912,,43836040,5,,3.814803453300769
case_028,2,2,5,ablation,no_level,1.083,7.573,True,11491035,277818912,,43836040,153,,3.814803453300769
case_028,2,2,4,ablation,full,1.151,8.747,True,13608312,277760640,,43836040,4,,3.2212694711879033
case_028,2,2,4,ablation,no_comm,0.961,7.497,True,13704242,277155648,,43836040,8,,3.198720512962337
case_028,2,2,4,ablation,no_balance,0.237,8.804,True,13608312,277760640,,43836040,4,,3.2212694711879033
case_028,2,2,4,ablation,no_sync,0.95,8.233,True,13608312,277760640,,43836040,4,,3.2212694711879033
case_028,2,2,4,ablation,no_localsearch,0.379,8.14,True,13608312,277760640,,43836040,4,,3.2212694711879033
case_028,2,2,4,ablation,no_cache_aware,0.794,8.389,True,13608312,277760640,,43836040,4,,3.2212694711879033
case_028,2,2,4,ablation,no_level,0.745,8.489,True,13608312,277760640,,43836040,153,,3.2212694711879033
case_028,2,2,3,ablation,full,0.64,9.948,True,16770711,277369056,,43836040,3,,2.613845054034978
case_028,2,2,3,ablation,no_comm,0.844,10.673,True,16770711,277369056,,43836040,3,,2.613845054034978
case_028,2,2,3,ablation,no_balance,0.218,9.576,True,16770711,277369056,,43836040,3,,2.613845054034978
case_028,2,2,3,ablation,no_sync,0.554,9.417,True,16770711,277369056,,43836040,3,,2.613845054034978
case_028,2,2,3,ablation,no_localsearch,0.266,9.957,True,16770711,277369056,,43836040,3,,2.613845054034978
case_028,2,2,3,ablation,no_cache_aware,0.504,9.409,True,16770711,277369056,,43836040,3,,2.613845054034978
case_028,2,2,3,ablation,no_level,0.826,9.51,True,16770711,277369056,,43836040,153,,2.613845054034978
case_028,2,2,2,ablation,full,0.462,12.242,True,23638628,277473600,,43836040,2,,1.8544240384848054
case_028,2,2,2,ablation,no_comm,0.626,9.919,True,23615474,277058568,,43836040,4,,1.856242224907279
case_028,2,2,2,ablation,no_balance,0.194,12.107,True,23638628,277473600,,43836040,2,,1.8544240384848054
case_028,2,2,2,ablation,no_sync,0.34,11.634,True,23638628,277473600,,43836040,2,,1.8544240384848054
case_028,2,2,2,ablation,no_localsearch,0.238,11.106,True,23638628,277473600,,43836040,2,,1.8544240384848054
case_028,2,2,2,ablation,no_cache_aware,0.596,11.538,True,23638628,277473600,,43836040,2,,1.8544240384848054
case_028,2,2,2,ablation,no_level,0.447,11.513,True,23638628,277473600,,43836040,153,,1.8544240384848054
case_028,3,3,4,ablation,full,1.076,7.708,True,13585418,277760640,0.0026682384304864775,43836040,4,,3.226697919784286
case_028,3,3,4,ablation,no_comm,1.057,7.812,True,13698008,277155648,0.0155609258280753,43836040,8,,3.200176259204988
case_028,3,3,4,ablation,no_balance,0.211,9.678,True,13585418,277760640,0.0026682384304864775,43836040,4,,3.226697919784286
case_028,3,3,4,ablation,no_sync,0.934,10.345,True,13585418,277760640,0.0026682384304864775,43836040,4,,3.226697919784286
case_028,3,3,4,ablation,no_localsearch,0.266,10.056,True,13585418,277760640,0.0026682384304864775,43836040,4,,3.226697919784286
case_028,3,3,4,ablation,no_cache_aware,1.512,10.559,True,13585418,277760640,0.0026682384304864775,43836040,4,,3.226697919784286
case_028,3,3,4,ablation,no_level,0.85,10.225,True,13585418,277760640,0.0026682384304864775,43836040,153,,3.226697919784286
case_028,3,3,3,ablation,full,0.616,9.958,True,16770711,277369056,0.0,43836040,3,,2.613845054034978
case_028,3,3,3,ablation,no_comm,0.718,10.316,True,16770711,277369056,0.0,43836040,3,,2.613845054034978
case_028,3,3,3,ablation,no_balance,0.204,10.823,True,16770711,277369056,0.0,43836040,3,,2.613845054034978
case_028,3,3,3,ablation,no_sync,0.665,11.199,True,16770711,277369056,0.0,43836040,3,,2.613845054034978
case_028,3,3,3,ablation,no_localsearch,0.284,11.145,True,16770711,277369056,0.0,43836040,3,,2.613845054034978
case_028,3,3,3,ablation,no_cache_aware,0.65,12.612,True,16770711,277369056,0.0,43836040,3,,2.613845054034978
case_028,3,3,3,ablation,no_level,0.663,11.362,True,16770711,277369056,0.0,43836040,153,,2.613845054034978
case_029,1,1,2,ablation,full,0.018,0.229,True,19740,0,,37555,2,,1.9024822695035462
case_029,1,1,2,ablation,no_comm,0.016,0.238,True,20238,24602,,37555,4,,1.8556675560826168
case_029,1,1,2,ablation,no_balance,0.008,0.248,True,19740,0,,37555,2,,1.9024822695035462
case_029,1,1,2,ablation,no_sync,0.018,0.265,True,19740,0,,37555,2,,1.9024822695035462
case_029,1,1,2,ablation,no_localsearch,0.014,0.235,True,19740,0,,37555,2,,1.9024822695035462
case_029,1,1,2,ablation,no_cache_aware,0.017,0.212,True,19740,0,,37555,2,,1.9024822695035462
case_029,1,1,2,ablation,no_level,0.015,0.128,True,22105,0,,37555,21,,1.6989368921058583
case_029,1,1,3,ablation,full,0.027,0.187,True,12743,0,,37555,3,,2.9471082162756024
case_029,1,1,3,ablation,no_comm,0.022,0.198,True,14877,55362,,37555,6,,2.5243664717348926
case_029,1,1,3,ablation,no_balance,0.007,0.221,True,12743,0,,37555,3,,2.9471082162756024
case_029,1,1,3,ablation,no_sync,0.029,0.197,True,12743,0,,37555,3,,2.9471082162756024
case_029,1,1,3,ablation,no_localsearch,0.01,0.192,True,12743,0,,37555,3,,2.9471082162756024
case_029,1,1,3,ablation,no_cache_aware,0.022,0.173,True,12743,0,,37555,3,,2.9471082162756024
case_029,1,1,3,ablation,no_level,0.024,0.145,True,14831,0,,37555,21,,2.5321960757872026
case_029,1,1,4,ablation,full,0.029,0.179,True,11028,0,,37555,4,,3.405422560754443
case_029,1,1,4,ablation,no_comm,0.03,0.201,True,12704,100428,,37555,8,,2.9561555415617127
case_029,1,1,4,ablation,no_balance,0.006,0.164,True,11028,0,,37555,4,,3.405422560754443
case_029,1,1,4,ablation,no_sync,0.031,0.167,True,11028,0,,37555,4,,3.405422560754443
case_029,1,1,4,ablation,no_localsearch,0.009,0.168,True,11028,0,,37555,4,,3.405422560754443
case_029,1,1,4,ablation,no_cache_aware,0.033,0.177,True,11028,0,,37555,4,,3.405422560754443
case_029,1,1,4,ablation,no_level,0.033,0.162,True,13395,0,,37555,21,,2.803658081373647
case_029,1,1,5,ablation,full,0.038,0.399,True,9383,0,,37555,5,,4.002451241607162
case_029,1,1,5,ablation,no_comm,0.065,0.194,True,12433,53288,,37555,10,,3.0205903643529317
case_029,1,1,5,ablation,no_balance,0.007,0.174,True,9383,0,,37555,5,,4.002451241607162
case_029,1,1,5,ablation,no_sync,0.044,0.19,True,9383,0,,37555,5,,4.002451241607162
case_029,1,1,5,ablation,no_localsearch,0.01,0.161,True,9383,0,,37555,5,,4.002451241607162
case_029,1,1,5,ablation,no_cache_aware,0.039,0.164,True,9383,0,,37555,5,,4.002451241607162
case_029,1,1,5,ablation,no_level,0.036,0.142,True,11787,0,,37555,21,,3.1861372698735897
case_029,2,2,2,ablation,full,0.016,0.479,True,19740,0,,37555,2,,1.9024822695035462
case_029,2,2,2,ablation,no_comm,0.016,0.169,True,19737,16400,,37555,4,,1.9027714444951107
case_029,2,2,2,ablation,no_balance,0.007,0.149,True,19740,0,,37555,2,,1.9024822695035462
case_029,2,2,2,ablation,no_sync,0.017,0.158,True,19740,0,,37555,2,,1.9024822695035462
case_029,2,2,2,ablation,no_localsearch,0.01,0.152,True,19740,0,,37555,2,,1.9024822695035462
case_029,2,2,2,ablation,no_cache_aware,0.018,0.152,True,19740,0,,37555,2,,1.9024822695035462
case_029,2,2,2,ablation,no_level,0.016,0.153,True,19740,0,,37555,21,,1.9024822695035462
case_029,2,2,3,ablation,full,0.027,0.157,True,12743,0,,37555,3,,2.9471082162756024
case_029,2,2,3,ablation,no_comm,0.022,0.16,True,13838,38958,,37555,6,,2.713903743315508
case_029,2,2,3,ablation,no_balance,0.007,0.402,True,12743,0,,37555,3,,2.9471082162756024
case_029,2,2,3,ablation,no_sync,0.023,0.135,True,12743,0,,37555,3,,2.9471082162756024
case_029,2,2,3,ablation,no_localsearch,0.01,0.147,True,12743,0,,37555,3,,2.9471082162756024
case_029,2,2,3,ablation,no_cache_aware,0.025,0.144,True,12743,0,,37555,3,,2.9471082162756024
case_029,2,2,3,ablation,no_level,0.023,0.146,True,12743,0,,37555,21,,2.9471082162756024
case_029,2,2,4,ablation,full,0.034,0.491,True,11028,0,,37555,4,,3.405422560754443
case_029,2,2,4,ablation,no_comm,0.039,0.2,True,12186,92230,,37555,8,,3.0818151977679302
case_029,2,2,4,ablation,no_balance,0.007,0.156,True,11028,0,,37555,4,,3.405422560754443
case_029,2,2,4,ablation,no_sync,0.033,0.15,True,11028,0,,37555,4,,3.405422560754443
case_029,2,2,4,ablation,no_localsearch,0.012,0.151,True,11028,0,,37555,4,,3.405422560754443
case_029,2,2,4,ablation,no_cache_aware,0.032,0.138,True,11028,0,,37555,4,,3.405422560754443
case_029,2,2,4,ablation,no_level,0.031,0.128,True,11028,0,,37555,21,,3.405422560754443
case_029,2,2,5,ablation,full,0.037,0.15,True,9383,0,,37555,5,,4.002451241607162
case_029,2,2,5,ablation,no_comm,0.122,0.191,True,9888,102486,,37555,10,,3.7980380258899675
case_029,2,2,5,ablation,no_balance,0.007,0.142,True,9383,0,,37555,5,,4.002451241607162
case_029,2,2,5,ablation,no_sync,0.044,0.384,True,9383,0,,37555,5,,4.002451241607162
case_029,2,2,5,ablation,no_localsearch,0.009,0.13,True,9383,0,,37555,5,,4.002451241607162
case_029,2,2,5,ablation,no_cache_aware,0.037,0.141,True,9383,0,,37555,5,,4.002451241607162
case_029,2,2,5,ablation,no_level,0.044,0.144,True,9383,0,,37555,21,,4.002451241607162
case_028,3,3,2,ablation,full,0.342,11.614,True,23615145,277473600,0.0047431470336763695,43836040,2,,1.8562680855866014
case_028,3,3,2,ablation,no_comm,0.527,8.735,True,23615118,277058568,0.004044155980802634,43836040,4,,1.8562702079235853
case_028,3,3,2,ablation,no_balance,0.235,12.965,True,23615145,277473600,0.0047431470336763695,43836040,2,,1.8562680855866014
case_028,3,3,2,ablation,no_sync,0.853,13.458,True,23615145,277473600,0.0047431470336763695,43836040,2,,1.8562680855866014
case_028,3,3,2,ablation,no_localsearch,0.258,14.087,True,23615145,277473600,0.0047431470336763695,43836040,2,,1.8562680855866014
case_028,3,3,2,ablation,no_cache_aware,0.508,13.809,True,23615145,277473600,0.0047431470336763695,43836040,2,,1.8562680855866014
case_028,3,3,2,ablation,no_level,0.453,13.405,True,23615145,277473600,0.0047431470336763695,43836040,153,,1.8562680855866014
case_029,3,3,2,ablation,full,0.017,0.156,True,19740,0,0.0,37555,2,,1.9024822695035462
case_029,3,3,2,ablation,no_comm,0.014,0.164,True,19737,16400,0.04509754987595238,37555,4,,1.9027714444951107
case_029,3,3,2,ablation,no_balance,0.006,0.488,True,19740,0,0.0,37555,2,,1.9024822695035462
case_029,3,3,2,ablation,no_sync,0.016,0.162,True,19740,0,0.0,37555,2,,1.9024822695035462
case_029,3,3,2,ablation,no_localsearch,0.009,0.152,True,19740,0,0.0,37555,2,,1.9024822695035462
case_029,3,3,2,ablation,no_cache_aware,0.018,0.165,True,19740,0,0.0,37555,2,,1.9024822695035462
case_029,3,3,2,ablation,no_level,0.017,0.17,True,19740,0,0.0,37555,21,,1.9024822695035462
case_028,3,3,5,ablation,full,1.142,9.279,True,11450794,277818912,0.010627459809132753,43836040,5,,3.8282096420562626
case_028,3,3,5,ablation,no_comm,0.847,7.344,True,11442817,277155504,0.04597233551282881,43836040,10,,3.8308783580127166
case_028,3,3,5,ablation,no_balance,0.243,9.564,True,11450794,277818912,0.010627459809132753,43836040,5,,3.8282096420562626
case_028,3,3,5,ablation,no_sync,1.17,9.217,True,11450794,277818912,0.010627459809132753,43836040,5,,3.8282096420562626
case_028,3,3,5,ablation,no_localsearch,0.321,9.77,True,11450794,277818912,0.010627459809132753,43836040,5,,3.8282096420562626
case_028,3,3,5,ablation,no_cache_aware,1.259,9.097,True,11450794,277818912,0.010627459809132753,43836040,5,,3.8282096420562626
case_028,3,3,5,ablation,no_level,1.349,9.399,True,11450794,277818912,0.010627459809132753,43836040,153,,3.8282096420562626
case_029,3,3,3,ablation,full,0.022,0.135,True,12743,0,0.0,37555,3,,2.9471082162756024
case_029,3,3,3,ablation,no_comm,0.023,0.16,True,13838,38958,0.09152218448804499,37555,6,,2.713903743315508
case_029,3,3,3,ablation,no_balance,0.007,0.144,True,12743,0,0.0,37555,3,,2.9471082162756024
case_029,3,3,3,ablation,no_sync,0.027,0.155,True,12743,0,0.0,37555,3,,2.9471082162756024
case_029,3,3,3,ablation,no_localsearch,0.011,0.155,True,12743,0,0.0,37555,3,,2.9471082162756024
case_029,3,3,3,ablation,no_cache_aware,0.026,0.435,True,12743,0,0.0,37555,3,,2.9471082162756024
case_029,3,3,3,ablation,no_level,0.026,0.149,True,12743,0,0.0,37555,21,,2.9471082162756024
case_029,3,3,4,ablation,full,0.028,0.134,True,11028,0,0.0,37555,4,,3.405422560754443
case_029,3,3,4,ablation,no_comm,0.031,0.159,True,12140,92230,0.1666124328102779,37555,8,,3.093492586490939
case_029,3,3,4,ablation,no_balance,0.007,0.153,True,11028,0,0.0,37555,4,,3.405422560754443
case_029,3,3,4,ablation,no_sync,0.038,0.473,True,11028,0,0.0,37555,4,,3.405422560754443
case_029,3,3,4,ablation,no_localsearch,0.009,0.145,True,11028,0,0.0,37555,4,,3.405422560754443
case_029,3,3,4,ablation,no_cache_aware,0.034,0.132,True,11028,0,0.0,37555,4,,3.405422560754443
case_029,3,3,4,ablation,no_level,0.028,0.141,True,11028,0,0.0,37555,21,,3.405422560754443
case_029,3,3,5,ablation,full,0.039,0.139,True,9383,0,0.0,37555,5,,4.002451241607162
case_029,3,3,5,ablation,no_comm,0.039,0.16,True,9342,112734,0.19406019052869128,37555,10,,4.020017126953543
case_029,3,3,5,ablation,no_balance,0.006,0.134,True,9383,0,0.0,37555,5,,4.002451241607162
case_029,3,3,5,ablation,no_sync,0.037,0.165,True,9383,0,0.0,37555,5,,4.002451241607162
case_029,3,3,5,ablation,no_localsearch,0.012,0.145,True,9383,0,0.0,37555,5,,4.002451241607162
case_029,3,3,5,ablation,no_cache_aware,0.414,0.14,True,9383,0,0.0,37555,5,,4.002451241607162
case_029,3,3,5,ablation,no_level,0.036,0.138,True,9383,0,0.0,37555,21,,4.002451241607162
case_025,1,1,5,ablation,full,1.204,54.084,True,975282,110592,,4863026,5,,4.986276789687495
case_025,1,1,5,ablation,no_comm,1.082,44.241,True,977064,273408,,4863026,10,,4.977182661524731
case_025,1,1,5,ablation,no_balance,0.235,34.537,True,975282,110592,,4863026,5,,4.986276789687495
case_025,1,1,5,ablation,no_sync,0.552,46.574,True,975282,110592,,4863026,5,,4.986276789687495
case_025,1,1,5,ablation,no_localsearch,0.338,58.269,True,975282,110592,,4863026,5,,4.986276789687495
case_025,1,1,5,ablation,no_cache_aware,0.71,54.419,True,975282,110592,,4863026,5,,4.986276789687495
case_025,1,1,5,ablation,no_level,0.642,83.559,True,1757768,73681920,,4863026,2666,,2.7665914955784836
case_030,2,2,2,ablation,full,0.259,3.836,True,1403594,7644160,,2808034,2,,2.000602738398711
case_030,2,2,2,ablation,no_comm,0.206,3.061,True,1410526,6230016,,2808034,4,,1.9907708188292879
case_030,2,2,2,ablation,no_balance,0.127,3.78,True,1406075,7725056,,2808034,2,,1.9970727023807406
case_030,2,2,2,ablation,no_sync,0.232,3.741,True,1403594,7644160,,2808034,2,,2.000602738398711
case_030,2,2,2,ablation,no_localsearch,0.162,3.827,True,1403594,7644160,,2808034,2,,2.000602738398711
case_030,2,2,2,ablation,no_cache_aware,0.263,3.778,True,1403594,7644160,,2808034,2,,2.000602738398711
case_030,2,2,2,ablation,no_level,0.247,4.108,True,1410334,5515264,,2808034,486,,1.9910418383163138
case_030,2,2,3,ablation,full,0.359,3.377,True,932822,9515008,,2808034,3,,3.0102570479684228
case_030,2,2,3,ablation,no_comm,0.301,3.213,True,937791,7010304,,2808034,6,,2.9943068338254473
case_030,2,2,3,ablation,no_balance,0.133,3.561,True,936701,9473536,,2808034,3,,2.997791184166559
case_030,2,2,3,ablation,no_sync,0.303,3.843,True,932822,9515008,,2808034,3,,3.0102570479684228
case_030,2,2,3,ablation,no_localsearch,0.181,3.441,True,932822,9515008,,2808034,3,,3.0102570479684228
case_030,2,2,3,ablation,no_cache_aware,0.36,3.63,True,932822,9515008,,2808034,3,,3.0102570479684228
case_030,2,2,3,ablation,no_level,0.3,3.417,True,941679,7196672,,2808034,486,,2.981943953300435
case_030,2,2,4,ablation,full,0.438,3.294,True,702653,10363904,,2808034,4,,3.9963310481845236
case_030,2,2,4,ablation,no_comm,0.394,2.706,True,706227,8004608,,2808034,8,,3.9761068325056956
case_030,2,2,4,ablation,no_balance,0.127,3.609,True,708828,10452992,,2808034,4,,3.9615167572387096
case_030,2,2,4,ablation,no_sync,0.406,3.288,True,702653,10363904,,2808034,4,,3.9963310481845236
case_030,2,2,4,ablation,no_localsearch,0.122,3.585,True,702653,10363904,,2808034,4,,3.9963310481845236
case_030,2,2,4,ablation,no_cache_aware,0.453,2.73,True,702653,10363904,,2808034,4,,3.9963310481845236
case_030,2,2,4,ablation,no_level,0.75,2.563,True,699911,8316928,,2808034,486,,4.011987238377451
case_028,1,1,5,ablation,full,1.189,51.269,True,11491035,277818912,,43836040,5,,3.814803453300769
case_028,1,1,5,ablation,no_comm,1.013,57.668,True,11519652,278784312,,43836040,10,,3.8053267581347074
case_028,1,1,5,ablation,no_balance,0.215,74.365,True,11491035,277818912,,43836040,5,,3.814803453300769
case_028,1,1,5,ablation,no_sync,1.072,65.115,True,11491035,277818912,,43836040,5,,3.814803453300769
case_028,1,1,5,ablation,no_localsearch,0.274,69.19,True,11491035,277818912,,43836040,5,,3.814803453300769
case_028,1,1,5,ablation,no_cache_aware,1.289,50.509,True,11491035,277818912,,43836040,5,,3.814803453300769
case_028,1,1,5,ablation,no_level,1.068,7.414,True,10194624,326568960,,43836040,153,,4.299917289740161
case_025,1,1,4,ablation,full,0.651,73.234,True,1217444,82944,,4863026,4,,3.9944555971362954
case_025,1,1,4,ablation,no_comm,0.617,46.999,True,1219804,213504,,4863026,8,,3.986727375873501
case_025,1,1,4,ablation,no_balance,0.307,54.387,True,1217444,82944,,4863026,4,,3.9944555971362954
case_025,1,1,4,ablation,no_sync,0.693,77.756,True,1217444,82944,,4863026,4,,3.9944555971362954
case_025,1,1,4,ablation,no_localsearch,0.379,71.223,True,1217444,82944,,4863026,4,,3.9944555971362954
case_025,1,1,4,ablation,no_cache_aware,0.926,71.735,True,1217444,82944,,4863026,4,,3.9944555971362954
case_025,1,1,4,ablation,no_level,0.785,64.884,True,1875064,73681920,,4863026,2666,,2.5935253410016936
case_030,2,2,5,ablation,full,0.606,4.037,True,561417,11588608,,2808034,5,,5.001690365628401
case_030,2,2,5,ablation,no_comm,0.51,3.389,True,564131,8978944,,2808034,10,,4.977627536866437
case_030,2,2,5,ablation,no_balance,0.138,4.012,True,571853,11516928,,2808034,5,,4.910412291270659
case_030,2,2,5,ablation,no_sync,0.521,3.647,True,561417,11588608,,2808034,5,,5.001690365628401
case_030,2,2,5,ablation,no_localsearch,0.481,3.504,True,561417,11588608,,2808034,5,,5.001690365628401
case_030,2,2,5,ablation,no_cache_aware,0.559,4.046,True,561417,11588608,,2808034,5,,5.001690365628401
case_030,2,2,5,ablation,no_level,0.594,3.572,True,563411,9594880,,2808034,486,,4.983988598021693
case_030,3,3,2,ablation,full,0.735,3.879,True,1403449,7644160,0.46337482146500714,2808034,2,,2.0008094344717904
case_030,3,3,2,ablation,no_comm,0.218,4.002,True,1410333,6230016,0.29412468589206653,2808034,4,,1.9910432500693098
case_030,3,3,2,ablation,no_balance,0.142,4.039,True,1405781,7725056,0.44600748912053434,2808034,2,,1.9974903630081784
case_030,3,3,2,ablation,no_sync,0.26,3.828,True,1403449,7644160,0.46337482146500714,2808034,2,,2.0008094344717904
case_030,3,3,2,ablation,no_localsearch,0.168,4.32,True,1403449,7644160,0.46337482146500714,2808034,2,,2.0008094344717904
case_030,3,3,2,ablation,no_cache_aware,0.265,4.053,True,1403449,7644160,0.46337482146500714,2808034,2,,2.0008094344717904
case_030,3,3,2,ablation,no_level,0.249,3.88,True,1409540,5515264,0.6888514825844879,2808034,486,,1.9921634008258013
case_030,3,3,3,ablation,full,0.381,3.988,True,932264,9515008,0.5452747441740476,2808034,3,,3.0120588159577117
case_030,3,3,3,ablation,no_comm,0.573,3.465,True,937465,7010304,0.37515158196450227,2808034,6,,2.9953480929954717
case_030,3,3,3,ablation,no_balance,0.132,4.02,True,936379,9473536,0.5580963886611727,2808034,3,,2.9988220581623466
case_030,3,3,3,ablation,no_sync,0.314,3.925,True,932264,9515008,0.5452747441740476,2808034,3,,3.0120588159577117
case_030,3,3,3,ablation,no_localsearch,0.199,4.031,True,932264,9515008,0.5452747441740476,2808034,3,,3.0120588159577117
case_030,3,3,3,ablation,no_cache_aware,0.371,3.842,True,932264,9515008,0.5452747441740476,2808034,3,,3.0120588159577117
case_030,3,3,3,ablation,no_level,0.327,3.718,True,940337,7196672,0.7380672717565403,2808034,486,,2.9861996284310837
case_030,3,3,4,ablation,full,0.454,3.801,True,701894,10363904,0.579145930325895,2808034,4,,4.00065252018111
case_030,3,3,4,ablation,no_comm,0.429,3.272,True,706227,8004608,0.37015581302437073,2808034,8,,3.9761068325056956
case_030,3,3,4,ablation,no_balance,0.134,3.998,True,708735,10452992,0.5829414109206855,2808034,4,,3.9620365863122324
case_030,3,3,4,ablation,no_sync,0.427,3.849,True,701894,10363904,0.579145930325895,2808034,4,,4.00065252018111
case_030,3,3,4,ablation,no_localsearch,0.182,3.813,True,701894,10363904,0.579145930325895,2808034,4,,4.00065252018111
case_030,3,3,4,ablation,no_cache_aware,0.446,4.09,True,701894,10363904,0.579145930325895,2808034,4,,4.00065252018111
case_030,3,3,4,ablation,no_level,0.474,3.557,True,699807,8316928,0.7647002581508748,2808034,486,,4.012583469442289
case_030,3,3,5,ablation,full,0.553,4.084,True,560550,11588608,0.5941848542551633,2808034,5,,5.0094264561591295
case_030,3,3,5,ablation,no_comm,0.54,3.247,True,563664,8978944,0.37659033078880405,2808034,10,,4.981751539924494
case_030,3,3,5,ablation,no_balance,0.13,3.755,True,571702,11516928,0.5825235571260307,2808034,5,,4.91170924712525
case_030,3,3,5,ablation,no_sync,0.523,3.723,True,560550,11588608,0.5941848542551633,2808034,5,,5.0094264561591295
case_030,3,3,5,ablation,no_localsearch,0.171,3.649,True,560550,11588608,0.5941848542551633,2808034,5,,5.0094264561591295
case_030,3,3,5,ablation,no_cache_aware,0.605,4.28,True,560550,11588608,0.5941848542551633,2808034,5,,5.0094264561591295
case_030,3,3,5,ablation,no_level,0.593,3.655,True,562348,9594880,0.7788502605278893,2808034,486,,4.993409774730238
case_028,1,1,4,ablation,full,1.15,62.631,True,13608312,277760640,,43836040,4,,3.2212694711879033
case_028,1,1,4,ablation,no_comm,1.018,84.1,True,13818789,278478864,,43836040,8,,3.1722056107810896
case_028,1,1,4,ablation,no_balance,0.212,93.054,True,13608312,277760640,,43836040,4,,3.2212694711879033
case_028,1,1,4,ablation,no_sync,0.867,91.126,True,13608312,277760640,,43836040,4,,3.2212694711879033
case_028,1,1,4,ablation,no_localsearch,0.245,66.104,True,13608312,277760640,,43836040,4,,3.2212694711879033
case_028,1,1,4,ablation,no_cache_aware,0.885,91.541,True,13608312,277760640,,43836040,4,,3.2212694711879033
case_028,1,1,4,ablation,no_level,1.111,7.849,True,12041229,326568960,,43836040,153,,3.640495500916061
case_031,1,1,2,ablation,full,0.15,14.251,True,723136,4032000,,1414369,2,,1.95588243428622
case_031,1,1,2,ablation,no_comm,0.137,16.593,True,712125,4575744,,1414369,4,,1.9861246269966648
case_031,1,1,2,ablation,no_balance,0.083,14.58,True,731099,4114944,,1414369,2,,1.9345793114202043
case_031,1,1,2,ablation,no_sync,0.161,14.347,True,723136,4032000,,1414369,2,,1.95588243428622
case_031,1,1,2,ablation,no_localsearch,0.096,14.181,True,723136,4032000,,1414369,2,,1.95588243428622
case_031,1,1,2,ablation,no_cache_aware,0.16,13.363,True,723136,4032000,,1414369,2,,1.95588243428622
case_031,1,1,2,ablation,no_level,0.147,3.017,True,728723,9024000,,1414369,44,,1.9408870037037393
case_031,1,1,3,ablation,full,0.504,10.854,True,508104,4732416,,1414369,3,,2.783621069702266
case_031,1,1,3,ablation,no_comm,0.178,13.548,True,475188,5121536,,1414369,6,,2.976440903389816
case_031,1,1,3,ablation,no_balance,0.08,10.677,True,533227,4862976,,1414369,3,,2.652470711348075
case_031,1,1,3,ablation,no_sync,0.208,11.461,True,508104,4732416,,1414369,3,,2.783621069702266
case_031,1,1,3,ablation,no_localsearch,0.101,10.641,True,508104,4732416,,1414369,3,,2.783621069702266
case_031,1,1,3,ablation,no_cache_aware,0.219,11.033,True,508104,4732416,,1414369,3,,2.783621069702266
case_031,1,1,3,ablation,no_level,0.207,2.738,True,506569,9024000,,1414369,44,,2.792055968683437
case_030,1,1,4,ablation,full,0.528,65.848,True,702653,10363904,,2808034,4,,3.9963310481845236
case_030,1,1,4,ablation,no_comm,0.386,54.945,True,707196,8043520,,2808034,8,,3.9706587706944045
case_030,1,1,4,ablation,no_balance,0.134,59.979,True,708828,10452992,,2808034,4,,3.9615167572387096
case_030,1,1,4,ablation,no_sync,0.437,44.985,True,702653,10363904,,2808034,4,,3.9963310481845236
case_030,1,1,4,ablation,no_localsearch,0.14,66.469,True,702653,10363904,,2808034,4,,3.9963310481845236
case_030,1,1,4,ablation,no_cache_aware,0.445,62.412,True,702653,10363904,,2808034,4,,3.9963310481845236
case_030,1,1,4,ablation,no_level,0.728,7.811,True,779014,26935296,,2808034,486,,3.6046001740661913
case_031,2,2,2,ablation,full,0.158,1.462,True,723136,4032000,,1414369,2,,1.95588243428622
case_031,2,2,2,ablation,no_comm,0.357,1.523,True,711625,4581888,,1414369,4,,1.9875201124187598
case_031,2,2,2,ablation,no_balance,0.08,1.737,True,731099,4114944,,1414369,2,,1.9345793114202043
case_031,2,2,2,ablation,no_sync,0.147,1.773,True,723136,4032000,,1414369,2,,1.95588243428622
case_031,2,2,2,ablation,no_localsearch,0.12,1.709,True,723136,4032000,,1414369,2,,1.95588243428622
case_031,2,2,2,ablation,no_cache_aware,0.146,1.504,True,723136,4032000,,1414369,2,,1.95588243428622
case_031,2,2,2,ablation,no_level,0.386,1.772,True,726330,5517312,,1414369,44,,1.9472815386945328
case_031,1,1,4,ablation,full,0.325,12.82,True,401462,7632384,,1414369,4,,3.5230457677189873
case_031,1,1,4,ablation,no_comm,0.256,11.888,True,362001,5401088,,1414369,8,,3.9070858920279226
case_031,1,1,4,ablation,no_balance,0.101,13.332,True,426625,7991808,,1414369,4,,3.315251098740111
case_031,1,1,4,ablation,no_sync,0.317,12.322,True,401462,7632384,,1414369,4,,3.5230457677189873
case_031,1,1,4,ablation,no_localsearch,0.119,12.584,True,401462,7632384,,1414369,4,,3.5230457677189873
case_031,1,1,4,ablation,no_cache_aware,0.314,11.84,True,401462,7632384,,1414369,4,,3.5230457677189873
case_031,1,1,4,ablation,no_level,0.318,3.366,True,418699,13281792,,1414369,107,,3.3780090231884956
case_031,2,2,3,ablation,full,0.209,1.495,True,508104,4732416,,1414369,3,,2.783621069702266
case_031,2,2,3,ablation,no_comm,0.486,1.58,True,478206,4969984,,1414369,6,,2.957656323843699
case_031,2,2,3,ablation,no_balance,0.077,1.821,True,533227,4862976,,1414369,3,,2.652470711348075
case_031,2,2,3,ablation,no_sync,0.205,1.465,True,508104,4732416,,1414369,3,,2.783621069702266
case_031,2,2,3,ablation,no_localsearch,0.123,1.888,True,508104,4732416,,1414369,3,,2.783621069702266
case_031,2,2,3,ablation,no_cache_aware,0.22,1.547,True,508104,4732416,,1414369,3,,2.783621069702266
case_031,2,2,3,ablation,no_level,0.207,1.803,True,513765,6044160,,1414369,44,,2.752949305616381
case_030,1,1,3,ablation,full,0.712,69.916,True,932822,9515008,,2808034,3,,3.0102570479684228
case_030,1,1,3,ablation,no_comm,0.295,62.976,True,938521,7063552,,2808034,6,,2.9919778033736057
case_030,1,1,3,ablation,no_balance,0.131,59.788,True,936701,9473536,,2808034,3,,2.997791184166559
case_030,1,1,3,ablation,no_sync,0.564,46.905,True,932822,9515008,,2808034,3,,3.0102570479684228
case_030,1,1,3,ablation,no_localsearch,0.177,67.048,True,932822,9515008,,2808034,3,,3.0102570479684228
case_030,1,1,3,ablation,no_cache_aware,0.335,60.628,True,932822,9515008,,2808034,3,,3.0102570479684228
case_030,1,1,3,ablation,no_level,0.319,8.017,True,1018410,26935296,,2808034,486,,2.757272611227305
case_030,1,1,5,ablation,full,0.613,67.449,True,561417,11588608,,2808034,5,,5.001690365628401
case_030,1,1,5,ablation,no_comm,0.544,54.48,True,566766,9118720,,2808034,10,,4.954485625460949
case_030,1,1,5,ablation,no_balance,0.127,62.182,True,571853,11516928,,2808034,5,,4.910412291270659
case_030,1,1,5,ablation,no_sync,0.472,42.529,True,561417,11588608,,2808034,5,,5.001690365628401
case_030,1,1,5,ablation,no_localsearch,0.194,71.411,True,561417,11588608,,2808034,5,,5.001690365628401
case_030,1,1,5,ablation,no_cache_aware,0.547,67.293,True,561417,11588608,,2808034,5,,5.001690365628401
case_030,1,1,5,ablation,no_level,0.526,8.351,True,618946,26935296,,2808034,486,,4.536799656189716
case_031,2,2,4,ablation,full,0.325,2.013,True,401462,7632384,,1414369,4,,3.5230457677189873
case_031,2,2,4,ablation,no_comm,0.242,1.635,True,360302,5298688,,1414369,8,,3.9255097112977446
case_031,2,2,4,ablation,no_balance,0.098,1.692,True,426625,7991808,,1414369,4,,3.315251098740111
case_031,2,2,4,ablation,no_sync,0.293,1.981,True,401462,7632384,,1414369,4,,3.5230457677189873
case_031,2,2,4,ablation,no_localsearch,0.112,1.666,True,401462,7632384,,1414369,4,,3.5230457677189873
case_031,2,2,4,ablation,no_cache_aware,0.331,2.096,True,401462,7632384,,1414369,4,,3.5230457677189873
case_031,2,2,4,ablation,no_level,0.293,1.721,True,406629,7675392,,1414369,107,,3.4782787258164074
case_031,3,3,2,ablation,full,0.164,1.623,True,721400,4032000,0.2559662335406204,1414369,2,,1.960589132242861
case_031,3,3,2,ablation,no_comm,0.117,2.074,True,711625,4581888,0.22522476924643428,1414369,4,,1.9875201124187598
case_031,3,3,2,ablation,no_balance,0.071,1.6,True,730970,4114944,0.38474584127278416,1414369,2,,1.9349207217806477
case_031,3,3,2,ablation,no_sync,0.146,1.587,True,721400,4032000,0.2559662335406204,1414369,2,,1.960589132242861
case_031,3,3,2,ablation,no_localsearch,0.109,2.04,True,721400,4032000,0.2559662335406204,1414369,2,,1.960589132242861
case_031,3,3,2,ablation,no_cache_aware,0.162,1.627,True,721400,4032000,0.2559662335406204,1414369,2,,1.960589132242861
case_031,3,3,2,ablation,no_level,0.174,1.939,True,722950,5517312,0.4929793464978268,1414369,44,,1.956385642160592
case_032,1,1,2,ablation,full,0.035,0.211,True,26391,151712,,41443,5,,1.5703459512712667
case_032,1,1,2,ablation,no_comm,0.023,0.195,True,22538,127086,,41443,4,,1.8388055728103647
case_032,1,1,2,ablation,no_balance,0.011,0.199,True,26716,153760,,41443,5,,1.5512427010031442
case_032,1,1,2,ablation,no_sync,0.033,0.205,True,26391,151712,,41443,5,,1.5703459512712667
case_032,1,1,2,ablation,no_localsearch,0.015,0.534,True,26217,151712,,41443,5,,1.5807682038372048
case_032,1,1,2,ablation,no_cache_aware,0.032,0.194,True,26391,151712,,41443,5,,1.5703459512712667
case_032,1,1,2,ablation,no_level,0.033,0.203,True,33485,342360,,41443,67,,1.2376586531282663
case_031,2,2,5,ablation,full,1.017,1.766,True,368578,8540616,,1414369,21,,3.83736685314913
case_031,2,2,5,ablation,no_comm,0.317,1.93,True,358751,6074598,,1414369,10,,3.9424809965686505
case_031,2,2,5,ablation,no_balance,0.102,1.784,True,324255,8697496,,1414369,30,,4.361903440193675
case_031,2,2,5,ablation,no_sync,0.684,1.749,True,365663,8540618,,1414369,24,,3.8679576549992754
case_031,2,2,5,ablation,no_localsearch,0.114,2.211,True,365663,8540618,,1414369,24,,3.8679576549992754
case_031,2,2,5,ablation,no_cache_aware,0.726,2.052,True,368578,8540616,,1414369,21,,3.83736685314913
case_031,2,2,5,ablation,no_level,0.732,1.81,True,365648,8399048,,1414369,172,,3.868116330459896
case_032,1,1,3,ablation,full,0.067,0.206,True,20179,209160,,41443,7,,2.05376876951286
case_032,1,1,3,ablation,no_comm,0.047,0.194,True,20804,153692,,41443,7,,1.9920688329167469
case_032,1,1,3,ablation,no_balance,0.013,0.571,True,21434,205068,,41443,7,,1.9335168423999254
case_032,1,1,3,ablation,no_sync,0.059,0.21,True,20179,209160,,41443,7,,2.05376876951286
case_032,1,1,3,ablation,no_localsearch,0.019,0.24,True,19978,209088,,41443,7,,2.0744318750625688
case_032,1,1,3,ablation,no_cache_aware,0.089,0.208,True,20179,209160,,41443,7,,2.05376876951286
case_032,1,1,3,ablation,no_level,0.064,0.187,True,26596,342360,,41443,67,,1.5582418408783276
case_032,1,1,4,ablation,full,0.076,0.211,True,20511,225492,,41443,9,,2.0205255716444834
case_032,1,1,4,ablation,no_comm,0.046,0.191,True,18567,180490,,41443,10,,2.2320784186998437
case_032,1,1,4,ablation,no_balance,0.013,0.208,True,18191,248104,,41443,9,,2.2782145016766533
case_032,1,1,4,ablation,no_sync,0.066,0.218,True,20511,225492,,41443,9,,2.0205255716444834
case_032,1,1,4,ablation,no_localsearch,0.014,0.191,True,19707,231636,,41443,9,,2.102958339676257
case_032,1,1,4,ablation,no_cache_aware,0.067,0.19,True,20511,225492,,41443,9,,2.0205255716444834
case_032,1,1,4,ablation,no_level,0.07,0.231,True,23619,342360,,41443,67,,1.7546466827554088
case_032,2,2,2,ablation,full,0.033,0.14,True,23595,114832,,41443,5,,1.7564314473405382
case_032,2,2,2,ablation,no_comm,0.019,0.149,True,22071,100442,,41443,4,,1.8777128358479453
case_032,2,2,2,ablation,no_balance,0.014,0.154,True,21515,116880,,41443,5,,1.92623750871485
case_032,2,2,2,ablation,no_sync,0.03,0.133,True,23595,114832,,41443,5,,1.7564314473405382
case_032,2,2,2,ablation,no_localsearch,0.017,0.145,True,23582,114832,,41443,5,,1.7573997116444746
case_032,2,2,2,ablation,no_cache_aware,0.032,0.138,True,23595,114832,,41443,5,,1.7564314473405382
case_032,2,2,2,ablation,no_level,0.032,0.155,True,23593,114832,,41443,67,,1.7565803416267538
case_032,1,1,5,ablation,full,0.11,0.214,True,13588,164980,,41443,12,,3.0499705622608184
case_032,1,1,5,ablation,no_comm,0.089,0.197,True,17530,145510,,41443,9,,2.3641186537364516
case_032,1,1,5,ablation,no_balance,0.012,0.225,True,21717,517550,,41443,17,,1.9083206704425104
case_032,1,1,5,ablation,no_sync,0.095,0.466,True,16829,224490,,41443,14,,2.462594331213976
case_032,1,1,5,ablation,no_localsearch,0.017,0.237,True,20115,475468,,41443,17,,2.0603032562764105
case_032,1,1,5,ablation,no_cache_aware,0.106,0.217,True,13588,164980,,41443,12,,3.0499705622608184
case_032,1,1,5,ablation,no_level,0.11,0.25,True,31039,436650,,41443,89,,1.3351912110570572
case_031,3,3,3,ablation,full,0.513,1.52,True,507309,4732416,0.4951804449060289,1414369,3,,2.787983260695158
case_031,3,3,3,ablation,no_comm,0.176,1.979,True,478086,4969984,0.30506858746888404,1414369,6,,2.958398698142175
case_031,3,3,3,ablation,no_balance,0.084,1.655,True,531905,4862976,0.49341723284839684,1414369,3,,2.6590631785751215
case_031,3,3,3,ablation,no_sync,0.24,1.886,True,507309,4732416,0.4951804449060289,1414369,3,,2.787983260695158
case_031,3,3,3,ablation,no_localsearch,0.102,1.533,True,507309,4732416,0.4951804449060289,1414369,3,,2.787983260695158
case_031,3,3,3,ablation,no_cache_aware,0.218,1.624,True,507309,4732416,0.4951804449060289,1414369,3,,2.787983260695158
case_031,3,3,3,ablation,no_level,0.511,1.759,True,511609,6044160,0.5814377966649572,1414369,44,,2.7645506627131264
case_032,2,2,3,ablation,full,0.07,0.151,True,15432,209176,,41443,7,,2.685523587350959
case_032,2,2,3,ablation,no_comm,0.037,0.143,True,16353,161894,,41443,8,,2.5342750565645447
case_032,2,2,3,ablation,no_balance,0.011,0.144,True,16118,205080,,41443,7,,2.5712247177069116
case_032,2,2,3,ablation,no_sync,0.062,0.159,True,15432,209176,,41443,7,,2.685523587350959
case_032,2,2,3,ablation,no_localsearch,0.016,0.444,True,15427,209104,,41443,7,,2.686393984572503
case_032,2,2,3,ablation,no_cache_aware,0.073,0.172,True,15432,209176,,41443,7,,2.685523587350959
case_032,2,2,3,ablation,no_level,0.082,0.149,True,19567,209176,,41443,67,,2.118004804006746
case_032,2,2,4,ablation,full,0.074,0.51,True,16180,225520,,41443,9,,2.561372064276885
case_032,2,2,4,ablation,no_comm,0.063,0.158,True,14694,205090,,41443,11,,2.8204028855315095
case_032,2,2,4,ablation,no_balance,0.013,0.16,True,13911,248144,,41443,9,,2.979153188124506
case_032,2,2,4,ablation,no_sync,0.067,0.154,True,16180,225520,,41443,9,,2.561372064276885
case_032,2,2,4,ablation,no_localsearch,0.016,0.157,True,15389,231664,,41443,9,,2.6930274871661575
case_032,2,2,4,ablation,no_cache_aware,0.071,0.156,True,16180,225520,,41443,9,,2.561372064276885
case_032,2,2,4,ablation,no_level,0.066,0.145,True,16940,225520,,41443,67,,2.446458087367178
case_032,2,2,5,ablation,full,0.134,0.14,True,14787,152694,,41443,13,,2.8026645026036383
case_032,2,2,5,ablation,no_comm,0.092,0.146,True,16412,139348,,41443,9,,2.5251645137704117
case_032,2,2,5,ablation,no_balance,0.013,0.178,True,16274,363996,,41443,17,,2.5465773626643724
case_032,2,2,5,ablation,no_sync,0.097,0.141,True,14306,144594,,41443,14,,2.896896407101915
case_032,2,2,5,ablation,no_localsearch,0.016,0.166,True,15774,328032,,41443,17,,2.627298085457081
case_032,2,2,5,ablation,no_cache_aware,0.102,0.134,True,14787,152694,,41443,13,,2.8026645026036383
case_032,2,2,5,ablation,no_level,0.105,0.136,True,19000,152694,,41443,89,,2.1812105263157893
case_032,3,3,2,ablation,full,0.031,0.14,True,23594,114832,0.29130452440906507,41443,5,,1.7565058913283038
case_032,3,3,2,ablation,no_comm,0.021,0.165,True,22071,100442,0.22611360343815468,41443,4,,1.8777128358479453
case_032,3,3,2,ablation,no_balance,0.015,0.159,True,21515,116880,0.294969696969697,41443,5,,1.92623750871485
case_032,3,3,2,ablation,no_sync,0.031,0.151,True,23594,114832,0.29130452440906507,41443,5,,1.7565058913283038
case_032,3,3,2,ablation,no_localsearch,0.016,0.143,True,23581,114832,0.29130452440906507,41443,5,,1.7574742377337687
case_032,3,3,2,ablation,no_cache_aware,0.031,0.412,True,23594,114832,0.29130452440906507,41443,5,,1.7565058913283038
case_032,3,3,2,ablation,no_level,0.032,0.142,True,23177,114832,0.28090731865811064,41443,67,,1.7881089010657116
case_032,3,3,3,ablation,full,0.073,0.158,True,15425,209176,0.42819458325823734,41443,7,,2.686742301458671
case_032,3,3,3,ablation,no_comm,0.033,0.141,True,16322,161894,0.2873537524969086,41443,8,,2.539088347016297
case_032,3,3,3,ablation,no_balance,0.011,0.147,True,16117,205080,0.42335718180466286,41443,7,,2.5713842526524786
case_032,3,3,3,ablation,no_sync,0.064,0.156,True,15425,209176,0.42819458325823734,41443,7,,2.686742301458671
case_032,3,3,3,ablation,no_localsearch,0.013,0.149,True,15425,209104,0.4281102517042475,41443,7,,2.686742301458671
case_032,3,3,3,ablation,no_cache_aware,0.071,0.17,True,15425,209176,0.42819458325823734,41443,7,,2.686742301458671
case_032,3,3,3,ablation,no_level,0.08,0.159,True,19247,209176,0.4030278701685973,41443,67,,2.153218683431184
case_032,3,3,4,ablation,full,0.067,0.147,True,16104,225592,0.44677646909627,41443,9,,2.57346000993542
case_032,3,3,4,ablation,no_comm,0.049,0.167,True,14694,205090,0.3678455821670323,41443,11,,2.8204028855315095
case_032,3,3,4,ablation,no_balance,0.014,0.16,True,13807,248144,0.4510056828096904,41443,9,,3.0015933946548854
case_032,3,3,4,ablation,no_sync,0.064,0.155,True,16104,225592,0.44677646909627,41443,9,,2.57346000993542
case_032,3,3,4,ablation,no_localsearch,0.015,0.155,True,15313,231664,0.45335359167945866,41443,9,,2.7063932606282246
case_032,3,3,4,ablation,no_cache_aware,0.069,0.506,True,16104,225520,0.4466975298855313,41443,9,,2.57346000993542
case_032,3,3,4,ablation,no_level,0.071,0.156,True,16581,225592,0.4305438866255568,41443,67,,2.4994270550630238
case_032,3,3,5,ablation,full,0.11,0.415,True,15569,327008,0.49145569620253166,41443,17,,2.661892221722654
case_032,3,3,5,ablation,no_comm,0.075,0.168,True,15565,260264,0.38412460272025584,41443,17,,2.6625762929649857
case_032,3,3,5,ablation,no_balance,0.013,0.168,True,14416,363996,0.5241542482921794,41443,17,,2.874791897891232
case_032,3,3,5,ablation,no_sync,0.089,0.184,True,15569,327008,0.49145569620253166,41443,17,,2.661892221722654
case_032,3,3,5,ablation,no_localsearch,0.017,0.182,True,15567,328032,0.4944451100993157,41443,17,,2.6622342134001413
case_032,3,3,5,ablation,no_cache_aware,0.107,0.147,True,14059,152694,0.3371823409386014,41443,13,,2.9477914503165232
case_032,3,3,5,ablation,no_level,0.114,0.204,True,25170,327008,0.40277148567621585,41443,89,,1.646523639253079
case_031,3,3,4,ablation,full,0.306,2.004,True,400380,7632384,0.5030189858538133,1414369,4,,3.532566561766322
case_031,3,3,4,ablation,no_comm,0.238,1.599,True,360132,5298688,0.31540338404476326,1414369,8,,3.9273627447713615
case_031,3,3,4,ablation,no_balance,0.102,1.982,True,424681,7991808,0.47619702714887485,1414369,4,,3.33042683802666
case_031,3,3,4,ablation,no_sync,0.323,2.018,True,400380,7632384,0.5030189858538133,1414369,4,,3.532566561766322
case_031,3,3,4,ablation,no_localsearch,0.108,1.909,True,400380,7632384,0.5030189858538133,1414369,4,,3.532566561766322
case_031,3,3,4,ablation,no_cache_aware,0.321,1.668,True,400380,7632384,0.5030189858538133,1414369,4,,3.532566561766322
case_031,3,3,4,ablation,no_level,0.349,1.7,True,404865,7675392,0.5132871382481431,1414369,107,,3.4934336136736936
case_031,1,1,5,ablation,full,0.726,6.662,True,375281,8560182,,1414369,21,,3.7688265592982324
case_031,1,1,5,ablation,no_comm,0.619,6.479,True,365183,6247978,,1414369,10,,3.873041735239592
case_031,1,1,5,ablation,no_balance,0.101,6.786,True,333561,8658098,,1414369,30,,4.240210935930759
case_031,1,1,5,ablation,no_sync,0.403,6.882,True,376759,8573244,,1414369,24,,3.754041708359986
case_031,1,1,5,ablation,no_localsearch,0.129,7.206,True,376759,8573244,,1414369,24,,3.754041708359986
case_031,1,1,5,ablation,no_cache_aware,0.752,6.719,True,375281,8560182,,1414369,21,,3.7688265592982324
case_031,1,1,5,ablation,no_level,0.789,2.18,True,392920,13751370,,1414369,172,,3.5996360582306832
case_031,3,3,5,ablation,full,0.775,2.288,True,366717,8540616,0.3899331800711803,1414369,21,,3.8568405609775387
case_031,3,3,5,ablation,no_comm,0.336,1.879,True,358794,6074598,0.4489715186933887,1414369,10,,3.942008506273795
case_031,3,3,5,ablation,no_balance,0.101,1.976,True,323177,8697496,0.46210911319631526,1414369,30,,4.376453151059636
case_031,3,3,5,ablation,no_sync,0.425,2.262,True,363946,8540618,0.39334595558738955,1414369,24,,3.8862056458925225
case_031,3,3,5,ablation,no_localsearch,0.141,1.899,True,363946,8540618,0.39334595558738955,1414369,24,,3.8862056458925225
case_031,3,3,5,ablation,no_cache_aware,0.785,1.554,True,366717,8540616,0.3899331800711803,1414369,21,,3.8568405609775387
case_031,3,3,5,ablation,no_level,0.806,1.817,True,362888,8399048,0.46623218824181756,1414369,172,,3.89753587883865
case_033,2,2,2,ablation,full,0.106,0.851,True,904907,6645792,,1774196,2,,1.960639049095653
case_033,2,2,2,ablation,no_comm,0.044,0.736,True,894476,5276160,,1774196,4,,1.9835031906948872
case_033,2,2,2,ablation,no_balance,0.054,0.894,True,903581,6231072,,1774196,2,,1.9635162757959719
case_033,2,2,2,ablation,no_sync,0.113,0.857,True,904907,6645792,,1774196,2,,1.960639049095653
case_033,2,2,2,ablation,no_localsearch,0.071,0.989,True,904907,6645792,,1774196,2,,1.960639049095653
case_033,2,2,2,ablation,no_cache_aware,0.11,0.856,True,904907,6645792,,1774196,2,,1.960639049095653
case_033,2,2,2,ablation,no_level,0.103,0.865,True,905195,6398496,,1774196,92,,1.9600152453338784
case_033,2,2,3,ablation,full,0.148,0.753,True,607843,7056960,,1774196,3,,2.918839239737893
case_033,2,2,3,ablation,no_comm,0.342,0.784,True,595321,6026240,,1774196,6,,2.9802341929816016
case_033,2,2,3,ablation,no_balance,0.05,0.956,True,618249,7299648,,1774196,3,,2.869711071105655
case_033,2,2,3,ablation,no_sync,0.139,0.895,True,607843,7056960,,1774196,3,,2.918839239737893
case_033,2,2,3,ablation,no_localsearch,0.069,0.874,True,607843,7056960,,1774196,3,,2.918839239737893
case_033,2,2,3,ablation,no_cache_aware,0.153,0.775,True,607843,7056960,,1774196,3,,2.918839239737893
case_033,2,2,3,ablation,no_level,0.16,1.101,True,621935,6969408,,1774196,92,,2.852703256771206
case_033,2,2,4,ablation,full,0.144,0.654,True,457891,7477344,,1774196,4,,3.8747125407575167
case_033,2,2,4,ablation,no_comm,0.165,0.777,True,447009,6485008,,1774196,8,,3.9690386547027017
case_033,2,2,4,ablation,no_balance,0.037,1.027,True,472092,7654496,,1774196,4,,3.7581573083212594
case_033,2,2,4,ablation,no_sync,0.203,0.804,True,457891,7477344,,1774196,4,,3.8747125407575167
case_033,2,2,4,ablation,no_localsearch,0.071,0.791,True,457891,7477344,,1774196,4,,3.8747125407575167
case_033,2,2,4,ablation,no_cache_aware,0.197,1.079,True,457891,7477344,,1774196,4,,3.8747125407575167
case_033,2,2,4,ablation,no_level,0.206,1.08,True,461920,7432800,,1774196,92,,3.8409161759612056
case_033,2,2,5,ablation,full,0.256,0.944,True,373445,8176768,,1774196,5,,4.750889689244735
case_033,2,2,5,ablation,no_comm,0.225,1.053,True,361624,7547924,,1774196,10,,4.906189854655665
case_033,2,2,5,ablation,no_balance,0.044,0.834,True,364249,8277120,,1774196,5,,4.870832864331817
case_033,2,2,5,ablation,no_sync,0.253,0.869,True,373445,8176768,,1774196,5,,4.750889689244735
case_033,2,2,5,ablation,no_localsearch,0.042,0.871,True,373445,8176768,,1774196,5,,4.750889689244735
case_033,2,2,5,ablation,no_cache_aware,0.212,1.023,True,373445,8176768,,1774196,5,,4.750889689244735
case_033,2,2,5,ablation,no_level,0.249,0.833,True,389718,8091264,,1774196,92,,4.5525123294279455
case_033,3,3,2,ablation,full,0.118,1.086,True,902943,6645792,0.35465029456032404,1774196,2,,1.9649036539405034
case_033,3,3,2,ablation,no_comm,0.047,0.638,True,894225,5276160,0.176705262634796,1774196,4,,1.984059940171657
case_033,3,3,2,ablation,no_balance,0.032,0.754,True,901903,6231072,0.3116657573944879,1774196,2,,1.9671694184407857
case_033,3,3,2,ablation,no_sync,0.121,0.801,True,902943,6645792,0.35465029456032404,1774196,2,,1.9649036539405034
case_033,3,3,2,ablation,no_localsearch,0.039,0.74,True,902943,6645792,0.35465029456032404,1774196,2,,1.9649036539405034
case_033,3,3,2,ablation,no_cache_aware,0.067,0.936,True,902943,6645792,0.35465029456032404,1774196,2,,1.9649036539405034
case_033,3,3,2,ablation,no_level,0.107,0.693,True,903397,6398496,0.29562958535236694,1774196,92,,1.9639161963123632
case_033,3,3,3,ablation,full,0.159,0.944,True,606407,7056960,0.35322220274067795,1774196,3,,2.925751186909122
case_033,3,3,3,ablation,no_comm,0.071,0.58,True,595114,6026240,0.3335074934689949,1774196,6,,2.981270815339582
case_033,3,3,3,ablation,no_balance,0.038,0.812,True,616768,7299648,0.3830983969260677,1774196,3,,2.8766018989312028
case_033,3,3,3,ablation,no_sync,0.168,0.857,True,606407,7056960,0.35322220274067795,1774196,3,,2.925751186909122
case_033,3,3,3,ablation,no_localsearch,0.05,0.908,True,606407,7056960,0.35322220274067795,1774196,3,,2.925751186909122
case_033,3,3,3,ablation,no_cache_aware,0.142,0.564,True,606407,7056960,0.35322220274067795,1774196,3,,2.925751186909122
case_033,3,3,3,ablation,no_level,0.165,1.134,True,620044,6969408,0.4037202267449314,1774196,92,,2.8614033842759548
case_033,3,3,4,ablation,full,0.183,0.692,True,457789,7477344,0.38596794481013047,1774196,4,,3.875575865737272
case_033,3,3,4,ablation,no_comm,0.106,0.849,True,446911,6485008,0.17626194249748176,1774196,8,,3.969908997540897
case_033,3,3,4,ablation,no_balance,0.031,0.838,True,470497,7654496,0.35942927117206386,1774196,4,,3.770897582768859
case_033,3,3,4,ablation,no_sync,0.186,0.819,True,457789,7477344,0.38596794481013047,1774196,4,,3.875575865737272
case_033,3,3,4,ablation,no_localsearch,0.067,1.015,True,457789,7477344,0.38596794481013047,1774196,4,,3.875575865737272
case_033,3,3,4,ablation,no_cache_aware,0.22,1.077,True,457789,7477344,0.38596794481013047,1774196,4,,3.875575865737272
case_033,3,3,4,ablation,no_level,0.224,0.711,True,461629,7432800,0.40013268005970604,1774196,92,,3.843337398646965
case_033,1,1,3,ablation,full,0.141,4.422,True,607843,7056960,,1774196,3,,2.918839239737893
case_033,1,1,3,ablation,no_comm,0.118,3.367,True,595755,5958144,,1774196,6,,2.978063129977927
case_033,1,1,3,ablation,no_balance,0.058,4.867,True,618249,7299648,,1774196,3,,2.869711071105655
case_033,1,1,3,ablation,no_sync,0.163,4.165,True,607843,7056960,,1774196,3,,2.918839239737893
case_033,1,1,3,ablation,no_localsearch,0.041,3.71,True,607843,7056960,,1774196,3,,2.918839239737893
case_033,1,1,3,ablation,no_cache_aware,0.109,3.937,True,607843,7056960,,1774196,3,,2.918839239737893
case_033,1,1,3,ablation,no_level,0.136,1.174,True,631979,12770976,,1774196,92,,2.80736543461096
case_033,3,3,5,ablation,full,0.237,1.23,True,373043,8176768,0.3505195479275192,1774196,5,,4.756009360851162
case_033,3,3,5,ablation,no_comm,0.208,0.702,True,361548,7547924,0.27794002413335916,1774196,10,,4.907221171186122
case_033,3,3,5,ablation,no_balance,0.053,0.942,True,363595,8277120,0.3893680034272729,1774196,5,,4.879594053823623
case_033,3,3,5,ablation,no_sync,0.259,0.896,True,373043,8176768,0.3505195479275192,1774196,5,,4.756009360851162
case_033,3,3,5,ablation,no_localsearch,0.048,0.939,True,373043,8176768,0.3505195479275192,1774196,5,,4.756009360851162
case_033,3,3,5,ablation,no_cache_aware,0.174,0.551,True,373043,8176768,0.3505195479275192,1774196,5,,4.756009360851162
case_033,3,3,5,ablation,no_level,0.24,1.159,True,389516,8091264,0.37921654050982423,1774196,92,,4.554873227287198
case_033,1,1,4,ablation,full,0.198,4.692,True,457891,7477344,,1774196,4,,3.8747125407575167
case_033,1,1,4,ablation,no_comm,0.159,3.896,True,448983,6690832,,1774196,8,,3.9515883674883012
case_033,1,1,4,ablation,no_balance,0.047,4.524,True,472092,7654496,,1774196,4,,3.7581573083212594
case_033,1,1,4,ablation,no_sync,0.218,3.972,True,457891,7477344,,1774196,4,,3.8747125407575167
case_033,1,1,4,ablation,no_localsearch,0.077,3.827,True,457891,7477344,,1774196,4,,3.8747125407575167
case_033,1,1,4,ablation,no_cache_aware,0.439,3.466,True,457891,7477344,,1774196,4,,3.8747125407575167
case_033,1,1,4,ablation,no_level,0.199,1.462,True,483375,12770976,,1774196,92,,3.6704339281096456
case_033,1,1,5,ablation,full,0.261,4.318,True,373445,8176768,,1774196,5,,4.750889689244735
case_033,1,1,5,ablation,no_comm,0.148,4.396,True,366523,8002580,,1774196,10,,4.840613003822407
case_033,1,1,5,ablation,no_balance,0.03,4.113,True,364249,8277120,,1774196,5,,4.870832864331817
case_033,1,1,5,ablation,no_sync,0.419,3.907,True,373445,8176768,,1774196,5,,4.750889689244735
case_033,1,1,5,ablation,no_localsearch,0.06,4.283,True,373445,8176768,,1774196,5,,4.750889689244735
case_033,1,1,5,ablation,no_cache_aware,0.236,3.984,True,373445,8176768,,1774196,5,,4.750889689244735
case_033,1,1,5,ablation,no_level,0.237,1.223,True,395739,12770976,,1774196,92,,4.483247797159239
case_033,1,1,2,ablation,full,0.114,6.096,True,904907,6645792,,1774196,2,,1.960639049095653
case_033,1,1,2,ablation,no_comm,0.068,4.961,True,895880,5412864,,1774196,4,,1.9803946957181766
case_033,1,1,2,ablation,no_balance,0.059,5.471,True,903581,6231072,,1774196,2,,1.9635162757959719
case_033,1,1,2,ablation,no_sync,0.068,5.303,True,904907,6645792,,1774196,2,,1.960639049095653
case_033,1,1,2,ablation,no_localsearch,0.063,4.96,True,904907,6645792,,1774196,2,,1.960639049095653
case_033,1,1,2,ablation,no_cache_aware,0.079,5.029,True,904907,6645792,,1774196,2,,1.960639049095653
case_033,1,1,2,ablation,no_level,0.073,1.01,True,924274,12770976,,1774196,92,,1.9195563220430305
case_034,2,2,2,ablation,full,0.134,1.157,True,448308,1972744,,842996,2,,1.880394728624071
case_034,2,2,2,ablation,no_comm,0.086,0.564,True,423912,1900056,,842996,4,,1.9886108437600256
case_034,2,2,2,ablation,no_balance,0.035,1.082,True,426258,1864192,,842996,2,,1.9776661083193747
case_034,2,2,2,ablation,no_sync,0.127,1.029,True,448308,1972744,,842996,2,,1.880394728624071
case_034,2,2,2,ablation,no_localsearch,0.056,0.716,True,448308,1972744,,842996,2,,1.880394728624071
case_034,2,2,2,ablation,no_cache_aware,0.129,0.985,True,448308,1972744,,842996,2,,1.880394728624071
case_034,2,2,2,ablation,no_level,0.127,0.581,True,441382,1238528,,842996,155,,1.9099011740397207
case_034,2,2,3,ablation,full,0.183,0.869,True,322044,2912264,,842996,3,,2.6176423097464943
case_034,2,2,3,ablation,no_comm,0.073,0.836,True,299424,2569272,,842996,6,,2.8153922197285453
case_034,2,2,3,ablation,no_balance,0.033,0.907,True,288182,2647040,,842996,3,,2.925220867368538
case_034,2,2,3,ablation,no_sync,0.237,0.856,True,322044,2912264,,842996,3,,2.6176423097464943
case_034,2,2,3,ablation,no_localsearch,0.256,1.115,True,316165,2912264,,842996,3,,2.6663166384640933
case_034,2,2,3,ablation,no_cache_aware,0.237,0.889,True,322044,2912264,,842996,3,,2.6176423097464943
case_034,2,2,3,ablation,no_level,0.239,0.923,True,313015,2328576,,842996,155,,2.693148890628245
case_034,2,2,4,ablation,full,0.204,0.957,True,262335,3297800,,842996,4,,3.2134332056340176
case_034,2,2,4,ablation,no_comm,0.395,1.003,True,279248,3052824,,842996,8,,3.0188076548444394
case_034,2,2,4,ablation,no_balance,0.061,0.932,True,218066,3101184,,842996,4,,3.8657837535425057
case_034,2,2,4,ablation,no_sync,0.149,0.851,True,262335,3297800,,842996,4,,3.2134332056340176
case_034,2,2,4,ablation,no_localsearch,0.062,1.073,True,262335,3297800,,842996,4,,3.2134332056340176
case_034,2,2,4,ablation,no_cache_aware,0.178,0.898,True,262335,3297800,,842996,4,,3.2134332056340176
case_034,2,2,4,ablation,no_level,0.244,0.975,True,253792,3019264,,842996,155,,3.3216019417475726
case_034,3,3,2,ablation,full,0.127,1.045,True,447861,1972744,0.44762274720861267,842996,2,,1.882271508347456
case_034,3,3,2,ablation,no_comm,0.047,0.792,True,423235,1900056,0.4069954285814393,842996,4,,1.9917917941569105
case_034,3,3,2,ablation,no_balance,0.045,1.17,True,425984,1864192,0.4420507237144368,842996,2,,1.9789381760817308
case_034,3,3,2,ablation,no_sync,0.115,0.753,True,447861,1972744,0.44762274720861267,842996,2,,1.882271508347456
case_034,3,3,2,ablation,no_localsearch,0.198,0.817,True,447861,1972744,0.44762274720861267,842996,2,,1.882271508347456
case_034,3,3,2,ablation,no_cache_aware,0.087,1.011,True,447861,1972744,0.44762274720861267,842996,2,,1.882271508347456
case_034,3,3,2,ablation,no_level,0.126,1.103,True,441382,1238528,0.3262470044155029,842996,155,,1.9099011740397207
case_034,2,2,5,ablation,full,0.442,1.007,True,196410,3680256,,842996,5,,4.292021791151163
case_034,2,2,5,ablation,no_comm,0.396,1.052,True,226976,3460662,,842996,9,,3.7140314394473424
case_034,2,2,5,ablation,no_balance,0.053,0.684,True,180411,3532800,,842996,5,,4.672641912078531
case_034,2,2,5,ablation,no_sync,0.485,1.165,True,196410,3680256,,842996,5,,4.292021791151163
case_034,2,2,5,ablation,no_localsearch,0.058,1.061,True,196404,3680256,,842996,5,,4.292152909309383
case_034,2,2,5,ablation,no_cache_aware,0.473,0.948,True,196410,3680256,,842996,5,,4.292021791151163
case_034,2,2,5,ablation,no_level,0.509,0.844,True,185781,3508224,,842996,155,,4.5375791927053895
case_034,3,3,3,ablation,full,0.205,0.881,True,321720,2912264,0.4425554731249148,842996,3,,2.620278503046127
case_034,3,3,3,ablation,no_comm,0.137,0.946,True,299424,2569272,0.3238958766287734,842996,6,,2.8153922197285453
case_034,3,3,3,ablation,no_balance,0.062,1.266,True,288182,2647040,0.5182325070874426,842996,3,,2.925220867368538
case_034,3,3,3,ablation,no_sync,0.239,1.2,True,321720,2912264,0.4425554731249148,842996,3,,2.620278503046127
case_034,3,3,3,ablation,no_localsearch,0.075,1.169,True,315247,2912264,0.4461053833371467,842996,3,,2.6740809587402894
case_034,3,3,3,ablation,no_cache_aware,0.269,0.949,True,321720,2912264,0.4425554731249148,842996,3,,2.620278503046127
case_034,3,3,3,ablation,no_level,0.174,0.744,True,313015,2328576,0.4636103251340983,842996,155,,2.693148890628245
case_034,3,3,4,ablation,full,0.239,0.9,True,261086,3297800,0.3895686097336216,842996,4,,3.228805834092981
case_034,3,3,4,ablation,no_comm,0.634,0.896,True,278849,3052824,0.24326374338040685,842996,8,,3.0231272122187995
case_034,3,3,4,ablation,no_balance,0.069,1.091,True,217131,3101184,0.5688817000324093,842996,4,,3.8824304221875274
case_034,3,3,4,ablation,no_sync,0.144,1.041,True,261086,3297800,0.3895686097336216,842996,4,,3.228805834092981
case_034,3,3,4,ablation,no_localsearch,0.28,0.636,True,261086,3297800,0.3895686097336216,842996,4,,3.228805834092981
case_034,3,3,4,ablation,no_cache_aware,0.415,1.204,True,261086,3297800,0.3895686097336216,842996,4,,3.228805834092981
case_034,3,3,4,ablation,no_level,0.204,0.864,True,252692,3019264,0.5257923388375105,842996,155,,3.3360612920076615
case_034,1,1,2,ablation,full,0.335,3.936,True,448308,1972744,,842996,2,,1.880394728624071
case_034,1,1,2,ablation,no_comm,0.064,4.794,True,424517,1930776,,842996,4,,1.9857767769017496
case_034,1,1,2,ablation,no_balance,0.036,4.512,True,426258,1864192,,842996,2,,1.9776661083193747
case_034,1,1,2,ablation,no_sync,0.11,4.863,True,448308,1972744,,842996,2,,1.880394728624071
case_034,1,1,2,ablation,no_localsearch,0.064,5.152,True,448308,1972744,,842996,2,,1.880394728624071
case_034,1,1,2,ablation,no_cache_aware,0.125,5.048,True,448308,1972744,,842996,2,,1.880394728624071
case_034,1,1,2,ablation,no_level,0.119,1.943,True,484019,6690304,,842996,155,,1.74165890181997
case_034,3,3,5,ablation,full,0.477,1.287,True,193319,3680256,0.4612109579480021,842996,5,,4.360647427309266
case_034,3,3,5,ablation,no_comm,0.379,1.265,True,224870,3460662,0.39970283270521245,842996,9,,3.748814870814248
case_034,3,3,5,ablation,no_balance,0.064,1.158,True,179958,3532800,0.5729715743781293,842996,5,,4.684404138743485
case_034,3,3,5,ablation,no_sync,0.357,0.839,True,193319,3680256,0.4612109579480021,842996,5,,4.360647427309266
case_034,3,3,5,ablation,no_localsearch,0.046,0.864,True,193319,3680256,0.4612109579480021,842996,5,,4.360647427309266
case_034,3,3,5,ablation,no_cache_aware,0.417,1.337,True,193319,3680256,0.4612109579480021,842996,5,,4.360647427309266
case_034,3,3,5,ablation,no_level,0.502,0.848,True,185093,3508224,0.5723968454485395,842996,155,,4.5544456030211835
case_034,1,1,3,ablation,full,0.247,4.031,True,322044,2912264,,842996,3,,2.6176423097464943
case_034,1,1,3,ablation,no_comm,0.073,3.675,True,306854,2656312,,842996,6,,2.747221805809929
case_034,1,1,3,ablation,no_balance,0.034,3.882,True,288182,2647040,,842996,3,,2.925220867368538
case_034,1,1,3,ablation,no_sync,0.266,4.49,True,322044,2912264,,842996,3,,2.6176423097464943
case_034,1,1,3,ablation,no_localsearch,0.08,4.907,True,316165,2912264,,842996,3,,2.6663166384640933
case_034,1,1,3,ablation,no_cache_aware,0.463,4.799,True,322044,2912264,,842996,3,,2.6176423097464943
case_034,1,1,3,ablation,no_level,0.248,1.536,True,346914,6690304,,842996,155,,2.4299855295548753
case_034,1,1,4,ablation,full,0.202,4.089,True,262335,3297800,,842996,4,,3.2134332056340176
case_034,1,1,4,ablation,no_comm,0.344,3.867,True,281112,3139864,,842996,8,,2.9987905176584424
case_034,1,1,4,ablation,no_balance,0.067,4.671,True,218066,3101184,,842996,4,,3.8657837535425057
case_034,1,1,4,ablation,no_sync,0.243,3.951,True,262335,3297800,,842996,4,,3.2134332056340176
case_034,1,1,4,ablation,no_localsearch,0.085,4.629,True,262335,3297800,,842996,4,,3.2134332056340176
case_034,1,1,4,ablation,no_cache_aware,0.222,4.74,True,262335,3297800,,842996,4,,3.2134332056340176
case_034,1,1,4,ablation,no_level,0.21,1.636,True,283913,6690304,,842996,155,,2.969205355161616
case_034,1,1,5,ablation,full,0.816,3.952,True,196410,3680256,,842996,5,,4.292021791151163
case_034,1,1,5,ablation,no_comm,0.338,4.258,True,225753,3599926,,842996,9,,3.7341519271061734
case_034,1,1,5,ablation,no_balance,0.068,3.833,True,180411,3532800,,842996,5,,4.672641912078531
case_034,1,1,5,ablation,no_sync,0.345,4.722,True,196410,3680256,,842996,5,,4.292021791151163
case_034,1,1,5,ablation,no_localsearch,0.084,4.146,True,196404,3680256,,842996,5,,4.292152909309383
case_034,1,1,5,ablation,no_cache_aware,0.424,4.797,True,196410,3680256,,842996,5,,4.292021791151163
case_034,1,1,5,ablation,no_level,0.477,1.918,True,214821,6690304,,842996,155,,3.924178734853669
case_035,1,1,2,ablation,full,0.183,0.748,True,158327,723148,,169571,20,,1.071017577545207
case_035,1,1,2,ablation,no_comm,0.076,1.756,True,115014,153406,,169571,5,,1.474350948580173
case_035,1,1,2,ablation,no_balance,0.072,1.105,True,143578,893044,,169571,50,,1.1810374848514396
case_035,1,1,2,ablation,no_sync,0.121,1.214,True,159781,770804,,169571,22,,1.0612713651810917
case_035,1,1,2,ablation,no_localsearch,0.083,0.878,True,159781,770804,,169571,22,,1.0612713651810917
case_035,1,1,2,ablation,no_cache_aware,0.185,0.895,True,158327,723148,,169571,20,,1.071017577545207
case_035,1,1,2,ablation,no_level,0.196,2.004,True,190308,1205042,,169571,275,,0.8910345334930744
case_025,1,1,3,ablation,full,0.523,110.702,True,1622164,55296,,4863026,3,,2.9978633479722148
case_025,1,1,3,ablation,no_comm,0.424,72.874,True,1624096,179712,,4863026,6,,2.9942971351447203
case_025,1,1,3,ablation,no_balance,0.234,121.334,True,1622164,55296,,4863026,3,,2.9978633479722148
case_025,1,1,3,ablation,no_sync,0.342,111.649,True,1622164,55296,,4863026,3,,2.9978633479722148
case_025,1,1,3,ablation,no_localsearch,0.357,98.845,True,1622164,55296,,4863026,3,,2.9978633479722148
case_025,1,1,3,ablation,no_cache_aware,0.492,107.107,True,1622164,55296,,4863026,3,,2.9978633479722148
case_025,1,1,3,ablation,no_level,0.44,54.742,True,2291536,73681920,,4863026,2666,,2.122168711292338
case_035,1,1,3,ablation,full,0.196,1.111,True,130778,990226,,169571,58,,1.2966324611173132
case_035,1,1,3,ablation,no_comm,0.254,1.416,True,128561,210546,,169571,8,,1.3189925405060632
case_035,1,1,3,ablation,no_balance,0.068,1.122,True,108023,1079672,,169571,75,,1.5697675495033465
case_035,1,1,3,ablation,no_sync,0.157,1.395,True,130778,990226,,169571,58,,1.2966324611173132
case_035,1,1,3,ablation,no_localsearch,0.084,1.128,True,130778,990226,,169571,58,,1.2966324611173132
case_035,1,1,3,ablation,no_cache_aware,0.208,1.374,True,130778,990226,,169571,58,,1.2966324611173132
case_035,1,1,3,ablation,no_level,0.203,1.745,True,162654,1205042,,169571,275,,1.0425258524229346
case_035,2,2,2,ablation,full,0.199,1.07,True,144061,434702,,169571,20,,1.1770777656687097
case_035,2,2,2,ablation,no_comm,0.072,1.01,True,114200,151606,,169571,5,,1.4848598949211909
case_035,2,2,2,ablation,no_balance,0.065,1.037,True,120591,499342,,169571,50,,1.4061662976507368
case_035,2,2,2,ablation,no_sync,0.12,0.903,True,144114,434318,,169571,22,,1.176644878360187
case_035,2,2,2,ablation,no_localsearch,0.085,1.028,True,144114,434318,,169571,22,,1.176644878360187
case_035,2,2,2,ablation,no_cache_aware,0.19,1.063,True,144061,434702,,169571,20,,1.1770777656687097
case_035,2,2,2,ablation,no_level,0.186,1.144,True,142051,434702,,169571,275,,1.193733236654441
case_035,1,1,4,ablation,full,0.484,1.06,True,118022,981134,,169571,56,,1.436774499669553
case_035,1,1,4,ablation,no_comm,0.167,1.465,True,138816,504646,,169571,14,,1.2215522706316275
case_035,1,1,4,ablation,no_balance,0.061,1.183,True,115156,1076530,,169571,85,,1.4725329118760637
case_035,1,1,4,ablation,no_sync,0.199,1.074,True,116731,1098252,,169571,69,,1.4526646734800523
case_035,1,1,4,ablation,no_localsearch,0.085,1.591,True,116731,1098252,,169571,69,,1.4526646734800523
case_035,1,1,4,ablation,no_cache_aware,0.435,1.016,True,118022,981134,,169571,56,,1.436774499669553
case_035,1,1,4,ablation,no_level,0.432,1.75,True,145791,1205042,,169571,275,,1.1631102057054277
case_035,2,2,3,ablation,full,0.215,0.836,True,104167,668932,,169571,58,,1.6278763907955494
case_035,2,2,3,ablation,no_comm,0.234,1.072,True,147850,176348,,169571,8,,1.1469124112275955
case_035,2,2,3,ablation,no_balance,0.069,1.22,True,83387,840452,,169571,75,,2.03354239869524
case_035,2,2,3,ablation,no_sync,0.167,0.779,True,104167,668932,,169571,58,,1.6278763907955494
case_035,2,2,3,ablation,no_localsearch,0.082,1.133,True,104167,668932,,169571,58,,1.6278763907955494
case_035,2,2,3,ablation,no_cache_aware,0.204,1.238,True,104167,668932,,169571,58,,1.6278763907955494
case_035,2,2,3,ablation,no_level,0.183,0.83,True,117424,668932,,169571,275,,1.4440914974792205
case_035,1,1,5,ablation,full,0.581,1.019,True,110387,930692,,169571,58,,1.5361500901374257
case_035,1,1,5,ablation,no_comm,0.574,1.421,True,107186,350628,,169571,13,,1.5820256376765622
case_035,1,1,5,ablation,no_balance,0.069,1.773,True,94047,1402734,,169571,118,,1.8030452858677044
case_035,1,1,5,ablation,no_sync,0.247,1.108,True,120884,1058982,,169571,75,,1.4027580159491744
case_035,1,1,5,ablation,no_localsearch,0.081,1.559,True,120884,1058982,,169571,75,,1.4027580159491744
case_035,1,1,5,ablation,no_cache_aware,0.582,1.094,True,110387,930692,,169571,58,,1.5361500901374257
case_035,1,1,5,ablation,no_level,0.598,1.679,True,139410,1205042,,169571,275,,1.2163474643138943
case_035,3,3,2,ablation,full,0.229,0.782,True,144060,434702,0.2931000944811871,169571,20,,1.1770859364153825
case_035,3,3,2,ablation,no_comm,0.074,0.965,True,114198,151606,0.12972928058749517,169571,5,,1.4848858999281949
case_035,3,3,2,ablation,no_balance,0.069,1.084,True,119923,499342,0.2933248160153734,169571,50,,1.4139989826805535
case_035,3,3,2,ablation,no_sync,0.12,1.043,True,143496,434318,0.2925680410192528,169571,22,,1.1817123822266822
case_035,3,3,2,ablation,no_localsearch,0.077,1.012,True,143496,434318,0.2925680410192528,169571,22,,1.1817123822266822
case_035,3,3,2,ablation,no_cache_aware,0.225,1.036,True,144060,434702,0.2931000944811871,169571,20,,1.1770859364153825
case_035,3,3,2,ablation,no_level,0.185,1.007,True,142051,434702,0.29314455621630636,169571,275,,1.193733236654441
case_035,2,2,4,ablation,full,0.449,1.277,True,90622,1001338,,169571,56,,1.8711902187106884
case_035,2,2,4,ablation,no_comm,0.135,0.705,True,134728,493480,,169571,14,,1.2586173623894068
case_035,2,2,4,ablation,no_balance,0.063,1.163,True,89121,1137514,,169571,85,,1.902705310757285
case_035,2,2,4,ablation,no_sync,0.217,1.256,True,88985,1009786,,169571,69,,1.9056133056133056
case_035,2,2,4,ablation,no_localsearch,0.083,0.803,True,88985,1009786,,169571,69,,1.9056133056133056
case_035,2,2,4,ablation,no_cache_aware,0.434,1.149,True,90622,1001338,,169571,56,,1.8711902187106884
case_035,2,2,4,ablation,no_level,0.435,1.157,True,102295,1001338,,169571,275,,1.65766655261743
case_030,1,1,2,ablation,full,0.269,95.938,True,1403594,7644160,,2808034,2,,2.000602738398711
case_030,1,1,2,ablation,no_comm,0.179,83.378,True,1411436,6240256,,2808034,4,,1.9894873022935506
case_030,1,1,2,ablation,no_balance,0.122,46.438,True,1406075,7725056,,2808034,2,,1.9970727023807406
case_030,1,1,2,ablation,no_sync,0.235,92.815,True,1403594,7644160,,2808034,2,,2.000602738398711
case_030,1,1,2,ablation,no_localsearch,0.165,76.247,True,1403594,7644160,,2808034,2,,2.000602738398711
case_030,1,1,2,ablation,no_cache_aware,0.26,51.191,True,1403594,7644160,,2808034,2,,2.000602738398711
case_030,1,1,2,ablation,no_level,0.251,7.926,True,1524015,26935296,,2808034,486,,1.8425238596732971
case_035,2,2,5,ablation,full,0.555,1.265,True,93340,952452,,169571,58,,1.8167023784015428
case_035,2,2,5,ablation,no_comm,0.4,0.701,True,111988,507644,,169571,16,,1.51418902025217
case_035,2,2,5,ablation,no_balance,0.066,1.155,True,72018,1202624,,169571,118,,2.354564136743592
case_035,2,2,5,ablation,no_sync,0.234,1.11,True,99023,957828,,169571,75,,1.7124405441160135
case_035,2,2,5,ablation,no_localsearch,0.082,0.877,True,99023,957828,,169571,75,,1.7124405441160135
case_035,2,2,5,ablation,no_cache_aware,0.634,1.099,True,93340,952452,,169571,58,,1.8167023784015428
case_035,2,2,5,ablation,no_level,0.555,1.124,True,94037,952452,,169571,275,,1.8032370237247042
case_035,3,3,3,ablation,full,0.211,1.087,True,104101,668932,0.38807462515531926,169571,58,,1.6289084638956397
case_035,3,3,3,ablation,no_comm,0.218,1.083,True,147824,176348,0.13493104071423903,169571,8,,1.147114135728975
case_035,3,3,3,ablation,no_balance,0.067,0.778,True,83295,840452,0.4836430927353055,169571,75,,2.035788462692839
case_035,3,3,3,ablation,no_sync,0.42,0.823,True,104101,668932,0.38807462515531926,169571,58,,1.6289084638956397
case_035,3,3,3,ablation,no_localsearch,0.082,1.098,True,104101,668932,0.38807462515531926,169571,58,,1.6289084638956397
case_035,3,3,3,ablation,no_cache_aware,0.217,1.113,True,104101,668932,0.38807462515531926,169571,58,,1.6289084638956397
case_035,3,3,3,ablation,no_level,0.188,1.332,True,117321,668932,0.39213932785231354,169571,275,,1.4453593133369134
case_035,3,3,4,ablation,full,0.451,1.182,True,90552,1001338,0.507789986049306,169571,56,,1.8726367170244722
case_035,3,3,4,ablation,no_comm,0.146,0.76,True,134727,493480,0.22001673742199362,169571,14,,1.2586267043725459
case_035,3,3,4,ablation,no_balance,0.064,1.126,True,88674,1137514,0.5540686908214248,169571,85,,1.9122967273383404
case_035,3,3,4,ablation,no_sync,0.192,1.041,True,88966,1009786,0.514688921583549,169571,69,,1.9060202774093473
case_035,3,3,4,ablation,no_localsearch,0.08,1.151,True,88966,1009786,0.514688921583549,169571,69,,1.9060202774093473
case_035,3,3,4,ablation,no_cache_aware,0.449,1.07,True,90552,1001338,0.507789986049306,169571,56,,1.8726367170244722
case_035,3,3,4,ablation,no_level,0.5,1.384,True,102173,1001338,0.5165371729987882,169571,275,,1.6596458947079953
case_035,3,3,5,ablation,full,0.586,1.172,True,93064,952452,0.4872587107173364,169571,58,,1.8220901745035674
case_035,3,3,5,ablation,no_comm,0.434,0.705,True,111987,507644,0.26051254600200735,169571,16,,1.5142025413664086
case_035,3,3,5,ablation,no_balance,0.068,1.211,True,71206,1202624,0.5418188664453694,169571,118,,2.3814144875431844
case_035,3,3,5,ablation,no_sync,0.247,1.204,True,98751,957828,0.4871448385038025,169571,75,,1.717157294609675
case_035,3,3,5,ablation,no_localsearch,0.079,0.809,True,98751,957828,0.4871448385038025,169571,75,,1.717157294609675
case_035,3,3,5,ablation,no_cache_aware,0.57,1.403,True,93064,952452,0.4872587107173364,169571,58,,1.8220901745035674
case_035,3,3,5,ablation,no_level,0.614,0.919,True,93900,952452,0.45841121662336176,169571,275,,1.8058679446219383
case_036,2,2,2,ablation,full,0.075,0.609,True,466068,1152,,931510,2,,1.998656848356892
case_036,2,2,2,ablation,no_comm,0.043,0.863,True,468965,38016,,931510,4,,1.9863102790186902
case_036,2,2,2,ablation,no_balance,0.027,0.902,True,466068,1152,,931510,2,,1.998656848356892
case_036,2,2,2,ablation,no_sync,0.051,0.915,True,466068,1152,,931510,2,,1.998656848356892
case_036,2,2,2,ablation,no_localsearch,0.058,0.758,True,466068,1152,,931510,2,,1.998656848356892
case_036,2,2,2,ablation,no_cache_aware,0.078,1.158,True,466068,1152,,931510,2,,1.998656848356892
case_036,2,2,2,ablation,no_level,0.076,1.192,True,466068,1152,,931510,800,,1.998656848356892
case_036,2,2,3,ablation,full,0.102,0.933,True,311345,2304,,931510,3,,2.991890025534375
case_036,2,2,3,ablation,no_comm,0.069,0.524,True,312429,88320,,931510,6,,2.981509398935438
case_036,2,2,3,ablation,no_balance,0.027,0.911,True,311345,2304,,931510,3,,2.991890025534375
case_036,2,2,3,ablation,no_sync,0.054,0.719,True,311345,2304,,931510,3,,2.991890025534375
case_036,2,2,3,ablation,no_localsearch,0.049,1.152,True,311345,2304,,931510,3,,2.991890025534375
case_036,2,2,3,ablation,no_cache_aware,0.108,0.653,True,311345,2304,,931510,3,,2.991890025534375
case_036,2,2,3,ablation,no_level,0.112,1.223,True,311345,2304,,931510,800,,2.991890025534375
case_036,2,2,4,ablation,full,0.15,0.71,True,233584,3456,,931510,4,,3.987901568600589
case_036,2,2,4,ablation,no_comm,0.084,0.886,True,235788,138624,,931510,8,,3.950625137835683
case_036,2,2,4,ablation,no_balance,0.029,1.009,True,233584,3456,,931510,4,,3.987901568600589
case_036,2,2,4,ablation,no_sync,0.072,0.631,True,233584,3456,,931510,4,,3.987901568600589
case_036,2,2,4,ablation,no_localsearch,0.042,0.932,True,233584,3456,,931510,4,,3.987901568600589
case_036,2,2,4,ablation,no_cache_aware,0.128,0.538,True,233584,3456,,931510,4,,3.987901568600589
case_036,2,2,4,ablation,no_level,0.129,0.799,True,233584,3456,,931510,800,,3.987901568600589
case_036,1,1,5,ablation,full,0.173,0.903,True,187182,4608,,931510,5,,4.976493466252097
case_036,1,1,5,ablation,no_comm,0.104,1.268,True,193263,176640,,931510,10,,4.819908621929702
case_036,1,1,5,ablation,no_balance,0.028,0.855,True,187182,4608,,931510,5,,4.976493466252097
case_036,1,1,5,ablation,no_sync,0.072,1.334,True,187182,4608,,931510,5,,4.976493466252097
case_036,1,1,5,ablation,no_localsearch,0.048,0.982,True,187182,4608,,931510,5,,4.976493466252097
case_036,1,1,5,ablation,no_cache_aware,0.174,1.422,True,187182,4608,,931510,5,,4.976493466252097
case_036,1,1,5,ablation,no_level,0.164,3.606,True,352860,920448,,931510,800,,2.6398855069999434
case_036,2,2,5,ablation,full,0.19,0.59,True,187182,4608,,931510,5,,4.976493466252097
case_036,2,2,5,ablation,no_comm,0.106,1.048,True,191218,176640,,931510,10,,4.871455616103087
case_036,2,2,5,ablation,no_balance,0.034,0.595,True,187182,4608,,931510,5,,4.976493466252097
case_036,2,2,5,ablation,no_sync,0.085,0.937,True,187182,4608,,931510,5,,4.976493466252097
case_036,2,2,5,ablation,no_localsearch,0.039,0.51,True,187182,4608,,931510,5,,4.976493466252097
case_036,2,2,5,ablation,no_cache_aware,0.168,0.836,True,187182,4608,,931510,5,,4.976493466252097
case_036,2,2,5,ablation,no_level,0.154,0.515,True,187182,4608,,931510,800,,4.976493466252097
case_036,1,1,4,ablation,full,0.361,0.937,True,233584,3456,,931510,4,,3.987901568600589
case_036,1,1,4,ablation,no_comm,0.077,1.207,True,237880,138624,,931510,8,,3.9158819572893897
case_036,1,1,4,ablation,no_balance,0.027,1.284,True,233584,3456,,931510,4,,3.987901568600589
case_036,1,1,4,ablation,no_sync,0.079,1.136,True,233584,3456,,931510,4,,3.987901568600589
case_036,1,1,4,ablation,no_localsearch,0.052,1.411,True,233584,3456,,931510,4,,3.987901568600589
case_036,1,1,4,ablation,no_cache_aware,0.142,1.468,True,233584,3456,,931510,4,,3.987901568600589
case_036,1,1,4,ablation,no_level,0.146,3.509,True,409500,920448,,931510,800,,2.2747496947496946
case_036,1,1,3,ablation,full,0.109,1.422,True,311345,2304,,931510,3,,2.991890025534375
case_036,1,1,3,ablation,no_comm,0.055,1.112,True,313697,88320,,931510,6,,2.969457788885453
case_036,1,1,3,ablation,no_balance,0.033,1.456,True,311345,2304,,931510,3,,2.991890025534375
case_036,1,1,3,ablation,no_sync,0.063,1.234,True,311345,2304,,931510,3,,2.991890025534375
case_036,1,1,3,ablation,no_localsearch,0.051,1.656,True,311345,2304,,931510,3,,2.991890025534375
case_036,1,1,3,ablation,no_cache_aware,0.103,1.245,True,311345,2304,,931510,3,,2.991890025534375
case_036,1,1,3,ablation,no_level,0.105,4.091,True,504372,920448,,931510,800,,1.8468709603229363
case_036,1,1,2,ablation,full,0.077,1.974,True,466068,1152,,931510,2,,1.998656848356892
case_036,1,1,2,ablation,no_comm,0.045,1.621,True,469651,38016,,931510,4,,1.9834089568637137
case_036,1,1,2,ablation,no_balance,0.027,1.921,True,466068,1152,,931510,2,,1.998656848356892
case_036,1,1,2,ablation,no_sync,0.053,2.054,True,466068,1152,,931510,2,,1.998656848356892
case_036,1,1,2,ablation,no_localsearch,0.049,1.843,True,466068,1152,,931510,2,,1.998656848356892
case_036,1,1,2,ablation,no_cache_aware,0.083,2.262,True,466068,1152,,931510,2,,1.998656848356892
case_036,1,1,2,ablation,no_level,0.08,3.531,True,692700,920448,,931510,800,,1.3447524180742023
case_037,1,1,2,ablation,full,0.023,0.188,True,105374,204800,,210001,2,,1.992910964754114
case_037,1,1,2,ablation,no_comm,0.016,0.221,True,107581,647168,,210001,4,,1.9520268448889673
case_037,1,1,2,ablation,no_balance,0.012,0.568,True,105374,204800,,210001,2,,1.992910964754114
case_037,1,1,2,ablation,no_sync,0.028,0.212,True,105374,204800,,210001,2,,1.992910964754114
case_037,1,1,2,ablation,no_localsearch,0.015,0.205,True,105374,204800,,210001,2,,1.992910964754114
case_037,1,1,2,ablation,no_cache_aware,0.026,0.209,True,105374,204800,,210001,2,,1.992910964754114
case_037,1,1,2,ablation,no_level,0.025,0.209,True,111440,1925120,,210001,20,,1.8844310839913856
case_036,3,3,3,ablation,full,0.114,0.64,True,311345,2304,0.0,931510,3,,2.991890025534375
case_036,3,3,3,ablation,no_comm,0.065,1.021,True,312190,88320,0.008590604026845637,931510,6,,2.9837919215862136
case_036,3,3,3,ablation,no_balance,0.026,0.856,True,311345,2304,0.0,931510,3,,2.991890025534375
case_036,3,3,3,ablation,no_sync,0.057,0.582,True,311345,2304,0.0,931510,3,,2.991890025534375
case_036,3,3,3,ablation,no_localsearch,0.041,0.86,True,311345,2304,0.0,931510,3,,2.991890025534375
case_036,3,3,3,ablation,no_cache_aware,0.105,0.648,True,311345,2304,0.0,931510,3,,2.991890025534375
case_036,3,3,3,ablation,no_level,0.112,1.03,True,311345,2304,0.0,931510,800,,2.991890025534375
case_036,3,3,2,ablation,full,0.619,0.75,True,466068,1152,0.0,931510,2,,1.998656848356892
case_036,3,3,2,ablation,no_comm,0.051,1.233,True,468965,38016,0.0037194885703215807,931510,4,,1.9863102790186902
case_036,3,3,2,ablation,no_balance,0.027,0.637,True,466068,1152,0.0,931510,2,,1.998656848356892
case_036,3,3,2,ablation,no_sync,0.047,1.035,True,466068,1152,0.0,931510,2,,1.998656848356892
case_036,3,3,2,ablation,no_localsearch,0.045,0.627,True,466068,1152,0.0,931510,2,,1.998656848356892
case_036,3,3,2,ablation,no_cache_aware,0.067,1.149,True,466068,1152,0.0,931510,2,,1.998656848356892
case_036,3,3,2,ablation,no_level,0.077,0.741,True,466068,1152,0.0,931510,800,,1.998656848356892
case_037,1,1,4,ablation,full,0.043,0.197,True,53320,614400,,210001,4,,3.938503375843961
case_037,1,1,4,ablation,no_comm,0.039,0.277,True,58480,1441792,,210001,8,,3.5909883720930234
case_037,1,1,4,ablation,no_balance,0.015,0.204,True,53320,614400,,210001,4,,3.938503375843961
case_037,1,1,4,ablation,no_sync,0.043,0.541,True,53320,614400,,210001,4,,3.938503375843961
case_037,1,1,4,ablation,no_localsearch,0.017,0.214,True,53320,614400,,210001,4,,3.938503375843961
case_037,1,1,4,ablation,no_cache_aware,0.047,0.211,True,53320,614400,,210001,4,,3.938503375843961
case_037,1,1,4,ablation,no_level,0.044,0.211,True,57400,1925120,,210001,20,,3.6585540069686413
case_036,3,3,4,ablation,full,0.137,0.607,True,233584,3456,0.0,931510,4,,3.987901568600589
case_036,3,3,4,ablation,no_comm,0.522,0.52,True,235538,138624,0.013363705391040244,931510,8,,3.9548183308001255
case_036,3,3,4,ablation,no_balance,0.03,0.894,True,233584,3456,0.0,931510,4,,3.987901568600589
case_036,3,3,4,ablation,no_sync,0.07,0.551,True,233584,3456,0.0,931510,4,,3.987901568600589
case_036,3,3,4,ablation,no_localsearch,0.04,0.932,True,233584,3456,0.0,931510,4,,3.987901568600589
case_036,3,3,4,ablation,no_cache_aware,0.152,0.634,True,233584,3456,0.0,931510,4,,3.987901568600589
case_036,3,3,4,ablation,no_level,0.15,1.021,True,233584,3456,0.0,931510,800,,3.987901568600589
case_037,2,2,2,ablation,full,0.026,0.136,True,105374,204800,,210001,2,,1.992910964754114
case_037,2,2,2,ablation,no_comm,0.016,0.152,True,106691,581632,,210001,4,,1.968310354200448
case_037,2,2,2,ablation,no_balance,0.012,0.146,True,105374,204800,,210001,2,,1.992910964754114
case_037,2,2,2,ablation,no_sync,0.024,0.592,True,105374,204800,,210001,2,,1.992910964754114
case_037,2,2,2,ablation,no_localsearch,0.017,0.158,True,105374,204800,,210001,2,,1.992910964754114
case_037,2,2,2,ablation,no_cache_aware,0.026,0.152,True,105374,204800,,210001,2,,1.992910964754114
case_037,2,2,2,ablation,no_level,0.026,0.136,True,105374,204800,,210001,20,,1.992910964754114
case_037,1,1,3,ablation,full,0.035,0.253,True,74038,1064960,,210001,3,,2.836394824279424
case_037,1,1,3,ablation,no_comm,0.367,0.242,True,74868,1118208,,210001,6,,2.8049500454132605
case_037,1,1,3,ablation,no_balance,0.014,0.272,True,74038,1064960,,210001,3,,2.836394824279424
case_037,1,1,3,ablation,no_sync,0.036,0.284,True,74038,1064960,,210001,3,,2.836394824279424
case_037,1,1,3,ablation,no_localsearch,0.014,0.274,True,74038,1064960,,210001,3,,2.836394824279424
case_037,1,1,3,ablation,no_cache_aware,0.038,0.294,True,74038,1064960,,210001,3,,2.836394824279424
case_037,1,1,3,ablation,no_level,0.036,0.211,True,79016,1925120,,210001,20,,2.6577022375215145
case_037,1,1,5,ablation,full,0.06,0.249,True,43800,1925120,,210001,5,,4.794543378995434
case_037,1,1,5,ablation,no_comm,0.049,0.383,True,50027,1878016,,210001,10,,4.197753213264837
case_037,1,1,5,ablation,no_balance,0.017,0.263,True,43800,1925120,,210001,5,,4.794543378995434
case_037,1,1,5,ablation,no_sync,0.065,0.278,True,43800,1925120,,210001,5,,4.794543378995434
case_037,1,1,5,ablation,no_localsearch,0.017,0.273,True,43800,1925120,,210001,5,,4.794543378995434
case_037,1,1,5,ablation,no_cache_aware,0.065,0.243,True,43800,1925120,,210001,5,,4.794543378995434
case_037,1,1,5,ablation,no_level,0.057,0.182,True,46592,1925120,,210001,20,,4.507233001373627
case_037,2,2,4,ablation,full,0.043,0.161,True,53320,614400,,210001,4,,3.938503375843961
case_037,2,2,4,ablation,no_comm,0.039,0.196,True,56128,1294336,,210001,8,,3.741465935005701
case_037,2,2,4,ablation,no_balance,0.012,0.151,True,53320,614400,,210001,4,,3.938503375843961
case_037,2,2,4,ablation,no_sync,0.043,0.392,True,53320,614400,,210001,4,,3.938503375843961
case_037,2,2,4,ablation,no_localsearch,0.015,0.153,True,53320,614400,,210001,4,,3.938503375843961
case_037,2,2,4,ablation,no_cache_aware,0.043,0.145,True,53320,614400,,210001,4,,3.938503375843961
case_037,2,2,4,ablation,no_level,0.041,0.161,True,53320,614400,,210001,20,,3.938503375843961
case_037,2,2,3,ablation,full,0.034,0.169,True,74038,1064960,,210001,3,,2.836394824279424
case_037,2,2,3,ablation,no_comm,0.025,0.185,True,72874,1003520,,210001,6,,2.8816999204105715
case_037,2,2,3,ablation,no_balance,0.015,0.186,True,74038,1064960,,210001,3,,2.836394824279424
case_037,2,2,3,ablation,no_sync,0.04,0.167,True,74038,1064960,,210001,3,,2.836394824279424
case_037,2,2,3,ablation,no_localsearch,0.015,0.161,True,74038,1064960,,210001,3,,2.836394824279424
case_037,2,2,3,ablation,no_cache_aware,0.034,0.168,True,74038,1064960,,210001,3,,2.836394824279424
case_037,2,2,3,ablation,no_level,0.034,0.559,True,74038,1064960,,210001,20,,2.836394824279424
case_037,3,3,2,ablation,full,0.024,0.137,True,105374,204800,0.0,210001,2,,1.992910964754114
case_037,3,3,2,ablation,no_comm,0.015,0.148,True,106691,581632,0.4263565891472868,210001,4,,1.968310354200448
case_037,3,3,2,ablation,no_balance,0.011,0.13,True,105374,204800,0.0,210001,2,,1.992910964754114
case_037,3,3,2,ablation,no_sync,0.023,0.131,True,105374,204800,0.0,210001,2,,1.992910964754114
case_037,3,3,2,ablation,no_localsearch,0.016,0.137,True,105374,204800,0.0,210001,2,,1.992910964754114
case_037,3,3,2,ablation,no_cache_aware,0.023,0.144,True,105374,204800,0.0,210001,2,,1.992910964754114
case_037,3,3,2,ablation,no_level,0.025,0.41,True,105374,204800,0.0,210001,20,,1.992910964754114
case_037,3,3,4,ablation,full,0.045,0.145,True,53320,614400,0.0,210001,4,,3.938503375843961
case_037,3,3,4,ablation,no_comm,0.035,0.167,True,56128,1294336,0.5757211538461539,210001,8,,3.741465935005701
case_037,3,3,4,ablation,no_balance,0.011,0.156,True,53320,614400,0.0,210001,4,,3.938503375843961
case_037,3,3,4,ablation,no_sync,0.045,0.159,True,53320,614400,0.0,210001,4,,3.938503375843961
case_037,3,3,4,ablation,no_localsearch,0.018,0.177,True,53320,614400,0.0,210001,4,,3.938503375843961
case_037,3,3,4,ablation,no_cache_aware,0.042,0.147,True,53320,614400,0.0,210001,4,,3.938503375843961
case_037,3,3,4,ablation,no_level,0.043,0.147,True,53320,614400,0.0,210001,20,,3.938503375843961
case_037,3,3,3,ablation,full,0.038,0.164,True,74038,1064960,0.5897435897435898,210001,3,,2.836394824279424
case_037,3,3,3,ablation,no_comm,0.024,0.176,True,72874,1003520,0.5256410256410257,210001,6,,2.8816999204105715
case_037,3,3,3,ablation,no_balance,0.012,0.166,True,74038,1064960,0.5897435897435898,210001,3,,2.836394824279424
case_037,3,3,3,ablation,no_sync,0.034,0.184,True,74038,1064960,0.5897435897435898,210001,3,,2.836394824279424
case_037,3,3,3,ablation,no_localsearch,0.02,0.196,True,74038,1064960,0.5897435897435898,210001,3,,2.836394824279424
case_037,3,3,3,ablation,no_cache_aware,0.04,0.166,True,74038,1064960,0.5897435897435898,210001,3,,2.836394824279424
case_037,3,3,3,ablation,no_level,0.035,0.181,True,74038,1064960,0.5897435897435898,210001,20,,2.836394824279424
case_037,2,2,5,ablation,full,0.06,0.207,True,43800,1925120,,210001,5,,4.794543378995434
case_037,2,2,5,ablation,no_comm,0.051,0.194,True,46758,1681408,,210001,10,,4.491231447025108
case_037,2,2,5,ablation,no_balance,0.012,0.575,True,43800,1925120,,210001,5,,4.794543378995434
case_037,2,2,5,ablation,no_sync,0.055,0.203,True,43800,1925120,,210001,5,,4.794543378995434
case_037,2,2,5,ablation,no_localsearch,0.015,0.192,True,43800,1925120,,210001,5,,4.794543378995434
case_037,2,2,5,ablation,no_cache_aware,0.061,0.194,True,43800,1925120,,210001,5,,4.794543378995434
case_037,2,2,5,ablation,no_level,0.065,0.22,True,43800,1925120,,210001,20,,4.794543378995434
case_037,3,3,5,ablation,full,0.061,0.194,True,43013,1925120,0.6425,210001,5,,4.882268151489085
case_037,3,3,5,ablation,no_comm,0.047,0.191,True,46732,1681408,0.5696846388606307,210001,10,,4.493730206282633
case_037,3,3,5,ablation,no_balance,0.011,0.507,True,43013,1925120,0.6425,210001,5,,4.882268151489085
case_037,3,3,5,ablation,no_sync,0.073,0.214,True,43013,1925120,0.6425,210001,5,,4.882268151489085
case_037,3,3,5,ablation,no_localsearch,0.015,0.225,True,43013,1925120,0.6425,210001,5,,4.882268151489085
case_037,3,3,5,ablation,no_cache_aware,0.075,0.215,True,43013,1925120,0.6425,210001,5,,4.882268151489085
case_037,3,3,5,ablation,no_level,0.067,0.206,True,43013,1925120,0.6425,210001,20,,4.882268151489085
case_036,3,3,5,ablation,full,0.168,0.836,True,187182,4608,0.0,931510,5,,4.976493466252097
case_036,3,3,5,ablation,no_comm,0.109,0.588,True,190595,176640,0.0168795448551298,931510,10,,4.887378997350402
case_036,3,3,5,ablation,no_balance,0.032,0.978,True,187182,4608,0.0,931510,5,,4.976493466252097
case_036,3,3,5,ablation,no_sync,0.09,0.874,True,187182,4608,0.0,931510,5,,4.976493466252097
case_036,3,3,5,ablation,no_localsearch,0.04,0.562,True,187182,4608,0.0,931510,5,,4.976493466252097
case_036,3,3,5,ablation,no_cache_aware,0.168,0.644,True,187182,4608,0.0,931510,5,,4.976493466252097
case_036,3,3,5,ablation,no_level,0.543,0.657,True,187182,4608,0.0,931510,800,,4.976493466252097
case_038,2,2,2,ablation,full,0.186,2.025,True,694395,5584896,,1364555,2,,1.965099115056992
case_038,2,2,2,ablation,no_comm,0.15,2.133,True,681766,6614528,,1364555,4,,2.0015005148394023
case_038,2,2,2,ablation,no_balance,0.09,2.371,True,725667,5692416,,1364555,2,,1.8804148459279533
case_038,2,2,2,ablation,no_sync,0.156,1.346,True,694395,5584896,,1364555,2,,1.965099115056992
case_038,2,2,2,ablation,no_localsearch,0.112,1.749,True,694395,5584896,,1364555,2,,1.965099115056992
case_038,2,2,2,ablation,no_cache_aware,0.102,1.173,True,694395,5584896,,1364555,2,,1.965099115056992
case_038,2,2,2,ablation,no_level,0.146,1.258,True,707399,2705408,,1364555,38,,1.9289750197554705
case_038,2,2,4,ablation,full,0.3,2.033,True,345585,6024192,,1364555,4,,3.948536539491008
case_038,2,2,4,ablation,no_comm,0.295,2.803,True,339997,7758336,,1364555,8,,4.013432471462983
case_038,2,2,4,ablation,no_balance,0.084,1.788,True,394350,5895168,,1364555,4,,3.4602637251172816
case_038,2,2,4,ablation,no_sync,0.309,1.349,True,345585,6024192,,1364555,4,,3.948536539491008
case_038,2,2,4,ablation,no_localsearch,0.104,1.364,True,345585,6024192,,1364555,4,,3.948536539491008
case_038,2,2,4,ablation,no_cache_aware,0.295,1.502,True,345585,6024192,,1364555,4,,3.948536539491008
case_038,2,2,4,ablation,no_level,0.302,1.235,True,353836,4349952,,1364555,38,,3.85646175064154
case_038,2,2,3,ablation,full,0.252,2.005,True,461892,5709312,,1364555,3,,2.9542728603223263
case_038,2,2,3,ablation,no_comm,0.208,2.588,True,458108,7012352,,1364555,6,,2.978675334200669
case_038,2,2,3,ablation,no_balance,0.092,1.886,True,488567,6068736,,1364555,3,,2.792974146841682
case_038,2,2,3,ablation,no_sync,0.214,1.528,True,461892,5709312,,1364555,3,,2.9542728603223263
case_038,2,2,3,ablation,no_localsearch,0.094,1.736,True,461892,5709312,,1364555,3,,2.9542728603223263
case_038,2,2,3,ablation,no_cache_aware,0.183,1.428,True,461892,5709312,,1364555,3,,2.9542728603223263
case_038,2,2,3,ablation,no_level,0.189,1.395,True,466502,3474432,,1364555,38,,2.9250785634359553
case_038,3,3,2,ablation,full,0.165,2.286,True,691902,5584896,0.17872397099458887,1364555,2,,1.972179586126359
case_038,3,3,2,ablation,no_comm,0.126,2.556,True,680572,6614528,0.20407136289778324,1364555,4,,2.0050119605273213
case_038,3,3,2,ablation,no_balance,0.076,1.625,True,724736,5692416,0.2396232697790789,1364555,2,,1.882830437566231
case_038,3,3,2,ablation,no_sync,0.157,1.696,True,691902,5584896,0.17872397099458887,1364555,2,,1.972179586126359
case_038,3,3,2,ablation,no_localsearch,0.1,1.556,True,691902,5584896,0.17872397099458887,1364555,2,,1.972179586126359
case_038,3,3,2,ablation,no_cache_aware,0.156,1.617,True,691902,5584896,0.17872397099458887,1364555,2,,1.972179586126359
case_038,3,3,2,ablation,no_level,0.103,1.379,True,704916,2705408,0.43241403411035156,1364555,38,,1.9357696519869034
case_038,2,2,5,ablation,full,0.455,2.524,True,294419,9572352,,1364555,5,,4.634738247191927
case_038,2,2,5,ablation,no_comm,0.322,2.084,True,278366,7829504,,1364555,10,,4.902017487767902
case_038,2,2,5,ablation,no_balance,0.443,1.738,True,282548,9509376,,1364555,5,,4.829462604584
case_038,2,2,5,ablation,no_sync,0.398,1.763,True,294419,9572352,,1364555,5,,4.634738247191927
case_038,2,2,5,ablation,no_localsearch,0.11,1.746,True,294419,9572352,,1364555,5,,4.634738247191927
case_038,2,2,5,ablation,no_cache_aware,0.473,1.584,True,294419,9572352,,1364555,5,,4.634738247191927
case_038,2,2,5,ablation,no_level,0.44,1.582,True,291730,8146944,,1364555,127,,4.677458608987763
case_038,3,3,3,ablation,full,0.232,1.711,True,461568,5709312,0.31771893518887634,1364555,3,,2.9563466271491956
case_038,3,3,3,ablation,no_comm,0.162,1.395,True,456400,7012352,0.28900427803466344,1364555,6,,2.9898225241016654
case_038,3,3,3,ablation,no_balance,0.046,1.547,True,487699,6068736,0.3261506342712971,1364555,3,,2.797945043971794
case_038,3,3,3,ablation,no_sync,0.234,2.19,True,461568,5709312,0.31771893518887634,1364555,3,,2.9563466271491956
case_038,3,3,3,ablation,no_localsearch,0.128,2.027,True,461568,5709312,0.31771893518887634,1364555,3,,2.9563466271491956
case_038,3,3,3,ablation,no_cache_aware,0.215,1.962,True,461568,5709312,0.31771893518887634,1364555,3,,2.9563466271491956
case_038,3,3,3,ablation,no_level,0.214,1.817,True,464679,3474432,0.5138018592622865,1364555,38,,2.9365540512913215
case_038,3,3,4,ablation,full,0.291,1.722,True,344211,6024192,0.46748669701581796,1364555,4,,3.964298061363524
case_038,3,3,4,ablation,no_comm,0.282,1.906,True,339825,7758336,0.2603821160078536,1364555,8,,4.01546384168322
case_038,3,3,4,ablation,no_balance,0.048,1.391,True,393678,5895168,0.35652798942745145,1364555,4,,3.466170321938234
case_038,3,3,4,ablation,no_sync,0.207,2.006,True,344211,6024192,0.46748669701581796,1364555,4,,3.964298061363524
case_038,3,3,4,ablation,no_localsearch,0.108,1.94,True,344211,6024192,0.46748669701581796,1364555,4,,3.964298061363524
case_038,3,3,4,ablation,no_cache_aware,0.322,1.949,True,344211,6024192,0.46748669701581796,1364555,4,,3.964298061363524
case_038,3,3,4,ablation,no_level,0.295,1.77,True,351642,4349952,0.5118955139774074,1364555,38,,3.8805233732034283
case_038,3,3,5,ablation,full,0.434,1.801,True,287544,9572352,0.4046945473134728,1364555,5,,4.745551985087499
case_038,3,3,5,ablation,no_comm,0.346,1.242,True,275202,7829504,0.3042837469169634,1364555,10,,4.958376029243974
case_038,3,3,5,ablation,no_balance,0.055,1.58,True,280034,9509376,0.3806330392310329,1364555,5,,4.872819014833913
case_038,3,3,5,ablation,no_sync,0.612,2.283,True,287544,9572352,0.4046945473134728,1364555,5,,4.745551985087499
case_038,3,3,5,ablation,no_localsearch,0.114,2.149,True,287544,9572352,0.4046945473134728,1364555,5,,4.745551985087499
case_038,3,3,5,ablation,no_cache_aware,0.424,2.568,True,287544,9572352,0.4046945473134728,1364555,5,,4.745551985087499
case_038,3,3,5,ablation,no_level,0.455,2.08,True,289719,8146944,0.6230223599248729,1364555,127,,4.709925824678395
case_039,2,2,2,ablation,full,0.522,2.158,True,735952,7954432,,1435262,2,,1.9502114268321846
case_039,2,2,2,ablation,no_comm,0.111,1.913,True,718606,8011776,,1435262,3,,1.9972864128604548
case_039,2,2,2,ablation,no_balance,0.074,2.058,True,735952,7954432,,1435262,2,,1.9502114268321846
case_039,2,2,2,ablation,no_sync,0.161,1.919,True,735952,7954432,,1435262,2,,1.9502114268321846
case_039,2,2,2,ablation,no_localsearch,0.09,1.984,True,735952,7954432,,1435262,2,,1.9502114268321846
case_039,2,2,2,ablation,no_cache_aware,0.152,2.019,True,735952,7954432,,1435262,2,,1.9502114268321846
case_039,2,2,2,ablation,no_level,0.179,1.924,True,735952,7954432,,1435262,10,,1.9502114268321846
case_039,2,2,3,ablation,full,0.208,2.155,True,597577,7991296,,1435262,3,,2.4018026128850343
case_039,2,2,3,ablation,no_comm,0.167,1.907,True,482923,10113024,,1435262,6,,2.9720307378194866
case_039,2,2,3,ablation,no_balance,0.07,1.842,True,597577,7991296,,1435262,3,,2.4018026128850343
case_039,2,2,3,ablation,no_sync,0.208,1.869,True,597577,7991296,,1435262,3,,2.4018026128850343
case_039,2,2,3,ablation,no_localsearch,0.091,1.773,True,597577,7991296,,1435262,3,,2.4018026128850343
case_039,2,2,3,ablation,no_cache_aware,0.2,1.852,True,597577,7991296,,1435262,3,,2.4018026128850343
case_039,2,2,3,ablation,no_level,0.206,1.834,True,597577,7991296,,1435262,10,,2.4018026128850343
case_039,1,1,3,ablation,full,0.203,5.792,True,597577,7991296,,1435262,3,,2.4018026128850343
case_039,1,1,3,ablation,no_comm,0.163,14.285,True,484854,10346496,,1435262,6,,2.960194202790943
case_039,1,1,3,ablation,no_balance,0.084,6.233,True,597577,7991296,,1435262,3,,2.4018026128850343
case_039,1,1,3,ablation,no_sync,0.239,6.175,True,597577,7991296,,1435262,3,,2.4018026128850343
case_039,1,1,3,ablation,no_localsearch,0.111,5.995,True,597577,7991296,,1435262,3,,2.4018026128850343
case_039,1,1,3,ablation,no_cache_aware,0.204,6.168,True,597577,7991296,,1435262,3,,2.4018026128850343
case_039,1,1,3,ablation,no_level,0.196,2.261,True,565758,9805824,,1435262,10,,2.53688326104094
case_039,1,1,2,ablation,full,0.107,7.516,True,735952,7954432,,1435262,2,,1.9502114268321846
case_039,1,1,2,ablation,no_comm,0.461,15.122,True,723861,8454144,,1435262,3,,1.9827867504949155
case_039,1,1,2,ablation,no_balance,0.068,8.102,True,735952,7954432,,1435262,2,,1.9502114268321846
case_039,1,1,2,ablation,no_sync,0.151,8.329,True,735952,7954432,,1435262,2,,1.9502114268321846
case_039,1,1,2,ablation,no_localsearch,0.097,8.116,True,735952,7954432,,1435262,2,,1.9502114268321846
case_039,1,1,2,ablation,no_cache_aware,0.142,8.44,True,735952,7954432,,1435262,2,,1.9502114268321846
case_039,1,1,2,ablation,no_level,0.142,2.242,True,692660,9805824,,1435262,10,,2.0721017526636447
case_039,2,2,4,ablation,full,0.321,2.23,True,395323,17604608,,1435262,4,,3.6306058590064327
case_039,2,2,4,ablation,no_comm,0.223,1.693,True,374421,10510336,,1435262,8,,3.833283923711544
case_039,2,2,4,ablation,no_balance,0.075,2.076,True,395323,17604608,,1435262,4,,3.6306058590064327
case_039,2,2,4,ablation,no_sync,0.318,2.118,True,395323,17604608,,1435262,4,,3.6306058590064327
case_039,2,2,4,ablation,no_localsearch,0.107,2.61,True,395323,17604608,,1435262,4,,3.6306058590064327
case_039,2,2,4,ablation,no_cache_aware,0.324,2.0,True,395323,17604608,,1435262,4,,3.6306058590064327
case_039,2,2,4,ablation,no_level,0.316,2.014,True,395323,17604608,,1435262,70,,3.6306058590064327
case_039,2,2,5,ablation,full,1.042,2.033,True,375671,16637952,,1435262,5,,3.8205291332043196
case_039,2,2,5,ablation,no_comm,0.323,1.856,True,311816,11489280,,1435262,10,,4.602913256535905
case_039,2,2,5,ablation,no_balance,0.085,2.163,True,431161,20480000,,1435262,5,,3.3288307615948565
case_039,2,2,5,ablation,no_sync,0.652,1.882,True,375671,16637952,,1435262,5,,3.8205291332043196
case_039,2,2,5,ablation,no_localsearch,0.1,2.32,True,431161,20480000,,1435262,5,,3.3288307615948565
case_039,2,2,5,ablation,no_cache_aware,0.67,1.85,True,375671,16637952,,1435262,5,,3.8205291332043196
case_039,2,2,5,ablation,no_level,0.67,1.89,True,375671,16637952,,1435262,70,,3.8205291332043196
case_039,3,3,2,ablation,full,0.14,2.202,True,735952,7954432,0.0,1435262,2,,1.9502114268321846
case_039,3,3,2,ablation,no_comm,0.106,1.755,True,716694,8011776,0.2397582269979852,1435262,3,,2.002614783994285
case_039,3,3,2,ablation,no_balance,0.06,1.852,True,735952,7954432,0.0,1435262,2,,1.9502114268321846
case_039,3,3,2,ablation,no_sync,0.14,2.197,True,735952,7954432,0.0,1435262,2,,1.9502114268321846
case_039,3,3,2,ablation,no_localsearch,0.089,1.866,True,735952,7954432,0.0,1435262,2,,1.9502114268321846
case_039,3,3,2,ablation,no_cache_aware,0.132,1.889,True,735952,7954432,0.0,1435262,2,,1.9502114268321846
case_039,3,3,2,ablation,no_level,0.133,1.868,True,735952,7954432,0.0,1435262,10,,1.9502114268321846
case_038,1,1,4,ablation,full,0.272,12.639,True,345585,6024192,,1364555,4,,3.948536539491008
case_038,1,1,4,ablation,no_comm,0.285,18.002,True,342469,7945216,,1364555,8,,3.9844628272923974
case_038,1,1,4,ablation,no_balance,0.09,13.421,True,394350,5895168,,1364555,4,,3.4602637251172816
case_038,1,1,4,ablation,no_sync,0.289,13.96,True,345585,6024192,,1364555,4,,3.948536539491008
case_038,1,1,4,ablation,no_localsearch,0.111,14.116,True,345585,6024192,,1364555,4,,3.948536539491008
case_038,1,1,4,ablation,no_cache_aware,0.285,13.016,True,345585,6024192,,1364555,4,,3.948536539491008
case_038,1,1,4,ablation,no_level,0.273,3.026,True,349386,8847360,,1364555,38,,3.905580074759721
case_039,3,3,3,ablation,full,0.209,1.785,True,593628,7991296,0.060799462546187434,1435262,3,,2.417780158617855
case_039,3,3,3,ablation,no_comm,0.162,1.721,True,481303,10113024,0.2009251228678809,1435262,6,,2.9820341863649302
case_039,3,3,3,ablation,no_balance,0.072,2.132,True,593628,7991296,0.060799462546187434,1435262,3,,2.417780158617855
case_039,3,3,3,ablation,no_sync,0.186,1.768,True,593628,7991296,0.060799462546187434,1435262,3,,2.417780158617855
case_039,3,3,3,ablation,no_localsearch,0.091,1.814,True,593628,7991296,0.060799462546187434,1435262,3,,2.417780158617855
case_039,3,3,3,ablation,no_cache_aware,0.195,1.785,True,593628,7991296,0.060799462546187434,1435262,3,,2.417780158617855
case_039,3,3,3,ablation,no_level,0.191,1.818,True,593628,7991296,0.060799462546187434,1435262,10,,2.417780158617855
case_040,1,1,2,ablation,full,0.094,0.649,True,206320,1168654,,253454,16,,1.2284509499806127
case_040,1,1,2,ablation,no_comm,0.054,1.009,True,217237,545332,,253454,5,,1.1667165353968247
case_040,1,1,2,ablation,no_balance,0.058,0.685,True,226565,1344088,,253454,19,,1.1186811731732615
case_040,1,1,2,ablation,no_sync,0.086,1.038,True,206320,1168654,,253454,16,,1.2284509499806127
case_040,1,1,2,ablation,no_localsearch,0.063,0.713,True,206320,1168654,,253454,16,,1.2284509499806127
case_040,1,1,2,ablation,no_cache_aware,0.105,0.69,True,206320,1168654,,253454,16,,1.2284509499806127
case_040,1,1,2,ablation,no_level,0.091,1.106,True,243888,1995150,,253454,170,,1.0392229219969822
case_040,1,1,3,ablation,full,0.226,0.764,True,201925,1371404,,253454,28,,1.2551888077256408
case_040,1,1,3,ablation,no_comm,0.084,0.903,True,143249,750764,,253454,9,,1.7693247422320575
case_040,1,1,3,ablation,no_balance,0.05,0.823,True,191336,1646410,,253454,44,,1.3246540117907764
case_040,1,1,3,ablation,no_sync,0.132,1.18,True,200065,1493152,,253454,35,,1.266858271061905
case_040,1,1,3,ablation,no_localsearch,0.061,0.804,True,200065,1493152,,253454,35,,1.266858271061905
case_040,1,1,3,ablation,no_cache_aware,0.242,0.866,True,201925,1371404,,253454,28,,1.2551888077256408
case_040,1,1,3,ablation,no_level,0.201,1.105,True,223977,1995150,,253454,170,,1.1316072632457796
case_039,3,3,4,ablation,full,0.337,1.919,True,368055,17604608,0.47821187077385424,1435262,4,,3.8995856597519394
case_039,3,3,4,ablation,no_comm,0.23,2.028,True,371137,10510336,0.2090267983074753,1435262,8,,3.867202677178508
case_039,3,3,4,ablation,no_balance,0.075,1.967,True,368055,17604608,0.47821187077385424,1435262,4,,3.8995856597519394
case_039,3,3,4,ablation,no_sync,0.327,2.079,True,368055,17604608,0.47821187077385424,1435262,4,,3.8995856597519394
case_039,3,3,4,ablation,no_localsearch,0.096,2.039,True,368055,17604608,0.47821187077385424,1435262,4,,3.8995856597519394
case_039,3,3,4,ablation,no_cache_aware,0.313,2.498,True,368055,17604608,0.47821187077385424,1435262,4,,3.8995856597519394
case_039,3,3,4,ablation,no_level,0.311,2.1,True,368055,17604608,0.47821187077385424,1435262,70,,3.8995856597519394
case_038,1,1,3,ablation,full,0.247,14.115,True,461892,5709312,,1364555,3,,2.9542728603223263
case_038,1,1,3,ablation,no_comm,0.18,18.915,True,459298,6934020,,1364555,6,,2.9709578530714262
case_038,1,1,3,ablation,no_balance,0.086,15.13,True,488567,6068736,,1364555,3,,2.792974146841682
case_038,1,1,3,ablation,no_sync,0.22,16.331,True,461892,5709312,,1364555,3,,2.9542728603223263
case_038,1,1,3,ablation,no_localsearch,0.098,15.701,True,461892,5709312,,1364555,3,,2.9542728603223263
case_038,1,1,3,ablation,no_cache_aware,0.22,15.171,True,461892,5709312,,1364555,3,,2.9542728603223263
case_038,1,1,3,ablation,no_level,0.684,2.451,True,466737,8847360,,1364555,38,,2.92360579941166
case_040,1,1,4,ablation,full,0.36,1.163,True,181189,1556318,,253454,40,,1.3988376777839715
case_040,1,1,4,ablation,no_comm,0.117,0.931,True,194163,1178210,,253454,12,,1.3053671399803257
case_040,1,1,4,ablation,no_balance,0.047,0.898,True,160119,1760892,,253454,64,,1.5829102105309176
case_040,1,1,4,ablation,no_sync,0.169,1.202,True,182965,1583974,,253454,43,,1.3852594758560381
case_040,1,1,4,ablation,no_localsearch,0.069,0.826,True,182965,1583974,,253454,43,,1.3852594758560381
case_040,1,1,4,ablation,no_cache_aware,0.322,0.75,True,181189,1556318,,253454,40,,1.3988376777839715
case_040,1,1,4,ablation,no_level,0.322,1.486,True,204494,1995150,,253454,170,,1.239420227488337
case_040,2,2,2,ablation,full,0.115,1.002,True,192869,618962,,253454,16,,1.3141251315659852
case_040,2,2,2,ablation,no_comm,0.067,0.616,True,176000,476654,,253454,5,,1.4400795454545454
case_040,2,2,2,ablation,no_balance,0.055,0.951,True,219926,604626,,253454,19,,1.152451279066595
case_040,2,2,2,ablation,no_sync,0.104,0.605,True,192869,618962,,253454,16,,1.3141251315659852
case_040,2,2,2,ablation,no_localsearch,0.066,0.908,True,192869,618962,,253454,16,,1.3141251315659852
case_040,2,2,2,ablation,no_cache_aware,0.106,0.617,True,192869,618962,,253454,16,,1.3141251315659852
case_040,2,2,2,ablation,no_level,0.1,0.981,True,203271,618962,,253454,170,,1.2468773214083662
case_040,2,2,3,ablation,full,0.554,0.627,True,184703,970648,,253454,28,,1.3722245984093382
case_040,2,2,3,ablation,no_comm,0.081,0.918,True,138347,632912,,253454,9,,1.8320165959507615
case_040,2,2,3,ablation,no_balance,0.054,0.644,True,179142,1206168,,253454,44,,1.4148217615076308
case_040,2,2,3,ablation,no_sync,0.12,0.887,True,181125,972184,,253454,35,,1.3993319530710835
case_040,2,2,3,ablation,no_localsearch,0.064,0.608,True,181125,972184,,253454,35,,1.3993319530710835
case_040,2,2,3,ablation,no_cache_aware,0.474,0.624,True,184703,970648,,253454,28,,1.3722245984093382
case_040,2,2,3,ablation,no_level,0.241,0.885,True,182945,970648,,253454,170,,1.3854109158490258
case_039,3,3,5,ablation,full,0.423,2.352,True,340476,20480000,0.3708927978758712,1435262,5,,4.21545718347255
case_039,3,3,5,ablation,no_comm,0.314,1.769,True,302347,11489280,0.2291889007470651,1435262,10,,4.747068765359008
case_039,3,3,5,ablation,no_balance,0.084,2.128,True,340476,20480000,0.3708927978758712,1435262,5,,4.21545718347255
case_039,3,3,5,ablation,no_sync,0.837,2.125,True,340476,20480000,0.3708927978758712,1435262,5,,4.21545718347255
case_039,3,3,5,ablation,no_localsearch,0.112,2.166,True,340476,20480000,0.3708927978758712,1435262,5,,4.21545718347255
case_039,3,3,5,ablation,no_cache_aware,0.693,1.949,True,332008,16637952,0.2615959119496855,1435262,5,,4.322974145201321
case_039,3,3,5,ablation,no_level,0.493,2.264,True,340476,20480000,0.3708927978758712,1435262,70,,4.21545718347255
case_040,2,2,4,ablation,full,0.31,0.581,True,153125,1506270,,253454,40,,1.6552097959183674
case_040,2,2,4,ablation,no_comm,0.103,0.518,True,188936,1080018,,253454,12,,1.3414807130456874
case_040,2,2,4,ablation,no_balance,0.055,0.994,True,139789,1761118,,253454,64,,1.8131183426449864
case_040,2,2,4,ablation,no_sync,0.149,0.551,True,157835,1513694,,253454,43,,1.6058162004625083
case_040,2,2,4,ablation,no_localsearch,0.424,0.598,True,157835,1513694,,253454,43,,1.6058162004625083
case_040,2,2,4,ablation,no_cache_aware,0.306,0.572,True,153125,1506270,,253454,40,,1.6552097959183674
case_040,2,2,4,ablation,no_level,0.291,0.951,True,168631,1506270,,253454,170,,1.5030095296831543
case_039,1,1,5,ablation,full,1.187,11.959,True,375671,16637952,,1435262,5,,3.8205291332043196
case_039,1,1,5,ablation,no_comm,0.882,11.663,True,326287,12304384,,1435262,10,,4.398771633561864
case_039,1,1,5,ablation,no_balance,0.078,14.305,True,431161,20480000,,1435262,5,,3.3288307615948565
case_039,1,1,5,ablation,no_sync,1.172,12.164,True,375671,16637952,,1435262,5,,3.8205291332043196
case_039,1,1,5,ablation,no_localsearch,0.098,13.774,True,431161,20480000,,1435262,5,,3.3288307615948565
case_039,1,1,5,ablation,no_cache_aware,0.775,12.132,True,375671,16637952,,1435262,5,,3.8205291332043196
case_039,1,1,5,ablation,no_level,0.658,1.701,True,567592,28483584,,1435262,70,,2.5286860984650947
case_040,3,3,2,ablation,full,0.099,0.597,True,189872,618962,0.24548202512213949,253454,16,,1.3348677003454958
case_040,3,3,2,ablation,no_comm,0.056,0.864,True,176000,476654,0.20044053553089697,253454,5,,1.4400795454545454
case_040,3,3,2,ablation,no_balance,0.05,0.637,True,217266,604626,0.261494932129938,253454,19,,1.1665608056483758
case_040,3,3,2,ablation,no_sync,0.383,0.585,True,189872,618962,0.24548202512213949,253454,16,,1.3348677003454958
case_040,3,3,2,ablation,no_localsearch,0.06,0.87,True,189872,618962,0.24548202512213949,253454,16,,1.3348677003454958
case_040,3,3,2,ablation,no_cache_aware,0.103,0.615,True,189872,618962,0.24548202512213949,253454,16,,1.3348677003454958
case_040,3,3,2,ablation,no_level,0.098,0.906,True,203115,618962,0.08063433474050662,253454,170,,1.2478349703370013
case_040,1,1,5,ablation,full,0.751,1.83,True,187315,2846718,,253454,198,,1.3530897151856498
case_040,1,1,5,ablation,no_comm,0.259,0.822,True,154715,1441882,,253454,20,,1.638199269624794
case_040,1,1,5,ablation,no_balance,0.074,1.943,True,175385,3851026,,253454,243,,1.4451292869971777
case_040,1,1,5,ablation,no_sync,0.305,1.479,True,204597,2819546,,253454,209,,1.2387962677849627
case_040,1,1,5,ablation,no_localsearch,0.073,1.392,True,178517,3344782,,253454,222,,1.4197751474649474
case_040,1,1,5,ablation,no_cache_aware,0.71,1.705,True,187315,2846718,,253454,198,,1.3530897151856498
case_040,1,1,5,ablation,no_level,0.699,2.833,True,440353,3991448,,253454,698,,0.5755700540248392
case_040,3,3,3,ablation,full,0.21,0.574,True,184660,970648,0.38068370162521536,253454,28,,1.3725441351673346
case_040,3,3,3,ablation,no_comm,0.075,0.899,True,137951,632912,0.22869155453467266,253454,9,,1.837275554363506
case_040,3,3,3,ablation,no_balance,0.048,0.592,True,178490,1206168,0.399916209924373,253454,44,,1.419989915401423
case_040,3,3,3,ablation,no_sync,0.116,0.895,True,181072,972184,0.38185717019082244,253454,35,,1.3997415392771937
case_040,3,3,3,ablation,no_localsearch,0.061,0.612,True,181072,972184,0.38185717019082244,253454,35,,1.3997415392771937
case_040,3,3,3,ablation,no_cache_aware,0.545,0.623,True,184660,970648,0.38068370162521536,253454,28,,1.3725441351673346
case_040,3,3,3,ablation,no_level,0.226,0.958,True,182899,970648,0.3660796406878102,253454,170,,1.3857593535229826
case_040,2,2,5,ablation,full,0.712,1.066,True,132628,2040804,,253454,198,,1.911014265464306
case_040,2,2,5,ablation,no_comm,0.241,0.552,True,150264,1398258,,253454,20,,1.6867246978650907
case_040,2,2,5,ablation,no_balance,0.059,1.209,True,136721,3681772,,253454,243,,1.853804463103693
case_040,2,2,5,ablation,no_sync,0.282,0.761,True,147159,1976020,,253454,209,,1.7223139597306314
case_040,2,2,5,ablation,no_localsearch,0.073,1.153,True,137643,2994668,,253454,222,,1.841386775934846
case_040,2,2,5,ablation,no_cache_aware,0.741,1.177,True,132628,2040804,,253454,198,,1.911014265464306
case_040,2,2,5,ablation,no_level,0.721,0.782,True,272883,2040804,,253454,698,,0.928800987969203
case_038,1,1,5,ablation,full,0.466,15.222,True,294419,9572352,,1364555,5,,4.634738247191927
case_038,1,1,5,ablation,no_comm,0.271,16.414,True,280285,7671296,,1364555,10,,4.86845532226127
case_038,1,1,5,ablation,no_balance,0.109,19.431,True,282548,9509376,,1364555,5,,4.829462604584
case_038,1,1,5,ablation,no_sync,0.456,21.264,True,294419,9572352,,1364555,5,,4.634738247191927
case_038,1,1,5,ablation,no_localsearch,0.118,19.492,True,294419,9572352,,1364555,5,,4.634738247191927
case_038,1,1,5,ablation,no_cache_aware,0.453,20.274,True,294419,9572352,,1364555,5,,4.634738247191927
case_038,1,1,5,ablation,no_level,0.423,3.048,True,336050,15645696,,1364555,127,,4.060571343550067
case_040,3,3,4,ablation,full,0.306,0.627,True,153005,1506270,0.46503299250897434,253454,40,,1.6565079572562988
case_040,3,3,4,ablation,no_comm,0.119,0.982,True,188899,1080018,0.3751652083529343,253454,12,,1.341743471378885
case_040,3,3,4,ablation,no_balance,0.05,0.683,True,139272,1761118,0.5150624173761018,253454,64,,1.8198489287150323
case_040,3,3,4,ablation,no_sync,0.157,0.973,True,157732,1513694,0.4685902674331184,253454,43,,1.606864808662795
case_040,3,3,4,ablation,no_localsearch,0.064,0.613,True,157732,1513694,0.4685902674331184,253454,43,,1.606864808662795
case_040,3,3,4,ablation,no_cache_aware,0.299,1.016,True,153005,1506270,0.46503299250897434,253454,40,,1.6565079572562988
case_040,3,3,4,ablation,no_level,0.295,0.616,True,168301,1506270,0.4542263436740735,253454,170,,1.5059565896815823
case_038,1,1,2,ablation,full,0.159,15.89,True,694395,5584896,,1364555,2,,1.965099115056992
case_038,1,1,2,ablation,no_comm,0.108,24.514,True,682055,6648320,,1364555,4,,2.0006524400524883
case_038,1,1,2,ablation,no_balance,0.071,19.16,True,725667,5692416,,1364555,2,,1.8804148459279533
case_038,1,1,2,ablation,no_sync,0.169,19.177,True,694395,5584896,,1364555,2,,1.965099115056992
case_038,1,1,2,ablation,no_localsearch,0.1,19.093,True,694395,5584896,,1364555,2,,1.965099115056992
case_038,1,1,2,ablation,no_cache_aware,0.156,19.233,True,694395,5584896,,1364555,2,,1.965099115056992
case_038,1,1,2,ablation,no_level,0.154,2.681,True,693228,8847360,,1364555,38,,1.968407219558356
case_040,3,3,5,ablation,full,0.748,1.273,True,131798,2324204,0.36071662697118534,253454,188,,1.9230489081776658
case_040,3,3,5,ablation,no_comm,0.257,0.593,True,150253,1398258,0.4159463619679119,253454,20,,1.6868481827317923
case_040,3,3,5,ablation,no_balance,0.06,1.369,True,131871,3681772,0.45409286536946114,253454,243,,1.9219843635067604
case_040,3,3,5,ablation,no_sync,0.304,0.808,True,133646,2293740,0.3516661849662976,253454,198,,1.896457806443889
case_040,3,3,5,ablation,no_localsearch,0.079,1.253,True,135628,2994668,0.3943145808761883,253454,222,,1.868743917185242
case_040,3,3,5,ablation,no_cache_aware,0.745,0.774,True,131903,2040804,0.2569776847314079,253454,198,,1.9215180852596225
case_040,3,3,5,ablation,no_level,0.737,1.306,True,270215,2324204,0.35121688886253505,253454,698,,0.9379716151953075
case_039,1,1,4,ablation,full,0.698,15.919,True,395323,17604608,,1435262,4,,3.6306058590064327
case_039,1,1,4,ablation,no_comm,0.243,14.227,True,379863,11517952,,1435262,8,,3.7783674640594107
case_039,1,1,4,ablation,no_balance,0.078,15.745,True,395323,17604608,,1435262,4,,3.6306058590064327
case_039,1,1,4,ablation,no_sync,0.304,14.152,True,395323,17604608,,1435262,4,,3.6306058590064327
case_039,1,1,4,ablation,no_localsearch,0.092,15.616,True,395323,17604608,,1435262,4,,3.6306058590064327
case_039,1,1,4,ablation,no_cache_aware,0.318,14.396,True,395323,17604608,,1435262,4,,3.6306058590064327
case_039,1,1,4,ablation,no_level,0.324,1.743,True,569788,28483584,,1435262,70,,2.518940377824735
case_028,1,1,3,ablation,full,0.651,113.691,True,16770711,277369056,,43836040,3,,2.613845054034978
case_028,1,1,3,ablation,no_comm,0.562,148.568,True,16770711,277369056,,43836040,3,,2.613845054034978
case_028,1,1,3,ablation,no_balance,0.205,116.192,True,16770711,277369056,,43836040,3,,2.613845054034978
case_028,1,1,3,ablation,no_sync,0.771,144.088,True,16770711,277369056,,43836040,3,,2.613845054034978
case_028,1,1,3,ablation,no_localsearch,0.262,105.28,True,16770711,277369056,,43836040,3,,2.613845054034978
case_028,1,1,3,ablation,no_cache_aware,1.191,130.754,True,16770711,277369056,,43836040,3,,2.613845054034978
case_028,1,1,3,ablation,no_level,0.57,9.454,True,14792144,326568960,,43836040,153,,2.963467635252875
case_041,2,2,3,ablation,full,0.599,7.767,True,1994174,35017728,,6003957,3,,3.01074881128728
case_041,2,2,3,ablation,no_comm,0.541,6.848,True,2023832,31684608,,6003957,6,,2.9666281588590357
case_041,2,2,3,ablation,no_balance,0.125,7.675,True,2007557,35116032,,6003957,3,,2.9906782223369
case_041,2,2,3,ablation,no_sync,0.675,9.177,True,1994174,35017728,,6003957,3,,3.01074881128728
case_041,2,2,3,ablation,no_localsearch,0.695,7.177,True,1994174,35017728,,6003957,3,,3.01074881128728
case_041,2,2,3,ablation,no_cache_aware,0.591,8.508,True,1994174,35017728,,6003957,3,,3.01074881128728
case_041,2,2,3,ablation,no_level,0.616,8.04,True,2017253,30720000,,6003957,494,,2.976303418559794
case_041,2,2,4,ablation,full,1.249,7.57,True,1496957,38879232,,6003957,4,,4.010774524585543
case_041,2,2,4,ablation,no_comm,0.735,6.441,True,1508171,33436672,,6003957,8,,3.9809524251560333
case_041,2,2,4,ablation,no_balance,0.171,8.36,True,1518985,39048192,,6003957,4,,3.9526111186088078
case_041,2,2,4,ablation,no_sync,1.481,8.393,True,1496957,38879232,,6003957,4,,4.010774524585543
case_041,2,2,4,ablation,no_localsearch,0.294,7.567,True,1496957,38879232,,6003957,4,,4.010774524585543
case_041,2,2,4,ablation,no_cache_aware,0.818,7.812,True,1496957,38879232,,6003957,4,,4.010774524585543
case_041,2,2,4,ablation,no_level,1.241,8.131,True,1507972,34888704,,6003957,494,,3.9814777727968425
case_041,2,2,2,ablation,full,0.695,7.882,True,2986534,33595392,,6003957,2,,2.010342758528783
case_041,2,2,2,ablation,no_comm,0.706,7.817,True,3004536,31244288,,6003957,4,,1.9982975740680091
case_041,2,2,2,ablation,no_balance,0.202,9.084,True,2990368,33546240,,6003957,2,,2.0077652650108617
case_041,2,2,2,ablation,no_sync,0.565,9.442,True,2986534,33595392,,6003957,2,,2.010342758528783
case_041,2,2,2,ablation,no_localsearch,0.302,8.371,True,2986534,33595392,,6003957,2,,2.010342758528783
case_041,2,2,2,ablation,no_cache_aware,0.466,8.672,True,2986534,33595392,,6003957,2,,2.010342758528783
case_041,2,2,2,ablation,no_level,0.391,8.798,True,2998065,28941312,,6003957,494,,2.0026106838911097
case_041,2,2,5,ablation,full,0.973,7.4,True,1193573,40452096,,6003957,5,,5.03023861967387
case_041,2,2,5,ablation,no_comm,1.49,5.784,True,1222312,34096128,,6003957,10,,4.911967648194569
case_041,2,2,5,ablation,no_balance,0.234,9.036,True,1231193,40857600,,6003957,5,,4.8765360101949895
case_041,2,2,5,ablation,no_sync,1.174,8.32,True,1193573,40452096,,6003957,5,,5.03023861967387
case_041,2,2,5,ablation,no_localsearch,0.296,7.517,True,1193573,40452096,,6003957,5,,5.03023861967387
case_041,2,2,5,ablation,no_cache_aware,0.981,8.241,True,1193573,40452096,,6003957,5,,5.03023861967387
case_041,2,2,5,ablation,no_level,1.019,7.919,True,1214273,35484672,,6003957,494,,4.944486948157457
case_041,3,3,2,ablation,full,0.426,8.588,True,2981380,33595392,0.1996493185622061,6003957,2,,2.013818097659473
case_041,3,3,2,ablation,no_comm,0.356,8.258,True,3002525,31244288,0.0994531493497294,6003957,4,,1.9996359730560112
case_041,3,3,2,ablation,no_balance,0.219,10.307,True,2988160,33546240,0.21722129119782937,6003957,2,,2.0092488354037266
case_041,3,3,2,ablation,no_sync,0.48,8.046,True,2981380,33595392,0.1996493185622061,6003957,2,,2.013818097659473
case_041,3,3,2,ablation,no_localsearch,0.599,8.379,True,2981380,33595392,0.1996493185622061,6003957,2,,2.013818097659473
case_041,3,3,2,ablation,no_cache_aware,0.452,8.816,True,2981380,33595392,0.1996493185622061,6003957,2,,2.013818097659473
case_041,3,3,2,ablation,no_level,0.415,8.756,True,2991922,28941312,0.29106236403190716,6003957,494,,2.0067224346089234
case_041,3,3,3,ablation,full,1.112,8.29,True,1990580,35017728,0.2665641813989239,6003957,3,,3.0161847300786704
case_041,3,3,3,ablation,no_comm,0.513,6.577,True,2015384,31684608,0.15453244676374042,6003957,6,,2.9790635432255095
case_041,3,3,3,ablation,no_balance,0.674,8.463,True,2005091,35116032,0.2787149210243828,6003957,3,,2.994356365870676
case_041,3,3,3,ablation,no_sync,0.567,7.989,True,1990580,35017728,0.2665641813989239,6003957,3,,3.0161847300786704
case_041,3,3,3,ablation,no_localsearch,0.262,7.704,True,1990580,35017728,0.2665641813989239,6003957,3,,3.0161847300786704
case_041,3,3,3,ablation,no_cache_aware,0.585,8.11,True,1990580,35017728,0.2665641813989239,6003957,3,,3.0161847300786704
case_041,3,3,3,ablation,no_level,0.557,8.469,True,2007711,30720000,0.39169752820601156,6003957,494,,2.9904488245569207
case_041,3,3,4,ablation,full,1.328,7.567,True,1493320,38879232,0.3304829326417607,6003957,4,,4.020542817346583
case_041,3,3,4,ablation,no_comm,0.759,6.992,True,1503291,33436672,0.19683221476510068,6003957,8,,3.9938754372905843
case_041,3,3,4,ablation,no_balance,0.273,8.402,True,1513303,39048192,0.332704929479123,6003957,4,,3.9674519907777888
case_041,3,3,4,ablation,no_sync,0.828,7.516,True,1493320,38879232,0.3304829326417607,6003957,4,,4.020542817346583
case_041,3,3,4,ablation,no_localsearch,0.337,8.19,True,1493320,38879232,0.3304829326417607,6003957,4,,4.020542817346583
case_041,3,3,4,ablation,no_cache_aware,0.785,8.034,True,1493320,38879232,0.3304829326417607,6003957,4,,4.020542817346583
case_041,3,3,4,ablation,no_level,0.937,8.867,True,1500293,34888704,0.44000616903146206,6003957,494,,4.001856304068605
case_042,1,1,4,ablation,full,0.266,7.923,True,434592,8503584,,1686740,4,,3.8812035196230026
case_042,1,1,4,ablation,no_comm,0.209,7.706,True,435075,9245696,,1686740,8,,3.8768947882548987
case_042,1,1,4,ablation,no_balance,0.074,7.763,True,479831,9162620,,1686740,8,,3.5152793379335643
case_042,1,1,4,ablation,no_sync,0.28,8.437,True,434592,8503584,,1686740,4,,3.8812035196230026
case_042,1,1,4,ablation,no_localsearch,0.105,8.811,True,434592,8503584,,1686740,4,,3.8812035196230026
case_042,1,1,4,ablation,no_cache_aware,0.338,9.2,True,434592,8503584,,1686740,4,,3.8812035196230026
case_042,1,1,4,ablation,no_level,0.284,1.961,True,470084,17700272,,1686740,108,,3.5881672211774918
case_041,3,3,5,ablation,full,1.035,7.347,True,1191841,40452096,0.3262737668313147,6003957,5,,5.037548632745476
case_041,3,3,5,ablation,no_comm,1.026,7.378,True,1218202,34096128,0.15098970704671416,6003957,10,,4.928539765982982
case_041,3,3,5,ablation,no_balance,0.243,7.948,True,1220753,40857600,0.32781168265039234,6003957,5,,4.9182406268917624
case_041,3,3,5,ablation,no_sync,0.919,7.568,True,1191841,40452096,0.3262737668313147,6003957,5,,5.037548632745476
case_041,3,3,5,ablation,no_localsearch,0.266,7.673,True,1191841,40452096,0.3262737668313147,6003957,5,,5.037548632745476
case_041,3,3,5,ablation,no_cache_aware,1.434,8.983,True,1191841,40452096,0.3262737668313147,6003957,5,,5.037548632745476
case_041,3,3,5,ablation,no_level,0.994,7.918,True,1208406,35484672,0.41870536392645497,6003957,494,,4.968493205098286
case_042,1,1,3,ablation,full,0.208,9.662,True,579300,8405280,,1686740,3,,2.911686518211635
case_042,1,1,3,ablation,no_comm,0.149,8.511,True,575665,7684096,,1686740,6,,2.930072177394839
case_042,1,1,3,ablation,no_balance,0.071,9.521,True,606390,8990300,,1686740,7,,2.781609195402299
case_042,1,1,3,ablation,no_sync,0.22,10.339,True,579300,8405280,,1686740,3,,2.911686518211635
case_042,1,1,3,ablation,no_localsearch,0.097,11.776,True,579300,8405280,,1686740,3,,2.911686518211635
case_042,1,1,3,ablation,no_cache_aware,0.195,10.083,True,579300,8405280,,1686740,3,,2.911686518211635
case_042,1,1,3,ablation,no_level,0.188,1.818,True,612412,17700272,,1686740,108,,2.7542569381396835
case_042,2,2,2,ablation,full,0.158,1.804,True,850159,7265568,,1686740,2,,1.9840288698937494
case_042,2,2,2,ablation,no_comm,0.104,1.626,True,854783,7378944,,1686740,4,,1.973296146507359
case_042,2,2,2,ablation,no_balance,0.068,1.3,True,881422,7816496,,1686740,6,,1.9136577031206392
case_042,2,2,2,ablation,no_sync,0.541,1.21,True,850159,7265568,,1686740,2,,1.9840288698937494
case_042,2,2,2,ablation,no_localsearch,0.088,1.59,True,850159,7265568,,1686740,2,,1.9840288698937494
case_042,2,2,2,ablation,no_cache_aware,0.15,1.685,True,850159,7265568,,1686740,2,,1.9840288698937494
case_042,2,2,2,ablation,no_level,0.134,1.5,True,883998,7256352,,1686740,108,,1.9080812400028055
case_042,1,1,2,ablation,full,0.469,10.54,True,850159,7265568,,1686740,2,,1.9840288698937494
case_042,1,1,2,ablation,no_comm,0.092,11.096,True,854500,7375872,,1686740,4,,1.973949678174371
case_042,1,1,2,ablation,no_balance,0.08,11.154,True,885192,8308028,,1686740,6,,1.905507505716274
case_042,1,1,2,ablation,no_sync,0.155,11.445,True,850159,7265568,,1686740,2,,1.9840288698937494
case_042,1,1,2,ablation,no_localsearch,0.104,12.487,True,850159,7265568,,1686740,2,,1.9840288698937494
case_042,1,1,2,ablation,no_cache_aware,0.147,10.797,True,850159,7265568,,1686740,2,,1.9840288698937494
case_042,1,1,2,ablation,no_level,0.138,2.053,True,883291,17700272,,1686740,108,,1.909608498218594
case_042,2,2,3,ablation,full,0.203,1.661,True,579300,8405280,,1686740,3,,2.911686518211635
case_042,2,2,3,ablation,no_comm,0.144,1.606,True,571713,7746560,,1686740,6,,2.95032647499707
case_042,2,2,3,ablation,no_balance,0.061,1.717,True,603930,8662608,,1686740,7,,2.792939579090292
case_042,2,2,3,ablation,no_sync,0.207,1.698,True,579300,8405280,,1686740,3,,2.911686518211635
case_042,2,2,3,ablation,no_localsearch,0.079,1.227,True,579300,8405280,,1686740,3,,2.911686518211635
case_042,2,2,3,ablation,no_cache_aware,0.658,1.174,True,579300,8405280,,1686740,3,,2.911686518211635
case_042,2,2,3,ablation,no_level,0.189,1.545,True,604923,8479008,,1686740,108,,2.7883548815303767
case_042,2,2,4,ablation,full,0.259,1.604,True,434592,8503584,,1686740,4,,3.8812035196230026
case_042,2,2,4,ablation,no_comm,0.196,1.625,True,435408,8925184,,1686740,8,,3.8739297394627568
case_042,2,2,4,ablation,no_balance,0.07,1.765,True,477026,8998768,,1686740,8,,3.535949822441544
case_042,2,2,4,ablation,no_sync,0.283,1.224,True,434592,8503584,,1686740,4,,3.8812035196230026
case_042,2,2,4,ablation,no_localsearch,0.09,1.623,True,434592,8503584,,1686740,4,,3.8812035196230026
case_042,2,2,4,ablation,no_cache_aware,0.262,1.572,True,434592,8503584,,1686740,4,,3.8812035196230026
case_042,2,2,4,ablation,no_level,0.258,1.59,True,487107,8362272,,1686740,108,,3.4627710133502494
case_042,2,2,5,ablation,full,0.339,1.684,True,359995,9965568,,1686740,5,,4.6854539646383975
case_042,2,2,5,ablation,no_comm,0.259,1.678,True,343502,9689088,,1686740,9,,4.910422646738592
case_042,2,2,5,ablation,no_balance,0.069,1.671,True,402704,10493072,,1686740,9,,4.188535500019865
case_042,2,2,5,ablation,no_sync,0.328,1.129,True,359995,9965568,,1686740,5,,4.6854539646383975
case_042,2,2,5,ablation,no_localsearch,0.078,1.651,True,359995,9965568,,1686740,5,,4.6854539646383975
case_042,2,2,5,ablation,no_cache_aware,0.335,1.621,True,359995,9965568,,1686740,5,,4.6854539646383975
case_042,2,2,5,ablation,no_level,0.35,1.557,True,397496,9962496,,1686740,108,,4.243413770201461
case_042,1,1,5,ablation,full,0.354,8.271,True,359995,9965568,,1686740,5,,4.6854539646383975
case_042,1,1,5,ablation,no_comm,0.285,7.35,True,351352,9736192,,1686740,9,,4.800712675607368
case_042,1,1,5,ablation,no_balance,0.066,8.844,True,405938,10493084,,1686740,9,,4.155166552527726
case_042,1,1,5,ablation,no_sync,0.369,8.246,True,359995,9965568,,1686740,5,,4.6854539646383975
case_042,1,1,5,ablation,no_localsearch,0.094,7.933,True,359995,9965568,,1686740,5,,4.6854539646383975
case_042,1,1,5,ablation,no_cache_aware,0.346,7.461,True,359995,9965568,,1686740,5,,4.6854539646383975
case_042,1,1,5,ablation,no_level,0.33,1.879,True,389155,17700272,,1686740,108,,4.334365484190104
case_042,3,3,2,ablation,full,0.558,1.178,True,848340,7265568,0.3927325291596052,1686740,2,,1.98828299974067
case_042,3,3,2,ablation,no_comm,0.513,1.196,True,853349,7378944,0.3374318443299485,1686740,4,,1.9766121481363428
case_042,3,3,2,ablation,no_balance,0.506,1.327,True,876234,7816496,0.3908925533461419,1686740,6,,1.9249880739619782
case_042,3,3,2,ablation,no_sync,0.524,1.226,True,848340,7265568,0.3927325291596052,1686740,2,,1.98828299974067
case_042,3,3,2,ablation,no_localsearch,0.459,1.266,True,848340,7265568,0.3927325291596052,1686740,2,,1.98828299974067
case_042,3,3,2,ablation,no_cache_aware,0.533,1.181,True,848340,7265568,0.3927325291596052,1686740,2,,1.98828299974067
case_042,3,3,2,ablation,no_level,0.134,1.554,True,882583,7256352,0.35351348115033826,1686740,108,,1.911140368667876
case_042,3,3,3,ablation,full,0.194,1.591,True,576523,8405280,0.4310406304041647,1686740,3,,2.9257115501029447
case_042,3,3,3,ablation,no_comm,0.134,1.539,True,569525,7746560,0.33910267952138545,1686740,6,,2.961661033317238
case_042,3,3,3,ablation,no_balance,0.07,1.555,True,602618,8662608,0.48276307379335714,1686740,7,,2.799020274867329
case_042,3,3,3,ablation,no_sync,0.207,1.488,True,576523,8405280,0.4310406304041647,1686740,3,,2.9257115501029447
case_042,3,3,3,ablation,no_localsearch,0.089,1.902,True,576523,8405280,0.4310406304041647,1686740,3,,2.9257115501029447
case_042,3,3,3,ablation,no_cache_aware,0.196,1.538,True,576523,8405280,0.4310406304041647,1686740,3,,2.9257115501029447
case_042,3,3,3,ablation,no_level,0.205,1.5,True,602414,8479008,0.4592740150509075,1686740,108,,2.7999681282307516
case_042,3,3,4,ablation,full,0.276,1.579,True,434480,8503584,0.4511686659717683,1686740,4,,3.8822040139937397
case_042,3,3,4,ablation,no_comm,0.22,1.629,True,428924,8925184,0.3569512814120912,1686740,8,,3.932491536962259
case_042,3,3,4,ablation,no_balance,0.066,1.654,True,475614,8998768,0.5115825535477049,1686740,8,,3.5464473291366527
case_042,3,3,4,ablation,no_sync,0.264,1.635,True,434480,8503584,0.4511686659717683,1686740,4,,3.8822040139937397
case_042,3,3,4,ablation,no_localsearch,0.085,1.655,True,434480,8503584,0.4511686659717683,1686740,4,,3.8822040139937397
case_042,3,3,4,ablation,no_cache_aware,0.27,1.658,True,434480,8503584,0.4511686659717683,1686740,4,,3.8822040139937397
case_042,3,3,4,ablation,no_level,0.265,1.614,True,479384,8362272,0.43964236490235736,1686740,108,,3.51855714834037
case_042,3,3,5,ablation,full,0.366,1.65,True,359471,9965568,0.4716471366839257,1686740,5,,4.692283939455478
case_042,3,3,5,ablation,no_comm,0.273,1.663,True,342039,9689088,0.38515546639919757,1686740,9,,4.931425948502948
case_042,3,3,5,ablation,no_balance,0.072,1.28,True,396809,10493072,0.5179332199654421,1686740,9,,4.2507604414214395
case_042,3,3,5,ablation,no_sync,0.346,1.645,True,359471,9965568,0.4716471366839257,1686740,5,,4.692283939455478
case_042,3,3,5,ablation,no_localsearch,0.085,1.641,True,359471,9965568,0.4716471366839257,1686740,5,,4.692283939455478
case_042,3,3,5,ablation,no_cache_aware,0.35,1.661,True,359471,9965568,0.4716471366839257,1686740,5,,4.692283939455478
case_042,3,3,5,ablation,no_level,0.363,1.676,True,395184,9962496,0.47525369344953,1686740,108,,4.268239604842301
case_043,2,2,2,ablation,full,0.308,2.744,True,587562,1718790,,677656,12,,1.153335307593071
case_043,2,2,2,ablation,no_comm,0.598,2.322,True,543034,1175818,,677656,5,,1.2479071292036963
case_043,2,2,2,ablation,no_balance,0.157,3.138,True,456775,1888364,,677656,26,,1.4835663072628755
case_043,2,2,2,ablation,no_sync,0.273,2.695,True,587562,1718790,,677656,12,,1.153335307593071
case_043,2,2,2,ablation,no_localsearch,0.182,3.166,True,587562,1718790,,677656,12,,1.153335307593071
case_043,2,2,2,ablation,no_cache_aware,0.314,3.353,True,587562,1718790,,677656,12,,1.153335307593071
case_043,2,2,2,ablation,no_level,0.306,2.915,True,426763,1626908,,677656,355,,1.5878977324650918
case_043,2,2,3,ablation,full,0.437,2.585,True,308174,2953824,,677656,38,,2.1989395601186343
case_043,2,2,3,ablation,no_comm,0.671,2.469,True,297624,1689186,,677656,8,,2.276886272612424
case_043,2,2,3,ablation,no_balance,0.16,2.613,True,317748,3101896,,677656,38,,2.1326837619748984
case_043,2,2,3,ablation,no_sync,0.847,2.477,True,308174,2953824,,677656,38,,2.1989395601186343
case_043,2,2,3,ablation,no_localsearch,0.206,3.324,True,308174,2953824,,677656,38,,2.1989395601186343
case_043,2,2,3,ablation,no_cache_aware,0.479,2.397,True,308174,2953824,,677656,38,,2.1989395601186343
case_043,2,2,3,ablation,no_level,0.421,3.543,True,335316,2935380,,677656,355,,2.0209474048360354
case_043,1,1,2,ablation,full,0.299,3.754,True,597518,2307868,,677656,12,,1.1341181353532446
case_043,1,1,2,ablation,no_comm,0.177,8.75,True,543509,1188432,,677656,5,,1.2468165200576256
case_043,1,1,2,ablation,no_balance,0.18,3.732,True,461010,2762512,,677656,26,,1.4699377453851326
case_043,1,1,2,ablation,no_sync,0.263,3.763,True,597518,2307868,,677656,12,,1.1341181353532446
case_043,1,1,2,ablation,no_localsearch,0.182,3.948,True,597518,2307868,,677656,12,,1.1341181353532446
case_043,1,1,2,ablation,no_cache_aware,0.345,3.905,True,597518,2307868,,677656,12,,1.1341181353532446
case_043,1,1,2,ablation,no_level,0.319,4.927,True,496086,6081244,,677656,355,,1.3660050878275138
case_043,1,1,3,ablation,full,0.426,3.809,True,319363,3545628,,677656,38,,2.121898905007781
case_043,1,1,3,ablation,no_comm,0.246,8.242,True,301895,1710506,,677656,8,,2.244674472912768
case_043,1,1,3,ablation,no_balance,0.161,3.613,True,347939,4136584,,677656,38,,1.9476287510167012
case_043,1,1,3,ablation,no_sync,0.354,3.811,True,319363,3545628,,677656,38,,2.121898905007781
case_043,1,1,3,ablation,no_localsearch,0.203,4.103,True,319363,3545628,,677656,38,,2.121898905007781
case_043,1,1,3,ablation,no_cache_aware,0.684,4.112,True,319363,3545628,,677656,38,,2.121898905007781
case_043,1,1,3,ablation,no_level,0.452,5.191,True,401936,6081244,,677656,355,,1.6859798574897495
case_043,1,1,4,ablation,full,0.557,4.41,True,254552,4140902,,677656,49,,2.6621515446745656
case_043,1,1,4,ablation,no_comm,0.343,5.293,True,418849,2037770,,677656,12,,1.617900484422787
case_043,1,1,4,ablation,no_balance,0.16,4.111,True,242816,4154484,,677656,52,,2.790821033210332
case_043,1,1,4,ablation,no_sync,0.451,4.583,True,254552,4140902,,677656,49,,2.6621515446745656
case_043,1,1,4,ablation,no_localsearch,0.216,4.688,True,254552,4140902,,677656,49,,2.6621515446745656
case_043,1,1,4,ablation,no_cache_aware,0.69,4.643,True,254552,4140902,,677656,49,,2.6621515446745656
case_043,1,1,4,ablation,no_level,0.578,5.465,True,321450,6081244,,677656,355,,2.1081225696064707
case_043,1,1,5,ablation,full,0.678,4.268,True,250007,4546930,,677656,58,,2.7105481046530695
case_043,1,1,5,ablation,no_comm,0.768,4.414,True,461680,3045914,,677656,20,,1.4678045399410848
case_043,1,1,5,ablation,no_balance,0.167,4.193,True,208601,5033556,,677656,65,,3.2485750308004278
case_043,1,1,5,ablation,no_sync,0.542,4.573,True,250007,4546930,,677656,58,,2.7105481046530695
case_043,1,1,5,ablation,no_localsearch,0.208,4.336,True,250007,4546930,,677656,58,,2.7105481046530695
case_043,1,1,5,ablation,no_cache_aware,0.762,4.582,True,250007,4546930,,677656,58,,2.7105481046530695
case_043,1,1,5,ablation,no_level,0.744,5.366,True,333587,6081244,,677656,355,,2.031422087791191
case_043,2,2,4,ablation,full,0.622,3.198,True,248309,3888126,,677656,49,,2.7290835209356086
case_043,2,2,4,ablation,no_comm,0.355,2.461,True,375553,1980390,,677656,12,,1.804421746065136
case_043,2,2,4,ablation,no_balance,0.17,3.332,True,231358,4322580,,677656,52,,2.929036385169305
case_043,2,2,4,ablation,no_sync,0.47,2.788,True,248309,3888126,,677656,49,,2.7290835209356086
case_043,2,2,4,ablation,no_localsearch,0.188,3.203,True,248309,3888126,,677656,49,,2.7290835209356086
case_043,2,2,4,ablation,no_cache_aware,0.55,2.651,True,248309,3888126,,677656,49,,2.7290835209356086
case_043,2,2,4,ablation,no_level,0.568,3.33,True,269903,3874168,,677656,355,,2.510739043285921
case_043,2,2,5,ablation,full,0.684,2.714,True,228973,4684850,,677656,58,,2.9595454485900086
case_043,2,2,5,ablation,no_comm,0.464,2.484,True,444361,2730310,,677656,20,,1.5250123210632796
case_043,2,2,5,ablation,no_balance,0.167,3.373,True,206601,5300576,,677656,65,,3.2800228459687997
case_043,2,2,5,ablation,no_sync,0.583,2.739,True,228973,4684850,,677656,58,,2.9595454485900086
case_043,2,2,5,ablation,no_localsearch,0.191,3.175,True,228973,4684850,,677656,58,,2.9595454485900086
case_043,2,2,5,ablation,no_cache_aware,0.69,2.766,True,228973,4684850,,677656,58,,2.9595454485900086
case_043,2,2,5,ablation,no_level,0.653,3.136,True,279165,4683982,,677656,355,,2.427438969784894
case_044,1,1,2,ablation,full,0.032,0.354,True,131105,4672992,,154407,2,,1.1777354029213225
case_044,1,1,2,ablation,no_comm,0.023,0.318,True,136620,5476832,,154407,4,,1.1301932367149758
case_044,1,1,2,ablation,no_balance,0.015,0.349,True,131105,4672992,,154407,2,,1.1777354029213225
case_044,1,1,2,ablation,no_sync,0.031,0.355,True,131105,4672992,,154407,2,,1.1777354029213225
case_044,1,1,2,ablation,no_localsearch,0.018,0.839,True,131105,4672992,,154407,2,,1.1777354029213225
case_044,1,1,2,ablation,no_cache_aware,0.033,0.373,True,131105,4672992,,154407,2,,1.1777354029213225
case_044,1,1,2,ablation,no_level,0.029,0.255,True,181628,9304000,,154407,11,,0.8501277336093553
case_043,3,3,2,ablation,full,0.871,2.947,True,587562,1718790,0.3025161630204359,677656,12,,1.153335307593071
case_043,3,3,2,ablation,no_comm,0.173,2.97,True,543027,1175818,0.28076073644607435,677656,5,,1.2479232156043807
case_043,3,3,2,ablation,no_balance,0.172,2.985,True,456530,1888364,0.3176294963927364,677656,26,,1.4843624734409568
case_043,3,3,2,ablation,no_sync,0.25,3.408,True,587562,1718790,0.3025161630204359,677656,12,,1.153335307593071
case_043,3,3,2,ablation,no_localsearch,0.189,3.002,True,587562,1718790,0.3025161630204359,677656,12,,1.153335307593071
case_043,3,3,2,ablation,no_cache_aware,0.305,3.342,True,587562,1718790,0.3025161630204359,677656,12,,1.153335307593071
case_043,3,3,2,ablation,no_level,0.318,2.947,True,426152,1626908,0.30855583095882794,677656,355,,1.5901743978674276
case_044,1,1,3,ablation,full,0.044,0.31,True,123553,5161216,,154407,3,,1.2497227910289512
case_044,1,1,3,ablation,no_comm,0.095,0.361,True,131841,4682048,,154407,3,,1.1711607163173823
case_044,1,1,3,ablation,no_balance,0.015,0.332,True,123553,5161216,,154407,3,,1.2497227910289512
case_044,1,1,3,ablation,no_sync,0.045,0.323,True,123553,5161216,,154407,3,,1.2497227910289512
case_044,1,1,3,ablation,no_localsearch,0.019,0.311,True,123553,5161216,,154407,3,,1.2497227910289512
case_044,1,1,3,ablation,no_cache_aware,0.042,0.759,True,123553,5161216,,154407,3,,1.2497227910289512
case_044,1,1,3,ablation,no_level,0.04,0.261,True,177511,9304000,,154407,11,,0.8698446856814507
case_043,3,3,3,ablation,full,0.436,2.594,True,308081,2953824,0.4298223552321456,677656,38,,2.1996033510667647
case_043,3,3,3,ablation,no_comm,0.593,2.36,True,297475,1689186,0.3587524219284249,677656,8,,2.2780267249348687
case_043,3,3,3,ablation,no_balance,0.158,3.02,True,315494,3101896,0.45953475637862456,677656,38,,2.147920404191522
case_043,3,3,3,ablation,no_sync,0.709,2.562,True,308081,2953824,0.4298223552321456,677656,38,,2.1996033510667647
case_043,3,3,3,ablation,no_localsearch,0.189,2.986,True,308081,2953824,0.4298223552321456,677656,38,,2.1996033510667647
case_043,3,3,3,ablation,no_cache_aware,0.442,2.953,True,308081,2953824,0.4298223552321456,677656,38,,2.1996033510667647
case_043,3,3,3,ablation,no_level,0.397,3.056,True,335062,2935380,0.41197324395892604,677656,355,,2.0224794217189657
case_044,1,1,4,ablation,full,0.272,0.291,True,152705,7230240,,154407,34,,1.0111456730296977
case_044,1,1,4,ablation,no_comm,0.068,0.355,True,135907,5480160,,154407,4,,1.1361224955300315
case_044,1,1,4,ablation,no_balance,0.024,0.326,True,100064,3267104,,154407,100,,1.5430824272465622
case_044,1,1,4,ablation,no_sync,0.14,0.308,True,168994,8351648,,154407,39,,0.9136833260352438
case_044,1,1,4,ablation,no_localsearch,0.028,0.338,True,135061,4976736,,154407,77,,1.1432389809049244
case_044,1,1,4,ablation,no_cache_aware,0.257,0.282,True,152705,7230240,,154407,34,,1.0111456730296977
case_044,1,1,4,ablation,no_level,0.261,1.04,True,244134,9779904,,154407,275,,0.6324682346580157
case_044,2,2,2,ablation,full,0.033,0.225,True,131105,4672992,,154407,2,,1.1777354029213225
case_044,2,2,2,ablation,no_comm,0.026,0.21,True,123146,4562016,,154407,4,,1.2538531499196077
case_044,2,2,2,ablation,no_balance,0.013,0.216,True,131105,4672992,,154407,2,,1.1777354029213225
case_044,2,2,2,ablation,no_sync,0.03,0.212,True,131105,4672992,,154407,2,,1.1777354029213225
case_044,2,2,2,ablation,no_localsearch,0.023,0.21,True,131105,4672992,,154407,2,,1.1777354029213225
case_044,2,2,2,ablation,no_cache_aware,0.03,0.69,True,131105,4672992,,154407,2,,1.1777354029213225
case_044,2,2,2,ablation,no_level,0.027,0.201,True,131105,4672992,,154407,11,,1.1777354029213225
case_044,2,2,3,ablation,full,0.041,0.213,True,123553,5161216,,154407,3,,1.2497227910289512
case_044,2,2,3,ablation,no_comm,0.098,0.203,True,131671,4681184,,154407,3,,1.172672798110442
case_044,2,2,3,ablation,no_balance,0.014,0.581,True,123553,5161216,,154407,3,,1.2497227910289512
case_044,2,2,3,ablation,no_sync,0.043,0.202,True,123553,5161216,,154407,3,,1.2497227910289512
case_044,2,2,3,ablation,no_localsearch,0.017,0.196,True,123553,5161216,,154407,3,,1.2497227910289512
case_044,2,2,3,ablation,no_cache_aware,0.041,0.196,True,123553,5161216,,154407,3,,1.2497227910289512
case_044,2,2,3,ablation,no_level,0.04,0.197,True,123553,5161216,,154407,11,,1.2497227910289512
case_044,1,1,5,ablation,full,0.261,0.303,True,159204,7422560,,154407,49,,0.969868847516394
case_044,1,1,5,ablation,no_comm,0.237,0.807,True,149419,5713152,,154407,5,,1.0333826354078128
case_044,1,1,5,ablation,no_balance,0.025,0.382,True,116647,4197504,,154407,125,,1.3237117114027794
case_044,1,1,5,ablation,no_sync,0.163,0.323,True,169112,7972192,,154407,50,,0.9130457921377548
case_044,1,1,5,ablation,no_localsearch,0.025,0.363,True,144170,6007808,,154407,89,,1.0710064507179025
case_044,1,1,5,ablation,no_cache_aware,0.281,0.329,True,159204,7422560,,154407,49,,0.969868847516394
case_044,1,1,5,ablation,no_level,0.263,0.548,True,218790,9779904,,154407,275,,0.7057315233785822
case_044,2,2,4,ablation,full,0.254,0.228,True,91520,3811616,,154407,38,,1.687139423076923
case_044,2,2,4,ablation,no_comm,0.068,0.219,True,123023,4646208,,154407,4,,1.2551067686530162
case_044,2,2,4,ablation,no_balance,0.023,0.304,True,76032,3263776,,154407,100,,2.0308159722222223
case_044,2,2,4,ablation,no_sync,0.14,0.23,True,85040,3662624,,154407,39,,1.8156984948259642
case_044,2,2,4,ablation,no_localsearch,0.028,0.279,True,79716,3118880,,154407,77,,1.9369637212102966
case_044,2,2,4,ablation,no_cache_aware,0.28,0.239,True,91520,3811616,,154407,38,,1.687139423076923
case_044,2,2,4,ablation,no_level,0.265,0.732,True,116353,3366048,,154407,275,,1.3270564575043187
case_044,3,3,2,ablation,full,0.029,0.225,True,85335,4672992,0.6652408850463568,154407,2,,1.809421690982598
case_044,3,3,2,ablation,no_comm,0.022,0.544,True,83475,4562016,0.6543786313938731,154407,4,,1.8497394429469902
case_044,3,3,2,ablation,no_balance,0.014,0.22,True,85335,4672992,0.6652408850463568,154407,2,,1.809421690982598
case_044,3,3,2,ablation,no_sync,0.03,0.215,True,85335,4672992,0.6652408850463568,154407,2,,1.809421690982598
case_044,3,3,2,ablation,no_localsearch,0.018,0.209,True,85335,4672992,0.6652408850463568,154407,2,,1.809421690982598
case_044,3,3,2,ablation,no_cache_aware,0.029,0.218,True,85335,4672992,0.6652408850463568,154407,2,,1.809421690982598
case_044,3,3,2,ablation,no_level,0.029,0.627,True,85335,4672992,0.6652408850463568,154407,11,,1.809421690982598
case_044,2,2,5,ablation,full,0.272,0.249,True,104254,4366624,,154407,49,,1.4810654747060066
case_044,2,2,5,ablation,no_comm,0.251,0.206,True,145375,5194880,,154407,5,,1.0621289767841788
case_044,2,2,5,ablation,no_balance,0.021,0.266,True,90540,4155264,,154407,125,,1.705400927766733
case_044,2,2,5,ablation,no_sync,0.156,0.242,True,107377,4499488,,154407,50,,1.4379895135829832
case_044,2,2,5,ablation,no_localsearch,0.027,0.287,True,98268,4324480,,154407,89,,1.5712846501404323
case_044,2,2,5,ablation,no_cache_aware,0.27,0.235,True,104254,4366624,,154407,49,,1.4810654747060066
case_044,2,2,5,ablation,no_level,0.743,0.226,True,120369,4493472,,154407,275,,1.2827804501158937
case_043,3,3,4,ablation,full,0.615,3.294,True,246249,3888126,0.48395276807186954,677656,49,,2.751913713355181
case_043,3,3,4,ablation,no_comm,0.35,2.319,True,375533,1980390,0.37201041819457603,677656,12,,1.8045178453025432
case_043,3,3,4,ablation,no_balance,0.153,3.346,True,225931,4322580,0.5262160495858322,677656,52,,2.9993936201760714
case_043,3,3,4,ablation,no_sync,0.433,2.707,True,246249,3888126,0.48395276807186954,677656,49,,2.751913713355181
case_043,3,3,4,ablation,no_localsearch,0.194,3.129,True,246249,3888126,0.48395276807186954,677656,49,,2.751913713355181
case_043,3,3,4,ablation,no_cache_aware,0.561,2.625,True,246249,3888126,0.48395276807186954,677656,49,,2.751913713355181
case_043,3,3,4,ablation,no_level,0.939,2.711,True,267225,3874168,0.4376968991787277,677656,355,,2.535900458415193
case_044,3,3,3,ablation,full,0.045,0.205,True,83153,5161216,0.53980017480779,154407,3,,1.8569023366565247
case_044,3,3,3,ablation,no_comm,0.035,0.214,True,87674,4776768,0.5020079193462327,154407,6,,1.7611492574765608
case_044,3,3,3,ablation,no_balance,0.015,0.226,True,83153,5161216,0.53980017480779,154407,3,,1.8569023366565247
case_044,3,3,3,ablation,no_sync,0.046,0.226,True,83153,5161216,0.53980017480779,154407,3,,1.8569023366565247
case_044,3,3,3,ablation,no_localsearch,0.018,0.643,True,83153,5161216,0.53980017480779,154407,3,,1.8569023366565247
case_044,3,3,3,ablation,no_cache_aware,0.044,0.213,True,83153,5161216,0.53980017480779,154407,3,,1.8569023366565247
case_044,3,3,3,ablation,no_level,0.041,0.216,True,83153,5161216,0.53980017480779,154407,11,,1.8569023366565247
case_043,3,3,5,ablation,full,0.753,2.624,True,224268,4684850,0.5642279525971752,677656,58,,3.0216348297572546
case_043,3,3,5,ablation,no_comm,0.788,2.237,True,444352,2730310,0.41314701023297523,677656,20,,1.5250432089874695
case_043,3,3,5,ablation,no_balance,0.481,2.726,True,191454,5300576,0.5977880234429158,677656,65,,3.5395238542939818
case_043,3,3,5,ablation,no_sync,0.846,2.565,True,224268,4684850,0.5642279525971752,677656,58,,3.0216348297572546
case_043,3,3,5,ablation,no_localsearch,0.179,2.855,True,224268,4684850,0.5642279525971752,677656,58,,3.0216348297572546
case_043,3,3,5,ablation,no_cache_aware,0.694,2.845,True,224268,4684850,0.5642279525971752,677656,58,,3.0216348297572546
case_043,3,3,5,ablation,no_level,0.675,2.914,True,268867,4683982,0.5403395480323688,677656,355,,2.520413438614631
case_044,3,3,4,ablation,full,0.262,0.248,True,64695,3671776,0.4837793941105854,154407,39,,2.386691398098771
case_044,3,3,4,ablation,no_comm,0.054,0.24,True,79028,5205344,0.46021425507652713,154407,8,,1.953826491876297
case_044,3,3,4,ablation,no_balance,0.022,0.301,True,74657,3263776,0.06129208605331704,154407,100,,2.0682186533077944
case_044,3,3,4,ablation,no_sync,0.147,0.245,True,49970,3369504,0.7546612096407458,154407,43,,3.0899939963978387
case_044,3,3,4,ablation,no_localsearch,0.026,0.281,True,58400,3118880,0.4297738818607431,154407,77,,2.643955479452055
case_044,3,3,4,ablation,no_cache_aware,0.268,0.23,True,55023,3811616,0.6196631360559074,154407,38,,2.806226487105392
case_044,3,3,4,ablation,no_level,0.265,0.669,True,82333,4357472,0.8036346702939843,154407,275,,1.8753962566650066
case_044,3,3,5,ablation,full,0.275,0.248,True,57915,5121312,0.6870229415663552,154407,43,,2.6660968660968662
case_044,3,3,5,ablation,no_comm,0.071,0.247,True,65932,6085728,0.6575136699608907,154407,12,,2.341912879936905
case_044,3,3,5,ablation,no_balance,0.02,0.275,True,90358,4155264,0.008890778842694057,154407,125,,1.7088359636114123
case_044,3,3,5,ablation,no_sync,0.152,0.247,True,60620,4922144,0.706418724870764,154407,43,,2.5471296601781592
case_044,3,3,5,ablation,no_localsearch,0.027,0.284,True,53976,4324480,0.6585389000310011,154407,89,,2.8606602934637615
case_044,3,3,5,ablation,no_cache_aware,0.265,0.616,True,56763,4366624,0.6771384155895025,154407,49,,2.7202050631573385
case_044,3,3,5,ablation,no_level,0.298,0.249,True,80552,4951072,0.7110016059132807,154407,275,,1.9168611580097328
case_045,1,1,2,ablation,full,0.029,0.354,True,63059,0,,125614,2,,1.99200748505368
case_045,1,1,2,ablation,no_comm,0.024,0.372,True,66891,131072,,125614,4,,1.8778908971311536
case_045,1,1,2,ablation,no_balance,0.012,0.381,True,63059,0,,125614,2,,1.99200748505368
case_045,1,1,2,ablation,no_sync,0.03,0.352,True,63059,0,,125614,2,,1.99200748505368
case_045,1,1,2,ablation,no_localsearch,0.018,0.383,True,63059,0,,125614,2,,1.99200748505368
case_045,1,1,2,ablation,no_cache_aware,0.028,0.816,True,63059,0,,125614,2,,1.99200748505368
case_045,1,1,2,ablation,no_level,0.03,0.25,True,74059,0,,125614,68,,1.696134163302232
case_045,1,1,5,ablation,full,0.066,0.248,True,26164,0,,125614,5,,4.801024308209754
case_045,1,1,5,ablation,no_comm,0.065,0.274,True,29631,311296,,125614,10,,4.239276433464952
case_045,1,1,5,ablation,no_balance,0.011,0.551,True,26399,0,,125614,5,,4.758286298723436
case_045,1,1,5,ablation,no_sync,0.07,0.249,True,26164,0,,125614,5,,4.801024308209754
case_045,1,1,5,ablation,no_localsearch,0.02,0.271,True,26164,0,,125614,5,,4.801024308209754
case_045,1,1,5,ablation,no_cache_aware,0.072,0.26,True,26164,0,,125614,5,,4.801024308209754
case_045,1,1,5,ablation,no_level,0.07,0.246,True,35702,0,,125614,68,,3.518402330401658
case_045,1,1,4,ablation,full,0.057,0.269,True,31878,0,,125614,4,,3.940460505677897
case_045,1,1,4,ablation,no_comm,0.05,0.272,True,34775,270336,,125614,8,,3.6121926671459383
case_045,1,1,4,ablation,no_balance,0.012,0.272,True,32037,0,,125614,4,,3.92090395480226
case_045,1,1,4,ablation,no_sync,0.052,0.281,True,31878,0,,125614,4,,3.940460505677897
case_045,1,1,4,ablation,no_localsearch,0.017,0.292,True,31878,0,,125614,4,,3.940460505677897
case_045,1,1,4,ablation,no_cache_aware,0.057,0.279,True,31878,0,,125614,4,,3.940460505677897
case_045,1,1,4,ablation,no_level,0.052,0.675,True,39778,0,,125614,68,,3.1578762129820506
case_045,1,1,3,ablation,full,0.045,0.308,True,42601,0,,125614,3,,2.94861622966597
case_045,1,1,3,ablation,no_comm,0.04,0.308,True,45328,184320,,125614,6,,2.7712230850688315
case_045,1,1,3,ablation,no_balance,0.012,0.316,True,42836,0,,125614,3,,2.932440003735176
case_045,1,1,3,ablation,no_sync,0.042,0.742,True,42601,0,,125614,3,,2.94861622966597
case_045,1,1,3,ablation,no_localsearch,0.017,0.307,True,42601,0,,125614,3,,2.94861622966597
case_045,1,1,3,ablation,no_cache_aware,0.042,0.308,True,42601,0,,125614,3,,2.94861622966597
case_045,1,1,3,ablation,no_level,0.041,0.254,True,53539,0,,125614,68,,2.3462149087581015
case_025,1,1,2,ablation,full,0.583,148.674,True,2431840,27648,,4863026,2,,1.9997310678334101
case_025,1,1,2,ablation,no_comm,0.491,165.137,True,2433674,92160,,4863026,4,,1.9982240842446441
case_025,1,1,2,ablation,no_balance,0.418,154.286,True,2431840,27648,,4863026,2,,1.9997310678334101
case_025,1,1,2,ablation,no_sync,0.345,163.631,True,2431840,27648,,4863026,2,,1.9997310678334101
case_025,1,1,2,ablation,no_localsearch,0.438,146.284,True,2431840,27648,,4863026,2,,1.9997310678334101
case_025,1,1,2,ablation,no_cache_aware,0.414,172.184,True,2431840,27648,,4863026,2,,1.9997310678334101
case_025,1,1,2,ablation,no_level,0.392,77.141,True,3161776,73681920,,4863026,2666,,1.5380678454134638
case_045,2,2,4,ablation,full,0.053,0.176,True,31878,0,,125614,4,,3.940460505677897
case_045,2,2,4,ablation,no_comm,0.049,0.19,True,34416,270336,,125614,8,,3.649872152487215
case_045,2,2,4,ablation,no_balance,0.012,0.176,True,32037,0,,125614,4,,3.92090395480226
case_045,2,2,4,ablation,no_sync,0.051,0.183,True,31878,0,,125614,4,,3.940460505677897
case_045,2,2,4,ablation,no_localsearch,0.017,0.183,True,31878,0,,125614,4,,3.940460505677897
case_045,2,2,4,ablation,no_cache_aware,0.053,0.195,True,31878,0,,125614,4,,3.940460505677897
case_045,2,2,4,ablation,no_level,0.054,0.198,True,31878,0,,125614,68,,3.940460505677897
case_045,2,2,3,ablation,full,0.045,0.188,True,42601,0,,125614,3,,2.94861622966597
case_045,2,2,3,ablation,no_comm,0.037,0.202,True,44879,184320,,125614,6,,2.7989482831613897
case_045,2,2,3,ablation,no_balance,0.012,0.189,True,42836,0,,125614,3,,2.932440003735176
case_045,2,2,3,ablation,no_sync,0.04,0.178,True,42601,0,,125614,3,,2.94861622966597
case_045,2,2,3,ablation,no_localsearch,0.016,0.196,True,42601,0,,125614,3,,2.94861622966597
case_045,2,2,3,ablation,no_cache_aware,0.042,0.547,True,42601,0,,125614,3,,2.94861622966597
case_045,2,2,3,ablation,no_level,0.039,0.194,True,42601,0,,125614,68,,2.94861622966597
case_045,2,2,2,ablation,full,0.031,0.196,True,63059,0,,125614,2,,1.99200748505368
case_045,2,2,2,ablation,no_comm,0.025,0.206,True,65429,131072,,125614,4,,1.9198520533708294
case_045,2,2,2,ablation,no_balance,0.012,0.2,True,63059,0,,125614,2,,1.99200748505368
case_045,2,2,2,ablation,no_sync,0.031,0.197,True,63059,0,,125614,2,,1.99200748505368
case_045,2,2,2,ablation,no_localsearch,0.017,0.206,True,63059,0,,125614,2,,1.99200748505368
case_045,2,2,2,ablation,no_cache_aware,0.029,0.205,True,63059,0,,125614,2,,1.99200748505368
case_045,2,2,2,ablation,no_level,0.03,0.64,True,63059,0,,125614,68,,1.99200748505368
case_045,2,2,5,ablation,full,0.075,0.182,True,26164,0,,125614,5,,4.801024308209754
case_045,2,2,5,ablation,no_comm,0.062,0.203,True,29366,311296,,125614,10,,4.277531839542328
case_045,2,2,5,ablation,no_balance,0.012,0.501,True,26399,0,,125614,5,,4.758286298723436
case_045,2,2,5,ablation,no_sync,0.065,0.181,True,26164,0,,125614,5,,4.801024308209754
case_045,2,2,5,ablation,no_localsearch,0.018,0.179,True,26164,0,,125614,5,,4.801024308209754
case_045,2,2,5,ablation,no_cache_aware,0.068,0.182,True,26164,0,,125614,5,,4.801024308209754
case_045,2,2,5,ablation,no_level,0.065,0.179,True,26164,0,,125614,68,,4.801024308209754
case_045,3,3,2,ablation,full,0.029,0.193,True,63059,0,0.0,125614,2,,1.99200748505368
case_045,3,3,2,ablation,no_comm,0.026,0.194,True,65429,131072,0.046511627906976744,125614,4,,1.9198520533708294
case_045,3,3,2,ablation,no_balance,0.012,0.198,True,63059,0,0.0,125614,2,,1.99200748505368
case_045,3,3,2,ablation,no_sync,0.028,0.207,True,63059,0,0.0,125614,2,,1.99200748505368
case_045,3,3,2,ablation,no_localsearch,0.018,0.217,True,63059,0,0.0,125614,2,,1.99200748505368
case_045,3,3,2,ablation,no_cache_aware,0.033,0.213,True,63059,0,0.0,125614,2,,1.99200748505368
case_045,3,3,2,ablation,no_level,0.028,0.652,True,63059,0,0.0,125614,68,,1.99200748505368
case_045,3,3,4,ablation,full,0.056,0.19,True,31878,0,0.0,125614,4,,3.940460505677897
case_045,3,3,4,ablation,no_comm,0.051,0.21,True,34126,270336,0.09433962264150944,125614,8,,3.680888472132685
case_045,3,3,4,ablation,no_balance,0.012,0.188,True,32037,0,0.0,125614,4,,3.92090395480226
case_045,3,3,4,ablation,no_sync,0.053,0.201,True,31878,0,0.0,125614,4,,3.940460505677897
case_045,3,3,4,ablation,no_localsearch,0.019,0.193,True,31878,0,0.0,125614,4,,3.940460505677897
case_045,3,3,4,ablation,no_cache_aware,0.057,0.33,True,31878,0,0.0,125614,4,,3.940460505677897
case_045,3,3,4,ablation,no_level,0.054,0.185,True,31878,0,0.0,125614,68,,3.940460505677897
case_045,3,3,3,ablation,full,0.042,0.193,True,42601,0,0.0,125614,3,,2.94861622966597
case_045,3,3,3,ablation,no_comm,0.038,0.201,True,44879,184320,0.07446808510638298,125614,6,,2.7989482831613897
case_045,3,3,3,ablation,no_balance,0.012,0.197,True,42836,0,0.0,125614,3,,2.932440003735176
case_045,3,3,3,ablation,no_sync,0.042,0.191,True,42601,0,0.0,125614,3,,2.94861622966597
case_045,3,3,3,ablation,no_localsearch,0.017,0.608,True,42601,0,0.0,125614,3,,2.94861622966597
case_045,3,3,3,ablation,no_cache_aware,0.044,0.19,True,42601,0,0.0,125614,3,,2.94861622966597
case_045,3,3,3,ablation,no_level,0.04,0.191,True,42601,0,0.0,125614,68,,2.94861622966597
case_046,1,1,2,ablation,full,0.024,0.24,True,166578,3521632,,276455,2,,1.6596129140702853
case_046,1,1,2,ablation,no_comm,0.018,0.225,True,173206,4543712,,276455,4,,1.5961052157546505
case_046,1,1,2,ablation,no_balance,0.013,0.233,True,166578,3521632,,276455,2,,1.6596129140702853
case_046,1,1,2,ablation,no_sync,0.023,0.229,True,166578,3521632,,276455,2,,1.6596129140702853
case_046,1,1,2,ablation,no_localsearch,0.014,0.228,True,166578,3521632,,276455,2,,1.6596129140702853
case_046,1,1,2,ablation,no_cache_aware,0.023,0.223,True,166578,3521632,,276455,2,,1.6596129140702853
case_046,1,1,2,ablation,no_level,0.021,0.181,True,158876,6512800,,276455,8,,1.7400677257735593
case_046,1,1,3,ablation,full,0.064,0.205,True,177453,3015040,,276455,46,,1.5579054735620137
case_046,1,1,3,ablation,no_comm,0.028,0.235,True,152217,4984128,,276455,6,,1.8161900444759784
case_046,1,1,3,ablation,no_balance,0.016,0.2,True,219245,3022592,,276455,38,,1.2609409564642295
case_046,1,1,3,ablation,no_sync,0.039,0.201,True,177453,3015040,,276455,46,,1.5579054735620137
case_046,1,1,3,ablation,no_localsearch,0.018,0.202,True,177453,3015040,,276455,46,,1.5579054735620137
case_046,1,1,3,ablation,no_cache_aware,0.058,0.211,True,177453,3015040,,276455,46,,1.5579054735620137
case_046,1,1,3,ablation,no_level,0.057,0.36,True,395845,7897248,,276455,200,,0.6983920473922874
case_045,3,3,5,ablation,full,0.07,0.196,True,26164,0,0.0,125614,5,,4.801024308209754
case_045,3,3,5,ablation,no_comm,0.063,0.616,True,28908,311296,0.10714285714285714,125614,10,,4.345302338453023
case_045,3,3,5,ablation,no_balance,0.012,0.184,True,26399,0,0.0,125614,5,,4.758286298723436
case_045,3,3,5,ablation,no_sync,0.064,0.192,True,26164,0,0.0,125614,5,,4.801024308209754
case_045,3,3,5,ablation,no_localsearch,0.017,0.178,True,26164,0,0.0,125614,5,,4.801024308209754
case_045,3,3,5,ablation,no_cache_aware,0.065,0.182,True,26164,0,0.0,125614,5,,4.801024308209754
case_045,3,3,5,ablation,no_level,0.065,0.207,True,26164,0,0.0,125614,68,,4.801024308209754
case_046,2,2,2,ablation,full,0.024,0.147,True,166578,3521632,,276455,2,,1.6596129140702853
case_046,2,2,2,ablation,no_comm,0.016,0.283,True,160396,3569088,,276455,4,,1.7235778947105913
case_046,2,2,2,ablation,no_balance,0.011,0.152,True,166578,3521632,,276455,2,,1.6596129140702853
case_046,2,2,2,ablation,no_sync,0.023,0.153,True,166578,3521632,,276455,2,,1.6596129140702853
case_046,2,2,2,ablation,no_localsearch,0.014,0.148,True,166578,3521632,,276455,2,,1.6596129140702853
case_046,2,2,2,ablation,no_cache_aware,0.024,0.339,True,166578,3521632,,276455,2,,1.6596129140702853
case_046,2,2,2,ablation,no_level,0.025,0.154,True,166578,3521632,,276455,8,,1.6596129140702853
case_046,2,2,3,ablation,full,0.057,0.181,True,105663,2064576,,276455,46,,2.616384164750196
case_046,2,2,3,ablation,no_comm,0.026,0.16,True,132126,3848000,,276455,6,,2.0923588090156366
case_046,2,2,3,ablation,no_balance,0.015,0.207,True,150500,2985728,,276455,38,,1.8369102990033224
case_046,2,2,3,ablation,no_sync,0.039,0.191,True,105663,2064576,,276455,46,,2.616384164750196
case_046,2,2,3,ablation,no_localsearch,0.02,0.652,True,105663,2064576,,276455,46,,2.616384164750196
case_046,2,2,3,ablation,no_cache_aware,0.058,0.196,True,105663,2064576,,276455,46,,2.616384164750196
case_046,2,2,3,ablation,no_level,0.06,0.19,True,257150,2277952,,276455,200,,1.0750729146412599
case_046,1,1,4,ablation,full,0.182,0.203,True,179047,5648608,,276455,23,,1.544035923528459
case_046,1,1,4,ablation,no_comm,0.09,0.232,True,151195,5512192,,276455,8,,1.8284665498197692
case_046,1,1,4,ablation,no_balance,0.015,0.217,True,163954,4171552,,276455,74,,1.6861741708040061
case_046,1,1,4,ablation,no_sync,0.108,0.205,True,172728,4980000,,276455,29,,1.6005222083275439
case_046,1,1,4,ablation,no_localsearch,0.019,0.577,True,176096,3812000,,276455,45,,1.5699107305106306
case_046,1,1,4,ablation,no_cache_aware,0.173,0.199,True,179047,5648608,,276455,23,,1.544035923528459
case_046,1,1,4,ablation,no_level,0.176,0.361,True,206685,7897248,,276455,200,,1.3375668287490625
case_046,1,1,5,ablation,full,0.18,0.213,True,142691,4192544,,276455,40,,1.9374382406739037
case_046,1,1,5,ablation,no_comm,0.194,0.219,True,157624,5143584,,276455,8,,1.7538890016748718
case_046,1,1,5,ablation,no_balance,0.015,0.258,True,149076,5106048,,276455,125,,1.854456787142129
case_046,1,1,5,ablation,no_sync,0.118,0.233,True,161621,5330208,,276455,41,,1.710514103984012
case_046,1,1,5,ablation,no_localsearch,0.019,0.252,True,167145,5905920,,276455,93,,1.6539830685931376
case_046,1,1,5,ablation,no_cache_aware,0.176,0.207,True,142691,4192544,,276455,40,,1.9374382406739037
case_046,1,1,5,ablation,no_level,0.18,0.352,True,275776,7897248,,276455,200,,1.0024621431886749
case_046,3,3,2,ablation,full,0.025,0.155,True,137552,3521632,0.573590037825662,276455,2,,2.00982174014191
case_046,3,3,2,ablation,no_comm,0.018,0.15,True,137675,3569088,0.5625456168819666,276455,4,,2.008026148538224
case_046,3,3,2,ablation,no_balance,0.011,0.162,True,137552,3521632,0.573590037825662,276455,2,,2.00982174014191
case_046,3,3,2,ablation,no_sync,0.024,0.168,True,137552,3521632,0.573590037825662,276455,2,,2.00982174014191
case_046,3,3,2,ablation,no_localsearch,0.016,0.581,True,137552,3521632,0.573590037825662,276455,2,,2.00982174014191
case_046,3,3,2,ablation,no_cache_aware,0.023,0.157,True,137552,3521632,0.573590037825662,276455,2,,2.00982174014191
case_046,3,3,2,ablation,no_level,0.022,0.157,True,137552,3521632,0.573590037825662,276455,8,,2.00982174014191
case_046,2,2,4,ablation,full,0.541,0.164,True,141910,3259040,,276455,26,,1.948100909026848
case_046,2,2,4,ablation,no_comm,0.063,0.157,True,152922,4940288,,276455,9,,1.80781705706177
case_046,2,2,4,ablation,no_balance,0.015,0.19,True,117455,4044576,,276455,74,,2.3537099314631136
case_046,2,2,4,ablation,no_sync,0.11,0.167,True,134747,2697632,,276455,29,,2.051659777212109
case_046,2,2,4,ablation,no_localsearch,0.019,0.19,True,128886,3523424,,276455,45,,2.1449575593935726
case_046,2,2,4,ablation,no_cache_aware,0.184,0.167,True,141910,3259040,,276455,26,,1.948100909026848
case_046,2,2,4,ablation,no_level,0.182,0.172,True,147575,2949920,,276455,200,,1.8733186515331188
case_046,3,3,3,ablation,full,0.056,0.206,True,102704,2064576,0.3825620286648099,276455,46,,2.6917646829724258
case_046,3,3,3,ablation,no_comm,0.026,0.312,True,120676,3848000,0.40927312048184655,276455,6,,2.290886340283072
case_046,3,3,3,ablation,no_balance,0.016,0.206,True,144795,2985728,0.3177470672997882,276455,38,,1.9092855416278187
case_046,3,3,3,ablation,no_sync,0.043,0.209,True,102704,2064576,0.3825620286648099,276455,46,,2.6917646829724258
case_046,3,3,3,ablation,no_localsearch,0.019,0.373,True,102704,2064576,0.3825620286648099,276455,46,,2.6917646829724258
case_046,3,3,3,ablation,no_cache_aware,0.059,0.207,True,102704,2064576,0.3825620286648099,276455,46,,2.6917646829724258
case_046,3,3,3,ablation,no_level,0.058,0.208,True,253571,2277952,0.42663193994319587,276455,200,,1.0902469130933743
case_046,3,3,4,ablation,full,0.079,0.189,True,107233,3523424,0.6268386104265106,276455,45,,2.5780776440088404
case_046,3,3,4,ablation,no_comm,0.038,0.171,True,128934,4454592,0.4659062732457228,276455,8,,2.144159027099136
case_046,3,3,4,ablation,no_balance,0.016,0.214,True,97118,4044576,0.4475248673259287,276455,74,,2.846588685928458
case_046,3,3,4,ablation,no_sync,0.052,0.177,True,107233,3523424,0.6268386104265106,276455,45,,2.5780776440088404
case_046,3,3,4,ablation,no_localsearch,0.018,0.183,True,107233,3523424,0.6268386104265106,276455,45,,2.5780776440088404
case_046,3,3,4,ablation,no_cache_aware,0.174,0.204,True,123717,3259040,0.6179136914001863,276455,26,,2.234575684829086
case_046,3,3,4,ablation,no_level,0.075,0.22,True,218544,4912416,0.730137146876099,276455,200,,1.264985540669156
case_046,2,2,5,ablation,full,0.177,0.17,True,105094,3042336,,276455,40,,2.630549793518184
case_046,2,2,5,ablation,no_comm,0.191,0.155,True,127238,4635648,,276455,8,,2.172739276002452
case_046,2,2,5,ablation,no_balance,0.015,0.222,True,114554,5196160,,276455,125,,2.413315990711804
case_046,2,2,5,ablation,no_sync,0.116,0.177,True,108933,3342880,,276455,41,,2.5378443630488468
case_046,2,2,5,ablation,no_localsearch,0.02,0.659,True,127777,5023552,,276455,93,,2.1635740391463254
case_046,2,2,5,ablation,no_cache_aware,0.183,0.197,True,105094,3042336,,276455,40,,2.630549793518184
case_046,2,2,5,ablation,no_level,0.172,0.196,True,156778,2988064,,276455,200,,1.7633532766076874
case_046,3,3,5,ablation,full,0.184,0.212,True,91643,4991360,0.5709382219330345,276455,95,,3.016651571860371
case_046,3,3,5,ablation,no_comm,0.05,0.177,True,96367,4323168,0.5223034164012241,276455,13,,2.8687725051106705
case_046,3,3,5,ablation,no_balance,0.015,0.228,True,113949,5196160,0.04303573209435479,276455,125,,2.426129233253473
case_046,3,3,5,ablation,no_sync,0.065,0.246,True,93246,5023552,0.5727949622945844,276455,93,,2.9647920554232887
case_046,3,3,5,ablation,no_localsearch,0.022,0.242,True,93246,5023552,0.5727949622945844,276455,93,,2.9647920554232887
case_046,3,3,5,ablation,no_cache_aware,0.209,0.487,True,90931,3042336,0.6174274277641361,276455,40,,3.040272294377055
case_046,3,3,5,ablation,no_level,0.185,0.223,True,233568,5594880,0.7312294049883462,276455,200,,1.1836167625702152
case_047,2,2,2,ablation,full,0.343,4.938,True,327816,147910,,326508,4,,0.996009956805037
case_047,2,2,2,ablation,no_comm,0.675,5.045,True,328736,223942,,326508,6,,0.9932225250657062
case_047,2,2,2,ablation,no_balance,0.21,5.168,True,329901,379654,,326508,9,,0.989715096347086
case_047,2,2,2,ablation,no_sync,0.364,4.958,True,327816,147910,,326508,4,,0.996009956805037
case_047,2,2,2,ablation,no_localsearch,0.254,5.01,True,327816,147910,,326508,4,,0.996009956805037
case_047,2,2,2,ablation,no_cache_aware,0.401,5.218,True,327816,147910,,326508,4,,0.996009956805037
case_047,2,2,2,ablation,no_level,0.349,5.576,True,329257,147910,,326508,36,,0.991650898841938
case_047,2,2,3,ablation,full,1.007,4.836,True,228168,1039756,,326508,69,,1.4309982118439044
case_047,2,2,3,ablation,no_comm,0.853,3.915,True,329778,356172,,326508,10,,0.9900842384877099
case_047,2,2,3,ablation,no_balance,0.217,4.862,True,136150,1235596,,326508,93,,2.3981491002570694
case_047,2,2,3,ablation,no_sync,0.99,4.95,True,226074,1041804,,326508,73,,1.444252766793174
case_047,2,2,3,ablation,no_localsearch,0.271,5.101,True,226074,1041804,,326508,73,,1.444252766793174
case_047,2,2,3,ablation,no_cache_aware,1.128,5.086,True,228168,1039756,,326508,69,,1.4309982118439044
case_047,2,2,3,ablation,no_level,1.062,4.845,True,173369,1039756,,326508,590,,1.8833124722412888
case_047,2,2,4,ablation,full,1.432,4.844,True,192348,1434578,,326508,86,,1.6974858069748582
case_047,2,2,4,ablation,no_comm,0.458,3.788,True,330320,506834,,326508,17,,0.9884596754662146
case_047,2,2,4,ablation,no_balance,0.223,5.079,True,119430,1951698,,326508,124,,2.733885958301934
case_047,2,2,4,ablation,no_sync,0.616,4.422,True,191173,1430482,,326508,90,,1.7079190052988655
case_047,2,2,4,ablation,no_localsearch,0.279,4.811,True,191173,1430482,,326508,90,,1.7079190052988655
case_047,2,2,4,ablation,no_cache_aware,1.59,4.493,True,192348,1434578,,326508,86,,1.6974858069748582
case_047,2,2,4,ablation,no_level,1.533,4.902,True,159025,1434578,,326508,590,,2.0531866058795787
case_047,1,1,3,ablation,full,0.99,4.377,True,250370,1575322,,326508,69,,1.3041019291448657
case_047,1,1,3,ablation,no_comm,0.373,8.119,True,332561,371422,,326508,10,,0.9817988278842077
case_047,1,1,3,ablation,no_balance,0.233,5.06,True,160313,1496464,,326508,93,,2.036690723771622
case_047,1,1,3,ablation,no_sync,0.524,4.576,True,248368,1661476,,326508,73,,1.3146137988790827
case_047,1,1,3,ablation,no_localsearch,0.287,4.255,True,248368,1661476,,326508,73,,1.3146137988790827
case_047,1,1,3,ablation,no_cache_aware,1.688,4.086,True,250370,1575322,,326508,69,,1.3041019291448657
case_047,1,1,3,ablation,no_level,1.618,8.66,True,263071,2686698,,326508,590,,1.2411402245021306
case_047,1,1,5,ablation,full,1.061,4.69,True,187431,1838880,,326508,118,,1.7420170622789186
case_047,1,1,5,ablation,no_comm,0.59,5.909,True,335620,732870,,326508,24,,0.972850247303498
case_047,1,1,5,ablation,no_balance,0.408,6.097,True,134932,2310282,,326508,155,,2.4197966383067024
case_047,1,1,5,ablation,no_sync,0.79,4.6,True,187431,1838880,,326508,118,,1.7420170622789186
case_047,1,1,5,ablation,no_localsearch,0.271,4.757,True,187431,1838880,,326508,118,,1.7420170622789186
case_047,1,1,5,ablation,no_cache_aware,1.283,4.808,True,187431,1838880,,326508,118,,1.7420170622789186
case_047,1,1,5,ablation,no_level,1.079,9.101,True,250539,2686698,,326508,590,,1.3032222528229138
case_047,1,1,4,ablation,full,1.439,4.525,True,217228,1638352,,326508,86,,1.5030659031064135
case_047,1,1,4,ablation,no_comm,0.495,6.784,True,334942,521900,,326508,17,,0.9748195209916941
case_047,1,1,4,ablation,no_balance,0.237,5.102,True,144597,2517116,,326508,124,,2.2580551463723313
case_047,1,1,4,ablation,no_sync,1.022,4.516,True,215607,1720282,,326508,90,,1.5143664166747832
case_047,1,1,4,ablation,no_localsearch,0.275,4.888,True,215607,1720282,,326508,90,,1.5143664166747832
case_047,1,1,4,ablation,no_cache_aware,1.493,4.846,True,217228,1638352,,326508,86,,1.5030659031064135
case_047,1,1,4,ablation,no_level,1.593,9.884,True,259269,2686698,,326508,590,,1.259340684771415
case_048,1,1,2,ablation,full,0.096,0.347,True,234288,429568,,222220,20,,0.9484907464317421
case_048,1,1,2,ablation,no_comm,0.031,0.401,True,224780,135374,,222220,6,,0.9886110863955868
case_048,1,1,2,ablation,no_balance,0.029,0.862,True,239269,455174,,222220,20,,0.9287454705791389
case_048,1,1,2,ablation,no_sync,0.053,0.347,True,245226,452206,,222220,26,,0.9061844991966594
case_048,1,1,2,ablation,no_localsearch,0.039,0.338,True,245226,452206,,222220,26,,0.9061844991966594
case_048,1,1,2,ablation,no_cache_aware,0.088,0.33,True,234288,429568,,222220,20,,0.9484907464317421
case_048,1,1,2,ablation,no_level,0.085,0.429,True,217749,615242,,222220,90,,1.020532815305696
case_048,1,1,3,ablation,full,0.118,0.391,True,231999,425816,,222220,35,,0.957848956245501
case_048,1,1,3,ablation,no_comm,0.054,0.383,True,231910,289508,,222220,13,,0.9582165495235221
case_048,1,1,3,ablation,no_balance,0.033,0.452,True,208666,580204,,222220,64,,1.0649554790909874
case_048,1,1,3,ablation,no_sync,0.064,0.399,True,238475,489820,,222220,38,,0.9318377188384527
case_048,1,1,3,ablation,no_localsearch,0.041,0.39,True,238475,489820,,222220,38,,0.9318377188384527
case_048,1,1,3,ablation,no_cache_aware,0.128,0.771,True,231999,425816,,222220,35,,0.957848956245501
case_048,1,1,3,ablation,no_level,0.119,0.548,True,218249,615242,,222220,90,,1.0181948141801338
case_048,1,1,4,ablation,full,0.229,0.445,True,203854,552668,,222220,53,,1.0900938907257154
case_048,1,1,4,ablation,no_comm,0.071,0.407,True,232103,319012,,222220,13,,0.9574197662244779
case_048,1,1,4,ablation,no_balance,0.034,0.475,True,208835,621720,,222220,57,,1.0640936624607944
case_048,1,1,4,ablation,no_sync,0.093,0.462,True,208769,627874,,222220,59,,1.0644300638504758
case_048,1,1,4,ablation,no_localsearch,0.05,0.543,True,208769,627874,,222220,59,,1.0644300638504758
case_048,1,1,4,ablation,no_cache_aware,0.212,0.391,True,203854,552668,,222220,53,,1.0900938907257154
case_048,1,1,4,ablation,no_level,0.212,0.963,True,219559,615242,,222220,90,,1.0121197491334903
case_048,1,1,5,ablation,full,0.566,0.886,True,233344,1463810,,222220,227,,0.9523278935820076
case_048,1,1,5,ablation,no_comm,0.083,0.46,True,240002,563718,,222220,23,,0.9259089507587437
case_048,1,1,5,ablation,no_balance,0.036,0.819,True,272617,1660786,,222220,230,,0.8151362534251348
case_048,1,1,5,ablation,no_sync,0.174,0.791,True,240753,1474236,,222220,227,,0.9230206892541318
case_048,1,1,5,ablation,no_localsearch,0.043,0.86,True,233938,1775632,,222220,269,,0.9499098051620515
case_048,1,1,5,ablation,no_cache_aware,0.517,1.138,True,233344,1463810,,222220,227,,0.9523278935820076
case_048,1,1,5,ablation,no_level,0.489,1.19,True,435030,1872830,,222220,540,,0.5108153460680872
case_048,2,2,2,ablation,full,0.079,0.317,True,212447,344646,,222220,20,,1.0460020616906804
case_048,2,2,2,ablation,no_comm,0.032,0.304,True,223949,128838,,222220,6,,0.9922794922058147
case_048,2,2,2,ablation,no_balance,0.029,0.331,True,222987,331332,,222220,20,,0.996560337598156
case_048,2,2,2,ablation,no_sync,0.05,0.738,True,210650,348742,,222220,26,,1.054925231426537
case_048,2,2,2,ablation,no_localsearch,0.031,0.321,True,210650,348742,,222220,26,,1.054925231426537
case_048,2,2,2,ablation,no_cache_aware,0.084,0.301,True,212447,344646,,222220,20,,1.0460020616906804
case_048,2,2,2,ablation,no_level,0.084,0.312,True,189405,344646,,222220,90,,1.17325308202001
case_048,2,2,3,ablation,full,0.115,0.277,True,192299,304268,,222220,35,,1.1555962329497294
case_048,2,2,3,ablation,no_comm,0.045,0.291,True,228271,284812,,222220,13,,0.973492033591652
case_048,2,2,3,ablation,no_balance,0.028,0.737,True,183364,576140,,222220,64,,1.2119063720250431
case_048,2,2,3,ablation,no_sync,0.066,0.294,True,185387,307340,,222220,38,,1.198681676708723
case_048,2,2,3,ablation,no_localsearch,0.032,0.315,True,185387,307340,,222220,38,,1.198681676708723
case_048,2,2,3,ablation,no_cache_aware,0.105,0.271,True,192299,304268,,222220,35,,1.1555962329497294
case_048,2,2,3,ablation,no_level,0.1,0.276,True,188006,304268,,222220,90,,1.1819835537163708
case_048,2,2,4,ablation,full,0.19,0.733,True,184399,511186,,222220,53,,1.2051041491548218
case_048,2,2,4,ablation,no_comm,0.065,0.282,True,227322,308434,,222220,13,,0.9775560658449248
case_048,2,2,4,ablation,no_balance,0.029,0.334,True,182326,736974,,222220,57,,1.2188058751905926
case_048,2,2,4,ablation,no_sync,0.082,0.302,True,188551,504016,,222220,59,,1.1785670720388648
case_048,2,2,4,ablation,no_localsearch,0.036,0.326,True,188551,504016,,222220,59,,1.1785670720388648
case_048,2,2,4,ablation,no_cache_aware,0.2,0.32,True,184399,511186,,222220,53,,1.2051041491548218
case_048,2,2,4,ablation,no_level,0.234,0.672,True,185083,511186,,222220,90,,1.20065051895636
case_047,2,2,5,ablation,full,0.953,4.281,True,160953,1827096,,326508,118,,2.0285921977223165
case_047,2,2,5,ablation,no_comm,1.094,3.852,True,329063,654936,,326508,24,,0.992235529366717
case_047,2,2,5,ablation,no_balance,0.72,5.607,True,113192,2616600,,326508,155,,2.8845501448865645
case_047,2,2,5,ablation,no_sync,0.878,5.295,True,160953,1827096,,326508,118,,2.0285921977223165
case_047,2,2,5,ablation,no_localsearch,0.274,4.11,True,160953,1827096,,326508,118,,2.0285921977223165
case_047,2,2,5,ablation,no_cache_aware,1.512,4.718,True,160953,1827096,,326508,118,,2.0285921977223165
case_047,2,2,5,ablation,no_level,1.049,4.276,True,154869,1827096,,326508,590,,2.10828506673382
case_047,3,3,2,ablation,full,0.304,5.134,True,327816,147910,0.0526784601511697,326508,4,,0.996009956805037
case_047,3,3,2,ablation,no_comm,0.253,5.639,True,328735,223942,0.06778332145402709,326508,6,,0.9932255464127641
case_047,3,3,2,ablation,no_balance,0.229,6.063,True,329900,379654,0.10068794280448219,326508,9,,0.9897180963928464
case_047,3,3,2,ablation,no_sync,0.956,4.97,True,327816,147910,0.0526784601511697,326508,4,,0.996009956805037
case_047,3,3,2,ablation,no_localsearch,0.73,4.615,True,327816,147910,0.0526784601511697,326508,4,,0.996009956805037
case_047,3,3,2,ablation,no_cache_aware,0.887,5.138,True,327816,147910,0.0526784601511697,326508,4,,0.996009956805037
case_047,3,3,2,ablation,no_level,0.367,5.35,True,329257,147910,0.0526784601511697,326508,36,,0.991650898841938
case_048,3,3,2,ablation,full,0.088,0.783,True,212447,344646,0.007998714187031072,222220,20,,1.0460020616906804
case_048,3,3,2,ablation,no_comm,0.031,0.287,True,223919,128838,0.05061570183437251,222220,6,,0.9924124348536748
case_048,3,3,2,ablation,no_balance,0.027,0.377,True,222987,331332,0.0010067032551229046,222220,20,,0.996560337598156
case_048,3,3,2,ablation,no_sync,0.049,0.358,True,210649,348742,0.000885706273809768,222220,26,,1.0549302394029878
case_048,3,3,2,ablation,no_localsearch,0.039,0.37,True,210649,348742,0.000885706273809768,222220,26,,1.0549302394029878
case_048,3,3,2,ablation,no_cache_aware,0.106,0.777,True,212447,344646,0.007998714187031072,222220,20,,1.0460020616906804
case_048,3,3,2,ablation,no_level,0.086,0.315,True,189405,344646,0.007998714187031072,222220,90,,1.17325308202001
case_047,3,3,3,ablation,full,1.119,5.368,True,228157,1039756,0.24691618188842615,326508,69,,1.4310672037237517
case_047,3,3,3,ablation,no_comm,0.882,4.681,True,329771,356172,0.09072771754340035,326508,10,,0.9901052548586746
case_047,3,3,3,ablation,no_balance,0.245,6.123,True,136132,1235596,0.1993658040310678,326508,93,,2.3984661945758528
case_047,3,3,3,ablation,no_sync,0.544,5.081,True,226057,1041804,0.24810104140311479,326508,73,,1.4443613778825695
case_047,3,3,3,ablation,no_localsearch,0.67,4.893,True,226057,1041804,0.24810104140311479,326508,73,,1.4443613778825695
case_047,3,3,3,ablation,no_cache_aware,1.01,5.242,True,228157,1039756,0.24691618188842615,326508,69,,1.4310672037237517
case_047,3,3,3,ablation,no_level,1.081,4.971,True,173298,1039756,0.2958949588608589,326508,590,,1.8840840632898244
case_048,2,2,5,ablation,full,0.485,0.421,True,180881,1284824,,222220,229,,1.2285425224318751
case_048,2,2,5,ablation,no_comm,0.092,0.342,True,232723,526136,,222220,23,,0.9548690932997598
case_048,2,2,5,ablation,no_balance,0.046,0.494,True,172257,1774264,,222220,230,,1.290049170715849
case_048,2,2,5,ablation,no_sync,0.185,0.925,True,177970,1325912,,222220,227,,1.248637410799573
case_048,2,2,5,ablation,no_localsearch,0.049,0.537,True,167951,1832664,,222220,269,,1.3231240064066305
case_048,2,2,5,ablation,no_cache_aware,0.497,0.436,True,180881,1284824,,222220,229,,1.2285425224318751
case_048,2,2,5,ablation,no_level,0.507,0.43,True,299521,1284824,,222220,540,,0.7419179289599059
case_048,3,3,3,ablation,full,0.109,0.281,True,192299,304268,0.05111435917679316,222220,35,,1.1555962329497294
case_048,3,3,3,ablation,no_comm,0.049,0.302,True,228265,284812,0.0852756421139434,222220,13,,0.9735176220620769
case_048,3,3,3,ablation,no_balance,0.027,0.334,True,183208,576140,0.12205370625697591,222220,64,,1.2129382996375704
case_048,3,3,3,ablation,no_sync,0.06,0.291,True,185393,307340,0.05188306184188594,222220,38,,1.198642882956746
case_048,3,3,3,ablation,no_localsearch,0.037,0.317,True,185393,307340,0.05188306184188594,222220,38,,1.198642882956746
case_048,3,3,3,ablation,no_cache_aware,0.103,0.768,True,192299,304268,0.05111435917679316,222220,35,,1.1555962329497294
case_048,3,3,3,ablation,no_level,0.111,0.332,True,187988,304268,0.05123171629450235,222220,90,,1.1820967295784837
case_047,3,3,5,ablation,full,1.209,4.946,True,160804,1827096,0.40732167341663295,326508,118,,2.030471878808985
case_047,3,3,5,ablation,no_comm,0.912,4.281,True,329024,654936,0.18216707750008845,326508,24,,0.9923531414121766
case_047,3,3,5,ablation,no_balance,0.27,5.233,True,108778,2616600,0.469034221794467,326508,155,,3.001599588152016
case_047,3,3,5,ablation,no_sync,1.002,4.672,True,160804,1827096,0.40732167341663295,326508,118,,2.030471878808985
case_047,3,3,5,ablation,no_localsearch,0.277,4.632,True,160804,1827096,0.40732167341663295,326508,118,,2.030471878808985
case_047,3,3,5,ablation,no_cache_aware,1.066,4.749,True,160804,1827096,0.40732167341663295,326508,118,,2.030471878808985
case_047,3,3,5,ablation,no_level,1.392,4.637,True,154393,1827096,0.45363324915429876,326508,590,,2.114784996729126
case_048,3,3,4,ablation,full,0.194,0.314,True,184268,511186,0.1065773556431232,222220,53,,1.2059608830616275
case_048,3,3,4,ablation,no_comm,0.06,0.271,True,227322,308434,0.07352800644359804,222220,13,,0.9775560658449248
case_048,3,3,4,ablation,no_balance,0.027,0.353,True,182028,736974,0.21887531641994895,222220,57,,1.2208011954204847
case_048,3,3,4,ablation,no_sync,0.086,0.311,True,188578,504016,0.09636000734561416,222220,59,,1.1783983285430961
case_048,3,3,4,ablation,no_localsearch,0.033,0.301,True,188578,504016,0.09636000734561416,222220,59,,1.1783983285430961
case_048,3,3,4,ablation,no_cache_aware,0.192,0.753,True,184268,511186,0.1065773556431232,222220,53,,1.2059608830616275
case_048,3,3,4,ablation,no_level,0.2,0.322,True,184890,511186,0.10149896396018733,222220,90,,1.2019038347125317
case_047,3,3,4,ablation,full,2.168,4.871,True,192330,1434578,0.33898557348262986,326508,86,,1.6976446732179067
case_047,3,3,4,ablation,no_comm,1.094,4.184,True,330302,506834,0.12329302117982126,326508,17,,0.9885135421523333
case_047,3,3,4,ablation,no_balance,0.252,5.509,True,117890,1951698,0.5079865519684628,326508,124,,2.7695987785223513
case_047,3,3,4,ablation,no_sync,1.121,4.309,True,191150,1430482,0.33950823621525583,326508,90,,1.7081245095474757
case_047,3,3,4,ablation,no_localsearch,0.771,4.81,True,191150,1430482,0.33950823621525583,326508,90,,1.7081245095474757
case_047,3,3,4,ablation,no_cache_aware,1.554,4.4,True,192330,1434578,0.33898557348262986,326508,86,,1.6976446732179067
case_047,3,3,4,ablation,no_level,2.035,4.928,True,158874,1434578,0.36207461618488074,326508,590,,2.0551380339136673
case_048,3,3,5,ablation,full,0.857,0.462,True,172239,1640792,0.2753824115997034,222220,256,,1.2901839885275692
case_048,3,3,5,ablation,no_comm,0.077,0.304,True,232722,526136,0.13739854318418315,222220,23,,0.9548731963458547
case_048,3,3,5,ablation,no_balance,0.036,0.533,True,171821,1774264,0.22119456558857997,222220,230,,1.2933227021144098
case_048,3,3,5,ablation,no_sync,0.181,0.836,True,178655,1630296,0.2736655291362099,222220,266,,1.2438498782569758
case_048,3,3,5,ablation,no_localsearch,0.045,0.522,True,166893,1832664,0.29035816052657487,222220,269,,1.33151180696614
case_048,3,3,5,ablation,no_cache_aware,0.508,0.458,True,180749,1284824,0.16618871014441972,222220,229,,1.2294397202750775
case_048,3,3,5,ablation,no_level,0.48,0.479,True,307668,1640792,0.27508762879475285,222220,540,,0.7222720594926999
case_049,1,1,3,ablation,full,0.146,1.132,True,197017,735052,,196276,15,,0.9962389032418523
case_049,1,1,3,ablation,no_comm,0.116,1.762,True,160248,854056,,196276,15,,1.2248265188957117
case_049,1,1,3,ablation,no_balance,0.063,1.058,True,168371,936980,,196276,19,,1.1657351919273509
case_049,1,1,3,ablation,no_sync,0.156,1.102,True,197017,735052,,196276,15,,0.9962389032418523
case_049,1,1,3,ablation,no_localsearch,0.088,1.617,True,197017,735052,,196276,15,,0.9962389032418523
case_049,1,1,3,ablation,no_cache_aware,0.148,1.147,True,197017,735052,,196276,15,,0.9962389032418523
case_049,1,1,3,ablation,no_level,0.145,1.034,True,203164,546822,,196276,30,,0.9660963556535607
case_049,2,2,2,ablation,full,0.12,0.846,True,198972,253926,,196276,5,,0.9864503548237943
case_049,2,2,2,ablation,no_comm,0.08,1.284,True,197668,174438,,196276,5,,0.9929578889855718
case_049,2,2,2,ablation,no_balance,0.062,0.839,True,183850,320358,,196276,8,,1.0675877073701387
case_049,2,2,2,ablation,no_sync,0.123,0.874,True,198972,253926,,196276,5,,0.9864503548237943
case_049,2,2,2,ablation,no_localsearch,0.576,0.864,True,198972,253926,,196276,5,,0.9864503548237943
case_049,2,2,2,ablation,no_cache_aware,0.119,1.38,True,198972,253926,,196276,5,,0.9864503548237943
case_049,2,2,2,ablation,no_level,0.112,0.883,True,200782,253926,,196276,27,,0.9775577492006255
case_049,1,1,2,ablation,full,0.55,1.452,True,200834,279728,,196276,5,,0.9773046396526485
case_049,1,1,2,ablation,no_comm,0.075,2.204,True,198926,177740,,196276,5,,0.9866784633481798
case_049,1,1,2,ablation,no_balance,0.066,1.18,True,186601,388090,,196276,8,,1.0518485967384954
case_049,1,1,2,ablation,no_sync,0.12,1.781,True,200834,279728,,196276,5,,0.9773046396526485
case_049,1,1,2,ablation,no_localsearch,0.081,1.359,True,200834,279728,,196276,5,,0.9773046396526485
case_049,1,1,2,ablation,no_cache_aware,0.117,1.736,True,200834,279728,,196276,5,,0.9773046396526485
case_049,1,1,2,ablation,no_level,0.116,1.186,True,206432,340246,,196276,27,,0.9508022012091149
case_049,1,1,4,ablation,full,0.239,1.233,True,116967,598572,,196276,35,,1.67804594458266
case_049,1,1,4,ablation,no_comm,0.15,1.112,True,131965,929864,,196276,25,,1.4873337627401204
case_049,1,1,4,ablation,no_balance,0.071,1.224,True,80869,666416,,196276,52,,2.4270857807070696
case_049,1,1,4,ablation,no_sync,0.205,1.201,True,116967,598572,,196276,35,,1.67804594458266
case_049,1,1,4,ablation,no_localsearch,0.093,1.041,True,116967,598572,,196276,35,,1.67804594458266
case_049,1,1,4,ablation,no_cache_aware,0.265,1.134,True,116967,598572,,196276,35,,1.67804594458266
case_049,1,1,4,ablation,no_level,0.244,1.604,True,113989,947046,,196276,185,,1.7218854450868066
case_049,1,1,5,ablation,full,0.308,1.105,True,94514,796374,,196276,50,,2.0766870516537232
case_049,1,1,5,ablation,no_comm,0.199,1.59,True,118593,1209310,,196276,32,,1.6550386616410748
case_049,1,1,5,ablation,no_balance,0.07,1.15,True,69579,891320,,196276,65,,2.8209086074821426
case_049,1,1,5,ablation,no_sync,0.256,1.073,True,94514,796374,,196276,50,,2.0766870516537232
case_049,1,1,5,ablation,no_localsearch,0.085,1.061,True,94514,796374,,196276,50,,2.0766870516537232
case_049,1,1,5,ablation,no_cache_aware,0.32,1.565,True,94514,796374,,196276,50,,2.0766870516537232
case_049,1,1,5,ablation,no_level,0.326,1.409,True,103538,947046,,196276,185,,1.895690471131372
case_049,2,2,3,ablation,full,0.495,0.766,True,193496,469836,,196276,15,,1.014367222061438
case_049,2,2,3,ablation,no_comm,0.106,1.172,True,156301,383980,,196276,15,,1.2557565210715222
case_049,2,2,3,ablation,no_balance,0.065,0.823,True,162594,582028,,196276,19,,1.207154015523328
case_049,2,2,3,ablation,no_sync,0.162,1.118,True,193496,469836,,196276,15,,1.014367222061438
case_049,2,2,3,ablation,no_localsearch,0.082,1.177,True,193496,469836,,196276,15,,1.014367222061438
case_049,2,2,3,ablation,no_cache_aware,0.16,0.826,True,193496,469836,,196276,15,,1.014367222061438
case_049,2,2,3,ablation,no_level,0.146,1.144,True,197164,469836,,196276,30,,0.9954961351970948
case_047,1,1,2,ablation,full,0.849,16.686,True,329256,151628,,326508,4,,0.991653910634886
case_047,1,1,2,ablation,no_comm,0.244,12.792,True,329582,237456,,326508,6,,0.9906730343283311
case_047,1,1,2,ablation,no_balance,0.228,7.46,True,333067,417822,,326508,9,,0.9803072655051386
case_047,1,1,2,ablation,no_sync,0.625,18.79,True,329256,151628,,326508,4,,0.991653910634886
case_047,1,1,2,ablation,no_localsearch,0.928,17.782,True,329256,151628,,326508,4,,0.991653910634886
case_047,1,1,2,ablation,no_cache_aware,0.931,17.401,True,329256,151628,,326508,4,,0.991653910634886
case_047,1,1,2,ablation,no_level,0.881,7.357,True,335593,383774,,326508,36,,0.9729285175793297
case_049,2,2,4,ablation,full,0.261,1.264,True,104503,606078,,196276,35,,1.8781853152541075
case_049,2,2,4,ablation,no_comm,0.144,0.779,True,124268,563314,,196276,25,,1.5794573019602793
case_049,2,2,4,ablation,no_balance,0.075,1.33,True,71634,755582,,196276,52,,2.739983806572298
case_049,2,2,4,ablation,no_sync,0.243,0.848,True,104503,606078,,196276,35,,1.8781853152541075
case_049,2,2,4,ablation,no_localsearch,0.09,1.314,True,104503,606078,,196276,35,,1.8781853152541075
case_049,2,2,4,ablation,no_cache_aware,0.279,0.807,True,104503,606078,,196276,35,,1.8781853152541075
case_049,2,2,4,ablation,no_level,0.241,1.401,True,85165,606078,,196276,185,,2.3046556684083837
case_049,3,3,3,ablation,full,0.151,1.023,True,193494,469836,0.12067433011415274,196276,15,,1.0143777068022781
case_049,3,3,3,ablation,no_comm,0.113,0.973,True,156301,383980,0.08755327359978522,196276,15,,1.2557565210715222
case_049,3,3,3,ablation,no_balance,0.073,1.088,True,162594,582028,0.1638551162932986,196276,19,,1.207154015523328
case_049,3,3,3,ablation,no_sync,0.337,1.041,True,193494,469836,0.12067433011415274,196276,15,,1.0143777068022781
case_049,3,3,3,ablation,no_localsearch,0.083,0.984,True,193494,469836,0.12067433011415274,196276,15,,1.0143777068022781
case_049,3,3,3,ablation,no_cache_aware,0.141,1.083,True,193494,469836,0.12067433011415274,196276,15,,1.0143777068022781
case_049,3,3,3,ablation,no_level,0.141,0.982,True,197164,469836,0.12067433011415274,196276,30,,0.9954961351970948
case_049,3,3,2,ablation,full,0.118,1.244,True,198972,253926,0.044865835843741916,196276,5,,0.9864503548237943
case_049,3,3,2,ablation,no_comm,0.07,0.787,True,197666,174438,0.050128921532742815,196276,5,,0.9929679358109134
case_049,3,3,2,ablation,no_balance,0.511,0.871,True,183850,320358,0.04961982048291219,196276,8,,1.0675877073701387
case_049,3,3,2,ablation,no_sync,0.112,1.271,True,198972,253926,0.044865835843741916,196276,5,,0.9864503548237943
case_049,3,3,2,ablation,no_localsearch,0.076,0.837,True,198972,253926,0.044865835843741916,196276,5,,0.9864503548237943
case_049,3,3,2,ablation,no_cache_aware,0.114,1.267,True,198972,253926,0.044865835843741916,196276,5,,0.9864503548237943
case_049,3,3,2,ablation,no_level,0.112,1.187,True,200782,253926,0.04665515722962725,196276,27,,0.9775577492006255
case_049,2,2,5,ablation,full,0.304,1.289,True,86408,748068,,196276,50,,2.27150263864457
case_049,2,2,5,ablation,no_comm,0.189,0.88,True,112526,716792,,196276,32,,1.7442724348150649
case_049,2,2,5,ablation,no_balance,0.082,1.356,True,59756,885412,,196276,65,,3.2846241381618584
case_049,2,2,5,ablation,no_sync,0.239,0.857,True,86408,748068,,196276,50,,2.27150263864457
case_049,2,2,5,ablation,no_localsearch,0.087,0.797,True,86408,748068,,196276,50,,2.27150263864457
case_049,2,2,5,ablation,no_cache_aware,0.322,1.389,True,86408,748068,,196276,50,,2.27150263864457
case_049,2,2,5,ablation,no_level,0.328,0.81,True,72736,748068,,196276,185,,2.698471183457985
case_049,3,3,4,ablation,full,0.241,0.81,True,104486,606078,0.26384853925248897,196276,35,,1.8784908983021649
case_049,3,3,4,ablation,no_comm,0.145,1.356,True,124259,563314,0.14888209346526546,196276,25,,1.5795717010437875
case_049,3,3,4,ablation,no_balance,0.078,0.897,True,71419,755582,0.43940027310982915,196276,52,,2.7482322631232585
case_049,3,3,4,ablation,no_sync,0.689,0.803,True,104486,606078,0.26384853925248897,196276,35,,1.8784908983021649
case_049,3,3,4,ablation,no_localsearch,0.082,1.376,True,104486,606078,0.26384853925248897,196276,35,,1.8784908983021649
case_049,3,3,4,ablation,no_cache_aware,0.252,0.802,True,104486,606078,0.26384853925248897,196276,35,,1.8784908983021649
case_049,3,3,4,ablation,no_level,0.241,1.302,True,84858,606078,0.3109882487351069,196276,185,,2.312993471446416
case_049,3,3,5,ablation,full,0.305,1.317,True,86262,748068,0.35126250039767964,196276,50,,2.275347198070993
case_049,3,3,5,ablation,no_comm,0.199,0.785,True,112493,716792,0.1520344879745878,196276,32,,1.7447841199007939
case_049,3,3,5,ablation,no_balance,0.068,1.276,True,58875,885412,0.5035241188157972,196276,65,,3.333774946921444
case_049,3,3,5,ablation,no_sync,0.25,0.814,True,86262,748068,0.35126250039767964,196276,50,,2.275347198070993
case_049,3,3,5,ablation,no_localsearch,0.533,0.832,True,86262,748068,0.35126250039767964,196276,50,,2.275347198070993
case_049,3,3,5,ablation,no_cache_aware,0.326,1.182,True,86262,748068,0.35126250039767964,196276,50,,2.275347198070993
case_049,3,3,5,ablation,no_level,0.324,0.881,True,72316,748068,0.3062522314248244,196276,185,,2.7141434813872447
case_050,1,1,3,ablation,full,0.295,0.986,True,99088,442068,,149690,20,,1.5106773776844824
case_050,1,1,3,ablation,no_comm,0.117,2.01,True,136805,423504,,149690,10,,1.094185154051387
case_050,1,1,3,ablation,no_balance,0.079,1.169,True,75115,548680,,149690,39,,1.9928110230979166
case_050,1,1,3,ablation,no_sync,0.267,0.98,True,99088,442068,,149690,20,,1.5106773776844824
case_050,1,1,3,ablation,no_localsearch,0.095,1.001,True,99087,442068,,149690,20,,1.5106926236539606
case_050,1,1,3,ablation,no_cache_aware,0.3,1.503,True,99088,442068,,149690,20,,1.5106773776844824
case_050,1,1,3,ablation,no_level,0.305,1.543,True,99142,854650,,149690,186,,1.509854552056646
case_050,2,2,2,ablation,full,0.125,0.858,True,138390,207022,,149690,7,,1.0816532986487464
case_050,2,2,2,ablation,no_comm,0.082,1.424,True,121005,188400,,149690,5,,1.2370563199867775
case_050,2,2,2,ablation,no_balance,0.076,0.893,True,133049,225894,,149690,8,,1.1250742207758044
case_050,2,2,2,ablation,no_sync,0.123,1.339,True,138390,207022,,149690,7,,1.0816532986487464
case_050,2,2,2,ablation,no_localsearch,0.089,0.904,True,138390,207022,,149690,7,,1.0816532986487464
case_050,2,2,2,ablation,no_cache_aware,0.12,1.364,True,138390,207022,,149690,7,,1.0816532986487464
case_050,2,2,2,ablation,no_level,0.118,1.375,True,141377,207022,,149690,39,,1.0588002291744767
case_050,2,2,3,ablation,full,0.325,0.862,True,89857,364908,,149690,20,,1.6658691031305297
case_050,2,2,3,ablation,no_comm,0.143,1.259,True,131725,397426,,149690,10,,1.1363826152970202
case_050,2,2,3,ablation,no_balance,0.082,0.863,True,66151,451948,,149690,39,,2.262853169264259
case_050,2,2,3,ablation,no_sync,0.259,1.284,True,89857,364908,,149690,20,,1.6658691031305297
case_050,2,2,3,ablation,no_localsearch,0.096,0.862,True,89711,364908,,149690,20,,1.6685802187022774
case_050,2,2,3,ablation,no_cache_aware,0.303,1.299,True,89857,364908,,149690,20,,1.6658691031305297
case_050,2,2,3,ablation,no_level,0.292,0.84,True,75020,364908,,149690,186,,1.9953345774460145
case_050,1,1,2,ablation,full,0.127,1.333,True,139823,234084,,149690,7,,1.0705677892764422
case_050,1,1,2,ablation,no_comm,0.081,2.188,True,121570,189790,,149690,5,,1.2313070658879657
case_050,1,1,2,ablation,no_balance,0.069,1.296,True,135392,259618,,149690,8,,1.1056044670290712
case_050,1,1,2,ablation,no_sync,0.125,1.921,True,139823,234084,,149690,7,,1.0705677892764422
case_050,1,1,2,ablation,no_localsearch,0.088,1.276,True,139823,234084,,149690,7,,1.0705677892764422
case_050,1,1,2,ablation,no_cache_aware,0.111,1.295,True,139823,234084,,149690,7,,1.0705677892764422
case_050,1,1,2,ablation,no_level,0.616,1.225,True,146592,298270,,149690,39,,1.0211334861383978
case_050,1,1,4,ablation,full,0.756,0.962,True,89545,510898,,149690,23,,1.6716734602713719
case_050,1,1,4,ablation,no_comm,0.15,1.493,True,95804,700900,,149690,21,,1.5624608575842345
case_050,1,1,4,ablation,no_balance,0.091,1.246,True,65339,895076,,149690,52,,2.290974762393058
case_050,1,1,4,ablation,no_sync,0.422,1.063,True,84107,828184,,149690,37,,1.7797567384403201
case_050,1,1,4,ablation,no_localsearch,0.096,1.269,True,84107,828184,,149690,37,,1.7797567384403201
case_050,1,1,4,ablation,no_cache_aware,0.562,0.95,True,89545,510898,,149690,23,,1.6716734602713719
case_050,1,1,4,ablation,no_level,0.564,1.724,True,96697,854650,,149690,186,,1.5480314797770356
case_050,2,2,4,ablation,full,0.986,0.822,True,77852,571906,,149690,23,,1.9227508606073063
case_050,2,2,4,ablation,no_comm,0.167,1.248,True,90891,498866,,149690,21,,1.6469177366295893
case_050,2,2,4,ablation,no_balance,0.076,0.866,True,54661,627242,,149690,52,,2.7385155778342876
case_050,2,2,4,ablation,no_sync,0.218,1.249,True,70671,568834,,149690,37,,2.118124831967851
case_050,2,2,4,ablation,no_localsearch,0.098,1.202,True,70671,568834,,149690,37,,2.118124831967851
case_050,2,2,4,ablation,no_cache_aware,0.579,0.859,True,77852,571906,,149690,23,,1.9227508606073063
case_050,2,2,4,ablation,no_level,0.571,1.225,True,69621,571906,,149690,186,,2.150069662889071
case_050,1,1,5,ablation,full,0.529,1.14,True,75651,750768,,149690,49,,1.978691623375765
case_050,1,1,5,ablation,no_comm,0.542,1.635,True,116389,559080,,149690,19,,1.2861181039445309
case_050,1,1,5,ablation,no_balance,0.08,1.2,True,57813,735830,,149690,65,,2.5892100392645254
case_050,1,1,5,ablation,no_sync,0.458,1.593,True,75651,750768,,149690,49,,1.978691623375765
case_050,1,1,5,ablation,no_localsearch,0.088,1.146,True,75816,754224,,149690,49,,1.9743853540149836
case_050,1,1,5,ablation,no_cache_aware,0.528,1.14,True,75651,750768,,149690,49,,1.978691623375765
case_050,1,1,5,ablation,no_level,0.539,1.979,True,87611,854650,,149690,186,,1.7085754071977264
case_051,1,1,2,ablation,full,0.032,0.241,True,643255,9044060,,607628,24,,0.9446144996929678
case_051,1,1,2,ablation,no_comm,0.025,0.203,True,615373,1966100,,607628,6,,0.9874141374418443
case_051,1,1,2,ablation,no_balance,0.013,0.231,True,643255,9044060,,607628,24,,0.9446144996929678
case_051,1,1,2,ablation,no_sync,0.032,0.229,True,643255,9044060,,607628,24,,0.9446144996929678
case_051,1,1,2,ablation,no_localsearch,0.018,0.226,True,643255,9044060,,607628,24,,0.9446144996929678
case_051,1,1,2,ablation,no_cache_aware,0.031,0.234,True,643255,9044060,,607628,24,,0.9446144996929678
case_051,1,1,2,ablation,no_level,0.028,0.637,True,643255,9044060,,607628,24,,0.9446144996929678
case_051,1,1,3,ablation,full,0.042,0.227,True,643255,9044060,,607628,24,,0.9446144996929678
case_051,1,1,3,ablation,no_comm,0.032,0.221,True,620204,2752564,,607628,7,,0.9797228008848702
case_051,1,1,3,ablation,no_balance,0.014,0.228,True,643255,9044060,,607628,24,,0.9446144996929678
case_051,1,1,3,ablation,no_sync,0.039,0.224,True,643255,9044060,,607628,24,,0.9446144996929678
case_051,1,1,3,ablation,no_localsearch,0.017,0.241,True,643255,9044060,,607628,24,,0.9446144996929678
case_051,1,1,3,ablation,no_cache_aware,0.041,0.226,True,643255,9044060,,607628,24,,0.9446144996929678
case_051,1,1,3,ablation,no_level,0.041,0.237,True,643255,9044060,,607628,24,,0.9446144996929678
case_051,1,1,4,ablation,full,0.062,0.251,True,643255,9044060,,607628,24,,0.9446144996929678
case_051,1,1,4,ablation,no_comm,0.049,0.214,True,624667,4325420,,607628,12,,0.9727230668500176
case_051,1,1,4,ablation,no_balance,0.014,0.242,True,643255,9044060,,607628,24,,0.9446144996929678
case_051,1,1,4,ablation,no_sync,0.057,0.241,True,643255,9044060,,607628,24,,0.9446144996929678
case_051,1,1,4,ablation,no_localsearch,0.02,0.246,True,643255,9044060,,607628,24,,0.9446144996929678
case_051,1,1,4,ablation,no_cache_aware,0.06,0.236,True,643255,9044060,,607628,24,,0.9446144996929678
case_051,1,1,4,ablation,no_level,0.054,0.239,True,643255,9044060,,607628,24,,0.9446144996929678
case_051,1,1,5,ablation,full,0.18,0.211,True,623118,3932200,,607628,11,,0.9751411450158718
case_051,1,1,5,ablation,no_comm,0.058,0.235,True,629592,4915344,,607628,12,,0.9651139150433932
case_051,1,1,5,ablation,no_balance,0.015,0.643,True,643255,9044060,,607628,24,,0.9446144996929678
case_051,1,1,5,ablation,no_sync,0.07,0.254,True,643255,9044060,,607628,24,,0.9446144996929678
case_051,1,1,5,ablation,no_localsearch,0.019,0.256,True,643255,9044060,,607628,24,,0.9446144996929678
case_051,1,1,5,ablation,no_cache_aware,0.196,0.31,True,623118,3932200,,607628,11,,0.9751411450158718
case_051,1,1,5,ablation,no_level,0.198,0.226,True,631555,9044060,,607628,24,,0.9621141468280673
case_050,3,3,2,ablation,full,0.122,0.903,True,138390,207022,0.09385749385749385,149690,7,,1.0816532986487464
case_050,3,3,2,ablation,no_comm,0.087,1.361,True,120990,188400,0.11145821915305638,149690,5,,1.2372096867509712
case_050,3,3,2,ablation,no_balance,0.071,0.922,True,133049,225894,0.04438784050961639,149690,8,,1.1250742207758044
case_050,3,3,2,ablation,no_sync,0.124,1.405,True,138390,207022,0.09385749385749385,149690,7,,1.0816532986487464
case_050,3,3,2,ablation,no_localsearch,0.09,0.904,True,138390,207022,0.09385749385749385,149690,7,,1.0816532986487464
case_050,3,3,2,ablation,no_cache_aware,0.124,1.414,True,138390,207022,0.09385749385749385,149690,7,,1.0816532986487464
case_050,3,3,2,ablation,no_level,0.12,0.897,True,141377,207022,0.09385749385749385,149690,39,,1.0588002291744767
case_051,2,2,2,ablation,full,0.03,0.197,True,619721,393308,,607628,24,,0.9804863801613952
case_051,2,2,2,ablation,no_comm,0.022,0.637,True,610685,393236,,607628,6,,0.9949941459181083
case_051,2,2,2,ablation,no_balance,0.016,0.195,True,619721,393308,,607628,24,,0.9804863801613952
case_051,2,2,2,ablation,no_sync,0.029,0.186,True,619721,393308,,607628,24,,0.9804863801613952
case_051,2,2,2,ablation,no_localsearch,0.019,0.21,True,619721,393308,,607628,24,,0.9804863801613952
case_051,2,2,2,ablation,no_cache_aware,0.032,0.2,True,619721,393308,,607628,24,,0.9804863801613952
case_051,2,2,2,ablation,no_level,0.03,0.21,True,619721,393308,,607628,24,,0.9804863801613952
case_051,2,2,3,ablation,full,0.041,0.194,True,620268,786524,,607628,24,,0.9796217119051764
case_051,2,2,3,ablation,no_comm,0.039,0.195,True,615016,1179700,,607628,7,,0.9879873043953328
case_051,2,2,3,ablation,no_balance,0.013,0.191,True,620268,786524,,607628,24,,0.9796217119051764
case_051,2,2,3,ablation,no_sync,0.041,0.198,True,620268,786524,,607628,24,,0.9796217119051764
case_051,2,2,3,ablation,no_localsearch,0.017,0.191,True,620268,786524,,607628,24,,0.9796217119051764
case_051,2,2,3,ablation,no_cache_aware,0.045,0.614,True,620268,786524,,607628,24,,0.9796217119051764
case_051,2,2,3,ablation,no_level,0.043,0.203,True,620268,786524,,607628,24,,0.9796217119051764
case_050,3,3,3,ablation,full,0.758,0.88,True,89857,364908,0.26904661611906766,149690,20,,1.6658691031305297
case_050,3,3,3,ablation,no_comm,0.115,1.289,True,131725,397426,0.25716179920443344,149690,10,,1.1363826152970202
case_050,3,3,3,ablation,no_balance,0.079,0.915,True,66005,451948,0.33088884273921393,149690,39,,2.2678584955685177
case_050,3,3,3,ablation,no_sync,0.264,1.375,True,89857,364908,0.26904661611906766,149690,20,,1.6658691031305297
case_050,3,3,3,ablation,no_localsearch,0.091,0.882,True,89711,364908,0.26904661611906766,149690,20,,1.6685802187022774
case_050,3,3,3,ablation,no_cache_aware,0.332,1.41,True,89857,364908,0.26904661611906766,149690,20,,1.6658691031305297
case_050,3,3,3,ablation,no_level,0.294,0.863,True,74955,364908,0.28162735186745297,149690,186,,1.9970649056100327
case_050,3,3,4,ablation,full,0.579,0.856,True,77818,571906,0.3566479837008814,149690,23,,1.9235909429694928
case_050,3,3,4,ablation,no_comm,0.162,1.313,True,90890,498866,0.24965011975766685,149690,21,,1.6469358565298713
case_050,3,3,4,ablation,no_balance,0.077,0.914,True,54051,627242,0.4452971726867861,149690,52,,2.769421472313186
case_050,3,3,4,ablation,no_sync,0.69,0.879,True,70664,568834,0.3592088431859561,149690,37,,2.118334654137892
case_050,3,3,4,ablation,no_localsearch,0.098,0.907,True,70664,568834,0.3592088431859561,149690,37,,2.118334654137892
case_050,3,3,4,ablation,no_cache_aware,0.599,1.377,True,77818,571906,0.3566479837008814,149690,23,,1.9235909429694928
case_050,3,3,4,ablation,no_level,0.565,0.861,True,69310,571906,0.305396188233867,149690,186,,2.159717212523445
case_051,2,2,4,ablation,full,0.054,0.675,True,620815,1179740,,607628,24,,0.97875856736709
case_051,2,2,4,ablation,no_comm,0.048,0.189,True,614791,1179692,,607628,12,,0.9883488860442003
case_051,2,2,4,ablation,no_balance,0.013,0.201,True,620815,1179740,,607628,24,,0.97875856736709
case_051,2,2,4,ablation,no_sync,0.057,0.192,True,620815,1179740,,607628,24,,0.97875856736709
case_051,2,2,4,ablation,no_localsearch,0.016,0.178,True,620815,1179740,,607628,24,,0.97875856736709
case_051,2,2,4,ablation,no_cache_aware,0.052,0.181,True,620815,1179740,,607628,24,,0.97875856736709
case_051,2,2,4,ablation,no_level,0.056,0.186,True,620815,1179740,,607628,24,,0.97875856736709
case_050,2,2,5,ablation,full,0.542,0.847,True,66076,694624,,149690,49,,2.265421635692233
case_050,2,2,5,ablation,no_comm,0.352,1.345,True,107053,475366,,149690,22,,1.3982793569540322
case_050,2,2,5,ablation,no_balance,0.076,0.911,True,47982,783072,,149690,65,,3.1197115585011046
case_050,2,2,5,ablation,no_sync,0.452,1.32,True,66076,694624,,149690,49,,2.265421635692233
case_050,2,2,5,ablation,no_localsearch,0.098,1.448,True,66146,698080,,149690,49,,2.263024219151574
case_050,2,2,5,ablation,no_cache_aware,0.542,0.866,True,66076,694624,,149690,49,,2.265421635692233
case_050,2,2,5,ablation,no_level,0.548,1.333,True,61379,694624,,149690,186,,2.438781993841542
case_051,2,2,5,ablation,full,0.173,0.193,True,614836,1572904,,607628,11,,0.9882765485430262
case_051,2,2,5,ablation,no_comm,0.063,0.578,True,626827,2162832,,607628,12,,0.9693711343002136
case_051,2,2,5,ablation,no_balance,0.014,0.191,True,621362,1572956,,607628,24,,0.977896942523038
case_051,2,2,5,ablation,no_sync,0.072,0.194,True,621362,1572956,,607628,24,,0.977896942523038
case_051,2,2,5,ablation,no_localsearch,0.02,0.196,True,621362,1572956,,607628,24,,0.977896942523038
case_051,2,2,5,ablation,no_cache_aware,0.196,0.193,True,614836,1572904,,607628,11,,0.9882765485430262
case_051,2,2,5,ablation,no_level,0.186,0.237,True,614836,1572904,,607628,24,,0.9882765485430262
case_051,3,3,2,ablation,full,0.03,0.207,True,619721,393308,0.45830652605667294,607628,24,,0.9804863801613952
case_051,3,3,2,ablation,no_comm,0.021,0.188,True,610685,393236,0.458327505397728,607628,6,,0.9949941459181083
case_051,3,3,2,ablation,no_balance,0.013,0.19,True,619721,393308,0.45830652605667294,607628,24,,0.9804863801613952
case_051,3,3,2,ablation,no_sync,0.031,0.203,True,619721,393308,0.45830652605667294,607628,24,,0.9804863801613952
case_051,3,3,2,ablation,no_localsearch,0.018,0.201,True,619721,393308,0.45830652605667294,607628,24,,0.9804863801613952
case_051,3,3,2,ablation,no_cache_aware,0.032,0.618,True,619721,393308,0.45830652605667294,607628,24,,0.9804863801613952
case_051,3,3,2,ablation,no_level,0.028,0.205,True,619721,393308,0.45830652605667294,607628,24,,0.9804863801613952
case_051,3,3,3,ablation,full,0.045,0.197,True,620268,786524,0.6110872819561683,607628,24,,0.9796217119051764
case_051,3,3,3,ablation,no_comm,0.034,0.638,True,615016,1179700,0.5714177762987527,607628,7,,0.9879873043953328
case_051,3,3,3,ablation,no_balance,0.015,0.235,True,620268,786524,0.6110872819561683,607628,24,,0.9796217119051764
case_051,3,3,3,ablation,no_sync,0.049,0.208,True,620268,786524,0.6110872819561683,607628,24,,0.9796217119051764
case_051,3,3,3,ablation,no_localsearch,0.023,0.199,True,620268,786524,0.6110872819561683,607628,24,,0.9796217119051764
case_051,3,3,3,ablation,no_cache_aware,0.05,0.197,True,620268,786524,0.6110872819561683,607628,24,,0.9796217119051764
case_051,3,3,3,ablation,no_level,0.042,0.215,True,620268,786524,0.6110872819561683,607628,24,,0.9796217119051764
case_050,3,3,5,ablation,full,0.561,1.11,True,65910,694624,0.38653892747536744,149690,49,,2.271127294795934
case_050,3,3,5,ablation,no_comm,0.354,1.239,True,107053,475366,0.27078682947496224,149690,22,,1.3982793569540322
case_050,3,3,5,ablation,no_balance,0.078,1.137,True,46330,783072,0.46475422195416166,149690,65,,3.2309518670407944
case_050,3,3,5,ablation,no_sync,0.469,1.185,True,65910,694624,0.38653892747536744,149690,49,,2.271127294795934
case_050,3,3,5,ablation,no_localsearch,0.08,1.138,True,65908,698080,0.389197692183982,149690,49,,2.2711962129028342
case_050,3,3,5,ablation,no_cache_aware,0.558,1.056,True,65910,694624,0.38653892747536744,149690,49,,2.271127294795934
case_050,3,3,5,ablation,no_level,0.591,1.4,True,61174,694624,0.4129936601518333,149690,186,,2.4469545885506916
case_051,3,3,4,ablation,full,0.062,0.766,True,620815,1179740,0.6874798939545175,607628,24,,0.97875856736709
case_051,3,3,4,ablation,no_comm,0.047,0.193,True,614791,1179692,0.6874903839184785,607628,12,,0.9883488860442003
case_051,3,3,4,ablation,no_balance,0.016,0.197,True,620815,1179740,0.6874798939545175,607628,24,,0.97875856736709
case_051,3,3,4,ablation,no_sync,0.054,0.195,True,620815,1179740,0.6874798939545175,607628,24,,0.97875856736709
case_051,3,3,4,ablation,no_localsearch,0.02,0.202,True,620815,1179740,0.6874798939545175,607628,24,,0.97875856736709
case_051,3,3,4,ablation,no_cache_aware,0.058,0.194,True,620815,1179740,0.6874798939545175,607628,24,,0.97875856736709
case_051,3,3,4,ablation,no_level,0.056,0.198,True,620815,1179740,0.6874798939545175,607628,24,,0.97875856736709
case_052,1,1,2,ablation,full,0.026,0.438,True,97019,73728,,180301,2,,1.8584091775837723
case_052,1,1,2,ablation,no_comm,0.018,0.372,True,91916,131328,,180301,4,,1.9615844901866921
case_052,1,1,2,ablation,no_balance,0.014,0.373,True,91393,73728,,180301,2,,1.9728097337870516
case_052,1,1,2,ablation,no_sync,0.026,0.386,True,97019,73728,,180301,2,,1.8584091775837723
case_052,1,1,2,ablation,no_localsearch,0.017,0.369,True,97019,73728,,180301,2,,1.8584091775837723
case_052,1,1,2,ablation,no_cache_aware,0.024,0.353,True,97019,73728,,180301,2,,1.8584091775837723
case_052,1,1,2,ablation,no_level,0.022,0.202,True,108293,811008,,180301,47,,1.6649367918517355
case_051,3,3,5,ablation,full,0.193,0.227,True,614836,1572904,0.3666629367783938,607628,11,,0.9882765485430262
case_051,3,3,5,ablation,no_comm,0.064,0.232,True,622932,2162832,0.5796916849766305,607628,12,,0.9754323104287467
case_051,3,3,5,ablation,no_balance,0.015,0.201,True,621362,1572956,0.7333161760741682,607628,24,,0.977896942523038
case_051,3,3,5,ablation,no_sync,0.074,0.205,True,621362,1572956,0.7333161760741682,607628,24,,0.977896942523038
case_051,3,3,5,ablation,no_localsearch,0.019,0.7,True,621362,1572956,0.7333161760741682,607628,24,,0.977896942523038
case_051,3,3,5,ablation,no_cache_aware,0.185,0.192,True,614836,1572904,0.3666629367783938,607628,11,,0.9882765485430262
case_051,3,3,5,ablation,no_level,0.187,0.181,True,614836,1572904,0.3666629367783938,607628,24,,0.9882765485430262
case_052,2,2,2,ablation,full,0.028,0.175,True,97019,73728,,180301,2,,1.8584091775837723
case_052,2,2,2,ablation,no_comm,0.019,0.176,True,91305,117504,,180301,4,,1.9747111330157165
case_052,2,2,2,ablation,no_balance,0.013,0.176,True,91393,73728,,180301,2,,1.9728097337870516
case_052,2,2,2,ablation,no_sync,0.026,0.18,True,97019,73728,,180301,2,,1.8584091775837723
case_052,2,2,2,ablation,no_localsearch,0.017,0.344,True,97019,73728,,180301,2,,1.8584091775837723
case_052,2,2,2,ablation,no_cache_aware,0.025,0.176,True,97019,73728,,180301,2,,1.8584091775837723
case_052,2,2,2,ablation,no_level,0.025,0.172,True,95791,73728,,180301,47,,1.8822331951853515
case_052,1,1,3,ablation,full,0.032,0.343,True,65704,147456,,180301,3,,2.7441403871910386
case_052,1,1,3,ablation,no_comm,0.043,0.407,True,84925,276480,,180301,5,,2.1230615248748896
case_052,1,1,3,ablation,no_balance,0.014,0.783,True,60932,147456,,180301,3,,2.9590527145014116
case_052,1,1,3,ablation,no_sync,0.035,0.362,True,65704,147456,,180301,3,,2.7441403871910386
case_052,1,1,3,ablation,no_localsearch,0.016,0.36,True,65704,147456,,180301,3,,2.7441403871910386
case_052,1,1,3,ablation,no_cache_aware,0.034,0.343,True,65704,147456,,180301,3,,2.7441403871910386
case_052,1,1,3,ablation,no_level,0.033,0.235,True,73641,811008,,180301,47,,2.4483779416357736
case_052,1,1,4,ablation,full,0.043,0.381,True,52617,221184,,180301,4,,3.4266681870878233
case_052,1,1,4,ablation,no_comm,0.088,0.381,True,59746,263040,,180301,7,,3.0177919860743816
case_052,1,1,4,ablation,no_balance,0.014,0.359,True,48113,221184,,180301,4,,3.747448714484651
case_052,1,1,4,ablation,no_sync,0.046,0.357,True,52617,221184,,180301,4,,3.4266681870878233
case_052,1,1,4,ablation,no_localsearch,0.014,0.356,True,52617,221184,,180301,4,,3.4266681870878233
case_052,1,1,4,ablation,no_cache_aware,0.045,0.381,True,52617,221184,,180301,4,,3.4266681870878233
case_052,1,1,4,ablation,no_level,0.042,0.238,True,59693,811008,,180301,47,,3.0204714120583653
case_052,2,2,3,ablation,full,0.036,0.171,True,65704,147456,,180301,3,,2.7441403871910386
case_052,2,2,3,ablation,no_comm,0.041,0.177,True,82107,228096,,180301,5,,2.1959272656411755
case_052,2,2,3,ablation,no_balance,0.013,0.166,True,60932,147456,,180301,3,,2.9590527145014116
case_052,2,2,3,ablation,no_sync,0.032,0.161,True,65704,147456,,180301,3,,2.7441403871910386
case_052,2,2,3,ablation,no_localsearch,0.015,0.165,True,65704,147456,,180301,3,,2.7441403871910386
case_052,2,2,3,ablation,no_cache_aware,0.034,0.697,True,65704,147456,,180301,3,,2.7441403871910386
case_052,2,2,3,ablation,no_level,0.035,0.16,True,64390,147456,,180301,47,,2.800139773256717
case_052,2,2,5,ablation,full,0.052,0.161,True,49876,294912,,180301,5,,3.614985163204748
case_052,2,2,5,ablation,no_comm,0.113,0.214,True,56275,604728,,180301,10,,3.2039271434917813
case_052,2,2,5,ablation,no_balance,0.014,0.184,True,38615,294912,,180301,5,,4.66919590832578
case_052,2,2,5,ablation,no_sync,0.057,0.183,True,49876,294912,,180301,5,,3.614985163204748
case_052,2,2,5,ablation,no_localsearch,0.018,0.189,True,49876,294912,,180301,5,,3.614985163204748
case_052,2,2,5,ablation,no_cache_aware,0.053,0.181,True,49876,294912,,180301,5,,3.614985163204748
case_052,2,2,5,ablation,no_level,0.054,0.166,True,45876,294912,,180301,47,,3.9301813584445027
case_052,2,2,4,ablation,full,0.045,0.16,True,52617,221184,,180301,4,,3.4266681870878233
case_052,2,2,4,ablation,no_comm,0.052,0.192,True,71180,396216,,180301,8,,2.5330289407136837
case_052,2,2,4,ablation,no_balance,0.013,0.18,True,48113,221184,,180301,4,,3.747448714484651
case_052,2,2,4,ablation,no_sync,0.048,0.182,True,52617,221184,,180301,4,,3.4266681870878233
case_052,2,2,4,ablation,no_localsearch,0.015,0.175,True,52617,221184,,180301,4,,3.4266681870878233
case_052,2,2,4,ablation,no_cache_aware,0.043,0.62,True,52617,221184,,180301,4,,3.4266681870878233
case_052,2,2,4,ablation,no_level,0.043,0.172,True,50668,221184,,180301,47,,3.558478724244099
case_052,1,1,5,ablation,full,0.059,0.369,True,49876,294912,,180301,5,,3.614985163204748
case_052,1,1,5,ablation,no_comm,0.115,0.355,True,57600,733752,,180301,10,,3.1302256944444444
case_052,1,1,5,ablation,no_balance,0.011,0.371,True,38615,294912,,180301,5,,4.66919590832578
case_052,1,1,5,ablation,no_sync,0.051,0.366,True,49876,294912,,180301,5,,3.614985163204748
case_052,1,1,5,ablation,no_localsearch,0.018,0.866,True,49876,294912,,180301,5,,3.614985163204748
case_052,1,1,5,ablation,no_cache_aware,0.055,0.371,True,49876,294912,,180301,5,,3.614985163204748
case_052,1,1,5,ablation,no_level,0.055,0.25,True,55149,811008,,180301,47,,3.269343052457887
case_052,3,3,2,ablation,full,0.028,0.19,True,97019,73728,0.0834242315891429,180301,2,,1.8584091775837723
case_052,3,3,2,ablation,no_comm,0.018,0.38,True,91305,117504,0.0887015518371693,180301,4,,1.9747111330157165
case_052,3,3,2,ablation,no_balance,0.013,0.178,True,91393,73728,0.0834242315891429,180301,2,,1.9728097337870516
case_052,3,3,2,ablation,no_sync,0.026,0.174,True,97019,73728,0.0834242315891429,180301,2,,1.8584091775837723
case_052,3,3,2,ablation,no_localsearch,0.015,0.186,True,97019,73728,0.0834242315891429,180301,2,,1.8584091775837723
case_052,3,3,2,ablation,no_cache_aware,0.026,0.182,True,97019,73728,0.0834242315891429,180301,2,,1.8584091775837723
case_052,3,3,2,ablation,no_level,0.03,0.381,True,95791,73728,0.046926130268892884,180301,47,,1.8822331951853515
case_052,3,3,3,ablation,full,0.035,0.181,True,65704,147456,0.15400104438642298,180301,3,,2.7441403871910386
case_052,3,3,3,ablation,no_comm,0.045,0.187,True,82107,228096,0.1259787410874415,180301,5,,2.1959272656411755
case_052,3,3,3,ablation,no_balance,0.012,0.173,True,60932,147456,0.15400104438642298,180301,3,,2.9590527145014116
case_052,3,3,3,ablation,no_sync,0.034,0.178,True,65704,147456,0.15400104438642298,180301,3,,2.7441403871910386
case_052,3,3,3,ablation,no_localsearch,0.017,0.186,True,65704,147456,0.15400104438642298,180301,3,,2.7441403871910386
case_052,3,3,3,ablation,no_cache_aware,0.035,0.184,True,65704,147456,0.15400104438642298,180301,3,,2.7441403871910386
case_052,3,3,3,ablation,no_level,0.034,0.591,True,64390,147456,0.05775039164490862,180301,47,,2.800139773256717
case_052,3,3,4,ablation,full,0.043,0.174,True,52617,221184,0.21448603024743315,180301,4,,3.4266681870878233
case_052,3,3,4,ablation,no_comm,0.056,0.197,True,71180,396216,0.25531622333294374,180301,8,,2.5330289407136837
case_052,3,3,4,ablation,no_balance,0.011,0.539,True,48113,221184,0.187675276466504,180301,4,,3.747448714484651
case_052,3,3,4,ablation,no_sync,0.045,0.192,True,52617,221184,0.21448603024743315,180301,4,,3.4266681870878233
case_052,3,3,4,ablation,no_localsearch,0.018,0.179,True,52617,221184,0.21448603024743315,180301,4,,3.4266681870878233
case_052,3,3,4,ablation,no_cache_aware,0.046,0.191,True,52617,221184,0.21448603024743315,180301,4,,3.4266681870878233
case_052,3,3,4,ablation,no_level,0.046,0.176,True,50668,221184,0.05362150756185829,180301,47,,3.558478724244099
case_052,3,3,5,ablation,full,0.055,0.174,True,49852,294912,0.17932297756652754,180301,5,,3.6167255075022067
case_052,3,3,5,ablation,no_comm,0.123,0.209,True,56082,604728,0.25735000705993577,180301,10,,3.214953104382868
case_052,3,3,5,ablation,no_balance,0.012,0.185,True,38615,294912,0.20434478838976394,180301,5,,4.66919590832578
case_052,3,3,5,ablation,no_sync,0.059,0.187,True,49852,294912,0.17932297756652754,180301,5,,3.6167255075022067
case_052,3,3,5,ablation,no_localsearch,0.018,0.18,True,49852,294912,0.17932297756652754,180301,5,,3.6167255075022067
case_052,3,3,5,ablation,no_cache_aware,0.053,0.187,True,49852,294912,0.17932297756652754,180301,5,,3.6167255075022067
case_052,3,3,5,ablation,no_level,0.056,0.171,True,45876,294912,0.1000872432929456,180301,47,,3.9301813584445027
case_053,2,2,4,ablation,full,1.115,3.057,True,708076,7571970,,1472686,11,,2.0798417119066315
case_053,2,2,4,ablation,no_comm,0.438,3.701,True,712707,7898656,,1472686,11,,2.0663273968124347
case_053,2,2,4,ablation,no_balance,0.187,3.117,True,800144,7597698,,1472686,12,,1.840526205283049
case_053,2,2,4,ablation,no_sync,0.511,3.744,True,708076,7571970,,1472686,11,,2.0798417119066315
case_053,2,2,4,ablation,no_localsearch,0.221,3.046,True,708076,7571970,,1472686,11,,2.0798417119066315
case_053,2,2,4,ablation,no_cache_aware,0.525,3.742,True,708076,7571970,,1472686,11,,2.0798417119066315
case_053,2,2,4,ablation,no_level,0.519,3.181,True,707657,7571970,,1472686,58,,2.081073175281245
case_053,2,2,3,ablation,full,0.411,3.815,True,882348,6882716,,1472686,8,,1.6690534800328216
case_053,2,2,3,ablation,no_comm,0.765,2.816,True,767781,7027692,,1472686,7,,1.9181068559914871
case_053,2,2,3,ablation,no_balance,0.185,3.928,True,873744,7141004,,1472686,9,,1.685489113516087
case_053,2,2,3,ablation,no_sync,0.407,3.804,True,882348,6882716,,1472686,8,,1.6690534800328216
case_053,2,2,3,ablation,no_localsearch,0.225,3.725,True,882348,6882716,,1472686,8,,1.6690534800328216
case_053,2,2,3,ablation,no_cache_aware,0.447,3.905,True,882348,6882716,,1472686,8,,1.6690534800328216
case_053,2,2,3,ablation,no_level,0.419,3.863,True,886325,6881708,,1472686,57,,1.6615643245987646
case_053,2,2,2,ablation,full,0.293,4.169,True,922408,6312662,,1472686,4,,1.5965668120831562
case_053,2,2,2,ablation,no_comm,0.223,3.914,True,902623,6094758,,1472686,4,,1.631562678992226
case_053,2,2,2,ablation,no_balance,0.182,4.478,True,1012762,6290566,,1472686,6,,1.4541284131908583
case_053,2,2,2,ablation,no_sync,0.32,4.215,True,922408,6312662,,1472686,4,,1.5965668120831562
case_053,2,2,2,ablation,no_localsearch,0.214,4.169,True,922408,6312662,,1472686,4,,1.5965668120831562
case_053,2,2,2,ablation,no_cache_aware,0.309,4.115,True,922408,6312662,,1472686,4,,1.5965668120831562
case_053,2,2,2,ablation,no_level,0.299,4.461,True,951337,6312374,,1472686,56,,1.5480171590088476
case_053,1,1,5,ablation,full,0.856,5.308,True,775972,8701048,,1472686,17,,1.897859716587712
case_053,1,1,5,ablation,no_comm,0.736,6.153,True,774017,9872322,,1472686,16,,1.9026533008964919
case_053,1,1,5,ablation,no_balance,0.19,5.55,True,799333,8756346,,1472686,17,,1.8423935956603819
case_053,1,1,5,ablation,no_sync,0.637,5.253,True,775972,8701048,,1472686,17,,1.897859716587712
case_053,1,1,5,ablation,no_localsearch,0.468,5.446,True,775972,8701048,,1472686,17,,1.897859716587712
case_053,1,1,5,ablation,no_cache_aware,0.628,5.599,True,775972,8701048,,1472686,17,,1.897859716587712
case_053,1,1,5,ablation,no_level,0.65,5.615,True,783749,12468828,,1472686,59,,1.8790275968454186
case_053,1,1,4,ablation,full,0.5,7.387,True,709612,7581914,,1472686,11,,2.0753397631381656
case_053,1,1,4,ablation,no_comm,0.423,6.623,True,715776,9057032,,1472686,11,,2.0574676993919887
case_053,1,1,4,ablation,no_balance,0.191,5.358,True,799994,7679312,,1472686,12,,1.840871306534799
case_053,1,1,4,ablation,no_sync,0.53,7.526,True,709612,7581914,,1472686,11,,2.0753397631381656
case_053,1,1,4,ablation,no_localsearch,0.214,6.626,True,709612,7581914,,1472686,11,,2.0753397631381656
case_053,1,1,4,ablation,no_cache_aware,0.513,6.778,True,709612,7581914,,1472686,11,,2.0753397631381656
case_053,1,1,4,ablation,no_level,1.059,6.259,True,727454,11953350,,1472686,58,,2.024438658664328
case_053,2,2,5,ablation,full,0.687,3.159,True,746820,8632456,,1472686,17,,1.9719423689777993
case_053,2,2,5,ablation,no_comm,0.547,3.586,True,767905,8600406,,1472686,16,,1.91779712334208
case_053,2,2,5,ablation,no_balance,0.19,3.177,True,775982,8687896,,1472686,17,,1.8978352590652876
case_053,2,2,5,ablation,no_sync,0.693,3.792,True,746820,8632456,,1472686,17,,1.9719423689777993
case_053,2,2,5,ablation,no_localsearch,0.207,3.338,True,746820,8632456,,1472686,17,,1.9719423689777993
case_053,2,2,5,ablation,no_cache_aware,0.721,3.888,True,746820,8632456,,1472686,17,,1.9719423689777993
case_053,2,2,5,ablation,no_level,0.679,3.298,True,748780,8632456,,1472686,59,,1.9667806298245145
case_053,3,3,3,ablation,full,0.415,3.742,True,851816,6882716,0.43204620237337477,1472686,8,,1.728878067563887
case_053,3,3,3,ablation,no_comm,0.757,3.31,True,743237,7027692,0.34465513368803846,1472686,7,,1.9814487168964947
case_053,3,3,3,ablation,no_balance,0.18,3.954,True,832744,7141004,0.47323694296647384,1472686,9,,1.7684738647171279
case_053,3,3,3,ablation,no_sync,0.417,4.255,True,851816,6882716,0.43204620237337477,1472686,8,,1.728878067563887
case_053,3,3,3,ablation,no_localsearch,0.236,4.006,True,851816,6882716,0.43204620237337477,1472686,8,,1.728878067563887
case_053,3,3,3,ablation,no_cache_aware,0.454,4.043,True,851816,6882716,0.43204620237337477,1472686,8,,1.728878067563887
case_053,3,3,3,ablation,no_level,0.417,3.402,True,854290,6881708,0.41549272458884695,1472686,57,,1.7238712849266642
case_053,3,3,2,ablation,full,0.341,4.103,True,896625,6312662,0.5037687043878566,1472686,4,,1.642477066778196
case_053,3,3,2,ablation,no_comm,0.215,3.486,True,879101,6094758,0.46415855104819415,1472686,4,,1.6752182058716802
case_053,3,3,2,ablation,no_balance,0.638,4.576,True,969304,6290566,0.5850770760086965,1472686,6,,1.5193231432037833
case_053,3,3,2,ablation,no_sync,0.329,4.465,True,896625,6312662,0.5037687043878566,1472686,4,,1.642477066778196
case_053,3,3,2,ablation,no_localsearch,0.23,4.409,True,896625,6312662,0.5037687043878566,1472686,4,,1.642477066778196
case_053,3,3,2,ablation,no_cache_aware,0.329,4.475,True,896625,6312662,0.5037687043878566,1472686,4,,1.642477066778196
case_053,3,3,2,ablation,no_level,0.322,4.74,True,916397,6312374,0.4882952554409501,1472686,56,,1.6070393071998272
case_053,1,1,3,ablation,full,0.422,10.256,True,887349,6967974,,1472686,8,,1.6596468807650653
case_053,1,1,3,ablation,no_comm,0.304,11.305,True,756078,8188160,,1472686,7,,1.9477963913776093
case_053,1,1,3,ablation,no_balance,0.178,6.802,True,877105,7226840,,1472686,9,,1.6790304467538093
case_053,1,1,3,ablation,no_sync,0.965,9.857,True,887349,6967974,,1472686,8,,1.6596468807650653
case_053,1,1,3,ablation,no_localsearch,0.229,10.239,True,887349,6967974,,1472686,8,,1.6596468807650653
case_053,1,1,3,ablation,no_cache_aware,1.016,9.959,True,887349,6967974,,1472686,8,,1.6596468807650653
case_053,1,1,3,ablation,no_level,0.441,7.387,True,864736,12053858,,1472686,57,,1.7030469414942826
case_053,3,3,4,ablation,full,0.751,3.56,True,695287,7571970,0.3566906938222251,1472686,11,,2.11809799406576
case_053,3,3,4,ablation,no_comm,0.744,3.527,True,695920,7898656,0.3020970139560392,1472686,11,,2.1161713990113804
case_053,3,3,4,ablation,no_balance,0.175,3.625,True,764316,7597698,0.4097437910902369,1472686,12,,1.9268025267036146
case_053,3,3,4,ablation,no_sync,0.522,3.519,True,695287,7571970,0.3566906938222251,1472686,11,,2.11809799406576
case_053,3,3,4,ablation,no_localsearch,0.207,3.377,True,695287,7571970,0.3566906938222251,1472686,11,,2.11809799406576
case_053,3,3,4,ablation,no_cache_aware,0.572,2.873,True,695287,7571970,0.3566906938222251,1472686,11,,2.11809799406576
case_053,3,3,4,ablation,no_level,0.531,2.828,True,696729,7571970,0.24429332255616,1472686,58,,2.1137142274829954
case_053,3,3,5,ablation,full,0.652,3.354,True,727454,8632456,0.26290277231671094,1472686,17,,2.024438658664328
case_053,3,3,5,ablation,no_comm,0.566,3.715,True,739100,8600406,0.3130303095869302,1472686,16,,1.9925395751589772
case_053,3,3,5,ablation,no_balance,0.191,3.955,True,747472,8687896,0.26657743760492375,1472686,17,,1.9702222959522229
case_053,3,3,5,ablation,no_sync,0.662,2.638,True,727454,8632456,0.26290277231671094,1472686,17,,2.024438658664328
case_053,3,3,5,ablation,no_localsearch,0.135,3.112,True,727454,8632456,0.26290277231671094,1472686,17,,2.024438658664328
case_053,3,3,5,ablation,no_cache_aware,0.693,2.92,True,727454,8632456,0.26290277231671094,1472686,17,,2.024438658664328
case_053,3,3,5,ablation,no_level,0.45,3.264,True,733593,8632456,0.25790432763254995,1472686,59,,2.007497345258202
case_053,1,1,2,ablation,full,0.878,11.107,True,952257,6319292,,1472686,4,,1.546521579783609
case_053,1,1,2,ablation,no_comm,0.215,19.971,True,900773,6564646,,1472686,4,,1.6349135686793455
case_053,1,1,2,ablation,no_balance,0.185,8.115,True,1031431,6377266,,1472686,6,,1.4278085494812547
case_053,1,1,2,ablation,no_sync,0.309,12.502,True,952257,6319292,,1472686,4,,1.546521579783609
case_053,1,1,2,ablation,no_localsearch,0.228,11.56,True,952257,6319292,,1472686,4,,1.546521579783609
case_053,1,1,2,ablation,no_cache_aware,0.322,10.742,True,952257,6319292,,1472686,4,,1.546521579783609
case_053,1,1,2,ablation,no_level,0.291,6.77,True,914656,11762348,,1472686,56,,1.6100982227197984
case_054,2,2,2,ablation,full,0.406,5.094,True,667921,331110,,815051,5,,1.220280542159926
case_054,2,2,2,ablation,no_comm,0.231,5.457,True,638085,253670,,815051,4,,1.2773392259651928
case_054,2,2,2,ablation,no_balance,0.203,5.197,True,669733,464902,,815051,7,,1.216979005066198
case_054,2,2,2,ablation,no_sync,0.596,6.22,True,667921,331110,,815051,5,,1.220280542159926
case_054,2,2,2,ablation,no_localsearch,0.292,6.284,True,667921,331110,,815051,5,,1.220280542159926
case_054,2,2,2,ablation,no_cache_aware,0.43,6.038,True,667921,331110,,815051,5,,1.220280542159926
case_054,2,2,2,ablation,no_level,0.41,6.112,True,674020,331110,,815051,48,,1.2092385982611793
case_054,2,2,3,ablation,full,0.689,4.603,True,344007,1613448,,815051,62,,2.3692860901086314
case_054,2,2,3,ablation,no_comm,0.845,4.292,True,587874,765996,,815051,9,,1.3864382503733794
case_054,2,2,3,ablation,no_balance,0.158,5.842,True,457862,1590156,,815051,60,,1.780123705395949
case_054,2,2,3,ablation,no_sync,0.564,6.033,True,344007,1613448,,815051,62,,2.3692860901086314
case_054,2,2,3,ablation,no_localsearch,0.337,5.843,True,344007,1613448,,815051,62,,2.3692860901086314
case_054,2,2,3,ablation,no_cache_aware,0.709,6.591,True,344007,1613448,,815051,62,,2.3692860901086314
case_054,2,2,3,ablation,no_level,0.667,5.967,True,399393,1613448,,815051,491,,2.0407242991239207
case_054,1,1,4,ablation,full,0.969,7.887,True,322714,2965784,,815051,84,,2.525614011167783
case_054,1,1,4,ablation,no_comm,0.445,9.733,True,571012,957826,,815051,12,,1.4273798098814034
case_054,1,1,4,ablation,no_balance,0.255,5.505,True,264500,2551950,,815051,88,,3.0814782608695652
case_054,1,1,4,ablation,no_sync,0.655,7.458,True,322714,2965784,,815051,84,,2.525614011167783
case_054,1,1,4,ablation,no_localsearch,0.326,7.741,True,322714,2965784,,815051,84,,2.525614011167783
case_054,1,1,4,ablation,no_cache_aware,0.941,7.423,True,322714,2965784,,815051,84,,2.525614011167783
case_054,1,1,4,ablation,no_level,0.903,10.254,True,383859,4458486,,815051,491,,2.1233082980990416
case_054,1,1,3,ablation,full,0.751,7.427,True,364389,2171082,,815051,62,,2.236760714511141
case_054,1,1,3,ablation,no_comm,0.392,12.65,True,597122,807612,,815051,9,,1.364965618416337
case_054,1,1,3,ablation,no_balance,0.189,5.531,True,488655,2957474,,815051,60,,1.6679477340864208
case_054,1,1,3,ablation,no_sync,1.084,6.971,True,364389,2171082,,815051,62,,2.236760714511141
case_054,1,1,3,ablation,no_localsearch,0.316,7.382,True,364389,2171082,,815051,62,,2.236760714511141
case_054,1,1,3,ablation,no_cache_aware,0.703,6.856,True,364389,2171082,,815051,62,,2.236760714511141
case_054,1,1,3,ablation,no_level,0.665,10.361,True,445787,4458486,,815051,491,,1.8283417865482843
case_054,2,2,4,ablation,full,1.278,5.557,True,303302,2407116,,815051,84,,2.6872589036669723
case_054,2,2,4,ablation,no_comm,0.547,4.272,True,561206,911026,,815051,12,,1.4523205382693698
case_054,2,2,4,ablation,no_balance,0.852,5.93,True,248300,2573394,,815051,88,,3.2825251711639147
case_054,2,2,4,ablation,no_sync,0.737,5.801,True,303302,2407116,,815051,84,,2.6872589036669723
case_054,2,2,4,ablation,no_localsearch,0.328,5.716,True,303302,2407116,,815051,84,,2.6872589036669723
case_054,2,2,4,ablation,no_cache_aware,0.905,5.708,True,303302,2407116,,815051,84,,2.6872589036669723
case_054,2,2,4,ablation,no_level,0.905,5.743,True,332064,2407116,,815051,491,,2.4544997349908453
case_054,1,1,5,ablation,full,1.162,6.414,True,283445,3069390,,815051,99,,2.8755172961244684
case_054,1,1,5,ablation,no_comm,0.573,8.082,True,550805,1551488,,815051,22,,1.4797451003531195
case_054,1,1,5,ablation,no_balance,0.252,7.286,True,304873,3009212,,815051,110,,2.673411551695296
case_054,1,1,5,ablation,no_sync,0.878,7.609,True,283445,3069390,,815051,99,,2.8755172961244684
case_054,1,1,5,ablation,no_localsearch,0.313,7.423,True,283445,3069390,,815051,99,,2.8755172961244684
case_054,1,1,5,ablation,no_cache_aware,1.148,7.488,True,283445,3069390,,815051,99,,2.8755172961244684
case_054,1,1,5,ablation,no_level,1.139,10.21,True,357488,4458486,,815051,491,,2.2799394664995747
case_055,1,1,2,ablation,full,0.042,0.421,True,62061,57856,,118835,2,,1.9148096227904803
case_055,1,1,2,ablation,no_comm,0.023,0.368,True,60711,256612,,118835,4,,1.957388282189389
case_055,1,1,2,ablation,no_balance,0.016,0.378,True,59459,74240,,118835,2,,1.9986040801224374
case_055,1,1,2,ablation,no_sync,0.036,0.424,True,62061,57856,,118835,2,,1.9148096227904803
case_055,1,1,2,ablation,no_localsearch,0.019,1.019,True,59859,57856,,118835,2,,1.9852486677024341
case_055,1,1,2,ablation,no_cache_aware,0.038,0.39,True,62061,57856,,118835,2,,1.9148096227904803
case_055,1,1,2,ablation,no_level,0.037,0.203,True,67575,247808,,118835,24,,1.758564557898631
case_055,1,1,3,ablation,full,0.039,0.408,True,43655,115712,,118835,3,,2.7221395029206277
case_055,1,1,3,ablation,no_comm,0.032,0.35,True,43939,365664,,118835,6,,2.704544937299438
case_055,1,1,3,ablation,no_balance,0.015,0.399,True,42503,115712,,118835,3,,2.795920287979672
case_055,1,1,3,ablation,no_sync,0.039,0.415,True,43655,115712,,118835,3,,2.7221395029206277
case_055,1,1,3,ablation,no_localsearch,0.021,0.442,True,43655,115712,,118835,3,,2.7221395029206277
case_055,1,1,3,ablation,no_cache_aware,0.046,0.413,True,43655,115712,,118835,3,,2.7221395029206277
case_055,1,1,3,ablation,no_level,0.04,0.238,True,47419,247808,,118835,24,,2.506062970539235
case_055,1,1,4,ablation,full,0.11,0.359,True,46623,588912,,118835,10,,2.5488492803980867
case_055,1,1,4,ablation,no_comm,0.044,0.387,True,33784,422004,,118835,9,,3.5174934880416764
case_055,1,1,4,ablation,no_balance,0.021,0.375,True,46247,1140430,,118835,12,,2.5695720803511577
case_055,1,1,4,ablation,no_sync,0.092,0.365,True,46623,588912,,118835,10,,2.5488492803980867
case_055,1,1,4,ablation,no_localsearch,0.026,0.894,True,45756,779898,,118835,11,,2.597145729521811
case_055,1,1,4,ablation,no_cache_aware,0.107,0.376,True,46623,588912,,118835,10,,2.5488492803980867
case_055,1,1,4,ablation,no_level,0.102,0.328,True,70020,1116924,,118835,86,,1.697157954870037
case_055,1,1,5,ablation,full,0.147,0.37,True,37594,555628,,118835,14,,3.1610097355961058
case_055,1,1,5,ablation,no_comm,0.143,0.379,True,44407,372842,,118835,10,,2.676042065440133
case_055,1,1,5,ablation,no_balance,0.021,0.361,True,47826,1338602,,118835,16,,2.484736335884247
case_055,1,1,5,ablation,no_sync,0.128,0.36,True,37594,555628,,118835,14,,3.1610097355961058
case_055,1,1,5,ablation,no_localsearch,0.023,0.351,True,45928,992942,,118835,15,,2.587419439122104
case_055,1,1,5,ablation,no_cache_aware,0.139,0.354,True,37594,555628,,118835,14,,3.1610097355961058
case_055,1,1,5,ablation,no_level,0.14,0.337,True,58883,1116924,,118835,86,,2.0181546456532446
case_055,2,2,2,ablation,full,0.039,0.171,True,62061,57856,,118835,2,,1.9148096227904803
case_055,2,2,2,ablation,no_comm,0.019,0.188,True,59217,256604,,118835,4,,2.006771704071466
case_055,2,2,2,ablation,no_balance,0.017,0.18,True,59459,74240,,118835,2,,1.9986040801224374
case_055,2,2,2,ablation,no_sync,0.04,0.805,True,62061,57856,,118835,2,,1.9148096227904803
case_055,2,2,2,ablation,no_localsearch,0.023,0.19,True,59859,57856,,118835,2,,1.9852486677024341
case_055,2,2,2,ablation,no_cache_aware,0.043,0.186,True,62061,57856,,118835,2,,1.9148096227904803
case_055,2,2,2,ablation,no_level,0.038,0.189,True,58909,57856,,118835,24,,2.0172639155307337
case_055,2,2,3,ablation,full,0.039,0.171,True,43655,115712,,118835,3,,2.7221395029206277
case_055,2,2,3,ablation,no_comm,0.033,0.208,True,41582,291940,,118835,6,,2.8578471453994516
case_055,2,2,3,ablation,no_balance,0.015,0.174,True,42503,115712,,118835,3,,2.795920287979672
case_055,2,2,3,ablation,no_sync,0.038,0.17,True,43655,115712,,118835,3,,2.7221395029206277
case_055,2,2,3,ablation,no_localsearch,0.019,0.177,True,43655,115712,,118835,3,,2.7221395029206277
case_055,2,2,3,ablation,no_cache_aware,0.043,0.172,True,43655,115712,,118835,3,,2.7221395029206277
case_055,2,2,3,ablation,no_level,0.037,0.183,True,44350,115712,,118835,24,,2.6794813979706875
case_055,2,2,4,ablation,full,0.101,0.828,True,45224,422518,,118835,10,,2.6276976826463825
case_055,2,2,4,ablation,no_comm,0.044,0.213,True,32520,381080,,118835,9,,3.6542127921279213
case_055,2,2,4,ablation,no_balance,0.021,0.229,True,40513,771282,,118835,12,,2.9332559919038332
case_055,2,2,4,ablation,no_sync,0.094,0.208,True,45224,422518,,118835,10,,2.6276976826463825
case_055,2,2,4,ablation,no_localsearch,0.025,0.222,True,45694,555144,,118835,11,,2.600669672167024
case_055,2,2,4,ablation,no_cache_aware,0.116,0.238,True,45224,422518,,118835,10,,2.6276976826463825
case_055,2,2,4,ablation,no_level,0.097,0.198,True,46614,422518,,118835,86,,2.5493413995795255
case_055,2,2,5,ablation,full,0.154,0.22,True,34412,362104,,118835,14,,3.4533011740090664
case_055,2,2,5,ablation,no_comm,0.177,0.215,True,36243,459932,,118835,12,,3.2788400518720855
case_055,2,2,5,ablation,no_balance,0.024,0.248,True,38117,969482,,118835,16,,3.1176377994070887
case_055,2,2,5,ablation,no_sync,0.138,0.203,True,34412,362104,,118835,14,,3.4533011740090664
case_055,2,2,5,ablation,no_localsearch,0.026,0.219,True,43151,649392,,118835,15,,2.7539338601654655
case_055,2,2,5,ablation,no_cache_aware,0.146,0.822,True,34412,362104,,118835,14,,3.4533011740090664
case_055,2,2,5,ablation,no_level,0.151,0.2,True,41621,362104,,118835,86,,2.8551692655150043
case_055,3,3,2,ablation,full,0.039,0.17,True,62061,57856,0.08464072749828834,118835,2,,1.9148096227904803
case_055,3,3,2,ablation,no_comm,0.021,0.197,True,59090,256604,0.2205245482244045,118835,4,,2.0110847859197833
case_055,3,3,2,ablation,no_balance,0.014,0.172,True,59459,74240,0.10606744655195076,118835,2,,1.9986040801224374
case_055,3,3,2,ablation,no_sync,0.04,0.185,True,62061,57856,0.08464072749828834,118835,2,,1.9148096227904803
case_055,3,3,2,ablation,no_localsearch,0.02,0.185,True,59859,57856,0.08464072749828834,118835,2,,1.9852486677024341
case_055,3,3,2,ablation,no_cache_aware,0.041,0.18,True,62061,57856,0.08464072749828834,118835,2,,1.9148096227904803
case_055,3,3,2,ablation,no_level,0.041,0.2,True,58909,57856,0.08464072749828834,118835,24,,2.0172639155307337
case_055,3,3,3,ablation,full,0.04,0.188,True,43655,115712,0.15607145362042826,118835,3,,2.7221395029206277
case_055,3,3,3,ablation,no_comm,0.031,0.218,True,41323,291940,0.26880096918572693,118835,6,,2.8757592623962442
case_055,3,3,3,ablation,no_balance,0.016,0.699,True,42503,115712,0.15607145362042826,118835,3,,2.795920287979672
case_055,3,3,3,ablation,no_sync,0.042,0.189,True,43655,115712,0.15607145362042826,118835,3,,2.7221395029206277
case_055,3,3,3,ablation,no_localsearch,0.018,0.179,True,43655,115712,0.15607145362042826,118835,3,,2.7221395029206277
case_055,3,3,3,ablation,no_cache_aware,0.038,0.202,True,43655,115712,0.15607145362042826,118835,3,,2.7221395029206277
case_055,3,3,3,ablation,no_level,0.037,0.191,True,44350,115712,0.15607145362042826,118835,24,,2.6794813979706875
case_055,3,3,4,ablation,full,0.068,0.227,True,45272,555144,0.4375538403523278,118835,11,,2.6249116451669905
case_055,3,3,4,ablation,no_comm,0.046,0.223,True,32517,381080,0.29519270132756303,118835,9,,3.6545499277301103
case_055,3,3,4,ablation,no_balance,0.022,0.235,True,40385,771282,0.4971923503244883,118835,12,,2.942552928067352
case_055,3,3,4,ablation,no_sync,0.063,0.226,True,45272,555144,0.4375538403523278,118835,11,,2.6249116451669905
case_055,3,3,4,ablation,no_localsearch,0.027,0.212,True,45272,555144,0.4375538403523278,118835,11,,2.6249116451669905
case_055,3,3,4,ablation,no_cache_aware,0.103,0.212,True,45112,422518,0.3658890349866479,118835,10,,2.6342214931725483
case_055,3,3,4,ablation,no_level,0.065,0.231,True,47351,555144,0.4136357503399078,118835,86,,2.509661886760575
case_054,2,2,5,ablation,full,1.393,5.627,True,268545,2941840,,815051,99,,3.035063024818932
case_054,2,2,5,ablation,no_comm,0.689,4.386,True,541458,1278076,,815051,22,,1.505289422263592
case_054,2,2,5,ablation,no_balance,0.506,5.392,True,289853,3125528,,815051,110,,2.811946055414296
case_054,2,2,5,ablation,no_sync,1.193,5.681,True,268545,2941840,,815051,99,,3.035063024818932
case_054,2,2,5,ablation,no_localsearch,0.319,5.393,True,268545,2941840,,815051,99,,3.035063024818932
case_054,2,2,5,ablation,no_cache_aware,1.428,5.466,True,268545,2941840,,815051,99,,3.035063024818932
case_054,2,2,5,ablation,no_level,1.425,5.762,True,314593,2941840,,815051,491,,2.5908109843512093
case_055,3,3,5,ablation,full,0.081,0.733,True,42553,649392,0.4570058524055002,118835,15,,2.792635066857801
case_055,3,3,5,ablation,no_comm,0.135,0.225,True,31717,433308,0.35252354362048566,118835,12,,3.7467288835640193
case_055,3,3,5,ablation,no_balance,0.018,0.229,True,35466,969482,0.5294367837819888,118835,16,,3.3506738848474598
case_055,3,3,5,ablation,no_sync,0.072,0.224,True,42553,649392,0.4570058524055002,118835,15,,2.792635066857801
case_055,3,3,5,ablation,no_localsearch,0.027,0.217,True,42553,649392,0.4570058524055002,118835,15,,2.792635066857801
case_055,3,3,5,ablation,no_cache_aware,0.143,0.257,True,34383,362104,0.3260134651781663,118835,14,,3.456213826600355
case_055,3,3,5,ablation,no_level,0.088,0.24,True,53930,649392,0.4373517505234216,118835,86,,2.2035045429260154
case_054,3,3,2,ablation,full,0.413,6.063,True,667921,331110,0.02491942413940121,815051,5,,1.220280542159926
case_054,3,3,2,ablation,no_comm,0.282,6.12,True,638085,253670,0.036011441341592496,815051,4,,1.2773392259651928
case_054,3,3,2,ablation,no_balance,0.754,6.407,True,669732,464902,0.04889801462239625,815051,7,,1.2169808221796181
case_054,3,3,2,ablation,no_sync,0.423,6.081,True,667921,331110,0.02491942413940121,815051,5,,1.220280542159926
case_054,3,3,2,ablation,no_localsearch,0.307,6.092,True,667921,331110,0.02491942413940121,815051,5,,1.220280542159926
case_054,3,3,2,ablation,no_cache_aware,1.005,6.196,True,667921,331110,0.02491942413940121,815051,5,,1.220280542159926
case_054,3,3,2,ablation,no_level,0.404,5.533,True,674020,331110,0.01587327885764526,815051,48,,1.2092385982611793
case_054,3,3,3,ablation,full,0.699,6.306,True,343592,1613448,0.18354772959519328,815051,62,,2.3721477799250272
case_054,3,3,3,ablation,no_comm,0.411,5.199,True,587874,765996,0.04740870558731972,815051,9,,1.3864382503733794
case_054,3,3,3,ablation,no_balance,0.763,5.827,True,457811,1590156,0.13594432320886626,815051,60,,1.7803220106113657
case_054,3,3,3,ablation,no_sync,0.569,6.492,True,343592,1613448,0.18354772959519328,815051,62,,2.3721477799250272
case_054,3,3,3,ablation,no_localsearch,0.317,5.93,True,343592,1613448,0.18354772959519328,815051,62,,2.3721477799250272
case_054,3,3,3,ablation,no_cache_aware,0.693,6.124,True,343592,1613448,0.18354772959519328,815051,62,,2.3721477799250272
case_054,3,3,3,ablation,no_level,0.544,5.367,True,399189,1613448,0.17358966863978986,815051,491,,2.0417671829634583
case_054,3,3,4,ablation,full,0.937,6.01,True,303073,2407116,0.2799858824484654,815051,84,,2.689289379126481
case_054,3,3,4,ablation,no_comm,0.559,4.828,True,561196,911026,0.07063945427319616,815051,12,,1.4523464172944924
case_054,3,3,4,ablation,no_balance,0.27,6.188,True,247327,2573394,0.25259063403765003,815051,88,,3.295438831991655
case_054,3,3,4,ablation,no_sync,0.726,5.673,True,303073,2407116,0.2799858824484654,815051,84,,2.689289379126481
case_054,3,3,4,ablation,no_localsearch,0.785,5.689,True,303073,2407116,0.2799858824484654,815051,84,,2.689289379126481
case_054,3,3,4,ablation,no_cache_aware,0.901,6.381,True,303073,2407116,0.2799858824484654,815051,84,,2.689289379126481
case_054,3,3,4,ablation,no_level,0.824,5.09,True,330479,2407116,0.29800736915236414,815051,491,,2.466271684433807
case_054,3,3,5,ablation,full,1.162,5.704,True,266979,2941840,0.32505755566263583,815051,99,,3.0528655811880334
case_054,3,3,5,ablation,no_comm,0.683,4.782,True,541403,1278076,0.10441303143007859,815051,22,,1.5054423414720643
case_054,3,3,5,ablation,no_balance,0.281,5.847,True,286805,3125528,0.34443157366497695,815051,110,,2.8418298146824497
case_054,3,3,5,ablation,no_sync,0.896,5.729,True,266979,2941840,0.32505755566263583,815051,99,,3.0528655811880334
case_054,3,3,5,ablation,no_localsearch,0.308,5.809,True,266979,2941840,0.32505755566263583,815051,99,,3.0528655811880334
case_054,3,3,5,ablation,no_cache_aware,1.123,5.259,True,266979,2941840,0.32505755566263583,815051,99,,3.0528655811880334
case_054,3,3,5,ablation,no_level,1.01,4.847,True,312120,2941840,0.36555567910975084,815051,491,,2.611338587722671
case_056,1,1,2,ablation,full,0.26,2.259,True,280609,570190,,277285,16,,0.9881543357483188
case_056,1,1,2,ablation,no_comm,0.154,3.534,True,283258,411962,,277285,7,,0.978913216925912
case_056,1,1,2,ablation,no_balance,0.377,2.764,True,161385,1514822,,277285,28,,1.7181584409951358
case_056,1,1,2,ablation,no_sync,0.181,1.825,True,280609,570190,,277285,16,,0.9881543357483188
case_056,1,1,2,ablation,no_localsearch,0.113,1.904,True,280609,570190,,277285,16,,0.9881543357483188
case_056,1,1,2,ablation,no_cache_aware,0.234,2.059,True,280609,570190,,277285,16,,0.9881543357483188
case_056,1,1,2,ablation,no_level,0.199,3.643,True,204422,1632002,,277285,336,,1.3564342389762354
case_056,1,1,3,ablation,full,0.367,2.811,True,190177,1089970,,277285,49,,1.4580364607707557
case_056,1,1,3,ablation,no_comm,0.222,3.435,True,276111,595282,,277285,13,,1.0042519131798444
case_056,1,1,3,ablation,no_balance,0.143,2.228,True,157273,1716660,,277285,57,,1.763080757663426
case_056,1,1,3,ablation,no_sync,0.298,2.164,True,190177,1089970,,277285,49,,1.4580364607707557
case_056,1,1,3,ablation,no_localsearch,0.628,1.556,True,190177,1089970,,277285,49,,1.4580364607707557
case_056,1,1,3,ablation,no_cache_aware,0.27,1.66,True,190177,1089970,,277285,49,,1.4580364607707557
case_056,1,1,3,ablation,no_level,0.708,2.384,True,154127,1632002,,277285,336,,1.7990683008168589
case_056,2,2,2,ablation,full,0.531,2.155,True,266425,433430,,277285,16,,1.040761940508586
case_056,2,2,2,ablation,no_comm,0.112,1.991,True,280621,397734,,277285,7,,0.9881120799940133
case_056,2,2,2,ablation,no_balance,0.13,1.944,True,152368,498486,,277285,28,,1.8198374986873884
case_056,2,2,2,ablation,no_sync,0.185,1.923,True,266425,433430,,277285,16,,1.040761940508586
case_056,2,2,2,ablation,no_localsearch,0.093,1.748,True,266425,433430,,277285,16,,1.040761940508586
case_056,2,2,2,ablation,no_cache_aware,0.269,1.824,True,266425,433430,,277285,16,,1.040761940508586
case_056,2,2,2,ablation,no_level,0.234,1.878,True,158827,433430,,277285,336,,1.745830368891939
case_056,1,1,4,ablation,full,0.506,1.985,True,166680,1226640,,277285,59,,1.6635769138468923
case_056,1,1,4,ablation,no_comm,0.277,2.585,True,256830,1105326,,277285,22,,1.0796441225713507
case_056,1,1,4,ablation,no_balance,0.139,2.413,True,115951,1296986,,277285,56,,2.391398090572742
case_056,1,1,4,ablation,no_sync,0.279,2.058,True,166680,1226640,,277285,59,,1.6635769138468923
case_056,1,1,4,ablation,no_localsearch,0.156,1.888,True,166680,1226640,,277285,59,,1.6635769138468923
case_056,1,1,4,ablation,no_cache_aware,0.843,2.164,True,166680,1226640,,277285,59,,1.6635769138468923
case_056,1,1,4,ablation,no_level,0.473,3.411,True,149269,1632002,,277285,336,,1.8576194655286764
case_056,2,2,3,ablation,full,0.774,1.5,True,176900,686636,,277285,49,,1.5674674957603165
case_056,2,2,3,ablation,no_comm,0.155,1.639,True,270327,499604,,277285,13,,1.0257391973424779
case_056,2,2,3,ablation,no_balance,0.118,1.967,True,107096,767084,,277285,57,,2.589125644281766
case_056,2,2,3,ablation,no_sync,0.229,1.991,True,176900,686636,,277285,49,,1.5674674957603165
case_056,2,2,3,ablation,no_localsearch,0.132,2.179,True,176900,686636,,277285,49,,1.5674674957603165
case_056,2,2,3,ablation,no_cache_aware,0.343,2.08,True,176900,686636,,277285,49,,1.5674674957603165
case_056,2,2,3,ablation,no_level,0.358,1.689,True,111151,686636,,277285,336,,2.4946694136804886
case_056,1,1,5,ablation,full,0.611,2.576,True,144461,1354560,,277285,75,,1.919445386644146
case_056,1,1,5,ablation,no_comm,0.345,1.938,True,194362,1782984,,277285,44,,1.4266420390817136
case_056,1,1,5,ablation,no_balance,0.12,2.477,True,96683,1377620,,277285,95,,2.8679809273605494
case_056,1,1,5,ablation,no_sync,0.477,2.19,True,144461,1354560,,277285,75,,1.919445386644146
case_056,1,1,5,ablation,no_localsearch,0.099,2.091,True,144461,1354560,,277285,75,,1.919445386644146
case_056,1,1,5,ablation,no_cache_aware,0.629,1.951,True,144461,1354560,,277285,75,,1.919445386644146
case_056,1,1,5,ablation,no_level,0.553,3.368,True,144663,1632002,,277285,336,,1.9167651714674796
case_056,2,2,4,ablation,full,0.5,2.01,True,151268,967674,,277285,59,,1.8330711055874342
case_056,2,2,4,ablation,no_comm,0.216,1.655,True,250860,750910,,277285,22,,1.1053376385234792
case_056,2,2,4,ablation,no_balance,0.124,2.018,True,106899,1113122,,277285,56,,2.5938970430032087
case_056,2,2,4,ablation,no_sync,0.308,1.947,True,151268,967674,,277285,59,,1.8330711055874342
case_056,2,2,4,ablation,no_localsearch,0.097,1.879,True,151268,967674,,277285,59,,1.8330711055874342
case_056,2,2,4,ablation,no_cache_aware,0.589,1.307,True,151268,967674,,277285,59,,1.8330711055874342
case_056,2,2,4,ablation,no_level,0.491,2.049,True,107165,967674,,277285,336,,2.5874585918910094
case_056,2,2,5,ablation,full,0.665,1.999,True,125974,1154312,,277285,75,,2.2011288043564545
case_056,2,2,5,ablation,no_comm,0.354,2.092,True,179861,1083552,,277285,44,,1.5416627284402955
case_056,2,2,5,ablation,no_balance,0.129,1.45,True,83213,1459800,,277285,95,,3.332231742636367
case_056,2,2,5,ablation,no_sync,0.828,1.582,True,125974,1154312,,277285,75,,2.2011288043564545
case_056,2,2,5,ablation,no_localsearch,0.096,1.657,True,125974,1154312,,277285,75,,2.2011288043564545
case_056,2,2,5,ablation,no_cache_aware,0.434,1.864,True,125974,1154312,,277285,75,,2.2011288043564545
case_056,2,2,5,ablation,no_level,0.468,1.878,True,95385,1154312,,277285,336,,2.907008439482099
case_057,1,1,2,ablation,full,0.027,0.141,True,39818,243028,,59726,4,,1.4999748857300719
case_057,1,1,2,ablation,no_comm,0.011,0.14,True,42602,231514,,59726,5,,1.4019529599549316
case_057,1,1,2,ablation,no_balance,0.009,0.145,True,44240,665520,,59726,6,,1.3500452079566003
case_057,1,1,2,ablation,no_sync,0.018,0.14,True,41209,275034,,59726,5,,1.4493435899924774
case_057,1,1,2,ablation,no_localsearch,0.012,0.212,True,41209,275034,,59726,5,,1.4493435899924774
case_057,1,1,2,ablation,no_cache_aware,0.038,0.222,True,39818,243028,,59726,4,,1.4999748857300719
case_057,1,1,2,ablation,no_level,0.041,0.241,True,66543,842904,,59726,92,,0.8975549644590716
case_057,1,1,3,ablation,full,0.07,0.239,True,32503,757966,,59726,9,,1.8375534566040057
case_057,1,1,3,ablation,no_comm,0.038,0.227,True,28460,327820,,59726,9,,2.0985945186226282
case_057,1,1,3,ablation,no_balance,0.016,0.207,True,33070,914676,,59726,9,,1.8060477774417902
case_057,1,1,3,ablation,no_sync,0.059,0.242,True,32503,757966,,59726,9,,1.8375534566040057
case_057,1,1,3,ablation,no_localsearch,0.018,0.24,True,32487,757966,,59726,9,,1.8384584603071998
case_057,1,1,3,ablation,no_cache_aware,0.067,0.251,True,32503,757966,,59726,9,,1.8375534566040057
case_057,1,1,3,ablation,no_level,0.064,0.255,True,64191,842904,,59726,92,,0.9304419622688539
case_057,1,1,4,ablation,full,0.122,0.152,True,24917,485524,,59726,12,,2.396998033471124
case_057,1,1,4,ablation,no_comm,0.051,0.15,True,25495,326284,,59726,10,,2.3426554226318888
case_057,1,1,4,ablation,no_balance,0.015,0.448,True,28322,996416,,59726,12,,2.1088199985876703
case_057,1,1,4,ablation,no_sync,0.098,0.225,True,24917,485524,,59726,12,,2.396998033471124
case_057,1,1,4,ablation,no_localsearch,0.019,0.261,True,25472,945876,,59726,12,,2.344770728643216
case_057,1,1,4,ablation,no_cache_aware,0.116,0.19,True,24917,485524,,59726,12,,2.396998033471124
case_057,1,1,4,ablation,no_level,0.114,0.272,True,47257,842904,,59726,93,,1.2638550902511798
case_057,2,2,2,ablation,full,0.052,0.165,True,37094,225744,,59726,4,,1.6101256267860031
case_057,2,2,2,ablation,no_comm,0.017,0.158,True,42025,198734,,59726,5,,1.4212016656751933
case_057,2,2,2,ablation,no_balance,0.016,0.173,True,34742,337540,,59726,6,,1.7191295837890737
case_057,2,2,2,ablation,no_sync,0.027,0.31,True,34581,239442,,59726,5,,1.7271333969520835
case_057,2,2,2,ablation,no_localsearch,0.018,0.162,True,34581,239442,,59726,5,,1.7271333969520835
case_057,2,2,2,ablation,no_cache_aware,0.057,0.138,True,37094,225744,,59726,4,,1.6101256267860031
case_057,2,2,2,ablation,no_level,0.034,0.122,True,42794,225744,,59726,92,,1.3956629434032808
case_057,1,1,5,ablation,full,0.128,0.234,True,23880,312274,,59726,12,,2.5010887772194303
case_057,1,1,5,ablation,no_comm,0.142,0.204,True,25283,315504,,59726,11,,2.362298777834909
case_057,1,1,5,ablation,no_balance,0.01,0.185,True,27173,1136516,,59726,15,,2.1979906524859234
case_057,1,1,5,ablation,no_sync,0.085,0.151,True,23880,312274,,59726,12,,2.5010887772194303
case_057,1,1,5,ablation,no_localsearch,0.019,0.259,True,27321,953882,,59726,15,,2.1860839647157864
case_057,1,1,5,ablation,no_cache_aware,0.129,0.227,True,23880,312274,,59726,12,,2.5010887772194303
case_057,1,1,5,ablation,no_level,0.121,0.264,True,40439,842904,,59726,93,,1.4769405771656074
case_056,3,3,2,ablation,full,0.204,1.852,True,266425,433430,0.16311227355414162,277285,16,,1.040761940508586
case_056,3,3,2,ablation,no_comm,0.09,1.999,True,280621,397734,0.045320128330311064,277285,7,,0.9881120799940133
case_056,3,3,2,ablation,no_balance,0.136,2.164,True,152368,498486,0.18107705028243784,277285,28,,1.8198374986873884
case_056,3,3,2,ablation,no_sync,0.174,2.293,True,266425,433430,0.16311227355414162,277285,16,,1.040761940508586
case_056,3,3,2,ablation,no_localsearch,0.107,2.192,True,266425,433430,0.16311227355414162,277285,16,,1.040761940508586
case_056,3,3,2,ablation,no_cache_aware,0.26,2.239,True,266425,433430,0.16311227355414162,277285,16,,1.040761940508586
case_056,3,3,2,ablation,no_level,0.169,1.878,True,158763,433430,0.16311227355414162,277285,336,,1.7465341420860023
case_057,2,2,3,ablation,full,0.044,0.126,True,24335,466252,,59726,9,,2.45432504622971
case_057,2,2,3,ablation,no_comm,0.026,0.097,True,26887,258180,,59726,9,,2.2213709227507716
case_057,2,2,3,ablation,no_balance,0.01,0.11,True,24807,525300,,59726,9,,2.4076268795098157
case_057,2,2,3,ablation,no_sync,0.058,0.316,True,24335,466252,,59726,9,,2.45432504622971
case_057,2,2,3,ablation,no_localsearch,0.011,0.103,True,24449,466252,,59726,9,,2.4428810994314696
case_057,2,2,3,ablation,no_cache_aware,0.07,0.179,True,24335,466252,,59726,9,,2.45432504622971
case_057,2,2,3,ablation,no_level,0.068,0.172,True,37502,466252,,59726,92,,1.592608394218975
case_057,3,3,2,ablation,full,0.048,0.169,True,37094,225744,0.38217826058786686,59726,4,,1.6101256267860031
case_057,3,3,2,ablation,no_comm,0.012,0.095,True,42025,198734,0.32630128150986276,59726,5,,1.4212016656751933
case_057,3,3,2,ablation,no_balance,0.009,0.103,True,34657,337540,0.4475553261817869,59726,6,,1.7233459330005483
case_057,3,3,2,ablation,no_sync,0.018,0.329,True,34529,239442,0.3956000295347226,59726,5,,1.7297344261345535
case_057,3,3,2,ablation,no_localsearch,0.011,0.097,True,34529,239442,0.3956000295347226,59726,5,,1.7297344261345535
case_057,3,3,2,ablation,no_cache_aware,0.035,0.096,True,37094,225744,0.38217826058786686,59726,4,,1.6101256267860031
case_057,3,3,2,ablation,no_level,0.034,0.097,True,42588,225744,0.38217826058786686,59726,92,,1.4024138254907486
case_057,2,2,4,ablation,full,0.123,0.173,True,23202,373426,,59726,12,,2.5741746401172314
case_057,2,2,4,ablation,no_comm,0.048,0.6,True,23262,305828,,59726,12,,2.567535035680509
case_057,2,2,4,ablation,no_balance,0.015,0.17,True,22354,611172,,59726,12,,2.671826071396618
case_057,2,2,4,ablation,no_sync,0.072,0.175,True,23202,373426,,59726,12,,2.5741746401172314
case_057,2,2,4,ablation,no_localsearch,0.021,0.194,True,21591,568804,,59726,12,,2.7662451947570745
case_057,2,2,4,ablation,no_cache_aware,0.123,0.164,True,23202,373426,,59726,12,,2.5741746401172314
case_057,2,2,4,ablation,no_level,0.117,0.176,True,33845,373426,,59726,93,,1.7646919781356183
case_056,3,3,3,ablation,full,0.72,1.508,True,176900,686636,0.29144034404198776,277285,49,,1.5674674957603165
case_056,3,3,3,ablation,no_comm,0.14,1.812,True,270314,499604,0.07285403265302763,277285,13,,1.0257885274162641
case_056,3,3,3,ablation,no_balance,0.127,2.124,True,106997,767084,0.36845023482198785,277285,57,,2.5915212576053532
case_056,3,3,3,ablation,no_sync,0.198,2.052,True,176900,686636,0.29144034404198776,277285,49,,1.5674674957603165
case_056,3,3,3,ablation,no_localsearch,0.128,2.081,True,176900,686636,0.29144034404198776,277285,49,,1.5674674957603165
case_056,3,3,3,ablation,no_cache_aware,0.393,2.131,True,176900,686636,0.29144034404198776,277285,49,,1.5674674957603165
case_056,3,3,3,ablation,no_level,0.332,1.998,True,110712,686636,0.22915698969580342,277285,336,,2.5045613844930994
case_057,2,2,5,ablation,full,0.094,0.162,True,20718,265690,,59726,12,,2.882807220774206
case_057,2,2,5,ablation,no_comm,0.13,0.106,True,21336,348606,,59726,14,,2.7993063367079114
case_057,2,2,5,ablation,no_balance,0.01,0.167,True,21850,734932,,59726,15,,2.7334553775743706
case_057,2,2,5,ablation,no_sync,0.108,0.166,True,20718,265690,,59726,12,,2.882807220774206
case_057,2,2,5,ablation,no_localsearch,0.02,0.188,True,22309,596682,,59726,15,,2.677215473575687
case_057,2,2,5,ablation,no_cache_aware,0.108,0.098,True,20718,265690,,59726,12,,2.882807220774206
case_057,2,2,5,ablation,no_level,0.083,0.1,True,29295,265690,,59726,93,,2.0387779484553676
case_056,3,3,4,ablation,full,0.904,1.389,True,151218,967674,0.32427401721568766,277285,59,,1.8336772077398193
case_056,3,3,4,ablation,no_comm,0.275,1.989,True,250854,750910,0.17067010292714122,277285,22,,1.105364076315307
case_056,3,3,4,ablation,no_balance,0.12,2.086,True,106179,1113122,0.45699605601186816,277285,56,,2.6114862637621377
case_056,3,3,4,ablation,no_sync,0.279,2.036,True,151218,967674,0.32427401721568766,277285,59,,1.8336772077398193
case_056,3,3,4,ablation,no_localsearch,0.116,1.911,True,151218,967674,0.32427401721568766,277285,59,,1.8336772077398193
case_056,3,3,4,ablation,no_cache_aware,0.412,1.877,True,151218,967674,0.32427401721568766,277285,59,,1.8336772077398193
case_056,3,3,4,ablation,no_level,0.421,2.146,True,106766,967674,0.3072375529349112,277285,336,,2.5971282992713034
case_057,3,3,3,ablation,full,0.059,0.184,True,23743,466252,0.5421096204627565,59726,9,,2.5155203638967274
case_057,3,3,3,ablation,no_comm,0.041,0.171,True,26887,258180,0.3664264866836921,59726,9,,2.2213709227507716
case_057,3,3,3,ablation,no_balance,0.016,0.14,True,24655,525300,0.5608340417493152,59726,9,,2.422470087203407
case_057,3,3,3,ablation,no_sync,0.038,0.179,True,23743,466252,0.5421096204627565,59726,9,,2.5155203638967274
case_057,3,3,3,ablation,no_localsearch,0.015,0.313,True,23743,466252,0.5421096204627565,59726,9,,2.5155203638967274
case_057,3,3,3,ablation,no_cache_aware,0.067,0.129,True,23743,466252,0.5421096204627565,59726,9,,2.5155203638967274
case_057,3,3,3,ablation,no_level,0.043,0.108,True,37182,466252,0.5518316070899613,59726,92,,1.6063148835458017
case_057,3,3,5,ablation,full,0.129,0.202,True,18712,596682,0.5564144010477287,59726,15,,3.1918554938007695
case_057,3,3,5,ablation,no_comm,0.078,0.157,True,23111,383426,0.4455593478547468,59726,15,,2.5843105014927956
case_057,3,3,5,ablation,no_balance,0.009,0.123,True,17872,734932,0.6118882575757576,59726,15,,3.341875559534467
case_057,3,3,5,ablation,no_sync,0.072,0.118,True,18712,596682,0.5564144010477287,59726,15,,3.1918554938007695
case_057,3,3,5,ablation,no_localsearch,0.011,0.399,True,18692,596682,0.5564144010477287,59726,15,,3.195270704044511
case_057,3,3,5,ablation,no_cache_aware,0.082,0.103,True,20594,265690,0.419520357694781,59726,12,,2.9001650966300865
case_057,3,3,5,ablation,no_level,0.084,0.187,True,30130,596682,0.5341349385742972,59726,93,,1.9822768005310323
case_057,3,3,4,ablation,full,0.126,0.196,True,19124,570116,0.5769085768143261,59726,12,,3.123091403472077
case_057,3,3,4,ablation,no_comm,0.06,0.174,True,23262,305828,0.4033681697197432,59726,12,,2.567535035680509
case_057,3,3,4,ablation,no_balance,0.016,0.192,True,19779,611172,0.5785086025657528,59726,12,,3.0196673239294203
case_057,3,3,4,ablation,no_sync,0.107,0.189,True,19124,570116,0.5769085768143261,59726,12,,3.123091403472077
case_057,3,3,4,ablation,no_localsearch,0.02,0.196,True,19106,568804,0.5771034544719464,59726,12,,3.126033706688998
case_057,3,3,4,ablation,no_cache_aware,0.12,0.174,True,23179,373426,0.4711064851152897,59726,12,,2.576728935674533
case_057,3,3,4,ablation,no_level,0.13,0.198,True,34262,570116,0.5407140613078407,59726,93,,1.7432140563890024
case_056,3,3,5,ablation,full,0.561,1.808,True,125545,1154312,0.3367974110498157,277285,75,,2.2086502847584533
case_056,3,3,5,ablation,no_comm,0.359,1.708,True,179842,1083552,0.18787520888565,277285,44,,1.5418256024732822
case_056,3,3,5,ablation,no_balance,0.116,2.03,True,80656,1459800,0.5297342331083895,277285,95,,3.4378719500099186
case_056,3,3,5,ablation,no_sync,0.477,1.997,True,125545,1154312,0.3367974110498157,277285,75,,2.2086502847584533
case_056,3,3,5,ablation,no_localsearch,0.123,1.905,True,125545,1154312,0.3367974110498157,277285,75,,2.2086502847584533
case_056,3,3,5,ablation,no_cache_aware,0.648,2.077,True,125545,1154312,0.3367974110498157,277285,75,,2.2086502847584533
case_056,3,3,5,ablation,no_level,0.467,2.126,True,94452,1154312,0.3517347000735395,277285,336,,2.935723965612163
case_028,1,1,2,ablation,full,0.804,213.787,True,23638628,277473600,,43836040,2,,1.8544240384848054
case_028,1,1,2,ablation,no_comm,0.665,210.215,True,23599010,277868352,,43836040,4,,1.857537244147106
case_028,1,1,2,ablation,no_balance,0.196,209.149,True,23638628,277473600,,43836040,2,,1.8544240384848054
case_028,1,1,2,ablation,no_sync,0.352,239.46,True,23638628,277473600,,43836040,2,,1.8544240384848054
case_028,1,1,2,ablation,no_localsearch,0.252,227.289,True,23638628,277473600,,43836040,2,,1.8544240384848054
case_028,1,1,2,ablation,no_cache_aware,0.439,183.876,True,23638628,277473600,,43836040,2,,1.8544240384848054
case_028,1,1,2,ablation,no_level,0.277,7.045,True,20808437,326568960,,43836040,153,,2.1066474142195304
case_054,1,1,2,ablation,full,0.411,22.217,True,667509,399156,,815051,5,,1.2210337238898652
case_054,1,1,2,ablation,no_comm,0.268,34.295,True,644496,275436,,815051,4,,1.264633139693652
case_054,1,1,2,ablation,no_balance,0.241,14.602,True,669665,533914,,815051,7,,1.217102581141317
case_054,1,1,2,ablation,no_sync,0.429,25.64,True,667509,399156,,815051,5,,1.2210337238898652
case_054,1,1,2,ablation,no_localsearch,0.872,20.722,True,667509,399156,,815051,5,,1.2210337238898652
case_054,1,1,2,ablation,no_cache_aware,0.644,18.626,True,667509,399156,,815051,5,,1.2210337238898652
case_054,1,1,2,ablation,no_level,0.617,13.735,True,686083,1549010,,815051,48,,1.187977256396092
case_058,2,2,4,ablation,full,0.825,7.936,True,1408677,28954624,,4539717,4,,3.2226812817984536
case_058,2,2,4,ablation,no_comm,0.759,7.937,True,1153590,31985664,,4539717,8,,3.9352950354978806
case_058,2,2,4,ablation,no_balance,0.191,8.791,True,1408677,28954624,,4539717,4,,3.2226812817984536
case_058,2,2,4,ablation,no_sync,0.937,8.578,True,1408677,28954624,,4539717,4,,3.2226812817984536
case_058,2,2,4,ablation,no_localsearch,0.257,8.653,True,1408677,28954624,,4539717,4,,3.2226812817984536
case_058,2,2,4,ablation,no_cache_aware,0.919,8.927,True,1408677,28954624,,4539717,4,,3.2226812817984536
case_058,2,2,4,ablation,no_level,0.815,8.245,True,1408677,28954624,,4539717,17,,3.2226812817984536
case_058,2,2,3,ablation,full,0.587,9.136,True,1662641,28868608,,4539717,3,,2.730425269195214
case_058,2,2,3,ablation,no_comm,0.554,8.199,True,1510985,31211520,,4539717,6,,3.0044752264251464
case_058,2,2,3,ablation,no_balance,0.193,9.252,True,1662641,28868608,,4539717,3,,2.730425269195214
case_058,2,2,3,ablation,no_sync,0.655,9.743,True,1662641,28868608,,4539717,3,,2.730425269195214
case_058,2,2,3,ablation,no_localsearch,0.257,9.918,True,1662641,28868608,,4539717,3,,2.730425269195214
case_058,2,2,3,ablation,no_cache_aware,0.622,9.403,True,1662641,28868608,,4539717,3,,2.730425269195214
case_058,2,2,3,ablation,no_level,0.612,9.227,True,1662641,28868608,,4539717,17,,2.730425269195214
case_058,2,2,5,ablation,full,1.061,8.044,True,1157950,29040640,,4539717,5,,3.920477568116067
case_058,2,2,5,ablation,no_comm,0.971,8.534,True,948106,31719424,,4539717,5,,4.788195623696085
case_058,2,2,5,ablation,no_balance,0.206,8.046,True,1157950,29040640,,4539717,5,,3.920477568116067
case_058,2,2,5,ablation,no_sync,1.854,8.111,True,1157950,29040640,,4539717,5,,3.920477568116067
case_058,2,2,5,ablation,no_localsearch,0.267,7.876,True,1157950,29040640,,4539717,5,,3.920477568116067
case_058,2,2,5,ablation,no_cache_aware,1.134,8.194,True,1157950,29040640,,4539717,5,,3.920477568116067
case_058,2,2,5,ablation,no_level,1.096,7.475,True,1157950,29040640,,4539717,17,,3.920477568116067
case_058,2,2,2,ablation,full,0.32,9.509,True,2448313,28782592,,4539717,2,,1.8542224789069044
case_058,2,2,2,ablation,no_comm,0.354,10.05,True,2275996,29163520,,4539717,3,,1.9946067567781314
case_058,2,2,2,ablation,no_balance,0.196,11.22,True,2448313,28782592,,4539717,2,,1.8542224789069044
case_058,2,2,2,ablation,no_sync,0.441,11.77,True,2448313,28782592,,4539717,2,,1.8542224789069044
case_058,2,2,2,ablation,no_localsearch,0.294,11.09,True,2448313,28782592,,4539717,2,,1.8542224789069044
case_058,2,2,2,ablation,no_cache_aware,0.453,10.605,True,2448313,28782592,,4539717,2,,1.8542224789069044
case_058,2,2,2,ablation,no_level,0.409,11.046,True,2448313,28782592,,4539717,17,,1.8542224789069044
case_058,3,3,4,ablation,full,0.835,8.248,True,1399475,28954624,0.04720239465807046,4539717,4,,3.2438714517944227
case_058,3,3,4,ablation,no_comm,0.746,7.592,True,1150481,31985664,0.13649471323293816,4539717,8,,3.9459295720659444
case_058,3,3,4,ablation,no_balance,0.205,8.319,True,1399475,28954624,0.04720239465807046,4539717,4,,3.2438714517944227
case_058,3,3,4,ablation,no_sync,0.932,8.186,True,1399475,28954624,0.04720239465807046,4539717,4,,3.2438714517944227
case_058,3,3,4,ablation,no_localsearch,0.253,8.107,True,1399475,28954624,0.04720239465807046,4539717,4,,3.2438714517944227
case_058,3,3,4,ablation,no_cache_aware,0.818,9.167,True,1399475,28954624,0.04720239465807046,4539717,4,,3.2438714517944227
case_058,3,3,4,ablation,no_level,0.926,8.457,True,1399475,28954624,0.04720239465807046,4539717,17,,3.2438714517944227
case_058,3,3,3,ablation,full,0.605,9.262,True,1651205,28868608,0.09878822850548183,4539717,3,,2.749335788106262
case_058,3,3,3,ablation,no_comm,0.521,6.842,True,1496185,31211520,0.42648819240396124,4539717,6,,3.034194969205011
case_058,3,3,3,ablation,no_balance,0.195,9.627,True,1651205,28868608,0.09878822850548183,4539717,3,,2.749335788106262
case_058,3,3,3,ablation,no_sync,0.627,9.525,True,1651205,28868608,0.09878822850548183,4539717,3,,2.749335788106262
case_058,3,3,3,ablation,no_localsearch,0.234,8.603,True,1651205,28868608,0.09878822850548183,4539717,3,,2.749335788106262
case_058,3,3,3,ablation,no_cache_aware,0.702,9.524,True,1651205,28868608,0.09878822850548183,4539717,3,,2.749335788106262
case_058,3,3,3,ablation,no_level,0.637,8.846,True,1651205,28868608,0.09878822850548183,4539717,17,,2.749335788106262
case_058,3,3,5,ablation,full,1.135,7.766,True,1140247,29040640,0.09371769840358332,4539717,5,,3.9813452699283576
case_058,3,3,5,ablation,no_comm,1.003,8.146,True,947187,31719424,0.023501762632197415,4539717,5,,4.792841329114525
case_058,3,3,5,ablation,no_balance,0.183,7.655,True,1140247,29040640,0.09371769840358332,4539717,5,,3.9813452699283576
case_058,3,3,5,ablation,no_sync,1.089,8.451,True,1140247,29040640,0.09371769840358332,4539717,5,,3.9813452699283576
case_058,3,3,5,ablation,no_localsearch,0.241,7.823,True,1140247,29040640,0.09371769840358332,4539717,5,,3.9813452699283576
case_058,3,3,5,ablation,no_cache_aware,1.088,7.939,True,1140247,29040640,0.09371769840358332,4539717,5,,3.9813452699283576
case_058,3,3,5,ablation,no_level,1.044,8.32,True,1140247,29040640,0.09371769840358332,4539717,17,,3.9813452699283576
case_058,3,3,2,ablation,full,0.443,10.879,True,2443180,28782592,0.0500925497454882,4539717,2,,1.8581181083669644
case_058,3,3,2,ablation,no_comm,0.306,8.759,True,2275996,29163520,0.0,4539717,3,,1.9946067567781314
case_058,3,3,2,ablation,no_balance,0.617,10.906,True,2443180,28782592,0.0500925497454882,4539717,2,,1.8581181083669644
case_058,3,3,2,ablation,no_sync,0.425,10.388,True,2443180,28782592,0.0500925497454882,4539717,2,,1.8581181083669644
case_058,3,3,2,ablation,no_localsearch,0.643,10.596,True,2443180,28782592,0.0500925497454882,4539717,2,,1.8581181083669644
case_058,3,3,2,ablation,no_cache_aware,0.41,11.173,True,2443180,28782592,0.0500925497454882,4539717,2,,1.8581181083669644
case_058,3,3,2,ablation,no_level,0.412,11.543,True,2443180,28782592,0.0500925497454882,4539717,17,,1.8581181083669644
case_059,1,1,2,ablation,full,0.093,1.275,True,369318,360448,,829473,2,,2.2459587672412393
case_059,1,1,2,ablation,no_comm,0.064,2.35,True,391815,2363392,,829473,4,,2.117001646185062
case_059,1,1,2,ablation,no_balance,0.044,1.31,True,369318,360448,,829473,2,,2.2459587672412393
case_059,1,1,2,ablation,no_sync,0.104,2.255,True,369318,360448,,829473,2,,2.2459587672412393
case_059,1,1,2,ablation,no_localsearch,0.065,1.337,True,369318,360448,,829473,2,,2.2459587672412393
case_059,1,1,2,ablation,no_cache_aware,0.1,1.295,True,369318,360448,,829473,2,,2.2459587672412393
case_059,1,1,2,ablation,no_level,0.09,0.953,True,385500,7569408,,829473,64,,2.15168093385214
case_059,1,1,4,ablation,full,0.184,1.102,True,185216,1081344,,829473,4,,4.478408992743607
case_059,1,1,4,ablation,no_comm,0.135,2.929,True,199052,3557376,,829473,8,,4.1671171352209475
case_059,1,1,4,ablation,no_balance,0.054,1.047,True,185216,1081344,,829473,4,,4.478408992743607
case_059,1,1,4,ablation,no_sync,0.18,1.034,True,185216,1081344,,829473,4,,4.478408992743607
case_059,1,1,4,ablation,no_localsearch,0.055,1.122,True,185216,1081344,,829473,4,,4.478408992743607
case_059,1,1,4,ablation,no_cache_aware,0.158,1.863,True,185216,1081344,,829473,4,,4.478408992743607
case_059,1,1,4,ablation,no_level,0.167,0.891,True,198236,7569408,,829473,64,,4.184270263726064
case_059,2,2,2,ablation,full,0.103,0.564,True,369318,360448,,829473,2,,2.2459587672412393
case_059,2,2,2,ablation,no_comm,0.056,1.424,True,400663,2283520,,829473,4,,2.070251058869923
case_059,2,2,2,ablation,no_balance,0.048,0.605,True,369318,360448,,829473,2,,2.2459587672412393
case_059,2,2,2,ablation,no_sync,0.083,0.599,True,369318,360448,,829473,2,,2.2459587672412393
case_059,2,2,2,ablation,no_localsearch,0.061,1.465,True,369318,360448,,829473,2,,2.2459587672412393
case_059,2,2,2,ablation,no_cache_aware,0.093,0.631,True,369318,360448,,829473,2,,2.2459587672412393
case_059,2,2,2,ablation,no_level,0.091,0.549,True,369318,360448,,829473,64,,2.2459587672412393
case_059,1,1,3,ablation,full,0.139,2.95,True,266217,2998272,,829473,3,,3.1157777301975456
case_059,1,1,3,ablation,no_comm,0.107,2.491,True,268144,3493888,,829473,6,,3.093386389402709
case_059,1,1,3,ablation,no_balance,0.057,2.857,True,266217,2998272,,829473,3,,3.1157777301975456
case_059,1,1,3,ablation,no_sync,0.136,2.256,True,266217,2998272,,829473,3,,3.1157777301975456
case_059,1,1,3,ablation,no_localsearch,0.062,2.261,True,266217,2998272,,829473,3,,3.1157777301975456
case_059,1,1,3,ablation,no_cache_aware,0.123,2.84,True,266217,2998272,,829473,3,,3.1157777301975456
case_059,1,1,3,ablation,no_level,0.14,0.964,True,268460,7569408,,829473,64,,3.0897452134396186
case_059,2,2,4,ablation,full,0.17,0.579,True,185216,1081344,,829473,4,,4.478408992743607
case_059,2,2,4,ablation,no_comm,0.113,1.303,True,195779,3536896,,829473,8,,4.236782290235419
case_059,2,2,4,ablation,no_balance,0.045,0.51,True,185216,1081344,,829473,4,,4.478408992743607
case_059,2,2,4,ablation,no_sync,0.156,0.565,True,185216,1081344,,829473,4,,4.478408992743607
case_059,2,2,4,ablation,no_localsearch,0.054,0.594,True,185216,1081344,,829473,4,,4.478408992743607
case_059,2,2,4,ablation,no_cache_aware,0.163,1.354,True,185216,1081344,,829473,4,,4.478408992743607
case_059,2,2,4,ablation,no_level,0.179,0.573,True,185216,1081344,,829473,64,,4.478408992743607
case_059,2,2,3,ablation,full,0.135,0.699,True,266217,2998272,,829473,3,,3.1157777301975456
case_059,2,2,3,ablation,no_comm,0.085,0.71,True,257476,3397632,,829473,6,,3.2215546303344778
case_059,2,2,3,ablation,no_balance,0.038,1.402,True,266217,2998272,,829473,3,,3.1157777301975456
case_059,2,2,3,ablation,no_sync,0.132,0.696,True,266217,2998272,,829473,3,,3.1157777301975456
case_059,2,2,3,ablation,no_localsearch,0.057,0.669,True,266217,2998272,,829473,3,,3.1157777301975456
case_059,2,2,3,ablation,no_cache_aware,0.132,0.679,True,266217,2998272,,829473,3,,3.1157777301975456
case_059,2,2,3,ablation,no_level,0.125,1.455,True,266217,2998272,,829473,64,,3.1157777301975456
case_059,1,1,5,ablation,full,0.265,2.098,True,150782,4325376,,829473,5,,5.501140719714555
case_059,1,1,5,ablation,no_comm,0.187,1.536,True,159197,4050944,,829473,10,,5.210355722783721
case_059,1,1,5,ablation,no_balance,0.046,2.428,True,150782,4325376,,829473,5,,5.501140719714555
case_059,1,1,5,ablation,no_sync,0.244,2.423,True,150782,4325376,,829473,5,,5.501140719714555
case_059,1,1,5,ablation,no_localsearch,0.054,1.848,True,150782,4325376,,829473,5,,5.501140719714555
case_059,1,1,5,ablation,no_cache_aware,0.235,2.204,True,150782,4325376,,829473,5,,5.501140719714555
case_059,1,1,5,ablation,no_level,0.221,0.896,True,163124,7569408,,829473,64,,5.084923125965523
case_059,2,2,5,ablation,full,0.233,0.714,True,150782,4325376,,829473,5,,5.501140719714555
case_059,2,2,5,ablation,no_comm,0.169,0.642,True,152176,3956736,,829473,10,,5.450747818315635
case_059,2,2,5,ablation,no_balance,0.043,1.311,True,150782,4325376,,829473,5,,5.501140719714555
case_059,2,2,5,ablation,no_sync,0.221,0.75,True,150782,4325376,,829473,5,,5.501140719714555
case_059,2,2,5,ablation,no_localsearch,0.058,1.29,True,150782,4325376,,829473,5,,5.501140719714555
case_059,2,2,5,ablation,no_cache_aware,0.227,0.697,True,150782,4325376,,829473,5,,5.501140719714555
case_059,2,2,5,ablation,no_level,0.22,0.715,True,150782,4325376,,829473,64,,5.501140719714555
case_059,3,3,2,ablation,full,0.092,0.585,True,369318,360448,0.0,829473,2,,2.2459587672412393
case_059,3,3,2,ablation,no_comm,0.054,0.615,True,395428,2283520,0.6066623959000641,829473,4,,2.097658739391242
case_059,3,3,2,ablation,no_balance,0.041,1.262,True,369318,360448,0.0,829473,2,,2.2459587672412393
case_059,3,3,2,ablation,no_sync,0.084,0.543,True,369318,360448,0.0,829473,2,,2.2459587672412393
case_059,3,3,2,ablation,no_localsearch,0.048,0.553,True,369318,360448,0.0,829473,2,,2.2459587672412393
case_059,3,3,2,ablation,no_cache_aware,0.09,0.615,True,369318,360448,0.0,829473,2,,2.2459587672412393
case_059,3,3,2,ablation,no_level,0.089,1.374,True,369318,360448,0.0,829473,64,,2.2459587672412393
case_059,3,3,3,ablation,full,0.137,0.691,True,262333,2998272,0.6832329317269076,829473,3,,3.1619087190707993
case_059,3,3,3,ablation,no_comm,0.098,0.625,True,254656,3397632,0.6127574083375188,829473,6,,3.257229360392058
case_059,3,3,3,ablation,no_balance,0.037,1.49,True,262333,2998272,0.6832329317269076,829473,3,,3.1619087190707993
case_059,3,3,3,ablation,no_sync,0.136,0.715,True,262333,2998272,0.6832329317269076,829473,3,,3.1619087190707993
case_059,3,3,3,ablation,no_localsearch,0.058,0.75,True,262333,2998272,0.6832329317269076,829473,3,,3.1619087190707993
case_059,3,3,3,ablation,no_cache_aware,0.13,0.659,True,262333,2998272,0.6832329317269076,829473,3,,3.1619087190707993
case_059,3,3,3,ablation,no_level,0.128,1.488,True,262333,2998272,0.6832329317269076,829473,64,,3.1619087190707993
case_059,3,3,4,ablation,full,0.159,0.996,True,185216,1081344,0.0,829473,4,,4.478408992743607
case_059,3,3,4,ablation,no_comm,0.118,0.614,True,192248,3536896,0.4972785749628897,829473,8,,4.314598851483501
case_059,3,3,4,ablation,no_balance,0.039,0.916,True,185216,1081344,0.0,829473,4,,4.478408992743607
case_059,3,3,4,ablation,no_sync,0.196,0.627,True,185216,1081344,0.0,829473,4,,4.478408992743607
case_059,3,3,4,ablation,no_localsearch,0.056,0.912,True,185216,1081344,0.0,829473,4,,4.478408992743607
case_059,3,3,4,ablation,no_cache_aware,0.149,0.574,True,185216,1081344,0.0,829473,4,,4.478408992743607
case_059,3,3,4,ablation,no_level,0.161,0.966,True,185216,1081344,0.0,829473,64,,4.478408992743607
case_059,3,3,5,ablation,full,0.251,0.682,True,150736,4325376,0.7378787878787879,829473,5,,5.502819498991615
case_059,3,3,5,ablation,no_comm,0.807,0.665,True,152176,3956736,0.6087151841868823,829473,10,,5.450747818315635
case_059,3,3,5,ablation,no_balance,0.05,0.708,True,150736,4325376,0.7378787878787879,829473,5,,5.502819498991615
case_059,3,3,5,ablation,no_sync,0.237,0.756,True,150736,4325376,0.7378787878787879,829473,5,,5.502819498991615
case_059,3,3,5,ablation,no_localsearch,0.06,1.339,True,150736,4325376,0.7378787878787879,829473,5,,5.502819498991615
case_059,3,3,5,ablation,no_cache_aware,0.233,0.687,True,150736,4325376,0.7378787878787879,829473,5,,5.502819498991615
case_059,3,3,5,ablation,no_level,0.239,0.701,True,150736,4325376,0.7378787878787879,829473,64,,5.502819498991615
case_060,1,1,5,ablation,full,0.354,9.142,True,237669,3887496,,888789,5,,3.739608447041894
case_060,1,1,5,ablation,no_comm,1.288,10.144,True,248705,4259240,,888789,9,,3.573667598158461
case_060,1,1,5,ablation,no_balance,0.103,11.172,True,179018,4039168,,888789,5,,4.964802422102805
case_060,1,1,5,ablation,no_sync,0.425,9.371,True,237669,3887496,,888789,5,,3.739608447041894
case_060,1,1,5,ablation,no_localsearch,0.101,8.55,True,237669,3887496,,888789,5,,3.739608447041894
case_060,1,1,5,ablation,no_cache_aware,0.373,9.286,True,237669,3887496,,888789,5,,3.739608447041894
case_060,1,1,5,ablation,no_level,0.353,2.436,True,256742,8109056,,888789,89,,3.461798225455905
case_060,1,1,3,ablation,full,0.214,10.301,True,339408,3284112,,888789,3,,2.6186448168575875
case_060,1,1,3,ablation,no_comm,0.278,9.972,True,399097,3218732,,888789,5,,2.2269999523925263
case_060,1,1,3,ablation,no_balance,0.085,12.238,True,298981,3164416,,888789,3,,2.9727273639462037
case_060,1,1,3,ablation,no_sync,0.224,9.892,True,339408,3284112,,888789,3,,2.6186448168575875
case_060,1,1,3,ablation,no_localsearch,0.1,10.21,True,339408,3284112,,888789,3,,2.6186448168575875
case_060,1,1,3,ablation,no_cache_aware,0.228,10.376,True,339408,3284112,,888789,3,,2.6186448168575875
case_060,1,1,3,ablation,no_level,0.234,2.085,True,356608,8109056,,888789,89,,2.4923417309763103
case_060,1,1,4,ablation,full,0.295,11.39,True,271577,3870984,,888789,4,,3.27269614142582
case_060,1,1,4,ablation,no_comm,0.599,10.491,True,301305,3574056,,888789,8,,2.94979837705979
case_060,1,1,4,ablation,no_balance,0.075,10.432,True,233139,3646848,,888789,4,,3.8122707912447082
case_060,1,1,4,ablation,no_sync,0.3,10.556,True,271577,3870984,,888789,4,,3.27269614142582
case_060,1,1,4,ablation,no_localsearch,0.097,10.762,True,271577,3870984,,888789,4,,3.27269614142582
case_060,1,1,4,ablation,no_cache_aware,0.296,10.419,True,271577,3870984,,888789,4,,3.27269614142582
case_060,1,1,4,ablation,no_level,0.739,2.278,True,286620,8109056,,888789,89,,3.100931546996023
case_060,1,1,2,ablation,full,0.178,13.336,True,475028,2948136,,888789,2,,1.8710244448748283
case_060,1,1,2,ablation,no_comm,0.923,12.062,True,470945,2467252,,888789,4,,1.887245856734863
case_060,1,1,2,ablation,no_balance,0.092,14.26,True,452002,2724108,,888789,2,,1.966338644519272
case_060,1,1,2,ablation,no_sync,0.169,11.707,True,475028,2948136,,888789,2,,1.8710244448748283
case_060,1,1,2,ablation,no_localsearch,0.104,12.252,True,475028,2948136,,888789,2,,1.8710244448748283
case_060,1,1,2,ablation,no_cache_aware,0.166,13.512,True,475028,2948136,,888789,2,,1.8710244448748283
case_060,1,1,2,ablation,no_level,0.173,2.065,True,497636,8109056,,888789,89,,1.7860223134982196
case_060,2,2,2,ablation,full,0.178,2.28,True,475028,2948136,,888789,2,,1.8710244448748283
case_060,2,2,2,ablation,no_comm,0.124,2.173,True,470624,2442676,,888789,4,,1.8885330964846672
case_060,2,2,2,ablation,no_balance,0.081,2.126,True,452002,2724108,,888789,2,,1.966338644519272
case_060,2,2,2,ablation,no_sync,0.159,1.48,True,475028,2948136,,888789,2,,1.8710244448748283
case_060,2,2,2,ablation,no_localsearch,0.801,1.502,True,475028,2948136,,888789,2,,1.8710244448748283
case_060,2,2,2,ablation,no_cache_aware,0.172,2.397,True,475028,2948136,,888789,2,,1.8710244448748283
case_060,2,2,2,ablation,no_level,0.154,1.857,True,484540,2343040,,888789,89,,1.834294382300739
case_060,2,2,3,ablation,full,0.222,2.364,True,339408,3284112,,888789,3,,2.6186448168575875
case_060,2,2,3,ablation,no_comm,0.264,2.372,True,395286,3053864,,888789,5,,2.248470727523869
case_060,2,2,3,ablation,no_balance,0.087,1.403,True,298981,3164416,,888789,3,,2.9727273639462037
case_060,2,2,3,ablation,no_sync,0.267,2.485,True,339408,3284112,,888789,3,,2.6186448168575875
case_060,2,2,3,ablation,no_localsearch,0.111,1.473,True,339408,3284112,,888789,3,,2.6186448168575875
case_060,2,2,3,ablation,no_cache_aware,0.26,2.331,True,339408,3284112,,888789,3,,2.6186448168575875
case_060,2,2,3,ablation,no_level,0.209,2.002,True,336335,2969856,,888789,89,,2.642570651285177
case_060,2,2,4,ablation,full,0.29,2.311,True,271577,3870984,,888789,4,,3.27269614142582
case_060,2,2,4,ablation,no_comm,0.516,1.925,True,301338,3506472,,888789,8,,2.949475339983673
case_060,2,2,4,ablation,no_balance,0.084,1.806,True,233139,3646848,,888789,4,,3.8122707912447082
case_060,2,2,4,ablation,no_sync,0.278,1.971,True,271577,3870984,,888789,4,,3.27269614142582
case_060,2,2,4,ablation,no_localsearch,0.106,1.841,True,271577,3870984,,888789,4,,3.27269614142582
case_060,2,2,4,ablation,no_cache_aware,0.292,1.698,True,271577,3870984,,888789,4,,3.27269614142582
case_060,2,2,4,ablation,no_level,0.27,1.615,True,274513,3612032,,888789,89,,3.237693661138088
case_060,2,2,5,ablation,full,0.374,2.05,True,237669,3887496,,888789,5,,3.739608447041894
case_060,2,2,5,ablation,no_comm,1.236,2.067,True,247934,4185512,,888789,9,,3.584780627102374
case_060,2,2,5,ablation,no_balance,0.081,1.277,True,179018,4039168,,888789,5,,4.964802422102805
case_060,2,2,5,ablation,no_sync,0.345,1.998,True,237669,3887496,,888789,5,,3.739608447041894
case_060,2,2,5,ablation,no_localsearch,0.099,1.209,True,237669,3887496,,888789,5,,3.739608447041894
case_060,2,2,5,ablation,no_cache_aware,0.348,2.029,True,237669,3887496,,888789,5,,3.739608447041894
case_060,2,2,5,ablation,no_level,0.352,1.866,True,239576,3633536,,888789,89,,3.7098415534110263
case_060,3,3,2,ablation,full,0.158,2.127,True,474575,2948136,0.3972776671696869,888789,2,,1.8728104093135964
case_060,3,3,2,ablation,no_comm,0.115,1.298,True,470316,2442676,0.29064520154858603,888789,4,,1.8897698568621948
case_060,3,3,2,ablation,no_balance,0.076,1.956,True,451802,2724108,0.40386578005030244,888789,2,,1.9672090871665022
case_060,3,3,2,ablation,no_sync,0.163,1.978,True,474575,2948136,0.3972776671696869,888789,2,,1.8728104093135964
case_060,3,3,2,ablation,no_localsearch,0.101,2.098,True,474575,2948136,0.3972776671696869,888789,2,,1.8728104093135964
case_060,3,3,2,ablation,no_cache_aware,0.154,2.043,True,474575,2948136,0.3972776671696869,888789,2,,1.8728104093135964
case_060,3,3,2,ablation,no_level,0.146,1.114,True,484205,2343040,0.40021540971973324,888789,89,,1.8355634493654547
case_060,3,3,3,ablation,full,0.255,1.377,True,338904,3284112,0.3722887877607921,888789,3,,2.622539126124212
case_060,3,3,3,ablation,no_comm,0.242,2.052,True,394874,3053864,0.36850008175997784,888789,5,,2.250816716218338
case_060,3,3,3,ablation,no_balance,0.08,2.045,True,298831,3164416,0.4687205974223772,888789,3,,2.9742195421492417
case_060,3,3,3,ablation,no_sync,0.228,1.301,True,338904,3284112,0.3722887877607921,888789,3,,2.622539126124212
case_060,3,3,3,ablation,no_localsearch,0.098,2.054,True,338904,3284112,0.3722887877607921,888789,3,,2.622539126124212
case_060,3,3,3,ablation,no_cache_aware,0.208,2.121,True,338904,3284112,0.3722887877607921,888789,3,,2.622539126124212
case_060,3,3,3,ablation,no_level,0.226,1.117,True,336237,2969856,0.45741848216385483,888789,89,,2.6433408577878104
case_061,1,1,2,ablation,full,0.037,0.339,True,58009,195974,,77191,5,,1.3306728266303505
case_061,1,1,2,ablation,no_comm,0.021,0.38,True,54550,75020,,77191,4,,1.4150504124656278
case_061,1,1,2,ablation,no_balance,0.02,0.874,True,53283,190082,,77191,6,,1.4486984591708425
case_061,1,1,2,ablation,no_sync,0.032,0.323,True,58009,195974,,77191,5,,1.3306728266303505
case_061,1,1,2,ablation,no_localsearch,0.023,0.324,True,58009,195974,,77191,5,,1.3306728266303505
case_061,1,1,2,ablation,no_cache_aware,0.037,0.34,True,58009,195974,,77191,5,,1.3306728266303505
case_061,1,1,2,ablation,no_level,0.035,0.34,True,97981,468476,,77191,97,,0.7878160051438544
case_060,3,3,4,ablation,full,0.286,1.712,True,271286,3870984,0.4197833461871167,888789,4,,3.2762066601299
case_060,3,3,4,ablation,no_comm,0.507,1.67,True,300809,3506472,0.40019868802825787,888789,8,,2.954662260770123
case_060,3,3,4,ablation,no_balance,0.076,1.638,True,232748,3646848,0.4691303361055532,888789,4,,3.818675133620912
case_060,3,3,4,ablation,no_sync,0.283,2.043,True,271286,3870984,0.4197833461871167,888789,4,,3.2762066601299
case_060,3,3,4,ablation,no_localsearch,0.106,1.703,True,271286,3870984,0.4197833461871167,888789,4,,3.2762066601299
case_060,3,3,4,ablation,no_cache_aware,0.269,1.617,True,271286,3870984,0.4197833461871167,888789,4,,3.2762066601299
case_060,3,3,4,ablation,no_level,0.288,1.492,True,274487,3612032,0.4988870132871982,888789,89,,3.2380003424570196
case_061,1,1,3,ablation,full,0.048,0.369,True,41271,94228,,77191,5,,1.8703447941653946
case_061,1,1,3,ablation,no_comm,0.048,0.376,True,32703,117032,,77191,6,,2.3603644925541998
case_061,1,1,3,ablation,no_balance,0.021,0.304,True,43345,265638,,77191,9,,1.7808513092628908
case_061,1,1,3,ablation,no_sync,0.042,0.367,True,41271,94228,,77191,5,,1.8703447941653946
case_061,1,1,3,ablation,no_localsearch,0.022,0.375,True,41271,94228,,77191,5,,1.8703447941653946
case_061,1,1,3,ablation,no_cache_aware,0.046,1.049,True,41271,94228,,77191,5,,1.8703447941653946
case_061,1,1,3,ablation,no_level,0.048,0.338,True,52452,468476,,77191,97,,1.4716502707237094
case_061,2,2,2,ablation,full,0.037,0.197,True,56631,102874,,77191,5,,1.3630520386360827
case_061,2,2,2,ablation,no_comm,0.019,0.178,True,52927,62216,,77191,4,,1.458442760783721
case_061,2,2,2,ablation,no_balance,0.018,0.197,True,53614,116570,,77191,6,,1.4397545417241766
case_061,2,2,2,ablation,no_sync,0.036,0.198,True,56631,102874,,77191,5,,1.3630520386360827
case_061,2,2,2,ablation,no_localsearch,0.022,0.194,True,56631,102874,,77191,5,,1.3630520386360827
case_061,2,2,2,ablation,no_cache_aware,0.038,0.208,True,56631,102874,,77191,5,,1.3630520386360827
case_061,2,2,2,ablation,no_level,0.04,0.205,True,74631,102874,,77191,97,,1.0343020996636787
case_061,1,1,4,ablation,full,0.066,0.404,True,28476,146708,,77191,8,,2.710738867818514
case_061,1,1,4,ablation,no_comm,0.062,0.369,True,28050,164032,,77191,9,,2.7519073083778967
case_061,1,1,4,ablation,no_balance,0.019,0.335,True,39636,350660,,77191,12,,1.9474972247451812
case_061,1,1,4,ablation,no_sync,0.055,0.415,True,28476,146708,,77191,8,,2.710738867818514
case_061,1,1,4,ablation,no_localsearch,0.026,0.409,True,28476,146708,,77191,8,,2.710738867818514
case_061,1,1,4,ablation,no_cache_aware,0.061,0.405,True,28476,146708,,77191,8,,2.710738867818514
case_061,1,1,4,ablation,no_level,0.062,0.341,True,60815,488956,,77191,98,,1.269275672120365
case_061,1,1,5,ablation,full,0.074,0.366,True,30056,313482,,77191,12,,2.568239286664892
case_061,1,1,5,ablation,no_comm,0.124,0.662,True,26051,225352,,77191,9,,2.963072434839354
case_061,1,1,5,ablation,no_balance,0.019,0.36,True,30690,403940,,77191,16,,2.515184099055067
case_061,1,1,5,ablation,no_sync,0.068,0.4,True,30056,313482,,77191,12,,2.568239286664892
case_061,1,1,5,ablation,no_localsearch,0.026,0.382,True,30056,313482,,77191,12,,2.568239286664892
case_061,1,1,5,ablation,no_cache_aware,0.083,0.369,True,30056,313482,,77191,12,,2.568239286664892
case_061,1,1,5,ablation,no_level,0.074,0.325,True,65150,495104,,77191,100,,1.1848196469685341
case_061,2,2,3,ablation,full,0.052,0.195,True,40634,90384,,77191,5,,1.8996653049170644
case_061,2,2,3,ablation,no_comm,0.047,0.194,True,31177,91424,,77191,6,,2.4758956923373
case_061,2,2,3,ablation,no_balance,0.021,0.211,True,43682,181922,,77191,9,,1.7671123117073395
case_061,2,2,3,ablation,no_sync,0.044,0.192,True,40634,90384,,77191,5,,1.8996653049170644
case_061,2,2,3,ablation,no_localsearch,0.024,0.19,True,40634,90384,,77191,5,,1.8996653049170644
case_061,2,2,3,ablation,no_cache_aware,0.051,0.93,True,40634,90384,,77191,5,,1.8996653049170644
case_061,2,2,3,ablation,no_level,0.047,0.195,True,40184,90384,,77191,97,,1.9209386820625125
case_061,2,2,4,ablation,full,0.061,0.184,True,28040,136592,,77191,8,,2.752888730385164
case_061,2,2,4,ablation,no_comm,0.057,0.184,True,27551,147126,,77191,9,,2.8017494827773946
case_061,2,2,4,ablation,no_balance,0.02,0.884,True,30666,253662,,77191,12,,2.5171525467944957
case_061,2,2,4,ablation,no_sync,0.055,0.185,True,28040,136592,,77191,8,,2.752888730385164
case_061,2,2,4,ablation,no_localsearch,0.025,0.196,True,28040,136592,,77191,8,,2.752888730385164
case_061,2,2,4,ablation,no_cache_aware,0.06,0.186,True,28040,136592,,77191,8,,2.752888730385164
case_061,2,2,4,ablation,no_level,0.06,0.183,True,38987,136592,,77191,98,,1.9799163823838715
case_061,2,2,5,ablation,full,0.077,0.226,True,31262,209250,,77191,12,,2.4691638410850234
case_061,2,2,5,ablation,no_comm,0.2,0.212,True,33297,117276,,77191,9,,2.318256900021023
case_061,2,2,5,ablation,no_balance,0.024,0.238,True,29364,299794,,77191,16,,2.628763111292739
case_061,2,2,5,ablation,no_sync,0.069,0.526,True,31262,209250,,77191,12,,2.4691638410850234
case_061,2,2,5,ablation,no_localsearch,0.023,0.198,True,31262,209250,,77191,12,,2.4691638410850234
case_061,2,2,5,ablation,no_cache_aware,0.074,0.203,True,31262,209250,,77191,12,,2.4691638410850234
case_061,2,2,5,ablation,no_level,0.08,0.196,True,41929,209250,,77191,100,,1.8409931073958359
case_061,3,3,2,ablation,full,0.034,0.205,True,56537,102874,0.11503495520046503,77191,5,,1.3653182871393954
case_061,3,3,2,ablation,no_comm,0.022,0.187,True,52797,62216,0.07290954659375712,77191,4,,1.462033827679603
case_061,3,3,2,ablation,no_balance,0.018,0.205,True,53382,116570,0.13236226623167763,77191,6,,1.446011764265108
case_061,3,3,2,ablation,no_sync,0.035,0.209,True,56537,102874,0.11503495520046503,77191,5,,1.3653182871393954
case_061,3,3,2,ablation,no_localsearch,0.026,0.219,True,56537,102874,0.11503495520046503,77191,5,,1.3653182871393954
case_061,3,3,2,ablation,no_cache_aware,0.037,0.203,True,56537,102874,0.11503495520046503,77191,5,,1.3653182871393954
case_061,3,3,2,ablation,no_level,0.035,0.209,True,74516,102874,0.13903638028507942,77191,97,,1.0358983305598797
case_061,3,3,3,ablation,full,0.047,0.195,True,40541,90384,0.1196811396258688,77191,5,,1.904023087738339
case_061,3,3,3,ablation,no_comm,0.05,0.199,True,31028,91424,0.08280615064529762,77191,6,,2.4877852262472606
case_061,3,3,3,ablation,no_balance,0.021,0.217,True,43223,181922,0.2041392024015394,77191,9,,1.7858778890868288
case_061,3,3,3,ablation,no_sync,0.046,0.197,True,40541,90384,0.1196811396258688,77191,5,,1.904023087738339
case_061,3,3,3,ablation,no_localsearch,0.022,0.205,True,40541,90384,0.1196811396258688,77191,5,,1.904023087738339
case_061,3,3,3,ablation,no_cache_aware,0.048,0.198,True,40541,90384,0.1196811396258688,77191,5,,1.904023087738339
case_061,3,3,3,ablation,no_level,0.049,0.198,True,40170,90384,0.1123287146659178,77191,97,,1.9216081652974857
case_061,3,3,4,ablation,full,0.063,0.194,True,28040,136592,0.1620219184977021,77191,8,,2.752888730385164
case_061,3,3,4,ablation,no_comm,0.058,0.192,True,27118,147126,0.13838043373956435,77191,9,,2.846485729036065
case_061,3,3,4,ablation,no_balance,0.019,0.214,True,30653,253662,0.23593085744323605,77191,12,,2.518220076338368
case_061,3,3,4,ablation,no_sync,0.056,0.194,True,28040,136592,0.1620219184977021,77191,8,,2.752888730385164
case_061,3,3,4,ablation,no_localsearch,0.023,0.521,True,28040,136592,0.1620219184977021,77191,8,,2.752888730385164
case_061,3,3,4,ablation,no_cache_aware,0.065,0.212,True,28040,136592,0.1620219184977021,77191,8,,2.752888730385164
case_061,3,3,4,ablation,no_level,0.062,0.25,True,38722,136592,0.16547327297457623,77191,98,,1.9934662465781725
case_061,3,3,5,ablation,full,0.083,0.22,True,29947,209250,0.21087552169126697,77191,12,,2.577587070491201
case_061,3,3,5,ablation,no_comm,0.195,0.202,True,33288,117276,0.07871049296805188,77191,9,,2.318883681807258
case_061,3,3,5,ablation,no_balance,0.018,0.231,True,27681,299794,0.28080347747839274,77191,16,,2.788591452620931
case_061,3,3,5,ablation,no_sync,0.072,0.223,True,29947,209250,0.21087552169126697,77191,12,,2.577587070491201
case_061,3,3,5,ablation,no_localsearch,0.023,0.938,True,29947,209250,0.21087552169126697,77191,12,,2.577587070491201
case_061,3,3,5,ablation,no_cache_aware,0.077,0.217,True,29947,209250,0.21087552169126697,77191,12,,2.577587070491201
case_061,3,3,5,ablation,no_level,0.081,0.242,True,41902,209250,0.24272742763942648,77191,100,,1.842179370913083
case_060,3,3,5,ablation,full,0.363,1.26,True,236699,3887496,0.3890321438236483,888789,5,,3.754933480918804
case_060,3,3,5,ablation,no_comm,1.169,1.868,True,244601,4185512,0.40429201070612913,888789,9,,3.6336278265420012
case_060,3,3,5,ablation,no_balance,0.083,1.254,True,179018,4039168,0.47019630179462146,888789,5,,4.964802422102805
case_060,3,3,5,ablation,no_sync,0.98,1.337,True,236699,3887496,0.3890321438236483,888789,5,,3.754933480918804
case_060,3,3,5,ablation,no_localsearch,0.102,1.906,True,236699,3887496,0.3890321438236483,888789,5,,3.754933480918804
case_060,3,3,5,ablation,no_cache_aware,0.348,1.326,True,236699,3887496,0.3890321438236483,888789,5,,3.754933480918804
case_060,3,3,5,ablation,no_level,0.352,1.919,True,239381,3633536,0.49880186955799666,888789,89,,3.7128635940195753
case_058,1,1,5,ablation,full,0.783,70.882,True,1157950,29040640,,4539717,5,,3.920477568116067
case_058,1,1,5,ablation,no_comm,0.993,221.523,True,948106,31719424,,4539717,5,,4.788195623696085
case_058,1,1,5,ablation,no_balance,0.168,61.011,True,1157950,29040640,,4539717,5,,3.920477568116067
case_058,1,1,5,ablation,no_sync,1.016,63.795,True,1157950,29040640,,4539717,5,,3.920477568116067
case_058,1,1,5,ablation,no_localsearch,0.238,60.061,True,1157950,29040640,,4539717,5,,3.920477568116067
case_058,1,1,5,ablation,no_cache_aware,1.095,66.8,True,1157950,29040640,,4539717,5,,3.920477568116067
case_058,1,1,5,ablation,no_level,1.129,11.516,True,1079919,32440320,,4539717,17,,4.2037569484378
case_062,2,2,2,ablation,full,1.524,7.893,True,1429761,41472,,2854809,5,,1.9967036448749127
case_062,2,2,2,ablation,no_comm,0.404,8.059,True,1429761,41472,,2854809,5,,1.9967036448749127
case_062,2,2,2,ablation,no_balance,0.381,7.239,True,1429470,105984,,2854809,5,,1.997110117735944
case_062,2,2,2,ablation,no_sync,1.615,7.111,True,1429761,41472,,2854809,5,,1.9967036448749127
case_062,2,2,2,ablation,no_localsearch,1.335,6.663,True,1429761,41472,,2854809,5,,1.9967036448749127
case_062,2,2,2,ablation,no_cache_aware,1.498,6.756,True,1429761,41472,,2854809,5,,1.9967036448749127
case_062,2,2,2,ablation,no_level,1.375,9.507,True,2657686,41472,,2854809,6,,1.0741709140959466
case_058,1,1,4,ablation,full,0.858,85.201,True,1408677,28954624,,4539717,4,,3.2226812817984536
case_058,1,1,4,ablation,no_comm,1.145,248.845,True,1163337,32923648,,4539717,8,,3.9023232304998468
case_058,1,1,4,ablation,no_balance,0.169,77.697,True,1408677,28954624,,4539717,4,,3.2226812817984536
case_058,1,1,4,ablation,no_sync,0.776,72.409,True,1408677,28954624,,4539717,4,,3.2226812817984536
case_058,1,1,4,ablation,no_localsearch,0.241,83.309,True,1408677,28954624,,4539717,4,,3.2226812817984536
case_058,1,1,4,ablation,no_cache_aware,1.278,85.051,True,1408677,28954624,,4539717,4,,3.2226812817984536
case_058,1,1,4,ablation,no_level,0.843,11.749,True,1326483,32440320,,4539717,17,,3.42237103679429
case_062,2,2,3,ablation,full,1.581,6.199,True,956202,112128,,2854809,9,,2.985571040428696
case_062,2,2,3,ablation,no_comm,1.299,6.106,True,956202,112128,,2854809,9,,2.985571040428696
case_062,2,2,3,ablation,no_balance,0.347,7.139,True,955992,172032,,2854809,12,,2.986226872191399
case_062,2,2,3,ablation,no_sync,0.779,7.034,True,956202,112128,,2854809,9,,2.985571040428696
case_062,2,2,3,ablation,no_localsearch,0.44,6.302,True,956202,112128,,2854809,9,,2.985571040428696
case_062,2,2,3,ablation,no_cache_aware,1.544,6.416,True,956202,112128,,2854809,9,,2.985571040428696
case_062,2,2,3,ablation,no_level,1.457,8.392,True,2652780,112128,,2854809,9,,1.0761574649989822
case_062,1,1,5,ablation,full,1.869,67.531,True,579202,370176,,2854809,18,,4.928865922424301
case_062,1,1,5,ablation,no_comm,0.965,71.015,True,579202,370176,,2854809,18,,4.928865922424301
case_062,1,1,5,ablation,no_balance,0.342,67.83,True,579386,465408,,2854809,20,,4.927300625144549
case_062,1,1,5,ablation,no_sync,2.033,73.867,True,579202,370176,,2854809,18,,4.928865922424301
case_062,1,1,5,ablation,no_localsearch,0.483,76.108,True,579202,370176,,2854809,18,,4.928865922424301
case_062,1,1,5,ablation,no_cache_aware,1.13,71.819,True,579202,370176,,2854809,18,,4.928865922424301
case_062,1,1,5,ablation,no_level,1.136,10.53,True,2869103,271872,,2854809,15,,0.9950179550890993
case_062,2,2,4,ablation,full,1.46,6.899,True,719066,192000,,2854809,14,,3.9701626832585606
case_062,2,2,4,ablation,no_comm,1.285,6.801,True,719066,192000,,2854809,14,,3.9701626832585606
case_062,2,2,4,ablation,no_balance,0.376,7.068,True,718690,198144,,2854809,14,,3.972239769580765
case_062,2,2,4,ablation,no_sync,1.074,6.456,True,719066,192000,,2854809,14,,3.9701626832585606
case_062,2,2,4,ablation,no_localsearch,0.426,6.394,True,719066,192000,,2854809,14,,3.9701626832585606
case_062,2,2,4,ablation,no_cache_aware,1.406,6.389,True,719066,192000,,2854809,14,,3.9701626832585606
case_062,2,2,4,ablation,no_level,0.956,7.955,True,2679910,192000,,2854809,12,,1.0652630125638547
case_062,2,2,5,ablation,full,2.007,6.665,True,575614,213504,,2854809,18,,4.9595892386217155
case_062,2,2,5,ablation,no_comm,0.975,7.338,True,575614,213504,,2854809,18,,4.9595892386217155
case_062,2,2,5,ablation,no_balance,0.405,6.234,True,575878,271872,,2854809,20,,4.957315611987261
case_062,2,2,5,ablation,no_sync,1.181,6.953,True,575614,213504,,2854809,18,,4.9595892386217155
case_062,2,2,5,ablation,no_localsearch,0.419,6.156,True,575614,213504,,2854809,18,,4.9595892386217155
case_062,2,2,5,ablation,no_cache_aware,1.965,6.128,True,575614,213504,,2854809,18,,4.9595892386217155
case_062,2,2,5,ablation,no_level,1.202,8.299,True,2632327,213504,,2854809,15,,1.0845191345908012
case_062,3,3,2,ablation,full,1.419,6.369,True,1429720,41472,0.00034328870580157915,2854809,5,,1.9967609042329966
case_062,3,3,2,ablation,no_comm,0.391,7.129,True,1429720,41472,0.00034328870580157915,2854809,5,,1.9967609042329966
case_062,3,3,2,ablation,no_balance,0.366,6.635,True,1429348,105984,0.0010270455323519343,2854809,5,,1.9972805782776484
case_062,3,3,2,ablation,no_sync,1.404,6.772,True,1429720,41472,0.00034328870580157915,2854809,5,,1.9967609042329966
case_062,3,3,2,ablation,no_localsearch,1.226,7.061,True,1429720,41472,0.00034328870580157915,2854809,5,,1.9967609042329966
case_062,3,3,2,ablation,no_cache_aware,0.642,7.861,True,1429720,41472,0.00034328870580157915,2854809,5,,1.9967609042329966
case_062,3,3,2,ablation,no_level,0.609,10.504,True,2657645,41472,0.00034328870580157915,2854809,6,,1.0741874855370075
case_062,3,3,3,ablation,full,0.776,7.207,True,956161,112128,0.0017107664233576643,2854809,9,,2.9856990611413767
case_062,3,3,3,ablation,no_comm,0.569,6.517,True,956161,112128,0.0017107664233576643,2854809,9,,2.9856990611413767
case_062,3,3,3,ablation,no_balance,0.35,7.235,True,955951,172032,0.00272975432211101,2854809,12,,2.9863549491553436
case_062,3,3,3,ablation,no_sync,0.813,7.504,True,956161,112128,0.0017107664233576643,2854809,9,,2.9856990611413767
case_062,3,3,3,ablation,no_localsearch,0.61,7.869,True,956161,112128,0.0017107664233576643,2854809,9,,2.9856990611413767
case_062,3,3,3,ablation,no_cache_aware,0.932,7.146,True,956161,112128,0.0017107664233576643,2854809,9,,2.9856990611413767
case_062,3,3,3,ablation,no_level,0.828,8.28,True,2652575,112128,0.0017107664233576643,2854809,9,,1.0762406341008266
case_062,3,3,4,ablation,full,0.943,5.96,True,718894,192000,0.0017057084375710712,2854809,14,,3.971112570142469
case_062,3,3,4,ablation,no_comm,1.553,6.264,True,718894,192000,0.0017057084375710712,2854809,14,,3.971112570142469
case_062,3,3,4,ablation,no_balance,0.361,7.545,True,718548,198144,0.0017053206002728514,2854809,14,,3.973024766612669
case_062,3,3,4,ablation,no_sync,0.998,7.792,True,718894,192000,0.0017057084375710712,2854809,14,,3.971112570142469
case_062,3,3,4,ablation,no_localsearch,0.576,6.269,True,718894,192000,0.0017057084375710712,2854809,14,,3.971112570142469
case_062,3,3,4,ablation,no_cache_aware,0.765,6.64,True,718894,192000,0.0017057084375710712,2854809,14,,3.971112570142469
case_062,3,3,4,ablation,no_level,0.994,8.926,True,2679705,192000,0.0017057084375710712,2854809,12,,1.065344506204974
case_062,3,3,5,ablation,full,1.183,6.339,True,575521,213504,0.0023852794184461607,2854809,18,,4.960390672104059
case_062,3,3,5,ablation,no_comm,0.892,7.346,True,575521,213504,0.0023852794184461607,2854809,18,,4.960390672104059
case_062,3,3,5,ablation,no_balance,0.384,7.142,True,575695,271872,0.0030591434398368456,2854809,20,,4.958891426884027
case_062,3,3,5,ablation,no_sync,1.329,8.135,True,575521,213504,0.0023852794184461607,2854809,18,,4.960390672104059
case_062,3,3,5,ablation,no_localsearch,0.538,6.241,True,575521,213504,0.0023852794184461607,2854809,18,,4.960390672104059
case_062,3,3,5,ablation,no_cache_aware,1.215,5.735,True,575521,213504,0.0023852794184461607,2854809,18,,4.960390672104059
case_062,3,3,5,ablation,no_level,2.004,7.094,True,2632040,213504,0.0023852794184461607,2854809,15,,1.0846373915290042
case_063,1,1,3,ablation,full,0.304,11.616,True,362061,172032,,1070397,9,,2.95639961222004
case_063,1,1,3,ablation,no_comm,1.099,12.407,True,362061,172032,,1070397,9,,2.95639961222004
case_063,1,1,3,ablation,no_balance,0.128,10.198,True,362295,218112,,1070397,9,,2.9544901254502545
case_063,1,1,3,ablation,no_sync,0.286,10.635,True,362061,172032,,1070397,9,,2.95639961222004
case_063,1,1,3,ablation,no_localsearch,0.099,14.599,True,362061,172032,,1070397,9,,2.95639961222004
case_063,1,1,3,ablation,no_cache_aware,0.359,14.981,True,362061,172032,,1070397,9,,2.95639961222004
case_063,1,1,3,ablation,no_level,0.305,3.308,True,1078109,122880,,1070397,9,,0.9928467344211022
case_063,1,1,2,ablation,full,0.221,17.91,True,541861,168960,,1070397,6,,1.9754088225578146
case_063,1,1,2,ablation,no_comm,0.192,18.212,True,541861,168960,,1070397,6,,1.9754088225578146
case_063,1,1,2,ablation,no_balance,0.133,15.261,True,541861,168960,,1070397,6,,1.9754088225578146
case_063,1,1,2,ablation,no_sync,0.234,20.817,True,541861,168960,,1070397,6,,1.9754088225578146
case_063,1,1,2,ablation,no_localsearch,0.768,18.483,True,541861,168960,,1070397,6,,1.9754088225578146
case_063,1,1,2,ablation,no_cache_aware,0.244,15.652,True,541861,168960,,1070397,6,,1.9754088225578146
case_063,1,1,2,ablation,no_level,0.203,3.312,True,1076594,116736,,1070397,6,,0.9942438839525393
case_063,1,1,4,ablation,full,0.35,10.265,True,273798,305664,,1070397,13,,3.9094405364538822
case_063,1,1,4,ablation,no_comm,0.328,10.783,True,273798,305664,,1070397,13,,3.9094405364538822
case_063,1,1,4,ablation,no_balance,0.171,9.899,True,274482,337920,,1070397,13,,3.8996983408748114
case_063,1,1,4,ablation,no_sync,0.382,7.261,True,273798,305664,,1070397,13,,3.9094405364538822
case_063,1,1,4,ablation,no_localsearch,0.163,8.333,True,273798,305664,,1070397,13,,3.9094405364538822
case_063,1,1,4,ablation,no_cache_aware,0.371,7.328,True,273798,305664,,1070397,13,,3.9094405364538822
case_063,1,1,4,ablation,no_level,0.355,2.831,True,1082780,211968,,1070397,12,,0.9885636971499289
case_062,1,1,4,ablation,full,0.926,100.109,True,722616,342528,,2854809,14,,3.9506584409977084
case_062,1,1,4,ablation,no_comm,0.818,95.662,True,722616,342528,,2854809,14,,3.9506584409977084
case_062,1,1,4,ablation,no_balance,0.349,108.11,True,722220,367104,,2854809,14,,3.9528246240757663
case_062,1,1,4,ablation,no_sync,1.017,105.046,True,722616,342528,,2854809,14,,3.9506584409977084
case_062,1,1,4,ablation,no_localsearch,0.486,98.502,True,722616,342528,,2854809,14,,3.9506584409977084
case_062,1,1,4,ablation,no_cache_aware,1.813,96.392,True,722616,342528,,2854809,14,,3.9506584409977084
case_062,1,1,4,ablation,no_level,1.006,12.302,True,2866700,198144,,2854809,12,,0.9958520249764538
case_063,1,1,5,ablation,full,0.449,6.15,True,221728,317952,,1070397,16,,4.827522910953961
case_063,1,1,5,ablation,no_comm,0.364,5.303,True,221728,317952,,1070397,16,,4.827522910953961
case_063,1,1,5,ablation,no_balance,0.154,5.776,True,222078,408576,,1070397,19,,4.81991462459136
case_063,1,1,5,ablation,no_sync,0.435,5.722,True,221728,317952,,1070397,16,,4.827522910953961
case_063,1,1,5,ablation,no_localsearch,0.147,5.781,True,221728,317952,,1070397,16,,4.827522910953961
case_063,1,1,5,ablation,no_cache_aware,0.461,5.164,True,221728,317952,,1070397,16,,4.827522910953961
case_063,1,1,5,ablation,no_level,0.408,1.69,True,1084235,248832,,1070397,15,,0.9872370842114486
case_063,2,2,2,ablation,full,0.225,2.313,True,539973,113664,,1070397,6,,1.9823157824557895
case_063,2,2,2,ablation,no_comm,0.129,2.442,True,539973,113664,,1070397,6,,1.9823157824557895
case_063,2,2,2,ablation,no_balance,0.143,2.003,True,539973,113664,,1070397,6,,1.9823157824557895
case_063,2,2,2,ablation,no_sync,0.226,2.279,True,539973,113664,,1070397,6,,1.9823157824557895
case_063,2,2,2,ablation,no_localsearch,0.182,1.952,True,539973,113664,,1070397,6,,1.9823157824557895
case_063,2,2,2,ablation,no_cache_aware,0.233,2.24,True,539973,113664,,1070397,6,,1.9823157824557895
case_063,2,2,2,ablation,no_level,0.142,1.951,True,847480,113664,,1070397,6,,1.263035115872941
case_063,2,2,3,ablation,full,0.192,1.398,True,359739,98304,,1070397,9,,2.9754822246128443
case_063,2,2,3,ablation,no_comm,0.232,1.927,True,359739,98304,,1070397,9,,2.9754822246128443
case_063,2,2,3,ablation,no_balance,0.144,2.325,True,359847,119808,,1070397,9,,2.974589200410174
case_063,2,2,3,ablation,no_sync,0.282,2.082,True,359739,98304,,1070397,9,,2.9754822246128443
case_063,2,2,3,ablation,no_localsearch,0.177,2.174,True,359739,98304,,1070397,9,,2.9754822246128443
case_063,2,2,3,ablation,no_cache_aware,0.295,2.17,True,359739,98304,,1070397,9,,2.9754822246128443
case_063,2,2,3,ablation,no_level,0.303,1.812,True,935206,98304,,1070397,9,,1.144557455790489
case_063,2,2,4,ablation,full,0.375,1.412,True,272127,188928,,1070397,13,,3.9334465157812346
case_063,2,2,4,ablation,no_comm,0.245,2.025,True,272127,188928,,1070397,13,,3.9334465157812346
case_063,2,2,4,ablation,no_balance,0.131,2.031,True,270870,208896,,1070397,13,,3.9517000775279656
case_063,2,2,4,ablation,no_sync,0.392,2.076,True,272127,188928,,1070397,13,,3.9334465157812346
case_063,2,2,4,ablation,no_localsearch,0.179,1.427,True,272127,188928,,1070397,13,,3.9334465157812346
case_063,2,2,4,ablation,no_cache_aware,1.039,1.446,True,272127,188928,,1070397,13,,3.9334465157812346
case_063,2,2,4,ablation,no_level,0.358,2.594,True,965799,188928,,1070397,12,,1.108302038001696
case_063,2,2,5,ablation,full,0.437,2.098,True,218448,198144,,1070397,16,,4.900008239947264
case_063,2,2,5,ablation,no_comm,0.239,2.578,True,218448,198144,,1070397,16,,4.900008239947264
case_063,2,2,5,ablation,no_balance,0.164,1.505,True,219556,245760,,1070397,19,,4.8752801107690065
case_063,2,2,5,ablation,no_sync,0.503,2.344,True,218448,198144,,1070397,16,,4.900008239947264
case_063,2,2,5,ablation,no_localsearch,0.166,2.365,True,218448,198144,,1070397,16,,4.900008239947264
case_063,2,2,5,ablation,no_cache_aware,0.424,2.278,True,218448,198144,,1070397,16,,4.900008239947264
case_063,2,2,5,ablation,no_level,0.402,2.303,True,998130,198144,,1070397,15,,1.0724023924739263
case_063,3,3,2,ablation,full,0.192,2.2,True,539932,113664,0.003624282694050136,1070397,6,,1.9824663105724425
case_063,3,3,2,ablation,no_comm,0.221,2.948,True,539932,113664,0.003624282694050136,1070397,6,,1.9824663105724425
case_063,3,3,2,ablation,no_balance,0.145,2.367,True,539932,113664,0.003624282694050136,1070397,6,,1.9824663105724425
case_063,3,3,2,ablation,no_sync,0.247,2.654,True,539932,113664,0.003624282694050136,1070397,6,,1.9824663105724425
case_063,3,3,2,ablation,no_localsearch,0.168,2.068,True,539932,113664,0.003624282694050136,1070397,6,,1.9824663105724425
case_063,3,3,2,ablation,no_cache_aware,0.643,2.087,True,539932,113664,0.003624282694050136,1070397,6,,1.9824663105724425
case_063,3,3,2,ablation,no_level,0.23,2.632,True,847357,113664,0.003624282694050136,1070397,6,,1.2632184545592944
case_063,3,3,3,ablation,full,0.25,1.971,True,359739,98304,0.0,1070397,9,,2.9754822246128443
case_063,3,3,3,ablation,no_comm,0.201,2.597,True,359739,98304,0.0,1070397,9,,2.9754822246128443
case_063,3,3,3,ablation,no_balance,0.155,2.468,True,359847,119808,0.0,1070397,9,,2.974589200410174
case_063,3,3,3,ablation,no_sync,0.296,2.407,True,359739,98304,0.0,1070397,9,,2.9754822246128443
case_063,3,3,3,ablation,no_localsearch,0.165,2.369,True,359739,98304,0.0,1070397,9,,2.9754822246128443
case_063,3,3,3,ablation,no_cache_aware,0.28,2.381,True,359739,98304,0.0,1070397,9,,2.9754822246128443
case_063,3,3,3,ablation,no_level,0.271,2.572,True,935206,98304,0.0,1070397,9,,1.144557455790489
case_064,1,1,2,ablation,full,0.029,0.148,True,25460,63458,,19116,11,,0.7508248232521603
case_064,1,1,2,ablation,no_comm,0.018,0.168,True,22358,61646,,19116,5,,0.8549959745952231
case_064,1,1,2,ablation,no_balance,0.014,0.21,True,22218,87944,,19116,20,,0.8603834728598434
case_064,1,1,2,ablation,no_sync,0.031,0.17,True,25460,63458,,19116,11,,0.7508248232521603
case_064,1,1,2,ablation,no_localsearch,0.021,0.154,True,25460,63458,,19116,11,,0.7508248232521603
case_064,1,1,2,ablation,no_cache_aware,0.026,0.146,True,25460,63458,,19116,11,,0.7508248232521603
case_064,1,1,2,ablation,no_level,0.025,0.192,True,31192,124826,,19116,69,,0.6128494485765581
case_064,1,1,3,ablation,full,0.062,0.171,True,21307,90320,,19116,14,,0.8971699441498099
case_064,1,1,3,ablation,no_comm,0.049,0.165,True,21971,62928,,19116,7,,0.8700559828865323
case_064,1,1,3,ablation,no_balance,0.015,0.192,True,17756,116612,,19116,30,,1.0765938274386122
case_064,1,1,3,ablation,no_sync,0.035,0.17,True,21783,103256,,19116,18,,0.8775650736813111
case_064,1,1,3,ablation,no_localsearch,0.016,0.172,True,21783,103256,,19116,18,,0.8775650736813111
case_064,1,1,3,ablation,no_cache_aware,0.057,0.16,True,21307,90320,,19116,14,,0.8971699441498099
case_064,1,1,3,ablation,no_level,0.06,0.206,True,25206,124826,,19116,69,,0.7583908593192097
case_063,3,3,4,ablation,full,0.374,2.71,True,272060,188928,0.006287425149700598,1070397,13,,3.934415202528854
case_063,3,3,4,ablation,no_comm,0.274,2.337,True,272060,188928,0.006287425149700598,1070397,13,,3.934415202528854
case_063,3,3,4,ablation,no_balance,0.153,2.5,True,270870,208896,0.007168458781362007,1070397,13,,3.9517000775279656
case_063,3,3,4,ablation,no_sync,0.371,1.598,True,272060,188928,0.006287425149700598,1070397,13,,3.934415202528854
case_063,3,3,4,ablation,no_localsearch,0.18,2.309,True,272060,188928,0.006287425149700598,1070397,13,,3.934415202528854
case_063,3,3,4,ablation,no_cache_aware,0.381,2.463,True,272060,188928,0.006287425149700598,1070397,13,,3.934415202528854
case_063,3,3,4,ablation,no_level,0.327,2.385,True,965512,188928,0.006287425149700598,1070397,12,,1.1086314825709054
case_064,1,1,4,ablation,full,0.087,0.172,True,19246,102756,,19116,25,,0.993245349683051
case_064,1,1,4,ablation,no_comm,0.107,0.179,True,23616,74200,,19116,12,,0.8094512195121951
case_064,1,1,4,ablation,no_balance,0.015,0.203,True,18247,117888,,19116,35,,1.0476242670027949
case_064,1,1,4,ablation,no_sync,0.049,0.206,True,19549,115438,,19116,30,,0.977850529438846
case_064,1,1,4,ablation,no_localsearch,0.017,0.191,True,19549,115438,,19116,30,,0.977850529438846
case_064,1,1,4,ablation,no_cache_aware,0.077,0.178,True,19246,102756,,19116,25,,0.993245349683051
case_064,1,1,4,ablation,no_level,0.077,0.607,True,28468,124826,,19116,69,,0.671490796683996
case_064,2,2,2,ablation,full,0.03,0.127,True,20882,48742,,19116,11,,0.9154295565558854
case_064,2,2,2,ablation,no_comm,0.015,0.135,True,20878,50374,,19116,5,,0.9156049430022033
case_064,2,2,2,ablation,no_balance,0.018,0.139,True,17002,63078,,19116,20,,1.1243383131396307
case_064,2,2,2,ablation,no_sync,0.027,0.135,True,20882,48742,,19116,11,,0.9154295565558854
case_064,2,2,2,ablation,no_localsearch,0.016,0.136,True,20882,48742,,19116,11,,0.9154295565558854
case_064,2,2,2,ablation,no_cache_aware,0.028,0.131,True,20882,48742,,19116,11,,0.9154295565558854
case_064,2,2,2,ablation,no_level,0.026,0.138,True,18202,48742,,19116,69,,1.0502142621689925
case_064,2,2,3,ablation,full,0.079,0.14,True,16960,76492,,19116,14,,1.127122641509434
case_064,2,2,3,ablation,no_comm,0.024,0.148,True,20750,96332,,19116,13,,0.9212530120481928
case_064,2,2,3,ablation,no_balance,0.015,0.149,True,12280,99020,,19116,30,,1.5566775244299673
case_064,2,2,3,ablation,no_sync,0.033,0.137,True,17274,74956,,19116,18,,1.1066342480027787
case_064,2,2,3,ablation,no_localsearch,0.02,0.151,True,17274,74956,,19116,18,,1.1066342480027787
case_064,2,2,3,ablation,no_cache_aware,0.079,0.139,True,16960,76492,,19116,14,,1.127122641509434
case_064,2,2,3,ablation,no_level,0.078,0.139,True,14976,76492,,19116,69,,1.2764423076923077
case_064,2,2,4,ablation,full,0.085,0.146,True,14434,104370,,19116,25,,1.324373008175142
case_064,2,2,4,ablation,no_comm,0.036,0.181,True,14886,134514,,19116,28,,1.2841596130592503
case_064,2,2,4,ablation,no_balance,0.014,0.167,True,11957,126834,,19116,35,,1.5987287781216024
case_064,2,2,4,ablation,no_sync,0.045,0.155,True,14663,105522,,19116,30,,1.3036895587533246
case_064,2,2,4,ablation,no_localsearch,0.016,0.148,True,14663,105522,,19116,30,,1.3036895587533246
case_064,2,2,4,ablation,no_cache_aware,0.087,0.146,True,14434,104370,,19116,25,,1.324373008175142
case_064,2,2,4,ablation,no_level,0.078,0.149,True,16202,104370,,19116,69,,1.1798543389704974
case_064,1,1,5,ablation,full,0.293,0.273,True,33246,198866,,19116,76,,0.5749864645370871
case_064,1,1,5,ablation,no_comm,0.15,0.173,True,22236,70040,,19116,12,,0.8596869940636805
case_064,1,1,5,ablation,no_balance,0.016,0.321,True,45457,282330,,19116,140,,0.4205292914182634
case_064,1,1,5,ablation,no_sync,0.128,0.283,True,33600,208040,,19116,81,,0.5689285714285715
case_064,1,1,5,ablation,no_localsearch,0.022,0.34,True,40131,258260,,19116,116,,0.4763399865440682
case_064,1,1,5,ablation,no_cache_aware,0.291,0.266,True,33246,198866,,19116,76,,0.5749864645370871
case_064,1,1,5,ablation,no_level,0.303,0.437,True,77532,299090,,19116,273,,0.2465562606407677
case_064,3,3,2,ablation,full,0.029,0.141,True,20882,48742,0.12837711362076495,19116,11,,0.9154295565558854
case_064,3,3,2,ablation,no_comm,0.016,0.137,True,20872,50374,0.12306315204642262,19116,5,,0.9158681487159831
case_064,3,3,2,ablation,no_balance,0.014,0.142,True,16997,63078,0.1680759369374284,19116,20,,1.1246690592457493
case_064,3,3,2,ablation,no_sync,0.025,0.133,True,20882,48742,0.12837711362076495,19116,11,,0.9154295565558854
case_064,3,3,2,ablation,no_localsearch,0.016,0.124,True,20882,48742,0.12837711362076495,19116,11,,0.9154295565558854
case_064,3,3,2,ablation,no_cache_aware,0.026,0.132,True,20882,48742,0.12837711362076495,19116,11,,0.9154295565558854
case_064,3,3,2,ablation,no_level,0.027,0.139,True,18201,48742,0.12837711362076495,19116,69,,1.0502719630789517
case_064,3,3,3,ablation,full,0.082,0.149,True,16960,76492,0.2546858581168593,19116,14,,1.127122641509434
case_064,3,3,3,ablation,no_comm,0.024,0.146,True,20744,96332,0.2508615644710319,19116,13,,0.9215194755109911
case_064,3,3,3,ablation,no_balance,0.015,0.149,True,12271,99020,0.3458050619278406,19116,30,,1.557819248634993
case_064,3,3,3,ablation,no_sync,0.033,0.134,True,17267,74956,0.245168155608899,19116,18,,1.107082874847976
case_064,3,3,3,ablation,no_localsearch,0.016,0.137,True,17267,74956,0.245168155608899,19116,18,,1.107082874847976
case_064,3,3,3,ablation,no_cache_aware,0.078,0.151,True,16960,76492,0.2546858581168593,19116,14,,1.127122641509434
case_064,3,3,3,ablation,no_level,0.083,0.143,True,14951,76492,0.28283766281371425,19116,69,,1.2785766838338573
case_064,2,2,5,ablation,full,0.307,0.176,True,20237,160408,,19116,76,,0.9446064139941691
case_064,2,2,5,ablation,no_comm,0.05,0.171,True,15750,129560,,19116,32,,1.2137142857142857
case_064,2,2,5,ablation,no_balance,0.016,0.235,True,26115,307700,,19116,140,,0.7319931074095347
case_064,2,2,5,ablation,no_sync,0.127,0.179,True,20717,155862,,19116,81,,0.922720471110682
case_064,2,2,5,ablation,no_localsearch,0.019,0.213,True,23299,260792,,19116,116,,0.8204643976136314
case_064,2,2,5,ablation,no_cache_aware,0.284,0.182,True,20237,160408,,19116,76,,0.9446064139941691
case_064,2,2,5,ablation,no_level,0.314,0.177,True,37755,160408,,19116,273,,0.5063170441001192
case_064,3,3,4,ablation,full,0.081,0.157,True,14411,104370,0.25599336374948156,19116,25,,1.326486711539796
case_064,3,3,4,ablation,no_comm,0.037,0.18,True,14842,134514,0.30859402709796413,19116,28,,1.2879665813232717
case_064,3,3,4,ablation,no_balance,0.014,0.168,True,11931,126834,0.3971499821873887,19116,35,,1.6022127231581593
case_064,3,3,4,ablation,no_sync,0.044,0.153,True,14601,105522,0.2594211264121382,19116,30,,1.3092253955208548
case_064,3,3,4,ablation,no_localsearch,0.017,0.162,True,14601,105522,0.2594211264121382,19116,30,,1.3092253955208548
case_064,3,3,4,ablation,no_cache_aware,0.082,0.159,True,14411,104370,0.25599336374948156,19116,25,,1.326486711539796
case_064,3,3,4,ablation,no_level,0.081,0.953,True,16151,104370,0.30906262961426795,19116,69,,1.1835799640889109
case_065,1,1,2,ablation,full,0.016,0.638,True,27484,13824,,53068,2,,1.9308688691602387
case_065,1,1,2,ablation,no_comm,0.014,0.198,True,28659,120882,,53068,5,,1.8517045256289473
case_065,1,1,2,ablation,no_balance,0.008,0.2,True,28178,13824,,53068,2,,1.8833132230818368
case_065,1,1,2,ablation,no_sync,0.018,0.198,True,27484,13824,,53068,2,,1.9308688691602387
case_065,1,1,2,ablation,no_localsearch,0.01,0.203,True,27484,13824,,53068,2,,1.9308688691602387
case_065,1,1,2,ablation,no_cache_aware,0.017,0.193,True,27484,13824,,53068,2,,1.9308688691602387
case_065,1,1,2,ablation,no_level,0.015,0.13,True,32740,110592,,53068,35,,1.620891875381796
case_065,1,1,3,ablation,full,0.024,0.2,True,17966,27648,,53068,3,,2.953801625292219
case_065,1,1,3,ablation,no_comm,0.018,0.193,True,25828,219456,,53068,8,,2.0546693510918383
case_065,1,1,3,ablation,no_balance,0.008,0.188,True,19558,27648,,53068,3,,2.713365374782698
case_065,1,1,3,ablation,no_sync,0.021,0.198,True,17966,27648,,53068,3,,2.953801625292219
case_065,1,1,3,ablation,no_localsearch,0.011,0.204,True,17966,27648,,53068,3,,2.953801625292219
case_065,1,1,3,ablation,no_cache_aware,0.024,0.204,True,17966,27648,,53068,3,,2.953801625292219
case_065,1,1,3,ablation,no_level,0.021,0.136,True,21420,110592,,53068,35,,2.47749766573296
case_064,3,3,5,ablation,full,0.269,0.209,True,20927,190296,0.2667512214807662,19116,92,,0.9134610789888661
case_064,3,3,5,ablation,no_comm,0.047,0.172,True,15750,129560,0.3165125111300903,19116,32,,1.2137142857142857
case_064,3,3,5,ablation,no_balance,0.017,0.26,True,25920,307700,0.3643092847614367,19116,140,,0.7375
case_064,3,3,5,ablation,no_sync,0.114,0.218,True,22219,186230,0.23338530787561412,19116,102,,0.8603447499887483
case_064,3,3,5,ablation,no_localsearch,0.023,0.224,True,23180,260792,0.35408484570905135,19116,116,,0.8246764452113892
case_064,3,3,5,ablation,no_cache_aware,0.305,0.187,True,20203,160408,0.20057126818234353,19116,76,,0.9461961094886898
case_064,3,3,5,ablation,no_level,0.26,0.97,True,40857,190296,0.2601790063848493,19116,273,,0.46787576180336293
case_065,1,1,4,ablation,full,0.066,0.191,True,13745,41472,,53068,4,,3.860894870862132
case_065,1,1,4,ablation,no_comm,0.037,0.198,True,19286,233796,,53068,9,,2.751633309136161
case_065,1,1,4,ablation,no_balance,0.008,0.205,True,15124,41472,,53068,4,,3.5088600899233007
case_065,1,1,4,ablation,no_sync,0.066,0.202,True,13745,41472,,53068,4,,3.860894870862132
case_065,1,1,4,ablation,no_localsearch,0.012,0.201,True,14671,41472,,53068,4,,3.617204007906755
case_065,1,1,4,ablation,no_cache_aware,0.067,0.185,True,13745,41472,,53068,4,,3.860894870862132
case_065,1,1,4,ablation,no_level,0.063,0.143,True,17242,110592,,53068,35,,3.0778331980048717
case_065,2,2,2,ablation,full,0.017,0.105,True,27484,13824,,53068,2,,1.9308688691602387
case_065,2,2,2,ablation,no_comm,0.013,0.122,True,28616,95274,,53068,5,,1.854487000279564
case_065,2,2,2,ablation,no_balance,0.009,0.112,True,28178,13824,,53068,2,,1.8833132230818368
case_065,2,2,2,ablation,no_sync,0.018,0.114,True,27484,13824,,53068,2,,1.9308688691602387
case_065,2,2,2,ablation,no_localsearch,0.01,0.11,True,27484,13824,,53068,2,,1.9308688691602387
case_065,2,2,2,ablation,no_cache_aware,0.016,0.112,True,27484,13824,,53068,2,,1.9308688691602387
case_065,2,2,2,ablation,no_level,0.017,0.115,True,27643,13824,,53068,35,,1.919762688564917
case_065,2,2,3,ablation,full,0.024,0.113,True,17966,27648,,53068,3,,2.953801625292219
case_065,2,2,3,ablation,no_comm,0.02,0.126,True,21817,196924,,53068,8,,2.432415089150662
case_065,2,2,3,ablation,no_balance,0.008,0.116,True,19558,27648,,53068,3,,2.713365374782698
case_065,2,2,3,ablation,no_sync,0.023,0.103,True,17966,27648,,53068,3,,2.953801625292219
case_065,2,2,3,ablation,no_localsearch,0.01,0.103,True,17966,27648,,53068,3,,2.953801625292219
case_065,2,2,3,ablation,no_cache_aware,0.021,0.104,True,17966,27648,,53068,3,,2.953801625292219
case_065,2,2,3,ablation,no_level,0.021,0.105,True,18172,27648,,53068,35,,2.920316971164429
case_065,1,1,5,ablation,full,0.037,0.198,True,11421,55296,,53068,5,,4.646528325015323
case_065,1,1,5,ablation,no_comm,0.052,0.185,True,21627,268376,,53068,12,,2.4537846210755077
case_065,1,1,5,ablation,no_balance,0.008,0.185,True,12727,55296,,53068,5,,4.169717922526911
case_065,1,1,5,ablation,no_sync,0.034,0.201,True,11421,55296,,53068,5,,4.646528325015323
case_065,1,1,5,ablation,no_localsearch,0.012,0.194,True,11421,55296,,53068,5,,4.646528325015323
case_065,1,1,5,ablation,no_cache_aware,0.038,0.188,True,11421,55296,,53068,5,,4.646528325015323
case_065,1,1,5,ablation,no_level,0.036,0.143,True,15107,110592,,53068,35,,3.512808631760111
case_065,2,2,4,ablation,full,0.06,0.105,True,13745,41472,,53068,4,,3.860894870862132
case_065,2,2,4,ablation,no_comm,0.076,0.127,True,17203,173634,,53068,8,,3.084810788815904
case_065,2,2,4,ablation,no_balance,0.007,0.106,True,15124,41472,,53068,4,,3.5088600899233007
case_065,2,2,4,ablation,no_sync,0.064,0.109,True,13745,41472,,53068,4,,3.860894870862132
case_065,2,2,4,ablation,no_localsearch,0.01,0.106,True,14671,41472,,53068,4,,3.617204007906755
case_065,2,2,4,ablation,no_cache_aware,0.063,0.106,True,13745,41472,,53068,4,,3.860894870862132
case_065,2,2,4,ablation,no_level,0.061,0.104,True,14509,41472,,53068,35,,3.657591839547867
case_065,3,3,2,ablation,full,0.016,0.113,True,27484,13824,0.04408950577909321,53068,2,,1.9308688691602387
case_065,3,3,2,ablation,no_comm,0.013,0.127,True,28616,95274,0.17609623674828168,53068,5,,1.854487000279564
case_065,3,3,2,ablation,no_balance,0.008,0.116,True,28178,13824,0.04408950577909321,53068,2,,1.8833132230818368
case_065,3,3,2,ablation,no_sync,0.016,0.112,True,27484,13824,0.04408950577909321,53068,2,,1.9308688691602387
case_065,3,3,2,ablation,no_localsearch,0.01,0.113,True,27484,13824,0.04408950577909321,53068,2,,1.9308688691602387
case_065,3,3,2,ablation,no_cache_aware,0.018,0.11,True,27484,13824,0.04408950577909321,53068,2,,1.9308688691602387
case_065,3,3,2,ablation,no_level,0.014,0.115,True,27643,13824,0.0,53068,35,,1.919762688564917
case_065,2,2,5,ablation,full,0.036,0.112,True,11421,55296,,53068,5,,4.646528325015323
case_065,2,2,5,ablation,no_comm,0.053,0.128,True,18999,214110,,53068,12,,2.793199642086426
case_065,2,2,5,ablation,no_balance,0.008,0.528,True,12727,55296,,53068,5,,4.169717922526911
case_065,2,2,5,ablation,no_sync,0.033,0.108,True,11421,55296,,53068,5,,4.646528325015323
case_065,2,2,5,ablation,no_localsearch,0.012,0.112,True,11421,55296,,53068,5,,4.646528325015323
case_065,2,2,5,ablation,no_cache_aware,0.038,0.122,True,11421,55296,,53068,5,,4.646528325015323
case_065,2,2,5,ablation,no_level,0.038,0.119,True,12082,55296,,53068,35,,4.392319152458202
case_065,3,3,3,ablation,full,0.022,0.112,True,17966,27648,0.08445541409056474,53068,3,,2.953801625292219
case_065,3,3,3,ablation,no_comm,0.021,0.129,True,21817,196924,0.2379154847303415,53068,8,,2.432415089150662
case_065,3,3,3,ablation,no_balance,0.008,0.111,True,19558,27648,0.0,53068,3,,2.713365374782698
case_065,3,3,3,ablation,no_sync,0.022,0.114,True,17966,27648,0.08445541409056474,53068,3,,2.953801625292219
case_065,3,3,3,ablation,no_localsearch,0.011,0.113,True,17966,27648,0.08445541409056474,53068,3,,2.953801625292219
case_065,3,3,3,ablation,no_cache_aware,0.022,0.116,True,17966,27648,0.08445541409056474,53068,3,,2.953801625292219
case_065,3,3,3,ablation,no_level,0.023,0.126,True,18172,27648,0.0,53068,35,,2.920316971164429
case_065,3,3,4,ablation,full,0.063,0.115,True,13745,41472,0.09453914511477408,53068,4,,3.860894870862132
case_065,3,3,4,ablation,no_comm,0.076,0.136,True,17197,173634,0.24902170046246888,53068,8,,3.085887073326743
case_065,3,3,4,ablation,no_balance,0.009,0.119,True,15124,41472,0.05402236863701376,53068,4,,3.5088600899233007
case_065,3,3,4,ablation,no_sync,0.072,0.113,True,13745,41472,0.09453914511477408,53068,4,,3.860894870862132
case_065,3,3,4,ablation,no_localsearch,0.01,0.131,True,14671,41472,0.12155032943328097,53068,4,,3.617204007906755
case_065,3,3,4,ablation,no_cache_aware,0.062,0.122,True,13745,41472,0.09453914511477408,53068,4,,3.860894870862132
case_065,3,3,4,ablation,no_level,0.076,0.138,True,14509,41472,0.0,53068,35,,3.657591839547867
case_065,3,3,5,ablation,full,0.038,0.116,True,11421,55296,0.07787818013835997,53068,5,,4.646528325015323
case_065,3,3,5,ablation,no_comm,0.094,0.128,True,18302,207430,0.2626985140716141,53068,11,,2.899573817069173
case_065,3,3,5,ablation,no_balance,0.008,0.107,True,12727,55296,0.07787818013835997,53068,5,,4.169717922526911
case_065,3,3,5,ablation,no_sync,0.036,0.132,True,11421,55296,0.07787818013835997,53068,5,,4.646528325015323
case_065,3,3,5,ablation,no_localsearch,0.013,0.158,True,11421,55296,0.07787818013835997,53068,5,,4.646528325015323
case_065,3,3,5,ablation,no_cache_aware,0.046,0.129,True,11421,55296,0.07787818013835997,53068,5,,4.646528325015323
case_065,3,3,5,ablation,no_level,0.037,0.118,True,12082,55296,0.0,53068,35,,4.392319152458202
case_063,3,3,5,ablation,full,0.422,1.505,True,218381,198144,0.006281782829793599,1070397,16,,4.90151157838823
case_063,3,3,5,ablation,no_comm,1.125,1.436,True,218381,198144,0.006281782829793599,1070397,16,,4.90151157838823
case_063,3,3,5,ablation,no_balance,0.135,2.157,True,219505,245760,0.008920606601248885,1070397,19,,4.876412837976356
case_063,3,3,5,ablation,no_sync,0.403,2.14,True,218381,198144,0.006281782829793599,1070397,16,,4.90151157838823
case_063,3,3,5,ablation,no_localsearch,0.168,2.275,True,218381,198144,0.006281782829793599,1070397,16,,4.90151157838823
case_063,3,3,5,ablation,no_cache_aware,0.423,2.237,True,218381,198144,0.006281782829793599,1070397,16,,4.90151157838823
case_063,3,3,5,ablation,no_level,0.42,2.391,True,997925,198144,0.0053843852826802275,1070397,15,,1.0726226920860786
case_058,1,1,3,ablation,full,0.568,132.43,True,1662641,28868608,,4539717,3,,2.730425269195214
case_058,1,1,3,ablation,no_comm,0.496,321.497,True,1519779,32636928,,4539717,6,,2.987090228250292
case_058,1,1,3,ablation,no_balance,0.854,130.644,True,1662641,28868608,,4539717,3,,2.730425269195214
case_058,1,1,3,ablation,no_sync,0.616,127.247,True,1662641,28868608,,4539717,3,,2.730425269195214
case_058,1,1,3,ablation,no_localsearch,0.234,116.132,True,1662641,28868608,,4539717,3,,2.730425269195214
case_058,1,1,3,ablation,no_cache_aware,0.549,107.586,True,1662641,28868608,,4539717,3,,2.730425269195214
case_058,1,1,3,ablation,no_level,1.307,10.136,True,1559863,32440320,,4539717,17,,2.910330586724603
case_066,1,1,2,ablation,full,0.23,2.591,True,283961,1272466,,359070,14,,1.2645046326784313
case_066,1,1,2,ablation,no_comm,0.112,2.807,True,269655,424350,,359070,4,,1.3315903654669856
case_066,1,1,2,ablation,no_balance,0.102,2.008,True,241891,1570036,,359070,16,,1.48442893700055
case_066,1,1,2,ablation,no_sync,0.999,1.65,True,283961,1272466,,359070,14,,1.2645046326784313
case_066,1,1,2,ablation,no_localsearch,0.133,1.658,True,283961,1272466,,359070,14,,1.2645046326784313
case_066,1,1,2,ablation,no_cache_aware,0.21,2.498,True,283961,1272466,,359070,14,,1.2645046326784313
case_066,1,1,2,ablation,no_level,0.196,2.621,True,298808,2608148,,359070,270,,1.2016746539583947
case_066,1,1,3,ablation,full,0.299,2.9,True,200602,1808716,,359070,27,,1.7899622137366527
case_066,1,1,3,ablation,no_comm,0.159,2.19,True,197851,1647154,,359070,14,,1.8148505693678576
case_066,1,1,3,ablation,no_balance,0.097,2.143,True,168908,1979482,,359070,30,,2.125831813768442
case_066,1,1,3,ablation,no_sync,0.249,2.908,True,200602,1808716,,359070,27,,1.7899622137366527
case_066,1,1,3,ablation,no_localsearch,0.134,2.052,True,200602,1808716,,359070,27,,1.7899622137366527
case_066,1,1,3,ablation,no_cache_aware,0.294,2.885,True,200602,1808716,,359070,27,,1.7899622137366527
case_066,1,1,3,ablation,no_level,0.276,2.546,True,232846,2608148,,359070,270,,1.5420921982769729
case_066,2,2,2,ablation,full,0.209,2.01,True,284726,934314,,359070,14,,1.2611071696999923
case_066,2,2,2,ablation,no_comm,0.12,1.866,True,257057,423290,,359070,4,,1.3968497259362709
case_066,2,2,2,ablation,no_balance,0.097,1.254,True,228239,948972,,359070,16,,1.573219300820631
case_066,2,2,2,ablation,no_sync,0.173,1.933,True,284726,934314,,359070,14,,1.2611071696999923
case_066,2,2,2,ablation,no_localsearch,0.117,1.961,True,284726,934314,,359070,14,,1.2611071696999923
case_066,2,2,2,ablation,no_cache_aware,0.189,2.039,True,284726,934314,,359070,14,,1.2611071696999923
case_066,2,2,2,ablation,no_level,0.211,1.229,True,246565,934314,,359070,270,,1.4562894165838622
case_066,1,1,4,ablation,full,0.418,2.668,True,164803,2102704,,359070,40,,2.1787831532192983
case_066,1,1,4,ablation,no_comm,0.503,3.128,True,270098,1267000,,359070,15,,1.329406363616169
case_066,1,1,4,ablation,no_balance,0.109,2.182,True,159743,2086662,,359070,32,,2.2477980255785854
case_066,1,1,4,ablation,no_sync,0.285,2.63,True,164803,2102704,,359070,40,,2.1787831532192983
case_066,1,1,4,ablation,no_localsearch,0.122,2.23,True,164803,2102704,,359070,40,,2.1787831532192983
case_066,1,1,4,ablation,no_cache_aware,0.386,2.716,True,164803,2102704,,359070,40,,2.1787831532192983
case_066,1,1,4,ablation,no_level,0.393,3.268,True,202697,2608148,,359070,270,,1.771461837126351
case_066,1,1,5,ablation,full,0.979,2.334,True,124470,2177248,,359070,46,,2.8847915160279585
case_066,1,1,5,ablation,no_comm,0.657,2.469,True,243927,1496104,,359070,22,,1.4720387656962943
case_066,1,1,5,ablation,no_balance,0.12,3.152,True,121632,2393192,,359070,49,,2.9521014206787686
case_066,1,1,5,ablation,no_sync,0.724,2.348,True,124470,2177248,,359070,46,,2.8847915160279585
case_066,1,1,5,ablation,no_localsearch,0.122,2.43,True,125147,2222934,,359070,46,,2.8691858374551527
case_066,1,1,5,ablation,no_cache_aware,0.961,3.214,True,124470,2177248,,359070,46,,2.8847915160279585
case_066,1,1,5,ablation,no_level,1.11,3.231,True,187504,2608148,,359070,270,,1.9149991466848708
case_066,2,2,3,ablation,full,0.288,1.253,True,191371,1270866,,359070,27,,1.8763030971254788
case_066,2,2,3,ablation,no_comm,0.167,2.023,True,198579,1227448,,359070,14,,1.8081972414001481
case_066,2,2,3,ablation,no_balance,0.131,2.757,True,161853,1503960,,359070,30,,2.2184945598784083
case_066,2,2,3,ablation,no_sync,0.247,1.324,True,191371,1270866,,359070,27,,1.8763030971254788
case_066,2,2,3,ablation,no_localsearch,0.14,2.545,True,191371,1270866,,359070,27,,1.8763030971254788
case_066,2,2,3,ablation,no_cache_aware,0.354,1.322,True,191371,1270866,,359070,27,,1.8763030971254788
case_066,2,2,3,ablation,no_level,0.298,2.175,True,192209,1270866,,359070,270,,1.8681227205802018
case_066,2,2,4,ablation,full,0.392,1.242,True,157767,1998906,,359070,40,,2.2759512445568464
case_066,2,2,4,ablation,no_comm,0.551,2.553,True,170111,1379428,,359070,20,,2.1107982434998322
case_066,2,2,4,ablation,no_balance,0.103,1.416,True,148759,2064356,,359070,32,,2.413769923164313
case_066,2,2,4,ablation,no_sync,0.299,2.541,True,157767,1998906,,359070,40,,2.2759512445568464
case_066,2,2,4,ablation,no_localsearch,0.135,2.297,True,157767,1998906,,359070,40,,2.2759512445568464
case_066,2,2,4,ablation,no_cache_aware,0.371,1.316,True,157767,1998906,,359070,40,,2.2759512445568464
case_066,2,2,4,ablation,no_level,0.421,2.329,True,161146,1998906,,359070,270,,2.2282278182517716
case_066,3,3,2,ablation,full,0.309,2.244,True,284726,934314,0.22281939698695663,359070,14,,1.2611071696999923
case_066,3,3,2,ablation,no_comm,0.135,1.898,True,257056,423290,0.10643462576143199,359070,4,,1.3968551599651438
case_066,3,3,2,ablation,no_balance,0.119,2.296,True,228228,948972,0.19530719438468516,359070,16,,1.573295125926705
case_066,3,3,2,ablation,no_sync,0.189,1.944,True,284726,934314,0.22281939698695663,359070,14,,1.2611071696999923
case_066,3,3,2,ablation,no_localsearch,0.166,1.929,True,284726,934314,0.22281939698695663,359070,14,,1.2611071696999923
case_066,3,3,2,ablation,no_cache_aware,0.221,2.038,True,284726,934314,0.22281939698695663,359070,14,,1.2611071696999923
case_066,3,3,2,ablation,no_level,0.194,1.562,True,246369,934314,0.2220487124930573,359070,270,,1.4574479743798936
case_066,2,2,5,ablation,full,1.082,2.531,True,116286,2125162,,359070,46,,3.0878179660492235
case_066,2,2,5,ablation,no_comm,0.275,1.238,True,194354,1621098,,359070,27,,1.8475050680716631
case_066,2,2,5,ablation,no_balance,0.145,2.497,True,109925,2476400,,359070,49,,3.266499886286104
case_066,2,2,5,ablation,no_sync,0.838,2.244,True,116286,2125162,,359070,46,,3.0878179660492235
case_066,2,2,5,ablation,no_localsearch,0.126,1.329,True,115641,2274708,,359070,46,,3.1050405997872725
case_066,2,2,5,ablation,no_cache_aware,1.162,2.077,True,116286,2125162,,359070,46,,3.0878179660492235
case_066,2,2,5,ablation,no_level,0.898,1.141,True,151385,2125162,,359070,270,,2.371899461637547
case_066,3,3,3,ablation,full,0.29,2.583,True,190998,1270866,0.24813321994171844,359070,27,,1.8799673295008326
case_066,3,3,3,ablation,no_comm,0.18,1.419,True,198487,1227448,0.294766602782045,359070,14,,1.8090353524412177
case_066,3,3,3,ablation,no_balance,0.118,2.215,True,161806,1503960,0.2931595377403784,359070,30,,2.2191389688886693
case_066,3,3,3,ablation,no_sync,0.244,1.373,True,190998,1270866,0.24813321994171844,359070,27,,1.8799673295008326
case_066,3,3,3,ablation,no_localsearch,0.134,2.157,True,190998,1270866,0.24813321994171844,359070,27,,1.8799673295008326
case_066,3,3,3,ablation,no_cache_aware,0.273,1.904,True,190998,1270866,0.24813321994171844,359070,27,,1.8799673295008326
case_066,3,3,3,ablation,no_level,0.265,1.223,True,191505,1270866,0.25433717496304453,359070,270,,1.874990209132921
case_066,3,3,4,ablation,full,0.409,1.543,True,157012,1998906,0.3807225193729421,359070,40,,2.2868952691514024
case_066,3,3,4,ablation,no_comm,0.462,1.874,True,170118,1379428,0.28224578031480313,359070,20,,2.110711388565584
case_066,3,3,4,ablation,no_balance,0.1,1.256,True,146250,2064356,0.31617983327235666,359070,32,,2.455179487179487
case_066,3,3,4,ablation,no_sync,1.12,1.2,True,157012,1998906,0.3807225193729421,359070,40,,2.2868952691514024
case_066,3,3,4,ablation,no_localsearch,0.123,2.062,True,157012,1998906,0.3807225193729421,359070,40,,2.2868952691514024
case_066,3,3,4,ablation,no_cache_aware,0.486,1.442,True,157012,1998906,0.3807225193729421,359070,40,,2.2868952691514024
case_066,3,3,4,ablation,no_level,0.43,2.557,True,159188,1998906,0.2889444458042947,359070,270,,2.2556348468477525
case_066,3,3,5,ablation,full,0.46,1.178,True,112344,2274708,0.3171580942306845,359070,46,,3.196165349284341
case_066,3,3,5,ablation,no_comm,0.261,1.855,True,194026,1621098,0.299414273760689,359070,27,,1.8506282663148237
case_066,3,3,5,ablation,no_balance,0.098,1.24,True,107074,2476400,0.3684803367210144,359070,49,,3.353475166707137
case_066,3,3,5,ablation,no_sync,0.34,2.087,True,112344,2274708,0.3171580942306845,359070,46,,3.196165349284341
case_066,3,3,5,ablation,no_localsearch,0.234,1.505,True,112344,2274708,0.3171580942306845,359070,46,,3.196165349284341
case_066,3,3,5,ablation,no_cache_aware,1.037,2.439,True,114589,2125162,0.29103692667542236,359070,46,,3.1335468500466885
case_066,3,3,5,ablation,no_level,0.524,1.39,True,141679,2274708,0.3664157584228985,359070,270,,2.534391123596299
case_067,2,2,2,ablation,full,0.252,4.367,True,33768704,264024576,,63834834,2,,1.890354868223548
case_067,2,2,2,ablation,no_comm,1.148,3.64,True,33732569,263646336,,63834834,4,,1.8923798540217913
case_067,2,2,2,ablation,no_balance,0.106,4.255,True,33768704,264024576,,63834834,2,,1.890354868223548
case_067,2,2,2,ablation,no_sync,0.213,4.143,True,33768704,264024576,,63834834,2,,1.890354868223548
case_067,2,2,2,ablation,no_localsearch,0.137,4.242,True,33768704,264024576,,63834834,2,,1.890354868223548
case_067,2,2,2,ablation,no_cache_aware,0.19,4.257,True,33768704,264024576,,63834834,2,,1.890354868223548
case_067,2,2,2,ablation,no_level,0.207,3.544,True,33768704,264024576,,63834834,71,,1.890354868223548
case_067,2,2,3,ablation,full,1.286,3.823,True,23568859,263599744,,63834834,3,,2.7084397254869232
case_067,2,2,3,ablation,no_comm,0.218,3.136,True,23546565,263152768,,63834834,6,,2.711004089131472
case_067,2,2,3,ablation,no_balance,0.083,2.794,True,23568859,263599744,,63834834,3,,2.7084397254869232
case_067,2,2,3,ablation,no_sync,1.114,2.907,True,23568859,263599744,,63834834,3,,2.7084397254869232
case_067,2,2,3,ablation,no_localsearch,1.046,2.819,True,23568859,263599744,,63834834,3,,2.7084397254869232
case_067,2,2,3,ablation,no_cache_aware,1.256,2.742,True,23568859,263599744,,63834834,3,,2.7084397254869232
case_067,2,2,3,ablation,no_level,1.185,3.405,True,23568859,263599744,,63834834,71,,2.7084397254869232
case_067,1,1,5,ablation,full,0.495,12.515,True,15931687,262750080,,63834834,5,,4.006784341168641
case_067,1,1,5,ablation,no_comm,0.396,11.453,True,15580122,261874944,,63834834,10,,4.097197313345814
case_067,1,1,5,ablation,no_balance,0.088,11.123,True,15931687,262750080,,63834834,5,,4.006784341168641
case_067,1,1,5,ablation,no_sync,1.477,10.734,True,15931687,262750080,,63834834,5,,4.006784341168641
case_067,1,1,5,ablation,no_localsearch,1.004,11.279,True,15931687,262750080,,63834834,5,,4.006784341168641
case_067,1,1,5,ablation,no_cache_aware,0.595,12.618,True,15931687,262750080,,63834834,5,,4.006784341168641
case_067,1,1,5,ablation,no_level,0.513,3.604,True,15967384,260512000,,63834834,71,,3.997826694717181
case_067,1,1,4,ablation,full,0.353,15.354,True,18473155,263174912,,63834834,4,,3.4555458447677183
case_067,1,1,4,ablation,no_comm,1.239,13.034,True,18286270,262750848,,63834834,8,,3.49086139491542
case_067,1,1,4,ablation,no_balance,0.913,12.792,True,18473155,263174912,,63834834,4,,3.4555458447677183
case_067,1,1,4,ablation,no_sync,0.391,14.075,True,18473155,263174912,,63834834,4,,3.4555458447677183
case_067,1,1,4,ablation,no_localsearch,0.118,13.877,True,18473155,263174912,,63834834,4,,3.4555458447677183
case_067,1,1,4,ablation,no_cache_aware,0.393,14.426,True,18473155,263174912,,63834834,4,,3.4555458447677183
case_067,1,1,4,ablation,no_level,0.377,2.512,True,18518776,260512000,,63834834,71,,3.44703310845166
case_067,2,2,4,ablation,full,1.478,2.664,True,18473155,263174912,,63834834,4,,3.4555458447677183
case_067,2,2,4,ablation,no_comm,1.346,2.233,True,18288706,262200960,,63834834,8,,3.490396422797764
case_067,2,2,4,ablation,no_balance,0.094,3.524,True,18473155,263174912,,63834834,4,,3.4555458447677183
case_067,2,2,4,ablation,no_sync,0.393,3.38,True,18473155,263174912,,63834834,4,,3.4555458447677183
case_067,2,2,4,ablation,no_localsearch,0.169,3.393,True,18473155,263174912,,63834834,4,,3.4555458447677183
case_067,2,2,4,ablation,no_cache_aware,0.397,3.45,True,18473155,263174912,,63834834,4,,3.4555458447677183
case_067,2,2,4,ablation,no_level,0.395,3.526,True,18473155,263174912,,63834834,71,,3.4555458447677183
case_067,2,2,5,ablation,full,0.556,3.292,True,15931687,262750080,,63834834,5,,4.006784341168641
case_067,2,2,5,ablation,no_comm,0.396,3.253,True,15553611,262411520,,63834834,10,,4.10418095193457
case_067,2,2,5,ablation,no_balance,0.083,3.428,True,15931687,262750080,,63834834,5,,4.006784341168641
case_067,2,2,5,ablation,no_sync,0.512,3.608,True,15931687,262750080,,63834834,5,,4.006784341168641
case_067,2,2,5,ablation,no_localsearch,0.136,3.584,True,15931687,262750080,,63834834,5,,4.006784341168641
case_067,2,2,5,ablation,no_cache_aware,0.471,2.415,True,15931687,262750080,,63834834,5,,4.006784341168641
case_067,2,2,5,ablation,no_level,1.452,2.442,True,15931687,262750080,,63834834,71,,4.006784341168641
case_067,3,3,2,ablation,full,0.212,4.404,True,33768704,264024576,0.0,63834834,2,,1.890354868223548
case_067,3,3,2,ablation,no_comm,0.167,3.398,True,33732569,263646336,0.0016563610607630312,63834834,4,,1.8923798540217913
case_067,3,3,2,ablation,no_balance,0.086,4.395,True,33768704,264024576,0.0,63834834,2,,1.890354868223548
case_067,3,3,2,ablation,no_sync,1.075,4.278,True,33768704,264024576,0.0,63834834,2,,1.890354868223548
case_067,3,3,2,ablation,no_localsearch,0.139,4.374,True,33768704,264024576,0.0,63834834,2,,1.890354868223548
case_067,3,3,2,ablation,no_cache_aware,0.232,4.397,True,33768704,264024576,0.0,63834834,2,,1.890354868223548
case_067,3,3,2,ablation,no_level,0.223,4.26,True,33768704,264024576,0.0,63834834,71,,1.890354868223548
case_067,3,3,3,ablation,full,0.308,4.043,True,23568859,263599744,0.0,63834834,3,,2.7084397254869232
case_067,3,3,3,ablation,no_comm,0.26,3.246,True,23516908,263152768,0.014866775431898776,63834834,6,,2.714422916482048
case_067,3,3,3,ablation,no_balance,0.088,3.735,True,23568859,263599744,0.0,63834834,3,,2.7084397254869232
case_067,3,3,3,ablation,no_sync,0.333,3.963,True,23568859,263599744,0.0,63834834,3,,2.7084397254869232
case_067,3,3,3,ablation,no_localsearch,0.131,3.675,True,23568859,263599744,0.0,63834834,3,,2.7084397254869232
case_067,3,3,3,ablation,no_cache_aware,0.341,3.816,True,23568859,263599744,0.0,63834834,3,,2.7084397254869232
case_067,3,3,3,ablation,no_level,0.269,3.717,True,23568859,263599744,0.0,63834834,71,,2.7084397254869232
case_067,1,1,3,ablation,full,0.265,21.985,True,23568859,263599744,,63834834,3,,2.7084397254869232
case_067,1,1,3,ablation,no_comm,0.236,19.216,True,23549673,263136384,,63834834,6,,2.7106463006938566
case_067,1,1,3,ablation,no_balance,0.086,20.587,True,23568859,263599744,,63834834,3,,2.7084397254869232
case_067,1,1,3,ablation,no_sync,0.281,22.199,True,23568859,263599744,,63834834,3,,2.7084397254869232
case_067,1,1,3,ablation,no_localsearch,0.129,20.903,True,23568859,263599744,,63834834,3,,2.7084397254869232
case_067,1,1,3,ablation,no_cache_aware,0.336,19.478,True,23568859,263599744,,63834834,3,,2.7084397254869232
case_067,1,1,3,ablation,no_level,0.296,3.4,True,23631184,260512000,,63834834,71,,2.701296473337942
case_067,3,3,4,ablation,full,0.405,3.472,True,18473155,263174912,0.0,63834834,4,,3.4555458447677183
case_067,3,3,4,ablation,no_comm,0.338,2.996,True,18293984,262200960,0.01148798614172254,63834834,8,,3.4893894080152252
case_067,3,3,4,ablation,no_balance,0.083,3.477,True,18473155,263174912,0.0,63834834,4,,3.4555458447677183
case_067,3,3,4,ablation,no_sync,0.447,3.554,True,18473155,263174912,0.0,63834834,4,,3.4555458447677183
case_067,3,3,4,ablation,no_localsearch,0.143,3.263,True,18473155,263174912,0.0,63834834,4,,3.4555458447677183
case_067,3,3,4,ablation,no_cache_aware,0.372,3.541,True,18473155,263174912,0.0,63834834,4,,3.4555458447677183
case_067,3,3,4,ablation,no_level,0.375,3.725,True,18473155,263174912,0.0,63834834,71,,3.4555458447677183
case_068,1,1,2,ablation,full,0.383,2.421,True,355080,1707274,,362095,15,,1.0197561112988622
case_068,1,1,2,ablation,no_comm,0.125,2.481,True,367269,584018,,362095,6,,0.9859122332677138
case_068,1,1,2,ablation,no_balance,0.087,1.714,True,265262,1894238,,362095,38,,1.3650466331400652
case_068,1,1,2,ablation,no_sync,0.176,2.336,True,356203,1750416,,362095,16,,1.0165411296367521
case_068,1,1,2,ablation,no_localsearch,0.113,1.64,True,356203,1750416,,362095,16,,1.0165411296367521
case_068,1,1,2,ablation,no_cache_aware,0.395,1.565,True,355080,1707274,,362095,15,,1.0197561112988622
case_068,1,1,2,ablation,no_level,0.368,4.248,True,313055,3658234,,362095,383,,1.156649789973008
case_068,1,1,3,ablation,full,0.304,1.694,True,189361,2662408,,362095,54,,1.9121941688098394
case_068,1,1,3,ablation,no_comm,0.149,2.725,True,330428,1179078,,362095,15,,1.0958363092716115
case_068,1,1,3,ablation,no_balance,0.094,1.713,True,172181,2668770,,362095,57,,2.1029904577160083
case_068,1,1,3,ablation,no_sync,0.275,2.014,True,189361,2662408,,362095,54,,1.9121941688098394
case_068,1,1,3,ablation,no_localsearch,0.13,2.708,True,189361,2662408,,362095,54,,1.9121941688098394
case_068,1,1,3,ablation,no_cache_aware,0.306,1.811,True,189361,2662408,,362095,54,,1.9121941688098394
case_068,1,1,3,ablation,no_level,0.289,2.98,True,237944,3658234,,362095,383,,1.5217656255253338
case_067,3,3,5,ablation,full,0.531,3.417,True,15931687,262750080,0.0,63834834,5,,4.006784341168641
case_067,3,3,5,ablation,no_comm,0.381,2.951,True,15499584,262411520,0.03964284006301118,63834834,10,,4.118486921971583
case_067,3,3,5,ablation,no_balance,0.083,3.547,True,15931687,262750080,0.0,63834834,5,,4.006784341168641
case_067,3,3,5,ablation,no_sync,0.515,3.56,True,15931687,262750080,0.0,63834834,5,,4.006784341168641
case_067,3,3,5,ablation,no_localsearch,0.143,2.566,True,15931687,262750080,0.0,63834834,5,,4.006784341168641
case_067,3,3,5,ablation,no_cache_aware,0.517,3.108,True,15931687,262750080,0.0,63834834,5,,4.006784341168641
case_067,3,3,5,ablation,no_level,0.511,3.427,True,15931687,262750080,0.0,63834834,71,,4.006784341168641
case_068,1,1,4,ablation,full,1.672,1.695,True,276264,1409680,,362095,40,,1.3106847073813455
case_068,1,1,4,ablation,no_comm,0.199,1.72,True,335803,1480466,,362095,18,,1.078295905635149
case_068,1,1,4,ablation,no_balance,0.1,1.773,True,171012,3075204,,362095,65,,2.1173660327930204
case_068,1,1,4,ablation,no_sync,0.541,2.975,True,275177,1433906,,362095,44,,1.3158621541771296
case_068,1,1,4,ablation,no_localsearch,0.126,1.945,True,189646,3082848,,362095,67,,1.9093205235016821
case_068,1,1,4,ablation,no_cache_aware,0.889,1.983,True,276264,1409680,,362095,40,,1.3106847073813455
case_068,1,1,4,ablation,no_level,0.951,4.667,True,338889,3658234,,362095,383,,1.0684766988600987
case_068,2,2,2,ablation,full,0.337,2.524,True,353712,1543196,,362095,15,,1.0237000723752658
case_068,2,2,2,ablation,no_comm,0.124,2.256,True,361436,562502,,362095,6,,1.001823282683518
case_068,2,2,2,ablation,no_balance,0.12,1.448,True,246499,1552030,,362095,38,,1.4689511924997667
case_068,2,2,2,ablation,no_sync,0.179,2.47,True,353410,1543198,,362095,16,,1.0245748563990833
case_068,2,2,2,ablation,no_localsearch,0.153,1.577,True,353410,1543198,,362095,16,,1.0245748563990833
case_068,2,2,2,ablation,no_cache_aware,0.384,2.59,True,353712,1543196,,362095,15,,1.0237000723752658
case_068,2,2,2,ablation,no_level,0.368,2.336,True,243017,1543196,,362095,383,,1.4899986420703077
case_068,2,2,3,ablation,full,0.34,1.454,True,175142,2182114,,362095,54,,2.067436708499389
case_068,2,2,3,ablation,no_comm,0.161,2.18,True,330311,1150444,,362095,15,,1.0962244672445058
case_068,2,2,3,ablation,no_balance,0.131,1.525,True,163368,2213164,,362095,57,,2.2164377356642673
case_068,2,2,3,ablation,no_sync,0.321,2.558,True,175142,2182114,,362095,54,,2.067436708499389
case_068,2,2,3,ablation,no_localsearch,0.129,1.465,True,175142,2182114,,362095,54,,2.067436708499389
case_068,2,2,3,ablation,no_cache_aware,0.322,2.328,True,175142,2182114,,362095,54,,2.067436708499389
case_068,2,2,3,ablation,no_level,0.325,2.575,True,169488,2182114,,362095,383,,2.1364049372226943
case_068,1,1,5,ablation,full,0.889,1.549,True,263747,1518452,,362095,56,,1.3728876536984307
case_068,1,1,5,ablation,no_comm,0.652,1.882,True,331360,990068,,362095,16,,1.092754104297441
case_068,1,1,5,ablation,no_balance,0.105,3.133,True,151139,3449990,,362095,89,,2.3957747503953315
case_068,1,1,5,ablation,no_sync,0.626,2.067,True,262137,1666752,,362095,61,,1.3813196916116381
case_068,1,1,5,ablation,no_localsearch,0.113,2.437,True,174682,3146650,,362095,78,,2.072881006629189
case_068,1,1,5,ablation,no_cache_aware,0.878,3.107,True,263747,1518452,,362095,56,,1.3728876536984307
case_068,1,1,5,ablation,no_level,0.906,3.733,True,317681,3658234,,362095,383,,1.139806913224272
case_068,2,2,4,ablation,full,0.836,1.263,True,265310,1075986,,362095,40,,1.36479966831254
case_068,2,2,4,ablation,no_comm,0.212,2.276,True,335365,1314162,,362095,18,,1.0797042028834256
case_068,2,2,4,ablation,no_balance,0.123,1.502,True,151450,3253962,,362095,65,,2.390855067679102
case_068,2,2,4,ablation,no_sync,0.515,2.263,True,270049,1049106,,362095,44,,1.3408492532836633
case_068,2,2,4,ablation,no_localsearch,0.145,1.462,True,171311,3122144,,362095,67,,2.1136704589897906
case_068,2,2,4,ablation,no_cache_aware,0.849,2.392,True,265310,1075986,,362095,40,,1.36479966831254
case_068,2,2,4,ablation,no_level,0.953,1.182,True,274438,1075986,,362095,383,,1.319405475918058
case_068,2,2,5,ablation,full,1.004,1.231,True,242941,1341784,,362095,56,,1.4904647630494647
case_068,2,2,5,ablation,no_comm,0.607,1.157,True,332481,757864,,362095,14,,1.0890697513542127
case_068,2,2,5,ablation,no_balance,1.079,1.577,True,124172,3538800,,362095,89,,2.916076088006958
case_068,2,2,5,ablation,no_sync,0.656,2.34,True,242730,1319256,,362095,61,,1.491760392205331
case_068,2,2,5,ablation,no_localsearch,0.154,1.653,True,165680,3320062,,362095,78,,2.185508208594882
case_068,2,2,5,ablation,no_cache_aware,1.08,2.378,True,242941,1341784,,362095,56,,1.4904647630494647
case_068,2,2,5,ablation,no_level,1.019,1.476,True,259971,1341784,,362095,383,,1.3928284308634424
case_068,3,3,2,ablation,full,0.397,1.571,True,353629,1543196,0.2435087687706614,362095,15,,1.0239403442590964
case_068,3,3,2,ablation,no_comm,0.126,2.458,True,361435,562502,0.08564571049126689,362095,6,,1.001826054477292
case_068,3,3,2,ablation,no_balance,0.121,1.534,True,246457,1552030,0.24075701541005667,362095,38,,1.469201523998101
case_068,3,3,2,ablation,no_sync,0.199,2.755,True,353326,1543198,0.24350914716801436,362095,16,,1.0248184396279922
case_068,3,3,2,ablation,no_localsearch,0.182,2.529,True,353326,1543198,0.24350914716801436,362095,16,,1.0248184396279922
case_068,3,3,2,ablation,no_cache_aware,0.373,1.471,True,353629,1543196,0.2435087687706614,362095,15,,1.0239403442590964
case_068,3,3,2,ablation,no_level,0.436,2.607,True,242477,1543196,0.20662996192971478,362095,383,,1.4933168919113977
case_068,3,3,3,ablation,full,0.321,1.62,True,174801,2182114,0.18748918934501846,362095,54,,2.0714698428498695
case_068,3,3,3,ablation,no_comm,0.158,2.433,True,330179,1150444,0.15652626916315882,362095,15,,1.0966627193128575
case_068,3,3,3,ablation,no_balance,0.11,1.578,True,162496,2213164,0.14950567831931974,362095,57,,2.2283317743205986
case_068,3,3,3,ablation,no_sync,0.241,2.75,True,174801,2182114,0.18748918934501846,362095,54,,2.0714698428498695
case_068,3,3,3,ablation,no_localsearch,0.136,2.576,True,174801,2182114,0.18748918934501846,362095,54,,2.0714698428498695
case_068,3,3,3,ablation,no_cache_aware,0.324,1.531,True,174801,2182114,0.18748918934501846,362095,54,,2.0714698428498695
case_068,3,3,3,ablation,no_level,0.317,2.787,True,167312,2182114,0.149075779087869,362095,383,,2.164190255331357
case_069,1,1,2,ablation,full,0.118,0.243,True,33590,511210,,25144,11,,0.7485561178922299
case_069,1,1,2,ablation,no_comm,0.018,0.202,True,29339,209482,,25144,4,,0.8570162582228433
case_069,1,1,2,ablation,no_balance,0.018,0.261,True,31638,591670,,25144,17,,0.7947405019280612
case_069,1,1,2,ablation,no_sync,0.04,0.303,True,34683,509582,,25144,12,,0.7249661217311074
case_069,1,1,2,ablation,no_localsearch,0.03,0.386,True,34683,509582,,25144,12,,0.7249661217311074
case_069,1,1,2,ablation,no_cache_aware,0.109,0.272,True,33590,511210,,25144,11,,0.7485561178922299
case_069,1,1,2,ablation,no_level,0.103,0.57,True,78562,980046,,25144,300,,0.32005295180876253
case_069,1,1,3,ablation,full,0.327,0.31,True,26409,428516,,25144,21,,0.9520996629936764
case_069,1,1,3,ablation,no_comm,0.065,0.288,True,22838,285968,,25144,7,,1.1009720641036869
case_069,1,1,3,ablation,no_balance,0.027,0.424,True,26941,808600,,25144,36,,0.9332986897294087
case_069,1,1,3,ablation,no_sync,0.14,0.287,True,27563,449252,,25144,22,,0.9122374197293474
case_069,1,1,3,ablation,no_localsearch,0.03,0.314,True,28848,707930,,25144,28,,0.8716028840820854
case_069,1,1,3,ablation,no_cache_aware,0.313,0.245,True,26409,428516,,25144,21,,0.9520996629936764
case_069,1,1,3,ablation,no_level,0.357,0.514,True,69802,980046,,25144,300,,0.36021890490243835
case_069,1,1,4,ablation,full,0.342,0.32,True,26483,519768,,25144,27,,0.9494392629233848
case_069,1,1,4,ablation,no_comm,0.08,0.274,True,18723,173960,,25144,5,,1.3429471772686001
case_069,1,1,4,ablation,no_balance,0.018,0.321,True,27363,856546,,25144,48,,0.9189050908160655
case_069,1,1,4,ablation,no_sync,0.134,0.274,True,25821,530616,,25144,29,,0.9737810309438054
case_069,1,1,4,ablation,no_localsearch,0.025,0.342,True,27341,762154,,25144,37,,0.9196444899601331
case_069,1,1,4,ablation,no_cache_aware,0.331,0.303,True,26483,519768,,25144,27,,0.9494392629233848
case_069,1,1,4,ablation,no_level,0.34,0.57,True,57077,980046,,25144,300,,0.4405277081836817
case_069,1,1,5,ablation,full,0.349,0.303,True,23365,519742,,25144,29,,1.0761395249304515
case_069,1,1,5,ablation,no_comm,0.13,0.245,True,24113,286066,,25144,9,,1.0427570190353752
case_069,1,1,5,ablation,no_balance,0.028,0.407,True,31045,842982,,25144,52,,0.8099210822998872
case_069,1,1,5,ablation,no_sync,0.151,0.307,True,25390,523716,,25144,33,,0.9903111461205198
case_069,1,1,5,ablation,no_localsearch,0.024,0.406,True,29666,883106,,25144,44,,0.8475696083058046
case_069,1,1,5,ablation,no_cache_aware,0.385,0.278,True,23365,519742,,25144,29,,1.0761395249304515
case_069,1,1,5,ablation,no_level,0.346,0.506,True,60120,980046,,25144,300,,0.41823020625415835
case_069,2,2,2,ablation,full,0.162,0.206,True,27464,360678,,25144,14,,0.9155257792018643
case_069,2,2,2,ablation,no_comm,0.019,0.192,True,26697,152388,,25144,4,,0.9418286698880024
case_069,2,2,2,ablation,no_balance,0.019,0.997,True,21271,463206,,25144,17,,1.1820788867472145
case_069,2,2,2,ablation,no_sync,0.033,0.207,True,29446,362020,,25144,12,,0.8539020580044828
case_069,2,2,2,ablation,no_localsearch,0.031,0.199,True,29446,362020,,25144,12,,0.8539020580044828
case_069,2,2,2,ablation,no_cache_aware,0.146,0.187,True,27464,360678,,25144,14,,0.9155257792018643
case_069,2,2,2,ablation,no_level,0.13,0.245,True,31879,360678,,25144,300,,0.7887323943661971
case_068,3,3,4,ablation,full,0.474,2.803,True,168040,3122144,0.25998011010721406,362095,67,,2.154814329921447
case_068,3,3,4,ablation,no_comm,0.289,1.336,True,335362,1314162,0.1970255375004506,362095,18,,1.0797138614392805
case_068,3,3,4,ablation,no_balance,0.096,1.58,True,148198,3253962,0.20608842833402327,362095,65,,2.443319073131891
case_068,3,3,4,ablation,no_sync,1.185,1.297,True,168040,3122144,0.25998011010721406,362095,67,,2.154814329921447
case_068,3,3,4,ablation,no_localsearch,0.111,2.235,True,168040,3122144,0.25998011010721406,362095,67,,2.154814329921447
case_068,3,3,4,ablation,no_cache_aware,0.777,1.176,True,265104,1075986,0.10626398468849974,362095,40,,1.3658601907176051
case_068,3,3,4,ablation,no_level,0.374,1.476,True,181117,3122144,0.26635951305212274,362095,383,,1.9992325402916347
case_069,2,2,3,ablation,full,0.334,0.198,True,21329,270826,,25144,21,,1.1788644568427962
case_069,2,2,3,ablation,no_comm,0.05,0.149,True,18076,269128,,25144,7,,1.3910157114405841
case_069,2,2,3,ablation,no_balance,0.017,0.251,True,18261,629004,,25144,36,,1.3769234981654892
case_069,2,2,3,ablation,no_sync,0.125,0.179,True,21981,293674,,25144,22,,1.143897001956235
case_069,2,2,3,ablation,no_localsearch,0.023,0.235,True,20439,628232,,25144,28,,1.2301971720729976
case_069,2,2,3,ablation,no_cache_aware,0.354,0.189,True,21329,270826,,25144,21,,1.1788644568427962
case_069,2,2,3,ablation,no_level,0.332,1.053,True,31189,270826,,25144,300,,0.806181666613229
case_069,2,2,4,ablation,full,0.361,0.194,True,20413,370412,,25144,27,,1.231764071914956
case_069,2,2,4,ablation,no_comm,0.077,0.149,True,17849,252490,,25144,7,,1.4087063701047677
case_069,2,2,4,ablation,no_balance,0.02,0.273,True,18489,815602,,25144,48,,1.359943750338039
case_069,2,2,4,ablation,no_sync,0.138,0.225,True,20361,358224,,25144,29,,1.2349098767251117
case_069,2,2,4,ablation,no_localsearch,0.025,0.267,True,19626,731086,,25144,37,,1.2811576480179354
case_069,2,2,4,ablation,no_cache_aware,0.35,0.214,True,20413,370412,,25144,27,,1.231764071914956
case_069,2,2,4,ablation,no_level,0.337,0.242,True,27826,370412,,25144,300,,0.9036153237978869
case_069,3,3,2,ablation,full,0.197,0.248,True,27447,360678,0.23937717754391005,25144,14,,0.9160928334608518
case_069,3,3,2,ablation,no_comm,0.02,0.172,True,26697,152388,0.2099003929624848,25144,4,,0.9418286698880024
case_069,3,3,2,ablation,no_balance,0.026,0.247,True,21254,463206,0.19179873747515627,25144,17,,1.1830243718829396
case_069,3,3,2,ablation,no_sync,0.039,0.217,True,29380,362020,0.23889210842329775,25144,12,,0.8558202859087815
case_069,3,3,2,ablation,no_localsearch,0.025,0.216,True,29380,362020,0.23889210842329775,25144,12,,0.8558202859087815
case_069,3,3,2,ablation,no_cache_aware,0.143,0.233,True,27447,360678,0.23937717754391005,25144,14,,0.9160928334608518
case_069,3,3,2,ablation,no_level,0.157,0.244,True,31865,360678,0.23937717754391005,25144,300,,0.7890789267221089
case_069,2,2,5,ablation,full,0.35,0.215,True,23784,340780,,25144,27,,1.0571812983518332
case_069,2,2,5,ablation,no_comm,0.193,1.244,True,18533,238476,,25144,8,,1.3567150488318136
case_069,2,2,5,ablation,no_balance,0.028,0.36,True,22778,904280,,25144,52,,1.1038721573448065
case_069,2,2,5,ablation,no_sync,0.155,0.215,True,20715,323054,,25144,33,,1.2138064204682597
case_069,2,2,5,ablation,no_localsearch,0.027,0.292,True,23374,938160,,25144,44,,1.075725164712929
case_069,2,2,5,ablation,no_cache_aware,0.372,0.219,True,23784,340780,,25144,27,,1.0571812983518332
case_069,2,2,5,ablation,no_level,0.331,0.219,True,29608,340780,,25144,300,,0.8492299378546339
case_068,3,3,5,ablation,full,1.014,2.119,True,250896,1433184,0.16611499027867455,362095,56,,1.4432075441617245
case_068,3,3,5,ablation,no_comm,0.452,1.216,True,303209,1360360,0.18467638575232145,362095,25,,1.1942092747906559
case_068,3,3,5,ablation,no_balance,0.091,2.288,True,113021,3538800,0.23580479442706542,362095,89,,3.2037851372753736
case_068,3,3,5,ablation,no_sync,0.64,1.208,True,230757,1421920,0.1841305040529933,362095,55,,1.5691614988927747
case_068,3,3,5,ablation,no_localsearch,0.121,2.176,True,159420,3320062,0.2622759845204188,362095,78,,2.2713273115042028
case_068,3,3,5,ablation,no_cache_aware,0.956,1.364,True,242559,1341784,0.1126241313891459,362095,56,,1.4928120580972053
case_068,3,3,5,ablation,no_level,0.87,1.92,True,249334,1433184,0.1768981398433732,362095,383,,1.4522487907786343
case_069,3,3,3,ablation,full,0.38,0.259,True,16909,312394,0.2912866950151135,25144,20,,1.4870187474126204
case_069,3,3,3,ablation,no_comm,0.027,0.162,True,19730,289576,0.35032227183612985,25144,8,,1.274404460212874
case_069,3,3,3,ablation,no_balance,0.019,0.236,True,18242,629004,0.1870639341661199,25144,36,,1.3783576362240981
case_069,3,3,3,ablation,no_sync,0.159,0.285,True,18340,319754,0.2389798987021209,25144,24,,1.3709923664122137
case_069,3,3,3,ablation,no_localsearch,0.033,0.228,True,20204,628232,0.3143441625275997,25144,28,,1.244506038408236
case_069,3,3,3,ablation,no_cache_aware,0.308,1.037,True,21324,270826,0.13010095804026195,25144,21,,1.179140874132433
case_069,3,3,3,ablation,no_level,0.401,0.218,True,23604,312394,0.2765318407705313,25144,300,,1.0652431791221826
case_069,3,3,4,ablation,full,0.368,0.2,True,16273,351534,0.3464809332279638,25144,25,,1.545136115037178
case_069,3,3,4,ablation,no_comm,0.12,0.161,True,18246,258892,0.33901266287392184,25144,7,,1.378055464211334
case_069,3,3,4,ablation,no_balance,0.02,0.318,True,15447,815602,0.38258819931116106,25144,48,,1.6277594354890916
case_069,3,3,4,ablation,no_sync,0.128,0.258,True,18679,355374,0.34692297768029934,25144,26,,1.3461106054927994
case_069,3,3,4,ablation,no_localsearch,0.029,0.264,True,17268,731086,0.3838839498042659,25144,37,,1.4561037757702109
case_069,3,3,4,ablation,no_cache_aware,0.352,0.216,True,20360,370412,0.19690163738195288,25144,27,,1.2349705304518663
case_069,3,3,4,ablation,no_level,0.395,0.244,True,25964,351534,0.3498838183083474,25144,300,,0.9684178092743799
case_069,3,3,5,ablation,full,0.374,0.233,True,15342,364462,0.3016034933247432,25144,31,,1.6388997523139095
case_069,3,3,5,ablation,no_comm,0.205,0.225,True,15819,341744,0.35379780792519355,25144,10,,1.5894810038561225
case_069,3,3,5,ablation,no_balance,0.031,0.36,True,19714,904280,0.4208366788470677,25144,52,,1.2754387744749924
case_069,3,3,5,ablation,no_sync,0.154,0.193,True,16154,367054,0.3266371965348829,25144,36,,1.55651850934753
case_069,3,3,5,ablation,no_localsearch,0.027,0.273,True,20295,938160,0.4613433637829124,25144,44,,1.2389258438038926
case_069,3,3,5,ablation,no_cache_aware,0.363,0.217,True,23557,340780,0.1868686533703878,25144,27,,1.0673685104215307
case_069,3,3,5,ablation,no_level,0.363,0.239,True,21862,364462,0.31305105169595665,25144,300,,1.1501235019668832
case_070,1,1,2,ablation,full,0.04,0.485,True,59494,88064,,117300,2,,1.9716273909974116
case_070,1,1,2,ablation,no_comm,0.021,0.496,True,61777,275994,,117300,4,,1.8987649125078914
case_070,1,1,2,ablation,no_balance,0.016,0.434,True,62407,88064,,117300,2,,1.8795968400980658
case_070,1,1,2,ablation,no_sync,0.035,0.402,True,59494,88064,,117300,2,,1.9716273909974116
case_070,1,1,2,ablation,no_localsearch,0.017,0.45,True,59494,88064,,117300,2,,1.9716273909974116
case_070,1,1,2,ablation,no_cache_aware,0.039,0.473,True,59494,88064,,117300,2,,1.9716273909974116
case_070,1,1,2,ablation,no_level,0.035,0.297,True,67431,880640,,117300,31,,1.7395559905681364
case_070,1,1,3,ablation,full,0.039,0.393,True,42877,176128,,117300,3,,2.7357324439676285
case_070,1,1,3,ablation,no_comm,0.048,0.486,True,50390,321304,,117300,6,,2.3278428259575312
case_070,1,1,3,ablation,no_balance,0.017,0.514,True,41458,176128,,117300,3,,2.8293694823676976
case_070,1,1,3,ablation,no_sync,0.037,0.378,True,42877,176128,,117300,3,,2.7357324439676285
case_070,1,1,3,ablation,no_localsearch,0.019,0.474,True,42877,176128,,117300,3,,2.7357324439676285
case_070,1,1,3,ablation,no_cache_aware,0.053,0.418,True,42877,176128,,117300,3,,2.7357324439676285
case_070,1,1,3,ablation,no_level,0.04,0.263,True,50342,880640,,117300,31,,2.330062373366175
case_070,2,2,3,ablation,full,0.038,0.186,True,42877,176128,,117300,3,,2.7357324439676285
case_070,2,2,3,ablation,no_comm,0.059,0.214,True,52314,296716,,117300,6,,2.2422296134877855
case_070,2,2,3,ablation,no_balance,0.018,0.208,True,41458,176128,,117300,3,,2.8293694823676976
case_070,2,2,3,ablation,no_sync,0.045,0.204,True,42877,176128,,117300,3,,2.7357324439676285
case_070,2,2,3,ablation,no_localsearch,0.018,0.18,True,42877,176128,,117300,3,,2.7357324439676285
case_070,2,2,3,ablation,no_cache_aware,0.044,0.171,True,42877,176128,,117300,3,,2.7357324439676285
case_070,2,2,3,ablation,no_level,0.037,0.223,True,42495,176128,,117300,31,,2.76032474408754
case_070,1,1,4,ablation,full,0.073,0.489,True,32371,264192,,117300,4,,3.6236137283370917
case_070,1,1,4,ablation,no_comm,0.074,0.453,True,50627,512024,,117300,8,,2.3169455033875206
case_070,1,1,4,ablation,no_balance,0.022,0.519,True,34898,264192,,117300,4,,3.3612241389191357
case_070,1,1,4,ablation,no_sync,0.059,1.326,True,32371,264192,,117300,4,,3.6236137283370917
case_070,1,1,4,ablation,no_localsearch,0.019,0.461,True,32371,264192,,117300,4,,3.6236137283370917
case_070,1,1,4,ablation,no_cache_aware,0.059,0.446,True,32371,264192,,117300,4,,3.6236137283370917
case_070,1,1,4,ablation,no_level,0.057,0.275,True,38573,880640,,117300,31,,3.0409872190392244
case_070,2,2,2,ablation,full,0.035,0.221,True,59494,88064,,117300,2,,1.9716273909974116
case_070,2,2,2,ablation,no_comm,0.029,0.208,True,61277,223762,,117300,4,,1.9142582045465673
case_070,2,2,2,ablation,no_balance,0.017,0.971,True,62407,88064,,117300,2,,1.8795968400980658
case_070,2,2,2,ablation,no_sync,0.034,0.21,True,59494,88064,,117300,2,,1.9716273909974116
case_070,2,2,2,ablation,no_localsearch,0.028,0.222,True,59494,88064,,117300,2,,1.9716273909974116
case_070,2,2,2,ablation,no_cache_aware,0.027,0.185,True,59494,88064,,117300,2,,1.9716273909974116
case_070,2,2,2,ablation,no_level,0.026,0.194,True,58296,88064,,117300,31,,2.012144915603129
case_070,1,1,5,ablation,full,0.103,0.49,True,38938,954434,,117300,13,,3.0124813806564283
case_070,1,1,5,ablation,no_comm,0.235,0.477,True,35586,551964,,117300,10,,3.2962400944191534
case_070,1,1,5,ablation,no_balance,0.028,0.385,True,45443,1153642,,117300,16,,2.581255638932289
case_070,1,1,5,ablation,no_sync,0.091,0.398,True,38938,954434,,117300,13,,3.0124813806564283
case_070,1,1,5,ablation,no_localsearch,0.029,0.421,True,38938,954434,,117300,13,,3.0124813806564283
case_070,1,1,5,ablation,no_cache_aware,0.079,0.401,True,38938,954434,,117300,13,,3.0124813806564283
case_070,1,1,5,ablation,no_level,0.09,0.442,True,62662,1455980,,117300,89,,1.87194791101465
case_070,3,3,2,ablation,full,0.035,0.228,True,59494,88064,0.173380952193447,117300,2,,1.9716273909974116
case_070,3,3,2,ablation,no_comm,0.02,0.209,True,61277,223762,0.21083181743013063,117300,4,,1.9142582045465673
case_070,3,3,2,ablation,no_balance,0.019,0.214,True,62407,88064,0.02822480617102626,117300,2,,1.8795968400980658
case_070,3,3,2,ablation,no_sync,0.034,0.178,True,59494,88064,0.173380952193447,117300,2,,1.9716273909974116
case_070,3,3,2,ablation,no_localsearch,0.02,0.222,True,59494,88064,0.173380952193447,117300,2,,1.9716273909974116
case_070,3,3,2,ablation,no_cache_aware,0.033,0.209,True,59494,88064,0.173380952193447,117300,2,,1.9716273909974116
case_070,3,3,2,ablation,no_level,0.034,0.2,True,58296,88064,0.173380952193447,117300,31,,2.012144915603129
case_070,2,2,4,ablation,full,0.069,0.185,True,32371,264192,,117300,4,,3.6236137283370917
case_070,2,2,4,ablation,no_comm,0.817,0.188,True,46279,411668,,117300,8,,2.5346269366235226
case_070,2,2,4,ablation,no_balance,0.015,0.193,True,34898,264192,,117300,4,,3.3612241389191357
case_070,2,2,4,ablation,no_sync,0.046,0.194,True,32371,264192,,117300,4,,3.6236137283370917
case_070,2,2,4,ablation,no_localsearch,0.025,0.215,True,32371,264192,,117300,4,,3.6236137283370917
case_070,2,2,4,ablation,no_cache_aware,0.047,0.165,True,32371,264192,,117300,4,,3.6236137283370917
case_070,2,2,4,ablation,no_level,0.048,0.178,True,32284,264192,,117300,31,,3.6333787634741666
case_070,2,2,5,ablation,full,0.081,0.272,True,33028,677170,,117300,13,,3.551532033426184
case_070,2,2,5,ablation,no_comm,0.16,0.229,True,34636,529204,,117300,10,,3.3866497286060744
case_070,2,2,5,ablation,no_balance,0.028,0.253,True,30245,869746,,117300,16,,3.8783269961977185
case_070,2,2,5,ablation,no_sync,0.083,0.241,True,33028,677170,,117300,13,,3.551532033426184
case_070,2,2,5,ablation,no_localsearch,0.036,0.229,True,33028,677170,,117300,13,,3.551532033426184
case_070,2,2,5,ablation,no_cache_aware,0.077,0.288,True,33028,677170,,117300,13,,3.551532033426184
case_070,2,2,5,ablation,no_level,0.079,0.242,True,44369,677170,,117300,89,,2.643737744821835
case_070,3,3,3,ablation,full,0.04,1.044,True,42877,176128,0.18899772813455348,117300,3,,2.7357324439676285
case_070,3,3,3,ablation,no_comm,0.044,0.199,True,52314,296716,0.24860196130645704,117300,6,,2.2422296134877855
case_070,3,3,3,ablation,no_balance,0.014,0.189,True,41458,176128,0.21305198444258758,117300,3,,2.8293694823676976
case_070,3,3,3,ablation,no_sync,0.058,0.212,True,42877,176128,0.18899772813455348,117300,3,,2.7357324439676285
case_070,3,3,3,ablation,no_localsearch,0.028,0.194,True,42877,176128,0.18899772813455348,117300,3,,2.7357324439676285
case_070,3,3,3,ablation,no_cache_aware,0.036,0.2,True,42877,176128,0.18899772813455348,117300,3,,2.7357324439676285
case_070,3,3,3,ablation,no_level,0.037,0.174,True,42495,176128,0.17181611648595774,117300,31,,2.76032474408754
case_070,3,3,5,ablation,full,0.108,0.293,True,31508,677170,0.3938428474099558,117300,13,,3.7228640345309127
case_070,3,3,5,ablation,no_comm,0.148,0.247,True,34581,529204,0.30367835377356395,117300,10,,3.3920360891819206
case_070,3,3,5,ablation,no_balance,0.025,0.279,True,29758,869746,0.38512740704629406,117300,16,,3.941797163787889
case_070,3,3,5,ablation,no_sync,0.081,0.24,True,31508,677170,0.3938428474099558,117300,13,,3.7228640345309127
case_070,3,3,5,ablation,no_localsearch,0.029,0.215,True,31508,677170,0.3938428474099558,117300,13,,3.7228640345309127
case_070,3,3,5,ablation,no_cache_aware,0.079,0.215,True,31508,677170,0.3938428474099558,117300,13,,3.7228640345309127
case_070,3,3,5,ablation,no_level,0.092,0.237,True,43247,677170,0.3531632922631379,117300,89,,2.7123268666034637
case_071,1,1,2,ablation,full,0.083,0.17,True,26606,300040,,18919,9,,0.7110802074719988
case_071,1,1,2,ablation,no_comm,0.019,0.129,True,22837,153608,,18919,5,,0.8284363094977449
case_071,1,1,2,ablation,no_balance,0.013,0.188,True,22460,532756,,18919,22,,0.8423419412288513
case_071,1,1,2,ablation,no_sync,0.05,0.19,True,27765,323180,,18919,10,,0.6813974428236989
case_071,1,1,2,ablation,no_localsearch,0.02,0.202,True,30124,426474,,18919,12,,0.6280374452263976
case_071,1,1,2,ablation,no_cache_aware,0.099,0.189,True,26606,300040,,18919,9,,0.7110802074719988
case_071,1,1,2,ablation,no_level,0.093,0.372,True,71393,706204,,18919,221,,0.2649979689885563
case_070,3,3,4,ablation,full,0.051,0.219,True,32371,264192,0.17065419194503326,117300,4,,3.6236137283370917
case_070,3,3,4,ablation,no_comm,0.068,0.217,True,46257,411668,0.23935299892478146,117300,8,,2.535832414553473
case_070,3,3,4,ablation,no_balance,0.013,0.222,True,34869,264192,0.2395146553614502,117300,4,,3.3640196162780693
case_070,3,3,4,ablation,no_sync,0.051,0.198,True,32371,264192,0.17065419194503326,117300,4,,3.6236137283370917
case_070,3,3,4,ablation,no_localsearch,0.017,0.217,True,32371,264192,0.17065419194503326,117300,4,,3.6236137283370917
case_070,3,3,4,ablation,no_cache_aware,0.059,0.904,True,32371,264192,0.17065419194503326,117300,4,,3.6236137283370917
case_070,3,3,4,ablation,no_level,0.048,0.19,True,32284,264192,0.10478766172063446,117300,31,,3.6333787634741666
case_071,1,1,3,ablation,full,0.22,0.198,True,21131,407676,,18919,20,,0.8953196725190479
case_071,1,1,3,ablation,no_comm,0.048,0.137,True,20970,143048,,18919,5,,0.9021936099189318
case_071,1,1,3,ablation,no_balance,0.013,0.209,True,24076,602330,,18919,32,,0.7858032895829872
case_071,1,1,3,ablation,no_sync,0.087,0.162,True,24265,360878,,18919,17,,0.7796826705130847
case_071,1,1,3,ablation,no_localsearch,0.018,0.222,True,24489,524432,,18919,29,,0.7725509412389236
case_071,1,1,3,ablation,no_cache_aware,0.226,0.179,True,21131,407676,,18919,20,,0.8953196725190479
case_071,1,1,3,ablation,no_level,0.227,0.316,True,55466,706204,,18919,221,,0.3410918400461544
case_071,2,2,2,ablation,full,0.083,0.161,True,22080,248356,,18919,10,,0.8568387681159421
case_071,2,2,2,ablation,no_comm,0.015,0.112,True,20053,167812,,18919,4,,0.9434498578766269
case_071,2,2,2,ablation,no_balance,0.013,0.156,True,15874,385830,,18919,22,,1.191823106967368
case_071,2,2,2,ablation,no_sync,0.041,0.127,True,21401,253124,,18919,10,,0.8840241110228494
case_071,2,2,2,ablation,no_localsearch,0.015,0.129,True,24605,344612,,18919,12,,0.7689087583824425
case_071,2,2,2,ablation,no_cache_aware,0.098,0.126,True,22080,248356,,18919,10,,0.8568387681159421
case_071,2,2,2,ablation,no_level,0.08,0.144,True,31993,248356,,18919,221,,0.5913481073984934
case_071,1,1,4,ablation,full,0.227,0.197,True,20428,412900,,18919,30,,0.9261308008615625
case_071,1,1,4,ablation,no_comm,0.067,0.159,True,18778,210928,,18919,7,,1.0075087868782617
case_071,1,1,4,ablation,no_balance,0.016,0.248,True,24131,647396,,18919,48,,0.7840122663793461
case_071,1,1,4,ablation,no_sync,0.087,0.196,True,18960,426148,,18919,30,,0.997837552742616
case_071,1,1,4,ablation,no_localsearch,0.018,0.218,True,22265,594140,,18919,34,,0.8497192903660453
case_071,1,1,4,ablation,no_cache_aware,0.228,0.175,True,20428,412900,,18919,30,,0.9261308008615625
case_071,1,1,4,ablation,no_level,0.2,0.332,True,50099,706204,,18919,221,,0.3776322880696221
case_071,1,1,5,ablation,full,0.216,0.201,True,16465,384780,,18919,26,,1.1490434254479198
case_071,1,1,5,ablation,no_comm,0.169,0.158,True,16666,143050,,18919,5,,1.1351854074162966
case_071,1,1,5,ablation,no_balance,0.016,0.287,True,25805,633058,,18919,52,,0.7331524898275528
case_071,1,1,5,ablation,no_sync,0.112,0.209,True,16829,378730,,18919,26,,1.1241903856438291
case_071,1,1,5,ablation,no_localsearch,0.015,0.23,True,24881,642592,,18919,44,,0.7603794059724288
case_071,1,1,5,ablation,no_cache_aware,0.223,0.22,True,16465,384780,,18919,26,,1.1490434254479198
case_071,1,1,5,ablation,no_level,0.206,0.333,True,49864,706204,,18919,221,,0.3794120006417456
case_071,2,2,3,ablation,full,0.217,0.135,True,16643,247434,,18919,20,,1.1367541909511507
case_071,2,2,3,ablation,no_comm,0.054,0.107,True,15714,156584,,18919,5,,1.2039582537864324
case_071,2,2,3,ablation,no_balance,0.016,0.175,True,16747,493452,,18919,32,,1.1296948707231147
case_071,2,2,3,ablation,no_sync,0.113,0.133,True,17460,236712,,18919,17,,1.0835624284077892
case_071,2,2,3,ablation,no_localsearch,0.016,0.159,True,17494,436136,,18919,29,,1.081456499371213
case_071,2,2,3,ablation,no_cache_aware,0.204,0.133,True,16643,247434,,18919,20,,1.1367541909511507
case_071,2,2,3,ablation,no_level,0.204,0.124,True,25542,247434,,18919,221,,0.7407015895387988
case_071,2,2,4,ablation,full,0.237,0.156,True,14205,198992,,18919,30,,1.3318549806406195
case_071,2,2,4,ablation,no_comm,0.047,0.133,True,14254,198408,,18919,9,,1.3272765539497684
case_071,2,2,4,ablation,no_balance,0.016,0.204,True,16923,675122,,18919,48,,1.117945990663594
case_071,2,2,4,ablation,no_sync,0.091,0.122,True,12042,201424,,18919,30,,1.5710845374522504
case_071,2,2,4,ablation,no_localsearch,0.017,0.159,True,15640,558254,,18919,34,,1.2096547314578006
case_071,2,2,4,ablation,no_cache_aware,0.193,0.118,True,14205,198992,,18919,30,,1.3318549806406195
case_071,2,2,4,ablation,no_level,0.2,0.129,True,22351,198992,,18919,221,,0.8464498232741264
case_071,3,3,3,ablation,full,0.243,0.133,True,18573,233386,0.28600630856862863,18919,16,,1.0186291929144458
case_071,3,3,3,ablation,no_comm,0.029,0.123,True,15968,211304,0.3828863957501679,18919,7,,1.1848071142284569
case_071,3,3,3,ablation,no_balance,0.013,0.172,True,16483,493452,0.25171958274495515,18919,32,,1.147788630710429
case_071,3,3,3,ablation,no_sync,0.09,0.137,True,16541,233546,0.28194061830425465,18919,20,,1.1437639804123088
case_071,3,3,3,ablation,no_localsearch,0.017,0.175,True,16967,436136,0.2740036559008351,18919,29,,1.115046855660989
case_071,3,3,3,ablation,no_cache_aware,0.222,0.139,True,16638,247434,0.18913009404388714,18919,20,,1.1370958047842288
case_071,3,3,3,ablation,no_level,0.196,0.128,True,25573,233386,0.26407943896612973,18919,221,,0.7398036992140148
case_071,3,3,2,ablation,full,0.062,0.141,True,23930,312100,0.2200634760101934,18919,10,,0.7905975762641037
case_071,3,3,2,ablation,no_comm,0.012,0.104,True,20053,167812,0.28052912753804315,18919,4,,0.9434498578766269
case_071,3,3,2,ablation,no_balance,0.012,0.14,True,15872,385830,0.10868535652816763,18919,22,,1.1919732862903225
case_071,3,3,2,ablation,no_sync,0.032,0.151,True,23485,327622,0.238658613055552,18919,11,,0.8055780285288482
case_071,3,3,2,ablation,no_localsearch,0.016,0.983,True,24603,344612,0.20659929595712542,18919,12,,0.7689712636670325
case_071,3,3,2,ablation,no_cache_aware,0.086,0.133,True,22080,248356,0.1170040194660423,18919,10,,0.8568387681159421
case_071,3,3,2,ablation,no_level,0.063,0.148,True,34001,312100,0.2200634760101934,18919,221,,0.5564248110349695
case_071,3,3,4,ablation,full,0.219,0.132,True,11128,228490,0.28251738568527296,18919,24,,1.7001258087706685
case_071,3,3,4,ablation,no_comm,0.085,0.127,True,15239,235596,0.30817654053297894,18919,8,,1.2414856617888312
case_071,3,3,4,ablation,no_balance,0.016,0.221,True,14649,675122,0.3895270323320195,18919,48,,1.2914874735476825
case_071,3,3,4,ablation,no_sync,0.09,0.125,True,12968,232080,0.3221611875530021,18919,28,,1.4588988278840223
case_071,3,3,4,ablation,no_localsearch,0.015,0.163,True,14487,558254,0.39633127231877835,18919,34,,1.3059294539932353
case_071,3,3,4,ablation,no_cache_aware,0.205,0.128,True,14170,198992,0.135998841870018,18919,30,,1.3351446718419195
case_071,3,3,4,ablation,no_level,0.216,0.129,True,21753,228490,0.31796572096744413,18919,221,,0.8697191192019491
case_071,2,2,5,ablation,full,0.212,0.121,True,13171,208526,,18919,26,,1.4364133323210082
case_071,2,2,5,ablation,no_comm,0.124,0.138,True,17643,174248,,18919,7,,1.0723233010259026
case_071,2,2,5,ablation,no_balance,0.013,0.192,True,17497,635830,,18919,52,,1.0812710750414356
case_071,2,2,5,ablation,no_sync,0.109,0.956,True,13629,204462,,18919,26,,1.388142930515812
case_071,2,2,5,ablation,no_localsearch,0.015,0.183,True,17992,670416,,18919,44,,1.0515228990662517
case_071,2,2,5,ablation,no_cache_aware,0.219,0.123,True,13171,208526,,18919,26,,1.4364133323210082
case_071,2,2,5,ablation,no_level,0.213,0.137,True,22357,208526,,18919,221,,0.8462226595697097
case_071,3,3,5,ablation,full,0.218,0.152,True,13928,285968,0.28865721955178225,18919,28,,1.3583429063756463
case_071,3,3,5,ablation,no_comm,0.095,0.128,True,14929,266318,0.3675819803721748,18919,11,,1.267265054591734
case_071,3,3,5,ablation,no_balance,0.015,0.19,True,15848,635830,0.32190933534924876,18919,52,,1.1937783947501261
case_071,3,3,5,ablation,no_sync,0.096,0.144,True,15239,286448,0.27960163835582263,18919,31,,1.2414856617888312
case_071,3,3,5,ablation,no_localsearch,0.02,1.057,True,16034,670416,0.4394602147898614,18919,44,,1.1799301484345766
case_071,3,3,5,ablation,no_cache_aware,0.23,0.15,True,13110,208526,0.14325601750547046,18919,26,,1.4430968726163234
case_071,3,3,5,ablation,no_level,0.234,0.15,True,27794,285968,0.2979794826976299,18919,221,,0.6806864790962078
case_067,1,1,2,ablation,full,0.188,42.123,True,33768704,264024576,,63834834,2,,1.890354868223548
case_067,1,1,2,ablation,no_comm,0.158,37.312,True,33728950,264061056,,63834834,4,,1.8925828998530936
case_067,1,1,2,ablation,no_balance,0.58,40.213,True,33768704,264024576,,63834834,2,,1.890354868223548
case_067,1,1,2,ablation,no_sync,0.208,37.521,True,33768704,264024576,,63834834,2,,1.890354868223548
case_067,1,1,2,ablation,no_localsearch,0.138,44.199,True,33768704,264024576,,63834834,2,,1.890354868223548
case_067,1,1,2,ablation,no_cache_aware,0.198,36.936,True,33768704,264024576,,63834834,2,,1.890354868223548
case_067,1,1,2,ablation,no_level,0.194,3.022,True,33860812,260512000,,63834834,71,,1.885212735004701
case_041,1,1,4,ablation,full,1.106,288.175,True,1496957,38879232,,6003957,4,,4.010774524585543
case_041,1,1,4,ablation,no_comm,1.096,242.119,True,1505901,33610752,,6003957,8,,3.9869533256170224
case_041,1,1,4,ablation,no_balance,0.155,322.933,True,1518985,39048192,,6003957,4,,3.9526111186088078
case_041,1,1,4,ablation,no_sync,0.719,316.54,True,1496957,38879232,,6003957,4,,4.010774524585543
case_041,1,1,4,ablation,no_localsearch,0.274,297.01,True,1496957,38879232,,6003957,4,,4.010774524585543
case_041,1,1,4,ablation,no_cache_aware,0.799,323.942,True,1496957,38879232,,6003957,4,,4.010774524585543
case_041,1,1,4,ablation,no_level,0.715,14.22,True,1564414,64760832,,6003957,494,,3.837831290182778
case_041,1,1,5,ablation,full,0.918,291.411,True,1193573,40452096,,6003957,5,,5.03023861967387
case_041,1,1,5,ablation,no_comm,1.014,224.132,True,1229550,34264064,,6003957,10,,4.883052336220569
case_041,1,1,5,ablation,no_balance,0.511,323.702,True,1231193,40857600,,6003957,5,,4.8765360101949895
case_041,1,1,5,ablation,no_sync,1.332,328.983,True,1193573,40452096,,6003957,5,,5.03023861967387
case_041,1,1,5,ablation,no_localsearch,0.312,309.163,True,1193573,40452096,,6003957,5,,5.03023861967387
case_041,1,1,5,ablation,no_cache_aware,0.976,336.2,True,1193573,40452096,,6003957,5,,5.03023861967387
case_041,1,1,5,ablation,no_level,0.918,13.59,True,1280847,64760832,,6003957,494,,4.687489606486958
case_072,2,2,2,ablation,full,1.316,14.534,True,11929838,105435184,,23897828,2,,2.003198031691629
case_072,2,2,2,ablation,no_comm,0.57,14.564,True,12008843,108687408,,23897828,4,,1.990019188359778
case_072,2,2,2,ablation,no_balance,0.856,13.685,True,12649900,104484912,,23897828,2,,1.8891712977968205
case_072,2,2,2,ablation,no_sync,1.296,14.556,True,11929838,105435184,,23897828,2,,2.003198031691629
case_072,2,2,2,ablation,no_localsearch,0.446,14.759,True,11929838,105435184,,23897828,2,,2.003198031691629
case_072,2,2,2,ablation,no_cache_aware,0.676,13.67,True,11929838,105435184,,23897828,2,,2.003198031691629
case_072,2,2,2,ablation,no_level,1.252,10.744,True,11998454,82710576,,23897828,26,,1.9917422694623823
case_058,1,1,2,ablation,full,0.394,203.632,True,2448313,28782592,,4539717,2,,1.8542224789069044
case_058,1,1,2,ablation,no_comm,0.341,342.001,True,2279073,29286400,,4539717,3,,1.991913817591626
case_058,1,1,2,ablation,no_balance,0.203,204.763,True,2448313,28782592,,4539717,2,,1.8542224789069044
case_058,1,1,2,ablation,no_sync,0.474,176.988,True,2448313,28782592,,4539717,2,,1.8542224789069044
case_058,1,1,2,ablation,no_localsearch,0.253,199.498,True,2448313,28782592,,4539717,2,,1.8542224789069044
case_058,1,1,2,ablation,no_cache_aware,0.465,192.757,True,2448313,28782592,,4539717,2,,1.8542224789069044
case_058,1,1,2,ablation,no_level,0.388,10.842,True,2313507,32440320,,4539717,17,,1.962266377408843
case_072,2,2,3,ablation,full,1.408,12.735,True,8139432,99987504,,23897828,3,,2.93605598031902
case_072,2,2,3,ablation,no_comm,1.3,11.834,True,8033091,109285424,,23897828,6,,2.974923102452095
case_072,2,2,3,ablation,no_balance,0.355,12.694,True,9038010,102477872,,23897828,3,,2.6441471076044394
case_072,2,2,3,ablation,no_sync,0.971,13.271,True,8139432,99987504,,23897828,3,,2.93605598031902
case_072,2,2,3,ablation,no_localsearch,0.462,13.566,True,8139432,99987504,,23897828,3,,2.93605598031902
case_072,2,2,3,ablation,no_cache_aware,0.996,12.943,True,8139432,99987504,,23897828,3,,2.93605598031902
case_072,2,2,3,ablation,no_level,0.933,11.28,True,8195166,84414512,,23897828,26,,2.9160883379299456
case_072,2,2,4,ablation,full,1.687,12.814,True,5983611,122892336,,23897828,4,,3.9938806182420614
case_072,2,2,4,ablation,no_comm,1.656,11.035,True,6038632,110866480,,23897828,8,,3.957490371991537
case_072,2,2,4,ablation,no_balance,0.954,13.803,True,6142382,122138672,,23897828,4,,3.8906450298923123
case_072,2,2,4,ablation,no_sync,1.233,13.137,True,5983611,122892336,,23897828,4,,3.9938806182420614
case_072,2,2,4,ablation,no_localsearch,0.484,13.174,True,5983611,122892336,,23897828,4,,3.9938806182420614
case_072,2,2,4,ablation,no_cache_aware,1.752,13.218,True,5983611,122892336,,23897828,4,,3.9938806182420614
case_072,2,2,4,ablation,no_level,1.127,13.549,True,6013982,124211248,,23897828,474,,3.973711261523563
case_072,2,2,5,ablation,full,2.126,13.288,True,4822195,130109488,,23897828,5,,4.955798759693459
case_072,2,2,5,ablation,no_comm,1.656,11.722,True,4898031,109981744,,23897828,10,,4.8790683439937395
case_072,2,2,5,ablation,no_balance,0.977,12.462,True,4854537,130035760,,23897828,5,,4.922782131437045
case_072,2,2,5,ablation,no_sync,2.058,13.261,True,4822195,130109488,,23897828,5,,4.955798759693459
case_072,2,2,5,ablation,no_localsearch,1.18,12.829,True,4822195,130109488,,23897828,5,,4.955798759693459
case_072,2,2,5,ablation,no_cache_aware,2.299,13.237,True,4822195,130109488,,23897828,5,,4.955798759693459
case_072,2,2,5,ablation,no_level,2.133,13.194,True,4863523,130134064,,23897828,474,,4.913686642378375
case_072,3,3,2,ablation,full,0.718,15.153,True,11918217,105435184,0.07529192721520861,23897828,2,,2.0051512738860184
case_072,3,3,2,ablation,no_comm,0.595,15.231,True,11999669,108687408,0.09256193547436357,23897828,4,,1.9915405999948832
case_072,3,3,2,ablation,no_balance,1.021,14.903,True,12637438,104484912,0.07102034836792959,23897828,2,,1.8910342428584022
case_072,3,3,2,ablation,no_sync,0.716,14.831,True,11918217,105435184,0.07529192721520861,23897828,2,,2.0051512738860184
case_072,3,3,2,ablation,no_localsearch,0.422,14.817,True,11918217,105435184,0.07529192721520861,23897828,2,,2.0051512738860184
case_072,3,3,2,ablation,no_cache_aware,1.374,15.262,True,11918217,105435184,0.07529192721520861,23897828,2,,2.0051512738860184
case_072,3,3,2,ablation,no_level,0.669,11.242,True,11975873,82710576,0.1819113474792466,23897828,26,,1.9954977812473462
case_072,3,3,3,ablation,full,1.105,12.943,True,8120864,99987504,0.11548985506098235,23897828,3,,2.9427691437758345
case_072,3,3,3,ablation,no_comm,1.316,12.577,True,8015693,109285424,0.10690205066783905,23897828,6,,2.9813801501629364
case_072,3,3,3,ablation,no_balance,0.829,13.401,True,9016341,102477872,0.09975740435853635,23897828,3,,2.6505017944640734
case_072,3,3,3,ablation,no_sync,1.042,13.473,True,8120864,99987504,0.11548985506098235,23897828,3,,2.9427691437758345
case_072,3,3,3,ablation,no_localsearch,0.972,13.982,True,8120864,99987504,0.11548985506098235,23897828,3,,2.9427691437758345
case_072,3,3,3,ablation,no_cache_aware,1.093,13.475,True,8120864,99987504,0.11548985506098235,23897828,3,,2.9427691437758345
case_072,3,3,3,ablation,no_level,1.03,10.406,True,8158088,84414512,0.23407547874922266,23897828,26,,2.929341777141899
case_041,1,1,3,ablation,full,0.573,322.356,True,1994174,35017728,,6003957,3,,3.01074881128728
case_041,1,1,3,ablation,no_comm,0.502,223.514,True,2020099,31927296,,6003957,6,,2.9721102777636146
case_041,1,1,3,ablation,no_balance,0.166,371.078,True,2007557,35116032,,6003957,3,,2.9906782223369
case_041,1,1,3,ablation,no_sync,0.551,371.193,True,1994174,35017728,,6003957,3,,3.01074881128728
case_041,1,1,3,ablation,no_localsearch,0.279,356.895,True,1994174,35017728,,6003957,3,,3.01074881128728
case_041,1,1,3,ablation,no_cache_aware,0.586,355.564,True,1994174,35017728,,6003957,3,,3.01074881128728
case_041,1,1,3,ablation,no_level,0.86,12.663,True,2074868,64760832,,6003957,494,,2.8936573314543383
case_073,1,1,2,ablation,full,0.111,7.075,True,5980423,141121024,,10081626,2,,1.6857713910872192
case_073,1,1,2,ablation,no_comm,0.084,5.116,True,5954249,141114880,,10081626,4,,1.6931817933714226
case_073,1,1,2,ablation,no_balance,0.048,5.989,True,5980423,141121024,,10081626,2,,1.6857713910872192
case_073,1,1,2,ablation,no_sync,0.11,5.951,True,5980423,141121024,,10081626,2,,1.6857713910872192
case_073,1,1,2,ablation,no_localsearch,0.067,5.588,True,5980423,141121024,,10081626,2,,1.6857713910872192
case_073,1,1,2,ablation,no_cache_aware,0.111,5.864,True,5980423,141121024,,10081626,2,,1.6857713910872192
case_073,1,1,2,ablation,no_level,0.069,1.003,True,6071178,141420800,,10081626,39,,1.6605716386506868
case_073,1,1,3,ablation,full,0.131,3.609,True,4515227,140671616,,10081626,3,,2.232806013961203
case_073,1,1,3,ablation,no_comm,0.086,3.878,True,4726501,139934976,,10081626,6,,2.1329998660742904
case_073,1,1,3,ablation,no_balance,0.049,4.103,True,4515227,140671616,,10081626,3,,2.232806013961203
case_073,1,1,3,ablation,no_sync,0.169,4.076,True,4515227,140671616,,10081626,3,,2.232806013961203
case_073,1,1,3,ablation,no_localsearch,0.07,3.529,True,4515227,140671616,,10081626,3,,2.232806013961203
case_073,1,1,3,ablation,no_cache_aware,0.14,3.961,True,4515227,140671616,,10081626,3,,2.232806013961203
case_073,1,1,3,ablation,no_level,0.138,1.473,True,4565500,141420800,,10081626,39,,2.208219472127916
case_072,3,3,4,ablation,full,1.249,14.155,True,5968341,122892336,0.15126287471057842,23897828,4,,4.004098961503708
case_072,3,3,4,ablation,no_comm,1.319,12.708,True,6036495,110866480,0.09730699148703008,23897828,8,,3.958891376535556
case_072,3,3,4,ablation,no_balance,0.428,14.44,True,6136264,122138672,0.1522415112117705,23897828,4,,3.894524094791228
case_072,3,3,4,ablation,no_sync,1.213,14.164,True,5968341,122892336,0.15126287471057842,23897828,4,,4.004098961503708
case_072,3,3,4,ablation,no_localsearch,0.496,11.963,True,5968341,122892336,0.15126287471057842,23897828,4,,4.004098961503708
case_072,3,3,4,ablation,no_cache_aware,1.543,12.108,True,5968341,122892336,0.15126287471057842,23897828,4,,4.004098961503708
case_072,3,3,4,ablation,no_level,1.214,12.089,True,5991253,124211248,0.21977845574611424,23897828,474,,3.988786318988699
case_073,1,1,4,ablation,full,0.536,2.751,True,3903787,140222208,,10081626,4,,2.5825246100773427
case_073,1,1,4,ablation,no_comm,0.173,2.778,True,3996080,140138624,,10081626,8,,2.522878921342916
case_073,1,1,4,ablation,no_balance,0.047,2.991,True,3903787,140222208,,10081626,4,,2.5825246100773427
case_073,1,1,4,ablation,no_sync,0.223,2.823,True,3903787,140222208,,10081626,4,,2.5825246100773427
case_073,1,1,4,ablation,no_localsearch,0.062,2.654,True,3903787,140222208,,10081626,4,,2.5825246100773427
case_073,1,1,4,ablation,no_cache_aware,0.584,2.621,True,3903787,140222208,,10081626,4,,2.5825246100773427
case_073,1,1,4,ablation,no_level,0.14,1.527,True,3936556,141420800,,10081626,39,,2.561026948429033
case_073,2,2,2,ablation,full,0.113,1.381,True,5980423,141121024,,10081626,2,,1.6857713910872192
case_073,2,2,2,ablation,no_comm,0.528,0.925,True,5943164,140896000,,10081626,4,,1.6963398620667376
case_073,2,2,2,ablation,no_balance,0.044,1.427,True,5980423,141121024,,10081626,2,,1.6857713910872192
case_073,2,2,2,ablation,no_sync,0.087,1.628,True,5980423,141121024,,10081626,2,,1.6857713910872192
case_073,2,2,2,ablation,no_localsearch,0.07,1.567,True,5980423,141121024,,10081626,2,,1.6857713910872192
case_073,2,2,2,ablation,no_cache_aware,0.081,1.707,True,5980423,141121024,,10081626,2,,1.6857713910872192
case_073,2,2,2,ablation,no_level,0.08,1.804,True,5980423,141121024,,10081626,39,,1.6857713910872192
case_073,2,2,3,ablation,full,0.172,1.053,True,4515227,140671616,,10081626,3,,2.232806013961203
case_073,2,2,3,ablation,no_comm,0.08,1.455,True,4715040,140032768,,10081626,6,,2.1381846177338897
case_073,2,2,3,ablation,no_balance,0.052,1.541,True,4515227,140671616,,10081626,3,,2.232806013961203
case_073,2,2,3,ablation,no_sync,0.166,1.649,True,4515227,140671616,,10081626,3,,2.232806013961203
case_073,2,2,3,ablation,no_localsearch,0.073,1.375,True,4515227,140671616,,10081626,3,,2.232806013961203
case_073,2,2,3,ablation,no_cache_aware,0.165,1.041,True,4515227,140671616,,10081626,3,,2.232806013961203
case_073,2,2,3,ablation,no_level,0.155,1.654,True,4515227,140671616,,10081626,39,,2.232806013961203
case_073,1,1,5,ablation,full,0.259,2.827,True,3517515,139772800,,10081626,5,,2.8661216796516857
case_073,1,1,5,ablation,no_comm,0.229,2.247,True,3552017,138520832,,10081626,10,,2.838282023988061
case_073,1,1,5,ablation,no_balance,0.048,2.86,True,3517515,139772800,,10081626,5,,2.8661216796516857
case_073,1,1,5,ablation,no_sync,0.248,2.314,True,3517515,139772800,,10081626,5,,2.8661216796516857
case_073,1,1,5,ablation,no_localsearch,0.068,2.808,True,3517515,139772800,,10081626,5,,2.8661216796516857
case_073,1,1,5,ablation,no_cache_aware,0.282,2.953,True,3517515,139772800,,10081626,5,,2.8661216796516857
case_073,1,1,5,ablation,no_level,0.234,1.066,True,3539849,141420800,,10081626,39,,2.8480384332778037
case_073,2,2,4,ablation,full,0.181,1.57,True,3903787,140222208,,10081626,4,,2.5825246100773427
case_073,2,2,4,ablation,no_comm,0.168,0.968,True,3986270,139773440,,10081626,8,,2.529087593163534
case_073,2,2,4,ablation,no_balance,0.027,1.399,True,3903787,140222208,,10081626,4,,2.5825246100773427
case_073,2,2,4,ablation,no_sync,0.141,1.331,True,3903787,140222208,,10081626,4,,2.5825246100773427
case_073,2,2,4,ablation,no_localsearch,0.067,1.367,True,3903787,140222208,,10081626,4,,2.5825246100773427
case_073,2,2,4,ablation,no_cache_aware,0.189,1.416,True,3903787,140222208,,10081626,4,,2.5825246100773427
case_073,2,2,4,ablation,no_level,0.188,1.398,True,3903787,140222208,,10081626,39,,2.5825246100773427
case_073,2,2,5,ablation,full,0.256,1.092,True,3517515,139772800,,10081626,5,,2.8661216796516857
case_073,2,2,5,ablation,no_comm,0.239,1.205,True,3414166,138661504,,10081626,10,,2.9528810257029097
case_073,2,2,5,ablation,no_balance,0.05,1.159,True,3517515,139772800,,10081626,5,,2.8661216796516857
case_073,2,2,5,ablation,no_sync,0.282,1.478,True,3517515,139772800,,10081626,5,,2.8661216796516857
case_073,2,2,5,ablation,no_localsearch,0.056,1.006,True,3517515,139772800,,10081626,5,,2.8661216796516857
case_073,2,2,5,ablation,no_cache_aware,0.586,0.948,True,3517515,139772800,,10081626,5,,2.8661216796516857
case_073,2,2,5,ablation,no_level,0.252,1.447,True,3517515,139772800,,10081626,39,,2.8661216796516857
case_073,3,3,2,ablation,full,0.094,1.714,True,5980423,141121024,0.0,10081626,2,,1.6857713910872192
case_073,3,3,2,ablation,no_comm,0.09,1.282,True,5960745,140896000,0.0030614278690920685,10081626,4,,1.691336569505993
case_073,3,3,2,ablation,no_balance,0.053,1.528,True,5980423,141121024,0.0,10081626,2,,1.6857713910872192
case_073,3,3,2,ablation,no_sync,0.118,1.244,True,5980423,141121024,0.0,10081626,2,,1.6857713910872192
case_073,3,3,2,ablation,no_localsearch,0.061,1.454,True,5980423,141121024,0.0,10081626,2,,1.6857713910872192
case_073,3,3,2,ablation,no_cache_aware,0.074,1.401,True,5980423,141121024,0.0,10081626,2,,1.6857713910872192
case_073,3,3,2,ablation,no_level,0.076,1.606,True,5980423,141121024,0.0,10081626,39,,1.6857713910872192
case_073,3,3,3,ablation,full,0.132,1.023,True,4515227,140671616,0.0,10081626,3,,2.232806013961203
case_073,3,3,3,ablation,no_comm,0.124,1.532,True,4702681,140032768,0.004682588417946417,10081626,6,,2.1438039280146794
case_073,3,3,3,ablation,no_balance,0.046,1.712,True,4515227,140671616,0.0,10081626,3,,2.232806013961203
case_073,3,3,3,ablation,no_sync,0.169,1.193,True,4515227,140671616,0.0,10081626,3,,2.232806013961203
case_073,3,3,3,ablation,no_localsearch,0.068,1.827,True,4515227,140671616,0.0,10081626,3,,2.232806013961203
case_073,3,3,3,ablation,no_cache_aware,0.111,1.265,True,4515227,140671616,0.0,10081626,3,,2.232806013961203
case_073,3,3,3,ablation,no_level,0.733,1.131,True,4515227,140671616,0.0,10081626,39,,2.232806013961203
case_073,3,3,4,ablation,full,0.225,1.107,True,3903787,140222208,0.0,10081626,4,,2.5825246100773427
case_073,3,3,4,ablation,no_comm,0.166,1.426,True,3986101,139773440,0.010711654962745369,10081626,8,,2.5291948196997516
case_073,3,3,4,ablation,no_balance,0.052,1.518,True,3903787,140222208,0.0,10081626,4,,2.5825246100773427
case_073,3,3,4,ablation,no_sync,0.151,1.344,True,3903787,140222208,0.0,10081626,4,,2.5825246100773427
case_073,3,3,4,ablation,no_localsearch,0.039,1.302,True,3903787,140222208,0.0,10081626,4,,2.5825246100773427
case_073,3,3,4,ablation,no_cache_aware,0.215,1.187,True,3903787,140222208,0.0,10081626,4,,2.5825246100773427
case_073,3,3,4,ablation,no_level,0.216,1.464,True,3903787,140222208,0.0,10081626,39,,2.5825246100773427
case_073,3,3,5,ablation,full,0.284,1.41,True,3517515,139772800,0.0,10081626,5,,2.8661216796516857
case_073,3,3,5,ablation,no_comm,0.223,1.388,True,3368474,138661504,0.05345664011520634,10081626,10,,2.9929356735423815
case_073,3,3,5,ablation,no_balance,0.051,0.916,True,3517515,139772800,0.0,10081626,5,,2.8661216796516857
case_073,3,3,5,ablation,no_sync,0.256,1.434,True,3517515,139772800,0.0,10081626,5,,2.8661216796516857
case_073,3,3,5,ablation,no_localsearch,0.07,1.221,True,3517515,139772800,0.0,10081626,5,,2.8661216796516857
case_073,3,3,5,ablation,no_cache_aware,0.25,0.927,True,3517515,139772800,0.0,10081626,5,,2.8661216796516857
case_073,3,3,5,ablation,no_level,0.288,1.489,True,3517515,139772800,0.0,10081626,39,,2.8661216796516857
case_072,3,3,5,ablation,full,2.191,14.347,True,4812926,130109488,0.1913366770986354,23897828,5,,4.965342911983272
case_072,3,3,5,ablation,no_comm,1.816,11.599,True,4876325,109981744,0.12023680954313831,23897828,10,,4.900786555449032
case_072,3,3,5,ablation,no_balance,0.398,11.992,True,4842755,130035760,0.13135873376799737,23897828,5,,4.934758830459108
case_072,3,3,5,ablation,no_sync,1.493,11.972,True,4812926,130109488,0.1913366770986354,23897828,5,,4.965342911983272
case_072,3,3,5,ablation,no_localsearch,0.886,11.84,True,4812926,130109488,0.1913366770986354,23897828,5,,4.965342911983272
case_072,3,3,5,ablation,no_cache_aware,2.004,11.64,True,4812926,130109488,0.1913366770986354,23897828,5,,4.965342911983272
case_072,3,3,5,ablation,no_level,2.079,11.553,True,4842893,130134064,0.2154918317005373,23897828,474,,4.934618212708808
case_074,2,2,2,ablation,full,0.492,0.702,True,832592,6168576,,1682239,2,,2.0204842227645714
case_074,2,2,2,ablation,no_comm,0.066,1.3,True,845231,7233576,,1682239,4,,1.990271298615408
case_074,2,2,2,ablation,no_balance,0.055,0.674,True,865200,6336512,,1682239,2,,1.9443354137771613
case_074,2,2,2,ablation,no_sync,0.113,1.236,True,832592,6168576,,1682239,2,,2.0204842227645714
case_074,2,2,2,ablation,no_localsearch,0.066,0.859,True,832592,6168576,,1682239,2,,2.0204842227645714
case_074,2,2,2,ablation,no_cache_aware,0.1,1.275,True,832592,6168576,,1682239,2,,2.0204842227645714
case_074,2,2,2,ablation,no_level,0.111,0.773,True,851500,6311936,,1682239,73,,1.975618320610687
case_074,1,1,3,ablation,full,0.171,4.843,True,548347,7626752,,1682239,3,,3.06783660711192
case_074,1,1,3,ablation,no_comm,0.077,4.036,True,595973,8073248,,1682239,6,,2.8226765306482005
case_074,1,1,3,ablation,no_balance,0.059,4.553,True,558195,7585792,,1682239,3,,3.013712054031297
case_074,1,1,3,ablation,no_sync,0.171,4.753,True,548347,7626752,,1682239,3,,3.06783660711192
case_074,1,1,3,ablation,no_localsearch,0.044,4.663,True,548347,7626752,,1682239,3,,3.06783660711192
case_074,1,1,3,ablation,no_cache_aware,0.192,5.117,True,548347,7626752,,1682239,3,,3.06783660711192
case_074,1,1,3,ablation,no_level,0.155,1.169,True,588435,14401536,,1682239,73,,2.8588357252712706
case_074,1,1,4,ablation,full,0.185,4.589,True,424461,7974912,,1682239,4,,3.96323572719284
case_074,1,1,4,ablation,no_comm,0.124,4.315,True,443105,8667192,,1682239,8,,3.7964793897608917
case_074,1,1,4,ablation,no_balance,0.056,4.406,True,448896,8032256,,1682239,4,,3.747502762332478
case_074,1,1,4,ablation,no_sync,0.221,5.052,True,424461,7974912,,1682239,4,,3.96323572719284
case_074,1,1,4,ablation,no_localsearch,0.063,4.545,True,424461,7974912,,1682239,4,,3.96323572719284
case_074,1,1,4,ablation,no_cache_aware,0.75,4.331,True,424461,7974912,,1682239,4,,3.96323572719284
case_074,1,1,4,ablation,no_level,0.214,1.47,True,441836,14401536,,1682239,73,,3.807383282484904
case_074,1,1,2,ablation,full,0.072,5.595,True,832592,6168576,,1682239,2,,2.0204842227645714
case_074,1,1,2,ablation,no_comm,0.076,5.461,True,849747,7499816,,1682239,4,,1.979693955965717
case_074,1,1,2,ablation,no_balance,0.056,5.72,True,865200,6336512,,1682239,2,,1.9443354137771613
case_074,1,1,2,ablation,no_sync,0.075,4.597,True,832592,6168576,,1682239,2,,2.0204842227645714
case_074,1,1,2,ablation,no_localsearch,0.047,5.418,True,832592,6168576,,1682239,2,,2.0204842227645714
case_074,1,1,2,ablation,no_cache_aware,0.114,4.993,True,832592,6168576,,1682239,2,,2.0204842227645714
case_074,1,1,2,ablation,no_level,0.068,1.034,True,861729,14401536,,1682239,73,,1.9521670966162217
case_074,1,1,5,ablation,full,0.289,4.726,True,345466,8466432,,1682239,5,,4.869477748895695
case_074,1,1,5,ablation,no_comm,0.192,3.71,True,358651,9682976,,1682239,10,,4.6904623157331224
case_074,1,1,5,ablation,no_balance,0.327,4.435,True,363230,8626176,,1682239,5,,4.631332764364177
case_074,1,1,5,ablation,no_sync,0.258,4.63,True,345466,8466432,,1682239,5,,4.869477748895695
case_074,1,1,5,ablation,no_localsearch,0.066,4.445,True,345466,8466432,,1682239,5,,4.869477748895695
case_074,1,1,5,ablation,no_cache_aware,0.267,4.822,True,345466,8466432,,1682239,5,,4.869477748895695
case_074,1,1,5,ablation,no_level,0.263,1.57,True,375054,14401536,,1682239,73,,4.485324779898361
case_074,2,2,3,ablation,full,0.162,1.28,True,548347,7626752,,1682239,3,,3.06783660711192
case_074,2,2,3,ablation,no_comm,0.117,1.412,True,568008,8032280,,1682239,6,,2.961646666948353
case_074,2,2,3,ablation,no_balance,0.056,0.658,True,558195,7585792,,1682239,3,,3.013712054031297
case_074,2,2,3,ablation,no_sync,0.14,1.026,True,548347,7626752,,1682239,3,,3.06783660711192
case_074,2,2,3,ablation,no_localsearch,0.078,0.813,True,548347,7626752,,1682239,3,,3.06783660711192
case_074,2,2,3,ablation,no_cache_aware,0.156,1.141,True,548347,7626752,,1682239,3,,3.06783660711192
case_074,2,2,3,ablation,no_level,0.132,0.695,True,562419,7585792,,1682239,73,,2.991077826318101
case_074,2,2,4,ablation,full,0.173,1.343,True,424461,7974912,,1682239,4,,3.96323572719284
case_074,2,2,4,ablation,no_comm,0.17,0.85,True,432046,8642616,,1682239,8,,3.893657156876814
case_074,2,2,4,ablation,no_balance,0.034,0.65,True,448896,8032256,,1682239,4,,3.747502762332478
case_074,2,2,4,ablation,no_sync,0.222,1.363,True,424461,7974912,,1682239,4,,3.96323572719284
case_074,2,2,4,ablation,no_localsearch,0.045,0.8,True,424461,7974912,,1682239,4,,3.96323572719284
case_074,2,2,4,ablation,no_cache_aware,0.216,1.321,True,424461,7974912,,1682239,4,,3.96323572719284
case_074,2,2,4,ablation,no_level,0.217,0.876,True,422006,7933952,,1682239,73,,3.9862916640995625
case_074,2,2,5,ablation,full,0.253,0.967,True,345466,8466432,,1682239,5,,4.869477748895695
case_074,2,2,5,ablation,no_comm,0.146,1.194,True,350422,9379864,,1682239,10,,4.800608980029793
case_074,2,2,5,ablation,no_balance,0.032,0.74,True,363230,8626176,,1682239,5,,4.631332764364177
case_074,2,2,5,ablation,no_sync,0.254,1.204,True,345466,8466432,,1682239,5,,4.869477748895695
case_074,2,2,5,ablation,no_localsearch,0.061,0.777,True,345466,8466432,,1682239,5,,4.869477748895695
case_074,2,2,5,ablation,no_cache_aware,0.27,1.423,True,345466,8466432,,1682239,5,,4.869477748895695
case_074,2,2,5,ablation,no_level,0.266,0.841,True,348369,8425472,,1682239,73,,4.828899815999701
case_062,1,1,3,ablation,full,0.822,229.376,True,957964,198144,,2854809,9,,2.9800796272093732
case_062,1,1,3,ablation,no_comm,1.062,237.455,True,957964,198144,,2854809,9,,2.9800796272093732
case_062,1,1,3,ablation,no_balance,0.764,150.813,True,958261,304128,,2854809,12,,2.979155991947914
case_062,1,1,3,ablation,no_sync,1.236,229.66,True,957964,198144,,2854809,9,,2.9800796272093732
case_062,1,1,3,ablation,no_localsearch,0.431,235.482,True,957964,198144,,2854809,9,,2.9800796272093732
case_062,1,1,3,ablation,no_cache_aware,0.802,170.977,True,957964,198144,,2854809,9,,2.9800796272093732
case_062,1,1,3,ablation,no_level,0.697,13.598,True,2861945,172032,,2854809,9,,0.997506590797517
case_074,3,3,2,ablation,full,0.097,0.931,True,832171,6168576,0.29448034371055853,1682239,2,,2.0215063971227067
case_074,3,3,2,ablation,no_comm,0.072,0.721,True,843249,7233576,0.17966029003972808,1682239,4,,1.9949492973012717
case_074,3,3,2,ablation,no_balance,0.038,1.055,True,859638,6336512,0.37140454588962696,1682239,2,,1.9569155853975744
case_074,3,3,2,ablation,no_sync,0.118,0.828,True,832171,6168576,0.29448034371055853,1682239,2,,2.0215063971227067
case_074,3,3,2,ablation,no_localsearch,0.074,1.453,True,832171,6168576,0.29448034371055853,1682239,2,,2.0215063971227067
case_074,3,3,2,ablation,no_cache_aware,0.115,0.8,True,832171,6168576,0.29448034371055853,1682239,2,,2.0215063971227067
case_074,3,3,2,ablation,no_level,0.109,1.485,True,850779,6311936,0.31222012610036487,1682239,73,,1.9772925753926696
case_074,3,3,3,ablation,full,0.12,1.186,True,547411,7626752,0.3056746440149543,1682239,3,,3.073082199663507
case_074,3,3,3,ablation,no_comm,0.121,0.78,True,568018,8032280,0.1690539090883335,1682239,6,,2.9615945269340056
case_074,3,3,3,ablation,no_balance,0.051,1.016,True,557263,7585792,0.30677656902705147,1682239,3,,3.01875236647687
case_074,3,3,3,ablation,no_sync,0.154,0.944,True,547411,7626752,0.3056746440149543,1682239,3,,3.073082199663507
case_074,3,3,3,ablation,no_localsearch,0.073,1.284,True,547411,7626752,0.3056746440149543,1682239,3,,3.073082199663507
case_074,3,3,3,ablation,no_cache_aware,0.154,1.532,True,547411,7626752,0.3056746440149543,1682239,3,,3.073082199663507
case_074,3,3,3,ablation,no_level,0.147,0.817,True,561898,7585792,0.2808213246440342,1682239,73,,2.993851197192373
case_074,3,3,4,ablation,full,0.227,1.185,True,420338,7974912,0.3102119840891097,1682239,4,,4.002110206548064
case_074,3,3,4,ablation,no_comm,0.117,0.956,True,431621,8642616,0.1602190753487744,1682239,8,,3.8974910859295537
case_074,3,3,4,ablation,no_balance,0.062,1.468,True,447724,8032256,0.3146022048656628,1682239,4,,3.757312540761719
case_074,3,3,4,ablation,no_sync,0.226,0.831,True,420338,7974912,0.3102119840891097,1682239,4,,4.002110206548064
case_074,3,3,4,ablation,no_localsearch,0.081,1.525,True,420338,7974912,0.3102119840891097,1682239,4,,4.002110206548064
case_074,3,3,4,ablation,no_cache_aware,0.208,0.926,True,420338,7974912,0.3102119840891097,1682239,4,,4.002110206548064
case_074,3,3,4,ablation,no_level,0.22,1.452,True,416419,7933952,0.3151445097761938,1682239,73,,4.039774842166183
case_074,3,3,5,ablation,full,0.268,0.817,True,341558,8466432,0.35429840215215785,1682239,5,,4.9251927930249035
case_074,3,3,5,ablation,no_comm,0.217,1.654,True,345773,9379864,0.165029314377715,1682239,10,,4.865154306438039
case_074,3,3,5,ablation,no_balance,0.057,0.953,True,355516,8626176,0.3114260816505293,1682239,5,,4.73182360287582
case_074,3,3,5,ablation,no_sync,0.272,1.569,True,341558,8466432,0.35429840215215785,1682239,5,,4.9251927930249035
case_074,3,3,5,ablation,no_localsearch,0.069,0.9,True,341558,8466432,0.35429840215215785,1682239,5,,4.9251927930249035
case_074,3,3,5,ablation,no_cache_aware,0.309,2.001,True,341558,8466432,0.35429840215215785,1682239,5,,4.9251927930249035
case_074,3,3,5,ablation,no_level,0.276,1.391,True,344476,8425472,0.35011680044792626,1682239,73,,4.883472288345197
case_075,1,1,2,ablation,full,0.31,1.819,True,1469636,3448794,,1441809,34,,0.9810653794545043
case_075,1,1,2,ablation,no_comm,0.168,3.169,True,1450262,999610,,1441809,8,,0.9941713979956726
case_075,1,1,2,ablation,no_balance,0.154,3.237,True,1385184,3743012,,1441809,37,,1.0408790456719108
case_075,1,1,2,ablation,no_sync,0.302,2.444,True,1469636,3448794,,1441809,34,,0.9810653794545043
case_075,1,1,2,ablation,no_localsearch,0.19,1.939,True,1469636,3448794,,1441809,34,,0.9810653794545043
case_075,1,1,2,ablation,no_cache_aware,0.857,2.016,True,1469636,3448794,,1441809,34,,0.9810653794545043
case_075,1,1,2,ablation,no_level,0.347,5.725,True,921415,6135050,,1441809,430,,1.5647770005914816
case_075,1,1,3,ablation,full,0.431,2.333,True,773946,4583142,,1441809,88,,1.8629322976021583
case_075,1,1,3,ablation,no_comm,0.211,2.786,True,1457294,1552298,,1441809,13,,0.9893741413880796
case_075,1,1,3,ablation,no_balance,0.148,3.462,True,1018495,4879706,,1441809,84,,1.41562697902297
case_075,1,1,3,ablation,no_sync,0.34,2.899,True,773946,4583142,,1441809,88,,1.8629322976021583
case_075,1,1,3,ablation,no_localsearch,0.188,2.532,True,773946,4583142,,1441809,88,,1.8629322976021583
case_075,1,1,3,ablation,no_cache_aware,0.401,3.176,True,773946,4583142,,1441809,88,,1.8629322976021583
case_075,1,1,3,ablation,no_level,0.397,5.298,True,826251,6135050,,1441809,430,,1.7450012163374085
case_075,2,2,2,ablation,full,0.265,3.054,True,1368841,1889414,,1441809,34,,1.0533064103135426
case_075,2,2,2,ablation,no_comm,0.145,3.753,True,1448119,980774,,1441809,8,,0.995642623292699
case_075,2,2,2,ablation,no_balance,0.148,2.941,True,1365062,2310790,,1441809,37,,1.0562223547355358
case_075,2,2,2,ablation,no_sync,0.233,3.12,True,1368841,1889414,,1441809,34,,1.0533064103135426
case_075,2,2,2,ablation,no_localsearch,0.201,3.082,True,1368841,1889414,,1441809,34,,1.0533064103135426
case_075,2,2,2,ablation,no_cache_aware,0.275,3.033,True,1368841,1889414,,1441809,34,,1.0533064103135426
case_075,2,2,2,ablation,no_level,0.284,3.171,True,773181,1889414,,1441809,430,,1.8647755182809718
case_075,1,1,4,ablation,full,0.507,3.173,True,558369,5627282,,1441809,120,,2.5821795264421916
case_075,1,1,4,ablation,no_comm,0.28,3.292,True,1458792,1906072,,1441809,20,,0.9883581758057352
case_075,1,1,4,ablation,no_balance,0.152,2.885,True,485802,5361754,,1441809,124,,2.967894327318537
case_075,1,1,4,ablation,no_sync,0.4,3.36,True,558369,5627282,,1441809,120,,2.5821795264421916
case_075,1,1,4,ablation,no_localsearch,0.183,3.109,True,558369,5627282,,1441809,120,,2.5821795264421916
case_075,1,1,4,ablation,no_cache_aware,0.586,3.662,True,558369,5627282,,1441809,120,,2.5821795264421916
case_075,1,1,4,ablation,no_level,0.545,5.626,True,577467,6135050,,1441809,430,,2.496781634275205
case_075,1,1,5,ablation,full,1.196,2.915,True,505445,5850490,,1441809,139,,2.852553690312497
case_075,1,1,5,ablation,no_comm,0.434,3.252,True,1443816,2420174,,1441809,28,,0.9986099336757592
case_075,1,1,5,ablation,no_balance,0.147,2.968,True,474042,5634088,,1441809,136,,3.041521637323275
case_075,1,1,5,ablation,no_sync,1.007,3.219,True,505445,5850490,,1441809,139,,2.852553690312497
case_075,1,1,5,ablation,no_localsearch,0.228,3.705,True,505445,5850490,,1441809,139,,2.852553690312497
case_075,1,1,5,ablation,no_cache_aware,0.776,3.06,True,505445,5850490,,1441809,139,,2.852553690312497
case_075,1,1,5,ablation,no_level,0.794,5.872,True,554210,6135050,,1441809,430,,2.6015571714692984
case_075,2,2,3,ablation,full,0.442,3.121,True,712555,3590924,,1441809,88,,2.0234353839352752
case_075,2,2,3,ablation,no_comm,0.21,2.547,True,1454497,1522060,,1441809,13,,0.991276709405382
case_075,2,2,3,ablation,no_balance,0.175,3.069,True,938461,3412236,,1441809,84,,1.5363547339740278
case_075,2,2,3,ablation,no_sync,0.316,3.236,True,712555,3590924,,1441809,88,,2.0234353839352752
case_075,2,2,3,ablation,no_localsearch,0.181,3.017,True,712555,3590924,,1441809,88,,2.0234353839352752
case_075,2,2,3,ablation,no_cache_aware,0.447,3.335,True,712555,3590924,,1441809,88,,2.0234353839352752
case_075,2,2,3,ablation,no_level,0.506,3.585,True,731225,3590924,,1441809,430,,1.9717720263940648
case_075,2,2,4,ablation,full,0.564,2.957,True,478934,5287824,,1441809,120,,3.010454467630195
case_075,2,2,4,ablation,no_comm,0.312,2.633,True,1452347,1867986,,1441809,20,,0.992744158248683
case_075,2,2,4,ablation,no_balance,0.161,4.165,True,441803,5737362,,1441809,124,,3.2634658433736305
case_075,2,2,4,ablation,no_sync,0.366,2.952,True,478934,5287824,,1441809,120,,3.010454467630195
case_075,2,2,4,ablation,no_localsearch,0.179,2.941,True,478934,5287824,,1441809,120,,3.010454467630195
case_075,2,2,4,ablation,no_cache_aware,0.503,2.388,True,478934,5287824,,1441809,120,,3.010454467630195
case_075,2,2,4,ablation,no_level,0.468,3.027,True,486860,5287824,,1441809,430,,2.9614447685166168
case_075,2,2,5,ablation,full,0.719,2.885,True,462773,6507544,,1441809,139,,3.115585827176607
case_075,2,2,5,ablation,no_comm,0.409,3.218,True,1434792,2190104,,1441809,28,,1.004890604352408
case_075,2,2,5,ablation,no_balance,0.181,2.918,True,428226,6560792,,1441809,136,,3.366934749408023
case_075,2,2,5,ablation,no_sync,0.477,2.894,True,462773,6507544,,1441809,139,,3.115585827176607
case_075,2,2,5,ablation,no_localsearch,0.695,2.564,True,462773,6507544,,1441809,139,,3.115585827176607
case_075,2,2,5,ablation,no_cache_aware,0.638,2.174,True,462773,6507544,,1441809,139,,3.115585827176607
case_075,2,2,5,ablation,no_level,0.613,3.532,True,466120,6507544,,1441809,430,,3.0932141937698447
case_075,3,3,2,ablation,full,0.354,3.621,True,1368841,1889414,0.21434587763844445,1441809,34,,1.0533064103135426
case_075,3,3,2,ablation,no_comm,0.2,2.916,True,1448118,980774,0.09940898403500026,1441809,8,,0.9956433108351668
case_075,3,3,2,ablation,no_balance,0.158,3.856,True,1365057,2310790,0.19948315450890017,1441809,37,,1.0562262235203366
case_075,3,3,2,ablation,no_sync,0.249,2.825,True,1368841,1889414,0.21434587763844445,1441809,34,,1.0533064103135426
case_075,3,3,2,ablation,no_localsearch,0.155,2.384,True,1368841,1889414,0.21434587763844445,1441809,34,,1.0533064103135426
case_075,3,3,2,ablation,no_cache_aware,0.178,3.187,True,1368841,1889414,0.21434587763844445,1441809,34,,1.0533064103135426
case_075,3,3,2,ablation,no_level,0.317,3.693,True,773181,1889414,0.2130230220790277,1441809,430,,1.8647755182809718
case_075,3,3,3,ablation,full,0.455,3.523,True,712416,3590924,0.3457297553258252,1441809,88,,2.023830177873602
case_075,3,3,3,ablation,no_comm,0.281,2.622,True,1454490,1522060,0.12381994452785058,1441809,13,,0.991281480106429
case_075,3,3,3,ablation,no_balance,0.154,2.886,True,938390,3412236,0.305889606823756,1441809,84,,1.536470976885943
case_075,3,3,3,ablation,no_sync,0.317,2.592,True,712416,3590924,0.3457297553258252,1441809,88,,2.023830177873602
case_075,3,3,3,ablation,no_localsearch,0.159,2.453,True,712416,3590924,0.3457297553258252,1441809,88,,2.023830177873602
case_075,3,3,3,ablation,no_cache_aware,0.39,3.503,True,712416,3590924,0.3457297553258252,1441809,88,,2.023830177873602
case_075,3,3,3,ablation,no_level,0.399,3.621,True,730235,3590924,0.2210190852493624,1441809,430,,1.9744452128424412
case_075,3,3,4,ablation,full,0.679,3.093,True,478127,5287824,0.31812144927482955,1441809,120,,3.0155356212889046
case_075,3,3,4,ablation,no_comm,0.377,2.369,True,1452316,1867986,0.14763556600543046,1441809,20,,0.9927653485880483
case_075,3,3,4,ablation,no_balance,0.145,2.826,True,440883,5737362,0.3128806944853257,1441809,124,,3.2702757874538144
case_075,3,3,4,ablation,no_sync,0.773,2.46,True,478127,5287824,0.31812144927482955,1441809,120,,3.0155356212889046
case_075,3,3,4,ablation,no_localsearch,0.163,2.953,True,478127,5287824,0.31812144927482955,1441809,120,,3.0155356212889046
case_075,3,3,4,ablation,no_cache_aware,0.56,3.561,True,478127,5287824,0.31812144927482955,1441809,120,,3.0155356212889046
case_075,3,3,4,ablation,no_level,0.649,2.982,True,486090,5287824,0.48724982952843243,1441809,430,,2.966135900759119
case_075,3,3,5,ablation,full,0.679,3.185,True,459750,6507544,0.47172244262994295,1441809,139,,3.136071778140294
case_075,3,3,5,ablation,no_comm,0.36,2.377,True,1434729,2190104,0.18573547538493448,1441809,28,,1.0049347298339966
case_075,3,3,5,ablation,no_balance,0.142,1.798,True,423428,6560792,0.4258022156236099,1441809,136,,3.4050865790642093
case_075,3,3,5,ablation,no_sync,0.464,2.238,True,459750,6507544,0.47172244262994295,1441809,139,,3.136071778140294
case_075,3,3,5,ablation,no_localsearch,0.11,3.05,True,459750,6507544,0.47172244262994295,1441809,139,,3.136071778140294
case_075,3,3,5,ablation,no_cache_aware,0.729,3.788,True,459750,6507544,0.47172244262994295,1441809,139,,3.136071778140294
case_075,3,3,5,ablation,no_level,0.776,3.099,True,465387,6507544,0.4539675533885337,1441809,430,,3.098086108980268
case_041,1,1,2,ablation,full,0.437,369.638,True,2986534,33595392,,6003957,2,,2.010342758528783
case_041,1,1,2,ablation,no_comm,0.706,297.996,True,3005770,31297536,,6003957,4,,1.9974771855464657
case_041,1,1,2,ablation,no_balance,0.231,406.492,True,2990368,33546240,,6003957,2,,2.0077652650108617
case_041,1,1,2,ablation,no_sync,0.417,398.168,True,2986534,33595392,,6003957,2,,2.010342758528783
case_041,1,1,2,ablation,no_localsearch,0.278,412.97,True,2986534,33595392,,6003957,2,,2.010342758528783
case_041,1,1,2,ablation,no_cache_aware,0.852,364.08,True,2986534,33595392,,6003957,2,,2.010342758528783
case_041,1,1,2,ablation,no_level,0.455,15.302,True,3103181,64760832,,6003957,494,,1.9347749937886318
case_076,2,2,3,ablation,full,1.166,16.132,True,2057281,30393344,,6185113,3,,3.0064502612914814
case_076,2,2,3,ablation,no_comm,1.126,15.55,True,2067521,30628864,,6185113,6,,2.991559940624545
case_076,2,2,3,ablation,no_balance,0.427,16.336,True,2104014,30473216,,6185113,3,,2.939672929932976
case_076,2,2,3,ablation,no_sync,1.084,16.067,True,2057281,30393344,,6185113,3,,3.0064502612914814
case_076,2,2,3,ablation,no_localsearch,0.738,15.42,True,2057281,30393344,,6185113,3,,3.0064502612914814
case_076,2,2,3,ablation,no_cache_aware,1.261,15.388,True,2057281,30393344,,6185113,3,,3.0064502612914814
case_076,2,2,3,ablation,no_level,0.993,20.435,True,2098652,24473600,,6185113,391,,2.9471837160234284
case_076,2,2,2,ablation,full,1.541,15.33,True,3072558,28930048,,6185113,2,,2.0130174922654023
case_076,2,2,2,ablation,no_comm,0.735,16.291,True,3103519,28954624,,6185113,4,,1.9929354387712788
case_076,2,2,2,ablation,no_balance,0.401,16.357,True,3113637,28880896,,6185113,2,,1.9864592436433663
case_076,2,2,2,ablation,no_sync,0.88,16.069,True,3072558,28930048,,6185113,2,,2.0130174922654023
case_076,2,2,2,ablation,no_localsearch,0.674,15.956,True,3072558,28930048,,6185113,2,,2.0130174922654023
case_076,2,2,2,ablation,no_cache_aware,0.867,15.859,True,3072558,28930048,,6185113,2,,2.0130174922654023
case_076,2,2,2,ablation,no_level,0.793,22.304,True,3102354,21460992,,6185113,391,,1.9936838284734753
case_076,2,2,4,ablation,full,2.337,14.945,True,1533331,32051200,,6185113,4,,4.033775486180088
case_076,2,2,4,ablation,no_comm,2.136,15.089,True,1554837,30449856,,6185113,8,,3.977981614793062
case_076,2,2,4,ablation,no_balance,0.37,13.785,True,1605389,32177152,,6185113,4,,3.8527191851943674
case_076,2,2,4,ablation,no_sync,1.973,13.263,True,1533331,32051200,,6185113,4,,4.033775486180088
case_076,2,2,4,ablation,no_localsearch,0.458,12.052,True,1533331,32051200,,6185113,4,,4.033775486180088
case_076,2,2,4,ablation,no_cache_aware,1.918,13.0,True,1533331,32051200,,6185113,4,,4.033775486180088
case_076,2,2,4,ablation,no_level,1.393,16.633,True,1576856,26880000,,6185113,391,,3.9224336274206397
case_076,2,2,5,ablation,full,1.968,15.67,True,1235977,34179072,,6185113,5,,5.004229852173625
case_076,2,2,5,ablation,no_comm,1.959,14.45,True,1247111,31323328,,6185113,10,,4.959552918705713
case_076,2,2,5,ablation,no_balance,0.414,13.113,True,1298655,34341888,,6185113,5,,4.762706800497438
case_076,2,2,5,ablation,no_sync,1.857,12.978,True,1235977,34179072,,6185113,5,,5.004229852173625
case_076,2,2,5,ablation,no_localsearch,0.504,13.132,True,1235977,34179072,,6185113,5,,5.004229852173625
case_076,2,2,5,ablation,no_cache_aware,1.86,12.356,True,1235977,34179072,,6185113,5,,5.004229852173625
case_076,2,2,5,ablation,no_level,1.808,15.827,True,1265231,28889088,,6185113,391,,4.888524704184453
case_076,3,3,2,ablation,full,0.879,15.351,True,3070431,28930048,0.24308318682335522,6185113,2,,2.014411983203661
case_076,3,3,2,ablation,no_comm,1.366,14.692,True,3102402,28954624,0.13752352741522417,6185113,4,,1.9936529824310325
case_076,3,3,2,ablation,no_balance,0.372,13.66,True,3112390,28880896,0.24483365767769438,6185113,2,,1.9872551319082763
case_076,3,3,2,ablation,no_sync,0.762,13.503,True,3070431,28930048,0.24308318682335522,6185113,2,,2.014411983203661
case_076,3,3,2,ablation,no_localsearch,0.502,13.613,True,3070431,28930048,0.24308318682335522,6185113,2,,2.014411983203661
case_076,3,3,2,ablation,no_cache_aware,0.826,13.051,True,3070431,28930048,0.24308318682335522,6185113,2,,2.014411983203661
case_076,3,3,2,ablation,no_level,1.154,19.253,True,3101573,21460992,0.32789429697138534,6185113,391,,1.9941858534363048
case_062,1,1,2,ablation,full,0.632,270.884,True,1430439,81408,,2854809,5,,1.9957572465515832
case_062,1,1,2,ablation,no_comm,0.42,275.492,True,1430439,81408,,2854809,5,,1.9957572465515832
case_062,1,1,2,ablation,no_balance,0.347,292.858,True,1430411,179712,,2854809,5,,1.995796313087637
case_062,1,1,2,ablation,no_sync,1.467,265.489,True,1430439,81408,,2854809,5,,1.9957572465515832
case_062,1,1,2,ablation,no_localsearch,0.477,212.017,True,1430439,81408,,2854809,5,,1.9957572465515832
case_062,1,1,2,ablation,no_cache_aware,1.605,252.477,True,1430439,81408,,2854809,5,,1.9957572465515832
case_062,1,1,2,ablation,no_level,0.591,24.355,True,2858018,112128,,2854809,6,,0.9988771939155037
case_077,1,1,2,ablation,full,0.242,1.064,True,301701,764334,,495320,13,,1.641757899377198
case_077,1,1,2,ablation,no_comm,0.091,2.685,True,321546,178134,,495320,4,,1.54043278411176
case_077,1,1,2,ablation,no_balance,0.087,2.059,True,293238,913602,,495320,20,,1.6891398795517634
case_077,1,1,2,ablation,no_sync,0.144,1.422,True,323904,843440,,495320,14,,1.5292185338865836
case_077,1,1,2,ablation,no_localsearch,0.11,1.31,True,323904,843440,,495320,14,,1.5292185338865836
case_077,1,1,2,ablation,no_cache_aware,0.26,1.355,True,301701,764334,,495320,13,,1.641757899377198
case_077,1,1,2,ablation,no_level,0.228,2.984,True,333340,2622740,,495320,262,,1.4859302813943722
case_077,1,1,3,ablation,full,0.233,1.474,True,209395,1192950,,495320,28,,2.36548150624418
case_077,1,1,3,ablation,no_comm,0.127,2.95,True,267776,532666,,495320,5,,1.8497550191204588
case_077,1,1,3,ablation,no_balance,0.09,2.233,True,206521,1242812,,495320,30,,2.398400162695319
case_077,1,1,3,ablation,no_sync,0.185,1.5,True,209395,1192950,,495320,28,,2.36548150624418
case_077,1,1,3,ablation,no_localsearch,0.105,1.475,True,209395,1192950,,495320,28,,2.36548150624418
case_077,1,1,3,ablation,no_cache_aware,0.258,2.419,True,209395,1192950,,495320,28,,2.36548150624418
case_077,1,1,3,ablation,no_level,0.26,2.116,True,250505,2622740,,495320,262,,1.977285882517315
case_077,1,1,4,ablation,full,0.322,1.639,True,166172,1353166,,495320,38,,2.9807669162073034
case_077,1,1,4,ablation,no_comm,0.239,2.785,True,237040,721230,,495320,9,,2.089605129935876
case_077,1,1,4,ablation,no_balance,0.084,1.514,True,177733,1444200,,495320,38,,2.786876944630429
case_077,1,1,4,ablation,no_sync,0.221,1.48,True,166172,1353166,,495320,38,,2.9807669162073034
case_077,1,1,4,ablation,no_localsearch,0.095,1.463,True,166172,1353166,,495320,38,,2.9807669162073034
case_077,1,1,4,ablation,no_cache_aware,0.303,2.275,True,166172,1353166,,495320,38,,2.9807669162073034
case_077,1,1,4,ablation,no_level,0.282,2.159,True,214594,2622740,,495320,262,,2.308172642291956
case_076,3,3,3,ablation,full,1.023,13.13,True,2053973,30393344,0.2961595273264402,6185113,3,,3.0112922613880513
case_076,3,3,3,ablation,no_comm,1.371,12.838,True,2063573,30628864,0.23890654425612054,6185113,6,,2.9972833527091116
case_076,3,3,3,ablation,no_balance,0.366,12.42,True,2100469,30473216,0.31395897194058003,6185113,3,,2.9446342697749883
case_076,3,3,3,ablation,no_sync,0.972,12.503,True,2053973,30393344,0.2961595273264402,6185113,3,,3.0112922613880513
case_076,3,3,3,ablation,no_localsearch,1.108,13.815,True,2053973,30393344,0.2961595273264402,6185113,3,,3.0112922613880513
case_076,3,3,3,ablation,no_cache_aware,1.864,13.027,True,2053973,30393344,0.2961595273264402,6185113,3,,3.0112922613880513
case_076,3,3,3,ablation,no_level,1.055,18.612,True,2088917,24473600,0.3927108197655777,6185113,391,,2.960918504660549
case_077,1,1,5,ablation,full,0.444,1.829,True,159071,1445956,,495320,45,,3.1138296735420035
case_077,1,1,5,ablation,no_comm,0.393,3.107,True,190790,1061076,,495320,11,,2.596152838199067
case_077,1,1,5,ablation,no_balance,0.079,1.595,True,146257,1653806,,495320,48,,3.386641323150345
case_077,1,1,5,ablation,no_sync,0.274,1.559,True,159071,1445956,,495320,45,,3.1138296735420035
case_077,1,1,5,ablation,no_localsearch,0.098,1.541,True,159071,1445956,,495320,45,,3.1138296735420035
case_077,1,1,5,ablation,no_cache_aware,0.357,2.32,True,159071,1445956,,495320,45,,3.1138296735420035
case_077,1,1,5,ablation,no_level,0.357,2.005,True,207585,2622740,,495320,262,,2.3861068959703253
case_077,2,2,2,ablation,full,0.219,0.9,True,299949,643146,,495320,13,,1.6513473957239397
case_077,2,2,2,ablation,no_comm,0.086,0.768,True,321137,174966,,495320,4,,1.5423946789065104
case_077,2,2,2,ablation,no_balance,0.07,1.374,True,287383,653036,,495320,20,,1.723553585285142
case_077,2,2,2,ablation,no_sync,0.151,1.402,True,318976,646890,,495320,14,,1.5528441011235956
case_077,2,2,2,ablation,no_localsearch,0.097,1.358,True,318976,646890,,495320,14,,1.5528441011235956
case_077,2,2,2,ablation,no_cache_aware,0.22,1.544,True,299949,643146,,495320,13,,1.6513473957239397
case_077,2,2,2,ablation,no_level,0.21,0.916,True,290288,643146,,495320,262,,1.7063054621617153
case_077,2,2,3,ablation,full,0.222,0.882,True,205705,924852,,495320,28,,2.4079142461291654
case_077,2,2,3,ablation,no_comm,0.119,1.6,True,256748,532378,,495320,5,,1.9292068487388412
case_077,2,2,3,ablation,no_balance,0.083,0.918,True,201017,1016920,,495320,30,,2.464070203017655
case_077,2,2,3,ablation,no_sync,0.869,0.893,True,205705,924852,,495320,28,,2.4079142461291654
case_077,2,2,3,ablation,no_localsearch,0.098,1.771,True,205705,924852,,495320,28,,2.4079142461291654
case_077,2,2,3,ablation,no_cache_aware,0.222,0.859,True,205705,924852,,495320,28,,2.4079142461291654
case_077,2,2,3,ablation,no_level,0.221,0.926,True,212956,924852,,495320,262,,2.3259264824658614
case_076,3,3,4,ablation,full,2.273,12.724,True,1529902,32051200,0.3453720149990132,6185113,4,,4.042816467982917
case_076,3,3,4,ablation,no_comm,1.208,13.299,True,1548668,30449856,0.18632568671031668,6185113,8,,3.9938275989430916
case_076,3,3,4,ablation,no_balance,0.337,13.147,True,1603264,32177152,0.3803382782647786,6185113,4,,3.8578256606522694
case_076,3,3,4,ablation,no_sync,2.35,14.612,True,1529902,32051200,0.3453720149990132,6185113,4,,4.042816467982917
case_076,3,3,4,ablation,no_localsearch,0.508,13.901,True,1529902,32051200,0.3453720149990132,6185113,4,,4.042816467982917
case_076,3,3,4,ablation,no_cache_aware,1.397,14.786,True,1529902,32051200,0.3453720149990132,6185113,4,,4.042816467982917
case_076,3,3,4,ablation,no_level,1.387,16.245,True,1564368,26880000,0.4163844965317729,6185113,391,,3.9537455381342497
case_076,3,3,5,ablation,full,1.971,13.992,True,1230166,34179072,0.38748768210509493,6185113,5,,5.027868596595907
case_076,3,3,5,ablation,no_comm,1.741,12.284,True,1241503,31323328,0.2117739881037818,6185113,10,,4.981955742354227
case_076,3,3,5,ablation,no_balance,0.379,13.233,True,1292740,34341888,0.3674746724659205,6185113,5,,4.784498816467348
case_076,3,3,5,ablation,no_sync,1.941,14.337,True,1230166,34179072,0.38748768210509493,6185113,5,,5.027868596595907
case_076,3,3,5,ablation,no_localsearch,1.164,12.776,True,1230166,34179072,0.38748768210509493,6185113,5,,5.027868596595907
case_076,3,3,5,ablation,no_cache_aware,2.521,13.892,True,1230166,34179072,0.38748768210509493,6185113,5,,5.027868596595907
case_076,3,3,5,ablation,no_level,2.519,16.778,True,1246057,28889088,0.4735801859114913,6185113,391,,4.9637480468389485
case_077,2,2,4,ablation,full,0.284,1.371,True,159109,1311196,,495320,38,,3.11308599764941
case_077,2,2,4,ablation,no_comm,0.263,1.201,True,228753,718346,,495320,9,,2.1653049358915513
case_077,2,2,4,ablation,no_balance,0.076,0.977,True,171524,1476516,,495320,38,,2.8877591474079427
case_077,2,2,4,ablation,no_sync,0.218,1.345,True,159109,1311196,,495320,38,,3.11308599764941
case_077,2,2,4,ablation,no_localsearch,0.093,1.352,True,159109,1311196,,495320,38,,3.11308599764941
case_077,2,2,4,ablation,no_cache_aware,0.304,0.956,True,159109,1311196,,495320,38,,3.11308599764941
case_077,2,2,4,ablation,no_level,0.814,0.975,True,184502,1311196,,495320,262,,2.6846321449089983
case_077,2,2,5,ablation,full,1.042,0.869,True,152527,1500446,,495320,45,,3.2474250460574194
case_077,2,2,5,ablation,no_comm,0.354,0.827,True,157044,846350,,495320,11,,3.154020529278419
case_077,2,2,5,ablation,no_balance,0.079,1.615,True,134918,1675088,,495320,48,,3.6712669918024283
case_077,2,2,5,ablation,no_sync,0.262,0.943,True,152527,1500446,,495320,45,,3.2474250460574194
case_077,2,2,5,ablation,no_localsearch,0.096,1.696,True,152527,1500446,,495320,45,,3.2474250460574194
case_077,2,2,5,ablation,no_cache_aware,0.373,0.918,True,152527,1500446,,495320,45,,3.2474250460574194
case_077,2,2,5,ablation,no_level,0.36,1.861,True,175624,1500446,,495320,262,,2.820343461030383
case_077,3,3,2,ablation,full,1.02,0.915,True,299786,643146,0.11828244665330236,495320,13,,1.652245268291381
case_077,3,3,2,ablation,no_comm,0.084,0.779,True,321012,174966,0.025427409588729674,495320,4,,1.5429952774351114
case_077,3,3,2,ablation,no_balance,0.079,1.71,True,287377,653036,0.11162470585028575,495320,20,,1.7235895704945072
case_077,3,3,2,ablation,no_sync,0.128,0.924,True,318870,646890,0.11819638656003395,495320,14,,1.5533603035719885
case_077,3,3,2,ablation,no_localsearch,0.096,1.772,True,318870,646890,0.11819638656003395,495320,14,,1.5533603035719885
case_077,3,3,2,ablation,no_cache_aware,0.234,1.035,True,299786,643146,0.11828244665330236,495320,13,,1.652245268291381
case_077,3,3,2,ablation,no_level,0.23,1.846,True,290288,643146,0.1116879573453789,495320,262,,1.7063054621617153
case_078,1,1,2,ablation,full,0.024,0.296,True,1260358,12535344,,2296143,2,,1.8218180866071385
case_078,1,1,2,ablation,no_comm,0.017,0.279,True,1477906,13070928,,2296143,4,,1.5536461723546693
case_078,1,1,2,ablation,no_balance,0.012,0.265,True,1260358,12535344,,2296143,2,,1.8218180866071385
case_078,1,1,2,ablation,no_sync,0.024,0.299,True,1260358,12535344,,2296143,2,,1.8218180866071385
case_078,1,1,2,ablation,no_localsearch,0.018,0.306,True,1260358,12535344,,2296143,2,,1.8218180866071385
case_078,1,1,2,ablation,no_cache_aware,0.024,0.289,True,1260358,12535344,,2296143,2,,1.8218180866071385
case_078,1,1,2,ablation,no_level,0.028,0.217,True,1080972,15039360,,2296143,8,,2.1241466013920807
case_077,3,3,3,ablation,full,0.22,0.993,True,205533,924852,0.18134997473127132,495320,28,,2.409929305756253
case_077,3,3,3,ablation,no_comm,0.125,1.684,True,256723,532378,0.011631461278340484,495320,5,,1.9293947172633539
case_077,3,3,3,ablation,no_balance,0.101,0.988,True,200509,1016920,0.1085306481436595,495320,30,,2.470313053279404
case_077,3,3,3,ablation,no_sync,0.193,1.769,True,205533,924852,0.18134997473127132,495320,28,,2.409929305756253
case_077,3,3,3,ablation,no_localsearch,0.098,1.567,True,205533,924852,0.18134997473127132,495320,28,,2.409929305756253
case_077,3,3,3,ablation,no_cache_aware,0.215,0.918,True,205533,924852,0.18134997473127132,495320,28,,2.409929305756253
case_077,3,3,3,ablation,no_level,0.209,1.483,True,212133,924852,0.17241932461514875,495320,262,,2.3349502434793266
case_078,1,1,3,ablation,full,0.058,0.247,True,1197384,8583480,,2296143,61,,1.9176329398087832
case_078,1,1,3,ablation,no_comm,0.027,0.279,True,943435,13769328,,2296143,6,,2.433811550345281
case_078,1,1,3,ablation,no_balance,0.016,0.242,True,1691518,7611408,,2296143,41,,1.3574452060220465
case_078,1,1,3,ablation,no_sync,0.047,1.015,True,1197384,8583480,,2296143,61,,1.9176329398087832
case_078,1,1,3,ablation,no_localsearch,0.02,0.242,True,1197384,8583480,,2296143,61,,1.9176329398087832
case_078,1,1,3,ablation,no_cache_aware,0.061,0.242,True,1197384,8583480,,2296143,61,,1.9176329398087832
case_078,1,1,3,ablation,no_level,0.057,0.347,True,2309648,17116032,,2296143,200,,0.9941527886500454
case_078,1,1,4,ablation,full,0.08,0.277,True,1178709,10433664,,2296143,41,,1.948015158957809
case_078,1,1,4,ablation,no_comm,0.039,0.259,True,993481,14114808,,2296143,10,,2.3112097765332202
case_078,1,1,4,ablation,no_balance,0.018,0.247,True,906988,10211712,,2296143,76,,2.531613428182071
case_078,1,1,4,ablation,no_sync,0.055,0.254,True,1178709,10433664,,2296143,41,,1.948015158957809
case_078,1,1,4,ablation,no_localsearch,0.02,0.249,True,1178709,10433664,,2296143,41,,1.948015158957809
case_078,1,1,4,ablation,no_cache_aware,0.083,0.251,True,1178709,10433664,,2296143,41,,1.948015158957809
case_078,1,1,4,ablation,no_level,0.077,0.35,True,1421042,17116032,,2296143,200,,1.6158164220339724
case_077,3,3,4,ablation,full,0.286,1.69,True,157938,1311196,0.21066698051989363,495320,38,,3.1361673568109003
case_077,3,3,4,ablation,no_comm,0.282,1.395,True,228753,718346,0.028010843504584878,495320,9,,2.1653049358915513
case_077,3,3,4,ablation,no_balance,0.077,0.991,True,169983,1476516,0.19906214957618612,495320,38,,2.913938452668796
case_077,3,3,4,ablation,no_sync,0.215,1.36,True,157938,1311196,0.21066698051989363,495320,38,,3.1361673568109003
case_077,3,3,4,ablation,no_localsearch,0.102,1.348,True,157938,1311196,0.21066698051989363,495320,38,,3.1361673568109003
case_077,3,3,4,ablation,no_cache_aware,0.289,0.896,True,157938,1311196,0.21066698051989363,495320,38,,3.1361673568109003
case_077,3,3,4,ablation,no_level,0.282,1.388,True,183397,1311196,0.17750563027241612,495320,262,,2.7008075377459826
case_078,2,2,2,ablation,full,0.024,0.175,True,1260358,12535344,,2296143,2,,1.8218180866071385
case_078,2,2,2,ablation,no_comm,0.017,0.18,True,1499362,12354048,,2296143,4,,1.531413361149609
case_078,2,2,2,ablation,no_balance,0.014,0.182,True,1260358,12535344,,2296143,2,,1.8218180866071385
case_078,2,2,2,ablation,no_sync,0.025,0.753,True,1260358,12535344,,2296143,2,,1.8218180866071385
case_078,2,2,2,ablation,no_localsearch,0.018,0.181,True,1260358,12535344,,2296143,2,,1.8218180866071385
case_078,2,2,2,ablation,no_cache_aware,0.023,0.173,True,1260358,12535344,,2296143,2,,1.8218180866071385
case_078,2,2,2,ablation,no_level,0.028,0.195,True,1260358,12535344,,2296143,8,,1.8218180866071385
case_078,1,1,5,ablation,full,0.102,0.304,True,907951,15231216,,2296143,104,,2.5289283232244912
case_078,1,1,5,ablation,no_comm,0.053,0.26,True,897536,14254296,,2296143,12,,2.5582739856674275
case_078,1,1,5,ablation,no_balance,0.016,0.306,True,653430,11426304,,2296143,125,,3.5139846655341813
case_078,1,1,5,ablation,no_sync,0.069,0.31,True,907951,15231216,,2296143,104,,2.5289283232244912
case_078,1,1,5,ablation,no_localsearch,0.021,0.349,True,907951,15231216,,2296143,104,,2.5289283232244912
case_078,1,1,5,ablation,no_cache_aware,0.116,0.331,True,907951,15231216,,2296143,104,,2.5289283232244912
case_078,1,1,5,ablation,no_level,0.099,0.367,True,1784096,17116032,,2296143,200,,1.2870064166950657
case_078,2,2,3,ablation,full,0.062,0.205,True,917340,6471168,,2296143,61,,2.5030446726404603
case_078,2,2,3,ablation,no_comm,0.026,0.167,True,946254,12742320,,2296143,6,,2.4265609445244087
case_078,2,2,3,ablation,no_balance,0.016,0.201,True,1046333,7668240,,2296143,41,,2.194466771094862
case_078,2,2,3,ablation,no_sync,0.048,0.712,True,917340,6471168,,2296143,61,,2.5030446726404603
case_078,2,2,3,ablation,no_localsearch,0.019,0.209,True,917340,6471168,,2296143,61,,2.5030446726404603
case_078,2,2,3,ablation,no_cache_aware,0.059,0.206,True,917340,6471168,,2296143,61,,2.5030446726404603
case_078,2,2,3,ablation,no_level,0.057,0.214,True,2138842,8811288,,2296143,200,,1.0735449369331629
case_077,3,3,5,ablation,full,0.406,1.006,True,150027,1500446,0.19356630590849333,495320,45,,3.3015390563031985
case_077,3,3,5,ablation,no_comm,0.349,1.52,True,156940,846350,0.07812671727166792,495320,11,,3.1561106155218557
case_077,3,3,5,ablation,no_balance,0.076,1.012,True,132557,1675088,0.22434893854630145,495320,48,,3.7366566835399113
case_077,3,3,5,ablation,no_sync,0.298,1.64,True,150027,1500446,0.19356630590849333,495320,45,,3.3015390563031985
case_077,3,3,5,ablation,no_localsearch,0.095,0.881,True,150027,1500446,0.19356630590849333,495320,45,,3.3015390563031985
case_077,3,3,5,ablation,no_cache_aware,0.365,0.926,True,150027,1500446,0.19356630590849333,495320,45,,3.3015390563031985
case_077,3,3,5,ablation,no_level,0.363,1.576,True,172914,1500446,0.14747894455751911,495320,262,,2.8645453809408146
case_078,2,2,4,ablation,full,0.083,0.201,True,942780,10074336,,2296143,41,,2.4355024502004707
case_078,2,2,4,ablation,no_comm,0.046,0.203,True,977826,12767328,,2296143,10,,2.3482122586227
case_078,2,2,4,ablation,no_balance,0.017,0.224,True,658916,10389888,,2296143,76,,3.484727947113137
case_078,2,2,4,ablation,no_sync,0.053,0.199,True,942780,10074336,,2296143,41,,2.4355024502004707
case_078,2,2,4,ablation,no_localsearch,0.02,0.198,True,942780,10074336,,2296143,41,,2.4355024502004707
case_078,2,2,4,ablation,no_cache_aware,0.078,0.198,True,942780,10074336,,2296143,41,,2.4355024502004707
case_078,2,2,4,ablation,no_level,0.075,0.782,True,1329757,12791232,,2296143,200,,1.7267387951332462
case_078,3,3,2,ablation,full,0.024,0.202,True,1260358,12535344,0.0,2296143,2,,1.8218180866071385
case_078,3,3,2,ablation,no_comm,0.018,0.182,True,1500957,12354048,0.00347212997157204,2296143,4,,1.529785996534211
case_078,3,3,2,ablation,no_balance,0.013,0.182,True,1260358,12535344,0.0,2296143,2,,1.8218180866071385
case_078,3,3,2,ablation,no_sync,0.024,0.63,True,1260358,12535344,0.0,2296143,2,,1.8218180866071385
case_078,3,3,2,ablation,no_localsearch,0.017,0.178,True,1260358,12535344,0.0,2296143,2,,1.8218180866071385
case_078,3,3,2,ablation,no_cache_aware,0.025,0.181,True,1260358,12535344,0.0,2296143,2,,1.8218180866071385
case_078,3,3,2,ablation,no_level,0.025,0.183,True,1260358,12535344,0.0,2296143,8,,1.8218180866071385
case_078,2,2,5,ablation,full,0.101,0.226,True,662978,11880960,,2296143,104,,3.463377366971453
case_078,2,2,5,ablation,no_comm,0.05,0.182,True,877498,13828032,,2296143,12,,2.616693143460156
case_078,2,2,5,ablation,no_balance,0.016,0.224,True,497633,11371008,,2296143,125,,4.614129288049627
case_078,2,2,5,ablation,no_sync,0.066,0.23,True,662978,11880960,,2296143,104,,3.463377366971453
case_078,2,2,5,ablation,no_localsearch,0.021,0.232,True,662978,11880960,,2296143,104,,3.463377366971453
case_078,2,2,5,ablation,no_cache_aware,0.1,0.229,True,662978,11880960,,2296143,104,,3.463377366971453
case_078,2,2,5,ablation,no_level,0.102,0.981,True,1681538,14611128,,2296143,200,,1.3655017014185822
case_078,3,3,3,ablation,full,0.058,0.249,True,900985,6471168,0.51772030651341,2296143,61,,2.5484808293145833
case_078,3,3,3,ablation,no_comm,0.029,0.178,True,953287,12742320,0.1448841283153031,2296143,6,,2.408658672571849
case_078,3,3,3,ablation,no_balance,0.017,0.225,True,1030780,7668240,0.6072310492941092,2296143,41,,2.2275781447059506
case_078,3,3,3,ablation,no_sync,0.042,0.221,True,900985,6471168,0.51772030651341,2296143,61,,2.5484808293145833
case_078,3,3,3,ablation,no_localsearch,0.023,0.224,True,900985,6471168,0.51772030651341,2296143,61,,2.5484808293145833
case_078,3,3,3,ablation,no_cache_aware,0.06,0.857,True,900985,6471168,0.51772030651341,2296143,61,,2.5484808293145833
case_078,3,3,3,ablation,no_level,0.058,0.224,True,2110456,8811288,0.4553520501932949,2296143,200,,1.0879843029184215
case_078,3,3,4,ablation,full,0.082,0.216,True,931799,10074336,0.30527964077263436,2296143,41,,2.4642041899594225
case_078,3,3,4,ablation,no_comm,0.04,0.189,True,961438,12767328,0.2731061470732105,2296143,10,,2.3882382431316422
case_078,3,3,4,ablation,no_balance,0.017,0.234,True,649449,10389888,0.5686440677966101,2296143,76,,3.5355247294244814
case_078,3,3,4,ablation,no_sync,0.056,0.221,True,931799,10074336,0.30527964077263436,2296143,41,,2.4642041899594225
case_078,3,3,4,ablation,no_localsearch,0.022,0.215,True,931799,10074336,0.30527964077263436,2296143,41,,2.4642041899594225
case_078,3,3,4,ablation,no_cache_aware,0.078,0.205,True,931799,10074336,0.30527964077263436,2296143,41,,2.4642041899594225
case_078,3,3,4,ablation,no_level,0.078,0.215,True,1307438,12791232,0.21447323232990345,2296143,200,,1.7562155911025992
case_078,3,3,5,ablation,full,0.108,0.235,True,642235,11880960,0.5178855853464295,2296143,104,,3.5752380359214304
case_078,3,3,5,ablation,no_comm,0.053,0.185,True,827400,13828032,0.2650827273941174,2296143,12,,2.775130529369108
case_078,3,3,5,ablation,no_balance,0.016,0.243,True,476246,11371008,0.28373980612401906,2296143,125,,4.821338131973812
case_078,3,3,5,ablation,no_sync,0.069,0.236,True,642235,11880960,0.5178855853464295,2296143,104,,3.5752380359214304
case_078,3,3,5,ablation,no_localsearch,0.019,0.742,True,642235,11880960,0.5178855853464295,2296143,104,,3.5752380359214304
case_078,3,3,5,ablation,no_cache_aware,0.102,0.238,True,642235,11880960,0.5178855853464295,2296143,104,,3.5752380359214304
case_078,3,3,5,ablation,no_level,0.105,0.245,True,1680305,14611128,0.10064162870099257,2296143,200,,1.366503700221091
case_079,1,1,5,ablation,full,1.589,64.719,True,6854659,32874496,,31052251,5,,4.530094203081437
case_079,1,1,5,ablation,no_comm,1.511,233.168,True,6144578,37222400,,31052251,10,,5.05360189096794
case_079,1,1,5,ablation,no_balance,0.231,75.188,True,6854659,32874496,,31052251,5,,4.530094203081437
case_079,1,1,5,ablation,no_sync,1.107,75.912,True,6854659,32874496,,31052251,5,,4.530094203081437
case_079,1,1,5,ablation,no_localsearch,0.27,75.722,True,6854659,32874496,,31052251,5,,4.530094203081437
case_079,1,1,5,ablation,no_cache_aware,1.093,73.696,True,6854659,32874496,,31052251,5,,4.530094203081437
case_079,1,1,5,ablation,no_level,1.622,11.757,True,6547470,36765696,,31052251,18,,4.7426335668586495
case_079,1,1,4,ablation,full,0.873,80.487,True,8584580,32768000,,31052251,4,,3.6172126067903148
case_079,1,1,4,ablation,no_comm,0.695,115.659,True,7728410,32509952,,31052251,4,,4.017935254470195
case_079,1,1,4,ablation,no_balance,0.939,110.785,True,8584580,32768000,,31052251,4,,3.6172126067903148
case_079,1,1,4,ablation,no_sync,0.877,103.62,True,8584580,32768000,,31052251,4,,3.6172126067903148
case_079,1,1,4,ablation,no_localsearch,0.265,102.923,True,8584580,32768000,,31052251,4,,3.6172126067903148
case_079,1,1,4,ablation,no_cache_aware,0.851,99.385,True,8584580,32768000,,31052251,4,,3.6172126067903148
case_079,1,1,4,ablation,no_level,0.835,12.074,True,8182666,36765696,,31052251,18,,3.7948818881279034
case_079,2,2,3,ablation,full,0.638,10.574,True,10315104,32661504,,31052251,3,,3.010367224605782
case_079,2,2,3,ablation,no_comm,0.536,10.057,True,10315104,32661504,,31052251,3,,3.010367224605782
case_079,2,2,3,ablation,no_balance,0.199,9.252,True,10315104,32661504,,31052251,3,,3.010367224605782
case_079,2,2,3,ablation,no_sync,1.281,9.363,True,10315104,32661504,,31052251,3,,3.010367224605782
case_079,2,2,3,ablation,no_localsearch,0.906,9.256,True,10315104,32661504,,31052251,3,,3.010367224605782
case_079,2,2,3,ablation,no_cache_aware,1.197,10.016,True,10315104,32661504,,31052251,3,,3.010367224605782
case_079,2,2,3,ablation,no_level,0.599,9.119,True,10315104,32661504,,31052251,18,,3.010367224605782
case_079,2,2,2,ablation,full,0.961,11.289,True,15500252,32555008,,31052251,2,,2.003338461852104
case_079,2,2,2,ablation,no_comm,0.861,11.256,True,15500252,32555008,,31052251,2,,2.003338461852104
case_079,2,2,2,ablation,no_balance,0.197,11.843,True,15500252,32555008,,31052251,2,,2.003338461852104
case_079,2,2,2,ablation,no_sync,0.446,11.895,True,15500252,32555008,,31052251,2,,2.003338461852104
case_079,2,2,2,ablation,no_localsearch,0.275,12.237,True,15500252,32555008,,31052251,2,,2.003338461852104
case_079,2,2,2,ablation,no_cache_aware,0.433,11.32,True,15500252,32555008,,31052251,2,,2.003338461852104
case_079,2,2,2,ablation,no_level,0.417,11.815,True,15500252,32555008,,31052251,18,,2.003338461852104
case_079,2,2,5,ablation,full,1.107,8.036,True,6854659,32874496,,31052251,5,,4.530094203081437
case_079,2,2,5,ablation,no_comm,1.487,6.889,True,6141727,36548608,,31052251,10,,5.055947781462771
case_079,2,2,5,ablation,no_balance,0.2,8.174,True,6854659,32874496,,31052251,5,,4.530094203081437
case_079,2,2,5,ablation,no_sync,1.098,8.728,True,6854659,32874496,,31052251,5,,4.530094203081437
case_079,2,2,5,ablation,no_localsearch,0.267,8.242,True,6854659,32874496,,31052251,5,,4.530094203081437
case_079,2,2,5,ablation,no_cache_aware,1.104,8.188,True,6854659,32874496,,31052251,5,,4.530094203081437
case_079,2,2,5,ablation,no_level,1.088,8.662,True,6854659,32874496,,31052251,18,,4.530094203081437
case_079,2,2,4,ablation,full,1.448,8.311,True,8584580,32768000,,31052251,4,,3.6172126067903148
case_079,2,2,4,ablation,no_comm,1.336,9.05,True,7728410,32509952,,31052251,4,,4.017935254470195
case_079,2,2,4,ablation,no_balance,0.217,8.405,True,8584580,32768000,,31052251,4,,3.6172126067903148
case_079,2,2,4,ablation,no_sync,0.942,9.027,True,8584580,32768000,,31052251,4,,3.6172126067903148
case_079,2,2,4,ablation,no_localsearch,0.869,8.343,True,8584580,32768000,,31052251,4,,3.6172126067903148
case_079,2,2,4,ablation,no_cache_aware,1.458,8.392,True,8584580,32768000,,31052251,4,,3.6172126067903148
case_079,2,2,4,ablation,no_level,0.855,8.86,True,8584580,32768000,,31052251,18,,3.6172126067903148
case_079,1,1,3,ablation,full,0.663,105.18,True,10315104,32661504,,31052251,3,,3.010367224605782
case_079,1,1,3,ablation,no_comm,0.496,98.128,True,10315104,32661504,,31052251,3,,3.010367224605782
case_079,1,1,3,ablation,no_balance,0.249,148.558,True,10315104,32661504,,31052251,3,,3.010367224605782
case_079,1,1,3,ablation,no_sync,0.666,140.041,True,10315104,32661504,,31052251,3,,3.010367224605782
case_079,1,1,3,ablation,no_localsearch,0.269,136.219,True,10315104,32661504,,31052251,3,,3.010367224605782
case_079,1,1,3,ablation,no_cache_aware,0.642,130.311,True,10315104,32661504,,31052251,3,,3.010367224605782
case_079,1,1,3,ablation,no_level,0.604,11.885,True,9817862,36765696,,31052251,18,,3.1628322948519747
case_079,3,3,4,ablation,full,1.524,8.602,True,8579892,32768000,0.09703790211275082,31052251,4,,3.6191890294190183
case_079,3,3,4,ablation,no_comm,0.773,9.254,True,7728410,32509952,0.0,31052251,4,,4.017935254470195
case_079,3,3,4,ablation,no_balance,0.201,8.728,True,8579892,32768000,0.09703790211275082,31052251,4,,3.6191890294190183
case_079,3,3,4,ablation,no_sync,1.58,8.744,True,8579892,32768000,0.09703790211275082,31052251,4,,3.6191890294190183
case_079,3,3,4,ablation,no_localsearch,0.273,9.384,True,8579892,32768000,0.09703790211275082,31052251,4,,3.6191890294190183
case_079,3,3,4,ablation,no_cache_aware,0.889,8.646,True,8579892,32768000,0.09703790211275082,31052251,4,,3.6191890294190183
case_079,3,3,4,ablation,no_level,1.465,8.727,True,8579892,32768000,0.09703790211275082,31052251,18,,3.6191890294190183
case_079,3,3,3,ablation,full,0.64,9.821,True,10315104,32661504,0.0,31052251,3,,3.010367224605782
case_079,3,3,3,ablation,no_comm,1.084,10.116,True,10315104,32661504,0.0,31052251,3,,3.010367224605782
case_079,3,3,3,ablation,no_balance,0.197,9.457,True,10315104,32661504,0.0,31052251,3,,3.010367224605782
case_079,3,3,3,ablation,no_sync,1.28,10.182,True,10315104,32661504,0.0,31052251,3,,3.010367224605782
case_079,3,3,3,ablation,no_localsearch,0.254,10.182,True,10315104,32661504,0.0,31052251,3,,3.010367224605782
case_079,3,3,3,ablation,no_cache_aware,0.646,9.319,True,10315104,32661504,0.0,31052251,3,,3.010367224605782
case_079,3,3,3,ablation,no_level,1.2,10.221,True,10315104,32661504,0.0,31052251,18,,3.010367224605782
case_080,1,1,2,ablation,full,0.029,0.306,True,146880,667648,,292138,2,,1.98895697167756
case_080,1,1,2,ablation,no_comm,0.021,0.315,True,146880,667648,,292138,2,,1.98895697167756
case_080,1,1,2,ablation,no_balance,0.015,0.327,True,146880,667648,,292138,2,,1.98895697167756
case_080,1,1,2,ablation,no_sync,0.031,0.323,True,146880,667648,,292138,2,,1.98895697167756
case_080,1,1,2,ablation,no_localsearch,0.019,0.318,True,146880,667648,,292138,2,,1.98895697167756
case_080,1,1,2,ablation,no_cache_aware,0.03,0.315,True,146880,667648,,292138,2,,1.98895697167756
case_080,1,1,2,ablation,no_level,0.028,0.279,True,146828,1904640,,292138,6,,1.9896613724902608
case_080,1,1,3,ablation,full,0.045,0.309,True,100325,3047424,,292138,3,,2.9119162721156244
case_080,1,1,3,ablation,no_comm,0.033,0.372,True,101086,1921024,,292138,3,,2.8899946580139684
case_080,1,1,3,ablation,no_balance,0.015,0.309,True,100325,3047424,,292138,3,,2.9119162721156244
case_080,1,1,3,ablation,no_sync,0.045,0.31,True,100325,3047424,,292138,3,,2.9119162721156244
case_080,1,1,3,ablation,no_localsearch,0.022,0.319,True,100325,3047424,,292138,3,,2.9119162721156244
case_080,1,1,3,ablation,no_cache_aware,0.047,0.323,True,100325,3047424,,292138,3,,2.9119162721156244
case_080,1,1,3,ablation,no_level,0.046,0.28,True,120710,4952064,,292138,18,,2.420164029492171
case_079,3,3,2,ablation,full,0.434,11.328,True,15500252,32555008,0.0,31052251,2,,2.003338461852104
case_079,3,3,2,ablation,no_comm,0.791,11.433,True,15500252,32555008,0.0,31052251,2,,2.003338461852104
case_079,3,3,2,ablation,no_balance,0.207,11.987,True,15500252,32555008,0.0,31052251,2,,2.003338461852104
case_079,3,3,2,ablation,no_sync,0.434,11.968,True,15500252,32555008,0.0,31052251,2,,2.003338461852104
case_079,3,3,2,ablation,no_localsearch,0.258,11.528,True,15500252,32555008,0.0,31052251,2,,2.003338461852104
case_079,3,3,2,ablation,no_cache_aware,0.941,11.487,True,15500252,32555008,0.0,31052251,2,,2.003338461852104
case_079,3,3,2,ablation,no_level,0.411,11.976,True,15500252,32555008,0.0,31052251,18,,2.003338461852104
case_080,1,1,4,ablation,full,0.093,1.086,True,99137,2801664,,292138,4,,2.946810978746583
case_080,1,1,4,ablation,no_comm,0.051,0.509,True,97041,2912256,,292138,8,,3.0104594965014786
case_080,1,1,4,ablation,no_balance,0.017,0.345,True,111314,4190208,,292138,4,,2.6244497547478303
case_080,1,1,4,ablation,no_sync,0.094,0.497,True,99137,2801664,,292138,4,,2.946810978746583
case_080,1,1,4,ablation,no_localsearch,0.02,0.346,True,111314,4190208,,292138,4,,2.6244497547478303
case_080,1,1,4,ablation,no_cache_aware,0.094,0.49,True,99137,2801664,,292138,4,,2.946810978746583
case_080,1,1,4,ablation,no_level,0.093,0.283,True,123120,4952064,,292138,18,,2.3727907732293696
case_080,1,1,5,ablation,full,0.159,0.35,True,86640,2031616,,292138,5,,3.371860572483841
case_080,1,1,5,ablation,no_comm,0.212,0.39,True,103411,2367488,,292138,9,,2.8250186150409533
case_080,1,1,5,ablation,no_balance,0.016,0.336,True,113455,4571136,,292138,5,,2.574923978669957
case_080,1,1,5,ablation,no_sync,0.159,0.367,True,86640,2031616,,292138,5,,3.371860572483841
case_080,1,1,5,ablation,no_localsearch,0.023,0.401,True,113455,4571136,,292138,5,,2.574923978669957
case_080,1,1,5,ablation,no_cache_aware,0.179,0.89,True,86640,2031616,,292138,5,,3.371860572483841
case_080,1,1,5,ablation,no_level,0.156,0.273,True,119170,4952064,,292138,18,,2.45143912058404
case_080,2,2,2,ablation,full,0.032,0.222,True,146880,667648,,292138,2,,1.98895697167756
case_080,2,2,2,ablation,no_comm,0.024,0.202,True,146880,667648,,292138,2,,1.98895697167756
case_080,2,2,2,ablation,no_balance,0.017,0.221,True,146880,667648,,292138,2,,1.98895697167756
case_080,2,2,2,ablation,no_sync,0.028,0.212,True,146880,667648,,292138,2,,1.98895697167756
case_080,2,2,2,ablation,no_localsearch,0.021,0.819,True,146880,667648,,292138,2,,1.98895697167756
case_080,2,2,2,ablation,no_cache_aware,0.03,0.199,True,146880,667648,,292138,2,,1.98895697167756
case_080,2,2,2,ablation,no_level,0.029,0.2,True,146880,667648,,292138,6,,1.98895697167756
case_080,2,2,3,ablation,full,0.046,0.206,True,100325,3047424,,292138,3,,2.9119162721156244
case_080,2,2,3,ablation,no_comm,0.033,0.199,True,101086,1921024,,292138,3,,2.8899946580139684
case_080,2,2,3,ablation,no_balance,0.016,0.208,True,100325,3047424,,292138,3,,2.9119162721156244
case_080,2,2,3,ablation,no_sync,0.043,0.205,True,100325,3047424,,292138,3,,2.9119162721156244
case_080,2,2,3,ablation,no_localsearch,0.02,0.206,True,100325,3047424,,292138,3,,2.9119162721156244
case_080,2,2,3,ablation,no_cache_aware,0.045,0.204,True,100325,3047424,,292138,3,,2.9119162721156244
case_080,2,2,3,ablation,no_level,0.044,0.209,True,100325,3047424,,292138,18,,2.9119162721156244
case_080,2,2,4,ablation,full,0.092,0.225,True,99137,2801664,,292138,4,,2.946810978746583
case_080,2,2,4,ablation,no_comm,0.048,0.231,True,90103,2658304,,292138,8,,3.24226718311266
case_080,2,2,4,ablation,no_balance,0.016,0.239,True,111314,4190208,,292138,4,,2.6244497547478303
case_080,2,2,4,ablation,no_sync,0.091,0.226,True,99137,2801664,,292138,4,,2.946810978746583
case_080,2,2,4,ablation,no_localsearch,0.019,0.235,True,111314,4190208,,292138,4,,2.6244497547478303
case_080,2,2,4,ablation,no_cache_aware,0.092,0.235,True,99137,2801664,,292138,4,,2.946810978746583
case_080,2,2,4,ablation,no_level,0.093,0.247,True,99137,2801664,,292138,18,,2.946810978746583
case_080,3,3,2,ablation,full,0.03,0.205,True,146776,667648,0.006369426751592357,292138,2,,1.9903662724151088
case_080,3,3,2,ablation,no_comm,0.022,0.829,True,146776,667648,0.006369426751592357,292138,2,,1.9903662724151088
case_080,3,3,2,ablation,no_balance,0.016,0.205,True,146776,667648,0.006369426751592357,292138,2,,1.9903662724151088
case_080,3,3,2,ablation,no_sync,0.031,0.234,True,146776,667648,0.006369426751592357,292138,2,,1.9903662724151088
case_080,3,3,2,ablation,no_localsearch,0.022,0.207,True,146776,667648,0.006369426751592357,292138,2,,1.9903662724151088
case_080,3,3,2,ablation,no_cache_aware,0.028,0.202,True,146776,667648,0.006369426751592357,292138,2,,1.9903662724151088
case_080,3,3,2,ablation,no_level,0.028,0.196,True,146776,667648,0.006369426751592357,292138,6,,1.9903662724151088
case_080,2,2,5,ablation,full,0.158,0.21,True,86640,2031616,,292138,5,,3.371860572483841
case_080,2,2,5,ablation,no_comm,0.214,0.697,True,92911,2101248,,292138,8,,3.144277857304302
case_080,2,2,5,ablation,no_balance,0.02,0.273,True,113455,4571136,,292138,5,,2.574923978669957
case_080,2,2,5,ablation,no_sync,0.162,0.242,True,86640,2031616,,292138,5,,3.371860572483841
case_080,2,2,5,ablation,no_localsearch,0.026,0.29,True,113455,4571136,,292138,5,,2.574923978669957
case_080,2,2,5,ablation,no_cache_aware,0.159,0.235,True,86640,2031616,,292138,5,,3.371860572483841
case_080,2,2,5,ablation,no_level,0.158,0.213,True,86640,2031616,,292138,18,,3.371860572483841
case_080,3,3,3,ablation,full,0.046,0.211,True,100325,3047424,0.0,292138,3,,2.9119162721156244
case_080,3,3,3,ablation,no_comm,0.034,0.208,True,100438,1921024,0.3822269807280514,292138,3,,2.908640156116211
case_080,3,3,3,ablation,no_balance,0.016,0.218,True,100325,3047424,0.0,292138,3,,2.9119162721156244
case_080,3,3,3,ablation,no_sync,0.044,0.216,True,100325,3047424,0.0,292138,3,,2.9119162721156244
case_080,3,3,3,ablation,no_localsearch,0.024,0.788,True,100325,3047424,0.0,292138,3,,2.9119162721156244
case_080,3,3,3,ablation,no_cache_aware,0.044,0.22,True,100325,3047424,0.0,292138,3,,2.9119162721156244
case_080,3,3,3,ablation,no_level,0.046,0.219,True,100325,3047424,0.0,292138,18,,2.9119162721156244
case_080,3,3,4,ablation,full,0.064,0.246,True,90584,4190208,0.478494623655914,292138,4,,3.225050781594984
case_080,3,3,4,ablation,no_comm,0.048,0.239,True,79600,2658304,0.43293246993524515,292138,8,,3.670075376884422
case_080,3,3,4,ablation,no_balance,0.016,0.704,True,90584,4190208,0.478494623655914,292138,4,,3.225050781594984
case_080,3,3,4,ablation,no_sync,0.062,0.251,True,90584,4190208,0.478494623655914,292138,4,,3.225050781594984
case_080,3,3,4,ablation,no_localsearch,0.021,0.255,True,90584,4190208,0.478494623655914,292138,4,,3.225050781594984
case_080,3,3,4,ablation,no_cache_aware,0.091,0.231,True,90814,2801664,0.35596170583115755,292138,4,,3.216882859471007
case_080,3,3,4,ablation,no_level,0.062,0.253,True,90584,4190208,0.478494623655914,292138,18,,3.225050781594984
case_080,3,3,5,ablation,full,0.081,0.264,True,90408,4571136,0.34408602150537637,292138,5,,3.2313290859215997
case_080,3,3,5,ablation,no_comm,0.065,0.27,True,70042,3538944,0.4301242236024845,292138,10,,4.1708974615230865
case_080,3,3,5,ablation,no_balance,0.016,0.273,True,90408,4571136,0.34408602150537637,292138,5,,3.2313290859215997
case_080,3,3,5,ablation,no_sync,0.08,0.286,True,90408,4571136,0.34408602150537637,292138,5,,3.2313290859215997
case_080,3,3,5,ablation,no_localsearch,0.021,0.276,True,90408,4571136,0.34408602150537637,292138,5,,3.2313290859215997
case_080,3,3,5,ablation,no_cache_aware,0.154,0.222,True,86640,2031616,0.11550468262226847,292138,5,,3.371860572483841
case_080,3,3,5,ablation,no_level,0.079,0.27,True,90408,4571136,0.34408602150537637,292138,18,,3.2313290859215997
case_081,1,1,3,ablation,full,0.709,1.469,True,51943,0,,151795,3,,2.9223379473653814
case_081,1,1,3,ablation,no_comm,0.086,1.902,True,53181,81996,,151795,6,,2.8543088697091066
case_081,1,1,3,ablation,no_balance,0.028,2.056,True,51943,0,,151795,3,,2.9223379473653814
case_081,1,1,3,ablation,no_sync,0.093,1.49,True,51943,0,,151795,3,,2.9223379473653814
case_081,1,1,3,ablation,no_localsearch,0.043,2.07,True,51943,0,,151795,3,,2.9223379473653814
case_081,1,1,3,ablation,no_cache_aware,0.091,1.465,True,51943,0,,151795,3,,2.9223379473653814
case_081,1,1,3,ablation,no_level,0.093,0.766,True,61579,0,,151795,85,,2.4650449016710243
case_081,1,1,2,ablation,full,0.068,2.719,True,76860,0,,151795,2,,1.9749544626593807
case_081,1,1,2,ablation,no_comm,0.06,2.092,True,77653,30742,,151795,4,,1.9547860353109345
case_081,1,1,2,ablation,no_balance,0.028,2.703,True,76860,0,,151795,2,,1.9749544626593807
case_081,1,1,2,ablation,no_sync,0.069,2.789,True,76860,0,,151795,2,,1.9749544626593807
case_081,1,1,2,ablation,no_localsearch,0.042,2.227,True,76860,0,,151795,2,,1.9749544626593807
case_081,1,1,2,ablation,no_cache_aware,0.067,2.755,True,76860,0,,151795,2,,1.9749544626593807
case_081,1,1,2,ablation,no_level,0.063,0.77,True,86905,0,,151795,85,,1.7466774063632702
case_081,1,1,4,ablation,full,0.725,1.217,True,39588,0,,151795,4,,3.834369000707285
case_081,1,1,4,ablation,no_comm,0.111,1.589,True,41370,123004,,151795,8,,3.6692047377326564
case_081,1,1,4,ablation,no_balance,0.026,1.874,True,39588,0,,151795,4,,3.834369000707285
case_081,1,1,4,ablation,no_sync,0.118,1.24,True,39588,0,,151795,4,,3.834369000707285
case_081,1,1,4,ablation,no_localsearch,0.043,1.799,True,39588,0,,151795,4,,3.834369000707285
case_081,1,1,4,ablation,no_cache_aware,0.12,1.246,True,39588,0,,151795,4,,3.834369000707285
case_081,1,1,4,ablation,no_level,0.117,0.759,True,50323,0,,151795,85,,3.0164139657810543
case_081,1,1,5,ablation,full,0.153,1.638,True,30943,0,,151795,5,,4.905632937982743
case_081,1,1,5,ablation,no_comm,0.142,1.639,True,34028,149660,,151795,10,,4.46088515340308
case_081,1,1,5,ablation,no_balance,0.027,1.621,True,30943,0,,151795,5,,4.905632937982743
case_081,1,1,5,ablation,no_sync,0.149,1.082,True,30943,0,,151795,5,,4.905632937982743
case_081,1,1,5,ablation,no_localsearch,0.04,1.581,True,30943,0,,151795,5,,4.905632937982743
case_081,1,1,5,ablation,no_cache_aware,0.151,1.078,True,30943,0,,151795,5,,4.905632937982743
case_081,1,1,5,ablation,no_level,0.144,0.752,True,42111,0,,151795,85,,3.6046401177839518
case_081,2,2,2,ablation,full,0.071,1.404,True,76860,0,,151795,2,,1.9749544626593807
case_081,2,2,2,ablation,no_comm,0.071,0.768,True,77174,24590,,151795,4,,1.9669189105139036
case_081,2,2,2,ablation,no_balance,0.03,1.511,True,76860,0,,151795,2,,1.9749544626593807
case_081,2,2,2,ablation,no_sync,0.068,0.77,True,76860,0,,151795,2,,1.9749544626593807
case_081,2,2,2,ablation,no_localsearch,0.044,1.403,True,76860,0,,151795,2,,1.9749544626593807
case_081,2,2,2,ablation,no_cache_aware,0.069,0.784,True,76860,0,,151795,2,,1.9749544626593807
case_081,2,2,2,ablation,no_level,0.066,1.414,True,76860,0,,151795,85,,1.9749544626593807
case_081,2,2,3,ablation,full,0.1,1.236,True,51943,0,,151795,3,,2.9223379473653814
case_081,2,2,3,ablation,no_comm,0.086,1.29,True,52382,75844,,151795,6,,2.897846588522775
case_081,2,2,3,ablation,no_balance,0.027,0.692,True,51943,0,,151795,3,,2.9223379473653814
case_081,2,2,3,ablation,no_sync,0.095,1.211,True,51943,0,,151795,3,,2.9223379473653814
case_081,2,2,3,ablation,no_localsearch,0.041,0.704,True,51943,0,,151795,3,,2.9223379473653814
case_081,2,2,3,ablation,no_cache_aware,0.097,1.232,True,51943,0,,151795,3,,2.9223379473653814
case_081,2,2,3,ablation,no_level,0.09,0.691,True,51943,0,,151795,85,,2.9223379473653814
case_081,2,2,4,ablation,full,0.119,0.63,True,39588,0,,151795,4,,3.834369000707285
case_081,2,2,4,ablation,no_comm,0.111,1.263,True,40778,88152,,151795,8,,3.7224729020550296
case_081,2,2,4,ablation,no_balance,0.027,0.646,True,39588,0,,151795,4,,3.834369000707285
case_081,2,2,4,ablation,no_sync,0.12,0.661,True,39588,0,,151795,4,,3.834369000707285
case_081,2,2,4,ablation,no_localsearch,0.042,1.22,True,39588,0,,151795,4,,3.834369000707285
case_081,2,2,4,ablation,no_cache_aware,0.125,0.647,True,39588,0,,151795,4,,3.834369000707285
case_081,2,2,4,ablation,no_level,0.117,1.309,True,39588,0,,151795,85,,3.834369000707285
case_081,2,2,5,ablation,full,0.147,1.099,True,30943,0,,151795,5,,4.905632937982743
case_081,2,2,5,ablation,no_comm,0.141,0.645,True,33861,118898,,151795,10,,4.4828859159505035
case_081,2,2,5,ablation,no_balance,0.027,1.164,True,30943,0,,151795,5,,4.905632937982743
case_081,2,2,5,ablation,no_sync,0.144,0.624,True,30943,0,,151795,5,,4.905632937982743
case_081,2,2,5,ablation,no_localsearch,0.041,1.07,True,30943,0,,151795,5,,4.905632937982743
case_081,2,2,5,ablation,no_cache_aware,0.149,0.63,True,30943,0,,151795,5,,4.905632937982743
case_081,2,2,5,ablation,no_level,0.147,1.12,True,30943,0,,151795,85,,4.905632937982743
case_079,3,3,5,ablation,full,1.163,8.737,True,6847969,32874496,0.1432503970354685,31052251,5,,4.534519797037633
case_079,3,3,5,ablation,no_comm,1.066,7.643,True,6141606,36548608,0.22889594286281123,31052251,10,,5.056047392164199
case_079,3,3,5,ablation,no_balance,0.226,8.134,True,6847969,32874496,0.1432503970354685,31052251,5,,4.534519797037633
case_079,3,3,5,ablation,no_sync,1.152,8.965,True,6847969,32874496,0.1432503970354685,31052251,5,,4.534519797037633
case_079,3,3,5,ablation,no_localsearch,0.269,8.179,True,6847969,32874496,0.1432503970354685,31052251,5,,4.534519797037633
case_079,3,3,5,ablation,no_cache_aware,1.15,9.126,True,6847969,32874496,0.1432503970354685,31052251,5,,4.534519797037633
case_079,3,3,5,ablation,no_level,1.136,8.26,True,6847969,32874496,0.1432503970354685,31052251,18,,4.534519797037633
case_081,3,3,2,ablation,full,0.067,0.774,True,76860,0,0.0,151795,2,,1.9749544626593807
case_081,3,3,2,ablation,no_comm,0.062,1.325,True,77174,24590,0.011558790888399827,151795,4,,1.9669189105139036
case_081,3,3,2,ablation,no_balance,0.03,0.789,True,76860,0,0.0,151795,2,,1.9749544626593807
case_081,3,3,2,ablation,no_sync,0.067,1.43,True,76860,0,0.0,151795,2,,1.9749544626593807
case_081,3,3,2,ablation,no_localsearch,0.041,0.778,True,76860,0,0.0,151795,2,,1.9749544626593807
case_081,3,3,2,ablation,no_cache_aware,0.068,1.433,True,76860,0,0.0,151795,2,,1.9749544626593807
case_081,3,3,2,ablation,no_level,0.063,0.808,True,76860,0,0.0,151795,85,,1.9749544626593807
case_081,3,3,3,ablation,full,0.096,1.224,True,51943,0,0.0,151795,3,,2.9223379473653814
case_081,3,3,3,ablation,no_comm,0.088,0.677,True,52381,75844,0.042581732194638684,151795,6,,2.8979019109982627
case_081,3,3,3,ablation,no_balance,0.027,1.238,True,51943,0,0.0,151795,3,,2.9223379473653814
case_081,3,3,3,ablation,no_sync,0.095,0.707,True,51943,0,0.0,151795,3,,2.9223379473653814
case_081,3,3,3,ablation,no_localsearch,0.039,1.199,True,51943,0,0.0,151795,3,,2.9223379473653814
case_081,3,3,3,ablation,no_cache_aware,0.095,0.733,True,51943,0,0.0,151795,3,,2.9223379473653814
case_081,3,3,3,ablation,no_level,0.09,1.188,True,51943,0,0.0,151795,85,,2.9223379473653814
case_081,3,3,4,ablation,full,0.122,1.39,True,39588,0,0.0,151795,4,,3.834369000707285
case_081,3,3,4,ablation,no_comm,0.114,0.674,True,40778,88152,0.05310228178895687,151795,8,,3.7224729020550296
case_081,3,3,4,ablation,no_balance,0.028,0.657,True,39588,0,0.0,151795,4,,3.834369000707285
case_081,3,3,4,ablation,no_sync,0.117,1.375,True,39588,0,0.0,151795,4,,3.834369000707285
case_081,3,3,4,ablation,no_localsearch,0.042,0.671,True,39588,0,0.0,151795,4,,3.834369000707285
case_081,3,3,4,ablation,no_cache_aware,0.121,0.667,True,39588,0,0.0,151795,4,,3.834369000707285
case_081,3,3,4,ablation,no_level,0.116,1.366,True,39588,0,0.0,151795,85,,3.834369000707285
case_081,3,3,5,ablation,full,0.149,0.632,True,30943,0,0.0,151795,5,,4.905632937982743
case_081,3,3,5,ablation,no_comm,0.766,0.66,True,33203,118898,0.06808177861131716,151795,10,,4.571725446495798
case_081,3,3,5,ablation,no_balance,0.026,0.638,True,30943,0,0.0,151795,5,,4.905632937982743
case_081,3,3,5,ablation,no_sync,0.149,1.249,True,30943,0,0.0,151795,5,,4.905632937982743
case_081,3,3,5,ablation,no_localsearch,0.041,0.658,True,30943,0,0.0,151795,5,,4.905632937982743
case_081,3,3,5,ablation,no_cache_aware,0.151,1.257,True,30943,0,0.0,151795,5,,4.905632937982743
case_081,3,3,5,ablation,no_level,0.147,0.633,True,30943,0,0.0,151795,85,,4.905632937982743
case_082,1,1,2,ablation,full,0.108,1.434,True,724908,614736,,721041,5,,0.9946655299706997
case_082,1,1,2,ablation,no_comm,0.071,1.676,True,728773,781646,,721041,5,,0.9893903863068473
case_082,1,1,2,ablation,no_balance,0.066,1.171,True,735169,1425758,,721041,9,,0.9807826499757198
case_082,1,1,2,ablation,no_sync,0.1,1.979,True,724908,614736,,721041,5,,0.9946655299706997
case_082,1,1,2,ablation,no_localsearch,0.077,1.504,True,724908,614736,,721041,5,,0.9946655299706997
case_082,1,1,2,ablation,no_cache_aware,0.106,1.923,True,724908,614736,,721041,5,,0.9946655299706997
case_082,1,1,2,ablation,no_level,0.1,0.987,True,733418,1063962,,721041,15,,0.9831242211126534
case_082,1,1,3,ablation,full,0.279,1.032,True,350330,1948858,,721041,27,,2.05817657637085
case_082,1,1,3,ablation,no_comm,0.122,1.334,True,724889,494986,,721041,6,,0.9946916010589207
case_082,1,1,3,ablation,no_balance,0.065,1.868,True,268297,1738500,,721041,30,,2.6874732106583377
case_082,1,1,3,ablation,no_sync,0.155,1.058,True,355103,2038524,,721041,30,,2.030512273903628
case_082,1,1,3,ablation,no_localsearch,0.076,1.037,True,355103,2038524,,721041,30,,2.030512273903628
case_082,1,1,3,ablation,no_cache_aware,0.281,1.032,True,350330,1948858,,721041,27,,2.05817657637085
case_082,1,1,3,ablation,no_level,0.274,2.061,True,307034,3092258,,721041,177,,2.3484076682061272
case_082,1,1,4,ablation,full,0.398,1.239,True,289538,2358678,,721041,36,,2.490315606241668
case_082,1,1,4,ablation,no_comm,0.145,1.651,True,466274,2345040,,721041,26,,1.5463890330578158
case_082,1,1,4,ablation,no_balance,0.066,1.154,True,249866,2698382,,721041,40,,2.885710740957153
case_082,1,1,4,ablation,no_sync,0.189,1.222,True,302662,2378870,,721041,39,,2.3823307848358897
case_082,1,1,4,ablation,no_localsearch,0.08,1.233,True,302662,2378870,,721041,39,,2.3823307848358897
case_082,1,1,4,ablation,no_cache_aware,0.394,1.89,True,289538,2358678,,721041,36,,2.490315606241668
case_082,1,1,4,ablation,no_level,0.393,1.414,True,306987,3092258,,721041,177,,2.348767211640884
case_082,2,2,2,ablation,full,0.104,0.72,True,724106,544518,,721041,5,,0.9957671943058061
case_082,2,2,2,ablation,no_comm,0.071,0.724,True,729017,588166,,721041,5,,0.9890592400451567
case_082,2,2,2,ablation,no_balance,0.061,1.402,True,735255,768646,,721041,9,,0.9806679315339576
case_082,2,2,2,ablation,no_sync,0.102,0.732,True,724106,544518,,721041,5,,0.9957671943058061
case_082,2,2,2,ablation,no_localsearch,0.077,1.383,True,724106,544518,,721041,5,,0.9957671943058061
case_082,2,2,2,ablation,no_cache_aware,0.108,0.728,True,724106,544518,,721041,5,,0.9957671943058061
case_082,2,2,2,ablation,no_level,0.101,1.414,True,723120,544518,,721041,15,,0.9971249585131099
case_082,1,1,5,ablation,full,0.296,1.214,True,278922,2701868,,721041,50,,2.5850990599522445
case_082,1,1,5,ablation,no_comm,0.179,1.575,True,387113,2648992,,721041,31,,1.8626111755482249
case_082,1,1,5,ablation,no_balance,0.067,1.259,True,227315,2671100,,721041,50,,3.1719904097837803
case_082,1,1,5,ablation,no_sync,0.237,1.209,True,278922,2701868,,721041,50,,2.5850990599522445
case_082,1,1,5,ablation,no_localsearch,0.083,1.687,True,278922,2701868,,721041,50,,2.5850990599522445
case_082,1,1,5,ablation,no_cache_aware,0.292,1.215,True,278922,2701868,,721041,50,,2.5850990599522445
case_082,1,1,5,ablation,no_level,0.287,1.43,True,281175,3092258,,721041,177,,2.564385169378501
case_082,2,2,3,ablation,full,0.285,0.765,True,282947,1358348,,721041,27,,2.54832530473905
case_082,2,2,3,ablation,no_comm,0.105,1.248,True,723171,491274,,721041,6,,0.9970546385294764
case_082,2,2,3,ablation,no_balance,0.068,0.761,True,258476,1428236,,721041,30,,2.7895858803138394
case_082,2,2,3,ablation,no_sync,0.154,0.77,True,288813,1358348,,721041,30,,2.496566982788171
case_082,2,2,3,ablation,no_localsearch,0.082,1.436,True,288813,1358348,,721041,30,,2.496566982788171
case_082,2,2,3,ablation,no_cache_aware,0.28,0.765,True,282947,1358348,,721041,27,,2.54832530473905
case_082,2,2,3,ablation,no_level,0.276,1.384,True,269728,1358348,,721041,177,,2.6732152390556414
case_082,2,2,4,ablation,full,0.39,0.77,True,282183,2175376,,721041,36,,2.555224800927058
case_082,2,2,4,ablation,no_comm,0.14,0.746,True,460655,1764626,,721041,26,,1.5652516525382336
case_082,2,2,4,ablation,no_balance,0.066,1.562,True,247493,2191506,,721041,40,,2.913379368305366
case_082,2,2,4,ablation,no_sync,0.189,0.761,True,293294,2175376,,721041,39,,2.4584239704869515
case_082,2,2,4,ablation,no_localsearch,0.082,0.795,True,293294,2175376,,721041,39,,2.4584239704869515
case_082,2,2,4,ablation,no_cache_aware,0.397,1.469,True,282183,2175376,,721041,36,,2.555224800927058
case_082,2,2,4,ablation,no_level,0.394,0.802,True,260793,2175376,,721041,177,,2.7648019693780124
case_082,2,2,5,ablation,full,0.294,1.351,True,262896,2780184,,721041,50,,2.7426853204308927
case_082,2,2,5,ablation,no_comm,0.183,0.772,True,374640,2056088,,721041,31,,1.9246236386931455
case_082,2,2,5,ablation,no_balance,0.07,1.318,True,220667,2985496,,721041,50,,3.2675524659328308
case_082,2,2,5,ablation,no_sync,0.238,0.814,True,262896,2780184,,721041,50,,2.7426853204308927
case_082,2,2,5,ablation,no_localsearch,0.082,1.356,True,262896,2780184,,721041,50,,2.7426853204308927
case_082,2,2,5,ablation,no_cache_aware,0.289,0.809,True,262896,2780184,,721041,50,,2.7426853204308927
case_082,2,2,5,ablation,no_level,0.292,1.353,True,242986,2780184,,721041,177,,2.967417875927008
case_082,3,3,2,ablation,full,0.112,0.734,True,724106,544518,0.13226458707260913,721041,5,,0.9957671943058061
case_082,3,3,2,ablation,no_comm,0.071,1.378,True,728965,588166,0.12089944663548259,721041,5,,0.9891297936114902
case_082,3,3,2,ablation,no_balance,0.062,0.806,True,735255,768646,0.16242350912865156,721041,9,,0.9806679315339576
case_082,3,3,2,ablation,no_sync,0.11,1.408,True,724106,544518,0.13226458707260913,721041,5,,0.9957671943058061
case_082,3,3,2,ablation,no_localsearch,0.077,0.731,True,724106,544518,0.13226458707260913,721041,5,,0.9957671943058061
case_082,3,3,2,ablation,no_cache_aware,0.104,0.739,True,724106,544518,0.13226458707260913,721041,5,,0.9957671943058061
case_082,3,3,2,ablation,no_level,0.109,1.394,True,723120,544518,0.13226458707260913,721041,15,,0.9971249585131099
case_082,3,3,3,ablation,full,0.274,1.528,True,282947,1358348,0.3179666266217117,721041,27,,2.54832530473905
case_082,3,3,3,ablation,no_comm,0.106,0.653,True,723171,491274,0.109796573875803,721041,6,,0.9970546385294764
case_082,3,3,3,ablation,no_balance,0.068,0.788,True,258347,1428236,0.34756451196903826,721041,30,,2.7909787998312345
case_082,3,3,3,ablation,no_sync,0.149,1.57,True,288802,1358348,0.3179666266217117,721041,30,,2.496662072977334
case_082,3,3,3,ablation,no_localsearch,0.083,0.787,True,288802,1358348,0.3179666266217117,721041,30,,2.496662072977334
case_082,3,3,3,ablation,no_cache_aware,0.272,0.799,True,282947,1358348,0.3179666266217117,721041,27,,2.54832530473905
case_082,3,3,3,ablation,no_level,0.276,1.522,True,269634,1358348,0.2652525519579659,721041,177,,2.674147177284764
case_082,3,3,4,ablation,full,0.389,0.802,True,282117,2175376,0.434144519323679,721041,36,,2.5558225842469615
case_082,3,3,4,ablation,no_comm,0.141,1.325,True,460653,1764626,0.3889176287156586,721041,26,,1.565258448333127
case_082,3,3,4,ablation,no_balance,0.069,0.815,True,247025,2191506,0.4927535643367349,721041,40,,2.9188988968727863
case_082,3,3,4,ablation,no_sync,0.198,1.303,True,293244,2175376,0.43407866127042244,721041,39,,2.458843147685886
case_082,3,3,4,ablation,no_localsearch,0.087,0.803,True,293244,2175376,0.43407866127042244,721041,39,,2.458843147685886
case_082,3,3,4,ablation,no_cache_aware,0.87,0.803,True,282117,2175376,0.434144519323679,721041,36,,2.5558225842469615
case_082,3,3,4,ablation,no_level,0.396,0.808,True,260407,2175376,0.3900854816950628,721041,177,,2.768900221576225
case_082,3,3,5,ablation,full,0.298,0.812,True,262152,2780184,0.5038109579917112,721041,50,,2.7504691934450243
case_082,3,3,5,ablation,no_comm,0.189,1.439,True,374640,2056088,0.37679325124306307,721041,31,,1.9246236386931455
case_082,3,3,5,ablation,no_balance,0.068,0.856,True,220046,2985496,0.6235922379715085,721041,50,,3.2767739472655717
case_082,3,3,5,ablation,no_sync,0.238,0.818,True,262152,2780184,0.5038109579917112,721041,50,,2.7504691934450243
case_082,3,3,5,ablation,no_localsearch,0.082,1.419,True,262152,2780184,0.5038109579917112,721041,50,,2.7504691934450243
case_082,3,3,5,ablation,no_cache_aware,0.299,0.85,True,262152,2780184,0.5038109579917112,721041,50,,2.7504691934450243
case_082,3,3,5,ablation,no_level,0.297,1.433,True,242252,2780184,0.4373496998062631,721041,177,,2.976408863497515
case_083,1,1,3,ablation,full,0.114,1.722,True,512623,14842752,,1057993,3,,2.0638812538649263
case_083,1,1,3,ablation,no_comm,0.099,2.096,True,518805,15753056,,1057993,6,,2.039288364607126
case_083,1,1,3,ablation,no_balance,0.033,1.692,True,512623,14842752,,1057993,3,,2.0638812538649263
case_083,1,1,3,ablation,no_sync,0.116,2.194,True,512623,14842752,,1057993,3,,2.0638812538649263
case_083,1,1,3,ablation,no_localsearch,0.048,1.714,True,512623,14842752,,1057993,3,,2.0638812538649263
case_083,1,1,3,ablation,no_cache_aware,0.114,2.201,True,512623,14842752,,1057993,3,,2.0638812538649263
case_083,1,1,3,ablation,no_level,0.11,0.796,True,579215,27912000,,1057993,31,,1.8265980680748946
case_083,1,1,4,ablation,full,0.158,1.336,True,450029,14977600,,1057993,4,,2.350944050272316
case_083,1,1,4,ablation,no_comm,0.126,1.95,True,480342,16274080,,1057993,8,,2.202582743128854
case_083,1,1,4,ablation,no_balance,0.036,1.391,True,450029,14977600,,1057993,4,,2.350944050272316
case_083,1,1,4,ablation,no_sync,0.152,1.371,True,450029,14977600,,1057993,4,,2.350944050272316
case_083,1,1,4,ablation,no_localsearch,0.048,1.978,True,450029,14977600,,1057993,4,,2.350944050272316
case_083,1,1,4,ablation,no_cache_aware,0.153,1.352,True,450029,14977600,,1057993,4,,2.350944050272316
case_083,1,1,4,ablation,no_level,0.148,0.794,True,547412,27912000,,1057993,31,,1.9327179528399085
case_083,1,1,2,ablation,full,0.088,2.669,True,644672,14241216,,1057993,2,,1.6411337858631987
case_083,1,1,2,ablation,no_comm,0.067,3.16,True,643301,15141632,,1057993,4,,1.6446313623016287
case_083,1,1,2,ablation,no_balance,0.034,2.691,True,644672,14241216,,1057993,2,,1.6411337858631987
case_083,1,1,2,ablation,no_sync,0.083,2.701,True,644672,14241216,,1057993,2,,1.6411337858631987
case_083,1,1,2,ablation,no_localsearch,0.049,3.405,True,644672,14241216,,1057993,2,,1.6411337858631987
case_083,1,1,2,ablation,no_cache_aware,0.081,2.681,True,644672,14241216,,1057993,2,,1.6411337858631987
case_083,1,1,2,ablation,no_level,0.077,0.82,True,624895,27912000,,1057993,31,,1.693073236303699
case_083,2,2,2,ablation,full,0.671,0.826,True,644672,14241216,,1057993,2,,1.6411337858631987
case_083,2,2,2,ablation,no_comm,0.064,0.732,True,629725,14189824,,1057993,4,,1.680087339711779
case_083,2,2,2,ablation,no_balance,0.036,1.431,True,644672,14241216,,1057993,2,,1.6411337858631987
case_083,2,2,2,ablation,no_sync,0.081,0.835,True,644672,14241216,,1057993,2,,1.6411337858631987
case_083,2,2,2,ablation,no_localsearch,0.05,1.454,True,644672,14241216,,1057993,2,,1.6411337858631987
case_083,2,2,2,ablation,no_cache_aware,0.083,0.824,True,644672,14241216,,1057993,2,,1.6411337858631987
case_083,2,2,2,ablation,no_level,0.075,1.509,True,644672,14241216,,1057993,31,,1.6411337858631987
case_083,2,2,3,ablation,full,0.117,1.433,True,512623,14842752,,1057993,3,,2.0638812538649263
case_083,2,2,3,ablation,no_comm,0.095,0.671,True,504709,14762688,,1057993,6,,2.0962435779825603
case_083,2,2,3,ablation,no_balance,0.035,1.498,True,512623,14842752,,1057993,3,,2.0638812538649263
case_083,2,2,3,ablation,no_sync,0.116,0.741,True,512623,14842752,,1057993,3,,2.0638812538649263
case_083,2,2,3,ablation,no_localsearch,0.047,0.736,True,512623,14842752,,1057993,3,,2.0638812538649263
case_083,2,2,3,ablation,no_cache_aware,0.118,1.5,True,512623,14842752,,1057993,3,,2.0638812538649263
case_083,2,2,3,ablation,no_level,0.111,0.746,True,512623,14842752,,1057993,31,,2.0638812538649263
case_083,1,1,5,ablation,full,0.195,1.141,True,442480,15058048,,1057993,5,,2.3910527029470257
case_083,1,1,5,ablation,no_comm,0.166,1.804,True,436038,17571424,,1057993,10,,2.4263779762314295
case_083,1,1,5,ablation,no_balance,0.035,1.148,True,442480,15058048,,1057993,5,,2.3910527029470257
case_083,1,1,5,ablation,no_sync,0.193,1.652,True,442480,15058048,,1057993,5,,2.3910527029470257
case_083,1,1,5,ablation,no_localsearch,0.048,1.15,True,442480,15058048,,1057993,5,,2.3910527029470257
case_083,1,1,5,ablation,no_cache_aware,0.193,1.674,True,442480,15058048,,1057993,5,,2.3910527029470257
case_083,1,1,5,ablation,no_level,0.191,0.812,True,542671,27912000,,1057993,31,,1.949602982285768
case_083,2,2,4,ablation,full,0.156,0.684,True,450029,14977600,,1057993,4,,2.350944050272316
case_083,2,2,4,ablation,no_comm,0.132,1.413,True,450086,14933120,,1057993,8,,2.350646320925334
case_083,2,2,4,ablation,no_balance,0.037,0.69,True,450029,14977600,,1057993,4,,2.350944050272316
case_083,2,2,4,ablation,no_sync,0.154,0.69,True,450029,14977600,,1057993,4,,2.350944050272316
case_083,2,2,4,ablation,no_localsearch,0.055,1.364,True,450029,14977600,,1057993,4,,2.350944050272316
case_083,2,2,4,ablation,no_cache_aware,0.153,0.69,True,450029,14977600,,1057993,4,,2.350944050272316
case_083,2,2,4,ablation,no_level,0.151,1.308,True,450029,14977600,,1057993,31,,2.350944050272316
case_083,2,2,5,ablation,full,0.201,0.689,True,442480,15058048,,1057993,5,,2.3910527029470257
case_083,2,2,5,ablation,no_comm,0.185,1.357,True,398012,15238336,,1057993,10,,2.6581937228023276
case_083,2,2,5,ablation,no_balance,0.033,0.638,True,442480,15058048,,1057993,5,,2.3910527029470257
case_083,2,2,5,ablation,no_sync,0.225,0.628,True,442480,15058048,,1057993,5,,2.3910527029470257
case_083,2,2,5,ablation,no_localsearch,0.05,1.309,True,442480,15058048,,1057993,5,,2.3910527029470257
case_083,2,2,5,ablation,no_cache_aware,0.198,0.625,True,442480,15058048,,1057993,5,,2.3910527029470257
case_083,2,2,5,ablation,no_level,0.195,1.344,True,442480,15058048,,1057993,31,,2.3910527029470257
case_083,3,3,2,ablation,full,0.078,1.479,True,535329,14241216,0.7076181170611782,1057993,2,,1.9763416515824848
case_083,3,3,2,ablation,no_comm,0.065,0.739,True,528586,14189824,0.7126938589712374,1057993,4,,2.0015532004252856
case_083,3,3,2,ablation,no_balance,0.033,1.395,True,535329,14241216,0.7076181170611782,1057993,2,,1.9763416515824848
case_083,3,3,2,ablation,no_sync,0.078,0.86,True,535329,14241216,0.7076181170611782,1057993,2,,1.9763416515824848
case_083,3,3,2,ablation,no_localsearch,0.046,1.348,True,535329,14241216,0.7076181170611782,1057993,2,,1.9763416515824848
case_083,3,3,2,ablation,no_cache_aware,0.08,0.861,True,535329,14241216,0.7076181170611782,1057993,2,,1.9763416515824848
case_083,3,3,2,ablation,no_level,0.078,1.343,True,535329,14241216,0.7076181170611782,1057993,31,,1.9763416515824848
case_083,3,3,3,ablation,full,0.124,0.77,True,402691,14842752,0.6590289066365114,1057993,3,,2.627307290205145
case_083,3,3,3,ablation,no_comm,0.094,0.681,True,399857,14762688,0.6832134356044332,1057993,6,,2.645928419409939
case_083,3,3,3,ablation,no_balance,0.034,1.372,True,402691,14842752,0.6590289066365114,1057993,3,,2.627307290205145
case_083,3,3,3,ablation,no_sync,0.116,0.749,True,402691,14842752,0.6590289066365114,1057993,3,,2.627307290205145
case_083,3,3,3,ablation,no_localsearch,0.047,1.395,True,402691,14842752,0.6590289066365114,1057993,3,,2.627307290205145
case_083,3,3,3,ablation,no_cache_aware,0.116,0.746,True,402691,14842752,0.6590289066365114,1057993,3,,2.627307290205145
case_083,3,3,3,ablation,no_level,0.113,1.426,True,402691,14842752,0.6590289066365114,1057993,31,,2.627307290205145
case_083,3,3,4,ablation,full,0.16,0.688,True,333151,14977600,0.6425764561777388,1057993,4,,3.1757161167158436
case_083,3,3,4,ablation,no_comm,0.128,0.683,True,329352,14933120,0.7022708141219204,1057993,8,,3.2123472758629066
case_083,3,3,4,ablation,no_balance,0.034,1.431,True,333151,14977600,0.6425764561777388,1057993,4,,3.1757161167158436
case_083,3,3,4,ablation,no_sync,0.158,0.71,True,333151,14977600,0.6425764561777388,1057993,4,,3.1757161167158436
case_083,3,3,4,ablation,no_localsearch,0.052,0.712,True,333151,14977600,0.6425764561777388,1057993,4,,3.1757161167158436
case_083,3,3,4,ablation,no_cache_aware,0.154,1.409,True,333151,14977600,0.6425764561777388,1057993,4,,3.1757161167158436
case_083,3,3,4,ablation,no_level,0.157,0.715,True,333151,14977600,0.6425764561777388,1057993,31,,3.1757161167158436
case_083,3,3,5,ablation,full,0.199,1.141,True,310731,15058048,0.6756744500592479,1057993,5,,3.40485178498444
case_083,3,3,5,ablation,no_comm,0.17,0.651,True,293896,15238336,0.6471844041652735,1057993,10,,3.599889076407981
case_083,3,3,5,ablation,no_balance,0.034,0.641,True,310731,15058048,0.6756744500592479,1057993,5,,3.40485178498444
case_083,3,3,5,ablation,no_sync,0.687,0.619,True,310731,15058048,0.6756744500592479,1057993,5,,3.40485178498444
case_083,3,3,5,ablation,no_localsearch,0.046,0.641,True,310731,15058048,0.6756744500592479,1057993,5,,3.40485178498444
case_083,3,3,5,ablation,no_cache_aware,0.194,1.15,True,310731,15058048,0.6756744500592479,1057993,5,,3.40485178498444
case_083,3,3,5,ablation,no_level,0.201,0.635,True,310731,15058048,0.6756744500592479,1057993,31,,3.40485178498444
case_084,1,1,4,ablation,full,0.26,15.067,True,629028,0,,2507412,4,,3.986169137144928
case_084,1,1,4,ablation,no_comm,0.317,13.956,True,629132,0,,2507412,4,,3.985510194998824
case_084,1,1,4,ablation,no_balance,0.61,14.38,True,629028,0,,2507412,4,,3.986169137144928
case_084,1,1,4,ablation,no_sync,0.184,15.118,True,629028,0,,2507412,4,,3.986169137144928
case_084,1,1,4,ablation,no_localsearch,0.125,15.136,True,629028,0,,2507412,4,,3.986169137144928
case_084,1,1,4,ablation,no_cache_aware,0.261,15.195,True,629028,0,,2507412,4,,3.986169137144928
case_084,1,1,4,ablation,no_level,0.255,14.577,True,823472,0,,2507412,1077,,3.0449268463287154
case_084,1,1,3,ablation,full,0.214,21.288,True,836220,0,,2507412,3,,2.998507569778288
case_084,1,1,3,ablation,no_comm,0.251,19.202,True,837945,28032,,2507412,6,,2.9923348191110395
case_084,1,1,3,ablation,no_balance,0.081,21.783,True,836220,0,,2507412,3,,2.998507569778288
case_084,1,1,3,ablation,no_sync,0.152,21.201,True,836220,0,,2507412,3,,2.998507569778288
case_084,1,1,3,ablation,no_localsearch,0.123,22.196,True,836220,0,,2507412,3,,2.998507569778288
case_084,1,1,3,ablation,no_cache_aware,0.237,21.431,True,836220,0,,2507412,3,,2.998507569778288
case_084,1,1,3,ablation,no_level,0.202,15.309,True,1039564,0,,2507412,1077,,2.411984254937647
case_084,2,2,2,ablation,full,0.176,4.32,True,1255052,0,,2507412,2,,1.9978550689533183
case_084,2,2,2,ablation,no_comm,0.956,3.708,True,1255759,18432,,2507412,4,,1.9967302643261964
case_084,2,2,2,ablation,no_balance,0.08,4.329,True,1255052,0,,2507412,2,,1.9978550689533183
case_084,2,2,2,ablation,no_sync,0.141,5.166,True,1255052,0,,2507412,2,,1.9978550689533183
case_084,2,2,2,ablation,no_localsearch,0.126,4.308,True,1255052,0,,2507412,2,,1.9978550689533183
case_084,2,2,2,ablation,no_cache_aware,0.175,5.246,True,1255052,0,,2507412,2,,1.9978550689533183
case_084,2,2,2,ablation,no_level,0.16,4.356,True,1255052,0,,2507412,1077,,1.9978550689533183
case_084,1,1,5,ablation,full,0.31,11.804,True,503472,0,,2507412,5,,4.98024120507198
case_084,1,1,5,ablation,no_comm,0.946,11.247,True,503576,0,,2507412,5,,4.979212670977171
case_084,1,1,5,ablation,no_balance,0.09,12.239,True,503472,0,,2507412,5,,4.98024120507198
case_084,1,1,5,ablation,no_sync,0.193,12.463,True,503472,0,,2507412,5,,4.98024120507198
case_084,1,1,5,ablation,no_localsearch,0.121,11.681,True,503472,0,,2507412,5,,4.98024120507198
case_084,1,1,5,ablation,no_cache_aware,0.312,12.392,True,503472,0,,2507412,5,,4.98024120507198
case_084,1,1,5,ablation,no_level,0.303,14.88,True,692360,0,,2507412,1077,,3.621543705586689
case_084,2,2,3,ablation,full,0.218,4.694,True,836220,0,,2507412,3,,2.998507569778288
case_084,2,2,3,ablation,no_comm,0.266,3.3,True,837498,28032,,2507412,6,,2.993931925807584
case_084,2,2,3,ablation,no_balance,0.078,3.84,True,836220,0,,2507412,3,,2.998507569778288
case_084,2,2,3,ablation,no_sync,0.161,4.662,True,836220,0,,2507412,3,,2.998507569778288
case_084,2,2,3,ablation,no_localsearch,0.121,3.85,True,836220,0,,2507412,3,,2.998507569778288
case_084,2,2,3,ablation,no_cache_aware,0.218,4.702,True,836220,0,,2507412,3,,2.998507569778288
case_084,2,2,3,ablation,no_level,0.206,3.957,True,836220,0,,2507412,1077,,2.998507569778288
case_084,2,2,4,ablation,full,0.263,4.001,True,629028,0,,2507412,4,,3.986169137144928
case_084,2,2,4,ablation,no_comm,0.317,3.933,True,629132,0,,2507412,4,,3.985510194998824
case_084,2,2,4,ablation,no_balance,0.083,3.418,True,629028,0,,2507412,4,,3.986169137144928
case_084,2,2,4,ablation,no_sync,0.176,3.892,True,629028,0,,2507412,4,,3.986169137144928
case_084,2,2,4,ablation,no_localsearch,0.132,4.118,True,629028,0,,2507412,4,,3.986169137144928
case_084,2,2,4,ablation,no_cache_aware,0.291,4.282,True,629028,0,,2507412,4,,3.986169137144928
case_084,2,2,4,ablation,no_level,0.252,3.417,True,629028,0,,2507412,1077,,3.986169137144928
case_084,2,2,5,ablation,full,0.301,3.391,True,503472,0,,2507412,5,,4.98024120507198
case_084,2,2,5,ablation,no_comm,0.396,4.231,True,503576,0,,2507412,5,,4.979212670977171
case_084,2,2,5,ablation,no_balance,0.097,3.767,True,503472,0,,2507412,5,,4.98024120507198
case_084,2,2,5,ablation,no_sync,0.186,3.394,True,503472,0,,2507412,5,,4.98024120507198
case_084,2,2,5,ablation,no_localsearch,0.123,3.423,True,503472,0,,2507412,5,,4.98024120507198
case_084,2,2,5,ablation,no_cache_aware,0.31,3.425,True,503472,0,,2507412,5,,4.98024120507198
case_084,2,2,5,ablation,no_level,1.104,3.595,True,503472,0,,2507412,1077,,4.98024120507198
case_084,3,3,2,ablation,full,0.174,4.651,True,1255052,0,0.0,2507412,2,,1.9978550689533183
case_084,3,3,2,ablation,no_comm,0.176,4.092,True,1255759,18432,0.0,2507412,4,,1.9967302643261964
case_084,3,3,2,ablation,no_balance,0.079,4.664,True,1255052,0,0.0,2507412,2,,1.9978550689533183
case_084,3,3,2,ablation,no_sync,0.71,4.129,True,1255052,0,0.0,2507412,2,,1.9978550689533183
case_084,3,3,2,ablation,no_localsearch,0.126,4.759,True,1255052,0,0.0,2507412,2,,1.9978550689533183
case_084,3,3,2,ablation,no_cache_aware,0.162,4.713,True,1255052,0,0.0,2507412,2,,1.9978550689533183
case_084,3,3,2,ablation,no_level,0.161,4.698,True,1255052,0,0.0,2507412,1077,,1.9978550689533183
case_084,1,1,2,ablation,full,0.163,41.788,True,1255052,0,,2507412,2,,1.9978550689533183
case_084,1,1,2,ablation,no_comm,0.198,39.276,True,1256207,18432,,2507412,4,,1.9960181721643009
case_084,1,1,2,ablation,no_balance,0.081,40.764,True,1255052,0,,2507412,2,,1.9978550689533183
case_084,1,1,2,ablation,no_sync,0.14,42.932,True,1255052,0,,2507412,2,,1.9978550689533183
case_084,1,1,2,ablation,no_localsearch,0.125,41.103,True,1255052,0,,2507412,2,,1.9978550689533183
case_084,1,1,2,ablation,no_cache_aware,0.17,39.834,True,1255052,0,,2507412,2,,1.9978550689533183
case_084,1,1,2,ablation,no_level,0.165,15.864,True,1476604,0,,2507412,1077,,1.6980937340004496
case_084,3,3,3,ablation,full,0.212,3.841,True,836220,0,0.0,2507412,3,,2.998507569778288
case_084,3,3,3,ablation,no_comm,0.259,3.268,True,837498,28032,0.0,2507412,6,,2.993931925807584
case_084,3,3,3,ablation,no_balance,0.838,4.057,True,836220,0,0.0,2507412,3,,2.998507569778288
case_084,3,3,3,ablation,no_sync,0.16,3.898,True,836220,0,0.0,2507412,3,,2.998507569778288
case_084,3,3,3,ablation,no_localsearch,0.121,4.717,True,836220,0,0.0,2507412,3,,2.998507569778288
case_084,3,3,3,ablation,no_cache_aware,0.212,3.907,True,836220,0,0.0,2507412,3,,2.998507569778288
case_084,3,3,3,ablation,no_level,0.207,3.913,True,836220,0,0.0,2507412,1077,,2.998507569778288
case_084,3,3,4,ablation,full,0.256,3.932,True,629028,0,0.0,2507412,4,,3.986169137144928
case_084,3,3,4,ablation,no_comm,0.317,3.934,True,629132,0,0.0,2507412,4,,3.985510194998824
case_084,3,3,4,ablation,no_balance,0.08,4.073,True,629028,0,0.0,2507412,4,,3.986169137144928
case_084,3,3,4,ablation,no_sync,0.178,3.489,True,629028,0,0.0,2507412,4,,3.986169137144928
case_084,3,3,4,ablation,no_localsearch,0.123,3.937,True,629028,0,0.0,2507412,4,,3.986169137144928
case_084,3,3,4,ablation,no_cache_aware,0.267,3.999,True,629028,0,0.0,2507412,4,,3.986169137144928
case_084,3,3,4,ablation,no_level,0.247,4.15,True,629028,0,0.0,2507412,1077,,3.986169137144928
case_084,3,3,5,ablation,full,0.313,3.399,True,503472,0,0.0,2507412,5,,4.98024120507198
case_084,3,3,5,ablation,no_comm,0.391,4.042,True,503576,0,0.0,2507412,5,,4.979212670977171
case_084,3,3,5,ablation,no_balance,0.079,3.439,True,503472,0,0.0,2507412,5,,4.98024120507198
case_084,3,3,5,ablation,no_sync,0.197,3.352,True,503472,0,0.0,2507412,5,,4.98024120507198
case_084,3,3,5,ablation,no_localsearch,0.77,3.404,True,503472,0,0.0,2507412,5,,4.98024120507198
case_084,3,3,5,ablation,no_cache_aware,0.306,3.383,True,503472,0,0.0,2507412,5,,4.98024120507198
case_084,3,3,5,ablation,no_level,0.3,4.175,True,503472,0,0.0,2507412,1077,,4.98024120507198
case_079,1,1,2,ablation,full,0.425,180.01,True,15500252,32555008,,31052251,2,,2.003338461852104
case_079,1,1,2,ablation,no_comm,0.236,230.002,True,15500252,32555008,,31052251,2,,2.003338461852104
case_079,1,1,2,ablation,no_balance,0.227,228.895,True,15500252,32555008,,31052251,2,,2.003338461852104
case_079,1,1,2,ablation,no_sync,0.436,215.345,True,15500252,32555008,,31052251,2,,2.003338461852104
case_079,1,1,2,ablation,no_localsearch,0.256,218.276,True,15500252,32555008,,31052251,2,,2.003338461852104
case_079,1,1,2,ablation,no_cache_aware,0.446,221.819,True,15500252,32555008,,31052251,2,,2.003338461852104
case_079,1,1,2,ablation,no_level,0.42,12.253,True,14723450,36765696,,31052251,18,,2.1090336164417987
case_085,1,1,3,ablation,full,0.699,10.398,True,3200752,2500136,,3187899,12,,0.995984381170425
case_085,1,1,3,ablation,no_comm,1.067,10.135,True,3198603,2500260,,3187899,13,,0.9966535390606461
case_085,1,1,3,ablation,no_balance,0.297,10.17,True,3198323,2608108,,3187899,14,,0.9967407919712925
case_085,1,1,3,ablation,no_sync,0.699,10.22,True,3200752,2500136,,3187899,12,,0.995984381170425
case_085,1,1,3,ablation,no_localsearch,0.36,10.137,True,3200752,2500136,,3187899,12,,0.995984381170425
case_085,1,1,3,ablation,no_cache_aware,1.206,10.4,True,3200752,2500136,,3187899,12,,0.995984381170425
case_085,1,1,3,ablation,no_level,0.674,10.795,True,3210983,2479278,,3187899,36,,0.9928109242559054
case_085,1,1,4,ablation,full,1.158,9.06,True,1051445,10325980,,3187899,106,,3.0319217838308234
case_085,1,1,4,ablation,no_comm,1.353,15.225,True,3194331,2243752,,3187899,14,,0.9979864328399279
case_085,1,1,4,ablation,no_balance,0.313,8.917,True,948232,8025052,,3187899,112,,3.3619399050021515
case_085,1,1,4,ablation,no_sync,0.867,9.217,True,1051445,10325980,,3187899,106,,3.0319217838308234
case_085,1,1,4,ablation,no_localsearch,0.378,9.14,True,1051445,10325980,,3187899,106,,3.0319217838308234
case_085,1,1,4,ablation,no_cache_aware,1.881,9.414,True,1051445,10325980,,3187899,106,,3.0319217838308234
case_085,1,1,4,ablation,no_level,1.154,15.359,True,1082184,13830658,,3187899,675,,2.9458012685458295
case_085,1,1,5,ablation,full,1.485,9.554,True,990766,10240282,,3187899,133,,3.217610414568122
case_085,1,1,5,ablation,no_comm,0.864,9.223,True,2920734,5047262,,3187899,31,,1.0914718697423318
case_085,1,1,5,ablation,no_balance,0.327,8.504,True,909962,11301760,,3187899,140,,3.5033320072706333
case_085,1,1,5,ablation,no_sync,1.089,9.976,True,990766,10240282,,3187899,133,,3.217610414568122
case_085,1,1,5,ablation,no_localsearch,0.408,10.001,True,990766,10240282,,3187899,133,,3.217610414568122
case_085,1,1,5,ablation,no_cache_aware,1.554,9.883,True,990766,10240282,,3187899,133,,3.217610414568122
case_085,1,1,5,ablation,no_level,1.456,15.493,True,1056737,13830658,,3187899,675,,3.0167383180488616
case_085,1,1,2,ablation,full,0.509,25.726,True,3190454,1142228,,3187899,6,,0.9991991735345502
case_085,1,1,2,ablation,no_comm,0.361,26.041,True,3191791,1029264,,3187899,6,,0.9987806219141542
case_085,1,1,2,ablation,no_balance,0.295,14.184,True,3194629,1921502,,3187899,9,,0.9978933391013479
case_085,1,1,2,ablation,no_sync,0.513,26.048,True,3190454,1142228,,3187899,6,,0.9991991735345502
case_085,1,1,2,ablation,no_localsearch,0.354,26.55,True,3190454,1142228,,3187899,6,,0.9991991735345502
case_085,1,1,2,ablation,no_cache_aware,0.494,26.04,True,3190454,1142228,,3187899,6,,0.9991991735345502
case_085,1,1,2,ablation,no_level,0.499,13.935,True,3200296,1787038,,3187899,33,,0.9961262958176369
case_085,2,2,2,ablation,full,0.513,9.025,True,3188387,1008134,,3187899,6,,0.999846944552214
case_085,2,2,2,ablation,no_comm,0.35,8.746,True,3189598,1005190,,3187899,6,,0.9994673309928085
case_085,2,2,2,ablation,no_balance,0.297,9.041,True,3195433,1779718,,3187899,9,,0.9976422600630337
case_085,2,2,2,ablation,no_sync,0.518,8.181,True,3188387,1008134,,3187899,6,,0.999846944552214
case_085,2,2,2,ablation,no_localsearch,0.999,8.302,True,3188387,1008134,,3187899,6,,0.999846944552214
case_085,2,2,2,ablation,no_cache_aware,1.102,8.242,True,3188387,1008134,,3187899,6,,0.999846944552214
case_085,2,2,2,ablation,no_level,1.066,8.054,True,3191285,1008134,,3187899,33,,0.9989389853930314
case_085,2,2,3,ablation,full,0.71,6.958,True,3196214,2472972,,3187899,12,,0.9973984845820711
case_085,2,2,3,ablation,no_comm,0.493,7.713,True,3196048,2470156,,3187899,13,,0.9974502886064289
case_085,2,2,3,ablation,no_balance,0.287,7.096,True,3195272,2473228,,3187899,14,,0.9976925282104309
case_085,2,2,3,ablation,no_sync,0.66,7.08,True,3196214,2472972,,3187899,12,,0.9973984845820711
case_085,2,2,3,ablation,no_localsearch,1.027,7.165,True,3196214,2472972,,3187899,12,,0.9973984845820711
case_085,2,2,3,ablation,no_cache_aware,0.677,7.127,True,3196214,2472972,,3187899,12,,0.9973984845820711
case_085,2,2,3,ablation,no_level,1.323,7.068,True,3199670,2472972,,3187899,36,,0.9963211831220095
case_085,2,2,4,ablation,full,1.177,8.062,True,951905,7573906,,3187899,106,,3.348967596556379
case_085,2,2,4,ablation,no_comm,0.676,6.863,True,3188961,2117906,,3187899,14,,0.9996669761718628
case_085,2,2,4,ablation,no_balance,0.315,8.256,True,885312,8299154,,3187899,112,,3.600876301236174
case_085,2,2,4,ablation,no_sync,0.873,7.93,True,951905,7573906,,3187899,106,,3.348967596556379
case_085,2,2,4,ablation,no_localsearch,0.378,8.007,True,951905,7573906,,3187899,106,,3.348967596556379
case_085,2,2,4,ablation,no_cache_aware,1.166,8.11,True,951905,7573906,,3187899,106,,3.348967596556379
case_085,2,2,4,ablation,no_level,1.145,7.946,True,1017228,7573906,,3187899,675,,3.1339080324175113
case_085,3,3,3,ablation,full,0.673,7.084,True,3196213,2472972,0.1188103162642276,3187899,12,,0.9973987966383967
case_085,3,3,3,ablation,no_comm,0.496,7.828,True,3196045,2470156,0.11861486172108911,3187899,13,,0.9974512248732418
case_085,3,3,3,ablation,no_balance,0.289,7.153,True,3195270,2473228,0.11876439448682617,3187899,14,,0.9976931526913219
case_085,3,3,3,ablation,no_sync,0.686,7.024,True,3196213,2472972,0.1188103162642276,3187899,12,,0.9973987966383967
case_085,3,3,3,ablation,no_localsearch,1.01,7.184,True,3196213,2472972,0.1188103162642276,3187899,12,,0.9973987966383967
case_085,3,3,3,ablation,no_cache_aware,0.668,7.034,True,3196213,2472972,0.1188103162642276,3187899,12,,0.9973987966383967
case_085,3,3,3,ablation,no_level,1.355,7.068,True,3199670,2472972,0.11889422323286396,3187899,36,,0.9963211831220095
case_085,2,2,5,ablation,full,2.252,7.767,True,918113,10567444,,3187899,133,,3.4722294532372375
case_085,2,2,5,ablation,no_comm,0.833,6.824,True,2906729,3811224,,3187899,31,,1.0967307237792034
case_085,2,2,5,ablation,no_balance,0.316,7.992,True,845599,9815448,,3187899,140,,3.769989084660696
case_085,2,2,5,ablation,no_sync,1.05,7.727,True,918113,10567444,,3187899,133,,3.4722294532372375
case_085,2,2,5,ablation,no_localsearch,0.395,7.719,True,918113,10567444,,3187899,133,,3.4722294532372375
case_085,2,2,5,ablation,no_cache_aware,1.457,7.744,True,918113,10567444,,3187899,133,,3.4722294532372375
case_085,2,2,5,ablation,no_level,1.443,7.728,True,953576,10567444,,3187899,675,,3.3430990293379867
case_085,3,3,2,ablation,full,1.071,8.308,True,3188387,1008134,0.06607115037845755,3187899,6,,0.999846944552214
case_085,3,3,2,ablation,no_comm,0.91,8.802,True,3189598,1005190,0.0661147177032807,3187899,6,,0.9994673309928085
case_085,3,3,2,ablation,no_balance,0.305,8.337,True,3195427,1779718,0.09797679439957563,3187899,9,,0.9976441333192716
case_085,3,3,2,ablation,no_sync,1.11,8.212,True,3188387,1008134,0.06607115037845755,3187899,6,,0.999846944552214
case_085,3,3,2,ablation,no_localsearch,1.038,8.213,True,3188387,1008134,0.06607115037845755,3187899,6,,0.999846944552214
case_085,3,3,2,ablation,no_cache_aware,1.129,8.203,True,3188387,1008134,0.06607115037845755,3187899,6,,0.999846944552214
case_085,3,3,2,ablation,no_level,1.092,8.226,True,3191285,1008134,0.06607115037845755,3187899,33,,0.9989389853930314
case_086,1,1,2,ablation,full,0.188,2.067,True,124936,956490,,118403,13,,0.9477092271242876
case_086,1,1,2,ablation,no_comm,0.1,2.557,True,120940,199686,,118403,3,,0.9790226558624111
case_086,1,1,2,ablation,no_balance,0.088,2.267,True,107472,1207184,,118403,16,,1.1017102128926604
case_086,1,1,2,ablation,no_sync,0.14,1.306,True,124936,956490,,118403,13,,0.9477092271242876
case_086,1,1,2,ablation,no_localsearch,0.107,1.323,True,124936,956490,,118403,13,,0.9477092271242876
case_086,1,1,2,ablation,no_cache_aware,0.162,1.378,True,124936,956490,,118403,13,,0.9477092271242876
case_086,1,1,2,ablation,no_level,0.975,1.853,True,120441,1945986,,118403,177,,0.9830788518859856
case_086,1,1,3,ablation,full,0.447,2.115,True,62250,1153664,,118403,22,,1.9020562248995985
case_086,1,1,3,ablation,no_comm,0.132,1.449,True,108271,1348790,,118403,19,,1.093579998337505
case_086,1,1,3,ablation,no_balance,0.084,1.471,True,63329,1148996,,118403,30,,1.8696489759825672
case_086,1,1,3,ablation,no_sync,0.187,2.175,True,82484,1315280,,118403,26,,1.4354662722467388
case_086,1,1,3,ablation,no_localsearch,0.11,1.431,True,82484,1315280,,118403,26,,1.4354662722467388
case_086,1,1,3,ablation,no_cache_aware,0.445,2.142,True,62250,1153664,,118403,22,,1.9020562248995985
case_086,1,1,3,ablation,no_level,0.439,1.879,True,84089,1945986,,118403,177,,1.4080676426167513
case_085,3,3,4,ablation,full,1.169,7.93,True,951722,7573906,0.4962956096536242,3187899,106,,3.349611546228836
case_085,3,3,4,ablation,no_comm,0.666,6.855,True,3188957,2117906,0.12240977719855255,3187899,14,,0.9996682300827512
case_085,3,3,4,ablation,no_balance,0.313,8.091,True,885125,8299154,0.4872041902676347,3187899,112,,3.6016370569128653
case_085,3,3,4,ablation,no_sync,0.871,7.967,True,951722,7573906,0.4962956096536242,3187899,106,,3.349611546228836
case_085,3,3,4,ablation,no_localsearch,0.399,7.796,True,951722,7573906,0.4962956096536242,3187899,106,,3.349611546228836
case_085,3,3,4,ablation,no_cache_aware,1.965,8.079,True,951722,7573906,0.4962956096536242,3187899,106,,3.349611546228836
case_085,3,3,4,ablation,no_level,1.121,7.934,True,1016156,7573906,0.46078072818525684,3187899,675,,3.1372141679033536
case_086,1,1,4,ablation,full,0.582,1.57,True,70784,1497402,,118403,33,,1.6727367766726944
case_086,1,1,4,ablation,no_comm,0.179,1.477,True,83453,1608940,,118403,24,,1.4187986052029287
case_086,1,1,4,ablation,no_balance,0.085,2.343,True,56811,1738222,,118403,40,,2.084156237348401
case_086,1,1,4,ablation,no_sync,0.471,1.593,True,70784,1497402,,118403,33,,1.6727367766726944
case_086,1,1,4,ablation,no_localsearch,0.105,1.592,True,64747,1406622,,118403,33,,1.8287024881461689
case_086,1,1,4,ablation,no_cache_aware,0.59,1.609,True,70784,1497402,,118403,33,,1.6727367766726944
case_086,1,1,4,ablation,no_level,0.579,2.48,True,109773,1945986,,118403,177,,1.0786167819044756
case_086,1,1,5,ablation,full,0.685,1.562,True,84684,1084418,,118403,27,,1.398174389495064
case_086,1,1,5,ablation,no_comm,0.842,2.205,True,99496,948422,,118403,13,,1.1900277398086356
case_086,1,1,5,ablation,no_balance,0.082,1.703,True,59093,1726844,,118403,50,,2.0036721777537103
case_086,1,1,5,ablation,no_sync,0.555,1.513,True,84736,1300148,,118403,34,,1.3973163708459215
case_086,1,1,5,ablation,no_localsearch,0.103,1.986,True,65438,1656726,,118403,45,,1.8093920963354626
case_086,1,1,5,ablation,no_cache_aware,0.675,1.587,True,84684,1084418,,118403,27,,1.398174389495064
case_086,1,1,5,ablation,no_level,0.679,1.884,True,102544,1945986,,118403,177,,1.1546555624902481
case_086,2,2,2,ablation,full,0.162,1.025,True,118380,498726,,118403,13,,1.000194289575942
case_086,2,2,2,ablation,no_comm,0.085,0.934,True,120107,199302,,118403,3,,0.9858126503867385
case_086,2,2,2,ablation,no_balance,0.085,1.866,True,97150,537894,,118403,16,,1.2187647967061246
case_086,2,2,2,ablation,no_sync,0.15,1.059,True,118380,498726,,118403,13,,1.000194289575942
case_086,2,2,2,ablation,no_localsearch,0.881,1.031,True,118380,498726,,118403,13,,1.000194289575942
case_086,2,2,2,ablation,no_cache_aware,0.16,1.07,True,118380,498726,,118403,13,,1.000194289575942
case_086,2,2,2,ablation,no_level,0.157,1.858,True,84681,498726,,118403,177,,1.398223922721744
case_086,2,2,3,ablation,full,0.451,1.009,True,58099,773580,,118403,22,,2.0379524604554295
case_086,2,2,3,ablation,no_comm,0.129,1.683,True,102656,713452,,118403,19,,1.1533958073566084
case_086,2,2,3,ablation,no_balance,0.085,1.051,True,56828,919116,,118403,30,,2.083532765538115
case_086,2,2,3,ablation,no_sync,0.188,0.967,True,71381,766284,,118403,26,,1.6587467253190624
case_086,2,2,3,ablation,no_localsearch,0.104,1.758,True,71381,766284,,118403,26,,1.6587467253190624
case_086,2,2,3,ablation,no_cache_aware,0.462,0.97,True,58099,773580,,118403,22,,2.0379524604554295
case_086,2,2,3,ablation,no_level,0.463,1.765,True,60540,773580,,118403,177,,1.9557813016187644
case_086,2,2,4,ablation,full,0.602,1.538,True,57534,905778,,118403,33,,2.05796572461501
case_086,2,2,4,ablation,no_comm,0.178,1.516,True,79381,964306,,118403,24,,1.4915785893349793
case_086,2,2,4,ablation,no_balance,0.085,1.037,True,48176,1406322,,118403,40,,2.4577175357024243
case_086,2,2,4,ablation,no_sync,0.473,1.573,True,57534,905778,,118403,33,,2.05796572461501
case_086,2,2,4,ablation,no_localsearch,0.1,0.979,True,58757,1156626,,118403,33,,2.0151301121568492
case_086,2,2,4,ablation,no_cache_aware,0.586,1.556,True,57534,905778,,118403,33,,2.05796572461501
case_086,2,2,4,ablation,no_level,0.589,0.943,True,69696,905778,,118403,177,,1.6988492883379247
case_086,2,2,5,ablation,full,0.69,0.866,True,81033,700342,,118403,28,,1.4611701405600188
case_086,2,2,5,ablation,no_comm,0.674,0.884,True,96419,909720,,118403,25,,1.2280048538151194
case_086,2,2,5,ablation,no_balance,0.086,1.872,True,50844,1895832,,118403,50,,2.328750688380143
case_086,2,2,5,ablation,no_sync,0.561,0.868,True,75520,747192,,118403,34,,1.5678363347457627
case_086,2,2,5,ablation,no_localsearch,0.104,1.806,True,57299,1403638,,118403,45,,2.066406045480724
case_086,2,2,5,ablation,no_cache_aware,0.677,0.846,True,81033,700342,,118403,28,,1.4611701405600188
case_086,2,2,5,ablation,no_level,0.698,0.891,True,71606,700342,,118403,177,,1.6535346200039103
case_086,3,3,2,ablation,full,0.158,1.089,True,118365,498726,0.1563552229352877,118403,13,,1.0003210408482237
case_086,3,3,2,ablation,no_comm,0.092,1.681,True,120105,199302,0.07405322275011672,118403,3,,0.9858290662337121
case_086,3,3,2,ablation,no_balance,0.083,1.076,True,97113,537894,0.1951311273835086,118403,16,,1.2192291454285213
case_086,3,3,2,ablation,no_sync,0.145,1.069,True,118365,498726,0.1563552229352877,118403,13,,1.0003210408482237
case_086,3,3,2,ablation,no_localsearch,0.104,1.772,True,118365,498726,0.1563552229352877,118403,13,,1.0003210408482237
case_086,3,3,2,ablation,no_cache_aware,0.162,1.157,True,118365,498726,0.1563552229352877,118403,13,,1.0003210408482237
case_086,3,3,2,ablation,no_level,0.174,1.858,True,84681,498726,0.15651356224673788,118403,177,,1.398223922721744
case_085,3,3,5,ablation,full,1.46,7.631,True,915967,10567444,0.5853791207722834,3187899,133,,3.480364467278843
case_085,3,3,5,ablation,no_comm,0.849,7.295,True,2906698,3811224,0.19972225872192637,3187899,31,,1.096742420437211
case_085,3,3,5,ablation,no_balance,0.317,7.816,True,845383,9815448,0.5965681231708895,3187899,140,,3.770952337579535
case_085,3,3,5,ablation,no_sync,1.074,7.54,True,915967,10567444,0.5853791207722834,3187899,133,,3.480364467278843
case_085,3,3,5,ablation,no_localsearch,0.381,8.266,True,915967,10567444,0.5853791207722834,3187899,133,,3.480364467278843
case_085,3,3,5,ablation,no_cache_aware,1.456,7.626,True,915967,10567444,0.5853791207722834,3187899,133,,3.480364467278843
case_085,3,3,5,ablation,no_level,1.468,7.583,True,948085,10567444,0.5918691286755811,3187899,675,,3.362461171730383
case_086,3,3,3,ablation,full,0.45,1.576,True,58095,773580,0.3310647595438519,118403,22,,2.0380927790687666
case_086,3,3,3,ablation,no_comm,0.13,0.977,True,102630,713452,0.2886426435861053,118403,19,,1.1536880054564942
case_086,3,3,3,ablation,no_balance,0.081,1.604,True,56747,919116,0.3121051033879041,118403,30,,2.0865067756885827
case_086,3,3,3,ablation,no_sync,0.186,1.038,True,71365,766284,0.31814564316733074,118403,26,,1.6591186155678554
case_086,3,3,3,ablation,no_localsearch,0.102,1.63,True,71365,766284,0.31814564316733074,118403,26,,1.6591186155678554
case_086,3,3,3,ablation,no_cache_aware,0.446,1.028,True,58095,773580,0.3310647595438519,118403,22,,2.0380927790687666
case_086,3,3,3,ablation,no_level,0.438,1.576,True,60183,773580,0.29639486871421294,118403,177,,1.9673828157453102
case_086,3,3,4,ablation,full,0.287,1.78,True,58427,1156626,0.44307036579010817,118403,33,,2.0265117154740104
case_086,3,3,4,ablation,no_comm,0.179,0.975,True,79326,964306,0.2784511046932699,118403,24,,1.492612762524267
case_086,3,3,4,ablation,no_balance,0.09,1.064,True,45573,1406322,0.43276809011858763,118403,40,,2.5980953634827637
case_086,3,3,4,ablation,no_sync,1.024,0.963,True,58427,1156626,0.44307036579010817,118403,33,,2.0265117154740104
case_086,3,3,4,ablation,no_localsearch,0.103,1.016,True,58427,1156626,0.44307036579010817,118403,33,,2.0265117154740104
case_086,3,3,4,ablation,no_cache_aware,0.597,1.83,True,57363,905778,0.24926185900114203,118403,33,,2.0641005526210274
case_086,3,3,4,ablation,no_level,0.276,0.983,True,65590,1156626,0.46276376476810477,118403,177,,1.805198963256594
case_086,3,3,5,ablation,full,0.8,0.983,True,58082,1293814,0.3958785827784907,118403,33,,2.0385489480389793
case_086,3,3,5,ablation,no_comm,0.242,1.774,True,69164,1248696,0.3495080184633131,118403,38,,1.7119166040136486
case_086,3,3,5,ablation,no_balance,0.084,1.04,True,45220,1895832,0.5134213725199783,118403,50,,2.6183768244139762
case_086,3,3,5,ablation,no_sync,0.671,0.997,True,54234,1279606,0.4471604629116211,118403,43,,2.183187668252388
case_086,3,3,5,ablation,no_localsearch,0.109,1.807,True,56492,1403638,0.5045136408117105,118403,45,,2.095925086737945
case_086,3,3,5,ablation,no_cache_aware,0.679,0.875,True,80982,700342,0.29965504376834945,118403,28,,1.4620903410634463
case_086,3,3,5,ablation,no_level,0.823,1.808,True,53636,1293814,0.38666635858533793,118403,177,,2.2075285256171227
case_087,1,1,4,ablation,full,1.604,29.343,True,1214797,22219660,,3974071,97,,3.271386906618966
case_087,1,1,4,ablation,no_comm,1.033,88.533,True,1931510,11290064,,3974071,10,,2.057494395576518
case_087,1,1,4,ablation,no_balance,1.366,26.586,True,1152694,22261304,,3974071,100,,3.447637447579323
case_087,1,1,4,ablation,no_sync,2.138,28.35,True,1214797,22219660,,3974071,97,,3.271386906618966
case_087,1,1,4,ablation,no_localsearch,1.494,28.324,True,1214797,22219660,,3974071,97,,3.271386906618966
case_087,1,1,4,ablation,no_cache_aware,1.565,29.534,True,1214797,22219660,,3974071,97,,3.271386906618966
case_087,1,1,4,ablation,no_level,1.515,31.215,True,1383970,38614404,,3974071,1060,,2.871500827330072
case_087,1,1,5,ablation,full,2.032,30.044,True,996858,24196298,,3974071,120,,3.9865968874202746
case_087,1,1,5,ablation,no_comm,1.269,94.116,True,1318140,12112882,,3974071,13,,3.0149081281199264
case_087,1,1,5,ablation,no_balance,0.467,29.505,True,965586,23677874,,3974071,119,,4.115709009865512
case_087,1,1,5,ablation,no_sync,1.507,30.149,True,996858,24196298,,3974071,120,,3.9865968874202746
case_087,1,1,5,ablation,no_localsearch,0.566,29.918,True,996858,24196298,,3974071,120,,3.9865968874202746
case_087,1,1,5,ablation,no_cache_aware,1.924,30.29,True,996858,24196298,,3974071,120,,3.9865968874202746
case_087,1,1,5,ablation,no_level,1.904,30.782,True,1187602,38614404,,3974071,1060,,3.3462986758190034
case_087,1,1,3,ablation,full,1.799,28.854,True,1558840,18738296,,3974071,74,,2.549377100921198
case_087,1,1,3,ablation,no_comm,1.389,163.324,True,1890864,10045712,,3974071,6,,2.101722281454404
case_087,1,1,3,ablation,no_balance,0.465,26.991,True,1624569,19610568,,3974071,72,,2.4462309695679285
case_087,1,1,3,ablation,no_sync,0.994,28.896,True,1558840,18738296,,3974071,74,,2.549377100921198
case_087,1,1,3,ablation,no_localsearch,0.537,28.555,True,1558840,18738296,,3974071,74,,2.549377100921198
case_087,1,1,3,ablation,no_cache_aware,1.199,29.894,True,1558840,18738296,,3974071,74,,2.549377100921198
case_087,1,1,3,ablation,no_level,1.184,32.144,True,1741517,38614404,,3974071,1060,,2.2819593492340298
case_087,2,2,3,ablation,full,1.232,10.283,True,1535234,17448692,,3974071,74,,2.588576725111612
case_087,2,2,3,ablation,no_comm,0.748,11.232,True,1872415,10054444,,3974071,6,,2.122430657733462
case_087,2,2,3,ablation,no_balance,0.458,10.235,True,1571708,17458704,,3974071,72,,2.528504658626157
case_087,2,2,3,ablation,no_sync,0.969,10.046,True,1535234,17448692,,3974071,74,,2.588576725111612
case_087,2,2,3,ablation,no_localsearch,0.554,9.986,True,1535234,17448692,,3974071,74,,2.588576725111612
case_087,2,2,3,ablation,no_cache_aware,1.198,10.038,True,1535234,17448692,,3974071,74,,2.588576725111612
case_087,2,2,3,ablation,no_level,1.221,9.647,True,1579046,17617460,,3974071,1060,,2.5167544200738927
case_087,2,2,2,ablation,full,0.724,16.009,True,2580608,10189632,,3974071,3,,1.5399746881355092
case_087,2,2,2,ablation,no_comm,0.508,10.006,True,2559747,8570742,,3974071,4,,1.5525249175016125
case_087,2,2,2,ablation,no_balance,0.445,9.28,True,2640425,10311046,,3974071,3,,1.505087627938684
case_087,2,2,2,ablation,no_sync,1.585,15.967,True,2580608,10189632,,3974071,3,,1.5399746881355092
case_087,2,2,2,ablation,no_localsearch,0.504,14.959,True,2580608,10189632,,3974071,3,,1.5399746881355092
case_087,2,2,2,ablation,no_cache_aware,1.594,15.014,True,2580608,10189632,,3974071,3,,1.5399746881355092
case_087,2,2,2,ablation,no_level,1.611,16.092,True,2602850,10143552,,3974071,212,,1.52681522177613
case_087,2,2,4,ablation,full,1.586,9.848,True,1167791,21883552,,3974071,97,,3.4030669871578048
case_087,2,2,4,ablation,no_comm,1.601,10.103,True,1683315,11183596,,3974071,10,,2.3608599697620467
case_087,2,2,4,ablation,no_balance,0.439,10.347,True,1140911,21730796,,3974071,100,,3.483243653536516
case_087,2,2,4,ablation,no_sync,1.891,9.815,True,1167791,21883552,,3974071,97,,3.4030669871578048
case_087,2,2,4,ablation,no_localsearch,0.529,10.509,True,1167791,21883552,,3974071,97,,3.4030669871578048
case_087,2,2,4,ablation,no_cache_aware,1.539,10.577,True,1167791,21883552,,3974071,97,,3.4030669871578048
case_087,2,2,4,ablation,no_level,1.509,10.234,True,1255628,21678320,,3974071,1060,,3.165006673951202
case_087,2,2,5,ablation,full,2.761,10.635,True,979657,25140586,,3974071,120,,4.056594297800149
case_087,2,2,5,ablation,no_comm,1.243,9.795,True,1089308,11828278,,3974071,13,,3.648252835745262
case_087,2,2,5,ablation,no_balance,1.319,10.696,True,977276,24815464,,3974071,119,,4.066477637842329
case_087,2,2,5,ablation,no_sync,1.506,10.774,True,979657,25140586,,3974071,120,,4.056594297800149
case_087,2,2,5,ablation,no_localsearch,0.561,9.635,True,979657,25140586,,3974071,120,,4.056594297800149
case_087,2,2,5,ablation,no_cache_aware,2.82,10.914,True,979657,25140586,,3974071,120,,4.056594297800149
case_087,2,2,5,ablation,no_level,1.874,10.513,True,1062949,25240682,,3974071,1060,,3.738722177639755
case_087,3,3,2,ablation,full,0.745,14.809,True,2577579,10189632,0.12969030009222482,3974071,3,,1.5417843643201625
case_087,3,3,2,ablation,no_comm,1.378,10.167,True,2558841,8570742,0.13231838871850954,3974071,4,,1.5530746146399874
case_087,3,3,2,ablation,no_balance,0.416,9.456,True,2636901,10311046,0.20362258882416248,3974071,3,,1.507099053017159
case_087,3,3,2,ablation,no_sync,1.608,16.419,True,2577579,10189632,0.12969030009222482,3974071,3,,1.5417843643201625
case_087,3,3,2,ablation,no_localsearch,0.508,15.154,True,2577579,10189632,0.12969030009222482,3974071,3,,1.5417843643201625
case_087,3,3,2,ablation,no_cache_aware,1.62,16.258,True,2577579,10189632,0.12969030009222482,3974071,3,,1.5417843643201625
case_087,3,3,2,ablation,no_level,0.708,15.202,True,2600460,10143552,0.15036617906720542,3974071,212,,1.5282184690400928
case_087,3,3,3,ablation,full,1.239,10.583,True,1529780,17448692,0.3795888939238888,3974071,74,,2.5978055668135287
case_087,3,3,3,ablation,no_comm,0.724,11.441,True,1870002,10054444,0.24297671244623292,3974071,6,,2.1251693848455777
case_087,3,3,3,ablation,no_balance,0.464,9.78,True,1565365,17458704,0.41144164306065567,3974071,72,,2.5387503872898654
case_087,3,3,3,ablation,no_sync,1.665,10.57,True,1529780,17448692,0.3795888939238888,3974071,74,,2.5978055668135287
case_087,3,3,3,ablation,no_localsearch,0.536,9.852,True,1529780,17448692,0.3795888939238888,3974071,74,,2.5978055668135287
case_087,3,3,3,ablation,no_cache_aware,1.926,9.899,True,1529780,17448692,0.3795888939238888,3974071,74,,2.5978055668135287
case_087,3,3,3,ablation,no_level,1.885,9.484,True,1575471,17617460,0.3487445321841278,3974071,1060,,2.5224653452840453
case_088,1,1,2,ablation,full,0.155,0.732,True,229539,1150438,,243623,11,,1.0613577649114094
case_088,1,1,2,ablation,no_comm,0.058,1.666,True,205098,346064,,243623,5,,1.187837034003257
case_088,1,1,2,ablation,no_balance,0.054,0.774,True,177725,1273770,,243623,26,,1.370786327190885
case_088,1,1,2,ablation,no_sync,0.097,0.736,True,229384,1177896,,243623,13,,1.0620749485578767
case_088,1,1,2,ablation,no_localsearch,0.072,0.758,True,229384,1177896,,243623,13,,1.0620749485578767
case_088,1,1,2,ablation,no_cache_aware,0.158,1.386,True,229539,1150438,,243623,11,,1.0613577649114094
case_088,1,1,2,ablation,no_level,0.151,1.291,True,207035,2467514,,243623,218,,1.1767237423624024
case_088,1,1,3,ablation,full,0.258,0.812,True,122739,1792620,,243623,36,,1.9848866293517138
case_088,1,1,3,ablation,no_comm,0.087,0.784,True,247131,991078,,243623,11,,0.985805099319794
case_088,1,1,3,ablation,no_balance,0.056,0.821,True,115533,1848762,,243623,39,,2.1086875611297207
case_088,1,1,3,ablation,no_sync,0.128,1.495,True,123390,1821134,,243623,38,,1.974414458221898
case_088,1,1,3,ablation,no_localsearch,0.068,0.819,True,123390,1821134,,243623,38,,1.974414458221898
case_088,1,1,3,ablation,no_cache_aware,0.245,0.807,True,122739,1792620,,243623,36,,1.9848866293517138
case_088,1,1,3,ablation,no_level,0.24,1.282,True,158112,2467514,,243623,218,,1.5408254907913377
case_088,1,1,4,ablation,full,0.434,0.876,True,209298,934088,,243623,29,,1.1640006115681947
case_088,1,1,4,ablation,no_comm,0.114,1.485,True,207527,1251890,,243623,18,,1.1739339941308842
case_088,1,1,4,ablation,no_balance,0.056,0.872,True,116786,2165768,,243623,45,,2.0860633980100354
case_088,1,1,4,ablation,no_sync,0.306,0.83,True,208345,981576,,243623,28,,1.169324917804603
case_088,1,1,4,ablation,no_localsearch,0.068,0.916,True,120012,2161220,,243623,46,,2.029988667799887
case_088,1,1,4,ablation,no_cache_aware,0.429,0.858,True,209298,934088,,243623,29,,1.1640006115681947
case_088,1,1,4,ablation,no_level,0.434,1.228,True,228550,2467514,,243623,218,,1.0659505578647999
case_087,3,3,4,ablation,full,1.595,10.638,True,1162446,21883552,0.4876372416738552,3974071,97,,3.418714503727485
case_087,3,3,4,ablation,no_comm,1.007,10.887,True,1683122,11183596,0.267493844208575,3974071,10,,2.361130684525542
case_087,3,3,4,ablation,no_balance,0.482,9.735,True,1135476,21730796,0.4707987854043634,3974071,100,,3.49991633464732
case_087,3,3,4,ablation,no_sync,2.166,10.916,True,1162446,21883552,0.4876372416738552,3974071,97,,3.418714503727485
case_087,3,3,4,ablation,no_localsearch,0.558,10.81,True,1162446,21883552,0.4876372416738552,3974071,97,,3.418714503727485
case_087,3,3,4,ablation,no_cache_aware,1.544,10.826,True,1162446,21883552,0.4876372416738552,3974071,97,,3.418714503727485
case_087,3,3,4,ablation,no_level,1.553,10.377,True,1236694,21678320,0.4288780590848015,3974071,1060,,3.213463476009425
case_088,1,1,5,ablation,full,0.472,1.523,True,153887,1049268,,243623,29,,1.5831291792029216
case_088,1,1,5,ablation,no_comm,0.433,0.819,True,244173,724710,,243623,15,,0.9977474986996925
case_088,1,1,5,ablation,no_balance,0.057,0.969,True,101323,2383818,,243623,61,,2.4044195296230866
case_088,1,1,5,ablation,no_sync,0.366,0.868,True,152520,1173054,,243623,35,,1.5973183844741674
case_088,1,1,5,ablation,no_localsearch,0.068,0.961,True,104472,2114050,,243623,51,,2.3319454016387167
case_088,1,1,5,ablation,no_cache_aware,0.477,0.888,True,153887,1049268,,243623,29,,1.5831291792029216
case_088,1,1,5,ablation,no_level,1.1,1.402,True,175007,2467514,,243623,218,,1.3920757455416068
case_088,2,2,2,ablation,full,0.156,0.635,True,225158,1033028,,243623,11,,1.0820090780696223
case_088,2,2,2,ablation,no_comm,0.056,0.61,True,204051,342214,,243623,5,,1.193931909179568
case_088,2,2,2,ablation,no_balance,0.06,0.662,True,164588,1049798,,243623,26,,1.4801990424575304
case_088,2,2,2,ablation,no_sync,0.097,1.518,True,225842,1033412,,243623,13,,1.078732033899806
case_088,2,2,2,ablation,no_localsearch,0.069,0.645,True,225842,1033412,,243623,13,,1.078732033899806
case_088,2,2,2,ablation,no_cache_aware,0.152,0.663,True,225158,1033028,,243623,11,,1.0820090780696223
case_088,2,2,2,ablation,no_level,0.169,0.716,True,161411,1033028,,243623,218,,1.509333316812361
case_088,2,2,3,ablation,full,0.267,0.708,True,114017,1480074,,243623,36,,2.136725225185718
case_088,2,2,3,ablation,no_comm,0.087,0.587,True,237744,768524,,243623,11,,1.024728279157413
case_088,2,2,3,ablation,no_balance,0.055,1.281,True,109922,1542540,,243623,39,,2.2163261221593493
case_088,2,2,3,ablation,no_sync,0.128,0.643,True,118847,1480074,,243623,38,,2.049887670702668
case_088,2,2,3,ablation,no_localsearch,0.068,0.636,True,118847,1480074,,243623,38,,2.049887670702668
case_088,2,2,3,ablation,no_cache_aware,0.25,1.374,True,114017,1480074,,243623,36,,2.136725225185718
case_088,2,2,3,ablation,no_level,0.244,0.649,True,115877,1480074,,243623,218,,2.102427574065604
case_088,2,2,4,ablation,full,0.435,1.365,True,195285,773840,,243623,29,,1.2475254115779502
case_088,2,2,4,ablation,no_comm,0.115,0.593,True,205791,1116850,,243623,18,,1.183836999674427
case_088,2,2,4,ablation,no_balance,0.055,0.668,True,102901,2275410,,243623,45,,2.367547448518479
case_088,2,2,4,ablation,no_sync,0.305,0.537,True,195620,773456,,243623,28,,1.2453890195276556
case_088,2,2,4,ablation,no_localsearch,0.067,1.582,True,116353,2179024,,243623,46,,2.0938265450826363
case_088,2,2,4,ablation,no_cache_aware,0.428,0.543,True,195285,773840,,243623,29,,1.2475254115779502
case_088,2,2,4,ablation,no_level,0.43,0.551,True,190668,773840,,243623,218,,1.2777340717897077
case_088,3,3,2,ablation,full,0.164,0.697,True,225073,1033028,0.24884555991183938,243623,11,,1.0824177044781027
case_088,3,3,2,ablation,no_comm,0.063,1.444,True,204043,342214,0.07401999099019317,243623,5,,1.1939787201717285
case_088,3,3,2,ablation,no_balance,0.057,0.665,True,164536,1049798,0.21777475447219335,243623,26,,1.480666844945787
case_088,3,3,2,ablation,no_sync,0.105,0.674,True,225838,1033412,0.24882773114574494,243623,13,,1.078751140197841
case_088,3,3,2,ablation,no_localsearch,0.07,0.747,True,225838,1033412,0.24882773114574494,243623,13,,1.078751140197841
case_088,3,3,2,ablation,no_cache_aware,0.174,1.636,True,225073,1033028,0.24884555991183938,243623,11,,1.0824177044781027
case_088,3,3,2,ablation,no_level,0.149,0.653,True,161050,1033028,0.16630356008648878,243623,218,,1.5127165476560074
case_088,2,2,5,ablation,full,0.472,1.278,True,142357,902098,,243623,29,,1.7113524449096287
case_088,2,2,5,ablation,no_comm,0.611,0.496,True,240323,341846,,243623,12,,1.01373151966312
case_088,2,2,5,ablation,no_balance,0.057,0.695,True,84089,2451224,,243623,61,,2.897204152742927
case_088,2,2,5,ablation,no_sync,0.36,0.662,True,145229,898258,,243623,35,,1.6775093128782819
case_088,2,2,5,ablation,no_localsearch,0.074,1.419,True,94671,2256402,,243623,51,,2.573364599507769
case_088,2,2,5,ablation,no_cache_aware,0.485,0.59,True,142357,902098,,243623,29,,1.7113524449096287
case_088,2,2,5,ablation,no_level,0.462,0.59,True,143269,902098,,243623,218,,1.700458577919857
case_088,3,3,4,ablation,full,0.206,1.291,True,115161,2179024,0.27929137095606327,243623,46,,2.1154991707262005
case_088,3,3,4,ablation,no_comm,0.115,0.629,True,205672,1116850,0.24462248612458098,243623,18,,1.184521957291221
case_088,3,3,4,ablation,no_balance,0.058,0.714,True,100296,2275410,0.22507760940176244,243623,45,,2.4290400414772275
case_088,3,3,4,ablation,no_sync,0.157,1.332,True,115161,2179024,0.27929137095606327,243623,46,,2.1154991707262005
case_088,3,3,4,ablation,no_localsearch,0.071,0.664,True,115161,2179024,0.27929137095606327,243623,46,,2.1154991707262005
case_088,3,3,4,ablation,no_cache_aware,0.43,0.589,True,194891,773840,0.1520667175225578,243623,29,,1.250047462427716
case_088,3,3,4,ablation,no_level,0.207,0.686,True,114988,2179024,0.22826426499073127,243623,218,,2.118681949420809
case_088,3,3,3,ablation,full,0.246,0.672,True,113608,1480074,0.27963468329279756,243623,36,,2.1444176466446025
case_088,3,3,3,ablation,no_comm,0.087,0.592,True,237730,768524,0.1716177705349277,243623,11,,1.0247886257519034
case_088,3,3,3,ablation,no_balance,0.891,0.69,True,109847,1542540,0.18654170798333272,243623,39,,2.2178393583802927
case_088,3,3,3,ablation,no_sync,0.126,0.675,True,118565,1480074,0.22931772873075107,243623,38,,2.054763210053557
case_088,3,3,3,ablation,no_localsearch,0.072,0.682,True,118565,1480074,0.22931772873075107,243623,38,,2.054763210053557
case_088,3,3,3,ablation,no_cache_aware,0.248,1.536,True,113608,1480074,0.27963468329279756,243623,36,,2.1444176466446025
case_088,3,3,3,ablation,no_level,0.256,0.675,True,114842,1480074,0.19228532194855188,243623,218,,2.1213754549729193
case_087,3,3,5,ablation,full,2.861,11.085,True,957608,25140586,0.47572963137027363,3974071,120,,4.149997702609001
case_087,3,3,5,ablation,no_comm,1.275,10.269,True,1085342,11828278,0.2567635768920336,3974071,13,,3.6615840905447317
case_087,3,3,5,ablation,no_balance,0.457,10.631,True,942269,24815464,0.4907037191300557,3974071,119,,4.217554647345928
case_087,3,3,5,ablation,no_sync,1.562,10.647,True,957608,25140586,0.47572963137027363,3974071,120,,4.149997702609001
case_087,3,3,5,ablation,no_localsearch,0.556,10.718,True,957608,25140586,0.47572963137027363,3974071,120,,4.149997702609001
case_087,3,3,5,ablation,no_cache_aware,1.923,11.037,True,957608,25140586,0.47572963137027363,3974071,120,,4.149997702609001
case_087,3,3,5,ablation,no_level,1.951,10.383,True,1025969,25240682,0.46100099912698556,3974071,1060,,3.873480582746652
case_088,3,3,5,ablation,full,0.528,1.283,True,134480,1365142,0.25168428976529217,243623,35,,1.8115928019036287
case_088,3,3,5,ablation,no_comm,0.251,0.603,True,210403,1061944,0.23567229604985604,243623,22,,1.1578874825929288
case_088,3,3,5,ablation,no_balance,0.056,0.725,True,77530,2451224,0.20174343950466964,243623,61,,3.1423062040500453
case_088,3,3,5,ablation,no_sync,0.391,1.275,True,134480,1365142,0.25168428976529217,243623,35,,1.8115928019036287
case_088,3,3,5,ablation,no_localsearch,0.063,0.706,True,89260,2256402,0.21497870683898074,243623,51,,2.729363656733139
case_088,3,3,5,ablation,no_cache_aware,0.496,0.608,True,142212,902098,0.15612594752937803,243623,29,,1.7130973476218603
case_088,3,3,5,ablation,no_level,0.522,0.604,True,135217,1365142,0.19465856876515997,243623,218,,1.8017187188001509
case_089,1,1,3,ablation,full,0.162,2.888,True,243614,477440,,693092,3,,2.8450417463692563
case_089,1,1,3,ablation,no_comm,0.128,1.883,True,256274,786288,,693092,6,,2.7044959691580104
case_089,1,1,3,ablation,no_balance,0.047,1.977,True,243614,477440,,693092,3,,2.8450417463692563
case_089,1,1,3,ablation,no_sync,0.157,2.016,True,243614,477440,,693092,3,,2.8450417463692563
case_089,1,1,3,ablation,no_localsearch,0.073,2.898,True,243614,477440,,693092,3,,2.8450417463692563
case_089,1,1,3,ablation,no_cache_aware,0.157,1.987,True,243614,477440,,693092,3,,2.8450417463692563
case_089,1,1,3,ablation,no_level,0.151,1.114,True,260608,9310080,,693092,40,,2.6595192779960706
case_089,1,1,2,ablation,full,0.116,3.103,True,346832,238720,,693092,2,,1.998350786547954
case_089,1,1,2,ablation,no_comm,0.087,3.792,True,350821,707600,,693092,4,,1.9756285969197966
case_089,1,1,2,ablation,no_balance,0.048,3.131,True,346832,238720,,693092,2,,1.998350786547954
case_089,1,1,2,ablation,no_sync,0.109,3.146,True,346832,238720,,693092,2,,1.998350786547954
case_089,1,1,2,ablation,no_localsearch,0.068,4.067,True,346832,238720,,693092,2,,1.998350786547954
case_089,1,1,2,ablation,no_cache_aware,0.109,3.121,True,346832,238720,,693092,2,,1.998350786547954
case_089,1,1,2,ablation,no_level,0.106,1.124,True,356940,9310080,,693092,40,,1.941760519975346
case_089,1,1,4,ablation,full,0.208,1.657,True,178160,716160,,693092,4,,3.8902784014369107
case_089,1,1,4,ablation,no_comm,0.164,1.594,True,195172,1788440,,693092,8,,3.551185620888242
case_089,1,1,4,ablation,no_balance,0.046,2.354,True,178160,716160,,693092,4,,3.8902784014369107
case_089,1,1,4,ablation,no_sync,0.212,1.696,True,178160,716160,,693092,4,,3.8902784014369107
case_089,1,1,4,ablation,no_localsearch,0.066,2.323,True,178160,716160,,693092,4,,3.8902784014369107
case_089,1,1,4,ablation,no_cache_aware,0.214,1.669,True,178160,716160,,693092,4,,3.8902784014369107
case_089,1,1,4,ablation,no_level,0.203,1.823,True,223700,9310080,,693092,40,,3.098310236924452
case_089,2,2,3,ablation,full,0.157,0.828,True,243614,477440,,693092,3,,2.8450417463692563
case_089,2,2,3,ablation,no_comm,0.123,1.414,True,253792,547072,,693092,6,,2.7309450258479386
case_089,2,2,3,ablation,no_balance,0.045,0.853,True,243614,477440,,693092,3,,2.8450417463692563
case_089,2,2,3,ablation,no_sync,0.155,0.854,True,243614,477440,,693092,3,,2.8450417463692563
case_089,2,2,3,ablation,no_localsearch,0.733,0.862,True,243614,477440,,693092,3,,2.8450417463692563
case_089,2,2,3,ablation,no_cache_aware,0.155,0.855,True,243614,477440,,693092,3,,2.8450417463692563
case_089,2,2,3,ablation,no_level,0.153,1.514,True,243614,477440,,693092,40,,2.8450417463692563
case_089,2,2,2,ablation,full,0.968,0.965,True,346832,238720,,693092,2,,1.998350786547954
case_089,2,2,2,ablation,no_comm,0.087,0.873,True,347350,271488,,693092,4,,1.9953706635957968
case_089,2,2,2,ablation,no_balance,0.049,1.846,True,346832,238720,,693092,2,,1.998350786547954
case_089,2,2,2,ablation,no_sync,0.109,0.995,True,346832,238720,,693092,2,,1.998350786547954
case_089,2,2,2,ablation,no_localsearch,0.068,0.972,True,346832,238720,,693092,2,,1.998350786547954
case_089,2,2,2,ablation,no_cache_aware,0.111,1.862,True,346832,238720,,693092,2,,1.998350786547954
case_089,2,2,2,ablation,no_level,0.106,0.961,True,346832,238720,,693092,40,,1.998350786547954
case_089,1,1,5,ablation,full,0.273,2.39,True,147432,954880,,693092,5,,4.701096098540344
case_089,1,1,5,ablation,no_comm,0.217,1.54,True,177018,2067168,,693092,10,,3.9153758374854535
case_089,1,1,5,ablation,no_balance,0.048,1.452,True,147432,954880,,693092,5,,4.701096098540344
case_089,1,1,5,ablation,no_sync,0.266,2.375,True,147432,954880,,693092,5,,4.701096098540344
case_089,1,1,5,ablation,no_localsearch,0.068,1.478,True,147432,954880,,693092,5,,4.701096098540344
case_089,1,1,5,ablation,no_cache_aware,0.268,1.455,True,147432,954880,,693092,5,,4.701096098540344
case_089,1,1,5,ablation,no_level,0.258,1.121,True,210236,9310080,,693092,40,,3.2967331950760097
case_089,2,2,4,ablation,full,0.21,0.814,True,178160,716160,,693092,4,,3.8902784014369107
case_089,2,2,4,ablation,no_comm,0.17,1.418,True,179440,856960,,693092,8,,3.862527864467231
case_089,2,2,4,ablation,no_balance,0.046,0.839,True,178160,716160,,693092,4,,3.8902784014369107
case_089,2,2,4,ablation,no_sync,0.21,1.477,True,178160,716160,,693092,4,,3.8902784014369107
case_089,2,2,4,ablation,no_localsearch,0.064,0.819,True,178160,716160,,693092,4,,3.8902784014369107
case_089,2,2,4,ablation,no_cache_aware,0.206,1.585,True,178160,716160,,693092,4,,3.8902784014369107
case_089,2,2,4,ablation,no_level,0.199,0.819,True,178160,716160,,693092,40,,3.8902784014369107
case_089,2,2,5,ablation,full,0.266,0.77,True,147432,954880,,693092,5,,4.701096098540344
case_089,2,2,5,ablation,no_comm,0.224,1.627,True,159528,1142784,,693092,10,,4.344641692994333
case_089,2,2,5,ablation,no_balance,0.048,0.774,True,147432,954880,,693092,5,,4.701096098540344
case_089,2,2,5,ablation,no_sync,0.278,0.768,True,147432,954880,,693092,5,,4.701096098540344
case_089,2,2,5,ablation,no_localsearch,0.067,1.728,True,147432,954880,,693092,5,,4.701096098540344
case_089,2,2,5,ablation,no_cache_aware,0.307,0.774,True,147432,954880,,693092,5,,4.701096098540344
case_089,2,2,5,ablation,no_level,0.27,0.769,True,147432,954880,,693092,40,,4.701096098540344
case_089,3,3,2,ablation,full,1.005,1.018,True,346832,238720,0.0,693092,2,,1.998350786547954
case_089,3,3,2,ablation,no_comm,0.086,0.879,True,347350,271488,0.0,693092,4,,1.9953706635957968
case_089,3,3,2,ablation,no_balance,0.048,1.987,True,346832,238720,0.0,693092,2,,1.998350786547954
case_089,3,3,2,ablation,no_sync,0.11,0.998,True,346832,238720,0.0,693092,2,,1.998350786547954
case_089,3,3,2,ablation,no_localsearch,0.066,1.0,True,346832,238720,0.0,693092,2,,1.998350786547954
case_089,3,3,2,ablation,no_cache_aware,0.116,1.881,True,346832,238720,0.0,693092,2,,1.998350786547954
case_089,3,3,2,ablation,no_level,0.104,1.019,True,346832,238720,0.0,693092,40,,1.998350786547954
case_089,3,3,3,ablation,full,0.161,1.617,True,243614,477440,0.0,693092,3,,2.8450417463692563
case_089,3,3,3,ablation,no_comm,0.13,0.751,True,253792,547072,0.0,693092,6,,2.7309450258479386
case_089,3,3,3,ablation,no_balance,0.045,1.507,True,243614,477440,0.0,693092,3,,2.8450417463692563
case_089,3,3,3,ablation,no_sync,0.16,0.906,True,243614,477440,0.0,693092,3,,2.8450417463692563
case_089,3,3,3,ablation,no_localsearch,0.07,0.859,True,243614,477440,0.0,693092,3,,2.8450417463692563
case_089,3,3,3,ablation,no_cache_aware,0.158,1.482,True,243614,477440,0.0,693092,3,,2.8450417463692563
case_089,3,3,3,ablation,no_level,0.156,0.891,True,243614,477440,0.0,693092,40,,2.8450417463692563
case_089,3,3,4,ablation,full,0.215,1.767,True,178160,716160,0.0,693092,4,,3.8902784014369107
case_089,3,3,4,ablation,no_comm,0.168,0.758,True,179440,856960,0.0,693092,8,,3.862527864467231
case_089,3,3,4,ablation,no_balance,0.046,1.704,True,178160,716160,0.0,693092,4,,3.8902784014369107
case_089,3,3,4,ablation,no_sync,0.216,0.826,True,178160,716160,0.0,693092,4,,3.8902784014369107
case_089,3,3,4,ablation,no_localsearch,0.067,0.848,True,178160,716160,0.0,693092,4,,3.8902784014369107
case_089,3,3,4,ablation,no_cache_aware,0.214,1.714,True,178160,716160,0.0,693092,4,,3.8902784014369107
case_089,3,3,4,ablation,no_level,0.213,0.844,True,178160,716160,0.0,693092,40,,3.8902784014369107
case_090,1,1,2,ablation,full,0.041,1.304,True,769224,21498480,,1178363,2,,1.5318853805913493
case_090,1,1,2,ablation,no_comm,0.029,0.506,True,768866,21604776,,1178363,4,,1.532598658283758
case_090,1,1,2,ablation,no_balance,0.019,0.62,True,769224,21498480,,1178363,2,,1.5318853805913493
case_090,1,1,2,ablation,no_sync,0.037,0.609,True,769224,21498480,,1178363,2,,1.5318853805913493
case_090,1,1,2,ablation,no_localsearch,0.023,0.625,True,769224,21498480,,1178363,2,,1.5318853805913493
case_090,1,1,2,ablation,no_cache_aware,0.039,0.644,True,769224,21498480,,1178363,2,,1.5318853805913493
case_090,1,1,2,ablation,no_level,0.038,0.326,True,679752,25781760,,1178363,13,,1.7335189892784428
case_089,3,3,5,ablation,full,0.278,1.693,True,147432,954880,0.0,693092,5,,4.701096098540344
case_089,3,3,5,ablation,no_comm,0.215,0.773,True,159528,1142784,0.0,693092,10,,4.344641692994333
case_089,3,3,5,ablation,no_balance,0.05,0.781,True,147432,954880,0.0,693092,5,,4.701096098540344
case_089,3,3,5,ablation,no_sync,0.28,1.778,True,147432,954880,0.0,693092,5,,4.701096098540344
case_089,3,3,5,ablation,no_localsearch,0.067,0.78,True,147432,954880,0.0,693092,5,,4.701096098540344
case_089,3,3,5,ablation,no_cache_aware,0.265,0.773,True,147432,954880,0.0,693092,5,,4.701096098540344
case_089,3,3,5,ablation,no_level,0.266,1.717,True,147432,954880,0.0,693092,40,,4.701096098540344
case_090,1,1,3,ablation,full,0.054,0.488,True,657430,21438504,,1178363,3,,1.7923778957455547
case_090,1,1,3,ablation,no_comm,0.045,0.489,True,611741,21817248,,1178363,6,,1.9262449304525935
case_090,1,1,3,ablation,no_balance,0.018,0.491,True,657430,21438504,,1178363,3,,1.7923778957455547
case_090,1,1,3,ablation,no_sync,0.054,0.491,True,657430,21438504,,1178363,3,,1.7923778957455547
case_090,1,1,3,ablation,no_localsearch,0.024,0.485,True,657430,21438504,,1178363,3,,1.7923778957455547
case_090,1,1,3,ablation,no_cache_aware,0.053,1.401,True,657430,21438504,,1178363,3,,1.7923778957455547
case_090,1,1,3,ablation,no_level,0.053,0.328,True,589444,25781760,,1178363,13,,1.999109330148411
case_090,2,2,2,ablation,full,0.039,0.315,True,769224,21498480,,1178363,2,,1.5318853805913493
case_090,2,2,2,ablation,no_comm,0.029,0.293,True,758573,20901192,,1178363,4,,1.5533943338347134
case_090,2,2,2,ablation,no_balance,0.018,0.312,True,769224,21498480,,1178363,2,,1.5318853805913493
case_090,2,2,2,ablation,no_sync,0.038,0.312,True,769224,21498480,,1178363,2,,1.5318853805913493
case_090,2,2,2,ablation,no_localsearch,0.022,0.309,True,769224,21498480,,1178363,2,,1.5318853805913493
case_090,2,2,2,ablation,no_cache_aware,0.038,0.315,True,769224,21498480,,1178363,2,,1.5318853805913493
case_090,2,2,2,ablation,no_level,0.036,1.21,True,769224,21498480,,1178363,13,,1.5318853805913493
case_090,1,1,4,ablation,full,0.073,1.127,True,608275,21392136,,1178363,4,,1.9372208293945994
case_090,1,1,4,ablation,no_comm,0.061,0.462,True,550691,22473168,,1178363,8,,2.139789827689212
case_090,1,1,4,ablation,no_balance,0.019,0.424,True,608275,21392136,,1178363,4,,1.9372208293945994
case_090,1,1,4,ablation,no_sync,0.07,0.426,True,608275,21392136,,1178363,4,,1.9372208293945994
case_090,1,1,4,ablation,no_localsearch,0.023,0.43,True,608275,21392136,,1178363,4,,1.9372208293945994
case_090,1,1,4,ablation,no_cache_aware,0.073,0.449,True,608275,21392136,,1178363,4,,1.9372208293945994
case_090,1,1,4,ablation,no_level,0.07,0.322,True,565296,25781760,,1178363,13,,2.084506170218788
case_090,1,1,5,ablation,full,0.318,0.455,True,576798,21541224,,1178363,66,,2.0429387757932584
case_090,1,1,5,ablation,no_comm,0.081,0.485,True,536875,22424928,,1178363,10,,2.1948554132712457
case_090,1,1,5,ablation,no_balance,0.028,0.478,True,388325,10869504,,1178363,125,,3.034476276314942
case_090,1,1,5,ablation,no_sync,0.174,0.426,True,613602,20336544,,1178363,67,,1.920402801816161
case_090,1,1,5,ablation,no_localsearch,0.036,0.493,True,504657,15093360,,1178363,104,,2.3349780147704284
case_090,1,1,5,ablation,no_cache_aware,0.319,0.462,True,576798,21541224,,1178363,66,,2.0429387757932584
case_090,1,1,5,ablation,no_level,0.318,0.726,True,997412,26625408,,1178363,325,,1.1814205162961744
case_090,2,2,3,ablation,full,0.054,0.282,True,657430,21438504,,1178363,3,,1.7923778957455547
case_090,2,2,3,ablation,no_comm,0.043,0.291,True,613672,21327288,,1178363,6,,1.9201837463661369
case_090,2,2,3,ablation,no_balance,0.018,0.297,True,657430,21438504,,1178363,3,,1.7923778957455547
case_090,2,2,3,ablation,no_sync,0.055,0.289,True,657430,21438504,,1178363,3,,1.7923778957455547
case_090,2,2,3,ablation,no_localsearch,0.024,0.282,True,657430,21438504,,1178363,3,,1.7923778957455547
case_090,2,2,3,ablation,no_cache_aware,0.055,0.285,True,657430,21438504,,1178363,3,,1.7923778957455547
case_090,2,2,3,ablation,no_level,0.052,0.29,True,657430,21438504,,1178363,13,,1.7923778957455547
case_090,2,2,4,ablation,full,0.069,0.27,True,608275,21392136,,1178363,4,,1.9372208293945994
case_090,2,2,4,ablation,no_comm,0.063,0.288,True,504825,20593464,,1178363,8,,2.3342009607289653
case_090,2,2,4,ablation,no_balance,0.018,0.904,True,608275,21392136,,1178363,4,,1.9372208293945994
case_090,2,2,4,ablation,no_sync,0.07,0.27,True,608275,21392136,,1178363,4,,1.9372208293945994
case_090,2,2,4,ablation,no_localsearch,0.023,0.273,True,608275,21392136,,1178363,4,,1.9372208293945994
case_090,2,2,4,ablation,no_cache_aware,0.071,0.269,True,608275,21392136,,1178363,4,,1.9372208293945994
case_090,2,2,4,ablation,no_level,0.071,0.282,True,608275,21392136,,1178363,13,,1.9372208293945994
case_090,2,2,5,ablation,full,0.314,0.322,True,448844,16905888,,1178363,66,,2.625328621971108
case_090,2,2,5,ablation,no_comm,0.083,0.283,True,492506,20607936,,1178363,10,,2.3925860801695817
case_090,2,2,5,ablation,no_balance,0.028,0.366,True,309157,10899456,,1178363,125,,3.8115358862972535
case_090,2,2,5,ablation,no_sync,0.173,0.32,True,490173,17380920,,1178363,67,,2.4039736990817526
case_090,2,2,5,ablation,no_localsearch,0.035,1.325,True,368804,12424320,,1178363,104,,3.1950927864122947
case_090,2,2,5,ablation,no_cache_aware,0.317,0.322,True,448844,16905888,,1178363,66,,2.625328621971108
case_090,2,2,5,ablation,no_level,0.311,0.33,True,799985,17572032,,1178363,325,,1.4729813684006574
case_090,3,3,2,ablation,full,0.038,0.325,True,763401,21498480,0.020732303907339482,1178363,2,,1.5435701551347194
case_090,3,3,2,ablation,no_comm,0.028,1.245,True,728717,20901192,0.13432316448693357,1178363,4,,1.6170378898804336
case_090,3,3,2,ablation,no_balance,0.018,0.331,True,763401,21498480,0.020732303907339482,1178363,2,,1.5435701551347194
case_090,3,3,2,ablation,no_sync,0.039,0.326,True,763401,21498480,0.020732303907339482,1178363,2,,1.5435701551347194
case_090,3,3,2,ablation,no_localsearch,0.025,0.321,True,763401,21498480,0.020732303907339482,1178363,2,,1.5435701551347194
case_090,3,3,2,ablation,no_cache_aware,0.038,0.323,True,763401,21498480,0.020732303907339482,1178363,2,,1.5435701551347194
case_090,3,3,2,ablation,no_level,0.037,0.327,True,763401,21498480,0.020732303907339482,1178363,13,,1.5435701551347194
case_090,3,3,3,ablation,full,0.056,0.319,True,653823,21438504,0.003916644212731127,1178363,3,,1.8022660567156554
case_090,3,3,3,ablation,no_comm,0.046,0.312,True,563575,21327288,0.18430666455239722,1178363,6,,2.0908716674799273
case_090,3,3,3,ablation,no_balance,0.017,0.941,True,653823,21438504,0.003916644212731127,1178363,3,,1.8022660567156554
case_090,3,3,3,ablation,no_sync,0.055,0.304,True,653823,21438504,0.003916644212731127,1178363,3,,1.8022660567156554
case_090,3,3,3,ablation,no_localsearch,0.024,0.298,True,653823,21438504,0.003916644212731127,1178363,3,,1.8022660567156554
case_090,3,3,3,ablation,no_cache_aware,0.054,0.301,True,653823,21438504,0.003916644212731127,1178363,3,,1.8022660567156554
case_090,3,3,3,ablation,no_level,0.055,0.302,True,653823,21438504,0.003916644212731127,1178363,13,,1.8022660567156554
case_090,3,3,4,ablation,full,0.072,0.285,True,604430,21392136,0.004547569285022748,1178363,4,,1.9495441986665123
case_090,3,3,4,ablation,no_comm,0.063,0.301,True,467033,20593464,0.21373558486525793,1178363,8,,2.5230829513117916
case_090,3,3,4,ablation,no_balance,0.018,0.285,True,604430,21392136,0.004547569285022748,1178363,4,,1.9495441986665123
case_090,3,3,4,ablation,no_sync,0.072,0.296,True,604430,21392136,0.004547569285022748,1178363,4,,1.9495441986665123
case_090,3,3,4,ablation,no_localsearch,0.024,0.288,True,604430,21392136,0.004547569285022748,1178363,4,,1.9495441986665123
case_090,3,3,4,ablation,no_cache_aware,0.073,0.301,True,604430,21392136,0.004547569285022748,1178363,4,,1.9495441986665123
case_090,3,3,4,ablation,no_level,0.071,0.292,True,604430,21392136,0.004547569285022748,1178363,13,,1.9495441986665123
case_090,3,3,5,ablation,full,0.177,0.38,True,282019,12424320,0.5779160841059333,1178363,104,,4.178310681195239
case_090,3,3,5,ablation,no_comm,0.086,0.294,True,419976,20607936,0.2562360025353898,1178363,10,,2.805786521134541
case_090,3,3,5,ablation,no_balance,0.029,1.256,True,284015,10899456,0.23881785485689902,1178363,125,,4.148946358466983
case_090,3,3,5,ablation,no_sync,0.108,0.382,True,282019,12424320,0.5779160841059333,1178363,104,,4.178310681195239
case_090,3,3,5,ablation,no_localsearch,0.036,0.381,True,282019,12424320,0.5779160841059333,1178363,104,,4.178310681195239
case_090,3,3,5,ablation,no_cache_aware,0.322,0.332,True,354628,16905888,0.43156437412275106,1178363,66,,3.322814329381775
case_090,3,3,5,ablation,no_level,0.173,0.392,True,924856,21314040,0.0968852201927381,1178363,325,,1.274104292992639
case_087,1,1,2,ablation,full,0.739,218.296,True,2582092,10236678,,3974071,3,,1.5390896219034798
case_087,1,1,2,ablation,no_comm,0.496,306.492,True,2571501,8588310,,3974071,4,,1.545428525985407
case_087,1,1,2,ablation,no_balance,0.421,219.062,True,2641394,10376236,,3974071,3,,1.5045354839149327
case_087,1,1,2,ablation,no_sync,0.749,242.873,True,2582092,10236678,,3974071,3,,1.5390896219034798
case_087,1,1,2,ablation,no_localsearch,0.53,231.031,True,2582092,10236678,,3974071,3,,1.5390896219034798
case_087,1,1,2,ablation,no_cache_aware,0.764,229.276,True,2582092,10236678,,3974071,3,,1.5390896219034798
case_087,1,1,2,ablation,no_level,0.73,69.861,True,2620817,25519222,,3974071,212,,1.516348146398623
case_072,1,1,3,ablation,full,1.098,841.984,True,8139432,99987504,,23897828,3,,2.93605598031902
case_072,1,1,3,ablation,no_comm,0.946,1045.483,True,8028243,109383728,,23897828,6,,2.976719563670407
case_072,1,1,3,ablation,no_balance,0.345,850.98,True,9038010,102477872,,23897828,3,,2.6441471076044394
case_072,1,1,3,ablation,no_sync,0.94,908.479,True,8139432,99987504,,23897828,3,,2.93605598031902
case_072,1,1,3,ablation,no_localsearch,0.435,915.777,True,8139432,99987504,,23897828,3,,2.93605598031902
case_072,1,1,3,ablation,no_cache_aware,0.973,922.411,True,8139432,99987504,,23897828,3,,2.93605598031902
case_072,1,1,3,ablation,no_level,1.784,70.963,True,7914084,88018992,,23897828,26,,3.0196581183621505
case_072,1,1,4,ablation,full,1.274,881.276,True,5983611,122892336,,23897828,4,,3.9938806182420614
case_072,1,1,4,ablation,no_comm,1.114,938.232,True,6048021,111112240,,23897828,8,,3.951346729781527
case_072,1,1,4,ablation,no_balance,0.407,884.4,True,6142382,122138672,,23897828,4,,3.8906450298923123
case_072,1,1,4,ablation,no_sync,1.088,938.875,True,5983611,122892336,,23897828,4,,3.9938806182420614
case_072,1,1,4,ablation,no_localsearch,0.507,949.685,True,5983611,122892336,,23897828,4,,3.9938806182420614
case_072,1,1,4,ablation,no_cache_aware,1.185,947.472,True,5983611,122892336,,23897828,4,,3.9938806182420614
case_072,1,1,4,ablation,no_level,1.135,31.062,True,5963631,174805040,,23897828,474,,4.0072613479942
case_091,2,2,2,ablation,full,0.643,18.712,True,4612228,57501312,,9186769,2,,1.9918288948421456
case_091,2,2,2,ablation,no_comm,0.572,16.582,True,4608805,54781056,,9186769,4,,1.9933082436770486
case_091,2,2,2,ablation,no_balance,0.335,19.025,True,4717449,57424512,,9186769,2,,1.9474018691034074
case_091,2,2,2,ablation,no_sync,0.619,18.953,True,4612228,57501312,,9186769,2,,1.9918288948421456
case_091,2,2,2,ablation,no_localsearch,1.43,18.278,True,4612228,57501312,,9186769,2,,1.9918288948421456
case_091,2,2,2,ablation,no_cache_aware,1.593,17.999,True,4612228,57501312,,9186769,2,,1.9918288948421456
case_091,2,2,2,ablation,no_level,1.571,15.133,True,4573412,52114560,,9186769,509,,2.008734179207996
case_091,2,2,3,ablation,full,1.774,16.674,True,3096288,63195264,,9186769,3,,2.9670266461001042
case_091,2,2,3,ablation,no_comm,0.96,15.362,True,3100793,54578308,,9186769,6,,2.9627159891034327
case_091,2,2,3,ablation,no_balance,0.326,18.148,True,3298853,63834240,,9186769,3,,2.78483733588614
case_091,2,2,3,ablation,no_sync,0.822,16.85,True,3096288,63195264,,9186769,3,,2.9670266461001042
case_091,2,2,3,ablation,no_localsearch,0.45,18.092,True,3096288,63195264,,9186769,3,,2.9670266461001042
case_091,2,2,3,ablation,no_cache_aware,0.846,16.833,True,3096288,63195264,,9186769,3,,2.9670266461001042
case_091,2,2,3,ablation,no_level,0.809,16.245,True,3088568,61256832,,9186769,509,,2.974442848595207
case_072,1,1,5,ablation,full,1.537,902.052,True,4822195,130109488,,23897828,5,,4.955798759693459
case_072,1,1,5,ablation,no_comm,1.652,946.074,True,4900428,110899248,,23897828,10,,4.8766817918761385
case_072,1,1,5,ablation,no_balance,0.382,931.56,True,4854537,130035760,,23897828,5,,4.922782131437045
case_072,1,1,5,ablation,no_sync,1.382,974.459,True,4822195,130109488,,23897828,5,,4.955798759693459
case_072,1,1,5,ablation,no_localsearch,0.504,982.821,True,4822195,130109488,,23897828,5,,4.955798759693459
case_072,1,1,5,ablation,no_cache_aware,1.439,977.36,True,4822195,130109488,,23897828,5,,4.955798759693459
case_072,1,1,5,ablation,no_level,1.401,33.342,True,4844710,174805040,,23897828,474,,4.932767492791106
case_091,2,2,4,ablation,full,1.09,16.435,True,2372888,67542144,,9186769,4,,3.8715560953572186
case_091,2,2,4,ablation,no_comm,1.366,14.769,True,2367333,55655040,,9186769,8,,3.8806407886005054
case_091,2,2,4,ablation,no_balance,0.322,17.141,True,2555291,67726464,,9186769,4,,3.5951948329955377
case_091,2,2,4,ablation,no_sync,1.049,17.181,True,2372888,67542144,,9186769,4,,3.8715560953572186
case_091,2,2,4,ablation,no_localsearch,0.438,16.171,True,2372888,67542144,,9186769,4,,3.8715560953572186
case_091,2,2,4,ablation,no_cache_aware,1.103,16.828,True,2372888,67542144,,9186769,4,,3.8715560953572186
case_091,2,2,4,ablation,no_level,1.057,16.483,True,2398109,68067456,,9186769,509,,3.8308387984032417
case_091,2,2,5,ablation,full,1.357,15.523,True,1958198,71466624,,9186769,5,,4.691440293576033
case_091,2,2,5,ablation,no_comm,1.757,14.532,True,1938754,55421568,,9186769,10,,4.738491319682642
case_091,2,2,5,ablation,no_balance,0.356,16.698,True,2162400,71354496,,9186769,5,,4.248413337032926
case_091,2,2,5,ablation,no_sync,1.321,15.53,True,1958198,71466624,,9186769,5,,4.691440293576033
case_091,2,2,5,ablation,no_localsearch,1.49,15.822,True,1958198,71466624,,9186769,5,,4.691440293576033
case_091,2,2,5,ablation,no_cache_aware,1.36,17.133,True,1958198,71466624,,9186769,5,,4.691440293576033
case_091,2,2,5,ablation,no_level,1.448,15.448,True,1960683,72134784,,9186769,509,,4.685494289489938
case_014,1,1,2,ablation,full,1.086,1368.004,True,8976065,66345888,,17698626,2,,1.9717577802745412
case_014,1,1,2,ablation,no_comm,0.8,1555.742,True,8911115,71482276,,17698626,4,,1.9861292329859956
case_014,1,1,2,ablation,no_balance,0.589,1345.843,True,9831059,65918880,,17698626,2,,1.800276653817254
case_014,1,1,2,ablation,no_sync,0.829,1384.376,True,8976065,66345888,,17698626,2,,1.9717577802745412
case_014,1,1,2,ablation,no_localsearch,0.759,1475.125,True,8976065,66345888,,17698626,2,,1.9717577802745412
case_014,1,1,2,ablation,no_cache_aware,0.818,1464.817,True,8976065,66345888,,17698626,2,,1.9717577802745412
case_014,1,1,2,ablation,no_level,0.911,35.778,True,8838781,86154144,,17698626,69,,2.0023831340543454
case_091,3,3,2,ablation,full,0.661,19.875,True,4609852,57501312,0.15952879235801706,9186769,2,,1.9928555190058161
case_091,3,3,2,ablation,no_comm,0.626,16.147,True,4601984,54781056,0.1087922190532903,9186769,4,,1.996262698870748
case_091,3,3,2,ablation,no_balance,0.314,19.892,True,4715143,57424512,0.12342326927348811,9186769,2,,1.9483542704855399
case_091,3,3,2,ablation,no_sync,0.608,18.961,True,4609852,57501312,0.15952879235801706,9186769,2,,1.9928555190058161
case_091,3,3,2,ablation,no_localsearch,1.613,18.965,True,4609852,57501312,0.15952879235801706,9186769,2,,1.9928555190058161
case_091,3,3,2,ablation,no_cache_aware,0.624,18.736,True,4609852,57501312,0.15952879235801706,9186769,2,,1.9928555190058161
case_091,3,3,2,ablation,no_level,1.577,15.73,True,4563996,52114560,0.33864863980096244,9186769,509,,2.0128784074306814
case_091,3,3,3,ablation,full,0.862,18.39,True,3090624,63195264,0.23075712269146967,9186769,3,,2.972464136692137
case_091,3,3,3,ablation,no_comm,1.096,14.515,True,3097309,54578308,0.12825456872466362,9186769,6,,2.966048592504009
case_091,3,3,3,ablation,no_balance,1.161,16.823,True,3293351,63834240,0.17669367820796159,9186769,3,,2.7894897932227694
case_091,3,3,3,ablation,no_sync,1.703,18.167,True,3090624,63195264,0.23075712269146967,9186769,3,,2.972464136692137
case_091,3,3,3,ablation,no_localsearch,0.446,17.184,True,3090624,63195264,0.23075712269146967,9186769,3,,2.972464136692137
case_091,3,3,3,ablation,no_cache_aware,0.854,18.126,True,3090624,63195264,0.23075712269146967,9186769,3,,2.972464136692137
case_091,3,3,3,ablation,no_level,0.811,15.464,True,3076777,61256832,0.42092153186475817,9186769,509,,2.985841677833655
case_091,3,3,4,ablation,full,1.106,16.869,True,2358544,67542144,0.20529674305767945,9186769,4,,3.895101808573425
case_091,3,3,4,ablation,no_comm,2.26,14.172,True,2356526,55655040,0.16241152757738822,9186769,8,,3.8984373607590155
case_091,3,3,4,ablation,no_balance,1.199,16.419,True,2547440,67726464,0.20507676158663019,9186769,4,,3.6062749269855225
case_091,3,3,4,ablation,no_sync,1.075,17.454,True,2358544,67542144,0.20529674305767945,9186769,4,,3.895101808573425
case_091,3,3,4,ablation,no_localsearch,0.432,17.852,True,2358544,67542144,0.20529674305767945,9186769,4,,3.895101808573425
case_091,3,3,4,ablation,no_cache_aware,1.104,16.545,True,2358544,67542144,0.20529674305767945,9186769,4,,3.895101808573425
case_091,3,3,4,ablation,no_level,1.127,16.754,True,2372233,68067456,0.3526886590933657,9186769,509,,3.872625075192867
case_091,3,3,5,ablation,full,1.696,16.6,True,1932866,71466624,0.2787954571188051,9186769,5,,4.752925965897274
case_091,3,3,5,ablation,no_comm,1.777,15.083,True,1931520,55421568,0.14101025427365044,9186769,10,,4.756238092279656
case_091,3,3,5,ablation,no_balance,0.339,17.254,True,2141178,71354496,0.2538367868112148,9186769,5,,4.290520918858684
case_091,3,3,5,ablation,no_sync,1.366,16.732,True,1932866,71466624,0.2787954571188051,9186769,5,,4.752925965897274
case_091,3,3,5,ablation,no_localsearch,0.452,16.792,True,1932866,71466624,0.2787954571188051,9186769,5,,4.752925965897274
case_091,3,3,5,ablation,no_cache_aware,1.681,16.734,True,1932866,71466624,0.2787954571188051,9186769,5,,4.752925965897274
case_091,3,3,5,ablation,no_level,1.669,16.374,True,1915215,72134784,0.3629210576411498,9186769,509,,4.796729871058863
case_072,1,1,2,ablation,full,0.789,933.742,True,11929838,105435184,,23897828,2,,2.003198031691629
case_072,1,1,2,ablation,no_comm,1.909,1062.699,True,12004732,108818480,,23897828,4,,1.9907006670369651
case_072,1,1,2,ablation,no_balance,0.342,924.468,True,12649900,104484912,,23897828,2,,1.8891712977968205
case_072,1,1,2,ablation,no_sync,0.669,1023.92,True,11929838,105435184,,23897828,2,,2.003198031691629
case_072,1,1,2,ablation,no_localsearch,0.476,1028.012,True,11929838,105435184,,23897828,2,,2.003198031691629
case_072,1,1,2,ablation,no_cache_aware,1.728,1021.158,True,11929838,105435184,,23897828,2,,2.003198031691629
case_072,1,1,2,ablation,no_level,0.653,53.012,True,11675920,88018992,,23897828,26,,2.0467618825754204
case_092,2,2,2,ablation,full,0.38,9.776,True,2828252,66389088,,4815554,2,,1.702660866146298
case_092,2,2,2,ablation,no_comm,0.303,7.732,True,2848071,66366848,,4815554,4,,1.690812483256211
case_092,2,2,2,ablation,no_balance,0.174,9.944,True,2828252,66389088,,4815554,2,,1.702660866146298
case_092,2,2,2,ablation,no_sync,0.375,8.825,True,2828252,66389088,,4815554,2,,1.702660866146298
case_092,2,2,2,ablation,no_localsearch,1.183,8.717,True,2828252,66389088,,4815554,2,,1.702660866146298
case_092,2,2,2,ablation,no_cache_aware,1.343,8.734,True,2828252,66389088,,4815554,2,,1.702660866146298
case_092,2,2,2,ablation,no_level,0.36,9.777,True,2828252,66389088,,4815554,142,,1.702660866146298
case_092,2,2,3,ablation,full,0.536,8.172,True,2231804,66784736,,4815554,3,,2.157695747476033
case_092,2,2,3,ablation,no_comm,0.439,6.203,True,2218504,66605856,,4815554,6,,2.1706312001240478
case_092,2,2,3,ablation,no_balance,0.173,8.397,True,2231804,66784736,,4815554,3,,2.157695747476033
case_092,2,2,3,ablation,no_sync,0.536,8.605,True,2231804,66784736,,4815554,3,,2.157695747476033
case_092,2,2,3,ablation,no_localsearch,0.256,8.619,True,2231804,66784736,,4815554,3,,2.157695747476033
case_092,2,2,3,ablation,no_cache_aware,0.533,7.418,True,2231804,66784736,,4815554,3,,2.157695747476033
case_092,2,2,3,ablation,no_level,0.519,8.426,True,2231804,66784736,,4815554,142,,2.157695747476033
case_092,2,2,4,ablation,full,0.713,7.641,True,1927728,67180384,,4815554,4,,2.4980464048869964
case_092,2,2,4,ablation,no_comm,0.575,6.167,True,1900375,66847520,,4815554,8,,2.5340019732947443
case_092,2,2,4,ablation,no_balance,0.176,6.557,True,1927728,67180384,,4815554,4,,2.4980464048869964
case_092,2,2,4,ablation,no_sync,0.707,7.726,True,1927728,67180384,,4815554,4,,2.4980464048869964
case_092,2,2,4,ablation,no_localsearch,0.228,7.663,True,1927728,67180384,,4815554,4,,2.4980464048869964
case_092,2,2,4,ablation,no_cache_aware,0.723,6.571,True,1927728,67180384,,4815554,4,,2.4980464048869964
case_092,2,2,4,ablation,no_level,0.698,7.574,True,1927728,67180384,,4815554,142,,2.4980464048869964
case_092,1,1,4,ablation,full,0.717,55.069,True,1927728,67180384,,4815554,4,,2.4980464048869964
case_092,1,1,4,ablation,no_comm,0.576,48.926,True,1934039,68348448,,4815554,8,,2.4898949814352243
case_092,1,1,4,ablation,no_balance,0.174,54.122,True,1927728,67180384,,4815554,4,,2.4980464048869964
case_092,1,1,4,ablation,no_sync,0.707,54.101,True,1927728,67180384,,4815554,4,,2.4980464048869964
case_092,1,1,4,ablation,no_localsearch,0.234,53.954,True,1927728,67180384,,4815554,4,,2.4980464048869964
case_092,1,1,4,ablation,no_cache_aware,0.729,54.099,True,1927728,67180384,,4815554,4,,2.4980464048869964
case_092,1,1,4,ablation,no_level,0.714,6.016,True,2501964,131186400,,4815554,142,,1.9247095481789507
case_092,2,2,5,ablation,full,0.91,7.417,True,1649430,66980256,,4815554,5,,2.919526139332982
case_092,2,2,5,ablation,no_comm,0.713,4.864,True,1672477,67101344,,4815554,10,,2.879294603154483
case_092,2,2,5,ablation,no_balance,1.116,6.247,True,1649430,66980256,,4815554,5,,2.919526139332982
case_092,2,2,5,ablation,no_sync,0.903,7.234,True,1649430,66980256,,4815554,5,,2.919526139332982
case_092,2,2,5,ablation,no_localsearch,0.228,7.337,True,1649430,66980256,,4815554,5,,2.919526139332982
case_092,2,2,5,ablation,no_cache_aware,0.917,6.212,True,1649430,66980256,,4815554,5,,2.919526139332982
case_092,2,2,5,ablation,no_level,0.897,7.246,True,1649430,66980256,,4815554,142,,2.919526139332982
case_092,3,3,3,ablation,full,0.531,8.521,True,1792534,66784736,0.6541586932458932,4815554,3,,2.6864505777854144
case_092,3,3,3,ablation,no_comm,0.441,5.338,True,1782678,66605856,0.660508796369324,4815554,6,,2.7013033200611662
case_092,3,3,3,ablation,no_balance,0.173,8.36,True,1792534,66784736,0.6541586932458932,4815554,3,,2.6864505777854144
case_092,3,3,3,ablation,no_sync,0.54,8.281,True,1792534,66784736,0.6541586932458932,4815554,3,,2.6864505777854144
case_092,3,3,3,ablation,no_localsearch,0.235,8.242,True,1792534,66784736,0.6541586932458932,4815554,3,,2.6864505777854144
case_092,3,3,3,ablation,no_cache_aware,0.533,8.422,True,1792534,66784736,0.6541586932458932,4815554,3,,2.6864505777854144
case_092,3,3,3,ablation,no_level,0.532,7.307,True,1792534,66784736,0.6541586932458932,4815554,142,,2.6864505777854144
case_092,3,3,2,ablation,full,1.363,8.813,True,2358868,66389088,0.7591771943849205,4815554,2,,2.041468195761696
case_092,3,3,2,ablation,no_comm,0.303,7.795,True,2384118,66366848,0.759803713555675,4815554,4,,2.0198471719940034
case_092,3,3,2,ablation,no_balance,0.169,10.018,True,2358868,66389088,0.7591771943849205,4815554,2,,2.041468195761696
case_092,3,3,2,ablation,no_sync,0.375,9.836,True,2358868,66389088,0.7591771943849205,4815554,2,,2.041468195761696
case_092,3,3,2,ablation,no_localsearch,0.225,9.889,True,2358868,66389088,0.7591771943849205,4815554,2,,2.041468195761696
case_092,3,3,2,ablation,no_cache_aware,0.379,9.998,True,2358868,66389088,0.7591771943849205,4815554,2,,2.041468195761696
case_092,3,3,2,ablation,no_level,0.362,8.768,True,2358868,66389088,0.7591771943849205,4815554,142,,2.041468195761696
case_092,3,3,5,ablation,full,0.928,7.002,True,1351088,66980256,0.580675424788359,4815554,5,,3.5642045521831296
case_092,3,3,5,ablation,no_comm,0.715,6.094,True,1330405,67101344,0.5945844872736864,4815554,10,,3.619615079618612
case_092,3,3,5,ablation,no_balance,0.172,6.139,True,1351088,66980256,0.580675424788359,4815554,5,,3.5642045521831296
case_092,3,3,5,ablation,no_sync,0.937,7.128,True,1351088,66980256,0.580675424788359,4815554,5,,3.5642045521831296
case_092,3,3,5,ablation,no_localsearch,0.226,7.221,True,1351088,66980256,0.580675424788359,4815554,5,,3.5642045521831296
case_092,3,3,5,ablation,no_cache_aware,0.919,6.142,True,1351088,66980256,0.580675424788359,4815554,5,,3.5642045521831296
case_092,3,3,5,ablation,no_level,0.943,7.389,True,1351088,66980256,0.580675424788359,4815554,142,,3.5642045521831296
case_092,3,3,4,ablation,full,1.64,6.586,True,1470508,67180384,0.6479121478881523,4815554,4,,3.2747553906541143
case_092,3,3,4,ablation,no_comm,0.6,6.001,True,1452639,66847520,0.6517977702573464,4815554,8,,3.315038354333045
case_092,3,3,4,ablation,no_balance,0.192,7.748,True,1470508,67180384,0.6479121478881523,4815554,4,,3.2747553906541143
case_092,3,3,4,ablation,no_sync,0.727,6.614,True,1470508,67180384,0.6479121478881523,4815554,4,,3.2747553906541143
case_092,3,3,4,ablation,no_localsearch,1.133,6.575,True,1470508,67180384,0.6479121478881523,4815554,4,,3.2747553906541143
case_092,3,3,4,ablation,no_cache_aware,0.728,7.491,True,1470508,67180384,0.6479121478881523,4815554,4,,3.2747553906541143
case_092,3,3,4,ablation,no_level,0.717,7.882,True,1470508,67180384,0.6479121478881523,4815554,142,,3.2747553906541143
case_093,1,1,3,ablation,full,0.022,0.125,True,25103,16384,,74205,3,,2.956021192686133
case_093,1,1,3,ablation,no_comm,0.015,0.128,True,26852,77824,,74205,6,,2.7634813049307314
case_093,1,1,3,ablation,no_balance,0.007,0.125,True,25103,16384,,74205,3,,2.956021192686133
case_093,1,1,3,ablation,no_sync,0.02,0.13,True,25103,16384,,74205,3,,2.956021192686133
case_093,1,1,3,ablation,no_localsearch,0.008,0.124,True,25103,16384,,74205,3,,2.956021192686133
case_093,1,1,3,ablation,no_cache_aware,0.022,0.125,True,25103,16384,,74205,3,,2.956021192686133
case_093,1,1,3,ablation,no_level,0.021,0.167,True,37137,557056,,74205,69,,1.9981420147023183
case_093,1,1,2,ablation,full,0.015,0.141,True,37827,8192,,74205,2,,1.9616940280751844
case_093,1,1,2,ablation,no_comm,0.01,0.143,True,38752,40960,,74205,4,,1.9148689099917424
case_093,1,1,2,ablation,no_balance,0.006,0.138,True,37827,8192,,74205,2,,1.9616940280751844
case_093,1,1,2,ablation,no_sync,0.014,0.148,True,37827,8192,,74205,2,,1.9616940280751844
case_093,1,1,2,ablation,no_localsearch,0.008,0.139,True,37827,8192,,74205,2,,1.9616940280751844
case_093,1,1,2,ablation,no_cache_aware,0.015,0.141,True,37827,8192,,74205,2,,1.9616940280751844
case_093,1,1,2,ablation,no_level,0.014,0.168,True,52785,557056,,74205,69,,1.4057971014492754
case_093,1,1,4,ablation,full,0.03,0.119,True,19779,24576,,74205,4,,3.751706355225239
case_093,1,1,4,ablation,no_comm,0.02,0.123,True,20618,90112,,74205,8,,3.5990396740712
case_093,1,1,4,ablation,no_balance,0.006,0.119,True,19779,24576,,74205,4,,3.751706355225239
case_093,1,1,4,ablation,no_sync,0.028,0.119,True,19779,24576,,74205,4,,3.751706355225239
case_093,1,1,4,ablation,no_localsearch,0.008,0.118,True,19779,24576,,74205,4,,3.751706355225239
case_093,1,1,4,ablation,no_cache_aware,0.029,0.116,True,19779,24576,,74205,4,,3.751706355225239
case_093,1,1,4,ablation,no_level,0.029,0.174,True,31229,557056,,74205,69,,2.376156777354382
case_093,1,1,5,ablation,full,0.038,0.115,True,15876,32768,,74205,5,,4.674036281179139
case_093,1,1,5,ablation,no_comm,0.027,0.125,True,18360,143360,,74205,10,,4.041666666666667
case_093,1,1,5,ablation,no_balance,0.006,0.116,True,15876,32768,,74205,5,,4.674036281179139
case_093,1,1,5,ablation,no_sync,0.036,0.114,True,15876,32768,,74205,5,,4.674036281179139
case_093,1,1,5,ablation,no_localsearch,0.007,0.112,True,15876,32768,,74205,5,,4.674036281179139
case_093,1,1,5,ablation,no_cache_aware,0.037,0.114,True,15876,32768,,74205,5,,4.674036281179139
case_093,1,1,5,ablation,no_level,0.039,0.168,True,28635,557056,,74205,69,,2.5914091147197484
case_093,2,2,2,ablation,full,0.015,0.104,True,37827,8192,,74205,2,,1.9616940280751844
case_093,2,2,2,ablation,no_comm,0.01,0.105,True,38251,28672,,74205,4,,1.9399492823717026
case_093,2,2,2,ablation,no_balance,0.006,0.103,True,37827,8192,,74205,2,,1.9616940280751844
case_093,2,2,2,ablation,no_sync,0.014,0.101,True,37827,8192,,74205,2,,1.9616940280751844
case_093,2,2,2,ablation,no_localsearch,0.008,0.104,True,37827,8192,,74205,2,,1.9616940280751844
case_093,2,2,2,ablation,no_cache_aware,0.015,0.104,True,37827,8192,,74205,2,,1.9616940280751844
case_093,2,2,2,ablation,no_level,0.014,0.105,True,37827,8192,,74205,69,,1.9616940280751844
case_093,2,2,3,ablation,full,0.022,0.099,True,25103,16384,,74205,3,,2.956021192686133
case_093,2,2,3,ablation,no_comm,0.016,0.103,True,26014,61440,,74205,6,,2.8525024986545704
case_093,2,2,3,ablation,no_balance,0.006,0.098,True,25103,16384,,74205,3,,2.956021192686133
case_093,2,2,3,ablation,no_sync,0.021,0.101,True,25103,16384,,74205,3,,2.956021192686133
case_093,2,2,3,ablation,no_localsearch,0.008,0.1,True,25103,16384,,74205,3,,2.956021192686133
case_093,2,2,3,ablation,no_cache_aware,0.022,0.1,True,25103,16384,,74205,3,,2.956021192686133
case_093,2,2,3,ablation,no_level,0.021,0.1,True,25103,16384,,74205,69,,2.956021192686133
case_093,2,2,4,ablation,full,0.029,0.097,True,19779,24576,,74205,4,,3.751706355225239
case_093,2,2,4,ablation,no_comm,0.021,0.102,True,19957,77824,,74205,8,,3.7182442250839305
case_093,2,2,4,ablation,no_balance,0.006,0.096,True,19779,24576,,74205,4,,3.751706355225239
case_093,2,2,4,ablation,no_sync,0.027,0.096,True,19779,24576,,74205,4,,3.751706355225239
case_093,2,2,4,ablation,no_localsearch,0.008,0.095,True,19779,24576,,74205,4,,3.751706355225239
case_093,2,2,4,ablation,no_cache_aware,0.03,0.098,True,19779,24576,,74205,4,,3.751706355225239
case_093,2,2,4,ablation,no_level,0.029,0.099,True,19779,24576,,74205,69,,3.751706355225239
case_093,2,2,5,ablation,full,0.037,0.097,True,15876,32768,,74205,5,,4.674036281179139
case_093,2,2,5,ablation,no_comm,0.027,0.102,True,17128,106496,,74205,10,,4.332379729098552
case_093,2,2,5,ablation,no_balance,0.006,0.095,True,15876,32768,,74205,5,,4.674036281179139
case_093,2,2,5,ablation,no_sync,0.035,0.095,True,15876,32768,,74205,5,,4.674036281179139
case_093,2,2,5,ablation,no_localsearch,0.008,0.098,True,15876,32768,,74205,5,,4.674036281179139
case_093,2,2,5,ablation,no_cache_aware,0.038,0.097,True,15876,32768,,74205,5,,4.674036281179139
case_093,2,2,5,ablation,no_level,0.036,0.098,True,15876,32768,,74205,69,,4.674036281179139
case_093,3,3,2,ablation,full,0.015,0.105,True,37827,8192,0.0,74205,2,,1.9616940280751844
case_093,3,3,2,ablation,no_comm,0.01,0.111,True,38251,28672,0.010380622837370242,74205,4,,1.9399492823717026
case_093,3,3,2,ablation,no_balance,0.006,0.106,True,37827,8192,0.0,74205,2,,1.9616940280751844
case_093,3,3,2,ablation,no_sync,0.014,0.108,True,37827,8192,0.0,74205,2,,1.9616940280751844
case_093,3,3,2,ablation,no_localsearch,0.008,0.107,True,37827,8192,0.0,74205,2,,1.9616940280751844
case_093,3,3,2,ablation,no_cache_aware,0.014,0.108,True,37827,8192,0.0,74205,2,,1.9616940280751844
case_093,3,3,2,ablation,no_level,0.014,0.108,True,37827,8192,0.0,74205,69,,1.9616940280751844
case_093,3,3,3,ablation,full,0.022,0.104,True,25103,16384,0.0,74205,3,,2.956021192686133
case_093,3,3,3,ablation,no_comm,0.015,0.109,True,26014,61440,0.013377926421404682,74205,6,,2.8525024986545704
case_093,3,3,3,ablation,no_balance,0.006,0.105,True,25103,16384,0.0,74205,3,,2.956021192686133
case_093,3,3,3,ablation,no_sync,0.021,0.101,True,25103,16384,0.0,74205,3,,2.956021192686133
case_093,3,3,3,ablation,no_localsearch,0.008,0.104,True,25103,16384,0.0,74205,3,,2.956021192686133
case_093,3,3,3,ablation,no_cache_aware,0.022,0.103,True,25103,16384,0.0,74205,3,,2.956021192686133
case_093,3,3,3,ablation,no_level,0.022,0.104,True,25103,16384,0.0,74205,69,,2.956021192686133
case_093,3,3,4,ablation,full,0.03,0.104,True,19779,24576,0.0,74205,4,,3.751706355225239
case_093,3,3,4,ablation,no_comm,0.021,0.106,True,19933,77824,0.02622950819672131,74205,8,,3.7227211157377216
case_093,3,3,4,ablation,no_balance,0.006,0.103,True,19779,24576,0.0,74205,4,,3.751706355225239
case_093,3,3,4,ablation,no_sync,0.03,0.103,True,19779,24576,0.0,74205,4,,3.751706355225239
case_093,3,3,4,ablation,no_localsearch,0.008,0.101,True,19779,24576,0.0,74205,4,,3.751706355225239
case_093,3,3,4,ablation,no_cache_aware,0.029,0.101,True,19779,24576,0.0,74205,4,,3.751706355225239
case_093,3,3,4,ablation,no_level,0.03,0.108,True,19779,24576,0.0,74205,69,,3.751706355225239
case_093,3,3,5,ablation,full,0.039,0.101,True,15876,32768,0.0,74205,5,,4.674036281179139
case_093,3,3,5,ablation,no_comm,0.027,0.115,True,16878,106496,0.041401273885350316,74205,10,,4.396551724137931
case_093,3,3,5,ablation,no_balance,0.006,0.103,True,15876,32768,0.0,74205,5,,4.674036281179139
case_093,3,3,5,ablation,no_sync,0.038,0.101,True,15876,32768,0.0,74205,5,,4.674036281179139
case_093,3,3,5,ablation,no_localsearch,0.008,0.1,True,15876,32768,0.0,74205,5,,4.674036281179139
case_093,3,3,5,ablation,no_cache_aware,0.04,0.104,True,15876,32768,0.0,74205,5,,4.674036281179139
case_093,3,3,5,ablation,no_level,0.039,1.016,True,15876,32768,0.0,74205,69,,4.674036281179139
case_094,1,1,2,ablation,full,0.017,0.154,True,49385,106272,,94892,2,,1.9214741318214033
case_094,1,1,2,ablation,no_comm,0.015,0.158,True,63461,155904,,94892,4,,1.4952805660169237
case_094,1,1,2,ablation,no_balance,0.008,0.157,True,47453,106272,,94892,2,,1.9997049712346955
case_094,1,1,2,ablation,no_sync,0.016,0.153,True,49385,106272,,94892,2,,1.9214741318214033
case_094,1,1,2,ablation,no_localsearch,0.011,0.153,True,49385,106272,,94892,2,,1.9214741318214033
case_094,1,1,2,ablation,no_cache_aware,0.016,0.152,True,49385,106272,,94892,2,,1.9214741318214033
case_094,1,1,2,ablation,no_level,0.015,0.116,True,58821,688032,,94892,40,,1.6132333690348686
case_094,1,1,3,ablation,full,0.022,0.155,True,39716,212544,,94892,3,,2.3892637727867863
case_094,1,1,3,ablation,no_comm,0.043,0.155,True,53543,276480,,94892,6,,1.7722578114786247
case_094,1,1,3,ablation,no_balance,0.008,0.154,True,34069,212544,,94892,3,,2.7852886788576123
case_094,1,1,3,ablation,no_sync,0.021,0.156,True,39716,212544,,94892,3,,2.3892637727867863
case_094,1,1,3,ablation,no_localsearch,0.01,0.156,True,39716,212544,,94892,3,,2.3892637727867863
case_094,1,1,3,ablation,no_cache_aware,0.022,0.155,True,39716,212544,,94892,3,,2.3892637727867863
case_094,1,1,3,ablation,no_level,0.02,0.119,True,46762,688032,,94892,40,,2.029254522903212
case_094,1,1,4,ablation,full,0.028,0.165,True,27634,318816,,94892,4,,3.4338857928638635
case_094,1,1,4,ablation,no_comm,0.913,0.153,True,32973,256384,,94892,8,,2.8778697722378914
case_094,1,1,4,ablation,no_balance,0.008,0.157,True,24860,318816,,94892,4,,3.8170555108608206
case_094,1,1,4,ablation,no_sync,0.027,0.165,True,27634,318816,,94892,4,,3.4338857928638635
case_094,1,1,4,ablation,no_localsearch,0.01,0.162,True,27634,318816,,94892,4,,3.4338857928638635
case_094,1,1,4,ablation,no_cache_aware,0.027,0.163,True,27634,318816,,94892,4,,3.4338857928638635
case_094,1,1,4,ablation,no_level,0.026,0.122,True,33451,688032,,94892,40,,2.8367462856117904
case_094,1,1,5,ablation,full,0.034,0.165,True,23404,259200,,94892,5,,4.054520594770125
case_094,1,1,5,ablation,no_comm,0.071,0.163,True,24948,538116,,94892,10,,3.803591470258137
case_094,1,1,5,ablation,no_balance,0.008,0.162,True,21487,425088,,94892,5,,4.416251687066598
case_094,1,1,5,ablation,no_sync,0.033,0.164,True,23404,259200,,94892,5,,4.054520594770125
case_094,1,1,5,ablation,no_localsearch,0.011,0.163,True,23404,259200,,94892,5,,4.054520594770125
case_094,1,1,5,ablation,no_cache_aware,0.033,0.162,True,23404,259200,,94892,5,,4.054520594770125
case_094,1,1,5,ablation,no_level,0.033,0.124,True,31728,688032,,94892,40,,2.990796772566818
case_094,2,2,2,ablation,full,0.016,0.091,True,49385,106272,,94892,2,,1.9214741318214033
case_094,2,2,2,ablation,no_comm,0.011,0.097,True,46892,175360,,94892,4,,2.0236287639682673
case_094,2,2,2,ablation,no_balance,0.008,0.093,True,47453,106272,,94892,2,,1.9997049712346955
case_094,2,2,2,ablation,no_sync,0.016,0.092,True,49385,106272,,94892,2,,1.9214741318214033
case_094,2,2,2,ablation,no_localsearch,0.01,0.092,True,49385,106272,,94892,2,,1.9214741318214033
case_094,2,2,2,ablation,no_cache_aware,0.016,0.091,True,49385,106272,,94892,2,,1.9214741318214033
case_094,2,2,2,ablation,no_level,0.015,0.088,True,49429,106272,,94892,40,,1.9197637014707964
case_094,2,2,3,ablation,full,0.022,0.091,True,39716,212544,,94892,3,,2.3892637727867863
case_094,2,2,3,ablation,no_comm,0.025,0.1,True,39985,220160,,94892,6,,2.3731899462298363
case_094,2,2,3,ablation,no_balance,0.008,0.092,True,34069,212544,,94892,3,,2.7852886788576123
case_094,2,2,3,ablation,no_sync,0.021,0.089,True,39716,212544,,94892,3,,2.3892637727867863
case_094,2,2,3,ablation,no_localsearch,0.011,0.092,True,39716,212544,,94892,3,,2.3892637727867863
case_094,2,2,3,ablation,no_cache_aware,0.021,0.093,True,39716,212544,,94892,3,,2.3892637727867863
case_094,2,2,3,ablation,no_level,0.021,0.091,True,40005,212544,,94892,40,,2.3720034995625547
case_094,2,2,4,ablation,full,0.027,0.096,True,27634,318816,,94892,4,,3.4338857928638635
case_094,2,2,4,ablation,no_comm,0.036,0.099,True,32256,228736,,94892,8,,2.9418402777777777
case_094,2,2,4,ablation,no_balance,0.008,0.097,True,24860,318816,,94892,4,,3.8170555108608206
case_094,2,2,4,ablation,no_sync,0.027,0.095,True,27634,318816,,94892,4,,3.4338857928638635
case_094,2,2,4,ablation,no_localsearch,0.01,0.093,True,27634,318816,,94892,4,,3.4338857928638635
case_094,2,2,4,ablation,no_cache_aware,0.027,0.097,True,27634,318816,,94892,4,,3.4338857928638635
case_094,2,2,4,ablation,no_level,0.027,0.093,True,27125,318816,,94892,40,,3.498322580645161
case_094,2,2,5,ablation,full,0.034,0.098,True,23404,259200,,94892,5,,4.054520594770125
case_094,2,2,5,ablation,no_comm,0.049,0.112,True,26980,517632,,94892,10,,3.517123795404003
case_094,2,2,5,ablation,no_balance,0.008,0.098,True,21487,425088,,94892,5,,4.416251687066598
case_094,2,2,5,ablation,no_sync,0.034,0.099,True,23404,259200,,94892,5,,4.054520594770125
case_094,2,2,5,ablation,no_localsearch,0.011,0.1,True,23404,259200,,94892,5,,4.054520594770125
case_094,2,2,5,ablation,no_cache_aware,0.034,0.098,True,23404,259200,,94892,5,,4.054520594770125
case_094,2,2,5,ablation,no_level,0.033,0.095,True,23596,259200,,94892,40,,4.02152907272419
case_094,3,3,2,ablation,full,0.016,0.096,True,49385,106272,0.18398891966759004,94892,2,,1.9214741318214033
case_094,3,3,2,ablation,no_comm,0.011,0.099,True,46892,175360,0.18040727045466382,94892,4,,2.0236287639682673
case_094,3,3,2,ablation,no_balance,0.008,0.096,True,47453,106272,0.0643213296398892,94892,2,,1.9997049712346955
case_094,3,3,2,ablation,no_sync,0.016,0.095,True,49385,106272,0.18398891966759004,94892,2,,1.9214741318214033
case_094,3,3,2,ablation,no_localsearch,0.011,0.097,True,49385,106272,0.18398891966759004,94892,2,,1.9214741318214033
case_094,3,3,2,ablation,no_cache_aware,0.017,0.102,True,49385,106272,0.18398891966759004,94892,2,,1.9214741318214033
case_094,3,3,2,ablation,no_level,0.015,0.097,True,49429,106272,0.12814404432132964,94892,40,,1.9197637014707964
case_094,3,3,3,ablation,full,0.023,0.096,True,39716,212544,0.310795002573581,94892,3,,2.3892637727867863
case_094,3,3,3,ablation,no_comm,0.026,0.107,True,39949,220160,0.1331620857950167,94892,6,,2.375328543893464
case_094,3,3,3,ablation,no_balance,0.008,0.1,True,34069,212544,0.310795002573581,94892,3,,2.7852886788576123
case_094,3,3,3,ablation,no_sync,0.021,0.094,True,39716,212544,0.310795002573581,94892,3,,2.3892637727867863
case_094,3,3,3,ablation,no_localsearch,0.01,0.095,True,39716,212544,0.310795002573581,94892,3,,2.3892637727867863
case_094,3,3,3,ablation,no_cache_aware,0.021,0.096,True,39716,212544,0.310795002573581,94892,3,,2.3892637727867863
case_094,3,3,3,ablation,no_level,0.02,0.094,True,40005,212544,0.1356043236161153,94892,40,,2.3720034995625547
case_094,3,3,4,ablation,full,0.029,0.099,True,27634,318816,0.2751903450510287,94892,4,,3.4338857928638635
case_094,3,3,4,ablation,no_comm,0.036,0.102,True,32256,228736,0.17253257450951026,94892,8,,2.9418402777777777
case_094,3,3,4,ablation,no_balance,0.008,0.1,True,24860,318816,0.263526648307144,94892,4,,3.8170555108608206
case_094,3,3,4,ablation,no_sync,0.027,0.097,True,27634,318816,0.2751903450510287,94892,4,,3.4338857928638635
case_094,3,3,4,ablation,no_localsearch,0.01,0.098,True,27634,318816,0.2751903450510287,94892,4,,3.4338857928638635
case_094,3,3,4,ablation,no_cache_aware,0.028,0.097,True,27634,318816,0.2751903450510287,94892,4,,3.4338857928638635
case_094,3,3,4,ablation,no_level,0.027,0.097,True,27125,318816,0.16438522598412442,94892,40,,3.498322580645161
case_094,3,3,5,ablation,full,0.034,0.1,True,23404,259200,0.2282622979543563,94892,5,,4.054520594770125
case_094,3,3,5,ablation,no_comm,0.048,0.114,True,27608,513540,0.2505156889111044,94892,10,,3.4371196754563895
case_094,3,3,5,ablation,no_balance,0.008,0.107,True,21487,425088,0.3402348909434905,94892,5,,4.416251687066598
case_094,3,3,5,ablation,no_sync,0.034,0.1,True,23404,259200,0.2282622979543563,94892,5,,4.054520594770125
case_094,3,3,5,ablation,no_localsearch,0.01,0.102,True,23404,259200,0.2282622979543563,94892,5,,4.054520594770125
case_094,3,3,5,ablation,no_cache_aware,0.034,0.102,True,23404,259200,0.2282622979543563,94892,5,,4.054520594770125
case_094,3,3,5,ablation,no_level,0.034,0.096,True,23596,259200,0.10210696920583469,94892,40,,4.02152907272419
case_095,1,1,3,ablation,full,0.116,3.654,True,695775,0,,2084853,3,,2.9964471273040854
case_095,1,1,3,ablation,no_comm,0.107,2.458,True,698224,258432,,2084853,6,,2.985937177753844
case_095,1,1,3,ablation,no_balance,0.035,3.769,True,695775,0,,2084853,3,,2.9964471273040854
case_095,1,1,3,ablation,no_sync,0.093,2.697,True,695775,0,,2084853,3,,2.9964471273040854
case_095,1,1,3,ablation,no_localsearch,0.054,2.681,True,695775,0,,2084853,3,,2.9964471273040854
case_095,1,1,3,ablation,no_cache_aware,0.116,3.61,True,695775,0,,2084853,3,,2.9964471273040854
case_095,1,1,3,ablation,no_level,0.112,2.988,True,852906,0,,2084853,462,,2.444411224683611
case_095,1,1,2,ablation,full,0.083,4.963,True,1042890,0,,2084853,2,,1.9991111238960964
case_095,1,1,2,ablation,no_comm,0.074,4.062,True,1042890,0,,2084853,2,,1.9991111238960964
case_095,1,1,2,ablation,no_balance,0.034,5.046,True,1042890,0,,2084853,2,,1.9991111238960964
case_095,1,1,2,ablation,no_sync,0.07,4.091,True,1042890,0,,2084853,2,,1.9991111238960964
case_095,1,1,2,ablation,no_localsearch,0.053,3.964,True,1042890,0,,2084853,2,,1.9991111238960964
case_095,1,1,2,ablation,no_cache_aware,0.085,5.079,True,1042890,0,,2084853,2,,1.9991111238960964
case_095,1,1,2,ablation,no_level,0.08,3.074,True,1208030,0,,2084853,462,,1.7258288287542527
case_095,1,1,4,ablation,full,0.151,2.047,True,524422,0,,2084853,4,,3.9755254356224565
case_095,1,1,4,ablation,no_comm,0.14,2.838,True,527376,147456,,2084853,8,,3.95325725857832
case_095,1,1,4,ablation,no_balance,0.034,1.94,True,524422,0,,2084853,4,,3.9755254356224565
case_095,1,1,4,ablation,no_sync,0.109,2.929,True,524422,0,,2084853,4,,3.9755254356224565
case_095,1,1,4,ablation,no_localsearch,0.054,1.972,True,524422,0,,2084853,4,,3.9755254356224565
case_095,1,1,4,ablation,no_cache_aware,0.148,1.958,True,524422,0,,2084853,4,,3.9755254356224565
case_095,1,1,4,ablation,no_level,0.14,3.947,True,677650,0,,2084853,462,,3.0765926363166827
case_095,1,1,5,ablation,full,0.181,2.671,True,420852,0,,2084853,5,,4.953886401870491
case_095,1,1,5,ablation,no_comm,0.171,1.718,True,421058,0,,2084853,5,,4.951462743850016
case_095,1,1,5,ablation,no_balance,0.033,1.7,True,420852,0,,2084853,5,,4.953886401870491
case_095,1,1,5,ablation,no_sync,0.129,2.624,True,420852,0,,2084853,5,,4.953886401870491
case_095,1,1,5,ablation,no_localsearch,0.054,1.696,True,420852,0,,2084853,5,,4.953886401870491
case_095,1,1,5,ablation,no_cache_aware,0.18,1.68,True,420852,0,,2084853,5,,4.953886401870491
case_095,1,1,5,ablation,no_level,1.088,3.038,True,571574,0,,2084853,462,,3.647564444848786
case_095,2,2,2,ablation,full,0.084,1.085,True,1042890,0,,2084853,2,,1.9991111238960964
case_095,2,2,2,ablation,no_comm,0.078,1.061,True,1042890,0,,2084853,2,,1.9991111238960964
case_095,2,2,2,ablation,no_balance,0.036,2.048,True,1042890,0,,2084853,2,,1.9991111238960964
case_095,2,2,2,ablation,no_sync,0.075,1.081,True,1042890,0,,2084853,2,,1.9991111238960964
case_095,2,2,2,ablation,no_localsearch,0.054,2.015,True,1042890,0,,2084853,2,,1.9991111238960964
case_095,2,2,2,ablation,no_cache_aware,0.083,1.085,True,1042890,0,,2084853,2,,1.9991111238960964
case_095,2,2,2,ablation,no_level,0.08,1.996,True,1042890,0,,2084853,462,,1.9991111238960964
case_095,2,2,3,ablation,full,0.115,0.981,True,695775,0,,2084853,3,,2.9964471273040854
case_095,2,2,3,ablation,no_comm,0.104,1.779,True,697128,258432,,2084853,6,,2.9906315626398596
case_095,2,2,3,ablation,no_balance,0.035,0.987,True,695775,0,,2084853,3,,2.9964471273040854
case_095,2,2,3,ablation,no_sync,0.092,0.965,True,695775,0,,2084853,3,,2.9964471273040854
case_095,2,2,3,ablation,no_localsearch,0.052,1.852,True,695775,0,,2084853,3,,2.9964471273040854
case_095,2,2,3,ablation,no_cache_aware,0.116,0.986,True,695775,0,,2084853,3,,2.9964471273040854
case_095,2,2,3,ablation,no_level,0.111,1.893,True,695775,0,,2084853,462,,2.9964471273040854
case_095,2,2,4,ablation,full,0.145,0.91,True,524422,0,,2084853,4,,3.9755254356224565
case_095,2,2,4,ablation,no_comm,0.135,0.835,True,526876,147456,,2084853,8,,3.9570088597696613
case_095,2,2,4,ablation,no_balance,0.032,1.81,True,524422,0,,2084853,4,,3.9755254356224565
case_095,2,2,4,ablation,no_sync,0.108,0.917,True,524422,0,,2084853,4,,3.9755254356224565
case_095,2,2,4,ablation,no_localsearch,0.054,1.857,True,524422,0,,2084853,4,,3.9755254356224565
case_095,2,2,4,ablation,no_cache_aware,0.145,0.905,True,524422,0,,2084853,4,,3.9755254356224565
case_095,2,2,4,ablation,no_level,0.14,0.926,True,524422,0,,2084853,462,,3.9755254356224565
case_095,2,2,5,ablation,full,0.175,0.89,True,420852,0,,2084853,5,,4.953886401870491
case_095,2,2,5,ablation,no_comm,0.167,0.848,True,421058,0,,2084853,5,,4.951462743850016
case_095,2,2,5,ablation,no_balance,0.035,1.767,True,420852,0,,2084853,5,,4.953886401870491
case_095,2,2,5,ablation,no_sync,0.127,0.887,True,420852,0,,2084853,5,,4.953886401870491
case_095,2,2,5,ablation,no_localsearch,0.053,0.868,True,420852,0,,2084853,5,,4.953886401870491
case_095,2,2,5,ablation,no_cache_aware,0.176,1.753,True,420852,0,,2084853,5,,4.953886401870491
case_095,2,2,5,ablation,no_level,0.176,0.879,True,420852,0,,2084853,462,,4.953886401870491
case_095,3,3,2,ablation,full,0.085,2.034,True,1042890,0,0.0,2084853,2,,1.9991111238960964
case_095,3,3,2,ablation,no_comm,0.076,1.094,True,1042890,0,0.0,2084853,2,,1.9991111238960964
case_095,3,3,2,ablation,no_balance,0.038,2.02,True,1042890,0,0.0,2084853,2,,1.9991111238960964
case_095,3,3,2,ablation,no_sync,0.071,1.114,True,1042890,0,0.0,2084853,2,,1.9991111238960964
case_095,3,3,2,ablation,no_localsearch,0.058,1.124,True,1042890,0,0.0,2084853,2,,1.9991111238960964
case_095,3,3,2,ablation,no_cache_aware,0.084,2.004,True,1042890,0,0.0,2084853,2,,1.9991111238960964
case_095,3,3,2,ablation,no_level,0.08,1.153,True,1042890,0,0.0,2084853,462,,1.9991111238960964
case_095,3,3,3,ablation,full,0.116,1.895,True,695775,0,0.0,2084853,3,,2.9964471273040854
case_095,3,3,3,ablation,no_comm,0.1,0.913,True,697128,258432,0.0,2084853,6,,2.9906315626398596
case_095,3,3,3,ablation,no_balance,0.033,0.996,True,695775,0,0.0,2084853,3,,2.9964471273040854
case_095,3,3,3,ablation,no_sync,0.095,1.961,True,695775,0,0.0,2084853,3,,2.9964471273040854
case_095,3,3,3,ablation,no_localsearch,0.054,1.069,True,695775,0,0.0,2084853,3,,2.9964471273040854
case_095,3,3,3,ablation,no_cache_aware,0.12,1.979,True,695775,0,0.0,2084853,3,,2.9964471273040854
case_095,3,3,3,ablation,no_level,0.11,1.049,True,695775,0,0.0,2084853,462,,2.9964471273040854
case_095,3,3,4,ablation,full,0.144,1.923,True,524422,0,0.0,2084853,4,,3.9755254356224565
case_095,3,3,4,ablation,no_comm,0.147,0.962,True,526876,147456,0.0,2084853,8,,3.9570088597696613
case_095,3,3,4,ablation,no_balance,0.036,0.959,True,524422,0,0.0,2084853,4,,3.9755254356224565
case_095,3,3,4,ablation,no_sync,1.007,0.929,True,524422,0,0.0,2084853,4,,3.9755254356224565
case_095,3,3,4,ablation,no_localsearch,0.054,0.976,True,524422,0,0.0,2084853,4,,3.9755254356224565
case_095,3,3,4,ablation,no_cache_aware,0.15,1.838,True,524422,0,0.0,2084853,4,,3.9755254356224565
case_095,3,3,4,ablation,no_level,0.139,0.991,True,524422,0,0.0,2084853,462,,3.9755254356224565
case_096,1,1,2,ablation,full,0.033,0.272,True,56484,239444,,84194,5,,1.4905814035833156
case_096,1,1,2,ablation,no_comm,0.02,0.264,True,58654,172948,,84194,4,,1.435434923449381
case_096,1,1,2,ablation,no_balance,0.016,0.267,True,56790,239444,,84194,5,,1.482549744673358
case_096,1,1,2,ablation,no_sync,0.03,0.276,True,56484,239444,,84194,5,,1.4905814035833156
case_096,1,1,2,ablation,no_localsearch,0.021,0.278,True,56484,239444,,84194,5,,1.4905814035833156
case_096,1,1,2,ablation,no_cache_aware,0.03,0.268,True,56484,239444,,84194,5,,1.4905814035833156
case_096,1,1,2,ablation,no_level,0.03,0.214,True,62206,833868,,84194,53,,1.3534707262964987
case_095,3,3,5,ablation,full,0.173,0.884,True,420852,0,0.0,2084853,5,,4.953886401870491
case_095,3,3,5,ablation,no_comm,0.17,1.749,True,421058,0,0.0,2084853,5,,4.951462743850016
case_095,3,3,5,ablation,no_balance,0.032,0.937,True,420852,0,0.0,2084853,5,,4.953886401870491
case_095,3,3,5,ablation,no_sync,0.128,1.847,True,420852,0,0.0,2084853,5,,4.953886401870491
case_095,3,3,5,ablation,no_localsearch,0.051,0.881,True,420852,0,0.0,2084853,5,,4.953886401870491
case_095,3,3,5,ablation,no_cache_aware,0.176,0.905,True,420852,0,0.0,2084853,5,,4.953886401870491
case_095,3,3,5,ablation,no_level,0.177,1.841,True,420852,0,0.0,2084853,462,,4.953886401870491
case_096,1,1,3,ablation,full,0.052,0.276,True,56548,870296,,84194,19,,1.4888943906062106
case_096,1,1,3,ablation,no_comm,0.076,0.284,True,43628,177552,,84194,6,,1.9298157146786468
case_096,1,1,3,ablation,no_balance,0.018,0.278,True,51397,1022612,,84194,19,,1.6381111738039185
case_096,1,1,3,ablation,no_sync,0.046,1.211,True,56548,870296,,84194,19,,1.4888943906062106
case_096,1,1,3,ablation,no_localsearch,0.023,0.269,True,56548,870296,,84194,19,,1.4888943906062106
case_096,1,1,3,ablation,no_cache_aware,0.052,0.273,True,56548,870296,,84194,19,,1.4888943906062106
case_096,1,1,3,ablation,no_level,0.051,0.327,True,112219,1368396,,84194,143,,0.7502651066218733
case_096,1,1,4,ablation,full,0.105,0.245,True,51698,683604,,84194,21,,1.6285736392123487
case_096,1,1,4,ablation,no_comm,0.09,0.278,True,43335,330236,,84194,10,,1.9428637360101535
case_096,1,1,4,ablation,no_balance,0.018,0.293,True,48401,975960,,84194,30,,1.7395095142662342
case_096,1,1,4,ablation,no_sync,0.116,0.254,True,51770,697812,,84194,25,,1.6263086729766274
case_096,1,1,4,ablation,no_localsearch,0.022,0.279,True,49433,1018260,,84194,28,,1.7031942224829568
case_096,1,1,4,ablation,no_cache_aware,0.105,0.245,True,51698,683604,,84194,21,,1.6285736392123487
case_096,1,1,4,ablation,no_level,0.106,0.327,True,92035,1368396,,84194,143,,0.9148041505948824
case_096,1,1,5,ablation,full,0.16,0.268,True,46536,791058,,84194,29,,1.8092229671652054
case_096,1,1,5,ablation,no_comm,0.154,0.278,True,41598,262948,,84194,9,,2.023991538054714
case_096,1,1,5,ablation,no_balance,0.019,0.305,True,39895,1177710,,84194,38,,2.1103897731545307
case_096,1,1,5,ablation,no_sync,0.125,0.282,True,44838,752746,,84194,31,,1.8777376332575049
case_096,1,1,5,ablation,no_localsearch,0.024,0.288,True,44093,1028526,,84194,32,,1.9094640872700883
case_096,1,1,5,ablation,no_cache_aware,0.162,0.268,True,46536,791058,,84194,29,,1.8092229671652054
case_096,1,1,5,ablation,no_level,0.158,0.338,True,103507,1376654,,84194,147,,0.8134135855546002
case_096,2,2,2,ablation,full,0.031,0.177,True,51438,124748,,84194,5,,1.6368054745518876
case_096,2,2,2,ablation,no_comm,0.02,0.166,True,52614,154516,,84194,4,,1.600220473638195
case_096,2,2,2,ablation,no_balance,0.016,0.168,True,55367,124748,,84194,5,,1.520653096609894
case_096,2,2,2,ablation,no_sync,0.029,0.171,True,51438,124748,,84194,5,,1.6368054745518876
case_096,2,2,2,ablation,no_localsearch,0.021,0.172,True,51438,124748,,84194,5,,1.6368054745518876
case_096,2,2,2,ablation,no_cache_aware,0.03,0.175,True,51438,124748,,84194,5,,1.6368054745518876
case_096,2,2,2,ablation,no_level,0.03,0.16,True,52337,124748,,84194,53,,1.6086898370177887
case_096,2,2,3,ablation,full,0.055,0.195,True,44943,571660,,84194,19,,1.873350688650068
case_096,2,2,3,ablation,no_comm,0.061,0.167,True,36266,239900,,84194,7,,2.321568411184029
case_096,2,2,3,ablation,no_balance,0.02,0.201,True,39719,703116,,84194,19,,2.1197411818021603
case_096,2,2,3,ablation,no_sync,0.045,0.198,True,44943,571660,,84194,19,,1.873350688650068
case_096,2,2,3,ablation,no_localsearch,0.023,0.208,True,44943,571660,,84194,19,,1.873350688650068
case_096,2,2,3,ablation,no_cache_aware,0.055,0.207,True,44943,571660,,84194,19,,1.873350688650068
case_096,2,2,3,ablation,no_level,0.05,0.197,True,74852,571660,,84194,143,,1.1248062844012183
case_096,2,2,4,ablation,full,0.105,0.184,True,46979,566092,,84194,21,,1.7921624555652527
case_096,2,2,4,ablation,no_comm,0.092,0.169,True,40625,240108,,84194,10,,2.072467692307692
case_096,2,2,4,ablation,no_balance,0.018,1.059,True,34621,740428,,84194,30,,2.4318766066838045
case_096,2,2,4,ablation,no_sync,0.116,0.186,True,48160,577612,,84194,25,,1.7482142857142857
case_096,2,2,4,ablation,no_localsearch,0.023,0.203,True,39645,797836,,84194,28,,2.1236978181359567
case_096,2,2,4,ablation,no_cache_aware,0.108,0.187,True,46979,566092,,84194,21,,1.7921624555652527
case_096,2,2,4,ablation,no_level,0.105,0.193,True,67287,566092,,84194,143,,1.2512669609285598
case_096,3,3,2,ablation,full,0.03,0.178,True,51438,124748,0.3723440457071898,84194,5,,1.6368054745518876
case_096,3,3,2,ablation,no_comm,0.021,0.174,True,52562,154516,0.3590560168935308,84194,4,,1.6018035843384955
case_096,3,3,2,ablation,no_balance,0.017,0.177,True,55367,124748,0.3723440457071898,84194,5,,1.520653096609894
case_096,3,3,2,ablation,no_sync,0.03,0.172,True,51438,124748,0.3723440457071898,84194,5,,1.6368054745518876
case_096,3,3,2,ablation,no_localsearch,0.021,0.176,True,51438,124748,0.3723440457071898,84194,5,,1.6368054745518876
case_096,3,3,2,ablation,no_cache_aware,0.03,0.177,True,51438,124748,0.3723440457071898,84194,5,,1.6368054745518876
case_096,3,3,2,ablation,no_level,0.03,0.165,True,52337,124748,0.3723440457071898,84194,53,,1.6086898370177887
case_096,2,2,5,ablation,full,0.164,0.198,True,35535,538364,,84194,29,,2.369326016603349
case_096,2,2,5,ablation,no_comm,0.156,0.175,True,34887,376500,,84194,11,,2.4133344798922236
case_096,2,2,5,ablation,no_balance,0.018,0.217,True,30686,970836,,84194,38,,2.7437267809424495
case_096,2,2,5,ablation,no_sync,0.125,1.03,True,34546,482252,,84194,31,,2.4371562554275457
case_096,2,2,5,ablation,no_localsearch,0.023,0.207,True,28588,794900,,84194,32,,2.945081852525535
case_096,2,2,5,ablation,no_cache_aware,0.165,0.19,True,35535,538364,,84194,29,,2.369326016603349
case_096,2,2,5,ablation,no_level,0.161,0.19,True,73322,538364,,84194,147,,1.1482774610621642
case_092,1,1,3,ablation,full,0.537,96.042,True,2231804,66784736,,4815554,3,,2.157695747476033
case_092,1,1,3,ablation,no_comm,0.442,86.069,True,2239280,68006688,,4815554,6,,2.150492122467936
case_092,1,1,3,ablation,no_balance,0.175,94.614,True,2231804,66784736,,4815554,3,,2.157695747476033
case_092,1,1,3,ablation,no_sync,0.543,94.103,True,2231804,66784736,,4815554,3,,2.157695747476033
case_092,1,1,3,ablation,no_localsearch,0.239,90.86,True,2231804,66784736,,4815554,3,,2.157695747476033
case_092,1,1,3,ablation,no_cache_aware,1.386,89.983,True,2231804,66784736,,4815554,3,,2.157695747476033
case_092,1,1,3,ablation,no_level,0.524,5.912,True,2615991,131186400,,4815554,142,,1.8408144370527268
case_096,3,3,4,ablation,full,0.067,0.207,True,38174,797836,0.4897963197423574,84194,28,,2.205532561429245
case_096,3,3,4,ablation,no_comm,0.091,0.174,True,40625,240108,0.36928659269338493,84194,10,,2.072467692307692
case_096,3,3,4,ablation,no_balance,0.019,0.212,True,34421,740428,0.4492443424269703,84194,30,,2.4460067981755325
case_096,3,3,4,ablation,no_sync,0.056,0.208,True,38174,797836,0.4897963197423574,84194,28,,2.205532561429245
case_096,3,3,4,ablation,no_localsearch,0.023,0.207,True,38174,797836,0.4897963197423574,84194,28,,2.205532561429245
case_096,3,3,4,ablation,no_cache_aware,0.105,0.197,True,46979,566092,0.38706629227930733,84194,21,,1.7921624555652527
case_096,3,3,4,ablation,no_level,0.068,0.214,True,84126,797836,0.550214497314174,84194,143,,1.0008083113425101
case_096,3,3,3,ablation,full,0.053,0.199,True,44943,571660,0.3723030905303193,84194,19,,1.873350688650068
case_096,3,3,3,ablation,no_comm,0.061,0.172,True,36266,239900,0.45465904783298466,84194,7,,2.321568411184029
case_096,3,3,3,ablation,no_balance,0.018,0.204,True,39650,703116,0.4097415813927373,84194,19,,2.1234300126103407
case_096,3,3,3,ablation,no_sync,0.045,0.206,True,44943,571660,0.3723030905303193,84194,19,,1.873350688650068
case_096,3,3,3,ablation,no_localsearch,0.023,0.198,True,44943,571660,0.3723030905303193,84194,19,,1.873350688650068
case_096,3,3,3,ablation,no_cache_aware,0.051,0.199,True,44943,571660,0.3723030905303193,84194,19,,1.873350688650068
case_096,3,3,3,ablation,no_level,0.05,1.094,True,74826,571660,0.39934894500698265,84194,143,,1.1251971239943335
case_096,3,3,5,ablation,full,0.086,0.212,True,27289,794900,0.471198340122923,84194,32,,3.0852724541023857
case_096,3,3,5,ablation,no_comm,0.153,0.174,True,34887,376500,0.39400714450743773,84194,11,,2.4133344798922236
case_096,3,3,5,ablation,no_balance,0.018,1.076,True,29452,970836,0.43791744373209085,84194,38,,2.8586853184843135
case_096,3,3,5,ablation,no_sync,0.067,0.213,True,27289,794900,0.471198340122923,84194,32,,3.0852724541023857
case_096,3,3,5,ablation,no_localsearch,0.023,0.216,True,27289,794900,0.471198340122923,84194,32,,3.0852724541023857
case_096,3,3,5,ablation,no_cache_aware,0.159,0.198,True,35335,538364,0.3099445367562327,84194,29,,2.382736663364936
case_096,3,3,5,ablation,no_level,0.085,0.231,True,73066,794900,0.5514706422715036,84194,147,,1.1523006596775518
case_014,1,1,4,ablation,full,1.363,1471.173,True,4577787,89273760,,17698626,4,,3.8661969200401853
case_014,1,1,4,ablation,no_comm,1.585,1450.321,True,4581856,74898340,,17698626,8,,3.86276347401577
case_014,1,1,4,ablation,no_balance,0.676,1535.348,True,4685727,89329056,,17698626,4,,3.7771355437480674
case_014,1,1,4,ablation,no_sync,0.967,1553.548,True,4577787,89273760,,17698626,4,,3.8661969200401853
case_014,1,1,4,ablation,no_localsearch,0.863,1618.022,True,4577787,89273760,,17698626,4,,3.8661969200401853
case_014,1,1,4,ablation,no_cache_aware,1.042,1596.885,True,4577787,89273760,,17698626,4,,3.8661969200401853
case_014,1,1,4,ablation,no_level,1.203,53.642,True,4778273,163914144,,17698626,1335,,3.7039796595966785
case_092,1,1,5,ablation,full,0.912,92.881,True,1661234,66980256,,4815554,5,,2.89878126741928
case_092,1,1,5,ablation,no_comm,0.696,77.17,True,1649555,68973984,,4815554,10,,2.9193049034436562
case_092,1,1,5,ablation,no_balance,0.177,87.878,True,1661234,66980256,,4815554,5,,2.89878126741928
case_092,1,1,5,ablation,no_sync,0.898,90.615,True,1661234,66980256,,4815554,5,,2.89878126741928
case_092,1,1,5,ablation,no_localsearch,0.532,89.461,True,1661234,66980256,,4815554,5,,2.89878126741928
case_092,1,1,5,ablation,no_cache_aware,0.928,84.744,True,1661234,66980256,,4815554,5,,2.89878126741928
case_092,1,1,5,ablation,no_level,0.936,6.911,True,2438012,131186400,,4815554,142,,1.975197004772741
case_097,2,2,2,ablation,full,0.198,2.76,True,5617602,11796480,,11491509,2,,2.045625339780212
case_097,2,2,2,ablation,no_comm,0.128,2.548,True,5626527,13694976,,11491509,4,,2.042380495108261
case_097,2,2,2,ablation,no_balance,0.097,2.726,True,5617602,11796480,,11491509,2,,2.045625339780212
case_097,2,2,2,ablation,no_sync,0.196,2.708,True,5617602,11796480,,11491509,2,,2.045625339780212
case_097,2,2,2,ablation,no_localsearch,0.12,2.749,True,5617602,11796480,,11491509,2,,2.045625339780212
case_097,2,2,2,ablation,no_cache_aware,0.193,2.725,True,5617602,11796480,,11491509,2,,2.045625339780212
case_097,2,2,2,ablation,no_level,0.193,2.744,True,5617602,11796480,,11491509,64,,2.045625339780212
case_097,2,2,3,ablation,full,0.277,2.706,True,3660459,16031744,,11491509,3,,3.1393628503966307
case_097,2,2,3,ablation,no_comm,0.232,2.714,True,3568148,18454528,,11491509,6,,3.220580816715002
case_097,2,2,3,ablation,no_balance,0.098,2.716,True,3660459,16031744,,11491509,3,,3.1393628503966307
case_097,2,2,3,ablation,no_sync,0.277,2.737,True,3660459,16031744,,11491509,3,,3.1393628503966307
case_097,2,2,3,ablation,no_localsearch,0.123,2.7,True,3660459,16031744,,11491509,3,,3.1393628503966307
case_097,2,2,3,ablation,no_cache_aware,0.278,3.017,True,3660459,16031744,,11491509,3,,3.1393628503966307
case_097,2,2,3,ablation,no_level,0.269,2.748,True,3660459,16031744,,11491509,64,,3.1393628503966307
case_097,1,1,4,ablation,full,0.362,6.952,True,2626908,14221312,,11491509,4,,4.37453805005733
case_097,1,1,4,ablation,no_comm,0.279,18.752,True,2763054,18808832,,11491509,8,,4.158988206527994
case_097,1,1,4,ablation,no_balance,0.1,7.263,True,2626908,14221312,,11491509,4,,4.37453805005733
case_097,1,1,4,ablation,no_sync,0.369,6.168,True,2626908,14221312,,11491509,4,,4.37453805005733
case_097,1,1,4,ablation,no_localsearch,0.985,6.301,True,2626908,14221312,,11491509,4,,4.37453805005733
case_097,1,1,4,ablation,no_cache_aware,0.357,7.169,True,2626908,14221312,,11491509,4,,4.37453805005733
case_097,1,1,4,ablation,no_level,0.349,2.149,True,2608028,29818880,,11491509,64,,4.40620614502605
case_097,2,2,4,ablation,full,0.356,2.351,True,2626908,14221312,,11491509,4,,4.37453805005733
case_097,2,2,4,ablation,no_comm,0.282,2.295,True,2751584,17995776,,11491509,8,,4.176324982264761
case_097,2,2,4,ablation,no_balance,0.097,2.369,True,2626908,14221312,,11491509,4,,4.37453805005733
case_097,2,2,4,ablation,no_sync,0.367,2.339,True,2626908,14221312,,11491509,4,,4.37453805005733
case_097,2,2,4,ablation,no_localsearch,0.121,2.358,True,2626908,14221312,,11491509,4,,4.37453805005733
case_097,2,2,4,ablation,no_cache_aware,0.351,2.368,True,2626908,14221312,,11491509,4,,4.37453805005733
case_097,2,2,4,ablation,no_level,0.345,2.344,True,2626908,14221312,,11491509,64,,4.37453805005733
case_097,2,2,5,ablation,full,0.492,2.942,True,2102348,21311488,,11491509,5,,5.466035594487687
case_097,2,2,5,ablation,no_comm,0.373,2.698,True,2167936,24127488,,11491509,10,,5.300668008649702
case_097,2,2,5,ablation,no_balance,0.1,2.048,True,2102348,21311488,,11491509,5,,5.466035594487687
case_097,2,2,5,ablation,no_sync,1.357,2.076,True,2102348,21311488,,11491509,5,,5.466035594487687
case_097,2,2,5,ablation,no_localsearch,0.124,2.95,True,2102348,21311488,,11491509,5,,5.466035594487687
case_097,2,2,5,ablation,no_cache_aware,0.483,3.023,True,2102348,21311488,,11491509,5,,5.466035594487687
case_097,2,2,5,ablation,no_level,0.484,2.054,True,2102348,21311488,,11491509,64,,5.466035594487687
case_097,3,3,2,ablation,full,0.197,2.799,True,5617602,11796480,0.0,11491509,2,,2.045625339780212
case_097,3,3,2,ablation,no_comm,0.131,2.613,True,5625754,13694976,0.17381270496781245,11491509,4,,2.0426611259575163
case_097,3,3,2,ablation,no_balance,0.099,2.788,True,5617602,11796480,0.0,11491509,2,,2.045625339780212
case_097,3,3,2,ablation,no_sync,0.194,2.799,True,5617602,11796480,0.0,11491509,2,,2.045625339780212
case_097,3,3,2,ablation,no_localsearch,0.124,2.842,True,5617602,11796480,0.0,11491509,2,,2.045625339780212
case_097,3,3,2,ablation,no_cache_aware,0.196,2.728,True,5617602,11796480,0.0,11491509,2,,2.045625339780212
case_097,3,3,2,ablation,no_level,0.19,2.79,True,5617602,11796480,0.0,11491509,64,,2.045625339780212
case_097,3,3,3,ablation,full,0.282,3.022,True,3660338,16031744,0.2197214372224465,11491509,3,,3.139466628491686
case_097,3,3,3,ablation,no_comm,0.213,2.804,True,3563647,18454528,0.3002159827213823,11491509,6,,3.2246485131664278
case_097,3,3,3,ablation,no_balance,0.103,3.096,True,3660338,16031744,0.2197214372224465,11491509,3,,3.139466628491686
case_097,3,3,3,ablation,no_sync,0.284,2.168,True,3660338,16031744,0.2197214372224465,11491509,3,,3.139466628491686
case_097,3,3,3,ablation,no_localsearch,0.122,3.032,True,3660338,16031744,0.2197214372224465,11491509,3,,3.139466628491686
case_097,3,3,3,ablation,no_cache_aware,0.28,3.147,True,3660338,16031744,0.2197214372224465,11491509,3,,3.139466628491686
case_097,3,3,3,ablation,no_level,0.279,2.158,True,3660338,16031744,0.2197214372224465,11491509,64,,3.139466628491686
case_097,1,1,2,ablation,full,0.201,15.018,True,5617602,11796480,,11491509,2,,2.045625339780212
case_097,1,1,2,ablation,no_comm,0.129,27.81,True,5637480,14006272,,11491509,4,,2.038412375742353
case_097,1,1,2,ablation,no_balance,0.1,14.053,True,5617602,11796480,,11491509,2,,2.045625339780212
case_097,1,1,2,ablation,no_sync,0.2,14.525,True,5617602,11796480,,11491509,2,,2.045625339780212
case_097,1,1,2,ablation,no_localsearch,0.123,14.767,True,5617602,11796480,,11491509,2,,2.045625339780212
case_097,1,1,2,ablation,no_cache_aware,0.203,13.564,True,5617602,11796480,,11491509,2,,2.045625339780212
case_097,1,1,2,ablation,no_level,0.191,3.127,True,5192028,29818880,,11491509,64,,2.2132987341362567
case_014,1,1,5,ablation,full,1.601,1511.445,True,3752694,92875680,,17698626,5,,4.716245449269245
case_014,1,1,5,ablation,no_comm,1.843,1407.889,True,3770037,74780064,,17698626,10,,4.6945496821383985
case_014,1,1,5,ablation,no_balance,0.502,1549.984,True,3894882,93417888,,17698626,5,,4.544072452002397
case_014,1,1,5,ablation,no_sync,1.252,1584.535,True,3752694,92875680,,17698626,5,,4.716245449269245
case_014,1,1,5,ablation,no_localsearch,0.82,1645.141,True,3752694,92875680,,17698626,5,,4.716245449269245
case_014,1,1,5,ablation,no_cache_aware,1.457,1621.072,True,3752694,92875680,,17698626,5,,4.716245449269245
case_014,1,1,5,ablation,no_level,1.523,56.665,True,3958078,163914144,,17698626,1335,,4.471520268170561
case_098,1,1,2,ablation,full,0.039,0.301,True,143569,917616,,177430,7,,1.2358517507261317
case_098,1,1,2,ablation,no_comm,0.025,0.402,True,111270,245764,,177430,3,,1.5945897366765525
case_098,1,1,2,ablation,no_balance,0.019,0.302,True,142389,929912,,177430,7,,1.2460934482298491
case_098,1,1,2,ablation,no_sync,0.036,0.297,True,143569,917616,,177430,7,,1.2358517507261317
case_098,1,1,2,ablation,no_localsearch,0.024,0.296,True,143569,917616,,177430,7,,1.2358517507261317
case_098,1,1,2,ablation,no_cache_aware,0.035,0.299,True,143569,917616,,177430,7,,1.2358517507261317
case_098,1,1,2,ablation,no_level,0.035,0.269,True,153514,1036428,,177430,55,,1.1557903513686048
case_098,1,1,3,ablation,full,0.092,0.315,True,113257,1974454,,177430,18,,1.5666139841246016
case_098,1,1,3,ablation,no_comm,0.032,0.448,True,113110,925836,,177430,9,,1.568649986738573
case_098,1,1,3,ablation,no_balance,0.021,0.328,True,82843,2377992,,177430,21,,2.1417621283632897
case_098,1,1,3,ablation,no_sync,0.077,0.313,True,113802,1936566,,177430,19,,1.5591114391662713
case_098,1,1,3,ablation,no_localsearch,0.028,0.482,True,114138,1935542,,177430,19,,1.554521719322224
case_098,1,1,3,ablation,no_cache_aware,0.092,0.318,True,113257,1974454,,177430,18,,1.5666139841246016
case_098,1,1,3,ablation,no_level,0.091,0.373,True,206144,2265330,,177430,141,,0.8607090189382179
case_098,1,1,4,ablation,full,0.132,0.333,True,102168,2306318,,177430,28,,1.7366494401378123
case_098,1,1,4,ablation,no_comm,0.044,0.316,True,106956,811140,,177430,9,,1.6589064662104043
case_098,1,1,4,ablation,no_balance,0.021,0.333,True,95654,2473248,,177430,30,,1.8549145879942293
case_098,1,1,4,ablation,no_sync,0.103,0.326,True,102168,2306318,,177430,28,,1.7366494401378123
case_098,1,1,4,ablation,no_localsearch,0.026,0.335,True,102165,2306318,,177430,28,,1.7367004355699114
case_098,1,1,4,ablation,no_cache_aware,0.127,0.328,True,102168,2306318,,177430,28,,1.7366494401378123
case_098,1,1,4,ablation,no_level,0.127,0.373,True,223170,2265330,,177430,141,,0.7950441367567326
case_097,3,3,4,ablation,full,0.367,2.088,True,2626908,14221312,0.041666666666666664,11491509,4,,4.37453805005733
case_097,3,3,4,ablation,no_comm,0.546,2.409,True,2747066,17995776,0.23100303951367782,11491509,8,,4.183193632770381
case_097,3,3,4,ablation,no_balance,0.103,2.082,True,2626908,14221312,0.041666666666666664,11491509,4,,4.37453805005733
case_097,3,3,4,ablation,no_sync,0.614,2.086,True,2626908,14221312,0.041666666666666664,11491509,4,,4.37453805005733
case_097,3,3,4,ablation,no_localsearch,0.406,2.074,True,2626908,14221312,0.041666666666666664,11491509,4,,4.37453805005733
case_097,3,3,4,ablation,no_cache_aware,0.607,2.093,True,2626908,14221312,0.041666666666666664,11491509,4,,4.37453805005733
case_097,3,3,4,ablation,no_level,0.355,2.316,True,2626908,14221312,0.041666666666666664,11491509,64,,4.37453805005733
case_098,1,1,5,ablation,full,0.302,0.329,True,75917,1614026,,177430,28,,2.337157685366914
case_098,1,1,5,ablation,no_comm,0.143,0.321,True,101124,983244,,177430,16,,1.7545785372414067
case_098,1,1,5,ablation,no_balance,0.02,0.485,True,81609,2518318,,177430,37,,2.174147459226311
case_098,1,1,5,ablation,no_sync,0.145,0.327,True,75917,1614026,,177430,28,,2.337157685366914
case_098,1,1,5,ablation,no_localsearch,0.026,0.35,True,81896,2371866,,177430,31,,2.1665282797694636
case_098,1,1,5,ablation,no_cache_aware,0.184,0.337,True,75917,1614026,,177430,28,,2.337157685366914
case_098,1,1,5,ablation,no_level,0.179,0.512,True,155965,2265330,,177430,141,,1.1376270317058315
case_098,2,2,2,ablation,full,0.036,1.147,True,130081,344140,,177430,7,,1.3639962792413958
case_098,2,2,2,ablation,no_comm,0.022,0.201,True,110770,32768,,177430,3,,1.6017874875868918
case_098,2,2,2,ablation,no_balance,0.02,0.21,True,113877,356436,,177430,7,,1.558084600050932
case_098,2,2,2,ablation,no_sync,0.034,0.204,True,130081,344140,,177430,7,,1.3639962792413958
case_098,2,2,2,ablation,no_localsearch,0.024,0.211,True,130081,344140,,177430,7,,1.3639962792413958
case_098,2,2,2,ablation,no_cache_aware,0.035,0.212,True,130081,344140,,177430,7,,1.3639962792413958
case_098,2,2,2,ablation,no_level,0.033,0.201,True,143939,344140,,177430,55,,1.2326749525840808
case_098,2,2,3,ablation,full,0.097,0.238,True,95169,1395840,,177430,18,,1.8643675986928516
case_098,2,2,3,ablation,no_comm,0.033,0.208,True,98370,696436,,177430,9,,1.8037003151367286
case_098,2,2,3,ablation,no_balance,0.021,0.25,True,74926,1669354,,177430,21,,2.3680698288978457
case_098,2,2,3,ablation,no_sync,0.076,0.485,True,95360,1395840,,177430,19,,1.860633389261745
case_098,2,2,3,ablation,no_localsearch,0.027,0.23,True,95360,1394816,,177430,19,,1.860633389261745
case_098,2,2,3,ablation,no_cache_aware,0.092,0.235,True,95169,1395840,,177430,18,,1.8643675986928516
case_098,2,2,3,ablation,no_level,0.092,0.231,True,163383,1395840,,177430,141,,1.0859758971251599
case_098,2,2,4,ablation,full,0.129,0.251,True,88547,1728734,,177430,28,,2.003794594960868
case_098,2,2,4,ablation,no_comm,0.046,0.323,True,102615,696436,,177430,9,,1.729084441845734
case_098,2,2,4,ablation,no_balance,0.022,0.249,True,85331,1637658,,177430,30,,2.0793146687604738
case_098,2,2,4,ablation,no_sync,0.102,0.376,True,88547,1728734,,177430,28,,2.003794594960868
case_098,2,2,4,ablation,no_localsearch,0.025,0.25,True,88549,1728734,,177430,28,,2.0037493365255394
case_098,2,2,4,ablation,no_cache_aware,0.127,0.381,True,88547,1728734,,177430,28,,2.003794594960868
case_098,2,2,4,ablation,no_level,0.125,0.243,True,175348,1728734,,177430,141,,1.0118735314916623
case_098,2,2,5,ablation,full,0.179,0.228,True,67799,1274008,,177430,28,,2.617000250741161
case_098,2,2,5,ablation,no_comm,0.098,0.222,True,92203,803014,,177430,19,,1.9243408565881803
case_098,2,2,5,ablation,no_balance,0.021,0.268,True,72646,2227502,,177430,37,,2.4423918729179857
case_098,2,2,5,ablation,no_sync,0.144,0.233,True,67799,1274008,,177430,28,,2.617000250741161
case_098,2,2,5,ablation,no_localsearch,0.027,0.257,True,64775,1835272,,177430,31,,2.7391740640679276
case_098,2,2,5,ablation,no_cache_aware,0.181,0.233,True,67799,1274008,,177430,28,,2.617000250741161
case_098,2,2,5,ablation,no_level,0.184,0.229,True,125967,1274008,,177430,141,,1.4085435074265482
case_098,3,3,2,ablation,full,0.034,0.468,True,130081,344140,0.33019134099925723,177430,7,,1.3639962792413958
case_098,3,3,2,ablation,no_comm,0.023,0.212,True,110770,32768,0.0,177430,3,,1.6017874875868918
case_098,3,3,2,ablation,no_balance,0.019,0.211,True,113877,356436,0.3379967485720464,177430,7,,1.558084600050932
case_098,3,3,2,ablation,no_sync,0.035,0.491,True,130081,344140,0.33019134099925723,177430,7,,1.3639962792413958
case_098,3,3,2,ablation,no_localsearch,0.026,0.22,True,130081,344140,0.33019134099925723,177430,7,,1.3639962792413958
case_098,3,3,2,ablation,no_cache_aware,0.036,0.218,True,130081,344140,0.33019134099925723,177430,7,,1.3639962792413958
case_098,3,3,2,ablation,no_level,0.033,0.216,True,143939,344140,0.3144679438088164,177430,55,,1.2326749525840808
case_098,3,3,3,ablation,full,0.094,0.388,True,95167,1395840,0.4546874489355492,177430,18,,1.8644067796610169
case_098,3,3,3,ablation,no_comm,0.033,0.223,True,98370,696436,0.41069955471694675,177430,9,,1.8037003151367286
case_098,3,3,3,ablation,no_balance,0.021,0.395,True,74663,1669354,0.4473725074484098,177430,21,,2.3764113416283834
case_098,3,3,3,ablation,no_sync,0.076,0.238,True,95358,1395840,0.45237947662670913,177430,19,,1.8606724134314898
case_098,3,3,3,ablation,no_localsearch,0.029,0.387,True,95358,1394816,0.45251002420237557,177430,19,,1.8606724134314898
case_098,3,3,3,ablation,no_cache_aware,0.094,0.237,True,95167,1395840,0.4546874489355492,177430,18,,1.8644067796610169
case_098,3,3,3,ablation,no_level,0.091,0.369,True,163323,1395840,0.42699178122946857,177430,141,,1.0863748522865733
case_098,3,3,4,ablation,full,0.133,0.256,True,86404,1728734,0.46621915008619075,177430,28,,2.053492893847507
case_098,3,3,4,ablation,no_comm,0.045,1.102,True,102615,696436,0.4007478555715393,177430,9,,1.729084441845734
case_098,3,3,4,ablation,no_balance,0.021,0.264,True,83503,1637658,0.4225430399582695,177430,30,,2.1248338383052108
case_098,3,3,4,ablation,no_sync,0.104,0.272,True,86404,1728734,0.46621915008619075,177430,28,,2.053492893847507
case_098,3,3,4,ablation,no_localsearch,0.026,0.281,True,86363,1728734,0.46621915008619075,177430,28,,2.054467769762514
case_098,3,3,4,ablation,no_cache_aware,0.132,0.258,True,86404,1728734,0.46621915008619075,177430,28,,2.053492893847507
case_098,3,3,4,ablation,no_level,0.135,0.256,True,175130,1728734,0.4333593727280294,177430,141,,1.0131331011248788
case_098,3,3,5,ablation,full,0.171,0.556,True,63145,1835272,0.4892988689143823,177430,31,,2.809882017578589
case_098,3,3,5,ablation,no_comm,0.097,0.225,True,91713,803014,0.44585146295055456,177430,19,,1.9346221364473957
case_098,3,3,5,ablation,no_balance,0.022,0.279,True,70082,2227502,0.552404517036741,177430,37,,2.5317485231585857
case_098,3,3,5,ablation,no_sync,0.137,0.27,True,63145,1835272,0.4892988689143823,177430,31,,2.809882017578589
case_098,3,3,5,ablation,no_localsearch,0.026,0.294,True,63130,1835272,0.4892988689143823,177430,31,,2.8105496594329162
case_098,3,3,5,ablation,no_cache_aware,0.184,0.48,True,67520,1274008,0.4511809903907572,177430,28,,2.627813981042654
case_098,3,3,5,ablation,no_level,0.173,0.265,True,143850,1835272,0.4460702714164139,177430,141,,1.2334376086200904
case_097,3,3,5,ablation,full,1.377,2.109,True,2102250,21311488,0.24523466282236103,11491509,5,,5.466290403139493
case_097,3,3,5,ablation,no_comm,0.389,2.663,True,2166577,24127488,0.2065719515383945,11491509,10,,5.30399288832107
case_097,3,3,5,ablation,no_balance,0.093,3.03,True,2102250,21311488,0.24523466282236103,11491509,5,,5.466290403139493
case_097,3,3,5,ablation,no_sync,0.505,2.099,True,2102250,21311488,0.24523466282236103,11491509,5,,5.466290403139493
case_097,3,3,5,ablation,no_localsearch,0.949,2.171,True,2102250,21311488,0.24523466282236103,11491509,5,,5.466290403139493
case_097,3,3,5,ablation,no_cache_aware,0.486,3.183,True,2102250,21311488,0.24523466282236103,11491509,5,,5.466290403139493
case_097,3,3,5,ablation,no_level,0.571,3.148,True,2102250,21311488,0.24523466282236103,11491509,64,,5.466290403139493
case_097,1,1,5,ablation,full,0.488,22.354,True,2102348,21311488,,11491509,5,,5.466035594487687
case_097,1,1,5,ablation,no_comm,0.539,18.957,True,2211975,25270272,,11491509,10,,5.195135116807378
case_097,1,1,5,ablation,no_balance,0.099,22.312,True,2102348,21311488,,11491509,5,,5.466035594487687
case_097,1,1,5,ablation,no_sync,0.492,22.597,True,2102348,21311488,,11491509,5,,5.466035594487687
case_097,1,1,5,ablation,no_localsearch,0.142,21.718,True,2102348,21311488,,11491509,5,,5.466035594487687
case_097,1,1,5,ablation,no_cache_aware,0.489,23.346,True,2102348,21311488,,11491509,5,,5.466035594487687
case_097,1,1,5,ablation,no_level,0.489,2.569,True,2123528,29818880,,11491509,64,,5.411517531202791
case_097,1,1,3,ablation,full,0.281,23.533,True,3660459,16031744,,11491509,3,,3.1393628503966307
case_097,1,1,3,ablation,no_comm,0.208,22.809,True,3771649,19124224,,11491509,6,,3.0468129457433606
case_097,1,1,3,ablation,no_balance,0.098,24.35,True,3660459,16031744,,11491509,3,,3.1393628503966307
case_097,1,1,3,ablation,no_sync,0.276,23.947,True,3660459,16031744,,11491509,3,,3.1393628503966307
case_097,1,1,3,ablation,no_localsearch,0.118,22.011,True,3660459,16031744,,11491509,3,,3.1393628503966307
case_097,1,1,3,ablation,no_cache_aware,0.273,24.388,True,3660459,16031744,,11491509,3,,3.1393628503966307
case_097,1,1,3,ablation,no_level,0.272,3.082,True,3577028,29818880,,11491509,64,,3.2125856996366817
case_099,2,2,2,ablation,full,0.329,1.799,True,822197,4583424,,1622999,2,,1.973978255819469
case_099,2,2,2,ablation,no_comm,0.126,1.82,True,817714,6275076,,1622999,4,,1.9848003091545454
case_099,2,2,2,ablation,no_balance,0.065,1.926,True,892064,4636672,,1622999,2,,1.8193750672597482
case_099,2,2,2,ablation,no_sync,0.144,1.742,True,822197,4583424,,1622999,2,,1.973978255819469
case_099,2,2,2,ablation,no_localsearch,0.088,1.717,True,822197,4583424,,1622999,2,,1.973978255819469
case_099,2,2,2,ablation,no_cache_aware,0.14,1.893,True,822197,4583424,,1622999,2,,1.973978255819469
case_099,2,2,2,ablation,no_level,0.136,1.598,True,825339,2097152,,1622999,20,,1.9664634774316978
case_099,2,2,3,ablation,full,0.205,1.246,True,572147,4169728,,1622999,3,,2.836681831767011
case_099,2,2,3,ablation,no_comm,0.188,2.248,True,541232,6590464,,1622999,6,,2.9987121973571407
case_099,2,2,3,ablation,no_balance,0.065,1.256,True,603479,4292608,,1622999,3,,2.68940427090255
case_099,2,2,3,ablation,no_sync,0.199,2.144,True,572147,4169728,,1622999,3,,2.836681831767011
case_099,2,2,3,ablation,no_localsearch,0.089,1.272,True,572147,4169728,,1622999,3,,2.836681831767011
case_099,2,2,3,ablation,no_cache_aware,0.206,2.157,True,572147,4169728,,1622999,3,,2.836681831767011
case_099,2,2,3,ablation,no_level,0.21,1.16,True,584415,2441216,,1622999,20,,2.7771343993566218
case_099,2,2,4,ablation,full,0.349,1.789,True,407859,9818112,,1622999,4,,3.979313929568797
case_099,2,2,4,ablation,no_comm,0.256,1.789,True,412829,7368704,,1622999,8,,3.9314074350396897
case_099,2,2,4,ablation,no_balance,0.076,1.852,True,415960,9945088,,1622999,4,,3.9018150783729206
case_099,2,2,4,ablation,no_sync,0.542,1.834,True,407859,9818112,,1622999,4,,3.979313929568797
case_099,2,2,4,ablation,no_localsearch,0.103,1.784,True,407859,9818112,,1622999,4,,3.979313929568797
case_099,2,2,4,ablation,no_cache_aware,0.346,1.839,True,407859,9818112,,1622999,4,,3.979313929568797
case_099,2,2,4,ablation,no_level,0.334,2.0,True,408758,9723904,,1622999,202,,3.970562044045621
case_099,2,2,5,ablation,full,0.466,2.302,True,338025,10776576,,1622999,5,,4.801417054951557
case_099,2,2,5,ablation,no_comm,0.33,1.36,True,336006,7528448,,1622999,10,,4.830267911882526
case_099,2,2,5,ablation,no_balance,0.079,2.291,True,343631,10919936,,1622999,5,,4.723086683099022
case_099,2,2,5,ablation,no_sync,0.424,1.398,True,338025,10776576,,1622999,5,,4.801417054951557
case_099,2,2,5,ablation,no_localsearch,0.1,2.326,True,338025,10776576,,1622999,5,,4.801417054951557
case_099,2,2,5,ablation,no_cache_aware,0.456,2.316,True,338025,10776576,,1622999,5,,4.801417054951557
case_099,2,2,5,ablation,no_level,0.44,1.392,True,336565,10702848,,1622999,202,,4.8222453315110005
case_099,3,3,2,ablation,full,0.147,1.8,True,821314,4583424,0.26819179166217044,1622999,2,,1.9761004926252324
case_099,3,3,2,ablation,no_comm,0.123,1.866,True,813827,6275076,0.3097646318909471,1622999,4,,1.9942801111292694
case_099,3,3,2,ablation,no_balance,0.068,1.689,True,890842,4636672,0.26905637473669175,1622999,2,,1.821870769451822
case_099,3,3,2,ablation,no_sync,0.329,1.751,True,821314,4583424,0.26819179166217044,1622999,2,,1.9761004926252324
case_099,3,3,2,ablation,no_localsearch,0.086,1.756,True,821314,4583424,0.26819179166217044,1622999,2,,1.9761004926252324
case_099,3,3,2,ablation,no_cache_aware,0.14,1.717,True,821314,4583424,0.26819179166217044,1622999,2,,1.9761004926252324
case_099,3,3,2,ablation,no_level,0.135,1.803,True,824330,2097152,0.29100558350378686,1622999,20,,1.968870476629505
case_099,3,3,3,ablation,full,0.203,2.202,True,571609,4169728,0.29207561581057856,1622999,3,,2.839351724692928
case_099,3,3,3,ablation,no_comm,0.188,1.363,True,540032,6590464,0.36329662240593413,1622999,6,,3.005375607371415
case_099,3,3,3,ablation,no_balance,0.064,2.246,True,603385,4292608,0.31441965122820176,1622999,3,,2.68982324718049
case_099,3,3,3,ablation,no_sync,0.199,1.254,True,571609,4169728,0.29207561581057856,1622999,3,,2.839351724692928
case_099,3,3,3,ablation,no_localsearch,0.086,2.202,True,571609,4169728,0.29207561581057856,1622999,3,,2.839351724692928
case_099,3,3,3,ablation,no_cache_aware,0.2,1.288,True,571609,4169728,0.29207561581057856,1622999,3,,2.839351724692928
case_099,3,3,3,ablation,no_level,0.197,1.178,True,577363,2441216,0.326043328358977,1622999,20,,2.811054743722753
case_099,1,1,3,ablation,full,0.203,12.112,True,572147,4169728,,1622999,3,,2.836681831767011
case_099,1,1,3,ablation,no_comm,0.181,13.992,True,542088,6660096,,1622999,6,,2.9939769926653974
case_099,1,1,3,ablation,no_balance,0.068,11.253,True,603479,4292608,,1622999,3,,2.68940427090255
case_099,1,1,3,ablation,no_sync,0.206,10.993,True,572147,4169728,,1622999,3,,2.836681831767011
case_099,1,1,3,ablation,no_localsearch,0.087,12.126,True,572147,4169728,,1622999,3,,2.836681831767011
case_099,1,1,3,ablation,no_cache_aware,0.201,10.993,True,572147,4169728,,1622999,3,,2.836681831767011
case_099,1,1,3,ablation,no_level,0.191,2.177,True,569849,9400320,,1622999,20,,2.848121168941246
case_099,3,3,4,ablation,full,0.354,1.827,True,404548,9818112,0.5833074260606438,1622999,4,,4.0118823971444675
case_099,3,3,4,ablation,no_comm,0.266,1.808,True,410951,7368704,0.3703916599169127,1622999,8,,3.9493735262841554
case_099,3,3,4,ablation,no_balance,0.077,1.798,True,411011,9945088,0.5740896502205355,1622999,4,,3.9487969908347953
case_099,3,3,4,ablation,no_sync,0.523,1.866,True,404548,9818112,0.5833074260606438,1622999,4,,4.0118823971444675
case_099,3,3,4,ablation,no_localsearch,0.101,1.79,True,404548,9818112,0.5833074260606438,1622999,4,,4.0118823971444675
case_099,3,3,4,ablation,no_cache_aware,0.335,1.862,True,404548,9818112,0.5833074260606438,1622999,4,,4.0118823971444675
case_099,3,3,4,ablation,no_level,0.343,1.985,True,405645,9723904,0.5523694158434452,1622999,202,,4.001032922875914
case_100,1,1,2,ablation,full,0.037,0.398,True,118552,989712,,151223,6,,1.2755837101018963
case_100,1,1,2,ablation,no_comm,0.024,1.297,True,118753,396560,,151223,4,,1.2734246713767232
case_100,1,1,2,ablation,no_balance,0.019,0.419,True,104823,989712,,151223,6,,1.442650944926209
case_100,1,1,2,ablation,no_sync,0.034,0.408,True,118552,989712,,151223,6,,1.2755837101018963
case_100,1,1,2,ablation,no_localsearch,0.024,0.403,True,118552,989712,,151223,6,,1.2755837101018963
case_100,1,1,2,ablation,no_cache_aware,0.034,0.408,True,118552,989712,,151223,6,,1.2755837101018963
case_100,1,1,2,ablation,no_level,0.033,0.254,True,127448,1452048,,151223,47,,1.1865466700144374
case_100,1,1,3,ablation,full,0.096,0.401,True,86479,1061904,,151223,7,,1.7486673065137202
case_100,1,1,3,ablation,no_comm,0.055,0.388,True,95436,984636,,151223,8,,1.5845488075778533
case_100,1,1,3,ablation,no_balance,0.019,0.413,True,88350,1061904,,151223,7,,1.7116355404640633
case_100,1,1,3,ablation,no_sync,0.09,0.414,True,86479,1061904,,151223,7,,1.7486673065137202
case_100,1,1,3,ablation,no_localsearch,0.189,0.409,True,86743,1057296,,151223,7,,1.743345284345711
case_100,1,1,3,ablation,no_cache_aware,0.092,0.408,True,86479,1061904,,151223,7,,1.7486673065137202
case_100,1,1,3,ablation,no_level,0.085,0.252,True,89192,1452048,,151223,47,,1.6954771728406135
case_100,1,1,4,ablation,full,0.125,0.427,True,79313,1078800,,151223,8,,1.906660950915991
case_100,1,1,4,ablation,no_comm,0.084,0.379,True,86211,1069948,,151223,10,,1.754103304682697
case_100,1,1,4,ablation,no_balance,0.019,0.416,True,83017,1134096,,151223,8,,1.8215907585193394
case_100,1,1,4,ablation,no_sync,0.123,0.411,True,79313,1078800,,151223,8,,1.906660950915991
case_100,1,1,4,ablation,no_localsearch,0.022,0.419,True,79829,1069584,,151223,8,,1.894336644577785
case_100,1,1,4,ablation,no_cache_aware,0.125,0.416,True,79313,1078800,,151223,8,,1.906660950915991
case_100,1,1,4,ablation,no_level,0.121,0.265,True,77393,1452048,,151223,47,,1.9539622446474487
case_100,2,2,2,ablation,full,0.035,0.216,True,115820,301584,,151223,6,,1.3056725954066655
case_100,2,2,2,ablation,no_comm,0.025,0.216,True,117309,308232,,151223,4,,1.2890997280686052
case_100,2,2,2,ablation,no_balance,0.019,0.22,True,101341,301584,,151223,6,,1.492219338668456
case_100,2,2,2,ablation,no_sync,0.034,1.122,True,115820,301584,,151223,6,,1.3056725954066655
case_100,2,2,2,ablation,no_localsearch,0.023,0.218,True,115820,301584,,151223,6,,1.3056725954066655
case_100,2,2,2,ablation,no_cache_aware,0.035,0.225,True,115820,301584,,151223,6,,1.3056725954066655
case_100,2,2,2,ablation,no_level,0.032,0.207,True,108525,301584,,151223,47,,1.3934392997005298
case_099,3,3,5,ablation,full,0.481,2.274,True,327016,10776576,0.5496124478295155,1622999,5,,4.963056853487291
case_099,3,3,5,ablation,no_comm,0.332,1.373,True,329539,7528448,0.433947198969736,1622999,10,,4.925058945982115
case_099,3,3,5,ablation,no_balance,0.073,2.261,True,329238,10919936,0.5608052822864537,1622999,5,,4.929561593740698
case_099,3,3,5,ablation,no_sync,0.445,1.459,True,327016,10776576,0.5496124478295155,1622999,5,,4.963056853487291
case_099,3,3,5,ablation,no_localsearch,0.974,1.401,True,327016,10776576,0.5496124478295155,1622999,5,,4.963056853487291
case_099,3,3,5,ablation,no_cache_aware,0.443,2.347,True,327016,10776576,0.5496124478295155,1622999,5,,4.963056853487291
case_099,3,3,5,ablation,no_level,0.465,1.384,True,333568,10702848,0.5765013054830287,1622999,202,,4.865571637567153
case_100,1,1,5,ablation,full,0.114,0.584,True,83994,1061904,,151223,9,,1.8004024096959306
case_100,1,1,5,ablation,no_comm,0.174,0.43,True,61093,931900,,151223,10,,2.4752917682876925
case_100,1,1,5,ablation,no_balance,0.02,0.42,True,79687,1206288,,151223,9,,1.8977122993712903
case_100,1,1,5,ablation,no_sync,0.113,0.408,True,83994,1061904,,151223,9,,1.8004024096959306
case_100,1,1,5,ablation,no_localsearch,0.023,0.405,True,77970,1184784,,151223,9,,1.9395023727074516
case_100,1,1,5,ablation,no_cache_aware,0.286,0.387,True,83994,1061904,,151223,9,,1.8004024096959306
case_100,1,1,5,ablation,no_level,0.113,0.268,True,92356,1452048,,151223,47,,1.6373922647147992
case_100,2,2,3,ablation,full,0.09,0.206,True,83173,603152,,151223,7,,1.8181741670974956
case_100,2,2,3,ablation,no_comm,0.053,0.212,True,90205,751160,,151223,8,,1.6764370046006318
case_100,2,2,3,ablation,no_balance,0.018,0.206,True,84956,603152,,151223,7,,1.7800155374546824
case_100,2,2,3,ablation,no_sync,0.085,0.207,True,83173,603152,,151223,7,,1.8181741670974956
case_100,2,2,3,ablation,no_localsearch,0.023,0.212,True,83173,598544,,151223,7,,1.8181741670974956
case_100,2,2,3,ablation,no_cache_aware,0.089,0.209,True,83173,603152,,151223,7,,1.8181741670974956
case_100,2,2,3,ablation,no_level,0.088,0.211,True,77380,603152,,151223,47,,1.954290514344792
case_100,2,2,5,ablation,full,0.118,0.214,True,80600,1061904,,151223,9,,1.8762158808933003
case_100,2,2,5,ablation,no_comm,0.191,0.215,True,60753,928292,,151223,12,,2.4891445689924776
case_100,2,2,5,ablation,no_balance,0.017,0.39,True,76381,1206288,,151223,9,,1.9798510100679487
case_100,2,2,5,ablation,no_sync,0.115,0.213,True,80600,1061904,,151223,9,,1.8762158808933003
case_100,2,2,5,ablation,no_localsearch,0.024,0.225,True,74576,1184784,,151223,9,,2.0277703282557393
case_100,2,2,5,ablation,no_cache_aware,0.119,0.224,True,80600,1061904,,151223,9,,1.8762158808933003
case_100,2,2,5,ablation,no_level,0.116,0.392,True,80400,1061904,,151223,47,,1.8808830845771145
case_100,2,2,4,ablation,full,0.119,0.217,True,76581,849424,,151223,8,,1.9746804037555008
case_100,2,2,4,ablation,no_comm,0.084,0.216,True,79590,883320,,151223,10,,1.9000251287850232
case_100,2,2,4,ablation,no_balance,0.019,0.217,True,79711,904720,,151223,8,,1.8971409215792048
case_100,2,2,4,ablation,no_sync,0.12,0.222,True,76581,849424,,151223,8,,1.9746804037555008
case_100,2,2,4,ablation,no_localsearch,0.023,0.216,True,77097,840208,,151223,8,,1.9614641296029678
case_100,2,2,4,ablation,no_cache_aware,0.125,1.158,True,76581,849424,,151223,8,,1.9746804037555008
case_100,2,2,4,ablation,no_level,0.123,0.209,True,68920,849424,,151223,47,,2.194181659895531
case_100,3,3,2,ablation,full,0.035,0.215,True,115820,301584,0.40886030299004045,151223,6,,1.3056725954066655
case_100,3,3,2,ablation,no_comm,0.025,0.212,True,117309,308232,0.3523739058813675,151223,4,,1.2890997280686052
case_100,3,3,2,ablation,no_balance,0.018,1.17,True,101341,301584,0.31723116887342695,151223,6,,1.492219338668456
case_100,3,3,2,ablation,no_sync,0.034,0.217,True,115820,301584,0.40886030299004045,151223,6,,1.3056725954066655
case_100,3,3,2,ablation,no_localsearch,0.022,0.219,True,115820,301584,0.40886030299004045,151223,6,,1.3056725954066655
case_100,3,3,2,ablation,no_cache_aware,0.035,0.219,True,115820,301584,0.40886030299004045,151223,6,,1.3056725954066655
case_100,3,3,2,ablation,no_level,0.032,0.209,True,108467,301584,0.3866471795678311,151223,47,,1.3941844063171287
case_100,3,3,3,ablation,full,0.091,0.213,True,83173,603152,0.5804128374151951,151223,7,,1.8181741670974956
case_100,3,3,3,ablation,no_comm,0.053,0.221,True,89918,751160,0.4572643615350444,151223,8,,1.681787851153273
case_100,3,3,3,ablation,no_balance,0.018,0.39,True,84956,603152,0.5804128374151951,151223,7,,1.7800155374546824
case_100,3,3,3,ablation,no_sync,0.088,0.211,True,83173,603152,0.5804128374151951,151223,7,,1.8181741670974956
case_100,3,3,3,ablation,no_localsearch,0.023,0.211,True,83173,598544,0.578543935383967,151223,7,,1.8181741670974956
case_100,3,3,3,ablation,no_cache_aware,0.087,0.387,True,83173,603152,0.5804128374151951,151223,7,,1.8181741670974956
case_100,3,3,3,ablation,no_level,0.088,0.208,True,77380,603152,0.5488793725641149,151223,47,,1.954290514344792
case_100,3,3,4,ablation,full,0.123,0.226,True,76581,849424,0.6177831093601945,151223,8,,1.9746804037555008
case_100,3,3,4,ablation,no_comm,0.079,0.225,True,79234,883320,0.5612345613561838,151223,10,,1.9085619809677663
case_100,3,3,4,ablation,no_balance,0.018,0.214,True,79711,904720,0.6747906718638819,151223,8,,1.8971409215792048
case_100,3,3,4,ablation,no_sync,0.117,0.234,True,76581,849424,0.6177831093601945,151223,8,,1.9746804037555008
case_100,3,3,4,ablation,no_localsearch,0.022,0.232,True,77097,840208,0.615022966511676,151223,8,,1.9614641296029678
case_100,3,3,4,ablation,no_cache_aware,0.124,0.223,True,76581,849424,0.6177831093601945,151223,8,,1.9746804037555008
case_100,3,3,4,ablation,no_level,0.119,0.216,True,68920,849424,0.6225628626241032,151223,47,,2.194181659895531
case_100,3,3,5,ablation,full,0.121,0.215,True,75224,1189392,0.7090679775315463,151223,9,,2.0103025630118045
case_100,3,3,5,ablation,no_comm,0.109,0.247,True,74322,1353300,0.5685319004990734,151223,13,,2.0347003579021017
case_100,3,3,5,ablation,no_balance,0.019,0.228,True,76381,1206288,0.6908613968577946,151223,9,,1.9798510100679487
case_100,3,3,5,ablation,no_sync,0.119,0.216,True,75224,1189392,0.7090679775315463,151223,9,,2.0103025630118045
case_100,3,3,5,ablation,no_localsearch,0.022,0.219,True,74576,1184784,0.7095044244074774,151223,9,,2.0277703282557393
case_100,3,3,5,ablation,no_cache_aware,0.116,0.215,True,80600,1061904,0.6720012390663742,151223,9,,1.8762158808933003
case_100,3,3,5,ablation,no_level,0.126,0.213,True,79752,1189392,0.6914279034570164,151223,47,,1.8961656134015448
case_099,1,1,5,ablation,full,0.446,13.829,True,338025,10776576,,1622999,5,,4.801417054951557
case_099,1,1,5,ablation,no_comm,0.348,11.892,True,338322,7606272,,1622999,10,,4.797202073764047
case_099,1,1,5,ablation,no_balance,0.084,14.254,True,343631,10919936,,1622999,5,,4.723086683099022
case_099,1,1,5,ablation,no_sync,0.427,14.62,True,338025,10776576,,1622999,5,,4.801417054951557
case_099,1,1,5,ablation,no_localsearch,0.105,13.586,True,338025,10776576,,1622999,5,,4.801417054951557
case_099,1,1,5,ablation,no_cache_aware,0.443,13.965,True,338025,10776576,,1622999,5,,4.801417054951557
case_099,1,1,5,ablation,no_level,0.433,3.1,True,418371,21626880,,1622999,202,,3.879329590244066
case_099,1,1,2,ablation,full,0.144,15.859,True,822197,4583424,,1622999,2,,1.973978255819469
case_099,1,1,2,ablation,no_comm,0.121,17.622,True,818512,6262788,,1622999,4,,1.9828652481576323
case_099,1,1,2,ablation,no_balance,0.066,14.581,True,892064,4636672,,1622999,2,,1.8193750672597482
case_099,1,1,2,ablation,no_sync,0.143,15.259,True,822197,4583424,,1622999,2,,1.973978255819469
case_099,1,1,2,ablation,no_localsearch,0.088,14.66,True,822197,4583424,,1622999,2,,1.973978255819469
case_099,1,1,2,ablation,no_cache_aware,0.143,14.676,True,822197,4583424,,1622999,2,,1.973978255819469
case_099,1,1,2,ablation,no_level,0.134,2.441,True,818716,9400320,,1622999,20,,1.9823711763297651
case_099,1,1,4,ablation,full,0.35,16.606,True,407859,9818112,,1622999,4,,3.979313929568797
case_099,1,1,4,ablation,no_comm,0.252,14.969,True,412697,7557120,,1622999,8,,3.9326648848913366
case_099,1,1,4,ablation,no_balance,0.074,16.746,True,415960,9945088,,1622999,4,,3.9018150783729206
case_099,1,1,4,ablation,no_sync,0.341,15.772,True,407859,9818112,,1622999,4,,3.979313929568797
case_099,1,1,4,ablation,no_localsearch,0.104,15.707,True,407859,9818112,,1622999,4,,3.979313929568797
case_099,1,1,4,ablation,no_cache_aware,0.344,14.119,True,407859,9818112,,1622999,4,,3.979313929568797
case_099,1,1,4,ablation,no_level,0.332,3.126,True,433295,21626880,,1622999,202,,3.7457136592852445
case_092,1,1,2,ablation,full,0.383,153.71,True,2828252,66389088,,4815554,2,,1.702660866146298
case_092,1,1,2,ablation,no_comm,0.312,147.284,True,2853597,66894080,,4815554,4,,1.687538219307071
case_092,1,1,2,ablation,no_balance,0.176,149.438,True,2828252,66389088,,4815554,2,,1.702660866146298
case_092,1,1,2,ablation,no_sync,0.366,147.304,True,2828252,66389088,,4815554,2,,1.702660866146298
case_092,1,1,2,ablation,no_localsearch,0.235,142.46,True,2828252,66389088,,4815554,2,,1.702660866146298
case_092,1,1,2,ablation,no_cache_aware,0.401,128.805,True,2828252,66389088,,4815554,2,,1.702660866146298
case_092,1,1,2,ablation,no_level,0.34,5.519,True,2821724,131186400,,4815554,142,,1.7065999367762403
case_076,1,1,5,ablation,full,2.783,1080.567,True,1235977,34179072,,6185113,5,,5.004229852173625
case_076,1,1,5,ablation,no_comm,1.797,1069.879,True,1248981,31440064,,6185113,10,,4.952127374235476
case_076,1,1,5,ablation,no_balance,0.372,1073.991,True,1298655,34341888,,6185113,5,,4.762706800497438
case_076,1,1,5,ablation,no_sync,2.35,1138.583,True,1235977,34179072,,6185113,5,,5.004229852173625
case_076,1,1,5,ablation,no_localsearch,0.479,1124.918,True,1235977,34179072,,6185113,5,,5.004229852173625
case_076,1,1,5,ablation,no_cache_aware,2.399,1021.641,True,1235977,34179072,,6185113,5,,5.004229852173625
case_076,1,1,5,ablation,no_level,1.63,24.925,True,1298939,63280128,,6185113,391,,4.761665482366762
case_014,1,1,3,ablation,full,1.154,1585.221,True,6001237,83601312,,17698626,3,,2.9491629808987714
case_014,1,1,3,ablation,no_comm,1.343,1633.315,True,6021706,73506720,,17698626,6,,2.939138177785498
case_014,1,1,3,ablation,no_balance,0.855,1663.784,True,6093188,83400096,,17698626,3,,2.9046577916191
case_014,1,1,3,ablation,no_sync,0.794,1702.413,True,6001237,83601312,,17698626,3,,2.9491629808987714
case_014,1,1,3,ablation,no_localsearch,0.595,1749.308,True,6001237,83601312,,17698626,3,,2.9491629808987714
case_014,1,1,3,ablation,no_cache_aware,1.109,1585.537,True,6001237,83601312,,17698626,3,,2.9491629808987714
case_014,1,1,3,ablation,no_level,0.745,48.31,True,6212035,163914144,,17698626,1335,,2.8490866519586575
case_076,1,1,4,ablation,full,1.622,1168.441,True,1533331,32051200,,6185113,4,,4.033775486180088
case_076,1,1,4,ablation,no_comm,2.118,1023.681,True,1556093,30576832,,6185113,8,,3.9747707881212757
case_076,1,1,4,ablation,no_balance,0.341,1066.468,True,1605389,32177152,,6185113,4,,3.8527191851943674
case_076,1,1,4,ablation,no_sync,1.309,1241.075,True,1533331,32051200,,6185113,4,,4.033775486180088
case_076,1,1,4,ablation,no_localsearch,1.22,1223.285,True,1533331,32051200,,6185113,4,,4.033775486180088
case_076,1,1,4,ablation,no_cache_aware,1.344,1040.681,True,1533331,32051200,,6185113,4,,4.033775486180088
case_076,1,1,4,ablation,no_level,1.262,24.697,True,1563412,63280128,,6185113,391,,3.956163186671204
case_076,1,1,3,ablation,full,1.326,1204.177,True,2057281,30393344,,6185113,3,,3.0064502612914814
case_076,1,1,3,ablation,no_comm,0.991,1184.828,True,2078828,30641152,,6185113,6,,2.9752884798549952
case_076,1,1,3,ablation,no_balance,0.351,1220.302,True,2104014,30473216,,6185113,3,,2.939672929932976
case_076,1,1,3,ablation,no_sync,1.002,1259.88,True,2057281,30393344,,6185113,3,,3.0064502612914814
case_076,1,1,3,ablation,no_localsearch,0.483,1238.013,True,2057281,30393344,,6185113,3,,3.0064502612914814
case_076,1,1,3,ablation,no_cache_aware,1.027,959.319,True,2057281,30393344,,6185113,3,,3.0064502612914814
case_076,1,1,3,ablation,no_level,0.916,21.122,True,2085473,63280128,,6185113,391,,2.9658082363089813
case_076,1,1,2,ablation,full,0.887,1249.827,True,3072558,28930048,,6185113,2,,2.0130174922654023
case_076,1,1,2,ablation,no_comm,0.659,1217.28,True,3104178,28989440,,6185113,4,,1.9925123494851134
case_076,1,1,2,ablation,no_balance,0.398,1315.937,True,3113637,28880896,,6185113,2,,1.9864592436433663
case_076,1,1,2,ablation,no_sync,0.737,1311.681,True,3072558,28930048,,6185113,2,,2.0130174922654023
case_076,1,1,2,ablation,no_localsearch,1.155,1272.65,True,3072558,28930048,,6185113,2,,2.0130174922654023
case_076,1,1,2,ablation,no_cache_aware,0.663,961.573,True,3072558,28930048,,6185113,2,,2.0130174922654023
case_076,1,1,2,ablation,no_level,1.001,19.888,True,3122233,63280128,,6185113,391,,1.9809902079697448
case_091,1,1,4,ablation,full,2.078,1388.897,True,2372888,67542144,,9186769,4,,3.8715560953572186
case_091,1,1,4,ablation,no_comm,1.385,1238.866,True,2368112,55635072,,9186769,8,,3.879364236150993
case_091,1,1,4,ablation,no_balance,0.332,1202.915,True,2555291,67726464,,9186769,4,,3.5951948329955377
case_091,1,1,4,ablation,no_sync,0.997,917.97,True,2372888,67542144,,9186769,4,,3.8715560953572186
case_091,1,1,4,ablation,no_localsearch,0.361,689.803,True,2372888,67542144,,9186769,4,,3.8715560953572186
case_091,1,1,4,ablation,no_cache_aware,0.947,691.856,True,2372888,67542144,,9186769,4,,3.8715560953572186
case_091,1,1,4,ablation,no_level,0.951,21.932,True,2407097,109971072,,9186769,509,,3.816534605792787
case_091,1,1,5,ablation,full,1.386,1311.656,True,1958198,71466624,,9186769,5,,4.691440293576033
case_091,1,1,5,ablation,no_comm,1.746,1126.617,True,1943527,55564416,,9186769,10,,4.726854322064988
case_091,1,1,5,ablation,no_balance,0.318,977.265,True,2162400,71354496,,9186769,5,,4.248413337032926
case_091,1,1,5,ablation,no_sync,1.284,712.739,True,1958198,71466624,,9186769,5,,4.691440293576033
case_091,1,1,5,ablation,no_localsearch,0.328,671.486,True,1958198,71466624,,9186769,5,,4.691440293576033
case_091,1,1,5,ablation,no_cache_aware,1.24,668.84,True,1958198,71466624,,9186769,5,,4.691440293576033
case_091,1,1,5,ablation,no_level,1.183,23.117,True,2091603,109971072,,9186769,509,,4.392214488122268
case_091,1,1,3,ablation,full,0.839,1469.223,True,3096288,63195264,,9186769,3,,2.9670266461001042
case_091,1,1,3,ablation,no_comm,0.958,1356.644,True,3099760,54971524,,9186769,6,,2.9637033189666298
case_091,1,1,3,ablation,no_balance,1.431,1289.44,True,3298853,63834240,,9186769,3,,2.78483733588614
case_091,1,1,3,ablation,no_sync,0.831,893.094,True,3096288,63195264,,9186769,3,,2.9670266461001042
case_091,1,1,3,ablation,no_localsearch,0.327,739.526,True,3096288,63195264,,9186769,3,,2.9670266461001042
case_091,1,1,3,ablation,no_cache_aware,0.721,698.345,True,3096288,63195264,,9186769,3,,2.9670266461001042
case_091,1,1,3,ablation,no_level,1.306,21.804,True,3151909,109971072,,9186769,509,,2.914668221703101
case_091,1,1,2,ablation,full,0.653,1442.51,True,4612228,57501312,,9186769,2,,1.9918288948421456
case_091,1,1,2,ablation,no_comm,0.624,1380.645,True,4611468,54761088,,9186769,4,,1.9921571612336895
case_091,1,1,2,ablation,no_balance,0.356,1293.226,True,4717449,57424512,,9186769,2,,1.9474018691034074
case_091,1,1,2,ablation,no_sync,1.224,950.821,True,4612228,57501312,,9186769,2,,1.9918288948421456
case_091,1,1,2,ablation,no_localsearch,0.351,840.079,True,4612228,57501312,,9186769,2,,1.9918288948421456
case_091,1,1,2,ablation,no_cache_aware,0.514,673.659,True,4612228,57501312,,9186769,2,,1.9918288948421456
case_091,1,1,2,ablation,no_level,0.531,21.111,True,4680291,109971072,,9186769,509,,1.9628627792588111
