case,problem,eval_problem,num_cores,algorithm,variant,runtime_s,eval_s,feasible,makespan,added_copy_bytes,cache_hit_rate,baseline_makespan,n_subgraphs,error,speedup
case_001,1,1,4,ablation2,full_c2,0.044,0.123,True,58984,3456,,233110,4,,3.952088702020887
case_001,1,1,4,ablation2,no_comm,0.023,0.071,True,62866,138624,,233110,8,,3.7080456844717333
case_001,1,1,4,ablation2,no_sync,0.028,0.123,True,58984,3456,,233110,4,,3.952088702020887
case_001,1,1,4,ablation2,no_localsearch,0.007,0.123,True,58984,3456,,233110,4,,3.952088702020887
case_001,1,1,4,ablation2,no_level,0.042,0.219,True,102300,229248,,233110,200,,2.278690127077224
case_001,1,1,4,ablation2,no_level_no_comm,0.021,0.066,True,246000,147840,,233110,12,,0.9476016260162602
case_001,1,1,4,ablation2,max_ops500,0.034,0.123,True,58984,3456,,233110,4,,3.952088702020887
case_001,1,1,4,ablation2,lvl_alap,0.027,0.123,True,58984,3456,,233110,4,,3.952088702020887
case_001,1,1,4,ablation2,lvl_compress,0.029,0.123,True,58984,3456,,233110,4,,3.952088702020887
case_001,1,1,2,ablation2,full_c2,0.036,0.122,True,116868,1152,,233110,2,,1.9946435294520313
case_001,1,1,2,ablation2,no_comm,0.008,0.149,True,120672,62592,,233110,4,,1.9317654468310792
case_001,1,1,2,ablation2,no_sync,0.014,0.122,True,116868,1152,,233110,2,,1.9946435294520313
case_001,1,1,2,ablation2,no_localsearch,0.01,0.122,True,116868,1152,,233110,2,,1.9946435294520313
case_001,1,1,2,ablation2,no_level,0.02,0.226,True,173100,229248,,233110,200,,1.346678220681687
case_001,1,1,2,ablation2,no_level_no_comm,0.006,0.136,True,239052,67200,,233110,6,,0.9751434834262002
case_001,1,1,2,ablation2,max_ops500,0.013,0.122,True,116868,1152,,233110,2,,1.9946435294520313
case_001,1,1,2,ablation2,lvl_alap,0.013,0.122,True,116868,1152,,233110,2,,1.9946435294520313
case_001,1,1,2,ablation2,lvl_compress,0.014,0.122,True,116868,1152,,233110,2,,1.9946435294520313
case_001,1,1,3,ablation2,full_c2,0.032,0.091,True,78545,2304,,233110,3,,2.9678528232223567
case_001,1,1,3,ablation2,no_comm,0.01,0.137,True,83039,100608,,233110,6,,2.8072351545659266
case_001,1,1,3,ablation2,no_sync,0.023,0.091,True,78545,2304,,233110,3,,2.9678528232223567
case_001,1,1,3,ablation2,no_localsearch,0.01,0.091,True,78545,2304,,233110,3,,2.9678528232223567
case_001,1,1,3,ablation2,no_level,0.03,0.271,True,126372,229248,,233110,200,,1.8446333048460102
case_001,1,1,3,ablation2,no_level_no_comm,0.019,0.121,True,242526,107520,,233110,9,,0.9611752966692231
case_001,1,1,3,ablation2,max_ops500,0.02,0.091,True,78545,2304,,233110,3,,2.9678528232223567
case_001,1,1,3,ablation2,lvl_alap,0.021,0.091,True,78545,2304,,233110,3,,2.9678528232223567
case_001,1,1,3,ablation2,lvl_compress,0.02,0.091,True,78545,2304,,233110,3,,2.9678528232223567
case_004,1,1,2,ablation2,full_c2,0.025,0.192,True,199074,110592,,392357,2,,1.9709103147573264
case_004,1,1,2,ablation2,no_comm,0.01,0.162,True,201257,310272,,392357,4,,1.9495321901846892
case_004,1,1,2,ablation2,no_sync,0.017,0.192,True,199074,110592,,392357,2,,1.9709103147573264
case_004,1,1,2,ablation2,no_localsearch,0.006,0.192,True,199074,110592,,392357,2,,1.9709103147573264
case_004,1,1,2,ablation2,no_level,0.012,0.216,True,289507,12165120,,392357,111,,1.3552591129057328
case_004,1,1,2,ablation2,no_level_no_comm,0.01,0.123,True,402608,648192,,392357,6,,0.9745385089218297
case_004,1,1,2,ablation2,max_ops500,0.023,0.192,True,199074,110592,,392357,2,,1.9709103147573264
case_004,1,1,2,ablation2,lvl_alap,0.022,0.192,True,199074,110592,,392357,2,,1.9709103147573264
case_004,1,1,2,ablation2,lvl_compress,0.02,0.192,True,199074,110592,,392357,2,,1.9709103147573264
case_004,1,1,3,ablation2,full_c2,0.046,0.115,True,134043,221184,,392357,3,,2.927098020784375
case_004,1,1,3,ablation2,no_comm,0.016,0.135,True,140026,479232,,392357,6,,2.8020296230700015
case_004,1,1,3,ablation2,no_sync,0.031,0.115,True,134043,221184,,392357,3,,2.927098020784375
case_004,1,1,3,ablation2,no_localsearch,0.009,0.115,True,134043,221184,,392357,3,,2.927098020784375
case_004,1,1,3,ablation2,no_level,0.031,0.193,True,263895,12165120,,392357,111,,1.48679209534095
case_004,1,1,3,ablation2,no_level_no_comm,0.018,0.13,True,407877,1032192,,392357,9,,0.9619493131507783
case_004,1,1,3,ablation2,max_ops500,0.035,0.115,True,134043,221184,,392357,3,,2.927098020784375
case_004,1,1,3,ablation2,lvl_alap,0.032,0.115,True,134043,221184,,392357,3,,2.927098020784375
case_004,1,1,3,ablation2,lvl_compress,0.039,0.115,True,134043,221184,,392357,3,,2.927098020784375
case_001,1,1,5,ablation2,full_c2,0.057,0.118,True,47502,4608,,233110,5,,4.9073723211654245
case_001,1,1,5,ablation2,no_comm,0.017,0.129,True,53169,176640,,233110,10,,4.384321691211044
case_001,1,1,5,ablation2,no_sync,0.041,0.118,True,47502,4608,,233110,5,,4.9073723211654245
case_001,1,1,5,ablation2,no_localsearch,0.009,0.118,True,47502,4608,,233110,5,,4.9073723211654245
case_001,1,1,5,ablation2,no_level,0.062,0.22,True,88140,229248,,233110,200,,2.6447696845926933
case_001,1,1,5,ablation2,no_level_no_comm,0.031,0.134,True,249474,188160,,233110,15,,0.9344059902033879
case_001,1,1,5,ablation2,max_ops500,0.066,0.118,True,47502,4608,,233110,5,,4.9073723211654245
case_001,1,1,5,ablation2,lvl_alap,0.056,0.118,True,47502,4608,,233110,5,,4.9073723211654245
case_001,1,1,5,ablation2,lvl_compress,0.039,0.118,True,47502,4608,,233110,5,,4.9073723211654245
case_002,1,1,4,ablation2,full_c2,0.077,0.358,True,71570,267264,,261945,13,,3.6599832331982673
case_002,1,1,4,ablation2,no_comm,0.066,0.358,True,71570,267264,,261945,13,,3.6599832331982673
case_002,1,1,4,ablation2,no_sync,0.071,0.358,True,71570,267264,,261945,13,,3.6599832331982673
case_002,1,1,4,ablation2,no_localsearch,0.035,0.358,True,71570,267264,,261945,13,,3.6599832331982673
case_002,1,1,4,ablation2,no_level,0.074,0.239,True,274964,184320,,261945,12,,0.9526519835323897
case_002,1,1,4,ablation2,no_level_no_comm,0.066,0.239,True,274964,184320,,261945,12,,0.9526519835323897
case_002,1,1,4,ablation2,max_ops500,0.073,0.358,True,71570,267264,,261945,13,,3.6599832331982673
case_002,1,1,4,ablation2,lvl_alap,0.087,0.338,True,82880,795648,,261945,15,,3.160533301158301
case_002,1,1,4,ablation2,lvl_compress,0.084,0.338,True,82880,795648,,261945,15,,3.160533301158301
case_004,1,1,4,ablation2,full_c2,0.042,0.148,True,104188,331776,,392357,4,,3.765855952700887
case_004,1,1,4,ablation2,no_comm,0.027,0.146,True,108427,740352,,392357,8,,3.618628201462735
case_004,1,1,4,ablation2,no_sync,0.039,0.148,True,104188,331776,,392357,4,,3.765855952700887
case_004,1,1,4,ablation2,no_localsearch,0.011,0.148,True,104188,331776,,392357,4,,3.765855952700887
case_004,1,1,4,ablation2,no_level,0.037,0.183,True,252303,12165120,,392357,111,,1.5551023967214024
case_004,1,1,4,ablation2,no_level_no_comm,0.02,0.122,True,414578,1416192,,392357,12,,0.946400918524379
case_004,1,1,4,ablation2,max_ops500,0.035,0.148,True,104188,331776,,392357,4,,3.765855952700887
case_004,1,1,4,ablation2,lvl_alap,0.039,0.148,True,104188,331776,,392357,4,,3.765855952700887
case_004,1,1,4,ablation2,lvl_compress,0.044,0.148,True,104188,331776,,392357,4,,3.765855952700887
case_004,1,1,5,ablation2,full_c2,0.065,0.116,True,88341,442368,,392357,5,,4.441391879195391
case_004,1,1,5,ablation2,no_comm,0.025,0.14,True,92463,820224,,392357,10,,4.243394655159361
case_004,1,1,5,ablation2,no_sync,0.045,0.116,True,88341,442368,,392357,5,,4.441391879195391
case_004,1,1,5,ablation2,no_localsearch,0.006,0.116,True,88341,442368,,392357,5,,4.441391879195391
case_004,1,1,5,ablation2,no_level,0.065,0.178,True,247003,12165120,,392357,111,,1.5884705853775056
case_004,1,1,5,ablation2,no_level_no_comm,0.033,0.122,True,179644,1741824,,392357,15,,2.184080737458529
case_004,1,1,5,ablation2,max_ops500,0.057,0.116,True,88341,442368,,392357,5,,4.441391879195391
case_004,1,1,5,ablation2,lvl_alap,0.056,0.116,True,88341,442368,,392357,5,,4.441391879195391
case_004,1,1,5,ablation2,lvl_compress,0.048,0.116,True,88341,442368,,392357,5,,4.441391879195391
case_002,1,1,5,ablation2,full_c2,0.112,0.308,True,60106,317952,,261945,16,,4.358050776960702
case_002,1,1,5,ablation2,no_comm,0.081,0.308,True,60106,317952,,261945,16,,4.358050776960702
case_002,1,1,5,ablation2,no_sync,0.1,0.308,True,60106,317952,,261945,16,,4.358050776960702
case_002,1,1,5,ablation2,no_localsearch,0.033,0.308,True,60106,317952,,261945,16,,4.358050776960702
case_002,1,1,5,ablation2,no_level,0.099,0.245,True,278363,210432,,261945,15,,0.941019460201248
case_002,1,1,5,ablation2,no_level_no_comm,0.071,0.245,True,278363,210432,,261945,15,,0.941019460201248
case_002,1,1,5,ablation2,max_ops500,0.102,0.308,True,60106,317952,,261945,16,,4.358050776960702
case_002,1,1,5,ablation2,lvl_alap,0.114,0.375,True,86675,1064448,,261945,16,,3.0221517161811366
case_002,1,1,5,ablation2,lvl_compress,0.095,0.375,True,86675,1064448,,261945,16,,3.0221517161811366
case_002,1,1,2,ablation2,full_c2,0.059,0.513,True,137773,133632,,261945,6,,1.9012796411488464
case_002,1,1,2,ablation2,no_comm,0.034,0.513,True,137773,133632,,261945,6,,1.9012796411488464
case_002,1,1,2,ablation2,no_sync,0.048,0.513,True,137773,133632,,261945,6,,1.9012796411488464
case_002,1,1,2,ablation2,no_localsearch,0.036,0.513,True,137773,133632,,261945,6,,1.9012796411488464
case_002,1,1,2,ablation2,no_level,0.048,0.336,True,267974,93696,,261945,6,,0.9775015486577056
case_002,1,1,2,ablation2,no_level_no_comm,0.032,0.336,True,267974,93696,,261945,6,,0.9775015486577056
case_002,1,1,2,ablation2,max_ops500,0.055,0.425,True,138110,156672,,261945,8,,1.8966403591340235
case_002,1,1,2,ablation2,lvl_alap,0.047,0.382,True,168599,700416,,261945,7,,1.5536569018796078
case_002,1,1,2,ablation2,lvl_compress,0.033,0.382,True,168599,700416,,261945,7,,1.5536569018796078
case_002,1,1,3,ablation2,full_c2,0.056,0.458,True,94832,199680,,261945,9,,2.762200523030201
case_002,1,1,3,ablation2,no_comm,0.037,0.458,True,94832,199680,,261945,9,,2.762200523030201
case_002,1,1,3,ablation2,no_sync,0.062,0.458,True,94832,199680,,261945,9,,2.762200523030201
case_002,1,1,3,ablation2,no_localsearch,0.036,0.458,True,94832,199680,,261945,9,,2.762200523030201
case_002,1,1,3,ablation2,no_level,0.055,0.244,True,271721,141312,,261945,9,,0.9640219195424719
case_002,1,1,3,ablation2,no_level_no_comm,0.032,0.244,True,271721,141312,,261945,9,,0.9640219195424719
case_002,1,1,3,ablation2,max_ops500,0.051,0.407,True,95107,239616,,261945,12,,2.754213675123808
case_002,1,1,3,ablation2,lvl_alap,0.054,0.356,True,147337,818688,,261945,9,,1.777862994359869
case_002,1,1,3,ablation2,lvl_compress,0.061,0.356,True,147337,818688,,261945,9,,1.777862994359869
case_006,1,1,2,ablation2,full_c2,0.02,0.169,True,53205,554718,,82837,6,,1.55694013720515
case_006,1,1,2,ablation2,no_comm,0.024,0.136,True,66252,413358,,82837,5,,1.2503320654470809
case_006,1,1,2,ablation2,no_sync,0.033,0.169,True,53205,554718,,82837,6,,1.55694013720515
case_006,1,1,2,ablation2,no_localsearch,0.014,0.107,True,44485,686320,,82837,6,,1.8621333033606833
case_006,1,1,2,ablation2,no_level,0.028,0.18,True,73329,790932,,82837,69,,1.1296622073122502
case_006,1,1,2,ablation2,no_level_no_comm,0.018,0.089,True,88657,457398,,82837,6,,0.9343537453331379
case_006,1,1,2,ablation2,max_ops500,0.029,0.169,True,53205,554718,,82837,6,,1.55694013720515
case_006,1,1,2,ablation2,lvl_alap,0.027,0.169,True,45035,1154138,,82837,6,,1.8393915843233042
case_006,1,1,2,ablation2,lvl_compress,0.031,0.169,True,45035,1154138,,82837,6,,1.8393915843233042
case_006,1,1,3,ablation2,full_c2,0.03,0.191,True,38178,795788,,82837,9,,2.16975745193567
case_006,1,1,3,ablation2,no_comm,0.04,0.139,True,48941,521696,,82837,9,,1.6925890357777733
case_006,1,1,3,ablation2,no_sync,0.038,0.155,True,45476,811416,,82837,10,,1.8215542264051368
case_006,1,1,3,ablation2,no_localsearch,0.009,0.158,True,47076,918170,,82837,10,,1.7596439799473191
case_006,1,1,3,ablation2,no_level,0.042,0.185,True,79426,823710,,82837,70,,1.0429456349306272
case_006,1,1,3,ablation2,no_level_no_comm,0.04,0.115,True,91726,536412,,82837,9,,0.9030918169330397
case_006,1,1,3,ablation2,max_ops500,0.038,0.191,True,38178,795788,,82837,9,,2.16975745193567
case_006,1,1,3,ablation2,lvl_alap,0.047,0.166,True,40793,1309262,,82837,9,,2.0306670262054762
case_006,1,1,3,ablation2,lvl_compress,0.048,0.166,True,40793,1309262,,82837,9,,2.0306670262054762
case_006,1,1,4,ablation2,full_c2,0.084,0.19,True,39535,627592,,82837,13,,2.0952826609333504
case_006,1,1,4,ablation2,no_comm,0.043,0.172,True,42312,551682,,82837,12,,1.957766118358858
case_006,1,1,4,ablation2,no_sync,0.066,0.19,True,39535,627592,,82837,13,,2.0952826609333504
case_006,1,1,4,ablation2,no_localsearch,0.012,0.183,True,38195,995902,,82837,15,,2.168791726665794
case_006,1,1,4,ablation2,no_level,0.076,0.155,True,68203,856478,,82837,71,,1.2145653417005118
case_006,1,1,4,ablation2,no_level_no_comm,0.035,0.127,True,94909,647034,,82837,12,,0.8728044758663562
case_006,1,1,4,ablation2,max_ops500,0.077,0.19,True,39535,627592,,82837,13,,2.0952826609333504
case_006,1,1,4,ablation2,lvl_alap,0.076,0.175,True,44106,1628018,,82837,16,,1.8781344941731284
case_006,1,1,4,ablation2,lvl_compress,0.07,0.175,True,44106,1628018,,82837,16,,1.8781344941731284
case_008,1,1,2,ablation2,full_c2,0.019,0.282,True,244266,0,,487605,2,,1.9962049568912579
case_008,1,1,2,ablation2,no_comm,0.017,0.268,True,244266,0,,487605,2,,1.9962049568912579
case_008,1,1,2,ablation2,no_sync,0.021,0.282,True,244266,0,,487605,2,,1.9962049568912579
case_008,1,1,2,ablation2,no_localsearch,0.007,0.282,True,244266,0,,487605,2,,1.9962049568912579
case_008,1,1,2,ablation2,no_level,0.018,0.255,True,282320,0,,487605,108,,1.7271358741853216
case_008,1,1,2,ablation2,no_level_no_comm,0.012,0.196,True,245702,0,,487605,6,,1.984538180397392
case_008,1,1,2,ablation2,max_ops500,0.023,0.282,True,244266,0,,487605,2,,1.9962049568912579
case_008,1,1,2,ablation2,lvl_alap,0.039,0.282,True,244266,0,,487605,2,,1.9962049568912579
case_008,1,1,2,ablation2,lvl_compress,0.026,0.282,True,244266,0,,487605,2,,1.9962049568912579
case_006,1,1,5,ablation2,full_c2,0.073,0.159,True,34136,433102,,82837,11,,2.426675650339817
case_006,1,1,5,ablation2,no_comm,0.083,0.133,True,31016,420554,,82837,11,,2.6707828217694094
case_006,1,1,5,ablation2,no_sync,0.078,0.154,True,44655,610822,,82837,16,,1.8550442279699921
case_006,1,1,5,ablation2,no_localsearch,0.009,0.183,True,35474,1147374,,82837,21,,2.33514686812877
case_006,1,1,5,ablation2,no_level,0.089,0.24,True,40386,938408,,82837,73,,2.051131580250582
case_006,1,1,5,ablation2,no_level_no_comm,0.113,0.14,True,93079,609404,,82837,15,,0.8899644388100431
case_006,1,1,5,ablation2,max_ops500,0.102,0.159,True,34136,433102,,82837,11,,2.426675650339817
case_006,1,1,5,ablation2,lvl_alap,0.097,0.163,True,39372,1181744,,82837,15,,2.1039571268922077
case_006,1,1,5,ablation2,lvl_compress,0.084,0.163,True,39372,1181744,,82837,15,,2.1039571268922077
case_008,1,1,3,ablation2,full_c2,0.032,0.287,True,163359,0,,487605,3,,2.984867684057811
case_008,1,1,3,ablation2,no_comm,0.025,0.234,True,163359,0,,487605,3,,2.984867684057811
case_008,1,1,3,ablation2,no_sync,0.029,0.287,True,163359,0,,487605,3,,2.984867684057811
case_008,1,1,3,ablation2,no_localsearch,0.011,0.287,True,163359,0,,487605,3,,2.984867684057811
case_008,1,1,3,ablation2,no_level,0.031,0.288,True,199304,0,,487605,108,,2.4465389555653676
case_008,1,1,3,ablation2,no_level_no_comm,0.029,0.212,True,165413,0,,487605,9,,2.9478033770018075
case_008,1,1,3,ablation2,max_ops500,0.025,0.287,True,163359,0,,487605,3,,2.984867684057811
case_008,1,1,3,ablation2,lvl_alap,0.023,0.287,True,163359,0,,487605,3,,2.984867684057811
case_008,1,1,3,ablation2,lvl_compress,0.022,0.287,True,163359,0,,487605,3,,2.984867684057811
case_008,1,1,4,ablation2,full_c2,0.045,0.23,True,123060,0,,487605,4,,3.962335446123842
case_008,1,1,4,ablation2,no_comm,0.029,0.224,True,123060,0,,487605,4,,3.962335446123842
case_008,1,1,4,ablation2,no_sync,0.044,0.23,True,123060,0,,487605,4,,3.962335446123842
case_008,1,1,4,ablation2,no_localsearch,0.008,0.23,True,123060,0,,487605,4,,3.962335446123842
case_008,1,1,4,ablation2,no_level,0.043,0.264,True,157796,0,,487605,108,,3.090097340870491
case_008,1,1,4,ablation2,no_level_no_comm,0.025,0.137,True,125732,0,,487605,12,,3.8781296726370376
case_008,1,1,4,ablation2,max_ops500,0.029,0.23,True,123060,0,,487605,4,,3.962335446123842
case_008,1,1,4,ablation2,lvl_alap,0.033,0.23,True,123060,0,,487605,4,,3.962335446123842
case_008,1,1,4,ablation2,lvl_compress,0.028,0.23,True,123060,0,,487605,4,,3.962335446123842
case_008,1,1,5,ablation2,full_c2,0.045,0.234,True,100603,0,,487605,5,,4.846823653370178
case_008,1,1,5,ablation2,no_comm,0.044,0.21,True,103516,368640,,487605,10,,4.710431237683063
case_008,1,1,5,ablation2,no_sync,0.051,0.234,True,100603,0,,487605,5,,4.846823653370178
case_008,1,1,5,ablation2,no_localsearch,0.012,0.234,True,100603,0,,487605,5,,4.846823653370178
case_008,1,1,5,ablation2,no_level,0.054,0.29,True,134736,0,,487605,108,,3.618965977912362
case_008,1,1,5,ablation2,no_level_no_comm,0.044,0.163,True,227623,368640,,487605,15,,2.142160502233957
case_008,1,1,5,ablation2,max_ops500,0.045,0.234,True,100603,0,,487605,5,,4.846823653370178
case_008,1,1,5,ablation2,lvl_alap,0.056,0.234,True,100603,0,,487605,5,,4.846823653370178
case_008,1,1,5,ablation2,lvl_compress,0.054,0.234,True,100603,0,,487605,5,,4.846823653370178
case_005,1,1,2,ablation2,full_c2,0.148,0.974,True,70129,973304,,95618,20,,1.36345876884028
case_005,1,1,2,ablation2,no_comm,0.082,0.897,True,103157,787190,,95618,7,,0.9269172232616303
case_005,1,1,2,ablation2,no_sync,0.161,0.974,True,70129,973304,,95618,20,,1.36345876884028
case_005,1,1,2,ablation2,no_localsearch,0.087,1.479,True,65153,929524,,95618,20,,1.4675916688410358
case_005,1,1,2,ablation2,no_level,0.172,1.03,True,92621,1558026,,95618,153,,1.032357672666026
case_005,1,1,2,ablation2,no_level_no_comm,0.07,0.953,True,103241,611066,,95618,6,,0.926163055375287
case_005,1,1,2,ablation2,max_ops500,0.167,1.107,True,70901,1091584,,95618,22,,1.3486128545436595
case_005,1,1,2,ablation2,lvl_alap,0.212,1.062,True,68915,988758,,95618,20,,1.3874773271421317
case_005,1,1,2,ablation2,lvl_compress,0.208,1.062,True,68915,988758,,95618,20,,1.3874773271421317
case_010,1,1,2,ablation2,full_c2,0.038,0.137,True,52054,717072,,86969,8,,1.6707457640142929
case_010,1,1,2,ablation2,no_comm,0.015,0.163,True,56269,363136,,86969,5,,1.5455934884216886
case_010,1,1,2,ablation2,no_sync,0.025,0.164,True,53676,727312,,86969,9,,1.6202585885684477
case_010,1,1,2,ablation2,no_localsearch,0.014,0.186,True,61072,811408,,86969,8,,1.424040476814252
case_010,1,1,2,ablation2,no_level,0.033,0.131,True,103391,1032772,,86969,94,,0.8411660589413005
case_010,1,1,2,ablation2,no_level_no_comm,0.01,0.114,True,93628,391152,,86969,6,,0.9288781133848849
case_010,1,1,2,ablation2,max_ops500,0.029,0.137,True,52054,717072,,86969,8,,1.6707457640142929
case_010,1,1,2,ablation2,lvl_alap,0.033,0.152,True,57623,1195128,,86969,8,,1.509275810006421
case_010,1,1,2,ablation2,lvl_compress,0.031,0.152,True,57623,1195128,,86969,8,,1.509275810006421
case_007,1,1,4,ablation2,full_c2,0.139,1.49,True,254398,82944,,1012562,4,,3.980227831979811
case_007,1,1,4,ablation2,no_comm,0.119,1.362,True,256408,250368,,1012562,8,,3.9490265514336524
case_007,1,1,4,ablation2,no_sync,0.119,1.49,True,254398,82944,,1012562,4,,3.980227831979811
case_007,1,1,4,ablation2,no_localsearch,0.057,1.49,True,254398,82944,,1012562,4,,3.980227831979811
case_007,1,1,4,ablation2,no_level,0.169,2.471,True,390534,15316992,,1012562,555,,2.592762730005582
case_007,1,1,4,ablation2,no_level_no_comm,0.121,1.05,True,1029060,403968,,1012562,12,,0.9839678930285892
case_007,1,1,4,ablation2,max_ops500,0.177,1.074,True,255678,273408,,1012562,8,,3.960301629393221
case_007,1,1,4,ablation2,lvl_alap,0.184,1.49,True,254398,82944,,1012562,4,,3.980227831979811
case_007,1,1,4,ablation2,lvl_compress,0.172,1.49,True,254398,82944,,1012562,4,,3.980227831979811
case_007,1,1,3,ablation2,full_c2,0.122,1.761,True,338094,55296,,1012562,3,,2.994912657426633
case_007,1,1,3,ablation2,no_comm,0.071,1.687,True,340304,184320,,1012562,6,,2.9754631153321736
case_007,1,1,3,ablation2,no_sync,0.08,1.761,True,338094,55296,,1012562,3,,2.994912657426633
case_007,1,1,3,ablation2,no_localsearch,0.059,1.761,True,338094,55296,,1012562,3,,2.994912657426633
case_007,1,1,3,ablation2,no_level,0.161,2.63,True,476830,15316992,,1012562,555,,2.1235283014910973
case_007,1,1,3,ablation2,no_level_no_comm,0.129,1.074,True,1024046,307200,,1012562,9,,0.9887856600191788
case_007,1,1,3,ablation2,max_ops500,0.124,1.015,True,339686,294912,,1012562,9,,2.9808764564921724
case_007,1,1,3,ablation2,lvl_alap,0.132,1.761,True,338094,55296,,1012562,3,,2.994912657426633
case_007,1,1,3,ablation2,lvl_compress,0.141,1.761,True,338094,55296,,1012562,3,,2.994912657426633
case_007,1,1,5,ablation2,full_c2,0.195,1.203,True,203834,110592,,1012562,5,,4.967581463347626
case_007,1,1,5,ablation2,no_comm,0.157,1.215,True,203834,110592,,1012562,5,,4.967581463347626
case_007,1,1,5,ablation2,no_sync,0.161,1.203,True,203834,110592,,1012562,5,,4.967581463347626
case_007,1,1,5,ablation2,no_localsearch,0.036,1.203,True,203834,110592,,1012562,5,,4.967581463347626
case_007,1,1,5,ablation2,no_level,0.177,2.736,True,365534,15316992,,1012562,555,,2.7700897864494136
case_007,1,1,5,ablation2,no_level_no_comm,0.197,1.057,True,206774,387072,,1012562,15,,4.896950293557217
case_007,1,1,5,ablation2,max_ops500,0.243,0.97,True,205726,348672,,1012562,10,,4.92189611424905
case_007,1,1,5,ablation2,lvl_alap,0.21,1.203,True,203834,110592,,1012562,5,,4.967581463347626
case_007,1,1,5,ablation2,lvl_compress,0.214,1.203,True,203834,110592,,1012562,5,,4.967581463347626
case_011,1,1,2,ablation2,full_c2,0.02,0.146,True,92646,180224,,184697,2,,1.9935777043801135
case_011,1,1,2,ablation2,no_comm,0.014,0.213,True,97619,1032192,,184697,4,,1.8920189717165716
case_011,1,1,2,ablation2,no_sync,0.02,0.146,True,92646,180224,,184697,2,,1.9935777043801135
case_011,1,1,2,ablation2,no_localsearch,0.013,0.146,True,92646,180224,,184697,2,,1.9935777043801135
case_011,1,1,2,ablation2,no_level,0.019,0.138,True,96300,1622016,,184697,16,,1.9179335410176532
case_011,1,1,2,ablation2,no_level_no_comm,0.013,0.18,True,190562,1714176,,184697,6,,0.969222615211847
case_011,1,1,2,ablation2,max_ops500,0.021,0.146,True,92646,180224,,184697,2,,1.9935777043801135
case_011,1,1,2,ablation2,lvl_alap,0.021,0.146,True,92646,180224,,184697,2,,1.9935777043801135
case_011,1,1,2,ablation2,lvl_compress,0.021,0.146,True,92646,180224,,184697,2,,1.9935777043801135
case_010,1,1,3,ablation2,full_c2,0.064,0.17,True,44263,862518,,86969,12,,1.964823893545399
case_010,1,1,3,ablation2,no_comm,0.018,0.161,True,46839,464820,,86969,8,,1.8567646619270266
case_010,1,1,3,ablation2,no_sync,0.051,0.16,True,45138,868662,,86969,13,,1.9267357880278257
case_010,1,1,3,ablation2,no_localsearch,0.014,0.167,True,40065,975798,,86969,13,,2.1706976163733933
case_010,1,1,3,ablation2,no_level,0.068,0.166,True,87152,1098330,,86969,96,,0.9979002203047549
case_010,1,1,3,ablation2,no_level_no_comm,0.016,0.111,True,97215,556960,,86969,9,,0.8946047420665535
case_010,1,1,3,ablation2,max_ops500,0.067,0.17,True,44263,862518,,86969,12,,1.964823893545399
case_010,1,1,3,ablation2,lvl_alap,0.065,0.193,True,43427,1547578,,86969,12,,2.0026481221359984
case_010,1,1,3,ablation2,lvl_compress,0.066,0.193,True,43427,1547578,,86969,12,,2.0026481221359984
case_007,1,1,2,ablation2,full_c2,0.069,2.754,True,507494,27648,,1012562,2,,1.9952196479170197
case_007,1,1,2,ablation2,no_comm,0.079,2.83,True,509030,109056,,1012562,4,,1.9891990648881206
case_007,1,1,2,ablation2,no_sync,0.078,2.754,True,507494,27648,,1012562,2,,1.9952196479170197
case_007,1,1,2,ablation2,no_localsearch,0.066,2.754,True,507494,27648,,1012562,2,,1.9952196479170197
case_007,1,1,2,ablation2,no_level,0.09,2.752,True,659110,15316992,,1012562,555,,1.5362564670540577
case_007,1,1,2,ablation2,no_level_no_comm,0.067,1.227,True,1020208,185856,,1012562,6,,0.9925054498690463
case_007,1,1,2,ablation2,max_ops500,0.11,0.953,True,509506,270336,,1012562,8,,1.9873406790106496
case_007,1,1,2,ablation2,lvl_alap,0.091,2.754,True,507494,27648,,1012562,2,,1.9952196479170197
case_007,1,1,2,ablation2,lvl_compress,0.092,2.754,True,507494,27648,,1012562,2,,1.9952196479170197
case_010,1,1,4,ablation2,full_c2,0.086,0.144,True,41983,808372,,86969,15,,2.071528952194936
case_010,1,1,4,ablation2,no_comm,0.025,0.17,True,42719,531012,,86969,11,,2.0358388539057564
case_010,1,1,4,ablation2,no_sync,0.069,0.144,True,41983,808372,,86969,15,,2.071528952194936
case_010,1,1,4,ablation2,no_localsearch,0.012,0.18,True,38237,1018546,,86969,14,,2.274472369694275
case_010,1,1,4,ablation2,no_level,0.085,0.165,True,86091,1098330,,86969,96,,1.0101985108780245
case_010,1,1,4,ablation2,no_level_no_comm,0.023,0.111,True,102877,612784,,86969,12,,0.8453687413124411
case_010,1,1,4,ablation2,max_ops500,0.087,0.144,True,41983,808372,,86969,15,,2.071528952194936
case_010,1,1,4,ablation2,lvl_alap,0.087,0.178,True,42492,1820982,,86969,20,,2.046714675703662
case_010,1,1,4,ablation2,lvl_compress,0.086,0.178,True,42492,1820982,,86969,20,,2.046714675703662
case_011,1,1,3,ablation2,full_c2,0.03,0.207,True,69625,1081344,,184697,3,,2.6527396768402154
case_011,1,1,3,ablation2,no_comm,0.023,0.228,True,70789,1894400,,184697,6,,2.6091200610264305
case_011,1,1,3,ablation2,no_sync,0.03,0.207,True,69625,1081344,,184697,3,,2.6527396768402154
case_011,1,1,3,ablation2,no_localsearch,0.012,0.207,True,69625,1081344,,184697,3,,2.6527396768402154
case_011,1,1,3,ablation2,no_level,0.028,0.148,True,72892,1622016,,184697,16,,2.533844591999122
case_011,1,1,3,ablation2,no_level_no_comm,0.022,0.196,True,195091,2197504,,184697,9,,0.9467222988246511
case_011,1,1,3,ablation2,max_ops500,0.034,0.207,True,69625,1081344,,184697,3,,2.6527396768402154
case_011,1,1,3,ablation2,lvl_alap,0.032,0.207,True,69625,1081344,,184697,3,,2.6527396768402154
case_011,1,1,3,ablation2,lvl_compress,0.032,0.207,True,69625,1081344,,184697,3,,2.6527396768402154
case_010,1,1,5,ablation2,full_c2,0.094,0.141,True,36883,617260,,86969,20,,2.3579697963831574
case_010,1,1,5,ablation2,no_comm,0.096,0.157,True,26769,460598,,86969,12,,3.2488699615226566
case_010,1,1,5,ablation2,no_sync,0.082,0.173,True,43309,805564,,86969,18,,2.0081045510171096
case_010,1,1,5,ablation2,no_localsearch,0.013,0.188,True,34681,1107400,,86969,24,,2.5076843228280614
case_010,1,1,5,ablation2,no_level,0.093,0.152,True,73090,1098340,,86969,98,,1.1898891777260912
case_010,1,1,5,ablation2,no_level_no_comm,0.114,0.125,True,97469,678506,,86969,15,,0.8922734407863013
case_010,1,1,5,ablation2,max_ops500,0.093,0.141,True,36883,617260,,86969,20,,2.3579697963831574
case_010,1,1,5,ablation2,lvl_alap,0.091,0.164,True,40395,1407540,,86969,25,,2.1529644758014608
case_010,1,1,5,ablation2,lvl_compress,0.091,0.164,True,40395,1407540,,86969,25,,2.1529644758014608
case_011,1,1,4,ablation2,full_c2,0.04,0.176,True,46880,540672,,184697,4,,3.9397824232081913
case_011,1,1,4,ablation2,no_comm,0.035,0.277,True,58292,2555904,,184697,8,,3.168479379674741
case_011,1,1,4,ablation2,no_sync,0.038,0.176,True,46880,540672,,184697,4,,3.9397824232081913
case_011,1,1,4,ablation2,no_localsearch,0.012,0.176,True,46880,540672,,184697,4,,3.9397824232081913
case_011,1,1,4,ablation2,no_level,0.039,0.139,True,49484,1622016,,184697,16,,3.7324589766389136
case_011,1,1,4,ablation2,no_level_no_comm,0.033,0.225,True,198941,2547712,,184697,12,,0.9284008826737575
case_011,1,1,4,ablation2,max_ops500,0.043,0.176,True,46880,540672,,184697,4,,3.9397824232081913
case_011,1,1,4,ablation2,lvl_alap,0.04,0.176,True,46880,540672,,184697,4,,3.9397824232081913
case_011,1,1,4,ablation2,lvl_compress,0.041,0.176,True,46880,540672,,184697,4,,3.9397824232081913
case_011,1,1,5,ablation2,full_c2,0.054,0.231,True,47287,1622016,,184697,5,,3.905872649988369
case_011,1,1,5,ablation2,no_comm,0.103,0.275,True,47334,2074624,,184697,10,,3.901994338107914
case_011,1,1,5,ablation2,no_sync,0.055,0.231,True,47287,1622016,,184697,5,,3.905872649988369
case_011,1,1,5,ablation2,no_localsearch,0.013,0.231,True,47287,1622016,,184697,5,,3.905872649988369
case_011,1,1,5,ablation2,no_level,0.051,0.127,True,49484,1622016,,184697,16,,3.7324589766389136
case_011,1,1,5,ablation2,no_level_no_comm,0.121,0.212,True,199175,2775040,,184697,15,,0.9273101543868457
case_011,1,1,5,ablation2,max_ops500,0.051,0.231,True,47287,1622016,,184697,5,,3.905872649988369
case_011,1,1,5,ablation2,lvl_alap,0.05,0.231,True,47287,1622016,,184697,5,,3.905872649988369
case_011,1,1,5,ablation2,lvl_compress,0.051,0.231,True,47287,1622016,,184697,5,,3.905872649988369
case_012,1,1,2,ablation2,full_c2,0.027,0.231,True,30015,0,,59088,2,,1.968615692153923
case_012,1,1,2,ablation2,no_comm,0.018,0.321,True,37066,153672,,59088,4,,1.5941293908163816
case_012,1,1,2,ablation2,no_sync,0.025,0.231,True,30015,0,,59088,2,,1.968615692153923
case_012,1,1,2,ablation2,no_localsearch,0.011,0.359,True,33180,0,,59088,2,,1.7808318264014467
case_012,1,1,2,ablation2,no_level,0.025,0.181,True,31608,0,,59088,25,,1.8694001518602885
case_012,1,1,2,ablation2,no_level_no_comm,0.016,0.203,True,65015,154816,,59088,6,,0.9088364223640698
case_012,1,1,2,ablation2,max_ops500,0.027,0.231,True,30015,0,,59088,2,,1.968615692153923
case_012,1,1,2,ablation2,lvl_alap,0.027,0.231,True,30015,0,,59088,2,,1.968615692153923
case_012,1,1,2,ablation2,lvl_compress,0.035,0.231,True,30015,0,,59088,2,,1.968615692153923
case_005,1,1,3,ablation2,full_c2,0.442,0.961,True,57354,1190122,,95618,29,,1.6671548627820205
case_005,1,1,3,ablation2,no_comm,0.107,1.023,True,68296,1202040,,95618,18,,1.4000527117254304
case_005,1,1,3,ablation2,no_sync,0.376,0.961,True,57354,1190122,,95618,29,,1.6671548627820205
case_005,1,1,3,ablation2,no_localsearch,0.065,1.236,True,59574,1063940,,95618,30,,1.605029039513882
case_005,1,1,3,ablation2,no_level,0.52,1.112,True,75742,1558026,,95618,153,,1.26241715296665
case_005,1,1,3,ablation2,no_level_no_comm,0.101,1.011,True,107715,855498,,95618,9,,0.8876943786844915
case_005,1,1,3,ablation2,max_ops500,0.504,1.17,True,57646,1234766,,95618,30,,1.6587100579398397
case_005,1,1,3,ablation2,lvl_alap,0.504,1.263,True,56719,1192048,,95618,30,,1.685819566635519
case_005,1,1,3,ablation2,lvl_compress,0.485,1.263,True,56719,1192048,,95618,30,,1.685819566635519
case_005,1,1,5,ablation2,full_c2,0.497,1.277,True,57829,1242270,,95618,41,,1.6534610662470386
case_005,1,1,5,ablation2,no_comm,0.561,1.039,True,86845,1049840,,95618,18,,1.1010190569405263
case_005,1,1,5,ablation2,no_sync,0.444,1.277,True,57829,1242270,,95618,41,,1.6534610662470386
case_005,1,1,5,ablation2,no_localsearch,0.082,1.235,True,55076,1461752,,95618,50,,1.736110102403951
case_005,1,1,5,ablation2,no_level,0.607,1.03,True,69205,1558026,,95618,153,,1.3816631746261108
case_005,1,1,5,ablation2,no_level_no_comm,0.607,0.921,True,106744,1218312,,95618,15,,0.8957693172449974
case_005,1,1,5,ablation2,max_ops500,0.562,1.305,True,57490,1246878,,95618,42,,1.6632109932162116
case_005,1,1,5,ablation2,lvl_alap,0.564,1.428,True,57787,1292864,,95618,47,,1.6546628134355479
case_005,1,1,5,ablation2,lvl_compress,0.552,1.428,True,57787,1292864,,95618,47,,1.6546628134355479
case_005,1,1,4,ablation2,full_c2,0.439,1.096,True,70741,1218758,,95618,31,,1.351663109088082
case_005,1,1,4,ablation2,no_comm,0.301,1.095,True,100810,616476,,95618,12,,0.948497172899514
case_005,1,1,4,ablation2,no_sync,0.361,1.455,True,63588,1238152,,95618,30,,1.5037113920865572
case_005,1,1,4,ablation2,no_localsearch,0.084,1.393,True,51248,1263492,,95618,40,,1.865789884483297
case_005,1,1,4,ablation2,no_level,0.465,1.074,True,84149,1558026,,95618,153,,1.1362939547707043
case_005,1,1,4,ablation2,no_level_no_comm,0.352,0.877,True,104123,991642,,95618,12,,0.9183177588044908
case_005,1,1,4,ablation2,max_ops500,0.477,1.184,True,70937,1375442,,95618,34,,1.3479284435485008
case_005,1,1,4,ablation2,lvl_alap,0.463,1.268,True,69986,1230598,,95618,33,,1.36624467750693
case_005,1,1,4,ablation2,lvl_compress,0.461,1.268,True,69986,1230598,,95618,33,,1.36624467750693
case_012,1,1,3,ablation2,full_c2,0.096,0.297,True,26845,201470,,59088,8,,2.2010802756565466
case_012,1,1,3,ablation2,no_comm,0.026,0.33,True,25912,222180,,59088,8,,2.280333436245755
case_012,1,1,3,ablation2,no_sync,0.078,0.297,True,26845,201470,,59088,8,,2.2010802756565466
case_012,1,1,3,ablation2,no_localsearch,0.02,0.3,True,25593,447566,,59088,9,,2.308756300550932
case_012,1,1,3,ablation2,no_level,0.099,0.274,True,47709,452352,,59088,126,,1.2385084575237377
case_012,1,1,3,ablation2,no_level_no_comm,0.027,0.205,True,69731,204892,,59088,9,,0.8473706099152457
case_012,1,1,3,ablation2,max_ops500,0.095,0.297,True,26845,201470,,59088,8,,2.2010802756565466
case_012,1,1,3,ablation2,lvl_alap,0.099,0.358,True,26380,634338,,59088,9,,2.2398786959818042
case_012,1,1,3,ablation2,lvl_compress,0.1,0.358,True,26380,634338,,59088,9,,2.2398786959818042
case_009,1,1,2,ablation2,full_c2,0.222,1.071,True,144178,482334,,153261,27,,1.0629985157236195
case_009,1,1,2,ablation2,no_comm,0.107,3.321,True,131904,192646,,153261,6,,1.1619132096069869
case_009,1,1,2,ablation2,no_sync,0.216,1.071,True,144178,482334,,153261,27,,1.0629985157236195
case_009,1,1,2,ablation2,no_localsearch,0.102,1.589,True,140430,471522,,153261,25,,1.091369365520188
case_009,1,1,2,ablation2,no_level,0.314,1.848,True,154176,982558,,153261,300,,0.9940652241594022
case_009,1,1,2,ablation2,no_level_no_comm,0.112,1.848,True,159314,188542,,153261,6,,0.9620058500822275
case_009,1,1,2,ablation2,max_ops500,0.261,1.3,True,143396,483906,,153261,28,,1.068795503361321
case_009,1,1,2,ablation2,lvl_alap,0.272,1.434,True,112543,1832738,,153261,38,,1.3617994899727215
case_009,1,1,2,ablation2,lvl_compress,0.28,1.434,True,112543,1832738,,153261,38,,1.3617994899727215
case_012,1,1,4,ablation2,full_c2,0.132,0.301,True,23000,120580,,59088,6,,2.5690434782608698
case_012,1,1,4,ablation2,no_comm,0.059,0.319,True,21709,164670,,59088,7,,2.721820443134184
case_012,1,1,4,ablation2,no_sync,0.107,0.301,True,23000,120580,,59088,6,,2.5690434782608698
case_012,1,1,4,ablation2,no_localsearch,0.02,0.326,True,23076,506032,,59088,12,,2.560582423296932
case_012,1,1,4,ablation2,no_level,0.141,0.321,True,33985,452352,,59088,126,,1.7386494041488891
case_012,1,1,4,ablation2,no_level_no_comm,0.062,0.203,True,68224,251306,,59088,12,,0.8660881801125704
case_012,1,1,4,ablation2,max_ops500,0.129,0.301,True,23000,120580,,59088,6,,2.5690434782608698
case_012,1,1,4,ablation2,lvl_alap,0.135,0.295,True,20447,428742,,59088,8,,2.889812686457671
case_012,1,1,4,ablation2,lvl_compress,0.137,0.295,True,20447,428742,,59088,8,,2.889812686457671
case_012,1,1,5,ablation2,full_c2,0.136,0.263,True,22555,230682,,59088,14,,2.619729549988916
case_012,1,1,5,ablation2,no_comm,0.103,0.328,True,24171,124722,,59088,9,,2.4445823507509
case_012,1,1,5,ablation2,no_sync,0.106,0.263,True,22555,230682,,59088,14,,2.619729549988916
case_012,1,1,5,ablation2,no_localsearch,0.02,0.333,True,22222,544500,,59088,15,,2.658986589865899
case_012,1,1,5,ablation2,no_level,0.135,0.333,True,37134,464640,,59088,127,,1.5912102116658589
case_012,1,1,5,ablation2,no_level_no_comm,0.1,0.203,True,66646,274268,,59088,15,,0.8865948444017645
case_012,1,1,5,ablation2,max_ops500,0.142,0.263,True,22555,230682,,59088,14,,2.619729549988916
case_012,1,1,5,ablation2,lvl_alap,0.143,0.358,True,25419,725544,,59088,15,,2.3245603682284903
case_012,1,1,5,ablation2,lvl_compress,0.152,0.358,True,25419,725544,,59088,15,,2.3245603682284903
case_015,1,1,3,ablation2,full_c2,0.076,0.317,True,76304,965272,,177362,7,,2.3244128748165234
case_015,1,1,3,ablation2,no_comm,0.031,0.305,True,73207,1105040,,177362,8,,2.422746458671985
case_015,1,1,3,ablation2,no_sync,0.057,0.317,True,76304,965272,,177362,7,,2.3244128748165234
case_015,1,1,3,ablation2,no_localsearch,0.018,0.306,True,76751,973464,,177362,7,,2.310875428333181
case_015,1,1,3,ablation2,no_level,0.063,0.25,True,95600,1835688,,177362,78,,1.8552510460251046
case_015,1,1,3,ablation2,no_level_no_comm,0.029,0.219,True,191467,1222520,,177362,9,,0.9263319527647061
case_015,1,1,3,ablation2,max_ops500,0.087,0.317,True,76304,965272,,177362,7,,2.3244128748165234
case_015,1,1,3,ablation2,lvl_alap,0.067,0.297,True,72559,2167712,,177362,9,,2.4443831916095866
case_015,1,1,3,ablation2,lvl_compress,0.072,0.297,True,72559,2167712,,177362,9,,2.4443831916095866
case_015,1,1,2,ablation2,full_c2,0.031,0.385,True,91129,224528,,177362,2,,1.9462739632828188
case_015,1,1,2,ablation2,no_comm,0.02,0.316,True,95421,769372,,177362,4,,1.858731306525817
case_015,1,1,2,ablation2,no_sync,0.032,0.385,True,91129,224528,,177362,2,,1.9462739632828188
case_015,1,1,2,ablation2,no_localsearch,0.014,0.331,True,95097,191752,,177362,2,,1.8650640924529691
case_015,1,1,2,ablation2,no_level,0.033,0.232,True,94644,901632,,177362,46,,1.8739909555809138
case_015,1,1,2,ablation2,no_level_no_comm,0.017,0.199,True,187936,717892,,177362,6,,0.94373616550315
case_015,1,1,2,ablation2,max_ops500,0.034,0.356,True,89277,224532,,177362,3,,1.9866482968737749
case_015,1,1,2,ablation2,lvl_alap,0.035,0.385,True,91129,224528,,177362,2,,1.9462739632828188
case_015,1,1,2,ablation2,lvl_compress,0.036,0.385,True,91129,224528,,177362,2,,1.9462739632828188
case_013,1,1,4,ablation2,full_c2,0.128,0.608,True,66982,24576,,263949,4,,3.9405959810098237
case_013,1,1,4,ablation2,no_comm,0.073,0.693,True,68522,143360,,263949,8,,3.8520329237325237
case_013,1,1,4,ablation2,no_sync,0.112,0.608,True,66982,24576,,263949,4,,3.9405959810098237
case_013,1,1,4,ablation2,no_localsearch,0.03,0.608,True,66982,24576,,263949,4,,3.9405959810098237
case_013,1,1,4,ablation2,no_level,0.125,1.105,True,108774,2007040,,263949,246,,2.4265817198962987
case_013,1,1,4,ablation2,no_level_no_comm,0.09,0.515,True,276368,180224,,263949,12,,0.9550635384704452
case_013,1,1,4,ablation2,max_ops500,0.126,0.608,True,66982,24576,,263949,4,,3.9405959810098237
case_013,1,1,4,ablation2,lvl_alap,0.132,0.608,True,66982,24576,,263949,4,,3.9405959810098237
case_013,1,1,4,ablation2,lvl_compress,0.132,0.608,True,66982,24576,,263949,4,,3.9405959810098237
case_015,1,1,4,ablation2,full_c2,0.107,0.346,True,62098,708948,,177362,8,,2.856162839382911
case_015,1,1,4,ablation2,no_comm,0.123,0.328,True,60840,1091728,,177362,9,,2.9152202498356345
case_015,1,1,4,ablation2,no_sync,0.098,0.346,True,62098,708948,,177362,8,,2.856162839382911
case_015,1,1,4,ablation2,no_localsearch,0.019,0.302,True,67349,1181620,,177362,9,,2.6334763693596046
case_015,1,1,4,ablation2,no_level,0.111,0.258,True,81384,1835688,,177362,78,,2.1793227169959697
case_015,1,1,4,ablation2,no_level_no_comm,0.121,0.238,True,190038,1410684,,177362,12,,0.9332975510161126
case_015,1,1,4,ablation2,max_ops500,0.113,0.346,True,62098,708948,,177362,8,,2.856162839382911
case_015,1,1,4,ablation2,lvl_alap,0.12,0.346,True,58808,1654584,,177362,8,,3.015950210855666
case_015,1,1,4,ablation2,lvl_compress,0.109,0.346,True,58808,1654584,,177362,8,,3.015950210855666
case_013,1,1,2,ablation2,full_c2,0.059,0.984,True,132198,8192,,263949,2,,1.9966187083011846
case_013,1,1,2,ablation2,no_comm,0.041,1.054,True,132198,8192,,263949,2,,1.9966187083011846
case_013,1,1,2,ablation2,no_sync,0.051,0.984,True,132198,8192,,263949,2,,1.9966187083011846
case_013,1,1,2,ablation2,no_localsearch,0.03,0.984,True,132198,8192,,263949,2,,1.9966187083011846
case_013,1,1,2,ablation2,no_level,0.059,1.06,True,186122,2007040,,263949,246,,1.418150460450672
case_013,1,1,2,ablation2,no_level_no_comm,0.036,0.597,True,133082,40960,,263949,6,,1.983356126298072
case_013,1,1,2,ablation2,max_ops500,0.063,0.726,True,132520,40960,,263949,4,,1.991767280410504
case_013,1,1,2,ablation2,lvl_alap,0.062,0.984,True,132198,8192,,263949,2,,1.9966187083011846
case_013,1,1,2,ablation2,lvl_compress,0.062,0.984,True,132198,8192,,263949,2,,1.9966187083011846
case_013,1,1,3,ablation2,full_c2,0.096,0.686,True,88351,16384,,263949,3,,2.98750438591527
case_013,1,1,3,ablation2,no_comm,0.057,0.823,True,90648,114688,,263949,6,,2.911801694466508
case_013,1,1,3,ablation2,no_sync,0.076,0.686,True,88351,16384,,263949,3,,2.98750438591527
case_013,1,1,3,ablation2,no_localsearch,0.036,0.686,True,88351,16384,,263949,3,,2.98750438591527
case_013,1,1,3,ablation2,no_level,0.111,0.883,True,132658,2007040,,263949,246,,1.9896953067285803
case_013,1,1,3,ablation2,no_level_no_comm,0.057,0.545,True,272921,147456,,263949,9,,0.9671260181517729
case_013,1,1,3,ablation2,max_ops500,0.097,0.697,True,88965,65536,,263949,6,,2.9668858539875234
case_013,1,1,3,ablation2,lvl_alap,0.099,0.686,True,88351,16384,,263949,3,,2.98750438591527
case_013,1,1,3,ablation2,lvl_compress,0.099,0.686,True,88351,16384,,263949,3,,2.98750438591527
case_015,1,1,5,ablation2,full_c2,0.117,0.268,True,62403,915844,,177362,10,,2.842203099209974
case_015,1,1,5,ablation2,no_comm,0.228,0.317,True,52716,1084290,,177362,11,,3.3644813718795055
case_015,1,1,5,ablation2,no_sync,0.111,0.268,True,62403,915844,,177362,10,,2.842203099209974
case_015,1,1,5,ablation2,no_localsearch,0.018,0.345,True,58667,1234084,,177362,11,,3.0231987318253872
case_015,1,1,5,ablation2,no_level,0.123,0.231,True,79617,1835688,,177362,78,,2.2276900661918937
case_015,1,1,5,ablation2,no_level_no_comm,0.228,0.225,True,193391,1638536,,177362,14,,0.9171161015765987
case_015,1,1,5,ablation2,max_ops500,0.127,0.268,True,62403,915844,,177362,10,,2.842203099209974
case_015,1,1,5,ablation2,lvl_alap,0.118,0.309,True,54436,1637708,,177362,10,,3.2581747373061942
case_015,1,1,5,ablation2,lvl_compress,0.122,0.309,True,54436,1637708,,177362,10,,3.2581747373061942
case_013,1,1,5,ablation2,full_c2,0.159,0.607,True,54363,32768,,263949,5,,4.855305998565201
case_013,1,1,5,ablation2,no_comm,0.093,0.647,True,56568,204800,,263949,10,,4.666047942299533
case_013,1,1,5,ablation2,no_sync,0.137,0.607,True,54363,32768,,263949,5,,4.855305998565201
case_013,1,1,5,ablation2,no_localsearch,0.028,0.607,True,54363,32768,,263949,5,,4.855305998565201
case_013,1,1,5,ablation2,no_level,0.166,1.018,True,102984,2007040,,263949,246,,2.563009787928222
case_013,1,1,5,ablation2,no_level_no_comm,0.091,0.527,True,279551,258048,,263949,15,,0.9441890746232351
case_013,1,1,5,ablation2,max_ops500,0.174,0.607,True,54363,32768,,263949,5,,4.855305998565201
case_013,1,1,5,ablation2,lvl_alap,0.177,0.607,True,54363,32768,,263949,5,,4.855305998565201
case_013,1,1,5,ablation2,lvl_compress,0.174,0.607,True,54363,32768,,263949,5,,4.855305998565201
case_009,1,1,4,ablation2,full_c2,0.571,1.393,True,89196,778468,,153261,98,,1.7182496972958428
case_009,1,1,4,ablation2,no_comm,0.409,2.082,True,125982,372222,,153261,12,,1.2165309329904272
case_009,1,1,4,ablation2,no_sync,0.424,1.393,True,89196,778468,,153261,98,,1.7182496972958428
case_009,1,1,4,ablation2,no_localsearch,0.107,1.718,True,91389,802780,,153261,100,,1.6770180218625874
case_009,1,1,4,ablation2,no_level,0.568,1.88,True,117488,982558,,153261,300,,1.304482159880158
case_009,1,1,4,ablation2,no_level_no_comm,0.287,1.439,True,163604,408768,,153261,12,,0.9367802743209213
case_009,1,1,4,ablation2,max_ops500,0.587,1.393,True,89196,778468,,153261,98,,1.7182496972958428
case_009,1,1,4,ablation2,lvl_alap,0.596,1.68,True,97707,2109590,,153261,100,,1.5685774816543339
case_009,1,1,4,ablation2,lvl_compress,0.603,1.68,True,97707,2109590,,153261,100,,1.5685774816543339
case_009,1,1,3,ablation2,full_c2,0.384,1.485,True,90469,668908,,153261,54,,1.6940720025644143
case_009,1,1,3,ablation2,no_comm,0.238,2.052,True,108397,222304,,153261,10,,1.413885993154792
case_009,1,1,3,ablation2,no_sync,0.332,1.538,True,114558,713138,,153261,68,,1.337846331116116
case_009,1,1,3,ablation2,no_localsearch,0.112,1.479,True,118429,704334,,153261,68,,1.2941171503601314
case_009,1,1,3,ablation2,no_level,0.405,2.007,True,123833,982558,,153261,300,,1.2376426316086988
case_009,1,1,3,ablation2,no_level_no_comm,0.238,1.487,True,164277,302998,,153261,9,,0.9329425299950693
case_009,1,1,3,ablation2,max_ops500,0.422,1.485,True,90469,668908,,153261,54,,1.6940720025644143
case_009,1,1,3,ablation2,lvl_alap,0.449,1.518,True,91925,1862630,,153261,54,,1.6672395974979604
case_009,1,1,3,ablation2,lvl_compress,0.429,1.518,True,91925,1862630,,153261,54,,1.6672395974979604
case_017,1,1,5,ablation2,full_c2,0.139,0.682,True,39459,327168,,162810,5,,4.1260548924199805
case_017,1,1,5,ablation2,no_comm,0.107,0.494,True,47139,696932,,162810,10,,3.453828040476039
case_017,1,1,5,ablation2,no_sync,0.12,0.682,True,39459,327168,,162810,5,,4.1260548924199805
case_017,1,1,5,ablation2,no_localsearch,0.022,0.484,True,35157,327168,,162810,5,,4.630941206587593
case_017,1,1,5,ablation2,no_level,0.129,0.418,True,46722,571392,,162810,54,,3.484653910363426
case_017,1,1,5,ablation2,no_level_no_comm,0.102,0.35,True,181484,738966,,162810,15,,0.8971038769257896
case_017,1,1,5,ablation2,max_ops500,0.12,0.682,True,39459,327168,,162810,5,,4.1260548924199805
case_017,1,1,5,ablation2,lvl_alap,0.127,0.682,True,39459,327168,,162810,5,,4.1260548924199805
case_017,1,1,5,ablation2,lvl_compress,0.123,0.682,True,39459,327168,,162810,5,,4.1260548924199805
case_017,1,1,3,ablation2,full_c2,0.094,0.568,True,60840,163584,,162810,3,,2.67603550295858
case_017,1,1,3,ablation2,no_comm,0.079,0.487,True,65763,438464,,162810,7,,2.4757082249897358
case_017,1,1,3,ablation2,no_sync,0.092,0.568,True,60840,163584,,162810,3,,2.67603550295858
case_017,1,1,3,ablation2,no_localsearch,0.023,0.534,True,57095,163584,,162810,3,,2.8515631841667397
case_017,1,1,3,ablation2,no_level,0.09,0.406,True,70697,571392,,162810,54,,2.302926573970607
case_017,1,1,3,ablation2,no_level_no_comm,0.075,0.337,True,174345,471228,,162810,9,,0.9338380796696206
case_017,1,1,3,ablation2,max_ops500,0.094,0.543,True,60184,177928,,162810,4,,2.7052040409411138
case_017,1,1,3,ablation2,lvl_alap,0.096,0.568,True,60840,163584,,162810,3,,2.67603550295858
case_017,1,1,3,ablation2,lvl_compress,0.096,0.568,True,60840,163584,,162810,3,,2.67603550295858
case_017,1,1,4,ablation2,full_c2,0.098,0.731,True,47846,240768,,162810,4,,3.4027922919366302
case_017,1,1,4,ablation2,no_comm,0.095,0.479,True,57031,675196,,162810,9,,2.854763198961968
case_017,1,1,4,ablation2,no_sync,0.091,0.731,True,47846,240768,,162810,4,,3.4027922919366302
case_017,1,1,4,ablation2,no_localsearch,0.023,0.526,True,44241,245376,,162810,4,,3.6800705228182005
case_017,1,1,4,ablation2,no_level,0.094,0.331,True,55891,571392,,162810,54,,2.912991358179313
case_017,1,1,4,ablation2,no_level_no_comm,0.074,0.361,True,178826,671100,,162810,12,,0.910438079473902
case_017,1,1,4,ablation2,max_ops500,0.097,0.541,True,46714,253064,,162810,5,,3.4852506743160507
case_017,1,1,4,ablation2,lvl_alap,0.098,0.731,True,47846,240768,,162810,4,,3.4027922919366302
case_017,1,1,4,ablation2,lvl_compress,0.1,0.731,True,47846,240768,,162810,4,,3.4027922919366302
case_017,1,1,2,ablation2,full_c2,0.045,0.713,True,85169,81792,,162810,2,,1.9116110321830713
case_017,1,1,2,ablation2,no_comm,0.033,0.561,True,109734,255232,,162810,4,,1.4836787139810814
case_017,1,1,2,ablation2,no_sync,0.048,0.713,True,85169,81792,,162810,2,,1.9116110321830713
case_017,1,1,2,ablation2,no_localsearch,0.04,0.533,True,83269,81792,,162810,2,,1.9552294371254608
case_017,1,1,2,ablation2,no_level,0.046,0.255,True,97170,571392,,162810,54,,1.6755171349181845
case_017,1,1,2,ablation2,no_level_no_comm,0.031,0.427,True,169576,387430,,162810,6,,0.9601004859178186
case_017,1,1,2,ablation2,max_ops500,0.049,0.461,True,80507,110490,,162810,4,,2.0223086191262873
case_017,1,1,2,ablation2,lvl_alap,0.055,0.713,True,85169,81792,,162810,2,,1.9116110321830713
case_017,1,1,2,ablation2,lvl_compress,0.05,0.713,True,85169,81792,,162810,2,,1.9116110321830713
case_019,1,1,2,ablation2,full_c2,0.03,0.1,True,67223,761912,,81144,16,,1.2070868601520313
case_019,1,1,2,ablation2,no_comm,0.011,0.147,True,42729,91660,,81144,4,,1.8990381239907324
case_019,1,1,2,ablation2,no_sync,0.028,0.1,True,67223,761912,,81144,16,,1.2070868601520313
case_019,1,1,2,ablation2,no_localsearch,0.014,0.146,True,66463,775736,,81144,16,,1.2208898183951973
case_019,1,1,2,ablation2,no_level,0.03,0.127,True,117212,1044100,,81144,110,,0.692284066477835
case_019,1,1,2,ablation2,no_level_no_comm,0.011,0.123,True,86869,134668,,81144,6,,0.9340961677928835
case_019,1,1,2,ablation2,max_ops500,0.03,0.1,True,67223,761912,,81144,16,,1.2070868601520313
case_019,1,1,2,ablation2,lvl_alap,0.031,0.156,True,52749,1434208,,81144,16,,1.5383040436785531
case_019,1,1,2,ablation2,lvl_compress,0.033,0.156,True,52749,1434208,,81144,16,,1.5383040436785531
case_019,1,1,3,ablation2,full_c2,0.053,0.171,True,47398,876116,,81144,21,,1.7119709692392084
case_019,1,1,3,ablation2,no_comm,0.017,0.143,True,39491,175116,,81144,7,,2.054746651135702
case_019,1,1,3,ablation2,no_sync,0.038,0.171,True,47398,876116,,81144,21,,1.7119709692392084
case_019,1,1,3,ablation2,no_localsearch,0.012,0.154,True,45785,892500,,81144,21,,1.7722834989625422
case_019,1,1,3,ablation2,no_level,0.051,0.187,True,107842,1057924,,81144,111,,0.7524341165779567
case_019,1,1,3,ablation2,no_level_no_comm,0.016,0.125,True,90020,209932,,81144,9,,0.9013996889580094
case_019,1,1,3,ablation2,max_ops500,0.054,0.171,True,47398,876116,,81144,21,,1.7119709692392084
case_019,1,1,3,ablation2,lvl_alap,0.051,0.178,True,42377,1495028,,81144,24,,1.91481228024636
case_019,1,1,3,ablation2,lvl_compress,0.052,0.178,True,42377,1495028,,81144,24,,1.91481228024636
case_019,1,1,4,ablation2,full_c2,0.096,0.163,True,38398,755256,,81144,26,,2.113235064326267
case_019,1,1,4,ablation2,no_comm,0.021,0.145,True,27436,225804,,81144,10,,2.957573990377606
case_019,1,1,4,ablation2,no_sync,0.067,0.163,True,38398,755256,,81144,26,,2.113235064326267
case_019,1,1,4,ablation2,no_localsearch,0.012,0.19,True,41044,950392,,81144,28,,1.9770002923691647
case_019,1,1,4,ablation2,no_level,0.089,0.129,True,86972,1062532,,81144,112,,0.9329899277928528
case_019,1,1,4,ablation2,no_level_no_comm,0.021,0.1,True,93922,231180,,81144,12,,0.8639509380123933
case_019,1,1,4,ablation2,max_ops500,0.094,0.163,True,38398,755256,,81144,26,,2.113235064326267
case_019,1,1,4,ablation2,lvl_alap,0.092,0.187,True,36660,1347284,,81144,32,,2.2134206219312604
case_019,1,1,4,ablation2,lvl_compress,0.094,0.187,True,36660,1347284,,81144,32,,2.2134206219312604
case_009,1,1,5,ablation2,full_c2,0.872,1.47,True,68245,825050,,153261,125,,2.2457469411678512
case_009,1,1,5,ablation2,no_comm,0.834,1.839,True,110719,374856,,153261,18,,1.3842339616506651
case_009,1,1,5,ablation2,no_sync,0.593,1.47,True,68245,825050,,153261,125,,2.2457469411678512
case_009,1,1,5,ablation2,no_localsearch,0.122,1.724,True,70699,863710,,153261,124,,2.1677958669853887
case_009,1,1,5,ablation2,no_level,0.786,1.701,True,110633,982558,,153261,300,,1.3853099888821598
case_009,1,1,5,ablation2,no_level_no_comm,0.863,1.357,True,153568,445292,,153261,15,,0.998000885601167
case_009,1,1,5,ablation2,max_ops500,0.822,1.47,True,68245,825050,,153261,125,,2.2457469411678512
case_009,1,1,5,ablation2,lvl_alap,0.813,1.787,True,81680,2241274,,153261,125,,1.8763589618021548
case_009,1,1,5,ablation2,lvl_compress,0.856,1.787,True,81680,2241274,,153261,125,,1.8763589618021548
case_019,1,1,5,ablation2,full_c2,0.091,0.128,True,40002,799896,,81144,33,,2.0284985750712465
case_019,1,1,5,ablation2,no_comm,0.097,0.155,True,29057,207632,,81144,12,,2.7925801011804383
case_019,1,1,5,ablation2,no_sync,0.07,0.128,True,40002,799896,,81144,33,,2.0284985750712465
case_019,1,1,5,ablation2,no_localsearch,0.013,0.169,True,37852,1010324,,81144,33,,2.1437176371129665
case_019,1,1,5,ablation2,no_level,0.088,0.209,True,70100,1062532,,81144,112,,1.157546362339515
case_019,1,1,5,ablation2,no_level_no_comm,0.104,0.111,True,93832,276880,,81144,15,,0.8647796061045272
case_019,1,1,5,ablation2,max_ops500,0.085,0.128,True,40002,799896,,81144,33,,2.0284985750712465
case_019,1,1,5,ablation2,lvl_alap,0.088,0.195,True,36145,1466844,,81144,40,,2.2449578088255637
case_019,1,1,5,ablation2,lvl_compress,0.091,0.195,True,36145,1466844,,81144,40,,2.2449578088255637
case_018,1,1,2,ablation2,full_c2,0.109,2.272,True,505446,3347456,,1004367,2,,1.9870906090858371
case_018,1,1,2,ablation2,no_comm,0.07,2.384,True,506605,3026944,,1004367,4,,1.982544586018693
case_018,1,1,2,ablation2,no_sync,0.111,2.272,True,505446,3347456,,1004367,2,,1.9870906090858371
case_018,1,1,2,ablation2,no_localsearch,0.053,2.339,True,503406,3347456,,1004367,2,,1.9951430853029166
case_018,1,1,2,ablation2,no_level,0.106,0.943,True,527775,10067712,,1004367,123,,1.9030211737956515
case_018,1,1,2,ablation2,no_level_no_comm,0.051,0.923,True,1003974,4263936,,1004367,6,,1.0003914443999546
case_018,1,1,2,ablation2,max_ops500,0.121,1.148,True,504615,4297856,,1004367,6,,1.9903629499717606
case_018,1,1,2,ablation2,lvl_alap,0.12,2.272,True,505446,3347456,,1004367,2,,1.9870906090858371
case_018,1,1,2,ablation2,lvl_compress,0.117,2.272,True,505446,3347456,,1004367,2,,1.9870906090858371
case_018,1,1,5,ablation2,full_c2,0.203,2.134,True,212131,5017600,,1004367,5,,4.734654529512424
case_018,1,1,5,ablation2,no_comm,0.153,2.214,True,210612,5488640,,1004367,10,,4.76880234744459
case_018,1,1,5,ablation2,no_sync,0.194,2.134,True,212131,5017600,,1004367,5,,4.734654529512424
case_018,1,1,5,ablation2,no_localsearch,0.053,2.134,True,212131,5017600,,1004367,5,,4.734654529512424
case_018,1,1,5,ablation2,no_level,0.198,1.146,True,226752,10067712,,1004367,123,,4.429363357324301
case_018,1,1,5,ablation2,no_level_no_comm,0.158,0.859,True,1015599,7786496,,1004367,15,,0.9889405168772321
case_018,1,1,5,ablation2,max_ops500,0.232,2.025,True,212480,5052160,,1004367,10,,4.7268778237951805
case_018,1,1,5,ablation2,lvl_alap,0.209,2.134,True,212131,5017600,,1004367,5,,4.734654529512424
case_018,1,1,5,ablation2,lvl_compress,0.211,2.134,True,212131,5017600,,1004367,5,,4.734654529512424
case_018,1,1,3,ablation2,full_c2,0.181,2.291,True,338456,3903872,,1004367,3,,2.967496513579313
case_018,1,1,3,ablation2,no_comm,0.102,2.382,True,342086,3657728,,1004367,6,,2.936007319796776
case_018,1,1,3,ablation2,no_sync,0.174,2.291,True,338456,3903872,,1004367,3,,2.967496513579313
case_018,1,1,3,ablation2,no_localsearch,0.052,2.178,True,345270,3860480,,1004367,3,,2.9089321400642976
case_018,1,1,3,ablation2,no_level,0.168,1.113,True,360403,10067712,,1004367,123,,2.7867886782296485
case_018,1,1,3,ablation2,no_level_no_comm,0.073,0.892,True,1007949,5730304,,1004367,9,,0.9964462487685389
case_018,1,1,3,ablation2,max_ops500,0.186,1.439,True,338752,4919680,,1004367,6,,2.9649035282448515
case_018,1,1,3,ablation2,lvl_alap,0.192,2.291,True,338456,3903872,,1004367,3,,2.967496513579313
case_018,1,1,3,ablation2,lvl_compress,0.193,2.291,True,338456,3903872,,1004367,3,,2.967496513579313
case_018,1,1,4,ablation2,full_c2,0.282,1.939,True,254778,5118976,,1004367,4,,3.942126086239785
case_018,1,1,4,ablation2,no_comm,0.133,2.335,True,260383,4395008,,1004367,8,,3.8572679476002656
case_018,1,1,4,ablation2,no_sync,0.268,1.939,True,254778,5118976,,1004367,4,,3.942126086239785
case_018,1,1,4,ablation2,no_localsearch,0.074,2.308,True,259938,5118976,,1004367,4,,3.8638713847148165
case_018,1,1,4,ablation2,no_level,0.269,0.848,True,269053,10067712,,1004367,123,,3.7329708273091176
case_018,1,1,4,ablation2,no_level_no_comm,0.119,0.839,True,1011774,6717440,,1004367,12,,0.9926791951562305
case_018,1,1,4,ablation2,max_ops500,0.27,1.728,True,255312,5323776,,1004367,8,,3.9338808986651626
case_018,1,1,4,ablation2,lvl_alap,0.277,1.939,True,254778,5118976,,1004367,4,,3.942126086239785
case_018,1,1,4,ablation2,lvl_compress,0.314,1.939,True,254778,5118976,,1004367,4,,3.942126086239785
case_020,1,1,4,ablation2,full_c2,0.245,2.848,True,133704,0,,532746,4,,3.984518039849219
case_020,1,1,4,ablation2,no_comm,0.226,3.109,True,137176,245760,,532746,8,,3.8836676969732316
case_020,1,1,4,ablation2,no_sync,0.217,2.848,True,133704,0,,532746,4,,3.984518039849219
case_020,1,1,4,ablation2,no_localsearch,0.077,2.848,True,133704,0,,532746,4,,3.984518039849219
case_020,1,1,4,ablation2,no_level,0.27,1.923,True,179996,0,,532746,288,,2.959765772572724
case_020,1,1,4,ablation2,no_level_no_comm,0.218,1.937,True,408053,245760,,532746,12,,1.3055804025457478
case_020,1,1,4,ablation2,max_ops500,0.256,1.573,True,135928,180224,,532746,16,,3.919324936731211
case_020,1,1,4,ablation2,lvl_alap,0.294,2.848,True,133704,0,,532746,4,,3.984518039849219
case_020,1,1,4,ablation2,lvl_compress,0.357,2.848,True,133704,0,,532746,4,,3.984518039849219
case_020,1,1,3,ablation2,full_c2,0.196,3.84,True,177950,0,,532746,3,,2.993796010115201
case_020,1,1,3,ablation2,no_comm,0.165,4.254,True,180484,200704,,532746,6,,2.9517630371667294
case_020,1,1,3,ablation2,no_sync,0.221,3.84,True,177950,0,,532746,3,,2.993796010115201
case_020,1,1,3,ablation2,no_localsearch,0.076,3.84,True,177950,0,,532746,3,,2.993796010115201
case_020,1,1,3,ablation2,no_level,0.179,2.15,True,226780,0,,532746,288,,2.349175412293853
case_020,1,1,3,ablation2,no_level_no_comm,0.168,1.916,True,542043,200704,,532746,9,,0.9828482242183738
case_020,1,1,3,ablation2,max_ops500,0.209,1.63,True,180488,221184,,532746,15,,2.951697619786357
case_020,1,1,3,ablation2,lvl_alap,0.251,3.84,True,177950,0,,532746,3,,2.993796010115201
case_020,1,1,3,ablation2,lvl_compress,0.217,3.84,True,177950,0,,532746,3,,2.993796010115201
case_016,1,1,5,ablation2,full_c2,0.941,6.892,True,8186419,119538880,,7715523,305,,0.9424783901239357
case_016,1,1,5,ablation2,no_comm,0.721,6.205,True,7742137,6095012,,7715523,15,,0.9965624478099522
case_016,1,1,5,ablation2,no_sync,0.827,6.892,True,8186419,119538880,,7715523,305,,0.9424783901239357
case_016,1,1,5,ablation2,no_localsearch,0.311,6.892,True,8186419,119538880,,7715523,305,,0.9424783901239357
case_016,1,1,5,ablation2,no_level,0.896,6.892,True,8186419,119538880,,7715523,305,,0.9424783901239357
case_016,1,1,5,ablation2,no_level_no_comm,0.816,6.205,True,7742137,6095012,,7715523,15,,0.9965624478099522
case_016,1,1,5,ablation2,max_ops500,0.936,6.892,True,8186419,119538880,,7715523,305,,0.9424783901239357
case_016,1,1,5,ablation2,lvl_alap,1.05,6.892,True,8186419,119538880,,7715523,305,,0.9424783901239357
case_016,1,1,5,ablation2,lvl_compress,1.055,6.892,True,8186419,119538880,,7715523,305,,0.9424783901239357
case_022,1,1,2,ablation2,full_c2,0.04,0.305,True,28674,0,,56780,2,,1.980191113901095
case_022,1,1,2,ablation2,no_comm,0.035,0.432,True,35320,57428,,56780,4,,1.6075877689694225
case_022,1,1,2,ablation2,no_sync,0.033,0.305,True,28674,0,,56780,2,,1.980191113901095
case_022,1,1,2,ablation2,no_localsearch,0.014,0.528,True,30242,0,,56780,2,,1.8775213279545004
case_022,1,1,2,ablation2,no_level,0.056,0.15,True,30925,0,,56780,28,,1.8360549717057397
case_022,1,1,2,ablation2,no_level_no_comm,0.036,0.281,True,62084,90980,,56780,6,,0.9145673603504929
case_022,1,1,2,ablation2,max_ops500,0.048,0.414,True,28669,8200,,56780,4,,1.9805364679619102
case_022,1,1,2,ablation2,lvl_alap,0.04,0.305,True,28674,0,,56780,2,,1.980191113901095
case_022,1,1,2,ablation2,lvl_compress,0.044,0.305,True,28674,0,,56780,2,,1.980191113901095
case_020,1,1,2,ablation2,full_c2,0.139,5.843,True,266580,0,,532746,2,,1.9984469952734638
case_020,1,1,2,ablation2,no_comm,0.11,6.266,True,268194,98304,,532746,4,,1.9864202778585651
case_020,1,1,2,ablation2,no_sync,0.128,5.843,True,266580,0,,532746,2,,1.9984469952734638
case_020,1,1,2,ablation2,no_localsearch,0.119,5.843,True,266580,0,,532746,2,,1.9984469952734638
case_020,1,1,2,ablation2,no_level,0.132,2.036,True,320348,0,,532746,288,,1.6630227127998303
case_020,1,1,2,ablation2,no_level_no_comm,0.111,2.897,True,447754,98304,,532746,6,,1.189818516417497
case_020,1,1,2,ablation2,max_ops500,0.191,1.686,True,269708,303104,,532746,16,,1.975269550773429
case_020,1,1,2,ablation2,lvl_alap,0.154,5.843,True,266580,0,,532746,2,,1.9984469952734638
case_020,1,1,2,ablation2,lvl_compress,0.158,5.843,True,266580,0,,532746,2,,1.9984469952734638
case_022,1,1,3,ablation2,full_c2,0.119,0.382,True,25370,107120,,56780,6,,2.2380764682696097
case_022,1,1,3,ablation2,no_comm,0.037,0.582,True,23272,182120,,56780,7,,2.4398418700584394
case_022,1,1,3,ablation2,no_sync,0.084,0.407,True,26805,137088,,56780,9,,2.118261518373438
case_022,1,1,3,ablation2,no_localsearch,0.024,0.36,True,27111,144000,,56780,9,,2.094352845708384
case_022,1,1,3,ablation2,no_level,0.162,0.321,True,27388,254200,,56780,86,,2.073170731707317
case_022,1,1,3,ablation2,no_level_no_comm,0.037,0.255,True,65569,207484,,56780,9,,0.8659579984443868
case_022,1,1,3,ablation2,max_ops500,0.119,0.382,True,25370,107120,,56780,6,,2.2380764682696097
case_022,1,1,3,ablation2,lvl_alap,0.109,0.414,True,20915,486268,,56780,6,,2.7147979918718623
case_022,1,1,3,ablation2,lvl_compress,0.113,0.414,True,20915,486268,,56780,6,,2.7147979918718623
case_022,1,1,4,ablation2,full_c2,0.122,0.269,True,22480,149128,,56780,10,,2.525800711743772
case_022,1,1,4,ablation2,no_comm,0.047,0.379,True,23968,185366,,56780,11,,2.3689919893190923
case_022,1,1,4,ablation2,no_sync,0.101,0.384,True,20994,175500,,56780,12,,2.704582261598552
case_022,1,1,4,ablation2,no_localsearch,0.024,0.408,True,25340,180624,,56780,11,,2.2407261247040253
case_022,1,1,4,ablation2,no_level,0.112,0.278,True,34028,254200,,56780,86,,1.6686258375455507
case_022,1,1,4,ablation2,no_level_no_comm,0.051,0.314,True,68888,196364,,56780,12,,0.8242364417605389
case_022,1,1,4,ablation2,max_ops500,0.114,0.269,True,22480,149128,,56780,10,,2.525800711743772
case_022,1,1,4,ablation2,lvl_alap,0.108,0.598,True,19185,791482,,56780,12,,2.9596038571800887
case_022,1,1,4,ablation2,lvl_compress,0.107,0.598,True,19185,791482,,56780,12,,2.9596038571800887
case_021,1,1,2,ablation2,full_c2,0.104,3.542,True,3268622,4702208,,6567937,2,,2.0093901956237215
case_021,1,1,2,ablation2,no_comm,0.079,6.674,True,3232720,6260736,,6567937,4,,2.031706117449083
case_021,1,1,2,ablation2,no_sync,0.136,3.542,True,3268622,4702208,,6567937,2,,2.0093901956237215
case_021,1,1,2,ablation2,no_localsearch,0.09,3.542,True,3268622,4702208,,6567937,2,,2.0093901956237215
case_021,1,1,2,ablation2,no_level,0.141,1.364,True,3104250,7372800,,6567937,10,,2.1157886768140455
case_021,1,1,2,ablation2,no_level_no_comm,0.07,1.866,True,6388328,6549504,,6567937,6,,1.0281151813119176
case_021,1,1,2,ablation2,max_ops500,0.101,1.64,True,3100948,7147520,,6567937,8,,2.118041644039178
case_021,1,1,2,ablation2,lvl_alap,0.124,3.542,True,3268622,4702208,,6567937,2,,2.0093901956237215
case_021,1,1,2,ablation2,lvl_compress,0.127,3.542,True,3268622,4702208,,6567937,2,,2.0093901956237215
case_023,1,1,3,ablation2,full_c2,0.062,0.325,True,41575,147456,,122614,3,,2.9492242934455803
case_023,1,1,3,ablation2,no_comm,0.027,0.306,True,49544,271806,,122614,8,,2.47485063781689
case_023,1,1,3,ablation2,no_sync,0.051,0.325,True,41575,147456,,122614,3,,2.9492242934455803
case_023,1,1,3,ablation2,no_localsearch,0.015,0.345,True,46660,147456,,122614,3,,2.6278182597513933
case_023,1,1,3,ablation2,no_level,0.047,0.171,True,48306,368640,,122614,38,,2.5382768186146647
case_023,1,1,3,ablation2,no_level_no_comm,0.024,0.187,True,132927,327078,,122614,9,,0.9224160629518457
case_023,1,1,3,ablation2,max_ops500,0.05,0.325,True,41575,147456,,122614,3,,2.9492242934455803
case_023,1,1,3,ablation2,lvl_alap,0.065,0.325,True,41575,147456,,122614,3,,2.9492242934455803
case_023,1,1,3,ablation2,lvl_compress,0.066,0.325,True,41575,147456,,122614,3,,2.9492242934455803
case_022,1,1,5,ablation2,full_c2,0.156,0.455,True,21411,160144,,56780,12,,2.651907897809537
case_022,1,1,5,ablation2,no_comm,0.074,0.396,True,20898,366250,,56780,15,,2.7170064120968513
case_022,1,1,5,ablation2,no_sync,0.144,0.407,True,22487,176540,,56780,13,,2.5250144527949483
case_022,1,1,5,ablation2,no_localsearch,0.026,0.391,True,21335,192924,,56780,14,,2.6613545816733066
case_022,1,1,5,ablation2,no_level,0.159,0.351,True,22617,254200,,56780,86,,2.5105009506123714
case_022,1,1,5,ablation2,no_level_no_comm,0.058,0.249,True,67279,376220,,56780,15,,0.8439483345471841
case_022,1,1,5,ablation2,max_ops500,0.176,0.455,True,21411,160144,,56780,12,,2.651907897809537
case_022,1,1,5,ablation2,lvl_alap,0.147,0.454,True,16728,646260,,56780,15,,3.394308943089431
case_022,1,1,5,ablation2,lvl_compress,0.157,0.454,True,16728,646260,,56780,15,,3.394308943089431
case_023,1,1,2,ablation2,full_c2,0.048,0.296,True,61967,73728,,122614,2,,1.9786983394387334
case_023,1,1,2,ablation2,no_comm,0.022,0.41,True,67784,199580,,122614,4,,1.8088929540894607
case_023,1,1,2,ablation2,no_sync,0.051,0.296,True,61967,73728,,122614,2,,1.9786983394387334
case_023,1,1,2,ablation2,no_localsearch,0.017,0.333,True,64941,73728,,122614,2,,1.8880830292111301
case_023,1,1,2,ablation2,no_level,0.05,0.182,True,67839,368640,,122614,38,,1.807426406639249
case_023,1,1,2,ablation2,no_level_no_comm,0.022,0.223,True,129175,347024,,122614,6,,0.9492084381652797
case_023,1,1,2,ablation2,max_ops500,0.04,0.434,True,61967,88064,,122614,3,,1.9786983394387334
case_023,1,1,2,ablation2,lvl_alap,0.05,0.296,True,61967,73728,,122614,2,,1.9786983394387334
case_023,1,1,2,ablation2,lvl_compress,0.044,0.296,True,61967,73728,,122614,2,,1.9786983394387334
case_020,1,1,5,ablation2,full_c2,0.565,2.618,True,107719,0,,532746,5,,4.945701315459668
case_020,1,1,5,ablation2,no_comm,0.325,2.543,True,111519,253952,,532746,10,,4.777176983294327
case_020,1,1,5,ablation2,no_sync,0.504,2.618,True,107719,0,,532746,5,,4.945701315459668
case_020,1,1,5,ablation2,no_localsearch,0.121,2.716,True,107954,0,,532746,5,,4.934935250199159
case_020,1,1,5,ablation2,no_level,0.61,1.786,True,151907,0,,532746,288,,3.5070536578301197
case_020,1,1,5,ablation2,no_level_no_comm,0.298,2.308,True,328711,253952,,532746,15,,1.62071241911588
case_020,1,1,5,ablation2,max_ops500,0.662,1.859,True,110064,233472,,532746,15,,4.84032926297427
case_020,1,1,5,ablation2,lvl_alap,0.708,2.618,True,107719,0,,532746,5,,4.945701315459668
case_020,1,1,5,ablation2,lvl_compress,0.689,2.618,True,107719,0,,532746,5,,4.945701315459668
case_023,1,1,4,ablation2,full_c2,0.231,0.25,True,56987,1058124,,122614,29,,2.1516135258918703
case_023,1,1,4,ablation2,no_comm,0.128,0.39,True,33715,220840,,122614,8,,3.6367788818033517
case_023,1,1,4,ablation2,no_sync,0.147,0.25,True,56987,1058124,,122614,29,,2.1516135258918703
case_023,1,1,4,ablation2,no_localsearch,0.026,0.336,True,55418,1918018,,122614,28,,2.2125302248366956
case_023,1,1,4,ablation2,no_level,0.182,0.365,True,146250,1903164,,122614,199,,0.8383863247863248
case_023,1,1,4,ablation2,no_level_no_comm,0.137,0.198,True,133851,403612,,122614,12,,0.9160484419242292
case_023,1,1,4,ablation2,max_ops500,0.234,0.25,True,56987,1058124,,122614,29,,2.1516135258918703
case_023,1,1,4,ablation2,lvl_alap,0.216,0.319,True,53890,2006850,,122614,32,,2.2752644275375764
case_023,1,1,4,ablation2,lvl_compress,0.214,0.319,True,53890,2006850,,122614,32,,2.2752644275375764
case_003,1,1,3,ablation2,full_c2,0.971,4.757,True,302638,2945130,,602212,56,,1.9898756930722514
case_003,1,1,3,ablation2,no_comm,0.325,5.564,True,598650,1678780,,602212,19,,1.0059500542888165
case_003,1,1,3,ablation2,no_sync,0.704,4.757,True,302638,2945130,,602212,56,,1.9898756930722514
case_003,1,1,3,ablation2,no_localsearch,0.277,6.266,True,280031,3040688,,602212,57,,2.150519049676643
case_003,1,1,3,ablation2,no_level,0.946,12.058,True,394855,7073970,,602212,461,,1.5251472059363564
case_003,1,1,3,ablation2,no_level_no_comm,0.361,5.378,True,619563,1480110,,602212,9,,0.9719947769637631
case_003,1,1,3,ablation2,max_ops500,1.017,4.908,True,306046,3944668,,602212,69,,1.967717271259876
case_003,1,1,3,ablation2,lvl_alap,1.061,6.279,True,306453,3827126,,602212,57,,1.965103947424238
case_003,1,1,3,ablation2,lvl_compress,1.156,6.279,True,306453,3827126,,602212,57,,1.965103947424238
case_021,1,1,3,ablation2,full_c2,0.157,2.762,True,2607583,4902912,,6567937,3,,2.5187834864700376
case_021,1,1,3,ablation2,no_comm,0.122,5.416,True,2110002,7147520,,6567937,6,,3.112763400224265
case_021,1,1,3,ablation2,no_sync,0.149,2.762,True,2607583,4902912,,6567937,3,,2.5187834864700376
case_021,1,1,3,ablation2,no_localsearch,0.07,2.762,True,2607583,4902912,,6567937,3,,2.5187834864700376
case_021,1,1,3,ablation2,no_level,0.158,1.449,True,2484134,7372800,,6567937,10,,2.6439543921543684
case_021,1,1,3,ablation2,no_level_no_comm,0.162,1.65,True,6205025,8495104,,6567937,9,,1.0584867909476594
case_021,1,1,3,ablation2,max_ops500,0.239,1.588,True,2482092,7489536,,6567937,10,,2.646129555230024
case_021,1,1,3,ablation2,lvl_alap,0.183,2.762,True,2607583,4902912,,6567937,3,,2.5187834864700376
case_021,1,1,3,ablation2,lvl_compress,0.223,2.762,True,2607583,4902912,,6567937,3,,2.5187834864700376
case_021,1,1,4,ablation2,full_c2,0.24,1.753,True,1550324,4608000,,6567937,4,,4.236493145948847
case_021,1,1,4,ablation2,no_comm,0.182,4.507,True,1580230,7843840,,6567937,8,,4.156317118394158
case_021,1,1,4,ablation2,no_sync,0.277,1.753,True,1550324,4608000,,6567937,4,,4.236493145948847
case_021,1,1,4,ablation2,no_localsearch,0.077,1.753,True,1550324,4608000,,6567937,4,,4.236493145948847
case_021,1,1,4,ablation2,no_level,0.238,1.321,True,1596380,18124800,,6567937,80,,4.114269158972174
case_021,1,1,4,ablation2,no_level_no_comm,0.173,1.624,True,6208340,9756672,,6567937,12,,1.0579216022318365
case_021,1,1,4,ablation2,max_ops500,0.286,1.465,True,1552804,5992448,,6567937,8,,4.229726997096865
case_021,1,1,4,ablation2,lvl_alap,0.261,1.753,True,1550324,4608000,,6567937,4,,4.236493145948847
case_021,1,1,4,ablation2,lvl_compress,0.279,1.753,True,1550324,4608000,,6567937,4,,4.236493145948847
case_023,1,1,5,ablation2,full_c2,0.208,0.283,True,40747,748844,,122614,21,,3.009154048150784
case_023,1,1,5,ablation2,no_comm,0.082,0.314,True,35693,341930,,122614,10,,3.4352394026839996
case_023,1,1,5,ablation2,no_sync,0.112,0.311,True,40114,765228,,122614,23,,3.0566385800468665
case_023,1,1,5,ablation2,no_localsearch,0.022,0.455,True,52571,1933384,,122614,36,,2.332350535466322
case_023,1,1,5,ablation2,no_level,0.218,0.43,True,88644,1903164,,122614,199,,1.3832182663237218
case_023,1,1,5,ablation2,no_level_no_comm,0.076,0.211,True,134614,544172,,122614,15,,0.9108562259497526
case_023,1,1,5,ablation2,max_ops500,0.246,0.283,True,40747,748844,,122614,21,,3.009154048150784
case_023,1,1,5,ablation2,lvl_alap,0.227,0.358,True,44918,1835528,,122614,30,,2.72972972972973
case_023,1,1,5,ablation2,lvl_compress,0.218,0.358,True,44918,1835528,,122614,30,,2.72972972972973
case_026,1,1,2,ablation2,full_c2,0.033,0.159,True,58472,185780,,99203,3,,1.696589820768915
case_026,1,1,2,ablation2,no_comm,0.018,0.147,True,69217,576288,,99203,5,,1.433217273213228
case_026,1,1,2,ablation2,no_sync,0.022,0.131,True,78950,677312,,99203,6,,1.256529449018366
case_026,1,1,2,ablation2,no_localsearch,0.011,0.132,True,69867,677312,,99203,6,,1.4198834929222666
case_026,1,1,2,ablation2,no_level,0.02,0.129,True,91005,873248,,99203,35,,1.0900829624745894
case_026,1,1,2,ablation2,no_level_no_comm,0.01,0.166,True,109453,669216,,99203,6,,0.9063524983326177
case_026,1,1,2,ablation2,max_ops500,0.035,0.159,True,58472,185780,,99203,3,,1.696589820768915
case_026,1,1,2,ablation2,lvl_alap,0.03,0.125,True,59128,512948,,99203,4,,1.6777668786361792
case_026,1,1,2,ablation2,lvl_compress,0.031,0.125,True,59128,512948,,99203,4,,1.6777668786361792
case_026,1,1,3,ablation2,full_c2,0.04,0.164,True,58898,770240,,99203,7,,1.6843186525858262
case_026,1,1,3,ablation2,no_comm,0.037,0.17,True,53790,651064,,99203,8,,1.8442647332217885
case_026,1,1,3,ablation2,no_sync,0.037,0.164,True,58898,770240,,99203,7,,1.6843186525858262
case_026,1,1,3,ablation2,no_localsearch,0.012,0.153,True,61695,846704,,99203,7,,1.6079585055515033
case_026,1,1,3,ablation2,no_level,0.035,0.425,True,66100,873248,,99203,35,,1.5008018154311649
case_026,1,1,3,ablation2,no_level_no_comm,0.044,0.144,True,110332,750136,,99203,9,,0.899131711561469
case_026,1,1,3,ablation2,max_ops500,0.036,0.164,True,58898,770240,,99203,7,,1.6843186525858262
case_026,1,1,3,ablation2,lvl_alap,0.042,0.175,True,47309,1212616,,99203,15,,2.0969160202075714
case_026,1,1,3,ablation2,lvl_compress,0.038,0.175,True,47309,1212616,,99203,15,,2.0969160202075714
case_021,1,1,5,ablation2,full_c2,0.34,5.619,True,1250168,11431936,,6567937,5,,5.253643510312214
case_021,1,1,5,ablation2,no_comm,0.231,4.338,True,1275566,9050112,,6567937,10,,5.149037368509352
case_021,1,1,5,ablation2,no_sync,0.356,5.619,True,1250168,11431936,,6567937,5,,5.253643510312214
case_021,1,1,5,ablation2,no_localsearch,0.09,5.619,True,1250168,11431936,,6567937,5,,5.253643510312214
case_021,1,1,5,ablation2,no_level,0.356,1.299,True,1283116,18124800,,6567937,80,,5.11873984893026
case_021,1,1,5,ablation2,no_level_no_comm,0.227,1.488,True,6215735,10383360,,6567937,15,,1.0566629690615832
case_021,1,1,5,ablation2,max_ops500,0.347,2.121,True,1244950,13105152,,6567937,10,,5.275663279649785
case_021,1,1,5,ablation2,lvl_alap,0.404,5.619,True,1250168,11431936,,6567937,5,,5.253643510312214
case_021,1,1,5,ablation2,lvl_compress,0.387,5.619,True,1250168,11431936,,6567937,5,,5.253643510312214
case_024,1,1,2,ablation2,full_c2,0.194,1.064,True,2606460,12976260,,2555343,34,,0.980388342809788
case_024,1,1,2,ablation2,no_comm,0.192,1.97,True,2565823,2293816,,2555343,6,,0.9959155405497573
case_024,1,1,2,ablation2,no_sync,0.149,1.701,True,2710243,39322000,,2555343,101,,0.9428464532516088
case_024,1,1,2,ablation2,no_localsearch,0.104,1.701,True,2710243,39322000,,2555343,101,,0.9428464532516088
case_024,1,1,2,ablation2,no_level,0.195,1.318,True,2649943,39322000,,2555343,101,,0.9643011189297279
case_024,1,1,2,ablation2,no_level_no_comm,0.18,1.97,True,2565823,2293816,,2555343,6,,0.9959155405497573
case_024,1,1,2,ablation2,max_ops500,0.206,1.064,True,2606460,12976260,,2555343,34,,0.980388342809788
case_024,1,1,2,ablation2,lvl_alap,0.23,1.064,True,2606460,12976260,,2555343,34,,0.980388342809788
case_024,1,1,2,ablation2,lvl_compress,0.207,1.064,True,2606460,12976260,,2555343,34,,0.980388342809788
case_026,1,1,4,ablation2,full_c2,0.054,0.2,True,46327,445288,,99203,6,,2.141364646966132
case_026,1,1,4,ablation2,no_comm,0.088,0.168,True,58775,673328,,99203,7,,1.6878434708634624
case_026,1,1,4,ablation2,no_sync,0.08,0.188,True,61106,515916,,99203,7,,1.6234575982718555
case_026,1,1,4,ablation2,no_localsearch,0.013,0.176,True,56215,775424,,99203,8,,1.7647069287556703
case_026,1,1,4,ablation2,no_level,0.043,0.129,True,50810,873248,,99203,35,,1.9524306238929345
case_026,1,1,4,ablation2,no_level_no_comm,0.068,0.147,True,111018,982844,,99203,12,,0.8935758165342557
case_026,1,1,4,ablation2,max_ops500,0.042,0.2,True,46327,445288,,99203,6,,2.141364646966132
case_026,1,1,4,ablation2,lvl_alap,0.046,0.167,True,48711,1106680,,99203,12,,2.0365625834000536
case_026,1,1,4,ablation2,lvl_compress,0.052,0.167,True,48711,1106680,,99203,12,,2.0365625834000536
case_016,1,1,3,ablation2,full_c2,0.871,5.037,True,7985049,68420280,,7715523,175,,0.9662461683077962
case_016,1,1,3,ablation2,no_comm,0.43,8.287,True,7731199,3539048,,7715523,9,,0.997972371426476
case_016,1,1,3,ablation2,no_sync,0.526,8.661,True,8186419,119538880,,7715523,305,,0.9424783901239357
case_016,1,1,3,ablation2,no_localsearch,0.26,8.661,True,8186419,119538880,,7715523,305,,0.9424783901239357
case_016,1,1,3,ablation2,no_level,0.902,10.478,True,8069419,119538880,,7715523,305,,0.9561435587865743
case_016,1,1,3,ablation2,no_level_no_comm,0.529,8.287,True,7731199,3539048,,7715523,9,,0.997972371426476
case_016,1,1,3,ablation2,max_ops500,0.82,5.037,True,7985049,68420280,,7715523,175,,0.9662461683077962
case_016,1,1,3,ablation2,lvl_alap,0.922,5.037,True,7985049,68420280,,7715523,175,,0.9662461683077962
case_016,1,1,3,ablation2,lvl_compress,0.92,5.037,True,7985049,68420280,,7715523,175,,0.9662461683077962
case_024,1,1,3,ablation2,full_c2,0.369,1.165,True,2632793,19661000,,2555343,51,,0.9705825714364935
case_024,1,1,3,ablation2,no_comm,0.168,1.695,True,2571019,3539048,,2555343,9,,0.9939028066303672
case_024,1,1,3,ablation2,no_sync,0.244,1.735,True,2710243,39322000,,2555343,101,,0.9428464532516088
case_024,1,1,3,ablation2,no_localsearch,0.087,1.735,True,2710243,39322000,,2555343,101,,0.9428464532516088
case_024,1,1,3,ablation2,no_level,0.312,1.603,True,2665243,39322000,,2555343,101,,0.9587654859237976
case_024,1,1,3,ablation2,no_level_no_comm,0.209,1.695,True,2571019,3539048,,2555343,9,,0.9939028066303672
case_024,1,1,3,ablation2,max_ops500,0.34,1.165,True,2632793,19661000,,2555343,51,,0.9705825714364935
case_024,1,1,3,ablation2,lvl_alap,0.315,1.165,True,2632793,19661000,,2555343,51,,0.9705825714364935
case_024,1,1,3,ablation2,lvl_compress,0.298,1.165,True,2632793,19661000,,2555343,51,,0.9705825714364935
case_026,1,1,5,ablation2,full_c2,0.138,0.168,True,71453,1608364,,99203,18,,1.3883671784249787
case_026,1,1,5,ablation2,no_comm,0.135,0.18,True,52022,704316,,99203,11,,1.906943216331552
case_026,1,1,5,ablation2,no_sync,0.087,0.163,True,67446,1459780,,99203,20,,1.4708507546778162
case_026,1,1,5,ablation2,no_localsearch,0.014,0.198,True,60322,2154232,,99203,31,,1.6445575411955837
case_026,1,1,5,ablation2,no_level,0.096,0.208,True,112598,1973092,,99203,78,,0.8810369633563652
case_026,1,1,5,ablation2,no_level_no_comm,0.154,0.154,True,112241,1181008,,99203,15,,0.8838392387808377
case_026,1,1,5,ablation2,max_ops500,0.077,0.168,True,71453,1608364,,99203,18,,1.3883671784249787
case_026,1,1,5,ablation2,lvl_alap,0.076,0.208,True,58312,2001464,,99203,23,,1.7012450267526409
case_026,1,1,5,ablation2,lvl_compress,0.082,0.208,True,58312,2001464,,99203,23,,1.7012450267526409
case_016,1,1,2,ablation2,full_c2,0.524,5.073,True,7918442,51511820,,7715523,132,,0.9743738730421969
case_016,1,1,2,ablation2,no_comm,0.364,11.394,True,7726003,2293816,,7715523,6,,0.9986435418158652
case_016,1,1,2,ablation2,no_sync,0.433,8.95,True,8186419,119538880,,7715523,305,,0.9424783901239357
case_016,1,1,2,ablation2,no_localsearch,0.305,8.95,True,8186419,119538880,,7715523,305,,0.9424783901239357
case_016,1,1,2,ablation2,no_level,0.632,11.239,True,8030719,119538880,,7715523,305,,0.9607512104457895
case_016,1,1,2,ablation2,no_level_no_comm,0.313,11.394,True,7726003,2293816,,7715523,6,,0.9986435418158652
case_016,1,1,2,ablation2,max_ops500,0.548,5.073,True,7918442,51511820,,7715523,132,,0.9743738730421969
case_016,1,1,2,ablation2,lvl_alap,0.65,5.073,True,7918442,51511820,,7715523,132,,0.9743738730421969
case_016,1,1,2,ablation2,lvl_compress,0.556,5.073,True,7918442,51511820,,7715523,132,,0.9743738730421969
case_024,1,1,4,ablation2,full_c2,0.601,1.074,True,2618852,16122020,,2555343,42,,0.9757492977839145
case_024,1,1,4,ablation2,no_comm,0.225,1.551,True,2577258,4915344,,2555343,12,,0.9914967768069786
case_024,1,1,4,ablation2,no_sync,0.301,1.557,True,2710243,39322000,,2555343,101,,0.9428464532516088
case_024,1,1,4,ablation2,no_localsearch,0.135,1.557,True,2710243,39322000,,2555343,101,,0.9428464532516088
case_024,1,1,4,ablation2,no_level,0.556,1.565,True,2657143,39322000,,2555343,101,,0.9616881741027863
case_024,1,1,4,ablation2,no_level_no_comm,0.198,1.551,True,2577258,4915344,,2555343,12,,0.9914967768069786
case_024,1,1,4,ablation2,max_ops500,0.565,1.074,True,2618852,16122020,,2555343,42,,0.9757492977839145
case_024,1,1,4,ablation2,lvl_alap,0.511,1.074,True,2618852,16122020,,2555343,42,,0.9757492977839145
case_024,1,1,4,ablation2,lvl_compress,0.626,1.074,True,2618852,16122020,,2555343,42,,0.9757492977839145
case_027,1,1,4,ablation2,full_c2,0.09,0.828,True,559196,3317760,,2363952,4,,4.227412213249022
case_027,1,1,4,ablation2,no_comm,0.084,0.866,True,612071,10149888,,2363952,8,,3.8622185988226856
case_027,1,1,4,ablation2,no_sync,0.085,0.828,True,559196,3317760,,2363952,4,,4.227412213249022
case_027,1,1,4,ablation2,no_localsearch,0.039,0.828,True,559196,3317760,,2363952,4,,4.227412213249022
case_027,1,1,4,ablation2,no_level,0.097,0.495,True,565244,5529600,,2363952,16,,4.182179731231114
case_027,1,1,4,ablation2,no_level_no_comm,0.076,0.575,True,2283950,9916416,,2363952,12,,1.035027912169706
case_027,1,1,4,ablation2,max_ops500,0.092,0.828,True,559196,3317760,,2363952,4,,4.227412213249022
case_027,1,1,4,ablation2,lvl_alap,0.085,0.828,True,559196,3317760,,2363952,4,,4.227412213249022
case_027,1,1,4,ablation2,lvl_compress,0.084,0.828,True,559196,3317760,,2363952,4,,4.227412213249022
case_027,1,1,2,ablation2,full_c2,0.052,0.938,True,1120962,1744896,,2363952,2,,2.10886006840553
case_027,1,1,2,ablation2,no_comm,0.032,1.13,True,1162204,6289408,,2363952,4,,2.034025007657864
case_027,1,1,2,ablation2,no_sync,0.044,0.938,True,1120962,1744896,,2363952,2,,2.10886006840553
case_027,1,1,2,ablation2,no_localsearch,0.03,0.938,True,1120962,1744896,,2363952,2,,2.10886006840553
case_027,1,1,2,ablation2,no_level,0.042,0.435,True,1124556,5529600,,2363952,16,,2.1021203034797735
case_027,1,1,2,ablation2,no_level_no_comm,0.027,0.675,True,2258144,6033408,,2363952,6,,1.0468561792339195
case_027,1,1,2,ablation2,max_ops500,0.044,0.536,True,1133918,3883008,,2363952,4,,2.0847645067809135
case_027,1,1,2,ablation2,lvl_alap,0.047,0.938,True,1120962,1744896,,2363952,2,,2.10886006840553
case_027,1,1,2,ablation2,lvl_compress,0.044,0.938,True,1120962,1744896,,2363952,2,,2.10886006840553
case_024,1,1,5,ablation2,full_c2,0.538,1.299,True,2623499,17301680,,2555343,45,,0.9740209544581492
case_024,1,1,5,ablation2,no_comm,0.275,1.393,True,2576896,5505248,,2555343,15,,0.9916360613699583
case_024,1,1,5,ablation2,no_sync,0.412,1.737,True,2710243,39322000,,2555343,101,,0.9428464532516088
case_024,1,1,5,ablation2,no_localsearch,0.084,1.737,True,2710243,39322000,,2555343,101,,0.9428464532516088
case_024,1,1,5,ablation2,no_level,0.506,1.424,True,2659843,39322000,,2555343,101,,0.9607119668341327
case_024,1,1,5,ablation2,no_level_no_comm,0.261,1.393,True,2576896,5505248,,2555343,15,,0.9916360613699583
case_024,1,1,5,ablation2,max_ops500,0.593,1.299,True,2623499,17301680,,2555343,45,,0.9740209544581492
case_024,1,1,5,ablation2,lvl_alap,0.581,1.299,True,2623499,17301680,,2555343,45,,0.9740209544581492
case_024,1,1,5,ablation2,lvl_compress,0.505,1.299,True,2623499,17301680,,2555343,45,,0.9740209544581492
case_003,1,1,4,ablation2,full_c2,1.932,4.184,True,225768,3757030,,602212,76,,2.6673930760780977
case_003,1,1,4,ablation2,no_comm,0.432,5.251,True,491764,2433234,,602212,26,,1.224595537696944
case_003,1,1,4,ablation2,no_sync,1.374,4.184,True,225768,3757030,,602212,76,,2.6673930760780977
case_003,1,1,4,ablation2,no_localsearch,0.25,7.07,True,225366,3751658,,602212,76,,2.6721510786897755
case_003,1,1,4,ablation2,no_level,1.949,6.59,True,299277,7073970,,602212,461,,2.0122227902578547
case_003,1,1,4,ablation2,no_level_no_comm,0.426,4.842,True,622766,1858558,,602212,12,,0.96699562917693
case_003,1,1,4,ablation2,max_ops500,1.96,5.897,True,221152,4220926,,602212,82,,2.723068296917957
case_003,1,1,4,ablation2,lvl_alap,2.123,6.919,True,231876,4342766,,602212,76,,2.5971295002501336
case_003,1,1,4,ablation2,lvl_compress,2.207,6.919,True,231876,4342766,,602212,76,,2.5971295002501336
case_003,1,1,2,ablation2,full_c2,0.481,5.315,True,578986,924000,,602212,8,,1.0401149596017867
case_003,1,1,2,ablation2,no_comm,0.177,7.191,True,604444,1242526,,602212,8,,0.9963073502259928
case_003,1,1,2,ablation2,no_sync,0.46,5.315,True,578986,924000,,602212,8,,1.0401149596017867
case_003,1,1,2,ablation2,no_localsearch,0.212,6.251,True,577913,925794,,602212,9,,1.042046121128959
case_003,1,1,2,ablation2,no_level,0.459,10.464,True,590149,1534044,,602212,33,,1.0204406005940874
case_003,1,1,2,ablation2,no_level_no_comm,0.213,7.618,True,611257,1224990,,602212,6,,0.985202623446439
case_003,1,1,2,ablation2,max_ops500,0.499,3.927,True,590032,3388226,,602212,32,,1.0206429481790817
case_003,1,1,2,ablation2,lvl_alap,0.523,7.241,True,548523,1659238,,602212,14,,1.0978792138160114
case_003,1,1,2,ablation2,lvl_compress,0.535,7.241,True,548523,1659238,,602212,14,,1.0978792138160114
case_027,1,1,3,ablation2,full_c2,0.08,1.084,True,837049,3686400,,2363952,3,,2.8241500796249683
case_027,1,1,3,ablation2,no_comm,0.058,1.181,True,809862,8951808,,2363952,6,,2.9189565629699876
case_027,1,1,3,ablation2,no_sync,0.063,1.084,True,837049,3686400,,2363952,3,,2.8241500796249683
case_027,1,1,3,ablation2,no_localsearch,0.029,1.084,True,837049,3686400,,2363952,3,,2.8241500796249683
case_027,1,1,3,ablation2,no_level,0.077,0.461,True,844900,5529600,,2363952,16,,2.797907444668008
case_027,1,1,3,ablation2,no_level_no_comm,0.054,0.605,True,2280365,9043968,,2363952,9,,1.0366550968814203
case_027,1,1,3,ablation2,max_ops500,0.067,0.702,True,851228,4546560,,2363952,4,,2.7771078958868833
case_027,1,1,3,ablation2,lvl_alap,0.068,1.084,True,837049,3686400,,2363952,3,,2.8241500796249683
case_027,1,1,3,ablation2,lvl_compress,0.078,1.084,True,837049,3686400,,2363952,3,,2.8241500796249683
case_027,1,1,5,ablation2,full_c2,0.109,0.97,True,558753,5529600,,2363952,5,,4.230763861670542
case_027,1,1,5,ablation2,no_comm,0.118,0.997,True,518269,12871680,,2363952,10,,4.561245222075795
case_027,1,1,5,ablation2,no_sync,0.119,0.97,True,558753,5529600,,2363952,5,,4.230763861670542
case_027,1,1,5,ablation2,no_localsearch,0.028,0.97,True,558753,5529600,,2363952,5,,4.230763861670542
case_027,1,1,5,ablation2,no_level,0.101,0.7,True,565244,5529600,,2363952,16,,4.182179731231114
case_027,1,1,5,ablation2,no_level_no_comm,0.091,0.632,True,2298861,12552192,,2363952,15,,1.0283144565939393
case_027,1,1,5,ablation2,max_ops500,0.109,0.97,True,558753,5529600,,2363952,5,,4.230763861670542
case_027,1,1,5,ablation2,lvl_alap,0.11,0.97,True,558753,5529600,,2363952,5,,4.230763861670542
case_027,1,1,5,ablation2,lvl_compress,0.113,0.97,True,558753,5529600,,2363952,5,,4.230763861670542
case_029,1,1,2,ablation2,full_c2,0.017,0.229,True,19740,0,,37555,2,,1.9024822695035462
case_029,1,1,2,ablation2,no_comm,0.016,0.243,True,20082,57404,,37555,4,,1.870082661089533
case_029,1,1,2,ablation2,no_sync,0.017,0.229,True,19740,0,,37555,2,,1.9024822695035462
case_029,1,1,2,ablation2,no_localsearch,0.01,0.229,True,19740,0,,37555,2,,1.9024822695035462
case_029,1,1,2,ablation2,no_level,0.016,0.151,True,22105,0,,37555,21,,1.6989368921058583
case_029,1,1,2,ablation2,no_level_no_comm,0.017,0.171,True,42842,40996,,37555,6,,0.8765930628822184
case_029,1,1,2,ablation2,max_ops500,0.018,0.229,True,19740,0,,37555,2,,1.9024822695035462
case_029,1,1,2,ablation2,lvl_alap,0.018,0.229,True,19740,0,,37555,2,,1.9024822695035462
case_029,1,1,2,ablation2,lvl_compress,0.019,0.229,True,19740,0,,37555,2,,1.9024822695035462
case_029,1,1,3,ablation2,full_c2,0.024,0.217,True,12743,0,,37555,3,,2.9471082162756024
case_029,1,1,3,ablation2,no_comm,0.023,0.221,True,14689,84062,,37555,6,,2.556675062972292
case_029,1,1,3,ablation2,no_sync,0.025,0.217,True,12743,0,,37555,3,,2.9471082162756024
case_029,1,1,3,ablation2,no_localsearch,0.013,0.217,True,12743,0,,37555,3,,2.9471082162756024
case_029,1,1,3,ablation2,no_level,0.023,0.139,True,14831,0,,37555,21,,2.5321960757872026
case_029,1,1,3,ablation2,no_level_no_comm,0.025,0.148,True,46019,67658,,37555,9,,0.8160759686216563
case_029,1,1,3,ablation2,max_ops500,0.023,0.217,True,12743,0,,37555,3,,2.9471082162756024
case_029,1,1,3,ablation2,lvl_alap,0.023,0.217,True,12743,0,,37555,3,,2.9471082162756024
case_029,1,1,3,ablation2,lvl_compress,0.024,0.217,True,12743,0,,37555,3,,2.9471082162756024
case_016,1,1,4,ablation2,full_c2,1.52,4.585,True,7946324,58589780,,7715523,150,,0.9709549975561027
case_016,1,1,4,ablation2,no_comm,0.676,6.853,True,7737438,4915344,,7715523,12,,0.9971676671270258
case_016,1,1,4,ablation2,no_sync,0.682,8.745,True,8186419,119538880,,7715523,305,,0.9424783901239357
case_016,1,1,4,ablation2,no_localsearch,0.28,8.745,True,8186419,119538880,,7715523,305,,0.9424783901239357
case_016,1,1,4,ablation2,no_level,1.734,6.874,True,8046919,119538880,,7715523,305,,0.9588170329538548
case_016,1,1,4,ablation2,no_level_no_comm,0.641,6.853,True,7737438,4915344,,7715523,12,,0.9971676671270258
case_016,1,1,4,ablation2,max_ops500,1.683,4.585,True,7946324,58589780,,7715523,150,,0.9709549975561027
case_016,1,1,4,ablation2,lvl_alap,1.657,4.585,True,7946324,58589780,,7715523,150,,0.9709549975561027
case_016,1,1,4,ablation2,lvl_compress,1.635,4.585,True,7946324,58589780,,7715523,150,,0.9709549975561027
case_029,1,1,4,ablation2,full_c2,0.031,0.198,True,11028,0,,37555,4,,3.405422560754443
case_029,1,1,4,ablation2,no_comm,0.029,0.2,True,12322,131166,,37555,8,,3.047800681707515
case_029,1,1,4,ablation2,no_sync,0.03,0.198,True,11028,0,,37555,4,,3.405422560754443
case_029,1,1,4,ablation2,no_localsearch,0.009,0.198,True,11028,0,,37555,4,,3.405422560754443
case_029,1,1,4,ablation2,no_level,0.029,0.152,True,13395,0,,37555,21,,2.803658081373647
case_029,1,1,4,ablation2,no_level_no_comm,0.03,0.155,True,49294,116820,,37555,12,,0.7618574268673672
case_029,1,1,4,ablation2,max_ops500,0.033,0.198,True,11028,0,,37555,4,,3.405422560754443
case_029,1,1,4,ablation2,lvl_alap,0.035,0.198,True,11028,0,,37555,4,,3.405422560754443
case_029,1,1,4,ablation2,lvl_compress,0.041,0.198,True,11028,0,,37555,4,,3.405422560754443
case_029,1,1,5,ablation2,full_c2,0.04,0.173,True,9383,0,,37555,5,,4.002451241607162
case_029,1,1,5,ablation2,no_comm,0.13,0.162,True,10329,51248,,37555,9,,3.6358795623971343
case_029,1,1,5,ablation2,no_sync,0.038,0.173,True,9383,0,,37555,5,,4.002451241607162
case_029,1,1,5,ablation2,no_localsearch,0.01,0.173,True,9383,0,,37555,5,,4.002451241607162
case_029,1,1,5,ablation2,no_level,0.037,0.169,True,11787,0,,37555,21,,3.1861372698735897
case_029,1,1,5,ablation2,no_level_no_comm,0.12,0.161,True,43411,135278,,37555,15,,0.8651033148280389
case_029,1,1,5,ablation2,max_ops500,0.038,0.173,True,9383,0,,37555,5,,4.002451241607162
case_029,1,1,5,ablation2,lvl_alap,0.039,0.173,True,9383,0,,37555,5,,4.002451241607162
case_029,1,1,5,ablation2,lvl_compress,0.04,0.173,True,9383,0,,37555,5,,4.002451241607162
case_003,1,1,5,ablation2,full_c2,2.234,4.463,True,255664,4180698,,602212,76,,2.355482195381438
case_003,1,1,5,ablation2,no_comm,0.563,5.264,True,388217,3218994,,602212,37,,1.551225216824611
case_003,1,1,5,ablation2,no_sync,1.574,5.633,True,245306,4623384,,602212,88,,2.4549419908196293
case_003,1,1,5,ablation2,no_localsearch,0.257,5.973,True,230097,4935236,,602212,95,,2.6172092639191296
case_003,1,1,5,ablation2,no_level,2.208,12.321,True,303179,7073970,,602212,461,,1.986324910366483
case_003,1,1,5,ablation2,no_level_no_comm,0.592,4.544,True,623898,2152074,,602212,15,,0.965241113130672
case_003,1,1,5,ablation2,max_ops500,2.573,5.893,True,256554,4647730,,602212,82,,2.347310897510855
case_003,1,1,5,ablation2,lvl_alap,2.616,6.335,True,248378,5232368,,602212,80,,2.4245786663875224
case_003,1,1,5,ablation2,lvl_compress,2.426,6.335,True,248378,5232368,,602212,80,,2.4245786663875224
case_031,1,1,5,ablation2,full_c2,0.91,9.273,True,331986,8607274,,1414369,26,,4.2603272427150545
case_031,1,1,5,ablation2,no_comm,0.416,7.517,True,367664,6414890,,1414369,10,,3.8469064145524174
case_031,1,1,5,ablation2,no_sync,0.852,9.273,True,331986,8607274,,1414369,26,,4.2603272427150545
case_031,1,1,5,ablation2,no_localsearch,0.145,7.735,True,333561,8658098,,1414369,30,,4.240210935930759
case_031,1,1,5,ablation2,no_level,0.813,3.342,True,350435,13751370,,1414369,172,,4.036038066973904
case_031,1,1,5,ablation2,no_level_no_comm,0.317,2.466,True,1419524,8358118,,1414369,15,,0.9963685009904729
case_031,1,1,5,ablation2,max_ops500,0.87,4.166,True,330350,9867626,,1414369,31,,4.281425760556985
case_031,1,1,5,ablation2,lvl_alap,0.893,4.772,True,387353,19454568,,1414369,45,,3.651369680885394
case_031,1,1,5,ablation2,lvl_compress,1.008,4.772,True,387353,19454568,,1414369,45,,3.651369680885394
case_031,1,1,3,ablation2,full_c2,0.414,15.36,True,515219,4773888,,1414369,3,,2.745180204922567
case_031,1,1,3,ablation2,no_comm,0.194,18.312,True,479807,5288704,,1414369,6,,2.9477873394927543
case_031,1,1,3,ablation2,no_sync,0.416,15.36,True,515219,4773888,,1414369,3,,2.745180204922567
case_031,1,1,3,ablation2,no_localsearch,0.106,12.181,True,533227,4862976,,1414369,3,,2.652470711348075
case_031,1,1,3,ablation2,no_level,0.357,3.028,True,517836,9024000,,1414369,44,,2.7313068230096014
case_031,1,1,3,ablation2,no_level_no_comm,0.196,3.405,True,1413092,6885632,,1414369,9,,1.0009036920455285
case_031,1,1,3,ablation2,max_ops500,0.408,3.334,True,516648,7090548,,1414369,13,,2.7375872934764094
case_031,1,1,3,ablation2,lvl_alap,0.529,15.36,True,515219,4773888,,1414369,3,,2.745180204922567
case_031,1,1,3,ablation2,lvl_compress,0.43,15.36,True,515219,4773888,,1414369,3,,2.745180204922567
case_032,1,1,2,ablation2,full_c2,0.046,0.593,True,28956,114844,,41443,4,,1.4312405028318829
case_032,1,1,2,ablation2,no_comm,0.018,0.207,True,24806,135282,,41443,6,,1.6706845118116584
case_032,1,1,2,ablation2,no_sync,0.043,0.287,True,28265,147544,,41443,5,,1.466230320183973
case_032,1,1,2,ablation2,no_localsearch,0.023,0.319,True,26716,153760,,41443,5,,1.5512427010031442
case_032,1,1,2,ablation2,no_level,0.039,0.28,True,31567,342360,,41443,67,,1.3128583647479963
case_032,1,1,2,ablation2,no_level_no_comm,0.015,0.204,True,46811,135290,,41443,6,,0.8853260985665762
case_032,1,1,2,ablation2,max_ops500,0.036,0.593,True,28956,114844,,41443,4,,1.4312405028318829
case_032,1,1,2,ablation2,lvl_alap,0.035,0.206,True,21082,260264,,41443,4,,1.965800208708851
case_032,1,1,2,ablation2,lvl_compress,0.037,0.206,True,21082,260264,,41443,4,,1.965800208708851
case_032,1,1,3,ablation2,full_c2,0.061,0.202,True,21434,204996,,41443,7,,1.9335168423999254
case_032,1,1,3,ablation2,no_comm,0.058,0.232,True,20200,149596,,41443,7,,2.051633663366337
case_032,1,1,3,ablation2,no_sync,0.053,0.202,True,21434,204996,,41443,7,,1.9335168423999254
case_032,1,1,3,ablation2,no_localsearch,0.021,0.231,True,21434,205068,,41443,7,,1.9335168423999254
case_032,1,1,3,ablation2,no_level,0.051,0.216,True,27764,342360,,41443,67,,1.4926883734332228
case_032,1,1,3,ablation2,no_level_no_comm,0.049,0.216,True,48488,196724,,41443,9,,0.8547063190892592
case_032,1,1,3,ablation2,max_ops500,0.053,0.202,True,21434,204996,,41443,7,,1.9335168423999254
case_032,1,1,3,ablation2,lvl_alap,0.053,0.21,True,16407,462204,,41443,9,,2.5259340525385507
case_032,1,1,3,ablation2,lvl_compress,0.053,0.21,True,16407,462204,,41443,9,,2.5259340525385507
case_032,1,1,4,ablation2,full_c2,0.113,0.227,True,21189,221392,,41443,9,,1.9558733305016753
case_032,1,1,4,ablation2,no_comm,0.069,0.25,True,18048,244034,,41443,11,,2.2962655141843973
case_032,1,1,4,ablation2,no_sync,0.107,0.227,True,21189,221392,,41443,9,,1.9558733305016753
case_032,1,1,4,ablation2,no_localsearch,0.02,0.218,True,18191,248104,,41443,9,,2.2782145016766533
case_032,1,1,4,ablation2,no_level,0.113,0.27,True,21784,342360,,41443,67,,1.9024513404333456
case_032,1,1,4,ablation2,no_level_no_comm,0.068,0.173,True,51573,250158,,41443,12,,0.8035793923176856
case_032,1,1,4,ablation2,max_ops500,0.13,0.227,True,21189,221392,,41443,9,,1.9558733305016753
case_032,1,1,4,ablation2,lvl_alap,0.113,0.241,True,15142,434548,,41443,12,,2.736956808875974
case_032,1,1,4,ablation2,lvl_compress,0.102,0.241,True,15142,434548,,41443,12,,2.736956808875974
case_031,1,1,2,ablation2,full_c2,0.228,19.327,True,711725,4032000,,1414369,2,,1.9872408584776424
case_031,1,1,2,ablation2,no_comm,0.187,18.059,True,714583,4856832,,1414369,4,,1.9792928183290115
case_031,1,1,2,ablation2,no_sync,0.247,19.327,True,711725,4032000,,1414369,2,,1.9872408584776424
case_031,1,1,2,ablation2,no_localsearch,0.192,15.149,True,731099,4114944,,1414369,2,,1.9345793114202043
case_031,1,1,2,ablation2,no_level,0.246,3.422,True,716051,9024000,,1414369,44,,1.975235004210594
case_031,1,1,2,ablation2,no_level_no_comm,0.201,4.346,True,1411127,5876736,,1414369,6,,1.0022974544459853
case_031,1,1,2,ablation2,max_ops500,0.338,2.912,True,709364,7117602,,1414369,14,,1.9938550588978297
case_031,1,1,2,ablation2,lvl_alap,0.278,19.327,True,711725,4032000,,1414369,2,,1.9872408584776424
case_031,1,1,2,ablation2,lvl_compress,0.26,19.327,True,711725,4032000,,1414369,2,,1.9872408584776424
case_032,1,1,5,ablation2,full_c2,0.114,0.232,True,15864,177266,,41443,12,,2.612392839132627
case_032,1,1,5,ablation2,no_comm,0.085,0.215,True,20185,157826,,41443,9,,2.0531582858558335
case_032,1,1,5,ablation2,no_sync,0.102,0.252,True,19732,160908,,41443,12,,2.100293938779647
case_032,1,1,5,ablation2,no_localsearch,0.018,0.265,True,21717,517550,,41443,17,,1.9083206704425104
case_032,1,1,5,ablation2,no_level,0.144,0.593,True,24139,436650,,41443,89,,1.7168482538630432
case_032,1,1,5,ablation2,no_level_no_comm,0.102,0.199,True,47770,307380,,41443,15,,0.8675528574419091
case_032,1,1,5,ablation2,max_ops500,0.117,0.232,True,15864,177266,,41443,12,,2.612392839132627
case_032,1,1,5,ablation2,lvl_alap,0.135,0.261,True,16768,547512,,41443,15,,2.471552958015267
case_032,1,1,5,ablation2,lvl_compress,0.196,0.261,True,16768,547512,,41443,15,,2.471552958015267
case_031,1,1,4,ablation2,full_c2,0.583,16.489,True,391218,7888896,,1414369,4,,3.6152963309459176
case_031,1,1,4,ablation2,no_comm,0.253,16.557,True,361150,5528576,,1414369,8,,3.9162923992800773
case_031,1,1,4,ablation2,no_sync,0.611,16.489,True,391218,7888896,,1414369,4,,3.6152963309459176
case_031,1,1,4,ablation2,no_localsearch,0.187,14.146,True,426625,7991808,,1414369,4,,3.315251098740111
case_031,1,1,4,ablation2,no_level,0.551,3.981,True,400938,13281792,,1414369,107,,3.527650160373923
case_031,1,1,4,ablation2,no_level_no_comm,0.317,3.38,True,1416216,7706624,,1414369,12,,0.9986958204115757
case_031,1,1,4,ablation2,max_ops500,0.759,5.209,True,386075,9838520,,1414369,16,,3.6634565822702845
case_031,1,1,4,ablation2,lvl_alap,0.689,16.489,True,391218,7888896,,1414369,4,,3.6152963309459176
case_031,1,1,4,ablation2,lvl_compress,0.712,16.489,True,391218,7888896,,1414369,4,,3.6152963309459176
case_033,1,1,3,ablation2,full_c2,0.259,5.339,True,589568,7086144,,1774196,3,,3.009315295267043
case_033,1,1,3,ablation2,no_comm,0.13,5.7,True,596246,6256128,,1774196,6,,2.975610737849814
case_033,1,1,3,ablation2,no_sync,0.287,5.339,True,589568,7086144,,1774196,3,,3.009315295267043
case_033,1,1,3,ablation2,no_localsearch,0.09,6.225,True,618249,7299648,,1774196,3,,2.869711071105655
case_033,1,1,3,ablation2,no_level,0.303,1.349,True,614142,12770976,,1774196,92,,2.888901915192252
case_033,1,1,3,ablation2,no_level_no_comm,0.147,1.452,True,1763498,7817728,,1774196,9,,1.00606635221588
case_033,1,1,3,ablation2,max_ops500,0.226,2.594,True,589721,8128064,,1774196,9,,3.0085345443014577
case_033,1,1,3,ablation2,lvl_alap,0.267,5.339,True,589568,7086144,,1774196,3,,3.009315295267043
case_033,1,1,3,ablation2,lvl_compress,0.256,5.339,True,589568,7086144,,1774196,3,,3.009315295267043
case_033,1,1,4,ablation2,full_c2,0.447,5.413,True,446802,7344224,,1774196,4,,3.9708774804051905
case_033,1,1,4,ablation2,no_comm,0.174,5.64,True,450016,7090192,,1774196,8,,3.9425175993742445
case_033,1,1,4,ablation2,no_sync,0.395,5.413,True,446802,7344224,,1774196,4,,3.9708774804051905
case_033,1,1,4,ablation2,no_localsearch,0.08,5.492,True,472092,7654496,,1774196,4,,3.7581573083212594
case_033,1,1,4,ablation2,no_level,0.361,1.416,True,464424,12770976,,1774196,92,,3.820207396689232
case_033,1,1,4,ablation2,no_level_no_comm,0.166,1.233,True,1763309,8821264,,1774196,12,,1.0061741872808452
case_033,1,1,4,ablation2,max_ops500,0.548,2.754,True,447381,8638560,,1774196,8,,3.965738375120982
case_033,1,1,4,ablation2,lvl_alap,0.336,5.413,True,446802,7344224,,1774196,4,,3.9708774804051905
case_033,1,1,4,ablation2,lvl_compress,0.352,5.413,True,446802,7344224,,1774196,4,,3.9708774804051905
case_033,1,1,2,ablation2,full_c2,0.181,6.462,True,894566,6224928,,1774196,2,,1.9833036355059326
case_033,1,1,2,ablation2,no_comm,0.09,7.289,True,895041,5928960,,1774196,4,,1.9822510924080572
case_033,1,1,2,ablation2,no_sync,0.196,6.462,True,894566,6224928,,1774196,2,,1.9833036355059326
case_033,1,1,2,ablation2,no_localsearch,0.172,6.91,True,903581,6231072,,1774196,2,,1.9635162757959719
case_033,1,1,2,ablation2,no_level,0.141,1.687,True,911269,12770976,,1774196,92,,1.9469509003378804
case_033,1,1,2,ablation2,no_level_no_comm,0.071,1.635,True,1764841,6695424,,1774196,6,,1.005300760805081
case_033,1,1,2,ablation2,max_ops500,0.18,1.908,True,881425,7661600,,1774196,8,,2.012872337408174
case_033,1,1,2,ablation2,lvl_alap,0.167,6.462,True,894566,6224928,,1774196,2,,1.9833036355059326
case_033,1,1,2,ablation2,lvl_compress,0.159,6.462,True,894566,6224928,,1774196,2,,1.9833036355059326
case_033,1,1,5,ablation2,full_c2,0.504,5.429,True,357201,8111232,,1774196,5,,4.966940182138348
case_033,1,1,5,ablation2,no_comm,0.247,5.741,True,364537,8182292,,1774196,10,,4.866984695655036
case_033,1,1,5,ablation2,no_sync,0.563,5.429,True,357201,8111232,,1774196,5,,4.966940182138348
case_033,1,1,5,ablation2,no_localsearch,0.072,5.61,True,364249,8277120,,1774196,5,,4.870832864331817
case_033,1,1,5,ablation2,no_level,0.421,1.913,True,379586,12770976,,1774196,92,,4.674029073780382
case_033,1,1,5,ablation2,no_level_no_comm,0.206,1.339,True,1767036,9808916,,1774196,15,,1.0040519830948549
case_033,1,1,5,ablation2,max_ops500,0.476,2.983,True,358094,8516736,,1774196,10,,4.954553832233994
case_033,1,1,5,ablation2,lvl_alap,0.461,5.429,True,357201,8111232,,1774196,5,,4.966940182138348
case_033,1,1,5,ablation2,lvl_compress,0.459,5.429,True,357201,8111232,,1774196,5,,4.966940182138348
case_034,1,1,4,ablation2,full_c2,0.466,5.315,True,225165,3101184,,842996,4,,3.7439033597583995
case_034,1,1,4,ablation2,no_comm,0.371,4.349,True,283023,2920728,,842996,8,,2.9785423799479194
case_034,1,1,4,ablation2,no_sync,0.494,5.315,True,225165,3101184,,842996,4,,3.7439033597583995
case_034,1,1,4,ablation2,no_localsearch,0.079,3.777,True,218066,3101184,,842996,4,,3.8657837535425057
case_034,1,1,4,ablation2,no_level,0.45,2.084,True,248253,6690304,,842996,155,,3.395713244150121
case_034,1,1,4,ablation2,no_level_no_comm,0.436,1.556,True,849446,4288320,,842996,12,,0.992406815736374
case_034,1,1,4,ablation2,max_ops500,0.502,2.886,True,229688,3213824,,842996,9,,3.6701786771620633
case_034,1,1,4,ablation2,lvl_alap,0.554,5.315,True,225165,3101184,,842996,4,,3.7439033597583995
case_034,1,1,4,ablation2,lvl_compress,0.549,5.315,True,225165,3101184,,842996,4,,3.7439033597583995
case_034,1,1,5,ablation2,full_c2,0.409,4.669,True,180411,3532800,,842996,5,,4.672641912078531
case_034,1,1,5,ablation2,no_comm,0.198,4.61,True,197524,3489366,,842996,11,,4.267815556590591
case_034,1,1,5,ablation2,no_sync,0.309,4.669,True,180411,3532800,,842996,5,,4.672641912078531
case_034,1,1,5,ablation2,no_localsearch,0.16,4.669,True,180411,3532800,,842996,5,,4.672641912078531
case_034,1,1,5,ablation2,no_level,0.327,1.84,True,199950,6690304,,842996,155,,4.216034008502126
case_034,1,1,5,ablation2,no_level_no_comm,0.207,1.324,True,847422,4918864,,842996,15,,0.994777100429302
case_034,1,1,5,ablation2,max_ops500,0.281,3.302,True,181734,4012032,,842996,10,,4.638625683691549
case_034,1,1,5,ablation2,lvl_alap,0.313,4.669,True,180411,3532800,,842996,5,,4.672641912078531
case_034,1,1,5,ablation2,lvl_compress,0.298,4.669,True,180411,3532800,,842996,5,,4.672641912078531
case_025,1,1,5,ablation2,full_c2,0.709,51.986,True,975282,110592,,4863026,5,,4.986276789687495
case_025,1,1,5,ablation2,no_comm,0.939,46.648,True,977538,262656,,4863026,9,,4.9747692672816815
case_025,1,1,5,ablation2,no_sync,0.484,51.986,True,975282,110592,,4863026,5,,4.986276789687495
case_025,1,1,5,ablation2,no_localsearch,0.46,51.986,True,975282,110592,,4863026,5,,4.986276789687495
case_025,1,1,5,ablation2,no_level,0.995,107.666,True,1757768,73681920,,4863026,2666,,2.7665914955784836
case_025,1,1,5,ablation2,no_level_no_comm,1.009,19.911,True,2276918,488448,,4863026,15,,2.135793208187559
case_025,1,1,5,ablation2,max_ops500,0.855,7.569,True,986756,1416192,,4863026,40,,4.928296356951465
case_025,1,1,5,ablation2,lvl_alap,0.945,51.986,True,975282,110592,,4863026,5,,4.986276789687495
case_025,1,1,5,ablation2,lvl_compress,1.07,51.986,True,975282,110592,,4863026,5,,4.986276789687495
case_034,1,1,3,ablation2,full_c2,0.246,5.417,True,278567,2647040,,842996,3,,3.026187595802805
case_034,1,1,3,ablation2,no_comm,0.106,4.11,True,308156,2381880,,842996,6,,2.7356144290554134
case_034,1,1,3,ablation2,no_sync,0.33,5.417,True,278567,2647040,,842996,3,,3.026187595802805
case_034,1,1,3,ablation2,no_localsearch,0.09,5.064,True,288182,2647040,,842996,3,,2.925220867368538
case_034,1,1,3,ablation2,no_level,0.266,1.76,True,305165,6690304,,842996,155,,2.7624268838169517
case_034,1,1,3,ablation2,no_level_no_comm,0.116,1.575,True,848200,3890232,,842996,9,,0.9938646545626032
case_034,1,1,3,ablation2,max_ops500,0.29,2.661,True,277504,3349000,,842996,9,,3.037779635608856
case_034,1,1,3,ablation2,lvl_alap,0.275,5.417,True,278567,2647040,,842996,3,,3.026187595802805
case_034,1,1,3,ablation2,lvl_compress,0.376,5.417,True,278567,2647040,,842996,3,,3.026187595802805
case_034,1,1,2,ablation2,full_c2,0.161,6.113,True,418733,1864192,,842996,2,,2.013206506293987
case_034,1,1,2,ablation2,no_comm,0.074,5.644,True,422996,1871384,,842996,4,,1.992917190706295
case_034,1,1,2,ablation2,no_sync,0.299,6.113,True,418733,1864192,,842996,2,,2.013206506293987
case_034,1,1,2,ablation2,no_localsearch,0.088,6.121,True,426258,1864192,,842996,2,,1.9776661083193747
case_034,1,1,2,ablation2,no_level,0.188,1.644,True,455264,6690304,,842996,155,,1.8516640894074647
case_034,1,1,2,ablation2,no_level_no_comm,0.079,1.871,True,843938,3284504,,842996,6,,0.9988838042605025
case_034,1,1,2,ablation2,max_ops500,0.223,1.919,True,405655,2611208,,842996,8,,2.078110709839642
case_034,1,1,2,ablation2,lvl_alap,0.178,6.113,True,418733,1864192,,842996,2,,2.013206506293987
case_034,1,1,2,ablation2,lvl_compress,0.295,6.113,True,418733,1864192,,842996,2,,2.013206506293987
case_035,1,1,2,ablation2,full_c2,0.266,1.22,True,152418,888436,,169571,50,,1.112539201406658
case_035,1,1,2,ablation2,no_comm,0.103,1.767,True,136752,278130,,169571,6,,1.2399891774891776
case_035,1,1,2,ablation2,no_sync,0.189,1.22,True,152418,888436,,169571,50,,1.112539201406658
case_035,1,1,2,ablation2,no_localsearch,0.099,1.052,True,143578,893044,,169571,50,,1.1810374848514396
case_035,1,1,2,ablation2,no_level,0.228,1.86,True,195613,1205042,,169571,275,,0.8668697888177166
case_035,1,1,2,ablation2,no_level_no_comm,0.073,1.18,True,175966,266510,,169571,6,,0.96365775206574
case_035,1,1,2,ablation2,max_ops500,0.304,1.361,True,152560,892662,,169571,51,,1.1115036706869428
case_035,1,1,2,ablation2,lvl_alap,0.226,1.039,True,133256,1661360,,169571,50,,1.272520561925917
case_035,1,1,2,ablation2,lvl_compress,0.239,1.039,True,133256,1661360,,169571,50,,1.272520561925917
case_035,1,1,3,ablation2,full_c2,0.413,1.173,True,115457,1067668,,169571,74,,1.4686939726478256
case_035,1,1,3,ablation2,no_comm,0.189,1.456,True,126167,355566,,169571,10,,1.3440202271592414
case_035,1,1,3,ablation2,no_sync,0.25,1.173,True,115457,1067668,,169571,74,,1.4686939726478256
case_035,1,1,3,ablation2,no_localsearch,0.113,1.373,True,108023,1079672,,169571,75,,1.5697675495033465
case_035,1,1,3,ablation2,no_level,0.383,2.356,True,151701,1205042,,169571,275,,1.1177975095747557
case_035,1,1,3,ablation2,no_level_no_comm,0.106,1.005,True,181341,352622,,169571,9,,0.9350946559244738
case_035,1,1,3,ablation2,max_ops500,0.343,1.173,True,115457,1067668,,169571,74,,1.4686939726478256
case_035,1,1,3,ablation2,lvl_alap,0.423,1.237,True,107521,1790526,,169571,75,,1.5770965671822248
case_035,1,1,3,ablation2,lvl_compress,0.337,1.237,True,107521,1790526,,169571,75,,1.5770965671822248
case_035,1,1,4,ablation2,full_c2,0.769,1.288,True,115295,1071056,,169571,85,,1.4707576217528948
case_035,1,1,4,ablation2,no_comm,0.158,1.325,True,121831,549844,,169571,14,,1.3918542899590416
case_035,1,1,4,ablation2,no_sync,0.467,1.288,True,115295,1071056,,169571,85,,1.4707576217528948
case_035,1,1,4,ablation2,no_localsearch,0.091,0.991,True,115156,1076530,,169571,85,,1.4725329118760637
case_035,1,1,4,ablation2,no_level,0.677,2.088,True,137027,1205042,,169571,275,,1.2375006385602838
case_035,1,1,4,ablation2,no_level_no_comm,0.271,1.06,True,185306,531100,,169571,12,,0.9150863976341834
case_035,1,1,4,ablation2,max_ops500,0.664,1.288,True,115295,1071056,,169571,85,,1.4707576217528948
case_035,1,1,4,ablation2,lvl_alap,0.655,1.288,True,105203,1731896,,169571,100,,1.6118456698002908
case_035,1,1,4,ablation2,lvl_compress,0.675,1.288,True,105203,1731896,,169571,100,,1.6118456698002908
case_036,1,1,2,ablation2,full_c2,0.078,1.55,True,466068,1152,,931510,2,,1.998656848356892
case_036,1,1,2,ablation2,no_comm,0.046,1.917,True,469872,62592,,931510,4,,1.9824760785916165
case_036,1,1,2,ablation2,no_sync,0.143,1.55,True,466068,1152,,931510,2,,1.998656848356892
case_036,1,1,2,ablation2,no_localsearch,0.047,1.55,True,466068,1152,,931510,2,,1.998656848356892
case_036,1,1,2,ablation2,no_level,0.078,4.02,True,692700,920448,,931510,800,,1.3447524180742023
case_036,1,1,2,ablation2,no_level_no_comm,0.039,0.898,True,937452,67200,,931510,6,,0.9936615421376241
case_036,1,1,2,ablation2,max_ops500,0.067,0.942,True,467128,54912,,931510,6,,1.994121525577572
case_036,1,1,2,ablation2,lvl_alap,0.084,1.55,True,466068,1152,,931510,2,,1.998656848356892
case_036,1,1,2,ablation2,lvl_compress,0.087,1.55,True,466068,1152,,931510,2,,1.998656848356892
case_037,1,1,2,ablation2,full_c2,0.03,0.191,True,105374,204800,,210001,2,,1.992910964754114
case_037,1,1,2,ablation2,no_comm,0.018,0.327,True,108588,737280,,210001,4,,1.9339245588831178
case_037,1,1,2,ablation2,no_sync,0.029,0.191,True,105374,204800,,210001,2,,1.992910964754114
case_037,1,1,2,ablation2,no_localsearch,0.017,0.191,True,105374,204800,,210001,2,,1.992910964754114
case_037,1,1,2,ablation2,no_level,0.026,0.209,True,111440,1925120,,210001,20,,1.8844310839913856
case_037,1,1,2,ablation2,no_level_no_comm,0.016,0.203,True,215866,1638400,,210001,6,,0.972830366986927
case_037,1,1,2,ablation2,max_ops500,0.024,0.191,True,105374,204800,,210001,2,,1.992910964754114
case_037,1,1,2,ablation2,lvl_alap,0.025,0.191,True,105374,204800,,210001,2,,1.992910964754114
case_037,1,1,2,ablation2,lvl_compress,0.026,0.191,True,105374,204800,,210001,2,,1.992910964754114
case_037,1,1,3,ablation2,full_c2,0.039,0.244,True,74038,1064960,,210001,3,,2.836394824279424
case_037,1,1,3,ablation2,no_comm,0.026,0.243,True,74913,1286144,,210001,6,,2.803265120873547
case_037,1,1,3,ablation2,no_sync,0.035,0.244,True,74038,1064960,,210001,3,,2.836394824279424
case_037,1,1,3,ablation2,no_localsearch,0.017,0.244,True,74038,1064960,,210001,3,,2.836394824279424
case_037,1,1,3,ablation2,no_level,0.114,0.196,True,79016,1925120,,210001,20,,2.6577022375215145
case_037,1,1,3,ablation2,no_level_no_comm,0.029,0.211,True,219537,1818624,,210001,9,,0.9565631305884658
case_037,1,1,3,ablation2,max_ops500,0.036,0.244,True,74038,1064960,,210001,3,,2.836394824279424
case_037,1,1,3,ablation2,lvl_alap,0.043,0.244,True,74038,1064960,,210001,3,,2.836394824279424
case_037,1,1,3,ablation2,lvl_compress,0.04,0.244,True,74038,1064960,,210001,3,,2.836394824279424
case_036,1,1,3,ablation2,full_c2,0.105,1.21,True,311345,2304,,931510,3,,2.991890025534375
case_036,1,1,3,ablation2,no_comm,0.069,1.234,True,313511,100608,,931510,6,,2.9712195106391803
case_036,1,1,3,ablation2,no_sync,0.06,1.21,True,311345,2304,,931510,3,,2.991890025534375
case_036,1,1,3,ablation2,no_localsearch,0.127,1.21,True,311345,2304,,931510,3,,2.991890025534375
case_036,1,1,3,ablation2,no_level,0.121,4.009,True,504372,920448,,931510,800,,1.8468709603229363
case_036,1,1,3,ablation2,no_level_no_comm,0.058,0.813,True,941002,107520,,931510,9,,0.9899128801001486
case_036,1,1,3,ablation2,max_ops500,0.1,0.877,True,312133,42624,,931510,6,,2.984336805143961
case_036,1,1,3,ablation2,lvl_alap,0.11,1.21,True,311345,2304,,931510,3,,2.991890025534375
case_036,1,1,3,ablation2,lvl_compress,0.11,1.21,True,311345,2304,,931510,3,,2.991890025534375
case_037,1,1,4,ablation2,full_c2,0.047,0.183,True,53320,614400,,210001,4,,3.938503375843961
case_037,1,1,4,ablation2,no_comm,0.038,0.259,True,58553,1822720,,210001,8,,3.5865113657711816
case_037,1,1,4,ablation2,no_sync,0.059,0.183,True,53320,614400,,210001,4,,3.938503375843961
case_037,1,1,4,ablation2,no_localsearch,0.021,0.183,True,53320,614400,,210001,4,,3.938503375843961
case_037,1,1,4,ablation2,no_level,0.046,0.189,True,57400,1925120,,210001,20,,3.6585540069686413
case_037,1,1,4,ablation2,no_level_no_comm,0.053,0.256,True,223056,1978368,,210001,12,,0.9414720966932071
case_037,1,1,4,ablation2,max_ops500,0.06,0.183,True,53320,614400,,210001,4,,3.938503375843961
case_037,1,1,4,ablation2,lvl_alap,0.058,0.183,True,53320,614400,,210001,4,,3.938503375843961
case_037,1,1,4,ablation2,lvl_compress,0.051,0.183,True,53320,614400,,210001,4,,3.938503375843961
case_025,1,1,4,ablation2,full_c2,0.75,73.242,True,1217444,82944,,4863026,4,,3.9944555971362954
case_025,1,1,4,ablation2,no_comm,0.759,65.784,True,1220650,230400,,4863026,8,,3.983964281325523
case_025,1,1,4,ablation2,no_sync,0.491,73.242,True,1217444,82944,,4863026,4,,3.9944555971362954
case_025,1,1,4,ablation2,no_localsearch,0.307,73.242,True,1217444,82944,,4863026,4,,3.9944555971362954
case_025,1,1,4,ablation2,no_level,0.647,59.97,True,1875064,73681920,,4863026,2666,,2.5935253410016936
case_025,1,1,4,ablation2,no_level_no_comm,0.724,12.664,True,4878866,400896,,4863026,12,,0.9967533439122944
case_025,1,1,4,ablation2,max_ops500,0.81,7.395,True,1227696,1446912,,4863026,40,,3.9610994904275976
case_025,1,1,4,ablation2,lvl_alap,0.621,73.242,True,1217444,82944,,4863026,4,,3.9944555971362954
case_025,1,1,4,ablation2,lvl_compress,0.852,73.242,True,1217444,82944,,4863026,4,,3.9944555971362954
case_036,1,1,5,ablation2,full_c2,0.197,0.898,True,187182,4608,,931510,5,,4.976493466252097
case_036,1,1,5,ablation2,no_comm,0.107,1.074,True,192849,176640,,931510,10,,4.83025579598546
case_036,1,1,5,ablation2,no_sync,0.072,0.898,True,187182,4608,,931510,5,,4.976493466252097
case_036,1,1,5,ablation2,no_localsearch,0.039,0.898,True,187182,4608,,931510,5,,4.976493466252097
case_036,1,1,5,ablation2,no_level,0.167,3.86,True,352860,920448,,931510,800,,2.6398855069999434
case_036,1,1,5,ablation2,no_level_no_comm,0.097,0.878,True,947874,188160,,931510,15,,0.9827361020557585
case_036,1,1,5,ablation2,max_ops500,0.185,0.898,True,187182,4608,,931510,5,,4.976493466252097
case_036,1,1,5,ablation2,lvl_alap,0.18,0.898,True,187182,4608,,931510,5,,4.976493466252097
case_036,1,1,5,ablation2,lvl_compress,0.18,0.898,True,187182,4608,,931510,5,,4.976493466252097
case_037,1,1,5,ablation2,full_c2,0.08,0.255,True,43800,1925120,,210001,5,,4.794543378995434
case_037,1,1,5,ablation2,no_comm,0.053,0.355,True,51200,2301952,,210001,10,,4.10158203125
case_037,1,1,5,ablation2,no_sync,0.16,0.255,True,43800,1925120,,210001,5,,4.794543378995434
case_037,1,1,5,ablation2,no_localsearch,0.015,0.255,True,43800,1925120,,210001,5,,4.794543378995434
case_037,1,1,5,ablation2,no_level,0.067,0.183,True,46592,1925120,,210001,20,,4.507233001373627
case_037,1,1,5,ablation2,no_level_no_comm,0.05,0.226,True,226499,2166784,,210001,15,,0.9271608263171139
case_037,1,1,5,ablation2,max_ops500,0.057,0.255,True,43800,1925120,,210001,5,,4.794543378995434
case_037,1,1,5,ablation2,lvl_alap,0.065,0.255,True,43800,1925120,,210001,5,,4.794543378995434
case_037,1,1,5,ablation2,lvl_compress,0.064,0.255,True,43800,1925120,,210001,5,,4.794543378995434
case_036,1,1,4,ablation2,full_c2,0.125,0.831,True,233584,3456,,931510,4,,3.987901568600589
case_036,1,1,4,ablation2,no_comm,0.083,1.089,True,237466,138624,,931510,8,,3.9227089351738775
case_036,1,1,4,ablation2,no_sync,0.069,0.831,True,233584,3456,,931510,4,,3.987901568600589
case_036,1,1,4,ablation2,no_localsearch,0.041,0.831,True,233584,3456,,931510,4,,3.987901568600589
case_036,1,1,4,ablation2,no_level,0.14,4.143,True,409500,920448,,931510,800,,2.2747496947496946
case_036,1,1,4,ablation2,no_level_no_comm,0.155,0.671,True,944400,147840,,931510,12,,0.9863511224057603
case_036,1,1,4,ablation2,max_ops500,0.139,1.083,True,234668,57216,,931510,8,,3.9694802870438237
case_036,1,1,4,ablation2,lvl_alap,0.151,0.831,True,233584,3456,,931510,4,,3.987901568600589
case_036,1,1,4,ablation2,lvl_compress,0.171,0.831,True,233584,3456,,931510,4,,3.987901568600589
case_035,1,1,5,ablation2,full_c2,0.646,1.922,True,92181,1174610,,169571,90,,1.8395439407253122
case_035,1,1,5,ablation2,no_comm,0.53,1.349,True,120064,491050,,169571,18,,1.412338419509595
case_035,1,1,5,ablation2,no_sync,0.443,1.424,True,98367,1317358,,169571,108,,1.7238606443217745
case_035,1,1,5,ablation2,no_localsearch,0.088,1.485,True,94047,1402734,,169571,118,,1.8030452858677044
case_035,1,1,5,ablation2,no_level,0.592,1.722,True,123498,1205042,,169571,275,,1.3730667703120698
case_035,1,1,5,ablation2,no_level_no_comm,0.443,0.988,True,186311,565934,,169571,15,,0.9101502326754727
case_035,1,1,5,ablation2,max_ops500,0.663,1.922,True,92181,1174610,,169571,90,,1.8395439407253122
case_035,1,1,5,ablation2,lvl_alap,0.752,1.451,True,89476,1821886,,169571,100,,1.8951562430148867
case_035,1,1,5,ablation2,lvl_compress,0.679,1.451,True,89476,1821886,,169571,100,,1.8951562430148867
case_028,1,1,5,ablation2,full_c2,1.138,76.81,True,11491035,277818912,,43836040,5,,3.814803453300769
case_028,1,1,5,ablation2,no_comm,0.852,77.584,True,11590840,277894632,,43836040,10,,3.7819554061655585
case_028,1,1,5,ablation2,no_sync,1.389,76.81,True,11491035,277818912,,43836040,5,,3.814803453300769
case_028,1,1,5,ablation2,no_localsearch,0.268,76.81,True,11491035,277818912,,43836040,5,,3.814803453300769
case_028,1,1,5,ablation2,no_level,1.316,8.453,True,10194624,326568960,,43836040,153,,4.299917289740161
case_028,1,1,5,ablation2,no_level_no_comm,0.965,12.883,True,43818192,280080144,,43836040,15,,1.0004073194074279
case_028,1,1,5,ablation2,max_ops500,1.21,7.43,True,11965495,277625712,,43836040,40,,3.663537530206648
case_028,1,1,5,ablation2,lvl_alap,1.258,76.81,True,11491035,277818912,,43836040,5,,3.814803453300769
case_028,1,1,5,ablation2,lvl_compress,1.306,76.81,True,11491035,277818912,,43836040,5,,3.814803453300769
case_039,1,1,3,ablation2,full_c2,0.217,7.487,True,597577,7991296,,1435262,3,,2.4018026128850343
case_039,1,1,3,ablation2,no_comm,0.158,13.671,True,479352,11612160,,1435262,6,,2.9941712979188573
case_039,1,1,3,ablation2,no_sync,0.197,7.487,True,597577,7991296,,1435262,3,,2.4018026128850343
case_039,1,1,3,ablation2,no_localsearch,0.181,7.487,True,597577,7991296,,1435262,3,,2.4018026128850343
case_039,1,1,3,ablation2,no_level,0.192,2.2,True,565758,9805824,,1435262,10,,2.53688326104094
case_039,1,1,3,ablation2,no_level_no_comm,0.163,2.635,True,1388469,11411456,,1435262,9,,1.033701148531224
case_039,1,1,3,ablation2,max_ops500,0.206,2.245,True,575418,12115968,,1435262,13,,2.4942945823731617
case_039,1,1,3,ablation2,lvl_alap,0.215,7.487,True,597577,7991296,,1435262,3,,2.4018026128850343
case_039,1,1,3,ablation2,lvl_compress,0.32,7.487,True,597577,7991296,,1435262,3,,2.4018026128850343
case_039,1,1,2,ablation2,full_c2,0.155,10.428,True,735952,7954432,,1435262,2,,1.9502114268321846
case_039,1,1,2,ablation2,no_comm,0.105,18.014,True,714175,10567680,,1435262,4,,2.009678300136521
case_039,1,1,2,ablation2,no_sync,0.24,10.428,True,735952,7954432,,1435262,2,,1.9502114268321846
case_039,1,1,2,ablation2,no_localsearch,0.096,10.428,True,735952,7954432,,1435262,2,,1.9502114268321846
case_039,1,1,2,ablation2,no_level,0.13,2.217,True,692660,9805824,,1435262,10,,2.0721017526636447
case_039,1,1,2,ablation2,no_level_no_comm,0.1,2.98,True,1412145,10125312,,1435262,6,,1.0163701319623692
case_039,1,1,2,ablation2,max_ops500,0.148,2.31,True,693044,12476416,,1435262,12,,2.0709536479646315
case_039,1,1,2,ablation2,lvl_alap,0.161,10.428,True,735952,7954432,,1435262,2,,1.9502114268321846
case_039,1,1,2,ablation2,lvl_compress,0.235,10.428,True,735952,7954432,,1435262,2,,1.9502114268321846
case_040,1,1,2,ablation2,full_c2,0.169,0.981,True,235353,1295532,,253454,14,,1.0769100032716812
case_040,1,1,2,ablation2,no_comm,0.067,1.265,True,217237,545332,,253454,5,,1.1667165353968247
case_040,1,1,2,ablation2,no_sync,0.129,0.809,True,222044,1352056,,253454,19,,1.1414584496766407
case_040,1,1,2,ablation2,no_localsearch,0.065,0.788,True,226565,1344088,,253454,19,,1.1186811731732615
case_040,1,1,2,ablation2,no_level,0.14,0.926,True,221958,1995150,,253454,170,,1.1419007199560278
case_040,1,1,2,ablation2,no_level_no_comm,0.055,0.898,True,263693,542260,,253454,6,,0.9611707553859982
case_040,1,1,2,ablation2,max_ops500,0.148,0.981,True,235353,1295532,,253454,14,,1.0769100032716812
case_040,1,1,2,ablation2,lvl_alap,0.143,0.838,True,185290,2193632,,253454,24,,1.3678773814021263
case_040,1,1,2,ablation2,lvl_compress,0.146,0.838,True,185290,2193632,,253454,24,,1.3678773814021263
case_040,1,1,3,ablation2,full_c2,0.218,0.736,True,178411,1549526,,253454,40,,1.4206186838255488
case_040,1,1,3,ablation2,no_comm,0.099,1.011,True,208858,1013054,,253454,9,,1.2135230635168393
case_040,1,1,3,ablation2,no_sync,0.208,0.932,True,188162,1609852,,253454,44,,1.346998862682157
case_040,1,1,3,ablation2,no_localsearch,0.065,0.87,True,191336,1646410,,253454,44,,1.3246540117907764
case_040,1,1,3,ablation2,no_level,0.206,0.931,True,218806,1995150,,253454,170,,1.1583503194610751
case_040,1,1,3,ablation2,no_level_no_comm,0.076,0.846,True,264988,901484,,253454,9,,0.9564735006868236
case_040,1,1,3,ablation2,max_ops500,0.22,0.736,True,178411,1549526,,253454,40,,1.4206186838255488
case_040,1,1,3,ablation2,lvl_alap,0.225,0.948,True,167218,2868266,,253454,42,,1.515710031216735
case_040,1,1,3,ablation2,lvl_compress,0.231,0.948,True,167218,2868266,,253454,42,,1.515710031216735
case_025,1,1,3,ablation2,full_c2,0.617,120.54,True,1622164,55296,,4863026,3,,2.9978633479722148
case_025,1,1,3,ablation2,no_comm,0.528,102.772,True,1625370,170496,,4863026,6,,2.991950140583375
case_025,1,1,3,ablation2,no_sync,0.423,120.54,True,1622164,55296,,4863026,3,,2.9978633479722148
case_025,1,1,3,ablation2,no_localsearch,0.415,120.54,True,1622164,55296,,4863026,3,,2.9978633479722148
case_025,1,1,3,ablation2,no_level,0.465,97.538,True,2291536,73681920,,4863026,2666,,2.122168711292338
case_025,1,1,3,ablation2,no_level_no_comm,0.473,14.623,True,4875098,294912,,4863026,9,,0.9975237420868257
case_025,1,1,3,ablation2,max_ops500,0.607,6.82,True,1633066,1414656,,4863026,39,,2.977850252224956
case_025,1,1,3,ablation2,lvl_alap,0.691,120.54,True,1622164,55296,,4863026,3,,2.9978633479722148
case_025,1,1,3,ablation2,lvl_compress,0.575,120.54,True,1622164,55296,,4863026,3,,2.9978633479722148
case_028,1,1,4,ablation2,full_c2,0.966,101.606,True,13608312,277760640,,43836040,4,,3.2212694711879033
case_028,1,1,4,ablation2,no_comm,0.778,95.851,True,13490155,278042064,,43836040,8,,3.2494837902159017
case_028,1,1,4,ablation2,no_sync,0.837,101.606,True,13608312,277760640,,43836040,4,,3.2212694711879033
case_028,1,1,4,ablation2,no_localsearch,0.384,101.606,True,13608312,277760640,,43836040,4,,3.2212694711879033
case_028,1,1,4,ablation2,no_level,1.009,6.8,True,12041229,326568960,,43836040,153,,3.640495500916061
case_028,1,1,4,ablation2,no_level_no_comm,0.644,14.569,True,44075794,277233144,,43836040,12,,0.994560415633125
case_028,1,1,4,ablation2,max_ops500,0.979,7.803,True,14112204,278058600,,43836040,40,,3.1062504481936344
case_028,1,1,4,ablation2,lvl_alap,1.003,101.606,True,13608312,277760640,,43836040,4,,3.2212694711879033
case_028,1,1,4,ablation2,lvl_compress,1.045,101.606,True,13608312,277760640,,43836040,4,,3.2212694711879033
case_040,1,1,4,ablation2,full_c2,0.351,0.948,True,166137,1719734,,253454,63,,1.5255722686698328
case_040,1,1,4,ablation2,no_comm,0.281,1.067,True,169075,1006994,,253454,11,,1.4990625462073044
case_040,1,1,4,ablation2,no_sync,0.342,0.948,True,166137,1719734,,253454,63,,1.5255722686698328
case_040,1,1,4,ablation2,no_localsearch,0.068,0.823,True,160119,1760892,,253454,64,,1.5829102105309176
case_040,1,1,4,ablation2,no_level,0.304,0.814,True,189203,1995150,,253454,170,,1.3395876386738055
case_040,1,1,4,ablation2,no_level_no_comm,0.344,0.703,True,269834,1206076,,253454,12,,0.9392960116219602
case_040,1,1,4,ablation2,max_ops500,0.3,0.948,True,166137,1719734,,253454,63,,1.5255722686698328
case_040,1,1,4,ablation2,lvl_alap,0.407,0.886,True,161611,3295976,,253454,64,,1.5682967124762548
case_040,1,1,4,ablation2,lvl_compress,0.359,0.886,True,161611,3295976,,253454,64,,1.5682967124762548
case_038,1,1,3,ablation2,full_c2,0.446,16.33,True,461374,5988864,,1364555,3,,2.957589721137299
case_038,1,1,3,ablation2,no_comm,0.2,18.125,True,455149,7111684,,1364555,6,,2.9980402022194927
case_038,1,1,3,ablation2,no_sync,0.38,16.33,True,461374,5988864,,1364555,3,,2.957589721137299
case_038,1,1,3,ablation2,no_localsearch,0.104,15.184,True,488567,6068736,,1364555,3,,2.792974146841682
case_038,1,1,3,ablation2,no_level,0.488,2.302,True,465091,8847360,,1364555,38,,2.9339527103298066
case_038,1,1,3,ablation2,no_level_no_comm,0.172,3.011,True,1357393,8452096,,1364555,9,,1.0052762906542174
case_038,1,1,3,ablation2,max_ops500,0.345,3.583,True,459780,6106112,,1364555,13,,2.967843316368698
case_038,1,1,3,ablation2,lvl_alap,0.384,16.33,True,461374,5988864,,1364555,3,,2.957589721137299
case_038,1,1,3,ablation2,lvl_compress,0.518,16.33,True,461374,5988864,,1364555,3,,2.957589721137299
case_039,1,1,4,ablation2,full_c2,0.315,18.228,True,395323,17604608,,1435262,4,,3.6306058590064327
case_039,1,1,4,ablation2,no_comm,0.245,11.387,True,373898,12439552,,1435262,8,,3.8386458338905265
case_039,1,1,4,ablation2,no_sync,0.298,18.228,True,395323,17604608,,1435262,4,,3.6306058590064327
case_039,1,1,4,ablation2,no_localsearch,0.092,18.228,True,395323,17604608,,1435262,4,,3.6306058590064327
case_039,1,1,4,ablation2,no_level,0.339,2.174,True,569788,28483584,,1435262,70,,2.518940377824735
case_039,1,1,4,ablation2,no_level_no_comm,0.343,2.508,True,1392294,13385728,,1435262,12,,1.0308612979729856
case_039,1,1,4,ablation2,max_ops500,0.328,4.76,True,438688,20234240,,1435262,12,,3.271714749434678
case_039,1,1,4,ablation2,lvl_alap,0.353,18.228,True,395323,17604608,,1435262,4,,3.6306058590064327
case_039,1,1,4,ablation2,lvl_compress,0.339,18.228,True,395323,17604608,,1435262,4,,3.6306058590064327
case_038,1,1,4,ablation2,full_c2,0.48,15.685,True,347884,5426688,,1364555,4,,3.92244253831737
case_038,1,1,4,ablation2,no_comm,0.443,18.71,True,346080,8009728,,1364555,8,,3.9428889274156265
case_038,1,1,4,ablation2,no_sync,0.465,15.685,True,347884,5426688,,1364555,4,,3.92244253831737
case_038,1,1,4,ablation2,no_localsearch,0.1,13.515,True,394350,5895168,,1364555,4,,3.4602637251172816
case_038,1,1,4,ablation2,no_level,0.503,3.054,True,350600,8847360,,1364555,38,,3.8920564746149457
case_038,1,1,4,ablation2,no_level_no_comm,0.275,2.964,True,1360531,10301952,,1364555,12,,1.0029576687337518
case_038,1,1,4,ablation2,max_ops500,0.485,4.075,True,345956,6628992,,1364555,14,,3.9443021655933124
case_038,1,1,4,ablation2,lvl_alap,0.589,15.685,True,347884,5426688,,1364555,4,,3.92244253831737
case_038,1,1,4,ablation2,lvl_compress,0.468,15.685,True,347884,5426688,,1364555,4,,3.92244253831737
case_040,1,1,5,ablation2,full_c2,0.782,1.566,True,212459,2985466,,253454,222,,1.1929548759996047
case_040,1,1,5,ablation2,no_comm,0.37,0.914,True,148877,1133830,,253454,15,,1.7024389260933521
case_040,1,1,5,ablation2,no_sync,0.296,1.613,True,216815,2936820,,253454,225,,1.1689873855591173
case_040,1,1,5,ablation2,no_localsearch,0.077,1.726,True,175385,3851026,,253454,243,,1.4451292869971777
case_040,1,1,5,ablation2,no_level,0.742,2.314,True,467962,3991448,,253454,698,,0.5416123531397848
case_040,1,1,5,ablation2,no_level_no_comm,0.344,0.736,True,271056,1447432,,253454,15,,0.9350613895283632
case_040,1,1,5,ablation2,max_ops500,0.799,1.566,True,212459,2985466,,253454,222,,1.1929548759996047
case_040,1,1,5,ablation2,lvl_alap,0.846,1.778,True,211448,4813054,,253454,257,,1.1986587718966366
case_040,1,1,5,ablation2,lvl_compress,0.847,1.778,True,211448,4813054,,253454,257,,1.1986587718966366
case_038,1,1,2,ablation2,full_c2,0.217,14.906,True,679097,5607936,,1364555,2,,2.009366850391034
case_038,1,1,2,ablation2,no_comm,0.125,21.736,True,684387,6924800,,1364555,4,,1.9938353592338838
case_038,1,1,2,ablation2,no_sync,0.226,14.906,True,679097,5607936,,1364555,2,,2.009366850391034
case_038,1,1,2,ablation2,no_localsearch,0.117,17.934,True,725667,5692416,,1364555,2,,1.8804148459279533
case_038,1,1,2,ablation2,no_level,0.222,2.189,True,681962,8847360,,1364555,38,,2.0009252714960657
case_038,1,1,2,ablation2,no_level_no_comm,0.238,3.481,True,1357978,7833600,,1364555,6,,1.0048432301554222
case_038,1,1,2,ablation2,max_ops500,0.221,3.051,True,674624,6278336,,1364555,13,,2.0226896760269426
case_038,1,1,2,ablation2,lvl_alap,0.257,14.906,True,679097,5607936,,1364555,2,,2.009366850391034
case_038,1,1,2,ablation2,lvl_compress,0.396,14.906,True,679097,5607936,,1364555,2,,2.009366850391034
case_038,1,1,5,ablation2,full_c2,0.903,21.522,True,275584,9409536,,1364555,5,,4.9515029900139345
case_038,1,1,5,ablation2,no_comm,0.488,16.741,True,280600,8624128,,1364555,10,,4.8629900213827515
case_038,1,1,5,ablation2,no_sync,0.806,21.522,True,275584,9409536,,1364555,5,,4.9515029900139345
case_038,1,1,5,ablation2,no_localsearch,0.109,18.282,True,282548,9509376,,1364555,5,,4.829462604584
case_038,1,1,5,ablation2,no_level,0.889,2.714,True,320038,15645696,,1364555,127,,4.263728057293196
case_038,1,1,5,ablation2,no_level_no_comm,0.337,2.752,True,1363850,10733056,,1364555,15,,1.0005169190160208
case_038,1,1,5,ablation2,max_ops500,0.839,6.362,True,284677,10224640,,1364555,15,,4.793344738071569
case_038,1,1,5,ablation2,lvl_alap,0.817,21.522,True,275584,9409536,,1364555,5,,4.9515029900139345
case_038,1,1,5,ablation2,lvl_compress,0.848,21.522,True,275584,9409536,,1364555,5,,4.9515029900139345
case_039,1,1,5,ablation2,full_c2,0.674,15.152,True,375671,16637952,,1435262,5,,3.8205291332043196
case_039,1,1,5,ablation2,no_comm,0.329,10.193,True,327719,13266944,,1435262,10,,4.379550773681111
case_039,1,1,5,ablation2,no_sync,0.729,15.152,True,375671,16637952,,1435262,5,,3.8205291332043196
case_039,1,1,5,ablation2,no_localsearch,0.121,13.602,True,431161,20480000,,1435262,5,,3.3288307615948565
case_039,1,1,5,ablation2,no_level,0.709,2.441,True,567592,28483584,,1435262,70,,2.5286860984650947
case_039,1,1,5,ablation2,no_level_no_comm,0.397,2.322,True,1396119,13664256,,1435262,15,,1.0280370083065986
case_039,1,1,5,ablation2,max_ops500,0.729,5.66,True,403354,18792448,,1435262,14,,3.5583184993826764
case_039,1,1,5,ablation2,lvl_alap,0.765,15.152,True,375671,16637952,,1435262,5,,3.8205291332043196
case_039,1,1,5,ablation2,lvl_compress,0.691,15.152,True,375671,16637952,,1435262,5,,3.8205291332043196
case_030,1,1,5,ablation2,full_c2,1.031,74.525,True,561657,11506688,,2808034,5,,4.999553108035688
case_030,1,1,5,ablation2,no_comm,0.625,63.743,True,565514,9787392,,2808034,10,,4.965454436141281
case_030,1,1,5,ablation2,no_sync,0.896,74.525,True,561657,11506688,,2808034,5,,4.999553108035688
case_030,1,1,5,ablation2,no_localsearch,0.333,58.576,True,571853,11516928,,2808034,5,,4.910412291270659
case_030,1,1,5,ablation2,no_level,0.992,9.32,True,619147,26935296,,2808034,486,,4.535326828685272
case_030,1,1,5,ablation2,no_level_no_comm,0.673,4.977,True,2794854,12260352,,2808034,15,,1.0047158098419453
case_030,1,1,5,ablation2,max_ops500,1.184,10.233,True,562328,15127808,,2808034,25,,4.993587372494345
case_030,1,1,5,ablation2,lvl_alap,1.068,74.525,True,561657,11506688,,2808034,5,,4.999553108035688
case_030,1,1,5,ablation2,lvl_compress,1.091,74.525,True,561657,11506688,,2808034,5,,4.999553108035688
case_030,1,1,4,ablation2,full_c2,0.837,75.888,True,701262,10560000,,2808034,4,,4.004258037652119
case_030,1,1,4,ablation2,no_comm,0.546,68.558,True,704727,8507392,,2808034,8,,3.984569911469264
case_030,1,1,4,ablation2,no_sync,0.713,75.888,True,701262,10560000,,2808034,4,,4.004258037652119
case_030,1,1,4,ablation2,no_localsearch,0.324,60.459,True,708828,10452992,,2808034,4,,3.9615167572387096
case_030,1,1,4,ablation2,no_level,0.791,8.805,True,770020,26935296,,2808034,486,,3.6467026830471934
case_030,1,1,4,ablation2,no_level_no_comm,0.532,5.502,True,2790930,10882048,,2808034,12,,1.0061284231421068
case_030,1,1,4,ablation2,max_ops500,0.853,8.889,True,699702,15090944,,2808034,24,,4.013185613303949
case_030,1,1,4,ablation2,lvl_alap,0.809,75.888,True,701262,10560000,,2808034,4,,4.004258037652119
case_030,1,1,4,ablation2,lvl_compress,0.896,75.888,True,701262,10560000,,2808034,4,,4.004258037652119
case_030,1,1,3,ablation2,full_c2,0.62,82.845,True,931329,9363456,,2808034,3,,3.0150827473427757
case_030,1,1,3,ablation2,no_comm,0.353,73.013,True,935679,7338496,,2808034,6,,3.001065536364501
case_030,1,1,3,ablation2,no_sync,0.543,82.845,True,931329,9363456,,2808034,3,,3.0150827473427757
case_030,1,1,3,ablation2,no_localsearch,0.301,65.695,True,936701,9473536,,2808034,3,,2.997791184166559
case_030,1,1,3,ablation2,no_level,0.664,8.77,True,1019340,26935296,,2808034,486,,2.75475699962721
case_030,1,1,3,ablation2,no_level_no_comm,0.301,5.851,True,2796797,9246720,,2808034,9,,1.0040178103737956
case_030,1,1,3,ablation2,max_ops500,0.536,6.708,True,930797,14019588,,2808034,21,,3.01680602752265
case_030,1,1,3,ablation2,lvl_alap,0.653,82.845,True,931329,9363456,,2808034,3,,3.0150827473427757
case_030,1,1,3,ablation2,lvl_compress,0.551,82.845,True,931329,9363456,,2808034,3,,3.0150827473427757
case_042,1,1,4,ablation2,full_c2,0.645,8.898,True,467262,8513832,,1686740,5,,3.6098377355744744
case_042,1,1,4,ablation2,no_comm,0.211,8.067,True,433291,9390080,,1686740,8,,3.8928572252827776
case_042,1,1,4,ablation2,no_sync,0.645,7.96,True,460398,9005372,,1686740,8,,3.663656227872406
case_042,1,1,4,ablation2,no_localsearch,0.085,8.028,True,479831,9162620,,1686740,8,,3.5152793379335643
case_042,1,1,4,ablation2,no_level,0.63,2.732,True,479400,17700272,,1686740,108,,3.5184397163120567
case_042,1,1,4,ablation2,no_level_no_comm,0.209,2.006,True,1654784,12028928,,1686740,12,,1.019311281714109
case_042,1,1,4,ablation2,max_ops500,0.647,3.882,True,459966,10945832,,1686740,13,,3.6670971332663718
case_042,1,1,4,ablation2,lvl_alap,0.659,7.572,True,463819,18394404,,1686740,8,,3.63663411805036
case_042,1,1,4,ablation2,lvl_compress,0.652,7.572,True,463819,18394404,,1686740,8,,3.63663411805036
case_042,1,1,2,ablation2,full_c2,0.2,12.773,True,842623,7265568,,1686740,2,,2.0017730349159706
case_042,1,1,2,ablation2,no_comm,0.095,11.181,True,842123,7835648,,1686740,4,,2.002961562622087
case_042,1,1,2,ablation2,no_sync,0.204,11.105,True,874599,7920956,,1686740,6,,1.9285867008766304
case_042,1,1,2,ablation2,no_localsearch,0.095,11.204,True,885192,8308028,,1686740,6,,1.905507505716274
case_042,1,1,2,ablation2,no_level,0.199,1.866,True,886786,17700272,,1686740,108,,1.9020823513226415
case_042,1,1,2,ablation2,no_level_no_comm,0.203,2.347,True,1669860,8945664,,1686740,6,,1.0101086318613537
case_042,1,1,2,ablation2,max_ops500,0.194,2.685,True,839329,10935584,,1686740,11,,2.009629120404514
case_042,1,1,2,ablation2,lvl_alap,0.215,12.773,True,842623,7265568,,1686740,2,,2.0017730349159706
case_042,1,1,2,ablation2,lvl_compress,0.202,12.773,True,842623,7265568,,1686740,2,,2.0017730349159706
case_042,1,1,3,ablation2,full_c2,0.385,10.983,True,599454,8723020,,1686740,4,,2.8137938857693836
case_042,1,1,3,ablation2,no_comm,0.16,9.548,True,582147,8550400,,1686740,6,,2.897446864795318
case_042,1,1,3,ablation2,no_sync,0.32,10.041,True,615752,9214556,,1686740,7,,2.739317127674778
case_042,1,1,3,ablation2,no_localsearch,0.091,9.618,True,606390,8990300,,1686740,7,,2.781609195402299
case_042,1,1,3,ablation2,no_level,0.299,2.516,True,614613,17700272,,1686740,108,,2.744393626558501
case_042,1,1,3,ablation2,no_level_no_comm,0.138,2.006,True,1665236,9971712,,1686740,9,,1.0129134849354686
case_042,1,1,3,ablation2,max_ops500,0.32,3.359,True,597006,11242080,,1686740,11,,2.825331738709494
case_042,1,1,3,ablation2,lvl_alap,0.321,7.378,True,606512,17744452,,1686740,6,,2.781049674202654
case_042,1,1,3,ablation2,lvl_compress,0.368,7.378,True,606512,17744452,,1686740,6,,2.781049674202654
case_044,1,1,2,ablation2,full_c2,0.033,0.419,True,131105,4672992,,154407,2,,1.1777354029213225
case_044,1,1,2,ablation2,no_comm,0.026,0.445,True,137344,5516768,,154407,4,,1.1242354962721341
case_044,1,1,2,ablation2,no_sync,0.033,0.419,True,131105,4672992,,154407,2,,1.1777354029213225
case_044,1,1,2,ablation2,no_localsearch,0.019,0.419,True,131105,4672992,,154407,2,,1.1777354029213225
case_044,1,1,2,ablation2,no_level,0.03,0.301,True,181628,9304000,,154407,11,,0.8501277336093553
case_044,1,1,2,ablation2,no_level_no_comm,0.023,0.274,True,170730,6317120,,154407,6,,0.9043929010718679
case_044,1,1,2,ablation2,max_ops500,0.034,0.455,True,141825,5694144,,154407,4,,1.0887149656266526
case_044,1,1,2,ablation2,lvl_alap,0.034,0.419,True,131105,4672992,,154407,2,,1.1777354029213225
case_044,1,1,2,ablation2,lvl_compress,0.034,0.419,True,131105,4672992,,154407,2,,1.1777354029213225
case_044,1,1,3,ablation2,full_c2,0.048,0.362,True,123553,5161216,,154407,3,,1.2497227910289512
case_044,1,1,3,ablation2,no_comm,0.226,0.392,True,130778,4794848,,154407,4,,1.180680236737066
case_044,1,1,3,ablation2,no_sync,0.046,0.362,True,123553,5161216,,154407,3,,1.2497227910289512
case_044,1,1,3,ablation2,no_localsearch,0.019,0.362,True,123553,5161216,,154407,3,,1.2497227910289512
case_044,1,1,3,ablation2,no_level,0.043,0.313,True,177511,9304000,,154407,11,,0.8698446856814507
case_044,1,1,3,ablation2,no_level_no_comm,0.071,0.289,True,185088,7844608,,154407,9,,0.834235606846473
case_044,1,1,3,ablation2,max_ops500,0.048,0.362,True,123553,5161216,,154407,3,,1.2497227910289512
case_044,1,1,3,ablation2,lvl_alap,0.051,0.362,True,123553,5161216,,154407,3,,1.2497227910289512
case_044,1,1,3,ablation2,lvl_compress,0.054,0.362,True,123553,5161216,,154407,3,,1.2497227910289512
case_042,1,1,5,ablation2,full_c2,0.637,9.289,True,368658,9813120,,1686740,5,,4.5753516809617585
case_042,1,1,5,ablation2,no_comm,0.411,7.649,True,357665,9734144,,1686740,10,,4.715977241273259
case_042,1,1,5,ablation2,no_sync,0.647,7.82,True,383267,10468508,,1686740,9,,4.400952860538476
case_042,1,1,5,ablation2,no_localsearch,0.22,8.036,True,405938,10493084,,1686740,9,,4.155166552527726
case_042,1,1,5,ablation2,no_level,0.645,2.648,True,391340,17700272,,1686740,108,,4.310165073848827
case_042,1,1,5,ablation2,no_level_no_comm,0.279,2.072,True,1663437,13221888,,1686740,15,,1.0140089465365987
case_042,1,1,5,ablation2,max_ops500,0.626,4.548,True,381425,12621968,,1686740,11,,4.422206200432588
case_042,1,1,5,ablation2,lvl_alap,0.63,9.289,True,368658,9813120,,1686740,5,,4.5753516809617585
case_042,1,1,5,ablation2,lvl_compress,0.617,9.289,True,368658,9813120,,1686740,5,,4.5753516809617585
case_045,1,1,2,ablation2,full_c2,0.031,0.39,True,63059,0,,125614,2,,1.99200748505368
case_045,1,1,2,ablation2,no_comm,0.028,0.359,True,66891,131072,,125614,4,,1.8778908971311536
case_045,1,1,2,ablation2,no_sync,0.033,0.39,True,63059,0,,125614,2,,1.99200748505368
case_045,1,1,2,ablation2,no_localsearch,0.018,0.39,True,63059,0,,125614,2,,1.99200748505368
case_045,1,1,2,ablation2,no_level,0.031,0.249,True,74059,0,,125614,68,,1.696134163302232
case_045,1,1,2,ablation2,no_level_no_comm,0.026,0.286,True,131366,131072,,125614,6,,0.9562139366350502
case_045,1,1,2,ablation2,max_ops500,0.032,0.398,True,63435,0,,125614,4,,1.9802002049341847
case_045,1,1,2,ablation2,lvl_alap,0.033,0.39,True,63059,0,,125614,2,,1.99200748505368
case_045,1,1,2,ablation2,lvl_compress,0.032,0.39,True,63059,0,,125614,2,,1.99200748505368
case_043,1,1,2,ablation2,full_c2,0.635,4.301,True,415881,2796628,,677656,26,,1.6294468850464436
case_043,1,1,2,ablation2,no_comm,0.194,7.545,True,549147,1287286,,677656,5,,1.2340156642938958
case_043,1,1,2,ablation2,no_sync,0.484,4.301,True,415881,2796628,,677656,26,,1.6294468850464436
case_043,1,1,2,ablation2,no_localsearch,0.334,3.795,True,461010,2762512,,677656,26,,1.4699377453851326
case_043,1,1,2,ablation2,no_level,0.593,5.802,True,458579,6081244,,677656,355,,1.4777301184746794
case_043,1,1,2,ablation2,no_level_no_comm,0.185,4.654,True,682280,1368000,,677656,6,,0.9932227238084071
case_043,1,1,2,ablation2,max_ops500,0.566,3.114,True,419205,3390170,,677656,36,,1.6165265204374948
case_043,1,1,2,ablation2,lvl_alap,0.569,3.576,True,395771,5579966,,677656,26,,1.7122426857955737
case_043,1,1,2,ablation2,lvl_compress,0.786,3.576,True,395771,5579966,,677656,26,,1.7122426857955737
case_044,1,1,4,ablation2,full_c2,0.286,0.343,True,143221,6803040,,154407,39,,1.0781030714769482
case_044,1,1,4,ablation2,no_comm,0.179,0.453,True,130775,4948320,,154407,3,,1.1807073217358057
case_044,1,1,4,ablation2,no_sync,0.144,0.321,True,149709,7123552,,154407,41,,1.0313808789050758
case_044,1,1,4,ablation2,no_localsearch,0.029,0.379,True,100064,3267104,,154407,100,,1.5430824272465622
case_044,1,1,4,ablation2,no_level,0.271,0.647,True,273597,9779904,,154407,275,,0.564359258325201
case_044,1,1,4,ablation2,no_level_no_comm,0.201,0.36,True,200210,9393600,,154407,12,,0.7712252135257979
case_044,1,1,4,ablation2,max_ops500,0.288,0.343,True,143221,6803040,,154407,39,,1.0781030714769482
case_044,1,1,4,ablation2,lvl_alap,0.285,0.42,True,144038,6828384,,154407,40,,1.0719879476249323
case_044,1,1,4,ablation2,lvl_compress,0.282,0.42,True,144038,6828384,,154407,40,,1.0719879476249323
case_044,1,1,5,ablation2,full_c2,0.306,0.333,True,161712,7518048,,154407,51,,0.9548271000296824
case_044,1,1,5,ablation2,no_comm,0.153,0.372,True,137455,5134528,,154407,6,,1.1233276344985632
case_044,1,1,5,ablation2,no_sync,0.172,0.347,True,157551,7481952,,154407,54,,0.9800445570005902
case_044,1,1,5,ablation2,no_localsearch,0.029,0.332,True,116647,4197504,,154407,125,,1.3237117114027794
case_044,1,1,5,ablation2,no_level,0.282,0.635,True,223047,9779904,,154407,275,,0.6922621689599053
case_044,1,1,5,ablation2,no_level_no_comm,0.141,0.43,True,207763,9412288,,154407,15,,0.7431881518845993
case_044,1,1,5,ablation2,max_ops500,0.31,0.333,True,161712,7518048,,154407,51,,0.9548271000296824
case_044,1,1,5,ablation2,lvl_alap,0.303,0.438,True,161251,7527456,,154407,58,,0.9575568523606055
case_044,1,1,5,ablation2,lvl_compress,0.333,0.438,True,161251,7527456,,154407,58,,0.9575568523606055
case_045,1,1,4,ablation2,full_c2,0.071,0.343,True,32037,0,,125614,4,,3.92090395480226
case_045,1,1,4,ablation2,no_comm,0.059,0.312,True,34775,270336,,125614,8,,3.6121926671459383
case_045,1,1,4,ablation2,no_sync,0.064,0.343,True,32037,0,,125614,4,,3.92090395480226
case_045,1,1,4,ablation2,no_localsearch,0.019,0.343,True,32037,0,,125614,4,,3.92090395480226
case_045,1,1,4,ablation2,no_level,0.057,0.277,True,39988,0,,125614,68,,3.141292387716315
case_045,1,1,4,ablation2,no_level_no_comm,0.061,0.284,True,138449,270336,,125614,12,,0.9072943827691063
case_045,1,1,4,ablation2,max_ops500,0.065,0.343,True,32037,0,,125614,4,,3.92090395480226
case_045,1,1,4,ablation2,lvl_alap,0.066,0.343,True,32037,0,,125614,4,,3.92090395480226
case_045,1,1,4,ablation2,lvl_compress,0.068,0.343,True,32037,0,,125614,4,,3.92090395480226
case_045,1,1,3,ablation2,full_c2,0.069,0.26,True,42608,0,,125614,3,,2.948131806233571
case_045,1,1,3,ablation2,no_comm,0.041,0.491,True,45328,184320,,125614,6,,2.7712230850688315
case_045,1,1,3,ablation2,no_sync,0.074,0.26,True,42608,0,,125614,3,,2.948131806233571
case_045,1,1,3,ablation2,no_localsearch,0.022,0.39,True,42836,0,,125614,3,,2.932440003735176
case_045,1,1,3,ablation2,no_level,0.087,0.272,True,51549,0,,125614,68,,2.4367882985120954
case_045,1,1,3,ablation2,no_level_no_comm,0.048,0.366,True,134718,184320,,125614,9,,0.9324217996110393
case_045,1,1,3,ablation2,max_ops500,0.073,0.315,True,43288,69632,,125614,6,,2.9018203659212713
case_045,1,1,3,ablation2,lvl_alap,0.075,0.26,True,42608,0,,125614,3,,2.948131806233571
case_045,1,1,3,ablation2,lvl_compress,0.072,0.26,True,42608,0,,125614,3,,2.948131806233571
case_046,1,1,2,ablation2,full_c2,0.034,0.257,True,166578,3521632,,276455,2,,1.6596129140702853
case_046,1,1,2,ablation2,no_comm,0.022,0.331,True,186417,4491904,,276455,4,,1.4829924309478213
case_046,1,1,2,ablation2,no_sync,0.023,0.257,True,166578,3521632,,276455,2,,1.6596129140702853
case_046,1,1,2,ablation2,no_localsearch,0.015,0.257,True,166578,3521632,,276455,2,,1.6596129140702853
case_046,1,1,2,ablation2,no_level,0.023,0.198,True,158876,6512800,,276455,8,,1.7400677257735593
case_046,1,1,2,ablation2,no_level_no_comm,0.016,0.19,True,250523,5518304,,276455,6,,1.103511454038152
case_046,1,1,2,ablation2,max_ops500,0.024,0.257,True,166578,3521632,,276455,2,,1.6596129140702853
case_046,1,1,2,ablation2,lvl_alap,0.025,0.257,True,166578,3521632,,276455,2,,1.6596129140702853
case_046,1,1,2,ablation2,lvl_compress,0.026,0.257,True,166578,3521632,,276455,2,,1.6596129140702853
case_045,1,1,5,ablation2,full_c2,0.088,0.243,True,26399,0,,125614,5,,4.758286298723436
case_045,1,1,5,ablation2,no_comm,0.081,0.315,True,29631,311296,,125614,10,,4.239276433464952
case_045,1,1,5,ablation2,no_sync,0.086,0.243,True,26399,0,,125614,5,,4.758286298723436
case_045,1,1,5,ablation2,no_localsearch,0.022,0.243,True,26399,0,,125614,5,,4.758286298723436
case_045,1,1,5,ablation2,no_level,0.077,0.278,True,35702,0,,125614,68,,3.518402330401658
case_045,1,1,5,ablation2,no_level_no_comm,0.077,0.257,True,102488,311296,,125614,15,,1.2256459292795254
case_045,1,1,5,ablation2,max_ops500,0.166,0.243,True,26399,0,,125614,5,,4.758286298723436
case_045,1,1,5,ablation2,lvl_alap,0.079,0.243,True,26399,0,,125614,5,,4.758286298723436
case_045,1,1,5,ablation2,lvl_compress,0.076,0.243,True,26399,0,,125614,5,,4.758286298723436
case_046,1,1,3,ablation2,full_c2,0.098,0.61,True,209713,3633632,,276455,54,,1.3182539947451994
case_046,1,1,3,ablation2,no_comm,0.03,0.243,True,141515,5132896,,276455,6,,1.9535384941525633
case_046,1,1,3,ablation2,no_sync,0.063,0.61,True,209713,3633632,,276455,54,,1.3182539947451994
case_046,1,1,3,ablation2,no_localsearch,0.022,0.219,True,219245,3022592,,276455,38,,1.2609409564642295
case_046,1,1,3,ablation2,no_level,0.102,0.353,True,329554,7897248,,276455,200,,0.8388761781073815
case_046,1,1,3,ablation2,no_level_no_comm,0.028,0.216,True,257011,6774944,,276455,9,,1.0756543494247328
case_046,1,1,3,ablation2,max_ops500,0.105,0.61,True,209713,3633632,,276455,54,,1.3182539947451994
case_046,1,1,3,ablation2,lvl_alap,0.102,0.228,True,205742,3726624,,276455,57,,1.34369744631626
case_046,1,1,3,ablation2,lvl_compress,0.109,0.228,True,205742,3726624,,276455,57,,1.34369744631626
case_046,1,1,4,ablation2,full_c2,0.183,0.255,True,151110,5725920,,276455,33,,1.8294950698166899
case_046,1,1,4,ablation2,no_comm,0.195,0.23,True,165382,5952064,,276455,9,,1.6716148069318306
case_046,1,1,4,ablation2,no_sync,0.119,0.229,True,161018,6390752,,276455,33,,1.7169198474704692
case_046,1,1,4,ablation2,no_localsearch,0.023,0.242,True,163954,4171552,,276455,74,,1.6861741708040061
case_046,1,1,4,ablation2,no_level,0.199,0.33,True,277415,7897248,,276455,200,,0.9965394805616135
case_046,1,1,4,ablation2,no_level_no_comm,0.09,0.213,True,263105,6851744,,276455,12,,1.0507401987799547
case_046,1,1,4,ablation2,max_ops500,0.185,0.255,True,151110,5725920,,276455,33,,1.8294950698166899
case_046,1,1,4,ablation2,lvl_alap,0.184,0.241,True,151508,5865312,,276455,35,,1.8246891253267155
case_046,1,1,4,ablation2,lvl_compress,0.194,0.241,True,151508,5865312,,276455,35,,1.8246891253267155
case_046,1,1,5,ablation2,full_c2,0.193,0.261,True,183370,6660512,,276455,44,,1.5076348366690298
case_046,1,1,5,ablation2,no_comm,0.12,0.242,True,153023,4901856,,276455,9,,1.8066238408605242
case_046,1,1,5,ablation2,no_sync,0.12,0.21,True,173653,5698144,,276455,36,,1.591996683040316
case_046,1,1,5,ablation2,no_localsearch,0.021,0.38,True,149076,5106048,,276455,125,,1.854456787142129
case_046,1,1,5,ablation2,no_level,0.186,0.386,True,250555,7897248,,276455,200,,1.1033705174512582
case_046,1,1,5,ablation2,no_level_no_comm,0.126,0.236,True,269746,6895776,,276455,15,,1.0248715458245905
case_046,1,1,5,ablation2,max_ops500,0.185,0.261,True,183370,6660512,,276455,44,,1.5076348366690298
case_046,1,1,5,ablation2,lvl_alap,0.194,0.236,True,180083,6855136,,276455,45,,1.5351532348972419
case_046,1,1,5,ablation2,lvl_compress,0.216,0.236,True,180083,6855136,,276455,45,,1.5351532348972419
case_043,1,1,4,ablation2,full_c2,1.315,4.749,True,246558,4016686,,677656,51,,2.748464864251008
case_043,1,1,4,ablation2,no_comm,0.431,5.055,True,485630,2468424,,677656,13,,1.3954162634104152
case_043,1,1,4,ablation2,no_sync,1.136,4.749,True,246558,4016686,,677656,51,,2.748464864251008
case_043,1,1,4,ablation2,no_localsearch,0.205,5.874,True,242816,4154484,,677656,52,,2.790821033210332
case_043,1,1,4,ablation2,no_level,1.41,5.044,True,308535,6081244,,677656,355,,2.196366700698462
case_043,1,1,4,ablation2,no_level_no_comm,0.506,3.34,True,692242,2433400,,677656,12,,0.9789293339612448
case_043,1,1,4,ablation2,max_ops500,1.316,4.223,True,249394,4314530,,677656,58,,2.7172105182963504
case_043,1,1,4,ablation2,lvl_alap,1.366,3.959,True,250795,6680660,,677656,52,,2.702031539703742
case_043,1,1,4,ablation2,lvl_compress,1.494,3.959,True,250795,6680660,,677656,52,,2.702031539703742
case_043,1,1,3,ablation2,full_c2,0.678,4.455,True,303961,3969214,,677656,30,,2.2294175897565807
case_043,1,1,3,ablation2,no_comm,0.365,6.129,True,511445,2088506,,677656,9,,1.3249831360165805
case_043,1,1,3,ablation2,no_sync,0.549,3.957,True,324198,4120710,,677656,35,,2.090253487066546
case_043,1,1,3,ablation2,no_localsearch,0.208,3.752,True,347939,4136584,,677656,38,,1.9476287510167012
case_043,1,1,3,ablation2,no_level,0.675,5.512,True,380493,6081244,,677656,355,,1.7809946569319277
case_043,1,1,3,ablation2,no_level_no_comm,0.322,3.709,True,690115,2102234,,677656,9,,0.9819464871796729
case_043,1,1,3,ablation2,max_ops500,0.663,3.657,True,299590,4229104,,677656,37,,2.261944657698855
case_043,1,1,3,ablation2,lvl_alap,0.804,4.072,True,302838,5441156,,677656,30,,2.2376848347961618
case_043,1,1,3,ablation2,lvl_compress,0.838,4.072,True,302838,5441156,,677656,30,,2.2376848347961618
case_028,1,1,3,ablation2,full_c2,0.686,161.593,True,16770711,277369056,,43836040,3,,2.613845054034978
case_028,1,1,3,ablation2,no_comm,0.485,141.134,True,16770711,277369056,,43836040,3,,2.613845054034978
case_028,1,1,3,ablation2,no_sync,0.796,161.593,True,16770711,277369056,,43836040,3,,2.613845054034978
case_028,1,1,3,ablation2,no_localsearch,0.271,161.593,True,16770711,277369056,,43836040,3,,2.613845054034978
case_028,1,1,3,ablation2,no_level,0.681,9.289,True,14792144,326568960,,43836040,153,,2.963467635252875
case_028,1,1,3,ablation2,no_level_no_comm,0.702,23.637,True,16874345,278225568,,43836040,9,,2.5977920920782407
case_028,1,1,3,ablation2,max_ops500,0.758,7.38,True,17315698,278755920,,43836040,42,,2.53157799356399
case_028,1,1,3,ablation2,lvl_alap,0.723,161.593,True,16770711,277369056,,43836040,3,,2.613845054034978
case_028,1,1,3,ablation2,lvl_compress,0.801,161.593,True,16770711,277369056,,43836040,3,,2.613845054034978
case_048,1,1,3,ablation2,full_c2,0.076,0.398,True,208666,580204,,222220,64,,1.0649554790909874
case_048,1,1,3,ablation2,no_comm,0.05,0.316,True,231910,289508,,222220,13,,0.9582165495235221
case_048,1,1,3,ablation2,no_sync,0.067,0.398,True,208666,580204,,222220,64,,1.0649554790909874
case_048,1,1,3,ablation2,no_localsearch,0.036,0.398,True,208666,580204,,222220,64,,1.0649554790909874
case_048,1,1,3,ablation2,no_level,0.068,0.417,True,220364,615242,,222220,90,,1.0084224283458278
case_048,1,1,3,ablation2,no_level_no_comm,0.043,0.407,True,232468,285230,,222220,9,,0.9559165132405321
case_048,1,1,3,ablation2,max_ops500,0.08,0.398,True,208666,580204,,222220,64,,1.0649554790909874
case_048,1,1,3,ablation2,lvl_alap,0.078,0.513,True,202845,620994,,222220,79,,1.0955162809041386
case_048,1,1,3,ablation2,lvl_compress,0.079,0.513,True,202845,620994,,222220,79,,1.0955162809041386
case_048,1,1,2,ablation2,full_c2,0.074,0.845,True,236301,422402,,222220,19,,0.9404107473095755
case_048,1,1,2,ablation2,no_comm,0.039,0.341,True,226889,234584,,222220,8,,0.9794216555231854
case_048,1,1,2,ablation2,no_sync,0.18,0.351,True,242303,486514,,222220,25,,0.9171161727258845
case_048,1,1,2,ablation2,no_localsearch,0.034,0.294,True,239269,455174,,222220,20,,0.9287454705791389
case_048,1,1,2,ablation2,no_level,0.065,0.419,True,214615,615242,,222220,90,,1.035435547375533
case_048,1,1,2,ablation2,no_level_no_comm,0.03,0.518,True,227747,229086,,222220,6,,0.9757318427904649
case_048,1,1,2,ablation2,max_ops500,0.073,0.845,True,236301,422402,,222220,19,,0.9404107473095755
case_048,1,1,2,ablation2,lvl_alap,0.07,0.374,True,234787,425488,,222220,32,,0.9464748900066869
case_048,1,1,2,ablation2,lvl_compress,0.087,0.374,True,234787,425488,,222220,32,,0.9464748900066869
case_048,1,1,4,ablation2,full_c2,0.144,0.428,True,214027,587446,,222220,56,,1.0382802169819696
case_048,1,1,4,ablation2,no_comm,0.064,0.362,True,236855,506552,,222220,19,,0.9382111418378333
case_048,1,1,4,ablation2,no_sync,0.129,0.505,True,214918,609210,,222220,58,,1.0339757488902743
case_048,1,1,4,ablation2,no_localsearch,0.036,0.429,True,208835,621720,,222220,57,,1.0640936624607944
case_048,1,1,4,ablation2,no_level,0.168,0.498,True,214450,615242,,222220,90,,1.0362322219631617
case_048,1,1,4,ablation2,no_level_no_comm,0.06,0.487,True,237368,498622,,222220,12,,0.9361834788177008
case_048,1,1,4,ablation2,max_ops500,0.157,0.428,True,214027,587446,,222220,56,,1.0382802169819696
case_048,1,1,4,ablation2,lvl_alap,0.183,0.551,True,211761,597198,,222220,83,,1.049390586557487
case_048,1,1,4,ablation2,lvl_compress,0.167,0.551,True,211761,597198,,222220,83,,1.049390586557487
case_030,1,1,2,ablation2,full_c2,0.337,95.355,True,1401186,7644160,,2808034,2,,2.00404086252646
case_030,1,1,2,ablation2,no_comm,0.195,89.264,True,1402113,6796288,,2808034,4,,2.0027159009295254
case_030,1,1,2,ablation2,no_sync,0.41,95.355,True,1401186,7644160,,2808034,2,,2.00404086252646
case_030,1,1,2,ablation2,no_localsearch,0.2,77.138,True,1406075,7725056,,2808034,2,,1.9970727023807406
case_030,1,1,2,ablation2,no_level,0.332,9.281,True,1524162,26935296,,2808034,486,,1.8423461548050666
case_030,1,1,2,ablation2,no_level_no_comm,0.25,6.683,True,2795680,8040448,,2808034,6,,1.0044189606821954
case_030,1,1,2,ablation2,max_ops500,0.381,5.466,True,1394720,13603844,,2808034,22,,2.0133317081564757
case_030,1,1,2,ablation2,lvl_alap,0.371,95.355,True,1401186,7644160,,2808034,2,,2.00404086252646
case_030,1,1,2,ablation2,lvl_compress,0.367,95.355,True,1401186,7644160,,2808034,2,,2.00404086252646
case_043,1,1,5,ablation2,full_c2,1.448,5.098,True,234354,4895842,,677656,63,,2.891591353251918
case_043,1,1,5,ablation2,no_comm,0.465,4.512,True,310533,3231476,,677656,22,,2.182235060363955
case_043,1,1,5,ablation2,no_sync,1.106,5.098,True,234354,4895842,,677656,63,,2.891591353251918
case_043,1,1,5,ablation2,no_localsearch,0.192,4.531,True,208601,5033556,,677656,65,,3.2485750308004278
case_043,1,1,5,ablation2,no_level,1.332,5.719,True,330036,6081244,,677656,355,,2.053279036226351
case_043,1,1,5,ablation2,no_level_no_comm,0.499,3.13,True,696933,2852340,,677656,15,,0.9723402393056434
case_043,1,1,5,ablation2,max_ops500,1.363,4.277,True,233886,5023820,,677656,66,,2.897377354779679
case_043,1,1,5,ablation2,lvl_alap,1.395,4.617,True,259163,6958672,,677656,65,,2.614786832996994
case_043,1,1,5,ablation2,lvl_compress,1.387,4.617,True,259163,6958672,,677656,65,,2.614786832996994
case_048,1,1,5,ablation2,full_c2,0.479,1.34,True,240947,1389508,,222220,227,,0.9222775133120562
case_048,1,1,5,ablation2,no_comm,0.078,0.398,True,239956,597224,,222220,25,,0.9260864491823501
case_048,1,1,5,ablation2,no_sync,0.178,0.904,True,236036,1471338,,222220,241,,0.9414665559490926
case_048,1,1,5,ablation2,no_localsearch,0.044,0.75,True,272617,1660786,,222220,230,,0.8151362534251348
case_048,1,1,5,ablation2,no_level,0.493,1.368,True,409089,1872830,,222220,540,,0.5432069794103483
case_048,1,1,5,ablation2,no_level_no_comm,0.078,0.445,True,242225,576748,,222220,15,,0.9174114975745691
case_048,1,1,5,ablation2,max_ops500,0.533,1.34,True,240947,1389508,,222220,227,,0.9222775133120562
case_048,1,1,5,ablation2,lvl_alap,0.51,1.014,True,229303,1463674,,222220,301,,0.969110739937986
case_048,1,1,5,ablation2,lvl_compress,0.524,1.014,True,229303,1463674,,222220,301,,0.969110739937986
case_025,1,1,2,ablation2,full_c2,0.54,188.462,True,2431840,27648,,4863026,2,,1.9997310678334101
case_025,1,1,2,ablation2,no_comm,0.354,158.118,True,2437718,87552,,4863026,4,,1.9949091732513768
case_025,1,1,2,ablation2,no_sync,0.471,188.462,True,2431840,27648,,4863026,2,,1.9997310678334101
case_025,1,1,2,ablation2,no_localsearch,0.425,188.462,True,2431840,27648,,4863026,2,,1.9997310678334101
case_025,1,1,2,ablation2,no_level,0.377,109.659,True,3161776,73681920,,4863026,2666,,1.5380678454134638
case_025,1,1,2,ablation2,no_level_no_comm,0.501,22.706,True,4870322,188928,,4863026,6,,0.9985019470991856
case_025,1,1,2,ablation2,max_ops500,0.502,6.629,True,2443712,1385472,,4863026,38,,1.9900160084330722
case_025,1,1,2,ablation2,lvl_alap,0.619,188.462,True,2431840,27648,,4863026,2,,1.9997310678334101
case_025,1,1,2,ablation2,lvl_compress,0.576,188.462,True,2431840,27648,,4863026,2,,1.9997310678334101
case_049,1,1,2,ablation2,full_c2,0.145,1.88,True,199593,193778,,196276,6,,0.9833811807027301
case_049,1,1,2,ablation2,no_comm,0.081,1.502,True,204392,493146,,196276,8,,0.9602919879447337
case_049,1,1,2,ablation2,no_sync,0.147,1.252,True,201709,388090,,196276,8,,0.9730651582229846
case_049,1,1,2,ablation2,no_localsearch,0.187,1.317,True,186601,388090,,196276,8,,1.0518485967384954
case_049,1,1,2,ablation2,no_level,0.139,1.715,True,204793,340246,,196276,27,,0.9584116644611876
case_049,1,1,2,ablation2,no_level_no_comm,0.069,1.44,True,204253,437916,,196276,6,,0.9609454940686306
case_049,1,1,2,ablation2,max_ops500,0.157,1.124,True,203691,561036,,196276,12,,0.963596820674453
case_049,1,1,2,ablation2,lvl_alap,0.161,1.9,True,171171,391226,,196276,8,,1.1466661992977782
case_049,1,1,2,ablation2,lvl_compress,0.163,1.9,True,171171,391226,,196276,8,,1.1466661992977782
case_049,1,1,3,ablation2,full_c2,0.201,1.639,True,195017,435358,,196276,11,,1.0064558474389411
case_049,1,1,3,ablation2,no_comm,0.114,1.201,True,144134,940824,,196276,18,,1.361760583901092
case_049,1,1,3,ablation2,no_sync,0.319,1.196,True,181749,926290,,196276,18,,1.079928912951378
case_049,1,1,3,ablation2,no_localsearch,0.089,1.201,True,168371,936980,,196276,19,,1.1657351919273509
case_049,1,1,3,ablation2,no_level,0.236,1.185,True,203111,546822,,196276,30,,0.9663484498623905
case_049,1,1,3,ablation2,no_level_no_comm,0.125,1.327,True,208196,528742,,196276,9,,0.9427462583334935
case_049,1,1,3,ablation2,max_ops500,0.2,1.093,True,196444,546218,,196276,14,,0.9991447944452363
case_049,1,1,3,ablation2,lvl_alap,0.207,1.927,True,168991,818416,,196276,17,,1.1614583025131515
case_049,1,1,3,ablation2,lvl_compress,0.214,1.927,True,168991,818416,,196276,17,,1.1614583025131515
case_049,1,1,4,ablation2,full_c2,0.43,1.113,True,78810,701264,,196276,52,,2.4904961299327497
case_049,1,1,4,ablation2,no_comm,0.163,1.289,True,110598,1141658,,196276,31,,1.7746794697914972
case_049,1,1,4,ablation2,no_sync,0.348,1.113,True,78810,701264,,196276,52,,2.4904961299327497
case_049,1,1,4,ablation2,no_localsearch,0.097,1.17,True,80869,666416,,196276,52,,2.4270857807070696
case_049,1,1,4,ablation2,no_level,0.463,1.564,True,96790,947046,,196276,185,,2.0278541171608637
case_049,1,1,4,ablation2,no_level_no_comm,0.146,1.217,True,212260,637496,,196276,12,,0.9246961273909357
case_049,1,1,4,ablation2,max_ops500,0.45,1.113,True,78810,701264,,196276,52,,2.4904961299327497
case_049,1,1,4,ablation2,lvl_alap,0.446,1.906,True,78438,978962,,196276,52,,2.5023075550116016
case_049,1,1,4,ablation2,lvl_compress,0.449,1.906,True,78438,978962,,196276,52,,2.5023075550116016
case_051,1,1,2,ablation2,full_c2,0.04,0.237,True,643255,9044060,,607628,24,,0.9446144996929678
case_051,1,1,2,ablation2,no_comm,0.025,0.234,True,615373,1966100,,607628,6,,0.9874141374418443
case_051,1,1,2,ablation2,no_sync,0.031,0.237,True,643255,9044060,,607628,24,,0.9446144996929678
case_051,1,1,2,ablation2,no_localsearch,0.02,0.237,True,643255,9044060,,607628,24,,0.9446144996929678
case_051,1,1,2,ablation2,no_level,0.032,0.237,True,643255,9044060,,607628,24,,0.9446144996929678
case_051,1,1,2,ablation2,no_level_no_comm,0.024,0.234,True,615373,1966100,,607628,6,,0.9874141374418443
case_051,1,1,2,ablation2,max_ops500,0.033,0.237,True,643255,9044060,,607628,24,,0.9446144996929678
case_051,1,1,2,ablation2,lvl_alap,0.035,0.237,True,643255,9044060,,607628,24,,0.9446144996929678
case_051,1,1,2,ablation2,lvl_compress,0.04,0.237,True,643255,9044060,,607628,24,,0.9446144996929678
case_051,1,1,3,ablation2,full_c2,0.043,0.17,True,643255,9044060,,607628,24,,0.9446144996929678
case_051,1,1,3,ablation2,no_comm,0.032,0.236,True,624396,3670084,,607628,9,,0.973145247567249
case_051,1,1,3,ablation2,no_sync,0.049,0.17,True,643255,9044060,,607628,24,,0.9446144996929678
case_051,1,1,3,ablation2,no_localsearch,0.022,0.17,True,643255,9044060,,607628,24,,0.9446144996929678
case_051,1,1,3,ablation2,no_level,0.044,0.17,True,643255,9044060,,607628,24,,0.9446144996929678
case_051,1,1,3,ablation2,no_level_no_comm,0.038,0.236,True,624396,3670084,,607628,9,,0.973145247567249
case_051,1,1,3,ablation2,max_ops500,0.048,0.17,True,643255,9044060,,607628,24,,0.9446144996929678
case_051,1,1,3,ablation2,lvl_alap,0.048,0.17,True,643255,9044060,,607628,24,,0.9446144996929678
case_051,1,1,3,ablation2,lvl_compress,0.145,0.17,True,643255,9044060,,607628,24,,0.9446144996929678
case_051,1,1,4,ablation2,full_c2,0.062,0.286,True,643255,9044060,,607628,24,,0.9446144996929678
case_051,1,1,4,ablation2,no_comm,0.047,0.222,True,624667,4325420,,607628,12,,0.9727230668500176
case_051,1,1,4,ablation2,no_sync,0.056,0.286,True,643255,9044060,,607628,24,,0.9446144996929678
case_051,1,1,4,ablation2,no_localsearch,0.15,0.286,True,643255,9044060,,607628,24,,0.9446144996929678
case_051,1,1,4,ablation2,no_level,0.059,0.286,True,643255,9044060,,607628,24,,0.9446144996929678
case_051,1,1,4,ablation2,no_level_no_comm,0.046,0.222,True,624667,4325420,,607628,12,,0.9727230668500176
case_051,1,1,4,ablation2,max_ops500,0.058,0.286,True,643255,9044060,,607628,24,,0.9446144996929678
case_051,1,1,4,ablation2,lvl_alap,0.062,0.286,True,643255,9044060,,607628,24,,0.9446144996929678
case_051,1,1,4,ablation2,lvl_compress,0.063,0.286,True,643255,9044060,,607628,24,,0.9446144996929678
case_049,1,1,5,ablation2,full_c2,0.582,1.784,True,78895,912566,,196276,64,,2.487812915900881
case_049,1,1,5,ablation2,no_comm,0.203,1.345,True,97656,1339190,,196276,47,,2.0098713852707464
case_049,1,1,5,ablation2,no_sync,0.467,1.784,True,78895,912566,,196276,64,,2.487812915900881
case_049,1,1,5,ablation2,no_localsearch,0.163,1.211,True,69579,891320,,196276,65,,2.8209086074821426
case_049,1,1,5,ablation2,no_level,0.573,1.788,True,87603,947046,,196276,185,,2.2405168772758923
case_049,1,1,5,ablation2,no_level_no_comm,0.188,0.981,True,219322,738946,,196276,15,,0.8949216220898952
case_049,1,1,5,ablation2,max_ops500,0.615,1.784,True,78895,912566,,196276,64,,2.487812915900881
case_049,1,1,5,ablation2,lvl_alap,0.557,1.494,True,74787,1166038,,196276,65,,2.624466819099576
case_049,1,1,5,ablation2,lvl_compress,0.599,1.494,True,74787,1166038,,196276,65,,2.624466819099576
case_051,1,1,5,ablation2,full_c2,0.183,0.252,True,623118,3932200,,607628,11,,0.9751411450158718
case_051,1,1,5,ablation2,no_comm,0.06,0.235,True,635334,6226092,,607628,15,,0.9563914413521077
case_051,1,1,5,ablation2,no_sync,0.07,0.255,True,643255,9044060,,607628,24,,0.9446144996929678
case_051,1,1,5,ablation2,no_localsearch,0.021,0.255,True,643255,9044060,,607628,24,,0.9446144996929678
case_051,1,1,5,ablation2,no_level,0.191,0.271,True,631555,9044060,,607628,24,,0.9621141468280673
case_051,1,1,5,ablation2,no_level_no_comm,0.066,0.235,True,635334,6226092,,607628,15,,0.9563914413521077
case_051,1,1,5,ablation2,max_ops500,0.239,0.252,True,623118,3932200,,607628,11,,0.9751411450158718
case_051,1,1,5,ablation2,lvl_alap,0.213,0.252,True,623118,3932200,,607628,11,,0.9751411450158718
case_051,1,1,5,ablation2,lvl_compress,0.214,0.252,True,623118,3932200,,607628,11,,0.9751411450158718
case_050,1,1,3,ablation2,full_c2,0.317,0.917,True,71842,583052,,149690,39,,2.083600122491022
case_050,1,1,3,ablation2,no_comm,0.139,1.505,True,107393,616104,,149690,15,,1.3938524857299823
case_050,1,1,3,ablation2,no_sync,0.269,0.917,True,71842,583052,,149690,39,,2.083600122491022
case_050,1,1,3,ablation2,no_localsearch,0.103,1.23,True,75115,548680,,149690,39,,1.9928110230979166
case_050,1,1,3,ablation2,no_level,0.341,1.399,True,100493,854650,,149690,186,,1.4895564865214492
case_050,1,1,3,ablation2,no_level_no_comm,0.12,1.246,True,159840,480494,,149690,9,,0.936498998998999
case_050,1,1,3,ablation2,max_ops500,0.477,0.917,True,71842,583052,,149690,39,,2.083600122491022
case_050,1,1,3,ablation2,lvl_alap,0.324,1.426,True,77112,1536336,,149690,39,,1.9412024068886815
case_050,1,1,3,ablation2,lvl_compress,0.309,1.426,True,77112,1536336,,149690,39,,1.9412024068886815
case_052,1,1,2,ablation2,full_c2,0.036,0.332,True,92022,73728,,180301,2,,1.9593249440351221
case_052,1,1,2,ablation2,no_comm,0.028,0.386,True,94692,161280,,180301,4,,1.9040784860389472
case_052,1,1,2,ablation2,no_sync,0.034,0.332,True,92022,73728,,180301,2,,1.9593249440351221
case_052,1,1,2,ablation2,no_localsearch,0.016,0.307,True,91393,73728,,180301,2,,1.9728097337870516
case_052,1,1,2,ablation2,no_level,0.032,0.223,True,103069,811008,,180301,47,,1.7493232688781302
case_052,1,1,2,ablation2,no_level_no_comm,0.023,0.227,True,184919,340992,,180301,6,,0.9750269036713372
case_052,1,1,2,ablation2,max_ops500,0.041,0.516,True,88147,81920,,180301,3,,2.0454581551272306
case_052,1,1,2,ablation2,lvl_alap,0.044,0.332,True,92022,73728,,180301,2,,1.9593249440351221
case_052,1,1,2,ablation2,lvl_compress,0.042,0.332,True,92022,73728,,180301,2,,1.9593249440351221
case_050,1,1,2,ablation2,full_c2,0.15,2.184,True,140131,154590,,149690,6,,1.0682147419200605
case_050,1,1,2,ablation2,no_comm,0.173,1.534,True,124908,285542,,149690,7,,1.1984020238895827
case_050,1,1,2,ablation2,no_sync,0.168,2.184,True,140131,154590,,149690,6,,1.0682147419200605
case_050,1,1,2,ablation2,no_localsearch,0.108,1.523,True,135392,259618,,149690,8,,1.1056044670290712
case_050,1,1,2,ablation2,no_level,0.148,1.174,True,145597,298270,,149690,39,,1.0281118429637974
case_050,1,1,2,ablation2,no_level_no_comm,0.075,1.439,True,156429,283582,,149690,6,,0.9569197527312711
case_050,1,1,2,ablation2,max_ops500,0.151,1.167,True,142714,379168,,149690,13,,1.048880978740698
case_050,1,1,2,ablation2,lvl_alap,0.186,2.094,True,117878,581308,,149690,8,,1.2698722407913265
case_050,1,1,2,ablation2,lvl_compress,0.161,2.094,True,117878,581308,,149690,8,,1.2698722407913265
case_052,1,1,3,ablation2,full_c2,0.142,0.379,True,62271,147456,,180301,3,,2.895424836601307
case_052,1,1,3,ablation2,no_comm,0.055,0.417,True,79944,281088,,180301,6,,2.255341238867207
case_052,1,1,3,ablation2,no_sync,0.057,0.379,True,62271,147456,,180301,3,,2.895424836601307
case_052,1,1,3,ablation2,no_localsearch,0.019,0.259,True,60932,147456,,180301,3,,2.9590527145014116
case_052,1,1,3,ablation2,no_level,0.062,0.25,True,69687,811008,,180301,47,,2.587297487336232
case_052,1,1,3,ablation2,no_level_no_comm,0.061,0.226,True,189937,563752,,180301,9,,0.9492673886604506
case_052,1,1,3,ablation2,max_ops500,0.05,0.379,True,62271,147456,,180301,3,,2.895424836601307
case_052,1,1,3,ablation2,lvl_alap,0.059,0.379,True,62271,147456,,180301,3,,2.895424836601307
case_052,1,1,3,ablation2,lvl_compress,0.054,0.379,True,62271,147456,,180301,3,,2.895424836601307
case_052,1,1,4,ablation2,full_c2,0.07,0.595,True,49871,221184,,180301,4,,3.6153475967997433
case_052,1,1,4,ablation2,no_comm,0.108,0.491,True,59746,263040,,180301,7,,3.0177919860743816
case_052,1,1,4,ablation2,no_sync,0.085,0.595,True,49871,221184,,180301,4,,3.6153475967997433
case_052,1,1,4,ablation2,no_localsearch,0.017,0.357,True,48113,221184,,180301,4,,3.747448714484651
case_052,1,1,4,ablation2,no_level,0.074,0.274,True,57729,811008,,180301,47,,3.123230958443763
case_052,1,1,4,ablation2,no_level_no_comm,0.117,0.223,True,189708,736960,,180301,12,,0.9504132667046198
case_052,1,1,4,ablation2,max_ops500,0.072,0.595,True,49871,221184,,180301,4,,3.6153475967997433
case_052,1,1,4,ablation2,lvl_alap,0.079,0.595,True,49871,221184,,180301,4,,3.6153475967997433
case_052,1,1,4,ablation2,lvl_compress,0.077,0.595,True,49871,221184,,180301,4,,3.6153475967997433
case_052,1,1,5,ablation2,full_c2,0.105,0.429,True,40375,294912,,180301,5,,4.4656594427244585
case_052,1,1,5,ablation2,no_comm,0.216,0.419,True,48020,453120,,180301,10,,3.7547063723448564
case_052,1,1,5,ablation2,no_sync,0.101,0.429,True,40375,294912,,180301,5,,4.4656594427244585
case_052,1,1,5,ablation2,no_localsearch,0.018,0.49,True,38615,294912,,180301,5,,4.66919590832578
case_052,1,1,5,ablation2,no_level,0.09,0.27,True,45587,811008,,180301,47,,3.955096847785553
case_052,1,1,5,ablation2,no_level_no_comm,0.188,0.233,True,192653,868422,,180301,15,,0.9358847253870949
case_052,1,1,5,ablation2,max_ops500,0.097,0.429,True,40375,294912,,180301,5,,4.4656594427244585
case_052,1,1,5,ablation2,lvl_alap,0.1,0.429,True,40375,294912,,180301,5,,4.4656594427244585
case_052,1,1,5,ablation2,lvl_compress,0.099,0.429,True,40375,294912,,180301,5,,4.4656594427244585
case_050,1,1,5,ablation2,full_c2,0.599,0.872,True,60066,745434,,149690,65,,2.4920920320980255
case_050,1,1,5,ablation2,no_comm,0.375,1.272,True,74015,860826,,149690,36,,2.0224278862392757
case_050,1,1,5,ablation2,no_sync,0.547,0.872,True,60066,745434,,149690,65,,2.4920920320980255
case_050,1,1,5,ablation2,no_localsearch,0.084,1.052,True,57813,735830,,149690,65,,2.5892100392645254
case_050,1,1,5,ablation2,no_level,0.656,1.53,True,71805,854650,,149690,186,,2.0846737692361255
case_050,1,1,5,ablation2,no_level_no_comm,0.25,1.101,True,166670,590636,,149690,15,,0.8981220375592488
case_050,1,1,5,ablation2,max_ops500,0.602,0.872,True,60066,745434,,149690,65,,2.4920920320980255
case_050,1,1,5,ablation2,lvl_alap,0.623,1.437,True,67090,1710342,,149690,65,,2.2311819943359668
case_050,1,1,5,ablation2,lvl_compress,0.755,1.437,True,67090,1710342,,149690,65,,2.2311819943359668
case_050,1,1,4,ablation2,full_c2,0.561,1.07,True,61002,654496,,149690,40,,2.453853972000918
case_050,1,1,4,ablation2,no_comm,0.158,1.397,True,79770,802256,,149690,24,,1.8765199949855835
case_050,1,1,4,ablation2,no_sync,0.501,1.491,True,65711,771860,,149690,48,,2.2780052046080566
case_050,1,1,4,ablation2,no_localsearch,0.093,1.331,True,65339,895076,,149690,52,,2.290974762393058
case_050,1,1,4,ablation2,no_level,0.581,1.179,True,78827,854650,,149690,186,,1.8989686275007294
case_050,1,1,4,ablation2,no_level_no_comm,0.152,1.174,True,163283,537196,,149690,12,,0.9167518970131612
case_050,1,1,4,ablation2,max_ops500,0.674,1.07,True,61002,654496,,149690,40,,2.453853972000918
case_050,1,1,4,ablation2,lvl_alap,0.723,1.42,True,62921,1623620,,149690,40,,2.3790149552613595
case_050,1,1,4,ablation2,lvl_compress,0.645,1.42,True,62921,1623620,,149690,40,,2.3790149552613595
case_047,1,1,3,ablation2,full_c2,1.063,5.211,True,162674,1531918,,326508,92,,2.0071308260693166
case_047,1,1,3,ablation2,no_comm,0.344,6.042,True,337102,589226,,326508,13,,0.9685733101553833
case_047,1,1,3,ablation2,no_sync,0.858,5.211,True,162674,1531918,,326508,92,,2.0071308260693166
case_047,1,1,3,ablation2,no_localsearch,0.311,4.465,True,160313,1496464,,326508,93,,2.036690723771622
case_047,1,1,3,ablation2,no_level,1.289,13.343,True,225957,2686698,,326508,590,,1.4450005974588085
case_047,1,1,3,ablation2,no_level_no_comm,0.346,5.971,True,338525,575792,,326508,9,,0.9645018831696329
case_047,1,1,3,ablation2,max_ops500,1.262,5.211,True,162674,1531918,,326508,92,,2.0071308260693166
case_047,1,1,3,ablation2,lvl_alap,1.09,5.22,True,161858,1549268,,326508,93,,2.0172496879981217
case_047,1,1,3,ablation2,lvl_compress,1.23,5.22,True,161858,1549268,,326508,93,,2.0172496879981217
case_047,1,1,2,ablation2,full_c2,0.361,7.75,True,333067,417822,,326508,9,,0.9803072655051386
case_047,1,1,2,ablation2,no_comm,0.395,7.812,True,332257,392730,,326508,8,,0.9826971290296367
case_047,1,1,2,ablation2,no_sync,0.54,7.75,True,333067,417822,,326508,9,,0.9803072655051386
case_047,1,1,2,ablation2,no_localsearch,0.281,7.75,True,333067,417822,,326508,9,,0.9803072655051386
case_047,1,1,2,ablation2,no_level,0.469,12.497,True,336493,383774,,326508,36,,0.9703262772182483
case_047,1,1,2,ablation2,no_level_no_comm,0.264,7.607,True,333568,380446,,326508,6,,0.9788349002302379
case_047,1,1,2,ablation2,max_ops500,0.387,4.017,True,339723,1336676,,326508,33,,0.9611006614212168
case_047,1,1,2,ablation2,lvl_alap,0.554,7.896,True,332464,420260,,326508,13,,0.9820852784060831
case_047,1,1,2,ablation2,lvl_compress,0.62,7.896,True,332464,420260,,326508,13,,0.9820852784060831
case_047,1,1,5,ablation2,full_c2,2.076,6.677,True,137150,2292614,,326508,154,,2.3806635071090048
case_047,1,1,5,ablation2,no_comm,0.845,4.989,True,334737,1079652,,326508,35,,0.9754165210299429
case_047,1,1,5,ablation2,no_sync,1.357,6.677,True,137150,2292614,,326508,154,,2.3806635071090048
case_047,1,1,5,ablation2,no_localsearch,0.415,5.939,True,134932,2310282,,326508,155,,2.4197966383067024
case_047,1,1,5,ablation2,no_level,2.067,13.978,True,203284,2686698,,326508,590,,1.6061667420948034
case_047,1,1,5,ablation2,no_level_no_comm,0.611,4.571,True,344446,888914,,326508,15,,0.9479221706740679
case_047,1,1,5,ablation2,max_ops500,2.274,6.677,True,137150,2292614,,326508,154,,2.3806635071090048
case_047,1,1,5,ablation2,lvl_alap,2.131,6.105,True,136384,2296858,,326508,155,,2.3940344908493665
case_047,1,1,5,ablation2,lvl_compress,2.056,6.105,True,136384,2296858,,326508,155,,2.3940344908493665
case_055,1,1,2,ablation2,full_c2,0.039,0.429,True,64398,74240,,118835,2,,1.8453212832696668
case_055,1,1,2,ablation2,no_comm,0.026,0.389,True,60711,256612,,118835,4,,1.957388282189389
case_055,1,1,2,ablation2,no_sync,0.038,0.429,True,64398,74240,,118835,2,,1.8453212832696668
case_055,1,1,2,ablation2,no_localsearch,0.02,0.395,True,59459,74240,,118835,2,,1.9986040801224374
case_055,1,1,2,ablation2,no_level,0.037,0.233,True,70025,247808,,118835,24,,1.697036772581221
case_055,1,1,2,ablation2,no_level_no_comm,0.019,0.364,True,124613,379516,,118835,6,,0.95363244605298
case_055,1,1,2,ablation2,max_ops500,0.044,0.308,True,60452,77316,,118835,4,,1.9657744987758883
case_055,1,1,2,ablation2,lvl_alap,0.039,0.429,True,64398,74240,,118835,2,,1.8453212832696668
case_055,1,1,2,ablation2,lvl_compress,0.049,0.429,True,64398,74240,,118835,2,,1.8453212832696668
case_055,1,1,3,ablation2,full_c2,0.107,0.339,True,41916,99328,,118835,3,,2.8350749117282183
case_055,1,1,3,ablation2,no_comm,0.038,0.384,True,42432,361576,,118835,6,,2.800598604826546
case_055,1,1,3,ablation2,no_sync,0.105,0.339,True,41916,99328,,118835,3,,2.8350749117282183
case_055,1,1,3,ablation2,no_localsearch,0.024,0.403,True,42503,115712,,118835,3,,2.795920287979672
case_055,1,1,3,ablation2,no_level,0.096,0.224,True,46756,247808,,118835,24,,2.541598939173582
case_055,1,1,3,ablation2,no_level_no_comm,0.034,0.419,True,123927,414840,,118835,9,,0.9589112945524382
case_055,1,1,3,ablation2,max_ops500,0.101,0.395,True,41916,99340,,118835,4,,2.8350749117282183
case_055,1,1,3,ablation2,lvl_alap,0.11,0.339,True,41916,99328,,118835,3,,2.8350749117282183
case_055,1,1,3,ablation2,lvl_compress,0.107,0.339,True,41916,99328,,118835,3,,2.8350749117282183
case_055,1,1,4,ablation2,full_c2,0.158,0.377,True,49162,681602,,118835,11,,2.417212481184655
case_055,1,1,4,ablation2,no_comm,0.106,0.368,True,48266,405612,,118835,9,,2.4620851116728133
case_055,1,1,4,ablation2,no_sync,0.123,0.377,True,49162,681602,,118835,11,,2.417212481184655
case_055,1,1,4,ablation2,no_localsearch,0.025,0.495,True,46247,1140430,,118835,12,,2.5695720803511577
case_055,1,1,4,ablation2,no_level,0.136,0.216,True,63887,1116924,,118835,86,,1.8600810806580368
case_055,1,1,4,ablation2,no_level_no_comm,0.093,0.223,True,128697,547980,,118835,12,,0.9233703971343543
case_055,1,1,4,ablation2,max_ops500,0.159,0.377,True,49162,681602,,118835,11,,2.417212481184655
case_055,1,1,4,ablation2,lvl_alap,0.165,0.371,True,41756,1132552,,118835,12,,2.8459383082670753
case_055,1,1,4,ablation2,lvl_compress,0.154,0.371,True,41756,1132552,,118835,12,,2.8459383082670753
case_055,1,1,5,ablation2,full_c2,0.154,0.281,True,42229,874670,,118835,15,,2.8140614269814583
case_055,1,1,5,ablation2,no_comm,0.134,0.395,True,40296,403584,,118835,11,,2.949052015088346
case_055,1,1,5,ablation2,no_sync,0.145,0.281,True,42229,874670,,118835,15,,2.8140614269814583
case_055,1,1,5,ablation2,no_localsearch,0.03,0.432,True,47826,1338602,,118835,16,,2.484736335884247
case_055,1,1,5,ablation2,no_level,0.169,0.216,True,58951,1116924,,118835,86,,2.015826703533443
case_055,1,1,5,ablation2,no_level_no_comm,0.147,0.29,True,126046,663712,,118835,15,,0.9427907271948336
case_055,1,1,5,ablation2,max_ops500,0.189,0.281,True,42229,874670,,118835,15,,2.8140614269814583
case_055,1,1,5,ablation2,lvl_alap,0.173,0.401,True,39688,1324274,,118835,15,,2.9942299939528323
case_055,1,1,5,ablation2,lvl_compress,0.162,0.401,True,39688,1324274,,118835,15,,2.9942299939528323
case_047,1,1,4,ablation2,full_c2,2.045,5.534,True,154972,1910350,,326508,92,,2.1068838241746897
case_047,1,1,4,ablation2,no_comm,0.587,5.482,True,340000,811902,,326508,26,,0.9603176470588235
case_047,1,1,4,ablation2,no_sync,1.091,5.332,True,146525,2512830,,326508,124,,2.228343286128647
case_047,1,1,4,ablation2,no_localsearch,0.446,5.832,True,144597,2517116,,326508,124,,2.2580551463723313
case_047,1,1,4,ablation2,no_level,1.988,14.396,True,194512,2686698,,326508,590,,1.678600806119931
case_047,1,1,4,ablation2,no_level_no_comm,0.629,5.541,True,341753,769024,,326508,12,,0.9553917595456367
case_047,1,1,4,ablation2,max_ops500,2.293,5.617,True,155251,2066524,,326508,100,,2.103097564588956
case_047,1,1,4,ablation2,lvl_alap,2.059,5.329,True,154762,1961686,,326508,92,,2.109742701696799
case_047,1,1,4,ablation2,lvl_compress,2.383,5.329,True,154762,1961686,,326508,92,,2.109742701696799
case_056,1,1,3,ablation2,full_c2,0.61,2.677,True,157273,1716660,,277285,57,,1.763080757663426
case_056,1,1,3,ablation2,no_comm,0.197,2.701,True,276312,917410,,277285,19,,1.0035213816265671
case_056,1,1,3,ablation2,no_sync,0.623,2.677,True,157273,1716660,,277285,57,,1.763080757663426
case_056,1,1,3,ablation2,no_localsearch,0.191,2.273,True,157273,1716660,,277285,57,,1.763080757663426
case_056,1,1,3,ablation2,no_level,0.62,3.029,True,148748,1632002,,277285,336,,1.864125904213838
case_056,1,1,3,ablation2,no_level_no_comm,0.193,2.72,True,289919,722710,,277285,9,,0.9564223110592959
case_056,1,1,3,ablation2,max_ops500,0.598,2.677,True,157273,1716660,,277285,57,,1.763080757663426
case_056,1,1,3,ablation2,lvl_alap,0.768,2.333,True,136182,2188924,,277285,57,,2.036135465773744
case_056,1,1,3,ablation2,lvl_compress,0.637,2.333,True,136182,2188924,,277285,57,,2.036135465773744
case_056,1,1,2,ablation2,full_c2,0.539,2.437,True,160760,1511624,,277285,28,,1.724838268225927
case_056,1,1,2,ablation2,no_comm,0.171,3.209,True,284814,544806,,277285,8,,0.9735652039576707
case_056,1,1,2,ablation2,no_sync,0.326,2.437,True,160760,1511624,,277285,28,,1.724838268225927
case_056,1,1,2,ablation2,no_localsearch,0.186,2.915,True,161385,1514822,,277285,28,,1.7181584409951358
case_056,1,1,2,ablation2,no_level,0.373,3.496,True,203103,1632002,,277285,336,,1.3652432509613348
case_056,1,1,2,ablation2,no_level_no_comm,0.135,3.266,True,285395,540294,,277285,6,,0.9715832442754778
case_056,1,1,2,ablation2,max_ops500,0.373,2.503,True,158631,1543030,,277285,34,,1.7479874677711167
case_056,1,1,2,ablation2,lvl_alap,0.554,2.811,True,158608,1641806,,277285,28,,1.7482409462322204
case_056,1,1,2,ablation2,lvl_compress,0.417,2.811,True,158608,1641806,,277285,28,,1.7482409462322204
case_053,1,1,3,ablation2,full_c2,0.598,6.3,True,891841,7227848,,1472686,9,,1.6512876174116238
case_053,1,1,3,ablation2,no_comm,0.414,8.449,True,781400,8478248,,1472686,8,,1.8846762221653444
case_053,1,1,3,ablation2,no_sync,0.62,6.3,True,891841,7227848,,1472686,9,,1.6512876174116238
case_053,1,1,3,ablation2,no_localsearch,0.371,7.1,True,877105,7226840,,1472686,9,,1.6790304467538093
case_053,1,1,3,ablation2,no_level,0.637,6.725,True,871910,12053858,,1472686,57,,1.6890344186900024
case_053,1,1,3,ablation2,no_level_no_comm,0.42,6.9,True,1467580,7982626,,1472686,9,,1.0034791970454762
case_053,1,1,3,ablation2,max_ops500,0.679,3.615,True,900312,9868096,,1472686,29,,1.6357507175290344
case_053,1,1,3,ablation2,lvl_alap,0.679,7.644,True,570063,10926778,,1472686,15,,2.5833741182992056
case_053,1,1,3,ablation2,lvl_compress,0.832,7.644,True,570063,10926778,,1472686,15,,2.5833741182992056
case_057,1,1,2,ablation2,full_c2,0.044,0.227,True,43772,658320,,59726,6,,1.3644795759846478
case_057,1,1,2,ablation2,no_comm,0.019,0.228,True,33318,235616,,59726,5,,1.792604598115133
case_057,1,1,2,ablation2,no_sync,0.033,0.227,True,43772,658320,,59726,6,,1.3644795759846478
case_057,1,1,2,ablation2,no_localsearch,0.017,0.229,True,44240,665520,,59726,6,,1.3500452079566003
case_057,1,1,2,ablation2,no_level,0.038,0.25,True,68477,842904,,59726,92,,0.8722052660017232
case_057,1,1,2,ablation2,no_level_no_comm,0.014,0.176,True,64714,321664,,59726,6,,0.9229223970083753
case_057,1,1,2,ablation2,max_ops500,0.047,0.227,True,43772,658320,,59726,6,,1.3644795759846478
case_057,1,1,2,ablation2,lvl_alap,0.04,0.263,True,35495,816766,,59726,6,,1.6826595295111988
case_057,1,1,2,ablation2,lvl_compress,0.041,0.263,True,35495,816766,,59726,6,,1.6826595295111988
case_057,1,1,3,ablation2,full_c2,0.066,0.243,True,31844,911060,,59726,9,,1.8755809571661852
case_057,1,1,3,ablation2,no_comm,0.048,0.207,True,28196,286838,,59726,9,,2.1182437225138315
case_057,1,1,3,ablation2,no_sync,0.064,0.243,True,31844,911060,,59726,9,,1.8755809571661852
case_057,1,1,3,ablation2,no_localsearch,0.023,0.273,True,33070,914676,,59726,9,,1.8060477774417902
case_057,1,1,3,ablation2,no_level,0.079,0.231,True,63504,842904,,59726,92,,0.9405076845553036
case_057,1,1,3,ablation2,no_level_no_comm,0.058,0.194,True,65805,366748,,59726,9,,0.9076210014436593
case_057,1,1,3,ablation2,max_ops500,0.063,0.243,True,31844,911060,,59726,9,,1.8755809571661852
case_057,1,1,3,ablation2,lvl_alap,0.061,0.262,True,29540,970546,,59726,9,,2.02186865267434
case_057,1,1,3,ablation2,lvl_compress,0.062,0.262,True,29540,970546,,59726,9,,2.02186865267434
case_057,1,1,4,ablation2,full_c2,0.133,0.227,True,24477,576956,,59726,12,,2.4400866119213958
case_057,1,1,4,ablation2,no_comm,0.066,0.215,True,26459,418476,,59726,13,,2.257303752976303
case_057,1,1,4,ablation2,no_sync,0.111,0.227,True,24477,576956,,59726,12,,2.4400866119213958
case_057,1,1,4,ablation2,no_localsearch,0.025,0.264,True,28322,996416,,59726,12,,2.1088199985876703
case_057,1,1,4,ablation2,no_level,0.117,0.229,True,45511,842904,,59726,93,,1.3123420711476346
case_057,1,1,4,ablation2,no_level_no_comm,0.06,0.345,True,70672,420532,,59726,12,,0.8451154629839257
case_057,1,1,4,ablation2,max_ops500,0.117,0.227,True,24477,576956,,59726,12,,2.4400866119213958
case_057,1,1,4,ablation2,lvl_alap,0.123,0.258,True,26333,1000392,,59726,12,,2.2681046595526526
case_057,1,1,4,ablation2,lvl_compress,0.124,0.258,True,26333,1000392,,59726,12,,2.2681046595526526
case_057,1,1,5,ablation2,full_c2,0.133,0.136,True,19779,271312,,59726,10,,3.0196673239294203
case_057,1,1,5,ablation2,no_comm,0.117,0.214,True,29295,309380,,59726,10,,2.0387779484553676
case_057,1,1,5,ablation2,no_sync,0.136,0.201,True,20776,273360,,59726,11,,2.874759337697343
case_057,1,1,5,ablation2,no_localsearch,0.022,0.367,True,27173,1136516,,59726,15,,2.1979906524859234
case_057,1,1,5,ablation2,no_level,0.119,0.223,True,43079,842904,,59726,93,,1.3864295828593978
case_057,1,1,5,ablation2,no_level_no_comm,0.1,0.177,True,66858,473522,,59726,15,,0.8933261539381974
case_057,1,1,5,ablation2,max_ops500,0.131,0.136,True,19779,271312,,59726,10,,3.0196673239294203
case_057,1,1,5,ablation2,lvl_alap,0.128,0.233,True,19700,454552,,59726,10,,3.031776649746193
case_057,1,1,5,ablation2,lvl_compress,0.119,0.233,True,19700,454552,,59726,10,,3.031776649746193
case_056,1,1,4,ablation2,full_c2,0.858,2.095,True,116709,1276180,,277285,56,,2.3758664713089823
case_056,1,1,4,ablation2,no_comm,0.394,2.361,True,229778,1490534,,277285,29,,1.2067517342826555
case_056,1,1,4,ablation2,no_sync,0.794,2.453,True,131421,1544100,,277285,64,,2.1098987224264008
case_056,1,1,4,ablation2,no_localsearch,0.156,2.795,True,115951,1296986,,277285,56,,2.391398090572742
case_056,1,1,4,ablation2,no_level,0.834,2.922,True,131885,1632002,,277285,336,,2.1024756416575046
case_056,1,1,4,ablation2,no_level_no_comm,0.417,2.216,True,293954,806476,,277285,12,,0.9432938486974153
case_056,1,1,4,ablation2,max_ops500,1.043,2.095,True,116709,1276180,,277285,56,,2.3758664713089823
case_056,1,1,4,ablation2,lvl_alap,0.901,2.672,True,110892,1490826,,277285,56,,2.5004959780687517
case_056,1,1,4,ablation2,lvl_compress,0.981,2.672,True,110892,1490826,,277285,56,,2.5004959780687517
case_053,1,1,4,ablation2,full_c2,0.741,7.268,True,815191,7490090,,1472686,11,,1.8065533108191822
case_053,1,1,4,ablation2,no_comm,0.522,7.168,True,680017,9497834,,1472686,11,,2.1656605643682436
case_053,1,1,4,ablation2,no_sync,0.933,7.733,True,815784,7482744,,1472686,11,,1.8052401125788198
case_053,1,1,4,ablation2,no_localsearch,0.223,5.607,True,799994,7679312,,1472686,12,,1.840871306534799
case_053,1,1,4,ablation2,no_level,0.821,5.567,True,814702,11953350,,1472686,58,,1.8076376392840572
case_053,1,1,4,ablation2,no_level_no_comm,0.414,5.846,True,1456868,8814054,,1472686,12,,1.0108575382258378
case_053,1,1,4,ablation2,max_ops500,0.792,3.569,True,824172,9899538,,1472686,29,,1.7868673043976258
case_053,1,1,4,ablation2,lvl_alap,0.942,8.709,True,556564,11776336,,1472686,20,,2.6460317232160184
case_053,1,1,4,ablation2,lvl_compress,0.974,8.709,True,556564,11776336,,1472686,20,,2.6460317232160184
case_053,1,1,5,ablation2,full_c2,1.549,6.68,True,773041,8463394,,1472686,16,,1.9050554886480795
case_053,1,1,5,ablation2,no_comm,0.521,6.885,True,652486,10261286,,1472686,16,,2.257038465193123
case_053,1,1,5,ablation2,no_sync,1.714,5.362,True,775963,8701482,,1472686,17,,1.8978817288968675
case_053,1,1,5,ablation2,no_localsearch,0.218,5.635,True,799333,8756346,,1472686,17,,1.8423935956603819
case_053,1,1,5,ablation2,no_level,1.483,6.012,True,788232,12468828,,1472686,59,,1.868340793066001
case_053,1,1,5,ablation2,no_level_no_comm,0.533,5.347,True,1460419,9291036,,1472686,15,,1.0083996442116954
case_053,1,1,5,ablation2,max_ops500,1.5,3.575,True,777382,10283432,,1472686,33,,1.8944174164053194
case_053,1,1,5,ablation2,lvl_alap,1.708,7.988,True,578271,11037336,,1472686,30,,2.5467056103453225
case_053,1,1,5,ablation2,lvl_compress,1.909,7.988,True,578271,11037336,,1472686,30,,2.5467056103453225
case_054,1,1,4,ablation2,full_c2,2.28,6.496,True,275253,2564814,,815051,88,,2.9610976083821066
case_054,1,1,4,ablation2,no_comm,0.73,8.021,True,586200,1357592,,815051,18,,1.3903974752644148
case_054,1,1,4,ablation2,no_sync,1.771,6.496,True,275253,2564814,,815051,88,,2.9610976083821066
case_054,1,1,4,ablation2,no_localsearch,0.337,7.816,True,264500,2551950,,815051,88,,3.0814782608695652
case_054,1,1,4,ablation2,no_level,2.349,22.76,True,383191,4458486,,815051,491,,2.1270097679747177
case_054,1,1,4,ablation2,no_level_no_comm,0.52,7.899,True,832790,1306222,,815051,12,,0.9786993119513923
case_054,1,1,4,ablation2,max_ops500,2.219,6.982,True,275695,2852366,,815051,96,,2.9563503146593155
case_054,1,1,4,ablation2,lvl_alap,2.435,8.062,True,297359,4900064,,815051,88,,2.7409663067201597
case_054,1,1,4,ablation2,lvl_compress,2.301,8.062,True,297359,4900064,,815051,88,,2.7409663067201597
case_053,1,1,2,ablation2,full_c2,0.59,10.965,True,950649,6319292,,1472686,4,,1.5491374839714764
case_053,1,1,2,ablation2,no_comm,0.222,12.797,True,991059,7142988,,1472686,5,,1.4859720763345068
case_053,1,1,2,ablation2,no_sync,0.581,10.965,True,950649,6319292,,1472686,4,,1.5491374839714764
case_053,1,1,2,ablation2,no_localsearch,0.238,8.397,True,1031431,6377266,,1472686,6,,1.4278085494812547
case_053,1,1,2,ablation2,no_level,0.402,8.09,True,912943,11762348,,1472686,56,,1.6131193294652568
case_053,1,1,2,ablation2,no_level_no_comm,0.389,10.616,True,1473170,7121388,,1472686,6,,0.9996714567904587
case_053,1,1,2,ablation2,max_ops500,0.412,3.913,True,948933,9694314,,1472686,26,,1.5519388618585295
case_053,1,1,2,ablation2,lvl_alap,0.495,12.679,True,758976,5121886,,1472686,6,,1.9403591154397504
case_053,1,1,2,ablation2,lvl_compress,0.488,12.679,True,758976,5121886,,1472686,6,,1.9403591154397504
case_059,1,1,2,ablation2,full_c2,0.095,1.084,True,369318,360448,,829473,2,,2.2459587672412393
case_059,1,1,2,ablation2,no_comm,0.065,2.465,True,379915,2603008,,829473,4,,2.183312056644249
case_059,1,1,2,ablation2,no_sync,0.088,1.084,True,369318,360448,,829473,2,,2.2459587672412393
case_059,1,1,2,ablation2,no_localsearch,0.057,1.084,True,369318,360448,,829473,2,,2.2459587672412393
case_059,1,1,2,ablation2,no_level,0.233,0.659,True,385500,7569408,,829473,64,,2.15168093385214
case_059,1,1,2,ablation2,no_level_no_comm,0.048,0.9,True,743906,4237312,,829473,6,,1.1150239411968716
case_059,1,1,2,ablation2,max_ops500,0.228,0.776,True,370210,2306048,,829473,6,,2.2405472569622646
case_059,1,1,2,ablation2,lvl_alap,0.098,1.084,True,369318,360448,,829473,2,,2.2459587672412393
case_059,1,1,2,ablation2,lvl_compress,0.097,1.084,True,369318,360448,,829473,2,,2.2459587672412393
case_056,1,1,5,ablation2,full_c2,1.121,2.527,True,98991,1359730,,277285,95,,2.8011132325160872
case_056,1,1,5,ablation2,no_comm,0.546,2.447,True,188002,1767076,,277285,42,,1.474904522292316
case_056,1,1,5,ablation2,no_sync,0.888,2.527,True,98991,1359730,,277285,95,,2.8011132325160872
case_056,1,1,5,ablation2,no_localsearch,0.158,3.025,True,96683,1377620,,277285,95,,2.8679809273605494
case_056,1,1,5,ablation2,no_level,1.165,3.24,True,119280,1632002,,277285,336,,2.3246562709590877
case_056,1,1,5,ablation2,no_level_no_comm,0.565,2.431,True,298837,998520,,277285,15,,0.9278804164142994
case_056,1,1,5,ablation2,max_ops500,1.379,2.527,True,98991,1359730,,277285,95,,2.8011132325160872
case_056,1,1,5,ablation2,lvl_alap,1.429,2.893,True,97378,1675676,,277285,95,,2.8475117583026965
case_056,1,1,5,ablation2,lvl_compress,1.237,2.893,True,97378,1675676,,277285,95,,2.8475117583026965
case_059,1,1,3,ablation2,full_c2,0.129,2.141,True,266217,2998272,,829473,3,,3.1157777301975456
case_059,1,1,3,ablation2,no_comm,0.107,2.459,True,268144,3493888,,829473,6,,3.093386389402709
case_059,1,1,3,ablation2,no_sync,0.132,2.141,True,266217,2998272,,829473,3,,3.1157777301975456
case_059,1,1,3,ablation2,no_localsearch,0.065,2.141,True,266217,2998272,,829473,3,,3.1157777301975456
case_059,1,1,3,ablation2,no_level,0.291,1.362,True,268460,7569408,,829473,64,,3.0897452134396186
case_059,1,1,3,ablation2,no_level_no_comm,0.095,0.985,True,749062,6162432,,829473,9,,1.1073489243881014
case_059,1,1,3,ablation2,max_ops500,0.293,1.51,True,255908,4878336,,829473,6,,3.241293746190037
case_059,1,1,3,ablation2,lvl_alap,0.157,2.141,True,266217,2998272,,829473,3,,3.1157777301975456
case_059,1,1,3,ablation2,lvl_compress,0.178,2.141,True,266217,2998272,,829473,3,,3.1157777301975456
case_059,1,1,4,ablation2,full_c2,0.182,0.997,True,185216,1081344,,829473,4,,4.478408992743607
case_059,1,1,4,ablation2,no_comm,0.131,2.573,True,199559,4456448,,829473,8,,4.156530148978497
case_059,1,1,4,ablation2,no_sync,0.173,0.997,True,185216,1081344,,829473,4,,4.478408992743607
case_059,1,1,4,ablation2,no_localsearch,0.057,0.997,True,185216,1081344,,829473,4,,4.478408992743607
case_059,1,1,4,ablation2,no_level,0.18,1.337,True,198236,7569408,,829473,64,,4.184270263726064
case_059,1,1,4,ablation2,no_level_no_comm,0.137,1.099,True,752285,6512640,,829473,12,,1.1026047309197977
case_059,1,1,4,ablation2,max_ops500,0.203,1.251,True,187224,2359296,,829473,8,,4.430377515703115
case_059,1,1,4,ablation2,lvl_alap,0.231,0.997,True,185216,1081344,,829473,4,,4.478408992743607
case_059,1,1,4,ablation2,lvl_compress,0.205,0.997,True,185216,1081344,,829473,4,,4.478408992743607
case_059,1,1,5,ablation2,full_c2,0.439,1.756,True,150782,4325376,,829473,5,,5.501140719714555
case_059,1,1,5,ablation2,no_comm,0.185,1.701,True,162557,4958208,,829473,10,,5.102659374865432
case_059,1,1,5,ablation2,no_sync,0.238,1.756,True,150782,4325376,,829473,5,,5.501140719714555
case_059,1,1,5,ablation2,no_localsearch,0.063,1.756,True,150782,4325376,,829473,5,,5.501140719714555
case_059,1,1,5,ablation2,no_level,0.238,0.68,True,163124,7569408,,829473,64,,5.084923125965523
case_059,1,1,5,ablation2,no_level_no_comm,0.183,1.147,True,757213,6975488,,829473,15,,1.0954288951721642
case_059,1,1,5,ablation2,max_ops500,0.269,2.259,True,154886,5517312,,829473,10,,5.355377503454154
case_059,1,1,5,ablation2,lvl_alap,0.261,1.756,True,150782,4325376,,829473,5,,5.501140719714555
case_059,1,1,5,ablation2,lvl_compress,0.251,1.756,True,150782,4325376,,829473,5,,5.501140719714555
case_054,1,1,3,ablation2,full_c2,1.936,6.235,True,429375,2395612,,815051,48,,1.8982264919941776
case_054,1,1,3,ablation2,no_comm,0.458,9.514,True,614068,1049958,,815051,11,,1.3272976282756959
case_054,1,1,3,ablation2,no_sync,1.275,6.133,True,471252,2788240,,815051,55,,1.7295438533947867
case_054,1,1,3,ablation2,no_localsearch,0.466,5.942,True,488655,2957474,,815051,60,,1.6679477340864208
case_054,1,1,3,ablation2,no_level,1.671,24.498,True,445301,4458486,,815051,491,,1.8303372325685323
case_054,1,1,3,ablation2,no_level_no_comm,0.384,9.685,True,829249,1055010,,815051,9,,0.9828784840259078
case_054,1,1,3,ablation2,max_ops500,1.6,6.564,True,429349,2883644,,815051,62,,1.8983414425094736
case_054,1,1,3,ablation2,lvl_alap,1.614,7.685,True,440601,3908952,,815051,48,,1.8498618931868063
case_054,1,1,3,ablation2,lvl_compress,1.949,7.685,True,440601,3908952,,815051,48,,1.8498618931868063
case_061,1,1,2,ablation2,full_c2,0.065,0.264,True,54807,191878,,77191,6,,1.4084149834875108
case_061,1,1,2,ablation2,no_comm,0.028,0.387,True,51747,115156,,77191,4,,1.491700001932479
case_061,1,1,2,ablation2,no_sync,0.048,0.264,True,54807,191878,,77191,6,,1.4084149834875108
case_061,1,1,2,ablation2,no_localsearch,0.026,0.369,True,53283,190082,,77191,6,,1.4486984591708425
case_061,1,1,2,ablation2,no_level,0.064,0.388,True,80289,468476,,77191,97,,0.9614143905142672
case_061,1,1,2,ablation2,no_level_no_comm,0.024,0.259,True,91494,149976,,77191,6,,0.8436728091459549
case_061,1,1,2,ablation2,max_ops500,0.055,0.264,True,54807,191878,,77191,6,,1.4084149834875108
case_061,1,1,2,ablation2,lvl_alap,0.07,0.217,True,49004,612466,,77191,6,,1.575197943025059
case_061,1,1,2,ablation2,lvl_compress,0.06,0.217,True,49004,612466,,77191,6,,1.575197943025059
case_061,1,1,3,ablation2,full_c2,0.115,0.269,True,42440,263334,,77191,9,,1.8188265786993403
case_061,1,1,3,ablation2,no_comm,0.043,0.623,True,36015,189736,,77191,7,,2.1433014021935306
case_061,1,1,3,ablation2,no_sync,0.108,0.269,True,42440,263334,,77191,9,,1.8188265786993403
case_061,1,1,3,ablation2,no_localsearch,0.028,0.342,True,43345,265638,,77191,9,,1.7808513092628908
case_061,1,1,3,ablation2,no_level,0.105,0.336,True,72299,468476,,77191,97,,1.0676634531597948
case_061,1,1,3,ablation2,no_level_no_comm,0.048,0.253,True,94657,228916,,77191,9,,0.81548115828729
case_061,1,1,3,ablation2,max_ops500,0.112,0.269,True,42440,263334,,77191,9,,1.8188265786993403
case_061,1,1,3,ablation2,lvl_alap,0.109,0.29,True,35625,810392,,77191,9,,2.166764912280702
case_061,1,1,3,ablation2,lvl_compress,0.116,0.29,True,35625,810392,,77191,9,,2.166764912280702
case_054,1,1,5,ablation2,full_c2,2.297,7.355,True,290837,2979518,,815051,110,,2.802432290251928
case_054,1,1,5,ablation2,no_comm,0.886,7.103,True,538254,1902162,,815051,27,,1.514249777985858
case_054,1,1,5,ablation2,no_sync,1.665,7.355,True,290837,2979518,,815051,110,,2.802432290251928
case_054,1,1,5,ablation2,no_localsearch,0.327,7.53,True,304873,3009212,,815051,110,,2.673411551695296
case_054,1,1,5,ablation2,no_level,2.412,23.187,True,340361,4458486,,815051,491,,2.394666251421285
case_054,1,1,5,ablation2,no_level_no_comm,0.704,6.861,True,834801,1523774,,815051,15,,0.976341667055981
case_054,1,1,5,ablation2,max_ops500,2.509,8.042,True,292346,3287838,,815051,118,,2.787966998009208
case_054,1,1,5,ablation2,lvl_alap,2.496,8.689,True,301756,5665682,,815051,110,,2.7010266572992747
case_054,1,1,5,ablation2,lvl_compress,2.464,8.689,True,301756,5665682,,815051,110,,2.7010266572992747
case_061,1,1,4,ablation2,full_c2,0.117,0.408,True,32924,340676,,77191,12,,2.344520714372494
case_061,1,1,4,ablation2,no_comm,0.065,0.358,True,31553,209342,,77191,8,,2.446391785250214
case_061,1,1,4,ablation2,no_sync,0.097,0.408,True,32924,340676,,77191,12,,2.344520714372494
case_061,1,1,4,ablation2,no_localsearch,0.025,0.347,True,39636,350660,,77191,12,,1.9474972247451812
case_061,1,1,4,ablation2,no_level,0.119,0.752,True,56666,488956,,77191,98,,1.3622101436487488
case_061,1,1,4,ablation2,no_level_no_comm,0.064,0.255,True,94141,277832,,77191,12,,0.8199509246768145
case_061,1,1,4,ablation2,max_ops500,0.107,0.408,True,32924,340676,,77191,12,,2.344520714372494
case_061,1,1,4,ablation2,lvl_alap,0.106,0.431,True,29145,691168,,77191,12,,2.6485160404872192
case_061,1,1,4,ablation2,lvl_compress,0.112,0.431,True,29145,691168,,77191,12,,2.6485160404872192
case_061,1,1,5,ablation2,full_c2,0.156,0.41,True,31003,401636,,77191,16,,2.489791310518337
case_061,1,1,5,ablation2,no_comm,0.218,0.351,True,32423,171340,,77191,9,,2.380748234278136
case_061,1,1,5,ablation2,no_sync,0.13,0.41,True,31003,401636,,77191,16,,2.489791310518337
case_061,1,1,5,ablation2,no_localsearch,0.038,0.444,True,30690,403940,,77191,16,,2.515184099055067
case_061,1,1,5,ablation2,no_level,0.142,0.244,True,53228,495104,,77191,100,,1.450195385887127
case_061,1,1,5,ablation2,no_level_no_comm,0.208,0.297,True,94659,351578,,77191,15,,0.815463928416738
case_061,1,1,5,ablation2,max_ops500,0.205,0.41,True,31003,401636,,77191,16,,2.489791310518337
case_061,1,1,5,ablation2,lvl_alap,0.417,0.372,True,30911,854484,,77191,20,,2.497201643427906
case_061,1,1,5,ablation2,lvl_compress,0.178,0.372,True,30911,854484,,77191,20,,2.497201643427906
case_028,1,1,2,ablation2,full_c2,0.53,265.553,True,23638628,277473600,,43836040,2,,1.8544240384848054
case_028,1,1,2,ablation2,no_comm,0.493,217.218,True,23580598,277068288,,43836040,4,,1.8589876304239612
case_028,1,1,2,ablation2,no_sync,0.521,265.553,True,23638628,277473600,,43836040,2,,1.8544240384848054
case_028,1,1,2,ablation2,no_localsearch,0.24,265.553,True,23638628,277473600,,43836040,2,,1.8544240384848054
case_028,1,1,2,ablation2,no_level,0.459,10.071,True,20808437,326568960,,43836040,153,,2.1066474142195304
case_028,1,1,2,ablation2,no_level_no_comm,0.375,31.878,True,43937328,276661728,,43836040,6,,0.9976947164379226
case_028,1,1,2,ablation2,max_ops500,0.513,8.127,True,24180595,278857320,,43836040,40,,1.812860270808059
case_028,1,1,2,ablation2,lvl_alap,0.652,265.553,True,23638628,277473600,,43836040,2,,1.8544240384848054
case_028,1,1,2,ablation2,lvl_compress,0.541,265.553,True,23638628,277473600,,43836040,2,,1.8544240384848054
case_060,1,1,2,ablation2,full_c2,0.249,10.216,True,454346,2701324,,888789,2,,1.9561941780053087
case_060,1,1,2,ablation2,no_comm,0.32,12.092,True,468614,2600244,,888789,4,,1.8966334765926753
case_060,1,1,2,ablation2,no_sync,0.21,10.216,True,454346,2701324,,888789,2,,1.9561941780053087
case_060,1,1,2,ablation2,no_localsearch,0.105,11.698,True,452002,2724108,,888789,2,,1.966338644519272
case_060,1,1,2,ablation2,no_level,0.265,1.694,True,468354,8109056,,888789,89,,1.897686365441525
case_060,1,1,2,ablation2,no_level_no_comm,0.123,3.118,True,881090,4008372,,888789,6,,1.0087380403817998
case_060,1,1,2,ablation2,max_ops500,0.219,3.407,True,449064,5187738,,888789,12,,1.9792034097589652
case_060,1,1,2,ablation2,lvl_alap,0.275,10.216,True,454346,2701324,,888789,2,,1.9561941780053087
case_060,1,1,2,ablation2,lvl_compress,0.257,10.216,True,454346,2701324,,888789,2,,1.9561941780053087
case_054,1,1,2,ablation2,full_c2,0.58,14.297,True,657841,472660,,815051,5,,1.2389787197818318
case_054,1,1,2,ablation2,no_comm,0.443,15.014,True,661667,682394,,815051,7,,1.2318144927886687
case_054,1,1,2,ablation2,no_sync,0.514,14.297,True,657841,472660,,815051,5,,1.2389787197818318
case_054,1,1,2,ablation2,no_localsearch,0.438,15.17,True,669665,533914,,815051,7,,1.217102581141317
case_054,1,1,2,ablation2,no_level,0.641,36.693,True,686276,1549010,,815051,48,,1.187643163974844
case_054,1,1,2,ablation2,no_level_no_comm,0.26,16.146,True,823576,703448,,815051,6,,0.9896487998678932
case_054,1,1,2,ablation2,max_ops500,0.589,5.063,True,670048,2252902,,815051,34,,1.216406884282917
case_054,1,1,2,ablation2,lvl_alap,0.753,18.308,True,510285,1292256,,815051,8,,1.597246636683422
case_054,1,1,2,ablation2,lvl_compress,0.669,18.308,True,510285,1292256,,815051,8,,1.597246636683422
case_060,1,1,3,ablation2,full_c2,0.368,10.861,True,311884,3114112,,888789,3,,2.8497422118479947
case_060,1,1,3,ablation2,no_comm,0.369,10.465,True,397128,3105196,,888789,5,,2.238041638967789
case_060,1,1,3,ablation2,no_sync,0.372,10.861,True,311884,3114112,,888789,3,,2.8497422118479947
case_060,1,1,3,ablation2,no_localsearch,0.13,10.972,True,298981,3164416,,888789,3,,2.9727273639462037
case_060,1,1,3,ablation2,no_level,0.405,1.868,True,321366,8109056,,888789,89,,2.7656597150912043
case_060,1,1,3,ablation2,no_level_no_comm,0.386,2.736,True,875792,5345880,,888789,9,,1.0148402817107258
case_060,1,1,3,ablation2,max_ops500,0.398,4.702,True,303193,6063380,,888789,12,,2.931429815332148
case_060,1,1,3,ablation2,lvl_alap,0.381,10.861,True,311884,3114112,,888789,3,,2.8497422118479947
case_060,1,1,3,ablation2,lvl_compress,0.414,10.861,True,311884,3114112,,888789,3,,2.8497422118479947
case_060,1,1,5,ablation2,full_c2,0.725,9.628,True,196763,4039168,,888789,5,,4.517053511076778
case_060,1,1,5,ablation2,no_comm,1.387,10.192,True,249015,4118828,,888789,9,,3.569218721763749
case_060,1,1,5,ablation2,no_sync,0.702,9.628,True,196763,4039168,,888789,5,,4.517053511076778
case_060,1,1,5,ablation2,no_localsearch,0.116,10.214,True,179018,4039168,,888789,5,,4.964802422102805
case_060,1,1,5,ablation2,no_level,0.687,2.347,True,209430,8109056,,888789,89,,4.243847586305687
case_060,1,1,5,ablation2,no_level_no_comm,1.405,2.565,True,883001,6761200,,888789,15,,1.0065549189638516
case_060,1,1,5,ablation2,max_ops500,0.751,6.196,True,189327,5947036,,888789,13,,4.694465131756168
case_060,1,1,5,ablation2,lvl_alap,0.675,9.628,True,196763,4039168,,888789,5,,4.517053511076778
case_060,1,1,5,ablation2,lvl_compress,0.715,9.628,True,196763,4039168,,888789,5,,4.517053511076778
case_063,1,1,2,ablation2,full_c2,0.244,14.138,True,541861,168960,,1070397,6,,1.9754088225578146
case_063,1,1,2,ablation2,no_comm,0.157,14.138,True,541861,168960,,1070397,6,,1.9754088225578146
case_063,1,1,2,ablation2,no_sync,0.422,14.138,True,541861,168960,,1070397,6,,1.9754088225578146
case_063,1,1,2,ablation2,no_localsearch,0.168,14.138,True,541861,168960,,1070397,6,,1.9754088225578146
case_063,1,1,2,ablation2,no_level,0.247,3.271,True,1076594,116736,,1070397,6,,0.9942438839525393
case_063,1,1,2,ablation2,no_level_no_comm,0.151,3.271,True,1076594,116736,,1070397,6,,0.9942438839525393
case_063,1,1,2,ablation2,max_ops500,0.434,3.036,True,543910,368640,,1070397,20,,1.9679671269143793
case_063,1,1,2,ablation2,lvl_alap,0.272,7.113,True,637223,2749440,,1070397,7,,1.679784000263644
case_063,1,1,2,ablation2,lvl_compress,0.454,7.113,True,637223,2749440,,1070397,7,,1.679784000263644
case_060,1,1,4,ablation2,full_c2,0.519,8.275,True,232967,3690752,,888789,4,,3.8150853983611412
case_060,1,1,4,ablation2,no_comm,0.741,10.906,True,229440,3522988,,888789,8,,3.8737316945606692
case_060,1,1,4,ablation2,no_sync,0.719,8.275,True,232967,3690752,,888789,4,,3.8150853983611412
case_060,1,1,4,ablation2,no_localsearch,0.104,10.778,True,233139,3646848,,888789,4,,3.8122707912447082
case_060,1,1,4,ablation2,no_level,0.546,2.309,True,242880,8109056,,888789,89,,3.659375
case_060,1,1,4,ablation2,no_level_no_comm,0.756,2.119,True,883163,5616312,,888789,12,,1.0063702849870295
case_060,1,1,4,ablation2,max_ops500,0.713,4.846,True,232968,5700020,,888789,12,,3.8150690223550017
case_060,1,1,4,ablation2,lvl_alap,0.672,8.275,True,232967,3690752,,888789,4,,3.8150853983611412
case_060,1,1,4,ablation2,lvl_compress,0.482,8.275,True,232967,3690752,,888789,4,,3.8150853983611412
case_064,1,1,2,ablation2,full_c2,0.037,0.169,True,20862,98092,,19116,20,,0.9163071613459879
case_064,1,1,2,ablation2,no_comm,0.017,0.173,True,24567,95574,,19116,7,,0.7781169862010013
case_064,1,1,2,ablation2,no_sync,0.033,0.169,True,20862,98092,,19116,20,,0.9163071613459879
case_064,1,1,2,ablation2,no_localsearch,0.017,0.172,True,22218,87944,,19116,20,,0.8603834728598434
case_064,1,1,2,ablation2,no_level,0.037,0.904,True,29376,124826,,19116,69,,0.6507352941176471
case_064,1,1,2,ablation2,no_level_no_comm,0.016,0.169,True,24617,86906,,19116,6,,0.7765365397895763
case_064,1,1,2,ablation2,max_ops500,0.04,0.169,True,20862,98092,,19116,20,,0.9163071613459879
case_064,1,1,2,ablation2,lvl_alap,0.041,0.18,True,20899,100754,,19116,20,,0.9146849131537395
case_064,1,1,2,ablation2,lvl_compress,0.043,0.18,True,20899,100754,,19116,20,,0.9146849131537395
case_063,1,1,3,ablation2,full_c2,0.315,10.058,True,362295,218112,,1070397,9,,2.9544901254502545
case_063,1,1,3,ablation2,no_comm,0.21,10.058,True,362295,218112,,1070397,9,,2.9544901254502545
case_063,1,1,3,ablation2,no_sync,0.325,10.058,True,362295,218112,,1070397,9,,2.9544901254502545
case_063,1,1,3,ablation2,no_localsearch,0.341,10.058,True,362295,218112,,1070397,9,,2.9544901254502545
case_063,1,1,3,ablation2,no_level,0.267,2.769,True,1079909,122880,,1070397,9,,0.9911918504244339
case_063,1,1,3,ablation2,no_level_no_comm,0.225,2.769,True,1079909,122880,,1070397,9,,0.9911918504244339
case_063,1,1,3,ablation2,max_ops500,0.504,3.412,True,363446,373248,,1070397,21,,2.9451335274015946
case_063,1,1,3,ablation2,lvl_alap,0.311,7.387,True,465013,3442176,,1070397,9,,2.3018646790519837
case_063,1,1,3,ablation2,lvl_compress,0.336,7.387,True,465013,3442176,,1070397,9,,2.3018646790519837
case_064,1,1,3,ablation2,full_c2,0.06,0.189,True,17695,115524,,19116,30,,1.0803051709522464
case_064,1,1,3,ablation2,no_comm,0.025,0.189,True,17507,131790,,19116,20,,1.0919060947049752
case_064,1,1,3,ablation2,no_sync,0.054,0.189,True,17695,115524,,19116,30,,1.0803051709522464
case_064,1,1,3,ablation2,no_localsearch,0.019,0.182,True,17756,116612,,19116,30,,1.0765938274386122
case_064,1,1,3,ablation2,no_level,0.06,0.159,True,27509,124826,,19116,69,,0.6948998509578683
case_064,1,1,3,ablation2,no_level_no_comm,0.025,0.178,True,27795,113224,,19116,9,,0.6877495952509444
case_064,1,1,3,ablation2,max_ops500,0.067,0.189,True,17695,115524,,19116,30,,1.0803051709522464
case_064,1,1,3,ablation2,lvl_alap,0.07,0.242,True,17646,117382,,19116,30,,1.083304998299898
case_064,1,1,3,ablation2,lvl_compress,0.067,0.242,True,17646,117382,,19116,30,,1.083304998299898
case_064,1,1,4,ablation2,full_c2,0.083,0.204,True,18511,122110,,19116,35,,1.0326832694073793
case_064,1,1,4,ablation2,no_comm,0.112,0.173,True,22453,73078,,19116,9,,0.8513784349530129
case_064,1,1,4,ablation2,no_sync,0.074,0.204,True,18511,122110,,19116,35,,1.0326832694073793
case_064,1,1,4,ablation2,no_localsearch,0.019,0.148,True,18247,117888,,19116,35,,1.0476242670027949
case_064,1,1,4,ablation2,no_level,0.081,0.203,True,24807,124826,,19116,69,,0.7705889466682792
case_064,1,1,4,ablation2,no_level_no_comm,0.112,0.182,True,25515,130392,,19116,12,,0.7492063492063492
case_064,1,1,4,ablation2,max_ops500,0.086,0.204,True,18511,122110,,19116,35,,1.0326832694073793
case_064,1,1,4,ablation2,lvl_alap,0.09,0.337,True,18324,125156,,19116,39,,1.043222003929273
case_064,1,1,4,ablation2,lvl_compress,0.088,0.337,True,18324,125156,,19116,39,,1.043222003929273
case_065,1,1,2,ablation2,full_c2,0.024,0.209,True,27668,13824,,53068,2,,1.9180280468411162
case_065,1,1,2,ablation2,no_comm,0.014,0.21,True,28974,148530,,53068,5,,1.8315731345344102
case_065,1,1,2,ablation2,no_sync,0.027,0.209,True,27668,13824,,53068,2,,1.9180280468411162
case_065,1,1,2,ablation2,no_localsearch,0.011,0.194,True,28178,13824,,53068,2,,1.8833132230818368
case_065,1,1,2,ablation2,no_level,0.023,0.168,True,31785,110592,,53068,35,,1.6695925751140475
case_065,1,1,2,ablation2,no_level_no_comm,0.012,0.151,True,59050,187448,,53068,6,,0.8986960203217612
case_065,1,1,2,ablation2,max_ops500,0.03,0.209,True,27668,13824,,53068,2,,1.9180280468411162
case_065,1,1,2,ablation2,lvl_alap,0.026,0.209,True,27668,13824,,53068,2,,1.9180280468411162
case_065,1,1,2,ablation2,lvl_compress,0.025,0.209,True,27668,13824,,53068,2,,1.9180280468411162
case_065,1,1,3,ablation2,full_c2,0.037,0.211,True,18164,27648,,53068,3,,2.9216031711076855
case_065,1,1,3,ablation2,no_comm,0.021,0.199,True,25021,219456,,53068,8,,2.1209384117341434
case_065,1,1,3,ablation2,no_sync,0.034,0.211,True,18164,27648,,53068,3,,2.9216031711076855
case_065,1,1,3,ablation2,no_localsearch,0.011,0.182,True,19558,27648,,53068,3,,2.713365374782698
case_065,1,1,3,ablation2,no_level,0.034,0.11,True,21992,110592,,53068,35,,2.4130592942888325
case_065,1,1,3,ablation2,no_level_no_comm,0.211,0.144,True,62520,224568,,53068,9,,0.8488163787587972
case_065,1,1,3,ablation2,max_ops500,0.036,0.211,True,18164,27648,,53068,3,,2.9216031711076855
case_065,1,1,3,ablation2,lvl_alap,0.04,0.211,True,18164,27648,,53068,3,,2.9216031711076855
case_065,1,1,3,ablation2,lvl_compress,0.041,0.211,True,18164,27648,,53068,3,,2.9216031711076855
case_064,1,1,5,ablation2,full_c2,0.249,0.309,True,34984,224552,,19116,89,,0.5464212211296593
case_064,1,1,5,ablation2,no_comm,0.155,0.181,True,22440,51892,,19116,9,,0.8518716577540107
case_064,1,1,5,ablation2,no_sync,0.13,0.472,True,36597,221670,,19116,84,,0.5223378965488974
case_064,1,1,5,ablation2,no_localsearch,0.021,0.342,True,45457,282330,,19116,140,,0.4205292914182634
case_064,1,1,5,ablation2,no_level,0.248,0.334,True,72742,299090,,19116,273,,0.26279178466360564
case_064,1,1,5,ablation2,no_level_no_comm,0.144,0.208,True,24220,126980,,19116,15,,0.7892650701899256
case_064,1,1,5,ablation2,max_ops500,0.25,0.309,True,34984,224552,,19116,89,,0.5464212211296593
case_064,1,1,5,ablation2,lvl_alap,0.251,0.329,True,34333,243824,,19116,110,,0.5567821046806279
case_064,1,1,5,ablation2,lvl_compress,0.266,0.329,True,34333,243824,,19116,110,,0.5567821046806279
case_065,1,1,4,ablation2,full_c2,0.067,0.205,True,14019,41472,,53068,4,,3.78543405378415
case_065,1,1,4,ablation2,no_comm,0.082,0.202,True,24185,176192,,53068,7,,2.1942526359313623
case_065,1,1,4,ablation2,no_sync,0.069,0.205,True,14019,41472,,53068,4,,3.78543405378415
case_065,1,1,4,ablation2,no_localsearch,0.011,0.197,True,15124,41472,,53068,4,,3.5088600899233007
case_065,1,1,4,ablation2,no_level,0.067,0.13,True,18240,110592,,53068,35,,2.9094298245614034
case_065,1,1,4,ablation2,no_level_no_comm,0.092,0.138,True,59941,292176,,53068,12,,0.8853372482941559
case_065,1,1,4,ablation2,max_ops500,0.065,0.205,True,14019,41472,,53068,4,,3.78543405378415
case_065,1,1,4,ablation2,lvl_alap,0.065,0.205,True,14019,41472,,53068,4,,3.78543405378415
case_065,1,1,4,ablation2,lvl_compress,0.068,0.205,True,14019,41472,,53068,4,,3.78543405378415
case_065,1,1,5,ablation2,full_c2,0.064,0.183,True,12643,55296,,53068,5,,4.197421498062169
case_065,1,1,5,ablation2,no_comm,0.107,0.209,True,18581,206164,,53068,12,,2.8560357354286636
case_065,1,1,5,ablation2,no_sync,0.063,0.183,True,12643,55296,,53068,5,,4.197421498062169
case_065,1,1,5,ablation2,no_localsearch,0.013,0.232,True,12727,55296,,53068,5,,4.169717922526911
case_065,1,1,5,ablation2,no_level,0.067,0.17,True,14975,110592,,53068,35,,3.543772954924875
case_065,1,1,5,ablation2,no_level_no_comm,0.118,0.169,True,62324,344416,,53068,15,,0.851485783967653
case_065,1,1,5,ablation2,max_ops500,0.062,0.183,True,12643,55296,,53068,5,,4.197421498062169
case_065,1,1,5,ablation2,lvl_alap,0.063,0.183,True,12643,55296,,53068,5,,4.197421498062169
case_065,1,1,5,ablation2,lvl_compress,0.063,0.183,True,12643,55296,,53068,5,,4.197421498062169
case_063,1,1,4,ablation2,full_c2,0.527,8.729,True,274482,337920,,1070397,13,,3.8996983408748114
case_063,1,1,4,ablation2,no_comm,0.294,8.729,True,274482,337920,,1070397,13,,3.8996983408748114
case_063,1,1,4,ablation2,no_sync,0.36,8.729,True,274482,337920,,1070397,13,,3.8996983408748114
case_063,1,1,4,ablation2,no_localsearch,0.355,8.729,True,274482,337920,,1070397,13,,3.8996983408748114
case_063,1,1,4,ablation2,no_level,0.346,2.052,True,1083680,211968,,1070397,12,,0.987742691569467
case_063,1,1,4,ablation2,no_level_no_comm,0.269,2.052,True,1083680,211968,,1070397,12,,0.987742691569467
case_063,1,1,4,ablation2,max_ops500,0.4,3.831,True,275243,479232,,1070397,25,,3.8889163393801116
case_063,1,1,4,ablation2,lvl_alap,0.392,6.586,True,329477,3505152,,1070397,14,,3.2487760905920595
case_063,1,1,4,ablation2,lvl_compress,0.57,6.586,True,329477,3505152,,1070397,14,,3.2487760905920595
case_063,1,1,5,ablation2,full_c2,0.479,5.287,True,222078,408576,,1070397,19,,4.81991462459136
case_063,1,1,5,ablation2,no_comm,0.342,5.287,True,222078,408576,,1070397,19,,4.81991462459136
case_063,1,1,5,ablation2,no_sync,0.435,5.287,True,222078,408576,,1070397,19,,4.81991462459136
case_063,1,1,5,ablation2,no_localsearch,0.339,5.287,True,222078,408576,,1070397,19,,4.81991462459136
case_063,1,1,5,ablation2,no_level,0.424,1.949,True,1086935,248832,,1070397,15,,0.984784738737827
case_063,1,1,5,ablation2,no_level_no_comm,0.339,1.949,True,1086935,248832,,1070397,15,,0.984784738737827
case_063,1,1,5,ablation2,max_ops500,0.602,3.691,True,223576,509952,,1070397,29,,4.7876203170286615
case_063,1,1,5,ablation2,lvl_alap,0.625,6.074,True,307999,3964416,,1070397,20,,3.475326218591619
case_063,1,1,5,ablation2,lvl_compress,0.479,6.074,True,307999,3964416,,1070397,20,,3.475326218591619
case_058,1,1,5,ablation2,full_c2,1.429,43.954,True,1157950,29040640,,4539717,5,,3.920477568116067
case_058,1,1,5,ablation2,no_comm,1.073,206.361,True,948106,31719424,,4539717,5,,4.788195623696085
case_058,1,1,5,ablation2,no_sync,1.358,43.954,True,1157950,29040640,,4539717,5,,3.920477568116067
case_058,1,1,5,ablation2,no_localsearch,0.267,43.954,True,1157950,29040640,,4539717,5,,3.920477568116067
case_058,1,1,5,ablation2,no_level,1.169,29.872,True,1079919,32440320,,4539717,17,,4.2037569484378
case_058,1,1,5,ablation2,no_level_no_comm,1.139,43.133,True,982527,32845824,,4539717,15,,4.620450125034732
case_058,1,1,5,ablation2,max_ops500,1.122,8.49,True,1145241,40304640,,4539717,34,,3.9639839998742623
case_058,1,1,5,ablation2,lvl_alap,1.17,43.954,True,1157950,29040640,,4539717,5,,3.920477568116067
case_058,1,1,5,ablation2,lvl_compress,1.371,43.954,True,1157950,29040640,,4539717,5,,3.920477568116067
case_066,1,1,3,ablation2,full_c2,0.478,2.522,True,172004,1921586,,359070,30,,2.0875677309830003
case_066,1,1,3,ablation2,no_comm,0.175,2.999,True,280817,1706680,,359070,16,,1.2786619043718863
case_066,1,1,3,ablation2,no_sync,0.552,2.522,True,172004,1921586,,359070,30,,2.0875677309830003
case_066,1,1,3,ablation2,no_localsearch,0.133,2.442,True,168908,1979482,,359070,30,,2.125831813768442
case_066,1,1,3,ablation2,no_level,0.481,3.06,True,231057,2608148,,359070,270,,1.554032121943936
case_066,1,1,3,ablation2,no_level_no_comm,0.169,2.125,True,372704,1404442,,359070,9,,0.963418691508543
case_066,1,1,3,ablation2,max_ops500,0.695,2.404,True,172375,2019008,,359070,34,,2.083074691805656
case_066,1,1,3,ablation2,lvl_alap,0.493,2.314,True,173619,2472648,,359070,30,,2.0681492232992933
case_066,1,1,3,ablation2,lvl_compress,0.463,2.314,True,173619,2472648,,359070,30,,2.0681492232992933
case_066,1,1,2,ablation2,full_c2,0.329,1.87,True,238413,1463240,,359070,15,,1.5060839803198651
case_066,1,1,2,ablation2,no_comm,0.415,3.59,True,361031,1000554,,359070,7,,0.9945683334672092
case_066,1,1,2,ablation2,no_sync,0.245,1.87,True,238413,1463240,,359070,15,,1.5060839803198651
case_066,1,1,2,ablation2,no_localsearch,0.35,2.416,True,241891,1570036,,359070,16,,1.48442893700055
case_066,1,1,2,ablation2,no_level,0.306,2.737,True,286915,2608148,,359070,270,,1.251485631633062
case_066,1,1,2,ablation2,no_level_no_comm,0.109,2.52,True,363263,1043720,,359070,6,,0.9884573986340475
case_066,1,1,2,ablation2,max_ops500,0.32,1.942,True,237829,1763608,,359070,23,,1.5097822384990898
case_066,1,1,2,ablation2,lvl_alap,0.313,2.014,True,231727,1725392,,359070,16,,1.5495388970642179
case_066,1,1,2,ablation2,lvl_compress,0.51,2.014,True,231727,1725392,,359070,16,,1.5495388970642179
case_066,1,1,4,ablation2,full_c2,0.91,1.836,True,161230,2084054,,359070,32,,2.227066923029213
case_066,1,1,4,ablation2,no_comm,0.394,2.854,True,197763,1932512,,359070,23,,1.815658136254001
case_066,1,1,4,ablation2,no_sync,0.658,1.836,True,161230,2084054,,359070,32,,2.227066923029213
case_066,1,1,4,ablation2,no_localsearch,0.126,2.474,True,159743,2086662,,359070,32,,2.2477980255785854
case_066,1,1,4,ablation2,no_level,0.903,3.095,True,201172,2608148,,359070,270,,1.7848905414272365
case_066,1,1,4,ablation2,no_level_no_comm,0.378,2.146,True,374381,1474440,,359070,12,,0.959103159615472
case_066,1,1,4,ablation2,max_ops500,0.928,2.046,True,161876,2155408,,359070,36,,2.2181793471546123
case_066,1,1,4,ablation2,lvl_alap,1.138,2.104,True,158070,2396358,,359070,32,,2.271588536724236
case_066,1,1,4,ablation2,lvl_compress,0.872,2.104,True,158070,2396358,,359070,32,,2.271588536724236
case_066,1,1,5,ablation2,full_c2,0.89,2.621,True,147573,2217302,,359070,48,,2.4331686690654792
case_066,1,1,5,ablation2,no_comm,0.501,2.381,True,224845,2139702,,359070,30,,1.5969667993506638
case_066,1,1,5,ablation2,no_sync,0.823,2.621,True,147573,2217302,,359070,48,,2.4331686690654792
case_066,1,1,5,ablation2,no_localsearch,0.143,2.738,True,121632,2393192,,359070,49,,2.9521014206787686
case_066,1,1,5,ablation2,no_level,0.835,2.349,True,214906,2608148,,359070,270,,1.6708235228425452
case_066,1,1,5,ablation2,no_level_no_comm,0.488,1.815,True,380062,1804502,,359070,15,,0.9447669064521051
case_066,1,1,5,ablation2,max_ops500,0.819,2.338,True,148205,2280478,,359070,51,,2.4227927532809286
case_066,1,1,5,ablation2,lvl_alap,0.973,2.471,True,148625,2562156,,359070,50,,2.415946173254836
case_066,1,1,5,ablation2,lvl_compress,0.802,2.471,True,148625,2562156,,359070,50,,2.415946173254836
case_068,1,1,2,ablation2,full_c2,0.271,1.608,True,269741,1920100,,362095,38,,1.3423802833088037
case_068,1,1,2,ablation2,no_comm,0.105,2.093,True,370571,853466,,362095,8,,0.9771271902010681
case_068,1,1,2,ablation2,no_sync,0.203,1.608,True,269741,1920100,,362095,38,,1.3423802833088037
case_068,1,1,2,ablation2,no_localsearch,0.114,1.766,True,265262,1894238,,362095,38,,1.3650466331400652
case_068,1,1,2,ablation2,no_level,0.256,2.908,True,320933,3658234,,362095,383,,1.1282572998102407
case_068,1,1,2,ablation2,no_level_no_comm,0.28,1.968,True,370064,839070,,362095,6,,0.9784658869817112
case_068,1,1,2,ablation2,max_ops500,0.311,1.79,True,272948,1933108,,362095,39,,1.3266079985931387
case_068,1,1,2,ablation2,lvl_alap,0.316,1.699,True,250308,3344936,,362095,38,,1.4465977915208463
case_068,1,1,2,ablation2,lvl_compress,0.292,1.699,True,250308,3344936,,362095,38,,1.4465977915208463
case_068,1,1,3,ablation2,full_c2,0.656,1.512,True,192067,2480708,,362095,55,,1.8852535833849646
case_068,1,1,3,ablation2,no_comm,0.184,2.226,True,330610,1179080,,362095,15,,1.0952330540516015
case_068,1,1,3,ablation2,no_sync,0.395,1.512,True,192067,2480708,,362095,55,,1.8852535833849646
case_068,1,1,3,ablation2,no_localsearch,0.116,1.819,True,172181,2668770,,362095,57,,2.1029904577160083
case_068,1,1,3,ablation2,no_level,0.57,2.983,True,258737,3658234,,362095,383,,1.3994712777840046
case_068,1,1,3,ablation2,no_level_no_comm,0.129,1.589,True,373844,1137736,,362095,9,,0.9685724526807974
case_068,1,1,3,ablation2,max_ops500,0.748,1.512,True,192067,2480708,,362095,55,,1.8852535833849646
case_068,1,1,3,ablation2,lvl_alap,0.6,1.791,True,187636,3552326,,362095,57,,1.9297736042124112
case_068,1,1,3,ablation2,lvl_compress,0.58,1.791,True,187636,3552326,,362095,57,,1.9297736042124112
case_067,1,1,4,ablation2,full_c2,0.414,12.106,True,18473155,263174912,,63834834,4,,3.4555458447677183
case_067,1,1,4,ablation2,no_comm,0.532,12.821,True,18271018,262887040,,63834834,8,,3.493775442616279
case_067,1,1,4,ablation2,no_sync,0.431,12.106,True,18473155,263174912,,63834834,4,,3.4555458447677183
case_067,1,1,4,ablation2,no_localsearch,0.146,12.106,True,18473155,263174912,,63834834,4,,3.4555458447677183
case_067,1,1,4,ablation2,no_level,0.4,2.021,True,18518776,260512000,,63834834,71,,3.44703310845166
case_067,1,1,4,ablation2,no_level_no_comm,0.527,4.171,True,63994541,260013824,,63834834,12,,0.9975043652551552
case_067,1,1,4,ablation2,max_ops500,0.378,3.254,True,18571122,257532672,,63834834,20,,3.4373170344796615
case_067,1,1,4,ablation2,lvl_alap,0.635,12.106,True,18473155,263174912,,63834834,4,,3.4555458447677183
case_067,1,1,4,ablation2,lvl_compress,0.408,12.106,True,18473155,263174912,,63834834,4,,3.4555458447677183
case_067,1,1,5,ablation2,full_c2,0.489,9.122,True,15931687,262750080,,63834834,5,,4.006784341168641
case_067,1,1,5,ablation2,no_comm,0.572,11.363,True,15677380,262377600,,63834834,10,,4.071779468252986
case_067,1,1,5,ablation2,no_sync,0.721,9.122,True,15931687,262750080,,63834834,5,,4.006784341168641
case_067,1,1,5,ablation2,no_localsearch,0.13,9.122,True,15931687,262750080,,63834834,5,,4.006784341168641
case_067,1,1,5,ablation2,no_level,0.516,2.637,True,15967384,260512000,,63834834,71,,3.997826694717181
case_067,1,1,5,ablation2,no_level_no_comm,0.376,3.869,True,64048026,258251904,,63834834,15,,0.9966713728226378
case_067,1,1,5,ablation2,max_ops500,0.494,3.235,True,15992072,257137920,,63834834,20,,3.9916549900475684
case_067,1,1,5,ablation2,lvl_alap,0.506,9.122,True,15931687,262750080,,63834834,5,,4.006784341168641
case_067,1,1,5,ablation2,lvl_compress,0.516,9.122,True,15931687,262750080,,63834834,5,,4.006784341168641
case_069,1,1,2,ablation2,full_c2,0.103,0.216,True,25170,616178,,25144,18,,0.9989670242352007
case_069,1,1,2,ablation2,no_comm,0.019,0.195,True,29279,220618,,25144,4,,0.8587724990607603
case_069,1,1,2,ablation2,no_sync,0.051,0.245,True,29015,636274,,25144,19,,0.8665862484921593
case_069,1,1,2,ablation2,no_localsearch,0.023,0.455,True,31638,591670,,25144,17,,0.7947405019280612
case_069,1,1,2,ablation2,no_level,0.092,0.468,True,100352,980046,,25144,300,,0.2505580357142857
case_069,1,1,2,ablation2,no_level_no_comm,0.019,0.193,True,31457,319156,,25144,6,,0.7993133483803287
case_069,1,1,2,ablation2,max_ops500,0.096,0.216,True,25170,616178,,25144,18,,0.9989670242352007
case_069,1,1,2,ablation2,lvl_alap,0.096,0.273,True,24036,705558,,25144,18,,1.0460975203860876
case_069,1,1,2,ablation2,lvl_compress,0.1,0.273,True,24036,705558,,25144,18,,1.0460975203860876
case_067,1,1,3,ablation2,full_c2,0.515,14.846,True,23568859,263599744,,63834834,3,,2.7084397254869232
case_067,1,1,3,ablation2,no_comm,0.227,17.474,True,23463070,263223424,,63834834,6,,2.720651389609288
case_067,1,1,3,ablation2,no_sync,0.294,14.846,True,23568859,263599744,,63834834,3,,2.7084397254869232
case_067,1,1,3,ablation2,no_localsearch,0.114,14.846,True,23568859,263599744,,63834834,3,,2.7084397254869232
case_067,1,1,3,ablation2,no_level,0.262,2.6,True,23631184,260512000,,63834834,71,,2.701296473337942
case_067,1,1,3,ablation2,no_level_no_comm,0.443,4.407,True,63958365,261220736,,63834834,9,,0.9980685716403164
case_067,1,1,3,ablation2,max_ops500,0.281,3.497,True,23681007,257866240,,63834834,18,,2.695613155302053
case_067,1,1,3,ablation2,lvl_alap,0.307,14.846,True,23568859,263599744,,63834834,3,,2.7084397254869232
case_067,1,1,3,ablation2,lvl_compress,0.312,14.846,True,23568859,263599744,,63834834,3,,2.7084397254869232
case_069,1,1,3,ablation2,full_c2,0.338,0.263,True,25305,554030,,25144,23,,0.9936376210235132
case_069,1,1,3,ablation2,no_comm,0.04,0.211,True,22525,277902,,25144,8,,1.1162708102108767
case_069,1,1,3,ablation2,no_sync,0.123,0.271,True,24406,580240,,25144,25,,1.0302384659509956
case_069,1,1,3,ablation2,no_localsearch,0.024,0.303,True,26941,808600,,25144,36,,0.9332986897294087
case_069,1,1,3,ablation2,no_level,0.316,0.538,True,66987,980046,,25144,300,,0.3753564124382343
case_069,1,1,3,ablation2,no_level_no_comm,0.037,0.215,True,32173,387804,,25144,9,,0.781524881111491
case_069,1,1,3,ablation2,max_ops500,0.312,0.263,True,25305,554030,,25144,23,,0.9936376210235132
case_069,1,1,3,ablation2,lvl_alap,0.314,0.448,True,22766,643696,,25144,26,,1.1044540103663358
case_069,1,1,3,ablation2,lvl_compress,0.315,0.448,True,22766,643696,,25144,26,,1.1044540103663358
case_069,1,1,4,ablation2,full_c2,0.334,0.276,True,22736,596436,,25144,32,,1.1059113300492611
case_069,1,1,4,ablation2,no_comm,0.111,0.217,True,22187,178762,,25144,5,,1.1332762428449092
case_069,1,1,4,ablation2,no_sync,0.125,0.306,True,22418,613754,,25144,36,,1.121598715318048
case_069,1,1,4,ablation2,no_localsearch,0.033,0.334,True,27363,856546,,25144,48,,0.9189050908160655
case_069,1,1,4,ablation2,no_level,0.307,0.466,True,66122,980046,,25144,300,,0.3802667795892441
case_069,1,1,4,ablation2,no_level_no_comm,0.1,0.179,True,29922,440610,,25144,12,,0.8403181605507654
case_069,1,1,4,ablation2,max_ops500,0.314,0.276,True,22736,596436,,25144,32,,1.1059113300492611
case_069,1,1,4,ablation2,lvl_alap,0.32,0.281,True,22949,697598,,25144,32,,1.095646869144625
case_069,1,1,4,ablation2,lvl_compress,0.309,0.281,True,22949,697598,,25144,32,,1.095646869144625
case_070,1,1,2,ablation2,full_c2,0.043,0.432,True,58469,88064,,117300,2,,2.0061913150558417
case_070,1,1,2,ablation2,no_comm,0.03,0.573,True,63520,207130,,117300,4,,1.846662468513854
case_070,1,1,2,ablation2,no_sync,0.039,0.432,True,58469,88064,,117300,2,,2.0061913150558417
case_070,1,1,2,ablation2,no_localsearch,0.02,0.389,True,62407,88064,,117300,2,,1.8795968400980658
case_070,1,1,2,ablation2,no_level,0.038,0.225,True,67966,880640,,117300,31,,1.7258629314657328
case_070,1,1,2,ablation2,no_level_no_comm,0.028,0.24,True,126221,448274,,117300,6,,0.9293223790019094
case_070,1,1,2,ablation2,max_ops500,0.039,0.366,True,58078,109576,,117300,3,,2.0196976479906334
case_070,1,1,2,ablation2,lvl_alap,0.043,0.432,True,58469,88064,,117300,2,,2.0061913150558417
case_070,1,1,2,ablation2,lvl_compress,0.048,0.432,True,58469,88064,,117300,2,,2.0061913150558417
case_068,1,1,4,ablation2,full_c2,0.818,1.333,True,239941,1969198,,362095,54,,1.5091001537878062
case_068,1,1,4,ablation2,no_comm,0.464,1.802,True,331023,1443478,,362095,20,,1.0938665893306507
case_068,1,1,4,ablation2,no_sync,0.563,1.823,True,246772,2029610,,362095,54,,1.467326114794223
case_068,1,1,4,ablation2,no_localsearch,0.278,2.146,True,171012,3075204,,362095,65,,2.1173660327930204
case_068,1,1,4,ablation2,no_level,0.833,2.292,True,294796,3658234,,362095,383,,1.2282900717784502
case_068,1,1,4,ablation2,no_level_no_comm,0.43,1.47,True,374662,1517400,,362095,12,,0.9664577672675638
case_068,1,1,4,ablation2,max_ops500,0.831,1.333,True,239941,1969198,,362095,54,,1.5091001537878062
case_068,1,1,4,ablation2,lvl_alap,0.846,2.073,True,225317,2946494,,362095,76,,1.6070469605045337
case_068,1,1,4,ablation2,lvl_compress,1.037,2.073,True,225317,2946494,,362095,76,,1.6070469605045337
case_069,1,1,5,ablation2,full_c2,0.331,0.316,True,23297,634248,,25144,38,,1.0792805940679058
case_069,1,1,5,ablation2,no_comm,0.145,0.208,True,22390,239696,,25144,7,,1.1230013398838767
case_069,1,1,5,ablation2,no_sync,0.137,0.481,True,26530,588594,,25144,34,,0.9477572559366755
case_069,1,1,5,ablation2,no_localsearch,0.024,0.359,True,31045,842982,,25144,52,,0.8099210822998872
case_069,1,1,5,ablation2,no_level,0.338,0.492,True,54539,980046,,25144,300,,0.46102788830011554
case_069,1,1,5,ablation2,no_level_no_comm,0.146,0.196,True,32192,497988,,25144,15,,0.7810636182902585
case_069,1,1,5,ablation2,max_ops500,0.341,0.316,True,23297,634248,,25144,38,,1.0792805940679058
case_069,1,1,5,ablation2,lvl_alap,0.34,0.315,True,23599,762802,,25144,43,,1.065468875799822
case_069,1,1,5,ablation2,lvl_compress,0.354,0.315,True,23599,762802,,25144,43,,1.065468875799822
case_070,1,1,3,ablation2,full_c2,0.068,0.413,True,47870,176128,,117300,3,,2.4503864633382078
case_070,1,1,3,ablation2,no_comm,0.052,0.442,True,49116,337432,,117300,6,,2.388223796726118
case_070,1,1,3,ablation2,no_sync,0.06,0.413,True,47870,176128,,117300,3,,2.4503864633382078
case_070,1,1,3,ablation2,no_localsearch,0.021,0.359,True,41458,176128,,117300,3,,2.8293694823676976
case_070,1,1,3,ablation2,no_level,0.061,0.886,True,56003,880640,,117300,31,,2.094530650143742
case_070,1,1,3,ablation2,no_level_no_comm,0.049,0.434,True,128289,587276,,117300,9,,0.9143418375698618
case_070,1,1,3,ablation2,max_ops500,0.064,0.347,True,47947,249860,,117300,4,,2.4464512899660042
case_070,1,1,3,ablation2,lvl_alap,0.06,0.413,True,47870,176128,,117300,3,,2.4503864633382078
case_070,1,1,3,ablation2,lvl_compress,0.061,0.413,True,47870,176128,,117300,3,,2.4503864633382078
case_062,1,1,5,ablation2,full_c2,1.858,58.329,True,579386,465408,,2854809,20,,4.927300625144549
case_062,1,1,5,ablation2,no_comm,0.998,58.329,True,579386,465408,,2854809,20,,4.927300625144549
case_062,1,1,5,ablation2,no_sync,1.567,58.329,True,579386,465408,,2854809,20,,4.927300625144549
case_062,1,1,5,ablation2,no_localsearch,0.771,58.329,True,579386,465408,,2854809,20,,4.927300625144549
case_062,1,1,5,ablation2,no_level,1.207,11.253,True,2871803,271872,,2854809,15,,0.9940824631773141
case_062,1,1,5,ablation2,no_level_no_comm,1.203,11.253,True,2871803,271872,,2854809,15,,0.9940824631773141
case_062,1,1,5,ablation2,max_ops500,1.512,13.422,True,583855,976896,,2854809,55,,4.889585599164176
case_062,1,1,5,ablation2,lvl_alap,1.303,46.175,True,745398,11808768,,2854809,21,,3.8299123421313177
case_062,1,1,5,ablation2,lvl_compress,1.481,46.175,True,745398,11808768,,2854809,21,,3.8299123421313177
case_070,1,1,4,ablation2,full_c2,0.091,0.339,True,34898,264192,,117300,4,,3.3612241389191357
case_070,1,1,4,ablation2,no_comm,0.104,0.383,True,41714,467500,,117300,7,,2.8120055616819295
case_070,1,1,4,ablation2,no_sync,0.08,0.339,True,34898,264192,,117300,4,,3.3612241389191357
case_070,1,1,4,ablation2,no_localsearch,0.018,0.385,True,34898,264192,,117300,4,,3.3612241389191357
case_070,1,1,4,ablation2,no_level,0.081,0.243,True,41062,880640,,117300,31,,2.8566557888071697
case_070,1,1,4,ablation2,no_level_no_comm,0.097,0.247,True,130339,801584,,117300,12,,0.8999608712664666
case_070,1,1,4,ablation2,max_ops500,0.084,0.339,True,34898,264192,,117300,4,,3.3612241389191357
case_070,1,1,4,ablation2,lvl_alap,0.086,0.339,True,34898,264192,,117300,4,,3.3612241389191357
case_070,1,1,4,ablation2,lvl_compress,0.091,0.339,True,34898,264192,,117300,4,,3.3612241389191357
case_071,1,1,2,ablation2,full_c2,0.066,0.165,True,19941,475158,,18919,18,,0.9487488089865102
case_071,1,1,2,ablation2,no_comm,0.024,0.13,True,22837,153608,,18919,5,,0.8284363094977449
case_071,1,1,2,ablation2,no_sync,0.034,0.181,True,19878,468246,,18919,18,,0.9517557098299628
case_071,1,1,2,ablation2,no_localsearch,0.018,0.182,True,22460,532756,,18919,22,,0.8423419412288513
case_071,1,1,2,ablation2,no_level,0.061,0.376,True,61409,706204,,18919,221,,0.3080818772492631
case_071,1,1,2,ablation2,no_level_no_comm,0.019,0.12,True,22977,267956,,18919,6,,0.8233886059973017
case_071,1,1,2,ablation2,max_ops500,0.072,0.165,True,19941,475158,,18919,18,,0.9487488089865102
case_071,1,1,2,ablation2,lvl_alap,0.067,0.178,True,20082,553688,,18919,18,,0.9420874414898914
case_071,1,1,2,ablation2,lvl_compress,0.072,0.178,True,20082,553688,,18919,18,,0.9420874414898914
case_070,1,1,5,ablation2,full_c2,0.146,0.369,True,37430,976972,,117300,14,,3.1338498530590435
case_070,1,1,5,ablation2,no_comm,0.199,0.377,True,38018,598816,,117300,10,,3.085380609185123
case_070,1,1,5,ablation2,no_sync,0.129,0.364,True,42276,1001568,,117300,15,,2.774623900085155
case_070,1,1,5,ablation2,no_localsearch,0.028,0.359,True,45443,1153642,,117300,16,,2.581255638932289
case_070,1,1,5,ablation2,no_level,0.146,0.331,True,64582,1455980,,117300,89,,1.8162955622309622
case_070,1,1,5,ablation2,no_level_no_comm,0.177,0.246,True,133285,982096,,117300,15,,0.8800690250215704
case_070,1,1,5,ablation2,max_ops500,0.152,0.369,True,37430,976972,,117300,14,,3.1338498530590435
case_070,1,1,5,ablation2,lvl_alap,0.146,0.423,True,38766,1566028,,117300,15,,3.025847392044575
case_070,1,1,5,ablation2,lvl_compress,0.156,0.423,True,38766,1566028,,117300,15,,3.025847392044575
case_071,1,1,3,ablation2,full_c2,0.206,0.188,True,17924,371096,,18919,17,,1.0555121624637358
case_071,1,1,3,ablation2,no_comm,0.028,0.132,True,20970,143048,,18919,5,,0.9021936099189318
case_071,1,1,3,ablation2,no_sync,0.096,0.169,True,19550,434228,,18919,22,,0.9677237851662404
case_071,1,1,3,ablation2,no_localsearch,0.017,0.216,True,24076,602330,,18919,32,,0.7858032895829872
case_071,1,1,3,ablation2,no_level,0.22,0.289,True,42980,706204,,18919,221,,0.440181479758027
case_071,1,1,3,ablation2,no_level_no_comm,0.026,0.131,True,23782,315960,,18919,9,,0.7955176183668321
case_071,1,1,3,ablation2,max_ops500,0.229,0.188,True,17924,371096,,18919,17,,1.0555121624637358
case_071,1,1,3,ablation2,lvl_alap,0.22,0.16,True,16228,411902,,18919,19,,1.1658245008627064
case_071,1,1,3,ablation2,lvl_compress,0.211,0.16,True,16228,411902,,18919,19,,1.1658245008627064
case_062,1,1,3,ablation2,full_c2,1.197,139.189,True,958261,304128,,2854809,12,,2.979155991947914
case_062,1,1,3,ablation2,no_comm,0.825,139.189,True,958261,304128,,2854809,12,,2.979155991947914
case_062,1,1,3,ablation2,no_sync,1.267,139.189,True,958261,304128,,2854809,12,,2.979155991947914
case_062,1,1,3,ablation2,no_localsearch,0.487,139.189,True,958261,304128,,2854809,12,,2.979155991947914
case_062,1,1,3,ablation2,no_level,1.086,14.9,True,2864645,172032,,2854809,9,,0.9965664157338867
case_062,1,1,3,ablation2,no_level_no_comm,0.849,14.9,True,2864645,172032,,2854809,9,,0.9965664157338867
case_062,1,1,3,ablation2,max_ops500,0.976,11.287,True,962451,889344,,2854809,51,,2.9661863305248786
case_062,1,1,3,ablation2,lvl_alap,0.919,59.996,True,1040510,12151296,,2854809,13,,2.743663203621301
case_062,1,1,3,ablation2,lvl_compress,0.89,59.996,True,1040510,12151296,,2854809,13,,2.743663203621301
case_062,1,1,4,ablation2,full_c2,1.263,72.498,True,722220,367104,,2854809,14,,3.9528246240757663
case_062,1,1,4,ablation2,no_comm,0.953,72.498,True,722220,367104,,2854809,14,,3.9528246240757663
case_062,1,1,4,ablation2,no_sync,1.228,72.498,True,722220,367104,,2854809,14,,3.9528246240757663
case_062,1,1,4,ablation2,no_localsearch,0.505,72.498,True,722220,367104,,2854809,14,,3.9528246240757663
case_062,1,1,4,ablation2,no_level,1.364,12.376,True,2867600,198144,,2854809,12,,0.9955394755195983
case_062,1,1,4,ablation2,no_level_no_comm,0.941,12.376,True,2867600,198144,,2854809,12,,0.9955394755195983
case_062,1,1,4,ablation2,max_ops500,1.223,12.776,True,726288,903168,,2854809,50,,3.9306845218425748
case_062,1,1,4,ablation2,lvl_alap,1.091,55.116,True,1011948,13363200,,2854809,18,,2.8211024677157326
case_062,1,1,4,ablation2,lvl_compress,1.201,55.116,True,1011948,13363200,,2854809,18,,2.8211024677157326
case_071,1,1,4,ablation2,full_c2,0.218,0.198,True,20553,369830,,18919,20,,0.9204982241035372
case_071,1,1,4,ablation2,no_comm,0.081,0.15,True,16900,147752,,18919,5,,1.1194674556213018
case_071,1,1,4,ablation2,no_sync,0.1,0.185,True,17274,369476,,18919,22,,1.0952298251707768
case_071,1,1,4,ablation2,no_localsearch,0.017,0.23,True,24131,647396,,18919,48,,0.7840122663793461
case_071,1,1,4,ablation2,no_level,0.233,0.368,True,35061,706204,,18919,221,,0.539602407233108
case_071,1,1,4,ablation2,no_level_no_comm,0.083,0.321,True,23773,354078,,18919,12,,0.7958187860177512
case_071,1,1,4,ablation2,max_ops500,0.208,0.198,True,20553,369830,,18919,20,,0.9204982241035372
case_071,1,1,4,ablation2,lvl_alap,0.211,0.183,True,18594,447546,,18919,25,,1.0174787565881467
case_071,1,1,4,ablation2,lvl_compress,0.218,0.183,True,18594,447546,,18919,25,,1.0174787565881467
case_067,1,1,2,ablation2,full_c2,0.376,26.114,True,33768704,264024576,,63834834,2,,1.890354868223548
case_067,1,1,2,ablation2,no_comm,0.172,29.944,True,33731368,263934592,,63834834,4,,1.892447231905922
case_067,1,1,2,ablation2,no_sync,0.205,26.114,True,33768704,264024576,,63834834,2,,1.890354868223548
case_067,1,1,2,ablation2,no_localsearch,0.116,26.114,True,33768704,264024576,,63834834,2,,1.890354868223548
case_067,1,1,2,ablation2,no_level,0.183,2.511,True,33860812,260512000,,63834834,71,,1.885212735004701
case_067,1,1,2,ablation2,no_level_no_comm,0.284,5.698,True,63911886,262309376,,63834834,6,,0.998794402656182
case_067,1,1,2,ablation2,max_ops500,0.215,3.369,True,33936672,257735168,,63834834,18,,1.880998643591216
case_067,1,1,2,ablation2,lvl_alap,0.242,26.114,True,33768704,264024576,,63834834,2,,1.890354868223548
case_067,1,1,2,ablation2,lvl_compress,0.239,26.114,True,33768704,264024576,,63834834,2,,1.890354868223548
case_071,1,1,5,ablation2,full_c2,0.24,0.205,True,16622,424280,,18919,29,,1.1381903501383708
case_071,1,1,5,ablation2,no_comm,0.146,0.158,True,14413,188268,,18919,7,,1.3126344272531743
case_071,1,1,5,ablation2,no_sync,0.11,0.194,True,20653,407766,,18919,31,,0.9160412530867187
case_071,1,1,5,ablation2,no_localsearch,0.017,0.249,True,25805,633058,,18919,52,,0.7331524898275528
case_071,1,1,5,ablation2,no_level,0.226,1.096,True,37891,706204,,18919,221,,0.4993006254783458
case_071,1,1,5,ablation2,no_level_no_comm,0.143,0.158,True,25522,396262,,18919,15,,0.7412820311887783
case_071,1,1,5,ablation2,max_ops500,0.243,0.205,True,16622,424280,,18919,29,,1.1381903501383708
case_071,1,1,5,ablation2,lvl_alap,0.235,0.2,True,16845,447578,,18919,30,,1.123122588305135
case_071,1,1,5,ablation2,lvl_compress,0.235,0.2,True,16845,447578,,18919,30,,1.123122588305135
case_068,1,1,5,ablation2,full_c2,0.827,1.441,True,282647,1545712,,362095,55,,1.281085594398667
case_068,1,1,5,ablation2,no_comm,0.369,1.93,True,349160,1582818,,362095,23,,1.0370460533852675
case_068,1,1,5,ablation2,no_sync,0.8,1.68,True,275057,1648568,,362095,57,,1.3164362295815049
case_068,1,1,5,ablation2,no_localsearch,0.108,2.393,True,151139,3449990,,362095,89,,2.3957747503953315
case_068,1,1,5,ablation2,no_level,1.062,2.625,True,335227,3658234,,362095,383,,1.0801486753751934
case_068,1,1,5,ablation2,no_level_no_comm,0.373,1.584,True,377321,1902420,,362095,15,,0.9596470909384848
case_068,1,1,5,ablation2,max_ops500,0.855,1.675,True,282870,1672756,,362095,56,,1.280075653126878
case_068,1,1,5,ablation2,lvl_alap,1.124,1.935,True,265614,2381472,,362095,90,,1.3632376305465825
case_068,1,1,5,ablation2,lvl_compress,0.885,1.935,True,265614,2381472,,362095,90,,1.3632376305465825
case_073,1,1,4,ablation2,full_c2,0.212,3.405,True,3903787,140222208,,10081626,4,,2.5825246100773427
case_073,1,1,4,ablation2,no_comm,0.183,3.583,True,3897139,138588672,,10081626,8,,2.586930053046607
case_073,1,1,4,ablation2,no_sync,0.229,3.405,True,3903787,140222208,,10081626,4,,2.5825246100773427
case_073,1,1,4,ablation2,no_localsearch,0.09,3.405,True,3903787,140222208,,10081626,4,,2.5825246100773427
case_073,1,1,4,ablation2,no_level,0.247,1.136,True,3936556,141420800,,10081626,39,,2.561026948429033
case_073,1,1,4,ablation2,no_level_no_comm,0.176,1.898,True,10228052,136192256,,10081626,12,,0.9856838819356805
case_073,1,1,4,ablation2,max_ops500,0.211,1.847,True,3944519,137205888,,10081626,12,,2.555856873803878
case_073,1,1,4,ablation2,lvl_alap,0.251,3.405,True,3903787,140222208,,10081626,4,,2.5825246100773427
case_073,1,1,4,ablation2,lvl_compress,0.228,3.405,True,3903787,140222208,,10081626,4,,2.5825246100773427
case_073,1,1,3,ablation2,full_c2,0.158,4.584,True,4515227,140671616,,10081626,3,,2.232806013961203
case_073,1,1,3,ablation2,no_comm,0.132,4.41,True,4585873,139440256,,10081626,6,,2.1984093323125173
case_073,1,1,3,ablation2,no_sync,0.162,4.584,True,4515227,140671616,,10081626,3,,2.232806013961203
case_073,1,1,3,ablation2,no_localsearch,0.092,4.584,True,4515227,140671616,,10081626,3,,2.232806013961203
case_073,1,1,3,ablation2,no_level,0.203,2.05,True,4565500,141420800,,10081626,39,,2.208219472127916
case_073,1,1,3,ablation2,no_level_no_comm,0.158,2.01,True,10191562,137661312,,10081626,9,,0.9892130372164738
case_073,1,1,3,ablation2,max_ops500,0.174,1.808,True,4572264,138051968,,10081626,12,,2.204952732388156
case_073,1,1,3,ablation2,lvl_alap,0.203,4.584,True,4515227,140671616,,10081626,3,,2.232806013961203
case_073,1,1,3,ablation2,lvl_compress,0.468,4.584,True,4515227,140671616,,10081626,3,,2.232806013961203
case_073,1,1,5,ablation2,full_c2,0.413,2.406,True,3517515,139772800,,10081626,5,,2.8661216796516857
case_073,1,1,5,ablation2,no_comm,0.208,3.128,True,3492193,138115968,,10081626,10,,2.8869040170460223
case_073,1,1,5,ablation2,no_sync,0.416,2.406,True,3517515,139772800,,10081626,5,,2.8661216796516857
case_073,1,1,5,ablation2,no_localsearch,0.063,2.406,True,3517515,139772800,,10081626,5,,2.8661216796516857
case_073,1,1,5,ablation2,no_level,0.284,1.618,True,3539849,141420800,,10081626,39,,2.8480384332778037
case_073,1,1,5,ablation2,no_level_no_comm,0.252,1.745,True,10265752,134533632,,10081626,15,,0.982064051420685
case_073,1,1,5,ablation2,max_ops500,0.477,2.14,True,3536935,137607680,,10081626,10,,2.850384867123654
case_073,1,1,5,ablation2,lvl_alap,0.276,2.406,True,3517515,139772800,,10081626,5,,2.8661216796516857
case_073,1,1,5,ablation2,lvl_compress,0.303,2.406,True,3517515,139772800,,10081626,5,,2.8661216796516857
case_073,1,1,2,ablation2,full_c2,0.118,6.923,True,5980423,141121024,,10081626,2,,1.6857713910872192
case_073,1,1,2,ablation2,no_comm,0.099,6.279,True,5884149,140291584,,10081626,4,,1.713353281842455
case_073,1,1,2,ablation2,no_sync,0.115,6.923,True,5980423,141121024,,10081626,2,,1.6857713910872192
case_073,1,1,2,ablation2,no_localsearch,0.256,6.923,True,5980423,141121024,,10081626,2,,1.6857713910872192
case_073,1,1,2,ablation2,no_level,0.097,1.198,True,6071178,141420800,,10081626,39,,1.6605716386506868
case_073,1,1,2,ablation2,no_level_no_comm,0.106,2.339,True,10143313,139351040,,10081626,6,,0.9939184564254302
case_073,1,1,2,ablation2,max_ops500,0.113,1.867,True,6055207,137615872,,10081626,10,,1.6649515037223335
case_073,1,1,2,ablation2,lvl_alap,0.134,6.923,True,5980423,141121024,,10081626,2,,1.6857713910872192
case_073,1,1,2,ablation2,lvl_compress,0.135,6.923,True,5980423,141121024,,10081626,2,,1.6857713910872192
case_074,1,1,3,ablation2,full_c2,0.229,4.713,True,544838,7585792,,1682239,3,,3.0875948447061328
case_074,1,1,3,ablation2,no_comm,0.113,5.33,True,571459,8036384,,1682239,6,,2.943761494700407
case_074,1,1,3,ablation2,no_sync,0.277,4.713,True,544838,7585792,,1682239,3,,3.0875948447061328
case_074,1,1,3,ablation2,no_localsearch,0.293,5.254,True,558195,7585792,,1682239,3,,3.013712054031297
case_074,1,1,3,ablation2,no_level,0.266,1.272,True,573207,14401536,,1682239,73,,2.934784467042447
case_074,1,1,3,ablation2,no_level_no_comm,0.109,1.63,True,1641673,9429016,,1682239,9,,1.0247101584785765
case_074,1,1,3,ablation2,max_ops500,0.286,2.435,True,545965,8704000,,1682239,9,,3.081221323711227
case_074,1,1,3,ablation2,lvl_alap,0.256,4.713,True,544838,7585792,,1682239,3,,3.0875948447061328
case_074,1,1,3,ablation2,lvl_compress,0.271,4.713,True,544838,7585792,,1682239,3,,3.0875948447061328
case_074,1,1,2,ablation2,full_c2,0.165,6.153,True,826937,6590472,,1682239,2,,2.0343012829272364
case_074,1,1,2,ablation2,no_comm,0.078,6.008,True,881030,7544880,,1682239,4,,1.9094003609411712
case_074,1,1,2,ablation2,no_sync,0.16,6.153,True,826937,6590472,,1682239,2,,2.0343012829272364
case_074,1,1,2,ablation2,no_localsearch,0.07,6.365,True,865200,6336512,,1682239,2,,1.9443354137771613
case_074,1,1,2,ablation2,no_level,0.189,1.222,True,863442,14401536,,1682239,73,,1.9482941529367346
case_074,1,1,2,ablation2,no_level_no_comm,0.085,1.767,True,1659711,8417328,,1682239,6,,1.0135734474254856
case_074,1,1,2,ablation2,max_ops500,0.156,2.018,True,818925,8577024,,1682239,8,,2.0542039869340902
case_074,1,1,2,ablation2,lvl_alap,0.186,6.153,True,826937,6590472,,1682239,2,,2.0343012829272364
case_074,1,1,2,ablation2,lvl_compress,0.194,6.153,True,826937,6590472,,1682239,2,,2.0343012829272364
case_074,1,1,4,ablation2,full_c2,0.347,4.817,True,408750,7819264,,1682239,4,,4.115569418960245
case_074,1,1,4,ablation2,no_comm,0.223,4.897,True,426715,8708152,,1682239,8,,3.942301067457202
case_074,1,1,4,ablation2,no_sync,0.371,4.817,True,408750,7819264,,1682239,4,,4.115569418960245
case_074,1,1,4,ablation2,no_localsearch,0.097,4.975,True,448896,8032256,,1682239,4,,3.747502762332478
case_074,1,1,4,ablation2,no_level,0.429,1.455,True,438266,14401536,,1682239,73,,3.8383972290800563
case_074,1,1,4,ablation2,no_level_no_comm,0.186,1.711,True,1638230,10977328,,1682239,12,,1.0268637492903927
case_074,1,1,4,ablation2,max_ops500,0.35,3.037,True,404505,9330688,,1682239,9,,4.158759471452763
case_074,1,1,4,ablation2,lvl_alap,0.365,4.817,True,408750,7819264,,1682239,4,,4.115569418960245
case_074,1,1,4,ablation2,lvl_compress,0.359,4.817,True,408750,7819264,,1682239,4,,4.115569418960245
case_074,1,1,5,ablation2,full_c2,0.493,4.378,True,341070,8425472,,1682239,5,,4.932239716187293
case_074,1,1,5,ablation2,no_comm,0.242,4.793,True,352279,9596960,,1682239,10,,4.77530309782871
case_074,1,1,5,ablation2,no_sync,0.534,4.378,True,341070,8425472,,1682239,5,,4.932239716187293
case_074,1,1,5,ablation2,no_localsearch,0.076,5.186,True,363230,8626176,,1682239,5,,4.631332764364177
case_074,1,1,5,ablation2,no_level,0.431,1.595,True,363853,14401536,,1682239,73,,4.623402857747497
case_074,1,1,5,ablation2,no_level_no_comm,0.205,1.506,True,1646855,12021784,,1682239,15,,1.0214858017251063
case_074,1,1,5,ablation2,max_ops500,0.47,3.477,True,338733,9834510,,1682239,10,,4.966268417898463
case_074,1,1,5,ablation2,lvl_alap,0.457,4.378,True,341070,8425472,,1682239,5,,4.932239716187293
case_074,1,1,5,ablation2,lvl_compress,0.461,4.378,True,341070,8425472,,1682239,5,,4.932239716187293
case_075,1,1,2,ablation2,full_c2,0.258,2.725,True,1385184,3743012,,1441809,37,,1.0408790456719108
case_075,1,1,2,ablation2,no_comm,0.163,3.45,True,1450262,999610,,1441809,8,,0.9941713979956726
case_075,1,1,2,ablation2,no_sync,0.266,2.725,True,1385184,3743012,,1441809,37,,1.0408790456719108
case_075,1,1,2,ablation2,no_localsearch,0.163,2.725,True,1385184,3743012,,1441809,37,,1.0408790456719108
case_075,1,1,2,ablation2,no_level,0.257,4.455,True,877119,6135050,,1441809,430,,1.6438008981677514
case_075,1,1,2,ablation2,no_level_no_comm,0.397,2.927,True,1451591,981310,,1441809,6,,0.9932611872076914
case_075,1,1,2,ablation2,max_ops500,0.308,2.725,True,1385184,3743012,,1441809,37,,1.0408790456719108
case_075,1,1,2,ablation2,lvl_alap,0.289,2.277,True,1157975,4518992,,1441809,62,,1.2451123728923337
case_075,1,1,2,ablation2,lvl_compress,0.306,2.277,True,1157975,4518992,,1441809,62,,1.2451123728923337
case_078,1,1,2,ablation2,full_c2,0.028,1.238,True,1260358,12535344,,2296143,2,,1.8218180866071385
case_078,1,1,2,ablation2,no_comm,0.023,0.256,True,1477906,13070928,,2296143,4,,1.5536461723546693
case_078,1,1,2,ablation2,no_sync,0.027,1.238,True,1260358,12535344,,2296143,2,,1.8218180866071385
case_078,1,1,2,ablation2,no_localsearch,0.017,1.238,True,1260358,12535344,,2296143,2,,1.8218180866071385
case_078,1,1,2,ablation2,no_level,0.025,0.217,True,1080972,15039360,,2296143,8,,2.1241466013920807
case_078,1,1,2,ablation2,no_level_no_comm,0.017,0.21,True,2228240,13823616,,2296143,6,,1.0304738268768177
case_078,1,1,2,ablation2,max_ops500,0.028,0.271,True,1261710,12633648,,2296143,4,,1.8198658962836152
case_078,1,1,2,ablation2,lvl_alap,0.029,1.238,True,1260358,12535344,,2296143,2,,1.8218180866071385
case_078,1,1,2,ablation2,lvl_compress,0.03,1.238,True,1260358,12535344,,2296143,2,,1.8218180866071385
case_062,1,1,2,ablation2,full_c2,0.974,279.271,True,1430411,179712,,2854809,5,,1.995796313087637
case_062,1,1,2,ablation2,no_comm,0.833,279.271,True,1430411,179712,,2854809,5,,1.995796313087637
case_062,1,1,2,ablation2,no_sync,0.723,279.271,True,1430411,179712,,2854809,5,,1.995796313087637
case_062,1,1,2,ablation2,no_localsearch,0.669,279.271,True,1430411,179712,,2854809,5,,1.995796313087637
case_062,1,1,2,ablation2,no_level,0.849,23.94,True,2860718,112128,,2854809,6,,0.9979344346419325
case_062,1,1,2,ablation2,no_level_no_comm,0.805,23.94,True,2860718,112128,,2854809,6,,0.9979344346419325
case_062,1,1,2,ablation2,max_ops500,0.912,9.344,True,1436159,775680,,2854809,43,,1.9878084529637736
case_062,1,1,2,ablation2,lvl_alap,0.938,88.329,True,1740558,9848832,,2854809,5,,1.6401688424057113
case_062,1,1,2,ablation2,lvl_compress,0.69,88.329,True,1740558,9848832,,2854809,5,,1.6401688424057113
case_078,1,1,3,ablation2,full_c2,0.102,0.292,True,1635837,11066616,,2296143,59,,1.4036502414360355
case_078,1,1,3,ablation2,no_comm,0.03,0.257,True,892673,13694280,,2296143,6,,2.572210652725018
case_078,1,1,3,ablation2,no_sync,0.067,0.251,True,1787556,10001088,,2296143,46,,1.284515282318428
case_078,1,1,3,ablation2,no_localsearch,0.023,0.243,True,1691518,7611408,,2296143,41,,1.3574452060220465
case_078,1,1,3,ablation2,no_level,0.099,0.432,True,1802097,17116032,,2296143,200,,1.2741506145340677
case_078,1,1,3,ablation2,no_level_no_comm,0.028,0.209,True,2154425,15431040,,2296143,9,,1.0657799644916857
case_078,1,1,3,ablation2,max_ops500,0.106,0.292,True,1635837,11066616,,2296143,59,,1.4036502414360355
case_078,1,1,3,ablation2,lvl_alap,0.103,0.563,True,1417821,11293488,,2296143,67,,1.619487227231082
case_078,1,1,3,ablation2,lvl_compress,0.104,0.563,True,1417821,11293488,,2296143,67,,1.619487227231082
case_078,1,1,4,ablation2,full_c2,0.091,1.063,True,906988,10211712,,2296143,76,,2.531613428182071
case_078,1,1,4,ablation2,no_comm,0.043,0.475,True,877773,13805760,,2296143,11,,2.6158733522220436
case_078,1,1,4,ablation2,no_sync,0.059,1.063,True,906988,10211712,,2296143,76,,2.531613428182071
case_078,1,1,4,ablation2,no_localsearch,0.02,1.063,True,906988,10211712,,2296143,76,,2.531613428182071
case_078,1,1,4,ablation2,no_level,0.082,0.488,True,1807448,17116032,,2296143,200,,1.2703784562543432
case_078,1,1,4,ablation2,no_level_no_comm,0.039,0.218,True,2162227,15555456,,2296143,12,,1.0619342927453963
case_078,1,1,4,ablation2,max_ops500,0.082,1.063,True,906988,10211712,,2296143,76,,2.531613428182071
case_078,1,1,4,ablation2,lvl_alap,0.086,0.287,True,682158,11911632,,2296143,100,,3.3659987862049556
case_078,1,1,4,ablation2,lvl_compress,0.094,0.287,True,682158,11911632,,2296143,100,,3.3659987862049556
case_078,1,1,5,ablation2,full_c2,0.116,0.405,True,653430,11426304,,2296143,125,,3.5139846655341813
case_078,1,1,5,ablation2,no_comm,0.053,0.505,True,615902,14355264,,2296143,15,,3.7280979766261515
case_078,1,1,5,ablation2,no_sync,0.075,0.405,True,653430,11426304,,2296143,125,,3.5139846655341813
case_078,1,1,5,ablation2,no_localsearch,0.022,0.405,True,653430,11426304,,2296143,125,,3.5139846655341813
case_078,1,1,5,ablation2,no_level,0.105,0.458,True,1628077,17116032,,2296143,200,,1.410340542861302
case_078,1,1,5,ablation2,no_level_no_comm,0.052,0.226,True,2167342,15662976,,2296143,15,,1.0594280921054453
case_078,1,1,5,ablation2,max_ops500,0.108,0.405,True,653430,11426304,,2296143,125,,3.5139846655341813
case_078,1,1,5,ablation2,lvl_alap,0.12,0.387,True,646672,11544048,,2296143,125,,3.5507073137541134
case_078,1,1,5,ablation2,lvl_compress,0.114,0.387,True,646672,11544048,,2296143,125,,3.5507073137541134
case_075,1,1,4,ablation2,full_c2,0.903,2.881,True,483592,5363096,,1441809,124,,2.9814575096362224
case_075,1,1,4,ablation2,no_comm,0.447,2.761,True,1460383,2112924,,1441809,22,,0.9872814186415482
case_075,1,1,4,ablation2,no_sync,0.685,2.881,True,483592,5363096,,1441809,124,,2.9814575096362224
case_075,1,1,4,ablation2,no_localsearch,0.191,2.872,True,485802,5361754,,1441809,124,,2.967894327318537
case_075,1,1,4,ablation2,no_level,0.897,4.459,True,553934,6135050,,1441809,430,,2.602853408528814
case_075,1,1,4,ablation2,no_level_no_comm,0.249,2.359,True,1464784,2070784,,1441809,12,,0.9843150935564561
case_075,1,1,4,ablation2,max_ops500,0.871,2.881,True,483592,5363096,,1441809,124,,2.9814575096362224
case_075,1,1,4,ablation2,lvl_alap,0.903,2.752,True,483594,5363224,,1441809,124,,2.981445179220586
case_075,1,1,4,ablation2,lvl_compress,0.892,2.752,True,483594,5363224,,1441809,124,,2.981445179220586
case_077,1,1,2,ablation2,full_c2,0.231,1.34,True,281793,946844,,495320,20,,1.7577441597200782
case_077,1,1,2,ablation2,no_comm,0.088,2.617,True,324128,333782,,495320,4,,1.5281617138908086
case_077,1,1,2,ablation2,no_sync,0.177,1.34,True,281793,946844,,495320,20,,1.7577441597200782
case_077,1,1,2,ablation2,no_localsearch,0.097,1.461,True,293238,913602,,495320,20,,1.6891398795517634
case_077,1,1,2,ablation2,no_level,0.244,3.225,True,332432,2622740,,495320,262,,1.489988930066901
case_077,1,1,2,ablation2,no_level_no_comm,0.224,1.872,True,500999,445302,,495320,6,,0.9886646480332296
case_077,1,1,2,ablation2,max_ops500,0.234,1.436,True,282126,965778,,495320,22,,1.7556694526559056
case_077,1,1,2,ablation2,lvl_alap,0.229,1.693,True,272363,3874152,,495320,20,,1.8186023799121025
case_077,1,1,2,ablation2,lvl_compress,0.234,1.693,True,272363,3874152,,495320,20,,1.8186023799121025
case_075,1,1,3,ablation2,full_c2,0.663,2.255,True,945979,4764248,,1441809,82,,1.524144827739305
case_075,1,1,3,ablation2,no_comm,0.204,3.01,True,1457558,1552682,,1441809,13,,0.9891949411275572
case_075,1,1,3,ablation2,no_sync,0.485,2.297,True,997863,4932966,,1441809,87,,1.4448967443426604
case_075,1,1,3,ablation2,no_localsearch,0.39,2.437,True,1018495,4879706,,1441809,84,,1.41562697902297
case_075,1,1,3,ablation2,no_level,0.595,4.364,True,812837,6135050,,1441809,430,,1.773798436832969
case_075,1,1,3,ablation2,no_level_no_comm,0.188,2.447,True,1459545,1533870,,1441809,9,,0.9878482677820828
case_075,1,1,3,ablation2,max_ops500,0.598,2.255,True,945979,4764248,,1441809,82,,1.524144827739305
case_075,1,1,3,ablation2,lvl_alap,0.612,2.426,True,830258,5057440,,1441809,87,,1.7365794728867412
case_075,1,1,3,ablation2,lvl_compress,0.62,2.426,True,830258,5057440,,1441809,87,,1.7365794728867412
case_077,1,1,4,ablation2,full_c2,0.489,2.629,True,162014,1359978,,495320,37,,3.057266655968003
case_077,1,1,4,ablation2,no_comm,0.264,2.01,True,235660,795048,,495320,10,,2.1018416362556227
case_077,1,1,4,ablation2,no_sync,0.355,2.629,True,162014,1359978,,495320,37,,3.057266655968003
case_077,1,1,4,ablation2,no_localsearch,0.095,1.755,True,177733,1444200,,495320,38,,2.786876944630429
case_077,1,1,4,ablation2,no_level,0.49,2.129,True,217017,2622740,,495320,262,,2.282401839487229
case_077,1,1,4,ablation2,no_level_no_comm,0.263,1.498,True,510236,993214,,495320,12,,0.9707664688497087
case_077,1,1,4,ablation2,max_ops500,0.503,2.629,True,162014,1359978,,495320,37,,3.057266655968003
case_077,1,1,4,ablation2,lvl_alap,0.51,1.694,True,172510,5108196,,495320,40,,2.8712538403570806
case_077,1,1,4,ablation2,lvl_compress,0.542,1.694,True,172510,5108196,,495320,40,,2.8712538403570806
case_077,1,1,3,ablation2,full_c2,0.379,1.5,True,201674,1156934,,495320,29,,2.456042920753295
case_077,1,1,3,ablation2,no_comm,0.186,2.16,True,266285,732272,,495320,7,,1.860112285708921
case_077,1,1,3,ablation2,no_sync,0.478,1.5,True,201674,1156934,,495320,29,,2.456042920753295
case_077,1,1,3,ablation2,no_localsearch,0.095,1.434,True,206521,1242812,,495320,30,,2.398400162695319
case_077,1,1,3,ablation2,no_level,0.377,2.009,True,252544,2622740,,495320,262,,1.9613215914850481
case_077,1,1,3,ablation2,no_level_no_comm,0.345,1.441,True,505008,920176,,495320,9,,0.9808161454868042
case_077,1,1,3,ablation2,max_ops500,0.358,1.646,True,201178,1168074,,495320,31,,2.462098241358399
case_077,1,1,3,ablation2,lvl_alap,0.388,1.942,True,206519,4441132,,495320,30,,2.398423389615483
case_077,1,1,3,ablation2,lvl_compress,0.379,1.942,True,206519,4441132,,495320,30,,2.398423389615483
case_080,1,1,2,ablation2,full_c2,0.035,0.385,True,146880,667648,,292138,2,,1.98895697167756
case_080,1,1,2,ablation2,no_comm,0.024,0.385,True,146880,667648,,292138,2,,1.98895697167756
case_080,1,1,2,ablation2,no_sync,0.033,0.385,True,146880,667648,,292138,2,,1.98895697167756
case_080,1,1,2,ablation2,no_localsearch,0.021,0.385,True,146880,667648,,292138,2,,1.98895697167756
case_080,1,1,2,ablation2,no_level,0.033,0.343,True,146828,1904640,,292138,6,,1.9896613724902608
case_080,1,1,2,ablation2,no_level_no_comm,0.023,0.343,True,146828,1904640,,292138,6,,1.9896613724902608
case_080,1,1,2,ablation2,max_ops500,0.043,0.566,True,147042,1298432,,292138,4,,1.9867656859944778
case_080,1,1,2,ablation2,lvl_alap,0.037,0.385,True,146880,667648,,292138,2,,1.98895697167756
case_080,1,1,2,ablation2,lvl_compress,0.037,0.385,True,146880,667648,,292138,2,,1.98895697167756
case_080,1,1,3,ablation2,full_c2,0.057,0.406,True,100325,3047424,,292138,3,,2.9119162721156244
case_080,1,1,3,ablation2,no_comm,0.038,0.418,True,101086,1921024,,292138,3,,2.8899946580139684
case_080,1,1,3,ablation2,no_sync,0.056,0.406,True,100325,3047424,,292138,3,,2.9119162721156244
case_080,1,1,3,ablation2,no_localsearch,0.025,0.406,True,100325,3047424,,292138,3,,2.9119162721156244
case_080,1,1,3,ablation2,no_level,0.053,0.324,True,120710,4952064,,292138,18,,2.420164029492171
case_080,1,1,3,ablation2,no_level_no_comm,0.04,0.38,True,110975,3428352,,292138,9,,2.6324667717954493
case_080,1,1,3,ablation2,max_ops500,0.056,0.406,True,100325,3047424,,292138,3,,2.9119162721156244
case_080,1,1,3,ablation2,lvl_alap,0.253,0.406,True,100325,3047424,,292138,3,,2.9119162721156244
case_080,1,1,3,ablation2,lvl_compress,0.053,0.406,True,100325,3047424,,292138,3,,2.9119162721156244
case_075,1,1,5,ablation2,full_c2,1.212,3.748,True,467451,5661612,,1441809,137,,3.084406707868846
case_075,1,1,5,ablation2,no_comm,0.317,2.521,True,1431276,2675870,,1441809,33,,1.0073591676238545
case_075,1,1,5,ablation2,no_sync,0.987,3.748,True,467451,5661612,,1441809,137,,3.084406707868846
case_075,1,1,5,ablation2,no_localsearch,0.155,2.873,True,474042,5634088,,1441809,136,,3.041521637323275
case_075,1,1,5,ablation2,no_level,1.17,4.178,True,542726,6135050,,1441809,430,,2.6566057273836154
case_075,1,1,5,ablation2,no_level_no_comm,0.336,2.114,True,1465251,2361746,,1441809,15,,0.9840013758734851
case_075,1,1,5,ablation2,max_ops500,1.132,3.748,True,467451,5661612,,1441809,137,,3.084406707868846
case_075,1,1,5,ablation2,lvl_alap,1.181,2.961,True,462313,5667772,,1441809,152,,3.1186858254040013
case_075,1,1,5,ablation2,lvl_compress,1.219,2.961,True,462313,5667772,,1441809,152,,3.1186858254040013
case_080,1,1,4,ablation2,full_c2,0.103,0.53,True,99137,2801664,,292138,4,,2.946810978746583
case_080,1,1,4,ablation2,no_comm,0.05,0.597,True,93163,2658304,,292138,8,,3.1357727853332333
case_080,1,1,4,ablation2,no_sync,0.118,0.53,True,99137,2801664,,292138,4,,2.946810978746583
case_080,1,1,4,ablation2,no_localsearch,0.025,0.399,True,111314,4190208,,292138,4,,2.6244497547478303
case_080,1,1,4,ablation2,no_level,0.104,0.385,True,123120,4952064,,292138,18,,2.3727907732293696
case_080,1,1,4,ablation2,no_level_no_comm,0.05,0.318,True,303496,3837952,,292138,12,,0.9625761130294963
case_080,1,1,4,ablation2,max_ops500,0.105,0.53,True,99137,2801664,,292138,4,,2.946810978746583
case_080,1,1,4,ablation2,lvl_alap,0.106,0.53,True,99137,2801664,,292138,4,,2.946810978746583
case_080,1,1,4,ablation2,lvl_compress,0.101,0.53,True,99137,2801664,,292138,4,,2.946810978746583
case_080,1,1,5,ablation2,full_c2,0.177,0.488,True,86640,2031616,,292138,5,,3.371860572483841
case_080,1,1,5,ablation2,no_comm,0.166,0.393,True,92155,2154496,,292138,8,,3.1700721610330422
case_080,1,1,5,ablation2,no_sync,0.18,0.488,True,86640,2031616,,292138,5,,3.371860572483841
case_080,1,1,5,ablation2,no_localsearch,0.024,0.371,True,113455,4571136,,292138,5,,2.574923978669957
case_080,1,1,5,ablation2,no_level,0.175,0.343,True,119170,4952064,,292138,18,,2.45143912058404
case_080,1,1,5,ablation2,no_level_no_comm,0.17,0.344,True,300192,4829184,,292138,15,,0.9731705042106386
case_080,1,1,5,ablation2,max_ops500,0.183,0.488,True,86640,2031616,,292138,5,,3.371860572483841
case_080,1,1,5,ablation2,lvl_alap,0.181,0.488,True,86640,2031616,,292138,5,,3.371860572483841
case_080,1,1,5,ablation2,lvl_compress,0.194,0.488,True,86640,2031616,,292138,5,,3.371860572483841
case_077,1,1,5,ablation2,full_c2,0.652,2.418,True,135117,1522830,,495320,37,,3.665859958406418
case_077,1,1,5,ablation2,no_comm,0.345,2.746,True,189658,1085556,,495320,11,,2.6116483354248174
case_077,1,1,5,ablation2,no_sync,0.462,1.768,True,148878,1531056,,495320,42,,3.3270194387350718
case_077,1,1,5,ablation2,no_localsearch,0.099,1.617,True,146257,1653806,,495320,48,,3.386641323150345
case_077,1,1,5,ablation2,no_level,0.654,1.946,True,182305,2622740,,495320,262,,2.7169852719343957
case_077,1,1,5,ablation2,no_level_no_comm,0.339,1.524,True,515801,1328266,,495320,15,,0.9602928261092941
case_077,1,1,5,ablation2,max_ops500,0.66,2.418,True,135117,1522830,,495320,37,,3.665859958406418
case_077,1,1,5,ablation2,lvl_alap,0.713,1.805,True,145393,4635900,,495320,40,,3.406766488070265
case_077,1,1,5,ablation2,lvl_compress,0.822,1.805,True,145393,4635900,,495320,40,,3.406766488070265
case_081,1,1,2,ablation2,full_c2,0.077,2.562,True,76860,0,,151795,2,,1.9749544626593807
case_081,1,1,2,ablation2,no_comm,0.065,3.433,True,77653,59440,,151795,4,,1.9547860353109345
case_081,1,1,2,ablation2,no_sync,0.097,2.562,True,76860,0,,151795,2,,1.9749544626593807
case_081,1,1,2,ablation2,no_localsearch,0.065,2.562,True,76860,0,,151795,2,,1.9749544626593807
case_081,1,1,2,ablation2,no_level,0.096,1.92,True,86905,0,,151795,85,,1.7466774063632702
case_081,1,1,2,ablation2,no_level_no_comm,0.079,1.7,True,157114,53288,,151795,6,,0.9661456012831448
case_081,1,1,2,ablation2,max_ops500,0.117,1.499,True,77446,57400,,151795,8,,1.9600108462670764
case_081,1,1,2,ablation2,lvl_alap,0.087,2.562,True,76860,0,,151795,2,,1.9749544626593807
case_081,1,1,2,ablation2,lvl_compress,0.084,2.562,True,76860,0,,151795,2,,1.9749544626593807
case_081,1,1,4,ablation2,full_c2,0.13,2.356,True,39588,0,,151795,4,,3.834369000707285
case_081,1,1,4,ablation2,no_comm,0.309,2.198,True,41469,141444,,151795,8,,3.6604451518001397
case_081,1,1,4,ablation2,no_sync,0.178,2.356,True,39588,0,,151795,4,,3.834369000707285
case_081,1,1,4,ablation2,no_localsearch,0.049,2.356,True,39588,0,,151795,4,,3.834369000707285
case_081,1,1,4,ablation2,no_level,0.176,0.773,True,50323,0,,151795,85,,3.0164139657810543
case_081,1,1,4,ablation2,no_level_no_comm,0.164,1.417,True,163398,106592,,151795,12,,0.928989338914797
case_081,1,1,4,ablation2,max_ops500,0.182,1.219,True,39975,32792,,151795,8,,3.7972482801751095
case_081,1,1,4,ablation2,lvl_alap,0.192,2.356,True,39588,0,,151795,4,,3.834369000707285
case_081,1,1,4,ablation2,lvl_compress,0.448,2.356,True,39588,0,,151795,4,,3.834369000707285
case_081,1,1,3,ablation2,full_c2,0.101,2.632,True,51943,0,,151795,3,,2.9223379473653814
case_081,1,1,3,ablation2,no_comm,0.091,2.568,True,52778,81996,,151795,6,,2.8761036795634545
case_081,1,1,3,ablation2,no_sync,0.109,2.632,True,51943,0,,151795,3,,2.9223379473653814
case_081,1,1,3,ablation2,no_localsearch,0.068,2.632,True,51943,0,,151795,3,,2.9223379473653814
case_081,1,1,3,ablation2,no_level,0.137,0.804,True,61579,0,,151795,85,,2.4650449016710243
case_081,1,1,3,ablation2,no_level_no_comm,0.136,1.463,True,160293,75844,,151795,9,,0.9469845844796716
case_081,1,1,3,ablation2,max_ops500,0.153,1.275,True,52427,55356,,151795,9,,2.8953592614492534
case_081,1,1,3,ablation2,lvl_alap,0.143,2.632,True,51943,0,,151795,3,,2.9223379473653814
case_081,1,1,3,ablation2,lvl_compress,0.459,2.632,True,51943,0,,151795,3,,2.9223379473653814
case_081,1,1,5,ablation2,full_c2,0.167,1.203,True,30943,0,,151795,5,,4.905632937982743
case_081,1,1,5,ablation2,no_comm,0.152,2.324,True,34039,157860,,151795,10,,4.459443579423603
case_081,1,1,5,ablation2,no_sync,0.223,1.203,True,30943,0,,151795,5,,4.905632937982743
case_081,1,1,5,ablation2,no_localsearch,0.381,1.203,True,30943,0,,151795,5,,4.905632937982743
case_081,1,1,5,ablation2,no_level,0.186,0.796,True,42111,0,,151795,85,,3.6046401177839518
case_081,1,1,5,ablation2,no_level_no_comm,0.157,1.037,True,166649,127098,,151795,15,,0.9108665518544966
case_081,1,1,5,ablation2,max_ops500,0.219,1.458,True,31580,40990,,151795,10,,4.806681443951868
case_081,1,1,5,ablation2,lvl_alap,0.223,1.203,True,30943,0,,151795,5,,4.905632937982743
case_081,1,1,5,ablation2,lvl_compress,0.203,1.203,True,30943,0,,151795,5,,4.905632937982743
case_082,1,1,2,ablation2,full_c2,0.492,1.218,True,734997,1425244,,721041,8,,0.9810121673966016
case_082,1,1,2,ablation2,no_comm,0.093,1.49,True,734653,1359254,,721041,7,,0.9814715246517743
case_082,1,1,2,ablation2,no_sync,0.221,1.218,True,734997,1425244,,721041,8,,0.9810121673966016
case_082,1,1,2,ablation2,no_localsearch,0.102,1.795,True,735169,1425758,,721041,9,,0.9807826499757198
case_082,1,1,2,ablation2,no_level,0.167,1.25,True,736118,1063962,,721041,15,,0.9795182294143059
case_082,1,1,2,ablation2,no_level_no_comm,0.073,1.555,True,731758,1060890,,721041,6,,0.9853544477819169
case_082,1,1,2,ablation2,max_ops500,0.147,1.094,True,735006,1950132,,721041,14,,0.9810001551007747
case_082,1,1,2,ablation2,lvl_alap,0.528,1.153,True,555835,1728108,,721041,14,,1.2972212976872632
case_082,1,1,2,ablation2,lvl_compress,0.163,1.153,True,555835,1728108,,721041,14,,1.2972212976872632
case_082,1,1,5,ablation2,full_c2,0.606,1.754,True,229394,2616512,,721041,50,,3.1432426305831886
case_082,1,1,5,ablation2,no_comm,0.249,1.355,True,308807,3061460,,721041,41,,2.334924402620407
case_082,1,1,5,ablation2,no_sync,0.457,1.754,True,229394,2616512,,721041,50,,3.1432426305831886
case_082,1,1,5,ablation2,no_localsearch,0.388,1.244,True,227315,2671100,,721041,50,,3.1719904097837803
case_082,1,1,5,ablation2,no_level,0.716,1.409,True,275081,3092258,,721041,177,,2.621195211592222
case_082,1,1,5,ablation2,no_level_no_comm,0.195,1.01,True,751852,2110792,,721041,15,,0.9590198602916531
case_082,1,1,5,ablation2,max_ops500,0.565,1.754,True,229394,2616512,,721041,50,,3.1432426305831886
case_082,1,1,5,ablation2,lvl_alap,0.59,1.303,True,229246,2616644,,721041,50,,3.1452718913307103
case_082,1,1,5,ablation2,lvl_compress,0.605,1.303,True,229246,2616644,,721041,50,,3.1452718913307103
case_082,1,1,3,ablation2,full_c2,0.313,2.51,True,268232,1738500,,721041,30,,2.688124459423186
case_082,1,1,3,ablation2,no_comm,0.48,1.371,True,456779,2346080,,721041,21,,1.5785336015885143
case_082,1,1,3,ablation2,no_sync,0.267,2.51,True,268232,1738500,,721041,30,,2.688124459423186
case_082,1,1,3,ablation2,no_localsearch,0.097,1.754,True,268297,1738500,,721041,30,,2.6874732106583377
case_082,1,1,3,ablation2,no_level,0.333,1.836,True,306416,3092258,,721041,177,,2.35314409169234
case_082,1,1,3,ablation2,no_level_no_comm,0.129,1.312,True,737479,1464106,,721041,9,,0.977710551758084
case_082,1,1,3,ablation2,max_ops500,0.377,2.51,True,268232,1738500,,721041,30,,2.688124459423186
case_082,1,1,3,ablation2,lvl_alap,0.382,2.51,True,268232,1738500,,721041,30,,2.688124459423186
case_082,1,1,3,ablation2,lvl_compress,0.336,2.51,True,268232,1738500,,721041,30,,2.688124459423186
case_083,1,1,2,ablation2,full_c2,0.136,3.974,True,644672,14241216,,1057993,2,,1.6411337858631987
case_083,1,1,2,ablation2,no_comm,0.105,3.411,True,643301,15141632,,1057993,4,,1.6446313623016287
case_083,1,1,2,ablation2,no_sync,0.092,3.974,True,644672,14241216,,1057993,2,,1.6411337858631987
case_083,1,1,2,ablation2,no_localsearch,0.058,3.974,True,644672,14241216,,1057993,2,,1.6411337858631987
case_083,1,1,2,ablation2,no_level,0.097,0.892,True,624895,27912000,,1057993,31,,1.693073236303699
case_083,1,1,2,ablation2,no_level_no_comm,0.072,1.601,True,1077238,15590048,,1057993,6,,0.9821348671324257
case_083,1,1,2,ablation2,max_ops500,0.092,1.382,True,654783,16615104,,1057993,8,,1.6157917966715691
case_083,1,1,2,ablation2,lvl_alap,0.11,3.974,True,644672,14241216,,1057993,2,,1.6411337858631987
case_083,1,1,2,ablation2,lvl_compress,0.108,3.974,True,644672,14241216,,1057993,2,,1.6411337858631987
case_082,1,1,4,ablation2,full_c2,0.472,1.451,True,261872,2413348,,721041,36,,2.7534100629315086
case_082,1,1,4,ablation2,no_comm,0.159,1.403,True,356070,2716734,,721041,30,,2.0249978936725923
case_082,1,1,4,ablation2,no_sync,0.497,1.764,True,262737,2621516,,721041,40,,2.7443451055618358
case_082,1,1,4,ablation2,no_localsearch,0.091,1.437,True,249866,2698382,,721041,40,,2.885710740957153
case_082,1,1,4,ablation2,no_level,0.413,3.266,True,284934,3092258,,721041,177,,2.530554444187075
case_082,1,1,4,ablation2,no_level_no_comm,0.173,1.142,True,743347,1788090,,721041,12,,0.9699924799588886
case_082,1,1,4,ablation2,max_ops500,0.48,1.445,True,262632,2470822,,721041,37,,2.7454422918760852
case_082,1,1,4,ablation2,lvl_alap,0.439,1.212,True,259204,2444580,,721041,36,,2.7817510532244873
case_082,1,1,4,ablation2,lvl_compress,0.732,1.212,True,259204,2444580,,721041,36,,2.7817510532244873
case_083,1,1,3,ablation2,full_c2,0.133,2.67,True,512623,14842752,,1057993,3,,2.0638812538649263
case_083,1,1,3,ablation2,no_comm,0.116,2.176,True,513612,16188256,,1057993,6,,2.059907089398223
case_083,1,1,3,ablation2,no_sync,0.14,2.67,True,512623,14842752,,1057993,3,,2.0638812538649263
case_083,1,1,3,ablation2,no_localsearch,0.052,2.67,True,512623,14842752,,1057993,3,,2.0638812538649263
case_083,1,1,3,ablation2,no_level,0.124,0.909,True,579215,27912000,,1057993,31,,1.8265980680748946
case_083,1,1,3,ablation2,no_level_no_comm,0.118,1.337,True,1060069,16867008,,1057993,9,,0.9980416369123142
case_083,1,1,3,ablation2,max_ops500,0.158,1.04,True,541190,17138560,,1057993,9,,1.9549381917625972
case_083,1,1,3,ablation2,lvl_alap,0.128,2.67,True,512623,14842752,,1057993,3,,2.0638812538649263
case_083,1,1,3,ablation2,lvl_compress,0.166,2.67,True,512623,14842752,,1057993,3,,2.0638812538649263
case_083,1,1,4,ablation2,full_c2,0.18,1.541,True,450029,14977600,,1057993,4,,2.350944050272316
case_083,1,1,4,ablation2,no_comm,0.153,1.527,True,460785,16711200,,1057993,8,,2.2960664952201135
case_083,1,1,4,ablation2,no_sync,0.439,1.541,True,450029,14977600,,1057993,4,,2.350944050272316
case_083,1,1,4,ablation2,no_localsearch,0.055,1.541,True,450029,14977600,,1057993,4,,2.350944050272316
case_083,1,1,4,ablation2,no_level,0.203,1.717,True,547412,27912000,,1057993,31,,1.9327179528399085
case_083,1,1,4,ablation2,no_level_no_comm,0.153,1.019,True,1036778,18427488,,1057993,12,,1.0204624326519274
case_083,1,1,4,ablation2,max_ops500,0.176,1.412,True,469715,16577440,,1057993,8,,2.2524147621430015
case_083,1,1,4,ablation2,lvl_alap,0.184,1.541,True,450029,14977600,,1057993,4,,2.350944050272316
case_083,1,1,4,ablation2,lvl_compress,0.181,1.541,True,450029,14977600,,1057993,4,,2.350944050272316
case_083,1,1,5,ablation2,full_c2,0.246,1.176,True,442480,15058048,,1057993,5,,2.3910527029470257
case_083,1,1,5,ablation2,no_comm,0.185,1.773,True,430114,17692768,,1057993,10,,2.459796705059589
case_083,1,1,5,ablation2,no_sync,0.247,1.176,True,442480,15058048,,1057993,5,,2.3910527029470257
case_083,1,1,5,ablation2,no_localsearch,0.069,1.176,True,442480,15058048,,1057993,5,,2.3910527029470257
case_083,1,1,5,ablation2,no_level,0.232,0.823,True,542671,27912000,,1057993,31,,1.949602982285768
case_083,1,1,5,ablation2,no_level_no_comm,0.2,1.305,True,1018664,19957024,,1057993,15,,1.0386084125874675
case_083,1,1,5,ablation2,max_ops500,0.228,1.001,True,458270,17596768,,1057993,10,,2.308667379492439
case_083,1,1,5,ablation2,lvl_alap,0.247,1.176,True,442480,15058048,,1057993,5,,2.3910527029470257
case_083,1,1,5,ablation2,lvl_compress,0.237,1.176,True,442480,15058048,,1057993,5,,2.3910527029470257
case_084,1,1,4,ablation2,full_c2,0.277,18.116,True,629028,0,,2507412,4,,3.986169137144928
case_084,1,1,4,ablation2,no_comm,0.671,18.282,True,629132,0,,2507412,4,,3.985510194998824
case_084,1,1,4,ablation2,no_sync,0.621,18.116,True,629028,0,,2507412,4,,3.986169137144928
case_084,1,1,4,ablation2,no_localsearch,0.19,18.116,True,629028,0,,2507412,4,,3.986169137144928
case_084,1,1,4,ablation2,no_level,0.31,15.325,True,823472,0,,2507412,1077,,3.0449268463287154
case_084,1,1,4,ablation2,no_level_no_comm,0.393,6.434,True,630580,0,,2507412,12,,3.9763582733356593
case_084,1,1,4,ablation2,max_ops500,0.349,4.954,True,630948,73728,,2507412,20,,3.974039065025961
case_084,1,1,4,ablation2,lvl_alap,0.343,18.116,True,629028,0,,2507412,4,,3.986169137144928
case_084,1,1,4,ablation2,lvl_compress,0.406,18.116,True,629028,0,,2507412,4,,3.986169137144928
case_084,1,1,5,ablation2,full_c2,0.401,13.589,True,503472,0,,2507412,5,,4.98024120507198
case_084,1,1,5,ablation2,no_comm,0.483,15.335,True,503576,0,,2507412,5,,4.979212670977171
case_084,1,1,5,ablation2,no_sync,0.245,13.589,True,503472,0,,2507412,5,,4.98024120507198
case_084,1,1,5,ablation2,no_localsearch,0.162,13.589,True,503472,0,,2507412,5,,4.98024120507198
case_084,1,1,5,ablation2,no_level,0.749,14.506,True,692360,0,,2507412,1077,,3.621543705586689
case_084,1,1,5,ablation2,no_level_no_comm,0.493,5.602,True,505336,0,,2507412,15,,4.961870913609954
case_084,1,1,5,ablation2,max_ops500,0.387,4.649,True,505186,92160,,2507412,20,,4.963344194019628
case_084,1,1,5,ablation2,lvl_alap,0.772,13.589,True,503472,0,,2507412,5,,4.98024120507198
case_084,1,1,5,ablation2,lvl_compress,0.418,13.589,True,503472,0,,2507412,5,,4.98024120507198
case_084,1,1,3,ablation2,full_c2,0.265,23.933,True,836220,0,,2507412,3,,2.998507569778288
case_084,1,1,3,ablation2,no_comm,0.55,25.663,True,836837,55680,,2507412,6,,2.9962967698607974
case_084,1,1,3,ablation2,no_sync,0.188,23.933,True,836220,0,,2507412,3,,2.998507569778288
case_084,1,1,3,ablation2,no_localsearch,0.156,23.933,True,836220,0,,2507412,3,,2.998507569778288
case_084,1,1,3,ablation2,no_level,0.672,15.266,True,1039564,0,,2507412,1077,,2.411984254937647
case_084,1,1,3,ablation2,no_level_no_comm,0.294,8.618,True,1675792,55680,,2507412,9,,1.4962549051433591
case_084,1,1,3,ablation2,max_ops500,0.279,4.772,True,837521,82944,,2507412,18,,2.993849706455122
case_084,1,1,3,ablation2,lvl_alap,0.3,23.933,True,836220,0,,2507412,3,,2.998507569778288
case_084,1,1,3,ablation2,lvl_compress,0.611,23.933,True,836220,0,,2507412,3,,2.998507569778288
case_041,1,1,5,ablation2,full_c2,0.969,172.31,True,1231193,40857600,,6003957,5,,4.8765360101949895
case_041,1,1,5,ablation2,no_comm,1.174,254.341,True,1223087,34341888,,6003957,10,,4.908855216350104
case_041,1,1,5,ablation2,no_sync,1.129,172.31,True,1231193,40857600,,6003957,5,,4.8765360101949895
case_041,1,1,5,ablation2,no_localsearch,0.279,172.31,True,1231193,40857600,,6003957,5,,4.8765360101949895
case_041,1,1,5,ablation2,no_level,1.305,30.495,True,1258538,64760832,,6003957,494,,4.770580626091545
case_041,1,1,5,ablation2,no_level_no_comm,1.189,13.667,True,5977608,35335168,,6003957,15,,1.0044079504711583
case_041,1,1,5,ablation2,max_ops500,1.173,22.083,True,1199340,45193216,,6003957,35,,5.0060508279553755
case_041,1,1,5,ablation2,lvl_alap,1.504,172.31,True,1231193,40857600,,6003957,5,,4.8765360101949895
case_041,1,1,5,ablation2,lvl_compress,1.094,172.31,True,1231193,40857600,,6003957,5,,4.8765360101949895
case_086,1,1,2,ablation2,full_c2,0.289,1.542,True,126436,912418,,118403,10,,0.9364658799708944
case_086,1,1,2,ablation2,no_comm,0.119,2.229,True,126273,895286,,118403,7,,0.9376747206449518
case_086,1,1,2,ablation2,no_sync,0.227,2.096,True,126201,907044,,118403,10,,0.9382096813812886
case_086,1,1,2,ablation2,no_localsearch,0.136,2.12,True,107472,1207184,,118403,16,,1.1017102128926604
case_086,1,1,2,ablation2,no_level,0.288,3.083,True,103789,1945986,,118403,177,,1.1408049022536106
case_086,1,1,2,ablation2,no_level_no_comm,0.324,1.942,True,126842,680858,,118403,6,,0.9334684095173523
case_086,1,1,2,ablation2,max_ops500,0.272,1.667,True,116675,1242876,,118403,17,,1.014810370687808
case_086,1,1,2,ablation2,lvl_alap,0.282,1.216,True,105660,1082918,,118403,16,,1.1206038235850841
case_086,1,1,2,ablation2,lvl_compress,0.29,1.216,True,105660,1082918,,118403,16,,1.1206038235850841
case_084,1,1,2,ablation2,full_c2,0.527,39.433,True,1255052,0,,2507412,2,,1.9978550689533183
case_084,1,1,2,ablation2,no_comm,0.22,51.738,True,1255312,36864,,2507412,4,,1.997441273563863
case_084,1,1,2,ablation2,no_sync,0.181,39.433,True,1255052,0,,2507412,2,,1.9978550689533183
case_084,1,1,2,ablation2,no_localsearch,0.156,39.433,True,1255052,0,,2507412,2,,1.9978550689533183
case_084,1,1,2,ablation2,no_level,0.202,17.277,True,1476604,0,,2507412,1077,,1.6980937340004496
case_084,1,1,2,ablation2,no_level_no_comm,0.533,10.613,True,2091428,36864,,2507412,6,,1.1988995078960405
case_084,1,1,2,ablation2,max_ops500,0.199,4.77,True,1256196,73728,,2507412,18,,1.9960356504876628
case_084,1,1,2,ablation2,lvl_alap,0.241,39.433,True,1255052,0,,2507412,2,,1.9978550689533183
case_084,1,1,2,ablation2,lvl_compress,0.665,39.433,True,1255052,0,,2507412,2,,1.9978550689533183
case_086,1,1,3,ablation2,full_c2,0.443,1.548,True,63384,1148996,,118403,30,,1.8680266313265177
case_086,1,1,3,ablation2,no_comm,0.346,2.058,True,80027,1595268,,118403,22,,1.479538155872393
case_086,1,1,3,ablation2,no_sync,0.323,1.548,True,63384,1148996,,118403,30,,1.8680266313265177
case_086,1,1,3,ablation2,no_localsearch,0.122,2.037,True,63329,1148996,,118403,30,,1.8696489759825672
case_086,1,1,3,ablation2,no_level,0.4,1.96,True,87848,1945986,,118403,177,,1.347816683362171
case_086,1,1,3,ablation2,no_level_no_comm,0.144,1.729,True,129495,945226,,118403,9,,0.9143441831730955
case_086,1,1,3,ablation2,max_ops500,0.648,1.791,True,63440,1286288,,118403,33,,1.866377679697352
case_086,1,1,3,ablation2,lvl_alap,0.601,1.542,True,63462,1157060,,118403,30,,1.8657306734738899
case_086,1,1,3,ablation2,lvl_compress,0.439,1.542,True,63462,1157060,,118403,30,,1.8657306734738899
case_086,1,1,5,ablation2,full_c2,0.736,2.833,True,70050,1484920,,118403,43,,1.690264097073519
case_086,1,1,5,ablation2,no_comm,0.795,2.489,True,109293,1096558,,118403,19,,1.08335392019617
case_086,1,1,5,ablation2,no_sync,0.717,2.833,True,70050,1484920,,118403,43,,1.690264097073519
case_086,1,1,5,ablation2,no_localsearch,0.123,2.18,True,59093,1726844,,118403,50,,2.0036721777537103
case_086,1,1,5,ablation2,no_level,0.721,3.361,True,92909,1945986,,118403,177,,1.2743975287647054
case_086,1,1,5,ablation2,no_level_no_comm,0.769,1.813,True,130381,1298280,,118403,15,,0.9081307859273974
case_086,1,1,5,ablation2,max_ops500,0.942,2.906,True,71037,1681062,,118403,47,,1.6667792840350804
case_086,1,1,5,ablation2,lvl_alap,0.897,2.742,True,69640,1516120,,118403,48,,1.700215393452039
case_086,1,1,5,ablation2,lvl_compress,0.91,2.742,True,69640,1516120,,118403,48,,1.700215393452039
case_086,1,1,4,ablation2,full_c2,0.731,2.57,True,71621,1329322,,118403,32,,1.6531883106909984
case_086,1,1,4,ablation2,no_comm,0.375,1.806,True,77908,1748950,,118403,27,,1.5197797402063973
case_086,1,1,4,ablation2,no_sync,0.593,2.841,True,65437,1491582,,118403,34,,1.8094197472378013
case_086,1,1,4,ablation2,no_localsearch,0.141,2.027,True,56811,1738222,,118403,40,,2.084156237348401
case_086,1,1,4,ablation2,no_level,0.729,3.529,True,91505,1945986,,118403,177,,1.293951150210371
case_086,1,1,4,ablation2,no_level_no_comm,0.353,2.354,True,134357,1142426,,118403,12,,0.8812566520538565
case_086,1,1,4,ablation2,max_ops500,0.935,2.264,True,72093,1557530,,118403,36,,1.642364723343459
case_086,1,1,4,ablation2,lvl_alap,0.823,1.998,True,71621,1349096,,118403,33,,1.6531883106909984
case_086,1,1,4,ablation2,lvl_compress,1.147,1.998,True,71621,1349096,,118403,33,,1.6531883106909984
case_085,1,1,2,ablation2,full_c2,1.1,16.682,True,3193714,1918940,,3187899,8,,0.9981792358363961
case_085,1,1,2,ablation2,no_comm,0.442,18.205,True,3197035,1805848,,3187899,8,,0.9971423522107202
case_085,1,1,2,ablation2,no_sync,0.879,16.682,True,3193714,1918940,,3187899,8,,0.9981792358363961
case_085,1,1,2,ablation2,no_localsearch,0.872,17.169,True,3194629,1921502,,3187899,9,,0.9978933391013479
case_085,1,1,2,ablation2,no_level,0.822,13.236,True,3202096,1787038,,3187899,33,,0.9955663415462872
case_085,1,1,2,ablation2,no_level_no_comm,0.399,17.236,True,3200157,1778718,,3187899,6,,0.9961695629308187
case_085,1,1,2,ablation2,max_ops500,0.786,7.503,True,3232622,8167128,,3187899,44,,0.9861651006520403
case_085,1,1,2,ablation2,lvl_alap,0.853,19.036,True,3193385,1923556,,3187899,13,,0.9982820737242769
case_085,1,1,2,ablation2,lvl_compress,1.447,19.036,True,3193385,1923556,,3187899,13,,0.9982820737242769
case_085,1,1,4,ablation2,full_c2,2.189,10.239,True,951743,8039738,,3187899,112,,3.3495376377866712
case_085,1,1,4,ablation2,no_comm,1.198,11.395,True,3145579,4084362,,3187899,27,,1.0134538029405715
case_085,1,1,4,ablation2,no_sync,1.696,10.239,True,951743,8039738,,3187899,112,,3.3495376377866712
case_085,1,1,4,ablation2,no_localsearch,0.485,8.72,True,948232,8025052,,3187899,112,,3.3619399050021515
case_085,1,1,4,ablation2,no_level,2.381,16.531,True,1046140,13830658,,3187899,675,,3.0472967289272948
case_085,1,1,4,ablation2,no_level_no_comm,1.203,10.946,True,3211144,3527104,,3187899,12,,0.9927611468062473
case_085,1,1,4,ablation2,max_ops500,2.341,12.974,True,953548,9167326,,3187899,121,,3.3431971961558307
case_085,1,1,4,ablation2,lvl_alap,2.999,11.256,True,951719,8041406,,3187899,112,,3.349622104843972
case_085,1,1,4,ablation2,lvl_compress,2.627,11.256,True,951719,8041406,,3187899,112,,3.349622104843972
case_085,1,1,3,ablation2,full_c2,1.416,11.474,True,3198524,2608108,,3187899,14,,0.9966781552991317
case_085,1,1,3,ablation2,no_comm,0.563,12.515,True,3198603,2500260,,3187899,13,,0.9966535390606461
case_085,1,1,3,ablation2,no_sync,1.66,11.474,True,3198524,2608108,,3187899,14,,0.9966781552991317
case_085,1,1,3,ablation2,no_localsearch,0.438,12.588,True,3198323,2608108,,3187899,14,,0.9967407919712925
case_085,1,1,3,ablation2,no_level,1.122,12.108,True,3208539,2479278,,3187899,36,,0.9935671656165003
case_085,1,1,3,ablation2,no_level_no_comm,1.088,12.889,True,3202094,2470958,,3187899,9,,0.9955669633683458
case_085,1,1,3,ablation2,max_ops500,1.413,8.24,True,3265697,8219578,,3187899,50,,0.9761772142363483
case_085,1,1,3,ablation2,lvl_alap,1.364,13.279,True,3197668,2615934,,3187899,27,,0.9969449611404311
case_085,1,1,3,ablation2,lvl_compress,1.251,13.279,True,3197668,2615934,,3187899,27,,0.9969449611404311
case_088,1,1,2,ablation2,full_c2,0.204,0.876,True,178129,1290286,,243623,26,,1.3676773574207457
case_088,1,1,2,ablation2,no_comm,0.087,1.488,True,207863,738266,,243623,7,,1.1720363893526025
case_088,1,1,2,ablation2,no_sync,0.146,0.876,True,178129,1290286,,243623,26,,1.3676773574207457
case_088,1,1,2,ablation2,no_localsearch,0.098,0.808,True,177725,1273770,,243623,26,,1.370786327190885
case_088,1,1,2,ablation2,no_level,0.189,1.297,True,209179,2467514,,243623,218,,1.1646628007591584
case_088,1,1,2,ablation2,no_level_no_comm,0.083,0.91,True,250993,731094,,243623,6,,0.9706366313004745
case_088,1,1,2,ablation2,max_ops500,0.186,0.876,True,178129,1290286,,243623,26,,1.3676773574207457
case_088,1,1,2,ablation2,lvl_alap,0.667,0.693,True,168809,2064350,,243623,26,,1.4431872708208686
case_088,1,1,2,ablation2,lvl_compress,0.192,0.693,True,168809,2064350,,243623,26,,1.4431872708208686
case_088,1,1,3,ablation2,full_c2,0.292,0.919,True,124095,1712032,,243623,39,,1.9631975502639107
case_088,1,1,3,ablation2,no_comm,0.103,1.079,True,211640,1265906,,243623,17,,1.151119826119826
case_088,1,1,3,ablation2,no_sync,0.259,0.919,True,124095,1712032,,243623,39,,1.9631975502639107
case_088,1,1,3,ablation2,no_localsearch,0.088,0.819,True,115533,1848762,,243623,39,,2.1086875611297207
case_088,1,1,3,ablation2,no_level,0.323,1.484,True,163751,2467514,,243623,218,,1.4877649602139835
case_088,1,1,3,ablation2,no_level_no_comm,0.132,0.986,True,252406,1120294,,243623,9,,0.9652028874115512
case_088,1,1,3,ablation2,max_ops500,0.776,0.919,True,124095,1712032,,243623,39,,1.9631975502639107
case_088,1,1,3,ablation2,lvl_alap,0.318,0.832,True,126749,2517644,,243623,39,,1.9220901151093894
case_088,1,1,3,ablation2,lvl_compress,0.325,0.832,True,126749,2517644,,243623,39,,1.9220901151093894
case_085,1,1,5,ablation2,full_c2,3.396,9.781,True,1021291,11516784,,3187899,135,,3.1214404121841866
case_085,1,1,5,ablation2,no_comm,1.109,10.229,True,2758023,5574982,,3187899,35,,1.1558638198448672
case_085,1,1,5,ablation2,no_sync,2.378,10.758,True,1013322,11816830,,3187899,140,,3.145988145920053
case_085,1,1,5,ablation2,no_localsearch,0.486,12.463,True,909962,11301760,,3187899,140,,3.5033320072706333
case_085,1,1,5,ablation2,no_level,3.09,16.605,True,1150254,13830658,,3187899,675,,2.7714739527095755
case_085,1,1,5,ablation2,no_level_no_comm,0.951,11.486,True,3221836,3926866,,3187899,15,,0.9894665650268977
case_085,1,1,5,ablation2,max_ops500,3.151,11.518,True,1026824,12009988,,3187899,140,,3.104620655535905
case_085,1,1,5,ablation2,lvl_alap,3.639,12.139,True,1007726,11913132,,3187899,135,,3.1634581225452156
case_085,1,1,5,ablation2,lvl_compress,3.648,12.139,True,1007726,11913132,,3187899,135,,3.1634581225452156
case_088,1,1,4,ablation2,full_c2,0.595,0.832,True,161100,1184306,,243623,34,,1.5122470515207946
case_088,1,1,4,ablation2,no_comm,0.57,1.229,True,245278,437114,,243623,11,,0.9932525542445715
case_088,1,1,4,ablation2,no_sync,0.556,1.286,True,157167,1290072,,243623,39,,1.5500900316224144
case_088,1,1,4,ablation2,no_localsearch,0.118,0.889,True,116786,2165768,,243623,45,,2.0860633980100354
case_088,1,1,4,ablation2,no_level,0.627,1.351,True,187678,2467514,,243623,218,,1.2980903462313111
case_088,1,1,4,ablation2,no_level_no_comm,0.909,0.805,True,252634,1276754,,243623,12,,0.9643318001535819
case_088,1,1,4,ablation2,max_ops500,0.743,0.832,True,161100,1184306,,243623,34,,1.5122470515207946
case_088,1,1,4,ablation2,lvl_alap,0.658,1.107,True,151165,2002612,,243623,47,,1.6116362914695863
case_088,1,1,4,ablation2,lvl_compress,0.66,1.107,True,151165,2002612,,243623,47,,1.6116362914695863
case_088,1,1,5,ablation2,full_c2,0.809,0.886,True,171645,921152,,243623,30,,1.4193422470797286
case_088,1,1,5,ablation2,no_comm,0.506,1.444,True,245327,988366,,243623,16,,0.9930541685179373
case_088,1,1,5,ablation2,no_sync,0.437,0.941,True,188283,740166,,243623,36,,1.2939192598375848
case_088,1,1,5,ablation2,no_localsearch,0.078,0.93,True,101323,2383818,,243623,61,,2.4044195296230866
case_088,1,1,5,ablation2,no_level,0.567,1.392,True,204740,2467514,,243623,218,,1.1899140373156198
case_088,1,1,5,ablation2,no_level_no_comm,0.45,1.278,True,253737,1549346,,243623,15,,0.960139829823794
case_088,1,1,5,ablation2,max_ops500,0.601,1.067,True,171629,1026212,,243623,31,,1.4194745643218802
case_088,1,1,5,ablation2,lvl_alap,0.664,0.943,True,166461,1699450,,243623,50,,1.4635440133124276
case_088,1,1,5,ablation2,lvl_compress,0.659,0.943,True,166461,1699450,,243623,50,,1.4635440133124276
case_089,1,1,2,ablation2,full_c2,0.12,3.348,True,346832,238720,,693092,2,,1.998350786547954
case_089,1,1,2,ablation2,no_comm,0.117,3.671,True,365414,771456,,693092,4,,1.8967308313310383
case_089,1,1,2,ablation2,no_sync,0.162,3.348,True,346832,238720,,693092,2,,1.998350786547954
case_089,1,1,2,ablation2,no_localsearch,0.079,3.348,True,346832,238720,,693092,2,,1.998350786547954
case_089,1,1,2,ablation2,no_level,0.118,1.181,True,356940,9310080,,693092,40,,1.941760519975346
case_089,1,1,2,ablation2,no_level_no_comm,0.098,2.035,True,699892,1267328,,693092,6,,0.9902842152789287
case_089,1,1,2,ablation2,max_ops500,0.154,1.686,True,350490,2429456,,693092,12,,1.9774943650318126
case_089,1,1,2,ablation2,lvl_alap,0.177,3.348,True,346832,238720,,693092,2,,1.998350786547954
case_089,1,1,2,ablation2,lvl_compress,0.182,3.348,True,346832,238720,,693092,2,,1.998350786547954
case_089,1,1,4,ablation2,full_c2,0.316,1.832,True,178160,716160,,693092,4,,3.8902784014369107
case_089,1,1,4,ablation2,no_comm,0.201,2.236,True,196915,1821208,,693092,8,,3.5197521773353984
case_089,1,1,4,ablation2,no_sync,0.241,1.832,True,178160,716160,,693092,4,,3.8902784014369107
case_089,1,1,4,ablation2,no_localsearch,0.083,1.832,True,178160,716160,,693092,4,,3.8902784014369107
case_089,1,1,4,ablation2,no_level,0.246,2.391,True,223700,9310080,,693092,40,,3.098310236924452
case_089,1,1,4,ablation2,no_level_no_comm,0.191,1.278,True,707352,2799488,,693092,12,,0.9798403058166231
case_089,1,1,4,ablation2,max_ops500,0.243,1.784,True,188556,2773376,,693092,12,,3.6757886251299348
case_089,1,1,4,ablation2,lvl_alap,0.261,1.832,True,178160,716160,,693092,4,,3.8902784014369107
case_089,1,1,4,ablation2,lvl_compress,0.28,1.832,True,178160,716160,,693092,4,,3.8902784014369107
case_089,1,1,3,ablation2,full_c2,0.217,2.128,True,243614,477440,,693092,3,,2.8450417463692563
case_089,1,1,3,ablation2,no_comm,0.632,2.365,True,245291,1304792,,693092,6,,2.825590828852261
case_089,1,1,3,ablation2,no_sync,0.183,2.128,True,243614,477440,,693092,3,,2.8450417463692563
case_089,1,1,3,ablation2,no_localsearch,0.088,2.128,True,243614,477440,,693092,3,,2.8450417463692563
case_089,1,1,3,ablation2,no_level,0.564,1.19,True,260608,9310080,,693092,40,,2.6595192779960706
case_089,1,1,3,ablation2,no_level_no_comm,0.149,1.323,True,703384,2044928,,693092,9,,0.9853678787120549
case_089,1,1,3,ablation2,max_ops500,0.217,1.668,True,247992,2785664,,693092,12,,2.7948159618052197
case_089,1,1,3,ablation2,lvl_alap,0.215,2.128,True,243614,477440,,693092,3,,2.8450417463692563
case_089,1,1,3,ablation2,lvl_compress,0.209,2.128,True,243614,477440,,693092,3,,2.8450417463692563
case_090,1,1,2,ablation2,full_c2,0.048,0.773,True,769224,21498480,,1178363,2,,1.5318853805913493
case_090,1,1,2,ablation2,no_comm,0.035,0.99,True,768866,21604776,,1178363,4,,1.532598658283758
case_090,1,1,2,ablation2,no_sync,0.047,0.773,True,769224,21498480,,1178363,2,,1.5318853805913493
case_090,1,1,2,ablation2,no_localsearch,0.031,0.773,True,769224,21498480,,1178363,2,,1.5318853805913493
case_090,1,1,2,ablation2,no_level,0.046,0.361,True,679752,25781760,,1178363,13,,1.7335189892784428
case_090,1,1,2,ablation2,no_level_no_comm,0.029,0.424,True,1144326,21951264,,1178363,6,,1.0297441463359218
case_090,1,1,2,ablation2,max_ops500,0.049,0.514,True,788460,21597432,,1178363,4,,1.4945120868528523
case_090,1,1,2,ablation2,lvl_alap,0.044,0.773,True,769224,21498480,,1178363,2,,1.5318853805913493
case_090,1,1,2,ablation2,lvl_compress,0.043,0.773,True,769224,21498480,,1178363,2,,1.5318853805913493
case_090,1,1,3,ablation2,full_c2,0.068,0.529,True,657430,21438504,,1178363,3,,1.7923778957455547
case_090,1,1,3,ablation2,no_comm,0.057,0.58,True,619515,22154616,,1178363,6,,1.9020733961243876
case_090,1,1,3,ablation2,no_sync,0.06,0.529,True,657430,21438504,,1178363,3,,1.7923778957455547
case_090,1,1,3,ablation2,no_localsearch,0.031,0.529,True,657430,21438504,,1178363,3,,1.7923778957455547
case_090,1,1,3,ablation2,no_level,0.067,0.413,True,589444,25781760,,1178363,13,,1.999109330148411
case_090,1,1,3,ablation2,no_level_no_comm,0.056,0.367,True,1122425,23084544,,1178363,9,,1.0498367374212085
case_090,1,1,3,ablation2,max_ops500,0.406,0.512,True,647356,21792384,,1178363,6,,1.820270453969686
case_090,1,1,3,ablation2,lvl_alap,0.059,0.529,True,657430,21438504,,1178363,3,,1.7923778957455547
case_090,1,1,3,ablation2,lvl_compress,0.073,0.529,True,657430,21438504,,1178363,3,,1.7923778957455547
case_041,1,1,2,ablation2,full_c2,0.584,235.08,True,2990368,33546240,,6003957,2,,2.0077652650108617
case_041,1,1,2,ablation2,no_comm,0.437,356.131,True,3012277,32160768,,6003957,4,,1.9931623154178717
case_041,1,1,2,ablation2,no_sync,0.422,235.08,True,2990368,33546240,,6003957,2,,2.0077652650108617
case_041,1,1,2,ablation2,no_localsearch,0.561,235.08,True,2990368,33546240,,6003957,2,,2.0077652650108617
case_041,1,1,2,ablation2,no_level,0.655,25.819,True,3096120,64760832,,6003957,494,,1.9391874345955582
case_041,1,1,2,ablation2,no_level_no_comm,0.357,29.672,True,5986027,32740352,,6003957,6,,1.0029953089085633
case_041,1,1,2,ablation2,max_ops500,0.837,12.883,True,2961191,41478276,,6003957,34,,2.0275480372593324
case_041,1,1,2,ablation2,lvl_alap,0.758,235.08,True,2990368,33546240,,6003957,2,,2.0077652650108617
case_041,1,1,2,ablation2,lvl_compress,0.517,235.08,True,2990368,33546240,,6003957,2,,2.0077652650108617
case_090,1,1,4,ablation2,full_c2,0.075,0.47,True,608275,21392136,,1178363,4,,1.9372208293945994
case_090,1,1,4,ablation2,no_comm,0.072,0.524,True,530341,22524816,,1178363,8,,2.221896855042322
case_090,1,1,4,ablation2,no_sync,0.098,0.47,True,608275,21392136,,1178363,4,,1.9372208293945994
case_090,1,1,4,ablation2,no_localsearch,0.045,0.47,True,608275,21392136,,1178363,4,,1.9372208293945994
case_090,1,1,4,ablation2,no_level,0.08,0.426,True,565296,25781760,,1178363,13,,2.084506170218788
case_090,1,1,4,ablation2,no_level_no_comm,0.089,0.428,True,1047674,24596352,,1178363,12,,1.1247420476216838
case_090,1,1,4,ablation2,max_ops500,0.078,0.504,True,608542,21404424,,1178363,5,,1.9363708667602235
case_090,1,1,4,ablation2,lvl_alap,0.077,0.47,True,608275,21392136,,1178363,4,,1.9372208293945994
case_090,1,1,4,ablation2,lvl_compress,0.077,0.47,True,608275,21392136,,1178363,4,,1.9372208293945994
case_089,1,1,5,ablation2,full_c2,0.332,1.765,True,147432,954880,,693092,5,,4.701096098540344
case_089,1,1,5,ablation2,no_comm,0.304,2.273,True,165876,2345464,,693092,10,,4.178374207239142
case_089,1,1,5,ablation2,no_sync,0.323,1.765,True,147432,954880,,693092,5,,4.701096098540344
case_089,1,1,5,ablation2,no_localsearch,0.088,1.765,True,147432,954880,,693092,5,,4.701096098540344
case_089,1,1,5,ablation2,no_level,0.331,2.106,True,210236,9310080,,693092,40,,3.2967331950760097
case_089,1,1,5,ablation2,no_level_no_comm,0.254,1.701,True,712112,3562752,,693092,15,,0.9732907183139731
case_089,1,1,5,ablation2,max_ops500,0.297,1.276,True,157544,2339240,,693092,15,,4.399355100797238
case_089,1,1,5,ablation2,lvl_alap,0.302,1.765,True,147432,954880,,693092,5,,4.701096098540344
case_089,1,1,5,ablation2,lvl_compress,0.313,1.765,True,147432,954880,,693092,5,,4.701096098540344
case_090,1,1,5,ablation2,full_c2,0.509,0.57,True,577063,22366584,,1178363,68,,2.0420006134512176
case_090,1,1,5,ablation2,no_comm,0.123,0.633,True,503479,22872240,,1178363,11,,2.3404412100604
case_090,1,1,5,ablation2,no_sync,0.192,0.507,True,600788,22532208,,1178363,70,,1.9613624107006131
case_090,1,1,5,ablation2,no_localsearch,0.037,0.483,True,388325,10869504,,1178363,125,,3.034476276314942
case_090,1,1,5,ablation2,no_level,0.333,0.971,True,967648,26625408,,1178363,325,,1.2177599705678097
case_090,1,1,5,ablation2,no_level_no_comm,0.088,0.59,True,1038471,25951488,,1178363,15,,1.1347095874607958
case_090,1,1,5,ablation2,max_ops500,0.376,0.57,True,577063,22366584,,1178363,68,,2.0420006134512176
case_090,1,1,5,ablation2,lvl_alap,0.39,0.464,True,559222,22318944,,1178363,70,,2.107147072182425
case_090,1,1,5,ablation2,lvl_compress,0.408,0.464,True,559222,22318944,,1178363,70,,2.107147072182425
case_058,1,1,4,ablation2,full_c2,1.022,50.444,True,1408677,28954624,,4539717,4,,3.2226812817984536
case_058,1,1,4,ablation2,no_comm,0.796,273.786,True,1159136,34037760,,4539717,8,,3.916466230019601
case_058,1,1,4,ablation2,no_sync,0.934,50.444,True,1408677,28954624,,4539717,4,,3.2226812817984536
case_058,1,1,4,ablation2,no_localsearch,0.557,50.444,True,1408677,28954624,,4539717,4,,3.2226812817984536
case_058,1,1,4,ablation2,no_level,0.924,28.45,True,1326483,32440320,,4539717,17,,3.42237103679429
case_058,1,1,4,ablation2,no_level_no_comm,1.099,14.955,True,4495580,33120256,,4539717,12,,1.0098178655479382
case_058,1,1,4,ablation2,max_ops500,0.936,9.696,True,1378537,40796160,,4539717,34,,3.2931412069462045
case_058,1,1,4,ablation2,lvl_alap,0.956,50.444,True,1408677,28954624,,4539717,4,,3.2226812817984536
case_058,1,1,4,ablation2,lvl_compress,1.291,50.444,True,1408677,28954624,,4539717,4,,3.2226812817984536
case_079,1,1,3,ablation2,full_c2,0.682,112.77,True,10315104,32661504,,31052251,3,,3.010367224605782
case_079,1,1,3,ablation2,no_comm,0.847,166.13,True,10315104,32661504,,31052251,3,,3.010367224605782
case_079,1,1,3,ablation2,no_sync,0.699,112.77,True,10315104,32661504,,31052251,3,,3.010367224605782
case_079,1,1,3,ablation2,no_localsearch,0.717,112.77,True,10315104,32661504,,31052251,3,,3.010367224605782
case_079,1,1,3,ablation2,no_level,0.77,14.027,True,9817862,36765696,,31052251,18,,3.1628322948519747
case_079,1,1,3,ablation2,no_level_no_comm,0.969,32.857,True,10111988,33300480,,31052251,9,,3.0708354282065997
case_079,1,1,3,ablation2,max_ops500,1.361,12.017,True,9824439,48064512,,31052251,39,,3.1607149273358
case_079,1,1,3,ablation2,lvl_alap,0.987,112.77,True,10315104,32661504,,31052251,3,,3.010367224605782
case_079,1,1,3,ablation2,lvl_compress,1.041,112.77,True,10315104,32661504,,31052251,3,,3.010367224605782
case_093,1,1,2,ablation2,full_c2,0.019,0.17,True,37827,8192,,74205,2,,1.9616940280751844
case_093,1,1,2,ablation2,no_comm,0.013,0.192,True,39152,65536,,74205,4,,1.8953054760931753
case_093,1,1,2,ablation2,no_sync,0.019,0.17,True,37827,8192,,74205,2,,1.9616940280751844
case_093,1,1,2,ablation2,no_localsearch,0.015,0.17,True,37827,8192,,74205,2,,1.9616940280751844
case_093,1,1,2,ablation2,no_level,0.023,0.169,True,52785,557056,,74205,69,,1.4057971014492754
case_093,1,1,2,ablation2,no_level_no_comm,0.014,0.155,True,79862,81920,,74205,6,,0.929165310160026
case_093,1,1,2,ablation2,max_ops500,0.02,0.17,True,37827,8192,,74205,2,,1.9616940280751844
case_093,1,1,2,ablation2,lvl_alap,0.021,0.17,True,37827,8192,,74205,2,,1.9616940280751844
case_093,1,1,2,ablation2,lvl_compress,0.025,0.17,True,37827,8192,,74205,2,,1.9616940280751844
case_093,1,1,3,ablation2,full_c2,0.031,0.143,True,25103,16384,,74205,3,,2.956021192686133
case_093,1,1,3,ablation2,no_comm,0.02,0.171,True,27132,114688,,74205,6,,2.7349624060150375
case_093,1,1,3,ablation2,no_sync,0.027,0.143,True,25103,16384,,74205,3,,2.956021192686133
case_093,1,1,3,ablation2,no_localsearch,0.011,0.143,True,25103,16384,,74205,3,,2.956021192686133
case_093,1,1,3,ablation2,no_level,0.029,0.181,True,37137,557056,,74205,69,,1.9981420147023183
case_093,1,1,3,ablation2,no_level_no_comm,0.019,0.163,True,83177,131072,,74205,9,,0.892133642713731
case_093,1,1,3,ablation2,max_ops500,0.033,0.143,True,25103,16384,,74205,3,,2.956021192686133
case_093,1,1,3,ablation2,lvl_alap,0.031,0.143,True,25103,16384,,74205,3,,2.956021192686133
case_093,1,1,3,ablation2,lvl_compress,0.031,0.143,True,25103,16384,,74205,3,,2.956021192686133
case_093,1,1,4,ablation2,full_c2,0.041,0.784,True,19779,24576,,74205,4,,3.751706355225239
case_093,1,1,4,ablation2,no_comm,0.031,0.17,True,21389,143360,,74205,8,,3.469306652952452
case_093,1,1,4,ablation2,no_sync,0.036,0.784,True,19779,24576,,74205,4,,3.751706355225239
case_093,1,1,4,ablation2,no_localsearch,0.011,0.784,True,19779,24576,,74205,4,,3.751706355225239
case_093,1,1,4,ablation2,no_level,0.04,0.266,True,31229,557056,,74205,69,,2.376156777354382
case_093,1,1,4,ablation2,no_level_no_comm,0.028,0.178,True,86668,176128,,74205,12,,0.8561983661789818
case_093,1,1,4,ablation2,max_ops500,0.044,0.784,True,19779,24576,,74205,4,,3.751706355225239
case_093,1,1,4,ablation2,lvl_alap,0.04,0.784,True,19779,24576,,74205,4,,3.751706355225239
case_093,1,1,4,ablation2,lvl_compress,0.042,0.784,True,19779,24576,,74205,4,,3.751706355225239
case_093,1,1,5,ablation2,full_c2,0.053,0.147,True,15876,32768,,74205,5,,4.674036281179139
case_093,1,1,5,ablation2,no_comm,0.037,0.183,True,18780,204800,,74205,10,,3.9512779552715656
case_093,1,1,5,ablation2,no_sync,0.045,0.147,True,15876,32768,,74205,5,,4.674036281179139
case_093,1,1,5,ablation2,no_localsearch,0.011,0.147,True,15876,32768,,74205,5,,4.674036281179139
case_093,1,1,5,ablation2,no_level,0.047,0.214,True,28635,557056,,74205,69,,2.5914091147197484
case_093,1,1,5,ablation2,no_level_no_comm,0.04,0.192,True,89675,229376,,74205,15,,0.8274881516587678
case_093,1,1,5,ablation2,max_ops500,0.05,0.147,True,15876,32768,,74205,5,,4.674036281179139
case_093,1,1,5,ablation2,lvl_alap,0.052,0.147,True,15876,32768,,74205,5,,4.674036281179139
case_093,1,1,5,ablation2,lvl_compress,0.05,0.147,True,15876,32768,,74205,5,,4.674036281179139
case_094,1,1,2,ablation2,full_c2,0.028,0.156,True,50280,106272,,94892,2,,1.8872712808273668
case_094,1,1,2,ablation2,no_comm,0.02,0.717,True,64825,192768,,94892,4,,1.4638179714616275
case_094,1,1,2,ablation2,no_sync,0.028,0.156,True,50280,106272,,94892,2,,1.8872712808273668
case_094,1,1,2,ablation2,no_localsearch,0.015,0.136,True,47453,106272,,94892,2,,1.9997049712346955
case_094,1,1,2,ablation2,no_level,0.028,0.124,True,59051,688032,,94892,40,,1.6069499246414116
case_094,1,1,2,ablation2,no_level_no_comm,0.02,0.148,True,99511,345856,,94892,6,,0.9535830209725558
case_094,1,1,2,ablation2,max_ops500,0.032,0.156,True,50280,106272,,94892,2,,1.8872712808273668
case_094,1,1,2,ablation2,lvl_alap,0.031,0.156,True,50280,106272,,94892,2,,1.8872712808273668
case_094,1,1,2,ablation2,lvl_compress,0.031,0.156,True,50280,106272,,94892,2,,1.8872712808273668
case_094,1,1,3,ablation2,full_c2,0.034,0.169,True,34069,212544,,94892,3,,2.7852886788576123
case_094,1,1,3,ablation2,no_comm,0.046,0.226,True,53459,363264,,94892,6,,1.775042555977478
case_094,1,1,3,ablation2,no_sync,0.035,0.169,True,34069,212544,,94892,3,,2.7852886788576123
case_094,1,1,3,ablation2,no_localsearch,0.021,0.169,True,34069,212544,,94892,3,,2.7852886788576123
case_094,1,1,3,ablation2,no_level,0.038,0.144,True,41999,688032,,94892,40,,2.259387128264959
case_094,1,1,3,ablation2,no_level_no_comm,0.044,0.174,True,101989,492288,,94892,9,,0.9304140642618322
case_094,1,1,3,ablation2,max_ops500,0.034,0.169,True,34069,212544,,94892,3,,2.7852886788576123
case_094,1,1,3,ablation2,lvl_alap,0.033,0.169,True,34069,212544,,94892,3,,2.7852886788576123
case_094,1,1,3,ablation2,lvl_compress,0.035,0.169,True,34069,212544,,94892,3,,2.7852886788576123
case_094,1,1,4,ablation2,full_c2,0.067,0.179,True,25596,318528,,94892,4,,3.707298015314893
case_094,1,1,4,ablation2,no_comm,0.097,0.204,True,30158,297472,,94892,7,,3.1464951256714637
case_094,1,1,4,ablation2,no_sync,0.067,0.179,True,25596,318528,,94892,4,,3.707298015314893
case_094,1,1,4,ablation2,no_localsearch,0.02,0.183,True,24860,318816,,94892,4,,3.8170555108608206
case_094,1,1,4,ablation2,no_level,0.075,0.136,True,34737,688032,,94892,40,,2.7317269769985892
case_094,1,1,4,ablation2,no_level_no_comm,0.099,0.217,True,102183,468096,,94892,12,,0.9286476224029437
case_094,1,1,4,ablation2,max_ops500,0.065,0.179,True,25596,318528,,94892,4,,3.707298015314893
case_094,1,1,4,ablation2,lvl_alap,0.085,0.179,True,25596,318528,,94892,4,,3.707298015314893
case_094,1,1,4,ablation2,lvl_compress,0.057,0.179,True,25596,318528,,94892,4,,3.707298015314893
case_094,1,1,5,ablation2,full_c2,0.092,0.191,True,21487,425088,,94892,5,,4.416251687066598
case_094,1,1,5,ablation2,no_comm,0.077,0.231,True,31048,611844,,94892,10,,3.056299922700335
case_094,1,1,5,ablation2,no_sync,0.066,0.191,True,21487,425088,,94892,5,,4.416251687066598
case_094,1,1,5,ablation2,no_localsearch,0.013,0.245,True,21487,425088,,94892,5,,4.416251687066598
case_094,1,1,5,ablation2,no_level,0.11,0.131,True,27281,688032,,94892,40,,3.478318243466149
case_094,1,1,5,ablation2,no_level_no_comm,0.083,0.211,True,87426,663300,,94892,15,,1.0853979365406172
case_094,1,1,5,ablation2,max_ops500,0.082,0.191,True,21487,425088,,94892,5,,4.416251687066598
case_094,1,1,5,ablation2,lvl_alap,0.094,0.191,True,21487,425088,,94892,5,,4.416251687066598
case_094,1,1,5,ablation2,lvl_compress,0.094,0.191,True,21487,425088,,94892,5,,4.416251687066598
case_058,1,1,3,ablation2,full_c2,0.82,74.283,True,1662641,28868608,,4539717,3,,2.730425269195214
case_058,1,1,3,ablation2,no_comm,0.675,333.154,True,1500501,32129024,,4539717,6,,3.0254674938570516
case_058,1,1,3,ablation2,no_sync,0.798,74.283,True,1662641,28868608,,4539717,3,,2.730425269195214
case_058,1,1,3,ablation2,no_localsearch,0.631,74.283,True,1662641,28868608,,4539717,3,,2.730425269195214
case_058,1,1,3,ablation2,no_level,0.672,29.249,True,1559863,32440320,,4539717,17,,2.910330586724603
case_058,1,1,3,ablation2,no_level_no_comm,0.923,19.817,True,4461684,32796672,,4539717,9,,1.0174895846501006
case_058,1,1,3,ablation2,max_ops500,0.804,11.313,True,1589326,41279488,,4539717,34,,2.8563787416804356
case_058,1,1,3,ablation2,lvl_alap,0.776,74.283,True,1662641,28868608,,4539717,3,,2.730425269195214
case_058,1,1,3,ablation2,lvl_compress,0.761,74.283,True,1662641,28868608,,4539717,3,,2.730425269195214
case_095,1,1,2,ablation2,full_c2,0.143,5.132,True,1042890,0,,2084853,2,,1.9991111238960964
case_095,1,1,2,ablation2,no_comm,0.108,8.116,True,1042890,0,,2084853,2,,1.9991111238960964
case_095,1,1,2,ablation2,no_sync,0.1,5.132,True,1042890,0,,2084853,2,,1.9991111238960964
case_095,1,1,2,ablation2,no_localsearch,0.069,5.132,True,1042890,0,,2084853,2,,1.9991111238960964
case_095,1,1,2,ablation2,no_level,0.168,3.17,True,1208030,0,,2084853,462,,1.7258288287542527
case_095,1,1,2,ablation2,no_level_no_comm,0.125,2.517,True,1044326,0,,2084853,6,,1.9963622470378024
case_095,1,1,2,ablation2,max_ops500,0.107,2.13,True,1043548,147456,,2084853,8,,1.9978506019847673
case_095,1,1,2,ablation2,lvl_alap,0.118,5.132,True,1042890,0,,2084853,2,,1.9991111238960964
case_095,1,1,2,ablation2,lvl_compress,0.146,5.132,True,1042890,0,,2084853,2,,1.9991111238960964
case_095,1,1,4,ablation2,full_c2,0.175,2.364,True,524422,0,,2084853,4,,3.9755254356224565
case_095,1,1,4,ablation2,no_comm,0.149,2.883,True,526410,294912,,2084853,8,,3.9605117683934576
case_095,1,1,4,ablation2,no_sync,0.129,2.364,True,524422,0,,2084853,4,,3.9755254356224565
case_095,1,1,4,ablation2,no_localsearch,0.069,2.364,True,524422,0,,2084853,4,,3.9755254356224565
case_095,1,1,4,ablation2,no_level,0.19,2.669,True,677650,0,,2084853,462,,3.0765926363166827
case_095,1,1,4,ablation2,no_level_no_comm,0.559,1.416,True,1052349,294912,,2084853,12,,1.9811421876202666
case_095,1,1,4,ablation2,max_ops500,0.228,2.034,True,525420,147456,,2084853,8,,3.9679741920749114
case_095,1,1,4,ablation2,lvl_alap,0.222,2.364,True,524422,0,,2084853,4,,3.9755254356224565
case_095,1,1,4,ablation2,lvl_compress,0.572,2.364,True,524422,0,,2084853,4,,3.9755254356224565
case_095,1,1,3,ablation2,full_c2,0.356,3.264,True,695775,0,,2084853,3,,2.9964471273040854
case_095,1,1,3,ablation2,no_comm,0.126,3.328,True,696991,258432,,2084853,6,,2.9912193988157667
case_095,1,1,3,ablation2,no_sync,0.375,3.264,True,695775,0,,2084853,3,,2.9964471273040854
case_095,1,1,3,ablation2,no_localsearch,0.073,3.264,True,695775,0,,2084853,3,,2.9964471273040854
case_095,1,1,3,ablation2,no_level,0.133,2.73,True,852906,0,,2084853,462,,2.444411224683611
case_095,1,1,3,ablation2,no_level_no_comm,0.133,2.179,True,1628097,258432,,2084853,9,,1.2805459379877244
case_095,1,1,3,ablation2,max_ops500,0.38,1.824,True,697286,110592,,2084853,9,,2.98995390700516
case_095,1,1,3,ablation2,lvl_alap,0.139,3.264,True,695775,0,,2084853,3,,2.9964471273040854
case_095,1,1,3,ablation2,lvl_compress,0.154,3.264,True,695775,0,,2084853,3,,2.9964471273040854
case_096,1,1,2,ablation2,full_c2,0.047,0.377,True,61348,239444,,84194,5,,1.3724000782421595
case_096,1,1,2,ablation2,no_comm,0.023,0.564,True,60195,203164,,84194,5,,1.3986875986377607
case_096,1,1,2,ablation2,no_sync,0.047,0.377,True,61348,239444,,84194,5,,1.3724000782421595
case_096,1,1,2,ablation2,no_localsearch,0.027,0.314,True,56790,239444,,84194,5,,1.482549744673358
case_096,1,1,2,ablation2,no_level,0.047,0.25,True,76556,833868,,84194,53,,1.0997701029311877
case_096,1,1,2,ablation2,no_level_no_comm,0.023,0.25,True,89178,250396,,84194,6,,0.9441117764471058
case_096,1,1,2,ablation2,max_ops500,0.062,0.301,True,59507,239448,,84194,6,,1.4148587561127262
case_096,1,1,2,ablation2,lvl_alap,0.048,0.336,True,46476,706316,,84194,8,,1.8115586539289095
case_096,1,1,2,ablation2,lvl_compress,0.049,0.336,True,46476,706316,,84194,8,,1.8115586539289095
case_096,1,1,3,ablation2,full_c2,0.106,0.287,True,54513,971156,,84194,19,,1.544475629666318
case_096,1,1,3,ablation2,no_comm,0.056,0.338,True,45869,317732,,84194,7,,1.8355316226645446
case_096,1,1,3,ablation2,no_sync,0.075,0.287,True,54513,971156,,84194,19,,1.544475629666318
case_096,1,1,3,ablation2,no_localsearch,0.029,0.311,True,51397,1022612,,84194,19,,1.6381111738039185
case_096,1,1,3,ablation2,no_level,0.098,0.346,True,119704,1368396,,84194,143,,0.7033516006148499
case_096,1,1,3,ablation2,no_level_no_comm,0.051,0.462,True,92203,365216,,84194,9,,0.9131373165732134
case_096,1,1,3,ablation2,max_ops500,0.11,0.287,True,54513,971156,,84194,19,,1.544475629666318
case_096,1,1,3,ablation2,lvl_alap,0.107,0.351,True,49119,1548936,,84194,24,,1.7140821270791344
case_096,1,1,3,ablation2,lvl_compress,0.118,0.351,True,49119,1548936,,84194,24,,1.7140821270791344
case_096,1,1,4,ablation2,full_c2,0.137,0.3,True,48616,722264,,84194,20,,1.731816685864736
case_096,1,1,4,ablation2,no_comm,0.121,0.378,True,35398,279264,,84194,9,,2.3784959602237414
case_096,1,1,4,ablation2,no_sync,0.108,0.314,True,48572,732504,,84194,20,,1.7333854895824754
case_096,1,1,4,ablation2,no_localsearch,0.027,0.367,True,48401,975960,,84194,30,,1.7395095142662342
case_096,1,1,4,ablation2,no_level,0.121,0.349,True,73261,1368396,,84194,143,,1.1492335621954382
case_096,1,1,4,ablation2,no_level_no_comm,0.116,0.267,True,71790,452972,,84194,12,,1.1727817244741607
case_096,1,1,4,ablation2,max_ops500,0.153,0.3,True,48616,722264,,84194,20,,1.731816685864736
case_096,1,1,4,ablation2,lvl_alap,0.149,0.393,True,38923,1295704,,84194,24,,2.1630912314055957
case_096,1,1,4,ablation2,lvl_compress,0.147,0.393,True,38923,1295704,,84194,24,,2.1630912314055957
case_095,1,1,5,ablation2,full_c2,0.202,1.749,True,420852,0,,2084853,5,,4.953886401870491
case_095,1,1,5,ablation2,no_comm,0.189,2.439,True,421058,0,,2084853,5,,4.951462743850016
case_095,1,1,5,ablation2,no_sync,0.151,1.749,True,420852,0,,2084853,5,,4.953886401870491
case_095,1,1,5,ablation2,no_localsearch,0.063,1.749,True,420852,0,,2084853,5,,4.953886401870491
case_095,1,1,5,ablation2,no_level,0.197,3.322,True,571574,0,,2084853,462,,3.647564444848786
case_095,1,1,5,ablation2,no_level_no_comm,0.196,1.825,True,424348,0,,2084853,15,,4.913073703658318
case_095,1,1,5,ablation2,max_ops500,0.198,1.52,True,422364,184320,,2084853,10,,4.936152228883143
case_095,1,1,5,ablation2,lvl_alap,0.715,1.749,True,420852,0,,2084853,5,,4.953886401870491
case_095,1,1,5,ablation2,lvl_compress,0.291,1.749,True,420852,0,,2084853,5,,4.953886401870491
case_096,1,1,5,ablation2,full_c2,0.198,0.356,True,49200,911704,,84194,29,,1.711260162601626
case_096,1,1,5,ablation2,no_comm,0.097,0.571,True,43652,402620,,84194,10,,1.9287546962338495
case_096,1,1,5,ablation2,no_sync,0.155,0.343,True,43536,803178,,84194,30,,1.933893789048144
case_096,1,1,5,ablation2,no_localsearch,0.042,0.302,True,39895,1177710,,84194,38,,2.1103897731545307
case_096,1,1,5,ablation2,no_level,0.224,0.404,True,108049,1376654,,84194,147,,0.7792205388296051
case_096,1,1,5,ablation2,no_level_no_comm,0.106,0.249,True,96355,576444,,84194,15,,0.8737896320896684
case_096,1,1,5,ablation2,max_ops500,0.175,0.356,True,49200,911704,,84194,29,,1.711260162601626
case_096,1,1,5,ablation2,lvl_alap,0.242,0.328,True,41351,1490426,,84194,34,,2.036081352325216
case_096,1,1,5,ablation2,lvl_compress,0.213,0.328,True,41351,1490426,,84194,34,,2.036081352325216
case_079,1,1,4,ablation2,full_c2,0.96,81.895,True,8584580,32768000,,31052251,4,,3.6172126067903148
case_079,1,1,4,ablation2,no_comm,0.995,201.525,True,7728410,32509952,,31052251,4,,4.017935254470195
case_079,1,1,4,ablation2,no_sync,1.152,81.895,True,8584580,32768000,,31052251,4,,3.6172126067903148
case_079,1,1,4,ablation2,no_localsearch,0.646,81.895,True,8584580,32768000,,31052251,4,,3.6172126067903148
case_079,1,1,4,ablation2,no_level,1.036,16.043,True,8182666,36765696,,31052251,18,,3.7948818881279034
case_079,1,1,4,ablation2,no_level_no_comm,1.153,46.068,True,7645230,35033088,,31052251,12,,4.0616503362227165
case_079,1,1,4,ablation2,max_ops500,1.377,11.983,True,8191662,47972352,,31052251,40,,3.7907143873856124
case_079,1,1,4,ablation2,lvl_alap,1.106,81.895,True,8584580,32768000,,31052251,4,,3.6172126067903148
case_079,1,1,4,ablation2,lvl_compress,1.481,81.895,True,8584580,32768000,,31052251,4,,3.6172126067903148
case_092,1,1,4,ablation2,full_c2,0.869,61.379,True,1927728,67180384,,4815554,4,,2.4980464048869964
case_092,1,1,4,ablation2,no_comm,0.849,74.761,True,1927983,68746464,,4815554,8,,2.4977160068320106
case_092,1,1,4,ablation2,no_sync,0.865,61.379,True,1927728,67180384,,4815554,4,,2.4980464048869964
case_092,1,1,4,ablation2,no_localsearch,0.553,61.379,True,1927728,67180384,,4815554,4,,2.4980464048869964
case_092,1,1,4,ablation2,no_level,0.815,7.356,True,2501964,131186400,,4815554,142,,1.9247095481789507
case_092,1,1,4,ablation2,no_level_no_comm,0.926,12.109,True,4834168,69976320,,4815554,12,,0.9961494925290143
case_092,1,1,4,ablation2,max_ops500,1.172,7.407,True,2129592,79329888,,4815554,36,,2.26125661629082
case_092,1,1,4,ablation2,lvl_alap,0.974,61.379,True,1927728,67180384,,4815554,4,,2.4980464048869964
case_092,1,1,4,ablation2,lvl_compress,1.31,61.379,True,1927728,67180384,,4815554,4,,2.4980464048869964
case_092,1,1,5,ablation2,full_c2,1.157,99.853,True,1661234,66980256,,4815554,5,,2.89878126741928
case_092,1,1,5,ablation2,no_comm,0.81,74.452,True,1757207,69572992,,4815554,10,,2.74045914909285
case_092,1,1,5,ablation2,no_sync,1.434,99.853,True,1661234,66980256,,4815554,5,,2.89878126741928
case_092,1,1,5,ablation2,no_localsearch,0.266,99.853,True,1661234,66980256,,4815554,5,,2.89878126741928
case_092,1,1,5,ablation2,no_level,1.438,7.762,True,2438012,131186400,,4815554,142,,1.975197004772741
case_092,1,1,5,ablation2,no_level_no_comm,1.065,10.734,True,4851134,71792032,,4815554,15,,0.9926656324067733
case_092,1,1,5,ablation2,max_ops500,1.304,7.588,True,1985726,79784992,,4815554,37,,2.4250848304348134
case_092,1,1,5,ablation2,lvl_alap,1.175,99.853,True,1661234,66980256,,4815554,5,,2.89878126741928
case_092,1,1,5,ablation2,lvl_compress,1.463,99.853,True,1661234,66980256,,4815554,5,,2.89878126741928
case_098,1,1,2,ablation2,full_c2,0.063,0.326,True,137983,934008,,177430,7,,1.2858830435633375
case_098,1,1,2,ablation2,no_comm,0.03,0.424,True,120000,598092,,177430,5,,1.4785833333333334
case_098,1,1,2,ablation2,no_sync,0.056,0.326,True,137983,934008,,177430,7,,1.2858830435633375
case_098,1,1,2,ablation2,no_localsearch,0.032,0.368,True,142389,929912,,177430,7,,1.2460934482298491
case_098,1,1,2,ablation2,no_level,0.052,0.26,True,156499,1036428,,177430,55,,1.1337452635480099
case_098,1,1,2,ablation2,no_level_no_comm,0.026,0.3,True,182761,598080,,177430,6,,0.9708307571090112
case_098,1,1,2,ablation2,max_ops500,0.056,0.326,True,137983,934008,,177430,7,,1.2858830435633375
case_098,1,1,2,ablation2,lvl_alap,0.065,0.408,True,106182,1847330,,177430,10,,1.6709988510293647
case_098,1,1,2,ablation2,lvl_compress,0.066,0.408,True,106182,1847330,,177430,10,,1.6709988510293647
case_098,1,1,3,ablation2,full_c2,0.128,0.322,True,92603,2213116,,177430,21,,1.9160286383810459
case_098,1,1,3,ablation2,no_comm,0.052,0.915,True,103092,925836,,177430,9,,1.7210840802390097
case_098,1,1,3,ablation2,no_sync,0.1,0.322,True,92603,2213116,,177430,21,,1.9160286383810459
case_098,1,1,3,ablation2,no_localsearch,0.032,0.376,True,82843,2377992,,177430,21,,2.1417621283632897
case_098,1,1,3,ablation2,no_level,0.11,0.412,True,205952,2265330,,177430,141,,0.8615114201367309
case_098,1,1,3,ablation2,no_level_no_comm,0.038,0.29,True,185263,925824,,177430,9,,0.9577195662382667
case_098,1,1,3,ablation2,max_ops500,0.13,0.322,True,92603,2213116,,177430,21,,1.9160286383810459
case_098,1,1,3,ablation2,lvl_alap,0.137,0.453,True,100275,3604776,,177430,24,,1.769434056345051
case_098,1,1,3,ablation2,lvl_compress,0.154,0.453,True,100275,3604776,,177430,24,,1.769434056345051
case_098,1,1,4,ablation2,full_c2,0.181,0.396,True,86165,2366744,,177430,29,,2.0591887657401498
case_098,1,1,4,ablation2,no_comm,0.056,0.365,True,103689,1015980,,177430,12,,1.7111747629931815
case_098,1,1,4,ablation2,no_sync,0.126,0.396,True,86165,2366744,,177430,29,,2.0591887657401498
case_098,1,1,4,ablation2,no_localsearch,0.032,0.382,True,95654,2473248,,177430,30,,1.8549145879942293
case_098,1,1,4,ablation2,no_level,0.174,0.379,True,186550,2265330,,177430,141,,0.9511123023318145
case_098,1,1,4,ablation2,no_level_no_comm,0.054,0.269,True,190146,1015968,,177430,12,,0.9331250723128544
case_098,1,1,4,ablation2,max_ops500,0.15,0.396,True,86165,2366744,,177430,29,,2.0591887657401498
case_098,1,1,4,ablation2,lvl_alap,0.149,0.59,True,96292,3526108,,177430,32,,1.8426245170938396
case_098,1,1,4,ablation2,lvl_compress,0.151,0.59,True,96292,3526108,,177430,32,,1.8426245170938396
case_058,1,1,2,ablation2,full_c2,0.531,121.302,True,2448313,28782592,,4539717,2,,1.8542224789069044
case_058,1,1,2,ablation2,no_comm,0.325,375.952,True,2277640,30941184,,4539717,4,,1.993167050104494
case_058,1,1,2,ablation2,no_sync,0.496,121.302,True,2448313,28782592,,4539717,2,,1.8542224789069044
case_058,1,1,2,ablation2,no_localsearch,0.285,121.302,True,2448313,28782592,,4539717,2,,1.8542224789069044
case_058,1,1,2,ablation2,no_level,0.773,29.572,True,2313507,32440320,,4539717,17,,1.962266377408843
case_058,1,1,2,ablation2,no_level_no_comm,0.358,29.911,True,4491746,31219712,,4539717,6,,1.0106798113695654
case_058,1,1,2,ablation2,max_ops500,0.821,9.374,True,2320485,41738240,,4539717,34,,1.956365587366434
case_058,1,1,2,ablation2,lvl_alap,0.527,121.302,True,2448313,28782592,,4539717,2,,1.8542224789069044
case_058,1,1,2,ablation2,lvl_compress,0.721,121.302,True,2448313,28782592,,4539717,2,,1.8542224789069044
case_098,1,1,5,ablation2,full_c2,0.226,0.217,True,87848,1823960,,177430,28,,2.0197386394681724
case_098,1,1,5,ablation2,no_comm,0.074,0.697,True,90462,1077496,,177430,21,,1.9613760474011186
case_098,1,1,5,ablation2,no_sync,0.167,0.368,True,88163,1728710,,177430,30,,2.012522259904949
case_098,1,1,5,ablation2,no_localsearch,0.035,0.446,True,81609,2518318,,177430,37,,2.174147459226311
case_098,1,1,5,ablation2,no_level,0.209,0.431,True,192806,2265330,,177430,141,,0.9202514444571227
case_098,1,1,5,ablation2,no_level_no_comm,0.074,0.29,True,195091,1020100,,177430,15,,0.9094730151570293
case_098,1,1,5,ablation2,max_ops500,0.218,0.217,True,87848,1823960,,177430,28,,2.0197386394681724
case_098,1,1,5,ablation2,lvl_alap,0.215,0.29,True,90557,3066248,,177430,35,,1.9593184403193569
case_098,1,1,5,ablation2,lvl_compress,0.208,0.29,True,90557,3066248,,177430,35,,1.9593184403193569
case_097,1,1,3,ablation2,full_c2,0.672,27.305,True,3660459,16031744,,11491509,3,,3.1393628503966307
case_097,1,1,3,ablation2,no_comm,0.24,30.152,True,3771649,19124224,,11491509,6,,3.0468129457433606
case_097,1,1,3,ablation2,no_sync,0.343,27.305,True,3660459,16031744,,11491509,3,,3.1393628503966307
case_097,1,1,3,ablation2,no_localsearch,0.395,27.305,True,3660459,16031744,,11491509,3,,3.1393628503966307
case_097,1,1,3,ablation2,no_level,0.306,2.83,True,3577028,29818880,,11491509,64,,3.2125856996366817
case_097,1,1,3,ablation2,no_level_no_comm,0.226,4.396,True,10369352,19871744,,11491509,9,,1.108218623497399
case_097,1,1,3,ablation2,max_ops500,0.343,4.892,True,3581330,29831168,,11491509,15,,3.208726646245948
case_097,1,1,3,ablation2,lvl_alap,0.34,27.305,True,3660459,16031744,,11491509,3,,3.1393628503966307
case_097,1,1,3,ablation2,lvl_compress,0.343,27.305,True,3660459,16031744,,11491509,3,,3.1393628503966307
case_097,1,1,2,ablation2,full_c2,0.241,16.761,True,5617602,11796480,,11491509,2,,2.045625339780212
case_097,1,1,2,ablation2,no_comm,0.202,36.488,True,5615971,16234496,,11491509,4,,2.046219433825424
case_097,1,1,2,ablation2,no_sync,0.234,16.761,True,5617602,11796480,,11491509,2,,2.045625339780212
case_097,1,1,2,ablation2,no_localsearch,0.14,16.761,True,5617602,11796480,,11491509,2,,2.045625339780212
case_097,1,1,2,ablation2,no_level,0.207,2.778,True,5192028,29818880,,11491509,64,,2.2132987341362567
case_097,1,1,2,ablation2,no_level_no_comm,0.496,4.627,True,11047464,15355904,,11491509,6,,1.0401942925543817
case_097,1,1,2,ablation2,max_ops500,0.233,3.65,True,5378670,24244224,,11491509,14,,2.1364963829348147
case_097,1,1,2,ablation2,lvl_alap,0.244,16.761,True,5617602,11796480,,11491509,2,,2.045625339780212
case_097,1,1,2,ablation2,lvl_compress,0.244,16.761,True,5617602,11796480,,11491509,2,,2.045625339780212
case_092,1,1,3,ablation2,full_c2,0.624,108.81,True,2231804,66784736,,4815554,3,,2.157695747476033
case_092,1,1,3,ablation2,no_comm,0.533,114.107,True,2226132,67894368,,4815554,6,,2.163193377571501
case_092,1,1,3,ablation2,no_sync,0.718,108.81,True,2231804,66784736,,4815554,3,,2.157695747476033
case_092,1,1,3,ablation2,no_localsearch,0.283,108.81,True,2231804,66784736,,4815554,3,,2.157695747476033
case_092,1,1,3,ablation2,no_level,1.056,7.338,True,2615991,131186400,,4815554,142,,1.8408144370527268
case_092,1,1,3,ablation2,no_level_no_comm,0.477,13.212,True,4876767,68375616,,4815554,9,,0.9874480367833854
case_092,1,1,3,ablation2,max_ops500,0.604,6.708,True,2398441,79186400,,4815554,36,,2.0077850570433045
case_092,1,1,3,ablation2,lvl_alap,0.639,108.81,True,2231804,66784736,,4815554,3,,2.157695747476033
case_092,1,1,3,ablation2,lvl_compress,0.643,108.81,True,2231804,66784736,,4815554,3,,2.157695747476033
case_100,1,1,2,ablation2,full_c2,0.05,0.691,True,102535,760332,,151223,5,,1.4748427366265178
case_100,1,1,2,ablation2,no_comm,0.026,0.379,True,99161,683356,,151223,5,,1.5250249594094452
case_100,1,1,2,ablation2,no_sync,0.046,0.691,True,102535,760332,,151223,5,,1.4748427366265178
case_100,1,1,2,ablation2,no_localsearch,0.026,0.45,True,104823,989712,,151223,6,,1.442650944926209
case_100,1,1,2,ablation2,no_level,0.048,0.285,True,135568,1452048,,151223,47,,1.1154771037412958
case_100,1,1,2,ablation2,no_level_no_comm,0.025,0.744,True,158586,650324,,151223,6,,0.9535709331214609
case_100,1,1,2,ablation2,max_ops500,0.053,0.406,True,100428,773912,,151223,7,,1.5057852391763253
case_100,1,1,2,ablation2,lvl_alap,0.052,0.422,True,90879,1364804,,151223,8,,1.6640037852529188
case_100,1,1,2,ablation2,lvl_compress,0.055,0.422,True,90879,1364804,,151223,8,,1.6640037852529188
case_097,1,1,4,ablation2,full_c2,0.448,8.731,True,2626908,14221312,,11491509,4,,4.37453805005733
case_097,1,1,4,ablation2,no_comm,0.435,27.44,True,2786701,22173696,,11491509,8,,4.123696442495984
case_097,1,1,4,ablation2,no_sync,0.629,8.731,True,2626908,14221312,,11491509,4,,4.37453805005733
case_097,1,1,4,ablation2,no_localsearch,0.126,8.731,True,2626908,14221312,,11491509,4,,4.37453805005733
case_097,1,1,4,ablation2,no_level,0.38,3.454,True,2608028,29818880,,11491509,64,,4.40620614502605
case_097,1,1,4,ablation2,no_level_no_comm,0.297,3.663,True,10378448,20860928,,11491509,12,,1.1072473456532228
case_097,1,1,4,ablation2,max_ops500,0.388,3.693,True,2654368,27262976,,11491509,16,,4.329282526009958
case_097,1,1,4,ablation2,lvl_alap,0.396,8.731,True,2626908,14221312,,11491509,4,,4.37453805005733
case_097,1,1,4,ablation2,lvl_compress,0.412,8.731,True,2626908,14221312,,11491509,4,,4.37453805005733
case_100,1,1,3,ablation2,full_c2,0.072,0.935,True,86559,768012,,151223,6,,1.7470511443061958
case_100,1,1,3,ablation2,no_comm,0.061,0.418,True,95436,984636,,151223,8,,1.5845488075778533
case_100,1,1,3,ablation2,no_sync,0.078,0.935,True,86559,768012,,151223,6,,1.7470511443061958
case_100,1,1,3,ablation2,no_localsearch,0.032,0.485,True,88350,1061904,,151223,7,,1.7116355404640633
case_100,1,1,3,ablation2,no_level,0.076,0.267,True,110597,1452048,,151223,47,,1.3673336528115592
case_100,1,1,3,ablation2,no_level_no_comm,0.059,0.314,True,162961,1062712,,151223,9,,0.9279704960082473
case_100,1,1,3,ablation2,max_ops500,0.075,0.935,True,86559,768012,,151223,6,,1.7470511443061958
case_100,1,1,3,ablation2,lvl_alap,0.077,0.3,True,63340,1249162,,151223,12,,2.3874802652352383
case_100,1,1,3,ablation2,lvl_compress,0.075,0.3,True,63340,1249162,,151223,12,,2.3874802652352383
case_100,1,1,4,ablation2,full_c2,0.132,0.486,True,80395,1078800,,151223,8,,1.8810000621929224
case_100,1,1,4,ablation2,no_comm,0.099,0.446,True,86363,1069948,,151223,11,,1.7510160601183378
case_100,1,1,4,ablation2,no_sync,0.136,0.486,True,80395,1078800,,151223,8,,1.8810000621929224
case_100,1,1,4,ablation2,no_localsearch,0.028,0.463,True,83017,1134096,,151223,8,,1.8215907585193394
case_100,1,1,4,ablation2,no_level,0.128,0.471,True,96018,1452048,,151223,47,,1.5749442812805932
case_100,1,1,4,ablation2,no_level_no_comm,0.086,0.313,True,164756,1140600,,151223,12,,0.9178603510646046
case_100,1,1,4,ablation2,max_ops500,0.133,0.486,True,80395,1078800,,151223,8,,1.8810000621929224
case_100,1,1,4,ablation2,lvl_alap,0.135,0.42,True,65007,1966264,,151223,20,,2.326257172304521
case_100,1,1,4,ablation2,lvl_compress,0.136,0.42,True,65007,1966264,,151223,20,,2.326257172304521
case_097,1,1,5,ablation2,full_c2,0.633,26.836,True,2102348,21311488,,11491509,5,,5.466035594487687
case_097,1,1,5,ablation2,no_comm,0.647,26.329,True,2241866,26712064,,11491509,10,,5.1258679153883415
case_097,1,1,5,ablation2,no_sync,0.538,26.836,True,2102348,21311488,,11491509,5,,5.466035594487687
case_097,1,1,5,ablation2,no_localsearch,0.349,26.836,True,2102348,21311488,,11491509,5,,5.466035594487687
case_097,1,1,5,ablation2,no_level,0.509,2.399,True,2123528,29818880,,11491509,64,,5.411517531202791
case_097,1,1,5,ablation2,no_level_no_comm,0.404,3.766,True,10408352,25573376,,11491509,15,,1.1040661384242194
case_097,1,1,5,ablation2,max_ops500,0.532,4.525,True,2116436,28884992,,11491509,15,,5.429651073786308
case_097,1,1,5,ablation2,lvl_alap,0.545,26.836,True,2102348,21311488,,11491509,5,,5.466035594487687
case_097,1,1,5,ablation2,lvl_compress,0.549,26.836,True,2102348,21311488,,11491509,5,,5.466035594487687
case_100,1,1,5,ablation2,full_c2,0.139,0.419,True,85720,1078800,,151223,9,,1.7641507232851144
case_100,1,1,5,ablation2,no_comm,0.102,0.449,True,67686,823612,,151223,10,,2.2341843217208877
case_100,1,1,5,ablation2,no_sync,0.125,0.419,True,85720,1078800,,151223,9,,1.7641507232851144
case_100,1,1,5,ablation2,no_localsearch,0.025,0.44,True,79687,1206288,,151223,9,,1.8977122993712903
case_100,1,1,5,ablation2,no_level,0.13,0.301,True,74180,1452048,,151223,47,,2.0385953087085467
case_100,1,1,5,ablation2,no_level_no_comm,0.101,0.304,True,162699,1596004,,151223,15,,0.9294648399805776
case_100,1,1,5,ablation2,max_ops500,0.131,0.419,True,85720,1078800,,151223,9,,1.7641507232851144
case_100,1,1,5,ablation2,lvl_alap,0.547,0.433,True,65923,1835920,,151223,25,,2.2939338318947864
case_100,1,1,5,ablation2,lvl_compress,0.137,0.433,True,65923,1835920,,151223,25,,2.2939338318947864
case_099,1,1,4,ablation2,full_c2,0.586,14.791,True,415960,9945088,,1622999,4,,3.9018150783729206
case_099,1,1,4,ablation2,no_comm,0.272,14.848,True,410067,7643136,,1622999,8,,3.957887369624964
case_099,1,1,4,ablation2,no_sync,0.361,14.791,True,415960,9945088,,1622999,4,,3.9018150783729206
case_099,1,1,4,ablation2,no_localsearch,0.116,14.791,True,415960,9945088,,1622999,4,,3.9018150783729206
case_099,1,1,4,ablation2,no_level,0.365,3.292,True,435798,21626880,,1622999,202,,3.724200202846273
case_099,1,1,4,ablation2,no_level_no_comm,0.258,2.784,True,1610696,10407936,,1622999,12,,1.0076383128784079
case_099,1,1,4,ablation2,max_ops500,0.37,5.264,True,412256,13672960,,1622999,16,,3.9368717495924863
case_099,1,1,4,ablation2,lvl_alap,0.591,14.791,True,415960,9945088,,1622999,4,,3.9018150783729206
case_099,1,1,4,ablation2,lvl_compress,0.383,14.791,True,415960,9945088,,1622999,4,,3.9018150783729206
case_099,1,1,3,ablation2,full_c2,0.681,11.047,True,569036,4501504,,1622999,3,,2.8521903710837275
case_099,1,1,3,ablation2,no_comm,0.227,17.53,True,544277,7086080,,1622999,6,,2.9819356687862983
case_099,1,1,3,ablation2,no_sync,0.615,11.047,True,569036,4501504,,1622999,3,,2.8521903710837275
case_099,1,1,3,ablation2,no_localsearch,0.095,11.898,True,603479,4292608,,1622999,3,,2.68940427090255
case_099,1,1,3,ablation2,no_level,0.326,2.786,True,569849,9400320,,1622999,20,,2.848121168941246
case_099,1,1,3,ablation2,no_level_no_comm,0.427,2.863,True,1611683,9285632,,1622999,9,,1.0070212318427383
case_099,1,1,3,ablation2,max_ops500,0.357,3.525,True,568006,7475200,,1622999,14,,2.857362422227934
case_099,1,1,3,ablation2,lvl_alap,0.359,11.047,True,569036,4501504,,1622999,3,,2.8521903710837275
case_099,1,1,3,ablation2,lvl_compress,0.351,11.047,True,569036,4501504,,1622999,3,,2.8521903710837275
case_099,1,1,2,ablation2,full_c2,0.234,13.357,True,822197,4583424,,1622999,2,,1.973978255819469
case_099,1,1,2,ablation2,no_comm,0.345,20.061,True,814919,6287364,,1622999,4,,1.99160775488116
case_099,1,1,2,ablation2,no_sync,0.222,13.357,True,822197,4583424,,1622999,2,,1.973978255819469
case_099,1,1,2,ablation2,no_localsearch,0.1,15.714,True,892064,4636672,,1622999,2,,1.8193750672597482
case_099,1,1,2,ablation2,no_level,0.204,2.597,True,818716,9400320,,1622999,20,,1.9823711763297651
case_099,1,1,2,ablation2,no_level_no_comm,0.339,3.179,True,1619113,8007684,,1622999,6,,1.0024000795497288
case_099,1,1,2,ablation2,max_ops500,0.398,2.774,True,815932,7221248,,1622999,13,,1.9891351240054318
case_099,1,1,2,ablation2,lvl_alap,0.224,13.357,True,822197,4583424,,1622999,2,,1.973978255819469
case_099,1,1,2,ablation2,lvl_compress,0.233,13.357,True,822197,4583424,,1622999,2,,1.973978255819469
case_079,1,1,2,ablation2,full_c2,0.485,188.044,True,15500252,32555008,,31052251,2,,2.003338461852104
case_079,1,1,2,ablation2,no_comm,0.596,277.079,True,15500252,32555008,,31052251,2,,2.003338461852104
case_079,1,1,2,ablation2,no_sync,0.542,188.044,True,15500252,32555008,,31052251,2,,2.003338461852104
case_079,1,1,2,ablation2,no_localsearch,0.58,188.044,True,15500252,32555008,,31052251,2,,2.003338461852104
case_079,1,1,2,ablation2,no_level,0.478,15.533,True,14723450,36765696,,31052251,18,,2.1090336164417987
case_079,1,1,2,ablation2,no_level_no_comm,0.651,42.092,True,15301256,32980992,,31052251,6,,2.0293922930248343
case_079,1,1,2,ablation2,max_ops500,0.488,9.381,True,14729134,47960064,,31052251,38,,2.108219736476021
case_079,1,1,2,ablation2,lvl_alap,0.716,188.044,True,15500252,32555008,,31052251,2,,2.003338461852104
case_079,1,1,2,ablation2,lvl_compress,0.495,188.044,True,15500252,32555008,,31052251,2,,2.003338461852104
case_087,1,1,4,ablation2,full_c2,3.375,35.417,True,1170353,22068622,,3974071,99,,3.395617390650513
case_087,1,1,4,ablation2,no_comm,1.734,137.982,True,1413204,11133392,,3974071,10,,2.8121000223605366
case_087,1,1,4,ablation2,no_sync,2.51,35.417,True,1170353,22068622,,3974071,99,,3.395617390650513
case_087,1,1,4,ablation2,no_localsearch,1.183,36.138,True,1152694,22261304,,3974071,100,,3.447637447579323
case_087,1,1,4,ablation2,no_level,3.208,27.849,True,1399476,38614404,,3974071,1060,,2.839684996384361
case_087,1,1,4,ablation2,no_level_no_comm,1.59,35.84,True,3958378,12339516,,3974071,12,,1.0039645026321387
case_087,1,1,4,ablation2,max_ops500,2.815,17.979,True,1160822,27368810,,3974071,130,,3.423497314833799
case_087,1,1,4,ablation2,lvl_alap,2.877,18.731,True,1391924,51666472,,3974071,100,,2.85509194467514
case_087,1,1,4,ablation2,lvl_compress,3.033,18.731,True,1391924,51666472,,3974071,100,,2.85509194467514
case_099,1,1,5,ablation2,full_c2,0.858,13.481,True,341463,10797056,,1622999,5,,4.753074271590187
case_099,1,1,5,ablation2,no_comm,0.348,14.177,True,342446,8146944,,1622999,10,,4.739430450348376
case_099,1,1,5,ablation2,no_sync,0.806,13.481,True,341463,10797056,,1622999,5,,4.753074271590187
case_099,1,1,5,ablation2,no_localsearch,0.097,13.806,True,343631,10919936,,1622999,5,,4.723086683099022
case_099,1,1,5,ablation2,no_level,0.776,3.349,True,418508,21626880,,1622999,202,,3.87805967866803
case_099,1,1,5,ablation2,no_level_no_comm,0.312,2.423,True,1613995,11841536,,1622999,15,,1.0055787037754145
case_099,1,1,5,ablation2,max_ops500,0.831,5.739,True,351854,14733312,,1622999,15,,4.612705838216987
case_099,1,1,5,ablation2,lvl_alap,1.064,13.481,True,341463,10797056,,1622999,5,,4.753074271590187
case_099,1,1,5,ablation2,lvl_compress,0.802,13.481,True,341463,10797056,,1622999,5,,4.753074271590187
case_087,1,1,5,ablation2,full_c2,4.242,36.908,True,1001730,23099994,,3974071,119,,3.967207730626017
case_087,1,1,5,ablation2,no_comm,1.973,142.564,True,1272868,12141732,,3974071,13,,3.1221391377581966
case_087,1,1,5,ablation2,no_sync,3.047,36.908,True,1001730,23099994,,3974071,119,,3.967207730626017
case_087,1,1,5,ablation2,no_localsearch,1.259,29.785,True,965586,23677874,,3974071,119,,4.115709009865512
case_087,1,1,5,ablation2,no_level,4.191,27.733,True,1254931,38614404,,3974071,1060,,3.1667645472141497
case_087,1,1,5,ablation2,no_level_no_comm,1.917,27.465,True,3955904,13220444,,3974071,15,,1.004592376356959
case_087,1,1,5,ablation2,max_ops500,3.616,19.522,True,1002952,28914070,,3974071,148,,3.9623740717402227
case_087,1,1,5,ablation2,lvl_alap,3.552,19.508,True,1282197,48648178,,3974071,125,,3.0994230995705028
case_087,1,1,5,ablation2,lvl_compress,3.728,19.508,True,1282197,48648178,,3974071,125,,3.0994230995705028
case_092,1,1,2,ablation2,full_c2,0.454,174.954,True,2828252,66389088,,4815554,2,,1.702660866146298
case_092,1,1,2,ablation2,no_comm,0.806,167.273,True,2852558,67369184,,4815554,4,,1.6881528789248106
case_092,1,1,2,ablation2,no_sync,0.369,174.954,True,2828252,66389088,,4815554,2,,1.702660866146298
case_092,1,1,2,ablation2,no_localsearch,0.216,174.954,True,2828252,66389088,,4815554,2,,1.702660866146298
case_092,1,1,2,ablation2,no_level,0.715,8.307,True,2821724,131186400,,4815554,142,,1.7065999367762403
case_092,1,1,2,ablation2,no_level_no_comm,0.242,16.079,True,4820305,67995232,,4815554,6,,0.9990143777209118
case_092,1,1,2,ablation2,max_ops500,0.644,5.405,True,2897712,78623584,,4815554,36,,1.6618470020485128
case_092,1,1,2,ablation2,lvl_alap,0.394,174.954,True,2828252,66389088,,4815554,2,,1.702660866146298
case_092,1,1,2,ablation2,lvl_compress,0.709,174.954,True,2828252,66389088,,4815554,2,,1.702660866146298
case_079,1,1,5,ablation2,full_c2,1.453,56.156,True,6854659,32874496,,31052251,5,,4.530094203081437
case_079,1,1,5,ablation2,no_comm,1.063,350.376,True,6193004,36376576,,31052251,10,,5.014085409923843
case_079,1,1,5,ablation2,no_sync,1.221,56.156,True,6854659,32874496,,31052251,5,,4.530094203081437
case_079,1,1,5,ablation2,no_localsearch,0.262,56.156,True,6854659,32874496,,31052251,5,,4.530094203081437
case_079,1,1,5,ablation2,no_level,1.205,15.523,True,6547470,36765696,,31052251,18,,4.7426335668586495
case_079,1,1,5,ablation2,no_level_no_comm,1.096,11.956,True,30731704,37281792,,31052251,15,,1.0104304987448793
case_079,1,1,5,ablation2,max_ops500,0.994,8.097,True,6555846,47904768,,31052251,41,,4.736574196526276
case_079,1,1,5,ablation2,lvl_alap,1.193,56.156,True,6854659,32874496,,31052251,5,,4.530094203081437
case_079,1,1,5,ablation2,lvl_compress,0.994,56.156,True,6854659,32874496,,31052251,5,,4.530094203081437
case_041,1,1,4,ablation2,full_c2,1.432,171.219,True,1505408,39211008,,6003957,4,,3.9882589968965223
case_041,1,1,4,ablation2,no_comm,0.783,284.803,True,1517091,33583104,,6003957,8,,3.9575457240205103
case_041,1,1,4,ablation2,no_sync,1.416,171.219,True,1505408,39211008,,6003957,4,,3.9882589968965223
case_041,1,1,4,ablation2,no_localsearch,0.506,325.585,True,1518985,39048192,,6003957,4,,3.9526111186088078
case_041,1,1,4,ablation2,no_level,1.082,32.047,True,1570022,64760832,,6003957,494,,3.8241228466862247
case_041,1,1,4,ablation2,no_level_no_comm,0.682,10.349,True,5964255,35211264,,6003957,12,,1.0066566570342816
case_041,1,1,4,ablation2,max_ops500,1.303,14.787,True,1491528,46135684,,6003957,36,,4.025373308446103
case_041,1,1,4,ablation2,lvl_alap,1.256,171.219,True,1505408,39211008,,6003957,4,,3.9882589968965223
case_041,1,1,4,ablation2,lvl_compress,1.237,171.219,True,1505408,39211008,,6003957,4,,3.9882589968965223
case_087,1,1,3,ablation2,full_c2,2.313,34.207,True,1641391,19563334,,3974071,72,,2.421160466945414
case_087,1,1,3,ablation2,no_comm,1.488,219.351,True,1651203,10678164,,3974071,7,,2.406773122384104
case_087,1,1,3,ablation2,no_sync,1.461,34.207,True,1641391,19563334,,3974071,72,,2.421160466945414
case_087,1,1,3,ablation2,no_localsearch,1.044,26.221,True,1624569,19610568,,3974071,72,,2.4462309695679285
case_087,1,1,3,ablation2,no_level,1.75,27.748,True,1745429,38614404,,3974071,1060,,2.276844832989483
case_087,1,1,3,ablation2,no_level_no_comm,0.935,31.775,True,3974043,11299712,,3974071,9,,1.0000070457214478
case_087,1,1,3,ablation2,max_ops500,1.807,12.036,True,1620219,26996154,,3974071,108,,2.4527986648718474
case_087,1,1,3,ablation2,lvl_alap,1.975,17.854,True,1598471,46375260,,3974071,75,,2.4861702214178423
case_087,1,1,3,ablation2,lvl_compress,1.758,17.854,True,1598471,46375260,,3974071,75,,2.4861702214178423
case_041,1,1,3,ablation2,full_c2,1.112,186.914,True,2001213,35198976,,6003957,3,,3.0001589036249516
case_041,1,1,3,ablation2,no_comm,0.554,318.86,True,2009424,32011264,,6003957,6,,2.987899517473664
case_041,1,1,3,ablation2,no_sync,0.941,186.914,True,2001213,35198976,,6003957,3,,3.0001589036249516
case_041,1,1,3,ablation2,no_localsearch,0.591,323.348,True,2007557,35116032,,6003957,3,,2.9906782223369
case_041,1,1,3,ablation2,no_level,0.97,29.984,True,2070673,64760832,,6003957,494,,2.899519624778997
case_041,1,1,3,ablation2,no_level_no_comm,0.434,13.859,True,5972033,33307648,,6003957,9,,1.0053455833214586
case_041,1,1,3,ablation2,max_ops500,0.773,11.201,True,1975516,41385992,,6003957,34,,3.0391841928893513
case_041,1,1,3,ablation2,lvl_alap,0.908,186.914,True,2001213,35198976,,6003957,3,,3.0001589036249516
case_041,1,1,3,ablation2,lvl_compress,0.91,186.914,True,2001213,35198976,,6003957,3,,3.0001589036249516
case_087,1,1,2,ablation2,full_c2,1.442,261.584,True,2569929,10282758,,3974071,3,,1.5463738492386365
case_087,1,1,2,ablation2,no_comm,0.899,257.411,True,2111084,9325406,,3974071,4,,1.882478859202192
case_087,1,1,2,ablation2,no_sync,1.017,261.584,True,2569929,10282758,,3974071,3,,1.5463738492386365
case_087,1,1,2,ablation2,no_localsearch,0.618,101.628,True,2641394,10376236,,3974071,3,,1.5045354839149327
case_087,1,1,2,ablation2,no_level,0.988,70.531,True,2614752,25519222,,3974071,212,,1.5198653639044926
case_087,1,1,2,ablation2,no_level_no_comm,0.567,46.271,True,3959093,9913884,,3974071,6,,1.0037831897356289
case_087,1,1,2,ablation2,max_ops500,0.861,10.422,True,2586887,23257520,,3974071,57,,1.5362367973552769
case_087,1,1,2,ablation2,lvl_alap,1.144,188.951,True,2152598,28988896,,3974071,4,,1.8461742508355021
case_087,1,1,2,ablation2,lvl_compress,1.012,188.951,True,2152598,28988896,,3974071,4,,1.8461742508355021
