case,problem,eval_problem,num_cores,algorithm,variant,seed,runtime_s,eval_s,feasible,makespan,added_copy_bytes,partition_added_copy_bytes,spill_added_copy_bytes,scheduled_copy_bytes,cache_hit_rate,cache_hit_bytes,n_subgraphs,baseline_makespan,error,speedup
case_001,1,1,2,random,,0,0.013,0.189,True,255371,3419392,3419392,0,5058944,,,11,233110,,0.9128287863539712
case_001,1,1,2,topo,,0,0.003,0.09,True,118572,8064,8064,0,1647616,,,8,233110,,1.965978477212158
case_001,1,1,2,balance,,0,0.003,0.09,True,118572,8064,8064,0,1647616,,,8,233110,,1.965978477212158
case_001,1,1,2,comm,,0,0.006,0.226,True,173100,229248,229248,0,1868800,,,200,233110,,1.346678220681687
case_001,2,2,5,random,,0,0.015,0.153,True,158510,2929152,2929152,0,4568704,,,27,233110,,1.4706327676487287
case_001,2,2,5,topo,,0,0.001,0.062,True,47502,4608,4608,0,1644160,,,20,233110,,4.9073723211654245
case_001,2,2,5,balance,,0,0.001,0.062,True,47502,4608,4608,0,1644160,,,20,233110,,4.9073723211654245
case_001,2,2,5,comm,,0,0.003,0.08,True,47502,4608,4608,0,1644160,,,200,233110,,4.9073723211654245
case_001,2,2,2,random,,0,0.009,0.148,True,200469,1733760,1733760,0,3373312,,,11,233110,,1.1628231796437354
case_001,2,2,2,topo,,0,0.003,0.115,True,116868,1152,1152,0,1640704,,,8,233110,,1.9946435294520313
case_001,2,2,2,balance,,0,0.002,0.115,True,116868,1152,1152,0,1640704,,,8,233110,,1.9946435294520313
case_001,2,2,2,comm,,0,0.005,0.104,True,116868,1152,1152,0,1640704,,,200,233110,,1.9946435294520313
case_001,1,1,3,random,,0,0.015,0.16,True,261172,3581440,3581440,0,5220992,,,15,233110,,0.8925535662322148
case_001,1,1,3,topo,,0,0.001,0.076,True,246000,147840,147840,0,1787392,,,12,233110,,0.9476016260162602
case_001,1,1,3,balance,,0,0.002,0.102,True,246000,147840,147840,0,1787392,,,12,233110,,0.9476016260162602
case_001,1,1,3,comm,,0,0.006,0.271,True,126372,229248,229248,0,1868800,,,200,233110,,1.8446333048460102
case_001,3,3,2,random,,0,0.011,0.165,True,197934,1733760,1733760,0,3373312,0.21402513173895418,405504,11,233110,,1.177715804257985
case_001,3,3,2,topo,,0,0.001,0.102,True,116868,1152,1152,0,1640704,0.0,0,8,233110,,1.9946435294520313
case_001,3,3,2,balance,,0,0.002,0.102,True,116868,1152,1152,0,1640704,0.0,0,8,233110,,1.9946435294520313
case_001,3,3,2,comm,,0,0.003,0.107,True,116868,1152,1152,0,1640704,0.0,0,200,233110,,1.9946435294520313
case_001,1,1,5,random,,0,0.009,0.226,True,254238,3816448,3816448,0,5456000,,,27,233110,,0.9168967660223885
case_001,1,1,5,topo,,0,0.002,0.116,True,50628,21888,21888,0,1661440,,,20,233110,,4.604369123805009
case_001,1,1,5,balance,,0,0.003,0.116,True,50628,21888,21888,0,1661440,,,20,233110,,4.604369123805009
case_001,1,1,5,comm,,0,0.006,0.22,True,88140,229248,229248,0,1868800,,,200,233110,,2.6447696845926933
case_001,3,3,3,random,,0,0.009,0.141,True,190412,2312448,2312448,0,3952000,0.21538988078261365,483328,15,233110,,1.2242400689032205
case_001,3,3,3,topo,,0,0.001,0.092,True,82199,137472,137472,0,1777024,0.04936194082176413,45056,12,233110,,2.835922578133554
case_001,3,3,3,balance,,0,0.001,0.089,True,96845,137472,137472,0,1777024,0.04936194082176413,45056,12,233110,,2.4070421808043783
case_001,3,3,3,comm,,0,0.003,0.083,True,78545,2304,2304,0,1641856,0.0,0,200,233110,,2.9678528232223567
case_001,2,2,3,random,,0,0.01,0.121,True,192433,2312448,2312448,0,3952000,,,15,233110,,1.2113826630567521
case_001,2,2,3,topo,,0,0.003,0.118,True,82287,137472,137472,0,1777024,,,12,233110,,2.832889763875217
case_001,2,2,3,balance,,0,0.003,0.113,True,96933,137472,137472,0,1777024,,,12,233110,,2.404856963056957
case_001,2,2,3,comm,,0,0.006,0.08,True,78545,2304,2304,0,1641856,,,200,233110,,2.9678528232223567
case_001,3,3,5,random,,0,0.013,0.19,True,155655,2929152,2929152,0,4568704,0.1515614978538655,393216,27,233110,,1.4976068870257941
case_001,3,3,5,topo,,0,0.003,0.116,True,47502,4608,4608,0,1644160,0.0,0,20,233110,,4.9073723211654245
case_001,3,3,5,balance,,0,0.003,0.116,True,47502,4608,4608,0,1644160,0.0,0,20,233110,,4.9073723211654245
case_001,3,3,5,comm,,0,0.004,0.088,True,47502,4608,4608,0,1644160,0.0,0,200,233110,,4.9073723211654245
case_001,2,2,4,random,,0,0.015,0.18,True,163560,2514304,2514304,0,4153856,,,21,233110,,1.4252262166788945
case_001,2,2,4,topo,,0,0.002,0.1,True,65770,187776,187776,0,1827328,,,16,233110,,3.544321119051239
case_001,2,2,4,balance,,0,0.003,0.112,True,69086,187776,187776,0,1827328,,,16,233110,,3.3742002721245985
case_001,2,2,4,comm,,0,0.004,0.095,True,58984,3456,3456,0,1643008,,,200,233110,,3.952088702020887
case_001,1,1,4,random,,0,0.01,0.237,True,273230,3762688,3762688,0,5402240,,,21,233110,,0.8531640010247776
case_001,1,1,4,topo,,0,0.003,0.1,True,250632,201600,201600,0,1841152,,,16,233110,,0.9300887356762105
case_001,1,1,4,balance,,0,0.002,0.135,True,250632,201600,201600,0,1841152,,,16,233110,,0.9300887356762105
case_001,1,1,4,comm,,0,0.006,0.219,True,102300,229248,229248,0,1868800,,,200,233110,,2.278690127077224
case_001,3,3,4,random,,0,0.009,0.2,True,161949,2514304,2514304,0,4153856,0.16340874148912804,380928,21,233110,,1.4394037629130159
case_001,3,3,4,topo,,0,0.003,0.118,True,65623,187776,187776,0,1827328,0.06489994591671173,61440,16,233110,,3.5522606403242767
case_001,3,3,4,balance,,0,0.003,0.109,True,68991,187776,187776,0,1827328,0.06489994591671173,61440,16,233110,,3.3788465162122594
case_001,3,3,4,comm,,0,0.005,0.106,True,58984,3456,3456,0,1643008,0.0,0,200,233110,,3.952088702020887
case_002,1,1,2,random,,0,0.025,0.719,True,261493,5514240,5514240,0,6738432,,,11,261945,,1.001728535754303
case_002,1,1,2,topo,,0,0.009,0.248,True,270316,127488,127488,0,1351680,,,8,261945,,0.9690325396942837
case_002,1,1,2,balance,,0,0.009,0.262,True,267616,127488,127488,0,1351680,,,8,261945,,0.9788091892861414
case_002,1,1,2,comm,,0,0.015,0.336,True,267974,93696,93696,0,1317888,,,6,261945,,0.9775015486577056
case_002,2,2,3,random,,0,0.019,0.536,True,213392,3886080,3886080,0,5110272,,,17,261945,,1.2275296168553649
case_002,2,2,3,topo,,0,0.008,0.276,True,216778,181248,181248,0,1405440,,,12,261945,,1.2083560139866591
case_002,2,2,3,balance,,0,0.007,0.256,True,216778,178176,178176,0,1402368,,,12,261945,,1.2083560139866591
case_002,2,2,3,comm,,0,0.015,0.226,True,204613,138240,138240,0,1362432,,,9,261945,,1.2801972504190837
case_002,2,2,2,random,,0,0.025,0.546,True,235683,2723328,2723328,0,3947520,,,11,261945,,1.1114293351663038
case_002,2,2,2,topo,,0,0.01,0.277,True,220721,121344,121344,0,1345536,,,8,261945,,1.1867697228627996
case_002,2,2,2,balance,,0,0.011,0.251,True,231936,82944,82944,0,1307136,,,8,261945,,1.1293848302980132
case_002,2,2,2,comm,,0,0.029,0.243,True,231497,90624,90624,0,1314816,,,6,261945,,1.1315265424605934
case_002,1,1,4,random,,0,0.019,0.847,True,269318,6635520,6635520,0,7859712,,,22,261945,,0.972623441433547
case_002,1,1,4,topo,,0,0.01,0.198,True,279974,213504,213504,0,1437696,,,16,261945,,0.9356047347253673
case_002,1,1,4,balance,,0,0.009,0.324,True,278174,213504,213504,0,1437696,,,16,261945,,0.9416588178622014
case_002,1,1,4,comm,,0,0.017,0.239,True,274964,184320,184320,0,1408512,,,12,261945,,0.9526519835323897
case_002,3,3,2,random,,0,0.023,0.584,True,235616,2723328,2723328,0,3947520,0.1875961045617632,562176,11,261945,,1.1117453823169903
case_002,3,3,2,topo,,0,0.01,0.32,True,220516,121344,121344,0,1345536,0.024822695035460994,32256,8,261945,,1.1878729888080684
case_002,3,3,2,balance,,0,0.008,0.258,True,231772,82944,82944,0,1307136,0.014475271411338963,18432,8,261945,,1.1301839739053898
case_002,3,3,2,comm,,0,0.021,0.171,True,231374,90624,90624,0,1314816,0.010843373493975903,13824,6,261945,,1.1321280697053255
case_002,1,1,3,random,,0,0.031,0.809,True,265595,6245376,6245376,0,7469568,,,17,261945,,0.9862572714094768
case_002,1,1,3,topo,,0,0.009,0.285,True,274964,184320,184320,0,1408512,,,12,261945,,0.9526519835323897
case_002,1,1,3,balance,,0,0.007,0.278,True,274964,184320,184320,0,1408512,,,12,261945,,0.9526519835323897
case_002,1,1,3,comm,,0,0.037,0.244,True,271721,141312,141312,0,1365504,,,9,261945,,0.9640219195424719
case_002,2,2,4,random,,0,0.019,0.684,True,207608,4225536,4225536,0,5449728,,,22,261945,,1.261728835112327
case_002,2,2,4,topo,,0,0.009,0.283,True,200145,213504,213504,0,1437696,,,16,261945,,1.3087761373004572
case_002,2,2,4,balance,,0,0.009,0.275,True,201704,192000,192000,0,1416192,,,16,261945,,1.2986604132788642
case_002,2,2,4,comm,,0,0.031,0.194,True,216881,181248,181248,0,1405440,,,12,261945,,1.207782147813778
case_002,2,2,5,random,,0,0.022,0.69,True,194128,5002752,5002752,0,6226944,,,28,261945,,1.349341671474491
case_002,2,2,5,topo,,0,0.007,0.283,True,168235,248832,248832,0,1473024,,,20,261945,,1.5570184563259726
case_002,2,2,5,balance,,0,0.01,0.266,True,175390,222720,222720,0,1446912,,,20,261945,,1.4935001995552768
case_002,2,2,5,comm,,0,0.033,0.198,True,207264,207360,207360,0,1431552,,,15,261945,,1.2638229504400185
case_002,3,3,3,random,,0,0.034,0.621,True,213255,3886080,3886080,0,5110272,0.18491484184914841,700416,17,261945,,1.2283182105929522
case_002,3,3,3,topo,,0,0.005,0.297,True,216450,181248,181248,0,1405440,0.02768166089965398,36864,12,261945,,1.2101871101871102
case_002,3,3,3,balance,,0,0.01,0.29,True,216450,178176,178176,0,1402368,0.02771362586605081,36864,12,261945,,1.2101871101871102
case_002,3,3,3,comm,,0,0.029,0.261,True,204367,138240,138240,0,1362432,0.021176470588235293,27648,9,261945,,1.2817382454114412
case_002,1,1,5,random,,0,0.027,0.884,True,274854,7002624,7002624,0,8226816,,,28,261945,,0.9530332467419066
case_002,1,1,5,topo,,0,0.008,0.288,True,284824,248832,248832,0,1473024,,,20,261945,,0.9196732016964863
case_002,1,1,5,balance,,0,0.006,0.297,True,282124,248832,248832,0,1473024,,,20,261945,,0.9284747132466575
case_002,1,1,5,comm,,0,0.023,0.245,True,278363,210432,210432,0,1434624,,,15,261945,,0.941019460201248
case_002,3,3,5,random,,0,0.033,0.759,True,193144,5002752,5002752,0,6226944,0.21478991596638655,981504,28,261945,,1.3562160874787723
case_002,3,3,5,topo,,0,0.005,0.251,True,167948,248832,248832,0,1473024,0.02699662542182227,36864,20,261945,,1.5596791864148427
case_002,3,3,5,balance,,0,0.006,0.209,True,175144,222720,222720,0,1446912,0.023890784982935155,32256,20,261945,,1.4955979080071256
case_002,3,3,5,comm,,0,0.016,0.279,True,206871,207360,207360,0,1431552,0.03078677309007982,41472,15,261945,,1.2662238786490132
case_002,3,3,4,random,,0,0.035,0.691,True,206894,4225536,4225536,0,5449728,0.19417847567981616,778752,22,261945,,1.2660831150250853
case_002,3,3,4,topo,,0,0.005,0.265,True,199791,213504,213504,0,1437696,0.030716723549488054,41472,16,261945,,1.3110950943736204
case_002,3,3,4,balance,,0,0.01,0.278,True,201458,192000,192000,0,1416192,0.024165707710011506,32256,16,261945,,1.300246205164352
case_002,3,3,4,comm,,0,0.048,0.197,True,216553,181248,181248,0,1405440,0.02768166089965398,36864,12,261945,,1.209611503881267
case_004,1,1,2,random,,0,0.016,0.293,True,416157,7805952,7805952,0,8598528,,,11,392357,,0.9428100452473466
case_004,1,1,2,topo,,0,0.002,0.125,True,404754,838656,838656,0,1631232,,,8,392357,,0.9693715194908512
case_004,1,1,2,balance,,0,0.002,0.116,True,402954,838656,838656,0,1631232,,,8,392357,,0.9737017128505984
case_004,1,1,2,comm,,0,0.006,0.216,True,289507,12165120,12165120,0,12957696,,,111,392357,,1.3552591129057328
case_004,1,1,3,random,,0,0.016,0.278,True,421547,8706048,8706048,0,9498624,,,16,392357,,0.9307550522243071
case_004,1,1,3,topo,,0,0.004,0.136,True,414578,1416192,1416192,0,2208768,,,12,392357,,0.946400918524379
case_004,1,1,3,balance,,0,0.002,0.136,True,411878,1416192,1416192,0,2208768,,,12,392357,,0.9526048975667551
case_004,1,1,3,comm,,0,0.004,0.193,True,263895,12165120,12165120,0,12957696,,,111,392357,,1.48679209534095
case_004,1,1,4,random,,0,0.009,0.311,True,432914,9274368,9274368,0,10066944,,,22,392357,,0.906316266048222
case_004,1,1,4,topo,,0,0.004,0.14,True,418922,1797120,1797120,0,2589696,,,16,392357,,0.936587240584166
case_004,1,1,4,balance,,0,0.005,0.149,True,418922,1797120,1797120,0,2589696,,,16,392357,,0.936587240584166
case_004,1,1,4,comm,,0,0.007,0.183,True,252303,12165120,12165120,0,12957696,,,111,392357,,1.5551023967214024
case_004,1,1,5,random,,0,0.015,0.315,True,440347,9925632,9925632,0,10718208,,,27,392357,,0.8910177655349077
case_004,1,1,5,topo,,0,0.003,0.143,True,430415,2442240,2442240,0,3234816,,,20,392357,,0.9115783604195951
case_004,1,1,5,balance,,0,0.004,0.126,True,430415,2442240,2442240,0,3234816,,,20,392357,,0.9115783604195951
case_004,1,1,5,comm,,0,0.008,0.178,True,247003,12165120,12165120,0,12957696,,,111,392357,,1.5884705853775056
case_004,2,2,3,random,,0,0.011,0.259,True,276283,5738496,5701632,36864,6531072,,,16,392357,,1.42012718842636
case_004,2,2,3,topo,,0,0.002,0.104,True,189240,420864,420864,0,1213440,,,12,392357,,2.0733301627562883
case_004,2,2,3,balance,,0,0.002,0.103,True,272349,393216,393216,0,1185792,,,12,392357,,1.440640501709204
case_004,2,2,3,comm,,0,0.007,0.081,True,134043,221184,221184,0,1013760,,,111,392357,,2.927098020784375
case_004,2,2,2,random,,0,0.006,0.24,True,301097,4343808,4036608,307200,5136384,,,11,392357,,1.303091694703036
case_004,2,2,2,topo,,0,0.002,0.13,True,199678,175104,175104,0,967680,,,8,392357,,1.964948567193181
case_004,2,2,2,balance,,0,0.004,0.131,True,245616,156672,156672,0,949248,,,8,392357,,1.5974407204742362
case_004,2,2,2,comm,,0,0.008,0.111,True,199074,110592,110592,0,903168,,,111,392357,,1.9709103147573264
case_004,2,2,4,random,,0,0.01,0.32,True,269418,6414336,6414336,0,7206912,,,22,392357,,1.4563132381652302
case_004,2,2,4,topo,,0,0.004,0.108,True,106998,470016,470016,0,1262592,,,16,392357,,3.6669563917082564
case_004,2,2,4,balance,,0,0.002,0.121,True,125982,470016,470016,0,1262592,,,16,392357,,3.11438935720976
case_004,2,2,4,comm,,0,0.007,0.121,True,104188,331776,331776,0,1124352,,,111,392357,,3.765855952700887
case_004,2,2,5,random,,0,0.01,0.271,True,249816,7151616,7151616,0,7944192,,,27,392357,,1.5705839497870433
case_004,2,2,5,topo,,0,0.003,0.137,True,182235,783360,783360,0,1575936,,,20,392357,,2.153027684034351
case_004,2,2,5,balance,,0,0.002,0.13,True,253760,783360,783360,0,1575936,,,20,392357,,1.5461735498108449
case_004,2,2,5,comm,,0,0.01,0.11,True,88341,442368,442368,0,1234944,,,111,392357,,4.441391879195391
case_004,3,3,2,random,,0,0.011,0.189,True,300928,4343808,4036608,307200,5136384,0.06514657980456026,184320,11,392357,,1.3038235059549128
case_004,3,3,2,topo,,0,0.004,0.177,True,199678,175104,175104,0,967680,0.03553299492385787,21504,8,392357,,1.964948567193181
case_004,3,3,2,balance,,0,0.004,0.162,True,245616,156672,156672,0,949248,0.025906735751295335,15360,8,392357,,1.5974407204742362
case_004,3,3,2,comm,,0,0.008,0.125,True,199074,110592,110592,0,903168,0.0,0,111,392357,,1.9709103147573264
case_004,3,3,3,random,,0,0.01,0.335,True,274847,5738496,5701632,36864,6531072,0.1354784081287045,491520,16,392357,,1.427546962491859
case_004,3,3,3,topo,,0,0.004,0.151,True,188590,420864,420864,0,1213440,0.13618677042801555,107520,12,392357,,2.080476165226152
case_004,3,3,3,balance,,0,0.004,0.163,True,271415,393216,393216,0,1185792,0.22310756972111553,172032,12,392357,,1.445598069377153
case_004,3,3,3,comm,,0,0.007,0.081,True,134043,221184,221184,0,1013760,0.0,0,111,392357,,2.927098020784375
case_004,3,3,4,random,,0,0.009,0.366,True,267039,6414336,6414336,0,7206912,0.1762481089258699,715776,22,392357,,1.4692872576664833
case_004,3,3,4,topo,,0,0.003,0.181,True,106998,470016,470016,0,1262592,0.05263157894736842,46080,16,392357,,3.6669563917082564
case_004,3,3,4,balance,,0,0.003,0.17,True,125982,470016,470016,0,1262592,0.05263157894736842,46080,16,392357,,3.11438935720976
case_004,3,3,4,comm,,0,0.01,0.132,True,104188,331776,331776,0,1124352,0.0,0,111,392357,,3.765855952700887
case_004,3,3,5,random,,0,0.011,0.34,True,244676,7151616,7151616,0,7944192,0.17703349282296652,795648,27,392357,,1.603577792672759
case_004,3,3,5,topo,,0,0.005,0.179,True,181768,783360,783360,0,1575936,0.12078651685393259,132096,20,392357,,2.1585592623564103
case_004,3,3,5,balance,,0,0.004,0.174,True,253293,783360,783360,0,1575936,0.12078651685393259,132096,20,392357,,1.5490242525454712
case_004,3,3,5,comm,,0,0.012,0.068,True,88341,442368,442368,0,1234944,0.0,0,111,392357,,4.441391879195391
case_005,1,1,3,random,,0,0.078,1.531,True,111228,2027902,2027902,0,2361316,,,16,95618,,0.859657640162549
case_005,1,1,3,topo,,0,0.024,0.929,True,110423,991642,991642,0,1325056,,,12,95618,,0.8659246714905409
case_005,1,1,3,balance,,0,0.061,0.999,True,106823,991642,991642,0,1325056,,,12,95618,,0.8951068590097638
case_005,1,1,3,comm,,0,0.071,1.429,True,80957,1558026,1558026,0,1891440,,,153,95618,,1.1810961374556863
case_005,1,1,2,random,,0,0.067,1.444,True,101902,1474806,1474806,0,1808220,,,10,95618,,0.9383329080881632
case_005,1,1,2,topo,,0,0.028,1.065,True,105802,754406,754406,0,1087820,,,8,95618,,0.9037447307234268
case_005,1,1,2,balance,,0,0.033,1.091,True,104902,754406,754406,0,1087820,,,8,95618,,0.911498350841738
case_005,1,1,2,comm,,0,0.072,1.503,True,93206,1558026,1558026,0,1891440,,,153,95618,,1.0258781623500632
case_005,1,1,4,random,,0,0.109,1.433,True,119326,2243372,2243372,0,2576786,,,20,95618,,0.8013173993932589
case_005,1,1,4,topo,,0,0.02,0.94,True,114734,1205006,1205006,0,1538420,,,16,95618,,0.8333885334774348
case_005,1,1,4,balance,,0,0.029,1.016,True,112934,1205006,1205006,0,1538420,,,16,95618,,0.8466715072520233
case_005,1,1,4,comm,,0,0.088,1.491,True,71910,1558026,1558026,0,1891440,,,153,95618,,1.3296898901404532
case_005,1,1,5,random,,0,0.098,1.544,True,121863,2616114,2616114,0,2949528,,,26,95618,,0.7846352051073747
case_005,1,1,5,topo,,0,0.024,1.026,True,120426,1467458,1467458,0,1800872,,,20,95618,,0.7939979738594656
case_005,1,1,5,balance,,0,0.039,1.007,True,115926,1467458,1467458,0,1800872,,,20,95618,,0.824819281265635
case_005,1,1,5,comm,,0,0.081,1.469,True,68381,1558026,1558026,0,1891440,,,153,95618,,1.3983123967183866
case_005,2,2,3,random,,0,0.048,1.121,True,103770,999560,999560,0,1332974,,,16,95618,,0.9214416498024477
case_005,2,2,3,topo,,0,0.029,0.913,True,72425,826092,826092,0,1159506,,,12,95618,,1.3202347255781843
case_005,2,2,3,balance,,0,0.024,0.843,True,89323,553932,553932,0,887346,,,12,95618,,1.0704745698196434
case_005,2,2,3,comm,,0,0.07,1.1,True,55748,823116,823116,0,1156530,,,153,95618,,1.7151826074478007
case_005,2,2,2,random,,0,0.062,1.073,True,97374,557444,557444,0,890858,,,10,95618,,0.9819664386797297
case_005,2,2,2,topo,,0,0.022,0.945,True,83932,473286,473286,0,806700,,,8,95618,,1.1392317590430348
case_005,2,2,2,balance,,0,0.026,1.092,True,83075,460806,460806,0,794220,,,8,95618,,1.150984050556726
case_005,2,2,2,comm,,0,0.08,0.989,True,68047,477222,477222,0,810636,,,153,95618,,1.4051758343497875
case_005,2,2,4,random,,0,0.057,1.398,True,105319,2046572,2046572,0,2379986,,,20,95618,,0.9078893646920309
case_005,2,2,4,topo,,0,0.027,0.956,True,88277,1165490,1165490,0,1498904,,,16,95618,,1.0831586936574646
case_005,2,2,4,balance,,0,0.03,0.937,True,89088,990418,990418,0,1323832,,,16,95618,,1.0732983117816093
case_005,2,2,4,comm,,0,0.076,0.939,True,54752,1259634,1259634,0,1593048,,,153,95618,,1.746383693746347
case_005,2,2,5,random,,0,0.059,1.349,True,106041,2088878,2088878,0,2422292,,,26,95618,,0.9017078299902868
case_005,2,2,5,topo,,0,0.024,0.912,True,87723,1539576,1539576,0,1872990,,,20,95618,,1.0899992020336742
case_005,2,2,5,balance,,0,0.028,0.883,True,89558,1120536,1120536,0,1453950,,,20,95618,,1.0676656468433865
case_005,2,2,5,comm,,0,0.092,1.063,True,54727,1579416,1579416,0,1912830,,,153,95618,,1.747181464359457
case_005,3,3,2,random,,0,0.048,1.039,True,97374,557444,557444,0,890858,0.06467869554374475,39940,10,95618,,0.9819664386797297
case_005,3,3,2,topo,,0,0.024,0.925,True,83932,473286,473286,0,806700,0.19709244581199245,121446,8,95618,,1.1392317590430348
case_005,3,3,2,balance,,0,0.024,0.876,True,83075,460806,460806,0,794220,0.19910877648586436,121446,8,95618,,1.150984050556726
case_005,3,3,2,comm,,0,0.073,1.011,True,67887,477222,477222,0,810636,0.15056300793106825,92262,153,95618,,1.4084876338621533
case_005,3,3,3,random,,0,0.045,1.131,True,103729,999560,999560,0,1332974,0.10437415233022511,88808,16,95618,,0.9218058594992722
case_005,3,3,3,topo,,0,0.025,1.005,True,72404,826092,826092,0,1159506,0.2928482045502777,240108,12,95618,,1.320617645433954
case_005,3,3,3,balance,,0,0.025,0.84,True,89294,553932,553932,0,887346,0.1775656413753164,114060,12,95618,,1.0708222276972696
case_005,3,3,3,comm,,0,0.076,1.019,True,55061,823116,823116,0,1156530,0.32291070246796993,260556,153,95618,,1.7365830624216778
case_005,3,3,4,random,,0,0.062,1.358,True,104948,2046572,2046572,0,2379986,0.12967974125493653,180668,20,95618,,0.9110988298967108
case_005,3,3,4,topo,,0,0.059,0.842,True,87615,1165490,1165490,0,1498904,0.40672392837512483,420302,16,95618,,1.0913428065970439
case_005,3,3,4,balance,,0,0.023,0.929,True,88602,990418,990418,0,1323832,0.3835792494213314,353970,16,95618,,1.0791855714317962
case_005,3,3,4,comm,,0,0.074,1.06,True,51781,1259634,1259634,0,1593048,0.4651684788459468,518514,153,95618,,1.8465846546030398
case_006,1,1,2,random,,0,0.012,0.302,True,86879,3161870,3161870,0,3705218,,,11,82837,,0.9534755234291371
case_006,1,1,2,topo,,0,0.006,0.18,True,90554,519626,519626,0,1062974,,,8,82837,,0.9147801311924376
case_006,1,1,2,balance,,0,0.006,0.149,True,88754,519626,519626,0,1062974,,,8,82837,,0.9333325821934786
case_006,1,1,2,comm,,0,0.014,0.176,True,78490,790932,790932,0,1334280,,,69,82837,,1.0553828513186394
case_006,1,1,3,random,,0,0.017,0.345,True,101445,3895388,3895388,0,4438736,,,18,82837,,0.8165705554734093
case_006,1,1,3,topo,,0,0.004,0.168,True,97609,647034,647034,0,1190382,,,12,82837,,0.8486614963784077
case_006,1,1,3,balance,,0,0.005,0.189,True,91309,647034,647034,0,1190382,,,12,82837,,0.9072161561291877
case_006,1,1,3,comm,,0,0.012,0.178,True,76991,823710,823710,0,1367058,,,70,82837,,1.0759309529685288
case_005,3,3,5,random,,0,0.059,1.456,True,105999,2088878,2088878,0,2422292,0.1516356884600005,216910,26,95618,,0.9020651138218285
case_005,3,3,5,topo,,0,0.024,0.966,True,86667,1539576,1539576,0,1872990,0.448850048760904,567956,20,95618,,1.1032803719985693
case_005,3,3,5,balance,,0,0.035,0.976,True,89261,1120536,1120536,0,1453950,0.3836217382300846,381620,20,95618,,1.0712181131737264
case_005,3,3,5,comm,,0,0.07,1.088,True,49539,1579416,1579416,0,1912830,0.4992529243636396,667608,153,95618,,1.9301560386765981
case_006,1,1,4,random,,0,0.013,0.336,True,106816,4004762,4004762,0,4548110,,,22,82837,,0.7755111593768724
case_006,1,1,4,topo,,0,0.004,0.159,True,102107,697332,697332,0,1240680,,,16,82837,,0.8112764061229887
case_006,1,1,4,balance,,0,0.005,0.179,True,99407,697332,697332,0,1240680,,,16,82837,,0.8333115374168821
case_006,1,1,4,comm,,0,0.012,0.194,True,64025,856478,856478,0,1399826,,,71,82837,,1.2938227254978525
case_006,1,1,5,random,,0,0.008,0.309,True,119505,4406692,4406692,0,4950040,,,28,82837,,0.6931676498891259
case_006,1,1,5,topo,,0,0.004,0.171,True,108257,814972,814972,0,1358320,,,20,82837,,0.7651883942839725
case_006,1,1,5,balance,,0,0.004,0.15,True,104657,814972,814972,0,1358320,,,20,82837,,0.7915094069197474
case_006,1,1,5,comm,,0,0.013,0.251,True,68821,938408,938408,0,1481756,,,73,82837,,1.2036587669461356
case_006,2,2,2,random,,0,0.01,0.188,True,79536,1875868,1420876,454992,2419216,,,11,82837,,1.041503218668276
case_006,2,2,2,topo,,0,0.004,0.148,True,58354,414790,414790,0,958138,,,8,82837,,1.4195599273400281
case_006,2,2,2,balance,,0,0.004,0.129,True,58822,351278,351278,0,894626,,,8,82837,,1.4082656149059876
case_006,2,2,2,comm,,0,0.016,0.202,True,57778,387148,387148,0,930496,,,69,82837,,1.4337117934161792
case_006,2,2,3,random,,0,0.012,0.246,True,77153,2605870,2408228,197642,3149218,,,18,82837,,1.0736717950047308
case_006,2,2,3,topo,,0,0.003,0.189,True,61486,622590,622590,0,1165938,,,12,82837,,1.3472497804378232
case_006,2,2,3,balance,,0,0.003,0.134,True,71128,340398,340398,0,883746,,,12,82837,,1.1646187155550556
case_006,2,2,3,comm,,0,0.011,0.135,True,53394,692744,692744,0,1236092,,,70,82837,,1.551428999513054
case_006,3,3,2,random,,0,0.007,0.181,True,79020,1875868,1420876,454992,2419216,0.1741196019841622,282500,11,82837,,1.048304226778031
case_006,3,3,2,topo,,0,0.004,0.143,True,58315,414790,414790,0,958138,0.2820691038198068,247554,8,82837,,1.420509302923776
case_006,3,3,2,balance,,0,0.004,0.142,True,58822,351278,351278,0,894626,0.27806684535335136,233218,8,82837,,1.4082656149059876
case_006,3,3,2,comm,,0,0.012,0.159,True,57778,387148,387148,0,930496,0.3050519177596923,265228,69,82837,,1.4337117934161792
case_006,2,2,4,random,,0,0.012,0.248,True,78043,2944946,2816930,128016,3488294,,,22,82837,,1.0614276744871418
case_006,2,2,4,topo,,0,0.004,0.149,True,55345,671870,671870,0,1215218,,,16,82837,,1.4967386394434907
case_006,2,2,4,balance,,0,0.006,0.202,True,60461,588122,588122,0,1131470,,,16,82837,,1.3700898099601395
case_006,2,2,4,comm,,0,0.014,0.172,True,47615,767416,767416,0,1310764,,,71,82837,,1.7397248766145121
case_006,2,2,5,random,,0,0.008,0.264,True,82768,3408610,3358430,50180,3951958,,,28,82837,,1.0008336555190411
case_006,2,2,5,topo,,0,0.004,0.167,True,62361,802312,802312,0,1345660,,,20,82837,,1.328346242042302
case_006,2,2,5,balance,,0,0.004,0.178,True,66469,660476,660476,0,1203824,,,20,82837,,1.2462501316403136
case_006,2,2,5,comm,,0,0.013,0.211,True,49939,894312,894312,0,1437660,,,73,82837,,1.6587636917038788
case_006,3,3,3,random,,0,0.012,0.28,True,76176,2605870,2408228,197642,3149218,0.13297576440328193,266768,18,82837,,1.0874422390254148
case_006,3,3,3,topo,,0,0.005,0.198,True,61423,622590,622590,0,1165938,0.3456945366048058,357388,12,82837,,1.3486316200771697
case_006,3,3,3,balance,,0,0.004,0.15,True,71128,340398,340398,0,883746,0.2850601401828723,237186,12,82837,,1.1646187155550556
case_006,3,3,3,comm,,0,0.011,0.174,True,52864,692744,692744,0,1236092,0.4387058870424063,506278,70,82837,,1.5669832021791767
case_003,2,2,5,random,,0,0.227,5.213,True,609766,3051928,3051928,0,4336192,,,27,602212,,0.9876116411869471
case_003,2,2,5,topo,,0,0.08,3.874,True,493613,2756184,2756184,0,4040448,,,20,602212,,1.2200083871372918
case_003,2,2,5,balance,,0,0.089,3.73,True,478014,2203544,2203544,0,3487808,,,20,602212,,1.259820842067387
case_003,2,2,5,comm,,0,0.214,4.762,True,225669,4800932,4800932,0,6085196,,,461,602212,,2.668563249715291
case_003,2,2,4,random,,0,0.234,4.776,True,599099,2708164,2708164,0,3992428,,,21,602212,,1.0051961361978572
case_003,2,2,4,topo,,0,0.149,4.14,True,479135,2597074,2597074,0,3881338,,,16,602212,,1.2568733238022687
case_003,2,2,4,balance,,0,0.07,4.13,True,501459,1826642,1826642,0,3110906,,,16,602212,,1.2009197162679301
case_003,2,2,4,comm,,0,0.209,4.729,True,237122,3946398,3946398,0,5230662,,,461,602212,,2.539671561474684
case_006,3,3,4,random,,0,0.007,0.292,True,76671,2944946,2816930,128016,3488294,0.12869799147345143,282254,22,82837,,1.0804215413911387
case_006,3,3,4,topo,,0,0.004,0.141,True,55170,671870,671870,0,1215218,0.38046468182754256,413836,16,82837,,1.5014863150262825
case_006,3,3,4,balance,,0,0.004,0.204,True,60429,588122,588122,0,1131470,0.3506918194764324,359046,16,82837,,1.3708153370070661
case_006,3,3,4,comm,,0,0.013,0.155,True,46219,767416,767416,0,1310764,0.42302584365127155,512830,71,82837,,1.792271576624332
case_003,2,2,3,random,,0,0.277,4.541,True,607629,1597560,1597560,0,2881824,,,16,602212,,0.9910850206293643
case_003,2,2,3,topo,,0,0.142,4.44,True,536321,1958608,1958608,0,3242872,,,12,602212,,1.1228573932402424
case_003,2,2,3,balance,,0,0.089,4.169,True,541129,1158672,1158672,0,2442936,,,12,602212,,1.1128806624668055
case_003,2,2,3,comm,,0,0.207,4.865,True,276492,2444568,2444568,0,3728832,,,461,602212,,2.178044934392315
case_006,3,3,5,random,,0,0.009,0.306,True,79514,3408610,3358430,50180,3951958,0.13246512188802176,325142,28,82837,,1.0417913826495964
case_006,3,3,5,topo,,0,0.004,0.178,True,61889,802312,802312,0,1345660,0.3611192087364657,418704,20,82837,,1.3384769506697474
case_006,3,3,5,balance,,0,0.004,0.209,True,66375,660476,660476,0,1203824,0.34348924355979005,362252,20,82837,,1.248015065913371
case_006,3,3,5,comm,,0,0.015,0.204,True,49195,894312,894312,0,1437660,0.3432883052154823,451282,73,82837,,1.6838499847545483
case_003,3,3,3,random,,0,0.262,4.561,True,607604,1597560,1597560,0,2881824,0.06124688743571246,131592,16,602212,,0.9911257990401643
case_003,3,3,3,topo,,0,0.12,4.365,True,535884,1958608,1958608,0,3242872,0.2468303825489572,629766,12,602212,,1.1237730553627276
case_003,3,3,3,balance,,0,0.09,4.294,True,540149,1158672,1158672,0,2442936,0.15105649720831107,308748,12,602212,,1.1148997776539435
case_003,3,3,3,comm,,0,0.212,5.133,True,276360,2444568,2444568,0,3728832,0.2788160354496988,805388,461,602212,,2.1790852511217254
case_003,3,3,4,random,,0,0.214,4.918,True,599046,2708164,2708164,0,3992428,0.10860899526232366,298890,21,602212,,1.005285069927852
case_003,3,3,4,topo,,0,0.126,4.194,True,479110,2597074,2597074,0,3881338,0.32914585899649607,989710,16,602212,,1.2569389075577633
case_003,3,3,4,balance,,0,0.108,4.183,True,500833,1826642,1826642,0,3110906,0.24871418074944893,625548,16,602212,,1.2024207670021745
case_003,3,3,4,comm,,0,0.232,5.022,True,225872,3946398,3946398,0,5230662,0.3867116828847278,1565074,461,602212,,2.666164907558263
case_003,3,3,5,random,,0,0.191,5.56,True,609721,3051928,3051928,0,4336192,0.11912735225944922,349898,27,602212,,0.9876845311216114
case_003,3,3,5,topo,,0,0.096,3.935,True,493588,2756184,2756184,0,4040448,0.31608305322996494,989840,20,602212,,1.2200701799881684
case_003,3,3,5,balance,,0,0.096,3.82,True,477990,2203544,2203544,0,3487808,0.273622700524262,756888,20,602212,,1.2598840979936818
case_003,3,3,5,comm,,0,0.209,5.087,True,214966,4800932,4800932,0,6085196,0.4970940031602981,2341784,461,602212,,2.8014290632006924
case_003,2,2,2,random,,0,0.238,5.248,True,597981,833032,833032,0,2117296,,,11,602212,,1.0070754756422027
case_003,2,2,2,topo,,0,0.08,5.305,True,603323,1355654,1355654,0,2639918,,,8,602212,,0.9981585319969568
case_003,2,2,2,balance,,0,0.177,4.59,True,609078,396038,396038,0,1680302,,,8,602212,,0.9887272237710113
case_003,2,2,2,comm,,0,0.222,4.908,True,582467,841286,841286,0,2125550,,,33,602212,,1.033898916161774
case_003,3,3,2,random,,0,0.227,5.126,True,597981,833032,833032,0,2117296,0.007200221220791943,12290,11,602212,,1.0070754756422027
case_003,3,3,2,topo,,0,0.086,5.131,True,603323,1355654,1355654,0,2639918,0.15245061924595482,331910,8,602212,,0.9981585319969568
case_003,3,3,2,balance,,0,0.172,4.682,True,609078,396038,396038,0,1680302,0.06557032597886318,100486,8,602212,,0.9887272237710113
case_003,3,3,2,comm,,0,0.241,5.11,True,582203,841286,841286,0,2125550,0.12604978889907437,231558,33,602212,,1.034367737713478
case_003,1,1,5,random,,0,0.281,5.461,True,640794,4275706,4275706,0,5559970,,,27,602212,,0.9397903226309859
case_003,1,1,5,topo,,0,0.099,4.32,True,632701,2423716,2423716,0,3707980,,,20,602212,,0.9518113611326677
case_003,1,1,5,balance,,0,0.125,4.433,True,630001,2423716,2423716,0,3707980,,,20,602212,,0.9558905462054822
case_003,1,1,5,comm,,0,0.228,8.52,True,266687,7073970,7073970,0,8358234,,,461,602212,,2.258122818135117
case_007,2,2,2,random,,0,0.099,2.18,True,957281,11868672,7985664,3883008,13601280,,,11,1012562,,1.0577479339922133
case_007,2,2,2,topo,,0,0.029,0.949,True,509818,96768,96768,0,1829376,,,8,1012562,,1.986124460101448
case_007,2,2,2,balance,,0,0.012,0.887,True,513622,82944,82944,0,1815552,,,8,1012562,,1.971414775846829
case_007,2,2,2,comm,,0,0.045,0.829,True,507494,27648,27648,0,1760256,,,555,1012562,,1.9952196479170197
case_007,2,2,4,random,,0,0.083,2.455,True,863891,15928320,15014400,913920,17660928,,,22,1012562,,1.1720946276787234
case_007,2,2,4,topo,,0,0.05,0.647,True,334944,238080,238080,0,1970688,,,16,1012562,,3.0230784847616317
case_007,2,2,4,balance,,0,0.032,0.793,True,578458,152064,152064,0,1884672,,,16,1012562,,1.7504503352015186
case_007,2,2,4,comm,,0,0.04,0.77,True,254398,82944,82944,0,1815552,,,555,1012562,,3.980227831979811
case_007,2,2,3,random,,0,0.096,2.373,True,905165,13711872,12460032,1251840,15444480,,,17,1012562,,1.1186490860782288
case_007,2,2,3,topo,,0,0.016,0.842,True,437484,155136,155136,0,1887744,,,12,1012562,,2.3145120735844054
case_007,2,2,3,balance,,0,0.012,0.846,True,681862,141312,141312,0,1873920,,,12,1012562,,1.484995497622686
case_007,2,2,3,comm,,0,0.036,0.817,True,338094,55296,55296,0,1787904,,,555,1012562,,2.994912657426633
case_007,2,2,5,random,,0,0.083,2.449,True,708054,17157120,17157120,0,18889728,,,27,1012562,,1.4300632437638938
case_007,2,2,5,topo,,0,0.013,0.7,True,208736,198144,198144,0,1930752,,,20,1012562,,4.850921738463897
case_007,2,2,5,balance,,0,0.017,0.805,True,248120,198144,198144,0,1930752,,,20,1012562,,4.080936643559568
case_007,2,2,5,comm,,0,0.042,0.743,True,203834,110592,110592,0,1843200,,,555,1012562,,4.967581463347626
case_003,1,1,4,random,,0,0.232,5.617,True,627145,3589514,3589514,0,4873778,,,21,602212,,0.9602436438144288
case_003,1,1,4,topo,,0,0.101,4.532,True,628790,2295568,2295568,0,3579832,,,16,602212,,0.9577315160864518
case_003,1,1,4,balance,,0,0.131,4.655,True,627890,2295568,2295568,0,3579832,,,16,602212,,0.959104301708898
case_003,1,1,4,comm,,0,0.218,8.91,True,290751,7073970,7073970,0,8358234,,,461,602212,,2.071229333691028
case_007,1,1,3,random,,0,0.107,3.31,True,1027472,18937344,18937344,0,20669952,,,17,1012562,,0.9854886556519302
case_007,1,1,3,topo,,0,0.024,0.936,True,1029060,403968,403968,0,2136576,,,12,1012562,,0.9839678930285892
case_007,1,1,3,balance,,0,0.012,0.81,True,1026360,403968,403968,0,2136576,,,12,1012562,,0.9865563739818387
case_007,1,1,3,comm,,0,0.023,2.63,True,476830,15316992,15316992,0,17049600,,,555,1012562,,2.1235283014910973
case_008,1,1,2,random,,0,0.022,0.44,True,447634,15664512,15590784,73728,18318936,,,11,487605,,1.0892939320963109
case_008,1,1,2,topo,,0,0.003,0.21,True,367159,184320,184320,0,2838744,,,8,487605,,1.3280486110921972
case_008,1,1,2,balance,,0,0.004,0.208,True,304479,184320,184320,0,2838744,,,8,487605,,1.6014404934330446
case_008,1,1,2,comm,,0,0.007,0.255,True,282320,0,0,0,2654424,,,108,487605,,1.7271358741853216
case_007,1,1,5,random,,0,0.09,3.104,True,1031102,20259840,20259840,0,21992448,,,27,1012562,,0.982019237669988
case_007,1,1,5,topo,,0,0.012,0.869,True,1035980,612864,612864,0,2345472,,,20,1012562,,0.9773953165119018
case_007,1,1,5,balance,,0,0.034,0.848,True,1035980,612864,612864,0,2345472,,,20,1012562,,0.9773953165119018
case_007,1,1,5,comm,,0,0.039,2.736,True,365534,15316992,15316992,0,17049600,,,555,1012562,,2.7700897864494136
case_007,3,3,3,random,,0,0.132,2.347,True,904507,13711872,12460032,1251840,15444480,0.04529487890552782,376320,17,1012562,,1.1194628676173872
case_007,3,3,3,topo,,0,0.013,0.837,True,437345,155136,155136,0,1887744,0.03554868624420402,35328,12,1012562,,2.3152476877522323
case_007,3,3,3,balance,,0,0.012,0.788,True,681674,141312,141312,0,1873920,0.0499219968798752,49152,12,1012562,,1.4854050469872695
case_007,3,3,3,comm,,0,0.045,0.925,True,338094,55296,55296,0,1787904,0.0,0,555,1012562,,2.994912657426633
case_007,3,3,2,random,,0,0.105,2.219,True,957170,11868672,7985664,3883008,13601280,0.03388069008522137,250368,11,1012562,,1.0578705976994682
case_007,3,3,2,topo,,0,0.025,0.902,True,509818,96768,96768,0,1829376,0.011345218800648298,10752,8,1012562,,1.986124460101448
case_007,3,3,2,balance,,0,0.019,0.926,True,513622,82944,82944,0,1815552,0.006546644844517185,6144,8,1012562,,1.971414775846829
case_007,3,3,2,comm,,0,0.028,0.842,True,507494,27648,27648,0,1760256,0.0,0,555,1012562,,1.9952196479170197
case_008,1,1,3,random,,0,0.02,0.361,True,452714,17658240,17658240,0,20312664,,,16,487605,,1.0770707333990113
case_008,1,1,3,topo,,0,0.003,0.172,True,166440,0,0,0,2654424,,,12,487605,,2.929614275414564
case_008,1,1,3,balance,,0,0.005,0.172,True,166440,0,0,0,2654424,,,12,487605,,2.929614275414564
case_008,1,1,3,comm,,0,0.007,0.288,True,199304,0,0,0,2654424,,,108,487605,,2.4465389555653676
case_007,1,1,4,random,,0,0.105,3.184,True,1021984,19648512,19648512,0,21381120,,,22,1012562,,0.9907806775839935
case_007,1,1,4,topo,,0,0.014,0.83,True,1034132,569856,569856,0,2302464,,,16,1012562,,0.9791419277229599
case_007,1,1,4,balance,,0,0.022,0.895,True,1026932,569856,569856,0,2302464,,,16,1012562,,0.9860068631613388
case_007,1,1,4,comm,,0,0.036,2.471,True,390534,15316992,15316992,0,17049600,,,555,1012562,,2.592762730005582
case_008,1,1,4,random,,0,0.019,0.402,True,474811,19323264,19323264,0,21977688,,,22,487605,,1.0269454582981439
case_008,1,1,4,topo,,0,0.005,0.168,True,131477,0,0,0,2654424,,,16,487605,,3.708671478661667
case_008,1,1,4,balance,,0,0.005,0.168,True,131477,0,0,0,2654424,,,16,487605,,3.708671478661667
case_008,1,1,4,comm,,0,0.008,0.264,True,157796,0,0,0,2654424,,,108,487605,,3.090097340870491
case_007,1,1,2,random,,0,0.092,3.711,True,1032298,17195520,17195520,0,18928128,,,11,1012562,,0.9808814896473693
case_007,1,1,2,topo,,0,0.021,0.992,True,1022692,262656,262656,0,1995264,,,8,1012562,,0.9900947694907166
case_007,1,1,2,balance,,0,0.034,0.956,True,1019992,262656,262656,0,1995264,,,8,1012562,,0.9927156291421894
case_007,1,1,2,comm,,0,0.025,2.752,True,659110,15316992,15316992,0,17049600,,,555,1012562,,1.5362564670540577
case_008,1,1,5,random,,0,0.019,0.39,True,487064,19637376,19637376,0,22291800,,,27,487605,,1.0011107369873364
case_008,1,1,5,topo,,0,0.003,0.21,True,197442,372480,372480,0,3026904,,,20,487605,,2.4696113288965873
case_008,1,1,5,balance,,0,0.003,0.177,True,494886,372480,372480,0,3026904,,,20,487605,,0.9852875207623574
case_008,1,1,5,comm,,0,0.009,0.29,True,134736,0,0,0,2654424,,,108,487605,,3.618965977912362
case_008,2,2,3,random,,0,0.021,0.367,True,439966,17728896,14274816,3454080,20383320,,,16,487605,,1.1082788215453012
case_008,2,2,3,topo,,0,0.003,0.181,True,163359,0,0,0,2654424,,,12,487605,,2.984867684057811
case_008,2,2,3,balance,,0,0.006,0.181,True,163359,0,0,0,2654424,,,12,487605,,2.984867684057811
case_008,2,2,3,comm,,0,0.008,0.149,True,163359,0,0,0,2654424,,,108,487605,,2.984867684057811
case_008,2,2,4,random,,0,0.021,0.372,True,470010,18947328,15194880,3752448,21601752,,,22,487605,,1.037435373715453
case_008,2,2,4,topo,,0,0.005,0.176,True,127469,0,0,0,2654424,,,16,487605,,3.825283009986742
case_008,2,2,4,balance,,0,0.006,0.176,True,127469,0,0,0,2654424,,,16,487605,,3.825283009986742
case_008,2,2,4,comm,,0,0.009,0.149,True,123060,0,0,0,2654424,,,108,487605,,3.962335446123842
case_008,2,2,2,random,,0,0.011,0.317,True,431279,15422976,9912192,5510784,18077400,,,11,487605,,1.1306022319658504
case_008,2,2,2,topo,,0,0.003,0.174,True,246743,184320,184320,0,2838744,,,8,487605,,1.9761654839245693
case_008,2,2,2,balance,,0,0.003,0.198,True,249791,36864,36864,0,2691288,,,8,487605,,1.9520519154012754
case_008,2,2,2,comm,,0,0.005,0.16,True,244266,0,0,0,2654424,,,108,487605,,1.9962049568912579
case_008,3,3,3,random,,0,0.038,0.353,True,429057,17728896,14274816,3454080,20383320,0.08313397776599084,921600,16,487605,,1.1364573937728553
case_008,3,3,3,topo,,0,0.005,0.229,True,163359,0,0,0,2654424,0.0,0,12,487605,,2.984867684057811
case_008,3,3,3,balance,,0,0.007,0.229,True,163359,0,0,0,2654424,0.0,0,12,487605,,2.984867684057811
case_008,3,3,3,comm,,0,0.007,0.156,True,163359,0,0,0,2654424,0.0,0,108,487605,,2.984867684057811
case_003,1,1,3,random,,0,0.28,5.318,True,619523,2886654,2886654,0,4170918,,,16,602212,,0.9720575345870937
case_003,1,1,3,topo,,0,0.102,5.361,True,622766,1858558,1858558,0,3142822,,,12,602212,,0.96699562917693
case_003,1,1,3,balance,,0,0.117,5.423,True,618266,1858558,1858558,0,3142822,,,12,602212,,0.9740338300990189
case_003,1,1,3,comm,,0,0.237,8.384,True,354805,7073970,7073970,0,8358234,,,461,602212,,1.6973041529854427
case_008,3,3,4,random,,0,0.012,0.466,True,461529,18947328,15194880,3752448,21601752,0.08300823271018698,976896,22,487605,,1.0564991582327439
case_008,3,3,4,topo,,0,0.005,0.211,True,127469,0,0,0,2654424,0.0,0,16,487605,,3.825283009986742
case_008,3,3,4,balance,,0,0.006,0.211,True,127469,0,0,0,2654424,0.0,0,16,487605,,3.825283009986742
case_008,3,3,4,comm,,0,0.008,0.173,True,123060,0,0,0,2654424,0.0,0,108,487605,,3.962335446123842
case_008,3,3,2,random,,0,0.02,0.359,True,426590,15422976,9912192,5510784,18077400,0.0552092993163536,552960,11,487605,,1.1430296068824868
case_008,3,3,2,topo,,0,0.005,0.205,True,246743,184320,184320,0,2838744,0.0,0,8,487605,,1.9761654839245693
case_008,3,3,2,balance,,0,0.004,0.233,True,249791,36864,36864,0,2691288,0.0,0,8,487605,,1.9520519154012754
case_008,3,3,2,comm,,0,0.004,0.139,True,244266,0,0,0,2654424,0.0,0,108,487605,,1.9962049568912579
case_008,2,2,5,random,,0,0.012,0.446,True,445106,19299840,17339904,1959936,21954264,,,27,487605,,1.0954806270865816
case_008,2,2,5,topo,,0,0.003,0.194,True,118046,372480,372480,0,3026904,,,20,487605,,4.130635514968741
case_008,2,2,5,balance,,0,0.04,0.183,True,283093,372480,372480,0,3026904,,,20,487605,,1.722419840829692
case_008,2,2,5,comm,,0,0.007,0.138,True,100603,0,0,0,2654424,,,108,487605,,4.846823653370178
case_008,3,3,5,random,,0,0.016,0.429,True,432870,19299840,17339904,1959936,21954264,0.08769822739794743,1032192,27,487605,,1.1264467392057662
case_008,3,3,5,topo,,0,0.003,0.208,True,118046,372480,372480,0,3026904,0.0,0,20,487605,,4.130635514968741
case_008,3,3,5,balance,,0,0.005,0.226,True,283093,372480,372480,0,3026904,0.0,0,20,487605,,1.722419840829692
case_008,3,3,5,comm,,0,0.004,0.165,True,100603,0,0,0,2654424,0.0,0,108,487605,,4.846823653370178
case_007,3,3,4,random,,0,0.077,2.013,True,863039,15928320,15014400,913920,17660928,0.061770428015564205,585216,22,1012562,,1.1732517302230838
case_007,3,3,4,topo,,0,0.012,0.721,True,334850,238080,238080,0,1970688,0.03941605839416058,41472,16,1012562,,3.023927131551441
case_007,3,3,4,balance,,0,0.013,0.845,True,578458,152064,152064,0,1884672,0.010719754977029096,10752,16,1012562,,1.7504503352015186
case_007,3,3,4,comm,,0,0.024,0.713,True,254398,82944,82944,0,1815552,0.0,0,555,1012562,,3.980227831979811
case_007,3,3,5,random,,0,0.091,2.126,True,706831,17157120,17157120,0,18889728,0.0767593859249126,775680,27,1012562,,1.4325376221473025
case_007,3,3,5,topo,,0,0.012,0.641,True,208736,198144,198144,0,1930752,0.027818448023426062,29184,20,1012562,,4.850921738463897
case_007,3,3,5,balance,,0,0.014,0.744,True,248120,198144,198144,0,1930752,0.027818448023426062,29184,20,1012562,,4.080936643559568
case_007,3,3,5,comm,,0,0.048,0.677,True,203834,110592,110592,0,1843200,0.0,0,555,1012562,,4.967581463347626
case_010,1,1,2,random,,0,0.006,0.205,True,85697,2798120,2798120,0,3182270,,,11,86969,,1.0148429933369896
case_010,1,1,2,topo,,0,0.004,0.107,True,97392,487064,487064,0,871214,,,8,86969,,0.892978889436504
case_010,1,1,2,balance,,0,0.004,0.086,True,97392,487064,487064,0,871214,,,8,86969,,0.892978889436504
case_010,1,1,2,comm,,0,0.013,0.154,True,102525,1032772,1032772,0,1416922,,,94,86969,,0.848271153377225
case_010,1,1,3,random,,0,0.006,0.188,True,96146,3357678,3357678,0,3741828,,,17,86969,,0.9045514113951698
case_010,1,1,3,topo,,0,0.004,0.118,True,102877,612784,612784,0,996934,,,12,86969,,0.8453687413124411
case_010,1,1,3,balance,,0,0.004,0.129,True,102877,612784,612784,0,996934,,,12,86969,,0.8453687413124411
case_010,1,1,3,comm,,0,0.009,0.17,True,87743,1098330,1098330,0,1482480,,,96,86969,,0.9911787834927003
case_010,1,1,4,random,,0,0.011,0.249,True,108168,3646104,3646104,0,4030254,,,22,86969,,0.8040178241254345
case_010,1,1,4,topo,,0,0.002,0.107,True,109293,712810,712810,0,1096960,,,16,86969,,0.7957417217937105
case_010,1,1,4,balance,,0,0.002,0.129,True,107493,712810,712810,0,1096960,,,16,86969,,0.8090666368972863
case_010,1,1,4,comm,,0,0.01,0.158,True,77956,1098330,1098330,0,1482480,,,96,86969,,1.1156165016162964
case_010,2,2,2,random,,0,0.005,0.151,True,78654,1627820,1382572,245248,2011970,,,11,86969,,1.1057161746382893
case_010,2,2,2,topo,,0,0.003,0.081,True,56222,356632,356632,0,740782,,,8,86969,,1.5468855608124934
case_010,2,2,2,balance,,0,0.004,0.081,True,56222,356632,356632,0,740782,,,8,86969,,1.5468855608124934
case_010,2,2,2,comm,,0,0.007,0.088,True,78596,584388,584388,0,968538,,,94,86969,,1.1065321390401548
case_010,1,1,5,random,,0,0.007,0.269,True,115873,3968136,3968136,0,4352286,,,27,86969,,0.7505544863773269
case_010,1,1,5,topo,,0,0.002,0.171,True,113503,787022,787022,0,1171172,,,20,86969,,0.7662264433539202
case_010,1,1,5,balance,,0,0.004,0.142,True,110803,787022,787022,0,1171172,,,20,86969,,0.7848975208252484
case_010,1,1,5,comm,,0,0.008,0.159,True,74118,1098340,1098340,0,1482490,,,98,86969,,1.1733856822904019
case_010,2,2,3,random,,0,0.005,0.164,True,72541,2411932,2392472,19460,2796082,,,17,86969,,1.198894418328945
case_010,2,2,3,topo,,0,0.004,0.085,True,56834,480304,480304,0,864454,,,12,86969,,1.5302283844177782
case_010,2,2,3,balance,,0,0.002,0.115,True,59900,431148,431148,0,815298,,,12,86969,,1.4519031719532554
case_010,2,2,3,comm,,0,0.01,0.108,True,65188,771292,771292,0,1155442,,,96,86969,,1.334125912744677
case_003,1,1,2,random,,0,0.224,6.519,True,609036,2159300,2159300,0,3443564,,,11,602212,,0.9887954078248248
case_003,1,1,2,topo,,0,0.102,6.724,True,618138,1445032,1445032,0,2729296,,,8,602212,,0.9742355266946863
case_003,1,1,2,balance,,0,0.094,6.55,True,613638,1445032,1445032,0,2729296,,,8,602212,,0.9813799015054478
case_003,1,1,2,comm,,0,0.271,6.609,True,588303,1534044,1534044,0,2818308,,,33,602212,,1.0236425787391872
case_010,2,2,4,random,,0,0.008,0.236,True,77343,2524992,2462012,62980,2909142,,,22,86969,,1.1244585806084584
case_010,2,2,4,topo,,0,0.003,0.112,True,65289,573420,573420,0,957570,,,16,86969,,1.3320620625220174
case_010,2,2,4,balance,,0,0.004,0.105,True,65397,513128,513128,0,897278,,,16,86969,,1.3298622260959982
case_010,2,2,4,comm,,0,0.007,0.105,True,59781,825820,825820,0,1209970,,,96,86969,,1.4547933289841255
case_010,3,3,2,random,,0,0.009,0.16,True,78209,1627820,1382572,245248,2011970,0.21540966301985026,288960,11,86969,,1.1120075694613152
case_010,3,3,2,topo,,0,0.002,0.095,True,56185,356632,356632,0,740782,0.33639408958751094,231168,8,86969,,1.5479042449052238
case_010,3,3,2,balance,,0,0.004,0.1,True,56185,356632,356632,0,740782,0.33639408958751094,231168,8,86969,,1.5479042449052238
case_010,3,3,2,comm,,0,0.012,0.128,True,78509,584388,584388,0,968538,0.32544575577867807,266048,94,86969,,1.1077583461768714
case_010,2,2,5,random,,0,0.005,0.232,True,79539,3358160,3358160,0,3742310,,,27,86969,,1.0934132941072934
case_010,2,2,5,topo,,0,0.004,0.128,True,54839,653392,653392,0,1037542,,,20,86969,,1.5858968981928918
case_010,2,2,5,balance,,0,0.004,0.165,True,60038,649928,649928,0,1034078,,,20,86969,,1.4485659082581033
case_010,2,2,5,comm,,0,0.012,0.12,True,47102,918760,918760,0,1302910,,,98,86969,,1.8463971805868116
case_010,3,3,3,random,,0,0.012,0.185,True,71024,2411932,2392472,19460,2796082,0.152624079459282,262210,17,86969,,1.2245015769317413
case_010,3,3,3,topo,,0,0.004,0.111,True,56816,480304,480304,0,864454,0.3539434191199949,277120,12,86969,,1.5307131793860884
case_010,3,3,3,balance,,0,0.002,0.078,True,59863,431148,431148,0,815298,0.3279385551297636,240640,12,86969,,1.452800561281593
case_010,3,3,3,comm,,0,0.008,0.126,True,65027,771292,771292,0,1155442,0.3819189896165296,363842,96,86969,,1.3374290679256309
case_010,3,3,4,random,,0,0.008,0.229,True,76013,2524992,2462012,62980,2909142,0.17075380520055988,310594,22,86969,,1.1441332403667794
case_010,3,3,4,topo,,0,0.002,0.122,True,64551,573420,573420,0,957570,0.3994848170318447,337154,16,86969,,1.347291289058264
case_010,3,3,4,balance,,0,0.004,0.112,True,64721,513128,513128,0,897278,0.34811316706756557,275840,16,86969,,1.3437524142086803
case_010,3,3,4,comm,,0,0.012,0.129,True,59375,825820,825820,0,1209970,0.3792347452181679,375362,96,86969,,1.464741052631579
case_011,1,1,2,random,,0,0.014,0.279,True,190431,4657152,4657152,0,5263360,,,12,184697,,0.9698893562497702
case_011,1,1,2,topo,,0,0.004,0.183,True,94212,1261568,1261568,0,1867776,,,8,184697,,1.9604402836156753
case_011,1,1,2,balance,,0,0.004,0.183,True,94212,1261568,1261568,0,1867776,,,8,184697,,1.9604402836156753
case_011,1,1,2,comm,,0,0.012,0.138,True,96300,1622016,1622016,0,2228224,,,16,184697,,1.9179335410176532
case_010,3,3,5,random,,0,0.005,0.285,True,76859,3358160,3358160,0,3742310,0.1310938172985091,294018,27,86969,,1.1315395724638624
case_010,3,3,5,topo,,0,0.004,0.132,True,54263,653392,653392,0,1037542,0.40321190269889357,363906,20,86969,,1.6027311427676316
case_010,3,3,5,balance,,0,0.004,0.118,True,59096,649928,649928,0,1034078,0.4220205967085003,382338,20,86969,,1.4716562880736428
case_010,3,3,5,comm,,0,0.011,0.146,True,46746,918760,918760,0,1302910,0.4168317109434174,445764,98,86969,,1.8604586488683523
case_011,1,1,4,random,,0,0.008,0.323,True,159744,5332992,5332992,0,5939200,,,22,184697,,1.1562061798878205
case_011,1,1,4,topo,,0,0.004,0.139,True,49484,1622016,1622016,0,2228224,,,16,184697,,3.7324589766389136
case_011,1,1,4,balance,,0,0.003,0.139,True,49484,1622016,1622016,0,2228224,,,16,184697,,3.7324589766389136
case_011,1,1,4,comm,,0,0.007,0.139,True,49484,1622016,1622016,0,2228224,,,16,184697,,3.7324589766389136
case_011,1,1,3,random,,0,0.014,0.33,True,171387,5021696,5021696,0,5627904,,,17,184697,,1.077660499337756
case_011,1,1,3,topo,,0,0.004,0.223,True,198941,2547712,2547712,0,3153920,,,12,184697,,0.9284008826737575
case_011,1,1,3,balance,,0,0.002,0.204,True,197141,2547712,2547712,0,3153920,,,12,184697,,0.9368776662388849
case_011,1,1,3,comm,,0,0.011,0.148,True,72892,1622016,1622016,0,2228224,,,16,184697,,2.533844591999122
case_011,2,2,2,random,,0,0.009,0.202,True,167734,2764800,2191360,573440,3371008,,,12,184697,,1.101130361167086
case_011,2,2,2,topo,,0,0.002,0.106,True,92646,180224,180224,0,786432,,,8,184697,,1.9935777043801135
case_011,2,2,2,balance,,0,0.002,0.106,True,92646,180224,180224,0,786432,,,8,184697,,1.9935777043801135
case_011,2,2,2,comm,,0,0.007,0.132,True,92646,180224,180224,0,786432,,,16,184697,,1.9935777043801135
case_011,2,2,4,random,,0,0.01,0.257,True,108439,3895296,3895296,0,4501504,,,22,184697,,1.703234076300962
case_011,2,2,4,topo,,0,0.002,0.118,True,46880,540672,540672,0,1146880,,,16,184697,,3.9397824232081913
case_011,2,2,4,balance,,0,0.002,0.118,True,46880,540672,540672,0,1146880,,,16,184697,,3.9397824232081913
case_011,2,2,4,comm,,0,0.008,0.118,True,46880,540672,540672,0,1146880,,,16,184697,,3.9397824232081913
case_011,2,2,3,random,,0,0.006,0.238,True,132871,3051520,2912256,139264,3657728,,,17,184697,,1.3900474896704322
case_011,2,2,3,topo,,0,0.004,0.156,True,112493,1507328,1507328,0,2113536,,,12,184697,,1.6418532708701874
case_011,2,2,3,balance,,0,0.004,0.194,True,132583,1851392,1851392,0,2457600,,,12,184697,,1.3930669844550205
case_011,2,2,3,comm,,0,0.007,0.14,True,69625,1081344,1081344,0,1687552,,,16,184697,,2.6527396768402154
case_011,1,1,5,random,,0,0.011,0.408,True,161274,5541888,5541888,0,6148096,,,27,184697,,1.145237298014559
case_011,1,1,5,topo,,0,0.002,0.252,True,179857,3489792,3489792,0,4096000,,,20,184697,,1.0269102676014834
case_011,1,1,5,balance,,0,0.002,0.26,True,198509,3489792,3489792,0,4096000,,,20,184697,,0.930421290722335
case_011,1,1,5,comm,,0,0.012,0.127,True,49484,1622016,1622016,0,2228224,,,16,184697,,3.7324589766389136
case_011,3,3,2,random,,0,0.011,0.224,True,167682,2764800,2191360,573440,3371008,0.20267686424474188,434176,12,184697,,1.101471833589771
case_011,3,3,2,topo,,0,0.002,0.119,True,92646,180224,180224,0,786432,0.0,0,8,184697,,1.9935777043801135
case_011,3,3,2,balance,,0,0.004,0.119,True,92646,180224,180224,0,786432,0.0,0,8,184697,,1.9935777043801135
case_011,3,3,2,comm,,0,0.012,0.123,True,92646,180224,180224,0,786432,0.0,0,16,184697,,1.9935777043801135
case_011,2,2,5,random,,0,0.006,0.253,True,104337,4456448,4456448,0,5062656,,,27,184697,,1.7701965745612773
case_011,2,2,5,topo,,0,0.002,0.23,True,108022,2461696,2461696,0,3067904,,,20,184697,,1.7098091129584714
case_011,2,2,5,balance,,0,0.004,0.181,True,129350,2695168,2695168,0,3301376,,,20,184697,,1.4278855817549285
case_011,2,2,5,comm,,0,0.011,0.119,True,47287,1622016,1622016,0,2228224,,,16,184697,,3.905872649988369
case_011,3,3,4,random,,0,0.01,0.285,True,106798,3895296,3895296,0,4501504,0.30013927576601673,882688,22,184697,,1.7294050450382965
case_011,3,3,4,topo,,0,0.002,0.128,True,46880,540672,540672,0,1146880,0.0,0,16,184697,,3.9397824232081913
case_011,3,3,4,balance,,0,0.002,0.128,True,46880,540672,540672,0,1146880,0.0,0,16,184697,,3.9397824232081913
case_011,3,3,4,comm,,0,0.006,0.128,True,46880,540672,540672,0,1146880,0.0,0,16,184697,,3.9397824232081913
case_011,3,3,3,random,,0,0.006,0.199,True,132470,3051520,2912256,139264,3657728,0.22583479789103691,526336,17,184697,,1.3942553030874916
case_011,3,3,3,topo,,0,0.002,0.178,True,112201,1507328,1507328,0,2113536,0.2595108695652174,391168,12,184697,,1.6461261486083012
case_011,3,3,3,balance,,0,0.002,0.218,True,132319,1851392,1851392,0,2457600,0.446652719665272,874496,12,184697,,1.3958464014994068
case_011,3,3,3,comm,,0,0.012,0.153,True,69625,1081344,1081344,0,1687552,0.5669191919191919,919552,16,184697,,2.6527396768402154
case_009,2,2,2,random,,0,0.095,1.065,True,150606,412638,296264,116374,907970,,,11,153261,,1.0176287797298913
case_009,2,2,2,topo,,0,0.027,1.016,True,116884,236354,236354,0,731686,,,8,153261,,1.3112230929810753
case_009,2,2,2,balance,,0,0.02,1.05,True,150606,119994,119994,0,615326,,,8,153261,,1.0176287797298913
case_009,2,2,2,comm,,0,0.117,1.144,True,109595,303758,303758,0,799090,,,300,153261,,1.3984305853369223
case_011,3,3,5,random,,0,0.008,0.284,True,100729,4456448,4456448,0,5062656,0.30087390761548066,987136,27,184697,,1.833603033882993
case_011,3,3,5,topo,,0,0.004,0.21,True,106418,2461696,2461696,0,3067904,0.26831683168316833,555008,20,184697,,1.735580446916875
case_011,3,3,5,balance,,0,0.003,0.243,True,127968,2695168,2695168,0,3301376,0.4282136894824708,1050624,20,184697,,1.4433061390347588
case_011,3,3,5,comm,,0,0.007,0.14,True,46777,1622016,1622016,0,2228224,0.6231060606060606,1347584,16,184697,,3.9484575753041025
case_009,2,2,4,random,,0,0.077,1.293,True,153126,1240108,1240108,0,1735440,,,22,153261,,1.0008816268954979
case_009,2,2,4,topo,,0,0.037,1.093,True,127015,550944,550944,0,1046276,,,16,153261,,1.2066370113766092
case_009,2,2,4,balance,,0,0.039,0.953,True,127331,507648,507648,0,1002980,,,16,153261,,1.2036424751238897
case_009,2,2,4,comm,,0,0.09,1.147,True,85663,788842,788842,0,1284174,,,300,153261,,1.7891154874333142
case_009,3,3,5,random,,0,0.058,1.136,True,155767,1047504,954952,92552,1542836,0.17078075837685297,189540,27,153261,,0.9839118683674976
case_009,3,3,5,topo,,0,0.019,1.173,True,121532,624380,624380,0,1119712,0.30381543847600223,290196,20,153261,,1.261075272356252
case_009,3,3,5,balance,,0,0.023,0.882,True,126830,450380,450380,0,945712,0.24527219525363594,203520,20,153261,,1.2083970669399984
case_009,3,3,5,comm,,0,0.093,1.162,True,79603,960456,960456,0,1455788,0.3976612318566327,472820,300,153261,,1.925316885042021
case_012,1,1,2,random,,0,0.014,0.286,True,69500,1622266,1622266,0,2177164,,,14,59088,,0.8501870503597122
case_012,1,1,2,topo,,0,0.004,0.223,True,67892,185940,185940,0,740838,,,8,59088,,0.8703234548989571
case_012,1,1,2,balance,,0,0.007,0.219,True,65192,185940,185940,0,740838,,,8,59088,,0.906368879617131
case_012,1,1,2,comm,,0,0.008,0.184,True,36751,0,0,0,554898,,,25,59088,,1.6077929852248918
case_009,2,2,3,random,,0,0.127,1.258,True,155377,847762,728714,119048,1343094,,,16,153261,,0.9863815107770133
case_009,2,2,3,topo,,0,0.036,1.107,True,121311,411542,411542,0,906874,,,12,153261,,1.2633726537576973
case_009,2,2,3,balance,,0,0.039,1.208,True,138994,306392,306392,0,801724,,,12,153261,,1.1026447184770565
case_009,2,2,3,comm,,0,0.085,1.133,True,97905,566540,566540,0,1061872,,,300,153261,,1.5654052397732496
case_009,2,2,5,random,,0,0.099,1.184,True,155775,1047504,954952,92552,1542836,,,27,153261,,0.9838613384689456
case_009,2,2,5,topo,,0,0.025,1.132,True,122070,624380,624380,0,1119712,,,20,153261,,1.2555173261243548
case_009,2,2,5,balance,,0,0.025,0.988,True,127186,450380,450380,0,945712,,,20,153261,,1.2050147028761027
case_009,2,2,5,comm,,0,0.086,1.32,True,80184,960456,960456,0,1455788,,,300,153261,,1.9113663573780306
case_009,3,3,2,random,,0,0.096,1.317,True,150565,412638,296264,116374,907970,0.09425928844304121,69382,11,153261,,1.017905887822535
case_009,3,3,2,topo,,0,0.021,1.165,True,116884,236354,236354,0,731686,0.197192495686754,134182,8,153261,,1.3112230929810753
case_009,3,3,2,balance,,0,0.022,1.053,True,150502,119994,119994,0,615326,0.15568931896926874,93734,8,153261,,1.0183319822992385
case_009,3,3,2,comm,,0,0.082,1.243,True,109595,303758,303758,0,799090,0.22852707830286306,166950,300,153261,,1.3984305853369223
case_012,1,1,3,random,,0,0.012,0.315,True,72892,1746066,1746066,0,2300964,,,18,59088,,0.8106239367831861
case_012,1,1,3,topo,,0,0.006,0.193,True,72724,251306,251306,0,806204,,,12,59088,,0.8124965623453055
case_012,1,1,3,balance,,0,0.004,0.203,True,71824,251306,251306,0,806204,,,12,59088,,0.8226776564936511
case_012,1,1,3,comm,,0,0.014,0.37,True,59559,452352,452352,0,1007250,,,126,59088,,0.9920918752833325
case_009,3,3,3,random,,0,0.081,1.335,True,155377,847762,728714,119048,1343094,0.1313629133920807,129006,16,153261,,0.9863815107770133
case_009,3,3,3,topo,,0,0.039,1.195,True,121311,411542,411542,0,906874,0.2584192730767507,207582,12,153261,,1.2633726537576973
case_009,3,3,3,balance,,0,0.065,1.145,True,138994,306392,306392,0,801724,0.16325453957556882,115116,12,153261,,1.1026447184770565
case_009,3,3,3,comm,,0,0.096,1.082,True,97775,566540,566540,0,1061872,0.3134587879575902,284472,300,153261,,1.567486576323191
case_009,3,3,4,random,,0,0.085,1.321,True,153126,1240108,1240108,0,1735440,0.15631256214782896,188638,22,153261,,1.0008816268954979
case_009,3,3,4,topo,,0,0.027,1.062,True,126974,550944,550944,0,1046276,0.2602990485630221,233204,16,153261,,1.207026635374171
case_009,3,3,4,balance,,0,0.039,1.09,True,127037,507648,507648,0,1002980,0.2282219389303709,195494,16,153261,,1.206428048521297
case_009,3,3,4,comm,,0,0.08,1.347,True,85219,788842,788842,0,1284174,0.3801713237849469,411318,300,153261,,1.7984369682817212
case_012,2,2,2,random,,0,0.013,0.228,True,52768,788990,788990,0,1343888,,,14,59088,,1.119769557307459
case_012,2,2,2,topo,,0,0.003,0.16,True,34534,113844,113844,0,668742,,,8,59088,,1.7110094399722013
case_012,2,2,2,balance,,0,0.003,0.148,True,40610,109764,109764,0,664662,,,8,59088,,1.4550110810145285
case_012,2,2,2,comm,,0,0.005,0.168,True,33603,0,0,0,554898,,,25,59088,,1.7584144272832782
case_012,1,1,4,random,,0,0.012,0.388,True,79062,1842938,1842938,0,2397836,,,24,59088,,0.7473628291720422
case_012,1,1,4,topo,,0,0.003,0.222,True,60967,318520,318520,0,873418,,,16,59088,,0.969180048222809
case_012,1,1,4,balance,,0,0.006,0.238,True,64912,318520,318520,0,873418,,,16,59088,,0.9102785309341879
case_012,1,1,4,comm,,0,0.013,0.308,True,38275,452352,452352,0,1007250,,,126,59088,,1.5437753102547356
case_012,2,2,4,random,,0,0.023,0.284,True,53599,1238076,1238076,0,1792974,,,24,59088,,1.1024086270266236
case_012,2,2,4,topo,,0,0.003,0.153,True,31077,267452,267452,0,822350,,,16,59088,,1.901341828361811
case_012,2,2,4,balance,,0,0.006,0.174,True,36344,271020,271020,0,825918,,,16,59088,,1.6257979308826767
case_012,2,2,4,comm,,0,0.015,0.208,True,23030,327362,327362,0,882260,,,126,59088,,2.5656969170646984
case_012,2,2,3,random,,0,0.011,0.289,True,52483,1204122,1204122,0,1759020,,,18,59088,,1.1258502753272488
case_012,2,2,3,topo,,0,0.006,0.208,True,35554,188814,188814,0,743712,,,12,59088,,1.661922709118524
case_012,2,2,3,balance,,0,0.004,0.142,True,41536,211118,211118,0,766016,,,12,59088,,1.4225731895223421
case_012,2,2,3,comm,,0,0.02,0.162,True,34739,274246,274246,0,829144,,,126,59088,,1.700912519070785
case_012,3,3,2,random,,0,0.012,0.243,True,51767,788990,788990,0,1343888,0.19126003464550081,185930,14,59088,,1.1414221415187282
case_012,3,3,2,topo,,0,0.006,0.213,True,34534,113844,113844,0,668742,0.11105641154556532,63616,8,59088,,1.7110094399722013
case_012,3,3,2,balance,,0,0.003,0.119,True,40517,109764,109764,0,664662,0.14637048653742318,85120,8,59088,,1.458350815706987
case_012,3,3,2,comm,,0,0.004,0.161,True,33603,0,0,0,554898,0.0,0,25,59088,,1.7584144272832782
case_012,1,1,5,random,,0,0.011,0.47,True,84769,1944044,1944044,0,2498942,,,30,59088,,0.697047269638665
case_012,1,1,5,topo,,0,0.004,0.204,True,65498,387138,387138,0,942036,,,20,59088,,0.9021344163180555
case_012,1,1,5,balance,,0,0.004,0.218,True,71904,387138,387138,0,942036,,,20,59088,,0.821762349799733
case_012,1,1,5,comm,,0,0.019,0.322,True,43663,464640,464640,0,1019538,,,127,59088,,1.3532739390330486
case_009,1,1,3,random,,0,0.084,1.513,True,168172,1208418,1208418,0,1703750,,,16,153261,,0.9113348238707989
case_009,1,1,3,topo,,0,0.02,1.198,True,166304,408768,408768,0,904100,,,12,153261,,0.9215713392341736
case_009,1,1,3,balance,,0,0.037,1.31,True,164504,408768,408768,0,904100,,,12,153261,,0.9316551573214025
case_009,1,1,3,comm,,0,0.065,2.028,True,137098,982558,982558,0,1477890,,,300,153261,,1.1178937694204145
case_012,3,3,3,random,,0,0.02,0.267,True,51391,1204122,1204122,0,1759020,0.20541734942152043,248214,18,59088,,1.1497733066101068
case_012,3,3,3,topo,,0,0.004,0.213,True,35209,188814,188814,0,743712,0.17809836189420933,113158,12,59088,,1.6782072765486098
case_012,3,3,3,balance,,0,0.003,0.15,True,41043,211118,211118,0,766016,0.2121977089520577,140042,12,59088,,1.4396608435055918
case_012,3,3,3,comm,,0,0.018,0.224,True,34627,274246,274246,0,829144,0.26002628518071735,192706,126,59088,,1.7064140699454182
case_009,1,1,4,random,,0,0.076,1.646,True,171317,1587538,1587538,0,2082870,,,22,153261,,0.8946047385840284
case_009,1,1,4,topo,,0,0.038,1.213,True,170809,543810,543810,0,1039142,,,16,153261,,0.8972653665790444
case_009,1,1,4,balance,,0,0.019,1.232,True,170809,543810,543810,0,1039142,,,16,153261,,0.8972653665790444
case_009,1,1,4,comm,,0,0.12,1.852,True,117955,982558,982558,0,1477890,,,300,153261,,1.2993175363486076
case_012,2,2,5,random,,0,0.015,0.377,True,52947,1434246,1434246,0,1989144,,,30,59088,,1.1159839084367387
case_012,2,2,5,topo,,0,0.004,0.196,True,34898,332222,332222,0,887120,,,20,59088,,1.693162931973179
case_012,2,2,5,balance,,0,0.006,0.16,True,42689,343736,343736,0,898634,,,20,59088,,1.384150483731172
case_012,2,2,5,comm,,0,0.018,0.219,True,26187,359698,359698,0,914596,,,127,59088,,2.256386756787719
case_009,1,1,5,random,,0,0.105,1.559,True,170195,1834966,1834966,0,2330298,,,27,153261,,0.90050236493434
case_009,1,1,5,topo,,0,0.026,1.26,True,172623,595630,595630,0,1090962,,,20,153261,,0.8878364991918806
case_009,1,1,5,balance,,0,0.022,1.182,True,169023,595630,595630,0,1090962,,,20,153261,,0.9067464191263911
case_009,1,1,5,comm,,0,0.089,2.048,True,110350,982558,982558,0,1477890,,,300,153261,,1.3888627095604893
case_009,1,1,2,random,,0,0.059,1.465,True,156591,764332,764332,0,1259664,,,11,153261,,0.9787344100235645
case_009,1,1,2,topo,,0,0.02,1.474,True,161564,236468,236468,0,731800,,,8,153261,,0.9486086009259489
case_009,1,1,2,balance,,0,0.038,1.536,True,157064,236468,236468,0,731800,,,8,153261,,0.9757869403555238
case_009,1,1,2,comm,,0,0.082,2.01,True,146974,982558,982558,0,1477890,,,300,153261,,1.0427762733544708
case_012,3,3,4,random,,0,0.014,0.36,True,51963,1238076,1238076,0,1792974,0.20170819063041767,247124,24,59088,,1.1371167946423417
case_012,3,3,4,topo,,0,0.006,0.193,True,30893,267452,267452,0,822350,0.22890496057216211,159772,16,59088,,1.9126662998090183
case_012,3,3,4,balance,,0,0.006,0.227,True,35993,271020,271020,0,825918,0.23633898420711533,166290,16,59088,,1.6416525435501348
case_012,3,3,4,comm,,0,0.013,0.191,True,22729,327362,327362,0,882260,0.31640745439565715,250396,126,59088,,2.5996744247437196
case_012,3,3,5,random,,0,0.013,0.351,True,51194,1434246,1434246,0,1989144,0.24171956001716807,330026,30,59088,,1.1541977575497129
case_012,3,3,5,topo,,0,0.006,0.184,True,34206,332222,332222,0,887120,0.2512393539229181,186906,20,59088,,1.7274162427644273
case_012,3,3,5,balance,,0,0.006,0.187,True,42064,343736,343736,0,898634,0.27201440856930703,206608,20,59088,,1.404716622289844
case_012,3,3,5,comm,,0,0.018,0.18,True,25185,359698,359698,0,914596,0.28068291346403185,229474,127,59088,,2.346158427635497
case_013,2,2,2,random,,0,0.039,0.713,True,254999,3186688,2785280,401408,5713920,,,11,263949,,1.0350981768555956
case_013,2,2,2,topo,,0,0.011,0.473,True,200442,65536,65536,0,2592768,,,8,263949,,1.3168347951028228
case_013,2,2,2,balance,,0,0.008,0.507,True,233580,40960,40960,0,2568192,,,8,263949,,1.1300154122784485
case_013,2,2,2,comm,,0,0.015,0.414,True,132198,8192,8192,0,2535424,,,246,263949,,1.9966187083011846
case_013,1,1,4,random,,0,0.044,1.038,True,319336,6404096,6404096,0,8931328,,,21,263949,,0.826555728135882
case_013,1,1,4,topo,,0,0.017,0.546,True,280524,274432,274432,0,2801664,,,16,263949,,0.9409141463831971
case_013,1,1,4,balance,,0,0.009,0.404,True,275124,274432,274432,0,2801664,,,16,263949,,0.9593819514110001
case_013,1,1,4,comm,,0,0.022,1.105,True,108774,2007040,2007040,0,4534272,,,246,263949,,2.4265817198962987
case_013,1,1,2,random,,0,0.029,1.164,True,297120,5832704,5832704,0,8359936,,,11,263949,,0.888358239095315
case_013,1,1,2,topo,,0,0.012,0.548,True,271772,114688,114688,0,2641920,,,8,263949,,0.9712148418527295
case_013,1,1,2,balance,,0,0.012,0.528,True,269072,114688,114688,0,2641920,,,8,263949,,0.9809604864125587
case_013,1,1,2,comm,,0,0.012,1.06,True,186122,2007040,2007040,0,4534272,,,246,263949,,1.418150460450672
case_013,2,2,5,random,,0,0.067,0.761,True,191954,5353472,5353472,0,7880704,,,26,263949,,1.3750638173729122
case_013,2,2,5,topo,,0,0.015,0.388,True,94321,163840,163840,0,2691072,,,20,263949,,2.798411806490601
case_013,2,2,5,balance,,0,0.014,0.51,True,134547,155648,155648,0,2682880,,,20,263949,,1.961760574371781
case_013,2,2,5,comm,,0,0.024,0.276,True,54363,32768,32768,0,2560000,,,246,263949,,4.855305998565201
case_013,1,1,3,random,,0,0.053,1.082,True,308887,6168576,6168576,0,8695808,,,16,263949,,0.8545163765389933
case_013,1,1,3,topo,,0,0.007,0.558,True,276368,180224,180224,0,2707456,,,12,263949,,0.9550635384704452
case_013,1,1,3,balance,,0,0.007,0.519,True,276368,180224,180224,0,2707456,,,12,263949,,0.9550635384704452
case_013,1,1,3,comm,,0,0.024,0.883,True,132658,2007040,2007040,0,4534272,,,246,263949,,1.9896953067285803
case_013,2,2,3,random,,0,0.103,0.742,True,219426,4083712,4083712,0,6610944,,,16,263949,,1.202906674687594
case_013,2,2,3,topo,,0,0.014,0.527,True,161304,106496,106496,0,2633728,,,12,263949,,1.6363450379407827
case_013,2,2,3,balance,,0,0.009,0.454,True,161304,106496,106496,0,2633728,,,12,263949,,1.6363450379407827
case_013,2,2,3,comm,,0,0.063,0.393,True,88351,16384,16384,0,2543616,,,246,263949,,2.98750438591527
case_013,2,2,4,random,,0,0.048,0.723,True,199119,4898816,4898816,0,7426048,,,21,263949,,1.3255841983939252
case_013,2,2,4,topo,,0,0.052,0.459,True,157277,176128,176128,0,2703360,,,16,263949,,1.6782428454255867
case_013,2,2,4,balance,,0,0.015,0.483,True,153048,126976,126976,0,2654208,,,16,263949,,1.724615806805708
case_013,2,2,4,comm,,0,0.021,0.355,True,66982,24576,24576,0,2551808,,,246,263949,,3.9405959810098237
case_013,3,3,2,random,,0,0.092,0.642,True,254929,3186688,2785280,401408,5713920,0.0016968325791855204,6144,11,263949,,1.035382400589968
case_013,3,3,2,topo,,0,0.008,0.555,True,200442,65536,65536,0,2592768,0.0,0,8,263949,,1.3168347951028228
case_013,3,3,2,balance,,0,0.013,0.558,True,233580,40960,40960,0,2568192,0.0,0,8,263949,,1.1300154122784485
case_013,3,3,2,comm,,0,0.013,0.507,True,132198,8192,8192,0,2535424,0.0,0,246,263949,,1.9966187083011846
case_013,1,1,5,random,,0,0.038,1.052,True,276172,6578176,6578176,0,9105408,,,26,263949,,0.9557413495937315
case_013,1,1,5,topo,,0,0.016,0.644,True,111437,286720,286720,0,2813952,,,20,263949,,2.368593914050091
case_013,1,1,5,balance,,0,0.007,0.554,True,153682,286720,286720,0,2813952,,,20,263949,,1.7175010736455798
case_013,1,1,5,comm,,0,0.024,1.018,True,102984,2007040,2007040,0,4534272,,,246,263949,,2.563009787928222
case_013,3,3,5,random,,0,0.037,0.896,True,191878,5353472,5353472,0,7880704,0.004342162396873643,20480,26,263949,,1.3756084595420006
case_013,3,3,5,topo,,0,0.009,0.482,True,94136,163840,163840,0,2691072,0.011583011583011582,24576,20,263949,,2.8039113622843543
case_013,3,3,5,balance,,0,0.007,0.469,True,134397,155648,155648,0,2682880,0.013539651837524178,28672,20,263949,,1.963950088171611
case_013,3,3,5,comm,,0,0.02,0.469,True,54363,32768,32768,0,2560000,0.0,0,246,263949,,4.855305998565201
case_013,3,3,3,random,,0,0.046,0.835,True,219422,4083712,4083712,0,6610944,0.002011060834590246,8192,16,263949,,1.2029286033305684
case_013,3,3,3,topo,,0,0.014,0.54,True,161252,106496,106496,0,2633728,0.007858546168958742,16384,12,263949,,1.6368727209584997
case_013,3,3,3,balance,,0,0.012,0.534,True,161252,106496,106496,0,2633728,0.007858546168958742,16384,12,263949,,1.6368727209584997
case_013,3,3,3,comm,,0,0.033,0.456,True,88351,16384,16384,0,2543616,0.0,0,246,263949,,2.98750438591527
case_013,3,3,4,random,,0,0.051,0.947,True,198976,4898816,4898816,0,7426048,0.00228310502283105,10240,21,263949,,1.3265368687680927
case_013,3,3,4,topo,,0,0.007,0.47,True,157186,176128,176128,0,2703360,0.007714561234329798,16384,16,263949,,1.6792144338554325
case_013,3,3,4,balance,,0,0.012,0.526,True,153022,126976,126976,0,2654208,0.007804878048780488,16384,16,263949,,1.724908836637869
case_013,3,3,4,comm,,0,0.02,0.43,True,66982,24576,24576,0,2551808,0.0,0,246,263949,,3.9405959810098237
case_015,1,1,2,random,,0,0.013,0.417,True,185203,4256560,4256560,0,5141174,,,10,177362,,0.9576626728508717
case_015,1,1,2,topo,,0,0.004,0.207,True,185122,999548,999548,0,1884162,,,8,177362,,0.9580816974751786
case_015,1,1,2,balance,,0,0.007,0.246,True,183322,999548,999548,0,1884162,,,8,177362,,0.9674888993137758
case_015,1,1,2,comm,,0,0.016,0.295,True,101996,901632,901632,0,1786246,,,46,177362,,1.7389113298560728
case_015,1,1,3,random,,0,0.024,0.376,True,184653,4907868,4907868,0,5792482,,,15,177362,,0.9605151283759268
case_015,1,1,3,topo,,0,0.006,0.175,True,194538,1410684,1410684,0,2295298,,,12,177362,,0.9117087664106756
case_015,1,1,3,balance,,0,0.004,0.268,True,194538,1410684,1410684,0,2295298,,,12,177362,,0.9117087664106756
case_015,1,1,3,comm,,0,0.021,0.228,True,97232,1835688,1835688,0,2720302,,,78,177362,,1.8241114036531183
case_015,1,1,4,random,,0,0.025,0.359,True,199765,5520808,5520808,0,6405422,,,21,177362,,0.8878532275423623
case_015,1,1,4,topo,,0,0.009,0.234,True,171223,1587676,1587676,0,2472290,,,16,177362,,1.0358538280488019
case_015,1,1,4,balance,,0,0.005,0.336,True,169766,1587676,1587676,0,2472290,,,16,177362,,1.0447439416608744
case_015,1,1,4,comm,,0,0.016,0.254,True,91898,1835688,1835688,0,2720302,,,78,177362,,1.9299875949422185
case_015,1,1,5,random,,0,0.023,0.488,True,207724,6195918,6195918,0,7080532,,,27,177362,,0.853834896304712
case_015,1,1,5,topo,,0,0.008,0.258,True,213038,2042036,2042036,0,2926650,,,19,177362,,0.8325369182962664
case_015,1,1,5,balance,,0,0.008,0.245,True,210338,2042036,2042036,0,2926650,,,19,177362,,0.8432237636565908
case_015,1,1,5,comm,,0,0.01,0.213,True,70162,1835688,1835688,0,2720302,,,78,177362,,2.527892591431259
case_015,2,2,2,random,,0,0.012,0.201,True,176753,2615834,2037860,577974,3500448,,,10,177362,,1.0034454860737865
case_015,2,2,2,topo,,0,0.006,0.195,True,122123,634974,520278,114696,1519588,,,8,177362,,1.4523226583035136
case_015,2,2,2,balance,,0,0.004,0.125,True,135323,556634,523866,32768,1441248,,,8,177362,,1.310656725020876
case_015,2,2,2,comm,,0,0.014,0.195,True,94618,109824,109824,0,994438,,,46,177362,,1.8745059079667716
case_015,2,2,3,random,,0,0.018,0.269,True,164316,3564878,3409230,155648,4449492,,,15,177362,,1.0793957983397844
case_015,2,2,3,topo,,0,0.003,0.15,True,106521,936050,919666,16384,1820664,,,12,177362,,1.6650425737647976
case_015,2,2,3,balance,,0,0.003,0.134,True,109624,924278,924278,0,1808892,,,12,177362,,1.6179121360286068
case_015,2,2,3,comm,,0,0.01,0.233,True,73467,973456,973456,0,1858070,,,78,177362,,2.414172349490247
case_015,2,2,4,random,,0,0.008,0.325,True,159046,4227376,4088080,139296,5111990,,,21,177362,,1.1151616513461515
case_015,2,2,4,topo,,0,0.007,0.216,True,89104,1098990,1098990,0,1983604,,,16,177362,,1.990505476746274
case_015,2,2,4,balance,,0,0.007,0.179,True,91732,981952,981952,0,1866566,,,16,177362,,1.9334801377927004
case_015,2,2,4,comm,,0,0.01,0.307,True,74871,1181640,1181640,0,2066254,,,78,177362,,2.3689011766905743
case_015,2,2,5,random,,0,0.016,0.403,True,180528,5151300,5151300,0,6035914,,,27,177362,,0.9824625542852078
case_015,2,2,5,topo,,0,0.007,0.189,True,113300,1557954,1557954,0,2442568,,,19,177362,,1.5654192409532215
case_015,2,2,5,balance,,0,0.007,0.264,True,137196,1470882,1470882,0,2355496,,,19,177362,,1.2927636374238316
case_015,2,2,5,comm,,0,0.01,0.174,True,58227,1234088,1234088,0,2118702,,,78,177362,,3.046043931509437
case_015,3,3,2,random,,0,0.008,0.255,True,175448,2615834,2037860,577974,3500448,0.20155885740189902,505094,10,177362,,1.0109092152660617
case_015,3,3,2,topo,,0,0.008,0.282,True,121725,634974,520278,114696,1519588,0.295570683381446,433922,8,177362,,1.4570712672006572
case_015,3,3,2,balance,,0,0.004,0.206,True,135010,556634,523866,32768,1441248,0.2698871098523349,378114,8,177362,,1.3136952818309755
case_015,3,3,2,comm,,0,0.013,0.134,True,94618,109824,109824,0,994438,0.11045291892033238,109824,46,177362,,1.8745059079667716
case_015,3,3,3,random,,0,0.013,0.331,True,161183,3564878,3409230,155648,4449492,0.17802720285406992,542926,15,177362,,1.1003765905833742
case_015,3,3,3,topo,,0,0.008,0.292,True,105451,936050,919666,16384,1820664,0.36785470585084457,631814,12,177362,,1.6819375823842353
case_015,3,3,3,balance,,0,0.003,0.134,True,109545,924278,924278,0,1808892,0.340230626278733,580362,12,177362,,1.619078917339906
case_015,3,3,3,comm,,0,0.014,0.256,True,73467,973456,973456,0,1858070,0.40044007479549115,743964,78,177362,,2.414172349490247
case_015,3,3,5,random,,0,0.008,0.415,True,172569,5151300,5151300,0,6035914,0.2232856983947449,907300,27,177362,,1.0277743974873819
case_015,3,3,5,topo,,0,0.004,0.227,True,111506,1557954,1557954,0,2442568,0.47188113174570856,1047578,19,177362,,1.5906049898660162
case_015,3,3,5,balance,,0,0.004,0.248,True,136116,1470882,1470882,0,2355496,0.44494777065349134,961808,19,177362,,1.3030209527168004
case_015,3,3,5,comm,,0,0.01,0.139,True,56855,1234088,1234088,0,2118702,0.35819165196276964,758824,78,177362,,3.1195497317738106
case_015,3,3,4,random,,0,0.011,0.346,True,152342,4227376,4088080,139296,5111990,0.23633387068863448,830360,21,177362,,1.1642357327591866
case_015,3,3,4,topo,,0,0.006,0.242,True,87072,1098990,1098990,0,1983604,0.39211617157798456,739924,16,177362,,2.036957919882396
case_015,3,3,4,balance,,0,0.008,0.223,True,90956,981952,981952,0,1866566,0.36937146780105673,662860,16,177362,,1.94997581248076
case_015,3,3,4,comm,,0,0.01,0.287,True,73662,1181640,1181640,0,2066254,0.3815448238208499,788280,78,177362,,2.4077814884200808
case_016,1,1,5,random,,0,0.42,5.413,True,7766107,19399072,19399072,0,19792290,,,28,7715523,,0.9934865692682319
case_016,1,1,5,topo,,0,0.124,5.644,True,7753709,8519912,8519912,0,8913130,,,20,7715523,,0.9950751311404645
case_016,1,1,5,balance,,0,0.154,5.777,True,7752809,8519912,8519912,0,8913130,,,20,7715523,,0.9951906463837816
case_016,1,1,5,comm,,0,0.186,6.892,True,8186419,119538880,119538880,0,119932098,,,305,7715523,,0.9424783901239357
case_016,1,1,4,random,,0,0.305,5.498,True,7753611,15401324,15401324,0,15794542,,,22,7715523,,0.9950877081659113
case_016,1,1,4,topo,,0,0.149,5.811,True,7745323,6684848,6684848,0,7078066,,,16,7715523,,0.9961525168156319
case_016,1,1,4,balance,,0,0.096,6.311,True,7742623,6684848,6684848,0,7078066,,,16,7715523,,0.996499894157316
case_016,1,1,4,comm,,0,0.189,7.48,True,8186419,119538880,119538880,0,119932098,,,305,7715523,,0.9424783901239357
case_016,1,1,3,random,,0,0.321,6.405,True,7745582,11993344,11993344,0,12386562,,,17,7715523,,0.9961192070524849
case_016,1,1,3,topo,,0,0.071,6.773,True,7737438,4915344,4915344,0,5308562,,,12,7715523,,0.9971676671270258
case_016,1,1,3,balance,,0,0.099,7.016,True,7732938,4915344,4915344,0,5308562,,,12,7715523,,0.997747945218234
case_016,1,1,3,comm,,0,0.167,7.47,True,8186419,119538880,119538880,0,119932098,,,305,7715523,,0.9424783901239357
case_016,1,1,2,random,,0,0.372,7.659,True,7732708,7274608,7274608,0,7667826,,,11,7715523,,0.9977776220180563
case_016,1,1,2,topo,,0,0.112,9.108,True,7729101,3080284,3080284,0,3473502,,,8,7715523,,0.998243262702868
case_016,1,1,2,balance,,0,0.094,9.147,True,7728201,3080284,3080284,0,3473502,,,8,7715523,,0.9983595147175908
case_016,1,1,2,comm,,0,0.186,7.389,True,8186419,119538880,119538880,0,119932098,,,305,7715523,,0.9424783901239357
case_016,2,2,2,random,,0,0.306,6.993,True,7723064,3407940,2293824,1114116,3801158,,,11,7715523,,0.9990235740633511
case_016,2,2,2,topo,,0,0.08,6.412,True,7722866,720988,720988,0,1114206,,,8,7715523,,0.9990491871799925
case_016,2,2,2,balance,,0,0.131,6.595,True,7725646,655440,655440,0,1048658,,,8,7715523,,0.9986896888622647
case_016,2,2,2,comm,,0,0.265,6.511,True,7868678,394432,394432,0,787650,,,305,7715523,,0.9805361205529061
case_016,2,2,5,random,,0,0.153,4.935,True,7741117,9961812,8257868,1703944,10355030,,,28,7715523,,0.996693758794758
case_016,2,2,5,topo,,0,0.142,4.468,True,7738692,2621672,2621672,0,3014890,,,20,7715523,,0.997006083198556
case_016,2,2,5,balance,,0,0.075,4.097,True,7748181,2556128,2556128,0,2949346,,,20,7715523,,0.9957850752324965
case_016,2,2,5,comm,,0,0.152,4.662,True,7870319,1574080,1574080,0,1967298,,,305,7715523,,0.9803316739766202
case_016,2,2,4,random,,0,0.206,5.141,True,7741845,7864592,5898500,1966092,8257810,,,22,7715523,,0.9966000352629122
case_016,2,2,4,topo,,0,0.112,4.543,True,7732714,1966256,1966256,0,2359474,,,16,7715523,,0.9977768478182434
case_016,2,2,4,balance,,0,0.152,4.754,True,7728659,1769612,1769612,0,2162830,,,16,7715523,,0.9983003519756791
case_016,2,2,4,comm,,0,0.271,4.934,True,7869772,1180864,1180864,0,1574082,,,305,7715523,,0.9803998133618103
case_016,2,2,3,random,,0,0.193,5.476,True,7744317,6095056,4718788,1376268,6488274,,,17,7715523,,0.9962819187282752
case_016,2,2,3,topo,,0,0.084,5.244,True,7728157,1376400,1376400,0,1769618,,,12,7715523,,0.998365198843657
case_016,2,2,3,balance,,0,0.082,5.395,True,7722364,1114196,1114196,0,1507414,,,12,7715523,,0.9991141313722067
case_016,2,2,3,comm,,0,0.16,5.276,True,7869225,787648,787648,0,1180866,,,305,7715523,,0.9804679622199136
case_016,3,3,5,random,,0,0.194,5.015,True,7740702,9961812,8257868,1703944,10355030,0.07446603016546889,458752,28,7715523,,0.9967471942467233
case_016,3,3,5,topo,,0,0.115,4.248,True,7738569,2621672,2621672,0,3014890,0.19735922816609142,491520,20,7715523,,0.9970219300234966
case_016,3,3,5,balance,,0,0.099,4.205,True,7737204,2556128,2556128,0,2949346,0.2533217887205661,622592,20,7715523,,0.9971978249507186
case_016,3,3,5,comm,,0,0.185,5.177,True,7870319,1574080,1574080,0,1967298,0.7331066239281472,1441792,305,7715523,,0.9803316739766202
case_017,1,1,2,random,,0,0.029,0.598,True,152673,2784606,2784606,0,3428468,,,10,162810,,1.0663968088660079
case_017,1,1,2,topo,,0,0.005,0.317,True,175208,441964,441964,0,1085826,,,8,162810,,0.9292383909410529
case_017,1,1,2,balance,,0,0.009,0.343,True,172508,441964,441964,0,1085826,,,8,162810,,0.9437823173418044
case_017,1,1,2,comm,,0,0.019,0.345,True,94757,571392,571392,0,1215254,,,54,162810,,1.7181844085397384
case_017,1,1,3,random,,0,0.011,0.444,True,167993,3122230,3122230,0,3766092,,,15,162810,,0.9691475240039763
case_017,1,1,3,topo,,0,0.005,0.296,True,179726,671100,671100,0,1314962,,,12,162810,,0.905878949066913
case_017,1,1,3,balance,,0,0.006,0.323,True,177926,671100,671100,0,1314962,,,12,162810,,0.9150433326214269
case_017,1,1,3,comm,,0,0.018,0.335,True,66150,571392,571392,0,1215254,,,54,162810,,2.4612244897959186
case_017,1,1,4,random,,0,0.062,0.43,True,176796,3507710,3507710,0,4151572,,,22,162810,,0.920891875381796
case_017,1,1,4,topo,,0,0.008,0.354,True,185899,881172,881172,0,1525034,,,16,162810,,0.8757981484569578
case_017,1,1,4,balance,,0,0.005,0.343,True,182299,881172,881172,0,1525034,,,16,162810,,0.8930932149929511
case_017,1,1,4,comm,,0,0.012,0.335,True,52121,571392,571392,0,1215254,,,54,162810,,3.1236929452619866
case_016,3,3,4,random,,0,0.169,5.18,True,7740336,7864592,5898500,1966092,8257810,0.15332909082919255,753664,22,7715523,,0.9967943252075879
case_016,3,3,4,topo,,0,0.107,4.498,True,7731854,1966256,1966256,0,2359474,0.19999104857774105,393216,16,7715523,,0.9978878287148205
case_016,3,3,4,balance,,0,0.064,4.376,True,7728659,1769612,1769612,0,2162830,0.5262960650931607,983040,16,7715523,,0.9983003519756791
case_016,3,3,4,comm,,0,0.179,4.551,True,7869772,1180864,1180864,0,1574082,0.6872343454475199,1081344,305,7715523,,0.9803998133618103
case_014,2,2,2,random,,0,1.389,24.875,True,19076955,342364164,85994580,256369584,352296904,,,10,17698626,,0.9277490039684007
case_014,2,2,2,topo,,0,0.159,14.832,True,11230604,82602912,7853568,74749344,92535652,,,8,17698626,,1.5759282403689063
case_014,2,2,2,balance,,0,0.304,14.315,True,13224814,83263392,7873536,75389856,93196132,,,8,17698626,,1.3382892190392999
case_014,2,2,2,comm,,0,0.354,14.784,True,9857727,58347936,2096640,56251296,68280676,,,69,17698626,,1.795406385265082
case_017,2,2,2,random,,0,0.026,0.409,True,144029,1240278,1029222,211056,1884140,,,10,162810,,1.1303973505335732
case_017,2,2,2,topo,,0,0.005,0.296,True,92056,308824,308824,0,952686,,,8,162810,,1.7685973755105588
case_017,2,2,2,balance,,0,0.01,0.204,True,109547,257040,193536,63504,900902,,,8,162810,,1.4862113978474993
case_017,2,2,2,comm,,0,0.011,0.274,True,83165,81792,81792,0,725654,,,54,162810,,1.95767450249504
case_017,1,1,5,random,,0,0.014,0.642,True,184449,3774458,3774458,0,4418320,,,28,162810,,0.8826830180700356
case_017,1,1,5,topo,,0,0.01,0.303,True,189234,950940,950940,0,1594802,,,19,162810,,0.8603633596499572
case_017,1,1,5,balance,,0,0.008,0.397,True,187434,950940,950940,0,1594802,,,19,162810,,0.8686257562662058
case_017,1,1,5,comm,,0,0.011,0.287,True,43371,571392,571392,0,1215254,,,54,162810,,3.7538908487238016
case_017,2,2,3,random,,0,0.023,0.49,True,129875,1971844,1961604,10240,2615706,,,15,162810,,1.253589990375361
case_017,2,2,3,topo,,0,0.01,0.234,True,86570,513406,513406,0,1157268,,,12,162810,,1.8806745985907358
case_017,2,2,3,balance,,0,0.005,0.262,True,92166,336966,336966,0,980828,,,12,162810,,1.7664865568647874
case_017,2,2,3,comm,,0,0.011,0.235,True,58159,163584,163584,0,807446,,,54,162810,,2.7993947626334705
case_016,3,3,3,random,,0,0.328,5.268,True,7741752,6095056,4718788,1376268,6488274,0.05128066020511429,196608,17,7715523,,0.9966120072045708
case_016,3,3,3,topo,,0,0.154,5.165,True,7728157,1376400,1376400,0,1769618,0.3333170580863565,491520,12,7715523,,0.998365198843657
case_016,3,3,3,balance,,0,0.065,5.17,True,7722364,1114196,1114196,0,1507414,0.317063258728871,425984,12,7715523,,0.9991141313722067
case_016,3,3,3,comm,,0,0.209,5.174,True,7869225,787648,787648,0,1180866,0.6107963018192664,720896,305,7715523,,0.9804679622199136
case_014,2,2,5,random,,0,1.274,28.973,True,17388587,397942460,261656924,136285536,407875200,,,28,17698626,,1.017830028397362
case_014,2,2,5,topo,,0,0.184,13.776,True,12295957,86779300,26280964,60498336,96712040,,,20,17698626,,1.4393858078716444
case_014,2,2,5,balance,,0,0.147,12.811,True,13653039,86169504,22703616,63465888,96102244,,,20,17698626,,1.296314029425976
case_014,2,2,5,comm,,0,0.37,15.587,True,3903618,90863520,31047168,59816352,100796260,,,1335,17698626,,4.5339031636804625
case_014,2,2,4,random,,0,1.321,27.678,True,17555446,386398624,255133312,131265312,396331364,,,22,17698626,,1.0081558736815914
case_014,2,2,4,topo,,0,0.304,14.097,True,12219977,87129504,21408768,65720736,97062244,,,16,17698626,,1.4483354592238595
case_014,2,2,4,balance,,0,0.149,13.041,True,12691855,86169504,20548608,65620896,96102244,,,16,17698626,,1.3944869367007424
case_014,2,2,4,comm,,0,0.437,16.022,True,4721163,86161824,23348736,62813088,96094564,,,1335,17698626,,3.748785203984696
case_017,2,2,4,random,,0,0.011,0.441,True,139070,2725130,2725130,0,3368992,,,22,162810,,1.1707054001581938
case_017,2,2,4,topo,,0,0.009,0.235,True,85663,715318,715318,0,1359180,,,16,162810,,1.9005871846654916
case_017,2,2,4,balance,,0,0.009,0.338,True,90708,583176,583176,0,1227038,,,16,162810,,1.7948802751686732
case_017,2,2,4,comm,,0,0.015,0.233,True,44670,245376,245376,0,889238,,,54,162810,,3.6447280053727336
case_017,2,2,5,random,,0,0.011,0.452,True,123664,3083022,3083022,0,3726884,,,28,162810,,1.3165513002975806
case_017,2,2,5,topo,,0,0.005,0.296,True,88751,797388,797388,0,1441250,,,19,162810,,1.8344582032878503
case_017,2,2,5,balance,,0,0.005,0.231,True,97799,652932,652932,0,1296794,,,19,162810,,1.6647409482714548
case_017,2,2,5,comm,,0,0.022,0.31,True,37153,327168,327168,0,971030,,,54,162810,,4.382149489946976
case_017,3,3,2,random,,0,0.012,0.413,True,143528,1240278,1029222,211056,1884140,0.230562341571003,301066,10,162810,,1.1343431246864724
case_017,3,3,2,topo,,0,0.009,0.202,True,92056,308824,308824,0,952686,0.24784706746321147,195072,8,162810,,1.7685973755105588
case_017,3,3,2,balance,,0,0.005,0.326,True,108479,257040,193536,63504,900902,0.2049623079898406,151552,8,162810,,1.5008434812267812
case_017,3,3,2,comm,,0,0.019,0.217,True,83165,81792,81792,0,725654,0.013071598774537615,8064,54,162810,,1.95767450249504
case_017,3,3,3,random,,0,0.015,0.388,True,129050,1971844,1961604,10240,2615706,0.2249254403499823,391570,15,162810,,1.2616040294459512
case_017,3,3,3,topo,,0,0.01,0.299,True,86560,513406,513406,0,1157268,0.3493048592102767,335114,12,162810,,1.8808918669131238
case_017,3,3,3,balance,,0,0.009,0.296,True,92156,336966,336966,0,980828,0.16395571367697007,130050,12,162810,,1.7666782412431095
case_017,3,3,3,comm,,0,0.014,0.298,True,58159,163584,163584,0,807446,0.023082802110198624,16128,54,162810,,2.7993947626334705
case_014,3,3,2,random,,0,1.311,25.983,True,19076297,342364164,85994580,256369584,352296904,0.009799747695840437,2211840,10,17698626,,0.9277810048774141
case_014,3,3,2,topo,,0,0.173,15.798,True,11216434,82602912,7853568,74749344,92535652,0.10108152051490633,9337344,8,17698626,,1.5779191497047993
case_014,3,3,2,balance,,0,0.289,15.055,True,13207080,83263392,7873536,75389856,93196132,0.10611186843316874,9873408,8,17698626,,1.3400862264785252
case_014,3,3,2,comm,,0,0.222,15.139,True,9844486,58347936,2096640,56251296,68280676,0.21810286101745463,14883840,69,17698626,,1.7978212371880056
case_017,3,3,5,random,,0,0.029,0.524,True,119353,3083022,3083022,0,3726884,0.28113578973313463,688930,28,162810,,1.3641047983712182
case_017,3,3,5,topo,,0,0.009,0.264,True,86719,797388,797388,0,1441250,0.45458807835937937,550708,19,162810,,1.8774432361996793
case_017,3,3,5,balance,,0,0.005,0.253,True,96821,652932,652932,0,1296794,0.37489056726959774,404240,19,162810,,1.6815566870823477
case_017,3,3,5,comm,,0,0.012,0.198,True,37153,327168,327168,0,971030,0.03473557497164514,29952,54,162810,,4.382149489946976
case_017,3,3,4,random,,0,0.023,0.441,True,137069,2725130,2725130,0,3368992,0.2981058316095958,659772,22,162810,,1.1877959275985088
case_017,3,3,4,topo,,0,0.009,0.261,True,85024,715318,715318,0,1359180,0.4093750055534921,460718,16,162810,,1.914871095220173
case_017,3,3,4,balance,,0,0.005,0.281,True,89877,583176,583176,0,1227038,0.3797207854697119,387480,16,162810,,1.8114756834340264
case_017,3,3,4,comm,,0,0.021,0.29,True,44670,245376,245376,0,889238,0.030995753971202855,24192,54,162810,,3.6447280053727336
case_014,2,2,3,random,,0,1.364,27.01,True,18720173,367402740,204499692,162903048,377335480,,,16,17698626,,0.9454306859236824
case_014,2,2,3,topo,,0,0.249,14.574,True,10040385,86333856,15501312,70832544,96266596,,,12,17698626,,1.762743759327954
case_014,2,2,3,balance,,0,0.199,13.187,True,13763532,84274080,15465984,68808096,94206820,,,12,17698626,,1.285907280195229
case_014,2,2,3,comm,,0,0.458,17.787,True,6114150,81195936,15599616,65596320,91128676,,,1335,17698626,,2.894699344962096
case_014,3,3,5,random,,0,1.425,29.233,True,17385182,397942460,261656924,136285536,407875200,0.009250161942109711,2403360,28,17698626,,1.0180293769717221
case_014,3,3,5,topo,,0,0.198,14.342,True,12248300,86779300,26280964,60498336,96712040,0.1335713334155002,12864000,20,17698626,,1.4449863246328063
case_014,3,3,5,balance,,0,0.291,13.456,True,13609066,86169504,22703616,63465888,96102244,0.10852301518232048,10387968,20,17698626,,1.3005026208264403
case_014,3,3,5,comm,,0,0.374,16.019,True,3857338,90863520,31047168,59816352,100796260,0.3348751680761842,33741312,1335,17698626,,4.588300532647126
case_016,3,3,2,random,,0,0.25,7.0,True,7723064,3407940,2293824,1114116,3801158,0.02857100506845863,65536,11,7715523,,0.9990235740633511
case_016,3,3,2,topo,,0,0.09,6.299,True,7722866,720988,720988,0,1114206,0.06896217897587965,65536,8,7715523,,0.9990491871799925
case_016,3,3,2,balance,,0,0.103,6.496,True,7725231,655440,655440,0,1048658,0.4285527451544558,393216,8,7715523,,0.9987433385487113
case_016,3,3,2,comm,,0,0.194,6.517,True,7868678,394432,394432,0,787650,0.45797926407806466,360448,305,7715523,,0.9805361205529061
case_018,2,2,2,random,,0,0.031,0.994,True,1059563,12727784,4985320,7742464,14320632,,,11,1004367,,0.9479068257385356
case_018,2,2,2,topo,,0,0.01,0.513,True,677797,3543040,1605632,1937408,5135888,,,8,1004367,,1.4818109256901402
case_018,2,2,2,balance,,0,0.009,0.513,True,677797,3543040,1605632,1937408,5135888,,,8,1004367,,1.4818109256901402
case_018,2,2,2,comm,,0,0.033,0.546,True,512813,3453952,1287168,2166784,5046800,,,123,1004367,,1.95854434267462
case_018,1,1,2,random,,0,0.113,1.441,True,1078223,16433732,16433732,0,18026580,,,11,1004367,,0.9315021104168618
case_018,1,1,2,topo,,0,0.012,0.916,True,1006674,5132288,5132288,0,6725136,,,8,1004367,,0.9977082948402363
case_018,1,1,2,balance,,0,0.02,0.916,True,1006674,5132288,5132288,0,6725136,,,8,1004367,,0.9977082948402363
case_018,1,1,2,comm,,0,0.024,0.917,True,530055,10067712,10067712,0,11660560,,,123,1004367,,1.8948354416051165
case_014,3,3,4,random,,0,1.437,30.035,True,17553088,386398624,255133312,131265312,396331364,0.008953791915701888,2256384,22,17698626,,1.008291304641098
case_014,3,3,4,topo,,0,0.236,14.305,True,12170758,87129504,21408768,65720736,97062244,0.11170321436187022,10799616,16,17698626,,1.4541925819246426
case_014,3,3,4,balance,,0,0.18,13.14,True,12685468,86169504,20548608,65620896,96102244,0.09061503278642079,8673792,16,17698626,,1.3951890462377896
case_014,3,3,4,comm,,0,0.414,17.097,True,4688149,86161824,23348736,62813088,96094564,0.3316139229515926,31853568,1335,17698626,,3.775184193164509
case_018,1,1,5,random,,0,0.056,1.578,True,1029021,21461220,21461220,0,23054068,,,25,1004367,,0.9760413052794841
case_018,1,1,5,topo,,0,0.009,0.873,True,1021685,8138752,8138752,0,9731600,,,20,1004367,,0.9830495700729677
case_018,1,1,5,balance,,0,0.014,1.014,True,1018985,8138752,8138752,0,9731600,,,20,1004367,,0.9856543521249086
case_018,1,1,5,comm,,0,0.045,1.146,True,226752,10067712,10067712,0,11660560,,,123,1004367,,4.429363357324301
case_018,2,2,5,random,,0,0.047,1.115,True,684113,16112192,14846912,1265280,17705040,,,25,1004367,,1.4681302650293153
case_018,2,2,5,topo,,0,0.087,0.608,True,648057,5332992,5271552,61440,6925840,,,20,1004367,,1.5498127479527264
case_018,2,2,5,balance,,0,0.009,0.839,True,666977,5017600,4980736,36864,6610448,,,20,1004367,,1.5058495270451604
case_018,2,2,5,comm,,0,0.042,0.658,True,218898,5091328,4456448,634880,6684176,,,123,1004367,,4.588287695639065
case_019,1,1,2,random,,0,0.007,0.217,True,78226,1803048,1803048,0,1990032,,,12,81144,,1.037302175747194
case_019,1,1,2,topo,,0,0.004,0.11,True,89988,181512,181512,0,368496,,,8,81144,,0.9017202293639152
case_019,1,1,2,balance,,0,0.003,0.103,True,84588,181512,181512,0,368496,,,8,81144,,0.9592850049652433
case_019,1,1,2,comm,,0,0.011,0.192,True,119833,1044100,1044100,0,1231084,,,110,81144,,0.6771423564460541
case_018,2,2,3,random,,0,0.046,1.076,True,1043989,12713012,7799852,4913160,14305860,,,16,1004367,,0.9620474928375682
case_018,2,2,3,topo,,0,0.017,0.564,True,643221,4354048,3153920,1200128,5946896,,,12,1004367,,1.5614648775459756
case_018,2,2,3,balance,,0,0.011,0.613,True,737622,4124672,2809856,1314816,5717520,,,12,1004367,,1.3616283136891254
case_018,2,2,3,comm,,0,0.028,0.82,True,353867,3741696,2414592,1327104,5334544,,,123,1004367,,2.8382612676514056
case_018,1,1,3,random,,0,0.06,1.477,True,1094849,18579296,18579296,0,20172144,,,16,1004367,,0.9173566400480797
case_018,1,1,3,topo,,0,0.011,0.814,True,1011774,6717440,6717440,0,8310288,,,12,1004367,,0.9926791951562305
case_018,1,1,3,balance,,0,0.065,0.811,True,1009974,6717440,6717440,0,8310288,,,12,1004367,,0.9944483719382875
case_018,1,1,3,comm,,0,0.031,1.075,True,363710,10067712,10067712,0,11660560,,,123,1004367,,2.761450056363586
case_014,3,3,3,random,,0,1.465,27.954,True,18718735,367402740,204499692,162903048,377335480,0.004363872898090658,1044480,16,17698626,,0.9455033152614213
case_014,3,3,3,topo,,0,0.191,14.345,True,10009886,86333856,15501312,70832544,96266596,0.11177563591637148,10719744,12,17698626,,1.7681146418650522
case_014,3,3,3,balance,,0,0.186,14.286,True,13737025,84274080,15465984,68808096,94206820,0.1023029986922189,9603072,12,17698626,,1.2883885703054336
case_014,3,3,3,comm,,0,0.354,18.761,True,6095878,81195936,15599616,65596320,91128676,0.2708436911874784,24671232,1335,17698626,,2.9033760190082543
case_018,1,1,4,random,,0,0.032,1.592,True,912937,20333168,20333168,0,21926016,,,20,1004367,,1.1001492983634138
case_018,1,1,4,topo,,0,0.016,0.764,True,1017026,7585792,7585792,0,9178640,,,16,1004367,,0.9875529239173827
case_018,1,1,4,balance,,0,0.011,0.822,True,1013426,7585792,7585792,0,9178640,,,16,1004367,,0.9910610148150926
case_018,1,1,4,comm,,0,0.024,1.106,True,275471,10067712,10067712,0,11660560,,,123,1004367,,3.6459990343811146
case_018,2,2,4,random,,0,0.039,1.222,True,621299,14799068,12969948,1829120,16391916,,,20,1004367,,1.6165598206338656
case_018,2,2,4,topo,,0,0.009,0.616,True,607440,4837376,4218880,618496,6430224,,,16,1004367,,1.653442315290399
case_018,2,2,4,balance,,0,0.019,0.72,True,675010,4308992,3842048,466944,5901840,,,16,1004367,,1.4879290677175152
case_018,2,2,4,comm,,0,0.055,0.81,True,274346,5176320,3595264,1581056,6769168,,,123,1004367,,3.6609500411888636
case_018,3,3,2,random,,0,0.03,0.947,True,1057589,12727784,4985320,7742464,14320632,0.142125989215814,1352704,11,1004367,,0.9496761029095424
case_018,3,3,2,topo,,0,0.012,0.583,True,673256,3543040,1605632,1937408,5135888,0.4728882681429407,2351104,8,1004367,,1.4918054944924368
case_018,3,3,2,balance,,0,0.021,0.583,True,673256,3543040,1605632,1937408,5135888,0.4728882681429407,2351104,8,1004367,,1.4918054944924368
case_018,3,3,2,comm,,0,0.052,0.85,True,511676,3453952,1287168,2166784,5046800,0.452288574288801,2282496,123,1004367,,1.9628964422798802
case_019,2,2,2,random,,0,0.011,0.126,True,69357,418968,386200,32768,605952,,,12,81144,,1.169946797006791
case_019,2,2,2,topo,,0,0.004,0.104,True,44718,124164,124164,0,311148,,,8,81144,,1.8145713135650074
case_019,2,2,2,balance,,0,0.004,0.301,True,74741,40964,40964,0,227948,,,8,81144,,1.08566917755984
case_019,2,2,2,comm,,0,0.013,0.16,True,84218,517412,517412,0,704396,,,110,81144,,0.9634994894203139
case_019,1,1,5,random,,0,0.008,0.286,True,94590,2555176,2555176,0,2742160,,,29,81144,,0.8578496669838249
case_019,1,1,5,topo,,0,0.003,0.121,True,103538,351500,351500,0,538484,,,20,81144,,0.7837122602329579
case_019,1,1,5,balance,,0,0.003,0.123,True,99938,351500,351500,0,538484,,,20,81144,,0.8119434049110449
case_019,1,1,5,comm,,0,0.011,0.188,True,74762,1062532,1062532,0,1249516,,,112,81144,,1.0853642224659585
case_019,1,1,4,random,,0,0.011,0.254,True,90942,2433804,2433804,0,2620788,,,24,81144,,0.8922610015174507
case_019,1,1,4,topo,,0,0.005,0.119,True,98806,297236,297236,0,484220,,,16,81144,,0.8212456733396757
case_019,1,1,4,balance,,0,0.004,0.148,True,95206,297236,297236,0,484220,,,16,81144,,0.8522992248387706
case_019,1,1,4,comm,,0,0.01,0.211,True,84273,1062532,1062532,0,1249516,,,112,81144,,0.9628706703214552
case_019,2,2,3,random,,0,0.012,0.295,True,69728,1352032,1352032,0,1539016,,,18,81144,,1.163721890775585
case_019,2,2,3,topo,,0,0.004,0.13,True,38423,157448,157448,0,344432,,,12,81144,,2.1118600838039714
case_019,2,2,3,balance,,0,0.004,0.126,True,43887,154892,154892,0,341876,,,12,81144,,1.8489302071228382
case_019,2,2,3,comm,,0,0.013,0.141,True,61240,687428,687428,0,874412,,,111,81144,,1.3250163291966035
case_019,1,1,3,random,,0,0.01,0.233,True,84403,2219644,2219644,0,2406628,,,18,81144,,0.961387628401834
case_019,1,1,3,topo,,0,0.004,0.131,True,93922,231180,231180,0,418164,,,12,81144,,0.8639509380123933
case_019,1,1,3,balance,,0,0.004,0.282,True,93022,231180,231180,0,418164,,,12,81144,,0.8723097761819785
case_019,1,1,3,comm,,0,0.012,0.23,True,106981,1057924,1057924,0,1244908,,,111,81144,,0.7584898252960807
case_019,2,2,4,random,,0,0.009,0.223,True,66446,1745120,1745120,0,1932104,,,24,81144,,1.2212021792131957
case_019,2,2,4,topo,,0,0.005,0.28,True,42712,223504,223504,0,410488,,,16,81144,,1.8997939689080352
case_019,2,2,4,balance,,0,0.003,0.125,True,54811,159504,159504,0,346488,,,16,81144,,1.4804327598474758
case_019,2,2,4,comm,,0,0.013,0.166,True,59401,781412,781412,0,968396,,,112,81144,,1.3660376087944648
case_019,2,2,5,random,,0,0.016,0.258,True,65731,1969000,1969000,0,2155984,,,29,81144,,1.234486011166725
case_019,2,2,5,topo,,0,0.004,0.113,True,38853,261384,261384,0,448368,,,20,81144,,2.08848737549224
case_019,2,2,5,balance,,0,0.003,0.102,True,40856,211972,211972,0,398956,,,20,81144,,1.986097513217153
case_019,2,2,5,comm,,0,0.01,0.133,True,54292,880260,880260,0,1067244,,,112,81144,,1.4945848375451263
case_019,3,3,2,random,,0,0.013,0.352,True,69322,418968,386200,32768,605952,0.09890453834115806,40448,12,81144,,1.170537491705375
case_019,3,3,2,topo,,0,0.004,0.124,True,44477,124164,124164,0,311148,0.13916154551973536,36096,8,81144,,1.8244036243451671
case_019,3,3,2,balance,,0,0.004,0.12,True,74675,40964,40964,0,227948,0.07727499976417541,16384,8,81144,,1.086628724472715
case_019,3,3,2,comm,,0,0.012,0.167,True,84177,517412,517412,0,704396,0.09207700383799396,42272,110,81144,,0.9639687800705656
case_019,3,3,3,random,,0,0.015,0.2,True,69405,1352032,1352032,0,1539016,0.18060376157482075,167968,18,81144,,1.1691376701966718
case_019,3,3,3,topo,,0,0.004,0.269,True,38245,157448,157448,0,344432,0.10924863579124108,31232,12,81144,,2.1216891096875408
case_019,3,3,3,balance,,0,0.003,0.126,True,43887,154892,154892,0,341876,0.0643588902002137,18432,12,81144,,1.8489302071228382
case_019,3,3,3,comm,,0,0.012,0.143,True,60781,687428,687428,0,874412,0.24174659420365155,139584,111,81144,,1.3350224576759184
case_019,3,3,4,random,,0,0.008,0.229,True,65416,1745120,1745120,0,1932104,0.19114635299060023,218400,24,81144,,1.2404304757245934
case_019,3,3,4,topo,,0,0.004,0.152,True,42416,223504,223504,0,410488,0.09577254021698466,31744,16,81144,,1.9130516786118446
case_019,3,3,4,balance,,0,0.005,0.113,True,54701,159504,159504,0,346488,0.056842437004884894,15872,16,81144,,1.483409809692693
case_019,3,3,4,comm,,0,0.013,0.178,True,59092,781412,781412,0,968396,0.26046476156581366,163936,112,81144,,1.373180802815948
case_019,3,3,5,random,,0,0.006,0.221,True,63831,1969000,1969000,0,2155984,0.2498247386869612,316448,29,81144,,1.2712318465949146
case_019,3,3,5,topo,,0,0.005,0.153,True,38583,261384,261384,0,448368,0.1081104952856228,39168,20,81144,,2.1031024026125498
case_019,3,3,5,balance,,0,0.006,0.13,True,40774,211972,211972,0,398956,0.08883964176778224,29184,20,81144,,1.9900917251189483
case_019,3,3,5,comm,,0,0.014,0.191,True,53845,880260,880260,0,1067244,0.3412260317794439,246400,112,81144,,1.5069922926919863
case_018,3,3,3,random,,0,0.031,1.049,True,1042034,12713012,7799852,4913160,14305860,0.14491803346420298,1403008,16,1004367,,0.9638524270801144
case_018,3,3,3,topo,,0,0.017,0.845,True,641298,4354048,3153920,1200128,5946896,0.4730950402956844,2658304,12,1004367,,1.566147095422097
case_018,3,3,3,balance,,0,0.021,0.814,True,737202,4124672,2809856,1314816,5717520,0.3852983324126778,2117632,12,1004367,,1.3624040629298346
case_018,3,3,3,comm,,0,0.048,0.782,True,353378,3741696,2414592,1327104,5334544,0.5586195881290338,2979840,123,1004367,,2.842188817640034
case_018,3,3,5,random,,0,0.025,1.593,True,680546,16112192,14846912,1265280,17705040,0.22438541404735723,2630656,25,1004367,,1.4758252932204436
case_018,3,3,5,topo,,0,0.019,0.948,True,646956,5332992,5271552,61440,6925840,0.46183715885543514,2969600,20,1004367,,1.5524502439114871
case_018,3,3,5,balance,,0,0.022,1.003,True,665946,5017600,4980736,36864,6610448,0.5020366801887733,3121152,20,1004367,,1.5081808434918147
case_018,3,3,5,comm,,0,0.052,0.604,True,218535,5091328,4456448,634880,6684176,0.6146521115440571,4108288,123,1004367,,4.595909122108587
case_018,3,3,4,random,,0,0.04,1.501,True,615332,14799068,12969948,1829120,16391916,0.2351878751866383,2601216,20,1004367,,1.6322359311721153
case_018,3,3,4,topo,,0,0.018,0.735,True,605995,4837376,4218880,618496,6430224,0.51805472212921,3125248,16,1004367,,1.6573849619221281
case_018,3,3,4,balance,,0,0.022,0.969,True,673623,4308992,3842048,466944,5901840,0.4278995202674372,2404352,16,1004367,,1.4909927362931492
case_018,3,3,4,comm,,0,0.044,0.871,True,271989,5176320,3595264,1581056,6769168,0.6007319340349326,4066304,123,1004367,,3.6926750714183294
case_020,2,2,2,random,,0,0.134,4.031,True,801613,37351424,15601664,21749760,39710720,,,12,532746,,0.6645925153409438
case_020,2,2,2,topo,,0,0.055,1.716,True,269809,139264,139264,0,2498560,,,8,532746,,1.9745301305738503
case_020,2,2,2,balance,,0,0.045,1.716,True,269809,139264,139264,0,2498560,,,8,532746,,1.9745301305738503
case_020,2,2,2,comm,,0,0.059,1.07,True,266580,0,0,0,2359296,,,288,532746,,1.9984469952734638
case_020,2,2,3,random,,0,0.144,4.357,True,833834,43556864,30826496,12730368,45916160,,,17,532746,,0.6389113420656869
case_020,2,2,3,topo,,0,0.04,1.641,True,183208,245760,245760,0,2605056,,,12,532746,,2.9078752019562466
case_020,2,2,3,balance,,0,0.048,1.641,True,183208,245760,245760,0,2605056,,,12,532746,,2.9078752019562466
case_020,2,2,3,comm,,0,0.064,1.121,True,177950,0,0,0,2359296,,,288,532746,,2.993796010115201
case_020,3,3,2,random,,0,0.14,3.965,True,784586,37351424,15601664,21749760,39710720,0.056667256950593235,1310720,12,532746,,0.6790154297935471
case_020,3,3,2,topo,,0,0.054,1.936,True,269809,139264,139264,0,2498560,0.01948051948051948,24576,8,532746,,1.9745301305738503
case_020,3,3,2,balance,,0,0.045,1.936,True,269809,139264,139264,0,2498560,0.01948051948051948,24576,8,532746,,1.9745301305738503
case_020,3,3,2,comm,,0,0.054,1.061,True,266580,0,0,0,2359296,0.0,0,288,532746,,1.9984469952734638
case_020,2,2,4,random,,0,0.336,4.505,True,880630,45846528,33271808,12574720,48205824,,,22,532746,,0.6049600853934115
case_020,2,2,4,topo,,0,0.052,1.706,True,141833,335872,335872,0,2695168,,,16,532746,,3.756149838189984
case_020,2,2,4,balance,,0,0.041,1.706,True,141833,335872,335872,0,2695168,,,16,532746,,3.756149838189984
case_020,2,2,4,comm,,0,0.053,1.019,True,133704,0,0,0,2359296,,,288,532746,,3.984518039849219
case_020,3,3,3,random,,0,0.271,4.282,True,814060,43556864,30826496,12730368,45916160,0.05196431366411019,1359872,17,532746,,0.6544308773309093
case_020,3,3,3,topo,,0,0.165,1.663,True,183208,245760,245760,0,2605056,0.030959752321981424,40960,12,532746,,2.9078752019562466
case_020,3,3,3,balance,,0,0.047,1.663,True,183208,245760,245760,0,2605056,0.030959752321981424,40960,12,532746,,2.9078752019562466
case_020,3,3,3,comm,,0,0.057,1.187,True,177950,0,0,0,2359296,0.0,0,288,532746,,2.993796010115201
case_020,1,1,4,random,,0,0.162,5.808,True,851911,45457408,45023232,434176,47816704,,,22,532746,,0.6253540569378726
case_020,1,1,4,topo,,0,0.048,2.018,True,445900,335872,335872,0,2695168,,,16,532746,,1.1947656425207445
case_020,1,1,4,balance,,0,0.043,2.018,True,445900,335872,335872,0,2695168,,,16,532746,,1.1947656425207445
case_020,1,1,4,comm,,0,0.055,1.923,True,179996,0,0,0,2359296,,,288,532746,,2.959765772572724
case_020,3,3,4,random,,0,0.15,4.433,True,862549,45846528,33271808,12574720,48205824,0.043660915228807204,1191936,22,532746,,0.6176414325447018
case_020,3,3,4,topo,,0,0.187,1.648,True,141763,335872,335872,0,2695168,0.041666666666666664,57344,16,532746,,3.758004556901307
case_020,3,3,4,balance,,0,0.05,1.648,True,141763,335872,335872,0,2695168,0.041666666666666664,57344,16,532746,,3.758004556901307
case_020,3,3,4,comm,,0,0.06,1.03,True,133704,0,0,0,2359296,0.0,0,288,532746,,3.984518039849219
case_020,1,1,3,random,,0,0.242,6.002,True,819031,42188800,41222144,966656,44548096,,,17,532746,,0.6504588959392258
case_020,1,1,3,topo,,0,0.045,2.146,True,453637,245760,245760,0,2605056,,,12,532746,,1.1743883325213773
case_020,1,1,3,balance,,0,0.055,2.146,True,453637,245760,245760,0,2605056,,,12,532746,,1.1743883325213773
case_020,1,1,3,comm,,0,0.065,2.15,True,226780,0,0,0,2359296,,,288,532746,,2.349175412293853
case_020,2,2,5,random,,0,0.137,4.652,True,908832,48787456,37990400,10797056,51146752,,,27,532746,,0.5861875462131615
case_020,2,2,5,topo,,0,0.04,1.71,True,115749,458752,458752,0,2818048,,,20,532746,,4.602596998678174
case_020,2,2,5,balance,,0,0.052,1.71,True,115749,458752,458752,0,2818048,,,20,532746,,4.602596998678174
case_020,2,2,5,comm,,0,0.057,1.302,True,107954,0,0,0,2359296,,,288,532746,,4.934935250199159
case_020,1,1,2,random,,0,0.167,6.163,True,767446,37154816,35323904,1830912,39514112,,,12,532746,,0.6941804374509738
case_020,1,1,2,topo,,0,0.055,2.615,True,472360,139264,139264,0,2498560,,,8,532746,,1.1278389364044372
case_020,1,1,2,balance,,0,0.046,2.615,True,472360,139264,139264,0,2498560,,,8,532746,,1.1278389364044372
case_020,1,1,2,comm,,0,0.056,2.036,True,320348,0,0,0,2359296,,,288,532746,,1.6630227127998303
case_020,3,3,5,random,,0,0.168,4.731,True,887187,48787456,37990400,10797056,51146752,0.049928469241773965,1429504,27,532746,,0.6004889611772941
case_020,3,3,5,topo,,0,0.044,1.7,True,115658,458752,458752,0,2818048,0.045454545454545456,65536,20,532746,,4.606218333362154
case_020,3,3,5,balance,,0,0.043,1.7,True,115658,458752,458752,0,2818048,0.045454545454545456,65536,20,532746,,4.606218333362154
case_020,3,3,5,comm,,0,0.063,1.448,True,107954,0,0,0,2359296,0.0,0,288,532746,,4.934935250199159
case_020,1,1,5,random,,0,0.349,5.297,True,885101,47955968,47771648,184320,50315264,,,27,532746,,0.601904189465383
case_020,1,1,5,topo,,0,0.234,1.907,True,442467,458752,458752,0,2818048,,,20,532746,,1.2040355551939466
case_020,1,1,5,balance,,0,0.048,1.907,True,442467,458752,458752,0,2818048,,,20,532746,,1.2040355551939466
case_020,1,1,5,comm,,0,0.057,2.755,True,151907,0,0,0,2359296,,,288,532746,,3.5070536578301197
case_021,2,2,2,random,,0,0.238,2.754,True,6438954,78342144,25026560,53315584,81680384,,,12,6567937,,1.0200316697401473
case_021,2,2,2,topo,,0,0.026,1.344,True,3215396,5017600,1740800,3276800,8355840,,,8,6567937,,2.0426526001773966
case_021,2,2,2,balance,,0,0.025,1.344,True,3215396,5017600,1740800,3276800,8355840,,,8,6567937,,2.0426526001773966
case_021,2,2,2,comm,,0,0.053,1.291,True,3268622,4702208,819200,3883008,8040448,,,10,6567937,,2.0093901956237215
case_021,1,1,2,random,,0,0.08,4.392,True,6570686,83804160,83795968,8192,87142400,,,12,6567937,,0.9995816266368535
case_021,1,1,2,topo,,0,0.025,1.752,True,3102580,6656000,6656000,0,9994240,,,8,6567937,,2.1169275248341703
case_021,1,1,2,balance,,0,0.024,1.752,True,3102580,6656000,6656000,0,9994240,,,8,6567937,,2.1169275248341703
case_021,1,1,2,comm,,0,0.056,1.364,True,3104250,7372800,7372800,0,10711040,,,10,6567937,,2.1157886768140455
case_021,1,1,5,random,,0,0.082,4.059,True,5884048,97978368,97978368,0,101316608,,,30,6567937,,1.116227637843879
case_021,1,1,5,topo,,0,0.03,1.214,True,1249504,8908800,8908800,0,12247040,,,20,6567937,,5.256435353548288
case_021,1,1,5,balance,,0,0.023,1.214,True,1249504,8908800,8908800,0,12247040,,,20,6567937,,5.256435353548288
case_021,1,1,5,comm,,0,0.218,1.299,True,1283116,18124800,18124800,0,21463040,,,80,6567937,,5.11873984893026
case_021,1,1,4,random,,0,0.075,3.788,True,6226144,95332352,95332352,0,98670592,,,24,6567937,,1.0548964174294715
case_021,1,1,4,topo,,0,0.024,1.763,True,1557596,9523200,9523200,0,12861440,,,16,6567937,,4.216714090174859
case_021,1,1,4,balance,,0,0.022,1.763,True,1557596,9523200,9523200,0,12861440,,,16,6567937,,4.216714090174859
case_021,1,1,4,comm,,0,0.059,1.321,True,1596380,18124800,18124800,0,21463040,,,80,6567937,,4.114269158972174
case_021,2,2,4,random,,0,0.095,2.999,True,5770953,85970944,65191936,20779008,89309184,,,24,6567937,,1.1381026669252028
case_021,2,2,4,topo,,0,0.026,1.384,True,1588859,6635520,4608000,2027520,9973760,,,16,6567937,,4.133744404003124
case_021,2,2,4,balance,,0,0.022,1.384,True,1588859,6635520,4608000,2027520,9973760,,,16,6567937,,4.133744404003124
case_021,2,2,4,comm,,0,0.061,0.912,True,1550324,4608000,4608000,0,7946240,,,80,6567937,,4.236493145948847
case_021,2,2,5,random,,0,0.101,3.008,True,4354391,88125440,76249088,11876352,91463680,,,30,6567937,,1.5083480100891262
case_021,2,2,5,topo,,0,0.028,1.23,True,1271102,6840320,4812800,2027520,10178560,,,20,6567937,,5.167120341247201
case_021,2,2,5,balance,,0,0.021,1.23,True,1271102,6840320,4812800,2027520,10178560,,,20,6567937,,5.167120341247201
case_021,2,2,5,comm,,0,0.053,1.162,True,1250168,11431936,9420800,2011136,14770176,,,80,6567937,,5.253643510312214
case_022,1,1,2,random,,0,0.025,0.652,True,62284,2127324,2127324,0,2341010,,,11,56780,,0.9116305953374864
case_022,1,1,2,topo,,0,0.007,0.284,True,64108,116840,116840,0,330526,,,8,56780,,0.885692893242653
case_022,1,1,2,balance,,0,0.009,0.25,True,60508,116840,116840,0,330526,,,8,56780,,0.9383883122892841
case_022,1,1,2,comm,,0,0.007,0.172,True,32806,0,0,0,213686,,,28,56780,,1.7307809547034079
case_021,3,3,2,random,,0,0.272,2.678,True,6438108,78342144,25026560,53315584,81680384,0.02644672553677888,1208320,12,6567937,,1.020165707067977
case_021,3,3,2,topo,,0,0.025,1.411,True,3213736,5017600,1740800,3276800,8355840,0.4583333333333333,3379200,8,6567937,,2.0437076972097272
case_021,3,3,2,balance,,0,0.024,1.411,True,3213736,5017600,1740800,3276800,8355840,0.4583333333333333,3379200,8,6567937,,2.0437076972097272
case_021,3,3,2,comm,,0,0.031,1.164,True,3262694,4702208,819200,3883008,8040448,0.2600116076610563,1835008,10,6567937,,2.0130410636118494
case_021,2,2,3,random,,0,0.092,2.824,True,5295780,81981440,44722176,37259264,85319680,,,18,6567937,,1.2402208928618637
case_021,2,2,3,topo,,0,0.024,1.274,True,6203394,6258688,4022272,2236416,9596928,,,12,6567937,,1.0587650889174538
case_021,2,2,3,balance,,0,0.019,1.136,True,6261885,5736448,3340288,2396160,9074688,,,12,6567937,,1.0488753785800922
case_021,2,2,3,comm,,0,0.047,1.079,True,2607583,4902912,1638400,3264512,8241152,,,10,6567937,,2.5187834864700376
case_022,1,1,4,random,,0,0.015,0.481,True,75660,2738756,2738756,0,2952442,,,22,56780,,0.7504625958234206
case_022,1,1,4,topo,,0,0.005,0.254,True,73216,256692,256692,0,470378,,,16,56780,,0.775513548951049
case_022,1,1,4,balance,,0,0.009,0.233,True,68716,256692,256692,0,470378,,,16,56780,,0.826299551778334
case_022,1,1,4,comm,,0,0.013,0.249,True,28917,254200,254200,0,467886,,,86,56780,,1.9635508524397414
case_022,1,1,3,random,,0,0.026,0.506,True,69693,2553116,2553116,0,2766802,,,16,56780,,0.8147159686051684
case_022,1,1,3,topo,,0,0.01,0.263,True,68888,196364,196364,0,410050,,,12,56780,,0.8242364417605389
case_022,1,1,3,balance,,0,0.009,0.183,True,67088,196364,196364,0,410050,,,12,56780,,0.8463510612926306
case_022,1,1,3,comm,,0,0.013,0.371,True,29797,254200,254200,0,467886,,,86,56780,,1.9055609625130048
case_022,2,2,2,random,,0,0.018,0.317,True,56812,1138812,869484,269328,1352498,,,11,56780,,0.9994367387171724
case_022,2,2,2,topo,,0,0.009,0.321,True,36023,78148,78148,0,291834,,,8,56780,,1.5762151958470978
case_022,2,2,2,balance,,0,0.006,0.217,True,50176,67380,67380,0,281066,,,8,56780,,1.1316167091836735
case_022,2,2,2,comm,,0,0.011,0.263,True,30242,0,0,0,213686,,,28,56780,,1.8775213279545004
case_022,1,1,5,random,,0,0.014,0.573,True,86316,3032844,3032844,0,3246530,,,28,56780,,0.6578154687427592
case_022,1,1,5,topo,,0,0.009,0.276,True,77287,343732,343732,0,557418,,,20,56780,,0.7346643031816477
case_022,1,1,5,balance,,0,0.009,0.234,True,75487,343732,343732,0,557418,,,20,56780,,0.7521824949991389
case_022,1,1,5,comm,,0,0.021,0.341,True,27499,254200,254200,0,467886,,,86,56780,,2.0648023564493254
case_022,2,2,3,random,,0,0.021,0.444,True,57831,1741912,1716308,25604,1955598,,,16,56780,,0.9818263561065864
case_022,2,2,3,topo,,0,0.009,0.291,True,31280,169718,169718,0,383404,,,12,56780,,1.815217391304348
case_022,2,2,3,balance,,0,0.008,0.206,True,31343,144362,144362,0,358048,,,12,56780,,1.8115687713365025
case_022,2,2,3,comm,,0,0.017,0.227,True,24079,119428,119428,0,333114,,,86,56780,,2.3580713484779268
case_021,1,1,3,random,,0,0.095,4.097,True,6592264,90357760,90357760,0,93696000,,,18,6567937,,0.9963097655069639
case_021,1,1,3,topo,,0,0.021,1.714,True,6208340,9756672,9756672,0,13094912,,,12,6567937,,1.0579216022318365
case_021,1,1,3,balance,,0,0.025,1.579,True,6205640,9756672,9756672,0,13094912,,,12,6567937,,1.0583818913117744
case_021,1,1,3,comm,,0,0.042,1.449,True,2484134,7372800,7372800,0,10711040,,,10,6567937,,2.6439543921543684
case_022,2,2,5,random,,0,0.014,0.392,True,61402,2536446,2536446,0,2750132,,,28,56780,,0.924725578971369
case_022,2,2,5,topo,,0,0.01,0.322,True,35511,319924,319924,0,533610,,,20,56780,,1.598941173157613
case_022,2,2,5,balance,,0,0.009,0.223,True,45624,273312,273312,0,486998,,,20,56780,,1.244520427844994
case_022,2,2,5,comm,,0,0.024,0.229,True,21962,192968,192968,0,406654,,,86,56780,,2.5853747381841363
case_022,2,2,4,random,,0,0.019,0.51,True,57214,2001904,1980396,21508,2215590,,,22,56780,,0.9924144440171986
case_022,2,2,4,topo,,0,0.006,0.23,True,24462,226218,226218,0,439904,,,16,56780,,2.3211511732483037
case_022,2,2,4,balance,,0,0.008,0.207,True,37151,221872,221872,0,435558,,,16,56780,,1.52835724475788
case_022,2,2,4,comm,,0,0.015,0.309,True,21865,147872,147872,0,361558,,,86,56780,,2.596844271667048
case_021,3,3,3,random,,0,0.083,2.958,True,5292454,81981440,44722176,37259264,85319680,0.044024626802732565,2138112,18,6567937,,1.241000299671948
case_021,3,3,3,topo,,0,0.026,1.122,True,6201366,6258688,4022272,2236416,9596928,0.4555222388805597,3733504,12,6567937,,1.0591113312776572
case_021,3,3,3,balance,,0,0.017,1.045,True,6257959,5736448,3340288,2396160,9074688,0.4514601420678769,3514368,12,6567937,,1.0495334021843223
case_021,3,3,3,comm,,0,0.029,1.271,True,2601429,4902912,1638400,3264512,8241152,0.3002257336343115,2179072,10,6567937,,2.524741978351129
case_021,3,3,5,random,,0,0.086,2.951,True,4353700,88125440,76249088,11876352,91463680,0.04061602298116821,2084864,30,6567937,,1.5085874084112365
case_021,3,3,5,topo,,0,0.012,0.88,True,1271102,6840320,4812800,2027520,10178560,0.09020044543429843,829440,20,6567937,,5.167120341247201
case_021,3,3,5,balance,,0,0.018,0.88,True,1271102,6840320,4812800,2027520,10178560,0.09020044543429843,829440,20,6567937,,5.167120341247201
case_021,3,3,5,comm,,0,0.038,1.168,True,1249380,11431936,9420800,2011136,14770176,0.5699643493761141,7858176,80,6567937,,5.256957050697146
case_021,3,3,4,random,,0,0.094,3.032,True,5769642,85970944,65191936,20779008,89309184,0.03170731707317073,1597440,24,6567937,,1.1383612709419406
case_021,3,3,4,topo,,0,0.017,1.216,True,1584951,6635520,4608000,2027520,9973760,0.4886104783599089,4392960,16,6567937,,4.14393694189915
case_021,3,3,4,balance,,0,0.02,1.216,True,1584951,6635520,4608000,2027520,9973760,0.4886104783599089,4392960,16,6567937,,4.14393694189915
case_021,3,3,4,comm,,0,0.044,1.028,True,1550324,4608000,4608000,0,7946240,0.0,0,80,6567937,,4.236493145948847
case_022,3,3,2,random,,0,0.015,0.365,True,56269,1138812,869484,269328,1352498,0.24326707547741333,216840,11,56780,,1.0090813769571167
case_022,3,3,2,topo,,0,0.008,0.207,True,35997,78148,78148,0,291834,0.19317507206156884,54016,8,56780,,1.5773536683612523
case_022,3,3,2,balance,,0,0.006,0.288,True,50150,67380,67380,0,281066,0.1935950549089235,52992,8,56780,,1.1322033898305084
case_022,3,3,2,comm,,0,0.011,0.198,True,30242,0,0,0,213686,0.0,0,28,56780,,1.8775213279545004
case_023,1,1,2,random,,0,0.099,0.27,True,113863,2771290,2771290,0,3214734,,,10,122614,,1.076855519352204
case_023,1,1,2,topo,,0,0.003,0.184,True,132952,322208,322208,0,765652,,,8,122614,,0.9222426138756844
case_023,1,1,2,balance,,0,0.003,0.14,True,131152,322208,322208,0,765652,,,8,122614,,0.9348999634012444
case_023,1,1,2,comm,,0,0.015,0.122,True,71584,368640,368640,0,812084,,,38,122614,,1.7128687974966472
case_022,3,3,4,random,,0,0.01,0.36,True,56340,2001904,1980396,21508,2215590,0.25375780467124026,348952,22,56780,,1.007809726659567
case_022,3,3,4,topo,,0,0.005,0.29,True,24462,226218,226218,0,439904,0.30607429380435514,118040,16,56780,,2.3211511732483037
case_022,3,3,4,balance,,0,0.007,0.253,True,37151,221872,221872,0,435558,0.3207324520997443,123940,16,56780,,1.52835724475788
case_022,3,3,4,comm,,0,0.024,0.17,True,21855,147872,147872,0,361558,0.391905505186366,141608,86,56780,,2.5980324868451157
case_023,2,2,2,random,,0,0.013,0.248,True,104764,1319804,997480,322324,1763248,,,10,122614,,1.170382955977244
case_023,2,2,2,topo,,0,0.004,0.187,True,70036,193180,193180,0,636624,,,8,122614,,1.7507281969272945
case_023,2,2,2,balance,,0,0.006,0.129,True,80635,150044,150044,0,593488,,,8,122614,,1.520605196254728
case_023,2,2,2,comm,,0,0.012,0.146,True,64451,73728,73728,0,517172,,,38,122614,,1.9024375106670184
case_022,3,3,3,random,,0,0.085,0.351,True,57026,1741912,1716308,25604,1955598,0.23757533726325522,287756,16,56780,,0.9956861782344896
case_022,3,3,3,topo,,0,0.009,0.263,True,31255,169718,169718,0,383404,0.26824562608775304,93710,12,56780,,1.816669332906735
case_022,3,3,3,balance,,0,0.008,0.325,True,31321,144362,144362,0,358048,0.24186352755847368,78610,12,56780,,1.8128412247373966
case_022,3,3,3,comm,,0,0.024,0.235,True,24079,119428,119428,0,333114,0.35228385530876954,117276,86,56780,,2.3580713484779268
case_023,1,1,3,random,,0,0.011,0.382,True,120493,3395656,3395656,0,3839100,,,15,122614,,1.0176026823134954
case_023,1,1,3,topo,,0,0.007,0.163,True,126963,403612,403612,0,847056,,,12,122614,,0.9657459259784347
case_023,1,1,3,balance,,0,0.007,0.179,True,124263,403612,403612,0,847056,,,12,122614,,0.9867297586570419
case_023,1,1,3,comm,,0,0.009,0.206,True,51364,368640,368640,0,812084,,,38,122614,,2.387158321003037
case_022,3,3,5,random,,0,0.02,0.449,True,58533,2536446,2536446,0,2750132,0.22461909222846216,370210,28,56780,,0.9700510822954572
case_022,3,3,5,topo,,0,0.005,0.284,True,35306,319924,319924,0,533610,0.3460118184565919,157980,20,56780,,1.6082252308389509
case_022,3,3,5,balance,,0,0.005,0.242,True,45353,273312,273312,0,486998,0.30855801462561705,127764,20,56780,,1.251956871651269
case_022,3,3,5,comm,,0,0.025,0.276,True,21962,192968,192968,0,406654,0.4492726521131474,182588,86,56780,,2.5853747381841363
case_023,2,2,3,random,,0,0.018,0.231,True,109146,1853708,1739640,114068,2297152,,,15,122614,,1.1233943525186447
case_023,2,2,3,topo,,0,0.003,0.171,True,56776,305308,305308,0,748752,,,12,122614,,2.1596096942370013
case_023,2,2,3,balance,,0,0.006,0.159,True,74469,199832,199832,0,643276,,,12,122614,,1.646510628583706
case_023,2,2,3,comm,,0,0.013,0.266,True,47580,147456,147456,0,590900,,,38,122614,,2.577007145859605
case_023,1,1,4,random,,0,0.01,0.421,True,129307,3690980,3690980,0,4134424,,,21,122614,,0.9482394611273945
case_023,1,1,4,topo,,0,0.004,0.181,True,115390,492844,492844,0,936288,,,16,122614,,1.0626050784296732
case_023,1,1,4,balance,,0,0.006,0.162,True,102819,492844,492844,0,936288,,,16,122614,,1.1925227827541602
case_023,1,1,4,comm,,0,0.02,0.438,True,112691,1903164,1903164,0,2346608,,,199,122614,,1.0880549467126923
case_023,2,2,4,random,,0,0.016,0.419,True,92683,2921428,2921428,0,3364872,,,21,122614,,1.3229394818898828
case_023,2,2,4,topo,,0,0.003,0.181,True,55457,394544,394544,0,837988,,,16,122614,,2.2109742683520563
case_023,2,2,4,balance,,0,0.007,0.174,True,65783,288936,288936,0,732380,,,16,122614,,1.8639162093550006
case_023,2,2,4,comm,,0,0.021,0.247,True,75822,1596462,1596462,0,2039906,,,199,122614,,1.6171295929941178
case_023,1,1,5,random,,0,0.018,0.329,True,136581,3935126,3935126,0,4378570,,,25,122614,,0.8977383384218889
case_023,1,1,5,topo,,0,0.006,0.18,True,146785,639920,639920,0,1083364,,,20,122614,,0.8353305855502946
case_023,1,1,5,balance,,0,0.004,0.269,True,143185,639920,639920,0,1083364,,,20,122614,,0.8563327164158256
case_023,1,1,5,comm,,0,0.02,0.469,True,110388,1903164,1903164,0,2346608,,,199,122614,,1.1107547921875567
case_023,3,3,2,random,,0,0.018,0.293,True,104698,1319804,997480,322324,1763248,0.13740031735005892,161408,10,122614,,1.1711207472922118
case_023,3,3,2,topo,,0,0.003,0.155,True,70036,193180,193180,0,636624,0.17536959361892318,102016,8,122614,,1.7507281969272945
case_023,3,3,2,balance,,0,0.006,0.177,True,80354,150044,150044,0,593488,0.1651410531778409,91648,8,122614,,1.5259227916469622
case_023,3,3,2,comm,,0,0.017,0.302,True,64451,73728,73728,0,517172,0.14517672541104656,73728,38,122614,,1.9024375106670184
case_023,2,2,5,random,,0,0.011,0.297,True,94352,3148832,3148832,0,3592276,,,25,122614,,1.2995379006274377
case_023,2,2,5,topo,,0,0.003,0.153,True,71570,590774,590774,0,1034218,,,20,122614,,1.7132038563643985
case_023,2,2,5,balance,,0,0.006,0.194,True,88527,554422,554422,0,997866,,,20,122614,,1.385046370034001
case_023,2,2,5,comm,,0,0.018,0.362,True,69762,1675842,1675842,0,2119286,,,199,122614,,1.7576044264785986
case_023,3,3,3,random,,0,0.008,0.309,True,108312,1853708,1739640,114068,2297152,0.15335825614650153,225540,15,122614,,1.1320444641406309
case_023,3,3,3,topo,,0,0.003,0.163,True,56260,305308,305308,0,748752,0.2585148691161631,174208,12,122614,,2.1794169925346605
case_023,3,3,3,balance,,0,0.003,0.174,True,74469,199832,199832,0,643276,0.15097455891859327,89216,12,122614,,1.646510628583706
case_023,3,3,3,comm,,0,0.012,0.165,True,47580,147456,147456,0,590900,0.12677233320380069,73728,38,122614,,2.577007145859605
case_023,3,3,4,random,,0,0.018,0.487,True,91456,2921428,2921428,0,3364872,0.19707063416270035,409000,21,122614,,1.3406884184744576
case_023,3,3,4,topo,,0,0.006,0.143,True,54724,394544,394544,0,837988,0.29570457608404976,223364,16,122614,,2.2405891382208902
case_023,3,3,4,balance,,0,0.007,0.145,True,65652,288936,288936,0,732380,0.24502282535411227,164992,16,122614,,1.867635410954731
case_023,3,3,4,comm,,0,0.018,0.225,True,73883,1596462,1596462,0,2039906,0.3885906725450213,578554,199,122614,,1.6595698604550437
case_023,3,3,5,random,,0,0.015,0.511,True,92076,3148832,3148832,0,3592276,0.19767751368715442,433710,25,122614,,1.3316608019462184
case_023,3,3,5,topo,,0,0.007,0.178,True,70900,590774,590774,0,1034218,0.31479011947412305,277128,20,122614,,1.7293935119887165
case_023,3,3,5,balance,,0,0.007,0.196,True,88337,554422,554422,0,997866,0.28730162000315895,251016,20,122614,,1.3880254027191323
case_023,3,3,5,comm,,0,0.012,0.226,True,68492,1675842,1675842,0,2119286,0.31305714753561487,477960,199,122614,,1.7901944752671846
case_024,2,2,4,random,,0,0.092,0.992,True,2570896,7340236,6160576,1179660,7733454,,,23,2555343,,0.9939503581630684
case_024,2,2,4,topo,,0,0.022,1.041,True,2571028,1769708,1769708,0,2162926,,,16,2555343,,0.9938993274285617
case_024,2,2,4,balance,,0,0.026,0.992,True,2568336,1638576,1638576,0,2031794,,,16,2555343,,0.9949410824751902
case_024,2,2,4,comm,,0,0.064,0.945,True,2607184,1180048,1180048,0,1573266,,,101,2555343,,0.9801160946062879
case_024,2,2,3,random,,0,0.064,1.103,True,2577653,5963880,4259916,1703964,6357098,,,17,2555343,,0.9913448396661614
case_024,2,2,3,topo,,0,0.028,1.095,True,2567977,1376400,1376400,0,1769618,,,12,2555343,,0.9950801740046737
case_024,2,2,3,balance,,0,0.033,1.198,True,2562184,1114196,1114196,0,1507414,,,12,2555343,,0.9973300122083347
case_024,2,2,3,comm,,0,0.066,1.06,True,2606637,786832,786832,0,1180050,,,101,2555343,,0.9803217709255259
case_024,2,2,5,random,,0,0.115,1.172,True,2578914,9765100,7864540,1900560,10158318,,,27,2555343,,0.9908601062307623
case_024,2,2,5,topo,,0,0.023,1.197,True,2582747,2556128,2556128,0,2949346,,,20,2555343,,0.9893895917796052
case_024,2,2,5,balance,,0,0.024,1.054,True,2575679,2359488,2359488,0,2752706,,,20,2555343,,0.9921046062028692
case_024,2,2,5,comm,,0,0.065,0.947,True,2607731,1573264,1573264,0,1966482,,,101,2555343,,0.9799105045727493
case_024,3,3,5,random,,0,0.082,1.139,True,2577537,9765100,7864540,1900560,10158318,0.07567420265718804,458752,27,2555343,,0.9913894543511887
case_024,3,3,5,topo,,0,0.018,0.699,True,2576285,2556128,2556128,0,2949346,0.19999088583202587,491520,20,2555343,,0.9918712409535436
case_024,3,3,5,balance,,0,0.019,1.099,True,2572675,2359488,2359488,0,2752706,0.31943144674560225,753664,20,2555343,,0.9932630433303857
case_024,3,3,5,comm,,0,0.084,1.393,True,2607731,1573264,1573264,0,1966482,0.7332587423968102,1441792,101,2555343,,0.9799105045727493
case_024,3,3,2,random,,0,0.072,1.304,True,2565363,3932252,2555992,1376260,4325470,0.0769216925213717,196608,11,2555343,,0.996094120013425
case_024,3,3,2,topo,,0,0.019,1.212,True,2563367,720996,720996,0,1114214,0.06896188870719609,65536,8,2555343,,0.9968697420228941
case_024,3,3,2,balance,,0,0.029,1.183,True,2560766,589888,589888,0,983106,0.07407139498716048,65536,8,2555343,,0.9978822742882403
case_024,3,3,2,comm,,0,0.037,1.406,True,2606090,393616,393616,0,786834,0.45821680277435956,360448,101,2555343,,0.9805275335847956
case_024,2,2,2,random,,0,0.192,1.319,True,2565363,3932252,2555992,1376260,4325470,,,11,2555343,,0.996094120013425
case_024,2,2,2,topo,,0,0.025,1.337,True,2564329,720996,720996,0,1114214,,,8,2555343,,0.9964957694585991
case_024,2,2,2,balance,,0,0.023,1.306,True,2561728,589888,589888,0,983106,,,8,2555343,,0.9975075417842956
case_024,2,2,2,comm,,0,0.042,1.32,True,2606090,393616,393616,0,786834,,,101,2555343,,0.9805275335847956
case_024,3,3,3,random,,0,0.053,1.217,True,2570363,5963880,4259916,1703964,6357098,0.173910643641339,655360,17,2555343,,0.9941564673939051
case_024,3,3,3,topo,,0,0.026,1.165,True,2567977,1376400,1376400,0,1769618,0.3333170580863565,491520,12,2555343,,0.9950801740046737
case_024,3,3,3,balance,,0,0.034,1.273,True,2562184,1114196,1114196,0,1507414,0.317063258728871,425984,12,2555343,,0.9973300122083347
case_024,3,3,3,comm,,0,0.062,1.089,True,2606637,786832,786832,0,1180050,0.6110075196126958,720896,101,2555343,,0.9803217709255259
case_024,3,3,4,random,,0,0.194,1.11,True,2570896,7340236,6160576,1179660,7733454,0.11971568556236431,557056,23,2555343,,0.9939503581630684
case_024,3,3,4,topo,,0,0.036,1.207,True,2570613,1769708,1769708,0,2162926,0.2105130162632355,393216,16,2555343,,0.9940597826277234
case_024,3,3,4,balance,,0,0.019,1.076,True,2567555,1638576,1638576,0,2031794,0.2908948870571838,524288,16,2555343,,0.9952437240877021
case_024,3,3,4,comm,,0,0.059,1.148,True,2607184,1180048,1180048,0,1573266,0.6874125909689625,1081344,101,2555343,,0.9801160946062879
case_024,1,1,3,random,,0,0.056,1.168,True,2581866,12058828,12058828,0,12452046,,,17,2555343,,0.9897271973061345
case_024,1,1,3,topo,,0,0.019,1.229,True,2577258,4915344,4915344,0,5308562,,,12,2555343,,0.9914967768069786
case_024,1,1,3,balance,,0,0.035,1.212,True,2572758,4915344,4915344,0,5308562,,,12,2555343,,0.9932309995732207
case_024,1,1,3,comm,,0,0.036,1.338,True,2710243,39322000,39322000,0,39715218,,,101,2555343,,0.9428464532516088
case_024,1,1,5,random,,0,0.065,1.212,True,2601505,19464584,19464584,0,19857802,,,27,2555343,,0.9822556558607421
case_024,1,1,5,topo,,0,0.019,0.99,True,2592932,8454368,8454368,0,8847586,,,20,2555343,,0.985503283541566
case_024,1,1,5,balance,,0,0.037,1.256,True,2590232,8454368,8454368,0,8847586,,,20,2555343,,0.9865305501592135
case_024,1,1,5,comm,,0,0.069,1.54,True,2710243,39322000,39322000,0,39715218,,,101,2555343,,0.9428464532516088
case_024,1,1,4,random,,0,0.075,1.157,True,2596124,15466792,15466792,0,15860010,,,23,2555343,,0.9842915823743396
case_024,1,1,4,topo,,0,0.036,1.278,True,2583452,6488300,6488300,0,6881518,,,16,2555343,,0.9891195965707897
case_024,1,1,4,balance,,0,0.021,1.134,True,2579852,6488300,6488300,0,6881518,,,16,2555343,,0.9904998426266313
case_024,1,1,4,comm,,0,0.06,1.565,True,2710243,39322000,39322000,0,39715218,,,101,2555343,,0.9428464532516088
case_024,1,1,2,random,,0,0.19,1.36,True,2573389,7929964,7929964,0,8323182,,,11,2555343,,0.9929874573956755
case_024,1,1,2,topo,,0,0.018,1.438,True,2568923,3080292,3080292,0,3473510,,,8,2555343,,0.9947137380139459
case_024,1,1,2,balance,,0,0.15,1.465,True,2566223,3080292,3080292,0,3473510,,,8,2555343,,0.9957603060996647
case_024,1,1,2,comm,,0,0.039,1.622,True,2710243,39322000,39322000,0,39715218,,,101,2555343,,0.9428464532516088
case_025,2,2,5,random,,0,0.749,18.632,True,4207681,89057280,79059456,9997824,97274880,,,27,4863026,,1.1557496872980628
case_025,2,2,5,topo,,0,0.095,6.595,True,986882,290304,290304,0,8507904,,,20,4863026,,4.927667137509855
case_025,2,2,5,balance,,0,0.319,7.449,True,2451626,248832,248832,0,8466432,,,20,4863026,,1.9835921139684438
case_025,2,2,5,comm,,0,0.23,7.667,True,975282,110592,110592,0,8328192,,,2666,4863026,,4.986276789687495
case_026,1,1,2,random,,0,0.01,0.2,True,114425,3832640,3832640,0,4361494,,,12,99203,,0.8669696307625082
case_026,1,1,2,topo,,0,0.004,0.112,True,109808,719916,719916,0,1248770,,,8,99203,,0.9034223371703337
case_026,1,1,2,balance,,0,0.003,0.11,True,108008,719916,719916,0,1248770,,,8,99203,,0.9184782608695652
case_026,1,1,2,comm,,0,0.008,0.119,True,79379,873248,873248,0,1402102,,,35,99203,,1.2497385958502878
case_026,1,1,3,random,,0,0.007,0.216,True,120210,4299420,4299420,0,4828274,,,16,99203,,0.8252474835704184
case_026,1,1,3,topo,,0,0.003,0.346,True,116418,982844,982844,0,1511698,,,12,99203,,0.8521276778505043
case_026,1,1,3,balance,,0,0.003,0.122,True,115518,982844,982844,0,1511698,,,12,99203,,0.8587665991447221
case_026,1,1,3,comm,,0,0.008,0.122,True,68061,873248,873248,0,1402102,,,35,99203,,1.4575601298834868
case_025,2,2,4,random,,0,0.682,18.381,True,4713806,86355456,70364160,15991296,94573056,,,22,4863026,,1.0316559485053054
case_025,2,2,4,topo,,0,0.117,7.669,True,1537416,262656,262656,0,8480256,,,16,4863026,,3.1631165540101054
case_025,2,2,4,balance,,0,0.093,7.89,True,2743718,176640,176640,0,8394240,,,16,4863026,,1.772421947153461
case_025,2,2,4,comm,,0,0.234,8.434,True,1217444,82944,82944,0,8300544,,,2666,4863026,,3.9944555971362954
case_026,1,1,4,random,,0,0.007,0.23,True,132513,4918928,4918928,0,5447782,,,24,99203,,0.7486284364552912
case_026,1,1,4,topo,,0,0.003,0.128,True,120845,1163854,1163854,0,1692708,,,16,99203,,0.8209110844470189
case_026,1,1,4,balance,,0,0.003,0.125,True,119045,1163854,1163854,0,1692708,,,16,99203,,0.8333235331177286
case_026,1,1,4,comm,,0,0.009,0.132,True,60669,873248,873248,0,1402102,,,35,99203,,1.635151395276006
case_026,1,1,5,random,,0,0.01,0.256,True,144624,5571644,5571644,0,6100498,,,30,99203,,0.6859373271379577
case_026,1,1,5,topo,,0,0.004,0.125,True,125338,1298260,1298260,0,1827114,,,20,99203,,0.7914838277298186
case_026,1,1,5,balance,,0,0.003,0.142,True,122638,1298260,1298260,0,1827114,,,20,99203,,0.8089091472463673
case_026,1,1,5,comm,,0,0.01,0.174,True,96132,1973092,1973092,0,2501946,,,78,99203,,1.0319456580535098
case_025,3,3,5,random,,0,1.26,18.363,True,4207093,89057280,79059456,9997824,97274880,0.00977227374104942,511488,27,4863026,,1.1559112194572356
case_025,3,3,5,topo,,0,0.12,7.358,True,986882,290304,290304,0,8507904,0.006728045325779037,29184,20,4863026,,4.927667137509855
case_025,3,3,5,balance,,0,0.099,7.221,True,2451626,248832,248832,0,8466432,0.003563791874554526,15360,20,4863026,,1.9835921139684438
case_025,3,3,5,comm,,0,0.433,7.761,True,975282,110592,110592,0,8328192,0.0,0,2666,4863026,,4.986276789687495
case_026,2,2,2,random,,0,0.007,0.151,True,108263,2132796,1854716,278080,2661650,,,12,99203,,0.9163148998272724
case_026,2,2,2,topo,,0,0.004,0.112,True,73793,381228,381228,0,910082,,,8,99203,,1.3443416042172023
case_026,2,2,2,balance,,0,0.003,0.099,True,79100,347692,347692,0,876546,,,8,99203,,1.2541466498103666
case_026,2,2,2,comm,,0,0.008,0.101,True,68901,185792,185792,0,714646,,,35,99203,,1.4397904239415973
case_026,2,2,3,random,,0,0.007,0.176,True,102719,2986420,2763688,222732,3515274,,,16,99203,,0.965770694808166
case_026,2,2,3,topo,,0,0.003,0.105,True,73129,668732,668732,0,1197586,,,12,99203,,1.356548017886201
case_026,2,2,3,balance,,0,0.004,0.113,True,74865,646972,646972,0,1175826,,,12,99203,,1.3250918319642022
case_026,2,2,3,comm,,0,0.009,0.101,True,60374,519024,519024,0,1047878,,,35,99203,,1.6431410872229768
case_026,2,2,4,random,,0,0.01,0.177,True,103989,3499040,3499040,0,4027894,,,24,99203,,0.9539759012972526
case_026,2,2,4,topo,,0,0.003,0.11,True,83206,915280,915280,0,1444134,,,16,99203,,1.1922577698723649
case_026,2,2,4,balance,,0,0.004,0.121,True,83062,786892,786892,0,1315746,,,16,99203,,1.1943247212925285
case_026,2,2,4,comm,,0,0.012,0.11,True,50623,611584,611584,0,1140438,,,35,99203,,1.9596428500879046
case_026,2,2,5,random,,0,0.008,0.214,True,107276,4611712,4570752,40960,5140566,,,30,99203,,0.9247455162384877
case_026,2,2,5,topo,,0,0.003,0.122,True,86209,1147604,1147604,0,1676458,,,20,99203,,1.1507267222679767
case_026,2,2,5,balance,,0,0.003,0.355,True,85386,1036748,1036748,0,1565602,,,20,99203,,1.161818096643478
case_026,2,2,5,comm,,0,0.011,0.128,True,64681,2053852,2053852,0,2582706,,,78,99203,,1.5337270604969002
case_025,3,3,4,random,,0,0.951,18.764,True,4713469,86355456,70364160,15991296,94573056,0.006261797045869911,321024,22,4863026,,1.031729709052929
case_025,3,3,4,topo,,0,0.1,7.701,True,1537322,262656,262656,0,8480256,0.007489300998573466,32256,16,4863026,,3.1633099636901054
case_025,3,3,4,balance,,0,0.26,7.925,True,2743718,176640,176640,0,8394240,0.0025252525252525255,10752,16,4863026,,1.772421947153461
case_025,3,3,4,comm,,0,0.199,8.429,True,1217444,82944,82944,0,8300544,0.0,0,2666,4863026,,3.9944555971362954
case_026,3,3,3,random,,0,0.008,0.204,True,101041,2986420,2763688,222732,3515274,0.14382214131365725,321072,16,99203,,0.9818093645153947
case_026,3,3,3,topo,,0,0.003,0.105,True,72213,668732,668732,0,1197586,0.43657812636231647,460672,12,99203,,1.3737554179995293
case_026,3,3,3,balance,,0,0.003,0.109,True,74184,646972,646972,0,1175826,0.4289377526642866,450304,12,99203,,1.337256012078076
case_026,3,3,3,comm,,0,0.009,0.1,True,60373,519024,519024,0,1047878,0.33612791719829904,338784,35,99203,,1.6431683037119242
case_026,3,3,2,random,,0,0.007,0.373,True,106627,2132796,1854716,278080,2661650,0.1548487923967347,267920,12,99203,,0.9303741078713647
case_026,3,3,2,topo,,0,0.003,0.107,True,73767,381228,381228,0,910082,0.2917380718381296,236288,8,99203,,1.3448154323749102
case_026,3,3,2,balance,,0,0.004,0.105,True,79061,347692,347692,0,876546,0.32269043350922816,255616,8,99203,,1.254765307800306
case_026,3,3,2,comm,,0,0.008,0.102,True,68886,185792,185792,0,714646,0.2510738583307395,169392,35,99203,,1.4401039398426385
case_025,2,2,3,random,,0,0.747,17.775,True,4873987,85063680,56974848,28088832,93281280,,,17,4863026,,0.9977511224383652
case_025,2,2,3,topo,,0,0.096,8.522,True,2437536,152064,152064,0,8369664,,,12,4863026,,1.9950581242697545
case_025,2,2,3,balance,,0,0.104,8.738,True,2435548,130560,130560,0,8348160,,,12,4863026,,1.996686577312375
case_025,2,2,3,comm,,0,0.223,9.463,True,1622164,55296,55296,0,8272896,,,2666,4863026,,2.9978633479722148
case_026,3,3,4,random,,0,0.007,0.195,True,101228,3499040,3499040,0,4027894,0.1763942992094222,451284,24,99203,,0.9799956533765362
case_026,3,3,4,topo,,0,0.003,0.114,True,82475,915280,915280,0,1444134,0.49463856901703135,624130,16,99203,,1.2028250985147013
case_026,3,3,4,balance,,0,0.003,0.115,True,82374,786892,786892,0,1315746,0.47055734986787334,544896,16,99203,,1.2042999004540267
case_026,3,3,4,comm,,0,0.008,0.113,True,50582,611584,611584,0,1140438,0.5110726222259379,562416,35,99203,,1.9612312680400141
case_026,3,3,5,random,,0,0.009,0.218,True,103174,4611712,4570752,40960,5140566,0.18994135344337443,600658,30,99203,,0.9615116211448621
case_026,3,3,5,topo,,0,0.003,0.125,True,84863,1147604,1147604,0,1676458,0.5048736015127299,717696,20,99203,,1.1689782355089968
case_026,3,3,5,balance,,0,0.004,0.126,True,84669,1036748,1036748,0,1565602,0.49013218051379215,653952,20,99203,,1.1716566866267466
case_026,3,3,5,comm,,0,0.013,0.143,True,61185,2053852,2053852,0,2582706,0.553279146827382,1128072,78,99203,,1.6213614447985618
case_027,1,1,4,random,,0,0.025,0.792,True,1596770,26546176,26546176,0,28585984,,,22,2363952,,1.4804586759520784
case_027,1,1,4,topo,,0,0.009,0.495,True,565244,5529600,5529600,0,7569408,,,16,2363952,,4.182179731231114
case_027,1,1,4,balance,,0,0.008,0.495,True,565244,5529600,5529600,0,7569408,,,16,2363952,,4.182179731231114
case_027,1,1,4,comm,,0,0.023,0.495,True,565244,5529600,5529600,0,7569408,,,16,2363952,,4.182179731231114
case_027,1,1,2,random,,0,0.023,0.772,True,2042691,22886400,22886400,0,24926208,,,10,2363952,,1.1572734202089303
case_027,1,1,2,topo,,0,0.008,0.616,True,1119508,3317760,3317760,0,5357568,,,8,2363952,,2.1115990238569085
case_027,1,1,2,balance,,0,0.007,0.616,True,1119508,3317760,3317760,0,5357568,,,8,2363952,,2.1115990238569085
case_027,1,1,2,comm,,0,0.02,0.435,True,1124556,5529600,5529600,0,7569408,,,16,2363952,,2.1021203034797735
case_027,2,2,2,random,,0,0.025,0.749,True,1606573,20129792,11071488,9058304,22169600,,,10,2363952,,1.4714252013447258
case_027,2,2,2,topo,,0,0.008,0.503,True,1120962,1744896,1105920,638976,3784704,,,8,2363952,,2.10886006840553
case_027,2,2,2,balance,,0,0.008,0.503,True,1120962,1744896,1105920,638976,3784704,,,8,2363952,,2.10886006840553
case_027,2,2,2,comm,,0,0.02,0.761,True,1120962,1744896,1105920,638976,3784704,,,16,2363952,,2.10886006840553
case_025,3,3,3,random,,0,0.927,18.374,True,4873432,85063680,56974848,28088832,93281280,0.009137207908927502,468480,17,4863026,,0.9978647491131506
case_025,3,3,3,topo,,0,0.306,8.863,True,2437442,152064,152064,0,8369664,0.008342401160681901,35328,12,4863026,,1.9951350637266445
case_025,3,3,3,balance,,0,0.117,8.865,True,2435454,130560,130560,0,8348160,0.007275372862859221,30720,12,4863026,,1.9967636424256012
case_025,3,3,3,comm,,0,0.211,9.131,True,1622164,55296,55296,0,8272896,0.0,0,2666,4863026,,2.9978633479722148
case_027,2,2,4,random,,0,0.018,0.576,True,1253527,21557248,18057216,3500032,23597056,,,22,2363952,,1.8858405124101834
case_027,2,2,4,topo,,0,0.008,0.338,True,559196,3317760,3317760,0,5357568,,,16,2363952,,4.227412213249022
case_027,2,2,4,balance,,0,0.008,0.338,True,559196,3317760,3317760,0,5357568,,,16,2363952,,4.227412213249022
case_027,2,2,4,comm,,0,0.025,0.338,True,559196,3317760,3317760,0,5357568,,,16,2363952,,4.227412213249022
case_027,1,1,3,random,,0,0.03,0.791,True,1689262,24451072,24451072,0,26490880,,,15,2363952,,1.3993992642941118
case_027,1,1,3,topo,,0,0.008,0.724,True,2283950,9916416,9916416,0,11956224,,,12,2363952,,1.035027912169706
case_027,1,1,3,balance,,0,0.009,0.497,True,2282150,9916416,9916416,0,11956224,,,12,2363952,,1.035844269657998
case_027,1,1,3,comm,,0,0.024,0.461,True,844900,5529600,5529600,0,7569408,,,16,2363952,,2.797907444668008
case_027,2,2,3,random,,0,0.018,0.584,True,1617149,20516864,13234176,7282688,22556672,,,15,2363952,,1.4618022210693016
case_027,2,2,3,topo,,0,0.009,0.584,True,1322424,7704576,7704576,0,9744384,,,12,2363952,,1.787590061886354
case_027,2,2,3,balance,,0,0.007,0.441,True,1560779,7966720,7651328,315392,10006528,,,12,2363952,,1.514597518290546
case_027,2,2,3,comm,,0,0.024,0.667,True,837049,3686400,3686400,0,5726208,,,16,2363952,,2.8241500796249683
case_027,1,1,5,random,,0,0.03,0.865,True,1317384,27820032,27820032,0,29859840,,,28,2363952,,1.7944289592100708
case_027,1,1,5,topo,,0,0.009,0.838,True,1949661,16343040,16343040,0,18382848,,,20,2363952,,1.2124938643179506
case_027,1,1,5,balance,,0,0.009,0.648,True,2093791,16343040,16343040,0,18382848,,,20,2363952,,1.1290295927339453
case_027,1,1,5,comm,,0,0.024,0.7,True,565244,5529600,5529600,0,7569408,,,16,2363952,,4.182179731231114
case_027,3,3,4,random,,0,0.022,0.853,True,1253248,21557248,18057216,3500032,23597056,0.12101910828025478,1712128,22,2363952,,1.8862603411296088
case_027,3,3,4,topo,,0,0.008,0.322,True,559196,3317760,3317760,0,5357568,0.0,0,16,2363952,,4.227412213249022
case_027,3,3,4,balance,,0,0.008,0.322,True,559196,3317760,3317760,0,5357568,0.0,0,16,2363952,,4.227412213249022
case_027,3,3,4,comm,,0,0.021,0.322,True,559196,3317760,3317760,0,5357568,0.0,0,16,2363952,,4.227412213249022
case_027,3,3,2,random,,0,0.029,0.818,True,1606027,20129792,11071488,9058304,22169600,0.0955572876071707,1255424,10,2363952,,1.4719254408549793
case_027,3,3,2,topo,,0,0.008,0.303,True,1120962,1744896,1105920,638976,3784704,0.08904109589041095,319488,8,2363952,,2.10886006840553
case_027,3,3,2,balance,,0,0.007,0.303,True,1120962,1744896,1105920,638976,3784704,0.08904109589041095,319488,8,2363952,,2.10886006840553
case_027,3,3,2,comm,,0,0.022,0.693,True,1120962,1744896,1105920,638976,3784704,0.08904109589041095,319488,16,2363952,,2.10886006840553
case_027,2,2,5,random,,0,0.017,0.603,True,1158789,23087104,21624832,1462272,25126912,,,28,2363952,,2.0400193650440244
case_027,2,2,5,topo,,0,0.008,0.679,True,1000430,14192640,14192640,0,16232448,,,20,2363952,,2.362935937546855
case_027,2,2,5,balance,,0,0.009,0.557,True,1317429,14886912,14850048,36864,16926720,,,20,2363952,,1.794367666113316
case_027,2,2,5,comm,,0,0.023,0.696,True,558753,5529600,5529600,0,7569408,,,16,2363952,,4.230763861670542
case_027,3,3,3,random,,0,0.021,0.833,True,1616573,20516864,13234176,7282688,22556672,0.08744602097470697,1161216,15,2363952,,1.4623230748008287
case_027,3,3,3,topo,,0,0.008,0.378,True,1322218,7704576,7704576,0,9744384,0.15315315315315314,1044480,12,2363952,,1.7878685663029847
case_027,3,3,3,balance,,0,0.007,0.71,True,1560727,7966720,7651328,315392,10006528,0.12832338578404776,968704,12,2363952,,1.5146479813574059
case_027,3,3,3,comm,,0,0.023,0.847,True,837049,3686400,3686400,0,5726208,0.43037037037037035,2379776,16,2363952,,2.8241500796249683
case_025,2,2,2,random,,0,0.73,17.572,True,5016220,80529408,44461056,36068352,88747008,,,11,4863026,,0.9694602708812612
case_025,2,2,2,topo,,0,0.103,10.105,True,3647268,87552,87552,0,8305152,,,8,4863026,,1.3333338816889793
case_025,2,2,2,balance,,0,0.335,10.246,True,3650492,62976,62976,0,8280576,,,8,4863026,,1.3321563230381002
case_025,2,2,2,comm,,0,0.429,11.019,True,2431840,27648,27648,0,8245248,,,2666,4863026,,1.9997310678334101
case_027,3,3,5,random,,0,0.019,0.846,True,1158512,23087104,21624832,1462272,25126912,0.11734064427690198,1753088,28,2363952,,2.040507133288218
case_027,3,3,5,topo,,0,0.01,0.778,True,999962,14192640,14192640,0,16232448,0.2026974951830443,2154496,20,2363952,,2.3640418335896762
case_027,3,3,5,balance,,0,0.009,0.582,True,1316583,14886912,14850048,36864,16926720,0.15503062117235344,1814528,20,2363952,,1.7955206773898797
case_027,3,3,5,comm,,0,0.022,0.976,True,558753,5529600,5529600,0,7569408,0.044444444444444446,327680,16,2363952,,4.230763861670542
case_025,3,3,2,random,,0,0.943,18.281,True,5015825,80529408,44461056,36068352,88747008,0.007556910063440727,373248,11,4863026,,0.9695366166084343
case_025,3,3,2,topo,,0,0.107,10.145,True,3647174,87552,87552,0,8305152,0.006972477064220183,29184,8,4863026,,1.3333682462092569
case_025,3,3,2,balance,,0,0.118,10.602,True,3650398,62976,62976,0,8280576,0.0055248618784530384,23040,8,4863026,,1.3321906268850685
case_025,3,3,2,comm,,0,0.219,11.089,True,2431840,27648,27648,0,8245248,0.0,0,2666,4863026,,1.9997310678334101
case_028,2,2,5,random,,0,0.359,8.999,True,39687410,192183312,49749072,142434240,198091920,,,25,43836040,,1.1045326464992298
case_028,2,2,5,topo,,0,0.104,8.105,True,10394581,276273552,9553920,266719632,282182160,,,20,43836040,,4.217201251305848
case_028,2,2,5,balance,,0,0.112,8.198,True,14429455,276738408,9406464,267331944,282647016,,,20,43836040,,3.0379553489719466
case_028,2,2,5,comm,,0,0.17,7.879,True,11491035,277818912,8593920,269224992,283727520,,,153,43836040,,3.814803453300769
case_028,2,2,4,random,,0,0.359,8.759,True,40331178,194182896,37711008,156471888,200091504,,,22,43836040,,1.0869020488317995
case_028,2,2,4,topo,,0,0.107,8.628,True,12477300,276895752,7190400,269705352,282804360,,,16,43836040,,3.5132632861276076
case_028,2,2,4,balance,,0,0.124,8.542,True,20257482,276824040,7092096,269731944,282732648,,,16,43836040,,2.1639431791177204
case_028,2,2,4,comm,,0,0.191,8.92,True,13608312,277760640,6445440,271315200,283669248,,,153,43836040,,3.2212694711879033
case_028,2,2,3,random,,0,0.376,7.868,True,40285646,184188096,32853600,151334496,190096704,,,15,43836040,,1.088130496902048
case_028,2,2,3,topo,,0,0.112,9.386,True,16274796,276875448,4839168,272036280,282784056,,,12,43836040,,2.6934924407040186
case_028,2,2,3,balance,,0,0.112,9.681,True,23160641,276956976,4644096,272312880,282865584,,,12,43836040,,1.8926954569176215
case_028,2,2,3,comm,,0,0.429,9.983,True,16770711,277369056,4296960,273072096,283277664,,,153,43836040,,2.613845054034978
case_028,2,2,2,random,,0,0.36,7.256,True,41824589,168083208,11093064,156990144,173991816,,,10,43836040,,1.0480925467073927
case_028,2,2,2,topo,,0,0.102,11.254,True,22770304,277095720,2517120,274578600,283004328,,,8,43836040,,1.92514074471733
case_028,2,2,2,balance,,0,0.119,11.378,True,23004814,276992064,2418816,274573248,282900672,,,8,43836040,,1.9055159498355432
case_028,2,2,2,comm,,0,0.179,12.238,True,23638628,277473600,2148480,275325120,283382208,,,153,43836040,,1.8544240384848054
case_028,1,1,5,random,,0,0.617,14.391,True,41499527,196125192,73643256,122481936,202033800,,,25,43836040,,1.0563021597812428
case_028,1,1,5,topo,,0,0.104,10.587,True,43954253,279326832,41781120,237545712,285235440,,,20,43836040,,0.9973105446701597
case_028,1,1,5,balance,,0,0.095,10.238,True,43951553,279326832,41781120,237545712,285235440,,,20,43836040,,0.9973718107298735
case_028,1,1,5,comm,,0,0.185,7.645,True,10194624,326568960,326568960,0,332477568,,,153,43836040,,4.299917289740161
case_029,1,1,2,random,,0,0.017,0.332,True,45207,1174726,1174726,0,1604890,,,11,37555,,0.8307341783352136
case_029,1,1,2,topo,,0,0.004,0.15,True,45047,81964,81964,0,512128,,,8,37555,,0.8336848180788954
case_029,1,1,2,balance,,0,0.004,0.149,True,42347,81964,81964,0,512128,,,8,37555,,0.8868396816775687
case_029,1,1,2,comm,,0,0.006,0.151,True,22105,0,0,0,430164,,,21,37555,,1.6989368921058583
case_029,1,1,3,random,,0,0.01,0.345,True,46939,1314152,1314152,0,1744316,,,16,37555,,0.8000809561345577
case_029,1,1,3,topo,,0,0.005,0.157,True,49294,116820,116820,0,546984,,,12,37555,,0.7618574268673672
case_029,1,1,3,balance,,0,0.005,0.382,True,46594,116820,116820,0,546984,,,12,37555,,0.8060050650298322
case_029,1,1,3,comm,,0,0.006,0.139,True,14831,0,0,0,430164,,,21,37555,,2.5321960757872026
case_029,1,1,4,random,,0,0.01,0.369,True,54438,1431062,1431062,0,1861226,,,22,37555,,0.6898673720562842
case_029,1,1,4,topo,,0,0.004,0.158,True,53615,147566,147566,0,577730,,,16,37555,,0.7004569616711741
case_029,1,1,4,balance,,0,0.004,0.171,True,50915,147566,147566,0,577730,,,16,37555,,0.7376018854954336
case_029,1,1,4,comm,,0,0.006,0.152,True,13395,0,0,0,430164,,,21,37555,,2.803658081373647
case_028,1,1,4,random,,0,0.371,15.099,True,41609040,194981184,66259776,128721408,200889792,,,22,43836040,,1.0535220230988267
case_028,1,1,4,topo,,0,0.116,11.806,True,43834757,279838728,32972160,246866568,285747336,,,16,43836040,,1.0000292690113464
case_028,1,1,4,balance,,0,0.104,11.375,True,43832957,279838728,32972160,246866568,285747336,,,16,43836040,,1.000070335204627
case_028,1,1,4,comm,,0,0.414,7.55,True,12041229,326568960,326568960,0,332477568,,,153,43836040,,3.640495500916061
case_029,1,1,5,random,,0,0.011,0.381,True,60901,1533476,1533476,0,1963640,,,27,37555,,0.6166565409434984
case_029,1,1,5,topo,,0,0.004,0.167,True,57616,188566,188566,0,618730,,,20,37555,,0.6518154679255762
case_029,1,1,5,balance,,0,0.004,0.168,True,54916,188566,188566,0,618730,,,20,37555,,0.6838626265569233
case_029,1,1,5,comm,,0,0.006,0.169,True,11787,0,0,0,430164,,,21,37555,,3.1861372698735897
case_029,2,2,2,random,,0,0.015,0.471,True,33558,717420,670280,47140,1147584,,,11,37555,,1.1191072173550272
case_029,2,2,2,topo,,0,0.007,0.159,True,25684,81964,81964,0,512128,,,8,37555,,1.462194362248871
case_029,2,2,2,balance,,0,0.004,0.152,True,28260,51234,51234,0,481398,,,8,37555,,1.3289101203113942
case_029,2,2,2,comm,,0,0.006,0.564,True,19740,0,0,0,430164,,,21,37555,,1.9024822695035462
case_029,2,2,3,random,,0,0.011,0.263,True,39202,793378,793378,0,1223542,,,16,37555,,0.9579868374062548
case_029,2,2,3,topo,,0,0.004,0.355,True,20189,116820,116820,0,546984,,,12,37555,,1.860171380454703
case_029,2,2,3,balance,,0,0.005,0.15,True,22466,81982,81982,0,512146,,,12,37555,,1.6716371405679693
case_029,2,2,3,comm,,0,0.006,0.18,True,12743,0,0,0,430164,,,21,37555,,2.9471082162756024
case_029,2,2,4,random,,0,0.011,0.274,True,37679,1035242,1035242,0,1465406,,,22,37555,,0.9967090421720322
case_029,2,2,4,topo,,0,0.006,0.158,True,18496,147566,147566,0,577730,,,16,37555,,2.0304390138408306
case_029,2,2,4,balance,,0,0.004,0.152,True,26103,129134,129134,0,559298,,,16,37555,,1.4387235183695362
case_029,2,2,4,comm,,0,0.006,0.136,True,11028,0,0,0,430164,,,21,37555,,3.405422560754443
case_029,2,2,5,random,,0,0.01,0.295,True,39102,1182940,1182940,0,1613104,,,27,37555,,0.960436806301468
case_029,2,2,5,topo,,0,0.004,0.185,True,31243,188566,188566,0,618730,,,20,37555,,1.2020292545530198
case_029,2,2,5,balance,,0,0.005,0.165,True,32529,161920,161920,0,592084,,,20,37555,,1.154508284914999
case_029,2,2,5,comm,,0,0.008,0.126,True,9383,0,0,0,430164,,,21,37555,,4.002451241607162
case_029,3,3,2,random,,0,0.013,0.487,True,33432,717420,670280,47140,1147584,0.27493455936640043,196620,11,37555,,1.123324958123953
case_029,3,3,2,topo,,0,0.004,0.154,True,25684,81964,81964,0,512128,0.1400927733767768,45060,8,37555,,1.462194362248871
case_029,3,3,2,balance,,0,0.004,0.167,True,28260,51234,51234,0,481398,0.10271137708535322,30722,8,37555,,1.3289101203113942
case_029,3,3,2,comm,,0,0.006,0.173,True,19740,0,0,0,430164,0.0,0,21,37555,,1.9024822695035462
case_029,3,3,3,random,,0,0.011,0.537,True,39038,793378,793378,0,1223542,0.31382147317462566,243742,16,37555,,0.9620113735334802
case_029,3,3,3,topo,,0,0.004,0.161,True,20189,116820,116820,0,546984,0.2034258082092263,71684,12,37555,,1.860171380454703
case_029,3,3,3,balance,,0,0.006,0.165,True,22466,81982,81982,0,512146,0.15185047883843064,49154,12,37555,,1.6716371405679693
case_029,3,3,3,comm,,0,0.006,0.171,True,12743,0,0,0,430164,0.0,0,21,37555,,2.9471082162756024
case_029,3,3,4,random,,0,0.011,0.29,True,37470,1035242,1035242,0,1465406,0.31387491169917947,288812,22,37555,,1.0022684814518281
case_029,3,3,4,topo,,0,0.004,0.159,True,18479,147566,147566,0,577730,0.2197221626260459,81930,16,37555,,2.032306943016397
case_029,3,3,4,balance,,0,0.005,0.16,True,26103,129134,129134,0,559298,0.21017105204774372,75786,16,37555,,1.4387235183695362
case_029,3,3,4,comm,,0,0.005,0.527,True,11028,0,0,0,430164,0.0,0,21,37555,,3.405422560754443
case_029,3,3,5,random,,0,0.012,0.329,True,38544,1182940,1182940,0,1613104,0.3176496152820442,321598,27,37555,,0.9743410128684101
case_029,3,3,5,topo,,0,0.004,0.165,True,31243,188566,188566,0,618730,0.27992073524889816,114702,20,37555,,1.2020292545530198
case_029,3,3,5,balance,,0,0.004,0.165,True,32529,161920,161920,0,592084,0.25782353817619463,100364,20,37555,,1.154508284914999
case_029,3,3,5,comm,,0,0.005,0.148,True,9383,0,0,0,430164,0.0,0,21,37555,,4.002451241607162
case_028,1,1,3,random,,0,0.633,15.875,True,41967929,186091488,46990272,139101216,192000096,,,15,43836040,,1.0445128231130967
case_028,1,1,3,topo,,0,0.11,14.328,True,44075794,277233144,24175488,253057656,283141752,,,12,43836040,,0.994560415633125
case_028,1,1,3,balance,,0,0.112,13.514,True,44072194,277233144,24175488,253057656,283141752,,,12,43836040,,0.994641655461945
case_028,1,1,3,comm,,0,0.175,7.761,True,14792144,326568960,326568960,0,332477568,,,153,43836040,,2.963467635252875
case_028,1,1,2,random,,0,0.685,17.746,True,42286939,178157856,32463936,145693920,184066464,,,10,43836040,,1.036633084272191
case_028,1,1,2,topo,,0,0.428,19.34,True,43921394,278342616,15408000,262934616,284251224,,,8,43836040,,0.9980566645949353
case_028,1,1,2,balance,,0,0.367,19.116,True,43919594,278342616,15408000,262934616,284251224,,,8,43836040,,0.9980975689347219
case_028,1,1,2,comm,,0,0.175,7.647,True,20808437,326568960,326568960,0,332477568,,,153,43836040,,2.1066474142195304
case_028,3,3,3,random,,0,0.315,7.909,True,39869511,184188096,32853600,151334496,190096704,0.3868696065371647,65184768,15,43836040,,1.099487776511731
case_028,3,3,3,topo,,0,0.105,9.507,True,16222230,276875448,4839168,272036280,282784056,0.09270347257076789,25741680,12,43836040,,2.702220348250518
case_028,3,3,3,balance,,0,0.113,9.958,True,23129396,276956976,4644096,272312880,282865584,0.019229536385413592,5341608,12,43836040,,1.8952522582085585
case_028,3,3,3,comm,,0,0.179,10.019,True,16770711,277369056,4296960,273072096,283277664,0.0,0,153,43836040,,2.613845054034978
case_028,3,3,4,random,,0,0.278,8.606,True,40010389,194182896,37711008,156471888,200091504,0.340900895582733,58765200,22,43836040,,1.0956164410198561
case_028,3,3,4,topo,,0,0.369,8.97,True,12458506,276895752,7190400,269705352,282804360,0.16505890804659767,45850968,16,43836040,,3.5185631407168723
case_028,3,3,4,balance,,0,0.1,8.662,True,20222627,276824040,7092096,269731944,282732648,0.06744564860915073,18730896,16,43836040,,2.1676728745479013
case_028,3,3,4,comm,,0,0.189,8.756,True,13585418,277760640,6445440,271315200,283669248,0.0026682384304864775,743688,153,43836040,,3.226697919784286
case_025,1,1,5,random,,0,0.802,33.434,True,4841162,95510016,95510016,0,103727616,,,27,4863026,,1.0045162710935929
case_025,1,1,5,topo,,0,0.342,8.901,True,4890160,705024,705024,0,8922624,,,20,4863026,,0.9944513062967265
case_025,1,1,5,balance,,0,0.097,8.624,True,4882060,705024,705024,0,8922624,,,20,4863026,,0.9961012359536753
case_025,1,1,5,comm,,0,0.227,73.606,True,1757768,73681920,73681920,0,81899520,,,2666,4863026,,2.7665914955784836
case_014,1,1,5,random,,0,1.271,101.468,True,19204062,391442224,377145328,14296896,401374964,,,28,17698626,,0.9216084597102425
case_014,1,1,5,topo,,0,0.685,34.709,True,17600466,78945700,44477956,34467744,88878440,,,20,17698626,,1.0055771250602115
case_014,1,1,5,balance,,0,0.223,32.113,True,17596866,78945700,44477956,34467744,88878440,,,20,17698626,,1.0057828479230335
case_014,1,1,5,comm,,0,0.544,55.688,True,4094101,163914144,155438592,8475552,173846884,,,1335,17698626,,4.322957836164765
case_028,3,3,5,random,,0,0.288,9.384,True,39444364,192183312,49749072,142434240,198091920,0.33140976810035855,55360008,25,43836040,,1.1113384918565299
case_028,3,3,5,topo,,0,0.11,7.749,True,10254706,276273552,9553920,266719632,282182160,0.13583333434374736,37641336,20,43836040,,4.27472420954828
case_028,3,3,5,balance,,0,0.114,8.44,True,14305290,276738408,9406464,267331944,282647016,0.16130064825932863,44771688,20,43836040,,3.0643237571555697
case_028,3,3,5,comm,,0,0.178,7.945,True,11450794,277818912,8593920,269224992,283727520,0.010627459809132753,2963736,153,43836040,,3.8282096420562626
case_028,3,3,2,random,,0,0.282,7.277,True,41378887,168083208,11093064,156990144,173991816,0.3808317631009691,60628176,10,43836040,,1.0593818050253503
case_028,3,3,2,topo,,0,0.101,11.265,True,22921749,277095720,2517120,274578600,283004328,0.13051365197274586,36282600,8,43836040,,1.9124212554635338
case_028,3,3,2,balance,,0,0.108,11.351,True,23051352,276992064,2418816,274573248,282900672,0.0669807468697341,18614016,8,43836040,,1.9016689346464364
case_028,3,3,2,comm,,0,0.369,12.645,True,23615145,277473600,2148480,275325120,283382208,0.0047431470336763695,1319688,153,43836040,,1.8562680855866014
case_030,1,1,4,random,,0,0.232,12.258,True,3219264,85883888,85883888,0,88277948,,,21,2808034,,0.8722596220751079
case_030,1,1,4,topo,,0,0.056,4.624,True,2795536,12802052,12802052,0,15196112,,,16,2808034,,1.0044706990001202
case_030,1,1,4,balance,,0,0.061,4.124,True,2792836,12802052,12802052,0,15196112,,,16,2808034,,1.0054417803265212
case_030,1,1,4,comm,,0,0.35,8.364,True,772572,26935296,26935296,0,29329356,,,486,2808034,,3.634656705135573
case_030,1,1,3,random,,0,0.22,13.483,True,3186392,81140976,81140976,0,83535036,,,16,2808034,,0.8812581753908496
case_030,1,1,3,topo,,0,0.069,4.894,True,2790930,10882048,10798080,83968,13276108,,,12,2808034,,1.0061284231421068
case_030,1,1,3,balance,,0,0.057,4.759,True,2789130,10882048,10798080,83968,13276108,,,12,2808034,,1.006777740729188
case_030,1,1,3,comm,,0,0.131,8.374,True,1022021,26935296,26935296,0,29329356,,,486,2808034,,2.7475306280399328
case_025,1,1,4,random,,0,0.832,37.653,True,4852272,93093888,93093888,0,101311488,,,22,4863026,,1.0022162813626276
case_025,1,1,4,topo,,0,0.12,9.502,True,4884836,594432,594432,0,8812032,,,16,4863026,,0.9955351622858987
case_025,1,1,4,balance,,0,0.275,9.754,True,4877636,594432,594432,0,8812032,,,16,4863026,,0.997004696537421
case_025,1,1,4,comm,,0,0.202,74.84,True,1875064,73681920,73681920,0,81899520,,,2666,4863026,,2.5935253410016936
case_030,1,1,2,random,,0,0.207,15.332,True,3128970,73424996,73220196,204800,75819056,,,11,2808034,,0.8974307839320926
case_030,1,1,2,topo,,0,0.065,5.617,True,2800635,9133248,8033472,1099776,11527308,,,8,2808034,,1.0026419008546277
case_030,1,1,2,balance,,0,0.059,5.635,True,2797935,9133248,8033472,1099776,11527308,,,8,2808034,,1.0036094476819513
case_030,1,1,2,comm,,0,0.123,8.97,True,1528371,26935296,26935296,0,29329356,,,486,2808034,,1.8372724947018755
case_030,2,2,2,random,,0,0.205,7.255,True,3261049,71575112,36380744,35194368,73969172,,,11,2808034,,0.8610830441370246
case_030,2,2,2,topo,,0,0.071,3.872,True,1800832,8839360,2139328,6700032,11233420,,,8,2808034,,1.5592981466344444
case_030,2,2,2,balance,,0,0.078,3.356,True,2154388,8894464,2098176,6796288,11288524,,,8,2808034,,1.3034021726819867
case_030,2,2,2,comm,,0,0.129,3.667,True,1414642,5587968,1950720,3637248,7982028,,,486,2808034,,1.9849785316709103
case_030,2,2,3,random,,0,0.209,8.214,True,3136270,76437184,49815744,26621440,78831244,,,16,2808034,,0.8953419189036658
case_030,2,2,3,topo,,0,0.077,3.587,True,1788677,9761280,4014592,5746688,12155340,,,12,2808034,,1.5698943968083674
case_030,2,2,3,balance,,0,0.068,3.669,True,1920155,9497088,3939328,5557760,11891148,,,12,2808034,,1.462399650028253
case_030,2,2,3,comm,,0,0.134,3.18,True,946214,7225344,3901440,3323904,9619404,,,486,2808034,,2.9676521378884693
case_030,2,2,4,random,,0,0.24,8.32,True,3047205,78493212,60927004,17566208,80887272,,,21,2808034,,0.9215113522063662
case_030,2,2,4,topo,,0,0.081,3.416,True,1982790,10238980,5656580,4582400,12633040,,,16,2808034,,1.4162034305196214
case_030,2,2,4,balance,,0,0.065,3.415,True,2325950,9728516,5289988,4438528,12122576,,,16,2808034,,1.2072632687718996
case_030,2,2,4,comm,,0,0.147,3.039,True,709810,8275968,5779456,2496512,10670028,,,486,2808034,,3.956036122342599
case_030,2,2,5,random,,0,0.232,8.421,True,2845775,80747884,66492780,14255104,83141944,,,27,2808034,,0.9867378833533923
case_030,2,2,5,topo,,0,0.069,3.367,True,2409000,10697728,7138304,3559424,13091788,,,20,2808034,,1.16564300539643
case_030,2,2,5,balance,,0,0.276,3.49,True,2539495,9696256,5814272,3881984,12090316,,,20,2808034,,1.1057450398602873
case_030,2,2,5,comm,,0,0.131,2.969,True,574816,9506816,7536640,1970176,11900876,,,486,2808034,,4.885100623503869
case_030,1,1,5,random,,0,0.221,11.571,True,3090065,90233204,90233204,0,92627264,,,27,2808034,,0.9087297516395286
case_030,1,1,5,topo,,0,0.071,5.162,True,2799842,14331904,14331904,0,16725964,,,20,2808034,,1.0029258793889084
case_030,1,1,5,balance,,0,0.075,4.778,True,2796242,14331904,14331904,0,16725964,,,20,2808034,,1.0042170885066457
case_030,1,1,5,comm,,0,0.133,8.782,True,623549,26935296,26935296,0,29329356,,,486,2808034,,4.503309282831021
case_030,3,3,2,random,,0,0.244,7.738,True,3259805,71575112,36380744,35194368,73969172,0.030609819701157743,1332736,11,2808034,,0.8614116488562966
case_030,3,3,2,topo,,0,0.357,3.227,True,1792367,8839360,2139328,6700032,11233420,0.34787119681594564,3862528,8,2808034,,1.566662407866246
case_030,3,3,2,balance,,0,0.067,3.659,True,2146720,8894464,2098176,6796288,11288524,0.2839313572542902,3168256,8,2808034,,1.3080578743385258
case_030,3,3,2,comm,,0,0.088,3.344,True,1413683,5587968,1950720,3637248,7982028,0.6939953810623557,5538816,486,2808034,,1.986325081365483
case_025,1,1,3,random,,0,0.862,45.703,True,4866090,89075712,89075712,0,97293312,,,17,4863026,,0.9993703363480742
case_025,1,1,3,topo,,0,0.348,11.08,True,4878866,400896,400896,0,8618496,,,12,4863026,,0.9967533439122944
case_025,1,1,3,balance,,0,0.336,10.877,True,4877066,400896,400896,0,8618496,,,12,4863026,,0.9971212200121958
case_025,1,1,3,comm,,0,0.195,78.399,True,2291536,73681920,73681920,0,81899520,,,2666,4863026,,2.122168711292338
case_031,1,1,2,random,,0,0.111,5.328,True,1469231,25656742,25400038,256704,27841782,,,11,1414369,,0.9626593775927679
case_031,1,1,2,topo,,0,0.052,3.606,True,1411635,6317056,6317056,0,8502096,,,8,1414369,,1.0019367612732752
case_031,1,1,2,balance,,0,0.04,3.255,True,1408935,6317056,6317056,0,8502096,,,8,1414369,,1.003856813834563
case_031,1,1,2,comm,,0,0.08,3.949,True,732868,9024000,9024000,0,11209040,,,44,1414369,,1.9299096153741193
case_030,3,3,3,random,,0,0.263,8.207,True,3135348,76437184,49815744,26621440,78831244,0.034975055984377806,1612800,16,2808034,,0.8956052087359999
case_030,3,3,3,topo,,0,0.065,3.632,True,1774548,9761280,4014592,5746688,12155340,0.42062339880444066,5043712,12,2808034,,1.5823939391890216
case_030,3,3,3,balance,,0,0.054,2.638,True,1917192,9497088,3939328,5557760,11891148,0.40682850157177786,4770816,12,2808034,,1.464659773251714
case_030,3,3,3,comm,,0,0.282,4.182,True,945481,7225344,3901440,3323904,9619404,0.7422548706483552,7139328,486,2808034,,2.96995285997286
case_031,1,1,3,random,,0,0.154,4.985,True,1473443,29458592,29458592,0,31643632,,,16,1414369,,0.9599075091469436
case_031,1,1,3,topo,,0,0.414,2.95,True,1416216,7706624,7706624,0,9891664,,,12,1414369,,0.9986958204115757
case_031,1,1,3,balance,,0,0.029,3.093,True,1412616,7706624,7706624,0,9891664,,,12,1414369,,1.0012409600344325
case_031,1,1,3,comm,,0,0.108,3.578,True,533509,9024000,9024000,0,11209040,,,44,1414369,,2.651068679253771
case_030,3,3,4,random,,0,0.185,8.65,True,3045713,78493212,60927004,17566208,80887272,0.04306740701709078,2041856,21,2808034,,0.9219627719355041
case_030,3,3,4,topo,,0,0.063,3.067,True,1962093,10238980,5656580,4582400,12633040,0.4081413818132289,5082112,16,2808034,,1.4311421527929613
case_030,3,3,4,balance,,0,0.045,2.908,True,2309637,9728516,5289988,4438528,12122576,0.3261750726157462,3911680,16,2808034,,1.2157901869427967
case_030,3,3,4,comm,,0,0.132,4.878,True,709635,8275968,5779456,2496512,10670028,0.757366349937614,8080384,486,2808034,,3.957011703199532
case_030,3,3,5,random,,0,0.186,8.733,True,2840223,80747884,66492780,14255104,83141944,0.053785856561562755,2638336,27,2808034,,0.9886667349711625
case_030,3,3,5,topo,,0,0.082,3.015,True,2388907,10697728,7138304,3559424,13091788,0.43679260322014984,5611520,20,2808034,,1.1754471814934613
case_030,3,3,5,balance,,0,0.042,3.359,True,2510849,9696256,5814272,3881984,12090316,0.43304108647068934,5158912,20,2808034,,1.118360363367132
case_030,3,3,5,comm,,0,0.167,4.352,True,574663,9506816,7536640,1970176,11900876,0.780483607262714,9287680,486,2808034,,4.886401247339745
case_032,1,1,2,random,,0,0.014,0.322,True,44042,1245980,1245980,0,1539068,,,12,41443,,0.9409881476772172
case_032,1,1,2,topo,,0,0.006,0.195,True,48910,193656,193656,0,486744,,,8,41443,,0.847331833980781
case_032,1,1,2,balance,,0,0.006,0.184,True,47110,193656,193656,0,486744,,,8,41443,,0.8797070685629378
case_032,1,1,2,comm,,0,0.017,0.255,True,33071,342360,342360,0,635448,,,67,41443,,1.2531523086692269
case_032,1,1,3,random,,0,0.016,0.331,True,53097,1471284,1471284,0,1764372,,,17,41443,,0.7805149066802267
case_032,1,1,3,topo,,0,0.005,0.217,True,53373,250158,250158,0,543246,,,12,41443,,0.7764787439341989
case_032,1,1,3,balance,,0,0.005,0.198,True,52473,250158,250158,0,543246,,,12,41443,,0.7897966573285309
case_032,1,1,3,comm,,0,0.015,0.298,True,26715,342360,342360,0,635448,,,67,41443,,1.5513007673591614
case_032,1,1,4,random,,0,0.014,0.474,True,57741,1622734,1622734,0,1915822,,,23,41443,,0.717739561143728
case_032,1,1,4,topo,,0,0.006,0.261,True,57409,321738,321738,0,614826,,,16,41443,,0.7218902959466286
case_032,1,1,4,balance,,0,0.008,0.207,True,52009,321738,321738,0,614826,,,16,41443,,0.7968428541214021
case_032,1,1,4,comm,,0,0.018,0.305,True,22615,342360,342360,0,635448,,,67,41443,,1.8325447711695777
case_032,2,2,2,random,,0,0.015,0.24,True,38513,606312,606312,0,899400,,,12,41443,,1.0760782073585542
case_032,2,2,2,topo,,0,0.004,0.148,True,28908,132180,132180,0,425268,,,8,41443,,1.4336169918361699
case_032,2,2,2,balance,,0,0.005,0.197,True,31381,78898,78898,0,371986,,,8,41443,,1.3206398776329626
case_032,2,2,2,comm,,0,0.013,0.168,True,23159,116880,116880,0,409968,,,67,41443,,1.7894986830174013
case_032,1,1,5,random,,0,0.014,0.456,True,65417,1705436,1705436,0,1998524,,,28,41443,,0.6335203387498662
case_032,1,1,5,topo,,0,0.006,0.44,True,62101,306528,306528,0,599616,,,20,41443,,0.6673483518783917
case_032,1,1,5,balance,,0,0.005,0.245,True,62101,306528,306528,0,599616,,,20,41443,,0.6673483518783917
case_032,1,1,5,comm,,0,0.022,0.349,True,44178,436650,436650,0,729738,,,89,41443,,0.9380913576893476
case_031,2,2,2,random,,0,0.112,3.681,True,1511317,23860566,14061398,9799168,26045606,,,11,1414369,,0.9358519754624609
case_031,2,2,2,topo,,0,0.048,2.102,True,931389,5877760,1919488,3958272,8062800,,,8,1414369,,1.5185588406133206
case_031,2,2,2,balance,,0,0.408,2.275,True,1108739,5243392,1622016,3621376,7428432,,,8,1414369,,1.2756554969203753
case_031,2,2,2,comm,,0,0.102,2.285,True,740081,5558784,1122816,4435968,7743824,,,44,1414369,,1.911100271456773
case_032,2,2,4,random,,0,0.017,0.518,True,38793,1188716,1188716,0,1481804,,,23,41443,,1.0683112932745598
case_032,2,2,4,topo,,0,0.009,0.214,True,27492,278722,278722,0,571810,,,16,41443,,1.5074567146806344
case_032,2,2,4,balance,,0,0.006,0.189,True,34067,215192,215192,0,508280,,,16,41443,,1.2165145155135468
case_032,2,2,4,comm,,0,0.013,0.23,True,17053,248144,248144,0,541232,,,67,41443,,2.4302468773822787
case_032,2,2,3,random,,0,0.016,0.769,True,38158,773994,773994,0,1067082,,,17,41443,,1.086089417684365
case_032,2,2,3,topo,,0,0.006,0.201,True,30773,209182,209182,0,502270,,,12,41443,,1.346732525265655
case_032,2,2,3,balance,,0,0.006,0.265,True,31573,194842,194842,0,487930,,,12,41443,,1.3126088746713964
case_032,2,2,3,comm,,0,0.025,0.203,True,19289,205080,205080,0,498168,,,67,41443,,2.1485302504017834
case_032,3,3,3,random,,0,0.011,0.299,True,37926,773994,773994,0,1067082,0.1824231593020559,133718,17,41443,,1.092733217317935
case_032,3,3,3,topo,,0,0.008,0.254,True,30707,209182,209182,0,502270,0.340175143436435,157712,12,41443,,1.349627120851923
case_032,3,3,3,balance,,0,0.005,0.191,True,31484,194842,194842,0,487930,0.32674539693793897,147470,12,41443,,1.3163194003303265
case_032,3,3,3,comm,,0,0.015,0.229,True,19284,205080,205080,0,498168,0.3979775615075759,192688,67,41443,,2.1490873262808545
case_031,2,2,4,random,,0,0.092,4.387,True,1449166,28510336,22183488,6326848,30695376,,,22,1414369,,0.9759882580739543
case_031,2,2,4,topo,,0,0.062,2.716,True,1056629,6142534,4901446,1241088,8327574,,,16,1414369,,1.338567273849194
case_031,2,2,4,balance,,0,0.047,2.083,True,1096199,5470278,4441158,1029120,7655318,,,16,1414369,,1.290248394680163
case_031,2,2,4,comm,,0,0.119,2.447,True,425084,7921152,5193216,2727936,10106192,,,107,1414369,,3.3272694338060242
case_032,2,2,5,random,,0,0.025,0.49,True,42399,1247714,1247714,0,1540802,,,28,41443,,0.9774522984032642
case_032,2,2,5,topo,,0,0.006,0.226,True,28642,261474,261474,0,554562,,,20,41443,,1.4469310802318274
case_032,2,2,5,balance,,0,0.007,0.479,True,26473,259426,259426,0,552514,,,20,41443,,1.56548181165716
case_032,2,2,5,comm,,0,0.013,0.226,True,25907,363996,363996,0,657084,,,89,41443,,1.599683483228471
case_031,2,2,3,random,,0,0.106,4.298,True,1461586,25896918,19239086,6657832,28081958,,,16,1414369,,0.9676946823519109
case_031,2,2,3,topo,,0,0.051,2.382,True,1112601,5963264,3507200,2456064,8148304,,,12,1414369,,1.2712275110304592
case_031,2,2,3,balance,,0,0.049,2.54,True,1273406,5568512,3252224,2316288,7753552,,,12,1414369,,1.1106976094034424
case_031,2,2,3,comm,,0,0.109,2.611,True,537606,6085632,2245632,3840000,8270672,,,44,1414369,,2.6308653549253544
case_032,3,3,2,random,,0,0.026,0.291,True,38443,606312,606312,0,899400,0.19591416904707318,126472,12,41443,,1.0780376141300108
case_032,3,3,2,topo,,0,0.01,0.259,True,28899,132180,132180,0,425268,0.24012111573281136,94212,8,41443,,1.4340634624035433
case_032,3,3,2,balance,,0,0.006,0.551,True,31372,78898,78898,0,371986,0.16512995352426585,57346,8,41443,,1.3210187428279996
case_032,3,3,2,comm,,0,0.013,0.21,True,23133,116880,116880,0,409968,0.2846262626262626,112712,67,41443,,1.7915099641205205
case_032,3,3,4,random,,0,0.021,0.403,True,37956,1188716,1188716,0,1481804,0.24994288416909494,249436,23,41443,,1.09186953314364
case_032,3,3,4,topo,,0,0.005,0.217,True,27349,278722,278722,0,571810,0.37253058112851234,192532,16,41443,,1.5153387692420197
case_032,3,3,4,balance,,0,0.004,0.576,True,34049,215192,215192,0,508280,0.32114690721649486,149526,16,41443,,1.2171576257746188
case_032,3,3,4,comm,,0,0.021,0.182,True,17053,248144,248144,0,541232,0.454890327084013,239820,67,41443,,2.4302468773822787
case_032,3,3,5,random,,0,0.025,0.394,True,41758,1247714,1247714,0,1540802,0.22942913636568507,234154,28,41443,,0.9924565352746779
case_032,3,3,5,topo,,0,0.007,0.214,True,28425,261474,261474,0,554562,0.38213195816363,194590,20,41443,,1.4579771328056288
case_032,3,3,5,balance,,0,0.006,0.657,True,26429,259426,259426,0,552514,0.3675227831079669,186398,20,41443,,1.56808808505808
case_032,3,3,5,comm,,0,0.014,0.212,True,24873,363996,363996,0,657084,0.4277600484497036,272638,89,41443,,1.6661842158163471
case_031,2,2,5,random,,0,0.161,5.099,True,1242734,29229004,26070508,3158496,31414044,,,27,1414369,,1.1381108105193871
case_031,2,2,5,topo,,0,0.052,2.21,True,1075356,6491014,5885830,605184,8676054,,,20,1414369,,1.3152565290006286
case_031,2,2,5,balance,,0,0.057,2.403,True,1203188,6192518,6161798,30720,8377558,,,20,1414369,,1.175517874180926
case_031,2,2,5,comm,,0,0.113,2.438,True,322873,8522136,6783384,1738752,10707176,,,172,1414369,,4.380573785977768
case_031,1,1,5,random,,0,0.075,5.285,True,1517238,33873104,33873104,0,36058144,,,27,1414369,,0.9321998262632494
case_031,1,1,5,topo,,0,0.044,3.029,True,1426253,9245062,9245062,0,11430102,,,20,1414369,,0.9916676774737722
case_031,1,1,5,balance,,0,0.045,2.706,True,1423553,9245062,9245062,0,11430102,,,20,1414369,,0.9935485366544133
case_031,1,1,5,comm,,0,0.126,3.672,True,353144,13751370,13751370,0,15936410,,,172,1414369,,4.005077248940942
case_031,3,3,2,random,,0,0.118,4.329,True,1511096,23860566,14061398,9799168,26045606,0.035111743498122454,584196,11,1414369,,0.9359888451825694
case_031,3,3,2,topo,,0,0.047,2.398,True,925767,5877760,1919488,3958272,8062800,0.3780064484941215,3012096,8,1414369,,1.527780748287636
case_031,3,3,2,balance,,0,0.047,2.846,True,1105796,5243392,1622016,3621376,7428432,0.38199842859499733,2806272,8,1414369,,1.2790505662888996
case_031,3,3,2,comm,,0,0.128,2.62,True,734610,5558784,1122816,4435968,7743824,0.4956947695155899,3838464,44,1414369,,1.9253331699813507
case_031,1,1,4,random,,0,0.121,5.372,True,1495689,32147474,32147474,0,34332514,,,22,1414369,,0.9456304084605823
case_031,1,1,4,topo,,0,0.046,2.958,True,1420998,8736838,8736838,0,10921878,,,16,1414369,,0.9953349688036155
case_031,1,1,4,balance,,0,0.417,3.458,True,1417398,8736838,8736838,0,10921878,,,16,1414369,,0.9978629855552216
case_031,1,1,4,comm,,0,0.131,4.018,True,436285,13281792,13281792,0,15466832,,,107,1414369,,3.24184649942125
case_031,3,3,3,random,,0,0.102,4.433,True,1460279,25896918,19239086,6657832,28081958,0.07198999372886435,1296274,16,1414369,,0.9685608024220029
case_031,3,3,3,topo,,0,0.044,2.405,True,1106588,5963264,3507200,2456064,8148304,0.3648213957094053,2910208,12,1414369,,1.2781351324973702
case_031,3,3,3,balance,,0,0.418,2.205,True,1266914,5568512,3252224,2316288,7753552,0.33878975743633927,2593792,12,1414369,,1.1163891155990067
case_031,3,3,3,comm,,0,0.317,2.347,True,535450,6085632,2245632,3840000,8270672,0.5835366676452508,4826112,44,1414369,,2.6414585862358764
case_031,3,3,4,random,,0,0.157,4.342,True,1447084,28510336,22183488,6326848,30695376,0.06296545768743833,1226450,22,1414369,,0.9773924665050543
case_031,3,3,4,topo,,0,0.055,2.71,True,1051477,6142534,4901446,1241088,8327574,0.39103763722482077,3175680,16,1414369,,1.3451259513997929
case_031,3,3,4,balance,,0,0.042,2.532,True,1095243,5470278,4441158,1029120,7655318,0.4139268387002763,3101952,16,1414369,,1.291374608191972
case_031,3,3,4,comm,,0,0.093,2.013,True,422838,7921152,5193216,2727936,10106192,0.4512563462475455,4560384,107,1414369,,3.344942980526821
case_031,3,3,5,random,,0,0.112,4.712,True,1239432,29229004,26070508,3158496,31414044,0.1114621935465629,2270628,27,1414369,,1.1411428783507285
case_031,3,3,5,topo,,0,0.067,2.972,True,1073939,6491014,5885830,605184,8676054,0.3877573712582405,3264102,20,1414369,,1.3169919334338356
case_031,3,3,5,balance,,0,0.036,1.98,True,1201881,6192518,6161798,30720,8377558,0.3860826497157488,3145830,20,1414369,,1.1767962052815546
case_031,3,3,5,comm,,0,0.123,2.815,True,321890,8522136,6783384,1738752,10707176,0.46717112979615266,4908696,172,1414369,,4.393951349840007
case_033,1,1,3,random,,0,0.104,3.371,True,1895367,38320292,38320292,0,41293202,,,16,1774196,,0.9360699009743232
case_033,1,1,3,topo,,0,0.027,1.477,True,1763309,8821264,8821264,0,11794174,,,12,1774196,,1.0061741872808452
case_033,1,1,3,balance,,0,0.158,1.513,True,1762409,8821264,8821264,0,11794174,,,12,1774196,,1.0066880048842237
case_033,1,1,3,comm,,0,0.214,1.401,True,637679,12770976,12770976,0,15743886,,,92,1774196,,2.7822713308733706
case_033,2,2,2,random,,0,0.095,2.23,True,1932630,31048000,17738252,13309748,34020910,,,11,1774196,,0.9180215561178291
case_033,2,2,2,topo,,0,0.023,1.483,True,1341930,7647744,2260992,5386752,10620654,,,8,1774196,,1.3221226144433764
case_033,2,2,2,balance,,0,0.033,1.577,True,1387790,7490560,2271744,5218816,10463470,,,8,1774196,,1.2784326158856887
case_033,2,2,2,comm,,0,0.053,1.425,True,917327,6283296,2059296,4224000,9256206,,,92,1774196,,1.9340932949755103
case_033,1,1,4,random,,0,0.092,3.295,True,1916650,40912094,40912094,0,43885004,,,22,1774196,,0.9256755276132836
case_033,1,1,4,topo,,0,0.032,1.607,True,1768245,10462224,10462224,0,13435134,,,16,1774196,,1.0033654838554613
case_033,1,1,4,balance,,0,0.03,1.422,True,1767345,10462224,10462224,0,13435134,,,16,1774196,,1.0038764361231112
case_033,1,1,4,comm,,0,0.058,1.809,True,488473,12770976,12770976,0,15743886,,,92,1774196,,3.6321270571761386
case_033,2,2,3,random,,0,0.446,2.392,True,1845727,32811166,24331390,8479776,35784076,,,16,1774196,,0.961245081206484
case_033,2,2,3,topo,,0,0.024,1.375,True,1427140,7372816,4064272,3308544,10345726,,,12,1774196,,1.2431828692349733
case_033,2,2,3,balance,,0,0.019,1.438,True,1464338,7057936,3955216,3102720,10030846,,,12,1774196,,1.2116027856956522
case_033,2,2,3,comm,,0,0.066,1.04,True,617344,7233600,3952704,3280896,10206510,,,92,1774196,,2.873917945262285
case_033,2,2,4,random,,0,0.083,2.815,True,1486887,33349058,28798114,4550944,36321968,,,22,1774196,,1.1932285372055846
case_033,2,2,4,topo,,0,0.032,1.173,True,1378665,7876112,6065168,1810944,10849022,,,16,1774196,,1.2868942056264574
case_033,2,2,4,balance,,0,0.034,1.343,True,1367432,7620624,5785104,1835520,10593534,,,16,1774196,,1.2974656143778995
case_033,2,2,4,comm,,0,0.069,1.452,True,474138,7560288,5680224,1880064,10533198,,,92,1774196,,3.741940110263257
case_033,1,1,2,random,,0,0.088,3.571,True,1872234,34855514,34777178,78336,37828424,,,11,1774196,,0.9476358190268951
case_033,1,1,2,topo,,0,0.031,1.736,True,1761871,7635456,7635456,0,10608366,,,8,1774196,,1.0069954043173421
case_033,1,1,2,balance,,0,0.034,1.798,True,1760971,7635456,7635456,0,10608366,,,8,1774196,,1.007510061210548
case_033,1,1,2,comm,,0,0.065,1.91,True,928365,12770976,12770976,0,15743886,,,92,1774196,,1.9110974670522909
case_033,1,1,5,random,,0,0.069,3.255,True,1782619,42457868,42457868,0,45430778,,,28,1774196,,0.9952749297522353
case_033,1,1,5,topo,,0,0.031,1.373,True,1773895,10748432,10748432,0,13721342,,,20,1774196,,1.0001696830984923
case_033,1,1,5,balance,,0,0.042,1.575,True,1771195,10748432,10748432,0,13721342,,,20,1774196,,1.0016943363096666
case_033,1,1,5,comm,,0,0.055,1.669,True,385527,12770976,12770976,0,15743886,,,92,1774196,,4.6020019350136305
case_033,2,2,5,random,,0,0.066,2.884,True,1200098,34942152,31394984,3547168,37915062,,,28,1774196,,1.4783759326321684
case_033,2,2,5,topo,,0,0.03,1.036,True,1370325,7780880,6989840,791040,10753790,,,20,1774196,,1.2947264335102986
case_033,2,2,5,balance,,0,0.02,1.237,True,1391269,7646736,6823440,823296,10619646,,,20,1774196,,1.2752357739588822
case_033,2,2,5,comm,,0,0.059,1.403,True,368320,8168064,6412416,1755648,11140974,,,92,1774196,,4.816996090356212
case_014,1,1,4,random,,0,1.222,124.931,True,19261639,374245444,356883460,17361984,384178184,,,22,17698626,,0.9188535825014683
case_014,1,1,4,topo,,0,0.432,38.832,True,17625747,78196128,39447552,38748576,88128868,,,16,17698626,,1.0041348034781163
case_014,1,1,4,balance,,0,0.353,38.59,True,17624847,78196128,39447552,38748576,88128868,,,16,17698626,,1.0041860788919188
case_014,1,1,4,comm,,0,0.488,63.393,True,4899787,163914144,155438592,8475552,173846884,,,1335,17698626,,3.6121215065063033
case_033,3,3,2,random,,0,0.436,2.398,True,1931411,31048000,17738252,13309748,34020910,0.03848017687159519,834560,11,1774196,,0.9186009606448343
case_033,3,3,2,topo,,0,0.02,1.448,True,1341200,7647744,2260992,5386752,10620654,0.200136730602306,2084352,8,1774196,,1.3228422308380554
case_033,3,3,2,balance,,0,0.033,1.635,True,1385294,7490560,2271744,5218816,10463470,0.25691204524786654,2635264,8,1774196,,1.2807360747971188
case_033,3,3,2,comm,,0,0.084,1.476,True,916027,6283296,2059296,4224000,9256206,0.3638092015412067,3337248,92,1774196,,1.9368381063003601
case_033,3,3,3,random,,0,0.077,2.721,True,1844804,32811166,24331390,8479776,35784076,0.03849304586022121,872962,16,1774196,,0.9617260153382148
case_033,3,3,3,topo,,0,0.025,1.376,True,1426225,7372816,4064272,3308544,10345726,0.29753534649662866,3005952,12,1774196,,1.2439804378692
case_033,3,3,3,balance,,0,0.027,1.342,True,1460485,7057936,3955216,3102720,10030846,0.25875694139088057,2537472,12,1774196,,1.2147991934186246
case_033,3,3,3,comm,,0,0.07,1.272,True,616190,7233600,3952704,3280896,10206510,0.3593488970477833,3637824,92,1774196,,2.879300215842516
case_033,3,3,4,random,,0,0.086,2.774,True,1485093,33349058,28798114,4550944,36321968,0.06403975764508878,1472512,22,1774196,,1.1946699634298996
case_033,3,3,4,topo,,0,0.028,1.572,True,1377217,7876112,6065168,1810944,10849022,0.28653211728759603,2992640,16,1774196,,1.2882472406309244
case_033,3,3,4,balance,,0,0.03,1.12,True,1364765,7620624,5785104,1835520,10593534,0.32840501406320577,3356160,16,1774196,,1.3000010990903197
case_033,3,3,4,comm,,0,0.069,1.353,True,473185,7560288,5680224,1880064,10533198,0.3558592559815902,3718752,92,1774196,,3.7494764204275284
case_033,3,3,5,random,,0,0.076,2.54,True,1197150,34942152,31394984,3547168,37915062,0.07007151249699083,1678914,28,1774196,,1.4820164557490707
case_033,3,3,5,topo,,0,0.024,1.532,True,1368960,7780880,6989840,791040,10753790,0.27655718522953004,2845696,20,1774196,,1.296017414679757
case_033,3,3,5,balance,,0,0.026,1.406,True,1389777,7646736,6823440,823296,10619646,0.22893858611420118,2336256,20,1774196,,1.2766048078216865
case_033,3,3,5,comm,,0,0.051,1.322,True,367973,8168064,6412416,1755648,11140974,0.3583889801263176,3963008,92,1774196,,4.82153853679482
case_034,1,1,5,random,,0,0.466,3.32,True,956681,26326510,26326510,0,28606896,,,28,842996,,0.8811672856469398
case_034,1,1,5,topo,,0,0.03,1.19,True,850941,5530188,5530188,0,7810574,,,20,842996,,0.9906632774775219
case_034,1,1,5,balance,,0,0.023,1.22,True,845541,5530188,5530188,0,7810574,,,20,842996,,0.996990092733528
case_034,1,1,5,comm,,0,0.078,1.84,True,199950,6690304,6690304,0,8970690,,,155,842996,,4.216034008502126
case_034,2,2,5,random,,0,0.085,2.754,True,664867,21183654,20380334,803320,23464040,,,28,842996,,1.2679167412429855
case_034,2,2,5,topo,,0,0.024,1.312,True,528382,4284504,4284504,0,6564890,,,20,842996,,1.5954290645782785
case_034,2,2,5,balance,,0,0.024,1.413,True,568275,3652160,3594816,57344,5932546,,,20,842996,,1.4834296775328846
case_034,2,2,5,comm,,0,0.07,1.294,True,165143,3508224,3508224,0,5788610,,,155,842996,,5.1046426430426965
case_034,2,2,3,random,,0,0.1,2.234,True,824877,17495832,11604116,5891716,19776218,,,16,842996,,1.0219656991284762
case_034,2,2,3,topo,,0,0.028,1.113,True,423556,2650944,2544448,106496,4931330,,,12,842996,,1.990282276723739
case_034,2,2,3,balance,,0,0.023,1.217,True,540268,2750272,2464576,285696,5030658,,,12,842996,,1.560329318042157
case_034,2,2,3,comm,,0,0.055,1.317,True,275146,2328576,2328576,0,4608962,,,155,842996,,3.06381339361648
case_034,2,2,2,random,,0,0.103,2.273,True,887776,17116418,11630776,5485642,19396804,,,10,842996,,0.9495593483040767
case_034,2,2,2,topo,,0,0.031,1.182,True,595039,2266152,1513000,753152,4546538,,,8,842996,,1.4167071402042555
case_034,2,2,2,balance,,0,0.027,1.278,True,666952,2104360,1474088,630272,4384746,,,8,842996,,1.2639530281039715
case_034,2,2,2,comm,,0,0.076,1.428,True,413348,1238528,1238528,0,3518914,,,155,842996,,2.0394340845969983
case_034,2,2,4,random,,0,0.47,2.409,True,715385,19375824,17678544,1697280,21656210,,,22,842996,,1.178380871838241
case_034,2,2,4,topo,,0,0.026,1.382,True,474914,3487318,3487318,0,5767704,,,16,842996,,1.775049798489832
case_034,2,2,4,balance,,0,0.023,1.428,True,537710,3611222,3589718,21504,5891608,,,16,842996,,1.5677521340499525
case_034,2,2,4,comm,,0,0.066,0.95,True,209623,3019264,3019264,0,5299650,,,155,842996,,4.021486191877799
case_034,3,3,2,random,,0,0.085,2.415,True,887063,17116418,11630776,5485642,19396804,0.03779860365937994,461312,10,842996,,0.9503225813724617
case_034,3,3,2,topo,,0,0.025,1.339,True,592910,2266152,1513000,753152,4546538,0.3589541174365609,1596928,8,842996,,1.4217942014808318
case_034,3,3,2,balance,,0,0.021,1.435,True,664515,2104360,1474088,630272,4384746,0.3142943084690388,1358336,8,842996,,1.268588368960821
case_034,3,3,2,comm,,0,0.087,1.099,True,413348,1238528,1238528,0,3518914,0.3502571541606224,1232384,155,842996,,2.0394340845969983
case_034,3,3,3,random,,0,0.09,2.17,True,824351,17495832,11604116,5891716,19776218,0.06632942538831324,844292,16,842996,,1.022617792663562
case_034,3,3,3,topo,,0,0.022,1.295,True,422367,2650944,2544448,106496,4931330,0.3489068171839021,1665536,12,842996,,1.9958850951897285
case_034,3,3,3,balance,,0,0.026,1.561,True,539822,2750272,2464576,285696,5030658,0.30376599969251805,1485824,12,842996,,1.5616184594181044
case_034,3,3,3,comm,,0,0.067,1.01,True,275146,2328576,2328576,0,4608962,0.503272171784679,2319360,155,842996,,3.06381339361648
case_034,1,1,3,random,,0,0.1,3.545,True,924375,23244642,23244642,0,25525028,,,16,842996,,0.9119632183908046
case_034,1,1,3,topo,,0,0.022,1.192,True,850346,4288320,4280128,8192,6568706,,,12,842996,,0.9913564596058546
case_034,1,1,3,balance,,0,0.03,1.624,True,848546,4288320,4280128,8192,6568706,,,12,842996,,0.9934593999618171
case_034,1,1,3,comm,,0,0.067,1.849,True,312356,6690304,6690304,0,8970690,,,155,842996,,2.6988308212424283
case_034,1,1,4,random,,0,0.097,3.428,True,947108,24969926,24969926,0,27250312,,,22,842996,,0.8900737825042129
case_034,1,1,4,topo,,0,0.023,1.244,True,850302,5237842,5237842,0,7518228,,,16,842996,,0.9914077586551602
case_034,1,1,4,balance,,0,0.032,1.499,True,847602,5237842,5237842,0,7518228,,,16,842996,,0.9945658457625159
case_034,1,1,4,comm,,0,0.066,2.24,True,240440,6690304,6690304,0,8970690,,,155,842996,,3.5060555647978706
case_034,3,3,5,random,,0,0.352,2.365,True,662799,21183654,20380334,803320,23464040,0.12059246182628597,1801224,28,842996,,1.2718727698744265
case_034,3,3,5,topo,,0,0.033,1.515,True,527095,4284504,4284504,0,6564890,0.4016116785839176,2494476,20,842996,,1.599324599929804
case_034,3,3,5,balance,,0,0.025,1.346,True,565310,3652160,3594816,57344,5932546,0.41351843616246825,2335744,20,842996,,1.491210132493676
case_034,3,3,5,comm,,0,0.059,1.354,True,164813,3508224,3508224,0,5788610,0.5755812507083367,3331584,155,842996,,5.114863511980245
case_034,1,1,2,random,,0,0.094,3.857,True,911887,20474342,20474342,0,22754728,,,10,842996,,0.9244522621772215
case_034,1,1,2,topo,,0,0.036,1.345,True,848538,3801640,3736104,65536,6082026,,,8,842996,,0.9934687662779982
case_034,1,1,2,balance,,0,0.184,1.764,True,846738,3801640,3736104,65536,6082026,,,8,842996,,0.9955806872964247
case_034,1,1,2,comm,,0,0.058,1.717,True,462204,6690304,6690304,0,8970690,,,155,842996,,1.8238613253022475
case_034,3,3,4,random,,0,0.091,2.495,True,714751,19375824,17678544,1697280,21656210,0.07231395287541033,979464,22,842996,,1.1794261218242437
case_034,3,3,4,topo,,0,0.021,1.353,True,474400,3487318,3487318,0,5767704,0.40214711496151806,2219014,16,842996,,1.776973018549747
case_034,3,3,4,balance,,0,0.034,1.413,True,536609,3611222,3589718,21504,5891608,0.3948192926389283,2242054,16,842996,,1.5709688059648645
case_034,3,3,4,comm,,0,0.071,1.227,True,208260,3019264,3019264,0,5299650,0.5568065506653019,2950656,155,842996,,4.0478056275809084
case_035,1,1,2,random,,0,0.071,1.183,True,175923,1656190,1656190,0,2067044,,,11,169571,,0.9638932942253144
case_035,1,1,2,topo,,0,0.032,1.535,True,178085,296820,296820,0,707674,,,8,169571,,0.9521913692899459
case_035,1,1,2,balance,,0,0.029,1.065,True,174485,296820,296820,0,707674,,,8,169571,,0.9718371206693985
case_035,1,1,2,comm,,0,0.063,2.089,True,181898,1205042,1205042,0,1615896,,,275,169571,,0.9322312504810388
case_035,2,2,2,random,,0,0.065,1.426,True,169537,659356,524686,134670,1070210,,,11,169571,,1.0002005461934562
case_035,2,2,2,topo,,0,0.042,1.251,True,129120,296706,296706,0,707560,,,8,169571,,1.3132822180916977
case_035,2,2,2,balance,,0,0.03,0.739,True,146349,118758,118758,0,529612,,,8,169571,,1.1586754948786804
case_035,2,2,2,comm,,0,0.061,1.243,True,140650,499342,499342,0,910196,,,275,169571,,1.2056238890863846
case_036,1,1,2,random,,0,0.057,1.864,True,992571,13570432,13570432,0,20125184,,,12,931510,,0.9384819826491002
case_036,1,1,2,topo,,0,0.016,0.826,True,467772,8064,8064,0,6562816,,,8,931510,,1.9913761405128994
case_036,1,1,2,balance,,0,0.022,0.826,True,467772,8064,8064,0,6562816,,,8,931510,,1.9913761405128994
case_036,1,1,2,comm,,0,0.049,4.02,True,692700,920448,920448,0,7475200,,,800,931510,,1.3447524180742023
case_035,1,1,4,random,,0,0.086,1.319,True,190937,2377888,2377888,0,2788742,,,22,169571,,0.8880992159717603
case_035,1,1,4,topo,,0,0.026,1.268,True,193262,648534,648534,0,1059388,,,16,169571,,0.8774151152321719
case_035,1,1,4,balance,,0,0.023,0.887,True,192362,648534,648534,0,1059388,,,16,169571,,0.8815202586789491
case_035,1,1,4,comm,,0,0.065,1.719,True,133060,1205042,1205042,0,1615896,,,275,169571,,1.2743950097700285
case_035,1,1,3,random,,0,0.064,1.29,True,184263,2052878,2052878,0,2463732,,,16,169571,,0.9202661413305981
case_035,1,1,3,topo,,0,0.031,1.358,True,185306,531100,531100,0,941954,,,12,169571,,0.9150863976341834
case_035,1,1,3,balance,,0,0.027,0.882,True,182606,531100,531100,0,941954,,,12,169571,,0.9286168033909072
case_035,1,1,3,comm,,0,0.072,1.829,True,149770,1205042,1205042,0,1615896,,,275,169571,,1.1322093877278494
case_035,2,2,3,random,,0,0.103,1.448,True,170213,1655452,1655452,0,2066306,,,16,169571,,0.9962282551861491
case_035,2,2,3,topo,,0,0.027,1.144,True,171447,535072,535072,0,945926,,,12,169571,,0.9890578429485497
case_035,2,2,3,balance,,0,0.027,1.118,True,173332,401128,401128,0,811982,,,12,169571,,0.9783017561673552
case_035,2,2,3,comm,,0,0.076,1.02,True,106402,840452,840452,0,1251306,,,275,169571,,1.5936824495780155
case_035,2,2,4,random,,0,0.237,1.293,True,174467,1967886,1967886,0,2378740,,,22,169571,,0.9719373864398425
case_035,2,2,4,topo,,0,0.025,1.119,True,148365,655102,655102,0,1065956,,,16,169571,,1.1429312843325583
case_035,2,2,4,balance,,0,0.021,0.929,True,160906,575750,575750,0,986604,,,16,169571,,1.0538513169179522
case_035,2,2,4,comm,,0,0.071,1.201,True,102760,1137514,1137514,0,1548368,,,275,169571,,1.65016543402102
case_035,1,1,5,random,,0,0.082,1.698,True,196636,2811868,2811868,0,3222722,,,28,169571,,0.8623598934071075
case_035,1,1,5,topo,,0,0.035,1.004,True,199813,733710,733710,0,1144564,,,20,169571,,0.848648486334723
case_035,1,1,5,balance,,0,0.033,1.187,True,198013,733710,733710,0,1144564,,,20,169571,,0.8563629660678844
case_035,1,1,5,comm,,0,0.06,1.923,True,116774,1205042,1205042,0,1615896,,,275,169571,,1.452129754911196
case_035,3,3,2,random,,0,0.07,0.918,True,169447,659356,524686,134670,1070210,0.2503419577320978,207912,11,169571,,1.000731792241822
case_035,3,3,2,topo,,0,0.024,1.13,True,129120,296706,296706,0,707560,0.1818906328674943,109094,8,169571,,1.3132822180916977
case_035,3,3,2,balance,,0,0.022,1.158,True,146256,118758,118758,0,529612,0.031015613536910607,14374,8,169571,,1.159412263428509
case_035,3,3,2,comm,,0,0.104,1.072,True,140634,499342,499342,0,910196,0.29332745568003044,222246,275,169571,,1.2057610535147973
case_035,2,2,5,random,,0,0.089,1.443,True,170751,1782636,1782636,0,2193490,,,28,169571,,0.993089352331758
case_035,2,2,5,topo,,0,0.025,1.093,True,143969,752678,752678,0,1163532,,,20,169571,,1.177829949503018
case_035,2,2,5,balance,,0,0.025,0.81,True,142844,648542,648542,0,1059396,,,20,169571,,1.187106213771667
case_035,2,2,5,comm,,0,0.067,1.475,True,89696,1202624,1202624,0,1613478,,,275,169571,,1.8905079379236531
case_035,3,3,3,random,,0,0.089,1.407,True,170213,1655452,1655452,0,2066306,0.2236800418549899,307824,16,169571,,0.9962282551861491
case_035,3,3,3,topo,,0,0.027,0.792,True,171354,535072,535072,0,945926,0.26097892697169084,198796,12,169571,,0.9895946403352125
case_035,3,3,3,balance,,0,0.025,1.138,True,173239,401128,401128,0,811982,0.22771812160346283,153196,12,169571,,0.9788269385069182
case_035,3,3,3,comm,,0,0.107,1.365,True,106227,840452,840452,0,1251306,0.47409395129368176,482676,275,169571,,1.5963079066527341
case_035,3,3,4,random,,0,0.064,1.434,True,174347,1967886,1967886,0,2378740,0.23077101550899193,358068,22,169571,,0.9726063539951935
case_035,3,3,4,topo,,0,0.021,0.727,True,148232,655102,655102,0,1065956,0.311406497724883,265948,16,169571,,1.1439567704679152
case_035,3,3,4,balance,,0,0.025,1.112,True,160813,575750,575750,0,986604,0.3027900219774762,243858,16,169571,,1.0544607712063079
case_035,3,3,4,comm,,0,0.068,1.335,True,102060,1137514,1137514,0,1548368,0.5471586343149182,689050,275,169571,,1.6614834411130708
case_035,3,3,5,random,,0,0.231,1.232,True,169807,1782636,1782636,0,2193490,0.19983737987807704,284604,28,169571,,0.998610186859199
case_035,3,3,5,topo,,0,0.029,1.042,True,143856,752678,752678,0,1163532,0.33386861345720414,306042,20,169571,,1.1787551440329218
case_035,3,3,5,balance,,0,0.026,1.178,True,142730,648542,648542,0,1059396,0.3236724449892021,277274,20,169571,,1.1880543683878653
case_035,3,3,5,comm,,0,0.071,1.346,True,89203,1202624,1202624,0,1613478,0.5611816104086902,727288,275,169571,,1.9009562458661704
case_037,1,1,2,random,,0,0.018,0.488,True,247178,6326272,6326272,0,6940672,,,11,210001,,0.8495942195502836
case_037,1,1,2,topo,,0,0.005,0.253,True,218440,1699840,1699840,0,2314240,,,8,210001,,0.9613669657571873
case_037,1,1,2,balance,,0,0.004,0.279,True,216640,1699840,1699840,0,2314240,,,8,210001,,0.9693546898079763
case_037,1,1,2,comm,,0,0.019,0.209,True,111440,1925120,1925120,0,2539520,,,20,210001,,1.8844310839913856
case_036,1,1,4,random,,0,0.055,1.694,True,1014383,14704256,14704256,0,21259008,,,22,931510,,0.9183020614501624
case_036,1,1,4,topo,,0,0.425,0.803,True,236236,17280,17280,0,6572032,,,16,931510,,3.9431331380483923
case_036,1,1,4,balance,,0,0.02,0.803,True,236236,17280,17280,0,6572032,,,16,931510,,3.9431331380483923
case_036,1,1,4,comm,,0,0.04,4.143,True,409500,920448,920448,0,7475200,,,800,931510,,2.2747496947496946
case_036,1,1,3,random,,0,0.063,1.658,True,993924,14099328,14099328,0,20654080,,,16,931510,,0.9372044542641087
case_036,1,1,3,topo,,0,0.017,1.187,True,944400,147840,147840,0,6702592,,,12,931510,,0.9863511224057603
case_036,1,1,3,balance,,0,0.026,0.937,True,944400,147840,147840,0,6702592,,,12,931510,,0.9863511224057603
case_036,1,1,3,comm,,0,0.039,4.009,True,504372,920448,920448,0,7475200,,,800,931510,,1.8468709603229363
case_036,2,2,2,random,,0,0.066,1.489,True,850694,8778880,7144576,1634304,15333632,,,12,931510,,1.0950000822857573
case_036,2,2,2,topo,,0,0.02,0.856,True,466068,1152,1152,0,6555904,,,8,931510,,1.998656848356892
case_036,2,2,2,balance,,0,0.023,0.856,True,466068,1152,1152,0,6555904,,,8,931510,,1.998656848356892
case_036,2,2,2,comm,,0,0.031,0.817,True,466068,1152,1152,0,6555904,,,800,931510,,1.998656848356892
case_036,1,1,5,random,,0,0.074,1.789,True,1028508,15096192,15096192,0,21650944,,,28,931510,,0.9056905731408993
case_036,1,1,5,topo,,0,0.02,1.136,True,190308,21888,21888,0,6576640,,,20,931510,,4.894749563864893
case_036,1,1,5,balance,,0,0.019,1.136,True,190308,21888,21888,0,6576640,,,20,931510,,4.894749563864893
case_036,1,1,5,comm,,0,0.031,3.86,True,352860,920448,920448,0,7475200,,,800,931510,,2.6398855069999434
case_037,1,1,3,random,,0,0.016,0.429,True,252055,6643712,6643712,0,7258112,,,16,210001,,0.8331554621015255
case_037,1,1,3,topo,,0,0.005,0.51,True,223056,1978368,1978368,0,2592768,,,12,210001,,0.9414720966932071
case_037,1,1,3,balance,,0,0.006,0.27,True,221256,1978368,1978368,0,2592768,,,12,210001,,0.9491313229923708
case_037,1,1,3,comm,,0,0.011,0.196,True,79016,1925120,1925120,0,2539520,,,20,210001,,2.6577022375215145
case_037,1,1,5,random,,0,0.018,0.515,True,250089,7168000,7168000,0,7782400,,,26,210001,,0.8397050649968612
case_037,1,1,5,topo,,0,0.005,0.183,True,46592,1925120,1925120,0,2539520,,,20,210001,,4.507233001373627
case_037,1,1,5,balance,,0,0.005,0.183,True,46592,1925120,1925120,0,2539520,,,20,210001,,4.507233001373627
case_037,1,1,5,comm,,0,0.015,0.183,True,46592,1925120,1925120,0,2539520,,,20,210001,,4.507233001373627
case_036,2,2,4,random,,0,0.083,1.775,True,633959,11713920,11632000,81920,18268672,,,22,931510,,1.4693536963746867
case_036,2,2,4,topo,,0,0.021,1.042,True,233584,3456,3456,0,6558208,,,16,931510,,3.987901568600589
case_036,2,2,4,balance,,0,0.016,1.042,True,233584,3456,3456,0,6558208,,,16,931510,,3.987901568600589
case_036,2,2,4,comm,,0,0.029,0.675,True,233584,3456,3456,0,6558208,,,800,931510,,3.987901568600589
case_036,2,2,5,random,,0,0.066,1.85,True,650559,11928064,11928064,0,18482816,,,28,931510,,1.4318609073120194
case_036,2,2,5,topo,,0,0.021,0.862,True,187182,4608,4608,0,6559360,,,20,931510,,4.976493466252097
case_036,2,2,5,balance,,0,0.013,0.862,True,187182,4608,4608,0,6559360,,,20,931510,,4.976493466252097
case_036,2,2,5,comm,,0,0.026,0.895,True,187182,4608,4608,0,6559360,,,800,931510,,4.976493466252097
case_037,2,2,2,random,,0,0.019,0.327,True,169698,3620864,3373056,247808,4235264,,,11,210001,,1.2374983794741246
case_037,2,2,2,topo,,0,0.005,0.169,True,174144,679936,679936,0,1294336,,,8,210001,,1.205904309077545
case_037,2,2,2,balance,,0,0.004,0.186,True,173708,540672,540672,0,1155072,,,8,210001,,1.208931079743017
case_037,2,2,2,comm,,0,0.012,0.132,True,105374,204800,204800,0,819200,,,20,210001,,1.992910964754114
case_036,3,3,2,random,,0,0.076,1.621,True,849558,8778880,7144576,1634304,15333632,0.019225696784971134,167936,12,931510,,1.0964642790721764
case_036,3,3,2,topo,,0,0.018,1.144,True,466068,1152,1152,0,6555904,0.0,0,8,931510,,1.998656848356892
case_036,3,3,2,balance,,0,0.013,1.144,True,466068,1152,1152,0,6555904,0.0,0,8,931510,,1.998656848356892
case_036,3,3,2,comm,,0,0.031,0.976,True,466068,1152,1152,0,6555904,0.0,0,800,931510,,1.998656848356892
case_037,1,1,4,random,,0,0.018,0.533,True,249974,7081984,7081984,0,7696384,,,22,210001,,0.8400913695024282
case_037,1,1,4,topo,,0,0.005,0.276,True,227748,2226176,2226176,0,2840576,,,16,210001,,0.9220761543460316
case_037,1,1,4,balance,,0,0.004,0.241,True,226848,2226176,2226176,0,2840576,,,16,210001,,0.925734412470024
case_037,1,1,4,comm,,0,0.012,0.189,True,57400,1925120,1925120,0,2539520,,,20,210001,,3.6585540069686413
case_037,2,2,5,random,,0,0.011,0.377,True,177372,5152768,5152768,0,5767168,,,26,210001,,1.1839580091558983
case_037,2,2,5,topo,,0,0.005,0.202,True,43800,1925120,1925120,0,2539520,,,20,210001,,4.794543378995434
case_037,2,2,5,balance,,0,0.004,0.202,True,43800,1925120,1925120,0,2539520,,,20,210001,,4.794543378995434
case_037,2,2,5,comm,,0,0.014,0.202,True,43800,1925120,1925120,0,2539520,,,20,210001,,4.794543378995434
case_037,2,2,4,random,,0,0.015,0.377,True,151916,5083136,5083136,0,5697536,,,22,210001,,1.3823494562784697
case_037,2,2,4,topo,,0,0.004,0.212,True,172635,1898496,1898496,0,2512896,,,16,210001,,1.2164451009354997
case_037,2,2,4,balance,,0,0.006,0.226,True,166113,1454080,1454080,0,2068480,,,16,210001,,1.2642056913065203
case_037,2,2,4,comm,,0,0.015,0.153,True,53320,614400,614400,0,1228800,,,20,210001,,3.938503375843961
case_037,2,2,3,random,,0,0.016,0.327,True,165642,4360192,4360192,0,4974592,,,16,210001,,1.2678004370872122
case_037,2,2,3,topo,,0,0.005,0.507,True,182180,1323008,1323008,0,1937408,,,12,210001,,1.1527116039082226
case_037,2,2,3,balance,,0,0.005,0.182,True,179639,1032192,1032192,0,1646592,,,12,210001,,1.1690167502602442
case_037,2,2,3,comm,,0,0.013,0.152,True,74038,1064960,1064960,0,1679360,,,20,210001,,2.836394824279424
case_036,2,2,3,random,,0,0.063,1.593,True,767885,9832704,9406720,425984,16387456,,,16,931510,,1.213085292719613
case_036,2,2,3,topo,,0,0.019,1.16,True,315018,137472,137472,0,6692224,,,12,931510,,2.957005631424236
case_036,2,2,3,balance,,0,0.016,0.725,True,387864,137472,137472,0,6692224,,,12,931510,,2.401640781304787
case_036,2,2,3,comm,,0,0.045,0.65,True,311345,2304,2304,0,6557056,,,800,931510,,2.991890025534375
case_036,3,3,5,random,,0,0.057,1.835,True,649388,11928064,11928064,0,18482816,0.02223603847419815,233472,28,931510,,1.4344428908449185
case_036,3,3,5,topo,,0,0.016,0.677,True,187182,4608,4608,0,6559360,0.0,0,20,931510,,4.976493466252097
case_036,3,3,5,balance,,0,0.018,0.677,True,187182,4608,4608,0,6559360,0.0,0,20,931510,,4.976493466252097
case_036,3,3,5,comm,,0,0.035,0.856,True,187182,4608,4608,0,6559360,0.0,0,800,931510,,4.976493466252097
case_037,3,3,2,random,,0,0.012,0.308,True,169345,3620864,3373056,247808,4235264,0.1848341232227488,479232,11,210001,,1.2400779473855148
case_037,3,3,2,topo,,0,0.004,0.208,True,173962,679936,679936,0,1294336,0.4676258992805755,532480,8,210001,,1.2071659327899196
case_037,3,3,2,balance,,0,0.004,0.203,True,173526,540672,540672,0,1155072,0.43824701195219123,450560,8,210001,,1.2101990479812823
case_037,3,3,2,comm,,0,0.015,0.468,True,105374,204800,204800,0,819200,0.0,0,20,210001,,1.992910964754114
case_036,3,3,4,random,,0,0.066,1.843,True,631344,11713920,11632000,81920,18268672,0.023383700767896955,241664,22,931510,,1.4754396969005803
case_036,3,3,4,topo,,0,0.016,1.003,True,233584,3456,3456,0,6558208,0.0,0,16,931510,,3.987901568600589
case_036,3,3,4,balance,,0,0.022,1.003,True,233584,3456,3456,0,6558208,0.0,0,16,931510,,3.987901568600589
case_036,3,3,4,comm,,0,0.044,0.958,True,233584,3456,3456,0,6558208,0.0,0,800,931510,,3.987901568600589
case_025,1,1,2,random,,0,0.759,64.917,True,4952426,82326528,82169856,156672,90544128,,,11,4863026,,0.9819482411246528
case_025,1,1,2,topo,,0,0.102,15.244,True,4873470,253440,253440,0,8471040,,,8,4863026,,0.9978569684434294
case_025,1,1,2,balance,,0,0.363,15.096,True,4869870,253440,253440,0,8471040,,,8,4863026,,0.998594623675786
case_025,1,1,2,comm,,0,0.201,87.019,True,3161776,73681920,73681920,0,81899520,,,2666,4863026,,1.5380678454134638
case_037,3,3,3,random,,0,0.013,0.328,True,164677,4360192,4360192,0,4974592,0.24258404746209625,753664,16,210001,,1.2752296920638584
case_037,3,3,3,topo,,0,0.005,0.258,True,181790,1323008,1323008,0,1937408,0.5985576923076923,1019904,12,210001,,1.155184553605809
case_037,3,3,3,balance,,0,0.007,0.397,True,179379,1032192,1032192,0,1646592,0.5371428571428571,770048,12,210001,,1.1707111757786586
case_037,3,3,3,comm,,0,0.052,0.52,True,74038,1064960,1064960,0,1679360,0.5897435897435898,942080,20,210001,,2.836394824279424
case_037,3,3,5,random,,0,0.01,1.068,True,175553,5152768,5152768,0,5767168,0.26276958002270145,948224,26,210001,,1.1962256412593348
case_037,3,3,5,topo,,0,0.014,0.209,True,43013,1925120,1925120,0,2539520,0.6425,1579008,20,210001,,4.882268151489085
case_037,3,3,5,balance,,0,0.013,0.209,True,43013,1925120,1925120,0,2539520,0.6425,1579008,20,210001,,4.882268151489085
case_037,3,3,5,comm,,0,0.035,0.209,True,43013,1925120,1925120,0,2539520,0.6425,1579008,20,210001,,4.882268151489085
case_037,3,3,4,random,,0,0.014,0.347,True,150310,5083136,5083136,0,5697536,0.2528868360277136,897024,22,210001,,1.397119286807265
case_037,3,3,4,topo,,0,0.005,0.645,True,171379,1898496,1898496,0,2512896,0.6638965835641736,1472512,16,210001,,1.225360166648189
case_037,3,3,4,balance,,0,0.011,0.373,True,165438,1454080,1454080,0,2068480,0.5894495412844036,1052672,16,210001,,1.2693637495617693
case_037,3,3,4,comm,,0,0.031,0.149,True,53320,614400,614400,0,1228800,0.0,0,20,210001,,3.938503375843961
case_036,3,3,3,random,,0,0.074,1.636,True,767093,9832704,9406720,425984,16387456,0.019686384950852395,184320,16,931510,,1.2143377660857289
case_036,3,3,3,topo,,0,0.015,1.117,True,314966,137472,137472,0,6692224,0.013368273138126163,45056,12,931510,,2.9574938247302884
case_036,3,3,3,balance,,0,0.018,1.054,True,387812,137472,137472,0,6692224,0.013368273138126163,45056,12,931510,,2.4019628067207823
case_036,3,3,3,comm,,0,0.036,0.629,True,311345,2304,2304,0,6557056,0.0,0,800,931510,,2.991890025534375
case_038,2,2,2,random,,0,0.157,6.496,True,1471850,26408212,13713172,12695040,29211162,,,11,1364555,,0.9271019465298773
case_038,2,2,2,topo,,0,0.054,2.456,True,899204,8730624,2368000,6362624,11533574,,,8,1364555,,1.5175143793844335
case_038,2,2,2,balance,,0,0.044,2.748,True,1211183,8067584,2494464,5573120,10870534,,,8,1364555,,1.126629914719741
case_038,2,2,2,comm,,0,0.077,2.195,True,734142,2640384,1059840,1580544,5443334,,,38,1364555,,1.858707171092241
case_038,2,2,4,random,,0,0.81,5.933,True,1145515,29124304,24646352,4477952,31927254,,,21,1364555,,1.1912153049065268
case_038,2,2,4,topo,,0,0.042,2.731,True,1040635,8211456,6092800,2118656,11014406,,,16,1364555,,1.3112714832770376
case_038,2,2,4,balance,,0,0.045,2.309,True,1058869,7759360,5688320,2071040,10562310,,,16,1364555,,1.288691046767825
case_038,2,2,4,comm,,0,0.073,2.316,True,402680,4354560,3179520,1175040,7157510,,,38,1364555,,3.3886833217443133
case_038,2,2,3,random,,0,0.226,5.905,True,1297474,27728212,16927060,10801152,30531162,,,16,1364555,,1.0517012286951415
case_038,2,2,3,topo,,0,0.047,2.478,True,940370,9458688,4454400,5004288,12261638,,,12,1364555,,1.4510830843178748
case_038,2,2,3,balance,,0,0.044,2.754,True,1107981,8563200,4110336,4452864,11366150,,,12,1364555,,1.2315689528972067
case_038,2,2,3,comm,,0,0.076,2.402,True,503970,3552768,2119680,1433088,6355718,,,38,1364555,,2.7076115641804077
case_038,3,3,2,random,,0,0.262,6.079,True,1471663,26408212,13713172,12695040,29211162,0.022620797514907302,453120,11,1364555,,0.9272197507173857
case_038,3,3,2,topo,,0,0.037,2.991,True,898303,8730624,2368000,6362624,11533574,0.194489005250788,2226176,8,1364555,,1.519036449839308
case_038,3,3,2,balance,,0,0.045,2.402,True,1206671,8067584,2494464,5573120,10870534,0.22113677307488505,2387968,8,1364555,,1.1308426240458251
case_038,3,3,2,comm,,0,0.089,2.413,True,732467,2640384,1059840,1580544,5443334,0.41544907072636245,2257920,38,1364555,,1.8629576486039645
case_038,3,3,3,random,,0,0.233,6.267,True,1295543,27728212,16927060,10801152,30531162,0.08243043624110459,1726976,16,1364555,,1.0532687838226906
case_038,3,3,3,topo,,0,0.034,2.539,True,937304,9458688,4454400,5004288,12261638,0.2290274362933127,2776064,12,1364555,,1.455829698795695
case_038,3,3,3,balance,,0,0.04,2.721,True,1106039,8563200,4110336,4452864,11366150,0.20925763875059197,2351616,12,1364555,,1.2337313602865723
case_038,3,3,3,comm,,0,0.118,2.646,True,502814,3552768,2119680,1433088,6355718,0.518350397351682,3290112,38,1364555,,2.713836528020302
case_038,2,2,5,random,,0,0.182,6.231,True,987753,29780956,27442140,2338816,32583906,,,26,1364555,,1.3814739109878684
case_038,2,2,5,topo,,0,0.049,2.382,True,1091941,8846848,7267840,1579008,11649798,,,20,1364555,,1.2496600091030559
case_038,2,2,5,balance,,0,0.046,2.427,True,1108138,8906752,7462912,1443840,11709702,,,20,1364555,,1.2313944653102773
case_038,2,2,5,comm,,0,0.185,2.733,True,284150,8044032,7878144,165888,10846982,,,127,1364555,,4.802234735175084
case_038,3,3,4,random,,0,0.227,6.671,True,1144149,29124304,24646352,4477952,31927254,0.08625685706403673,1872896,21,1364555,,1.1926374973888891
case_038,3,3,4,topo,,0,0.04,2.374,True,1035685,8211456,6092800,2118656,11014406,0.2669021587490435,2898432,16,1364555,,1.3175386338510262
case_038,3,3,4,balance,,0,0.045,2.985,True,1054350,7759360,5688320,2071040,10562310,0.1965097868691841,2052608,16,1364555,,1.2942144449186703
case_038,3,3,4,comm,,0,0.175,2.081,True,399906,4354560,3179520,1175040,7157510,0.48793171024019083,3488256,38,1364555,,3.412189364500658
case_038,3,3,5,random,,0,0.237,6.36,True,985745,29780956,27442140,2338816,32583906,0.09118164387812788,2016768,26,1364555,,1.3842880258078916
case_038,3,3,5,topo,,0,0.058,2.825,True,1085615,8846848,7267840,1579008,11649798,0.29394090094338715,3360768,20,1364555,,1.2569419177148438
case_038,3,3,5,balance,,0,0.047,2.68,True,1104552,8906752,7462912,1443840,11709702,0.2906497917740986,3342336,20,1364555,,1.2353922676342988
case_038,3,3,5,comm,,0,0.166,2.306,True,282942,8044032,7878144,165888,10846982,0.5858561366855936,6349824,127,1364555,,4.8227375221776905
case_039,1,1,3,random,,0,0.127,7.556,True,1640143,54046720,54046720,0,58535936,,,16,1435262,,0.8750834530891514
case_039,1,1,3,topo,,0,0.045,3.13,True,1392294,13385728,13385728,0,17874944,,,12,1435262,,1.0308612979729856
case_039,1,1,3,balance,,0,0.082,3.142,True,1387794,13385728,13385728,0,17874944,,,12,1435262,,1.0342039236370817
case_039,1,1,3,comm,,0,0.068,2.2,True,565758,9805824,9805824,0,14295040,,,10,1435262,,2.53688326104094
case_039,1,1,2,random,,0,0.171,9.308,True,1593605,47796224,47407104,389120,52285440,,,10,1435262,,0.9006384894625707
case_039,1,1,2,topo,,0,0.046,3.596,True,1425255,10444800,9773056,671744,14934016,,,8,1435262,,1.0070211997151386
case_039,1,1,2,balance,,0,0.053,2.989,True,1421655,10444800,9773056,671744,14934016,,,8,1435262,,1.0095712391543659
case_039,1,1,2,comm,,0,0.075,2.217,True,692660,9805824,9805824,0,14295040,,,10,1435262,,2.0721017526636447
case_038,1,1,5,random,,0,0.722,8.307,True,1492705,37007152,37007152,0,39810102,,,26,1364555,,0.9141491453435207
case_038,1,1,5,topo,,0,0.048,2.968,True,1369713,11951104,11951104,0,14754054,,,20,1364555,,0.996234247612456
case_038,1,1,5,balance,,0,0.039,3.456,True,1368813,11951104,11951104,0,14754054,,,20,1364555,,0.9968892755986392
case_038,1,1,5,comm,,0,0.106,3.392,True,320500,15645696,15645696,0,18448646,,,127,1364555,,4.257581903276131
case_038,1,1,4,random,,0,0.43,9.244,True,1477838,35470400,35470400,0,38273350,,,21,1364555,,0.9233454546438784
case_038,1,1,4,topo,,0,0.041,3.31,True,1365778,11025920,11025920,0,13828870,,,16,1364555,,0.9991045396836089
case_038,1,1,4,balance,,0,0.076,3.034,True,1363078,11025920,11025920,0,13828870,,,16,1364555,,1.0010835770220046
case_038,1,1,4,comm,,0,0.083,3.107,True,396768,8847360,8847360,0,11650310,,,38,1364555,,3.439176042422776
case_038,1,1,3,random,,0,0.165,9.38,True,1457421,33762100,33762100,0,36565050,,,16,1364555,,0.9362805942826403
case_038,1,1,3,topo,,0,0.053,3.478,True,1360531,10301952,10301952,0,13104902,,,12,1364555,,1.0029576687337518
case_038,1,1,3,balance,,0,0.047,3.321,True,1358731,10301952,10301952,0,13104902,,,12,1364555,,1.0042863524862538
case_038,1,1,3,comm,,0,0.085,3.001,True,491508,8847360,8847360,0,11650310,,,38,1364555,,2.776262034392116
case_038,1,1,2,random,,0,0.141,10.514,True,1427047,29742044,29742044,0,32544994,,,11,1364555,,0.9562088704856953
case_038,1,1,2,topo,,0,0.039,4.236,True,1359549,8499200,8434688,64512,11302150,,,8,1364555,,1.003682103403408
case_038,1,1,2,balance,,0,0.033,3.211,True,1355949,8499200,8434688,64512,11302150,,,8,1364555,,1.0063468463784404
case_038,1,1,2,comm,,0,0.07,2.745,True,724561,8847360,8847360,0,11650310,,,38,1364555,,1.8832851892387252
case_040,1,1,3,random,,0,0.054,0.863,True,271241,3774160,3774160,0,4685398,,,16,253454,,0.9344236306458095
case_040,1,1,3,topo,,0,0.019,0.932,True,272534,1206076,1206076,0,2117314,,,12,253454,,0.929990386520581
case_040,1,1,3,balance,,0,0.022,0.775,True,267134,1206076,1206076,0,2117314,,,12,253454,,0.9487897459701873
case_040,1,1,3,comm,,0,0.052,1.365,True,207608,1995150,1995150,0,2906388,,,170,253454,,1.2208296404762822
case_040,1,1,2,random,,0,0.056,1.07,True,254941,3349796,3349796,0,4261034,,,11,253454,,0.9941672779192048
case_040,1,1,2,topo,,0,0.021,0.796,True,263174,758370,758370,0,1669608,,,8,253454,,0.9630662603448669
case_040,1,1,2,balance,,0,0.024,0.816,True,259574,758370,758370,0,1669608,,,8,253454,,0.9764229083036051
case_040,1,1,2,comm,,0,0.318,1.12,True,222648,1995150,1995150,0,2906388,,,170,253454,,1.138361898602278
case_039,2,2,2,random,,0,0.109,4.041,True,1330367,45244416,17358848,27885568,49733632,,,10,1435262,,1.078846664115992
case_039,2,2,2,topo,,0,0.032,2.197,True,1391958,9699328,3235840,6463488,14188544,,,8,1435262,,1.0311101340701372
case_039,2,2,2,balance,,0,0.044,2.209,True,1407559,8658944,1802240,6856704,13148160,,,8,1435262,,1.0196815906118322
case_039,2,2,2,comm,,0,0.061,2.46,True,735952,7954432,1089536,6864896,12443648,,,10,1435262,,1.9502114268321846
case_040,1,1,4,random,,0,0.052,0.912,True,277963,5094498,5094498,0,6005736,,,21,253454,,0.9118263941603738
case_040,1,1,4,topo,,0,0.021,1.145,True,278604,1522834,1514642,8192,2434072,,,16,253454,,0.9097285035390734
case_040,1,1,4,balance,,0,0.02,0.76,True,276804,1522834,1514642,8192,2434072,,,16,253454,,0.9156442825970723
case_040,1,1,4,comm,,0,0.051,1.003,True,184347,1995150,1995150,0,2906388,,,170,253454,,1.3748745572208931
case_039,2,2,4,random,,0,0.133,4.421,True,1390891,50905088,38711296,12193792,55394304,,,21,1435262,,1.0319011338774928
case_039,2,2,4,topo,,0,0.034,1.967,True,1346565,11644928,8077312,3567616,16134144,,,16,1435262,,1.065869081700475
case_039,2,2,4,balance,,0,0.035,1.837,True,1345357,10555392,7045120,3510272,15044608,,,16,1435262,,1.0668261286781129
case_039,2,2,4,comm,,0,0.08,1.848,True,395323,17604608,12607488,4997120,22093824,,,70,1435262,,3.6306058590064327
case_039,2,2,3,random,,0,0.109,4.133,True,1533145,49356800,29773824,19582976,53846016,,,16,1435262,,0.9361554190895186
case_039,2,2,3,topo,,0,0.033,2.009,True,1349462,10186752,5758976,4427776,14675968,,,12,1435262,,1.0635808937191267
case_039,2,2,3,balance,,0,0.041,2.515,True,1391396,9842688,4317184,5525504,14331904,,,12,1435262,,1.0315266106845211
case_039,2,2,3,comm,,0,0.075,2.212,True,597577,7991296,2179072,5812224,12480512,,,10,1435262,,2.4018026128850343
case_039,3,3,2,random,,0,0.116,4.085,True,1323839,45244416,17358848,27885568,49733632,0.06894945259725134,2424832,10,1435262,,1.0841665791686148
case_039,3,3,2,topo,,0,0.03,2.333,True,1386606,9699328,3235840,6463488,14188544,0.3138013087447948,4321280,8,1435262,,1.0350899967258183
case_039,3,3,2,balance,,0,0.052,2.196,True,1406761,8658944,1802240,6856704,13148160,0.06898754391568189,884736,8,1435262,,1.020260015738281
case_039,3,3,2,comm,,0,0.073,1.771,True,735952,7954432,1089536,6864896,12443648,0.0,0,10,1435262,,1.9502114268321846
case_039,3,3,3,random,,0,0.47,4.141,True,1525145,49356800,29773824,19582976,53846016,0.034073754582704334,1294336,16,1435262,,0.9410659314360273
case_039,3,3,3,topo,,0,0.032,2.283,True,1347761,10186752,5758976,4427776,14675968,0.25043377674956624,3547136,12,1435262,,1.0649232319380069
case_039,3,3,3,balance,,0,0.037,2.136,True,1390115,9842688,4317184,5525504,14331904,0.10836277974087162,1507328,12,1435262,,1.0324771691550698
case_039,3,3,3,comm,,0,0.078,1.357,True,593628,7991296,2179072,5812224,12480512,0.060799462546187434,741376,10,1435262,,2.417780158617855
case_039,3,3,4,random,,0,0.084,4.31,True,1374901,50905088,38711296,12193792,55394304,0.0472349007536355,1822720,21,1435262,,1.043902070039952
case_039,3,3,4,topo,,0,0.045,2.253,True,1344745,11644928,8077312,3567616,16134144,0.25480389576204265,3964928,16,1435262,,1.0673116464459804
case_039,3,3,4,balance,,0,0.03,2.035,True,1341501,10555392,7045120,3510272,15044608,0.3009873060648801,4370432,16,1435262,,1.0698926053726385
case_039,3,3,4,comm,,0,0.088,2.116,True,368055,17604608,12607488,4997120,22093824,0.47821187077385424,10428416,70,1435262,,3.8995856597519394
case_039,1,1,4,random,,0,0.143,5.968,True,1667081,56963072,56963072,0,61452288,,,21,1435262,,0.8609431695280553
case_039,1,1,4,topo,,0,0.031,2.499,True,1397465,14614528,14614528,0,19103744,,,16,1435262,,1.0270468312265424
case_039,1,1,4,balance,,0,0.036,2.463,True,1395665,14614528,14614528,0,19103744,,,16,1435262,,1.0283714215087432
case_039,1,1,4,comm,,0,0.082,2.174,True,569788,28483584,28483584,0,32972800,,,70,1435262,,2.518940377824735
case_039,3,3,5,random,,0,0.112,4.365,True,1423866,52535296,41918464,10616832,57024512,0.04934448229586043,1957888,27,1435262,,1.0080035621329535
case_039,3,3,5,topo,,0,0.032,1.774,True,1258617,12017664,8413184,3604480,16506880,0.1530743503987651,2437120,20,1435262,,1.140348493624351
case_039,3,3,5,balance,,0,0.031,1.974,True,1260772,10469376,8310784,2158592,14958592,0.1835280706754061,2637824,20,1435262,,1.1383993299343578
case_039,3,3,5,comm,,0,0.09,1.844,True,340476,20480000,16809984,3670016,24969216,0.3708927978758712,9154560,70,1435262,,4.21545718347255
case_039,2,2,5,random,,0,0.518,4.317,True,1436357,52535296,41918464,10616832,57024512,,,27,1435262,,0.9992376547056199
case_039,2,2,5,topo,,0,0.028,1.762,True,1260189,12017664,8413184,3604480,16506880,,,20,1435262,,1.1389259864988506
case_039,2,2,5,balance,,0,0.037,1.961,True,1263562,10469376,8310784,2158592,14958592,,,20,1435262,,1.1358856945682128
case_039,2,2,5,comm,,0,0.08,2.172,True,431161,20480000,16809984,3670016,24969216,,,70,1435262,,3.3288307615948565
case_040,2,2,2,random,,0,0.038,0.654,True,243725,1792152,1373056,419096,2703390,,,11,253454,,1.0399179403015695
case_040,2,2,2,topo,,0,0.023,0.871,True,219100,592270,592270,0,1503508,,,8,253454,,1.1567959835691466
case_040,2,2,2,balance,,0,0.02,0.854,True,228046,315986,315986,0,1227224,,,8,253454,,1.1114161178007946
case_040,2,2,2,comm,,0,0.054,1.071,True,185350,604626,604626,0,1515864,,,170,253454,,1.3674345832209334
case_040,2,2,3,random,,0,0.039,1.063,True,261438,2503964,1851274,652690,3415202,,,16,253454,,0.9694612106885763
case_040,2,2,3,topo,,0,0.025,0.625,True,205775,1044260,1044260,0,1955498,,,12,253454,,1.2317045316486455
case_040,2,2,3,balance,,0,0.026,0.92,True,225741,507536,507536,0,1418774,,,12,253454,,1.1227645841916178
case_040,2,2,3,comm,,0,0.07,0.821,True,173107,1206168,1206168,0,2117406,,,170,253454,,1.464146452771985
case_040,1,1,5,random,,0,0.052,1.471,True,284658,5702416,5702416,0,6613654,,,26,253454,,0.8903807375868587
case_040,1,1,5,topo,,0,0.022,0.735,True,282526,1552638,1552638,0,2463876,,,20,253454,,0.8970997359535051
case_040,1,1,5,balance,,0,0.018,0.676,True,281626,1552638,1552638,0,2463876,,,20,253454,,0.8999666223999204
case_040,1,1,5,comm,,0,0.064,3.375,True,493628,3991448,3991448,0,4902686,,,698,253454,,0.5134514249596862
case_040,3,3,3,random,,0,0.055,0.821,True,261290,2503964,1851274,652690,3415202,0.024771067628767688,57158,16,253454,,0.9700103333460905
case_040,3,3,3,topo,,0,0.018,1.025,True,205775,1044260,1044260,0,1955498,0.33521910303695324,576780,12,253454,,1.2317045316486455
case_040,3,3,3,balance,,0,0.019,0.696,True,225741,507536,507536,0,1418774,0.26171646512516267,350788,12,253454,,1.1227645841916178
case_040,3,3,3,comm,,0,0.065,0.83,True,172835,1206168,1206168,0,2117406,0.3972232659989375,735756,170,253454,,1.4664506610350914
case_040,2,2,4,random,,0,0.044,1.256,True,260129,3915504,3517968,397536,4826742,,,21,253454,,0.9743396545560088
case_040,2,2,4,topo,,0,0.022,0.608,True,205170,1384758,1376566,8192,2295996,,,16,253454,,1.2353365501779012
case_040,2,2,4,balance,,0,0.019,1.219,True,206040,1065462,1057270,8192,1976700,,,16,253454,,1.2301203649776742
case_040,2,2,4,comm,,0,0.063,0.809,True,151528,1761118,1761118,0,2672356,,,170,253454,,1.6726545588934059
case_040,3,3,2,random,,0,0.05,1.04,True,243725,1792152,1373056,419096,2703390,0.044194458105845075,85188,11,253454,,1.0399179403015695
case_040,3,3,2,topo,,0,0.026,0.657,True,219074,592270,592270,0,1503508,0.21198742935677642,286278,8,253454,,1.1569332736883426
case_040,3,3,2,balance,,0,0.024,1.016,True,228046,315986,315986,0,1227224,0.1413853365007237,163910,8,253454,,1.1114161178007946
case_040,3,3,2,comm,,0,0.061,1.249,True,185193,604626,604626,0,1515864,0.09723863758461374,135750,170,253454,,1.3685938453397266
case_039,1,1,5,random,,0,0.117,5.62,True,1620995,59383808,59383808,0,63873024,,,27,1435262,,0.8854203745230553
case_039,1,1,5,topo,,0,0.036,2.508,True,1402603,13860864,13860864,0,18350080,,,20,1435262,,1.0232845644847472
case_039,1,1,5,balance,,0,0.033,2.335,True,1402603,13860864,13860864,0,18350080,,,20,1435262,,1.0232845644847472
case_039,1,1,5,comm,,0,0.082,2.619,True,562938,28483584,28483584,0,32972800,,,70,1435262,,2.54959160689099
case_040,2,2,5,random,,0,0.039,1.263,True,265271,4764164,4522368,241796,5675402,,,26,253454,,0.9554531026761311
case_040,2,2,5,topo,,0,0.022,0.649,True,200706,1486440,1486440,0,2397678,,,20,253454,,1.2628122726774487
case_040,2,2,5,balance,,0,0.021,1.102,True,212905,1345508,1345508,0,2256746,,,20,253454,,1.1904558371104483
case_040,2,2,5,comm,,0,0.066,1.174,True,311096,3681772,3681772,0,4593010,,,698,253454,,0.814713143209813
case_040,3,3,4,random,,0,0.059,1.188,True,259893,3915504,3517968,397536,4826742,0.05370017408223158,165158,21,253454,,0.9752244192802423
case_040,3,3,4,topo,,0,0.019,0.723,True,205170,1384758,1376566,8192,2295996,0.3695757127232882,721108,16,253454,,1.2353365501779012
case_040,3,3,4,balance,,0,0.03,0.751,True,206040,1065462,1057270,8192,1976700,0.3052034489223002,517716,16,253454,,1.2301203649776742
case_040,3,3,4,comm,,0,0.066,1.457,True,150155,1761118,1761118,0,2672356,0.4903417776572061,1138706,170,253454,,1.6879491192434484
case_040,3,3,5,random,,0,0.062,1.308,True,264740,4764164,4522368,241796,5675402,0.11209079329291566,404090,26,253454,,0.957369494598474
case_040,3,3,5,topo,,0,0.026,0.745,True,200681,1486440,1486440,0,2397678,0.35765686490429605,717788,20,253454,,1.262969588550984
case_040,3,3,5,balance,,0,0.031,0.778,True,212856,1345508,1345508,0,2256746,0.3742518807640068,724122,20,253454,,1.1907298831134663
case_040,3,3,5,comm,,0,0.702,1.175,True,308844,3681772,3681772,0,4593010,0.4481390555858641,1478590,698,253454,,0.8206537928533499
case_042,1,1,3,random,,0,0.123,6.307,True,1846620,33446600,33409736,36864,35835564,,,17,1686740,,0.9134201947341629
case_042,1,1,3,topo,,0,0.035,2.105,True,1654784,12028928,12028928,0,14417892,,,12,1686740,,1.019311281714109
case_042,1,1,3,balance,,0,0.04,2.775,True,1652984,12028928,12028928,0,14417892,,,12,1686740,,1.0204212502964336
case_042,1,1,3,comm,,0,0.104,2.933,True,611996,17700272,17700272,0,20089236,,,108,1686740,,2.756129125026961
case_042,1,1,2,random,,0,0.136,6.247,True,1811616,29134040,28811480,322560,31523004,,,11,1686740,,0.9310692773744547
case_042,1,1,2,topo,,0,0.077,3.034,True,1665385,9769984,9109504,660480,12158948,,,8,1686740,,1.0128228607799399
case_042,1,1,2,balance,,0,0.03,2.996,True,1663585,9769984,9109504,660480,12158948,,,8,1686740,,1.0139187357423878
case_042,1,1,2,comm,,0,0.091,3.057,True,891580,17700272,17700272,0,20089236,,,108,1686740,,1.8918549092622086
case_042,1,1,4,random,,0,0.119,4.531,True,1591795,36214660,36214660,0,38603624,,,23,1686740,,1.0596464997063064
case_042,1,1,4,topo,,0,0.031,2.021,True,1664314,13535232,13535232,0,15924196,,,16,1686740,,1.0134746207746856
case_042,1,1,4,balance,,0,0.039,2.374,True,1664314,13535232,13535232,0,15924196,,,16,1686740,,1.0134746207746856
case_042,1,1,4,comm,,0,0.068,2.564,True,480649,17700272,17700272,0,20089236,,,108,1686740,,3.5092968049449804
case_042,1,1,5,random,,0,0.109,4.454,True,1642915,37416588,37416588,0,39805552,,,26,1686740,,1.0266751475274132
case_042,1,1,5,topo,,0,0.032,2.51,True,1669306,14636032,14636032,0,17024996,,,20,1686740,,1.0104438611015596
case_042,1,1,5,balance,,0,0.027,1.932,True,1667506,14636032,14636032,0,17024996,,,20,1686740,,1.0115345911798819
case_042,1,1,5,comm,,0,0.081,2.565,True,399826,17700272,17700272,0,20089236,,,108,1686740,,4.218685128030693
case_042,2,2,2,random,,0,0.073,2.624,True,1636143,25344272,11380300,13963972,27733236,,,11,1686740,,1.0309245585502
case_042,2,2,2,topo,,0,0.034,1.77,True,1415331,10021888,2599936,7421952,12410852,,,8,1686740,,1.1917636227850588
case_042,2,2,2,balance,,0,0.03,1.882,True,1509973,9333760,2347008,6986752,11722724,,,8,1686740,,1.1170663316496388
case_042,2,2,2,comm,,0,0.078,1.427,True,883414,7616816,2216240,5400576,10005780,,,108,1686740,,1.9093426185231386
case_041,2,2,2,random,,0,0.912,18.207,True,6654830,130359304,23501832,106857472,135309284,,,12,6003957,,0.902195397929023
case_041,2,2,2,topo,,0,0.143,7.66,True,3849120,39957504,5007360,34950144,44907484,,,8,6003957,,1.559825882279586
case_041,2,2,2,balance,,0,0.103,7.66,True,3849120,39957504,5007360,34950144,44907484,,,8,6003957,,1.559825882279586
case_041,2,2,2,comm,,0,0.528,9.21,True,2999261,28941312,4893696,24047616,33891292,,,494,6003957,,2.001812113050515
case_042,2,2,3,random,,0,0.088,2.693,True,1441343,28913052,19892952,9020100,31302016,,,17,1686740,,1.1702557961567788
case_042,2,2,3,topo,,0,0.036,1.784,True,1052090,11187200,4858880,6328320,13576164,,,12,1686740,,1.6032278607343478
case_042,2,2,3,balance,,0,0.042,1.877,True,1290141,10065920,4923392,5142528,12454884,,,12,1686740,,1.307407484918315
case_042,2,2,3,comm,,0,0.072,1.572,True,614951,8856144,4278864,4577280,11245108,,,108,1686740,,2.742885205487917
case_041,3,3,2,random,,0,1.226,18.062,True,6654427,130359304,23501832,106857472,135309284,0.0036058928982735314,322560,12,6003957,,0.9022500359535088
case_041,3,3,2,topo,,0,0.114,8.419,True,3845371,39957504,5007360,34950144,44907484,0.09639380227615521,4319232,8,6003957,,1.5613466164903205
case_041,3,3,2,balance,,0,0.113,8.419,True,3845371,39957504,5007360,34950144,44907484,0.09639380227615521,4319232,8,6003957,,1.5613466164903205
case_041,3,3,2,comm,,0,0.227,9.279,True,2991498,28941312,4893696,24047616,33891292,0.3201595358955765,10850304,494,6003957,,2.007006857433968
case_041,2,2,3,random,,0,1.139,19.102,True,6567545,136071956,64330516,71741440,141021936,,,17,6003957,,0.9141858944247813
case_041,2,2,3,topo,,0,0.116,7.921,True,4173808,42522624,9879552,32643072,47472604,,,12,6003957,,1.4384842331031997
case_041,2,2,3,balance,,0,0.105,7.543,True,4284065,41029632,10004480,31025152,45979612,,,12,6003957,,1.4014626295352661
case_041,2,2,3,comm,,0,0.184,6.038,True,2032701,30790656,9787392,21003264,35740636,,,494,6003957,,2.953684285096529
case_041,2,2,5,random,,0,0.558,19.693,True,6065110,142934936,102783896,40151040,147884916,,,28,6003957,,0.9899172479971509
case_041,2,2,5,topo,,0,0.093,8.032,True,4521722,42930176,18544640,24385536,47880156,,,20,6003957,,1.327803213023711
case_041,2,2,5,balance,,0,0.098,6.878,True,4824388,41603072,18271232,23331840,46553052,,,20,6003957,,1.2445012714566075
case_041,2,2,5,comm,,0,0.212,6.247,True,1209527,35877888,18020352,17857536,40827868,,,494,6003957,,4.963888362971641
case_042,2,2,5,random,,0,0.1,2.357,True,1133665,31558396,26124796,5433600,33947360,,,26,1686740,,1.4878645808064992
case_042,2,2,5,topo,,0,0.014,1.231,True,1158427,11462656,8740864,2721792,13851620,,,20,1686740,,1.4560606753813576
case_042,2,2,5,balance,,0,0.015,1.24,True,1175698,10979328,8017920,2961408,13368292,,,20,1686740,,1.4346711485432484
case_042,2,2,5,comm,,0,0.054,1.189,True,412930,10416272,8096912,2319360,12805236,,,108,1686740,,4.084808563194731
case_041,2,2,4,random,,0,1.122,19.884,True,5853162,139112372,89348020,49764352,144062352,,,22,6003957,,1.0257629978462923
case_041,2,2,4,topo,,0,0.1,7.496,True,4114156,42381568,14291200,28090368,47331548,,,16,6003957,,1.4593411139490091
case_041,2,2,4,balance,,0,0.477,7.321,True,4168549,41335040,13871360,27463680,46285020,,,16,6003957,,1.4402990105190079
case_041,2,2,4,comm,,0,0.186,6.35,True,1526584,34550784,14349312,20201472,39500764,,,494,6003957,,3.9329358882315026
case_042,3,3,2,random,,0,0.078,2.158,True,1633853,25344272,11380300,13963972,27733236,0.07580605964987729,1429920,11,1686740,,1.0323694971334632
case_042,3,3,2,topo,,0,0.016,1.395,True,1399060,10021888,2599936,7421952,12410852,0.2968433300304696,3575808,8,1686740,,1.2056237759638615
case_042,3,3,2,balance,,0,0.02,1.383,True,1505963,9333760,2347008,6986752,11722724,0.2676322963998602,3062784,8,1686740,,1.1200407978150857
case_042,3,3,2,comm,,0,0.039,1.308,True,880981,7616816,2216240,5400576,10005780,0.3583929465985372,3577120,108,1686740,,1.9146156387027644
case_042,2,2,4,random,,0,0.063,2.626,True,1192854,30648648,23670056,6978592,33037612,,,23,1686740,,1.41403725854128
case_042,2,2,4,topo,,0,0.019,1.317,True,1278490,11086848,6988800,4098048,13475812,,,16,1686740,,1.3193220126868415
case_042,2,2,4,balance,,0,0.023,1.326,True,1230649,11136000,6942720,4193280,13524964,,,16,1686740,,1.3706101414781957
case_042,2,2,4,comm,,0,0.065,1.406,True,501724,9342832,6341488,3001344,11731796,,,108,1686740,,3.361888209453803
case_014,1,1,3,random,,0,1.2,163.337,True,19056974,351622844,330593252,21029592,361555584,,,16,17698626,,0.928721737249576
case_014,1,1,3,topo,,0,0.209,53.326,True,17649023,76667808,33830400,42837408,86600548,,,12,17698626,,1.0028105238459941
case_014,1,1,3,balance,,0,0.203,67.928,True,17643623,76667808,33830400,42837408,86600548,,,12,17698626,,1.0031174436225485
case_014,1,1,3,comm,,0,0.693,67.545,True,6320915,163914144,155438592,8475552,173846884,,,1335,17698626,,2.8000101251163794
case_041,3,3,4,random,,0,0.579,20.67,True,5849590,139112372,89348020,49764352,144062352,0.030704465742764194,2912256,22,6003957,,1.0263893708789846
case_041,3,3,4,topo,,0,0.125,8.044,True,4097848,42381568,14291200,28090368,47331548,0.10364117527312207,4887552,16,6003957,,1.4651487805306591
case_041,3,3,4,balance,,0,0.133,7.091,True,4159054,41335040,13871360,27463680,46285020,0.09159517154665386,4224000,16,6003957,,1.443587171505828
case_041,3,3,4,comm,,0,0.181,6.092,True,1520682,34550784,14349312,20201472,39500764,0.42479390262871364,16779264,494,6003957,,3.948200215429656
case_041,3,3,3,random,,0,0.994,19.709,True,6565853,136071956,64330516,71741440,141021936,0.006612176718698308,617472,17,6003957,,0.9144214773008168
case_041,3,3,3,topo,,0,0.12,8.121,True,4162026,42522624,9879552,32643072,47472604,0.10557755989870787,4995072,12,6003957,,1.442556341550966
case_041,3,3,3,balance,,0,0.126,7.552,True,4272539,41029632,10004480,31025152,45979612,0.11505196111297351,5271552,12,6003957,,1.4052433459355198
case_041,3,3,3,comm,,0,0.119,6.497,True,2024343,30790656,9787392,21003264,35740636,0.37949114663916106,13562880,494,6003957,,2.965879300098847
case_041,3,3,5,random,,0,0.525,20.706,True,6062262,142934936,102783896,40151040,147884916,0.01619049491987683,1570816,28,6003957,,0.9903823028433941
case_041,3,3,5,topo,,0,0.469,8.066,True,4481195,42930176,18544640,24385536,47880156,0.12080060260411062,5747712,20,6003957,,1.3398115904351406
case_041,3,3,5,balance,,0,0.11,6.697,True,4798597,41603072,18271232,23331840,46553052,0.09229543392133861,4270080,20,6003957,,1.2511900874359734
case_041,3,3,5,comm,,0,0.43,5.709,True,1204503,35877888,18020352,17857536,40827868,0.43905191873589167,17925120,494,6003957,,4.984592815459987
case_042,3,3,3,random,,0,0.078,2.082,True,1438230,28913052,19892952,9020100,31302016,0.11192539176543041,2334656,17,1686740,,1.1727887750916057
case_042,3,3,3,topo,,0,0.023,1.316,True,1042962,11187200,4858880,6328320,13576164,0.333892820681421,4322304,12,1686740,,1.6172593057081657
case_042,3,3,3,balance,,0,0.015,1.282,True,1285365,10065920,4923392,5142528,12454884,0.32427444833251945,3846144,12,1686740,,1.3122653876525345
case_042,3,3,3,comm,,0,0.046,1.34,True,610295,8856144,4278864,4577280,11245108,0.44212896450085953,4960832,108,1686740,,2.763810943887792
case_042,3,3,4,random,,0,0.055,2.281,True,1188243,30648648,23670056,6978592,33037612,0.14961457304239997,3294784,23,1686740,,1.419524457539409
case_042,3,3,4,topo,,0,0.031,1.238,True,1271331,11086848,6988800,4098048,13475812,0.29768565711481104,3784704,16,1686740,,1.3267512551805942
case_042,3,3,4,balance,,0,0.018,1.128,True,1229101,11136000,6942720,4193280,13524964,0.35286241885864295,4503552,16,1686740,,1.372336366173325
case_042,3,3,4,comm,,0,0.069,1.679,True,494698,9342832,6341488,3001344,11731796,0.48919998059283426,5727072,108,1686740,,3.4096357777876602
case_042,3,3,5,random,,0,0.08,2.204,True,1120662,31558396,26124796,5433600,33947360,0.14836947563017125,3368096,26,1686740,,1.5051282188563546
case_042,3,3,5,topo,,0,0.019,1.344,True,1154734,11462656,8740864,2721792,13851620,0.3333126370610631,4294656,20,1686740,,1.4607173600153802
case_042,3,3,5,balance,,0,0.017,1.067,True,1173980,10979328,8017920,2961408,13368292,0.3581970298779223,4475904,20,1686740,,1.4367706434521883
case_042,3,3,5,comm,,0,0.041,1.417,True,405313,10416272,8096912,2319360,12805236,0.4912400621699257,6278272,108,1686740,,4.161573894743075
case_043,2,2,2,random,,0,0.125,2.573,True,640264,3105834,2371450,734384,4536956,,,10,677656,,1.0584009096247797
case_043,2,2,2,topo,,0,0.052,2.554,True,584382,1593288,1585088,8200,3024410,,,8,677656,,1.1596113501100307
case_043,2,2,2,balance,,0,0.037,2.983,True,586028,1061640,1053440,8200,2492762,,,8,677656,,1.1563543038899164
case_043,2,2,2,comm,,0,0.202,3.719,True,406072,1888364,1888364,0,3319486,,,355,677656,,1.668807502117851
case_043,2,2,4,random,,0,0.148,2.713,True,678695,7217796,7169540,48256,8648918,,,21,677656,,0.998469120886407
case_043,2,2,4,topo,,0,0.033,2.159,True,492837,3394576,3386376,8200,4825698,,,16,677656,,1.3750103989757263
case_043,2,2,4,balance,,0,0.044,3.068,True,512820,2788138,2779938,8200,4219260,,,16,677656,,1.3214305214305215
case_043,2,2,4,comm,,0,0.226,3.64,True,255717,4322580,4322580,0,5753702,,,355,677656,,2.6500232679094466
case_043,3,3,2,random,,0,0.104,2.527,True,640264,3105834,2371450,734384,4536956,0.06196949870884815,192654,10,677656,,1.0584009096247797
case_043,3,3,2,topo,,0,0.031,2.453,True,584343,1593288,1585088,8200,3024410,0.29977752680820846,793664,8,677656,,1.1596887444531723
case_043,3,3,2,balance,,0,0.045,3.234,True,585989,1061640,1053440,8200,2492762,0.294497682974743,679104,8,677656,,1.156431264068097
case_043,3,3,2,comm,,0,0.189,3.874,True,405604,1888364,1888364,0,3319486,0.3201555676471169,908476,355,677656,,1.67073303024625
case_043,2,2,3,random,,0,0.381,2.673,True,650234,5800042,5494276,305766,7231164,,,16,677656,,1.042172510204019
case_043,2,2,3,topo,,0,0.261,2.373,True,550067,2306228,2298028,8200,3737350,,,12,677656,,1.231951744060269
case_043,2,2,3,balance,,0,0.098,3.549,True,594627,2237684,2229484,8200,3668806,,,12,677656,,1.1396320718702648
case_043,2,2,3,comm,,0,0.165,3.539,True,320325,3101896,3101896,0,4533018,,,355,677656,,2.11552641848123
case_044,1,1,2,random,,0,0.021,0.299,True,117900,2055712,1815328,240384,3031168,,,10,154407,,1.3096437659033078
case_044,1,1,2,topo,,0,0.006,0.337,True,183385,7318688,6566048,752640,8294144,,,8,154407,,0.8419827139624287
case_044,1,1,2,balance,,0,0.007,0.319,True,179785,7318688,6566048,752640,8294144,,,8,154407,,0.8588425063270017
case_044,1,1,2,comm,,0,0.018,0.301,True,181628,9304000,9304000,0,10279456,,,11,154407,,0.8501277336093553
case_043,2,2,5,random,,0,0.139,3.082,True,694451,7757016,7731988,25028,9188138,,,27,677656,,0.9758154283023568
case_043,2,2,5,topo,,0,0.051,2.741,True,513047,3613552,3605352,8200,5044674,,,20,677656,,1.3208458484310404
case_043,2,2,5,balance,,0,0.069,2.94,True,548622,2471170,2462970,8200,3902292,,,20,677656,,1.2351965469849915
case_043,2,2,5,comm,,0,0.152,3.705,True,246054,5300576,5300576,0,6731698,,,355,677656,,2.7540946296341455
case_044,1,1,3,random,,0,0.023,0.332,True,133721,3192544,3118816,73728,4168000,,,16,154407,,1.1546952236372747
case_044,1,1,3,topo,,0,0.007,0.373,True,209210,9393600,9393600,0,10369056,,,12,154407,,0.7380478944601119
case_044,1,1,3,balance,,0,0.006,0.322,True,207410,9393600,9393600,0,10369056,,,12,154407,,0.7444530157658743
case_044,1,1,3,comm,,0,0.013,0.313,True,177511,9304000,9304000,0,10279456,,,11,154407,,0.8698446856814507
case_044,2,2,2,random,,0,0.034,0.296,True,100747,1859296,737760,1121536,2834752,,,10,154407,,1.5326213187489455
case_044,2,2,2,topo,,0,0.007,0.287,True,126716,4900320,983648,3916672,5875776,,,8,154407,,1.2185280469711797
case_044,2,2,2,balance,,0,0.006,0.268,True,156998,4812288,950880,3861408,5787744,,,8,154407,,0.9834966050522936
case_044,2,2,2,comm,,0,0.014,0.176,True,131105,4672992,930400,3742592,5648448,,,11,154407,,1.1777354029213225
case_044,1,1,4,random,,0,0.025,0.366,True,150707,4033408,4033408,0,5008864,,,21,154407,,1.0245509498563439
case_044,1,1,4,topo,,0,0.007,0.353,True,216972,9422016,9422016,0,10397472,,,16,154407,,0.7116448205298379
case_044,1,1,4,balance,,0,0.007,0.325,True,216072,9422016,9422016,0,10397472,,,16,154407,,0.714609019215817
case_044,1,1,4,comm,,0,0.023,0.662,True,352628,9779904,9779904,0,10755360,,,275,154407,,0.43787504111982034
case_044,2,2,3,random,,0,0.014,0.279,True,101636,1622976,1204160,418816,2598432,,,16,154407,,1.519215632256287
case_044,2,2,3,topo,,0,0.008,0.272,True,141271,5476032,1950400,3525632,6451488,,,12,154407,,1.092984405858244
case_044,2,2,3,balance,,0,0.008,0.297,True,154437,5907648,1934528,3973120,6883104,,,12,154407,,0.9998057460323627
case_044,2,2,3,comm,,0,0.013,0.457,True,123553,5161216,1860800,3300416,6136672,,,11,154407,,1.2497227910289512
case_043,1,1,5,random,,0,0.158,3.862,True,737667,9144362,9144362,0,10575484,,,27,677656,,0.9186475740408613
case_043,1,1,5,topo,,0,0.043,2.568,True,707939,3453676,3445476,8200,4884798,,,20,677656,,0.9572237156026154
case_043,1,1,5,balance,,0,0.069,3.316,True,704339,3453676,3445476,8200,4884798,,,20,677656,,0.9621162536789812
case_043,1,1,5,comm,,0,0.183,5.501,True,286997,6081244,6081244,0,7512366,,,355,677656,,2.3611954131924726
case_044,1,1,5,random,,0,0.019,0.786,True,159311,4458848,4458848,0,5434304,,,26,154407,,0.969217442612249
case_044,1,1,5,topo,,0,0.008,0.296,True,222578,9427648,9427648,0,10403104,,,20,154407,,0.6937208529144839
case_044,1,1,5,balance,,0,0.007,0.395,True,218978,9427648,9427648,0,10403104,,,20,154407,,0.7051256290586269
case_044,1,1,5,comm,,0,0.032,0.656,True,315247,9779904,9779904,0,10755360,,,275,154407,,0.4897968894232142
case_044,3,3,2,random,,0,0.014,0.694,True,84658,1859296,737760,1121536,2834752,0.6094381544425272,1650144,10,154407,,1.8238914219565783
case_044,3,3,2,topo,,0,0.006,0.267,True,88718,4900320,983648,3916672,5875776,0.6863163217076843,3996096,8,154407,,1.7404247165175049
case_044,3,3,2,balance,,0,0.008,0.278,True,110659,4812288,950880,3861408,5787744,0.6856591582658207,3945952,8,154407,,1.3953406410685079
case_044,3,3,2,comm,,0,0.015,0.165,True,85335,4672992,930400,3742592,5648448,0.6652408850463568,3742592,11,154407,,1.809421690982598
case_044,2,2,4,random,,0,0.015,0.724,True,118402,2994208,2607136,387072,3969664,,,21,154407,,1.3040911471090015
case_044,2,2,4,topo,,0,0.007,0.324,True,138231,6127968,2909216,3218752,7103424,,,16,154407,,1.1170215074766152
case_044,2,2,4,balance,,0,0.007,0.3,True,145523,5983072,2901024,3082048,6958528,,,16,154407,,1.0610487689231256
case_044,2,2,4,comm,,0,0.029,0.382,True,212713,5597440,3263776,2333664,6572896,,,275,154407,,0.7258935749107953
case_043,1,1,4,random,,0,0.402,3.789,True,728772,8084664,8084664,0,9515786,,,21,677656,,0.92986009341742
case_043,1,1,4,topo,,0,0.055,3.018,True,698687,3358696,3350496,8200,4789818,,,16,677656,,0.969899253886218
case_043,1,1,4,balance,,0,0.07,3.587,True,695987,3358696,3350496,8200,4789818,,,16,677656,,0.9736618643739036
case_043,1,1,4,comm,,0,0.166,5.649,True,302069,6081244,6081244,0,7512366,,,355,677656,,2.2433814790660414
case_044,2,2,5,random,,0,0.014,0.334,True,128247,3452288,3052928,399360,4427744,,,26,154407,,1.203981379681396
case_044,2,2,5,topo,,0,0.009,0.325,True,145234,6223840,3845248,2378592,7199296,,,20,154407,,1.0631601415646474
case_044,2,2,5,balance,,0,0.007,0.288,True,149444,6024512,3819648,2204864,6999968,,,20,154407,,1.0332097641926072
case_044,2,2,5,comm,,0,0.021,0.756,True,191080,5786592,4155264,1631328,6762048,,,275,154407,,0.8080751517688927
case_044,3,3,3,random,,0,0.022,0.321,True,91141,1622976,1204160,418816,2598432,0.5592761600920491,1368768,16,154407,,1.694155210059139
case_044,3,3,3,topo,,0,0.008,0.691,True,107024,5476032,1950400,3525632,6451488,0.5846419889225833,3732448,12,154407,,1.4427324712214082
case_044,3,3,3,balance,,0,0.007,0.307,True,116005,5907648,1934528,3973120,6883104,0.5902059316188787,4025280,12,154407,,1.3310374552820998
case_044,3,3,3,comm,,0,0.018,0.207,True,83153,5161216,1860800,3300416,6136672,0.53980017480779,3300416,11,154407,,1.8569023366565247
case_043,1,1,3,random,,0,0.382,3.971,True,703315,7113984,7113984,0,8545106,,,16,677656,,0.9635170585015249
case_043,1,1,3,topo,,0,0.041,3.193,True,692242,2433400,2425200,8200,3864522,,,12,677656,,0.9789293339612448
case_043,1,1,3,balance,,0,0.498,3.736,True,692242,2433400,2425200,8200,3864522,,,12,677656,,0.9789293339612448
case_043,1,1,3,comm,,0,0.199,5.779,True,378370,6081244,6081244,0,7512366,,,355,677656,,1.7909876575838466
case_044,3,3,4,random,,0,0.015,0.318,True,94235,2994208,2607136,387072,3969664,0.6751325777269419,2493216,21,154407,,1.6385313312463523
case_044,3,3,4,topo,,0,0.006,0.315,True,90049,6127968,2909216,3218752,7103424,0.7449417283454866,5224032,16,154407,,1.7146997745671801
case_044,3,3,4,balance,,0,0.009,0.333,True,100323,5983072,2901024,3082048,6958528,0.6995126352111759,4813408,16,154407,,1.5390987111629437
case_044,3,3,4,comm,,0,0.026,0.727,True,155402,5597440,3263776,2333664,6572896,0.8078552546793105,5095072,275,154407,,0.9935972510006307
case_045,1,1,2,random,,0,0.03,0.737,True,170306,8237056,8237056,0,8794112,,,11,125614,,0.7375782415182084
case_045,1,1,2,topo,,0,0.009,0.298,True,115934,163840,163840,0,720896,,,8,125614,,1.0834957820829092
case_045,1,1,2,balance,,0,0.013,0.298,True,115934,163840,163840,0,720896,,,8,125614,,1.0834957820829092
case_045,1,1,2,comm,,0,0.015,0.249,True,74059,0,0,0,557056,,,68,125614,,1.696134163302232
case_045,1,1,3,random,,0,0.029,0.822,True,185375,9314304,9314304,0,9871360,,,15,125614,,0.6776210384356035
case_045,1,1,3,topo,,0,0.013,0.336,True,138449,270336,270336,0,827392,,,12,125614,,0.9072943827691063
case_045,1,1,3,balance,,0,0.013,0.336,True,138449,270336,270336,0,827392,,,12,125614,,0.9072943827691063
case_045,1,1,3,comm,,0,0.014,0.301,True,53539,0,0,0,557056,,,68,125614,,2.3462149087581015
case_045,1,1,5,random,,0,0.026,0.788,True,224273,11300864,11300864,0,11857920,,,26,125614,,0.5600941709434484
case_045,1,1,5,topo,,0,0.009,0.293,True,116947,421888,421888,0,978944,,,20,125614,,1.0741104944975075
case_045,1,1,5,balance,,0,0.012,0.293,True,116947,421888,421888,0,978944,,,20,125614,,1.0741104944975075
case_045,1,1,5,comm,,0,0.014,0.278,True,35702,0,0,0,557056,,,68,125614,,3.518402330401658
case_045,2,2,2,random,,0,0.036,0.53,True,156277,7442432,5230592,2211840,7999488,,,11,125614,,0.8037907049661819
case_045,2,2,2,topo,,0,0.01,0.268,True,63851,163840,163840,0,720896,,,8,125614,,1.967298867676309
case_045,2,2,2,balance,,0,0.011,0.268,True,63851,163840,163840,0,720896,,,8,125614,,1.967298867676309
case_045,2,2,2,comm,,0,0.014,0.213,True,63059,0,0,0,557056,,,68,125614,,1.99200748505368
case_045,1,1,4,random,,0,0.041,0.879,True,210154,10862592,10862592,0,11419648,,,22,125614,,0.5977235741408681
case_045,1,1,4,topo,,0,0.013,0.3,True,142746,368640,368640,0,925696,,,16,125614,,0.8799826264834041
case_045,1,1,4,balance,,0,0.009,0.3,True,142746,368640,368640,0,925696,,,16,125614,,0.8799826264834041
case_045,1,1,4,comm,,0,0.012,0.277,True,39988,0,0,0,557056,,,68,125614,,3.141292387716315
case_043,1,1,2,random,,0,0.36,4.246,True,695838,4481584,4276652,204932,5912706,,,10,677656,,0.9738703548814522
case_043,1,1,2,topo,,0,0.039,3.852,True,687626,1789368,1781168,8200,3220490,,,8,677656,,0.9855008391189397
case_043,1,1,2,balance,,0,0.073,4.845,True,684926,1789368,1781168,8200,3220490,,,8,677656,,0.9893857146611459
case_043,1,1,2,comm,,0,0.174,5.417,True,462268,6081244,6081244,0,7512366,,,355,677656,,1.4659375081121773
case_044,3,3,5,random,,0,0.016,0.429,True,100442,3452288,3052928,399360,4427744,0.6821047394728046,2807936,26,154407,,1.5372752434240657
case_044,3,3,5,topo,,0,0.01,0.303,True,82433,6223840,3845248,2378592,7199296,0.8571923571923572,6095584,20,154407,,1.87312120146058
case_044,3,3,5,balance,,0,0.007,0.32,True,86268,6024512,3819648,2204864,6999968,0.806043978883485,5584608,20,154407,,1.7898525525107805
case_044,3,3,5,comm,,0,0.035,0.893,True,129996,5786592,4155264,1631328,6762048,0.8164813340019074,5314784,275,154407,,1.1877827010061848
case_046,1,1,2,random,,0,0.021,0.227,True,250725,2427488,2353760,73728,3488960,,,10,276455,,1.1026223950543423
case_046,1,1,2,topo,,0,0.005,0.198,True,158876,6512800,6512800,0,7574272,,,8,276455,,1.7400677257735593
case_046,1,1,2,balance,,0,0.005,0.198,True,158876,6512800,6512800,0,7574272,,,8,276455,,1.7400677257735593
case_046,1,1,2,comm,,0,0.012,0.198,True,158876,6512800,6512800,0,7574272,,,8,276455,,1.7400677257735593
case_045,2,2,3,random,,0,0.038,0.643,True,169879,8339456,7008256,1331200,8896512,,,15,125614,,0.7394321840839656
case_045,2,2,3,topo,,0,0.009,0.288,True,47716,270336,270336,0,827392,,,12,125614,,2.632534160449325
case_045,2,2,3,balance,,0,0.012,0.288,True,47716,270336,270336,0,827392,,,12,125614,,2.632534160449325
case_045,2,2,3,comm,,0,0.015,0.263,True,42836,0,0,0,557056,,,68,125614,,2.932440003735176
case_045,2,2,4,random,,0,0.028,1.037,True,180934,9273344,7725056,1548288,9830400,,,22,125614,,0.6942531530834448
case_045,2,2,4,topo,,0,0.013,0.304,True,39340,368640,368640,0,925696,,,16,125614,,3.1930350788002033
case_045,2,2,4,balance,,0,0.011,0.304,True,39340,368640,368640,0,925696,,,16,125614,,3.1930350788002033
case_045,2,2,4,comm,,0,0.017,0.206,True,32037,0,0,0,557056,,,68,125614,,3.92090395480226
case_045,3,3,4,random,,0,0.019,0.673,True,169785,9273344,7725056,1548288,9830400,0.14973664409330323,815104,22,125614,,0.7398415643313603
case_045,3,3,4,topo,,0,0.01,0.307,True,39340,368640,368640,0,925696,0.0847457627118644,40960,16,125614,,3.1930350788002033
case_045,3,3,4,balance,,0,0.01,0.307,True,39340,368640,368640,0,925696,0.0847457627118644,40960,16,125614,,3.1930350788002033
case_045,3,3,4,comm,,0,0.012,0.181,True,32037,0,0,0,557056,0.0,0,68,125614,,3.92090395480226
case_045,3,3,5,random,,0,0.024,0.654,True,175515,9871360,9101312,770048,10428416,0.14204139900071378,815104,26,125614,,0.7156881178246873
case_045,3,3,5,topo,,0,0.01,0.303,True,40714,421888,421888,0,978944,0.11811023622047244,61440,20,125614,,3.0852777914230978
case_045,3,3,5,balance,,0,0.013,0.303,True,40714,421888,421888,0,978944,0.11811023622047244,61440,20,125614,,3.0852777914230978
case_045,3,3,5,comm,,0,0.016,0.134,True,26399,0,0,0,557056,0.0,0,68,125614,,4.758286298723436
case_045,2,2,5,random,,0,0.02,0.972,True,186496,9871360,9101312,770048,10428416,,,26,125614,,0.6735479581331503
case_045,2,2,5,topo,,0,0.012,0.336,True,40760,421888,421888,0,978944,,,20,125614,,3.0817958783120707
case_045,2,2,5,balance,,0,0.01,0.336,True,40760,421888,421888,0,978944,,,20,125614,,3.0817958783120707
case_045,2,2,5,comm,,0,0.011,0.198,True,26399,0,0,0,557056,,,68,125614,,4.758286298723436
case_045,3,3,2,random,,0,0.024,0.592,True,149265,7442432,5230592,2211840,7999488,0.1537053979871912,688128,11,125614,,0.8415502629551469
case_045,3,3,2,topo,,0,0.011,0.681,True,63851,163840,163840,0,720896,0.06593406593406594,24576,8,125614,,1.967298867676309
case_045,3,3,2,balance,,0,0.011,0.681,True,63851,163840,163840,0,720896,0.06593406593406594,24576,8,125614,,1.967298867676309
case_045,3,3,2,comm,,0,0.015,0.214,True,63059,0,0,0,557056,0.0,0,68,125614,,1.99200748505368
case_043,3,3,3,random,,0,0.128,3.946,True,649686,5800042,5494276,305766,7231164,0.13076561348048643,611216,16,677656,,1.043051566449023
case_043,3,3,3,topo,,0,0.077,3.268,True,549169,2306228,2298028,8200,3737350,0.3742567217187434,1193724,12,677656,,1.2339662289750515
case_043,3,3,3,balance,,0,0.388,3.162,True,594340,2237684,2229484,8200,3668806,0.36880678817319584,1166156,12,677656,,1.140182387185786
case_043,3,3,3,comm,,0,0.184,3.175,True,319116,3101896,3101896,0,4533018,0.45511567991427077,1702200,355,677656,,2.1235412827937177
case_045,3,3,3,random,,0,0.024,0.683,True,162762,8339456,7008256,1331200,8896512,0.143687707641196,708608,15,125614,,0.7717649082709723
case_045,3,3,3,topo,,0,0.011,0.678,True,47677,270336,270336,0,827392,0.09433962264150944,40960,12,125614,,2.634687585208801
case_045,3,3,3,balance,,0,0.011,0.678,True,47677,270336,270336,0,827392,0.09433962264150944,40960,12,125614,,2.634687585208801
case_045,3,3,3,comm,,0,0.014,0.264,True,42836,0,0,0,557056,0.0,0,68,125614,,2.932440003735176
case_046,2,2,2,random,,0,0.019,0.548,True,220112,1523296,917088,606208,2584768,,,10,276455,,1.255974231300429
case_046,2,2,2,topo,,0,0.005,0.458,True,166578,3521632,930400,2591232,4583104,,,8,276455,,1.6596129140702853
case_046,2,2,2,balance,,0,0.005,0.458,True,166578,3521632,930400,2591232,4583104,,,8,276455,,1.6596129140702853
case_046,2,2,2,comm,,0,0.017,0.458,True,166578,3521632,930400,2591232,4583104,,,8,276455,,1.6596129140702853
case_046,1,1,3,random,,0,0.011,0.289,True,260630,3689024,3689024,0,4750496,,,16,276455,,1.0607182596017342
case_046,1,1,3,topo,,0,0.005,0.232,True,266705,6851744,6851744,0,7913216,,,12,276455,,1.0365572448960463
case_046,1,1,3,balance,,0,0.006,0.244,True,264905,6851744,6851744,0,7913216,,,12,276455,,1.0436005360412224
case_046,1,1,3,comm,,0,0.017,0.426,True,338940,7897248,7897248,0,8958720,,,200,276455,,0.8156458370213017
case_046,3,3,2,random,,0,0.015,0.484,True,219405,1523296,917088,606208,2584768,0.4218458178892624,939616,10,276455,,1.2600214215719787
case_046,3,3,2,topo,,0,0.005,0.191,True,137552,3521632,930400,2591232,4583104,0.573590037825662,2591232,8,276455,,2.00982174014191
case_046,3,3,2,balance,,0,0.005,0.191,True,137552,3521632,930400,2591232,4583104,0.573590037825662,2591232,8,276455,,2.00982174014191
case_046,3,3,2,comm,,0,0.012,0.191,True,137552,3521632,930400,2591232,4583104,0.573590037825662,2591232,8,276455,,2.00982174014191
case_043,3,3,4,random,,0,0.135,4.524,True,677232,7217796,7169540,48256,8648918,0.14473359458517612,785794,21,677656,,1.0006260779171687
case_043,3,3,4,topo,,0,0.074,3.059,True,492262,3394576,3386376,8200,4825698,0.4590323013452169,1854328,16,677656,,1.3766165172205045
case_043,3,3,4,balance,,0,0.069,3.472,True,512742,2788138,2779938,8200,4219260,0.4058553852651233,1460706,16,677656,,1.3216315417890478
case_043,3,3,4,comm,,0,0.199,3.146,True,253365,4322580,4322580,0,5753702,0.45849489888695116,2117964,355,677656,,2.6746235667909932
case_046,1,1,4,random,,0,0.014,0.291,True,269290,4817600,4817600,0,5879072,,,22,276455,,1.0266070036020647
case_046,1,1,4,topo,,0,0.005,0.527,True,261993,6970528,6970528,0,8032000,,,16,276455,,1.0551999480902161
case_046,1,1,4,balance,,0,0.007,0.269,True,259293,6970528,6970528,0,8032000,,,16,276455,,1.066187671861562
case_046,1,1,4,comm,,0,0.022,0.433,True,370571,7897248,7897248,0,8958720,,,200,276455,,0.7460243785941155
case_046,1,1,5,random,,0,0.024,0.307,True,274331,5358048,5358048,0,6419520,,,27,276455,,1.0077424716856644
case_046,1,1,5,topo,,0,0.005,0.236,True,289705,6981792,6981792,0,8043264,,,20,276455,,0.954263820092853
case_046,1,1,5,balance,,0,0.009,0.278,True,288805,6981792,6981792,0,8043264,,,20,276455,,0.9572375824518273
case_046,1,1,5,comm,,0,0.016,0.465,True,324931,7897248,7897248,0,8958720,,,200,276455,,0.850811403036337
case_046,2,2,5,random,,0,0.02,0.266,True,224618,4204736,4057280,147456,5266208,,,27,276455,,1.2307784772369088
case_046,2,2,5,topo,,0,0.005,0.174,True,161351,3707008,1827968,1879040,4768480,,,20,276455,,1.7133764277878663
case_046,2,2,5,balance,,0,0.005,0.21,True,190662,4980640,3723296,1257344,6042112,,,20,276455,,1.4499743000702814
case_046,2,2,5,comm,,0,0.017,0.271,True,232823,5637312,5196160,441152,6698784,,,200,276455,,1.1874041653960306
case_046,2,2,4,random,,0,0.015,0.286,True,241503,3143936,2740480,403456,4205408,,,22,276455,,1.144726980617218
case_046,2,2,4,topo,,0,0.009,0.219,True,278697,3544928,2070368,1474560,4606400,,,16,276455,,0.9919554211204282
case_046,2,2,4,balance,,0,0.008,0.226,True,283119,5251232,3151648,2099584,6312704,,,16,276455,,0.9764621943423084
case_046,2,2,4,comm,,0,0.016,0.251,True,265338,5480512,4044576,1435936,6541984,,,200,276455,,1.0418975043152507
case_046,2,2,3,random,,0,0.019,0.243,True,234069,2969152,2776640,192512,4030624,,,16,276455,,1.181083355762617
case_046,2,2,3,topo,,0,0.005,0.178,True,243678,3988160,1394112,2594048,5049632,,,12,276455,,1.1345094756194651
case_046,2,2,3,balance,,0,0.292,0.228,True,225552,4335424,2132160,2203264,5396896,,,12,276455,,1.2256818826700717
case_046,2,2,3,comm,,0,0.024,0.286,True,250584,4576704,2985728,1590976,5638176,,,200,276455,,1.1032428247613575
case_046,3,3,4,random,,0,0.014,0.25,True,227443,3143936,2740480,403456,4205408,0.5451429504094013,1923840,22,276455,,1.2154913538776748
case_046,3,3,4,topo,,0,0.006,0.245,True,259381,3544928,2070368,1474560,4606400,0.5966011131725417,2572544,16,276455,,1.0658259471588127
case_046,3,3,4,balance,,0,0.006,0.229,True,263344,5251232,3151648,2099584,6312704,0.6486296890164142,3935200,16,276455,,1.0497865909228994
case_046,3,3,4,comm,,0,0.02,0.25,True,237227,5480512,4044576,1435936,6541984,0.6844843768009352,3990752,200,276455,,1.1653606039784679
case_046,3,3,3,random,,0,0.021,0.225,True,222840,2969152,2776640,192512,4030624,0.4984695191143236,1672768,16,276455,,1.240598635792497
case_046,3,3,3,topo,,0,0.004,0.201,True,215392,3988160,1394112,2594048,5049632,0.7429298736516081,3576928,12,276455,,1.2834970658148863
case_046,3,3,3,balance,,0,0.006,0.269,True,197524,4335424,2132160,2203264,5396896,0.7483348569936006,3850560,12,276455,,1.39960207367206
case_046,3,3,3,comm,,0,0.027,0.348,True,220307,4576704,2985728,1590976,5638176,0.6439952468799444,3139008,200,276455,,1.254862532738406
case_046,3,3,5,random,,0,0.016,0.35,True,214080,4204736,4057280,147456,5266208,0.5292582200591257,2251456,27,276455,,1.2913630418535127
case_046,3,3,5,topo,,0,0.007,0.279,True,143437,3707008,1827968,1879040,4768480,0.6590279219988685,2944832,20,276455,,1.927361838298347
case_046,3,3,5,balance,,0,0.008,0.277,True,169882,4980640,3723296,1257344,6042112,0.6845693567043332,3939264,20,276455,,1.6273354446027242
case_046,3,3,5,comm,,0,0.025,0.278,True,207724,5637312,5196160,441152,6698784,0.693214074431883,4087168,200,276455,,1.3308765477267914
case_043,3,3,5,random,,0,0.13,4.402,True,694303,7757016,7731988,25028,9188138,0.17780865446264538,1022228,27,677656,,0.9760234364535368
case_043,3,3,5,topo,,0,0.085,3.149,True,512792,3613552,3605352,8200,5044674,0.44780827533615747,1874452,20,677656,,1.3215026755487604
case_043,3,3,5,balance,,0,0.216,3.428,True,547092,2471170,2462970,8200,3902292,0.3896828359907847,1283814,20,677656,,1.238650903321562
case_043,3,3,5,comm,,0,0.211,3.696,True,237524,5300576,5300576,0,6731698,0.5141536864662656,2762048,355,677656,,2.8530001178828246
case_041,1,1,5,random,,0,0.541,35.291,True,6419634,149824568,149824568,0,154774548,,,28,6003957,,0.9352491123325722
case_041,1,1,5,topo,,0,0.093,9.46,True,5951492,37793792,35867648,1926144,42743772,,,20,6003957,,1.0088154365325535
case_041,1,1,5,balance,,0,0.085,9.575,True,5950592,37793792,35867648,1926144,42743772,,,20,6003957,,1.0089680152831852
case_041,1,1,5,comm,,0,0.243,18.091,True,1258538,64760832,64760832,0,69710812,,,494,6003957,,4.770580626091545
case_041,1,1,4,random,,0,0.793,38.303,True,6370476,142916980,142686580,230400,147866960,,,22,6003957,,0.9424659946917624
case_041,1,1,4,topo,,0,0.095,9.61,True,5953375,36056320,32704768,3351552,41006300,,,16,6003957,,1.008496357108363
case_041,1,1,4,balance,,0,0.078,12.068,True,5951575,36056320,32704768,3351552,41006300,,,16,6003957,,1.0088013677051872
case_041,1,1,4,comm,,0,0.217,18.579,True,1567364,64760832,64760832,0,69710812,,,494,6003957,,3.8306079506738704
case_048,1,1,2,random,,0,0.044,0.567,True,229198,324616,324616,0,739406,,,11,222220,,0.9695547081562667
case_048,1,1,2,topo,,0,0.022,0.499,True,232037,320136,320136,0,734926,,,8,222220,,0.9576920922094321
case_048,1,1,2,balance,,0,0.015,0.43,True,229337,320136,320136,0,734926,,,8,222220,,0.9689670659335389
case_048,1,1,2,comm,,0,0.035,0.516,True,212543,615242,615242,0,1030032,,,90,222220,,1.0455296104788208
case_048,1,1,3,random,,0,0.023,0.341,True,232244,483380,483380,0,898170,,,16,222220,,0.9568384974423452
case_048,1,1,3,topo,,0,0.009,0.319,True,237368,498622,498622,0,913412,,,12,222220,,0.9361834788177008
case_048,1,1,3,balance,,0,0.016,0.406,True,234668,498622,498622,0,913412,,,12,222220,,0.9469548468474611
case_048,1,1,3,comm,,0,0.035,0.417,True,220364,615242,615242,0,1030032,,,90,222220,,1.0084224283458278
case_048,1,1,4,random,,0,0.24,0.368,True,242289,601404,601404,0,1016194,,,22,222220,,0.9171691657483418
case_048,1,1,4,topo,,0,0.012,0.359,True,246390,614610,614610,0,1029400,,,16,222220,,0.9019034863427899
case_048,1,1,4,balance,,0,0.012,0.326,True,242790,614610,614610,0,1029400,,,16,222220,,0.9152765764652581
case_048,1,1,4,comm,,0,0.032,0.454,True,208979,615242,615242,0,1030032,,,90,222220,,1.0633604333449773
case_048,1,1,5,random,,0,0.02,0.407,True,247842,762664,762664,0,1177454,,,27,222220,,0.8966196205647147
case_048,1,1,5,topo,,0,0.017,0.634,True,248681,680032,680032,0,1094822,,,20,222220,,0.8935946051367012
case_048,1,1,5,balance,,0,0.01,0.409,True,244181,680032,680032,0,1094822,,,20,222220,,0.9100626174845708
case_048,1,1,5,comm,,0,0.035,1.423,True,464919,1872830,1872830,0,2287620,,,540,222220,,0.47797573340732474
case_041,1,1,2,random,,0,0.478,50.865,True,6315625,126422860,122441548,3981312,131372840,,,12,6003957,,0.9506512815437902
case_041,1,1,2,topo,,0,0.092,20.272,True,5962093,33346560,22195200,11151360,38296540,,,8,6003957,,1.0070216952335362
case_041,1,1,2,balance,,0,0.155,20.272,True,5962093,33346560,22195200,11151360,38296540,,,8,6003957,,1.0070216952335362
case_041,1,1,2,comm,,0,0.715,16.349,True,3096120,64760832,64760832,0,69710812,,,494,6003957,,1.9391874345955582
case_041,1,1,3,random,,0,1.06,41.795,True,6342961,135159336,133067304,2092032,140109316,,,17,6003957,,0.9465542985365983
case_041,1,1,3,topo,,0,0.097,12.734,True,5964255,35211264,27979776,7231488,40161244,,,12,6003957,,1.0066566570342816
case_041,1,1,3,balance,,0,0.103,16.055,True,5963355,35211264,27979776,7231488,40161244,,,12,6003957,,1.0068085834232576
case_041,1,1,3,comm,,0,0.233,16.504,True,2078944,64760832,64760832,0,69710812,,,494,6003957,,2.8879839957209046
case_047,2,2,5,random,,0,0.948,5.958,True,324438,1182704,1182704,0,1646646,,,26,326508,,1.006380263717567
case_047,2,2,5,topo,,0,0.092,5.938,True,338342,1122776,1122776,0,1586718,,,20,326508,,0.9650235560468402
case_047,2,2,5,balance,,0,0.135,5.339,True,336457,920984,920984,0,1384926,,,20,326508,,0.9704300995372366
case_047,2,2,5,comm,,0,0.22,5.802,True,154709,2616600,2616600,0,3080542,,,590,326508,,2.1104654544984456
case_048,2,2,3,random,,0,0.049,0.474,True,225345,352648,352648,0,767438,,,16,222220,,0.9861323748030797
case_048,2,2,3,topo,,0,0.01,1.011,True,230491,499212,499212,0,914002,,,12,222220,,0.9641157355384808
case_048,2,2,3,balance,,0,0.048,0.491,True,227701,361996,361996,0,776786,,,12,222220,,0.975928959468777
case_048,2,2,3,comm,,0,0.042,0.351,True,180291,576140,576140,0,990930,,,90,222220,,1.2325629121808632
case_047,2,2,4,random,,0,0.784,6.286,True,327454,871596,871596,0,1335538,,,21,326508,,0.9971110446047384
case_047,2,2,4,topo,,0,0.13,5.769,True,323180,991922,991922,0,1455864,,,16,326508,,1.0102976669348351
case_047,2,2,4,balance,,0,0.656,4.926,True,324226,717170,717170,0,1181112,,,16,326508,,1.0070383004447514
case_047,2,2,4,comm,,0,0.215,5.947,True,154191,1951698,1951698,0,2415640,,,590,326508,,2.117555499348211
case_048,2,2,2,random,,0,0.024,0.687,True,226423,169476,169476,0,584266,,,11,222220,,0.9814373981441815
case_048,2,2,2,topo,,0,0.013,0.468,True,227557,319718,319718,0,734508,,,8,222220,,0.97654653559328
case_048,2,2,2,balance,,0,0.018,0.609,True,226685,165958,165958,0,580748,,,8,222220,,0.9803030637227871
case_048,2,2,2,comm,,0,0.059,0.718,True,180700,331332,331332,0,746122,,,90,222220,,1.2297731045932485
case_048,2,2,4,random,,0,0.05,0.476,True,226497,493580,493580,0,908370,,,22,222220,,0.9811167476831922
case_048,2,2,4,topo,,0,0.017,1.052,True,232276,637266,637266,0,1052056,,,16,222220,,0.9567066765399783
case_048,2,2,4,balance,,0,0.009,0.327,True,230616,499154,499154,0,913944,,,16,222220,,0.9635931591910362
case_048,2,2,4,comm,,0,0.041,0.353,True,175114,736974,736974,0,1151764,,,90,222220,,1.26900190732894
case_048,3,3,2,random,,0,0.031,0.413,True,226423,169476,169476,0,584266,0.032573134518220526,16388,11,222220,,0.9814373981441815
case_048,3,3,2,topo,,0,0.017,0.722,True,227556,319718,319718,0,734508,0.10226765824006817,61442,8,222220,,0.976550827049166
case_048,3,3,2,balance,,0,0.035,0.562,True,226685,165958,165958,0,580748,0.044657653728739644,22528,8,222220,,0.9803030637227871
case_048,3,3,2,comm,,0,0.052,0.666,True,180700,331332,331332,0,746122,0.0010067032551229046,580,90,222220,,1.2297731045932485
case_048,3,3,3,random,,0,0.036,1.213,True,225345,352648,352648,0,767438,0.03538992907943974,21128,16,222220,,0.9861323748030797
case_048,3,3,3,topo,,0,0.032,0.76,True,230491,499212,499212,0,914002,0.12412607808600785,87244,12,222220,,0.9641157355384808
case_048,3,3,3,balance,,0,0.03,0.615,True,227699,361996,361996,0,776786,0.09029274613910532,55882,12,222220,,0.9759375315657952
case_048,3,3,3,comm,,0,0.046,0.356,True,180246,576140,576140,0,990930,0.09885445301772985,69260,90,222220,,1.2328706323579997
case_048,3,3,4,random,,0,0.032,0.556,True,226497,493580,493580,0,908370,0.07584910448950442,51404,22,222220,,0.9811167476831922
case_048,3,3,4,topo,,0,0.01,0.841,True,232273,637266,637266,0,1052056,0.18328453175817383,144720,16,222220,,0.9567190332066147
case_048,3,3,4,balance,,0,0.03,0.726,True,230611,499154,499154,0,913944,0.15401184858143646,109394,16,222220,,0.9636140513678879
case_048,3,3,4,comm,,0,0.053,0.878,True,175074,736974,736974,0,1151764,0.15274162161051977,118990,90,222220,,1.2692918423066817
case_048,2,2,5,random,,0,0.027,0.421,True,219292,557778,557778,0,972568,,,27,222220,,1.0133520602666763
case_048,2,2,5,topo,,0,0.019,0.78,True,232518,719640,719640,0,1134430,,,20,222220,,0.9557109557109557
case_048,2,2,5,balance,,0,0.034,0.549,True,230561,551768,551768,0,966558,,,20,222220,,0.9638230229743973
case_048,2,2,5,comm,,0,0.061,1.781,True,326573,1774264,1774264,0,2189054,,,540,222220,,0.6804604177320231
case_048,3,3,5,random,,0,0.023,0.574,True,219291,557778,557778,0,972568,0.06927248513030033,49102,27,222220,,1.0133566813047503
case_048,3,3,5,topo,,0,0.072,0.74,True,232516,719640,719640,0,1134430,0.1856691157081375,153496,20,222220,,0.9557191763147482
case_048,3,3,5,balance,,0,0.025,1.365,True,230561,551768,551768,0,966558,0.16169484620085556,119064,20,222220,,0.9638230229743973
case_048,3,3,5,comm,,0,0.046,1.031,True,326131,1774264,1774264,0,2189054,0.20165270855554235,268088,540,222220,,0.6813826345854886
case_047,2,2,3,random,,0,0.33,7.135,True,322756,783720,783720,0,1247662,,,15,326508,,1.0116248807148434
case_047,2,2,3,topo,,0,0.105,7.635,True,334155,793164,793164,0,1257106,,,12,326508,,0.9771154105130853
case_047,2,2,3,balance,,0,0.085,5.152,True,332335,585676,585676,0,1049618,,,12,326508,,0.9824664871289512
case_047,2,2,3,comm,,0,0.258,7.84,True,151831,1235596,1235596,0,1699538,,,590,326508,,2.150469930383123
case_047,3,3,3,random,,0,0.269,7.478,True,322756,783720,783720,0,1247662,0.009013001324751756,7688,15,326508,,1.0116248807148434
case_047,3,3,3,topo,,0,0.109,6.873,True,334149,793164,793164,0,1257106,0.16848139531340794,154828,12,326508,,0.9771329556575061
case_047,3,3,3,balance,,0,0.094,5.14,True,332335,585676,585676,0,1049618,0.14471451393702686,116492,12,326508,,0.9824664871289512
case_047,3,3,3,comm,,0,0.321,7.871,True,151547,1235596,1235596,0,1699538,0.3317622801162409,390668,590,326508,,2.154499924115951
case_047,2,2,2,random,,0,0.854,8.232,True,325538,307076,307076,0,771018,,,11,326508,,1.0029796828634445
case_047,2,2,2,topo,,0,0.151,7.204,True,331897,508998,508998,0,972940,,,8,326508,,0.9837630349174593
case_047,2,2,2,balance,,0,0.496,5.79,True,330445,365190,365190,0,829132,,,8,326508,,0.9880857631375872
case_047,2,2,2,comm,,0,0.27,8.048,True,331435,379654,379654,0,843596,,,36,326508,,0.9851343400666798
case_047,3,3,2,random,,0,0.325,8.787,True,325538,307076,307076,0,771018,0.010844185660274133,6660,11,326508,,1.0029796828634445
case_047,3,3,2,topo,,0,0.096,7.226,True,331897,508998,508998,0,972940,0.12295955232775853,93254,8,326508,,0.9837630349174593
case_047,3,3,2,balance,,0,0.08,6.511,True,330445,365190,365190,0,829132,0.0989756326537888,66630,8,326508,,0.9880857631375872
case_047,3,3,2,comm,,0,0.332,8.462,True,331435,379654,379654,0,843596,0.10067913807575589,68608,36,326508,,0.9851343400666798
case_047,1,1,5,random,,0,0.283,6.683,True,342209,1913530,1913530,0,2377472,,,26,326508,,0.9541186818581627
case_047,1,1,5,topo,,0,0.116,5.704,True,349276,1023726,1023726,0,1487668,,,20,326508,,0.9348137289707853
case_047,1,1,5,balance,,0,0.124,5.602,True,346576,1023726,1023726,0,1487668,,,20,326508,,0.9420963944416232
case_047,1,1,5,comm,,0,0.233,13.831,True,201654,2686698,2686698,0,3150640,,,590,326508,,1.6191496325389032
case_047,1,1,4,random,,0,0.303,7.369,True,335094,1677556,1677556,0,2141498,,,21,326508,,0.9743773388959516
case_047,1,1,4,topo,,0,0.119,6.246,True,345760,908280,908280,0,1372222,,,16,326508,,0.9443197593706617
case_047,1,1,4,balance,,0,0.76,5.116,True,342160,908280,908280,0,1372222,,,16,326508,,0.9542553191489361
case_047,1,1,4,comm,,0,0.274,13.464,True,198618,2686698,2686698,0,3150640,,,590,326508,,1.6438993444702896
case_047,3,3,4,random,,0,0.285,6.998,True,327454,871596,871596,0,1335538,0.020831066753999355,18764,21,326508,,0.9971110446047384
case_047,3,3,4,topo,,0,0.149,4.845,True,323163,991922,991922,0,1455864,0.23704045031471555,247950,16,326508,,1.0103508136760706
case_047,3,3,4,balance,,0,0.105,4.996,True,324219,717170,717170,0,1181112,0.17222100865576276,151374,16,326508,,1.0070600427488827
case_047,3,3,4,comm,,0,0.341,8.661,True,152521,1951698,1951698,0,2415640,0.4990144609136863,839506,590,326508,,2.140741274971971
case_049,1,1,3,random,,0,0.125,2.431,True,212420,2021228,2021228,0,2173768,,,16,196276,,0.9239996233876283
case_049,1,1,3,topo,,0,0.038,1.435,True,212260,637496,637496,0,790036,,,12,196276,,0.9246961273909357
case_049,1,1,3,balance,,0,0.031,1.964,True,211360,637496,637496,0,790036,,,12,196276,,0.9286336109008327
case_049,1,1,3,comm,,0,0.065,1.646,True,187676,546822,546822,0,699362,,,30,196276,,1.0458236535305527
case_047,3,3,5,random,,0,0.334,6.572,True,324407,1182704,1182704,0,1646646,0.07074926209741245,75984,26,326508,,1.0064764323827784
case_047,3,3,5,topo,,0,0.532,4.689,True,338287,1122776,1122776,0,1586718,0.29649665347512916,337294,20,326508,,0.9651804532837502
case_047,3,3,5,balance,,0,0.092,5.576,True,336425,920984,920984,0,1384926,0.24196600337401222,245264,20,326508,,0.9705224046964405
case_047,3,3,5,comm,,0,0.457,8.581,True,150938,2616600,2616600,0,3080542,0.6122550595354489,1283736,590,326508,,2.1631928341438207
case_049,1,1,2,random,,0,0.099,1.938,True,210745,1435624,1435624,0,1588164,,,10,196276,,0.9313435668699139
case_049,1,1,2,topo,,0,0.048,1.397,True,207323,430370,430370,0,582910,,,8,196276,,0.9467159938839396
case_049,1,1,2,balance,,0,0.047,2.249,True,206423,430370,430370,0,582910,,,8,196276,,0.9508436559879471
case_049,1,1,2,comm,,0,0.109,1.843,True,188552,340246,340246,0,492786,,,27,196276,,1.0409648266791125
case_049,2,2,2,random,,0,0.129,1.772,True,196745,174468,174468,0,327008,,,10,196276,,0.9976162037154692
case_049,2,2,2,topo,,0,0.031,1.402,True,174010,339302,339302,0,491842,,,8,196276,,1.1279581633239468
case_049,2,2,2,balance,,0,0.041,1.903,True,180022,310694,310694,0,463234,,,8,196276,,1.0902889646820944
case_049,2,2,2,comm,,0,0.122,1.83,True,183972,320358,320358,0,472898,,,27,196276,,1.0668797425695213
case_049,2,2,3,random,,0,0.126,1.425,True,192070,1395408,1317316,78092,1547948,,,16,196276,,1.0218982662570937
case_049,2,2,3,topo,,0,0.043,2.147,True,146920,657900,657900,0,810440,,,12,196276,,1.335937925401579
case_049,2,2,3,balance,,0,0.029,2.105,True,153969,542092,542092,0,694632,,,12,196276,,1.2747760912911041
case_049,2,2,3,comm,,0,0.119,1.133,True,178387,582028,582028,0,734568,,,30,196276,,1.100281971219876
case_049,1,1,4,random,,0,0.105,2.361,True,221267,2315318,2315318,0,2467858,,,20,196276,,0.8870550059430462
case_049,1,1,4,topo,,0,0.042,1.438,True,217829,701224,701224,0,853764,,,16,196276,,0.9010554150273838
case_049,1,1,4,balance,,0,0.047,1.805,True,216029,701224,701224,0,853764,,,16,196276,,0.9085632021626726
case_049,1,1,4,comm,,0,0.094,2.387,True,97476,947046,947046,0,1099586,,,185,196276,,2.0135828306454924
case_049,1,1,5,random,,0,0.124,2.064,True,230067,2723144,2723144,0,2875684,,,26,196276,,0.8531253939069923
case_049,1,1,5,topo,,0,0.035,1.412,True,223752,889634,889634,0,1042174,,,20,196276,,0.8772033322607172
case_049,1,1,5,balance,,0,0.108,2.059,True,221052,889634,889634,0,1042174,,,20,196276,,0.8879177750031667
case_049,1,1,5,comm,,0,0.091,2.215,True,88231,947046,947046,0,1099586,,,185,196276,,2.224569595720325
case_049,2,2,4,random,,0,0.12,2.232,True,205433,1729506,1729506,0,1882046,,,20,196276,,0.9554258566053165
case_049,2,2,4,topo,,0,0.055,1.512,True,142348,792018,792018,0,944558,,,16,196276,,1.3788462078849018
case_049,2,2,4,balance,,0,0.039,2.122,True,150917,650034,650034,0,802574,,,16,196276,,1.300555934719084
case_049,2,2,4,comm,,0,0.082,1.321,True,81147,755582,755582,0,908122,,,185,196276,,2.4187708726138983
case_047,1,1,3,random,,0,0.342,7.582,True,332237,1341266,1341266,0,1805208,,,15,326508,,0.9827562854227554
case_047,1,1,3,topo,,0,0.137,8.105,True,341753,769024,769024,0,1232966,,,12,326508,,0.9553917595456367
case_047,1,1,3,balance,,0,0.099,5.723,True,339053,769024,769024,0,1232966,,,12,326508,,0.9629998849737357
case_047,1,1,3,comm,,0,0.305,15.068,True,227063,2686698,2686698,0,3150640,,,590,326508,,1.4379621514733796
case_047,1,1,2,random,,0,0.257,8.218,True,331417,1004200,1004200,0,1468142,,,11,326508,,0.9851878449204476
case_047,1,1,2,topo,,0,0.132,8.594,True,336544,517354,517354,0,981296,,,8,326508,,0.9701792336217553
case_047,1,1,2,balance,,0,0.09,7.781,True,334744,517354,517354,0,981296,,,8,326508,,0.975396123604904
case_047,1,1,2,comm,,0,0.232,12.814,True,336493,383774,383774,0,847716,,,36,326508,,0.9703262772182483
case_049,2,2,5,random,,0,0.158,2.662,True,206879,2157340,2157340,0,2309880,,,26,196276,,0.9487478187732926
case_049,2,2,5,topo,,0,0.05,1.185,True,137520,1050332,1050332,0,1202872,,,20,196276,,1.4272542175683538
case_049,2,2,5,balance,,0,0.04,1.821,True,164683,883384,883384,0,1035924,,,20,196276,,1.1918412950942112
case_049,2,2,5,comm,,0,0.107,1.26,True,75887,885412,885412,0,1037952,,,185,196276,,2.5864245522948597
case_049,3,3,2,random,,0,0.145,2.007,True,196745,174468,174468,0,327008,0.008522868867438653,2052,10,196276,,0.9976162037154692
case_049,3,3,2,topo,,0,0.039,1.908,True,174010,339302,339302,0,491842,0.06060405391575513,20134,8,196276,,1.1279581633239468
case_049,3,3,2,balance,,0,0.027,1.759,True,179990,310694,310694,0,463234,0.06177005748248138,19622,8,196276,,1.0904828046002555
case_049,3,3,2,comm,,0,0.067,1.126,True,183972,320358,320358,0,472898,0.04961982048291219,15910,27,196276,,1.0668797425695213
case_049,3,3,3,random,,0,0.158,2.077,True,192070,1395408,1317316,78092,1547948,0.06479162579200665,56140,16,196276,,1.0218982662570937
case_049,3,3,3,topo,,0,0.051,1.281,True,146860,657900,657900,0,810440,0.16107894546651783,80236,12,196276,,1.3364837259975486
case_049,3,3,3,balance,,0,0.03,1.812,True,153966,542092,542092,0,694632,0.12139162279697871,53036,12,196276,,1.2748009300754712
case_049,3,3,3,comm,,0,0.087,1.679,True,178387,582028,582028,0,734568,0.16392941114772439,75020,30,196276,,1.100281971219876
case_051,1,1,2,random,,0,0.029,0.328,True,624232,6881416,6881416,0,7274634,,,11,607628,,0.9734009150444065
case_051,1,1,2,topo,,0,0.009,0.275,True,618471,2752540,2752540,0,3145758,,,8,607628,,0.9824680542822541
case_051,1,1,2,balance,,0,0.014,0.275,True,618471,2752540,2752540,0,3145758,,,8,607628,,0.9824680542822541
case_051,1,1,2,comm,,0,0.031,0.237,True,643255,9044060,9044060,0,9437278,,,24,607628,,0.9446144996929678
case_049,3,3,5,random,,0,0.104,2.208,True,206832,2157340,2157340,0,2309880,0.07556278591638152,94382,26,196276,,0.9489634099172275
case_049,3,3,5,topo,,0,0.031,1.623,True,137232,1050332,1050332,0,1202872,0.2834103536891853,200052,20,196276,,1.4302495044887489
case_049,3,3,5,balance,,0,0.039,1.373,True,164407,883384,883384,0,1035924,0.2014882730318693,124120,20,196276,,1.193842111345624
case_049,3,3,5,comm,,0,0.08,1.62,True,74996,885412,885412,0,1037952,0.4994268092588072,323256,185,196276,,2.6171529148221238
case_049,3,3,4,random,,0,0.074,2.372,True,205433,1729506,1729506,0,1882046,0.06708704942400595,69324,20,196276,,0.9554258566053165
case_049,3,3,4,topo,,0,0.051,1.935,True,142233,792018,792018,0,944558,0.23887762498555537,136434,16,196276,,1.3799610498266928
case_049,3,3,4,balance,,0,0.048,1.201,True,150681,650034,650034,0,802574,0.13792671139528206,68210,16,196276,,1.302592894923713
case_049,3,3,4,comm,,0,0.09,1.672,True,80661,755582,755582,0,908122,0.428702310286208,246130,185,196276,,2.4333444911419395
case_051,1,1,3,random,,0,0.033,0.424,True,637244,11206892,11206892,0,11600110,,,17,607628,,0.953524866456177
case_051,1,1,3,topo,,0,0.014,0.306,True,624667,4325420,4325420,0,4718638,,,12,607628,,0.9727230668500176
case_051,1,1,3,balance,,0,0.009,0.306,True,624667,4325420,4325420,0,4718638,,,12,607628,,0.9727230668500176
case_051,1,1,3,comm,,0,0.017,0.17,True,643255,9044060,9044060,0,9437278,,,24,607628,,0.9446144996929678
case_051,1,1,4,random,,0,0.045,0.429,True,649184,14680408,14680408,0,15073626,,,23,607628,,0.9359873317888303
case_051,1,1,4,topo,,0,0.007,0.317,True,637430,6684836,6684836,0,7078054,,,16,607628,,0.9532466310026199
case_051,1,1,4,balance,,0,0.011,0.348,True,630230,6684836,6684836,0,7078054,,,16,607628,,0.9641369024007108
case_051,1,1,4,comm,,0,0.017,0.286,True,643255,9044060,9044060,0,9437278,,,24,607628,,0.9446144996929678
case_051,2,2,2,random,,0,0.019,0.302,True,615739,3014752,2097232,917520,3407970,,,11,607628,,0.9868272108799345
case_051,2,2,2,topo,,0,0.016,0.243,True,611689,393244,393244,0,786462,,,8,607628,,0.9933610053474887
case_051,2,2,2,balance,,0,0.009,0.243,True,611689,393244,393244,0,786462,,,8,607628,,0.9933610053474887
case_051,2,2,2,comm,,0,0.017,0.126,True,619721,393308,393308,0,786526,,,24,607628,,0.9804863801613952
case_051,1,1,5,random,,0,0.021,0.456,True,660444,17039788,17039788,0,17433006,,,28,607628,,0.920029555874533
case_051,1,1,5,topo,,0,0.017,0.35,True,642536,8126720,8126720,0,8519938,,,20,607628,,0.9456715265759428
case_051,1,1,5,balance,,0,0.008,0.371,True,638936,8126720,8126720,0,8519938,,,20,607628,,0.9509997871461304
case_051,1,1,5,comm,,0,0.017,0.307,True,643255,9044060,9044060,0,9437278,,,24,607628,,0.9446144996929678
case_050,1,1,3,random,,0,0.105,1.787,True,161464,1851364,1851364,0,2170740,,,16,149690,,0.9270797205569044
case_050,1,1,3,topo,,0,0.031,1.261,True,163283,537196,537196,0,856572,,,12,149690,,0.9167518970131612
case_050,1,1,3,balance,,0,0.03,1.736,True,161483,537196,537196,0,856572,,,12,149690,,0.9269706408724138
case_050,1,1,3,comm,,0,0.093,2.052,True,96501,854650,854650,0,1174026,,,186,149690,,1.5511756354856427
case_051,2,2,3,random,,0,0.02,0.278,True,623814,5505220,4718784,786436,5898438,,,17,607628,,0.9740531632826451
case_051,2,2,3,topo,,0,0.008,0.354,True,614244,786476,786476,0,1179694,,,12,607628,,0.9892290360182598
case_051,2,2,3,balance,,0,0.008,0.354,True,614244,786476,786476,0,1179694,,,12,607628,,0.9892290360182598
case_051,2,2,3,comm,,0,0.014,0.208,True,620268,786524,786524,0,1179742,,,24,607628,,0.9796217119051764
case_050,2,2,3,random,,0,0.123,1.843,True,150647,1337918,1250198,87720,1657294,,,16,149690,,0.9936474008775482
case_050,2,2,3,topo,,0,0.041,1.384,True,104629,565612,565612,0,884988,,,12,149690,,1.4306740960919058
case_050,2,2,3,balance,,0,0.04,1.688,True,112981,498700,498700,0,818076,,,12,149690,,1.324913038475496
case_050,2,2,3,comm,,0,0.12,1.216,True,72586,451948,451948,0,771324,,,186,149690,,2.0622434078196896
case_050,2,2,2,random,,0,0.078,2.131,True,152067,857492,448040,409452,1176868,,,12,149690,,0.9843687322035681
case_050,2,2,2,topo,,0,0.044,1.663,True,130573,378314,378314,0,697690,,,8,149690,,1.1464085224357257
case_050,2,2,2,balance,,0,0.032,1.326,True,129500,307370,307370,0,626746,,,8,149690,,1.155907335907336
case_050,2,2,2,comm,,0,0.107,1.464,True,133451,225894,225894,0,545270,,,39,149690,,1.1216851128878764
case_050,1,1,2,random,,0,0.151,2.342,True,155439,1603800,1603800,0,1923176,,,12,149690,,0.9630144300979806
case_050,1,1,2,topo,,0,0.056,1.474,True,158303,419072,419072,0,738448,,,8,149690,,0.9455916817748242
case_050,1,1,2,balance,,0,0.041,2.004,True,156503,419072,419072,0,738448,,,8,149690,,0.956467288167
case_050,1,1,2,comm,,0,0.117,1.622,True,139606,298270,298270,0,617646,,,39,149690,,1.0722318524991763
case_051,3,3,2,random,,0,0.026,0.258,True,615739,3014752,2097232,917520,3407970,0.0,0,11,607628,,0.9868272108799345
case_051,3,3,2,topo,,0,0.009,0.23,True,611689,393244,393244,0,786462,0.4583251742649845,360448,8,607628,,0.9933610053474887
case_051,3,3,2,balance,,0,0.009,0.23,True,611689,393244,393244,0,786462,0.4583251742649845,360448,8,607628,,0.9933610053474887
case_051,3,3,2,comm,,0,0.015,0.211,True,619721,393308,393308,0,786526,0.45830652605667294,360448,24,607628,,0.9804863801613952
case_051,3,3,3,random,,0,0.017,0.243,True,623814,5505220,4718784,786436,5898438,0.05555401716057622,196608,17,607628,,0.9740531632826451
case_051,3,3,3,topo,,0,0.009,0.203,True,614244,786476,786476,0,1179694,0.611099714326888,720896,12,607628,,0.9892290360182598
case_051,3,3,3,balance,,0,0.005,0.203,True,614244,786476,786476,0,1179694,0.611099714326888,720896,12,607628,,0.9892290360182598
case_051,3,3,3,comm,,0,0.009,0.328,True,620268,786524,786524,0,1179742,0.6110872819561683,720896,24,607628,,0.9796217119051764
case_051,2,2,4,random,,0,0.023,0.299,True,634473,7733516,6160644,1572872,8126734,,,23,607628,,0.9576892948951334
case_051,2,2,4,topo,,0,0.01,0.224,True,623366,1966244,1966244,0,2359462,,,16,607628,,0.9747531947523606
case_051,2,2,4,balance,,0,0.008,0.565,True,617258,1572908,1572908,0,1966126,,,16,607628,,0.9843987441232029
case_051,2,2,4,comm,,0,0.016,0.211,True,620815,1179740,1179740,0,1572958,,,24,607628,,0.97875856736709
case_050,1,1,5,random,,0,0.088,1.988,True,173396,2677598,2677598,0,2996974,,,27,149690,,0.8632840434612101
case_050,1,1,5,topo,,0,0.037,1.735,True,173368,715714,715714,0,1035090,,,20,149690,,0.8634234691523234
case_050,1,1,5,balance,,0,0.033,1.495,True,172468,715714,715714,0,1035090,,,20,149690,,0.8679291230837025
case_050,1,1,5,comm,,0,0.094,1.733,True,73435,854650,854650,0,1174026,,,186,149690,,2.0384013072785456
case_050,2,2,4,random,,0,0.11,2.211,True,153326,2151750,2116262,35488,2471126,,,23,149690,,0.9762858223654175
case_050,2,2,4,topo,,0,0.034,1.13,True,107208,664578,664578,0,983954,,,16,149690,,1.3962577419595552
case_050,2,2,4,balance,,0,0.044,1.982,True,121847,507248,507248,0,826624,,,16,149690,,1.2285078828366722
case_050,2,2,4,comm,,0,0.104,1.408,True,65903,627242,627242,0,946618,,,186,149690,,2.271368526470722
case_050,1,1,4,random,,0,0.134,2.377,True,171119,2565574,2565574,0,2884950,,,23,149690,,0.874771357943887
case_050,1,1,4,topo,,0,0.05,1.239,True,167646,596300,596300,0,915676,,,16,149690,,0.8928933586247212
case_050,1,1,4,balance,,0,0.041,2.141,True,165846,596300,596300,0,915676,,,16,149690,,0.9025843252173703
case_050,1,1,4,comm,,0,0.099,1.793,True,80583,854650,854650,0,1174026,,,186,149690,,1.8575878286983607
case_051,2,2,5,random,,0,0.021,0.28,True,648300,9371948,8323364,1048584,9765166,,,28,607628,,0.9372636125250655
case_051,2,2,5,topo,,0,0.008,0.248,True,625378,2228480,2228480,0,2621698,,,20,607628,,0.9716171659380407
case_051,2,2,5,balance,,0,0.007,0.46,True,626054,2228420,2228420,0,2621638,,,20,607628,,0.9705680340673488
case_051,2,2,5,comm,,0,0.016,0.201,True,621362,1572956,1572956,0,1966174,,,24,607628,,0.977896942523038
case_050,2,2,5,random,,0,0.127,2.283,True,151574,2063472,2050608,12864,2382848,,,27,149690,,0.9875704276459023
case_050,2,2,5,topo,,0,0.045,1.267,True,99057,806740,806740,0,1126116,,,20,149690,,1.511150145875607
case_050,2,2,5,balance,,0,0.051,1.848,True,104773,682668,682668,0,1002044,,,20,149690,,1.4287077777671728
case_050,2,2,5,comm,,0,0.087,0.964,True,60928,783072,783072,0,1102448,,,186,149690,,2.4568342962184873
case_050,3,3,2,random,,0,0.09,1.337,True,151901,857492,448040,409452,1176868,0.09235767879093919,72428,12,149690,,0.9854444671200321
case_050,3,3,2,topo,,0,0.042,1.747,True,130573,378314,378314,0,697690,0.2446541141054056,141734,8,149690,,1.1464085224357257
case_050,3,3,2,balance,,0,0.072,1.742,True,129500,307370,307370,0,626746,0.25073042642109544,135590,8,149690,,1.155907335907336
case_050,3,3,2,comm,,0,0.076,0.981,True,133451,225894,225894,0,545270,0.04438784050961639,19622,39,149690,,1.1216851128878764
case_051,3,3,4,random,,0,0.229,0.262,True,628812,7733516,6160644,1572872,8126734,0.17567082175381324,851968,23,607628,,0.9663110754883812
case_051,3,3,4,topo,,0,0.005,0.205,True,623366,1966244,1966244,0,2359462,0.41664928932610845,819200,16,607628,,0.9747531947523606
case_051,3,3,4,balance,,0,0.008,0.196,True,616066,1572908,1572908,0,1966126,0.2592560359063099,458752,16,607628,,0.9863034155431398
case_051,3,3,4,comm,,0,0.018,0.126,True,620815,1179740,1179740,0,1572958,0.6874798939545175,1081344,24,607628,,0.97875856736709
case_050,3,3,3,random,,0,0.105,1.83,True,150360,1337918,1250198,87720,1657294,0.1729095556013386,186318,16,149690,,0.9955440276669327
case_050,3,3,3,topo,,0,0.028,1.874,True,104628,565612,565612,0,884988,0.2553560437479286,172588,12,149690,,1.4306877700042053
case_050,3,3,3,balance,,0,0.049,1.367,True,112942,498700,498700,0,818076,0.250526170729874,159980,12,149690,,1.3253705441731154
case_050,3,3,3,comm,,0,0.091,0.899,True,72505,451948,451948,0,771324,0.30140569025491926,185772,186,149690,,2.0645472726018896
case_051,3,3,5,random,,0,0.022,0.3,True,643871,9371948,8323364,1048584,9765166,0.16291715856422945,950272,28,607628,,0.9437107743631876
case_051,3,3,5,topo,,0,0.008,0.238,True,625378,2228480,2228480,0,2621698,0.5571117683165002,1277952,20,607628,,0.9716171659380407
case_051,3,3,5,balance,,0,0.01,0.228,True,623630,2228420,2228420,0,2621638,0.5428339504886528,1245184,20,607628,,0.974340554495454
case_051,3,3,5,comm,,0,0.009,0.212,True,621362,1572956,1572956,0,1966174,0.7333161760741682,1441792,24,607628,,0.977896942523038
case_052,2,2,3,random,,0,0.021,0.38,True,153148,2821346,2821346,0,3631550,,,17,180301,,1.1772990832397419
case_052,2,2,3,topo,,0,0.008,0.197,True,87684,470848,470848,0,1281052,,,12,180301,,2.0562588385566354
case_052,2,2,3,balance,,0,0.004,0.208,True,104324,421312,421312,0,1231516,,,12,180301,,1.7282792070856179
case_052,2,2,3,comm,,0,0.015,0.148,True,59677,147456,147456,0,957660,,,47,180301,,3.0212812306248638
case_052,2,2,4,random,,0,0.021,0.341,True,148624,2398416,2398416,0,3208620,,,22,180301,,1.2131351598665088
case_052,2,2,4,topo,,0,0.007,0.223,True,111587,652872,652872,0,1463076,,,16,180301,,1.6157885775224712
case_052,2,2,4,balance,,0,0.007,0.215,True,124290,544032,544032,0,1354236,,,16,180301,,1.450647678815673
case_052,2,2,4,comm,,0,0.015,0.151,True,48241,221184,221184,0,1031388,,,47,180301,,3.7375054414294895
case_052,2,2,2,random,,0,0.019,0.551,True,150888,1388634,1276998,111636,2198838,,,11,180301,,1.1949326652881607
case_052,2,2,2,topo,,0,0.005,0.148,True,111889,302112,302112,0,1112316,,,8,180301,,1.6114273967950379
case_052,2,2,2,balance,,0,0.006,0.187,True,123576,285984,285984,0,1096188,,,8,180301,,1.4590292613452451
case_052,2,2,2,comm,,0,0.014,0.166,True,90152,73728,73728,0,883932,,,47,180301,,1.999966722868045
case_052,1,1,3,random,,0,0.022,0.453,True,187145,4160840,4160840,0,4971044,,,17,180301,,0.963429426380614
case_052,1,1,3,topo,,0,0.007,0.258,True,196908,736960,736960,0,1547164,,,12,180301,,0.9156611209295712
case_052,1,1,3,balance,,0,0.007,0.276,True,195108,736960,736960,0,1547164,,,12,180301,,0.9241086987719622
case_052,1,1,3,comm,,0,0.008,0.266,True,69820,811008,811008,0,1621212,,,47,180301,,2.5823689487252937
case_052,2,2,5,random,,0,0.012,0.402,True,131911,3227368,3227368,0,4037572,,,28,180301,,1.3668382469998712
case_052,2,2,5,topo,,0,0.006,0.228,True,112336,792876,792876,0,1603080,,,20,180301,,1.6050153112092294
case_052,2,2,5,balance,,0,0.008,0.206,True,116294,711180,711180,0,1521384,,,20,180301,,1.55038952998435
case_052,2,2,5,comm,,0,0.008,0.133,True,38769,294912,294912,0,1105116,,,47,180301,,4.650648714178854
case_052,1,1,2,random,,0,0.023,0.656,True,176327,3589514,3589514,0,4399718,,,11,180301,,1.0225376714853653
case_052,1,1,2,topo,,0,0.004,0.244,True,191054,592416,592416,0,1402620,,,8,180301,,0.9437174830152731
case_052,1,1,2,balance,,0,0.005,0.211,True,190154,592416,592416,0,1402620,,,8,180301,,0.9481841034109195
case_052,1,1,2,comm,,0,0.013,0.205,True,102423,811008,811008,0,1621212,,,47,180301,,1.7603565605381604
case_050,3,3,4,random,,0,0.13,1.537,True,153290,2151750,2116262,35488,2471126,0.1754553295517081,265266,23,149690,,0.9765151020940701
case_050,3,3,4,topo,,0,0.059,1.771,True,107181,664578,664578,0,983954,0.35127881570487596,263346,16,149690,,1.3966094736940315
case_050,3,3,4,balance,,0,0.023,0.949,True,121788,507248,507248,0,826624,0.24628751274435923,155568,16,149690,,1.2291030314973561
case_050,3,3,4,comm,,0,0.086,1.178,True,65549,627242,627242,0,946618,0.43205104656641563,324606,186,149690,,2.2836351431753346
case_052,1,1,5,random,,0,0.013,0.47,True,204752,4763270,4763270,0,5573474,,,28,180301,,0.8805823630538407
case_052,1,1,5,topo,,0,0.008,0.292,True,205836,1092374,1092374,0,1902578,,,20,180301,,0.8759449270292855
case_052,1,1,5,balance,,0,0.008,0.249,True,205836,1092374,1092374,0,1902578,,,20,180301,,0.8759449270292855
case_052,1,1,5,comm,,0,0.014,0.262,True,45273,811008,811008,0,1621212,,,47,180301,,3.9825282177015
case_052,1,1,4,random,,0,0.023,0.591,True,195248,4449236,4449236,0,5259440,,,22,180301,,0.9234460788330738
case_052,1,1,4,topo,,0,0.004,0.254,True,200848,998468,998468,0,1808672,,,16,180301,,0.8976987572691787
case_052,1,1,4,balance,,0,0.008,0.277,True,198148,998468,998468,0,1808672,,,16,180301,,0.9099309606960454
case_052,1,1,4,comm,,0,0.012,0.256,True,55823,811008,811008,0,1621212,,,47,180301,,3.2298694086666786
case_052,3,3,2,random,,0,0.014,0.301,True,150419,1388634,1276998,111636,2198838,0.15025315412702103,244354,11,180301,,1.1986584141631045
case_052,3,3,2,topo,,0,0.007,0.488,True,111889,302112,302112,0,1112316,0.13439885150072353,140800,8,180301,,1.6114273967950379
case_052,3,3,2,balance,,0,0.006,0.198,True,123576,285984,285984,0,1096188,0.13337288089891103,138496,8,180301,,1.4590292613452451
case_052,3,3,2,comm,,0,0.015,0.22,True,90152,73728,73728,0,883932,0.046926130268892884,41472,47,180301,,1.999966722868045
case_052,3,3,4,random,,0,0.019,0.534,True,148624,2398416,2398416,0,3208620,0.12386097731381022,268052,22,180301,,1.2131351598665088
case_052,3,3,4,topo,,0,0.004,0.196,True,111010,652872,652872,0,1463076,0.2672416909691258,354820,16,180301,,1.624187010179263
case_052,3,3,4,balance,,0,0.007,0.225,True,124232,544032,544032,0,1354236,0.24397337694936114,301312,16,180301,,1.4513249404340267
case_052,3,3,4,comm,,0,0.016,0.19,True,48241,221184,221184,0,1031388,0.05362150756185829,55296,47,180301,,3.7375054414294895
case_052,3,3,3,random,,0,0.025,0.371,True,152545,2821346,2821346,0,3631550,0.12139687439706734,289432,17,180301,,1.1819528663673013
case_052,3,3,3,topo,,0,0.007,0.204,True,87463,470848,470848,0,1281052,0.2275235019301264,271360,12,180301,,2.061454557927352
case_052,3,3,3,balance,,0,0.004,0.182,True,104324,421312,421312,0,1231516,0.20683836620280932,240256,12,180301,,1.7282792070856179
case_052,3,3,3,comm,,0,0.012,0.571,True,59677,147456,147456,0,957660,0.05775039164490862,55296,47,180301,,3.0212812306248638
case_052,3,3,5,random,,0,0.023,0.433,True,131180,3227368,3227368,0,4037572,0.172643212052974,461842,28,180301,,1.3744549474005183
case_052,3,3,5,topo,,0,0.004,0.238,True,111619,792876,792876,0,1603080,0.28087524951620524,405526,20,180301,,1.615325347835046
case_052,3,3,5,balance,,0,0.303,0.243,True,115637,711180,711180,0,1521384,0.24451844706096554,333062,20,180301,,1.5591981805131576
case_052,3,3,5,comm,,0,0.012,0.188,True,38769,294912,294912,0,1105116,0.1000872432929456,110592,47,180301,,4.650648714178854
case_050,3,3,5,random,,0,0.082,2.282,True,151056,2063472,2050608,12864,2382848,0.1924318679486163,281564,27,149690,,0.9909569960809236
case_050,3,3,5,topo,,0,0.034,1.355,True,99023,806740,806740,0,1126116,0.3327130295298533,274622,20,149690,,1.511669006190481
case_050,3,3,5,balance,,0,0.035,0.861,True,104628,682668,682668,0,1002044,0.2892886011294944,215450,20,149690,,1.4306877700042053
case_050,3,3,5,comm,,0,0.082,1.202,True,59685,783072,783072,0,1102448,0.47547402744270206,403628,186,149690,,2.5080003350925693
case_053,2,2,5,random,,0,0.211,4.522,True,1377410,8509452,6996364,1513088,11504740,,,26,1472686,,1.0691703995179358
case_053,2,2,5,topo,,0,0.084,2.705,True,833728,9815920,5869104,3946816,12811208,,,20,1472686,,1.7663866392876333
case_053,2,2,5,balance,,0,0.078,3.698,True,850853,10016842,5426538,4590304,13012130,,,20,1472686,,1.730834821056046
case_053,2,2,5,comm,,0,0.193,3.46,True,778290,8687896,5350072,3337824,11683184,,,59,1472686,,1.892207274923229
case_053,3,3,4,random,,0,0.209,4.273,True,1352562,8407416,6154456,2252960,11402704,0.3956237125385901,3512322,20,1472686,,1.0888121949308054
case_053,3,3,4,topo,,0,0.042,2.93,True,893008,8444706,4536514,3908192,11439994,0.4670661346880024,5017826,16,1472686,,1.649129683048752
case_053,3,3,4,balance,,0,0.067,3.654,True,1070787,8315264,4463488,3851776,11310552,0.476708707393868,5069308,16,1472686,,1.3753304812254912
case_053,3,3,4,comm,,0,0.177,3.93,True,764514,7597698,3783042,3814656,10592986,0.4123050224151604,4229890,58,1472686,,1.926303507849431
case_053,2,2,4,random,,0,0.214,4.32,True,1368484,8407416,6154456,2252960,11402704,,,20,1472686,,1.0761441127554285
case_053,2,2,4,topo,,0,0.063,3.038,True,918066,8444706,4536514,3908192,11439994,,,16,1472686,,1.604117786738644
case_053,2,2,4,balance,,0,0.056,3.909,True,1089351,8315264,4463488,3851776,11310552,,,16,1472686,,1.3518930078551357
case_053,2,2,4,comm,,0,0.235,3.859,True,800342,7597698,3783042,3814656,10592986,,,58,1472686,,1.8400708697032018
case_053,3,3,5,random,,0,0.15,4.11,True,1372153,8509452,6996364,1513088,11504740,0.362519168911901,3170568,26,1472686,,1.073266610939159
case_053,3,3,5,topo,,0,0.197,2.859,True,810129,9815920,5869104,3946816,12811208,0.3818199134011076,4570434,20,1472686,,1.8178413561297029
case_053,3,3,5,balance,,0,0.063,3.783,True,829995,10016842,5426538,4590304,13012130,0.41679859157107707,5120800,20,1472686,,1.774331170669703
case_053,3,3,5,comm,,0,0.205,4.017,True,749920,8687896,5350072,3337824,11683184,0.26490726026216355,2956178,59,1472686,,1.9637908043524643
case_053,3,3,3,random,,0,0.453,4.228,True,1371161,6088140,3944588,2143552,9083428,0.3546759931666805,2660802,15,1472686,,1.0740430919490855
case_053,3,3,3,topo,,0,0.065,3.015,True,920748,7736812,3154764,4582048,10732100,0.46953688443529684,4781126,12,1472686,,1.5994452336578522
case_053,3,3,3,balance,,0,0.067,4.599,True,1070316,6840308,2328372,4511936,9835596,0.5158698297586972,4937028,12,1472686,,1.3759357049693735
case_053,3,3,3,comm,,0,0.218,4.569,True,838832,7141004,2849516,4291488,10136292,0.4755876379078119,4646028,57,1472686,,1.7556387929883457
case_053,2,2,3,random,,0,0.232,4.562,True,1379849,6088140,3944588,2143552,9083428,,,15,1472686,,1.0672805502631084
case_053,2,2,3,topo,,0,0.041,3.152,True,928370,7736812,3154764,4582048,10732100,,,12,1472686,,1.586313646498702
case_053,2,2,3,balance,,0,0.04,4.846,True,1094217,6840308,2328372,4511936,9835596,,,12,1472686,,1.3458811186446564
case_053,2,2,3,comm,,0,0.209,4.699,True,879832,7141004,2849516,4291488,10136292,,,57,1472686,,1.6738263668518536
case_053,2,2,2,random,,0,0.233,3.666,True,1412932,5919560,2363976,3555584,8914848,,,10,1472686,,1.0422907825712773
case_053,2,2,2,topo,,0,0.046,3.795,True,1060048,6552202,1847386,4704816,9547490,,,8,1472686,,1.389263505048828
case_053,2,2,2,balance,,0,0.064,4.955,True,1174201,6230998,1274678,4956320,9226286,,,8,1472686,,1.2542026450326649
case_053,2,2,2,comm,,0,0.22,4.799,True,1033722,6289270,1520950,4768320,9284558,,,56,1472686,,1.424644149974558
case_053,3,3,2,random,,0,0.187,4.082,True,1385819,5919560,2363976,3555584,8914848,0.5023040477849433,3947714,10,1472686,,1.0626827890222317
case_053,3,3,2,topo,,0,0.043,3.844,True,1036192,6552202,1847386,4704816,9547490,0.5030351857488167,4597974,8,1472686,,1.4212481856644328
case_053,3,3,2,balance,,0,0.059,5.012,True,1143617,6230998,1274678,4956320,9226286,0.46683808019817036,4188320,8,1472686,,1.2877440611673314
case_053,3,3,2,comm,,0,0.196,5.557,True,982880,6289270,1520950,4768320,9284558,0.5518451456726668,4971478,56,1472686,,1.4983375386618916
case_053,1,1,5,random,,0,0.243,5.324,True,1437821,9498800,8827568,671232,12494088,,,26,1472686,,1.024248498248391
case_053,1,1,5,topo,,0,0.045,4.794,True,1441853,10765024,10314464,450560,13760312,,,20,1472686,,1.021384288134782
case_053,1,1,5,balance,,0,0.089,5.219,True,1439153,10765024,10314464,450560,13760312,,,20,1472686,,1.023300510786553
case_053,1,1,5,comm,,0,0.203,7.414,True,810660,12468828,12468828,0,15464116,,,59,1472686,,1.8166506303505785
case_053,1,1,4,random,,0,0.255,5.082,True,1454295,9428518,7071510,2357008,12423806,,,20,1472686,,1.0126459899814
case_053,1,1,4,topo,,0,0.064,5.147,True,1460077,9540178,8323314,1216864,12535466,,,16,1472686,,1.0086358459177154
case_053,1,1,4,balance,,0,0.087,5.671,True,1458277,9540178,8323314,1216864,12535466,,,16,1472686,,1.0098808388255456
case_053,1,1,4,comm,,0,0.23,6.697,True,807006,11953350,11953350,0,14948638,,,58,1472686,,1.824876147141409
case_055,1,1,2,random,,0,0.029,1.123,True,114402,3127804,3127804,0,3753614,,,11,118835,,1.0387493225642908
case_055,1,1,2,topo,,0,0.008,0.291,True,125164,412776,412776,0,1038586,,,8,118835,,0.9494343421431083
case_055,1,1,2,balance,,0,0.008,0.274,True,122464,412776,412776,0,1038586,,,8,118835,,0.9703668016723282
case_055,1,1,2,comm,,0,0.02,0.256,True,66611,247808,247808,0,873618,,,24,118835,,1.7840146522346159
case_055,1,1,3,random,,0,0.016,0.675,True,119964,3608948,3608948,0,4234758,,,16,118835,,0.9905888433196626
case_055,1,1,3,topo,,0,0.008,0.317,True,131397,547980,547980,0,1173790,,,12,118835,,0.9043965996179517
case_055,1,1,3,balance,,0,0.009,0.271,True,128697,547980,547980,0,1173790,,,12,118835,,0.9233703971343543
case_055,1,1,3,comm,,0,0.018,0.259,True,46680,247808,247808,0,873618,,,24,118835,,2.5457369323050556
case_053,1,1,3,random,,0,0.22,5.866,True,1427217,7381190,5690822,1690368,10376478,,,15,1472686,,1.0318585050486366
case_053,1,1,3,topo,,0,0.051,5.69,True,1456868,8814054,6306374,2507680,11809342,,,12,1472686,,1.0108575382258378
case_053,1,1,3,balance,,0,0.097,7.732,True,1452368,8814054,6306374,2507680,11809342,,,12,1472686,,1.0139895673823713
case_053,1,1,3,comm,,0,0.222,8.226,True,852166,12053858,12053858,0,15049146,,,57,1472686,,1.7281679860496664
case_055,1,1,4,random,,0,0.015,0.563,True,132338,4123430,4123430,0,4749240,,,22,118835,,0.8979658148075382
case_055,1,1,4,topo,,0,0.007,0.275,True,138056,667776,667776,0,1293586,,,16,118835,,0.8607738888566958
case_055,1,1,4,balance,,0,0.01,0.288,True,131756,667776,667776,0,1293586,,,16,118835,,0.9019323598166308
case_055,1,1,4,comm,,0,0.02,0.843,True,72347,1116924,1116924,0,1742734,,,86,118835,,1.642569837035399
case_055,1,1,5,random,,0,0.023,0.593,True,138568,4230330,4230330,0,4856140,,,28,118835,,0.8575933837538249
case_055,1,1,5,topo,,0,0.008,0.305,True,144718,756392,756392,0,1382202,,,20,118835,,0.8211487168147708
case_055,1,1,5,balance,,0,0.008,0.377,True,141118,756392,756392,0,1382202,,,20,118835,,0.8420966850437223
case_055,1,1,5,comm,,0,0.026,0.369,True,71301,1116924,1116924,0,1742734,,,86,118835,,1.6666666666666667
case_055,2,2,2,random,,0,0.018,0.355,True,110048,1666154,1252390,413764,2291964,,,11,118835,,1.079846975865077
case_055,2,2,2,topo,,0,0.006,0.189,True,62170,257100,257100,0,882910,,,8,118835,,1.911452469036513
case_055,2,2,2,balance,,0,0.006,0.214,True,86982,207948,195660,12288,833758,,,8,118835,,1.3662022027545928
case_055,2,2,2,comm,,0,0.016,0.192,True,60004,57856,57856,0,683666,,,24,118835,,1.9804513032464501
case_055,2,2,3,random,,0,0.015,0.906,True,99835,2341174,2316590,24584,2966984,,,16,118835,,1.1903140181299143
case_055,2,2,3,topo,,0,0.008,0.228,True,56267,412800,412800,0,1038610,,,12,118835,,2.1119839337444684
case_055,2,2,3,balance,,0,0.007,0.234,True,68276,303220,295028,8192,929030,,,12,118835,,1.740509110082606
case_055,2,2,3,comm,,0,0.02,0.188,True,37341,115712,115712,0,741522,,,24,118835,,3.1824268230631207
case_055,2,2,4,random,,0,0.02,0.44,True,109339,2795008,2790912,4096,3420818,,,22,118835,,1.0868491572083154
case_055,2,2,4,topo,,0,0.008,0.22,True,58713,561292,561292,0,1187102,,,16,118835,,2.023998092415649
case_055,2,2,4,balance,,0,0.007,0.654,True,81170,402540,402540,0,1028350,,,16,118835,,1.4640261180239005
case_055,2,2,4,comm,,0,0.019,0.231,True,48535,771282,771282,0,1397092,,,86,118835,,2.448439270629443
case_055,2,2,5,random,,0,0.017,0.469,True,99723,3421574,3421574,0,4047384,,,28,118835,,1.1916508729179829
case_055,2,2,5,topo,,0,0.01,0.3,True,77300,658096,658096,0,1283906,,,20,118835,,1.5373221216041397
case_055,2,2,5,balance,,0,0.01,0.238,True,87653,519840,519840,0,1145650,,,20,118835,,1.3557436710665922
case_055,2,2,5,comm,,0,0.024,0.256,True,51587,969482,969482,0,1595292,,,86,118835,,2.3035842363386125
case_055,3,3,2,random,,0,0.019,0.389,True,109594,1666154,1252390,413764,2291964,0.20904887189049093,341506,11,118835,,1.0843203095059948
case_055,3,3,2,topo,,0,0.007,0.223,True,61485,257100,257100,0,882910,0.20692229240611354,174080,8,118835,,1.9327478246726844
case_055,3,3,2,balance,,0,0.007,0.203,True,86774,207948,195660,12288,833758,0.192755328239359,155648,8,118835,,1.3694770322907783
case_055,3,3,2,comm,,0,0.016,0.217,True,60004,57856,57856,0,683666,0.08464072749828834,57856,24,118835,,1.9804513032464501
case_053,1,1,2,random,,0,0.42,5.672,True,1441323,7204114,4144146,3059968,10199402,,,10,1472686,,1.0217598692312548
case_053,1,1,2,topo,,0,0.046,8.367,True,1477104,7342422,3757590,3584832,10337710,,,8,1472686,,0.9970090122293352
case_053,1,1,2,balance,,0,0.101,9.299,True,1473504,7342422,3757590,3584832,10337710,,,8,1472686,,0.9994448606858211
case_053,1,1,2,comm,,0,0.169,10.048,True,974330,11762348,11762348,0,14757636,,,56,1472686,,1.5114858415526566
case_055,3,3,3,random,,0,0.014,0.404,True,98879,2341174,2316590,24584,2966984,0.24568214977112596,504838,16,118835,,1.2018224294339546
case_055,3,3,3,topo,,0,0.485,0.255,True,55639,412800,412800,0,1038610,0.30286812187172385,296984,12,118835,,2.135821995362965
case_055,3,3,3,balance,,0,0.008,0.238,True,67650,303220,295028,8192,929030,0.23283339130751096,204824,12,118835,,1.7566149297856615
case_055,3,3,3,comm,,0,0.019,0.248,True,37237,115712,115712,0,741522,0.15607145362042826,115712,24,118835,,3.191315089830008
case_055,3,3,5,random,,0,0.03,0.493,True,96386,3421574,3421574,0,4047384,0.25532674638035885,697880,28,118835,,1.2329072686904736
case_055,3,3,5,topo,,0,0.01,0.315,True,76286,658096,658096,0,1283906,0.373431718158131,443430,20,118835,,1.5577563379912436
case_055,3,3,5,balance,,0,0.012,0.256,True,87407,519840,519840,0,1145650,0.30182105092339573,323624,20,118835,,1.3595593030306496
case_055,3,3,5,comm,,0,0.02,0.272,True,48121,969482,969482,0,1595292,0.5058932321070029,792160,86,118835,,2.469503958770599
case_055,3,3,4,random,,0,0.018,0.477,True,106284,2795008,2790912,4096,3420818,0.26671028185463364,626184,22,118835,,1.118089270257047
case_055,3,3,4,topo,,0,0.006,0.809,True,58125,561292,561292,0,1187102,0.3334877527255023,367136,16,118835,,2.0444731182795697
case_055,3,3,4,balance,,0,0.007,0.254,True,80534,402540,402540,0,1028350,0.3207345485553326,317456,16,118835,,1.475587950430874
case_055,3,3,4,comm,,0,0.022,0.291,True,46985,771282,771282,0,1397092,0.5091716556066717,696390,86,118835,,2.5292114504629137
case_054,1,1,4,random,,0,0.55,6.553,True,840530,4357742,4357742,0,5964018,,,22,815051,,0.9696869832129728
case_054,1,1,4,topo,,0,0.262,7.929,True,837358,1597762,1597762,0,3204038,,,16,815051,,0.9733602592917246
case_054,1,1,4,balance,,0,0.158,8.464,True,834658,1597762,1597762,0,3204038,,,16,815051,,0.9765089413867716
case_054,1,1,4,comm,,0,0.264,10.651,True,369241,4458486,4458486,0,6064762,,,491,815051,,2.2073686291609005
case_054,1,1,3,random,,0,0.198,7.558,True,834836,3564320,3564320,0,5170596,,,16,815051,,0.9763007345155216
case_054,1,1,3,topo,,0,0.073,9.603,True,832790,1306222,1306222,0,2912498,,,12,815051,,0.9786993119513923
case_054,1,1,3,balance,,0,0.15,9.622,True,830990,1306222,1306222,0,2912498,,,12,815051,,0.9808192637697205
case_054,1,1,3,comm,,0,0.298,10.85,True,449151,4458486,4458486,0,6064762,,,491,815051,,1.814648080489635
case_054,2,2,5,random,,0,0.701,7.71,True,823870,3767684,3719972,47712,5373960,,,28,815051,,0.9892956413026327
case_054,2,2,5,topo,,0,0.138,5.42,True,645509,1864540,1864540,0,3470816,,,20,815051,,1.262648545566367
case_054,2,2,5,balance,,0,0.122,5.401,True,660444,1635196,1635196,0,3241472,,,20,815051,,1.234095547843572
case_054,2,2,5,comm,,0,0.243,5.919,True,305946,3125528,3125528,0,4731804,,,491,815051,,2.664035483385957
case_054,2,2,4,random,,0,0.341,7.988,True,795150,3371684,3371684,0,4977960,,,22,815051,,1.0250279821417343
case_054,2,2,4,topo,,0,0.105,6.067,True,666134,1627350,1627350,0,3233626,,,16,815051,,1.2235541197416735
case_054,2,2,4,balance,,0,0.088,5.556,True,706813,1272082,1272082,0,2878358,,,16,815051,,1.1531352705736877
case_054,2,2,4,comm,,0,0.252,6.09,True,321759,2573394,2573394,0,4179670,,,491,815051,,2.5331101849520916
case_054,2,2,3,random,,0,0.818,7.174,True,816172,1525356,1450124,75232,3131632,,,16,815051,,0.9986265149992893
case_054,2,2,3,topo,,0,0.122,6.051,True,659666,1239372,1239372,0,2845648,,,12,815051,,1.2355510212744025
case_054,2,2,3,balance,,0,0.52,5.698,True,717218,1045100,1045100,0,2651376,,,12,815051,,1.1364062251644549
case_054,2,2,3,comm,,0,0.653,6.342,True,391527,1590156,1590156,0,3196432,,,491,815051,,2.0817236103768066
case_054,2,2,2,random,,0,0.286,8.694,True,806307,584104,393316,190788,2190380,,,10,815051,,1.0108445046365715
case_054,2,2,2,topo,,0,0.108,7.134,True,698774,836326,836326,0,2442602,,,8,815051,,1.1664014402367575
case_054,2,2,2,balance,,0,0.12,6.588,True,702790,409702,409702,0,2015978,,,8,815051,,1.1597361943112452
case_054,2,2,2,comm,,0,0.243,6.207,True,684763,464902,464902,0,2071178,,,48,815051,,1.1902672895585773
case_054,3,3,3,random,,0,0.369,6.76,True,816172,1525356,1450124,75232,3131632,0.011793244695138328,28100,16,815051,,0.9986265149992893
case_054,3,3,3,topo,,0,0.102,6.651,True,659586,1239372,1239372,0,2845648,0.08166402599483634,190604,12,815051,,1.235700879036244
case_054,3,3,3,balance,,0,0.114,5.852,True,717138,1045100,1045100,0,2651376,0.0701601041695645,156364,12,815051,,1.1365329964386213
case_054,3,3,3,comm,,0,0.261,6.217,True,390559,1590156,1590156,0,3196432,0.179279077621793,453324,491,815051,,2.0868831597786763
case_054,3,3,4,random,,0,0.307,7.927,True,795150,3371684,3371684,0,4977960,0.02851799485475335,95000,22,815051,,1.0250279821417343
case_054,3,3,4,topo,,0,0.111,5.67,True,665253,1627350,1627350,0,3233626,0.15098400339629992,389074,16,815051,,1.2251744824901203
case_054,3,3,4,balance,,0,0.127,5.92,True,706197,1272082,1272082,0,2878358,0.10851942490058122,258258,16,815051,,1.1541411249268971
case_054,3,3,4,comm,,0,0.243,6.071,True,316931,2573394,2573394,0,4179670,0.30216242270702814,950354,491,815051,,2.57169857161338
case_056,1,1,4,random,,0,0.144,3.06,True,310481,2999762,2999762,0,3221362,,,24,277285,,0.8930820243428744
case_056,1,1,4,topo,,0,0.051,2.052,True,298386,918236,918236,0,1139836,,,16,277285,,0.9292828752019197
case_056,1,1,4,balance,,0,0.052,2.508,True,294786,918236,918236,0,1139836,,,16,277285,,0.9406315089590415
case_056,1,1,4,comm,,0,0.116,3.632,True,132889,1632002,1632002,0,1853602,,,336,277285,,2.0865910647231902
case_056,1,1,3,random,,0,0.151,3.069,True,291629,2639990,2639990,0,2861590,,,18,277285,,0.9508142194363386
case_056,1,1,3,topo,,0,0.05,2.746,True,293954,806476,806476,0,1028076,,,12,277285,,0.9432938486974153
case_056,1,1,3,balance,,0,0.065,2.112,True,290354,806476,806476,0,1028076,,,12,277285,,0.9549894266998216
case_056,1,1,3,comm,,0,0.118,4.045,True,148755,1632002,1632002,0,1853602,,,336,277285,,1.8640381835904676
case_054,3,3,2,random,,0,0.377,8.259,True,806307,584104,393316,190788,2190380,0.014593440064599401,27904,10,815051,,1.0108445046365715
case_054,3,3,2,topo,,0,0.097,7.157,True,698774,836326,836326,0,2442602,0.03682592790607209,76870,8,815051,,1.1664014402367575
case_054,3,3,2,balance,,0,0.137,6.345,True,702653,409702,409702,0,2015978,0.04092960707663549,75846,8,815051,,1.1599623142575353
case_054,3,3,2,comm,,0,0.22,6.727,True,684763,464902,464902,0,2071178,0.022855717908721443,43078,48,815051,,1.1902672895585773
case_056,1,1,5,random,,0,0.134,2.534,True,314221,3512388,3512388,0,3733988,,,28,277285,,0.8824521594673812
case_056,1,1,5,topo,,0,0.05,2.345,True,304302,1083610,1083610,0,1305210,,,20,277285,,0.9112164888827546
case_056,1,1,5,balance,,0,0.046,2.282,True,301602,1083610,1083610,0,1305210,,,20,277285,,0.9193738768310555
case_056,1,1,5,comm,,0,0.138,3.527,True,115857,1632002,1632002,0,1853602,,,336,277285,,2.393338339504734
case_056,1,1,2,random,,0,0.133,3.185,True,294301,1901110,1901110,0,2122710,,,12,277285,,0.9421816439631534
case_056,1,1,2,topo,,0,0.053,3.091,True,287700,618032,618032,0,839632,,,8,277285,,0.9637990962808481
case_056,1,1,2,balance,,0,0.055,2.52,True,284100,618032,618032,0,839632,,,8,277285,,0.9760119676170362
case_056,1,1,2,comm,,0,0.129,4.234,True,202940,1632002,1632002,0,1853602,,,336,277285,,1.366339804868434
case_057,1,1,2,random,,0,0.013,0.301,True,62395,1671634,1671634,0,2014094,,,11,59726,,0.957224136549403
case_057,1,1,2,topo,,0,0.005,0.185,True,66927,395428,395428,0,737888,,,8,59726,,0.8924051578585623
case_057,1,1,2,balance,,0,0.004,0.18,True,64227,395428,395428,0,737888,,,8,59726,,0.9299204384448908
case_057,1,1,2,comm,,0,0.018,0.256,True,68971,842904,842904,0,1185364,,,92,59726,,0.865958156326572
case_057,1,1,3,random,,0,0.02,0.304,True,69530,1875556,1875556,0,2218016,,,16,59726,,0.8589961167841219
case_057,1,1,3,topo,,0,0.005,0.179,True,71572,420532,420532,0,762992,,,12,59726,,0.8344883473984239
case_057,1,1,3,balance,,0,0.005,0.161,True,70672,420532,420532,0,762992,,,12,59726,,0.8451154629839257
case_057,1,1,3,comm,,0,0.012,0.257,True,54955,842904,842904,0,1185364,,,92,59726,,1.0868164862159948
case_057,1,1,4,random,,0,0.017,0.348,True,78121,2226126,2226126,0,2568586,,,22,59726,,0.7645319440355346
case_057,1,1,4,topo,,0,0.005,0.175,True,76342,486456,486456,0,828916,,,16,59726,,0.7823478557019727
case_057,1,1,4,balance,,0,0.005,0.173,True,69142,486456,486456,0,828916,,,16,59726,,0.8638164935928958
case_057,1,1,4,comm,,0,0.013,0.279,True,55623,842904,842904,0,1185364,,,93,59726,,1.0737644499577512
case_054,3,3,5,random,,0,0.352,7.582,True,823870,3767684,3719972,47712,5373960,0.034813677267266585,122870,28,815051,,0.9892956413026327
case_054,3,3,5,topo,,0,0.098,5.708,True,644668,1864540,1864540,0,3470816,0.1358165698635312,368152,20,815051,,1.2642957305155522
case_054,3,3,5,balance,,0,0.1,4.999,True,659649,1635196,1635196,0,3241472,0.11982937800527377,309016,20,815051,,1.235582863007448
case_054,3,3,5,comm,,0,0.266,6.184,True,298254,3125528,3125528,0,4731804,0.4015782151051696,1406808,491,815051,,2.7327412205703863
case_057,1,1,5,random,,0,0.014,0.343,True,82714,2298702,2298702,0,2641162,,,26,59726,,0.7220784873177455
case_057,1,1,5,topo,,0,0.005,0.181,True,80346,543682,543682,0,886142,,,20,59726,,0.743359968137804
case_057,1,1,5,balance,,0,0.005,0.209,True,76746,543682,543682,0,886142,,,20,59726,,0.7782294842727959
case_057,1,1,5,comm,,0,0.013,0.28,True,51160,842904,842904,0,1185364,,,93,59726,,1.1674354964816263
case_057,2,2,2,random,,0,0.01,0.21,True,57841,832456,578468,253988,1174916,,,11,59726,,1.0325893397417056
case_057,2,2,2,topo,,0,0.006,0.192,True,44209,243818,243818,0,586278,,,8,59726,,1.3509918794815536
case_057,2,2,2,balance,,0,0.006,0.175,True,52145,196706,196706,0,539166,,,8,59726,,1.145383066449324
case_057,2,2,2,comm,,0,0.016,0.171,True,42979,321156,321156,0,663616,,,92,59726,,1.3896554131087275
case_057,2,2,3,random,,0,0.01,0.237,True,54759,1237610,1229418,8192,1580070,,,16,59726,,1.0907065505213756
case_057,2,2,3,topo,,0,0.005,0.164,True,32418,314002,314002,0,656462,,,12,59726,,1.842371521993954
case_057,2,2,3,balance,,0,0.004,0.168,True,35090,309418,309418,0,651878,,,12,59726,,1.7020803647762894
case_057,2,2,3,comm,,0,0.014,0.205,True,34805,525300,525300,0,867760,,,92,59726,,1.7160178135325383
case_054,1,1,5,random,,0,0.323,9.059,True,853298,5370052,5370052,0,6976328,,,28,815051,,0.955177440940914
case_054,1,1,5,topo,,0,0.13,6.73,True,843916,1841998,1841998,0,3448274,,,20,815051,,0.9657963588793197
case_054,1,1,5,balance,,0,0.108,6.97,True,843016,1841998,1841998,0,3448274,,,20,815051,,0.9668274386251269
case_054,1,1,5,comm,,0,0.25,10.168,True,346534,4458486,4458486,0,6064762,,,491,815051,,2.3520087495022133
case_057,3,3,2,random,,0,0.012,0.23,True,57388,832456,578468,253988,1174916,0.2686601489822155,233636,11,59726,,1.0407402244371646
case_057,3,3,2,topo,,0,0.005,0.178,True,44202,243818,243818,0,586278,0.3127736930810389,169990,8,59726,,1.3512058277905976
case_057,3,3,2,balance,,0,0.006,0.163,True,52145,196706,196706,0,539166,0.289896043029693,147462,8,59726,,1.145383066449324
case_057,3,3,2,comm,,0,0.014,0.173,True,42972,321156,321156,0,663616,0.4532585835708152,291380,92,59726,,1.3898817834869217
case_057,2,2,5,random,,0,0.015,0.348,True,56230,1711952,1711952,0,2054412,,,26,59726,,1.0621732171438734
case_057,2,2,5,topo,,0,0.005,0.177,True,25870,482254,482254,0,824714,,,20,59726,,2.308697332817936
case_057,2,2,5,balance,,0,0.005,0.176,True,32593,431028,431028,0,773488,,,20,59726,,1.8324793667351886
case_057,2,2,5,comm,,0,0.015,0.213,True,32078,734932,734932,0,1077392,,,93,59726,,1.8618991208928237
case_057,2,2,4,random,,0,0.012,0.292,True,57202,1437334,1373834,63500,1779794,,,22,59726,,1.0441243313170867
case_057,2,2,4,topo,,0,0.005,0.178,True,32947,416826,416826,0,759286,,,16,59726,,1.8127902388684858
case_057,2,2,4,balance,,0,0.005,0.597,True,49050,295092,295092,0,637552,,,16,59726,,1.2176554536187563
case_057,2,2,4,comm,,0,0.013,0.214,True,34377,611172,611172,0,953632,,,93,59726,,1.737382552287867
case_056,2,2,2,random,,0,0.149,3.086,True,274248,439876,439876,0,661476,,,12,277285,,1.0110739184971267
case_056,2,2,2,topo,,0,0.053,2.495,True,281679,567854,567854,0,789454,,,8,277285,,0.9844006830470146
case_056,2,2,2,balance,,0,0.05,2.403,True,280266,278958,278958,0,500558,,,8,277285,,0.9893636759364318
case_056,2,2,2,comm,,0,0.126,2.553,True,157058,498486,498486,0,720086,,,336,277285,,1.765494275999949
case_057,3,3,3,random,,0,0.014,0.76,True,54320,1237610,1229418,8192,1580070,0.26705531743541283,294460,16,59726,,1.0995213549337262
case_057,3,3,3,topo,,0,0.005,0.214,True,31828,314002,314002,0,656462,0.3845975100475212,235026,12,59726,,1.8765238155083575
case_057,3,3,3,balance,,0,0.005,0.209,True,34726,309418,309418,0,651878,0.3840266036879395,233502,12,59726,,1.7199216725220297
case_057,3,3,3,comm,,0,0.017,0.255,True,34680,525300,525300,0,867760,0.5686927363747993,481660,92,59726,,1.7222029988465974
case_057,3,3,5,random,,0,0.015,0.349,True,53375,1711952,1711952,0,2054412,0.2841566331713892,395500,26,59726,,1.1189882903981265
case_057,3,3,5,topo,,0,0.005,0.212,True,25518,482254,482254,0,824714,0.4516979887899769,339760,20,59726,,2.3405439297750608
case_057,3,3,5,balance,,0,0.005,0.24,True,32588,431028,431028,0,773488,0.44664874437379937,321320,20,59726,,1.8327605253467534
case_057,3,3,5,comm,,0,0.016,0.265,True,28829,734932,734932,0,1077392,0.5153977272727273,544260,93,59726,,2.071733324083388
case_057,3,3,4,random,,0,0.012,0.288,True,56447,1437334,1373834,63500,1779794,0.29601134029116877,366272,22,59726,,1.0580898896309814
case_057,3,3,4,topo,,0,0.005,0.194,True,32023,416826,416826,0,759286,0.41287305814214315,287140,16,59726,,1.8650969615588795
case_057,3,3,4,balance,,0,0.007,0.787,True,49050,295092,295092,0,637552,0.3940854508060771,237602,16,59726,,1.2176554536187563
case_057,3,3,4,comm,,0,0.015,0.21,True,31087,611172,611172,0,953632,0.4549405757926803,424132,93,59726,,1.9212532569884517
case_054,1,1,2,random,,0,0.308,9.243,True,819882,2709162,2583976,125186,4315438,,,10,815051,,0.9941076886673936
case_054,1,1,2,topo,,0,0.139,12.628,True,827303,944062,944062,0,2550338,,,8,815051,,0.9851904320424318
case_054,1,1,2,balance,,0,0.097,11.327,True,824603,944062,944062,0,2550338,,,8,815051,,0.988416243937992
case_054,1,1,2,comm,,0,0.262,16.595,True,697875,1549010,1549010,0,3155286,,,48,815051,,1.1679039942683145
case_056,2,2,5,random,,0,0.131,2.668,True,287919,3048536,3048536,0,3270136,,,28,277285,,0.9630660012017269
case_056,2,2,5,topo,,0,0.065,2.15,True,191128,1266256,1266256,0,1487856,,,20,277285,,1.450781675107781
case_056,2,2,5,balance,,0,0.044,2.291,True,198651,1069584,1069584,0,1291184,,,20,277285,,1.3958399403979844
case_056,2,2,5,comm,,0,0.175,2.935,True,88493,1459800,1459800,0,1681400,,,336,277285,,3.1334116822799545
case_056,2,2,4,random,,0,0.121,2.976,True,286097,2495480,2437110,58370,2717080,,,24,277285,,0.9691992575944522
case_056,2,2,4,topo,,0,0.056,2.118,True,227102,1059642,1059642,0,1281242,,,16,277285,,1.2209711935606027
case_056,2,2,4,balance,,0,0.047,2.374,True,213000,639418,639418,0,861018,,,16,277285,,1.3018075117370893
case_056,2,2,4,comm,,0,0.148,2.931,True,114191,1113122,1113122,0,1334722,,,336,277285,,2.428256167298649
case_056,2,2,3,random,,0,0.141,2.658,True,281272,1152590,1064328,88262,1374190,,,18,277285,,0.9858251087914901
case_056,2,2,3,topo,,0,0.059,2.211,True,253920,881688,881688,0,1103288,,,12,277285,,1.0920171707624449
case_056,2,2,3,balance,,0,0.052,2.47,True,268742,509976,509976,0,731576,,,12,277285,,1.0317888532495851
case_056,2,2,3,comm,,0,0.149,3.165,True,112256,767084,767084,0,988684,,,336,277285,,2.470112956100342
case_056,3,3,3,random,,0,0.15,2.633,True,281272,1152590,1064328,88262,1374190,0.007246684535660132,5802,18,277285,,0.9858251087914901
case_056,3,3,3,topo,,0,0.043,2.753,True,253913,881688,881688,0,1103288,0.208987375399933,144748,12,277285,,1.0920472760354925
case_056,3,3,3,balance,,0,0.054,2.933,True,268710,509976,509976,0,731576,0.12781840096424266,63628,12,277285,,1.031911726396487
case_056,3,3,3,comm,,0,0.148,2.77,True,111542,767084,767084,0,988684,0.26803873438890835,178866,336,277285,,2.4859245844614586
case_056,3,3,4,random,,0,0.134,2.84,True,285757,2495480,2437110,58370,2717080,0.07963543346700595,119984,24,277285,,0.9703524323113695
case_056,3,3,4,topo,,0,0.056,2.555,True,227095,1059642,1059642,0,1281242,0.24617791457861668,193550,16,277285,,1.2210088289042031
case_056,3,3,4,balance,,0,0.061,2.799,True,212998,639418,639418,0,861018,0.12779281487322663,71954,16,277285,,1.3018197353965766
case_056,3,3,4,comm,,0,0.155,2.64,True,111880,1113122,1113122,0,1334722,0.3386424901400297,299490,336,277285,,2.478414372542009
case_056,3,3,2,random,,0,0.667,2.837,True,274248,439876,439876,0,661476,0.022938470977594463,10244,12,277285,,1.0110739184971267
case_056,3,3,2,topo,,0,0.05,2.273,True,281679,567854,567854,0,789454,0.07981932287867737,42022,8,277285,,0.9844006830470146
case_056,3,3,2,balance,,0,0.847,2.315,True,280266,278958,278958,0,500558,0.06327789699570815,23590,8,277285,,0.9893636759364318
case_056,3,3,2,comm,,0,0.163,2.981,True,157025,498486,498486,0,720086,0.16525512135941087,85542,336,277285,,1.765865308071963
case_056,3,3,5,random,,0,0.116,3.392,True,287878,3048536,3048536,0,3270136,0.09556269004515283,171092,28,277285,,0.9632031624507604
case_056,3,3,5,topo,,0,0.09,2.157,True,190998,1266256,1266256,0,1487856,0.2644793209136334,240408,20,277285,,1.4517691284725494
case_056,3,3,5,balance,,0,0.08,2.518,True,198548,1069584,1069584,0,1291184,0.2429131307816219,195736,20,277285,,1.3965640550395875
case_056,3,3,5,comm,,0,0.153,2.64,True,87007,1459800,1459800,0,1681400,0.47050089329519473,508268,336,277285,,3.186927488592872
case_059,1,1,2,random,,0,0.751,1.893,True,864007,17731584,17731584,0,19075072,,,11,829473,,0.9600304164202373
case_059,1,1,2,topo,,0,0.02,0.938,True,370884,5046272,5046272,0,6389760,,,8,829473,,2.2364755556993563
case_059,1,1,2,balance,,0,0.019,0.938,True,370884,5046272,5046272,0,6389760,,,8,829473,,2.2364755556993563
case_059,1,1,2,comm,,0,0.05,0.659,True,385500,7569408,7569408,0,8912896,,,64,829473,,2.15168093385214
case_059,1,1,4,random,,0,0.068,2.474,True,820444,20961280,20961280,0,22304768,,,21,829473,,1.0110050167957838
case_059,1,1,4,topo,,0,0.022,0.894,True,187820,5406720,5406720,0,6750208,,,16,829473,,4.416318815887552
case_059,1,1,4,balance,,0,0.018,0.894,True,187820,5406720,5406720,0,6750208,,,16,829473,,4.416318815887552
case_059,1,1,4,comm,,0,0.054,1.337,True,198236,7569408,7569408,0,8912896,,,64,829473,,4.184270263726064
case_059,1,1,3,random,,0,0.062,2.566,True,798808,19666944,19666944,0,21010432,,,16,829473,,1.0383884487886952
case_059,1,1,3,topo,,0,0.015,1.043,True,752285,6512640,6512640,0,7856128,,,12,829473,,1.1026047309197977
case_059,1,1,3,balance,,0,0.019,0.992,True,750485,6512640,6512640,0,7856128,,,12,829473,,1.1052492721373512
case_059,1,1,3,comm,,0,0.041,1.362,True,268460,7569408,7569408,0,8912896,,,64,829473,,3.0897452134396186
case_059,2,2,2,random,,0,0.04,1.964,True,791291,13148160,6465536,6682624,14491648,,,11,829473,,1.0482527919564357
case_059,2,2,2,topo,,0,0.02,0.71,True,421538,2072576,720896,1351680,3416064,,,8,829473,,1.9677300741570154
case_059,2,2,2,balance,,0,0.022,0.71,True,421538,2072576,720896,1351680,3416064,,,8,829473,,1.9677300741570154
case_059,2,2,2,comm,,0,0.05,0.503,True,369318,360448,360448,0,1703936,,,64,829473,,2.2459587672412393
case_059,1,1,5,random,,0,0.058,2.592,True,724072,21864448,21864448,0,23207936,,,26,829473,,1.1455670154349291
case_059,1,1,5,topo,,0,0.02,1.025,True,762135,7520256,7520256,0,8863744,,,20,829473,,1.0883544253970754
case_059,1,1,5,balance,,0,0.021,0.997,True,760335,7520256,7520256,0,8863744,,,20,829473,,1.0909309712166348
case_059,1,1,5,comm,,0,0.044,0.68,True,163124,7569408,7569408,0,8912896,,,64,829473,,5.084923125965523
case_059,2,2,3,random,,0,0.043,2.146,True,591509,14995456,11573248,3422208,16338944,,,16,829473,,1.4022998804751914
case_059,2,2,3,topo,,0,0.016,0.759,True,576108,2269184,2252800,16384,3612672,,,12,829473,,1.4397873315420024
case_059,2,2,3,balance,,0,0.021,0.782,True,645790,3313664,2637824,675840,4657152,,,12,829473,,1.284431471530993
case_059,2,2,3,comm,,0,0.049,0.48,True,266217,2998272,2162688,835584,4341760,,,64,829473,,3.1157777301975456
case_059,2,2,4,random,,0,0.043,2.024,True,609787,16429056,14854144,1574912,17772544,,,21,829473,,1.3602667816795044
case_059,2,2,4,topo,,0,0.02,0.577,True,185216,1081344,1081344,0,2424832,,,16,829473,,4.478408992743607
case_059,2,2,4,balance,,0,0.022,0.577,True,185216,1081344,1081344,0,2424832,,,16,829473,,4.478408992743607
case_059,2,2,4,comm,,0,0.048,0.53,True,185216,1081344,1081344,0,2424832,,,64,829473,,4.478408992743607
case_059,3,3,2,random,,0,0.041,1.805,True,789513,13148160,6465536,6682624,14491648,0.1929906542056075,1691648,11,829473,,1.0506134794487234
case_059,3,3,2,topo,,0,0.021,0.638,True,410916,2072576,720896,1351680,3416064,0.42857142857142855,1351680,8,829473,,2.018595041322314
case_059,3,3,2,balance,,0,0.017,0.638,True,410916,2072576,720896,1351680,3416064,0.42857142857142855,1351680,8,829473,,2.018595041322314
case_059,3,3,2,comm,,0,0.044,0.969,True,369318,360448,360448,0,1703936,0.0,0,64,829473,,2.2459587672412393
case_059,2,2,5,random,,0,0.043,1.962,True,467600,16867328,15120384,1746944,18210816,,,26,829473,,1.7738943541488452
case_059,2,2,5,topo,,0,0.019,0.672,True,467296,3375104,3375104,0,4718592,,,20,829473,,1.7750483633499965
case_059,2,2,5,balance,,0,0.018,0.689,True,553671,4728832,4728832,0,6072320,,,20,829473,,1.4981333680109667
case_059,2,2,5,comm,,0,0.042,0.637,True,150782,4325376,4325376,0,5668864,,,64,829473,,5.501140719714555
case_059,3,3,3,random,,0,0.048,1.211,True,589022,14995456,11573248,3422208,16338944,0.2155925155925156,2123776,16,829473,,1.408220745574868
case_059,3,3,3,topo,,0,0.428,0.661,True,575974,2269184,2252800,16384,3612672,0.39868804664723034,1120256,12,829473,,1.4401222971870258
case_059,3,3,3,balance,,0,0.016,0.641,True,641245,3313664,2637824,675840,4657152,0.5672182006204757,2246656,12,829473,,1.2935352322435263
case_059,3,3,3,comm,,0,0.037,1.106,True,262333,2998272,2162688,835584,4341760,0.6832329317269076,2787328,64,829473,,3.1619087190707993
case_059,3,3,4,random,,0,0.041,1.748,True,606062,16429056,14854144,1574912,17772544,0.22855508959207016,2455552,21,829473,,1.368627302157205
case_059,3,3,4,topo,,0,0.013,0.45,True,185216,1081344,1081344,0,2424832,0.0,0,16,829473,,4.478408992743607
case_059,3,3,4,balance,,0,0.014,0.45,True,185216,1081344,1081344,0,2424832,0.0,0,16,829473,,4.478408992743607
case_059,3,3,4,comm,,0,0.035,0.546,True,185216,1081344,1081344,0,2424832,0.0,0,64,829473,,4.478408992743607
case_059,3,3,5,random,,0,0.039,1.658,True,464245,16867328,15120384,1746944,18210816,0.2527533039647577,2820096,26,829473,,1.7867139118353457
case_059,3,3,5,topo,,0,0.019,0.676,True,466779,3375104,3375104,0,4718592,0.4061433447098976,1462272,20,829473,,1.7770143901075242
case_059,3,3,5,balance,,0,0.017,1.194,True,553303,4728832,4728832,0,6072320,0.4506349856616141,2252800,20,829473,,1.499129771571815
case_059,3,3,5,comm,,0,0.038,0.542,True,150736,4325376,4325376,0,5668864,0.7378787878787879,3989504,64,829473,,5.502819498991615
case_014,1,1,2,random,,0,1.285,235.474,True,18992615,317261376,289319736,27941640,327194116,,,10,17698626,,0.931868834281114
case_014,1,1,2,topo,,0,0.509,111.893,True,17655761,74434464,22735872,51698592,84367204,,,8,17698626,,1.0024278194522456
case_014,1,1,2,balance,,0,0.362,108.91,True,17652161,74434464,22735872,51698592,84367204,,,8,17698626,,1.0026322556201477
case_014,1,1,2,comm,,0,0.552,41.007,True,9729172,86154144,71055360,15098784,96086884,,,69,17698626,,1.8191297265584367
case_060,1,1,2,random,,0,0.093,5.544,True,968619,25623794,25623794,0,27722800,,,10,888789,,0.91758369389822
case_060,1,1,2,topo,,0,0.039,2.087,True,882154,4896388,4683348,213040,6995394,,,8,888789,,1.0075213624831945
case_060,1,1,2,balance,,0,0.032,2.57,True,881254,4896388,4683348,213040,6995394,,,8,888789,,1.008550315799985
case_060,1,1,2,comm,,0,0.079,2.01,True,465749,8109056,8100864,8192,10208062,,,89,888789,,1.9083003935596212
case_060,1,1,3,random,,0,0.104,4.772,True,1001889,29734586,29734586,0,31833592,,,16,888789,,0.8871132430838147
case_060,1,1,3,topo,,0,0.041,2.252,True,888563,5616312,5518004,98308,7715318,,,12,888789,,1.0002543432485935
case_060,1,1,3,balance,,0,0.032,1.846,True,885863,5616312,5518004,98308,7715318,,,12,888789,,1.0033029938037823
case_060,1,1,3,comm,,0,0.097,2.729,True,312836,8109056,8100864,8192,10208062,,,89,888789,,2.8410700814484264
case_060,1,1,4,random,,0,0.096,4.393,True,1021216,32001438,31997342,4096,34100444,,,22,888789,,0.8703242017359697
case_060,1,1,4,topo,,0,0.035,1.815,True,891819,6608632,6412004,196628,8707638,,,16,888789,,0.9966024496001992
case_060,1,1,4,balance,,0,0.035,2.485,True,888219,6608632,6412004,196628,8707638,,,16,888789,,1.0006417336265043
case_060,1,1,4,comm,,0,0.086,2.151,True,242667,8109056,8100864,8192,10208062,,,89,888789,,3.6625870019409312
case_060,2,2,2,random,,0,0.095,3.159,True,999472,20625310,11940944,8684366,22724316,,,10,888789,,0.8892585285030497
case_060,2,2,2,topo,,0,0.037,1.775,True,704196,3289476,1507540,1781936,5388482,,,8,888789,,1.262132985702844
case_060,2,2,2,balance,,0,0.033,1.809,True,733989,3433988,1550544,1883444,5532994,,,8,888789,,1.2109023432231274
case_060,2,2,2,comm,,0,0.067,1.363,True,453722,2341120,1208448,1132672,4440126,,,89,888789,,1.9588845151877141
case_060,1,1,5,random,,0,0.116,4.604,True,1037689,33147576,33147576,0,35246582,,,26,888789,,0.8565080674460267
case_060,1,1,5,topo,,0,0.033,2.144,True,894443,7331540,7306964,24576,9430546,,,20,888789,,0.9936787475557414
case_060,1,1,5,balance,,0,0.035,1.936,True,887243,7331540,7306964,24576,9430546,,,20,888789,,1.001742476412888
case_060,1,1,5,comm,,0,0.079,2.851,True,200369,8109056,8100864,8192,10208062,,,89,888789,,4.435761020916409
case_060,2,2,3,random,,0,0.091,3.069,True,887345,24088694,19197830,4890864,26187700,,,16,888789,,1.0016273264626498
case_060,2,2,3,topo,,0,0.037,1.223,True,575245,3037624,2396468,641156,5136630,,,12,888789,,1.5450616693756574
case_060,2,2,3,balance,,0,0.032,1.781,True,663141,3531188,2449584,1081604,5630194,,,12,888789,,1.3402715259650662
case_060,2,2,3,comm,,0,0.086,1.972,True,303738,2979200,2355456,623744,5078206,,,89,888789,,2.9261699227623805
case_058,2,2,5,random,,0,0.582,17.726,True,4774868,181080064,124084224,56995840,188747776,,,27,4539717,,0.9507523558766441
case_058,2,2,5,topo,,0,0.094,6.91,True,4414704,33165312,13746176,19419136,40833024,,,20,4539717,,1.0283174138062257
case_058,2,2,5,balance,,0,0.098,8.258,True,4421890,32317440,12566528,19750912,39985152,,,20,4539717,,1.0266462983023097
case_058,2,2,5,comm,,0,0.162,7.214,True,1157950,29040640,8110080,20930560,36708352,,,17,4539717,,3.920477568116067
case_060,2,2,4,random,,0,0.088,3.447,True,799021,25742516,21008976,4733540,27841522,,,22,888789,,1.1123474852350563
case_060,2,2,4,topo,,0,0.035,1.759,True,658883,3767936,3334636,433300,5866942,,,16,888789,,1.3489329668545098
case_060,2,2,4,balance,,0,0.04,1.477,True,691882,3736054,3256788,479266,5835060,,,16,888789,,1.284596217274044
case_060,2,2,4,comm,,0,0.106,1.678,True,229829,3510784,3133824,376960,5609790,,,89,888789,,3.8671751606629274
case_058,2,2,4,random,,0,0.522,17.854,True,4918644,177766400,111591424,66174976,185434112,,,22,4539717,,0.9229610843964312
case_058,2,2,4,topo,,0,0.103,7.495,True,4457284,33370112,10645504,22724608,41037824,,,16,4539717,,1.018493997690073
case_058,2,2,4,balance,,0,0.098,8.578,True,4464828,33157120,10645504,22511616,40824832,,,16,4539717,,1.0167730985381744
case_058,2,2,4,comm,,0,0.148,8.199,True,1408677,28954624,6082560,22872064,36622336,,,17,4539717,,3.2226812817984536
case_058,2,2,3,random,,0,1.418,15.945,True,4972285,173133824,88682496,84451328,180801536,,,17,4539717,,0.9130041821818339
case_058,2,2,3,topo,,0,0.094,8.56,True,4108541,30019584,7438336,22581248,37687296,,,12,4539717,,1.104946257077634
case_058,2,2,3,balance,,0,0.098,9.341,True,4135272,30547968,6520832,24027136,38215680,,,12,4539717,,1.0978037236728322
case_058,2,2,3,comm,,0,0.17,8.514,True,1662641,28868608,4055040,24813568,36536320,,,17,4539717,,2.730425269195214
case_061,1,1,2,random,,0,0.023,0.416,True,95576,1579478,1579478,0,2123666,,,10,77191,,0.8076399933037582
case_061,1,1,2,topo,,0,0.006,0.241,True,93976,229072,229072,0,773260,,,8,77191,,0.8213905678045459
case_061,1,1,2,balance,,0,0.007,0.26,True,90376,229072,229072,0,773260,,,8,77191,,0.8541094980968399
case_061,1,1,2,comm,,0,0.022,0.353,True,83212,468476,468476,0,1012664,,,97,77191,,0.927642647695044
case_061,1,1,3,random,,0,0.025,0.455,True,98043,1936426,1936426,0,2480614,,,16,77191,,0.787317809532552
case_061,1,1,3,topo,,0,0.007,0.26,True,98641,277832,277832,0,822020,,,12,77191,,0.7825447836092497
case_061,1,1,3,balance,,0,0.008,0.255,True,96841,277832,277832,0,822020,,,12,77191,,0.7970900754845571
case_061,1,1,3,comm,,0,0.019,0.322,True,72186,468476,468476,0,1012664,,,97,77191,,1.0693347740559112
case_061,1,1,4,random,,0,0.016,0.473,True,105473,2064886,2064886,0,2609074,,,22,77191,,0.7318555459691106
case_061,1,1,4,topo,,0,0.009,0.265,True,103968,381792,381792,0,925980,,,16,77191,,0.7424495998768852
case_061,1,1,4,balance,,0,0.006,0.246,True,101268,381792,381792,0,925980,,,16,77191,,0.7622447367381602
case_061,1,1,4,comm,,0,0.017,0.568,True,56516,488956,488956,0,1033144,,,98,77191,,1.3658256069077783
case_058,3,3,4,random,,0,0.907,16.885,True,4908650,177766400,111591424,66174976,185434112,0.02071545027332886,2654208,22,4539717,,0.9248402310207491
case_058,3,3,4,topo,,0,0.376,8.371,True,4455563,33370112,10645504,22724608,41037824,0.04981435643564357,1978368,16,4539717,,1.0188873998639454
case_058,3,3,4,balance,,0,0.098,8.642,True,4463372,33157120,10645504,22511616,40824832,0.04635006221484861,1830912,16,4539717,,1.0171047808697102
case_058,3,3,4,comm,,0,0.228,8.038,True,1399475,28954624,6082560,22872064,36622336,0.04720239465807046,1679360,17,4539717,,3.2438714517944227
case_061,1,1,5,random,,0,0.014,0.784,True,110978,2180840,2180840,0,2725028,,,27,77191,,0.6955522716214024
case_061,1,1,5,topo,,0,0.006,0.259,True,109448,454000,454000,0,998188,,,20,77191,,0.7052755646517067
case_061,1,1,5,balance,,0,0.007,0.314,True,107648,454000,454000,0,998188,,,20,77191,,0.7170685939357907
case_061,1,1,5,comm,,0,0.021,0.474,True,54861,495104,495104,0,1039292,,,100,77191,,1.407028672463134
case_061,2,2,2,random,,0,0.015,0.857,True,88375,1001036,1001036,0,1545224,,,10,77191,,0.8734483734087695
case_061,2,2,2,topo,,0,0.007,0.309,True,53740,151116,151116,0,695304,,,8,77191,,1.436378861183476
case_061,2,2,2,balance,,0,0.007,0.286,True,67870,66048,66048,0,610236,,,8,77191,,1.1373360836894062
case_061,2,2,2,comm,,0,0.048,0.575,True,64096,116570,116570,0,660758,,,97,77191,,1.2043029206190714
case_058,3,3,5,random,,0,1.339,16.299,True,4750689,181080064,124084224,56995840,188747776,0.014535066239718716,1896448,27,4539717,,0.9555912837064265
case_058,3,3,5,topo,,0,0.487,7.868,True,4412882,33165312,13746176,19419136,40833024,0.05281178667773397,2084864,20,4539717,,1.0287419876624846
case_058,3,3,5,balance,,0,0.105,7.904,True,4420811,32317440,12566528,19750912,39985152,0.04024144869215292,1556480,20,4539717,,1.0268968748041931
case_058,3,3,5,comm,,0,0.176,8.752,True,1140247,29040640,8110080,20930560,36708352,0.09371769840358332,3342336,17,4539717,,3.9813452699283576
case_060,3,3,3,random,,0,0.073,3.19,True,883895,24088694,19197830,4890864,26187700,0.08380003618572045,1364488,16,888789,,1.0055368567533474
case_060,3,3,3,topo,,0,0.033,1.786,True,571350,3037624,2396468,641156,5136630,0.34546140062301556,1748224,12,888789,,1.5555946442635862
case_060,3,3,3,balance,,0,0.031,1.496,True,657001,3531188,2449584,1081604,5630194,0.4337702267754549,2415872,12,888789,,1.3527970277061983
case_060,3,3,3,comm,,0,0.085,2.547,True,303411,2979200,2355456,623744,5078206,0.47212957726064647,2397440,89,888789,,2.929323590772912
case_061,2,2,3,random,,0,0.023,1.242,True,79463,1188246,1188246,0,1732434,,,16,77191,,0.9714080767149491
case_061,2,2,3,topo,,0,0.008,0.239,True,47088,189002,189002,0,733190,,,12,77191,,1.6392923887189943
case_061,2,2,3,balance,,0,0.015,0.321,True,50605,179258,179258,0,723446,,,12,77191,,1.5253631064124098
case_061,2,2,3,comm,,0,0.023,0.275,True,55632,181922,181922,0,726110,,,97,77191,,1.3875287604256543
case_061,2,2,5,random,,0,0.016,0.512,True,76646,1589270,1589270,0,2133458,,,27,77191,,1.0071106124259583
case_061,2,2,5,topo,,0,0.007,0.254,True,50764,366208,366208,0,910396,,,20,77191,,1.5205854542589237
case_061,2,2,5,balance,,0,0.017,0.315,True,59719,307280,307280,0,851468,,,20,77191,,1.2925702037877393
case_061,2,2,5,comm,,0,0.022,0.279,True,38867,299794,299794,0,843982,,,100,77191,,1.986029279337227
case_058,2,2,2,random,,0,0.519,16.0,True,5108923,163528704,66273280,97255424,171196416,,,11,4539717,,0.8885859113554853
case_058,2,2,2,topo,,0,0.103,10.269,True,4514019,30924800,4132864,26791936,38592512,,,8,4539717,,1.0056929312880607
case_058,2,2,2,balance,,0,0.101,10.775,True,4520731,29310976,2641920,26669056,36978688,,,8,4539717,,1.0041997632683741
case_058,2,2,2,comm,,0,0.182,11.802,True,2448313,28782592,2027520,26755072,36450304,,,17,4539717,,1.8542224789069044
case_060,3,3,2,random,,0,0.249,3.025,True,998788,20625310,11940944,8684366,22724316,0.03737875011440486,533376,10,888789,,0.8898675194335535
case_060,3,3,2,topo,,0,0.039,1.827,True,695367,3289476,1507540,1781936,5388482,0.42455085506929924,2263194,8,888789,,1.278158152457623
case_060,3,3,2,balance,,0,0.034,1.874,True,726309,3433988,1550544,1883444,5532994,0.49437886165928296,2709914,8,888789,,1.2237064389949732
case_060,3,3,2,comm,,0,0.139,2.479,True,453479,2341120,1208448,1132672,4440126,0.38980793937089736,1730688,89,888789,,1.959934197614443
case_058,3,3,3,random,,0,0.478,16.645,True,4967534,173133824,88682496,84451328,180801536,0.01473374714145704,1847296,17,4539717,,0.9138773886600474
case_058,3,3,3,topo,,0,0.104,8.859,True,4106136,30019584,7438336,22581248,37687296,0.08318345323741007,3031040,12,4539717,,1.1055934338268387
case_058,3,3,3,balance,,0,0.112,9.315,True,4134419,30547968,6520832,24027136,38215680,0.0724717857933171,2682880,12,4539717,,1.0980302189981228
case_058,3,3,3,comm,,0,0.197,9.938,True,1651205,28868608,4055040,24813568,36536320,0.09878822850548183,3506176,17,4539717,,2.749335788106262
case_060,2,2,5,random,,0,0.095,3.739,True,808230,26992982,24156910,2836072,29091988,,,26,888789,,1.0996733603058535
case_060,2,2,5,topo,,0,0.032,1.733,True,596562,4254296,4209240,45056,6353302,,,20,888789,,1.4898518511068422
case_060,2,2,5,balance,,0,0.137,1.388,True,653395,4073804,3961164,112640,6172810,,,20,888789,,1.360262934365889
case_060,2,2,5,comm,,0,0.078,2.565,True,192617,3893760,3850752,43008,5992766,,,89,888789,,4.614281190133789
case_061,2,2,4,random,,0,0.016,1.544,True,83926,1459868,1459868,0,2004056,,,22,77191,,0.9197507327884088
case_061,2,2,4,topo,,0,0.015,0.347,True,52104,297700,297700,0,841888,,,16,77191,,1.481479348994319
case_061,2,2,4,balance,,0,0.01,0.283,True,62578,256712,256712,0,800900,,,16,77191,,1.233516571318994
case_061,2,2,4,comm,,0,0.028,0.264,True,37042,253662,253662,0,797850,,,98,77191,,2.083877760380109
case_061,3,3,2,random,,0,0.021,0.39,True,88267,1001036,1001036,0,1545224,0.1255334192307278,139908,10,77191,,0.8745170901922575
case_061,3,3,2,topo,,0,0.006,0.31,True,53571,151116,151116,0,695304,0.10519005958788835,69376,8,77191,,1.4409101939482183
case_061,3,3,2,balance,,0,0.009,0.243,True,67836,66048,66048,0,610236,0.02361207952829997,13952,8,77191,,1.13790612654048
case_061,3,3,2,comm,,0,0.024,0.312,True,64003,116570,116570,0,660758,0.15490817748778507,101138,97,77191,,1.2060528412730653
case_061,3,3,3,random,,0,0.02,0.396,True,79146,1188246,1188246,0,1732434,0.18453582421299702,231302,16,77191,,0.9752988148485078
case_061,3,3,3,topo,,0,0.013,0.271,True,47017,189002,189002,0,733190,0.1084679845481736,74634,12,77191,,1.641767871195525
case_061,3,3,3,balance,,0,0.007,0.279,True,50301,179258,179258,0,723446,0.10577207638280478,72196,12,77191,,1.5345818174588974
case_061,3,3,3,comm,,0,0.031,0.299,True,55516,181922,181922,0,726110,0.20289164947104313,145718,97,77191,,1.3904279847251242
case_061,3,3,5,random,,0,0.015,0.439,True,75907,1589270,1589270,0,2133458,0.17819564064697324,262804,27,77191,,1.0169154359940453
case_061,3,3,5,topo,,0,0.008,0.259,True,50223,366208,366208,0,910396,0.21913108552351843,180376,20,77191,,1.5369651354956892
case_061,3,3,5,balance,,0,0.007,0.289,True,59446,307280,307280,0,851468,0.18587628092135744,143624,20,77191,,1.298506207314201
case_061,3,3,5,comm,,0,0.031,0.429,True,38632,299794,299794,0,843982,0.29148796694750645,241004,100,77191,,1.9981103748188032
case_061,3,3,4,random,,0,0.021,0.455,True,83342,1459868,1459868,0,2004056,0.17399052861130745,242706,22,77191,,0.9261956756497324
case_061,3,3,4,topo,,0,0.01,0.28,True,51941,297700,297700,0,841888,0.18097968082819982,139784,16,77191,,1.4861284919427813
case_061,3,3,4,balance,,0,0.009,0.758,True,62323,256712,256712,0,800900,0.1694838466102152,125696,16,77191,,1.2385636121496078
case_061,3,3,4,comm,,0,0.039,0.34,True,36918,253662,253662,0,797850,0.2594479006649893,203348,98,77191,,2.0908770789316864
case_060,3,3,4,random,,0,0.111,4.222,True,796469,25742516,21008976,4733540,27841522,0.09201102043024625,1591812,22,888789,,1.1159116048458886
case_060,3,3,4,topo,,0,0.041,1.4,True,653679,3767936,3334636,433300,5866942,0.4267148916163031,2439570,16,888789,,1.3596719490759226
case_060,3,3,4,balance,,0,0.04,2.699,True,684082,3736054,3256788,479266,5835060,0.511682456950999,2927890,16,888789,,1.2992433655614386
case_060,3,3,4,comm,,0,0.088,1.795,True,229535,3510784,3133824,376960,5609790,0.4721351875172029,2648448,89,888789,,3.872128433572222
case_060,3,3,5,random,,0,0.091,3.352,True,804074,26992982,24156910,2836072,29091988,0.09122909449151587,1643142,26,888789,,1.1053572183654738
case_060,3,3,5,topo,,0,0.034,2.029,True,595700,4254296,4209240,45056,6353302,0.4837511172384786,2981124,20,888789,,1.492007722007722
case_060,3,3,5,balance,,0,0.043,2.675,True,652561,4073804,3961164,112640,6172810,0.41922553996109463,2542592,20,888789,,1.3620014067650381
case_060,3,3,5,comm,,0,0.104,2.753,True,192199,3893760,3850752,43008,5992766,0.5400468052668608,3236224,89,888789,,4.624316463665264
case_058,3,3,2,random,,0,0.523,15.81,True,5108469,163528704,66273280,97255424,171196416,0.005103272300955139,606208,11,4539717,,0.8886648817874788
case_058,3,3,2,topo,,0,0.1,10.683,True,4513306,30924800,4132864,26791936,38592512,0.025051963680122524,937984,8,4539717,,1.005851807965159
case_058,3,3,2,balance,,0,0.097,10.734,True,4520627,29310976,2641920,26669056,36978688,0.007530807850296669,270336,8,4539717,,1.0042228655449785
case_058,3,3,2,comm,,0,0.159,13.251,True,2443180,28782592,2027520,26755072,36450304,0.0500925497454882,1773568,17,4539717,,1.8581181083669644
case_058,1,1,5,random,,0,0.505,31.561,True,5144943,182050816,181379072,671744,189718528,,,27,4539717,,0.8823648775117625
case_058,1,1,5,topo,,0,0.085,11.037,True,4383508,38076416,38076416,0,45744128,,,20,4539717,,1.035635614215829
case_058,1,1,5,balance,,0,0.105,12.672,True,4379908,38076416,38076416,0,45744128,,,20,4539717,,1.0364868394495959
case_058,1,1,5,comm,,0,0.165,12.4,True,1079919,32440320,32440320,0,40108032,,,17,4539717,,4.2037569484378
case_058,1,1,4,random,,0,0.533,34.349,True,5117418,175460352,173821952,1638400,183128064,,,22,4539717,,0.8871108437888013
case_058,1,1,4,topo,,0,0.483,11.889,True,4378510,34975744,34975744,0,42643456,,,16,4539717,,1.0368177759100698
case_058,1,1,4,balance,,0,0.109,13.986,True,4378510,34975744,34975744,0,42643456,,,16,4539717,,1.0368177759100698
case_058,1,1,4,comm,,0,0.204,11.543,True,1326483,32440320,32440320,0,40108032,,,17,4539717,,3.42237103679429
case_058,1,1,3,random,,0,0.498,39.466,True,5056727,166318080,162426880,3891200,173985792,,,17,4539717,,0.8977579766516959
case_058,1,1,3,topo,,0,0.098,15.815,True,4495580,33120256,25686016,7434240,40787968,,,12,4539717,,1.0098178655479382
case_058,1,1,3,balance,,0,0.1,13.409,True,4492880,33120256,25686016,7434240,40787968,,,12,4539717,,1.0104247164402342
case_058,1,1,3,comm,,0,0.147,11.691,True,1559863,32440320,32440320,0,40108032,,,17,4539717,,2.910330586724603
case_063,1,1,2,random,,0,0.191,9.103,True,1050651,23322624,23322624,0,28343808,,,11,1070397,,1.0187940619672946
case_063,1,1,2,topo,,0,0.058,2.703,True,1078600,133632,133632,0,5154816,,,8,1070397,,0.9923947709994437
case_063,1,1,2,balance,,0,0.047,3.396,True,1077700,133632,133632,0,5154816,,,8,1070397,,0.9932235315950636
case_063,1,1,2,comm,,0,0.146,3.271,True,1076594,116736,116736,0,5137920,,,6,1070397,,0.9942438839525393
case_063,1,1,3,random,,0,0.53,7.729,True,1043247,25563648,25563648,0,30584832,,,15,1070397,,1.0260245176837317
case_063,1,1,3,topo,,0,0.057,3.026,True,1083680,211968,211968,0,5233152,,,12,1070397,,0.987742691569467
case_063,1,1,3,balance,,0,0.044,2.628,True,1080980,211968,211968,0,5233152,,,12,1070397,,0.9902098096171992
case_063,1,1,3,comm,,0,0.126,2.769,True,1079909,122880,122880,0,5144064,,,9,1070397,,0.9911918504244339
case_063,1,1,4,random,,0,0.165,7.015,True,1053777,27326976,27326976,0,32348160,,,21,1070397,,1.0157718378746168
case_063,1,1,4,topo,,0,0.556,2.027,True,1088532,276480,276480,0,5297664,,,16,1070397,,0.9833399477461389
case_063,1,1,4,balance,,0,0.042,2.452,True,1088532,276480,276480,0,5297664,,,16,1070397,,0.9833399477461389
case_063,1,1,4,comm,,0,0.117,2.052,True,1083680,211968,211968,0,5233152,,,12,1070397,,0.987742691569467
case_062,2,2,5,random,,0,0.925,17.557,True,2537645,64579584,55245312,9334272,77981184,,,27,2854809,,1.1249835969964277
case_062,2,2,5,topo,,0,0.139,7.746,True,2630372,385536,385536,0,13787136,,,20,2854809,,1.0853251935467683
case_062,2,2,5,balance,,0,0.165,7.398,True,2703217,287232,287232,0,13688832,,,20,2854809,,1.056078368847192
case_062,2,2,5,comm,,0,0.377,7.565,True,2600223,271872,271872,0,13673472,,,15,2854809,,1.0979092947028004
case_062,2,2,4,random,,0,0.933,17.32,True,2782629,64293888,49758720,14535168,77695488,,,21,2854809,,1.025939498222724
case_062,2,2,4,topo,,0,0.127,8.509,True,2634454,302592,302592,0,13704192,,,16,2854809,,1.0836435177839507
case_062,2,2,4,balance,,0,0.115,7.69,True,2658957,208896,208896,0,13610496,,,16,2854809,,1.0736574529035257
case_062,2,2,4,comm,,0,0.364,8.106,True,2679257,198144,198144,0,13599744,,,12,2854809,,1.0655226430312583
case_063,1,1,5,random,,0,0.58,6.489,True,1056143,28486656,28486656,0,33507840,,,26,1070397,,1.0134962784395674
case_063,1,1,5,topo,,0,0.046,2.269,True,1092150,264192,264192,0,5285376,,,20,1070397,,0.980082406262876
case_063,1,1,5,balance,,0,0.05,1.801,True,1089450,264192,264192,0,5285376,,,20,1070397,,0.9825113589425857
case_063,1,1,5,comm,,0,0.151,1.949,True,1086935,248832,248832,0,5270016,,,15,1070397,,0.984784738737827
case_063,2,2,2,random,,0,0.131,4.711,True,1014158,18220032,11057664,7162368,23241216,,,11,1070397,,1.05545388391158
case_063,2,2,2,topo,,0,0.045,2.056,True,970194,127488,127488,0,5148672,,,8,1070397,,1.1032814055745552
case_063,2,2,2,balance,,0,0.054,2.054,True,974874,107520,107520,0,5128704,,,8,1070397,,1.097984970365401
case_063,2,2,2,comm,,0,0.135,1.995,True,847480,113664,113664,0,5134848,,,6,1070397,,1.263035115872941
case_062,2,2,3,random,,0,0.936,16.56,True,2870381,62138880,43974144,18164736,75540480,,,17,2854809,,0.9945749362192684
case_062,2,2,3,topo,,0,0.146,8.254,True,2679154,195072,195072,0,13596672,,,12,2854809,,1.0655636070192307
case_062,2,2,3,balance,,0,0.938,8.3,True,2748571,168960,168960,0,13570560,,,12,2854809,,1.0386520850289114
case_062,2,2,3,comm,,0,1.048,7.828,True,2649327,172032,172032,0,13573632,,,9,2854809,,1.0775600746906666
case_062,3,3,3,random,,0,0.866,16.475,True,2869885,62138880,43974144,18164736,75540480,0.0040163868583822,230400,17,2854809,,0.9947468278345648
case_062,3,3,3,topo,,0,0.122,8.683,True,2678949,195072,195072,0,13596672,0.0017055144968732233,23040,12,2854809,,1.0656451466601269
case_062,3,3,3,balance,,0,0.149,8.954,True,2748407,168960,168960,0,13570560,0.0013659647125782584,18432,12,2854809,,1.0387140623641258
case_062,3,3,3,comm,,0,1.056,7.7,True,2648999,172032,172032,0,13573632,0.00272975432211101,36864,9,2854809,,1.0776934985630422
case_062,3,3,5,random,,0,1.108,17.081,True,2536850,64579584,55245312,9334272,77981184,0.007722724980759534,446976,27,2854809,,1.125336145219465
case_062,3,3,5,topo,,0,0.12,8.0,True,2629839,385536,385536,0,13787136,0.00439585211902615,59904,20,2854809,,1.0855451607493842
case_062,3,3,5,balance,,0,0.153,7.537,True,2702848,287232,287232,0,13688832,0.0030563731039166854,41472,20,2854809,,1.0562225474758478
case_062,3,3,5,comm,,0,0.362,7.457,True,2599854,271872,271872,0,13673472,0.0030591434398368456,41472,15,2854809,,1.098065122118396
case_062,3,3,4,random,,0,0.803,17.85,True,2781816,64293888,49758720,14535168,77695488,0.004100191867952795,239616,21,2854809,,1.0262393343053602
case_062,3,3,4,topo,,0,0.134,8.416,True,2634044,302592,302592,0,13704192,0.0033940491005769883,46080,16,2854809,,1.0838121914440306
case_062,3,3,4,balance,,0,0.132,8.506,True,2658752,208896,208896,0,13610496,0.0017043517782070218,23040,16,2854809,,1.0737402360205088
case_062,3,3,4,comm,,0,0.402,8.021,True,2679052,198144,198144,0,13599744,0.0017053206002728514,23040,12,2854809,,1.0656041764026978
case_062,2,2,2,random,,0,1.755,15.021,True,3332064,54484992,20494848,33990144,67886592,,,11,2854809,,0.8567689576190614
case_062,2,2,2,topo,,0,0.117,9.685,True,2487822,168960,168960,0,13570560,,,8,2854809,,1.147513367113885
case_062,2,2,2,balance,,0,0.136,9.816,True,2490008,93696,93696,0,13495296,,,8,2854809,,1.1465059550009478
case_062,2,2,2,comm,,0,1.046,9.7,True,2514192,105984,105984,0,13507584,,,6,2854809,,1.1354777200786574
case_064,1,1,2,random,,0,0.015,0.19,True,23134,119220,119220,0,156634,,,11,19116,,0.8263162444886315
case_064,1,1,2,topo,,0,0.005,0.21,True,26997,95846,95846,0,133260,,,8,19116,,0.7080786754083787
case_064,1,1,2,balance,,0,0.006,0.198,True,23397,95846,95846,0,133260,,,8,19116,,0.8170278240800103
case_064,1,1,2,comm,,0,0.018,0.214,True,30917,124826,124826,0,162240,,,69,19116,,0.6183006113141637
case_064,1,1,3,random,,0,0.014,0.213,True,29749,151734,151734,0,189148,,,15,19116,,0.642576221049447
case_064,1,1,3,topo,,0,0.005,0.19,True,31815,130392,130392,0,167806,,,12,19116,,0.6008486562942008
case_064,1,1,3,balance,,0,0.005,0.216,True,28215,130392,130392,0,167806,,,12,19116,,0.6775119617224881
case_064,1,1,3,comm,,0,0.015,0.196,True,27527,124826,124826,0,162240,,,69,19116,,0.6944454535546918
case_064,1,1,4,random,,0,0.013,0.303,True,36035,210388,210388,0,247802,,,22,19116,,0.5304842514222284
case_064,1,1,4,topo,,0,0.005,0.2,True,35094,131106,131106,0,168520,,,16,19116,,0.5447084971790049
case_064,1,1,4,balance,,0,0.005,0.177,True,35094,131106,131106,0,168520,,,16,19116,,0.5447084971790049
case_064,1,1,4,comm,,0,0.013,0.208,True,25579,124826,124826,0,162240,,,69,19116,,0.7473317956135893
case_064,2,2,2,random,,0,0.011,0.133,True,20295,44292,44292,0,81706,,,11,19116,,0.9419068736141907
case_064,2,2,2,topo,,0,0.005,0.142,True,21424,64518,64518,0,101932,,,8,19116,,0.8922703510082151
case_064,2,2,2,balance,,0,0.004,0.13,True,17253,54950,54950,0,92364,,,8,19116,,1.107981220657277
case_064,2,2,2,comm,,0,0.012,0.138,True,20394,63078,63078,0,100492,,,69,19116,,0.9373345101500441
case_064,2,2,3,random,,0,0.013,0.172,True,22214,110406,110406,0,147820,,,15,19116,,0.8605383992077068
case_064,2,2,3,topo,,0,0.005,0.159,True,24313,116972,116972,0,154386,,,12,19116,,0.7862460412125201
case_064,2,2,3,balance,,0,0.005,0.149,True,22354,86508,86508,0,123922,,,12,19116,,0.8551489666278965
case_064,2,2,3,comm,,0,0.015,0.146,True,16072,99020,99020,0,136434,,,69,19116,,1.1893977103036337
case_064,1,1,5,random,,0,0.009,0.258,True,37839,234120,234120,0,271534,,,28,19116,,0.5051930547847459
case_064,1,1,5,topo,,0,0.005,0.195,True,39343,144652,144652,0,182066,,,20,19116,,0.48588058866888645
case_064,1,1,5,balance,,0,0.006,0.205,True,38443,144652,144652,0,182066,,,20,19116,,0.49725567723642794
case_064,1,1,5,comm,,0,0.016,0.457,True,94082,299090,299090,0,336504,,,273,19116,,0.2031844561127527
case_062,3,3,2,random,,0,0.8,15.665,True,3331923,54484992,20494848,33990144,67886592,0.0016541877067734634,87552,11,2854809,,0.8568052142861645
case_062,3,3,2,topo,,0,0.109,9.868,True,2487617,168960,168960,0,13570560,0.0017068730086481567,23040,8,2854809,,1.147607931606835
case_062,3,3,2,balance,,0,0.631,9.873,True,2489885,93696,93696,0,13495296,0.0010275145564562164,13824,8,2854809,,1.1465625922482363
case_062,3,3,2,comm,,0,0.34,9.745,True,2514110,105984,105984,0,13507584,0.0006846970215679561,9216,6,2854809,,1.1355147547243358
case_064,2,2,4,random,,0,0.01,0.187,True,25582,159244,159244,0,196658,,,22,19116,,0.7472441560472207
case_064,2,2,4,topo,,0,0.004,0.168,True,24827,119472,119472,0,156886,,,16,19116,,0.7699681798042454
case_064,2,2,4,balance,,0,0.004,0.201,True,26676,123474,123474,0,160888,,,16,19116,,0.7165991902834008
case_064,2,2,4,comm,,0,0.016,0.179,True,16556,126834,126834,0,164248,,,69,19116,,1.1546267214302972
case_064,2,2,5,random,,0,0.011,0.204,True,26734,153038,153038,0,190452,,,28,19116,,0.7150445126056707
case_064,2,2,5,topo,,0,0.006,0.198,True,26888,139126,139126,0,176540,,,20,19116,,0.7109491222850343
case_064,2,2,5,balance,,0,0.007,0.214,True,25495,129366,129366,0,166780,,,20,19116,,0.749794077270053
case_064,2,2,5,comm,,0,0.022,0.286,True,49055,307700,307700,0,345114,,,273,19116,,0.38968504739578025
case_064,3,3,3,random,,0,0.016,0.213,True,22213,110406,110406,0,147820,0.06912768973070481,6438,15,19116,,0.8605771395128978
case_064,3,3,3,topo,,0,0.006,0.188,True,24313,116972,116972,0,154386,0.2685205215441798,27308,12,19116,,0.7862460412125201
case_064,3,3,3,balance,,0,0.005,0.142,True,22340,86508,86508,0,123922,0.1998326359832636,16716,12,19116,,0.8556848701880035
case_064,3,3,3,comm,,0,0.012,0.14,True,16029,99020,99020,0,136434,0.32340333871836296,30028,69,19116,,1.192588433464346
case_064,3,3,4,random,,0,0.016,0.229,True,25582,159244,159244,0,196658,0.10835282831512867,12876,22,19116,,0.7472441560472207
case_064,3,3,4,topo,,0,0.005,0.18,True,24815,119472,119472,0,156886,0.29288003885381253,30152,16,19116,,0.7703405198468668
case_064,3,3,4,balance,,0,0.004,0.155,True,26663,123474,123474,0,160888,0.28629612790785786,30226,16,19116,,0.7169485804298091
case_064,3,3,4,comm,,0,0.012,0.164,True,16357,126834,126834,0,164248,0.3333273957962237,37426,69,19116,,1.1686739622180107
case_064,3,3,2,random,,0,0.011,0.153,True,20295,44292,44292,0,81706,0.0560621866271831,3332,11,19116,,0.9419068736141907
case_064,3,3,2,topo,,0,0.005,0.632,True,21424,64518,64518,0,101932,0.1243161094224924,8998,8,19116,,0.8922703510082151
case_064,3,3,2,balance,,0,0.004,0.143,True,17247,54950,54950,0,92364,0.16439750974573805,11302,8,19116,,1.1083666724647765
case_064,3,3,2,comm,,0,0.013,0.161,True,20394,63078,63078,0,100492,0.16810321313621734,12326,69,19116,,0.9373345101500441
case_064,3,3,5,random,,0,0.01,0.211,True,26714,153038,153038,0,190452,0.13678747660370938,16078,28,19116,,0.7155798457737516
case_064,3,3,5,topo,,0,0.004,0.206,True,26874,139126,139126,0,176540,0.29337550518362326,33392,20,19116,,0.7113194909578031
case_064,3,3,5,balance,,0,0.006,0.182,True,25495,129366,129366,0,166780,0.2865359956035904,31284,20,19116,,0.749794077270053
case_064,3,3,5,comm,,0,0.021,0.307,True,48966,307700,307700,0,345114,0.36174160740614436,72132,273,19116,,0.3903933341502267
case_065,1,1,2,random,,0,0.013,0.254,True,56860,1154686,1154686,0,1470888,,,11,53068,,0.9333098839254309
case_065,1,1,2,topo,,0,0.004,0.167,True,61616,239016,239016,0,555218,,,8,53068,,0.8612698000519345
case_065,1,1,2,balance,,0,0.005,0.161,True,59816,239016,239016,0,555218,,,8,53068,,0.8871873746154875
case_065,1,1,2,comm,,0,0.01,0.143,True,32497,110592,110592,0,426794,,,35,53068,,1.633012278056436
case_065,1,1,3,random,,0,0.011,0.277,True,61464,1415354,1415354,0,1731556,,,17,53068,,0.8633997136535208
case_065,1,1,3,topo,,0,0.004,0.156,True,66241,292176,292176,0,608378,,,12,53068,,0.8011352485620689
case_065,1,1,3,balance,,0,0.004,0.159,True,62641,292176,292176,0,608378,,,12,53068,,0.8471767692086652
case_065,1,1,3,comm,,0,0.007,0.139,True,22878,110592,110592,0,426794,,,35,53068,,2.3196083573738964
case_065,1,1,4,random,,0,0.015,0.328,True,71268,1543414,1543414,0,1859616,,,22,53068,,0.7446259190660605
case_065,1,1,4,topo,,0,0.004,0.169,True,70465,348230,348230,0,664432,,,16,53068,,0.7531114737813098
case_065,1,1,4,balance,,0,0.004,0.154,True,69565,348230,348230,0,664432,,,16,53068,,0.7628548839215122
case_065,1,1,4,comm,,0,0.007,0.141,True,18146,110592,110592,0,426794,,,35,53068,,2.924501267496969
case_065,2,2,3,random,,0,0.012,0.227,True,49869,845924,845924,0,1162126,,,17,53068,,1.0641480679379975
case_065,2,2,3,topo,,0,0.004,0.149,True,27871,209226,209226,0,525428,,,12,53068,,1.9040579814143734
case_065,2,2,3,balance,,0,0.004,0.126,True,36547,180550,180550,0,496752,,,12,53068,,1.4520480477193751
case_065,2,2,3,comm,,0,0.008,0.114,True,18955,27648,27648,0,343850,,,35,53068,,2.7996834608282777
case_065,1,1,5,random,,0,0.013,0.33,True,76587,1615650,1615650,0,1931852,,,27,53068,,0.6929113295990181
case_065,1,1,5,topo,,0,0.004,0.182,True,67555,430244,430244,0,746446,,,20,53068,,0.7855525127673747
case_065,1,1,5,balance,,0,0.004,0.161,True,66655,430244,430244,0,746446,,,20,53068,,0.7961593278823794
case_065,1,1,5,comm,,0,0.008,0.156,True,14791,110592,110592,0,426794,,,35,53068,,3.5878574809005475
case_065,2,2,4,random,,0,0.009,0.244,True,54825,1234090,1234090,0,1550292,,,22,53068,,0.9679525763793889
case_065,2,2,4,topo,,0,0.004,0.133,True,27987,269380,269380,0,585582,,,16,53068,,1.8961660771072284
case_065,2,2,4,balance,,0,0.004,0.126,True,30172,265284,265284,0,581486,,,16,53068,,1.7588492642184808
case_065,2,2,4,comm,,0,0.007,0.113,True,14986,41472,41472,0,357674,,,35,53068,,3.541171760309622
case_065,2,2,2,random,,0,0.009,0.537,True,50126,662036,662036,0,978238,,,11,53068,,1.058692095918286
case_065,2,2,2,topo,,0,0.003,0.129,True,32244,154522,154522,0,470724,,,8,53068,,1.6458255799528594
case_065,2,2,2,balance,,0,0.004,0.12,True,39732,144266,144266,0,460468,,,8,53068,,1.3356488472767543
case_065,2,2,2,comm,,0,0.007,0.121,True,28004,13824,13824,0,330026,,,35,53068,,1.8950149978574489
case_063,2,2,3,random,,0,0.118,4.379,True,996930,19335168,13860864,5474304,24356352,,,15,1070397,,1.073693238241401
case_063,2,2,3,topo,,0,0.053,2.021,True,955825,208896,208896,0,5230080,,,12,1070397,,1.119867130489368
case_063,2,2,3,balance,,0,0.061,2.107,True,962974,161280,161280,0,5182464,,,12,1070397,,1.1115533752728526
case_063,2,2,3,comm,,0,0.129,2.054,True,933839,119808,119808,0,5140992,,,9,1070397,,1.1462329159523215
case_065,3,3,2,random,,0,0.01,0.194,True,49828,662036,662036,0,978238,0.12145056856426355,81556,11,53068,,1.0650236814642369
case_065,3,3,2,topo,,0,0.004,0.122,True,32244,154522,154522,0,470724,0.16181054667860545,67586,8,53068,,1.6458255799528594
case_065,3,3,2,balance,,0,0.004,0.118,True,39732,144266,144266,0,460468,0.15004664384130348,61442,8,53068,,1.3356488472767543
case_065,3,3,2,comm,,0,0.007,0.108,True,28004,13824,13824,0,330026,0.0,0,35,53068,,1.8950149978574489
case_065,2,2,5,random,,0,0.01,0.263,True,48381,1401616,1401616,0,1717818,,,27,53068,,1.096876873152684
case_065,2,2,5,topo,,0,0.003,0.126,True,31946,362674,362674,0,678876,,,20,53068,,1.6611782382770925
case_065,2,2,5,balance,,0,0.004,0.13,True,33732,338094,338094,0,654296,,,20,53068,,1.5732242381121784
case_065,2,2,5,comm,,0,0.007,0.118,True,11660,55296,55296,0,371498,,,35,53068,,4.551286449399657
case_065,3,3,3,random,,0,0.011,0.205,True,49583,845924,845924,0,1162126,0.15343357276854339,119576,17,53068,,1.0702861867978943
case_065,3,3,3,topo,,0,0.004,0.121,True,27643,209226,209226,0,525428,0.18822486288033718,84490,12,53068,,1.919762688564917
case_065,3,3,3,balance,,0,0.004,0.124,True,36313,180550,180550,0,496752,0.17579032010335824,77828,12,53068,,1.4614050064715116
case_065,3,3,3,comm,,0,0.008,0.126,True,18955,27648,27648,0,343850,0.0,0,35,53068,,2.7996834608282777
case_065,3,3,4,random,,0,0.01,0.236,True,54218,1234090,1234090,0,1550292,0.1725607903805648,171552,22,53068,,0.9787893319561769
case_065,3,3,4,topo,,0,0.004,0.129,True,27949,269380,269380,0,585582,0.1872673408928389,91658,16,53068,,1.8987441411141723
case_065,3,3,4,balance,,0,0.004,0.127,True,29999,265284,265284,0,581486,0.19750842220589984,96266,16,53068,,1.7689922997433247
case_065,3,3,4,comm,,0,0.007,0.116,True,14986,41472,41472,0,357674,0.0,0,35,53068,,3.541171760309622
case_065,3,3,5,random,,0,0.011,0.252,True,47509,1401616,1401616,0,1717818,0.2029712658048945,224034,27,53068,,1.1170094087436064
case_065,3,3,5,topo,,0,0.004,0.617,True,31652,362674,362674,0,678876,0.26017150090029056,145938,20,53068,,1.6766081132313915
case_065,3,3,5,balance,,0,0.004,0.147,True,33304,338094,338094,0,654296,0.2646782802510411,144400,20,53068,,1.5934422291616623
case_065,3,3,5,comm,,0,0.009,0.121,True,11660,55296,55296,0,371498,0.0,0,35,53068,,4.551286449399657
case_063,2,2,4,random,,0,0.171,4.713,True,880190,20898816,19639296,1259520,25920000,,,21,1070397,,1.216097660732342
case_063,2,2,4,topo,,0,0.049,2.081,True,942874,276480,276480,0,5297664,,,16,1070397,,1.1352492485740406
case_063,2,2,4,balance,,0,0.049,2.06,True,942951,273408,273408,0,5294592,,,16,1070397,,1.1351565457802155
case_063,2,2,4,comm,,0,0.124,1.936,True,955928,208896,208896,0,5230080,,,12,1070397,,1.1197464662610572
case_063,2,2,5,random,,0,0.177,5.242,True,841528,22448640,21801984,646656,27469824,,,26,1070397,,1.271968371818882
case_063,2,2,5,topo,,0,0.053,1.428,True,902518,264192,264192,0,5285376,,,20,1070397,,1.1860118025346862
case_063,2,2,5,balance,,0,0.038,2.108,True,933227,230400,230400,0,5251584,,,20,1070397,,1.1469846028886863
case_063,2,2,5,comm,,0,0.124,2.178,True,994636,245760,245760,0,5266944,,,15,1070397,,1.0761695735927514
case_063,3,3,3,random,,0,0.13,4.671,True,996350,19335168,13860864,5474304,24356352,0.029581941162089478,557568,15,1070397,,1.0743182616550409
case_063,3,3,3,topo,,0,0.045,2.148,True,955497,208896,208896,0,5230080,0.007168458781362007,36864,12,1070397,,1.120251554949937
case_063,3,3,3,balance,,0,0.053,2.046,True,962687,161280,161280,0,5182464,0.006304413089162414,32256,12,1070397,,1.1118847558967764
case_063,3,3,3,comm,,0,0.111,2.334,True,933839,119808,119808,0,5140992,0.0,0,9,1070397,,1.1462329159523215
case_063,3,3,2,random,,0,0.597,4.464,True,1012685,18220032,11057664,7162368,23241216,0.026962862472443616,488448,11,1070397,,1.0569890933508446
case_063,3,3,2,topo,,0,0.053,2.028,True,970112,127488,127488,0,5148672,0.004522158577027435,23040,8,1070397,,1.1033746618947091
case_063,3,3,2,balance,,0,0.048,2.479,True,974792,107520,107520,0,5128704,0.003626473254759746,18432,8,1070397,,1.0980773334208733
case_063,3,3,2,comm,,0,0.142,2.276,True,847357,113664,113664,0,5134848,0.003624282694050136,18432,6,1070397,,1.2632184545592944
case_063,3,3,4,random,,0,0.15,5.191,True,879169,20898816,19639296,1259520,25920000,0.03837850803550012,737280,21,1070397,,1.2175099440494377
case_063,3,3,4,topo,,0,0.043,2.14,True,942423,276480,276480,0,5297664,0.01066350710900474,55296,16,1070397,,1.1357925262859672
case_063,3,3,4,balance,,0,0.047,2.102,True,942500,273408,273408,0,5294592,0.010666666666666666,55296,16,1070397,,1.1356997347480107
case_063,3,3,4,comm,,0,0.132,2.097,True,955600,208896,208896,0,5230080,0.007168458781362007,36864,12,1070397,,1.1201308078694014
case_063,3,3,5,random,,0,0.149,4.551,True,841156,22448640,21801984,646656,27469824,0.03597067359095769,723456,26,1070397,,1.2725308979547194
case_063,3,3,5,topo,,0,0.047,2.078,True,902518,264192,264192,0,5285376,0.0,0,20,1070397,,1.1860118025346862
case_063,3,3,5,balance,,0,0.043,2.126,True,933227,230400,230400,0,5251584,0.0,0,20,1070397,,1.1469846028886863
case_063,3,3,5,comm,,0,0.128,2.076,True,994349,245760,245760,0,5266944,0.006244424620874219,32256,15,1070397,,1.0764801895511535
case_066,2,2,2,random,,0,0.113,1.699,True,326254,892364,865480,26884,1999398,,,11,359070,,1.100584207396691
case_066,2,2,2,topo,,0,0.038,1.195,True,315705,948092,948092,0,2055126,,,8,359070,,1.1373592435976623
case_066,2,2,2,balance,,0,0.041,1.536,True,361339,317466,317466,0,1424500,,,8,359070,,0.9937205781828145
case_066,2,2,2,comm,,0,0.109,1.686,True,238058,948972,948972,0,2056006,,,270,359070,,1.5083299027967974
case_066,2,2,3,random,,0,0.1,2.055,True,362685,2293638,2293638,0,3400672,,,17,359070,,0.9900326729806858
case_066,2,2,3,topo,,0,0.037,1.648,True,301875,1202282,1202282,0,2309316,,,12,359070,,1.1894658385093169
case_066,2,2,3,balance,,0,0.037,1.698,True,298605,1220226,1220226,0,2327260,,,12,359070,,1.2024915858743155
case_066,2,2,3,comm,,0,0.137,1.22,True,165403,1503960,1503960,0,2610994,,,270,359070,,2.1708796091969313
case_066,1,1,4,random,,0,0.111,2.589,True,390414,3608658,3608658,0,4715692,,,22,359070,,0.9197159937912063
case_066,1,1,4,topo,,0,0.049,1.504,True,379792,1790886,1790886,0,2897920,,,16,359070,,0.9454385558410919
case_066,1,1,4,balance,,0,0.04,2.016,True,377992,1790886,1790886,0,2897920,,,16,359070,,0.94994073948655
case_066,1,1,4,comm,,0,0.098,2.537,True,201358,2608148,2608148,0,3715182,,,270,359070,,1.78324178825773
case_066,1,1,3,random,,0,0.76,2.022,True,386294,2942458,2942458,0,4049492,,,17,359070,,0.9295251803030852
case_066,1,1,3,topo,,0,0.044,1.643,True,374381,1474440,1474440,0,2581474,,,12,359070,,0.959103159615472
case_066,1,1,3,balance,,0,0.042,2.148,True,371681,1474440,1474440,0,2581474,,,12,359070,,0.9660703667930295
case_066,1,1,3,comm,,0,0.094,2.577,True,216042,2608148,2608148,0,3715182,,,270,359070,,1.6620379370677925
case_066,1,1,5,random,,0,0.116,2.586,True,393968,3971526,3971526,0,5078560,,,27,359070,,0.9114192015595175
case_066,1,1,5,topo,,0,0.049,1.463,True,382344,1953744,1953744,0,3060778,,,20,359070,,0.9391281149959199
case_066,1,1,5,balance,,0,0.035,1.799,True,378744,1953744,1953744,0,3060778,,,20,359070,,0.9480546226474875
case_066,1,1,5,comm,,0,0.099,3.191,True,170136,2608148,2608148,0,3715182,,,270,359070,,2.110488080124136
case_066,3,3,2,random,,0,0.102,1.898,True,326254,892364,865480,26884,1999398,0.07307988092933711,111752,11,359070,,1.100584207396691
case_066,3,3,2,topo,,0,0.038,1.205,True,315705,948092,948092,0,2055126,0.22027506340532652,373116,8,359070,,1.1373592435976623
case_066,3,3,2,balance,,0,0.4,1.078,True,361339,317466,317466,0,1424500,0.08692993819641956,107770,8,359070,,0.9937205781828145
case_066,3,3,2,comm,,0,0.109,1.992,True,237728,948972,948972,0,2056006,0.2127755061334397,358428,270,359070,,1.5104236774801454
case_066,2,2,4,random,,0,0.085,2.332,True,370357,2757870,2757870,0,3864904,,,22,359070,,0.9695239998163934
case_066,2,2,4,topo,,0,0.042,1.76,True,290964,1768772,1768772,0,2875806,,,16,359070,,1.2340701942508352
case_066,2,2,4,balance,,0,0.035,1.214,True,315531,1697164,1697164,0,2804198,,,16,359070,,1.1379864419026973
case_066,2,2,4,comm,,0,0.101,2.235,True,164161,2064356,2064356,0,3171390,,,270,359070,,2.1873039272421586
case_066,1,1,2,random,,0,0.098,2.031,True,370429,2105466,2105466,0,3212500,,,11,359070,,0.969335554181773
case_066,1,1,2,topo,,0,0.048,1.996,True,369281,1345652,1345652,0,2452686,,,8,359070,,0.9723489700255361
case_066,1,1,2,balance,,0,0.039,2.494,True,364781,1345652,1345652,0,2452686,,,8,359070,,0.98434403107618
case_066,1,1,2,comm,,0,0.115,2.636,True,289633,2608148,2608148,0,3715182,,,270,359070,,1.239741327818308
case_058,1,1,2,random,,0,0.507,65.542,True,4985677,151310336,141615104,9695232,158978048,,,11,4539717,,0.9105517665905754
case_058,1,1,2,topo,,0,0.098,18.212,True,4537138,30941184,16297984,14643200,38608896,,,8,4539717,,1.0005684200039762
case_058,1,1,2,balance,,0,0.119,17.76,True,4532638,30941184,16297984,14643200,38608896,,,8,4539717,,1.0015617836677009
case_058,1,1,2,comm,,0,0.176,10.993,True,2313507,32440320,32440320,0,40108032,,,17,4539717,,1.962266377408843
case_066,2,2,5,random,,0,0.094,2.348,True,370825,3443940,3443940,0,4550974,,,27,359070,,0.9683004112451965
case_066,2,2,5,topo,,0,0.046,1.603,True,289589,2062444,2062444,0,3169478,,,20,359070,,1.2399296934621136
case_066,2,2,5,balance,,0,0.056,1.932,True,320971,1620018,1620018,0,2727052,,,20,359070,,1.1186991971237277
case_066,2,2,5,comm,,0,0.103,1.324,True,134235,2476400,2476400,0,3583434,,,270,359070,,2.674935747010839
case_066,3,3,3,random,,0,0.098,2.336,True,362657,2293638,2293638,0,3400672,0.1327267950097597,306124,17,359070,,0.9901091113641816
case_066,3,3,3,topo,,0,0.041,2.056,True,301875,1202282,1202282,0,2309316,0.21802770757902085,392374,12,359070,,1.1894658385093169
case_066,3,3,3,balance,,0,0.042,1.257,True,298303,1220226,1220226,0,2327260,0.2999647575028721,563458,12,359070,,1.2037089804661703
case_066,3,3,3,comm,,0,0.097,2.125,True,164898,1503960,1503960,0,2610994,0.25931083393596016,520664,270,359070,,2.1775279263544736
case_066,3,3,4,random,,0,0.107,2.342,True,370262,2757870,2757870,0,3864904,0.16231767158397653,419374,22,359070,,0.9697727555082617
case_066,3,3,4,topo,,0,0.042,2.147,True,289912,1768772,1768772,0,2875806,0.29301769157782276,627522,16,359070,,1.2385482491238722
case_066,3,3,4,balance,,0,0.037,1.284,True,315359,1697164,1697164,0,2804198,0.3183635339789895,682956,16,359070,,1.1386071112604998
case_066,3,3,4,comm,,0,0.105,2.118,True,161765,2064356,2064356,0,3171390,0.2831315658809387,693396,270,359070,,2.2197014187246933
case_062,1,1,5,random,,0,0.957,34.839,True,2783812,75941376,75941376,0,89342976,,,27,2854809,,1.0255035181973495
case_062,1,1,5,topo,,0,0.157,10.235,True,2877616,388608,388608,0,13790208,,,20,2854809,,0.9920743420942891
case_062,1,1,5,balance,,0,0.133,8.791,True,2873116,388608,388608,0,13790208,,,20,2854809,,0.9936281723397176
case_062,1,1,5,comm,,0,0.334,10.782,True,2871803,271872,271872,0,13673472,,,15,2854809,,0.9940824631773141
case_066,3,3,5,random,,0,0.073,2.545,True,370805,3443940,3443940,0,4550974,0.18930427669921882,561924,27,359070,,0.9683526381790968
case_066,3,3,5,topo,,0,0.048,1.856,True,289457,2062444,2062444,0,3169478,0.3669486822000889,878026,20,359070,,1.2404951339922683
case_066,3,3,5,balance,,0,0.043,1.302,True,319439,1620018,1620018,0,2727052,0.3116088068200912,649088,20,359070,,1.1240643753580495
case_066,3,3,5,comm,,0,0.108,1.743,True,128702,2476400,2476400,0,3583434,0.3420594204743752,913456,270,359070,,2.7899333343693185
case_067,2,2,3,random,,0,0.158,3.325,True,60244882,225576064,22584960,202991104,231624192,,,16,63834834,,1.059589327438636
case_067,2,2,3,topo,,0,0.042,3.284,True,23677032,262061312,8164096,253897216,268109440,,,12,63834834,,2.696065706208447
case_067,2,2,3,balance,,0,0.048,3.122,True,25049732,262779904,8098560,254681344,268828032,,,12,63834834,,2.548324029973654
case_067,2,2,3,comm,,0,0.076,3.257,True,23568859,263599744,7443200,256156544,269647872,,,71,63834834,,2.7084397254869232
case_067,2,2,5,random,,0,0.172,3.85,True,59408999,235743488,34772608,200970880,241791616,,,27,63834834,,1.0744977204547748
case_067,2,2,5,topo,,0,0.571,2.914,True,18235085,259465344,16074240,243391104,265513472,,,20,63834834,,3.500660073698587
case_067,2,2,5,balance,,0,0.044,2.872,True,25318850,260572288,15951360,244620928,266620416,,,20,63834834,,2.5212374969637246
case_067,2,2,5,comm,,0,0.076,3.172,True,15931687,262750080,14886400,247863680,268798208,,,71,63834834,,4.006784341168641
case_067,2,2,4,random,,0,0.179,4.336,True,61261165,231455232,32107904,199347328,237503360,,,23,63834834,,1.0420114276311918
case_067,2,2,4,topo,,0,0.059,2.978,True,19451845,260154368,12065920,248088448,266202496,,,16,63834834,,3.2816853105707966
case_067,2,2,4,balance,,0,0.048,3.087,True,38224998,261040768,11738240,249302528,267088896,,,16,63834834,,1.6699761240013669
case_067,2,2,4,comm,,0,0.08,2.586,True,18473155,263174912,11164800,252010112,269223040,,,71,63834834,,3.4555458447677183
case_067,2,2,2,random,,0,0.196,3.492,True,61430931,227298048,10552064,216745984,233346176,,,11,63834834,,1.0391318015349629
case_067,2,2,2,topo,,0,0.049,3.498,True,33161675,263165824,4180352,258985472,269213952,,,8,63834834,,1.924958072835585
case_067,2,2,2,balance,,0,0.044,3.912,True,40974127,264122880,4049280,260073600,270171008,,,8,63834834,,1.5579303007480794
case_067,2,2,2,comm,,0,0.07,3.263,True,33768704,264024576,3721600,260302976,270072704,,,71,63834834,,1.890354868223548
case_067,3,3,2,random,,0,0.75,2.954,True,61194601,227298048,10552064,216745984,233346176,0.13205253601883907,29464576,11,63834834,,1.0431448682866646
case_067,3,3,2,topo,,0,0.042,3.448,True,33251136,263165824,4180352,258985472,269213952,0.04986020593019638,13253248,8,63834834,,1.9197790415340998
case_067,3,3,2,balance,,0,0.042,4.187,True,40976657,264122880,4049280,260073600,270171008,0.03295155546448467,8789248,8,63834834,,1.5578341102838136
case_067,3,3,2,comm,,0,0.091,3.741,True,33768704,264024576,3721600,260302976,270072704,0.0,0,71,63834834,,1.890354868223548
case_067,3,3,3,random,,0,0.158,3.127,True,59822509,225576064,22584960,202991104,231624192,0.20241138268042105,44313856,16,63834834,,1.0670704901394223
case_067,3,3,3,topo,,0,0.046,3.178,True,23514725,262061312,8164096,253897216,268109440,0.18626235918137213,49304320,12,63834834,,2.714674911146101
case_067,3,3,3,balance,,0,0.048,3.417,True,24854980,262779904,8098560,254681344,268828032,0.17737097602677784,47072384,12,63834834,,2.5682915053643174
case_067,3,3,3,comm,,0,0.079,3.842,True,23568859,263599744,7443200,256156544,269647872,0.0,0,71,63834834,,2.7084397254869232
case_067,1,1,5,random,,0,0.139,5.408,True,63131446,236995968,63905664,173090304,243044096,,,27,63834834,,1.0111416424708537
case_067,1,1,5,topo,,0,0.051,3.379,True,64105643,255997312,71898240,184099072,262045440,,,20,63834834,,0.9957755825021519
case_067,1,1,5,balance,,0,0.047,3.432,True,64103843,255997312,71898240,184099072,262045440,,,20,63834834,,0.9958035433226679
case_067,1,1,5,comm,,0,0.08,2.637,True,15967384,260512000,260512000,0,266560128,,,71,63834834,,3.997826694717181
case_062,1,1,4,random,,0,0.716,39.721,True,2782560,72499200,72499200,0,85900800,,,21,2854809,,1.0259649387614282
case_062,1,1,4,topo,,0,0.713,10.394,True,2872620,305664,305664,0,13707264,,,16,2854809,,0.9937997368256156
case_062,1,1,4,balance,,0,0.112,10.339,True,2868120,305664,305664,0,13707264,,,16,2854809,,0.9953589807957826
case_062,1,1,4,comm,,0,0.341,12.547,True,2867600,198144,198144,0,13599744,,,12,2854809,,0.9955394755195983
case_067,1,1,4,random,,0,1.074,4.904,True,63190801,231865088,58299136,173565952,237913216,,,23,63834834,,1.0101918790363174
case_067,1,1,4,topo,,0,0.045,3.633,True,64051628,258097408,56725120,201372288,264145536,,,16,63834834,,0.9966153241257193
case_067,1,1,4,balance,,0,0.064,3.274,True,64047128,258097408,56725120,201372288,264145536,,,16,63834834,,0.9966853470775457
case_067,1,1,4,comm,,0,0.089,2.021,True,18518776,260512000,260512000,0,266560128,,,71,63834834,,3.44703310845166
case_067,3,3,4,random,,0,0.158,3.38,True,60884608,231455232,32107904,199347328,237503360,0.18364343071780004,40452352,23,63834834,,1.0484560235651021
case_067,3,3,4,topo,,0,0.046,2.994,True,19471922,260154368,12065920,248088448,266202496,0.0998734552557942,26255616,16,63834834,,3.278301648907591
case_067,3,3,4,balance,,0,0.049,3.199,True,38223903,261040768,11738240,249302528,267088896,0.016237622609431464,4283648,16,63834834,,1.670023963800871
case_067,3,3,4,comm,,0,0.079,3.395,True,18473155,263174912,11164800,252010112,269223040,0.0,0,71,63834834,,3.4555458447677183
case_067,1,1,3,random,,0,0.153,5.762,True,63403846,226424064,41958144,184465920,232472192,,,16,63834834,,1.0067975056276555
case_067,1,1,3,topo,,0,0.046,4.097,True,63994541,260013824,41658496,218355328,266061952,,,12,63834834,,0.9975043652551552
case_067,1,1,3,balance,,0,0.051,4.278,True,63993641,260013824,41658496,218355328,266061952,,,12,63834834,,0.9975183940541842
case_067,1,1,3,comm,,0,0.073,2.6,True,23631184,260512000,260512000,0,266560128,,,71,63834834,,2.701296473337942
case_068,1,1,2,random,,0,0.086,2.115,True,363805,1637562,1637562,0,4408812,,,11,362095,,0.9952996797735051
case_068,1,1,2,topo,,0,0.04,1.404,True,372412,1046018,1046018,0,3817268,,,8,362095,,0.9722968110587199
case_068,1,1,2,balance,,0,0.03,2.012,True,368812,1046018,1046018,0,3817268,,,8,362095,,0.9817874689543724
case_068,1,1,2,comm,,0,0.098,2.973,True,317180,3658234,3658234,0,6429484,,,383,362095,,1.1416072892363958
case_067,1,1,2,random,,0,0.136,5.23,True,63580727,230610816,29534080,201076736,236658944,,,11,63834834,,1.0039966041910782
case_067,1,1,2,topo,,0,0.06,4.929,True,63943267,261573888,26509952,235063936,267622016,,,8,63834834,,0.9983042311554085
case_067,1,1,2,balance,,0,0.049,5.168,True,63941467,261573888,26509952,235063936,267622016,,,8,63834834,,0.9983323341643069
case_067,1,1,2,comm,,0,0.072,2.511,True,33860812,260512000,260512000,0,266560128,,,71,63834834,,1.885212735004701
case_069,1,1,2,random,,0,0.019,0.3,True,32122,782156,782156,0,908210,,,12,25144,,0.7827657057468401
case_069,1,1,2,topo,,0,0.005,0.177,True,33969,384730,384730,0,510784,,,8,25144,,0.7402043039241661
case_069,1,1,2,balance,,0,0.005,0.178,True,30369,384730,384730,0,510784,,,8,25144,,0.827949553821331
case_069,1,1,2,comm,,0,0.017,0.505,True,107364,980046,980046,0,1106100,,,300,25144,,0.2341939570060728
case_067,3,3,5,random,,0,0.717,3.384,True,58918690,235743488,34772608,200970880,241791616,0.24455646900908737,54781056,27,63834834,,1.0834394654735195
case_067,3,3,5,topo,,0,0.045,2.987,True,18184928,259465344,16074240,243391104,265513472,0.0607956332270093,15935872,20,63834834,,3.5103154656427566
case_067,3,3,5,balance,,0,0.06,3.492,True,25277775,260572288,15951360,244620928,266620416,0.05478195573556503,14418176,20,63834834,,2.5253343698169637
case_067,3,3,5,comm,,0,0.091,2.77,True,15931687,262750080,14886400,247863680,268798208,0.0,0,71,63834834,,4.006784341168641
case_069,1,1,3,random,,0,0.014,0.338,True,38589,877156,877156,0,1003210,,,17,25144,,0.651584648474954
case_069,1,1,3,topo,,0,0.006,0.199,True,38022,440610,440610,0,566664,,,12,25144,,0.6613013518489296
case_069,1,1,3,balance,,0,0.007,0.21,True,38022,440610,440610,0,566664,,,12,25144,,0.6613013518489296
case_069,1,1,3,comm,,0,0.024,0.727,True,92813,980046,980046,0,1106100,,,300,25144,,0.2709103250622219
case_069,1,1,5,random,,0,0.019,0.401,True,50147,1125854,1125854,0,1251908,,,29,25144,,0.5014058667517498
case_069,1,1,5,topo,,0,0.008,0.298,True,48667,575248,575248,0,701302,,,20,25144,,0.5166539955205787
case_069,1,1,5,balance,,0,0.008,0.27,True,46867,575248,575248,0,701302,,,20,25144,,0.5364968954701602
case_069,1,1,5,comm,,0,0.026,0.628,True,78782,980046,980046,0,1106100,,,300,25144,,0.31915919880175675
case_069,2,2,2,random,,0,0.015,0.258,True,26887,331106,331106,0,457160,,,12,25144,,0.9351731319968758
case_069,2,2,2,topo,,0,0.007,0.174,True,23199,213348,213348,0,339402,,,8,25144,,1.083839820681926
case_069,2,2,2,balance,,0,0.006,0.199,True,22481,144676,144676,0,270730,,,8,25144,,1.1184555847159823
case_069,2,2,2,comm,,0,0.026,0.215,True,55591,463206,463206,0,589260,,,300,25144,,0.45230343041139753
case_069,1,1,4,random,,0,0.015,1.14,True,43607,1059946,1059946,0,1186000,,,23,25144,,0.5766046735615842
case_069,1,1,4,topo,,0,0.007,0.277,True,43646,514248,514248,0,640302,,,16,25144,,0.5760894469138065
case_069,1,1,4,balance,,0,0.007,0.25,True,41846,514248,514248,0,640302,,,16,25144,,0.600869856139177
case_069,1,1,4,comm,,0,0.023,0.597,True,86367,980046,980046,0,1106100,,,300,25144,,0.2911297138953535
case_069,2,2,3,random,,0,0.012,0.336,True,31179,602278,602278,0,728332,,,17,25144,,0.8064402322075757
case_069,2,2,3,topo,,0,0.007,0.175,True,24194,348232,348232,0,474286,,,12,25144,,1.039265933702571
case_069,2,2,3,balance,,0,0.006,0.198,True,24274,319526,319526,0,445580,,,12,25144,,1.0358408173354205
case_069,2,2,3,comm,,0,0.02,0.24,True,47695,629004,629004,0,755058,,,300,25144,,0.5271831428870951
case_069,2,2,5,random,,0,0.014,0.385,True,34606,801862,801862,0,927916,,,29,25144,,0.7265792059180489
case_069,2,2,5,topo,,0,0.005,0.205,True,33531,605074,605074,0,731128,,,20,25144,,0.7498732516179059
case_069,2,2,5,balance,,0,0.006,0.182,True,31548,502354,502354,0,628408,,,20,25144,,0.797007734246228
case_069,2,2,5,comm,,0,0.019,0.286,True,45985,904280,904280,0,1030334,,,300,25144,,0.5467869957594867
case_068,2,2,2,random,,0,0.095,1.941,True,350112,1113292,1113292,0,3884542,,,11,362095,,1.0342261904761905
case_068,2,2,2,topo,,0,0.038,1.243,True,321772,1020838,1020838,0,3792088,,,8,362095,,1.1253154407468642
case_068,2,2,2,balance,,0,0.037,1.964,True,364652,484230,484230,0,3255480,,,8,362095,,0.9929878349769095
case_068,2,2,2,comm,,0,0.102,1.96,True,251290,1552030,1552030,0,4323280,,,383,362095,,1.4409447252178758
case_069,2,2,4,random,,0,0.014,0.365,True,32629,693892,693892,0,819946,,,23,25144,,0.7706028379662264
case_069,2,2,4,topo,,0,0.008,0.226,True,28500,488494,488494,0,614548,,,16,25144,,0.8822456140350877
case_069,2,2,4,balance,,0,0.007,0.18,True,29951,464558,464558,0,590612,,,16,25144,,0.8395045240559581
case_069,2,2,4,comm,,0,0.019,0.793,True,47500,815602,815602,0,941656,,,300,25144,,0.5293473684210527
case_069,3,3,2,random,,0,0.013,0.214,True,26878,331106,331106,0,457160,0.0993018318408231,29186,12,25144,,0.9354862712999479
case_069,3,3,2,topo,,0,0.006,0.166,True,23038,213348,213348,0,339402,0.25265343976156696,63748,8,25144,,1.091414185259137
case_069,3,3,2,balance,,0,0.007,0.16,True,22481,144676,144676,0,270730,0.17382174292751376,35428,8,25144,,1.1184555847159823
case_069,3,3,2,comm,,0,0.021,0.241,True,55473,463206,463206,0,589260,0.1977251897391537,76802,300,25144,,0.45326555261118023
case_069,3,3,3,random,,0,0.012,0.302,True,31163,602278,602278,0,728332,0.17411908756972472,76790,17,25144,,0.8068542823219844
case_069,3,3,3,topo,,0,0.008,0.203,True,24070,348232,348232,0,474286,0.34689587914251274,114536,12,25144,,1.0446198587453261
case_069,3,3,3,balance,,0,0.006,0.163,True,24235,319526,319526,0,445580,0.3237045745216841,100228,12,25144,,1.037507736744378
case_069,3,3,3,comm,,0,0.018,0.243,True,47315,629004,629004,0,755058,0.27413344311364407,127852,300,25144,,0.5314170981718271
case_068,2,2,3,random,,0,0.095,1.988,True,337325,1782196,1749674,32522,4553446,,,15,362095,,1.07343066775365
case_068,2,2,3,topo,,0,0.032,1.247,True,329129,1574828,1574828,0,4346078,,,12,362095,,1.100161334917312
case_068,2,2,3,balance,,0,0.051,2.213,True,326831,1283596,1283596,0,4054846,,,12,362095,,1.1078967417411445
case_068,2,2,3,comm,,0,0.125,1.878,True,168148,2213164,2213164,0,4984414,,,383,362095,,2.153430311392345
case_069,3,3,4,random,,0,0.021,0.359,True,32588,693892,693892,0,819946,0.1790251631918265,88804,23,25144,,0.7715723579231619
case_069,3,3,4,topo,,0,0.006,0.182,True,28236,488494,488494,0,614548,0.4235132849184822,174252,16,25144,,0.890494404306559
case_069,3,3,4,balance,,0,0.006,0.173,True,29819,464558,464558,0,590612,0.435611528697297,175020,16,25144,,0.8432207652838795
case_069,3,3,4,comm,,0,0.017,0.262,True,46019,815602,815602,0,941656,0.41689051716113246,250798,300,25144,,0.546383015710902
case_068,1,1,4,random,,0,0.102,1.876,True,372847,2780298,2780298,0,5551548,,,22,362095,,0.9711624339206162
case_068,1,1,4,topo,,0,0.036,1.978,True,380748,1889238,1889238,0,4660488,,,16,362095,,0.951009591645918
case_068,1,1,4,balance,,0,0.032,1.693,True,379848,1889238,1889238,0,4660488,,,16,362095,,0.9532628841010088
case_068,1,1,4,comm,,0,0.092,3.02,True,226542,3658234,3658234,0,6429484,,,383,362095,,1.5983570375471214
case_068,2,2,5,random,,0,0.09,2.059,True,360479,2745418,2721000,24418,5516668,,,27,362095,,1.00448292410931
case_068,2,2,5,topo,,0,0.031,2.058,True,283966,2391472,2391472,0,5162722,,,20,362095,,1.2751350513793904
case_068,2,2,5,balance,,0,0.054,1.749,True,315503,1878200,1878200,0,4649450,,,20,362095,,1.1476752994424775
case_068,2,2,5,comm,,0,0.087,1.367,True,149575,3538800,3538800,0,6310050,,,383,362095,,2.4208256727394284
case_069,3,3,5,random,,0,0.012,0.356,True,34339,801862,801862,0,927916,0.16742586801614096,91446,29,25144,,0.7322286612889135
case_069,3,3,5,topo,,0,0.006,0.193,True,33476,605074,605074,0,731128,0.4443362817005421,211792,20,25144,,0.7511052694467678
case_069,3,3,5,balance,,0,0.006,0.203,True,31483,502354,502354,0,628408,0.38824197115290526,158704,20,25144,,0.7986532414318839
case_069,3,3,5,comm,,0,0.021,0.309,True,43787,904280,904280,0,1030334,0.3835023841906042,234040,300,25144,,0.5742343617968804
case_068,3,3,2,random,,0,0.094,1.897,True,349910,1113292,1113292,0,3884542,0.05769434716415518,195846,11,362095,,1.0348232402617816
case_068,3,3,2,topo,,0,0.032,1.688,True,321772,1020838,1020838,0,3792088,0.13695827864295254,477894,8,362095,,1.1253154407468642
case_068,3,3,2,balance,,0,0.053,1.941,True,364652,484230,484230,0,3255480,0.07349382334814455,227526,8,362095,,0.9929878349769095
case_068,3,3,2,comm,,0,0.092,1.78,True,251289,1552030,1552030,0,4323280,0.11129424279962527,445262,383,362095,,1.4409504594311728
case_068,1,1,5,random,,0,0.091,2.464,True,384425,3320182,3320182,0,6091432,,,27,362095,,0.9419132470572934
case_068,1,1,5,topo,,0,0.03,1.357,True,385455,2202284,2202284,0,4973534,,,20,362095,,0.9393962978817242
case_068,1,1,5,balance,,0,0.043,1.659,True,382755,2202284,2202284,0,4973534,,,20,362095,,0.9460229128293556
case_068,1,1,5,comm,,0,0.117,3.002,True,198318,3658234,3658234,0,6429484,,,383,362095,,1.8258302322532498
case_068,1,1,3,random,,0,0.083,2.399,True,365818,2269500,2269500,0,5040750,,,15,362095,,0.9898228080630259
case_068,1,1,3,topo,,0,0.031,1.35,True,376462,1517400,1517400,0,4288650,,,12,362095,,0.9618367856516726
case_068,1,1,3,balance,,0,0.032,1.473,True,375562,1517400,1517400,0,4288650,,,12,362095,,0.9641417395796167
case_068,1,1,3,comm,,0,0.151,4.094,True,240418,3658234,3658234,0,6429484,,,383,362095,,1.5061060319942767
case_068,2,2,4,random,,0,0.709,1.499,True,356149,1748616,1659430,89186,4519866,,,22,362095,,1.0166952595683267
case_068,2,2,4,topo,,0,0.036,2.282,True,306192,2009058,2009058,0,4780308,,,16,362095,,1.1825749856299315
case_068,2,2,4,balance,,0,0.056,1.327,True,314599,1600994,1600994,0,4372244,,,16,362095,,1.1509731435891404
case_068,2,2,4,comm,,0,0.093,1.97,True,168610,3253962,3253962,0,6025212,,,383,362095,,2.147529802502817
case_068,3,3,3,random,,0,0.102,1.475,True,336576,1782196,1749674,32522,4553446,0.08541817239352097,324300,15,362095,,1.075819428598593
case_068,3,3,3,topo,,0,0.036,2.181,True,329070,1574828,1574828,0,4346078,0.22319952028165682,879178,12,362095,,1.1003585863190202
case_068,3,3,3,balance,,0,0.033,1.257,True,326822,1283596,1283596,0,4054846,0.1852074693370369,688904,12,362095,,1.1079272509194606
case_068,3,3,3,comm,,0,0.091,1.917,True,166568,2213164,2213164,0,4984414,0.1296570134565471,578172,383,362095,,2.173856923298593
case_070,1,1,2,random,,0,0.026,0.432,True,125886,2628748,2628748,0,3048712,,,13,117300,,0.9317954339640627
case_070,1,1,2,topo,,0,0.006,0.676,True,131723,504348,504348,0,924312,,,8,117300,,0.890505075043842
case_070,1,1,2,balance,,0,0.006,0.251,True,129023,504348,504348,0,924312,,,8,117300,,0.9091402308115607
case_070,1,1,2,comm,,0,0.017,0.254,True,70238,880640,880640,0,1300604,,,31,117300,,1.6700361627608986
case_068,3,3,4,random,,0,0.087,1.397,True,356135,1748616,1659430,89186,4519866,0.07289051226215183,273874,22,362095,,1.016735226810058
case_068,3,3,4,topo,,0,0.048,2.382,True,306016,2009058,2009058,0,4780308,0.27661410458404584,1185422,16,362095,,1.1832551239150895
case_068,3,3,4,balance,,0,0.039,1.17,True,314547,1600994,1600994,0,4372244,0.23304207471014843,927500,16,362095,,1.1511634191392701
case_068,3,3,4,comm,,0,0.116,1.857,True,161127,3253962,3253962,0,6025212,0.24106575055644547,1285810,383,362095,,2.247264580113823
case_070,1,1,4,random,,0,0.024,0.453,True,137877,3256278,3256278,0,3676242,,,23,117300,,0.8507582845579756
case_070,1,1,4,topo,,0,0.007,0.254,True,142549,922162,922162,0,1342126,,,16,117300,,0.8228749412482725
case_070,1,1,4,balance,,0,0.008,0.244,True,139849,922162,922162,0,1342126,,,16,117300,,0.8387618073779577
case_070,1,1,4,comm,,0,0.013,0.242,True,38723,880640,880640,0,1300604,,,31,117300,,3.0292074477700592
case_070,2,2,4,random,,0,0.019,0.374,True,97184,2309344,2309344,0,2729308,,,23,117300,,1.2069888047415211
case_070,2,2,4,topo,,0,0.008,0.221,True,77005,535602,535602,0,955566,,,16,117300,,1.5232777092396597
case_070,2,2,4,balance,,0,0.006,0.187,True,79327,470028,470028,0,889992,,,16,117300,,1.4786894752102058
case_070,2,2,4,comm,,0,0.013,0.172,True,32708,264192,264192,0,684156,,,31,117300,,3.586278586278586
case_070,2,2,5,random,,0,0.017,0.39,True,105660,2469422,2469422,0,2889386,,,29,117300,,1.1101646791595685
case_070,2,2,5,topo,,0,0.007,0.23,True,85442,692032,692032,0,1111996,,,20,117300,,1.3728611221647433
case_070,2,2,5,balance,,0,0.006,0.192,True,93302,630824,630824,0,1050788,,,20,117300,,1.2572077768965295
case_070,2,2,5,comm,,0,0.019,0.21,True,45302,869746,869746,0,1289710,,,89,117300,,2.589289656085824
case_070,3,3,3,random,,0,0.019,0.387,True,99401,1855042,1855042,0,2275006,0.18312342330509107,270470,18,117300,,1.180068610979769
case_070,3,3,3,topo,,0,0.008,0.205,True,76466,445232,445232,0,865196,0.3206404753213076,254720,12,117300,,1.5340151178301467
case_070,3,3,3,balance,,0,0.007,0.202,True,82634,410412,410412,0,830376,0.17971721213257896,137984,12,117300,,1.4195125493138419
case_070,3,3,3,comm,,0,0.014,0.174,True,43603,176128,176128,0,596092,0.17181611648595774,102400,31,117300,,2.6901818682200767
case_068,3,3,5,random,,0,0.087,2.537,True,358653,2745418,2721000,24418,5516668,0.12858138924959542,562828,27,362095,,1.0095970199607978
case_068,3,3,5,topo,,0,0.035,1.495,True,283525,2391472,2391472,0,5162722,0.2946847473312019,1339984,20,362095,,1.2771184198924257
case_068,3,3,5,balance,,0,0.032,1.718,True,314369,1878200,1878200,0,4649450,0.2419200521363377,1000786,20,362095,,1.151815223511224
case_068,3,3,5,comm,,0,0.086,1.283,True,141510,3538800,3538800,0,6310050,0.21078955365933108,1158316,383,362095,,2.558794431488941
case_070,1,1,5,random,,0,0.022,0.474,True,147042,3481792,3481792,0,3901756,,,29,117300,,0.7977312604561961
case_070,1,1,5,topo,,0,0.007,0.247,True,140847,1129792,1129792,0,1549756,,,20,117300,,0.8328185903853117
case_070,1,1,5,balance,,0,0.007,0.23,True,142740,1129792,1129792,0,1549756,,,20,117300,,0.8217738545607398
case_070,1,1,5,comm,,0,0.018,0.32,True,62440,1455980,1455980,0,1875944,,,89,117300,,1.8786034593209482
case_070,2,2,3,random,,0,0.019,0.715,True,100062,1855042,1855042,0,2275006,,,18,117300,,1.1722731906218145
case_070,2,2,3,topo,,0,0.006,0.187,True,77438,445232,445232,0,865196,,,12,117300,,1.5147601952529766
case_070,2,2,3,balance,,0,0.006,0.193,True,82795,410412,410412,0,830376,,,12,117300,,1.4167522193369164
case_070,2,2,3,comm,,0,0.011,0.162,True,43751,176128,176128,0,596092,,,31,117300,,2.6810815752782795
case_070,2,2,2,random,,0,0.021,0.285,True,106015,1344542,1344542,0,1764506,,,13,117300,,1.1064472008678017
case_070,2,2,2,topo,,0,0.007,0.713,True,72846,231452,231452,0,651416,,,8,117300,,1.6102462729593938
case_070,2,2,2,balance,,0,0.006,0.177,True,84103,187160,187160,0,607124,,,8,117300,,1.3947183810327812
case_070,2,2,2,comm,,0,0.012,0.161,True,62214,88064,88064,0,508028,,,31,117300,,1.885427717234063
case_070,1,1,3,random,,0,0.023,0.449,True,129621,3026582,3026582,0,3446546,,,18,117300,,0.904945957830907
case_070,1,1,3,topo,,0,0.008,0.239,True,134839,801584,801584,0,1221548,,,12,117300,,0.8699263566178924
case_070,1,1,3,balance,,0,0.006,0.676,True,133039,801584,801584,0,1221548,,,12,117300,,0.8816963446808831
case_070,1,1,3,comm,,0,0.012,0.231,True,46382,880640,880640,0,1300604,,,31,117300,,2.5289983183131386
case_070,3,3,4,random,,0,0.027,0.418,True,96259,2309344,2309344,0,2729308,0.23787459930988855,427140,23,117300,,1.2185873528709004
case_070,3,3,4,topo,,0,0.007,0.2,True,75723,535602,535602,0,955566,0.35940464922490273,317442,16,117300,,1.549066994176142
case_070,3,3,4,balance,,0,0.006,0.194,True,78490,470028,470028,0,889992,0.3667586511927541,305152,16,117300,,1.494457892725188
case_070,3,3,4,comm,,0,0.012,0.181,True,32615,264192,264192,0,684156,0.10778159491265259,73728,31,117300,,3.5965046757626857
case_071,1,1,2,random,,0,0.013,0.204,True,26173,529034,529034,0,650480,,,12,18919,,0.7228441523707637
case_071,1,1,2,topo,,0,0.004,0.131,True,27902,306360,306360,0,427806,,,8,18919,,0.6780517525625404
case_071,1,1,2,balance,,0,0.004,0.123,True,24302,306360,306360,0,427806,,,8,18919,,0.7784955970702
case_071,1,1,2,comm,,0,0.012,0.311,True,65557,706204,706204,0,827650,,,221,18919,,0.2885885565233308
case_070,3,3,5,random,,0,0.022,0.37,True,104010,2469422,2469422,0,2889386,0.2219018365118502,417412,29,117300,,1.127776175367753
case_070,3,3,5,topo,,0,0.006,0.2,True,83936,692032,692032,0,1111996,0.42593293423036727,434432,20,117300,,1.3974933282500952
case_070,3,3,5,balance,,0,0.007,0.192,True,92661,630824,630824,0,1050788,0.43325620329938397,428032,20,117300,,1.265904749571017
case_070,3,3,5,comm,,0,0.021,0.223,True,44219,869746,869746,0,1289710,0.5326192379611463,624936,89,117300,,2.6527058504262873
case_070,3,3,2,random,,0,0.021,0.893,True,105225,1344542,1344542,0,1764506,0.16571582319792325,199554,13,117300,,1.1147540983606556
case_070,3,3,2,topo,,0,0.006,0.179,True,72846,231452,231452,0,651416,0.11227773967181977,68096,8,117300,,1.6102462729593938
case_070,3,3,2,balance,,0,0.006,0.184,True,83675,187160,187160,0,607124,0.246927912209479,144640,8,117300,,1.4018524051389303
case_070,3,3,2,comm,,0,0.014,0.185,True,62016,88064,88064,0,508028,0.12499557018597343,63488,31,117300,,1.8914473684210527
case_071,2,2,3,random,,0,0.01,0.176,True,25240,477798,477798,0,599244,,,17,18919,,0.7495641838351822
case_071,2,2,3,topo,,0,0.004,0.121,True,22277,307112,307112,0,428558,,,12,18919,,0.8492615702293845
case_071,2,2,3,balance,,0,0.004,0.115,True,19971,215752,215752,0,337198,,,12,18919,,0.9473236192479094
case_071,2,2,3,comm,,0,0.014,0.18,True,36697,493452,493452,0,614898,,,221,18919,,0.5155462299370521
case_071,3,3,2,random,,0,0.01,0.143,True,21292,279972,279972,0,401418,0.07921533278842555,20740,12,18919,,0.8885496900244223
case_071,3,3,2,topo,,0,0.004,0.117,True,19667,193252,193252,0,314698,0.25764261611501393,61540,8,18919,,0.9619667463263335
case_071,3,3,2,balance,,0,0.005,0.112,True,18355,151812,151812,0,273258,0.281736897611078,61444,8,18919,,1.0307273222555162
case_071,3,3,2,comm,,0,0.014,0.166,True,33920,385830,385830,0,507276,0.22206628085617586,76898,221,18919,,0.557753537735849
case_071,1,1,3,random,,0,0.012,0.217,True,33296,668706,668706,0,790152,,,17,18919,,0.5682063911580971
case_071,1,1,3,topo,,0,0.004,0.131,True,31873,354078,354078,0,475524,,,12,18919,,0.593574498792081
case_071,1,1,3,balance,,0,0.004,0.136,True,28273,354078,354078,0,475524,,,12,18919,,0.6691543168393874
case_071,1,1,3,comm,,0,0.013,0.337,True,71051,706204,706204,0,827650,,,221,18919,,0.26627352183642733
case_071,1,1,4,random,,0,0.011,0.246,True,40059,752614,752614,0,874060,,,22,18919,,0.4722783893756709
case_071,1,1,4,topo,,0,0.004,0.144,True,36267,385156,385156,0,506602,,,16,18919,,0.5216588082830121
case_071,1,1,4,balance,,0,0.004,0.15,True,30867,385156,385156,0,506602,,,16,18919,,0.6129199468688243
case_071,1,1,4,comm,,0,0.015,0.34,True,68455,706204,706204,0,827650,,,221,18919,,0.2763713388357315
case_071,3,3,3,random,,0,0.01,0.191,True,25157,477798,477798,0,599244,0.1636284018294463,60534,17,18919,,0.7520372063441587
case_071,3,3,3,topo,,0,0.004,0.125,True,22262,307112,307112,0,428558,0.3418615519295451,103876,12,18919,,0.8498337975024706
case_071,3,3,3,balance,,0,0.004,0.125,True,19956,215752,215752,0,337198,0.26038104938121914,64424,12,18919,,0.9480356784926839
case_071,3,3,3,comm,,0,0.014,0.186,True,36283,493452,493452,0,614898,0.29032731542639073,114724,221,18919,,0.5214287682936912
case_071,1,1,5,random,,0,0.011,0.26,True,45717,848060,848060,0,969506,,,28,18919,,0.41382855392961043
case_071,1,1,5,topo,,0,0.004,0.161,True,41117,449734,449734,0,571180,,,20,18919,,0.46012598195393634
case_071,1,1,5,balance,,0,0.005,0.165,True,38417,449734,449734,0,571180,,,20,18919,,0.49246427362886225
case_071,1,1,5,comm,,0,0.013,0.349,True,63958,706204,706204,0,827650,,,221,18919,,0.2958034960442791
case_071,2,2,2,random,,0,0.01,0.132,True,21307,279972,279972,0,401418,,,12,18919,,0.8879241563805322
case_071,2,2,2,topo,,0,0.003,0.105,True,19682,193252,193252,0,314698,,,8,18919,,0.9612336144700742
case_071,2,2,2,balance,,0,0.004,0.104,True,18355,151812,151812,0,273258,,,8,18919,,1.0307273222555162
case_071,2,2,2,comm,,0,0.014,0.534,True,34042,385830,385830,0,507276,,,221,18919,,0.5557546560131602
case_071,3,3,4,random,,0,0.012,0.241,True,26671,659752,659752,0,781198,0.2231885166813311,105016,22,18919,,0.7093472310749503
case_071,3,3,4,topo,,0,0.004,0.146,True,20809,378030,378030,0,499476,0.3918285060711439,135662,16,18919,,0.9091739151328752
case_071,3,3,4,balance,,0,0.004,0.141,True,20902,332238,332238,0,453684,0.40870281148990667,134030,16,18919,,0.9051286958185819
case_071,3,3,4,comm,,0,0.013,0.216,True,37295,675122,675122,0,796568,0.41628456573967937,212082,221,18919,,0.5072797962193324
case_071,3,3,5,random,,0,0.012,0.246,True,28503,727854,727854,0,849300,0.27552520765813965,143164,28,18919,,0.6637546924885099
case_071,3,3,5,topo,,0,0.004,0.166,True,22797,455666,455666,0,577112,0.37739908725279764,144882,20,18919,,0.8298898977935694
case_071,3,3,5,balance,,0,0.005,0.162,True,23836,416466,416466,0,537912,0.37490854672430995,135282,20,18919,,0.7937153884880014
case_071,3,3,5,comm,,0,0.015,0.221,True,35042,635830,635830,0,757276,0.3429819512572268,159702,221,18919,,0.5398949831630615
case_071,2,2,4,random,,0,0.01,0.679,True,27016,659752,659752,0,781198,,,22,18919,,0.7002887177968611
case_071,2,2,4,topo,,0,0.004,0.137,True,20962,378030,378030,0,499476,,,16,18919,,0.9025379257704418
case_071,2,2,4,balance,,0,0.004,0.134,True,21013,332238,332238,0,453684,,,16,18919,,0.9003474039880074
case_071,2,2,4,comm,,0,0.015,0.2,True,38650,675122,675122,0,796568,,,221,18919,,0.4894954721862872
case_071,2,2,5,random,,0,0.013,0.246,True,28982,727854,727854,0,849300,,,28,18919,,0.6527844869229177
case_071,2,2,5,topo,,0,0.005,0.161,True,22935,455666,455666,0,577112,,,20,18919,,0.8248964464791803
case_071,2,2,5,balance,,0,0.006,0.151,True,23948,416466,416466,0,537912,,,20,18919,,0.7900033405712377
case_071,2,2,5,comm,,0,0.016,0.212,True,36463,635830,635830,0,757276,,,221,18919,,0.518854729451773
case_062,1,1,3,random,,0,0.842,47.131,True,2795035,69952512,69952512,0,83354112,,,17,2854809,,1.0213857787111789
case_062,1,1,3,topo,,0,0.153,12.183,True,2867600,198144,198144,0,13599744,,,12,2854809,,0.9955394755195983
case_062,1,1,3,balance,,0,0.137,12.223,True,2866700,198144,198144,0,13599744,,,12,2854809,,0.9958520249764538
case_062,1,1,3,comm,,0,0.491,15.794,True,2864645,172032,172032,0,13573632,,,9,2854809,,0.9965664157338867
case_073,1,1,3,random,,0,0.101,2.085,True,9893382,114555648,22275840,92279808,118596736,,,17,10081626,,1.0190272648928345
case_073,1,1,3,topo,,0,0.031,2.329,True,10228052,136192256,41117312,95074944,140233344,,,12,10081626,,0.9856838819356805
case_073,1,1,3,balance,,0,0.032,1.466,True,10223552,136192256,41117312,95074944,140233344,,,12,10081626,,0.9861177406834728
case_073,1,1,3,comm,,0,0.047,2.05,True,4565500,141420800,141420800,0,145461888,,,39,10081626,,2.208219472127916
case_073,1,1,2,random,,0,0.11,2.06,True,10004862,118170240,14121472,104048768,122211328,,,11,10081626,,1.0076726695480658
case_073,1,1,2,topo,,0,0.027,2.684,True,10178066,138283264,26165888,112117376,142324352,,,8,10081626,,0.9905247224767456
case_073,1,1,2,balance,,0,0.026,1.683,True,10176266,138283264,26165888,112117376,142324352,,,8,10081626,,0.9906999286378717
case_073,1,1,2,comm,,0,0.047,1.198,True,6071178,141420800,141420800,0,145461888,,,39,10081626,,1.6605716386506868
case_073,1,1,4,random,,0,0.089,1.928,True,9819373,115538048,26945024,88593024,119579136,,,21,10081626,,1.026707713415103
case_073,1,1,4,topo,,0,0.03,1.625,True,10280063,134620160,56057472,78562688,138661248,,,16,10081626,,0.9806969081804265
case_073,1,1,4,balance,,0,0.025,1.641,True,10275563,134620160,56057472,78562688,138661248,,,16,10081626,,0.9811263869434697
case_073,1,1,4,comm,,0,0.043,1.136,True,3936556,141420800,141420800,0,145461888,,,39,10081626,,2.561026948429033
case_073,1,1,5,random,,0,0.061,2.282,True,9802140,116822912,32024448,84798464,120864000,,,26,10081626,,1.0285127533375364
case_073,1,1,5,topo,,0,0.027,1.358,True,10296233,134827008,71016064,63810944,138868096,,,20,10081626,,0.9791567459671902
case_073,1,1,5,balance,,0,0.029,1.979,True,10294433,134827008,71016064,63810944,138868096,,,20,10081626,,0.9793279532733857
case_073,1,1,5,comm,,0,0.051,1.618,True,3539849,141420800,141420800,0,145461888,,,39,10081626,,2.8480384332778037
case_073,2,2,2,random,,0,0.622,1.141,True,9629145,119655552,4592128,115063424,123696640,,,11,10081626,,1.0469907764396527
case_073,2,2,2,topo,,0,0.031,1.999,True,5782936,139998080,3836288,136161792,144039168,,,8,10081626,,1.743340407018165
case_073,2,2,2,balance,,0,0.03,1.46,True,6909515,140979712,3803520,137176192,145020800,,,8,10081626,,1.4590931490849937
case_073,2,2,2,comm,,0,0.662,1.738,True,5980423,141121024,3721600,137399424,145162112,,,39,10081626,,1.6857713910872192
case_073,2,2,3,random,,0,0.054,1.9,True,9423646,110048512,6161920,103886592,114089600,,,17,10081626,,1.0698222322867392
case_073,2,2,3,topo,,0,0.031,1.543,True,4475115,138046592,7622912,130423680,142087680,,,12,10081626,,2.252819424752213
case_073,2,2,3,balance,,0,0.025,1.527,True,7325821,139215232,7540992,131674240,143256320,,,12,10081626,,1.3761769499964578
case_073,2,2,3,comm,,0,0.044,1.683,True,4515227,140671616,7443200,133228416,144712704,,,39,10081626,,2.232806013961203
case_073,2,2,4,random,,0,0.063,1.894,True,9505911,118303488,13404160,104899328,122344576,,,21,10081626,,1.0605638954541021
case_073,2,2,4,topo,,0,0.031,1.255,True,4238811,136400768,11398272,125002496,140441856,,,16,10081626,,2.378408945338681
case_073,2,2,4,balance,,0,0.029,1.792,True,6210903,137673728,11320448,126353280,141714816,,,16,10081626,,1.6232142089483605
case_073,2,2,4,comm,,0,0.047,0.964,True,3903787,140222208,11164800,129057408,144263296,,,39,10081626,,2.5825246100773427
case_073,2,2,5,random,,0,0.069,1.399,True,9249591,119499392,14445696,105053696,123540480,,,26,10081626,,1.0899537071422942
case_073,2,2,5,topo,,0,0.029,1.837,True,4477088,136794112,15192064,121602048,140835200,,,20,10081626,,2.2518266337405026
case_073,2,2,5,balance,,0,0.029,1.875,True,5088100,138147200,15159296,122987904,142188288,,,20,10081626,,1.9814127080835675
case_073,2,2,5,comm,,0,0.051,1.605,True,3517515,139772800,14886400,124886400,143813888,,,39,10081626,,2.8661216796516857
case_073,3,3,2,random,,0,0.297,1.443,True,9447216,119655552,4592128,115063424,123696640,0.17931029446741747,22001792,11,10081626,,1.0671531168547432
case_073,3,3,2,topo,,0,0.027,1.979,True,5649503,139998080,3836288,136161792,144039168,0.08667009035322816,12442752,8,10081626,,1.784515558271232
case_073,3,3,2,balance,,0,0.029,1.638,True,6800551,140979712,3803520,137176192,145020800,0.0690017649616588,9973376,8,10081626,,1.482471934994679
case_073,3,3,2,comm,,0,0.049,1.392,True,5980423,141121024,3721600,137399424,145162112,0.0,0,39,10081626,,1.6857713910872192
case_073,3,3,3,random,,0,0.066,1.34,True,9120170,110048512,6161920,103886592,114089600,0.2570176588239987,28867072,17,10081626,,1.1054208419360605
case_073,3,3,3,topo,,0,0.027,1.855,True,4489150,138046592,7622912,130423680,142087680,0.05222491156209272,7396224,12,10081626,,2.2457761491596404
case_073,3,3,3,balance,,0,0.031,1.926,True,7310972,139215232,7540992,131674240,143256320,0.012206600546459844,1742976,12,10081626,,1.3789720436625936
case_073,3,3,3,comm,,0,0.042,1.105,True,4515227,140671616,7443200,133228416,144712704,0.0,0,39,10081626,,2.232806013961203
case_073,3,3,4,random,,0,0.055,1.373,True,9288200,118303488,13404160,104899328,122344576,0.19801384675058314,23850752,21,10081626,,1.0854230098404427
case_073,3,3,4,topo,,0,0.029,1.702,True,4166815,136400768,11398272,125002496,140441856,0.07303634810944847,10224640,16,10081626,,2.419504105653839
case_073,3,3,4,balance,,0,0.03,1.724,True,6172431,137673728,11320448,126353280,141714816,0.0460671703795787,6507904,16,10081626,,1.63333150261218
case_073,3,3,4,comm,,0,0.041,1.085,True,3903787,140222208,11164800,129057408,144263296,0.0,0,39,10081626,,2.5825246100773427
case_073,3,3,5,random,,0,0.067,2.082,True,8967142,119499392,14445696,105053696,123540480,0.24040778518165284,29167488,26,10081626,,1.1242853074034067
case_073,3,3,5,topo,,0,0.026,1.344,True,4344999,136794112,15192064,121602048,140835200,0.09434783044859314,13242112,20,10081626,,2.3202826974183424
case_073,3,3,5,balance,,0,0.026,1.669,True,5029673,138147200,15159296,122987904,142188288,0.0741466402176623,10506624,20,10081626,,2.0044297114345206
case_073,3,3,5,comm,,0,0.043,0.962,True,3517515,139772800,14886400,124886400,143813888,0.0,0,39,10081626,,2.8661216796516857
case_074,1,1,2,random,,0,0.071,2.396,True,1750601,24356110,24265998,90112,28132838,,,11,1682239,,0.9609494110879635
case_074,1,1,2,topo,,0,0.027,1.999,True,1645167,9179160,8835088,344072,12955888,,,8,1682239,,1.022533882578486
case_074,1,1,2,balance,,0,0.028,1.317,True,1644267,9179160,8835088,344072,12955888,,,8,1682239,,1.0230935730024382
case_074,1,1,2,comm,,0,0.057,1.201,True,869836,14401536,14401536,0,18178264,,,73,1682239,,1.9339726109289568
case_074,1,1,3,random,,0,0.084,2.298,True,1762829,27119218,27119218,0,30895946,,,15,1682239,,0.9542837110122423
case_074,1,1,3,topo,,0,0.025,1.29,True,1638230,10977328,10977328,0,14754056,,,12,1682239,,1.0268637492903927
case_074,1,1,3,balance,,0,0.027,1.671,True,1637330,10977328,10977328,0,14754056,,,12,1682239,,1.0274281910183043
case_074,1,1,3,comm,,0,0.057,1.302,True,599916,14401536,14401536,0,18178264,,,73,1682239,,2.8041242440608354
case_074,1,1,4,random,,0,0.085,2.471,True,1789206,29993434,29993434,0,33770162,,,21,1682239,,0.9402153804536761
case_074,1,1,4,topo,,0,0.029,1.431,True,1648579,12312604,12214292,98312,16089332,,,16,1682239,,1.0204175838707152
case_074,1,1,4,balance,,0,0.022,1.408,True,1646779,12312604,12214292,98312,16089332,,,16,1682239,,1.021532944007666
case_074,1,1,4,comm,,0,0.06,1.592,True,458581,14401536,14401536,0,18178264,,,73,1682239,,3.6683573894252053
case_074,2,2,2,random,,0,0.054,2.01,True,1438096,20259564,5701992,14557572,24036292,,,11,1682239,,1.1697682213148497
case_074,2,2,2,topo,,0,0.023,0.881,True,1103083,9453576,2998272,6455304,13230304,,,8,1682239,,1.5250339276373581
case_074,2,2,2,balance,,0,0.026,1.559,True,1113400,9216024,2932752,6283272,12992752,,,8,1682239,,1.5109026405604455
case_074,2,2,2,comm,,0,0.057,0.761,True,865525,6287360,2285568,4001792,10064088,,,73,1682239,,1.9436053262470754
case_074,1,1,5,random,,0,0.562,2.303,True,1528162,31448334,31448334,0,35225062,,,25,1682239,,1.1008250434181717
case_074,1,1,5,topo,,0,0.023,1.196,True,1666987,13467690,13369378,98312,17244418,,,20,1682239,,1.009149441477348
case_074,1,1,5,balance,,0,0.026,1.733,True,1666087,13467690,13369378,98312,17244418,,,20,1682239,,1.0096945717720622
case_074,1,1,5,comm,,0,0.053,1.517,True,364686,14401536,14401536,0,18178264,,,73,1682239,,4.612842280756596
case_074,2,2,3,random,,0,0.058,1.771,True,1323232,22632370,13391778,9240592,26409098,,,15,1682239,,1.2713106998621557
case_074,2,2,3,topo,,0,0.023,1.152,True,1098698,9371688,5492776,3878912,13148416,,,12,1682239,,1.5311204716855769
case_074,2,2,3,balance,,0,0.025,1.089,True,1019016,10047544,4993080,5054464,13824272,,,12,1682239,,1.6508465029008377
case_074,2,2,3,comm,,0,0.056,1.013,True,601743,7593984,4571136,3022848,11370712,,,73,1682239,,2.795610418401211
case_062,1,1,2,random,,0,0.693,64.596,True,2798756,61507584,61507584,0,74909184,,,11,2854809,,1.0200278266486968
case_062,1,1,2,topo,,0,0.157,17.043,True,2863300,172032,172032,0,13573632,,,8,2854809,,0.9970345405650822
case_062,1,1,2,balance,,0,0.107,17.591,True,2860600,172032,172032,0,13573632,,,8,2854809,,0.9979755995245753
case_062,1,1,2,comm,,0,0.35,24.598,True,2860718,112128,112128,0,13513728,,,6,2854809,,0.9979344346419325
case_074,2,2,4,random,,0,0.06,2.011,True,1131485,25118048,20129120,4988928,28894776,,,21,1682239,,1.4867532490488164
case_074,2,2,4,topo,,0,0.026,0.952,True,966981,9871388,7594004,2277384,13648116,,,16,1682239,,1.7396815449321135
case_074,2,2,4,balance,,0,0.027,1.43,True,1069604,9797656,6619152,3178504,13574384,,,16,1682239,,1.5727680524754957
case_074,2,2,4,comm,,0,0.058,0.781,True,450569,8032256,6430720,1601536,11808984,,,73,1682239,,3.733587974316919
case_074,2,2,5,random,,0,0.058,2.146,True,893913,26569656,23747508,2822148,30346384,,,25,1682239,,1.881882241336685
case_074,2,2,5,topo,,0,0.024,0.917,True,1046065,10457122,8912922,1544200,14233850,,,20,1682239,,1.6081591488100644
case_074,2,2,5,balance,,0,0.025,1.552,True,1100239,10108970,8220706,1888264,13885698,,,20,1682239,,1.5289759770377163
case_074,2,2,5,comm,,0,0.054,0.797,True,379751,8630272,7118848,1511424,12407000,,,73,1682239,,4.429847452672936
case_074,3,3,2,random,,0,0.289,1.617,True,1437266,20259564,5701992,14557572,24036292,0.08124960669346168,1425408,11,1682239,,1.170443745277492
case_074,3,3,2,topo,,0,0.023,1.178,True,1102710,9453576,2998272,6455304,13230304,0.16767383194150953,2158592,8,1682239,,1.5255497819009531
case_074,3,3,2,balance,,0,0.031,1.192,True,1111089,9216024,2932752,6283272,12992752,0.18638520643396161,2355200,8,1682239,,1.514045229500067
case_074,3,3,2,comm,,0,0.056,0.973,True,862184,6287360,2285568,4001792,10064088,0.22100069396583588,2224128,73,1682239,,1.9511368802946936
case_074,3,3,3,random,,0,0.071,1.559,True,1321710,22632370,13391778,9240592,26409098,0.06464156531990073,1196040,15,1682239,,1.2727746631257992
case_074,3,3,3,topo,,0,0.026,1.448,True,1095272,9371688,5492776,3878912,13148416,0.18530390249137446,2355200,12,1682239,,1.5359098014009305
case_074,3,3,3,balance,,0,0.02,1.021,True,1011122,10047544,4993080,5054464,13824272,0.19155372342889246,2564096,12,1682239,,1.6637349399973496
case_074,3,3,3,comm,,0,0.064,0.864,True,598537,7593984,4571136,3022848,11370712,0.2802587744447923,3186688,73,1682239,,2.810584809293327
case_074,3,3,4,random,,0,0.054,2.301,True,1127363,25118048,20129120,4988928,28894776,0.10447891847718005,2134026,21,1682239,,1.492189294841147
case_074,3,3,4,topo,,0,0.025,1.659,True,962814,9871388,7594004,2277384,13648116,0.2528654949298984,3252224,16,1682239,,1.7472107800675936
case_074,3,3,4,balance,,0,0.023,0.948,True,1069236,9797656,6619152,3178504,13574384,0.18164385070772573,2334720,16,1682239,,1.5733093535945293
case_074,3,3,4,comm,,0,0.06,0.824,True,450381,8032256,6430720,1601536,11808984,0.318417667107694,3760128,73,1682239,,3.7351464648819555
case_074,3,3,5,random,,0,0.055,2.367,True,881234,26569656,23747508,2822148,30346384,0.11536542116206984,2445318,25,1682239,,1.9089583470451663
case_074,3,3,5,topo,,0,0.025,0.967,True,1044367,10457122,8912922,1544200,14233850,0.2700298836147213,3616770,20,1682239,,1.6107737988657245
case_074,3,3,5,balance,,0,0.025,1.5,True,1098209,10108970,8220706,1888264,13885698,0.23582487222971713,3100674,20,1682239,,1.5318022343652256
case_074,3,3,5,comm,,0,0.055,0.874,True,373055,8630272,7118848,1511424,12407000,0.3030697339718645,3760128,73,1682239,,4.509359209767997
case_075,1,1,2,random,,0,0.145,2.586,True,1444798,2152620,2152620,0,3989810,,,12,1441809,,0.9979311986865984
case_075,1,1,2,topo,,0,0.054,2.753,True,1459210,1351594,1351594,0,3188784,,,8,1441809,,0.9880750543102089
case_075,1,1,2,balance,,0,0.046,2.577,True,1457410,1351594,1351594,0,3188784,,,8,1441809,,0.9892953938836704
case_075,1,1,2,comm,,0,0.128,4.455,True,877119,6135050,6135050,0,7972240,,,430,1441809,,1.6438008981677514
case_072,2,2,2,random,,0,1.553,19.036,True,25830894,345370672,78079256,267291416,356473856,,,11,23897828,,0.925164572314067
case_072,2,2,2,topo,,0,0.216,11.415,True,19337071,124948528,9543680,115404848,136051712,,,8,23897828,,1.2358556267389202
case_072,2,2,2,balance,,0,0.182,11.406,True,22775848,124227632,8970240,115257392,135330816,,,8,23897828,,1.049261832095121
case_072,2,2,2,comm,,0,0.801,9.987,True,12709153,82628656,2826240,79802416,93731840,,,26,23897828,,1.8803635458633632
case_075,1,1,3,random,,0,0.135,2.205,True,1453318,2730322,2730322,0,4567512,,,16,1441809,,0.9920808797524011
case_075,1,1,3,topo,,0,0.047,2.622,True,1464784,2070784,2070784,0,3907974,,,12,1441809,,0.9843150935564561
case_075,1,1,3,balance,,0,0.052,2.114,True,1462984,2070784,2070784,0,3907974,,,12,1441809,,0.9855261574972796
case_075,1,1,3,comm,,0,0.144,5.046,True,813305,6135050,6135050,0,7972240,,,430,1441809,,1.772777740208163
case_072,3,3,2,random,,0,0.885,20.922,True,25830341,345370672,78079256,267291416,356473856,0.00316092802380494,745616,11,23897828,,0.9251843790989829
case_072,3,3,2,topo,,0,0.198,11.215,True,19330142,124948528,9543680,115404848,136051712,0.03217698900355327,4366336,8,23897828,,1.2362986262594449
case_072,3,3,2,balance,,0,0.811,11.941,True,22758883,124227632,8970240,115257392,135330816,0.025358488080009647,3424256,8,23897828,,1.050043976235565
case_072,3,3,2,comm,,0,0.311,10.994,True,12681855,82628656,2826240,79802416,93731840,0.15724654989579676,14737408,26,23897828,,1.8844110739320077
case_075,1,1,4,random,,0,0.118,2.16,True,1492655,3615394,3615394,0,5452584,,,22,1441809,,0.9659358659569693
case_075,1,1,4,topo,,0,0.052,2.478,True,1471173,2448024,2448024,0,4285214,,,16,1441809,,0.980040416728692
case_075,1,1,4,balance,,0,0.049,1.977,True,1468473,2448024,2448024,0,4285214,,,16,1441809,,0.9818423627809296
case_075,1,1,4,comm,,0,0.146,4.833,True,553934,6135050,6135050,0,7972240,,,430,1441809,,2.602853408528814
case_072,2,2,3,random,,0,0.913,22.363,True,25733903,368715822,175718678,192997144,379819006,,,18,23897828,,0.928651514696391
case_072,2,2,3,topo,,0,0.201,12.206,True,21192626,129839152,18284544,111554608,140942336,,,12,23897828,,1.1276482678456177
case_072,2,2,3,balance,,0,0.189,11.082,True,21439226,128880688,17768448,111112240,139983872,,,12,23897828,,1.1146777406982882
case_072,2,2,3,comm,,0,0.311,11.309,True,9081802,84299824,5652480,78647344,95403008,,,26,23897828,,2.6313971610479947
case_072,3,3,3,random,,0,1.626,22.232,True,25731965,368715822,175718678,192997144,379819006,0.00264705144069788,658240,18,23897828,,0.928721455978974
case_072,3,3,3,topo,,0,0.578,12.083,True,21149348,129839152,18284544,111554608,140942336,0.03569422111199254,5013504,12,23897828,,1.1299557792514454
case_072,3,3,3,balance,,0,0.187,11.498,True,21407174,128880688,17768448,111112240,139983872,0.03793610540404296,5292032,12,23897828,,1.1163466976070733
case_072,3,3,3,comm,,0,0.31,11.123,True,9054324,84299824,5652480,78647344,95403008,0.18403328635915298,17555456,26,23897828,,2.6393829069955967
case_075,1,1,5,random,,0,0.118,2.69,True,1489740,3986080,3986080,0,5823270,,,27,1441809,,0.9678259293568006
case_075,1,1,5,topo,,0,0.048,2.478,True,1473448,2678510,2678510,0,4515700,,,20,1441809,,0.9785272367942405
case_075,1,1,5,balance,,0,0.052,1.859,True,1470748,2678510,2678510,0,4515700,,,20,1441809,,0.9803236176421793
case_075,1,1,5,comm,,0,0.138,4.019,True,542795,6135050,6135050,0,7972240,,,430,1441809,,2.656268020154939
case_075,2,2,2,random,,0,0.097,3.104,True,1435962,1092484,1092484,0,2929674,,,12,1441809,,1.0040718347700008
case_075,2,2,2,topo,,0,0.049,2.645,True,1453657,1341318,1341318,0,3178508,,,8,1441809,,0.9918495215859037
case_075,2,2,2,balance,,0,0.049,2.545,True,1448021,887686,887686,0,2724876,,,8,1441809,,0.995710006968131
case_075,2,2,2,comm,,0,0.166,3.129,True,818619,2310790,2310790,0,4147980,,,430,1441809,,1.7612698947862193
case_072,2,2,5,random,,0,0.868,23.29,True,22798703,400661824,261431216,139230608,411765008,,,28,23897828,,1.0482099793132968
case_072,2,2,5,topo,,0,0.201,11.531,True,21410948,135401524,32604164,102797360,146504708,,,20,23897828,,1.1161499247954831
case_072,2,2,5,balance,,0,0.185,11.653,True,22039901,134647860,31727620,102920240,145751044,,,20,23897828,,1.0842983369117674
case_072,2,2,5,comm,,0,0.428,13.902,True,4841021,130011184,35233792,94777392,141114368,,,474,23897828,,4.936526406309743
case_072,2,2,4,random,,0,0.885,23.253,True,25735115,376761742,226296598,150465144,387864926,,,22,23897828,,0.9286077796815752
case_072,2,2,4,topo,,0,0.215,11.356,True,17787607,131846192,25346048,106500144,142949376,,,16,23897828,,1.3435100067142252
case_072,2,2,4,balance,,0,0.734,11.755,True,19084495,132165680,25968640,106197040,143268864,,,16,23897828,,1.252211703794101
case_072,2,2,4,comm,,0,0.389,13.96,True,6102142,123981872,26566656,97415216,135085056,,,474,23897828,,3.916301521662393
case_072,3,3,4,random,,0,1.672,24.462,True,25734479,376761742,226296598,150465144,387864926,0.0027918681127013984,702828,22,23897828,,0.9286307292251769
case_072,3,3,4,topo,,0,0.213,11.739,True,17712214,131846192,25346048,106500144,142949376,0.05548638122781668,7897088,16,23897828,,1.3492287299600152
case_072,3,3,4,balance,,0,0.194,11.592,True,19017976,132165680,25968640,106197040,143268864,0.05436394805020798,7757824,16,23897828,,1.2565915531705372
case_072,3,3,4,comm,,0,0.401,14.363,True,6087924,123981872,26566656,97415216,135085056,0.2266409894517913,30613504,474,23897828,,3.9254478209649135
case_075,2,2,3,random,,0,0.595,2.597,True,1415593,1592648,1592648,0,3429838,,,16,1441809,,1.0185194473270212
case_075,2,2,3,topo,,0,0.046,2.724,True,1453740,2097996,2097996,0,3935186,,,12,1441809,,0.991792892814396
case_075,2,2,3,balance,,0,0.063,2.312,True,1450954,1749260,1749260,0,3586450,,,12,1441809,,0.9936972502229567
case_075,2,2,3,comm,,0,0.139,2.481,True,730514,3412236,3412236,0,5249426,,,430,1441809,,1.9736911270694333
case_072,3,3,5,random,,0,0.831,25.743,True,22795387,400661824,261431216,139230608,411765008,0.014420340613644774,3873802,28,23897828,,1.0483624603521757
case_072,3,3,5,topo,,0,0.201,11.68,True,21334514,135401524,32604164,102797360,146504708,0.04782072146387742,6971392,20,23897828,,1.1201486942707015
case_072,3,3,5,balance,,0,0.187,11.767,True,22012493,134647860,31727620,102920240,145751044,0.032287867221790785,4685824,20,23897828,,1.0856484088376541
case_072,3,3,5,comm,,0,0.375,14.618,True,4833451,130011184,35233792,94777392,141114368,0.17713004837064017,24993792,474,23897828,,4.9442578397919
case_075,3,3,2,random,,0,0.099,3.215,True,1435962,1092484,1092484,0,2929674,0.0017313648137684886,4100,12,1441809,,1.0040718347700008
case_075,3,3,2,topo,,0,0.06,2.617,True,1453657,1341318,1341318,0,3178508,0.10890978591182246,286854,8,1441809,,0.9918495215859037
case_075,3,3,2,balance,,0,0.055,2.611,True,1448021,887686,887686,0,2724876,0.07656712283605602,180224,8,1441809,,0.995710006968131
case_075,3,3,2,comm,,0,0.129,3.317,True,818568,2310790,2310790,0,4147980,0.2019568623045825,668806,430,1441809,,1.7613796288151993
case_075,2,2,4,random,,0,0.108,3.086,True,1474357,2640908,2640908,0,4478098,,,22,1441809,,0.9779239356546616
case_075,2,2,4,topo,,0,0.058,2.416,True,1423889,2612562,2612562,0,4449752,,,16,1441809,,1.0125852506761412
case_075,2,2,4,balance,,0,0.052,1.653,True,1426620,2063442,2063442,0,3900632,,,16,1441809,,1.0106468435883418
case_075,2,2,4,comm,,0,0.126,2.721,True,468052,5737362,5737362,0,7574552,,,430,1441809,,3.0804461897396016
case_075,2,2,5,random,,0,0.113,1.96,True,1441981,2973552,2973552,0,4810742,,,27,1441809,,0.9998807196488719
case_075,2,2,5,topo,,0,0.069,2.65,True,1449156,2781976,2781976,0,4619166,,,20,1441809,,0.9949301524473556
case_075,2,2,5,balance,,0,0.049,2.238,True,1441954,2293016,2293016,0,4130206,,,20,1441809,,0.9998994420071653
case_075,2,2,5,comm,,0,0.137,2.764,True,462914,6560792,6560792,0,8397982,,,430,1441809,,3.1146368439926206
case_075,3,3,5,random,,0,1.066,2.574,True,1441955,2973552,2973552,0,4810742,0.07833758884946888,266248,27,1441809,,0.9998987485739846
case_075,3,3,5,topo,,0,0.061,1.676,True,1449155,2781976,2781976,0,4619166,0.23618892120726154,845964,20,1441809,,0.9949308390061795
case_075,3,3,5,balance,,0,0.056,2.252,True,1441954,2293016,2293016,0,4130206,0.20267293683567292,662672,20,1441809,,0.9998994420071653
case_075,3,3,5,comm,,0,0.137,2.769,True,458386,6560792,6560792,0,8397982,0.37205799556481334,2266648,430,1441809,,3.1454036554345026
case_075,3,3,3,random,,0,0.136,2.292,True,1415592,1592648,1592648,0,3429838,0.028631230566375628,75782,16,1441809,,1.01852016682773
case_075,3,3,3,topo,,0,0.053,2.914,True,1453740,2097996,2097996,0,3935186,0.16576999613830895,515980,12,1441809,,0.991792892814396
case_075,3,3,3,balance,,0,0.044,2.535,True,1450953,1749260,1749260,0,3586450,0.14410146288162917,417800,12,1441809,,0.993697935081288
case_075,3,3,3,comm,,0,0.13,2.991,True,729706,3412236,3412236,0,5249426,0.3327939948351282,1312652,430,1441809,,1.9758765859126826
case_075,3,3,4,random,,0,0.173,3.41,True,1474357,2640908,2640908,0,4478098,0.06514261513134403,209800,22,1441809,,0.9779239356546616
case_075,3,3,4,topo,,0,0.056,2.292,True,1423889,2612562,2612562,0,4449752,0.21517415259284517,737030,16,1441809,,1.0125852506761412
case_075,3,3,4,balance,,0,0.058,2.265,True,1426619,2063442,2063442,0,3900632,0.17676785321480792,546446,16,1441809,,1.0106475520093312
case_075,3,3,4,comm,,0,0.126,2.807,True,465985,5737362,5737362,0,7574552,0.45889978325500563,2606738,430,1441809,,3.0941103254396602
case_076,2,2,2,random,,0,1.07,27.789,True,7151518,177584756,88941172,88643584,181855430,,,11,6185113,,0.8648671512817279
case_076,2,2,2,topo,,0,0.234,15.04,True,4045460,36665344,4127744,32537600,40936018,,,8,6185113,,1.5289022756373811
case_076,2,2,2,balance,,0,0.225,15.306,True,4194740,36517888,4088832,32429056,40788562,,,8,6185113,,1.4744925788010699
case_076,2,2,2,comm,,0,0.397,19.584,True,3148660,21494784,3189760,18305024,25765458,,,391,6185113,,1.964363570534767
case_076,2,2,3,random,,0,1.054,30.939,True,6509560,188360088,120508824,67851264,192630762,,,16,6185113,,0.950158382440595
case_076,2,2,3,topo,,0,0.234,14.336,True,4191559,37812416,7991488,29820928,42083090,,,12,6185113,,1.4756115803213077
case_076,2,2,3,balance,,0,1.081,14.738,True,4270937,37761216,7942336,29818880,42031890,,,12,6185113,,1.4481864284113768
case_076,2,2,3,comm,,0,1.257,16.767,True,2115667,24705024,6379520,18325504,28975698,,,391,6185113,,2.9234813418179706
case_076,2,2,4,random,,0,1.119,31.045,True,6793280,193225788,128010300,65215488,197496462,,,21,6185113,,0.9104752049083801
case_076,2,2,4,topo,,0,0.225,14.884,True,4601899,40193024,11705344,28487680,44463698,,,16,6185113,,1.3440349299278407
case_076,2,2,4,balance,,0,0.226,15.123,True,4814944,38624256,11551744,27072512,42894930,,,16,6185113,,1.284565926415759
case_076,2,2,4,comm,,0,0.992,16.291,True,1635441,26895360,9569280,17326080,31166034,,,391,6185113,,3.781923652397121
case_076,2,2,5,random,,0,1.149,32.259,True,6464188,199629332,149000724,50628608,203900006,,,26,6185113,,0.9568275241994818
case_076,2,2,5,topo,,0,0.224,14.88,True,3515172,40169664,14885056,25284608,44440338,,,20,6185113,,1.759547754704464
case_076,2,2,5,balance,,0,0.28,14.626,True,4634182,39467200,14606528,24860672,43737874,,,20,6185113,,1.3346720089974886
case_076,2,2,5,comm,,0,0.38,15.625,True,1327774,28694528,12759040,15935488,32965202,,,391,6185113,,4.65825735403766
case_076,3,3,2,random,,0,2.028,28.424,True,7151301,177584756,88941172,88643584,181855430,0.0031096334937560925,350208,11,6185113,,0.8648933949221268
case_076,3,3,2,topo,,0,0.23,15.336,True,4041303,36665344,4127744,32537600,40936018,0.14354078973742232,5866496,8,6185113,,1.5304749483025648
case_076,3,3,2,balance,,0,0.197,15.463,True,4190891,36517888,4088832,32429056,40788562,0.1322420036210018,5385216,8,6185113,,1.4758467829394752
case_076,3,3,2,comm,,0,0.344,19.663,True,3147079,21494784,3189760,18305024,25765458,0.3025039745627981,7793664,391,6185113,,1.9653504090618634
case_076,3,3,3,random,,0,1.115,30.474,True,6506305,188360088,120508824,67851264,192630762,0.02039189111812219,2414592,16,6185113,,0.9506337314343548
case_076,3,3,3,topo,,0,0.261,15.783,True,4179169,37812416,7991488,29820928,42083090,0.14466910068972458,6072320,12,6185113,,1.479986332211021
case_076,3,3,3,balance,,0,0.231,15.424,True,4261495,37761216,7942336,29818880,42031890,0.13470902225278855,5647360,12,6185113,,1.45139510899344
case_076,3,3,3,comm,,0,0.872,17.11,True,2110824,24705024,6379520,18325504,28975698,0.4230782823820463,12258304,391,6185113,,2.930188874107931
case_076,3,3,4,random,,0,1.884,31.279,True,6792169,193225788,128010300,65215488,197496462,0.01614969584337967,1968128,21,6185113,,0.9106241319967157
case_076,3,3,4,topo,,0,0.201,15.88,True,4577178,40193024,11705344,28487680,44463698,0.15879252958579881,7034880,16,6185113,,1.3512939632236283
case_076,3,3,4,balance,,0,0.249,15.431,True,4796539,38624256,11551744,27072512,42894930,0.13769227083233504,5884928,16,6185113,,1.2894949879486022
case_076,3,3,4,comm,,0,0.37,16.55,True,1628354,26895360,9569280,17326080,31166034,0.33672865873693897,10493952,391,6185113,,3.798383521027983
case_077,1,1,2,random,,0,0.093,1.615,True,490723,3829600,3829600,0,5970960,,,10,495320,,1.009367810353295
case_077,1,1,2,topo,,0,0.029,2.207,True,505512,544938,544938,0,2686298,,,8,495320,,0.9798382629888114
case_077,1,1,2,balance,,0,0.025,1.406,True,501912,544938,544938,0,2686298,,,8,495320,,0.9868662235611023
case_077,1,1,2,comm,,0,0.048,1.639,True,344500,2622740,2622740,0,4764100,,,262,495320,,1.4377939042089984
case_076,3,3,5,random,,0,1.038,33.899,True,6461212,199629332,149000724,50628608,203900006,0.018381517256124923,2301952,26,6185113,,0.9572682338855311
case_076,3,3,5,topo,,0,0.216,15.526,True,3481110,40169664,14885056,25284608,44440338,0.20576277536719845,9103360,20,6185113,,1.776764595200956
case_076,3,3,5,balance,,0,0.238,15.504,True,4619153,39467200,14606528,24860672,43737874,0.15550665870808067,6777856,20,6185113,,1.3390145336168773
case_076,3,3,5,comm,,0,0.363,15.49,True,1314566,28694528,12759040,15935488,32965202,0.38582212419620393,12718080,391,6185113,,4.7050608337656685
case_077,1,1,3,random,,0,0.08,2.572,True,510668,4877774,4877774,0,7019134,,,16,495320,,0.9699452481847306
case_077,1,1,3,topo,,0,0.029,1.288,True,510236,993214,993214,0,3134574,,,12,495320,,0.9707664688497087
case_077,1,1,3,balance,,0,0.016,1.137,True,508436,993214,993214,0,3134574,,,12,495320,,0.974203242886027
case_077,1,1,3,comm,,0,0.075,1.876,True,251639,2622740,2622740,0,4764100,,,262,495320,,1.968375331327815
case_077,2,2,2,random,,0,0.09,1.169,True,512414,1284134,0,1284134,3425494,,,10,495320,,0.9666402557307178
case_077,2,2,2,topo,,0,0.03,0.568,True,366178,372758,372758,0,2514118,,,8,495320,,1.3526754747691014
case_077,2,2,2,balance,,0,0.029,0.713,True,374245,155648,155648,0,2297008,,,8,495320,,1.3235180162727624
case_077,2,2,2,comm,,0,0.045,1.633,True,301867,653036,653036,0,2794396,,,262,495320,,1.6408550785610883
case_077,1,1,4,random,,0,0.082,1.749,True,511832,5919778,5919778,0,8061138,,,20,495320,,0.9677394144953813
case_077,1,1,4,topo,,0,0.03,1.26,True,515656,1402544,1402544,0,3543904,,,16,495320,,0.9605628558573933
case_077,1,1,4,balance,,0,0.283,1.123,True,512056,1402544,1402544,0,3543904,,,16,495320,,0.9673160748043182
case_077,1,1,4,comm,,0,0.045,1.821,True,219709,2622740,2622740,0,4764100,,,262,495320,,2.2544365501640806
case_077,1,1,5,random,,0,0.087,2.458,True,524172,6614202,6614202,0,8755562,,,26,495320,,0.9449569988477065
case_077,1,1,5,topo,,0,0.028,1.01,True,521919,1658926,1658926,0,3800286,,,20,495320,,0.9490361531195454
case_077,1,1,5,balance,,0,0.032,1.082,True,518319,1658926,1658926,0,3800286,,,20,495320,,0.9556277118917115
case_077,1,1,5,comm,,0,0.095,1.932,True,189274,2622740,2622740,0,4764100,,,262,495320,,2.6169468601075687
case_078,1,1,2,random,,0,0.017,0.228,True,2233514,9540552,6230472,3310080,11885640,,,11,2296143,,1.0280405674645423
case_078,1,1,2,topo,,0,0.007,0.217,True,1080972,15039360,15039360,0,17384448,,,8,2296143,,2.1241466013920807
case_078,1,1,2,balance,,0,0.007,0.217,True,1080972,15039360,15039360,0,17384448,,,8,2296143,,2.1241466013920807
case_078,1,1,2,comm,,0,0.016,0.217,True,1080972,15039360,15039360,0,17384448,,,8,2296143,,2.1241466013920807
case_078,1,1,3,random,,0,0.016,0.266,True,2210949,10781328,8165520,2615808,13126416,,,16,2296143,,1.0385327748401252
case_078,1,1,3,topo,,0,0.01,0.255,True,2162227,15555456,15555456,0,17900544,,,12,2296143,,1.0619342927453963
case_078,1,1,3,balance,,0,0.007,0.948,True,2160427,15555456,15555456,0,17900544,,,12,2296143,,1.0628190630833627
case_078,1,1,3,comm,,0,0.019,0.432,True,1799389,17116032,17116032,0,19461120,,,200,2296143,,1.276068154245691
case_077,2,2,4,random,,0,0.048,1.128,True,453046,4699380,4699380,0,6840740,,,20,495320,,1.0933106130503305
case_077,2,2,4,topo,,0,0.029,0.773,True,377111,1067836,1067836,0,3209196,,,16,495320,,1.313459432368719
case_077,2,2,4,balance,,0,0.03,1.661,True,375614,810896,810896,0,2952256,,,16,495320,,1.3186941913773182
case_077,2,2,4,comm,,0,0.085,1.132,True,189311,1476516,1476516,0,3617876,,,262,495320,,2.6164353893857197
case_077,2,2,3,random,,0,0.067,1.604,True,503220,2919018,2165478,753540,5060378,,,16,495320,,0.9843011009101387
case_077,2,2,3,topo,,0,0.029,0.752,True,275554,706348,706348,0,2847708,,,12,495320,,1.7975424054813212
case_077,2,2,3,balance,,0,0.027,1.537,True,309609,575126,575126,0,2716486,,,12,495320,,1.5998242945134025
case_077,2,2,3,comm,,0,0.08,1.134,True,210397,1016920,1016920,0,3158280,,,262,495320,,2.354216077225436
case_078,2,2,2,random,,0,0.019,0.246,True,2058176,10405704,3382440,7023264,12750792,,,11,2296143,,1.1156203356758605
case_078,2,2,2,topo,,0,0.005,0.219,True,1260358,12535344,2148480,10386864,14880432,,,8,2296143,,1.8218180866071385
case_078,2,2,2,balance,,0,0.005,0.219,True,1260358,12535344,2148480,10386864,14880432,,,8,2296143,,1.8218180866071385
case_078,2,2,2,comm,,0,0.012,0.219,True,1260358,12535344,2148480,10386864,14880432,,,8,2296143,,1.8218180866071385
case_078,1,1,4,random,,0,0.013,0.272,True,2197196,11407848,9996264,1411584,13752936,,,21,2296143,,1.0450333060864847
case_078,1,1,4,topo,,0,0.006,0.276,True,2168701,15692160,15692160,0,18037248,,,16,2296143,,1.0587642095429477
case_078,1,1,4,balance,,0,0.006,0.254,True,2166001,15692160,15692160,0,18037248,,,16,2296143,,1.0600839981144976
case_078,1,1,4,comm,,0,0.019,0.488,True,1807448,17116032,17116032,0,19461120,,,200,2296143,,1.2703784562543432
case_078,1,1,5,random,,0,0.019,0.34,True,2209875,12775320,11604888,1170432,15120408,,,27,2296143,,1.0390375021211606
case_078,1,1,5,topo,,0,0.006,0.25,True,2176338,15764352,15764352,0,18109440,,,20,2296143,,1.0550488940596543
case_078,1,1,5,balance,,0,0.006,0.237,True,2175438,15764352,15764352,0,18109440,,,20,2296143,,1.0554853781169584
case_078,1,1,5,comm,,0,0.017,0.458,True,1628077,17116032,17116032,0,19461120,,,200,2296143,,1.410340542861302
case_077,2,2,5,random,,0,0.067,1.829,True,478057,5255006,5255006,0,7396366,,,26,495320,,1.036110756667092
case_077,2,2,5,topo,,0,0.028,0.86,True,415299,1285450,1285450,0,3426810,,,20,495320,,1.1926828622269738
case_077,2,2,5,balance,,0,0.031,1.591,True,434286,1136976,1136976,0,3278336,,,20,495320,,1.1405387233297872
case_077,2,2,5,comm,,0,0.09,1.052,True,163403,1675088,1675088,0,3816448,,,262,495320,,3.0312784954988587
case_078,2,2,4,random,,0,0.015,0.256,True,1835337,10005264,5768208,4237056,12350352,,,21,2296143,,1.2510743258595016
case_078,2,2,4,topo,,0,0.005,0.203,True,2333045,14429424,4005768,10423656,16774512,,,16,2296143,,0.9841829026015357
case_078,2,2,4,balance,,0,0.005,0.231,True,2288020,16690416,7013112,9677304,19035504,,,16,2296143,,1.0035502312042728
case_078,2,2,4,comm,,0,0.02,1.337,True,1708687,14662320,8694144,5968176,17007408,,,200,2296143,,1.3438055068014212
case_078,2,2,5,random,,0,0.012,0.239,True,1996597,11906856,8271528,3635328,14251944,,,27,2296143,,1.150028273106691
case_078,2,2,5,topo,,0,0.005,0.219,True,1231853,14681616,3931728,10749888,17026704,,,20,2296143,,1.8639748411539363
case_078,2,2,5,balance,,0,0.005,0.243,True,1658400,14813520,8984208,5829312,17158608,,,20,2296143,,1.3845531837916063
case_078,2,2,5,comm,,0,0.017,0.255,True,1516233,14847384,10633728,4213656,17192472,,,200,2296143,,1.514373450518489
case_078,3,3,2,random,,0,0.017,0.248,True,2040246,10405704,3382440,7023264,12750792,0.31807019699719785,3789384,11,2296143,,1.1254245811534491
case_078,3,3,2,topo,,0,0.006,0.233,True,1260358,12535344,2148480,10386864,14880432,0.0,0,8,2296143,,1.8218180866071385
case_078,3,3,2,balance,,0,0.006,0.233,True,1260358,12535344,2148480,10386864,14880432,0.0,0,8,2296143,,1.8218180866071385
case_078,3,3,2,comm,,0,0.013,0.233,True,1260358,12535344,2148480,10386864,14880432,0.0,0,8,2296143,,1.8218180866071385
case_077,3,3,2,random,,0,0.085,1.007,True,512362,1284134,0,1284134,3425494,0.018613038209712295,52870,10,495320,,0.966738360768363
case_077,3,3,2,topo,,0,0.027,0.863,True,366178,372758,372758,0,2514118,0.028760734348660846,68758,8,495320,,1.3526754747691014
case_077,3,3,2,balance,,0,0.037,1.62,True,374245,155648,155648,0,2297008,0.0,0,8,495320,,1.3235180162727624
case_077,3,3,2,comm,,0,0.094,1.626,True,300930,653036,653036,0,2794396,0.11143163460926923,294348,262,495320,,1.6459641777157479
case_078,2,2,3,random,,0,0.012,0.245,True,1926448,10446816,5282784,5164032,12791904,,,16,2296143,,1.1919049982143302
case_078,2,2,3,topo,,0,0.006,0.207,True,1670913,14285736,3215520,11070216,16630824,,,12,2296143,,1.3741846523427612
case_078,2,2,3,balance,,0,0.005,0.203,True,1924682,13777680,4714752,9062928,16122768,,,12,2296143,,1.1929986356187672
case_078,2,2,3,comm,,0,0.019,0.897,True,1682453,13626936,5806608,7820328,15972024,,,200,2296143,,1.3647590749934768
case_077,3,3,4,random,,0,0.061,1.317,True,452725,4699380,4699380,0,6840740,0.06323853021619154,295308,20,495320,,1.0940858136838036
case_077,3,3,4,topo,,0,0.032,1.799,True,375210,1067836,1067836,0,3209196,0.13025970837150325,374536,16,495320,,1.3201140694544389
case_077,3,3,4,balance,,0,0.031,0.887,True,373993,810896,810896,0,2952256,0.10791902120953997,292156,16,495320,,1.324409815156968
case_077,3,3,4,comm,,0,0.07,1.14,True,185597,1476516,1476516,0,3617876,0.1941427501138495,634356,262,495320,,2.6687931378201157
case_078,3,3,3,random,,0,0.013,0.274,True,1908832,10446816,5282784,5164032,12791904,0.2665005622204066,3162624,16,2296143,,1.2029047082194766
case_078,3,3,3,topo,,0,0.006,0.237,True,1670083,14285736,3215520,11070216,16630824,0.019237395793742226,312192,12,2296143,,1.3748675964008974
case_078,3,3,3,balance,,0,0.006,0.25,True,1897871,13777680,4714752,9062928,16122768,0.12362303709543392,1949472,12,2296143,,1.2098519867788695
case_078,3,3,3,comm,,0,0.018,0.293,True,1675288,13626936,5806608,7820328,15972024,0.05284316660867314,783624,200,2296143,,1.3705959811089197
case_077,3,3,3,random,,0,0.066,2.07,True,503099,2919018,2165478,753540,5060378,0.027713639674308885,101974,16,495320,,0.9845378345017581
case_077,3,3,3,topo,,0,0.029,0.898,True,275554,706348,706348,0,2847708,0.008906082728098402,22828,12,495320,,1.7975424054813212
case_077,3,3,3,balance,,0,0.032,0.924,True,309609,575126,575126,0,2716486,0.009080258465845528,22678,12,495320,,1.5998242945134025
case_077,3,3,3,comm,,0,0.077,1.989,True,209429,1016920,1016920,0,3158280,0.16749655463756172,483720,262,495320,,2.3650974793366726
case_078,3,3,5,random,,0,0.012,0.969,True,1984322,11906856,8271528,3635328,14251944,0.2940984990281818,3729576,27,2296143,,1.1571423387938047
case_078,3,3,5,topo,,0,0.006,0.254,True,1196884,14681616,3931728,10749888,17026704,0.26659099935929215,4413864,20,2296143,,1.9184340337075272
case_078,3,3,5,balance,,0,0.006,0.235,True,1643483,14813520,8984208,5829312,17158608,0.07366154111211612,1231344,20,2296143,,1.397120018886718
case_078,3,3,5,comm,,0,0.019,0.258,True,1516200,14847384,10633728,4213656,17192472,0.06839313105615623,1096848,200,2296143,,1.5144064107637514
case_077,3,3,5,random,,0,0.066,2.287,True,477668,5255006,5255006,0,7396366,0.06730712414168796,332610,26,495320,,1.0369545374611655
case_077,3,3,5,topo,,0,0.033,0.909,True,412273,1285450,1285450,0,3426810,0.14719689263906058,443690,20,495320,,1.201436911949121
case_077,3,3,5,balance,,0,0.036,0.894,True,431442,1136976,1136976,0,3278336,0.14402553524384276,422704,20,495320,,1.148056981007876
case_077,3,3,5,comm,,0,0.083,1.893,True,159147,1675088,1675088,0,3816448,0.18844999840967483,639888,262,495320,,3.112342676896203
case_078,3,3,4,random,,0,0.013,1.176,True,1820707,10005264,5768208,4237056,12350352,0.4453822772971709,5028936,21,2296143,,1.2611271335805267
case_078,3,3,4,topo,,0,0.006,0.224,True,2333042,14429424,4005768,10423656,16774512,3.963349294377035e-05,648,16,2296143,,0.9841841681375646
case_078,3,3,4,balance,,0,0.006,0.244,True,2274581,16690416,7013112,9677304,19035504,0.06732543328058054,1255824,16,2296143,,1.0094795481013865
case_078,3,3,4,comm,,0,0.02,0.274,True,1703754,14662320,8694144,5968176,17007408,0.07616375442918624,1201992,200,2296143,,1.3476963223563965
case_072,1,1,5,random,,0,0.835,58.709,True,25293896,393726764,371626732,22100032,404829948,,,28,23897828,,0.9448061303011605
case_072,1,1,5,topo,,0,0.289,38.43,True,23732017,116207668,84353028,31854640,127310852,,,20,23897828,,1.0069868060519256
case_072,1,1,5,balance,,0,0.255,39.852,True,23728417,116207668,84353028,31854640,127310852,,,20,23897828,,1.0071395828891578
case_072,1,1,5,comm,,0,0.373,35.053,True,4854877,174805040,171646976,3158064,185908224,,,474,23897828,,4.922437375859368
case_079,2,2,4,random,,0,0.553,17.635,True,27930849,439652352,320839680,118812672,449003520,,,21,31052251,,1.1117546408990289
case_079,2,2,4,topo,,0,0.123,8.989,True,7688095,34131968,9326592,24805376,43483136,,,16,31052251,,4.039004590864187
case_079,2,2,4,balance,,0,0.12,8.989,True,7688095,34131968,9326592,24805376,43483136,,,16,31052251,,4.039004590864187
case_079,2,2,4,comm,,0,0.19,9.506,True,8584580,32768000,6488064,26279936,42119168,,,18,31052251,,3.6172126067903148
case_079,2,2,3,random,,0,0.529,16.304,True,30813597,424101888,268109824,155992064,433453056,,,16,31052251,,1.0077450873392029
case_079,2,2,3,topo,,0,0.631,10.471,True,10278153,33878016,5541888,28336128,43229184,,,12,31052251,,3.0211897993734866
case_079,2,2,3,balance,,0,0.134,10.471,True,10278153,33878016,5541888,28336128,43229184,,,12,31052251,,3.0211897993734866
case_079,2,2,3,comm,,0,0.213,9.776,True,10315104,32661504,4325376,28336128,42012672,,,18,31052251,,3.010367224605782
case_079,2,2,2,random,,0,0.551,15.736,True,32483397,396992512,204498944,192493568,406343680,,,11,31052251,,0.9559422310419073
case_079,2,2,2,topo,,0,0.124,12.124,True,15449228,33280000,3379200,29900800,42631168,,,8,31052251,,2.0099548663531923
case_079,2,2,2,balance,,0,0.124,12.124,True,15449228,33280000,3379200,29900800,42631168,,,8,31052251,,2.0099548663531923
case_079,2,2,2,comm,,0,0.199,12.176,True,15500252,32555008,2162688,30392320,41906176,,,18,31052251,,2.003338461852104
case_072,1,1,4,random,,0,1.911,74.814,True,25059320,371346658,342089954,29256704,382449842,,,22,23897828,,0.9536502985715495
case_072,1,1,4,topo,,0,1.22,48.553,True,23773044,113365040,73719808,39645232,124468224,,,16,23897828,,1.0052489702202207
case_072,1,1,4,balance,,0,0.221,45.924,True,23771244,113365040,73719808,39645232,124468224,,,16,23897828,,1.0053250894231702
case_072,1,1,4,comm,,0,0.382,32.888,True,6118900,174805040,171646976,3158064,185908224,,,474,23897828,,3.9055758387945545
case_080,1,1,2,random,,0,0.026,0.661,True,350019,10399744,10399744,0,12378112,,,11,292138,,0.8346346912596173
case_080,1,1,2,topo,,0,0.006,0.33,True,298396,3379200,3379200,0,5357568,,,8,292138,,0.9790278690062869
case_080,1,1,2,balance,,0,0.008,0.361,True,297496,3379200,3379200,0,5357568,,,8,292138,,0.9819896738107403
case_080,1,1,2,comm,,0,0.017,0.343,True,146828,1904640,1904640,0,3883008,,,6,292138,,1.9896613724902608
case_079,2,2,5,random,,0,0.521,17.959,True,28395118,453068800,338108416,114960384,462419968,,,26,31052251,,1.0935771071632807
case_079,2,2,5,topo,,0,0.116,9.022,True,28156497,36902912,14592000,22310912,46254080,,,20,31052251,,1.102844966829503
case_079,2,2,5,balance,,0,0.121,9.223,True,28301192,36677632,13940736,22736896,46028800,,,20,31052251,,1.0972064710207259
case_079,2,2,5,comm,,0,0.204,8.233,True,6854659,32874496,8650752,24223744,42225664,,,18,31052251,,4.530094203081437
case_080,1,1,3,random,,0,0.016,0.604,True,368027,11415552,11415552,0,13393920,,,17,292138,,0.7937950204740413
case_080,1,1,3,topo,,0,0.006,0.325,True,303496,3837952,3837952,0,5816320,,,12,292138,,0.9625761130294963
case_080,1,1,3,balance,,0,0.007,1.109,True,303496,3837952,3837952,0,5816320,,,12,292138,,0.9625761130294963
case_080,1,1,3,comm,,0,0.016,0.324,True,120710,4952064,4952064,0,6930432,,,18,292138,,2.420164029492171
case_080,1,1,4,random,,0,0.022,1.598,True,329806,11771904,11771904,0,13750272,,,21,292138,,0.8857874022910438
case_080,1,1,4,topo,,0,0.007,0.346,True,308774,4968448,4968448,0,6946816,,,16,292138,,0.9461224066793189
case_080,1,1,4,balance,,0,0.007,0.374,True,306074,4968448,4968448,0,6946816,,,16,292138,,0.9544685272189078
case_080,1,1,4,comm,,0,0.018,0.329,True,123120,4952064,4952064,0,6930432,,,18,292138,,2.3727907732293696
case_080,1,1,5,random,,0,0.015,0.684,True,334799,12115968,12115968,0,14094336,,,27,292138,,0.8725772777099096
case_080,1,1,5,topo,,0,0.007,0.407,True,313729,5558272,5558272,0,7536640,,,20,292138,,0.93117945742982
case_080,1,1,5,balance,,0,0.007,0.427,True,309229,5558272,5558272,0,7536640,,,20,292138,,0.9447302807951389
case_080,1,1,5,comm,,0,0.021,0.353,True,119170,4952064,4952064,0,6930432,,,18,292138,,2.45143912058404
case_080,2,2,2,random,,0,0.021,0.445,True,266576,6971392,5193728,1777664,8949760,,,11,292138,,1.095890102634896
case_080,2,2,2,topo,,0,0.008,0.307,True,273602,2060288,1855488,204800,4038656,,,8,292138,,1.067748042777465
case_080,2,2,2,balance,,0,0.006,0.249,True,274746,1720320,1585152,135168,3698688,,,8,292138,,1.0633021044892372
case_080,2,2,2,comm,,0,0.019,0.231,True,146880,667648,380928,286720,2646016,,,6,292138,,1.98895697167756
case_080,2,2,3,random,,0,0.018,0.501,True,258045,7946240,7634944,311296,9924608,,,17,292138,,1.1321203666027244
case_080,2,2,3,topo,,0,0.008,0.292,True,278150,2695168,2695168,0,4673536,,,12,292138,,1.0502894121876685
case_080,2,2,3,balance,,0,0.007,0.258,True,278150,2646016,2646016,0,4624384,,,12,292138,,1.0502894121876685
case_080,2,2,3,comm,,0,0.017,0.256,True,100325,3047424,3047424,0,5025792,,,18,292138,,2.9119162721156244
case_080,2,2,4,random,,0,0.019,0.486,True,223750,7987200,7557120,430080,9965568,,,21,292138,,1.3056446927374301
case_080,2,2,4,topo,,0,0.006,0.269,True,268623,3862528,3862528,0,5840896,,,16,292138,,1.0875390417052895
case_080,2,2,4,balance,,0,0.006,0.274,True,271511,3268608,3268608,0,5246976,,,16,292138,,1.0759711392908575
case_080,2,2,4,comm,,0,0.02,0.275,True,111314,4190208,4190208,0,6168576,,,18,292138,,2.6244497547478303
case_080,2,2,5,random,,0,0.017,0.522,True,222248,9056256,9031680,24576,11034624,,,27,292138,,1.3144685216514884
case_080,2,2,5,topo,,0,0.007,0.309,True,265597,4485120,4485120,0,6463488,,,20,292138,,1.0999295925782295
case_080,2,2,5,balance,,0,0.006,0.29,True,274693,4059136,4059136,0,6037504,,,20,292138,,1.0635072608330027
case_080,2,2,5,comm,,0,0.019,0.277,True,113455,4571136,4571136,0,6549504,,,18,292138,,2.574923978669957
case_080,3,3,2,random,,0,0.015,0.456,True,265122,6971392,5193728,1777664,8949760,0.15355329949238578,991232,11,292138,,1.1019002572400631
case_080,3,3,2,topo,,0,0.007,0.293,True,272452,2060288,1855488,204800,4038656,0.4306878306878307,1667072,8,292138,,1.072254929308649
case_080,3,3,2,balance,,0,0.007,1.088,True,273700,1720320,1585152,135168,3698688,0.3993055555555556,1413120,8,292138,,1.0673657289002558
case_080,3,3,2,comm,,0,0.016,0.313,True,146776,667648,380928,286720,2646016,0.006369426751592357,16384,6,292138,,1.9903662724151088
case_080,3,3,3,random,,0,0.016,1.229,True,255694,7946240,7634944,311296,9924608,0.1634782608695652,1155072,17,292138,,1.142529742582931
case_080,3,3,3,topo,,0,0.006,0.286,True,277301,2695168,2695168,0,4673536,0.5321691176470589,2371584,12,292138,,1.0535050360438656
case_080,3,3,3,balance,,0,0.006,0.272,True,277353,2646016,2646016,0,4624384,0.44981412639405205,1982464,12,292138,,1.0533075178563058
case_080,3,3,3,comm,,0,0.019,0.234,True,100325,3047424,3047424,0,5025792,0.0,0,18,292138,,2.9119162721156244
case_080,3,3,4,random,,0,0.016,0.463,True,212287,7987200,7557120,430080,9965568,0.19320113314447593,1396736,21,292138,,1.376146443258419
case_080,3,3,4,topo,,0,0.006,0.301,True,266458,3862528,3862528,0,5840896,0.6083761939750184,3391488,16,292138,,1.0963754137612682
case_080,3,3,4,balance,,0,0.006,0.307,True,268816,3268608,3268608,0,5246976,0.5448613376835236,2736128,16,292138,,1.0867582286768644
case_080,3,3,4,comm,,0,0.016,0.324,True,90584,4190208,4190208,0,6168576,0.478494623655914,2916352,18,292138,,3.225050781594984
case_080,3,3,5,random,,0,0.017,0.564,True,208386,9056256,9031680,24576,11034624,0.18580375782881003,1458176,27,292138,,1.401907997658192
case_080,3,3,5,topo,,0,0.007,0.329,True,263514,4485120,4485120,0,6463488,0.6177658142664872,3760128,20,292138,,1.1086242097194077
case_080,3,3,5,balance,,0,0.006,0.295,True,273265,4059136,4059136,0,6037504,0.5470756062767475,3141632,20,292138,,1.0690648271824053
case_080,3,3,5,comm,,0,0.017,0.301,True,90408,4571136,4571136,0,6549504,0.34408602150537637,2228224,18,292138,,3.2313290859215997
case_079,3,3,2,random,,0,0.538,15.199,True,32482642,396992512,204498944,192493568,406343680,0.004098360655737705,950272,11,31052251,,0.9559644501823467
case_079,3,3,2,topo,,0,0.127,12.355,True,15438610,33280000,3379200,29900800,42631168,0.269907795473596,10551296,8,31052251,,2.0113372253072006
case_079,3,3,2,balance,,0,0.143,12.355,True,15438610,33280000,3379200,29900800,42631168,0.269907795473596,10551296,8,31052251,,2.0113372253072006
case_079,3,3,2,comm,,0,0.226,13.607,True,15500252,32555008,2162688,30392320,41906176,0.0,0,18,31052251,,2.003338461852104
case_081,1,1,2,random,,0,0.096,2.201,True,158544,4692910,4692910,0,6434050,,,11,151795,,0.9574313755172066
case_081,1,1,2,topo,,0,0.024,0.923,True,159287,81964,81964,0,1823104,,,8,151795,,0.9529654020729877
case_081,1,1,2,balance,,0,0.023,1.684,True,156587,81964,81964,0,1823104,,,8,151795,,0.9693972041101752
case_081,1,1,2,comm,,0,0.03,1.92,True,86905,0,0,0,1741140,,,85,151795,,1.7466774063632702
case_081,1,1,3,random,,0,0.069,2.766,True,164054,5451434,5451434,0,7192574,,,17,151795,,0.9252746047033293
case_081,1,1,3,topo,,0,0.024,0.844,True,163398,106592,106592,0,1847732,,,12,151795,,0.928989338914797
case_081,1,1,3,balance,,0,0.021,0.81,True,162498,106592,106592,0,1847732,,,12,151795,,0.9341345739639872
case_081,1,1,3,comm,,0,0.027,0.804,True,61579,0,0,0,1741140,,,85,151795,,2.4650449016710243
case_081,1,1,4,random,,0,0.076,2.091,True,169786,5881854,5881854,0,7622994,,,22,151795,,0.8940371997691211
case_081,1,1,4,topo,,0,0.019,0.786,True,167855,147566,147566,0,1888706,,,16,151795,,0.9043221828363767
case_081,1,1,4,balance,,0,0.021,0.769,True,165155,147566,147566,0,1888706,,,16,151795,,0.9191062940873724
case_081,1,1,4,comm,,0,0.026,0.773,True,50323,0,0,0,1741140,,,85,151795,,3.0164139657810543
case_081,1,1,5,random,,0,0.051,2.061,True,175513,6035794,6035794,0,7776934,,,27,151795,,0.8648647108761175
case_081,1,1,5,topo,,0,0.019,0.798,True,171861,184490,184490,0,1925630,,,20,151795,,0.8832428532360455
case_081,1,1,5,balance,,0,0.022,0.779,True,169161,184490,184490,0,1925630,,,20,151795,,0.8973404035209062
case_081,1,1,5,comm,,0,0.029,0.796,True,42111,0,0,0,1741140,,,85,151795,,3.6046401177839518
case_081,2,2,2,random,,0,0.053,1.941,True,160321,3722466,2314850,1407616,5463606,,,11,151795,,0.9468191939920534
case_081,2,2,2,topo,,0,0.018,0.827,True,97084,81964,81964,0,1823104,,,8,151795,,1.563542911293313
case_081,2,2,2,balance,,0,0.021,0.801,True,99629,51234,51234,0,1792374,,,8,151795,,1.523602565518072
case_081,2,2,2,comm,,0,0.029,1.741,True,76860,0,0,0,1741140,,,85,151795,,1.9749544626593807
case_081,2,2,3,random,,0,0.049,2.107,True,152469,4083918,3043178,1040740,5825058,,,17,151795,,0.9955794292610302
case_081,2,2,3,topo,,0,0.02,0.771,True,105380,106592,106592,0,1847732,,,12,151795,,1.4404535965078762
case_081,2,2,3,balance,,0,0.017,0.73,True,114737,96338,96338,0,1837478,,,12,151795,,1.322982124336526
case_081,2,2,3,comm,,0,0.024,0.749,True,51943,0,0,0,1741140,,,85,151795,,2.9223379473653814
case_081,2,2,4,random,,0,0.05,2.503,True,150739,4616756,4270508,346248,6357896,,,22,151795,,1.0070054863041416
case_081,2,2,4,topo,,0,0.022,0.772,True,54459,147566,147566,0,1888706,,,16,151795,,2.7873262454323435
case_081,2,2,4,balance,,0,0.022,0.796,True,83229,129134,129134,0,1870274,,,16,151795,,1.823823426930517
case_081,2,2,4,comm,,0,0.033,0.944,True,39588,0,0,0,1741140,,,85,151795,,3.834369000707285
case_081,3,3,2,random,,0,0.053,2.167,True,157248,3722466,2314850,1407616,5463606,0.3025213442535593,1044582,11,151795,,0.9653222934472935
case_081,3,3,2,topo,,0,0.021,0.868,True,97084,81964,81964,0,1823104,0.040655688006842716,45060,8,151795,,1.563542911293313
case_081,3,3,2,balance,,0,0.02,0.89,True,99629,51234,51234,0,1792374,0.02829439730041868,30722,8,151795,,1.523602565518072
case_081,3,3,2,comm,,0,0.029,1.64,True,76860,0,0,0,1741140,0.0,0,85,151795,,1.9749544626593807
case_081,2,2,5,random,,0,0.791,1.691,True,146502,4894032,4691240,202792,6635172,,,27,151795,,1.0361291996013706
case_081,2,2,5,topo,,0,0.024,1.371,True,78091,184490,184490,0,1925630,,,20,151795,,1.9438219513132116
case_081,2,2,5,balance,,0,0.021,0.845,True,98434,149650,149650,0,1890790,,,20,151795,,1.5420992746408761
case_081,2,2,5,comm,,0,0.033,0.721,True,30943,0,0,0,1741140,,,85,151795,,4.905632937982743
case_081,3,3,3,random,,0,0.064,2.565,True,149397,4083918,3043178,1040740,5825058,0.3053370775838614,1124496,17,151795,,1.0160511924603572
case_081,3,3,3,topo,,0,0.023,0.883,True,105358,106592,106592,0,1847732,0.061468608994682844,69640,12,151795,,1.4407543803033467
case_081,3,3,3,balance,,0,0.022,0.898,True,114715,96338,96338,0,1837478,0.056452358597928756,63494,12,151795,,1.323235845355882
case_081,3,3,3,comm,,0,0.034,0.776,True,51943,0,0,0,1741140,0.0,0,85,151795,,2.9223379473653814
case_081,3,3,5,random,,0,0.056,1.754,True,142180,4894032,4691240,202792,6635172,0.31488476573232455,1329446,27,151795,,1.0676255450836967
case_081,3,3,5,topo,,0,0.022,1.461,True,78074,184490,184490,0,1925630,0.09928773333377909,118794,20,151795,,1.9442452032686939
case_081,3,3,5,balance,,0,0.024,0.836,True,98434,149650,149650,0,1890790,0.08243518888007824,96266,20,151795,,1.5420992746408761
case_081,3,3,5,comm,,0,0.03,0.76,True,30943,0,0,0,1741140,0.0,0,85,151795,,4.905632937982743
case_081,3,3,4,random,,0,0.948,1.588,True,146131,4616756,4270508,346248,6357896,0.3095338388093232,1243338,22,151795,,1.0387597429703486
case_081,3,3,4,topo,,0,0.019,0.828,True,54361,147566,147566,0,1888706,0.07065562347356946,81930,16,151795,,2.7923511340850977
case_081,3,3,4,balance,,0,0.023,1.61,True,83229,129134,129134,0,1870274,0.06605710898821561,75786,16,151795,,1.823823426930517
case_081,3,3,4,comm,,0,0.032,0.813,True,39588,0,0,0,1741140,0.0,0,85,151795,,3.834369000707285
case_082,1,1,2,random,,0,0.081,1.296,True,765614,2673558,2605974,67584,3265564,,,10,721041,,0.9417813676343432
case_082,1,1,2,topo,,0,0.03,1.038,True,733338,1310118,1310118,0,1902124,,,8,721041,,0.9832314703451888
case_082,1,1,2,balance,,0,0.026,0.98,True,729738,1310118,1310118,0,1902124,,,8,721041,,0.988082023959284
case_082,1,1,2,comm,,0,0.063,1.092,True,735554,1063962,1063962,0,1655968,,,15,721041,,0.9802692936208627
case_079,3,3,4,random,,0,0.435,18.983,True,27932118,439652352,320839680,118812672,449003520,0.009307359307359308,2377728,21,31052251,,1.1117041321392098
case_079,3,3,4,topo,,0,0.101,9.075,True,7687887,34131968,9326592,24805376,43483136,0.06911402789171452,2760704,16,31052251,,4.039113868349001
case_079,3,3,4,balance,,0,0.119,9.075,True,7687887,34131968,9326592,24805376,43483136,0.06911402789171452,2760704,16,31052251,,4.039113868349001
case_079,3,3,4,comm,,0,0.939,9.283,True,8579892,32768000,6488064,26279936,42119168,0.09703790211275082,3743744,18,31052251,,3.6191890294190183
case_082,1,1,3,random,,0,0.082,1.315,True,763668,3212756,3212756,0,3804762,,,15,721041,,0.9441812410628703
case_082,1,1,3,topo,,0,0.034,1.673,True,743347,1788090,1788090,0,2380096,,,12,721041,,0.9699924799588886
case_082,1,1,3,balance,,0,0.025,0.908,True,740647,1788090,1788090,0,2380096,,,12,721041,,0.9735285500380073
case_082,1,1,3,comm,,0,0.081,1.583,True,307316,3092258,3092258,0,3684264,,,177,721041,,2.3462527170729803
case_082,1,1,4,random,,0,0.08,1.328,True,786415,3813726,3813726,0,4405732,,,21,721041,,0.9168708633482322
case_082,1,1,4,topo,,0,0.028,0.961,True,750982,2235982,2235982,0,2827988,,,16,721041,,0.9601308686493152
case_082,1,1,4,balance,,0,0.025,0.943,True,746482,2235982,2235982,0,2827988,,,16,721041,,0.9659188031325605
case_082,1,1,4,comm,,0,0.064,2.209,True,273549,3092258,3092258,0,3684264,,,177,721041,,2.635875108298696
case_079,3,3,3,random,,0,0.45,18.089,True,30812550,424101888,268109824,155992064,433453056,0.006475316492523046,1595392,16,31052251,,1.0077793301755291
case_079,3,3,3,topo,,0,0.119,10.094,True,10278153,33878016,5541888,28336128,43229184,0.0,0,12,31052251,,3.0211897993734866
case_079,3,3,3,balance,,0,0.12,10.094,True,10278153,33878016,5541888,28336128,43229184,0.0,0,12,31052251,,3.0211897993734866
case_079,3,3,3,comm,,0,0.197,11.435,True,10315104,32661504,4325376,28336128,42012672,0.0,0,18,31052251,,3.010367224605782
case_079,1,1,5,random,,0,0.562,36.833,True,31587112,453955584,452098048,1857536,463306752,,,26,31052251,,0.9830671129415061
case_079,1,1,5,topo,,0,0.126,13.185,True,29451332,42706944,42706944,0,52058112,,,20,31052251,,1.0543581186752435
case_079,1,1,5,balance,,0,0.856,12.68,True,29449532,42706944,42706944,0,52058112,,,20,31052251,,1.0544225626403843
case_079,1,1,5,comm,,0,0.212,14.546,True,6547470,36765696,36765696,0,46116864,,,18,31052251,,4.7426335668586495
case_082,2,2,3,random,,0,0.064,0.928,True,740162,1361962,1207750,154212,1953968,,,15,721041,,0.974166466260089
case_082,2,2,3,topo,,0,0.682,0.79,True,506459,1423372,1423372,0,2015378,,,12,721041,,1.4236907627270914
case_082,2,2,3,balance,,0,0.029,0.826,True,593270,1139724,1139724,0,1731730,,,12,721041,,1.215367370674398
case_082,2,2,3,comm,,0,0.07,0.81,True,261748,1428236,1428236,0,2020242,,,177,721041,,2.754714458181151
case_082,2,2,2,random,,0,0.07,1.749,True,755916,1667972,1617284,50688,2259978,,,10,721041,,0.9538639213880907
case_082,2,2,2,topo,,0,0.027,0.826,True,600927,790406,790406,0,1382412,,,8,721041,,1.1998811835713823
case_082,2,2,2,balance,,0,0.027,1.439,True,652549,725126,725126,0,1317132,,,8,721041,,1.1049607002692519
case_082,2,2,2,comm,,0,0.065,0.824,True,726241,768646,768646,0,1360652,,,15,721041,,0.9928398424214552
case_082,2,2,4,random,,0,0.063,1.102,True,723955,2914602,2914602,0,3506608,,,21,721041,,0.9959748879419301
case_082,2,2,4,topo,,0,0.028,0.83,True,520245,2120082,2120082,0,2712088,,,16,721041,,1.3859643052792434
case_082,2,2,4,balance,,0,0.031,0.832,True,571811,1768338,1768338,0,2360344,,,16,721041,,1.2609778405801917
case_082,2,2,4,comm,,0,0.074,1.573,True,252164,2191506,2191506,0,2783512,,,177,721041,,2.8594129217493376
case_082,1,1,5,random,,0,0.06,2.304,True,774553,4410594,4410594,0,5002600,,,26,721041,,0.9309124101255821
case_082,1,1,5,topo,,0,0.03,0.929,True,745407,2572962,2572962,0,3164968,,,20,721041,,0.9673118175708036
case_082,1,1,5,balance,,0,0.027,0.914,True,742707,2572962,2572962,0,3164968,,,20,721041,,0.9708283347268842
case_082,1,1,5,comm,,0,0.067,1.458,True,270942,3092258,3092258,0,3684264,,,177,721041,,2.661237460415882
case_082,2,2,5,random,,0,0.082,1.214,True,740897,3432878,3432878,0,4024884,,,26,721041,,0.973200053448725
case_082,2,2,5,topo,,0,0.028,0.882,True,531108,2656728,2656728,0,3248734,,,20,721041,,1.3576165299713052
case_082,2,2,5,balance,,0,0.025,1.526,True,589128,1958872,1958872,0,2550878,,,20,721041,,1.223912290707622
case_082,2,2,5,comm,,0,0.071,0.906,True,236522,2985496,2985496,0,3577502,,,177,721041,,3.0485155714901784
case_082,3,3,2,random,,0,0.079,1.089,True,755916,1667972,1617284,50688,2259978,0.06754534351525143,97668,10,721041,,0.9538639213880907
case_082,3,3,2,topo,,0,0.028,0.898,True,600927,790406,790406,0,1382412,0.16432882946514815,172166,8,721041,,1.1998811835713823
case_082,3,3,2,balance,,0,0.027,1.505,True,651526,725126,725126,0,1317132,0.17329859404188377,176262,8,721041,,1.106695665253574
case_082,3,3,2,comm,,0,0.061,0.885,True,726241,768646,768646,0,1360652,0.15834141891291154,163846,15,721041,,0.9928398424214552
case_083,1,1,3,random,,0,0.063,1.02,True,911123,9168512,7859840,1308672,10606816,,,16,1057993,,1.1611966770677504
case_083,1,1,3,topo,,0,0.024,1.503,True,1036778,18427488,10586656,7840832,19865792,,,12,1057993,,1.0204624326519274
case_083,1,1,3,balance,,0,0.026,0.977,True,1032278,18427488,10586656,7840832,19865792,,,12,1057993,,1.024910925157758
case_083,1,1,3,comm,,0,0.04,0.909,True,579215,27912000,27912000,0,29350304,,,31,1057993,,1.8265980680748946
case_083,1,1,2,random,,0,0.065,1.044,True,916377,7435808,5454368,1981440,8874112,,,11,1057993,,1.1545390161472844
case_083,1,1,2,topo,,0,0.024,0.97,True,1061837,16434816,6740128,9694688,17873120,,,8,1057993,,0.9963798586788745
case_083,1,1,2,balance,,0,0.02,1.92,True,1057337,16434816,6740128,9694688,17873120,,,8,1057993,,1.0006204266000338
case_083,1,1,2,comm,,0,0.037,0.892,True,624895,27912000,27912000,0,29350304,,,31,1057993,,1.693073236303699
case_082,3,3,3,random,,0,0.678,0.929,True,740162,1361962,1207750,154212,1953968,0.03905129688797202,49672,15,721041,,0.974166466260089
case_082,3,3,3,topo,,0,0.03,0.839,True,506441,1423372,1423372,0,2015378,0.30497345724113356,439948,12,721041,,1.4237413637521448
case_082,3,3,3,balance,,0,0.027,1.53,True,593270,1139724,1139724,0,1731730,0.2725767944746796,345484,12,721041,,1.215367370674398
case_082,3,3,3,comm,,0,0.072,0.938,True,261694,1428236,1428236,0,2020242,0.29932071664607585,420108,177,721041,,2.755282887647405
case_082,3,3,5,random,,0,0.053,1.227,True,740871,3432878,3432878,0,4024884,0.13435001295115298,317432,26,721041,,0.9732342067647404
case_082,3,3,5,topo,,0,0.029,0.873,True,530829,2656728,2656728,0,3248734,0.4697697684164988,1042452,20,721041,,1.3583300836992704
case_082,3,3,5,balance,,0,0.026,1.647,True,587583,1958872,1958872,0,2550878,0.3849988007861387,677400,20,721041,,1.227130464972608
case_082,3,3,5,comm,,0,0.075,0.951,True,235150,2985496,2985496,0,3577502,0.45174609947603633,1113752,177,721041,,3.06630236019562
case_083,1,1,4,random,,0,0.07,1.079,True,915290,11686208,10176832,1509376,13124512,,,22,1057993,,1.1559101486960417
case_083,1,1,4,topo,,0,0.021,0.889,True,1000126,20467328,14445472,6021856,21905632,,,16,1057993,,1.0578597096765807
case_083,1,1,4,balance,,0,0.022,1.666,True,997426,20467328,14445472,6021856,21905632,,,16,1057993,,1.0607233017787785
case_083,1,1,4,comm,,0,0.035,1.717,True,547412,27912000,27912000,0,29350304,,,31,1057993,,1.9327179528399085
case_082,3,3,4,random,,0,0.053,1.77,True,723903,2914602,2914602,0,3506608,0.13858009578749253,289812,21,721041,,0.9960464316351776
case_082,3,3,4,topo,,0,0.026,0.849,True,519800,2120082,2120082,0,2712088,0.40640800269657934,762002,16,721041,,1.3871508272412467
case_082,3,3,4,balance,,0,0.03,0.873,True,570637,1768338,1768338,0,2360344,0.382536564540191,637970,16,721041,,1.2635721132699071
case_082,3,3,4,comm,,0,0.064,1.551,True,251409,2191506,2191506,0,2783512,0.44877243065228073,884114,177,721041,,2.867999952269012
case_079,3,3,5,random,,0,0.529,18.863,True,28393815,453068800,338108416,114960384,462419968,0.007715170568457512,2025472,26,31052251,,1.0936272917182843
case_079,3,3,5,topo,,0,0.12,9.753,True,28155231,36902912,14592000,22310912,46254080,0.031470081260773206,1308672,20,31052251,,1.1028945562549282
case_079,3,3,5,balance,,0,0.123,9.865,True,28299814,36677632,13940736,22736896,46028800,0.03065909651937793,1271808,20,31052251,,1.09725989718519
case_079,3,3,5,comm,,0,0.219,8.995,True,6847969,32874496,8650752,24223744,42225664,0.1432503970354685,5541888,18,31052251,,4.534519797037633
case_083,1,1,5,random,,0,0.06,1.179,True,929526,13111328,12037152,1074176,14549632,,,26,1057993,,1.1382070001269464
case_083,1,1,5,topo,,0,0.022,1.01,True,974324,21706144,18218272,3487872,23144448,,,20,1057993,,1.0858738982104517
case_083,1,1,5,balance,,0,0.022,0.966,True,969824,21706144,18218272,3487872,23144448,,,20,1057993,,1.0909123717293034
case_083,1,1,5,comm,,0,0.033,0.823,True,542671,27912000,27912000,0,29350304,,,31,1057993,,1.949602982285768
case_083,2,2,3,random,,0,0.074,0.931,True,842887,7763296,5308256,2455040,9201600,,,16,1057993,,1.2552014682869708
case_083,2,2,3,topo,,0,0.023,1.522,True,487584,14498784,2213056,12285728,15937088,,,12,1057993,,2.169868166305703
case_083,2,2,3,balance,,0,0.021,0.837,True,695747,14582656,2049216,12533440,16020960,,,12,1057993,,1.5206576528536955
case_083,2,2,3,comm,,0,0.038,0.937,True,512623,14842752,1860800,12981952,16281056,,,31,1057993,,2.0638812538649263
case_083,2,2,2,random,,0,0.044,0.826,True,857865,5183104,2051712,3131392,6621408,,,11,1057993,,1.2332861231079482
case_083,2,2,2,topo,,0,0.023,0.964,True,605205,14097792,1157728,12940064,15536096,,,8,1057993,,1.7481564098115514
case_083,2,2,2,balance,,0,0.029,1.859,True,849545,14158240,995936,13162304,15596544,,,8,1057993,,1.2453642832339664
case_083,2,2,2,comm,,0,0.039,1.936,True,644672,14241216,930400,13310816,15679520,,,31,1057993,,1.6411337858631987
case_083,2,2,4,random,,0,0.067,0.93,True,875725,7624288,5646944,1977344,9062592,,,22,1057993,,1.208133831967798
case_083,2,2,4,topo,,0,0.023,1.574,True,482897,14971328,3280672,11690656,16409632,,,16,1057993,,2.1909289144475945
case_083,2,2,4,balance,,0,0.024,0.787,True,617871,15161344,3182368,11978976,16599648,,,16,1057993,,1.7123202092346137
case_083,2,2,4,comm,,0,0.036,1.739,True,450029,14977600,2791200,12186400,16415904,,,31,1057993,,2.350944050272316
case_083,2,2,5,random,,0,0.051,1.075,True,830625,10278944,8721440,1557504,11717248,,,26,1057993,,1.2737312264860798
case_083,2,2,5,topo,,0,0.02,0.842,True,538203,16195456,4262272,11933184,17633760,,,20,1057993,,1.9657880019249243
case_083,2,2,5,balance,,0,0.024,1.471,True,676443,15607264,4139392,11467872,17045568,,,20,1057993,,1.5640534383532685
case_083,2,2,5,comm,,0,0.037,0.755,True,442480,15058048,3721600,11336448,16496352,,,31,1057993,,2.3910527029470257
case_083,3,3,2,random,,0,0.064,0.874,True,841443,5183104,2051712,3131392,6621408,0.5839795447876933,3120768,11,1057993,,1.257355519030998
case_083,3,3,2,topo,,0,0.025,1.549,True,514417,14097792,1157728,12940064,15536096,0.76325410751316,11483616,8,1057993,,2.0566835854958136
case_083,3,3,2,balance,,0,0.026,0.985,True,747664,14158240,995936,13162304,15596544,0.7404711935549387,11200000,8,1057993,,1.415064788461127
case_083,3,3,2,comm,,0,0.039,1.076,True,535329,14241216,930400,13310816,15679520,0.7076181170611782,10776288,31,1057993,,1.9763416515824848
case_083,3,3,3,random,,0,0.071,0.974,True,827395,7763296,5308256,2455040,9201600,0.4395930642993221,2909248,16,1057993,,1.2787036421539892
case_083,3,3,3,topo,,0,0.024,0.863,True,408472,14498784,2213056,12285728,15937088,0.7165106644161424,11057376,12,1057993,,2.590123680448109
case_083,3,3,3,balance,,0,0.023,0.901,True,612642,14582656,2049216,12533440,16020960,0.708646713399716,11001984,12,1057993,,1.7269351431994542
case_083,3,3,3,comm,,0,0.04,1.853,True,402691,14842752,1860800,12981952,16281056,0.6590289066365114,10443552,31,1057993,,2.627307290205145
case_079,1,1,4,random,,0,0.537,41.806,True,31488032,437229568,434618368,2611200,446580736,,,21,31052251,,0.98616042437965
case_079,1,1,4,topo,,0,0.117,36.317,True,7723180,35672064,35278848,393216,45023232,,,16,31052251,,4.020656128693103
case_079,1,1,4,balance,,0,0.115,36.317,True,7723180,35672064,35278848,393216,45023232,,,16,31052251,,4.020656128693103
case_079,1,1,4,comm,,0,0.2,13.824,True,8182666,36765696,36765696,0,46116864,,,18,31052251,,3.7948818881279034
case_083,3,3,4,random,,0,0.046,1.552,True,856738,7624288,5646944,1977344,9062592,0.5322450926298267,3642464,22,1057993,,1.2349084550936225
case_083,3,3,4,topo,,0,0.023,0.82,True,413867,14971328,3280672,11690656,16409632,0.6589034566396563,10483776,16,1057993,,2.5563598933957046
case_083,3,3,4,balance,,0,0.023,0.858,True,521577,15161344,3182368,11978976,16599648,0.6645832795268473,10704512,16,1057993,,2.028450257584211
case_083,3,3,4,comm,,0,0.034,0.81,True,333151,14977600,2791200,12186400,16415904,0.6425764561777388,10324096,31,1057993,,3.1757161167158436
case_083,3,3,5,random,,0,0.047,1.869,True,814746,10278944,8721440,1557504,11717248,0.4841559814329703,4045344,26,1057993,,1.2985556234703821
case_083,3,3,5,topo,,0,0.024,0.902,True,466890,16195456,4262272,11933184,17633760,0.6138543210015642,10460608,20,1057993,,2.266043393518816
case_083,3,3,5,balance,,0,0.023,0.83,True,596081,15607264,4139392,11467872,17045568,0.6135584089420465,10131744,20,1057993,,1.7749148186236434
case_083,3,3,5,comm,,0,0.036,1.478,True,310731,15058048,3721600,11336448,16496352,0.6756744500592479,10966272,31,1057993,,3.40485178498444
case_079,1,1,3,random,,0,0.584,54.333,True,31473744,417753088,412282880,5470208,427104256,,,16,31052251,,0.9866081073799164
case_079,1,1,3,topo,,0,0.163,32.349,True,10180207,35033088,25006080,10027008,44384256,,,12,31052251,,3.050257327773394
case_079,1,1,3,balance,,0,0.812,32.349,True,10180207,35033088,25006080,10027008,44384256,,,12,31052251,,3.050257327773394
case_079,1,1,3,comm,,0,0.188,13.432,True,9817862,36765696,36765696,0,46116864,,,18,31052251,,3.1628322948519747
case_076,1,1,5,random,,0,1.096,109.884,True,7123773,201745248,201432928,312320,206015922,,,26,6185113,,0.8682355543895068
case_076,1,1,5,topo,,0,0.229,27.867,True,6136165,36830400,33227968,3602432,41101074,,,20,6185113,,1.0079769693285627
case_076,1,1,5,balance,,0,0.974,28.776,True,6131665,36830400,33227968,3602432,41101074,,,20,6185113,,1.0087167188683661
case_076,1,1,5,comm,,0,0.302,31.435,True,1354539,63280128,63280128,0,67550802,,,391,6185113,,4.56621256383168
case_084,2,2,3,random,,0,0.274,6.799,True,1841332,45132864,30072192,15060672,58369194,,,17,2507412,,1.3617381330471636
case_084,2,2,3,topo,,0,0.057,3.829,True,838496,0,0,0,13236330,,,12,2507412,,2.990368469259245
case_084,2,2,3,balance,,0,0.055,3.829,True,838496,0,0,0,13236330,,,12,2507412,,2.990368469259245
case_084,2,2,3,comm,,0,0.077,5.737,True,836220,0,0,0,13236330,,,1077,2507412,,2.998507569778288
case_084,1,1,5,random,,0,0.251,9.569,True,1784278,49647168,49610304,36864,62883498,,,27,2507412,,1.4052810156264888
case_084,1,1,5,topo,,0,0.058,4.087,True,506216,0,0,0,13236330,,,20,2507412,,4.953245254989965
case_084,1,1,5,balance,,0,0.061,4.087,True,506216,0,0,0,13236330,,,20,2507412,,4.953245254989965
case_084,1,1,5,comm,,0,0.074,14.506,True,692360,0,0,0,13236330,,,1077,2507412,,3.621543705586689
case_084,2,2,5,random,,0,0.257,7.191,True,1696325,52377600,46233408,6144192,65613930,,,27,2507412,,1.4781436340323935
case_084,2,2,5,topo,,0,0.055,3.518,True,503576,0,0,0,13236330,,,20,2507412,,4.979212670977171
case_084,2,2,5,balance,,0,0.059,3.518,True,503576,0,0,0,13236330,,,20,2507412,,4.979212670977171
case_084,2,2,5,comm,,0,0.072,4.57,True,503472,0,0,0,13236330,,,1077,2507412,,4.98024120507198
case_084,1,1,3,random,,0,0.275,11.992,True,1807580,45539712,45143424,396288,58776042,,,17,2507412,,1.3871651600482413
case_084,1,1,3,topo,,0,0.06,4.414,True,840200,0,0,0,13236330,,,12,2507412,,2.984303737205427
case_084,1,1,3,balance,,0,0.056,4.414,True,840200,0,0,0,13236330,,,12,2507412,,2.984303737205427
case_084,1,1,3,comm,,0,1.04,15.266,True,1039564,0,0,0,13236330,,,1077,2507412,,2.411984254937647
case_084,2,2,2,random,,0,0.26,5.51,True,1986518,37102080,12410688,24691392,50338410,,,11,2507412,,1.2622145885413574
case_084,2,2,2,topo,,0,0.055,5.266,True,1255647,55296,55296,0,13291626,,,8,2507412,,1.9969083667623146
case_084,2,2,2,balance,,0,0.057,4.695,True,1566746,36864,36864,0,13273194,,,8,2507412,,1.6003947034171462
case_084,2,2,2,comm,,0,0.077,5.592,True,1255052,0,0,0,13236330,,,1077,2507412,,1.9978550689533183
case_084,2,2,4,random,,0,0.257,7.128,True,1803955,50234880,41596992,8637888,63471210,,,21,2507412,,1.3899526318561162
case_084,2,2,4,topo,,0,0.063,3.701,True,631734,110592,110592,0,13346922,,,16,2507412,,3.969094587278823
case_084,2,2,4,balance,,0,0.063,3.683,True,1106069,55296,55296,0,13291626,,,16,2507412,,2.2669580288390687
case_084,2,2,4,comm,,0,0.924,4.467,True,629028,0,0,0,13236330,,,1077,2507412,,3.986169137144928
case_084,1,1,4,random,,0,0.28,11.242,True,1799834,47667264,47529024,138240,60903594,,,21,2507412,,1.3931351446855655
case_084,1,1,4,topo,,0,0.058,5.494,True,1419569,110592,110592,0,13346922,,,16,2507412,,1.7663192137895376
case_084,1,1,4,balance,,0,0.066,4.91,True,1730961,110592,110592,0,13346922,,,16,2507412,,1.4485664321726486
case_084,1,1,4,comm,,0,0.075,15.325,True,823472,0,0,0,13236330,,,1077,2507412,,3.0449268463287154
case_084,3,3,3,random,,0,0.254,7.327,True,1839236,45132864,30072192,15060672,58369194,0.009340407079636522,313344,17,2507412,,1.3632899747503855
case_084,3,3,3,topo,,0,0.072,4.648,True,838496,0,0,0,13236330,0.0,0,12,2507412,,2.990368469259245
case_084,3,3,3,balance,,0,0.058,4.648,True,838496,0,0,0,13236330,0.0,0,12,2507412,,2.990368469259245
case_084,3,3,3,comm,,0,0.076,5.5,True,836220,0,0,0,13236330,0.0,0,1077,2507412,,2.998507569778288
case_084,3,3,2,random,,0,0.24,6.266,True,1985907,37102080,12410688,24691392,50338410,0.001233653934771753,36864,11,2507412,,1.262602931557218
case_084,3,3,2,topo,,0,0.061,4.621,True,1255647,55296,55296,0,13291626,0.0,0,8,2507412,,1.9969083667623146
case_084,3,3,2,balance,,0,0.052,5.096,True,1566746,36864,36864,0,13273194,0.0,0,8,2507412,,1.6003947034171462
case_084,3,3,2,comm,,0,0.081,5.945,True,1255052,0,0,0,13236330,0.0,0,1077,2507412,,1.9978550689533183
case_084,1,1,2,random,,0,0.254,13.329,True,1866697,40990080,39414144,1575936,54226410,,,11,2507412,,1.3432346010091623
case_084,1,1,2,topo,,0,0.063,7.12,True,2197492,55296,55296,0,13291626,,,8,2507412,,1.141033505468962
case_084,1,1,2,balance,,0,0.068,7.144,True,2195692,55296,55296,0,13291626,,,8,2507412,,1.1419689100292756
case_084,1,1,2,comm,,0,0.083,17.277,True,1476604,0,0,0,13236330,,,1077,2507412,,1.6980937340004496
case_084,3,3,5,random,,0,0.807,7.777,True,1691401,52377600,46233408,6144192,65613930,0.018248632704479812,668160,27,2507412,,1.4824468000196287
case_084,3,3,5,topo,,0,0.067,3.379,True,503576,0,0,0,13236330,0.0,0,20,2507412,,4.979212670977171
case_084,3,3,5,balance,,0,0.07,3.379,True,503576,0,0,0,13236330,0.0,0,20,2507412,,4.979212670977171
case_084,3,3,5,comm,,0,0.741,4.39,True,503472,0,0,0,13236330,0.0,0,1077,2507412,,4.98024120507198
case_072,1,1,3,random,,0,0.932,87.919,True,25041234,356870876,319749628,37121248,367974060,,,18,23897828,,0.9543390713093453
case_072,1,1,3,topo,,0,0.237,56.899,True,23785480,112619568,59891712,52727856,123722752,,,12,23897828,,1.0047233858639808
case_072,1,1,3,balance,,0,0.204,49.309,True,23784580,112619568,59891712,52727856,123722752,,,12,23897828,,1.0047614042375355
case_072,1,1,3,comm,,0,0.319,85.579,True,8822849,88018992,67829760,20189232,99122176,,,26,23897828,,2.708629378106777
case_084,3,3,4,random,,0,0.212,7.872,True,1800137,50234880,41596992,8637888,63471210,0.015890855339621108,566784,21,2507412,,1.3929006514504174
case_084,3,3,4,topo,,0,0.052,4.662,True,631734,110592,110592,0,13346922,0.0,0,16,2507412,,3.969094587278823
case_084,3,3,4,balance,,0,0.048,3.942,True,1106069,55296,55296,0,13291626,0.0,0,16,2507412,,2.2669580288390687
case_084,3,3,4,comm,,0,0.074,4.76,True,629028,0,0,0,13236330,0.0,0,1077,2507412,,3.986169137144928
case_079,1,1,2,random,,0,0.571,74.984,True,31685145,386269184,375681024,10588160,395620352,,,11,31052251,,0.9800255293135001
case_079,1,1,2,topo,,0,0.122,47.88,True,15450384,34050048,16355328,17694720,43401216,,,8,31052251,,2.0098044812349
case_079,1,1,2,balance,,0,0.755,47.88,True,15450384,34050048,16355328,17694720,43401216,,,8,31052251,,2.0098044812349
case_079,1,1,2,comm,,0,0.196,12.965,True,14723450,36765696,36765696,0,46116864,,,18,31052251,,2.1090336164417987
case_076,1,1,4,random,,0,1.067,136.392,True,7034600,192766024,191942728,823296,197036698,,,21,6185113,,0.8792416057771586
case_076,1,1,4,topo,,0,0.233,34.184,True,6149366,35412992,29423616,5989376,39683666,,,16,6185113,,1.0058131195963942
case_076,1,1,4,balance,,0,0.806,33.477,True,6147566,35412992,29423616,5989376,39683666,,,16,6185113,,1.0061076204793897
case_076,1,1,4,comm,,0,0.38,28.344,True,1635704,63280128,63280128,0,67550802,,,391,6185113,,3.7813155680978956
case_086,1,1,2,random,,0,0.108,2.564,True,126187,1898454,1898454,0,2236476,,,10,118403,,0.938313772417127
case_086,1,1,2,topo,,0,0.031,1.3,True,129346,890886,890886,0,1228908,,,8,118403,,0.9153974610734
case_086,1,1,2,balance,,0,0.032,1.329,True,127546,890886,890886,0,1228908,,,8,118403,,0.9283160585200634
case_086,1,1,2,comm,,0,0.084,2.457,True,103203,1945986,1945986,0,2284008,,,177,118403,,1.1472825402362334
case_085,2,2,3,random,,0,0.332,8.785,True,3205275,5935854,4291432,1644422,7625588,,,17,3187899,,0.9945789362847182
case_085,2,2,3,topo,,0,0.699,7.999,True,3196473,3694732,3694732,0,5384466,,,12,3187899,,0.9973176685678246
case_085,2,2,3,balance,,0,0.129,7.627,True,3197835,2341004,2341004,0,4030738,,,12,3187899,,0.9968928978512025
case_085,2,2,3,comm,,0,0.292,7.24,True,3199676,2473228,2473228,0,4162962,,,36,3187899,,0.9963193148306266
case_085,2,2,4,random,,0,0.331,9.275,True,3306400,8471834,6063628,2408206,10161568,,,20,3187899,,0.9641601137188482
case_085,2,2,4,topo,,0,0.133,7.602,True,3030800,4659730,4659730,0,6349464,,,16,3187899,,1.0518341691962518
case_085,2,2,4,balance,,0,0.128,7.26,True,3152939,3797906,3797906,0,5487640,,,16,3187899,,1.0110880673555689
case_085,2,2,4,comm,,0,0.308,8.042,True,895069,8299154,8299154,0,9988888,,,675,3187899,,3.561623740739541
case_085,1,1,3,random,,0,0.401,10.369,True,3225274,8792602,7792792,999810,10482336,,,17,3187899,,0.9884118372578578
case_085,1,1,3,topo,,0,0.118,10.432,True,3211144,3527104,3527104,0,5216838,,,12,3187899,,0.9927611468062473
case_085,1,1,3,balance,,0,0.14,9.355,True,3207544,3527104,3527104,0,5216838,,,12,3187899,,0.9938753763003719
case_085,1,1,3,comm,,0,0.304,10.971,True,3207599,2479278,2479278,0,4169012,,,36,3187899,,0.9938583345362061
case_085,1,1,5,random,,0,0.404,10.533,True,3358808,12591370,11460100,1131270,14281104,,,28,3187899,,0.9491161745476372
case_085,1,1,5,topo,,0,0.127,7.417,True,3235849,4730478,4730478,0,6420212,,,20,3187899,,0.9851816323938478
case_085,1,1,5,balance,,0,0.124,8.348,True,3232249,4730478,4730478,0,6420212,,,20,3187899,,0.9862789036364463
case_085,1,1,5,comm,,0,0.307,14.339,True,990940,13830658,13830658,0,15520392,,,675,3187899,,3.2170454316103902
case_086,1,1,3,random,,0,0.066,1.823,True,136377,2446600,2446600,0,2784622,,,15,118403,,0.8682035827155605
case_086,1,1,3,topo,,0,0.029,1.2,True,134357,1142426,1142426,0,1480448,,,12,118403,,0.8812566520538565
case_086,1,1,3,balance,,0,0.029,1.894,True,130757,1142426,1142426,0,1480448,,,12,118403,,0.9055193985790436
case_086,1,1,3,comm,,0,0.081,1.787,True,88007,1945986,1945986,0,2284008,,,177,118403,,1.3453816173713455
case_085,2,2,2,random,,0,0.37,10.43,True,3201079,4367946,2789092,1578854,6057680,,,11,3187899,,0.9958826383228905
case_085,2,2,2,topo,,0,0.128,9.208,True,3202362,2452998,2452998,0,4142732,,,8,3187899,,0.9954836461336976
case_085,2,2,2,balance,,0,0.127,8.493,True,3198648,991750,991750,0,2681484,,,8,3187899,,0.9966395176962266
case_085,2,2,2,comm,,0,0.283,8.644,True,3197296,1779718,1779718,0,3469452,,,33,3187899,,0.9970609540061351
case_085,2,2,5,random,,0,0.369,9.703,True,3239595,10655204,9480400,1174804,12344938,,,28,3187899,,0.9840424497506632
case_085,2,2,5,topo,,0,0.125,6.619,True,2678753,5533336,5533336,0,7223070,,,20,3187899,,1.190068289237567
case_085,2,2,5,balance,,0,0.135,7.195,True,2782045,4331288,4331288,0,6021022,,,20,3187899,,1.145883334022275
case_085,2,2,5,comm,,0,0.302,7.664,True,901087,9815448,9815448,0,11505182,,,675,3187899,,3.537837078994592
case_085,3,3,3,random,,0,0.363,9.617,True,3205274,5935854,4291432,1644422,7625588,0.10649226996669661,506890,17,3187899,,0.9945792465792316
case_085,3,3,3,topo,,0,0.138,7.903,True,3196466,3694732,3694732,0,5384466,0.19678393337921687,746246,12,3187899,,0.9973198526122287
case_085,3,3,3,balance,,0,0.163,7.498,True,3197835,2341004,2341004,0,4030738,0.13813516792129885,415628,12,3187899,,0.9968928978512025
case_085,3,3,3,comm,,0,0.35,7.783,True,3199676,2473228,2473228,0,4162962,0.11876439448682617,365196,36,3187899,,0.9963193148306266
case_085,3,3,4,random,,0,0.432,8.774,True,3306374,8471834,6063628,2408206,10161568,0.1262707373086868,754800,20,3187899,,0.9641676954875643
case_085,3,3,4,topo,,0,0.142,7.615,True,3030800,4659730,4659730,0,6349464,0.23871192576756142,1037062,16,3187899,,1.0518341691962518
case_085,3,3,4,balance,,0,0.121,7.466,True,3151856,3797906,3797906,0,5487640,0.2058681436506106,792594,16,3187899,,1.0114354843622297
case_085,3,3,4,comm,,0,0.308,8.339,True,892972,8299154,8299154,0,9988888,0.4555457951215323,3055506,675,3187899,,3.5699876367904033
case_085,1,1,4,random,,0,0.372,10.828,True,3337276,11343114,9298408,2044706,13032848,,,20,3187899,,0.9552398423145104
case_085,1,1,4,topo,,0,0.124,9.448,True,3232536,4137688,4137688,0,5827422,,,16,3187899,,0.9861913370802367
case_085,1,1,4,balance,,0,0.131,8.325,True,3229836,4137688,4137688,0,5827422,,,16,3187899,,0.9870157494064714
case_085,1,1,4,comm,,0,0.324,15.544,True,1043844,13830658,13830658,0,15520392,,,675,3187899,,3.0539994481934083
case_086,1,1,4,random,,0,0.078,2.514,True,142498,2888302,2888302,0,3226324,,,20,118403,,0.8309099075074738
case_086,1,1,4,topo,,0,0.033,1.146,True,138431,1392784,1392784,0,1730806,,,16,118403,,0.8553214236695538
case_086,1,1,4,balance,,0,0.03,1.142,True,135731,1392784,1392784,0,1730806,,,16,118403,,0.8723357228636052
case_086,1,1,4,comm,,0,0.095,1.895,True,76501,1945986,1945986,0,2284008,,,177,118403,,1.5477314022038928
case_086,1,1,5,random,,0,0.072,1.925,True,151022,3494228,3494228,0,3832250,,,28,118403,,0.7840116009588007
case_086,1,1,5,topo,,0,0.037,1.146,True,143519,1650498,1650498,0,1988520,,,20,118403,,0.824998780649252
case_086,1,1,5,balance,,0,0.031,1.157,True,141719,1650498,1650498,0,1988520,,,20,118403,,0.8354772472286708
case_086,1,1,5,comm,,0,0.094,2.742,True,78109,1945986,1945986,0,2284008,,,177,118403,,1.5158688499404678
case_086,2,2,2,random,,0,0.929,1.261,True,121011,420132,389988,30144,758154,,,10,118403,,0.9784482402426226
case_086,2,2,2,topo,,0,0.029,1.075,True,115978,572902,572902,0,910924,,,8,118403,,1.0209091379399542
case_086,2,2,2,balance,,0,0.031,2.036,True,110035,525126,525126,0,863148,,,8,118403,,1.0760485300131777
case_086,2,2,2,comm,,0,0.097,1.204,True,77848,537894,537894,0,875916,,,177,118403,,1.520951084164012
case_086,2,2,3,random,,0,0.099,2.205,True,125851,1509926,1509926,0,1847948,,,15,118403,,0.9408189048954716
case_086,2,2,3,topo,,0,0.032,1.071,True,98544,973420,973420,0,1311442,,,12,118403,,1.2015241922389999
case_086,2,2,3,balance,,0,0.043,1.804,True,103525,756844,756844,0,1094866,,,12,118403,,1.1437140787249456
case_086,2,2,3,comm,,0,0.085,1.134,True,61449,919116,919116,0,1257138,,,177,118403,,1.9268499080538333
case_086,2,2,4,random,,0,0.077,1.583,True,130820,2398282,2398282,0,2736304,,,20,118403,,0.9050833205931814
case_086,2,2,4,topo,,0,0.031,1.666,True,93230,1340210,1340210,0,1678232,,,16,118403,,1.2700096535449963
case_086,2,2,4,balance,,0,0.036,1.064,True,99713,1030898,1030898,0,1368920,,,16,118403,,1.1874379469076248
case_086,2,2,4,comm,,0,0.087,1.848,True,61500,1406322,1406322,0,1744344,,,177,118403,,1.9252520325203253
case_085,3,3,2,random,,0,0.375,11.003,True,3201079,4367946,2789092,1578854,6057680,0.09888718366194141,380934,11,3187899,,0.9958826383228905
case_085,3,3,2,topo,,0,0.13,9.307,True,3202361,2452998,2452998,0,4142732,0.11014855542340722,336002,8,3187899,,0.9954839569929811
case_085,3,3,2,balance,,0,0.113,8.524,True,3198648,991750,991750,0,2681484,0.05731588193766103,126976,8,3187899,,0.9966395176962266
case_085,3,3,2,comm,,0,1.043,9.136,True,3197296,1779718,1779718,0,3469452,0.09792897860990533,262150,33,3187899,,0.9970609540061351
case_086,2,2,5,random,,0,0.086,1.523,True,133983,2757774,2757774,0,3095796,,,28,118403,,0.8837165909107871
case_086,2,2,5,topo,,0,0.032,1.15,True,97991,1725112,1725112,0,2063134,,,20,118403,,1.2083048443224378
case_086,2,2,5,balance,,0,0.039,1.92,True,107108,1452662,1452662,0,1790684,,,20,118403,,1.1054543078014714
case_086,2,2,5,comm,,0,0.089,1.2,True,63809,1895832,1895832,0,2233854,,,177,118403,,1.8555846353962606
case_086,3,3,2,random,,0,0.085,1.145,True,121011,420132,389988,30144,758154,0.04246066989242953,23044,10,118403,,0.9784482402426226
case_086,3,3,2,topo,,0,0.028,1.174,True,115978,572902,572902,0,910924,0.17858406230701435,119142,8,118403,,1.0209091379399542
case_086,3,3,2,balance,,0,0.031,2.222,True,110035,525126,525126,0,863148,0.15324524934981112,96870,8,118403,,1.0760485300131777
case_086,3,3,2,comm,,0,0.09,1.238,True,77857,537894,537894,0,875916,0.1951311273835086,127590,177,118403,,1.520775267477555
case_086,3,3,3,random,,0,0.082,1.37,True,125850,1509926,1509926,0,1847948,0.06806794551786896,74502,15,118403,,0.9408263806118395
case_086,3,3,3,topo,,0,0.033,1.949,True,98519,973420,973420,0,1311442,0.26511266235852127,239340,12,118403,,1.201829088805205
case_086,3,3,3,balance,,0,0.045,1.081,True,103423,756844,756844,0,1094866,0.2837261377407363,221484,12,118403,,1.144842056409116
case_086,3,3,3,comm,,0,0.087,1.251,True,60410,919116,919116,0,1257138,0.32068958214202514,272556,177,118403,,1.959990067869558
case_086,3,3,4,random,,0,0.084,1.658,True,130657,2398282,2398282,0,2736304,0.15556511616136054,245880,20,118403,,0.9062124493903886
case_086,3,3,4,topo,,0,0.044,1.107,True,91341,1340210,1340210,0,1678232,0.4238647400378711,485298,16,118403,,1.2962744003240605
case_086,3,3,4,balance,,0,0.033,2.139,True,99448,1030898,1030898,0,1368920,0.34287911268524557,323730,16,118403,,1.1906021237229507
case_086,3,3,4,comm,,0,0.1,1.266,True,58566,1406322,1406322,0,1744344,0.45992412260505716,551346,177,118403,,2.021702011405935
case_085,1,1,2,random,,0,0.352,13.943,True,3259947,7026474,5846824,1179650,8716208,,,11,3187899,,0.9778990271927733
case_085,1,1,2,topo,,0,0.122,12.945,True,3211476,2497450,2497450,0,4187184,,,8,3187899,,0.9926585158973631
case_085,1,1,2,balance,,0,0.13,11.841,True,3207876,2497450,2497450,0,4187184,,,8,3187899,,0.993772514897708
case_085,1,1,2,comm,,0,0.281,15.728,True,3204448,1787038,1787038,0,3476772,,,33,3187899,,0.9948356159937687
case_086,3,3,5,random,,0,0.099,1.759,True,133749,2757774,2757774,0,3095796,0.16816869357522288,297966,28,118403,,0.885262693552849
case_086,3,3,5,topo,,0,0.037,1.257,True,96386,1725112,1725112,0,2063134,0.4480489536594471,612120,20,118403,,1.2284252899798727
case_086,3,3,5,balance,,0,0.03,2.484,True,106173,1452662,1452662,0,1790684,0.41191317432196634,493846,20,118403,,1.1151893607602685
case_086,3,3,5,comm,,0,0.108,1.256,True,58568,1895832,1895832,0,2233854,0.5583856724830173,836952,177,118403,,2.021632973637481
case_085,3,3,5,random,,0,0.944,9.137,True,3239420,10655204,9480400,1174804,12344938,0.12141988698282176,863046,28,3187899,,0.9840956097079107
case_085,3,3,5,topo,,0,0.745,7.122,True,2678753,5533336,5533336,0,7223070,0.27503719629181583,1340940,20,3187899,,1.190068289237567
case_085,3,3,5,balance,,0,0.112,7.404,True,2780557,4331288,4331288,0,6021022,0.21496331751701486,899468,20,3187899,,1.146496547274521
case_085,3,3,5,comm,,0,0.326,9.856,True,895858,9815448,9815448,0,11505182,0.46436258041887424,3595800,675,3187899,,3.5584869477082304
case_088,1,1,2,random,,0,0.057,0.875,True,246594,1510020,1510020,0,3339818,,,11,243623,,0.9879518560873338
case_088,1,1,2,topo,,0,0.022,0.743,True,253771,996802,996802,0,2826600,,,8,243623,,0.960011191192059
case_088,1,1,2,balance,,0,0.022,0.733,True,251971,996802,996802,0,2826600,,,8,243623,,0.9668692032019558
case_088,1,1,2,comm,,0,0.058,1.322,True,208767,2467514,2467514,0,4297312,,,218,243623,,1.1669612534548084
case_088,1,1,3,random,,0,0.043,0.927,True,250784,1775360,1775360,0,3605158,,,16,243623,,0.9714455467653439
case_088,1,1,3,topo,,0,0.019,0.753,True,258934,1276754,1276754,0,3106552,,,12,243623,,0.9408691017788317
case_088,1,1,3,balance,,0,0.025,1.609,True,257134,1276754,1276754,0,3106552,,,12,243623,,0.9474554123530922
case_088,1,1,3,comm,,0,0.061,1.283,True,161374,2467514,2467514,0,4297312,,,218,243623,,1.509679378338518
case_088,1,1,4,random,,0,0.049,1.018,True,261502,2505830,2505830,0,4335628,,,22,243623,,0.9316295860069904
case_088,1,1,4,topo,,0,0.013,0.595,True,263945,1557764,1557764,0,3387562,,,16,243623,,0.9230066869991854
case_088,1,1,4,balance,,0,0.011,0.489,True,258545,1557764,1557764,0,3387562,,,16,243623,,0.9422847086580672
case_088,1,1,4,comm,,0,0.056,1.048,True,151516,2467514,2467514,0,4297312,,,218,243623,,1.607902795744344
case_088,1,1,5,random,,0,0.049,1.322,True,261303,2671800,2671800,0,4501598,,,26,243623,,0.9323390852764798
case_088,1,1,5,topo,,0,0.018,0.598,True,264924,1731406,1731406,0,3561204,,,20,243623,,0.9195958086092615
case_088,1,1,5,balance,,0,0.024,0.697,True,264024,1731406,1731406,0,3561204,,,20,243623,,0.922730509347635
case_088,1,1,5,comm,,0,0.062,1.013,True,133552,2467514,2467514,0,4297312,,,218,243623,,1.8241808434167965
case_088,2,2,2,random,,0,0.031,1.168,True,243572,563082,345476,217606,2392880,,,11,243623,,1.0002093836730002
case_088,2,2,2,topo,,0,0.019,0.644,True,214568,850662,850662,0,2680460,,,8,243623,,1.1354116177622013
case_088,2,2,2,balance,,0,0.013,0.684,True,214467,600230,600230,0,2430028,,,8,243623,,1.1359463227442916
case_088,2,2,2,comm,,0,0.044,0.678,True,168696,1049798,1049798,0,2879596,,,218,243623,,1.4441539811258122
case_076,1,1,3,random,,0,1.719,173.742,True,6984430,182770212,180102692,2667520,187040886,,,16,6185113,,0.8855573038887926
case_076,1,1,3,topo,,0,0.249,46.771,True,6155377,32909504,23940288,8969216,37180178,,,12,6185113,,1.004830898253673
case_076,1,1,3,balance,,0,0.228,46.458,True,6155377,32909504,23940288,8969216,37180178,,,12,6185113,,1.004830898253673
case_076,1,1,3,comm,,0,0.344,22.675,True,2133340,63280128,63280128,0,67550802,,,391,6185113,,2.899262658554192
case_088,2,2,3,random,,0,0.05,1.012,True,236523,1230626,1186592,44034,3060424,,,16,243623,,1.0300182223293295
case_088,2,2,3,topo,,0,0.018,0.642,True,208024,1319404,1319404,0,3149202,,,12,243623,,1.1711292927739108
case_088,2,2,3,balance,,0,0.011,0.638,True,209163,1219052,1219052,0,3048850,,,12,243623,,1.1647518920650402
case_088,2,2,3,comm,,0,0.059,1.036,True,115137,1542540,1542540,0,3372338,,,218,243623,,2.1159401408756526
case_072,1,1,2,random,,0,1.811,138.024,True,25160715,326551720,276480736,50070984,337654904,,,11,23897828,,0.9498071895015702
case_072,1,1,2,topo,,0,1.0,80.342,True,23824668,111013936,45260800,65753136,122117120,,,8,23897828,,1.0030707668203394
case_072,1,1,2,balance,,0,0.176,81.834,True,23820168,111013936,45260800,65753136,122117120,,,8,23897828,,1.0032602624800966
case_072,1,1,2,comm,,0,0.328,56.151,True,12418074,88018992,67829760,20189232,99122176,,,26,23897828,,1.9244391682639352
case_088,2,2,4,random,,0,0.035,0.852,True,243702,2245948,2245948,0,4075746,,,22,243623,,0.9996758336000525
case_088,2,2,4,topo,,0,0.013,0.761,True,186328,1675478,1675478,0,3505276,,,16,243623,,1.3074953844832768
case_088,2,2,4,balance,,0,0.033,1.445,True,213198,1254934,1254934,0,3084732,,,16,243623,,1.1427077177084213
case_088,2,2,4,comm,,0,0.062,0.852,True,115312,2275410,2275410,0,4105208,,,218,243623,,2.1127289440821424
case_087,2,2,4,random,,0,0.555,13.278,True,4121748,42160226,34279684,7880542,48079324,,,21,3974071,,0.964171269082923
case_087,2,2,4,topo,,0,0.208,7.856,True,3043152,13637422,7623982,6013440,19556520,,,16,3974071,,1.305906178856659
case_087,2,2,4,balance,,0,0.097,6.723,True,3664858,13139272,6218056,6921216,19058370,,,16,3974071,,1.084372436803827
case_087,2,2,4,comm,,0,0.412,7.941,True,1201259,21887004,15408156,6478848,27806102,,,1060,3974071,,3.3082549225437643
case_088,2,2,5,random,,0,0.041,1.058,True,234336,2305364,2305364,0,4135162,,,26,243623,,1.0396311279530248
case_088,2,2,5,topo,,0,0.03,0.743,True,205119,1891866,1891866,0,3721664,,,20,243623,,1.18771542372964
case_088,2,2,5,balance,,0,0.021,1.561,True,217790,1525020,1525020,0,3354818,,,20,243623,,1.1186142614445107
case_088,2,2,5,comm,,0,0.059,0.857,True,102294,2451224,2451224,0,4281022,,,218,243623,,2.381596183549377
case_087,2,2,5,random,,0,0.66,12.731,True,4129767,44494392,38475620,6018772,50413490,,,26,3974071,,0.9622990837013323
case_087,2,2,5,topo,,0,1.148,7.471,True,3265947,14288874,8966442,5322432,20207972,,,20,3974071,,1.2168204199272064
case_087,2,2,5,balance,,0,0.133,6.101,True,3725376,13330410,8376618,4953792,19249508,,,20,3974071,,1.0667570199625487
case_087,2,2,5,comm,,0,0.395,9.83,True,1071755,24989240,19961912,5027328,30908338,,,1060,3974071,,3.708003228349763
case_087,2,2,3,random,,0,0.618,13.637,True,4063455,36557138,23608976,12948162,42476236,,,15,3974071,,0.978002955612896
case_087,2,2,3,topo,,0,0.183,9.307,True,2777270,13081404,5457916,7623488,19000502,,,12,3974071,,1.4309271334800002
case_087,2,2,3,balance,,0,0.149,7.523,True,2774149,13440630,5434678,8005952,19359728,,,12,3974071,,1.432536968994816
case_087,2,2,3,comm,,0,0.795,8.767,True,1544413,17650752,9780288,7870464,23569850,,,1060,3974071,,2.573191885849187
case_088,3,3,2,random,,0,0.067,1.566,True,243572,563082,345476,217606,2392880,0.02774163112981499,59394,11,243623,,1.0002093836730002
case_088,3,3,2,topo,,0,0.026,0.79,True,214568,850662,850662,0,2680460,0.1875239111774105,466630,8,243623,,1.1354116177622013
case_088,3,3,2,balance,,0,0.021,0.65,True,214467,600230,600230,0,2430028,0.12177017965296959,276166,8,243623,,1.1359463227442916
case_088,3,3,2,comm,,0,0.041,0.875,True,168695,1049798,1049798,0,2879596,0.10353027159141315,278214,218,243623,,1.4441625418654969
case_087,3,3,4,random,,0,1.833,13.146,True,4120474,42160226,34279684,7880542,48079324,0.0473685955494739,1445872,21,3974071,,0.9644693790083374
case_087,3,3,4,topo,,0,0.218,7.282,True,3021322,13637422,7623982,6013440,19556520,0.24084157465087164,4527088,16,3974071,,1.3153417609907185
case_087,3,3,4,balance,,0,0.122,6.488,True,3645377,13139272,6218056,6921216,19058370,0.23935847684383632,4410156,16,3974071,,1.0901673544327515
case_087,3,3,4,comm,,0,0.852,8.735,True,1184393,21887004,15408156,6478848,27806102,0.3971749030979334,10021792,1060,3974071,,3.355365153289491
case_088,3,3,3,random,,0,0.055,0.983,True,236453,1230626,1186592,44034,3060424,0.08076319505376141,205448,16,243623,,1.0303231509010247
case_088,3,3,3,topo,,0,0.02,1.178,True,207938,1319404,1319404,0,3149202,0.27907731175872086,794892,12,243623,,1.171613654069963
case_088,3,3,3,balance,,0,0.011,0.605,True,209132,1219052,1219052,0,3048850,0.270230088851163,753228,12,243623,,1.1649245452632786
case_088,3,3,3,comm,,0,0.041,0.565,True,114083,1542540,1542540,0,3372338,0.1085292712561515,330316,218,243623,,2.135489073744554
case_087,3,3,5,random,,0,0.616,13.774,True,4128734,44494392,38475620,6018772,50413490,0.0477376457828219,1502726,26,3974071,,0.962539848776889
case_087,3,3,5,topo,,0,1.302,6.305,True,3233123,14288874,8966442,5322432,20207972,0.2960761125847715,5708804,20,3974071,,1.2291740833862492
case_087,3,3,5,balance,,0,0.102,6.581,True,3706058,13330410,8376618,4953792,19249508,0.28458094135592915,5260296,20,3974071,,1.0723175406321217
case_087,3,3,5,comm,,0,0.437,9.859,True,1034110,24989240,19961912,5027328,30908338,0.43612011255621236,11940236,1060,3974071,,3.8429867228824786
case_089,1,1,2,random,,0,0.064,1.123,True,698185,3021032,3021032,0,3587432,,,10,693092,,0.9927053717854151
case_089,1,1,2,topo,,0,0.015,0.818,True,348428,1671040,1671040,0,2237440,,,8,693092,,1.989197194255341
case_089,1,1,2,balance,,0,0.015,0.818,True,348428,1671040,1671040,0,2237440,,,8,693092,,1.989197194255341
case_089,1,1,2,comm,,0,0.035,1.181,True,356940,9310080,9310080,0,9876480,,,40,693092,,1.941760519975346
case_088,3,3,4,random,,0,0.058,1.913,True,243340,2245948,2245948,0,4075746,0.12178842754287596,380156,22,243623,,1.001162981836114
case_088,3,3,4,topo,,0,0.013,0.532,True,186274,1675478,1675478,0,3505276,0.3199863432764885,989712,16,243623,,1.3078744215510485
case_088,3,3,4,balance,,0,0.021,0.522,True,212591,1254934,1254934,0,3084732,0.26636628054078054,747468,16,243623,,1.1459704314858108
case_088,3,3,4,comm,,0,0.034,0.615,True,110218,2275410,2275410,0,4105208,0.2019080316339297,741714,218,243623,,2.210373986100274
case_087,3,3,3,random,,0,1.675,12.779,True,4062701,36557138,23608976,12948162,42476236,0.036717233149101865,1010156,15,3974071,,0.9781844639809821
case_087,3,3,3,topo,,0,0.169,7.997,True,2760642,13081404,5457916,7623488,19000502,0.25170579350693906,4614550,12,3974071,,1.4395459461965732
case_087,3,3,3,balance,,0,0.567,7.748,True,2753454,13440630,5434678,8005952,19359728,0.2562362456998419,4789654,12,3974071,,1.4433039375271932
case_087,3,3,3,comm,,0,0.311,8.869,True,1538579,17650752,9780288,7870464,23569850,0.36516254027983674,7884388,1060,3974071,,2.58294894184829
case_088,3,3,5,random,,0,0.047,0.945,True,234124,2305364,2305364,0,4135162,0.135931839628865,432714,26,243623,,1.0405725171276758
case_088,3,3,5,topo,,0,0.021,0.928,True,204607,1891866,1891866,0,3721664,0.33891166450621907,1099666,20,243623,,1.1906875131349368
case_088,3,3,5,balance,,0,0.013,0.57,True,217596,1525020,1525020,0,3354818,0.2821672094960151,833426,20,243623,,1.1196115737421644
case_088,3,3,5,comm,,0,0.05,0.669,True,96150,2451224,2451224,0,4281022,0.1795418353701818,675352,218,243623,,2.533780551222049
case_089,2,2,2,random,,0,0.05,1.175,True,656281,1476608,1476608,0,2043008,,,10,693092,,1.0560903027818875
case_089,2,2,2,topo,,0,0.015,0.796,True,346832,238720,238720,0,805120,,,8,693092,,1.998350786547954
case_089,2,2,2,balance,,0,0.019,0.796,True,346832,238720,238720,0,805120,,,8,693092,,1.998350786547954
case_089,2,2,2,comm,,0,0.039,2.147,True,346832,238720,238720,0,805120,,,40,693092,,1.998350786547954
case_089,1,1,5,random,,0,0.049,1.304,True,703731,6358224,6358224,0,6924624,,,25,693092,,0.9848820074716049
case_089,1,1,5,topo,,0,0.017,0.764,True,174348,4535680,4535680,0,5102080,,,20,693092,,3.9753366829559273
case_089,1,1,5,balance,,0,0.028,0.764,True,174348,4535680,4535680,0,5102080,,,20,693092,,3.9753366829559273
case_089,1,1,5,comm,,0,0.041,2.106,True,210236,9310080,9310080,0,9876480,,,40,693092,,3.2967331950760097
case_089,2,2,5,random,,0,0.503,1.14,True,632604,4993544,4993544,0,5559944,,,25,693092,,1.0956174794974423
case_089,2,2,5,topo,,0,0.017,0.609,True,147432,954880,954880,0,1521280,,,20,693092,,4.701096098540344
case_089,2,2,5,balance,,0,0.015,0.609,True,147432,954880,954880,0,1521280,,,20,693092,,4.701096098540344
case_089,2,2,5,comm,,0,0.027,0.852,True,147432,954880,954880,0,1521280,,,40,693092,,4.701096098540344
case_089,3,3,2,random,,0,0.075,1.359,True,655531,1476608,1476608,0,2043008,0.18859871964231278,237568,10,693092,,1.0572985869470704
case_089,3,3,2,topo,,0,0.022,0.837,True,346832,238720,238720,0,805120,0.0,0,8,693092,,1.998350786547954
case_089,3,3,2,balance,,0,0.016,0.837,True,346832,238720,238720,0,805120,0.0,0,8,693092,,1.998350786547954
case_089,3,3,2,comm,,0,0.027,2.14,True,346832,238720,238720,0,805120,0.0,0,40,693092,,1.998350786547954
case_089,1,1,3,random,,0,0.081,1.19,True,698560,4513992,4513992,0,5080392,,,16,693092,,0.9921724690792487
case_089,1,1,3,topo,,0,0.032,1.038,True,707352,2799488,2799488,0,3365888,,,12,693092,,0.9798403058166231
case_089,1,1,3,balance,,0,0.016,1.431,True,704652,2799488,2799488,0,3365888,,,12,693092,,0.9835947389633465
case_089,1,1,3,comm,,0,0.028,1.19,True,260608,9310080,9310080,0,9876480,,,40,693092,,2.6595192779960706
case_089,1,1,4,random,,0,0.056,1.292,True,700355,5483976,5483976,0,6050376,,,20,693092,,0.989629545016456
case_089,1,1,4,topo,,0,0.016,0.886,True,712891,3810688,3810688,0,4377088,,,16,693092,,0.9722271707736526
case_089,1,1,4,balance,,0,0.015,1.468,True,711991,3810688,3810688,0,4377088,,,16,693092,,0.9734561251476493
case_089,1,1,4,comm,,0,0.029,2.391,True,223700,9310080,9310080,0,9876480,,,40,693092,,3.098310236924452
case_089,2,2,3,random,,0,0.049,0.821,True,654662,3068240,3068240,0,3634640,,,16,693092,,1.0587020477742712
case_089,2,2,3,topo,,0,0.015,1.37,True,249640,651008,651008,0,1217408,,,12,693092,,2.776365966992469
case_089,2,2,3,balance,,0,0.016,0.642,True,382778,601856,601856,0,1168256,,,12,693092,,1.810689224563585
case_089,2,2,3,comm,,0,0.055,0.959,True,243614,477440,477440,0,1043840,,,40,693092,,2.8450417463692563
case_089,2,2,4,random,,0,0.064,1.031,True,635512,3944864,3944864,0,4511264,,,20,693092,,1.0906041113307066
case_089,2,2,4,topo,,0,0.015,1.379,True,307611,946048,946048,0,1512448,,,16,693092,,2.2531443934059574
case_089,2,2,4,balance,,0,0.021,0.716,True,355418,929664,929664,0,1496064,,,16,693092,,1.9500756855308397
case_089,2,2,4,comm,,0,0.032,0.913,True,178160,716160,716160,0,1282560,,,40,693092,,3.8902784014369107
case_090,1,1,2,random,,0,0.015,0.357,True,1050759,13870968,5001720,8869248,16099320,,,11,1178363,,1.1214398353951762
case_090,1,1,2,topo,,0,0.009,0.313,True,1125692,22491624,15128448,7363176,24719976,,,8,1178363,,1.0467898856880924
case_090,1,1,2,balance,,0,0.01,0.367,True,1121192,22491624,15128448,7363176,24719976,,,8,1178363,,1.0509912664378627
case_090,1,1,2,comm,,0,0.017,0.361,True,679752,25781760,25781760,0,28010112,,,13,1178363,,1.7335189892784428
case_090,1,1,3,random,,0,0.016,0.286,True,1037060,13249392,6545904,6703488,15477744,,,16,1178363,,1.1362534472450967
case_090,1,1,3,topo,,0,0.006,0.349,True,1047674,24596352,23766912,829440,26824704,,,12,1178363,,1.1247420476216838
case_090,1,1,3,balance,,0,0.009,0.324,True,1045874,24596352,23766912,829440,26824704,,,12,1178363,,1.1266777833658739
case_090,1,1,3,comm,,0,0.018,0.413,True,589444,25781760,25781760,0,28010112,,,13,1178363,,1.999109330148411
case_090,1,1,4,random,,0,0.027,0.401,True,1013853,13552968,8074824,5478144,15781320,,,21,1178363,,1.162262181992853
case_090,1,1,4,topo,,0,0.006,0.332,True,1040467,25973376,25973376,0,28201728,,,16,1178363,,1.1325327953697715
case_090,1,1,4,balance,,0,0.01,0.369,True,1039567,25973376,25973376,0,28201728,,,16,1178363,,1.1335132800483279
case_090,1,1,4,comm,,0,0.011,0.426,True,565296,25781760,25781760,0,28010112,,,13,1178363,,2.084506170218788
case_090,2,2,2,random,,0,0.018,0.363,True,1016786,13152960,2255712,10897248,15381312,,,11,1178363,,1.1589095443879047
case_090,2,2,2,topo,,0,0.01,0.319,True,790493,20901744,2237568,18664176,23130096,,,8,1178363,,1.4906684815678317
case_090,2,2,2,balance,,0,0.005,0.313,True,971226,21508584,2173056,19335528,23736936,,,8,1178363,,1.2132737385531276
case_090,2,2,2,comm,,0,0.011,0.442,True,769224,21498480,2148480,19350000,23726832,,,13,1178363,,1.5318853805913493
case_089,3,3,3,random,,0,0.063,1.23,True,654373,3068240,3068240,0,3634640,0.22259199952773454,482640,16,693092,,1.0591696173283434
case_089,3,3,3,topo,,0,0.017,0.767,True,249640,651008,651008,0,1217408,0.0,0,12,693092,,2.776365966992469
case_089,3,3,3,balance,,0,0.016,1.28,True,382778,601856,601856,0,1168256,0.0,0,12,693092,,1.810689224563585
case_089,3,3,3,comm,,0,0.038,0.95,True,243614,477440,477440,0,1043840,0.0,0,40,693092,,2.8450417463692563
case_090,2,2,3,random,,0,0.015,0.225,True,950504,12760368,3466128,9294240,14988720,,,16,1178363,,1.2397243988452442
case_090,2,2,3,topo,,0,0.005,0.259,True,848328,24327888,4430592,19897296,26556240,,,12,1178363,,1.3890417385728162
case_090,2,2,3,balance,,0,0.006,0.313,True,854992,23898360,4406016,19492344,26126712,,,12,1178363,,1.3782152347624306
case_090,2,2,3,comm,,0,0.011,0.394,True,657430,21438504,4296960,17141544,23666856,,,13,1178363,,1.7923778957455547
case_087,2,2,2,random,,0,0.611,14.273,True,4009519,36192070,10324640,25867430,42111168,,,10,3974071,,0.9911590392762822
case_087,2,2,2,topo,,0,0.166,8.832,True,2877924,11425244,2932700,8492544,17344342,,,8,3974071,,1.3808811490504962
case_087,2,2,2,balance,,0,0.127,6.255,True,3118990,11423158,2400694,9022464,17342256,,,8,3974071,,1.2741531713791965
case_087,2,2,2,comm,,0,0.993,15.903,True,2650429,10201462,2151286,8050176,16120560,,,212,3974071,,1.4994066998210478
case_089,3,3,5,random,,0,0.051,1.618,True,632005,4993544,4993544,0,5559944,0.2753679606867798,916744,25,693092,,1.0966558808870184
case_089,3,3,5,topo,,0,0.023,0.805,True,147432,954880,954880,0,1521280,0.0,0,20,693092,,4.701096098540344
case_089,3,3,5,balance,,0,0.03,0.805,True,147432,954880,954880,0,1521280,0.0,0,20,693092,,4.701096098540344
case_089,3,3,5,comm,,0,0.051,1.967,True,147432,954880,954880,0,1521280,0.0,0,40,693092,,4.701096098540344
case_090,1,1,5,random,,0,0.018,0.403,True,1004166,13760424,11429928,2330496,15988776,,,27,1178363,,1.173474306041033
case_090,1,1,5,topo,,0,0.01,0.358,True,1043864,26009472,26009472,0,28237824,,,20,1178363,,1.1288472444686282
case_090,1,1,5,balance,,0,0.005,0.293,True,1042064,26009472,26009472,0,28237824,,,20,1178363,,1.1307971487355863
case_090,1,1,5,comm,,0,0.018,0.754,True,990746,26625408,26625408,0,28853760,,,325,1178363,,1.1893694246557645
case_090,3,3,2,random,,0,0.011,0.227,True,952008,13152960,2255712,10897248,15381312,0.443970967578777,6741312,11,1178363,,1.2377658591104277
case_090,3,3,2,topo,,0,0.009,0.32,True,752585,20901744,2237568,18664176,23130096,0.17077116476295506,3931920,8,1178363,,1.5657540344280048
case_090,3,3,2,balance,,0,0.009,0.42,True,969589,21508584,2173056,19335528,23736936,0.01338308523344797,316512,8,1178363,,1.215322162277006
case_090,3,3,2,comm,,0,0.018,0.42,True,763401,21498480,2148480,19350000,23726832,0.020732303907339482,490248,13,1178363,,1.5435701551347194
case_090,2,2,4,random,,0,0.012,0.678,True,921394,12222528,4053504,8169024,14450880,,,21,1178363,,1.2788915491092845
case_090,2,2,4,topo,,0,0.006,0.361,True,800439,25734408,6637056,19097352,27962760,,,16,1178363,,1.472145909931925
case_090,2,2,4,balance,,0,0.012,0.384,True,938310,23574960,6624768,16950192,25803312,,,16,1178363,,1.2558354914687044
case_090,2,2,4,comm,,0,0.02,0.374,True,608275,21392136,6445440,14946696,23620488,,,13,1178363,,1.9372208293945994
case_090,2,2,5,random,,0,0.016,0.385,True,904743,12887712,7142688,5745024,15116064,,,27,1178363,,1.3024284244254998
case_090,2,2,5,topo,,0,0.005,0.308,True,790777,28450680,8821632,19629048,30679032,,,20,1178363,,1.490133122232943
case_090,2,2,5,balance,,0,0.005,0.369,True,727646,27480240,8803200,18677040,29708592,,,20,1178363,,1.6194179587326805
case_090,2,2,5,comm,,0,0.029,0.438,True,870771,21604536,9422592,12181944,23832888,,,325,1178363,,1.3532409783973054
case_090,3,3,4,random,,0,0.02,0.357,True,884131,12222528,4053504,8169024,14450880,0.508653385363182,7132704,21,1178363,,1.3327923124514354
case_090,3,3,4,topo,,0,0.009,0.411,True,729183,25734408,6637056,19097352,27962760,0.21274595462696144,5919840,16,1178363,,1.6160044872137722
case_090,3,3,4,balance,,0,0.01,0.36,True,878000,23574960,6624768,16950192,25803312,0.21742900599980916,5578536,16,1178363,,1.342099088838269
case_090,3,3,4,comm,,0,0.021,0.414,True,604430,21392136,6445440,14946696,23620488,0.004547569285022748,107208,13,1178363,,1.9495441986665123
case_090,3,3,5,random,,0,0.011,0.356,True,867836,12887712,7142688,5745024,15116064,0.3731510903529692,5422560,27,1178363,,1.3578176060914735
case_090,3,3,5,topo,,0,0.02,0.377,True,738392,28450680,8821632,19629048,30679032,0.198515447508668,6058512,20,1178363,,1.5958501717245042
case_090,3,3,5,balance,,0,0.009,0.405,True,666141,27480240,8803200,18677040,29708592,0.12240055736272588,3617712,20,1178363,,1.7689393086448664
case_090,3,3,5,comm,,0,0.035,0.688,True,861072,21604536,9422592,12181944,23832888,0.09055632344553662,2114856,325,1178363,,1.3684837040340412
case_089,3,3,4,random,,0,0.064,1.48,True,634840,3944864,3944864,0,4511264,0.26162018592297476,712352,20,693092,,1.0917585533362737
case_089,3,3,4,topo,,0,0.029,0.757,True,307611,946048,946048,0,1512448,0.0,0,16,693092,,2.2531443934059574
case_089,3,3,4,balance,,0,0.015,1.677,True,355418,929664,929664,0,1496064,0.0,0,16,693092,,1.9500756855308397
case_089,3,3,4,comm,,0,0.055,1.751,True,178160,716160,716160,0,1282560,0.0,0,40,693092,,3.8902784014369107
case_090,3,3,3,random,,0,0.012,0.321,True,900689,12760368,3466128,9294240,14988720,0.4141255642183012,6055344,16,1178363,,1.3082906530445026
case_090,3,3,3,topo,,0,0.009,0.38,True,829226,24327888,4430592,19897296,26556240,0.06263264820742231,1655904,12,1178363,,1.4210396200794475
case_090,3,3,3,balance,,0,0.008,1.804,True,819483,23898360,4406016,19492344,26126712,0.12901615458648338,3355608,12,1178363,,1.4379346490409197
case_090,3,3,3,comm,,0,0.016,0.451,True,653823,21438504,4296960,17141544,23666856,0.003916644212731127,92448,13,1178363,,1.8022660567156554
case_087,3,3,2,random,,0,0.567,14.728,True,4006450,36192070,10324640,25867430,42111168,0.08086375697009207,2277120,10,3974071,,0.9919182817706448
case_087,3,3,2,topo,,0,0.172,7.839,True,2862139,11425244,2932700,8492544,17344342,0.1707991862666235,2899584,8,3974071,,1.3884968549745487
case_087,3,3,2,balance,,0,0.1,6.896,True,3098826,11423158,2400694,9022464,17342256,0.249936817342761,4282134,8,3974071,,1.2824440610734518
case_087,3,3,2,comm,,0,0.356,17.222,True,2644756,10201462,2151286,8050176,16120560,0.20341979303815305,3267072,212,3974071,,1.502622926273728
case_087,1,1,5,random,,0,0.66,23.443,True,4184987,45108584,43444520,1664064,51027682,,,26,3974071,,0.9496017550353203
case_087,1,1,5,topo,,0,0.651,18.687,True,3948744,15348330,15306858,41472,21267428,,,20,3974071,,1.006413938204148
case_087,1,1,5,balance,,0,0.159,19.106,True,3944244,15348330,15306858,41472,21267428,,,20,3974071,,1.0075621589333723
case_087,1,1,5,comm,,0,0.486,27.658,True,1188255,38614404,38614404,0,44533502,,,1060,3974071,,3.344459732969775
case_087,1,1,4,random,,0,1.799,25.096,True,4133873,42130958,40122382,2008576,48050056,,,21,3974071,,0.961343273003307
case_087,1,1,4,topo,,0,0.112,22.707,True,3951350,13674286,13582126,92160,19593384,,,16,3974071,,1.0057501866450707
case_087,1,1,4,balance,,0,0.196,23.985,True,3946850,13674286,13582126,92160,19593384,,,16,3974071,,1.0068968924585429
case_087,1,1,4,comm,,0,0.617,30.93,True,1355471,38614404,38614404,0,44533502,,,1060,3974071,,2.931874602997777
case_091,2,2,3,random,,0,0.943,23.037,True,9845833,209586796,107383820,102202976,216164452,,,16,9186769,,0.9330616312504996
case_091,2,2,3,topo,,0,0.216,12.036,True,8086705,67327104,11128320,56198784,73904760,,,12,9186769,,1.1360336502939083
case_091,2,2,3,balance,,0,0.145,14.793,True,8622565,66417792,11292672,55125120,72995448,,,12,9186769,,1.0654334296117223
case_091,2,2,3,comm,,0,0.334,14.32,True,3281836,61952640,11046912,50905728,68530296,,,509,9186769,,2.799277294782555
case_091,2,2,2,random,,0,2.126,23.921,True,9796010,196751464,85151080,111600384,203329120,,,10,9186769,,0.9378072296782057
case_091,2,2,2,topo,,0,0.212,11.025,True,7331325,63525504,5677056,57848448,70103160,,,8,9186769,,1.2530844015235991
case_091,2,2,2,balance,,0,0.163,14.215,True,8301762,63371904,5469696,57902208,69949560,,,8,9186769,,1.1066047183718348
case_091,2,2,2,comm,,0,0.331,16.187,True,4702158,52556928,5523456,47033472,59134584,,,509,9186769,,1.9537346469429568
case_091,3,3,2,random,,0,1.494,25.016,True,9779457,196751464,85151080,111600384,203329120,0.01874391533481879,2555520,10,9186769,,0.9393945901086328
case_091,3,3,2,topo,,0,0.215,10.868,True,7316310,63525504,5677056,57848448,70103160,0.09146589044778904,6401184,8,9186769,,1.255656061593891
case_091,3,3,2,balance,,0,0.122,15.867,True,8295109,63371904,5469696,57902208,69949560,0.07948258389181799,5551552,8,9186769,,1.1074922583898537
case_091,3,3,2,comm,,0,0.295,16.227,True,4700977,52556928,5523456,47033472,59134584,0.0633939189145282,3746112,509,9186769,,1.9542254727049293
case_091,2,2,5,random,,0,1.085,27.29,True,9212966,220894564,148150148,72744416,227472220,,,27,9186769,,0.9971565074700156
case_091,2,2,5,topo,,0,0.161,10.268,True,8262342,68770944,20324352,48446592,75348600,,,20,9186769,,1.1118843785454535
case_091,2,2,5,balance,,0,0.218,15.513,True,8503037,67734144,20610048,47124096,74311800,,,20,9186769,,1.0804103286860918
case_091,2,2,5,comm,,0,0.378,15.436,True,2148311,71673984,22093824,49580160,78251640,,,509,9186769,,4.276275176173282
case_091,2,2,4,random,,0,1.046,26.37,True,9394185,217950156,131143180,86806976,224527812,,,21,9186769,,0.9779208095220607
case_091,2,2,4,topo,,0,0.204,10.789,True,7078059,69569664,15745536,53824128,76147320,,,16,9186769,,1.2979220715735769
case_091,2,2,4,balance,,0,0.204,15.441,True,7605436,68529792,16112640,52417152,75107448,,,16,9186769,,1.2079214130524536
case_091,2,2,4,comm,,0,0.97,15.934,True,2534148,68271744,16570368,51701376,74849400,,,509,9186769,,3.62519039929791
case_091,3,3,3,random,,0,1.043,25.761,True,9829298,209586796,107383820,102202976,216164452,0.026218926240495686,3753888,16,9186769,,0.9346312422311339
case_091,3,3,3,topo,,0,0.21,11.582,True,8055907,67327104,11128320,56198784,73904760,0.09478955619560518,6988608,12,9186769,,1.140376744666988
case_091,3,3,3,balance,,0,0.214,15.507,True,8602016,66417792,11292672,55125120,72995448,0.09101623679672627,6627648,12,9186769,,1.0679785994352953
case_091,3,3,3,comm,,0,1.567,15.821,True,3275094,61952640,11046912,50905728,68530296,0.2641024922205713,18087936,509,9186769,,2.8050397942776604
case_091,3,3,4,random,,0,1.098,27.44,True,9375868,217950156,131143180,86806976,224527812,0.02717921203929175,4030656,21,9186769,,0.9798313073520233
case_091,3,3,4,topo,,0,0.204,10.642,True,7053693,69569664,15745536,53824128,76147320,0.10281310845323287,7806624,16,9186769,,1.302405562589696
case_091,3,3,4,balance,,0,0.219,16.348,True,7581681,68529792,16112640,52417152,75107448,0.10954124300737847,8203584,16,9186769,,1.211706084706017
case_091,3,3,4,comm,,0,0.302,16.388,True,2515798,68271744,16570368,51701376,74849400,0.32768170175195444,24513024,509,9186769,,3.6516322057653277
case_087,1,1,3,random,,0,0.629,30.528,True,4127349,36049584,33671520,2378064,41968682,,,15,3974071,,0.9628628448914788
case_087,1,1,3,topo,,0,0.172,29.637,True,3958378,12339516,11107324,1232192,18258614,,,12,3974071,,1.0039645026321387
case_087,1,1,3,balance,,0,0.134,29.075,True,3958378,12339516,11107324,1232192,18258614,,,12,3974071,,1.0039645026321387
case_087,1,1,3,comm,,0,0.525,33.769,True,1729462,38614404,38614404,0,44533502,,,1060,3974071,,2.297865463363751
case_076,1,1,2,random,,0,1.408,237.336,True,6940163,168575164,163203260,5371904,172845838,,,11,6185113,,0.8912057252833975
case_076,1,1,2,topo,,0,0.463,65.868,True,6168361,32164864,17456128,14708736,36435538,,,8,6185113,,1.0027157943576908
case_076,1,1,2,balance,,0,0.123,69.477,True,6167461,32164864,17456128,14708736,36435538,,,8,6185113,,1.00286211781477
case_076,1,1,2,comm,,0,0.43,25.666,True,3165004,63280128,63280128,0,67550802,,,391,6185113,,1.9542196471157698
case_092,2,2,4,random,,0,0.376,7.744,True,3991158,41236320,22377440,18858880,44493248,,,22,4815554,,1.206555591134202
case_092,2,2,4,topo,,0,0.12,6.873,True,1665264,66759328,3279648,63479680,70016256,,,16,4815554,,2.8917661103584775
case_092,2,2,4,balance,,0,0.071,5.228,True,2490671,67135424,3214112,63921312,70392352,,,16,4815554,,1.9334364113124536
case_092,2,2,4,comm,,0,0.103,5.808,True,1927728,67180384,2791200,64389184,70437312,,,142,4815554,,2.4980464048869964
case_092,2,2,5,random,,0,0.352,9.405,True,3923415,47595040,34195296,13399744,50851968,,,27,4815554,,1.2273883848636966
case_092,2,2,5,topo,,0,0.072,5.044,True,1545249,67088000,4339072,62748928,70344928,,,20,4815554,,3.1163611819195483
case_092,2,2,5,balance,,0,0.058,5.372,True,2359842,67117120,4208000,62909120,70374048,,,20,4815554,,2.0406256012055044
case_092,2,2,5,comm,,0,0.155,5.121,True,1649430,66980256,3721600,63258656,70237184,,,142,4815554,,2.919526139332982
case_092,2,2,3,random,,0,0.37,8.146,True,3969668,36132288,20248320,15883968,39389216,,,17,4815554,,1.2130873413091472
case_092,2,2,3,topo,,0,0.145,7.237,True,1954701,66260896,2204864,64056032,69517824,,,12,4815554,,2.463575759157027
case_092,2,2,3,balance,,0,0.053,6.446,True,2692277,66437472,2106560,64330912,69694400,,,12,4815554,,1.788654733521105
case_092,2,2,3,comm,,0,0.17,6.365,True,2231804,66784736,1860800,64923936,70041664,,,142,4815554,,2.157695747476033
case_092,1,1,4,random,,0,0.395,12.111,True,4097786,46188896,36105568,10083328,49445824,,,22,4815554,,1.1751599522278615
case_092,1,1,4,topo,,0,0.122,8.367,True,4873018,71629920,14444448,57185472,74886848,,,16,4815554,,0.9882077185021685
case_092,1,1,4,balance,,0,0.062,7.151,True,4871218,71629920,14444448,57185472,74886848,,,16,4815554,,0.9885728784874748
case_092,1,1,4,comm,,0,0.149,4.398,True,2501964,131186400,131186400,0,134443328,,,142,4815554,,1.9247095481789507
case_092,1,1,2,random,,0,1.076,12.005,True,4123138,34185600,22185856,11999744,37442528,,,12,4815554,,1.1679342287354921
case_092,1,1,2,topo,,0,0.117,14.496,True,4881809,68028128,6742176,61285952,71285056,,,8,4815554,,0.9864281867643736
case_092,1,1,2,balance,,0,0.082,11.821,True,4879109,68028128,6742176,61285952,71285056,,,8,4815554,,0.9869740561237718
case_092,1,1,2,comm,,0,0.133,5.129,True,2821724,131186400,131186400,0,134443328,,,142,4815554,,1.7065999367762403
case_092,1,1,5,random,,0,0.359,12.949,True,4089347,51936576,43027776,8908800,55193504,,,27,4815554,,1.1775850765415603
case_092,1,1,5,topo,,0,0.063,6.108,True,4969850,72011840,18295072,53716768,75268768,,,20,4815554,,0.9689535901485961
case_092,1,1,5,balance,,0,0.069,6.182,True,4966250,72011840,18295072,53716768,75268768,,,20,4815554,,0.9696559778504908
case_092,1,1,5,comm,,0,0.104,4.927,True,2438012,131186400,131186400,0,134443328,,,142,4815554,,1.975197004772741
case_093,1,1,4,random,,0,0.013,0.352,True,96310,1902592,1902592,0,2617344,,,22,74205,,0.7704807392794102
case_093,1,1,4,topo,,0,0.006,0.182,True,50264,221184,221184,0,935936,,,16,74205,,1.4763051090243515
case_093,1,1,4,balance,,0,0.004,0.186,True,60017,221184,221184,0,935936,,,16,74205,,1.2363996867554192
case_093,1,1,4,comm,,0,0.007,0.266,True,31229,557056,557056,0,1271808,,,69,74205,,2.376156777354382
case_093,1,1,5,random,,0,0.018,0.38,True,89588,1968128,1968128,0,2682880,,,28,74205,,0.8282917355002902
case_093,1,1,5,topo,,0,0.004,0.184,True,95288,339968,339968,0,1054720,,,20,74205,,0.7787444379145327
case_093,1,1,5,balance,,0,0.003,0.167,True,95288,339968,339968,0,1054720,,,20,74205,,0.7787444379145327
case_093,1,1,5,comm,,0,0.007,0.214,True,28635,557056,557056,0,1271808,,,69,74205,,2.5914091147197484
case_093,1,1,2,random,,0,0.013,1.179,True,91448,1687552,1687552,0,2402304,,,11,74205,,0.8114447554894585
case_093,1,1,2,topo,,0,0.003,0.169,True,81940,110592,110592,0,825344,,,8,74205,,0.9056016597510373
case_093,1,1,2,balance,,0,0.003,0.154,True,79240,110592,110592,0,825344,,,8,74205,,0.9364588591620394
case_093,1,1,2,comm,,0,0.007,0.169,True,52785,557056,557056,0,1271808,,,69,74205,,1.4057971014492754
case_093,2,2,2,random,,0,0.012,0.235,True,74018,921600,921600,0,1636352,,,11,74205,,1.0025264124942581
case_093,2,2,2,topo,,0,0.004,0.146,True,67930,61440,61440,0,776192,,,8,74205,,1.0923745031650227
case_093,2,2,2,balance,,0,0.003,0.134,True,67152,40960,40960,0,755712,,,8,74205,,1.10503037884203
case_093,2,2,2,comm,,0,0.006,0.117,True,37827,8192,8192,0,722944,,,69,74205,,1.9616940280751844
case_093,1,1,3,random,,0,0.012,1.417,True,97047,1830912,1830912,0,2545664,,,17,74205,,0.7646295094129648
case_093,1,1,3,topo,,0,0.004,0.18,True,86668,176128,176128,0,890880,,,12,74205,,0.8561983661789818
case_093,1,1,3,balance,,0,0.006,0.169,True,83968,176128,176128,0,890880,,,12,74205,,0.8837295160060976
case_093,1,1,3,comm,,0,0.008,0.181,True,37137,557056,557056,0,1271808,,,69,74205,,1.9981420147023183
case_093,2,2,3,random,,0,0.014,0.261,True,59255,1196032,1196032,0,1910784,,,17,74205,,1.2522993840182264
case_093,2,2,3,topo,,0,0.003,0.149,True,51300,102400,102400,0,817152,,,12,74205,,1.4464912280701754
case_093,2,2,3,balance,,0,0.005,0.146,True,59891,81920,81920,0,796672,,,12,74205,,1.239000851546977
case_093,2,2,3,comm,,0,0.006,0.127,True,25103,16384,16384,0,731136,,,69,74205,,2.956021192686133
case_093,2,2,4,random,,0,0.012,0.24,True,61600,1331200,1331200,0,2045952,,,22,74205,,1.2046266233766234
case_093,2,2,4,topo,,0,0.004,0.148,True,40925,122880,122880,0,837632,,,16,74205,,1.8131948686621868
case_093,2,2,4,balance,,0,0.004,0.137,True,45613,106496,106496,0,821248,,,16,74205,,1.6268388398044418
case_093,2,2,4,comm,,0,0.007,0.109,True,19779,24576,24576,0,739328,,,69,74205,,3.751706355225239
case_093,3,3,2,random,,0,0.01,0.234,True,73887,921600,921600,0,1636352,0.007889546351084813,8192,11,74205,,1.004303869422226
case_093,3,3,2,topo,,0,0.003,0.155,True,67904,61440,61440,0,776192,0.013468013468013467,8192,8,74205,,1.0927927662582468
case_093,3,3,2,balance,,0,0.004,0.154,True,67126,40960,40960,0,755712,0.0136986301369863,8192,8,74205,,1.1054583916813157
case_093,3,3,2,comm,,0,0.01,0.129,True,37827,8192,8192,0,722944,0.0,0,69,74205,,1.9616940280751844
case_093,2,2,5,random,,0,0.011,0.263,True,48588,1499136,1499136,0,2213888,,,28,74205,,1.5272289454186219
case_093,2,2,5,topo,,0,0.003,0.181,True,52292,217088,217088,0,931840,,,20,74205,,1.4190507152145644
case_093,2,2,5,balance,,0,0.004,0.181,True,52334,217088,217088,0,931840,,,20,74205,,1.4179118737340926
case_093,2,2,5,comm,,0,0.006,0.099,True,15876,32768,32768,0,747520,,,69,74205,,4.674036281179139
case_093,3,3,3,random,,0,0.009,0.233,True,59255,1196032,1196032,0,1910784,0.013888888888888888,16384,17,74205,,1.2522993840182264
case_093,3,3,3,topo,,0,0.005,0.175,True,51274,102400,102400,0,817152,0.016181229773462782,10240,12,74205,,1.447224714280142
case_093,3,3,3,balance,,0,0.004,0.167,True,59865,81920,81920,0,796672,0.01644736842105263,10240,12,74205,,1.2395389626659985
case_093,3,3,3,comm,,0,0.008,0.107,True,25103,16384,16384,0,731136,0.0,0,69,74205,,2.956021192686133
case_093,3,3,4,random,,0,0.01,0.302,True,61518,1331200,1331200,0,2045952,0.014729950900163666,18432,22,74205,,1.2062323222471472
case_093,3,3,4,topo,,0,0.005,0.177,True,40893,122880,122880,0,837632,0.03481012658227848,22528,16,74205,,1.8146137480742426
case_093,3,3,4,balance,,0,0.004,0.146,True,45587,106496,106496,0,821248,0.02564102564102564,16384,16,74205,,1.6277666878715422
case_093,3,3,4,comm,,0,0.007,0.13,True,19779,24576,24576,0,739328,0.0,0,69,74205,,3.751706355225239
case_093,3,3,5,random,,0,0.009,0.287,True,48167,1499136,1499136,0,2213888,0.01834862385321101,24576,28,74205,,1.5405775738576204
case_093,3,3,5,topo,,0,0.005,0.167,True,52240,217088,217088,0,931840,0.02932551319648094,20480,20,74205,,1.4204632465543645
case_093,3,3,5,balance,,0,0.007,0.199,True,52256,217088,217088,0,931840,0.02932551319648094,20480,20,74205,,1.4200283221065524
case_093,3,3,5,comm,,0,0.008,0.119,True,15876,32768,32768,0,747520,0.0,0,69,74205,,4.674036281179139
case_094,1,1,3,random,,0,0.014,0.314,True,116665,3146828,3146828,0,3673520,,,17,94892,,0.8133716195945656
case_094,1,1,3,topo,,0,0.006,0.193,True,108483,468096,468096,0,994788,,,12,94892,,0.8747176977037877
case_094,1,1,3,balance,,0,0.006,0.193,True,105783,468096,468096,0,994788,,,12,94892,,0.8970439484605277
case_094,1,1,3,comm,,0,0.012,0.144,True,41999,688032,688032,0,1214724,,,40,94892,,2.259387128264959
case_094,1,1,4,random,,0,0.018,0.342,True,127302,3570868,3570868,0,4097560,,,23,94892,,0.7454085560321126
case_094,1,1,4,topo,,0,0.005,0.183,True,112885,653572,653572,0,1180264,,,16,94892,,0.8406076980998362
case_094,1,1,4,balance,,0,0.005,0.199,True,111085,653572,653572,0,1180264,,,16,94892,,0.8542287437547824
case_094,1,1,4,comm,,0,0.015,0.18,True,32474,688032,688032,0,1214724,,,40,94892,,2.9220915193693417
case_094,2,2,2,random,,0,0.013,0.199,True,83353,1165496,1149112,16384,1692188,,,12,94892,,1.1384353292622942
case_094,2,2,2,topo,,0,0.004,0.13,True,66144,175872,175872,0,702564,,,8,94892,,1.4346274794388
case_094,2,2,2,balance,,0,0.004,0.123,True,73058,119552,119552,0,646244,,,8,94892,,1.298858441238468
case_094,2,2,2,comm,,0,0.011,0.11,True,46040,106272,106272,0,632964,,,40,94892,,2.0610773240660296
case_094,1,1,5,random,,0,0.013,0.41,True,139922,3871356,3871356,0,4398048,,,28,94892,,0.6781778419405097
case_094,1,1,5,topo,,0,0.005,0.161,True,117889,829188,829188,0,1355880,,,20,94892,,0.8049266683066274
case_094,1,1,5,balance,,0,0.004,0.19,True,114289,829188,829188,0,1355880,,,20,94892,,0.8302811294175293
case_094,1,1,5,comm,,0,0.013,0.162,True,28147,688032,688032,0,1214724,,,40,94892,,3.3713006714747573
case_092,1,1,3,random,,0,0.45,12.488,True,4103322,39129152,29109824,10019328,42386080,,,17,4815554,,1.1735744842837097
case_092,1,1,3,topo,,0,0.132,10.402,True,4834168,69976320,10578464,59397856,73233248,,,12,4815554,,0.9961494925290143
case_092,1,1,3,balance,,0,0.095,7.996,True,4831468,69976320,10578464,59397856,73233248,,,12,4815554,,0.996706177087378
case_092,1,1,3,comm,,0,0.138,6.339,True,2615991,131186400,131186400,0,134443328,,,142,4815554,,1.8408144370527268
case_094,2,2,3,random,,0,0.009,0.205,True,86968,1586472,1565992,20480,2113164,,,17,94892,,1.0911139729555699
case_094,2,2,3,topo,,0,0.007,0.151,True,52445,279168,279168,0,805860,,,12,94892,,1.8093621889598628
case_094,2,2,3,balance,,0,0.005,0.121,True,58364,278976,278976,0,805668,,,12,94892,,1.6258652594064835
case_094,2,2,3,comm,,0,0.009,0.097,True,33239,212544,212544,0,739236,,,40,94892,,2.8548391949216283
case_092,2,2,2,random,,0,0.366,8.539,True,4060675,30589632,10784704,19804928,33846560,,,12,4815554,,1.1858998811773904
case_092,2,2,2,topo,,0,0.12,7.527,True,2644912,66043456,1159776,64883680,69300384,,,8,4815554,,1.820685905618032
case_092,2,2,2,balance,,0,0.054,8.067,True,3230094,66205536,1061472,65144064,69462464,,,8,4815554,,1.490840204650391
case_092,2,2,2,comm,,0,0.137,8.772,True,2828252,66389088,930400,65458688,69646016,,,142,4815554,,1.702660866146298
case_094,1,1,2,random,,0,0.015,1.591,True,105611,2771144,2771144,0,3297836,,,12,94892,,0.8985048905890485
case_094,1,1,2,topo,,0,0.004,0.128,True,103255,392448,392448,0,919140,,,8,94892,,0.9190063435184737
case_094,1,1,2,balance,,0,0.004,0.141,True,100555,392448,392448,0,919140,,,8,94892,,0.9436825617821093
case_094,1,1,2,comm,,0,0.01,0.151,True,57331,688032,688032,0,1214724,,,40,94892,,1.6551603844342502
case_094,3,3,3,random,,0,0.009,0.202,True,85534,1586472,1565992,20480,2113164,0.1603279328973723,219968,17,94892,,1.1094067856057241
case_094,3,3,3,topo,,0,0.005,0.132,True,52107,279168,279168,0,805860,0.14611344031612936,97024,12,94892,,1.821098892663174
case_094,3,3,3,balance,,0,0.004,0.117,True,57664,278976,278976,0,805668,0.2029637966610392,138496,12,94892,,1.6456021087680355
case_094,3,3,3,comm,,0,0.009,0.105,True,33239,212544,212544,0,739236,0.21646156005802256,148032,40,94892,,2.8548391949216283
case_094,2,2,4,random,,0,0.011,0.24,True,88405,2460252,2460252,0,2986944,,,23,94892,,1.0733782025903513
case_094,2,2,4,topo,,0,0.006,0.142,True,51901,450820,450820,0,977512,,,16,94892,,1.8283270071867594
case_094,2,2,4,balance,,0,0.005,0.132,True,67093,411652,411652,0,938344,,,16,94892,,1.414335325592834
case_094,2,2,4,comm,,0,0.009,0.121,True,23880,318816,318816,0,845508,,,40,94892,,3.9737018425460637
case_094,3,3,2,random,,0,0.014,0.189,True,82794,1165496,1149112,16384,1692188,0.14925677123021655,170016,12,94892,,1.1461216996400705
case_094,3,3,2,topo,,0,0.004,0.129,True,66144,175872,175872,0,702564,0.12238291651438417,75008,8,94892,,1.4346274794388
case_094,3,3,2,balance,,0,0.004,0.122,True,73058,119552,119552,0,646244,0.06735604904786122,38144,8,94892,,1.298858441238468
case_094,3,3,2,comm,,0,0.009,0.113,True,46040,106272,106272,0,632964,0.032409972299168976,18720,40,94892,,2.0610773240660296
case_094,2,2,5,random,,0,0.009,0.259,True,87622,2800688,2800688,0,3327380,,,28,94892,,1.0829700303576728
case_094,2,2,5,topo,,0,0.004,0.148,True,64052,575748,575748,0,1102440,,,20,94892,,1.4814837944170363
case_094,2,2,5,balance,,0,0.004,0.129,True,68575,605444,605444,0,1132136,,,20,94892,,1.3837695953335765
case_094,2,2,5,comm,,0,0.009,0.11,True,20783,425088,425088,0,951780,,,40,94892,,4.565847086561131
case_094,3,3,4,random,,0,0.012,0.257,True,86704,2460252,2460252,0,2986944,0.18335064098930634,342880,23,94892,,1.0944362428492342
case_094,3,3,4,topo,,0,0.004,0.154,True,51717,450820,450820,0,977512,0.26963377353119544,217856,16,94892,,1.834831873465205
case_094,3,3,4,balance,,0,0.005,0.152,True,66909,411652,411652,0,938344,0.25508419514475095,198656,16,94892,,1.4182247530227623
case_094,3,3,4,comm,,0,0.01,0.117,True,23880,318816,318816,0,845508,0.21067552243641666,166464,40,94892,,3.9737018425460637
case_094,3,3,5,random,,0,0.009,0.278,True,84304,2800688,2800688,0,3327380,0.21106245056238304,437600,28,94892,,1.1255930916682482
case_094,3,3,5,topo,,0,0.005,0.165,True,63568,575748,575748,0,1102440,0.2954042311248005,263936,20,94892,,1.492763654669016
case_094,3,3,5,balance,,0,0.006,0.15,True,67969,605444,605444,0,1132136,0.37793717951135897,360704,20,94892,,1.3961070488016596
case_094,3,3,5,comm,,0,0.01,0.123,True,20783,425088,425088,0,951780,0.22746581944097383,203904,40,94892,,4.565847086561131
case_095,2,2,2,random,,0,0.103,3.592,True,2301046,76381824,38320896,38060928,87736860,,,12,2084853,,0.9060457722270654
case_095,2,2,2,topo,,0,0.031,1.211,True,1047299,0,0,0,11355036,,,8,2084853,,1.9906951119021405
case_095,2,2,2,balance,,0,0.032,1.211,True,1047299,0,0,0,11355036,,,8,2084853,,1.9906951119021405
case_095,2,2,2,comm,,0,0.037,1.581,True,1042890,0,0,0,11355036,,,462,2084853,,1.9991111238960964
case_092,3,3,2,random,,0,1.382,8.074,True,4015452,30589632,10784704,19804928,33846560,0.4465799978204978,10622016,12,4815554,,1.1992557749414015
case_092,3,3,2,topo,,0,0.086,7.575,True,2245097,66043456,1159776,64883680,69300384,0.7963349278768695,53222720,8,4815554,,2.1449202417534745
case_092,3,3,2,balance,,0,0.074,7.957,True,2823804,66205536,1061472,65144064,69462464,0.7727138954527777,51755808,8,4815554,,1.7053428637398347
case_092,3,3,2,comm,,0,0.119,10.741,True,2358868,66389088,930400,65458688,69646016,0.7591771943849205,50993920,142,4815554,,2.041468195761696
case_095,1,1,4,random,,0,0.137,4.377,True,2094815,83765760,82733568,1032192,95120796,,,22,2084853,,0.9952444487938076
case_095,1,1,4,topo,,0,0.029,1.237,True,528533,0,0,0,11355036,,,16,2084853,,3.9446032698052913
case_095,1,1,4,balance,,0,0.027,1.237,True,528533,0,0,0,11355036,,,16,2084853,,3.9446032698052913
case_095,1,1,4,comm,,0,0.038,2.669,True,677650,0,0,0,11355036,,,462,2084853,,3.0765926363166827
case_095,1,1,2,random,,0,0.13,4.354,True,2084054,75600384,70697472,4902912,86955420,,,12,2084853,,1.000383387378638
case_095,1,1,2,topo,,0,0.03,1.522,True,1049453,0,0,0,11355036,,,8,2084853,,1.986609214514609
case_095,1,1,2,balance,,0,0.025,1.522,True,1049453,0,0,0,11355036,,,8,2084853,,1.986609214514609
case_095,1,1,2,comm,,0,0.034,3.17,True,1208030,0,0,0,11355036,,,462,2084853,,1.7258288287542527
case_095,2,2,3,random,,0,0.137,2.338,True,2176780,82063104,54604032,27459072,93418140,,,16,2084853,,0.9577692738816049
case_095,2,2,3,topo,,0,0.024,2.341,True,704984,294912,294912,0,11649948,,,12,2084853,,2.9573054140235806
case_095,2,2,3,balance,,0,0.027,1.134,True,1213513,147456,147456,0,11502492,,,12,2084853,,1.7180310388104618
case_095,2,2,3,comm,,0,0.043,1.26,True,695775,0,0,0,11355036,,,462,2084853,,2.9964471273040854
case_095,1,1,5,random,,0,0.142,2.985,True,2060447,87150720,86671488,479232,98505756,,,28,2084853,,1.0118450025649774
case_095,1,1,5,topo,,0,0.027,2.957,True,837055,589824,589824,0,11944860,,,20,2084853,,2.490700133205106
case_095,1,1,5,balance,,0,0.028,1.31,True,1670069,589824,589824,0,11944860,,,20,2084853,,1.2483633909736664
case_095,1,1,5,comm,,0,0.038,3.322,True,571574,0,0,0,11355036,,,462,2084853,,3.647564444848786
case_095,1,1,3,random,,0,0.112,3.153,True,2064721,79410432,76608768,2801664,90765468,,,16,2084853,,1.0097504699182116
case_095,1,1,3,topo,,0,0.029,1.906,True,1039942,294912,294912,0,11649948,,,12,2084853,,2.0047781510891953
case_095,1,1,3,balance,,0,0.026,2.11,True,1564330,294912,294912,0,11649948,,,12,2084853,,1.332745009045406
case_095,1,1,3,comm,,0,0.04,2.73,True,852906,0,0,0,11355036,,,462,2084853,,2.444411224683611
case_096,1,1,2,random,,0,0.021,0.351,True,86287,2001004,2001004,0,2220562,,,12,84194,,0.9757437389177975
case_096,1,1,2,topo,,0,0.007,0.206,True,81629,321444,321444,0,541002,,,8,84194,,1.0314226561638633
case_096,1,1,2,balance,,0,0.008,0.221,True,70890,321444,321444,0,541002,,,8,84194,,1.1876710396388772
case_096,1,1,2,comm,,0,0.02,0.249,True,63455,833868,833868,0,1053426,,,53,84194,,1.3268300370341186
case_095,2,2,4,random,,0,0.083,2.316,True,2165335,90474624,69878400,20596224,101829660,,,22,2084853,,0.9628316172786197
case_095,2,2,4,topo,,0,0.025,2.103,True,524525,0,0,0,11355036,,,16,2084853,,3.974744769076784
case_095,2,2,4,balance,,0,0.027,2.103,True,524525,0,0,0,11355036,,,16,2084853,,3.974744769076784
case_095,2,2,4,comm,,0,0.042,2.397,True,524422,0,0,0,11355036,,,462,2084853,,3.9755254356224565
case_095,3,3,2,random,,0,0.079,3.15,True,2293862,76381824,38320896,38060928,87736860,0.008550059645669149,423936,12,2084853,,0.908883359155869
case_095,3,3,2,topo,,0,0.025,1.236,True,1047299,0,0,0,11355036,0.0,0,8,2084853,,1.9906951119021405
case_095,3,3,2,balance,,0,0.027,1.236,True,1047299,0,0,0,11355036,0.0,0,8,2084853,,1.9906951119021405
case_095,3,3,2,comm,,0,0.04,1.73,True,1042890,0,0,0,11355036,0.0,0,462,2084853,,1.9991111238960964
case_096,1,1,3,random,,0,0.014,0.376,True,92866,2345152,2345152,0,2564710,,,16,84194,,0.9066181379622251
case_096,1,1,3,topo,,0,0.007,0.222,True,82519,452972,452972,0,672530,,,12,84194,,1.0202983555302416
case_096,1,1,3,balance,,0,0.007,0.228,True,86066,452972,452972,0,672530,,,12,84194,,0.97824925057514
case_096,1,1,3,comm,,0,0.025,0.408,True,116210,1368396,1368396,0,1587954,,,143,84194,,0.7244987522588417
case_095,3,3,4,random,,0,0.093,3.355,True,2155028,90474624,69878400,20596224,101829660,0.012581400918126697,700416,22,2084853,,0.9674366179928985
case_095,3,3,4,topo,,0,0.029,1.112,True,524525,0,0,0,11355036,0.0,0,16,2084853,,3.974744769076784
case_095,3,3,4,balance,,0,0.024,1.112,True,524525,0,0,0,11355036,0.0,0,16,2084853,,3.974744769076784
case_095,3,3,4,comm,,0,0.035,1.47,True,524422,0,0,0,11355036,0.0,0,462,2084853,,3.9755254356224565
case_096,1,1,4,random,,0,0.023,0.437,True,99029,2847266,2847266,0,3066824,,,24,84194,,0.8501953973078593
case_096,1,1,4,topo,,0,0.008,0.228,True,102752,623680,623680,0,843238,,,16,84194,,0.8193903768296481
case_096,1,1,4,balance,,0,0.008,0.233,True,101852,623680,623680,0,843238,,,16,84194,,0.8266307976279307
case_096,1,1,4,comm,,0,0.024,0.413,True,82645,1368396,1368396,0,1587954,,,143,84194,,1.0187428156573295
case_096,2,2,2,random,,0,0.016,0.283,True,78233,1065656,1065656,0,1285214,,,12,84194,,1.0761954673858858
case_096,2,2,2,topo,,0,0.007,0.188,True,54857,153248,153248,0,372806,,,8,84194,,1.534790455183477
case_096,2,2,2,balance,,0,0.007,0.203,True,55418,139424,139424,0,358982,,,8,84194,,1.5192536720921
case_096,2,2,2,comm,,0,0.021,0.192,True,54617,124748,124748,0,344306,,,53,84194,,1.5415346870022155
case_091,3,3,5,random,,0,1.127,30.64,True,9195722,220894564,148150148,72744416,227472220,0.03520077008407405,5288352,27,9186769,,0.9990263950998084
case_091,3,3,5,topo,,0,0.253,12.841,True,8233597,68770944,20324352,48446592,75348600,0.09123267572223898,6852768,20,9186769,,1.1157661712128977
case_091,3,3,5,balance,,0,0.132,10.135,True,8470045,67734144,20610048,47124096,74311800,0.10373143997305072,7685952,20,9186769,,1.084618676760277
case_091,3,3,5,comm,,0,0.306,17.193,True,2117698,71673984,22093824,49580160,78251640,0.2961442718894688,23161344,509,9186769,,4.338092117006297
case_096,1,1,5,random,,0,0.022,0.462,True,102819,2852108,2852108,0,3071666,,,26,84194,,0.8188564370398467
case_096,1,1,5,topo,,0,0.008,0.245,True,107503,678864,678864,0,898422,,,20,84194,,0.7831781438657526
case_096,1,1,5,balance,,0,0.008,0.247,True,106603,678864,678864,0,898422,,,20,84194,,0.7897901559993621
case_096,1,1,5,comm,,0,0.022,0.421,True,86780,1376654,1376654,0,1596212,,,147,84194,,0.9702005070292694
case_095,2,2,5,random,,0,0.092,3.201,True,2144597,94743936,77647104,17096832,106098972,,,28,2084853,,0.9721420854360983
case_095,2,2,5,topo,,0,0.025,1.073,True,437848,589824,589824,0,11944860,,,20,2084853,,4.761590780362135
case_095,2,2,5,balance,,0,0.023,2.043,True,1059681,368640,368640,0,11723676,,,20,2084853,,1.9674345392622874
case_095,2,2,5,comm,,0,0.038,0.97,True,420852,0,0,0,11355036,,,462,2084853,,4.953886401870491
case_096,2,2,3,random,,0,0.023,0.305,True,80153,1578208,1578208,0,1797766,,,16,84194,,1.0504160792484374
case_096,2,2,3,topo,,0,0.008,0.215,True,49857,315496,315496,0,535054,,,12,84194,,1.688709709769942
case_096,2,2,3,balance,,0,0.007,0.215,True,62350,294112,294112,0,513670,,,12,84194,,1.3503448275862069
case_096,2,2,3,comm,,0,0.025,0.238,True,80460,703116,703116,0,922674,,,143,84194,,1.0464081531195626
case_095,3,3,3,random,,0,0.066,3.043,True,2172638,82063104,54604032,27459072,93418140,0.004972201315885309,258048,16,2084853,,0.9595952017777467
case_095,3,3,3,topo,,0,0.027,1.168,True,704984,294912,294912,0,11649948,0.0,0,12,2084853,,2.9573054140235806
case_095,3,3,3,balance,,0,0.032,2.115,True,1213513,147456,147456,0,11502492,0.0,0,12,2084853,,1.7180310388104618
case_095,3,3,3,comm,,0,0.041,1.295,True,695775,0,0,0,11355036,0.0,0,462,2084853,,2.9964471273040854
case_096,2,2,4,random,,0,0.017,0.381,True,78235,2157636,2157636,0,2377194,,,24,84194,,1.0761679555186299
case_096,2,2,4,topo,,0,0.007,0.223,True,49477,475324,475324,0,694882,,,16,84194,,1.7016795682842534
case_096,2,2,4,balance,,0,0.008,0.217,True,50550,444348,444348,0,663906,,,16,84194,,1.665558852621167
case_096,2,2,4,comm,,0,0.019,0.232,True,61176,740428,740428,0,959986,,,143,84194,,1.376258663528181
case_096,3,3,2,random,,0,0.025,0.292,True,78220,1065656,1065656,0,1285214,0.20103422229969206,166080,12,84194,,1.0763743288161596
case_096,3,3,2,topo,,0,0.008,0.211,True,54256,153248,153248,0,372806,0.2613182082208631,91776,8,84194,,1.5517915069301091
case_096,3,3,2,balance,,0,0.007,0.195,True,55359,139424,139424,0,358982,0.17885213260208893,61440,8,84194,,1.5208728481367078
case_096,3,3,2,comm,,0,0.018,0.207,True,54617,124748,124748,0,344306,0.3723440457071898,124736,53,84194,,1.5415346870022155
case_096,3,3,3,random,,0,0.017,0.34,True,79259,1578208,1578208,0,1797766,0.23937484316296562,270912,16,84194,,1.062264222359606
case_096,3,3,3,topo,,0,0.008,0.208,True,49857,315496,315496,0,535054,0.2852983035874953,139520,12,84194,,1.688709709769942
case_096,3,3,3,balance,,0,0.007,0.196,True,62343,294112,294112,0,513670,0.3073022396407295,148352,12,84194,,1.3504964470750525
case_096,3,3,3,comm,,0,0.023,0.258,True,80350,703116,703116,0,922674,0.46588902457854325,331904,143,84194,,1.04784069695084
case_096,3,3,4,random,,0,0.021,0.355,True,77048,2157636,2157636,0,2377194,0.2407461928308413,351618,24,84194,,1.0927473782577095
case_096,3,3,4,topo,,0,0.01,0.21,True,49430,475324,475324,0,694882,0.328350269341819,204928,16,84194,,1.7032975925551284
case_096,3,3,4,balance,,0,0.008,0.211,True,50509,444348,444348,0,663906,0.2839413780258208,169216,16,84194,,1.6669108475717198
case_096,3,3,4,comm,,0,0.021,0.234,True,60914,740428,740428,0,959986,0.4770066332511089,350784,143,84194,,1.3821781528055948
case_096,3,3,5,random,,0,0.017,0.369,True,76630,2283416,2283416,0,2502974,0.2684753074896812,414208,26,84194,,1.0987080777763278
case_096,3,3,5,topo,,0,0.011,0.222,True,53199,539344,539344,0,758902,0.3427951292658308,235008,20,84194,,1.5826237335288258
case_096,3,3,5,balance,,0,0.009,0.223,True,53020,533188,533188,0,752746,0.34682155345203436,237056,20,84194,,1.587966804979253
case_096,3,3,5,comm,,0,0.026,0.272,True,57718,970836,970836,0,1190394,0.593175638763477,566790,147,84194,,1.4587130531203438
case_095,3,3,5,random,,0,0.074,2.426,True,2131751,94743936,77647104,17096832,106098972,0.016053199634706097,921600,28,2084853,,0.9780002448691241
case_095,3,3,5,topo,,0,0.03,2.297,True,437848,589824,589824,0,11944860,0.0,0,20,2084853,,4.761590780362135
case_095,3,3,5,balance,,0,0.025,1.131,True,1059681,368640,368640,0,11723676,0.0,0,20,2084853,,1.9674345392622874
case_095,3,3,5,comm,,0,0.041,1.286,True,420852,0,0,0,11355036,0.0,0,462,2084853,,4.953886401870491
case_096,2,2,5,random,,0,0.015,0.376,True,77460,2283416,2283416,0,2502974,,,26,84194,,1.0869351923573458
case_096,2,2,5,topo,,0,0.007,0.221,True,53523,539344,539344,0,758902,,,20,84194,,1.573043364534873
case_096,2,2,5,balance,,0,0.007,0.201,True,53978,533188,533188,0,752746,,,20,84194,,1.5597836155470748
case_096,2,2,5,comm,,0,0.026,1.231,True,58398,970836,970836,0,1190394,,,147,84194,,1.4417274564197404
case_092,3,3,3,random,,0,0.277,5.397,True,3921848,36132288,20248320,15883968,39389216,0.39760432349430475,10605984,17,4815554,,1.227878795914579
case_092,3,3,3,topo,,0,0.072,8.215,True,1599314,66260896,2204864,64056032,69517824,0.7707775387033519,51721664,12,4815554,,3.0110122214899637
case_092,3,3,3,balance,,0,0.108,9.209,True,2316451,66437472,2106560,64330912,69694400,0.7844717239882867,52755008,12,4815554,,2.0788499303460335
case_092,3,3,3,comm,,0,0.171,8.913,True,1792534,66784736,1860800,64923936,70041664,0.6541586932458932,44215392,142,4815554,,2.6864505777854144
case_097,2,2,2,random,,0,0.164,4.727,True,10189009,103540736,51367936,52172800,108587008,,,11,11491509,,1.127833825644869
case_097,2,2,2,topo,,0,0.046,3.464,True,5834394,10584064,1703936,8880128,15630336,,,8,11491509,,1.9696148391760995
case_097,2,2,2,balance,,0,0.046,3.464,True,5834394,10584064,1703936,8880128,15630336,,,8,11491509,,1.9696148391760995
case_097,2,2,2,comm,,0,0.092,3.113,True,5617602,11796480,2555904,9240576,16842752,,,64,11491509,,2.045625339780212
case_097,2,2,4,random,,0,0.162,4.903,True,9552490,112740352,73494528,39245824,117786624,,,22,11491509,,1.2029857136725608
case_097,2,2,4,topo,,0,0.044,3.432,True,2869852,11796480,4259840,7536640,16842752,,,16,11491509,,4.0042165937476915
case_097,2,2,4,balance,,0,0.044,3.432,True,2869852,11796480,4259840,7536640,16842752,,,16,11491509,,4.0042165937476915
case_097,2,2,4,comm,,0,0.109,2.935,True,2626908,14221312,7667712,6553600,19267584,,,64,11491509,,4.37453805005733
case_097,1,1,4,random,,0,0.135,6.178,True,10115787,118460416,118460416,0,123506688,,,22,11491509,,1.1359975254520485
case_097,1,1,4,topo,,0,0.04,3.892,True,2583836,14483456,14483456,0,19529728,,,16,11491509,,4.447460674748707
case_097,1,1,4,balance,,0,0.037,3.892,True,2583836,14483456,14483456,0,19529728,,,16,11491509,,4.447460674748707
case_097,1,1,4,comm,,0,0.101,3.454,True,2608028,29818880,29818880,0,34865152,,,64,11491509,,4.40620614502605
case_097,2,2,5,random,,0,0.174,4.864,True,7332560,117028864,92825600,24203264,122075136,,,28,11491509,,1.5671892217724779
case_097,2,2,5,topo,,0,0.046,2.427,True,8172622,26380288,19881984,6498304,31426560,,,20,11491509,,1.406098189785359
case_097,2,2,5,balance,,0,1.08,2.423,True,8174019,28213248,24375296,3837952,33259520,,,20,11491509,,1.4058578772571975
case_097,2,2,5,comm,,0,0.119,2.885,True,2102348,21311488,17039360,4272128,26357760,,,64,11491509,,5.466035594487687
case_097,1,1,2,random,,0,0.165,8.414,True,11578082,105084928,104275968,808960,110131200,,,11,11491509,,0.9925226820815399
case_097,1,1,2,topo,,0,0.048,4.539,True,5156692,11927552,11927552,0,16973824,,,8,11491509,,2.2284652641654765
case_097,1,1,2,balance,,0,0.04,4.539,True,5156692,11927552,11927552,0,16973824,,,8,11491509,,2.2284652641654765
case_097,1,1,2,comm,,0,0.122,2.778,True,5192028,29818880,29818880,0,34865152,,,64,11491509,,2.2132987341362567
case_097,2,2,3,random,,0,1.494,3.606,True,9840829,106815488,58101760,48713728,111861760,,,16,11491509,,1.1677379009431015
case_097,2,2,3,topo,,0,0.042,3.655,True,9933418,18845696,10674176,8171520,23891968,,,12,11491509,,1.1568534617188162
case_097,2,2,3,balance,,0,0.047,3.694,True,10062425,18208768,10829824,7378944,23255040,,,12,11491509,,1.1420218287341273
case_097,2,2,3,comm,,0,0.117,2.923,True,3660459,16031744,8519680,7512064,21078016,,,64,11491509,,3.1393628503966307
case_098,1,1,2,random,,0,0.026,0.444,True,183557,4657130,4657130,0,5355124,,,11,177430,,0.9666207227182837
case_098,1,1,2,topo,,0,0.005,0.186,True,186247,864404,864404,0,1562398,,,8,177430,,0.9526596401552777
case_098,1,1,2,balance,,0,0.005,0.292,True,182647,864404,864404,0,1562398,,,8,177430,,0.9714367057767168
case_098,1,1,2,comm,,0,0.024,0.322,True,150541,1036428,1036428,0,1734422,,,55,177430,,1.178615792375499
case_092,3,3,5,random,,0,0.194,9.618,True,3889146,47595040,34195296,13399744,50851968,0.31927311945630665,10306688,27,4815554,,1.2382034513489595
case_092,3,3,5,topo,,0,0.13,7.552,True,1119024,67088000,4339072,62748928,70344928,0.7779752184962674,52887552,20,4815554,,4.3033518494688225
case_092,3,3,5,balance,,0,0.108,8.22,True,1936989,67117120,4208000,62909120,70374048,0.7805604203976203,53098016,20,4815554,,2.4861029154011716
case_092,3,3,5,comm,,0,0.178,7.079,True,1351088,66980256,3721600,63258656,70237184,0.580675424788359,39473888,142,4815554,,3.5642045521831296
case_097,3,3,2,random,,0,0.161,5.219,True,10188848,103540736,51367936,52172800,108587008,0.011668313833009213,749568,11,11491509,,1.1278516472127174
case_097,3,3,2,topo,,0,0.044,2.821,True,5834394,10584064,1703936,8880128,15630336,0.0,0,8,11491509,,1.9696148391760995
case_097,3,3,2,balance,,0,0.044,2.821,True,5834394,10584064,1703936,8880128,15630336,0.0,0,8,11491509,,1.9696148391760995
case_097,3,3,2,comm,,0,0.114,2.304,True,5617602,11796480,2555904,9240576,16842752,0.0,0,64,11491509,,2.045625339780212
case_098,1,1,3,random,,0,0.028,0.513,True,189947,6154598,6154598,0,6852592,,,16,177430,,0.9341026707449973
case_098,1,1,3,topo,,0,0.01,0.275,True,190146,1015968,1015968,0,1713962,,,12,177430,,0.9331250723128544
case_098,1,1,3,balance,,0,0.009,0.275,True,187446,1015968,1015968,0,1713962,,,12,177430,,0.9465659443252991
case_098,1,1,3,comm,,0,0.026,0.505,True,216303,2265330,2265330,0,2963324,,,141,177430,,0.8202845083054789
case_098,1,1,4,random,,0,0.029,0.512,True,204084,6952530,6952530,0,7650524,,,21,177430,,0.8693969149957861
case_098,1,1,4,topo,,0,0.01,0.3,True,195527,946418,946418,0,1644412,,,16,177430,,0.907445007594859
case_098,1,1,4,balance,,0,0.009,0.312,True,194627,946418,946418,0,1644412,,,16,177430,,0.9116412419654005
case_098,1,1,4,comm,,0,0.032,0.437,True,182154,2265330,2265330,0,2963324,,,141,177430,,0.9740659002821788
case_097,1,1,5,random,,0,0.159,7.55,True,8637706,125280256,125280256,0,130326528,,,28,11491509,,1.3303889944853413
case_097,1,1,5,topo,,0,0.053,4.45,True,10455767,29990912,29990912,0,35037184,,,20,11491509,,1.0990593994682551
case_097,1,1,5,balance,,0,0.054,3.079,True,10454867,29990912,29990912,0,35037184,,,20,11491509,,1.099154011237063
case_097,1,1,5,comm,,0,0.099,2.399,True,2123528,29818880,29818880,0,34865152,,,64,11491509,,5.411517531202791
case_098,2,2,2,random,,0,0.025,0.328,True,175500,3388778,2286166,1102612,4086772,,,11,177430,,1.010997150997151
case_098,2,2,2,topo,,0,0.009,0.267,True,130769,462982,462982,0,1160976,,,8,177430,,1.3568200414471319
case_098,2,2,2,balance,,0,0.008,0.222,True,149838,303198,303198,0,1001192,,,8,177430,,1.184145543854029
case_098,2,2,2,comm,,0,0.019,0.209,True,140777,356436,356436,0,1054430,,,55,177430,,1.260362133018888
case_092,3,3,4,random,,0,0.707,8.256,True,3947108,41236320,22377440,18858880,44493248,0.3649953400065305,10802624,22,4815554,,1.2200208355079212
case_092,3,3,4,topo,,0,1.319,7.472,True,1289726,66759328,3279648,63479680,70016256,0.7617890377726816,51448672,16,4815554,,3.7337806634897643
case_092,3,3,4,balance,,0,0.112,7.788,True,2077717,67135424,3214112,63921312,70392352,0.7596927980331835,51576480,16,4815554,,2.317714106396588
case_092,3,3,4,comm,,0,0.178,9.206,True,1470508,67180384,2791200,64389184,70437312,0.6479121478881523,44066112,142,4815554,,3.2747553906541143
case_098,1,1,5,random,,0,0.017,1.511,True,208432,7527394,7527394,0,8225388,,,26,177430,,0.8512608428648192
case_098,1,1,5,topo,,0,0.01,0.292,True,193908,1261786,1261786,0,1959780,,,20,177430,,0.9150215566144769
case_098,1,1,5,balance,,0,0.01,0.273,True,190308,1261786,1261786,0,1959780,,,20,177430,,0.9323307480505286
case_098,1,1,5,comm,,0,0.024,0.414,True,164584,2265330,2265330,0,2963324,,,141,177430,,1.0780513294123366
case_098,2,2,4,random,,0,0.015,0.431,True,176388,5794880,5535984,258896,6492874,,,21,177430,,1.005907431344536
case_098,2,2,4,topo,,0,0.008,0.257,True,112575,635118,635118,0,1333112,,,16,177430,,1.5761048190095492
case_098,2,2,4,balance,,0,0.008,0.243,True,117063,758004,758004,0,1455998,,,16,177430,,1.5156795913311636
case_098,2,2,4,comm,,0,0.022,0.265,True,146534,1637658,1637658,0,2335652,,,141,177430,,1.210845264580234
case_098,2,2,5,random,,0,0.017,0.407,True,180383,6354474,6252070,102404,7052468,,,26,177430,,0.983629277703553
case_098,2,2,5,topo,,0,0.009,0.246,True,107323,999648,999648,0,1697642,,,20,177430,,1.6532336964117664
case_098,2,2,5,balance,,0,0.007,0.23,True,124339,1056968,1056968,0,1754962,,,20,177430,,1.426985901446851
case_098,2,2,5,comm,,0,0.023,0.277,True,132127,2227502,2227502,0,2925496,,,141,177430,,1.3428746584725302
case_098,2,2,3,random,,0,0.021,0.368,True,176082,4557330,3736028,821302,5255324,,,16,177430,,1.0076555241308027
case_098,2,2,3,topo,,0,0.009,0.228,True,116108,655516,655516,0,1353510,,,12,177430,,1.5281462087022428
case_098,2,2,3,balance,,0,0.008,0.559,True,135621,639092,639092,0,1337086,,,12,177430,,1.3082782165003946
case_098,2,2,3,comm,,0,0.024,0.253,True,165593,1669354,1669354,0,2367348,,,141,177430,,1.0714824902018805
case_097,3,3,4,random,,0,0.121,4.741,True,9551438,112740352,73494528,39245824,117786624,0.024605752069984492,1722368,22,11491509,,1.2031182111007788
case_097,3,3,4,topo,,0,0.065,1.941,True,2869852,11796480,4259840,7536640,16842752,0.0,0,16,11491509,,4.0042165937476915
case_097,3,3,4,balance,,0,0.037,1.941,True,2869852,11796480,4259840,7536640,16842752,0.0,0,16,11491509,,4.0042165937476915
case_097,3,3,4,comm,,0,0.097,2.791,True,2626908,14221312,7667712,6553600,19267584,0.041666666666666664,770048,64,11491509,,4.37453805005733
case_097,1,1,3,random,,0,0.159,8.484,True,9567251,111947776,111882240,65536,116994048,,,16,11491509,,1.2011296661914692
case_097,1,1,3,topo,,0,0.053,3.372,True,10378448,20860928,20860928,0,25907200,,,12,11491509,,1.1072473456532228
case_097,1,1,3,balance,,0,0.043,4.574,True,10375748,20860928,20860928,0,25907200,,,12,11491509,,1.1075354759965257
case_097,1,1,3,comm,,0,0.098,2.83,True,3577028,29818880,29818880,0,34865152,,,64,11491509,,3.2125856996366817
case_098,3,3,2,random,,0,0.019,0.309,True,174733,3388778,2286166,1102612,4086772,0.06601493184866754,172546,11,177430,,1.0154349779377678
case_098,3,3,2,topo,,0,0.008,0.218,True,130560,462982,462982,0,1160976,0.2771413317910332,299010,8,177430,,1.3589920343137254
case_098,3,3,2,balance,,0,0.007,0.213,True,149629,303198,303198,0,1001192,0.26006873612374143,253954,8,177430,,1.1857995442060028
case_098,3,3,2,comm,,0,0.02,0.22,True,140777,356436,356436,0,1054430,0.3224566681779294,339968,55,177430,,1.260362133018888
case_098,3,3,4,random,,0,0.022,0.416,True,174665,5794880,5535984,258896,6492874,0.09233174120712115,361488,21,177430,,1.0158303037242722
case_098,3,3,4,topo,,0,0.009,0.256,True,112365,635118,635118,0,1333112,0.3923326578430752,495626,16,177430,,1.5790504160548213
case_098,3,3,4,balance,,0,0.008,0.249,True,116438,758004,758004,0,1455998,0.4553262657832946,634886,16,177430,,1.5238152493172332
case_098,3,3,4,comm,,0,0.022,0.287,True,146089,1637658,1637658,0,2335652,0.36343511564617126,680006,141,177430,,1.2145336062263414
case_098,3,3,5,random,,0,0.017,0.428,True,178310,6354474,6252070,102404,7052468,0.0911978470563911,381982,26,177430,,0.9950647748303516
case_098,3,3,5,topo,,0,0.008,0.261,True,106884,999648,999648,0,1697642,0.390748861981308,581650,20,177430,,1.6600239511994312
case_098,3,3,5,balance,,0,0.011,0.259,True,124245,1056968,1056968,0,1754962,0.4559360953317175,729102,20,177430,,1.428065515714918
case_098,3,3,5,comm,,0,0.029,0.336,True,131382,2227502,2227502,0,2925496,0.5002002290916835,1216594,141,177430,,1.350489412552709
case_098,3,3,3,random,,0,0.016,1.147,True,174924,4557330,3736028,821302,5255324,0.1192900707050717,397830,16,177430,,1.0143262216734124
case_098,3,3,3,topo,,0,0.008,0.267,True,116108,655516,655516,0,1353510,0.3384185211645226,417800,12,177430,,1.5281462087022428
case_098,3,3,3,balance,,0,0.009,0.276,True,135621,639092,639092,0,1337086,0.3785865790828238,475136,12,177430,,1.3082782165003946
case_098,3,3,3,comm,,0,0.024,0.301,True,165511,1669354,1669354,0,2367348,0.41345040984370246,798768,141,177430,,1.072013340503048
case_097,3,3,3,random,,0,0.132,4.693,True,9840368,106815488,58101760,48713728,111861760,0.016416625676340384,1093632,16,11491509,,1.167792606943155
case_097,3,3,3,topo,,0,0.051,3.241,True,9929103,18845696,10674176,8171520,23891968,0.036983768235052394,737280,12,11491509,,1.1573562083100557
case_097,3,3,3,balance,,0,0.049,3.302,True,10061706,18208768,10829824,7378944,23255040,0.027941633033219497,552960,12,11491509,,1.1421034365345202
case_097,3,3,3,comm,,0,0.094,2.631,True,3660338,16031744,8519680,7512064,21078016,0.2197214372224465,4458496,64,11491509,,3.139466628491686
case_097,3,3,5,random,,0,0.124,5.089,True,7331371,117028864,92825600,24203264,122075136,0.04118830966352014,2975744,28,11491509,,1.5674433881466372
case_097,3,3,5,topo,,0,0.044,3.265,True,8170283,26380288,19881984,6498304,31426560,0.07404586612507405,1792000,20,11491509,,1.4065007295340932
case_097,3,3,5,balance,,0,0.037,2.242,True,8173551,28213248,24375296,3837952,33259520,0.04114321608040201,1073152,20,11491509,,1.4059383736640292
case_097,3,3,5,comm,,0,0.086,2.875,True,2102250,21311488,17039360,4272128,26357760,0.24523466282236103,6270976,64,11491509,,5.466290403139493
case_099,2,2,4,random,,0,0.144,4.197,True,1316539,26528440,19569592,6958848,29062476,,,20,1622999,,1.232777000909202
case_099,2,2,4,topo,,0,0.039,1.514,True,1003936,9117696,5165056,3952640,11651732,,,16,1622999,,1.6166359210148855
case_099,2,2,4,balance,,0,0.041,1.498,True,1239732,9347072,5111808,4235264,11881108,,,16,1622999,,1.3091531072844775
case_099,2,2,4,comm,,0,0.077,1.37,True,414683,9777152,5652480,4124672,12311188,,,202,1622999,,3.9138305645517177
case_099,2,2,2,random,,0,0.135,4.178,True,1641387,23429140,11417236,12011904,25963176,,,10,1622999,,0.9887972793740903
case_099,2,2,2,topo,,0,0.038,1.396,True,1311884,8138752,1994752,6144000,10672788,,,8,1622999,,1.2371513030115469
case_099,2,2,2,balance,,0,0.035,1.471,True,1396559,8359936,1966080,6393856,10893972,,,8,1622999,,1.162141377485663
case_099,2,2,2,comm,,0,0.063,2.2,True,900884,2052096,552960,1499136,4586132,,,20,1622999,,1.801562687316014
case_099,2,2,3,random,,0,1.313,3.059,True,1395370,26014644,16308404,9706240,28548680,,,16,1622999,,1.163131642503422
case_099,2,2,3,topo,,0,0.037,2.351,True,1274550,8720384,3510272,5210112,11254420,,,12,1622999,,1.2733898238594012
case_099,2,2,3,balance,,0,0.037,1.458,True,1290000,8810496,3588096,5222400,11344532,,,12,1622999,,1.2581387596899225
case_099,2,2,3,comm,,0,0.069,2.174,True,613316,2441216,1105920,1335296,4975252,,,20,1622999,,2.646268807596736
case_100,1,1,2,random,,0,0.021,0.471,True,153351,3795140,3795140,0,4249738,,,10,151223,,0.9861233379632347
case_100,1,1,2,topo,,0,0.01,0.31,True,142750,845412,845412,0,1300010,,,8,151223,,1.0593555166374782
case_100,1,1,2,balance,,0,0.009,0.29,True,158129,845412,845412,0,1300010,,,8,151223,,0.9563267964762947
case_100,1,1,2,comm,,0,0.02,0.275,True,115645,1452048,1452048,0,1906646,,,47,151223,,1.3076484067620735
case_099,2,2,5,random,,0,0.136,4.093,True,1134215,27300920,20995640,6305280,29834956,,,27,1622999,,1.4309447503339314
case_099,2,2,5,topo,,0,0.042,2.295,True,1208955,9106432,6005760,3100672,11640468,,,20,1622999,,1.3424809029285623
case_099,2,2,5,balance,,0,0.037,1.407,True,1321926,8651776,6059008,2592768,11185812,,,20,1622999,,1.2277532933008353
case_099,2,2,5,comm,,0,0.077,2.328,True,343953,10825728,7188480,3637248,13359764,,,202,1622999,,4.718665050166738
case_099,1,1,4,random,,0,0.13,6.161,True,1743844,31977688,31977688,0,34511724,,,20,1622999,,0.930701943522471
case_099,1,1,4,topo,,0,0.046,2.589,True,1615515,12492800,12492800,0,15026836,,,16,1622999,,1.0046325784656904
case_099,1,1,4,balance,,0,0.036,2.189,True,1612815,12492800,12492800,0,15026836,,,16,1622999,,1.0063144253990692
case_099,1,1,4,comm,,0,0.428,3.292,True,435798,21626880,21626880,0,24160916,,,202,1622999,,3.724200202846273
case_099,3,3,2,random,,0,0.129,3.809,True,1640302,23429140,11417236,12011904,25963176,0.09410378241971645,1713280,10,1622999,,0.9894513327423853
case_099,3,3,2,topo,,0,0.036,1.52,True,1306971,8138752,1994752,6144000,10672788,0.27364921831715366,2908160,8,1622999,,1.2418018456415636
case_099,3,3,2,balance,,0,0.042,2.297,True,1391569,8359936,1966080,6393856,10893972,0.30620383698704484,3321856,8,1622999,,1.1663086774712572
case_099,3,3,2,comm,,0,0.07,2.134,True,899062,2052096,552960,1499136,4586132,0.30011723329425555,1376256,20,1622999,,1.8052136560103753
case_100,1,1,3,random,,0,0.026,0.506,True,160131,4646394,4646394,0,5100992,,,17,151223,,0.944370546614959
case_100,1,1,3,topo,,0,0.009,0.309,True,167456,1140600,1140600,0,1595198,,,12,151223,,0.9030611026180011
case_100,1,1,3,balance,,0,0.007,0.288,True,165656,1140600,1140600,0,1595198,,,12,151223,,0.9128736659100787
case_100,1,1,3,comm,,0,0.02,0.307,True,97389,1452048,1452048,0,1906646,,,47,151223,,1.5527729004302333
case_100,2,2,2,random,,0,0.021,0.33,True,146017,2156760,1570868,585892,2611358,,,10,151223,,1.0356533828252874
case_100,2,2,2,topo,,0,0.008,0.249,True,110029,427620,427620,0,882218,,,8,151223,,1.3743922056912268
case_100,2,2,2,balance,,0,0.011,0.245,True,119411,355656,355656,0,810254,,,8,151223,,1.2664076173886827
case_100,2,2,2,comm,,0,0.019,0.248,True,99485,301584,301584,0,756182,,,47,151223,,1.5200583002462682
case_100,2,2,3,random,,0,0.025,0.368,True,141803,3228140,3047912,180228,3682738,,,17,151223,,1.0664301883599077
case_100,2,2,3,topo,,0,0.009,0.289,True,107015,743288,743288,0,1197886,,,12,151223,,1.4131009671541372
case_100,2,2,3,balance,,0,0.009,0.254,True,109598,728168,728168,0,1182766,,,12,151223,,1.3797970765889889
case_100,2,2,3,comm,,0,0.02,0.225,True,84567,603152,603152,0,1057750,,,47,151223,,1.7882034363285915
case_100,1,1,4,random,,0,0.016,0.526,True,168671,5537516,5537516,0,5992114,,,22,151223,,0.896556017335523
case_100,1,1,4,topo,,0,0.008,0.305,True,172688,1609626,1609626,0,2064224,,,16,151223,,0.8757006856295747
case_100,1,1,4,balance,,0,0.011,0.34,True,170888,1609626,1609626,0,2064224,,,16,151223,,0.8849246289967698
case_100,1,1,4,comm,,0,0.021,0.307,True,88636,1452048,1452048,0,1906646,,,47,151223,,1.7061126404621147
case_100,1,1,5,random,,0,0.025,0.567,True,176068,5978188,5978188,0,6432786,,,28,151223,,0.8588897471431493
case_100,1,1,5,topo,,0,0.011,0.328,True,177527,1653548,1653548,0,2108146,,,20,151223,,0.8518309890889837
case_100,1,1,5,balance,,0,0.008,0.317,True,174827,1653548,1653548,0,2108146,,,20,151223,,0.8649865295406316
case_100,1,1,5,comm,,0,0.023,0.342,True,81544,1452048,1452048,0,1906646,,,47,151223,,1.8544957323653488
case_100,2,2,4,random,,0,0.017,0.458,True,146153,3908826,3784410,124416,4363424,,,22,151223,,1.0346896745191683
case_100,2,2,4,topo,,0,0.008,0.246,True,94186,1191836,1191836,0,1646434,,,16,151223,,1.6055783237423822
case_100,2,2,4,balance,,0,0.008,0.237,True,100169,1204604,1204604,0,1659202,,,16,151223,,1.5096786430931726
case_100,2,2,4,comm,,0,0.017,0.205,True,78051,904720,904720,0,1359318,,,47,151223,,1.9374895901397804
case_099,3,3,3,random,,0,0.121,3.956,True,1393072,26014644,16308404,9706240,28548680,0.14593889629904175,2914560,16,1622999,,1.165050334799637
case_099,3,3,3,topo,,0,0.045,1.503,True,1262800,8720384,3510272,5210112,11254420,0.3762762418263164,4198400,12,1622999,,1.2852383592017738
case_099,3,3,3,balance,,0,0.04,2.491,True,1280930,8810496,3588096,5222400,11344532,0.33247604524660307,3739648,12,1622999,,1.2670473796382316
case_099,3,3,3,comm,,0,0.056,1.175,True,613208,2441216,1105920,1335296,4975252,0.31616322749961406,1572864,20,1622999,,2.646734876257322
case_100,3,3,2,random,,0,0.021,0.396,True,145338,2156760,1570868,585892,2611358,0.13548027308322227,230792,10,151223,,1.0404918190700299
case_100,3,3,2,topo,,0,0.008,0.225,True,110029,427620,427620,0,882218,0.3111616186570483,251904,8,151223,,1.3743922056912268
case_100,3,3,2,balance,,0,0.008,0.236,True,118973,355656,355656,0,810254,0.36290855046308645,280320,8,151223,,1.2710699066174678
case_100,3,3,2,comm,,0,0.017,0.225,True,99485,301584,301584,0,756182,0.3866471795678311,285184,47,151223,,1.5200583002462682
case_100,3,3,3,random,,0,0.018,0.493,True,139904,3228140,3047912,180228,3682738,0.2057428295788353,494342,17,151223,,1.080905478042086
case_100,3,3,3,topo,,0,0.008,0.25,True,106805,743288,743288,0,1197886,0.5232631828868376,586240,12,151223,,1.4158794063948317
case_100,3,3,3,balance,,0,0.014,0.229,True,109298,728168,728168,0,1182766,0.5385600236920182,596480,12,151223,,1.3835843290819594
case_100,3,3,3,comm,,0,0.016,0.226,True,84567,603152,603152,0,1057750,0.5488793725641149,570368,47,151223,,1.7882034363285915
case_100,2,2,5,random,,0,0.015,0.745,True,144145,4552970,4500226,52744,5007568,,,28,151223,,1.0491033334489577
case_100,2,2,5,topo,,0,0.007,0.24,True,88117,1350456,1350456,0,1805054,,,20,151223,,1.7161614671402794
case_100,2,2,5,balance,,0,0.007,0.234,True,112909,1253928,1253928,0,1708526,,,20,151223,,1.3393352168560522
case_100,2,2,5,comm,,0,0.019,0.216,True,73499,1206288,1206288,0,1660886,,,47,151223,,2.0574837752894597
case_100,3,3,4,random,,0,0.02,0.445,True,143314,3908826,3784410,124416,4363424,0.23019850531157346,647832,22,151223,,1.0551865135297318
case_100,3,3,4,topo,,0,0.007,0.256,True,93475,1191836,1191836,0,1646434,0.482570124369711,703234,16,151223,,1.6177908531692966
case_100,3,3,4,balance,,0,0.008,0.255,True,100142,1204604,1204604,0,1659202,0.48760611574878754,717056,16,151223,,1.5100856783367618
case_100,3,3,4,comm,,0,0.018,0.222,True,78050,904720,904720,0,1359318,0.6381297185537899,855552,47,151223,,1.9375144138372837
case_099,3,3,4,random,,0,0.126,4.056,True,1311676,26528440,19569592,6958848,29062476,0.14527864598193546,2963456,20,1622999,,1.2373474852021384
case_099,3,3,4,topo,,0,0.04,2.475,True,991035,9117696,5165056,3952640,11651732,0.3498672378784836,4014080,16,1622999,,1.637680808447734
case_099,3,3,4,balance,,0,0.034,1.539,True,1224228,9347072,5111808,4235264,11881108,0.3337333362424454,3915776,16,1622999,,1.3257326249685517
case_099,3,3,4,comm,,0,0.074,2.267,True,412358,9777152,5652480,4124672,12311188,0.5443240657946724,6701056,202,1622999,,3.9358979333491773
case_100,3,3,5,random,,0,0.021,0.456,True,140459,4552970,4500226,52744,5007568,0.2443159458548535,778524,28,151223,,1.0766344627257776
case_100,3,3,5,topo,,0,0.008,0.256,True,87667,1350456,1350456,0,1805054,0.5758910890478312,933516,20,151223,,1.7249706274881085
case_100,3,3,5,balance,,0,0.008,0.247,True,112000,1253928,1253928,0,1708526,0.6040697651839472,933260,20,151223,,1.3502053571428572
case_100,3,3,5,comm,,0,0.017,0.216,True,73499,1206288,1206288,0,1660886,0.6946025235555805,1140736,47,151223,,2.0574837752894597
case_099,1,1,3,random,,0,0.138,6.568,True,1733377,29883884,29883884,0,32417920,,,16,1622999,,0.9363219888114357
case_099,1,1,3,topo,,0,0.045,2.298,True,1610696,10407936,10309632,98304,12941972,,,12,1622999,,1.0076383128784079
case_099,1,1,3,balance,,0,0.041,3.428,True,1609796,10407936,10309632,98304,12941972,,,12,1622999,,1.0082016603346013
case_099,1,1,3,comm,,0,0.073,2.367,True,606766,9400320,9400320,0,11934356,,,20,1622999,,2.6748351094161507
case_099,1,1,5,random,,0,0.119,6.268,True,1644613,34010524,34010524,0,36544560,,,27,1622999,,0.9868576984372616
case_099,1,1,5,topo,,0,0.036,2.12,True,1620651,13194240,13194240,0,15728276,,,20,1622999,,1.0014488005128803
case_099,1,1,5,balance,,0,0.04,2.108,True,1616151,13194240,13194240,0,15728276,,,20,1622999,,1.0042372278332903
case_099,1,1,5,comm,,0,0.075,4.212,True,420139,21626880,21626880,0,24160916,,,202,1622999,,3.8630048626763998
case_099,1,1,2,random,,0,0.126,7.031,True,1705776,25020408,24938488,81920,27554444,,,10,1622999,,0.9514725262871561
case_099,1,1,2,topo,,0,0.041,3.427,True,1614707,8822784,8093696,729088,11356820,,,8,1622999,,1.005135296991962
case_099,1,1,2,balance,,0,0.043,2.689,True,1612907,8822784,8093696,729088,11356820,,,8,1622999,,1.0062570253585608
case_099,1,1,2,comm,,0,0.066,2.217,True,889655,9400320,9400320,0,11934356,,,20,1622999,,1.8243015550972006
case_099,3,3,5,random,,0,0.1,4.429,True,1126214,27300920,20995640,6305280,29834956,0.16861373400966528,3531904,27,1622999,,1.4411106592530372
case_099,3,3,5,topo,,0,0.051,2.317,True,1206698,9106432,6005760,3100672,11640468,0.41823104289262303,4785152,20,1622999,,1.3449918703768466
case_099,3,3,5,balance,,0,0.031,1.233,True,1318949,8651776,6059008,2592768,11185812,0.35146365810061053,3875840,20,1622999,,1.2305244554565795
case_099,3,3,5,comm,,0,0.065,1.239,True,337401,10825728,7188480,3637248,13359764,0.5469771006994347,7307264,202,1622999,,4.8102969463635254
case_087,1,1,2,random,,0,0.571,42.051,True,4144098,33657460,30281844,3375616,39576558,,,10,3974071,,0.958971288806394
case_087,1,1,2,topo,,0,0.116,44.221,True,3960989,10632668,7771100,2861568,16551766,,,8,3974071,,1.0033027105099257
case_087,1,1,2,balance,,0,0.12,55.479,True,3958289,10632668,7771100,2861568,16551766,,,8,3974071,,1.0039870762342011
case_087,1,1,2,comm,,0,0.637,72.487,True,2657662,25519222,25519222,0,31438320,,,212,3974071,,1.4953259669589285
case_091,1,1,5,random,,0,1.02,94.107,True,9826115,222484912,217158160,5326752,229062568,,,27,9186769,,0.9349339998565048
case_091,1,1,5,topo,,0,0.693,29.331,True,9133786,60123264,48827904,11295360,66700920,,,20,9186769,,1.0058007708960994
case_091,1,1,5,balance,,0,0.222,29.549,True,9131086,60123264,48827904,11295360,66700920,,,20,9186769,,1.0060981793403325
case_091,1,1,5,comm,,0,0.252,25.182,True,2300474,109971072,108063744,1907328,116548728,,,509,9186769,,3.9934243986239357
case_091,1,1,4,random,,0,1.146,122.403,True,9818160,212671092,204848340,7822752,219248748,,,21,9186769,,0.9356915144996618
case_091,1,1,4,topo,,0,1.087,33.606,True,9143611,59915904,44044800,15871104,66493560,,,16,9186769,,1.0047200170698425
case_091,1,1,4,balance,,0,0.149,28.44,True,9142711,59915904,44044800,15871104,66493560,,,16,9186769,,1.0048189207774367
case_091,1,1,4,comm,,0,0.237,18.74,True,2602320,109971072,108063744,1907328,116548728,,,509,9186769,,3.5302226474837837
case_091,1,1,3,random,,0,2.191,152.866,True,9725693,200828944,190100080,10728864,207406600,,,16,9186769,,0.9445875990533528
case_091,1,1,3,topo,,0,0.151,38.2,True,9145428,58100352,37433856,20666496,64678008,,,12,9186769,,1.0045204007948014
case_091,1,1,3,balance,,0,0.147,26.388,True,9144528,58100352,37433856,20666496,64678008,,,12,9186769,,1.004619265204284
case_091,1,1,3,comm,,0,0.284,21.927,True,3347086,109971072,108063744,1907328,116548728,,,509,9186769,,2.744706589552823
case_091,1,1,2,random,,0,1.331,204.315,True,9703058,180498236,164014268,16483968,187075892,,,10,9186769,,0.9467911044126501
case_091,1,1,2,topo,,0,0.077,43.156,True,9163752,56066688,27336192,28730496,62644344,,,8,9186769,,1.0025117440978324
case_091,1,1,2,balance,,0,0.079,27.438,True,9161052,56066688,27336192,28730496,62644344,,,8,9186769,,1.0028072103509509
case_091,1,1,2,comm,,0,0.12,10.118,True,4808182,109971072,108063744,1907328,116548728,,,509,9186769,,1.9106533404933508
