case,problem,eval_problem,num_cores,algorithm,variant,seed,runtime_s,eval_s,feasible,makespan,added_copy_bytes,partition_added_copy_bytes,spill_added_copy_bytes,scheduled_copy_bytes,cache_hit_rate,cache_hit_bytes,n_subgraphs,baseline_makespan,error,speedup,params,is_best,plan_path
case_004,1,1,5,capls,c0,0,0.057,0.116,True,88341,442368,442368,0,1234944,,,5,392357,,4.441391879195391,"{""block_cap"": 0.35}",True,
case_004,1,1,5,capls,c1,0,0.039,0.116,True,88341,442368,442368,0,1234944,,,5,392357,,4.441391879195391,"{""block_cap"": 0.15}",False,
case_004,1,1,5,capls,c2,0,0.043,0.116,True,88341,442368,442368,0,1234944,,,5,392357,,4.441391879195391,"{""block_cap"": 0.35, ""init"": ""rr""}",False,
case_004,1,1,5,capls,c3,0,0.039,0.096,True,88341,442368,442368,0,1234944,,,5,392357,,4.441391879195391,"{""block_cap"": 0.35, ""init"": ""contig""}",False,
case_004,1,1,5,capls,c4,0,0.042,0.178,True,247003,12165120,12165120,0,12957696,,,111,392357,,1.5884705853775056,"{""block_cap"": 0.35, ""subgraph_mode"": ""block""}",False,
case_004,1,1,5,capls,c5,0,0.049,0.178,True,247003,12165120,12165120,0,12957696,,,111,392357,,1.5884705853775056,"{""block_cap"": 0.35, ""init"": ""rr"", ""subgraph_mode"": ""block""}",False,
case_004,1,1,5,capls,c6,0,0.04,0.116,True,88341,442368,442368,0,1234944,,,5,392357,,4.441391879195391,"{""block_cap"": 0.6, ""comm_weight"": 1e-06}",False,
case_004,1,1,5,capls,c7,0,0.053,0.116,True,88341,442368,442368,0,1234944,,,5,392357,,4.441391879195391,"{""block_cap"": 0.08}",False,
case_004,1,1,5,capls,c8,0,0.196,0.354,True,183435,5332992,5332992,0,6125568,,,11,392357,,2.1389429498187367,"{""block_cap"": 0.005}",False,
case_004,1,1,5,capls,c9,0,0.052,0.116,True,88341,442368,442368,0,1234944,,,5,392357,,4.441391879195391,"{""block_cap"": 0.35, ""max_ops"": 2000}",False,
case_004,1,1,5,capls,c10,0,0.036,0.099,True,104188,331776,331776,0,1124352,,,4,392357,,3.765855952700887,"{""block_cap"": 0.35, ""cores_used"": 4}",False,
case_004,1,1,5,capls,c11,0,0.019,0.197,True,199074,110592,110592,0,903168,,,2,392357,,1.9709103147573264,"{""block_cap"": 0.35, ""cores_used"": 2}",False,
case_004,1,1,5,capls,c12,0,0.053,0.116,True,88341,442368,442368,0,1234944,,,5,392357,,4.441391879195391,"{""block_cap"": 0.35, ""init"": ""rr"", ""level_mode"": ""alap_fill""}",False,
case_004,1,1,5,capls,c13,0,0.054,0.116,True,88341,442368,442368,0,1234944,,,5,392357,,4.441391879195391,"{""block_cap"": 0.35, ""init"": ""rr"", ""level_mode"": ""alap_compress""}",False,
case_004,1,1,5,capls,sa1,0,0.139,0.134,True,88838,1185792,1185792,0,1978368,,,6,392357,,4.416544721853261,"{""anneal"": true, ""anneal_seconds"": 0.542}",False,
case_004,1,1,5,capls,sa2,0,0.12,0.119,True,88341,786432,786432,0,1579008,,,6,392357,,4.441391879195391,"{""anneal"": true, ""anneal_seconds"": 0.542}",False,
case_004,1,1,5,capls,sa3,0,0.147,0.146,True,88838,1462272,1462272,0,2254848,,,7,392357,,4.416544721853261,"{""anneal"": true, ""anneal_seconds"": 0.542}",False,
case_004,1,1,5,capls,_best,0,0.035,0.116,True,88341,442368,442368,0,1234944,,,5,392357,,4.441391879195391,"{""block_cap"": 0.35}",True,results\plans\case_004_p1_n5_capls_best.json
case_001,1,1,5,capls,c0,0,0.045,0.118,True,47502,4608,4608,0,1644160,,,5,233110,,4.9073723211654245,"{""block_cap"": 0.35}",True,
case_001,1,1,5,capls,c1,0,0.046,0.118,True,47502,4608,4608,0,1644160,,,5,233110,,4.9073723211654245,"{""block_cap"": 0.15}",False,
case_001,1,1,5,capls,c2,0,0.034,0.118,True,47502,4608,4608,0,1644160,,,5,233110,,4.9073723211654245,"{""block_cap"": 0.35, ""init"": ""rr""}",False,
case_001,1,1,5,capls,c3,0,0.033,0.114,True,47502,4608,4608,0,1644160,,,5,233110,,4.9073723211654245,"{""block_cap"": 0.35, ""init"": ""contig""}",False,
case_001,1,1,5,capls,c4,0,0.047,0.22,True,88140,229248,229248,0,1868800,,,200,233110,,2.6447696845926933,"{""block_cap"": 0.35, ""subgraph_mode"": ""block""}",False,
case_001,1,1,5,capls,c5,0,0.044,0.22,True,88140,229248,229248,0,1868800,,,200,233110,,2.6447696845926933,"{""block_cap"": 0.35, ""init"": ""rr"", ""subgraph_mode"": ""block""}",False,
case_001,1,1,5,capls,c6,0,0.039,0.118,True,47502,4608,4608,0,1644160,,,5,233110,,4.9073723211654245,"{""block_cap"": 0.6, ""comm_weight"": 1e-06}",False,
case_001,1,1,5,capls,c7,0,0.039,0.118,True,47502,4608,4608,0,1644160,,,5,233110,,4.9073723211654245,"{""block_cap"": 0.08}",False,
case_001,1,1,5,capls,c8,0,0.17,0.206,True,90085,1847808,1847808,0,3487360,,,6,233110,,2.5876672031969807,"{""block_cap"": 0.005}",False,
case_001,1,1,5,capls,c9,0,0.033,0.118,True,47502,4608,4608,0,1644160,,,5,233110,,4.9073723211654245,"{""block_cap"": 0.35, ""max_ops"": 2000}",False,
case_001,1,1,5,capls,c10,0,0.03,0.102,True,58984,3456,3456,0,1643008,,,4,233110,,3.952088702020887,"{""block_cap"": 0.35, ""cores_used"": 4}",False,
case_001,1,1,5,capls,c11,0,0.011,0.14,True,116868,1152,1152,0,1640704,,,2,233110,,1.9946435294520313,"{""block_cap"": 0.35, ""cores_used"": 2}",False,
case_001,1,1,5,capls,c12,0,0.054,0.118,True,47502,4608,4608,0,1644160,,,5,233110,,4.9073723211654245,"{""block_cap"": 0.35, ""init"": ""rr"", ""level_mode"": ""alap_fill""}",False,
case_001,1,1,5,capls,c13,0,0.045,0.118,True,47502,4608,4608,0,1644160,,,5,233110,,4.9073723211654245,"{""block_cap"": 0.35, ""init"": ""rr"", ""level_mode"": ""alap_compress""}",False,
case_001,1,1,5,capls,sa1,0,0.0,0.133,True,55782,496128,496128,0,2135680,,,6,233110,,4.178946613602954,"{""anneal"": true, ""anneal_seconds"": 1.666}",False,
case_001,1,1,5,capls,sa2,0,0.112,0.109,True,55782,496128,496128,0,2135680,,,6,233110,,4.178946613602954,"{""anneal"": true, ""anneal_seconds"": 1.666}",False,
case_001,1,1,5,capls,sa3,0,0.0,0.133,True,55782,496128,496128,0,2135680,,,6,233110,,4.178946613602954,"{""anneal"": true, ""anneal_seconds"": 1.666}",False,
case_001,1,1,5,capls,_best,0,0.038,0.118,True,47502,4608,4608,0,1644160,,,5,233110,,4.9073723211654245,"{""block_cap"": 0.35}",True,results\plans\case_001_p1_n5_capls_best.json
case_004,1,1,4,capls,c0,0,0.029,0.148,True,104188,331776,331776,0,1124352,,,4,392357,,3.765855952700887,"{""block_cap"": 0.35}",True,
case_004,1,1,4,capls,c1,0,0.025,0.148,True,104188,331776,331776,0,1124352,,,4,392357,,3.765855952700887,"{""block_cap"": 0.15}",False,
case_004,1,1,4,capls,c2,0,0.024,0.148,True,104188,331776,331776,0,1124352,,,4,392357,,3.765855952700887,"{""block_cap"": 0.35, ""init"": ""rr""}",False,
case_004,1,1,4,capls,c3,0,0.024,0.081,True,104188,331776,331776,0,1124352,,,4,392357,,3.765855952700887,"{""block_cap"": 0.35, ""init"": ""contig""}",False,
case_004,1,1,4,capls,c4,0,0.024,0.183,True,252303,12165120,12165120,0,12957696,,,111,392357,,1.5551023967214024,"{""block_cap"": 0.35, ""subgraph_mode"": ""block""}",False,
case_004,1,1,4,capls,c5,0,0.024,0.183,True,252303,12165120,12165120,0,12957696,,,111,392357,,1.5551023967214024,"{""block_cap"": 0.35, ""init"": ""rr"", ""subgraph_mode"": ""block""}",False,
case_004,1,1,4,capls,c6,0,0.025,0.148,True,104188,331776,331776,0,1124352,,,4,392357,,3.765855952700887,"{""block_cap"": 0.6, ""comm_weight"": 1e-06}",False,
case_004,1,1,4,capls,c7,0,0.025,0.148,True,104188,331776,331776,0,1124352,,,4,392357,,3.765855952700887,"{""block_cap"": 0.08}",False,
case_004,1,1,4,capls,c8,0,0.079,0.241,True,118616,4104192,4104192,0,4896768,,,9,392357,,3.3077915289674245,"{""block_cap"": 0.005}",False,
case_004,1,1,4,capls,c9,0,0.025,0.148,True,104188,331776,331776,0,1124352,,,4,392357,,3.765855952700887,"{""block_cap"": 0.35, ""max_ops"": 2000}",False,
case_004,1,1,4,capls,c10,0,0.018,0.111,True,134043,221184,221184,0,1013760,,,3,392357,,2.927098020784375,"{""block_cap"": 0.35, ""cores_used"": 3}",False,
case_004,1,1,4,capls,c11,0,0.012,0.119,True,199074,110592,110592,0,903168,,,2,392357,,1.9709103147573264,"{""block_cap"": 0.35, ""cores_used"": 2}",False,
case_004,1,1,4,capls,c12,0,0.025,0.148,True,104188,331776,331776,0,1124352,,,4,392357,,3.765855952700887,"{""block_cap"": 0.35, ""init"": ""rr"", ""level_mode"": ""alap_fill""}",False,
case_004,1,1,4,capls,c13,0,0.025,0.148,True,104188,331776,331776,0,1124352,,,4,392357,,3.765855952700887,"{""block_cap"": 0.35, ""init"": ""rr"", ""level_mode"": ""alap_compress""}",False,
case_004,1,1,4,capls,sa1,0,0.176,0.173,True,104971,1554432,1554432,0,2347008,,,6,392357,,3.737765668613236,"{""anneal"": true, ""anneal_seconds"": 1.751}",False,
case_004,1,1,4,capls,sa2,0,0.161,0.16,True,107212,1477632,1477632,0,2270208,,,7,392357,,3.65963698093497,"{""anneal"": true, ""anneal_seconds"": 1.751}",False,
case_004,1,1,4,capls,sa3,0,0.001,0.192,True,104559,1250304,1250304,0,2042880,,,5,392357,,3.7524938073240945,"{""anneal"": true, ""anneal_seconds"": 1.751}",False,
case_004,1,1,4,capls,_best,0,0.038,0.148,True,104188,331776,331776,0,1124352,,,4,392357,,3.765855952700887,"{""block_cap"": 0.35}",True,results\plans\case_004_p1_n4_capls_best.json
case_001,1,1,4,capls,c0,0,0.045,0.123,True,58984,3456,3456,0,1643008,,,4,233110,,3.952088702020887,"{""block_cap"": 0.35}",True,
case_001,1,1,4,capls,c1,0,0.029,0.123,True,58984,3456,3456,0,1643008,,,4,233110,,3.952088702020887,"{""block_cap"": 0.15}",False,
case_001,1,1,4,capls,c2,0,0.034,0.123,True,58984,3456,3456,0,1643008,,,4,233110,,3.952088702020887,"{""block_cap"": 0.35, ""init"": ""rr""}",False,
case_001,1,1,4,capls,c3,0,0.042,0.115,True,58984,3456,3456,0,1643008,,,4,233110,,3.952088702020887,"{""block_cap"": 0.35, ""init"": ""contig""}",False,
case_001,1,1,4,capls,c4,0,0.037,0.219,True,102300,229248,229248,0,1868800,,,200,233110,,2.278690127077224,"{""block_cap"": 0.35, ""subgraph_mode"": ""block""}",False,
case_001,1,1,4,capls,c5,0,0.025,0.219,True,102300,229248,229248,0,1868800,,,200,233110,,2.278690127077224,"{""block_cap"": 0.35, ""init"": ""rr"", ""subgraph_mode"": ""block""}",False,
case_001,1,1,4,capls,c6,0,0.026,0.123,True,58984,3456,3456,0,1643008,,,4,233110,,3.952088702020887,"{""block_cap"": 0.6, ""comm_weight"": 1e-06}",False,
case_001,1,1,4,capls,c7,0,0.025,0.123,True,58984,3456,3456,0,1643008,,,4,233110,,3.952088702020887,"{""block_cap"": 0.08}",False,
case_001,1,1,4,capls,c8,0,0.052,0.175,True,90901,1846656,1846656,0,3486208,,,5,233110,,2.5644382350029153,"{""block_cap"": 0.005}",False,
case_001,1,1,4,capls,c9,0,0.027,0.123,True,58984,3456,3456,0,1643008,,,4,233110,,3.952088702020887,"{""block_cap"": 0.35, ""max_ops"": 2000}",False,
case_001,1,1,4,capls,c10,0,0.019,0.114,True,78545,2304,2304,0,1641856,,,3,233110,,2.9678528232223567,"{""block_cap"": 0.35, ""cores_used"": 3}",False,
case_001,1,1,4,capls,c11,0,0.011,0.158,True,116868,1152,1152,0,1640704,,,2,233110,,1.9946435294520313,"{""block_cap"": 0.35, ""cores_used"": 2}",False,
case_001,1,1,4,capls,c12,0,0.026,0.123,True,58984,3456,3456,0,1643008,,,4,233110,,3.952088702020887,"{""block_cap"": 0.35, ""init"": ""rr"", ""level_mode"": ""alap_fill""}",False,
case_001,1,1,4,capls,c13,0,0.026,0.123,True,58984,3456,3456,0,1643008,,,4,233110,,3.952088702020887,"{""block_cap"": 0.35, ""init"": ""rr"", ""level_mode"": ""alap_compress""}",False,
case_001,1,1,4,capls,sa1,0,0.001,0.149,True,69334,617856,617856,0,2257408,,,5,233110,,3.3621311333544868,"{""anneal"": true, ""anneal_seconds"": 2.35}",False,
case_001,1,1,4,capls,sa2,0,0.001,0.147,True,69334,617856,617856,0,2257408,,,5,233110,,3.3621311333544868,"{""anneal"": true, ""anneal_seconds"": 2.35}",False,
case_001,1,1,4,capls,sa3,0,0.001,0.146,True,69334,617856,617856,0,2257408,,,5,233110,,3.3621311333544868,"{""anneal"": true, ""anneal_seconds"": 2.35}",False,
case_001,1,1,4,capls,_best,0,0.028,0.123,True,58984,3456,3456,0,1643008,,,4,233110,,3.952088702020887,"{""block_cap"": 0.35}",True,results\plans\case_001_p1_n4_capls_best.json
case_004,1,1,2,capls,c0,0,0.026,0.192,True,199074,110592,110592,0,903168,,,2,392357,,1.9709103147573264,"{""block_cap"": 0.35}",True,
case_004,1,1,2,capls,c1,0,0.019,0.192,True,199074,110592,110592,0,903168,,,2,392357,,1.9709103147573264,"{""block_cap"": 0.15}",False,
case_004,1,1,2,capls,c2,0,0.018,0.192,True,199074,110592,110592,0,903168,,,2,392357,,1.9709103147573264,"{""block_cap"": 0.35, ""init"": ""rr""}",False,
case_004,1,1,2,capls,c3,0,0.017,0.179,True,199074,110592,110592,0,903168,,,2,392357,,1.9709103147573264,"{""block_cap"": 0.35, ""init"": ""contig""}",False,
case_004,1,1,2,capls,c4,0,0.011,0.216,True,289507,12165120,12165120,0,12957696,,,111,392357,,1.3552591129057328,"{""block_cap"": 0.35, ""subgraph_mode"": ""block""}",False,
case_004,1,1,2,capls,c5,0,0.014,0.216,True,289507,12165120,12165120,0,12957696,,,111,392357,,1.3552591129057328,"{""block_cap"": 0.35, ""init"": ""rr"", ""subgraph_mode"": ""block""}",False,
case_004,1,1,2,capls,c6,0,0.011,0.192,True,199074,110592,110592,0,903168,,,2,392357,,1.9709103147573264,"{""block_cap"": 0.6, ""comm_weight"": 1e-06}",False,
case_004,1,1,2,capls,c7,0,0.016,0.192,True,199074,110592,110592,0,903168,,,2,392357,,1.9709103147573264,"{""block_cap"": 0.08}",False,
case_004,1,1,2,capls,c8,0,0.031,0.355,True,209894,3790848,3790848,0,4583424,,,5,392357,,1.869310223255548,"{""block_cap"": 0.005}",False,
case_004,1,1,2,capls,c9,0,0.016,0.192,True,199074,110592,110592,0,903168,,,2,392357,,1.9709103147573264,"{""block_cap"": 0.35, ""max_ops"": 2000}",False,
case_004,1,1,2,capls,c10,0,0.004,0.181,True,392357,0,0,0,792576,,,1,392357,,1.0,"{""block_cap"": 0.35, ""cores_used"": 1}",False,
case_004,1,1,2,capls,c11,0,0.004,0.181,True,392357,0,0,0,792576,,,1,392357,,1.0,"{""block_cap"": 0.35, ""cores_used"": 1}",False,
case_004,1,1,2,capls,c12,0,0.013,0.192,True,199074,110592,110592,0,903168,,,2,392357,,1.9709103147573264,"{""block_cap"": 0.35, ""init"": ""rr"", ""level_mode"": ""alap_fill""}",False,
case_004,1,1,2,capls,c13,0,0.02,0.192,True,199074,110592,110592,0,903168,,,2,392357,,1.9709103147573264,"{""block_cap"": 0.35, ""init"": ""rr"", ""level_mode"": ""alap_compress""}",False,
case_004,1,1,2,capls,sa1,0,0.238,0.232,True,205066,2688000,2688000,0,3480576,,,6,392357,,1.9133205894687564,"{""anneal"": true, ""anneal_seconds"": 2.579}",False,
case_004,1,1,2,capls,sa2,0,0.199,0.198,True,204091,2721792,2721792,0,3514368,,,6,392357,,1.9224610590373903,"{""anneal"": true, ""anneal_seconds"": 2.579}",False,
case_004,1,1,2,capls,sa3,0,0.227,0.226,True,204091,2224128,2224128,0,3016704,,,5,392357,,1.9224610590373903,"{""anneal"": true, ""anneal_seconds"": 2.579}",False,
case_004,1,1,2,capls,_best,0,0.011,0.192,True,199074,110592,110592,0,903168,,,2,392357,,1.9709103147573264,"{""block_cap"": 0.35}",True,results\plans\case_004_p1_n2_capls_best.json
case_002,1,1,4,capls,c0,0,0.069,0.382,True,72534,224256,224256,0,1448448,,,13,261945,,3.611340888410952,"{""block_cap"": 0.35}",False,
case_002,1,1,4,capls,c1,0,0.111,0.38,True,75151,218112,218112,0,1442304,,,13,261945,,3.4855823608468284,"{""block_cap"": 0.15}",False,
case_002,1,1,4,capls,c2,0,0.065,0.358,True,71570,267264,267264,0,1491456,,,13,261945,,3.6599832331982673,"{""block_cap"": 0.35, ""init"": ""rr""}",False,
case_002,1,1,4,capls,c3,0,0.061,0.363,True,69677,86016,86016,0,1310208,,,8,261945,,3.7594184594629505,"{""block_cap"": 0.35, ""init"": ""contig""}",True,
case_002,1,1,4,capls,c4,0,0.047,0.275,True,273164,184320,184320,0,1408512,,,12,261945,,0.9589294343324889,"{""block_cap"": 0.35, ""subgraph_mode"": ""block""}",False,
case_002,1,1,4,capls,c5,0,0.049,0.239,True,274964,184320,184320,0,1408512,,,12,261945,,0.9526519835323897,"{""block_cap"": 0.35, ""init"": ""rr"", ""subgraph_mode"": ""block""}",False,
case_002,1,1,4,capls,c6,0,0.068,0.384,True,78833,90624,90624,0,1314816,,,8,261945,,3.3227836058503417,"{""block_cap"": 0.6, ""comm_weight"": 1e-06}",False,
case_002,1,1,4,capls,c7,0,0.126,0.59,True,75908,364032,364032,0,1588224,,,16,261945,,3.4508220477420033,"{""block_cap"": 0.08}",False,
case_002,1,1,4,capls,c8,0,0.3,0.583,True,93770,2775552,2775552,0,3999744,,,30,261945,,2.793484056734563,"{""block_cap"": 0.005}",False,
case_002,1,1,4,capls,c9,0,0.076,0.382,True,72534,224256,224256,0,1448448,,,13,261945,,3.611340888410952,"{""block_cap"": 0.35, ""max_ops"": 2000}",False,
case_002,1,1,4,capls,c10,0,0.046,0.495,True,93903,184320,184320,0,1408512,,,9,261945,,2.7895274911344687,"{""block_cap"": 0.35, ""cores_used"": 3}",False,
case_002,1,1,4,capls,c11,0,0.028,0.648,True,136165,112128,112128,0,1336320,,,6,261945,,1.9237322366246832,"{""block_cap"": 0.35, ""cores_used"": 2}",False,
case_002,1,1,4,capls,c12,0,0.05,0.338,True,82880,795648,795648,0,2019840,,,15,261945,,3.160533301158301,"{""block_cap"": 0.35, ""init"": ""rr"", ""level_mode"": ""alap_fill""}",False,
case_002,1,1,4,capls,c13,0,0.052,0.338,True,82880,795648,795648,0,2019840,,,15,261945,,3.160533301158301,"{""block_cap"": 0.35, ""init"": ""rr"", ""level_mode"": ""alap_compress""}",False,
case_002,1,1,4,capls,sa1,0,0.554,0.546,True,72715,1602048,1602048,0,2826240,,,12,261945,,3.6023516468404044,"{""anneal"": true, ""anneal_seconds"": 0.9}",False,
case_002,1,1,4,capls,sa2,0,0.588,0.586,True,72397,1520640,1520640,0,2744832,,,12,261945,,3.618174786248049,"{""anneal"": true, ""anneal_seconds"": 0.9}",False,
case_002,1,1,4,capls,sa3,0,0.556,0.555,True,73112,1889280,1889280,0,3113472,,,13,261945,,3.582790786738155,"{""anneal"": true, ""anneal_seconds"": 0.9}",False,
case_002,1,1,4,capls,_best,0,0.064,0.363,True,69677,86016,86016,0,1310208,,,8,261945,,3.7594184594629505,"{""block_cap"": 0.35, ""init"": ""contig""}",True,results\plans\case_002_p1_n4_capls_best.json
case_002,1,1,3,capls,c0,0,0.068,0.418,True,93903,184320,184320,0,1408512,,,9,261945,,2.7895274911344687,"{""block_cap"": 0.35}",False,
case_002,1,1,3,capls,c1,0,0.132,0.343,True,94507,115200,115200,0,1339392,,,7,261945,,2.77169945083433,"{""block_cap"": 0.15}",False,
case_002,1,1,3,capls,c2,0,0.051,0.458,True,94832,199680,199680,0,1423872,,,9,261945,,2.762200523030201,"{""block_cap"": 0.35, ""init"": ""rr""}",False,
case_002,1,1,3,capls,c3,0,0.037,0.43,True,90573,55296,55296,0,1279488,,,6,261945,,2.8920870458083536,"{""block_cap"": 0.35, ""init"": ""contig""}",True,
case_002,1,1,3,capls,c4,0,0.062,0.256,True,270821,141312,141312,0,1365504,,,9,261945,,0.9672255844266139,"{""block_cap"": 0.35, ""subgraph_mode"": ""block""}",False,
case_002,1,1,3,capls,c5,0,0.067,0.244,True,271721,141312,141312,0,1365504,,,9,261945,,0.9640219195424719,"{""block_cap"": 0.35, ""init"": ""rr"", ""subgraph_mode"": ""block""}",False,
case_002,1,1,3,capls,c6,0,0.058,0.485,True,106606,64512,64512,0,1288704,,,6,261945,,2.4571318687503516,"{""block_cap"": 0.6, ""comm_weight"": 1e-06}",False,
case_002,1,1,3,capls,c7,0,0.093,0.646,True,96008,337920,337920,0,1562112,,,11,261945,,2.7283663861344887,"{""block_cap"": 0.08}",False,
case_002,1,1,3,capls,c8,0,0.193,0.596,True,132862,2241024,2241024,0,3465216,,,19,261945,,1.9715569538317954,"{""block_cap"": 0.005}",False,
case_002,1,1,3,capls,c9,0,0.045,0.418,True,93903,184320,184320,0,1408512,,,9,261945,,2.7895274911344687,"{""block_cap"": 0.35, ""max_ops"": 2000}",False,
case_002,1,1,3,capls,c10,0,0.028,0.657,True,136165,112128,112128,0,1336320,,,6,261945,,1.9237322366246832,"{""block_cap"": 0.35, ""cores_used"": 2}",False,
case_002,1,1,3,capls,c11,0,0.016,0.695,True,261945,0,0,0,1224192,,,1,261945,,1.0,"{""block_cap"": 0.35, ""cores_used"": 1}",False,
case_002,1,1,3,capls,c12,0,0.044,0.356,True,147337,818688,818688,0,2042880,,,9,261945,,1.777862994359869,"{""block_cap"": 0.35, ""init"": ""rr"", ""level_mode"": ""alap_fill""}",False,
case_002,1,1,3,capls,c13,0,0.072,0.356,True,147337,818688,818688,0,2042880,,,9,261945,,1.777862994359869,"{""block_cap"": 0.35, ""init"": ""rr"", ""level_mode"": ""alap_compress""}",False,
case_002,1,1,3,capls,sa1,0,0.605,0.599,True,90595,1396224,1396224,0,2620416,,,9,261945,,2.8913847342568575,"{""anneal"": true, ""anneal_seconds"": 1.143}",False,
case_002,1,1,3,capls,sa2,0,0.643,0.641,True,90613,1669632,1669632,0,2893824,,,11,261945,,2.890810369373048,"{""anneal"": true, ""anneal_seconds"": 1.143}",False,
case_002,1,1,3,capls,sa3,0,0.578,0.577,True,90595,1399296,1399296,0,2623488,,,10,261945,,2.8913847342568575,"{""anneal"": true, ""anneal_seconds"": 1.143}",False,
case_002,1,1,3,capls,_best,0,0.045,0.43,True,90573,55296,55296,0,1279488,,,6,261945,,2.8920870458083536,"{""block_cap"": 0.35, ""init"": ""contig""}",True,results\plans\case_002_p1_n3_capls_best.json
case_002,1,1,5,capls,c0,0,0.086,0.386,True,60679,233472,233472,0,1457664,,,17,261945,,4.316897114322912,"{""block_cap"": 0.35}",False,
case_002,1,1,5,capls,c1,0,0.138,0.311,True,62778,276480,276480,0,1500672,,,16,261945,,4.172560451113448,"{""block_cap"": 0.15}",False,
case_002,1,1,5,capls,c2,0,0.067,0.308,True,60106,317952,317952,0,1542144,,,16,261945,,4.358050776960702,"{""block_cap"": 0.35, ""init"": ""rr""}",False,
case_002,1,1,5,capls,c3,0,0.062,0.286,True,56971,112128,112128,0,1336320,,,11,261945,,4.597865580734058,"{""block_cap"": 0.35, ""init"": ""contig""}",True,
case_002,1,1,5,capls,c4,0,0.058,0.269,True,274763,210432,210432,0,1434624,,,15,261945,,0.9533488861309565,"{""block_cap"": 0.35, ""subgraph_mode"": ""block""}",False,
case_002,1,1,5,capls,c5,0,0.064,0.245,True,278363,210432,210432,0,1434624,,,15,261945,,0.941019460201248,"{""block_cap"": 0.35, ""init"": ""rr"", ""subgraph_mode"": ""block""}",False,
case_002,1,1,5,capls,c6,0,0.083,0.341,True,63924,130560,130560,0,1354752,,,12,261945,,4.097756711094425,"{""block_cap"": 0.6, ""comm_weight"": 1e-06}",False,
case_002,1,1,5,capls,c7,0,0.158,0.532,True,63324,471552,471552,0,1695744,,,20,261945,,4.136583285957931,"{""block_cap"": 0.08}",False,
case_002,1,1,5,capls,c8,0,0.437,0.719,True,105499,4569600,4569600,0,5793792,,,45,261945,,2.482914529995545,"{""block_cap"": 0.005}",False,
case_002,1,1,5,capls,c9,0,0.077,0.386,True,60679,233472,233472,0,1457664,,,17,261945,,4.316897114322912,"{""block_cap"": 0.35, ""max_ops"": 2000}",False,
case_002,1,1,5,capls,c10,0,0.047,0.424,True,72534,224256,224256,0,1448448,,,13,261945,,3.611340888410952,"{""block_cap"": 0.35, ""cores_used"": 4}",False,
case_002,1,1,5,capls,c11,0,0.027,0.57,True,136165,112128,112128,0,1336320,,,6,261945,,1.9237322366246832,"{""block_cap"": 0.35, ""cores_used"": 2}",False,
case_002,1,1,5,capls,c12,0,0.061,0.375,True,86675,1064448,1064448,0,2288640,,,16,261945,,3.0221517161811366,"{""block_cap"": 0.35, ""init"": ""rr"", ""level_mode"": ""alap_fill""}",False,
case_002,1,1,5,capls,c13,0,0.062,0.375,True,86675,1064448,1064448,0,2288640,,,16,261945,,3.0221517161811366,"{""block_cap"": 0.35, ""init"": ""rr"", ""level_mode"": ""alap_compress""}",False,
case_002,1,1,5,capls,sa1,0,0.41,0.4,True,56997,419328,419328,0,1643520,,,12,261945,,4.595768198326228,"{""anneal"": true, ""anneal_seconds"": 1.157}",False,
case_002,1,1,5,capls,sa2,0,0.443,0.441,True,56997,703488,703488,0,1927680,,,13,261945,,4.595768198326228,"{""anneal"": true, ""anneal_seconds"": 1.157}",False,
case_002,1,1,5,capls,sa3,0,0.482,0.48,True,57449,1010688,1010688,0,2234880,,,14,261945,,4.559609392678723,"{""anneal"": true, ""anneal_seconds"": 1.157}",False,
case_002,1,1,5,capls,_best,0,0.066,0.286,True,56971,112128,112128,0,1336320,,,11,261945,,4.597865580734058,"{""block_cap"": 0.35, ""init"": ""contig""}",True,results\plans\case_002_p1_n5_capls_best.json
case_001,1,1,3,capls,c0,0,0.026,0.091,True,78545,2304,2304,0,1641856,,,3,233110,,2.9678528232223567,"{""block_cap"": 0.35}",True,
case_001,1,1,3,capls,c1,0,0.019,0.091,True,78545,2304,2304,0,1641856,,,3,233110,,2.9678528232223567,"{""block_cap"": 0.15}",False,
case_001,1,1,3,capls,c2,0,0.018,0.091,True,78545,2304,2304,0,1641856,,,3,233110,,2.9678528232223567,"{""block_cap"": 0.35, ""init"": ""rr""}",False,
case_001,1,1,3,capls,c3,0,0.018,0.099,True,78545,2304,2304,0,1641856,,,3,233110,,2.9678528232223567,"{""block_cap"": 0.35, ""init"": ""contig""}",False,
case_001,1,1,3,capls,c4,0,0.021,0.271,True,126372,229248,229248,0,1868800,,,200,233110,,1.8446333048460102,"{""block_cap"": 0.35, ""subgraph_mode"": ""block""}",False,
case_001,1,1,3,capls,c5,0,0.03,0.271,True,126372,229248,229248,0,1868800,,,200,233110,,1.8446333048460102,"{""block_cap"": 0.35, ""init"": ""rr"", ""subgraph_mode"": ""block""}",False,
case_001,1,1,3,capls,c6,0,0.028,0.091,True,78545,2304,2304,0,1641856,,,3,233110,,2.9678528232223567,"{""block_cap"": 0.6, ""comm_weight"": 1e-06}",False,
case_001,1,1,3,capls,c7,0,0.018,0.091,True,78545,2304,2304,0,1641856,,,3,233110,,2.9678528232223567,"{""block_cap"": 0.08}",False,
case_001,1,1,3,capls,c8,0,0.036,0.171,True,107200,1648896,1648896,0,3288448,,,4,233110,,2.1745335820895524,"{""block_cap"": 0.005}",False,
case_001,1,1,3,capls,c9,0,0.025,0.091,True,78545,2304,2304,0,1641856,,,3,233110,,2.9678528232223567,"{""block_cap"": 0.35, ""max_ops"": 2000}",False,
case_001,1,1,3,capls,c10,0,0.018,0.107,True,116868,1152,1152,0,1640704,,,2,233110,,1.9946435294520313,"{""block_cap"": 0.35, ""cores_used"": 2}",False,
case_001,1,1,3,capls,c11,0,0.006,0.176,True,233110,0,0,0,1639552,,,1,233110,,1.0,"{""block_cap"": 0.35, ""cores_used"": 1}",False,
case_001,1,1,3,capls,c12,0,0.025,0.091,True,78545,2304,2304,0,1641856,,,3,233110,,2.9678528232223567,"{""block_cap"": 0.35, ""init"": ""rr"", ""level_mode"": ""alap_fill""}",False,
case_001,1,1,3,capls,c13,0,0.019,0.091,True,78545,2304,2304,0,1641856,,,3,233110,,2.9678528232223567,"{""block_cap"": 0.35, ""init"": ""rr"", ""level_mode"": ""alap_compress""}",False,
case_001,1,1,3,capls,sa1,0,0.001,0.189,True,91257,813312,813312,0,2452864,,,4,233110,,2.5544341803916413,"{""anneal"": true, ""anneal_seconds"": 4.074}",False,
case_001,1,1,3,capls,sa2,0,0.001,0.168,True,92421,825600,825600,0,2465152,,,4,233110,,2.5222622564135855,"{""anneal"": true, ""anneal_seconds"": 4.074}",False,
case_001,1,1,3,capls,sa3,0,0.0,0.179,True,92421,825600,825600,0,2465152,,,4,233110,,2.5222622564135855,"{""anneal"": true, ""anneal_seconds"": 4.074}",False,
case_001,1,1,3,capls,_best,0,0.021,0.091,True,78545,2304,2304,0,1641856,,,3,233110,,2.9678528232223567,"{""block_cap"": 0.35}",True,results\plans\case_001_p1_n3_capls_best.json
case_004,1,1,3,capls,c0,0,0.028,0.115,True,134043,221184,221184,0,1013760,,,3,392357,,2.927098020784375,"{""block_cap"": 0.35}",True,
case_004,1,1,3,capls,c1,0,0.026,0.115,True,134043,221184,221184,0,1013760,,,3,392357,,2.927098020784375,"{""block_cap"": 0.15}",False,
case_004,1,1,3,capls,c2,0,0.027,0.115,True,134043,221184,221184,0,1013760,,,3,392357,,2.927098020784375,"{""block_cap"": 0.35, ""init"": ""rr""}",False,
case_004,1,1,3,capls,c3,0,0.026,0.1,True,134043,221184,221184,0,1013760,,,3,392357,,2.927098020784375,"{""block_cap"": 0.35, ""init"": ""contig""}",False,
case_004,1,1,3,capls,c4,0,0.024,0.193,True,263895,12165120,12165120,0,12957696,,,111,392357,,1.48679209534095,"{""block_cap"": 0.35, ""subgraph_mode"": ""block""}",False,
case_004,1,1,3,capls,c5,0,0.017,0.193,True,263895,12165120,12165120,0,12957696,,,111,392357,,1.48679209534095,"{""block_cap"": 0.35, ""init"": ""rr"", ""subgraph_mode"": ""block""}",False,
case_004,1,1,3,capls,c6,0,0.02,0.115,True,134043,221184,221184,0,1013760,,,3,392357,,2.927098020784375,"{""block_cap"": 0.6, ""comm_weight"": 1e-06}",False,
case_004,1,1,3,capls,c7,0,0.019,0.115,True,134043,221184,221184,0,1013760,,,3,392357,,2.927098020784375,"{""block_cap"": 0.08}",False,
case_004,1,1,3,capls,c8,0,0.043,0.2,True,150140,4085760,4085760,0,4878336,,,7,392357,,2.6132742773411484,"{""block_cap"": 0.005}",False,
case_004,1,1,3,capls,c9,0,0.027,0.115,True,134043,221184,221184,0,1013760,,,3,392357,,2.927098020784375,"{""block_cap"": 0.35, ""max_ops"": 2000}",False,
case_004,1,1,3,capls,c10,0,0.018,0.158,True,199074,110592,110592,0,903168,,,2,392357,,1.9709103147573264,"{""block_cap"": 0.35, ""cores_used"": 2}",False,
case_004,1,1,3,capls,c11,0,0.007,0.143,True,392357,0,0,0,792576,,,1,392357,,1.0,"{""block_cap"": 0.35, ""cores_used"": 1}",False,
case_004,1,1,3,capls,c12,0,0.022,0.115,True,134043,221184,221184,0,1013760,,,3,392357,,2.927098020784375,"{""block_cap"": 0.35, ""init"": ""rr"", ""level_mode"": ""alap_fill""}",False,
case_004,1,1,3,capls,c13,0,0.034,0.115,True,134043,221184,221184,0,1013760,,,3,392357,,2.927098020784375,"{""block_cap"": 0.35, ""init"": ""rr"", ""level_mode"": ""alap_compress""}",False,
case_004,1,1,3,capls,sa1,0,0.216,0.211,True,135848,1477632,1477632,0,2270208,,,4,392357,,2.888205936046169,"{""anneal"": true, ""anneal_seconds"": 3.489}",False,
case_004,1,1,3,capls,sa2,0,0.001,0.264,True,135848,1477632,1477632,0,2270208,,,4,392357,,2.888205936046169,"{""anneal"": true, ""anneal_seconds"": 3.489}",False,
case_004,1,1,3,capls,sa3,0,0.188,0.187,True,136875,2734080,2734080,0,3526656,,,5,392357,,2.8665351598173516,"{""anneal"": true, ""anneal_seconds"": 3.489}",False,
case_004,1,1,3,capls,_best,0,0.028,0.115,True,134043,221184,221184,0,1013760,,,3,392357,,2.927098020784375,"{""block_cap"": 0.35}",True,results\plans\case_004_p1_n3_capls_best.json
case_006,1,1,3,capls,c0,0,0.018,0.142,True,45497,671866,671866,0,1215214,,,9,82837,,1.8207134536343055,"{""block_cap"": 0.35}",False,
case_006,1,1,3,capls,c1,0,0.017,0.19,True,44998,939966,939966,0,1483314,,,14,82837,,1.8409040401795635,"{""block_cap"": 0.15}",False,
case_006,1,1,3,capls,c2,0,0.026,0.191,True,38178,795788,795788,0,1339136,,,9,82837,,2.16975745193567,"{""block_cap"": 0.35, ""init"": ""rr""}",False,
case_006,1,1,3,capls,c3,0,0.065,0.197,True,36031,363168,363168,0,906516,,,6,82837,,2.2990480419638644,"{""block_cap"": 0.35, ""init"": ""contig""}",True,
case_006,1,1,3,capls,c4,0,0.02,0.188,True,76946,823710,823710,0,1367058,,,70,82837,,1.0765601850648507,"{""block_cap"": 0.35, ""subgraph_mode"": ""block""}",False,
case_006,1,1,3,capls,c5,0,0.033,0.185,True,79426,823710,823710,0,1367058,,,70,82837,,1.0429456349306272,"{""block_cap"": 0.35, ""init"": ""rr"", ""subgraph_mode"": ""block""}",False,
case_006,1,1,3,capls,c6,0,0.026,0.135,True,42371,658532,658532,0,1201880,,,9,82837,,1.9550400037761677,"{""block_cap"": 0.6, ""comm_weight"": 1e-06}",False,
case_006,1,1,3,capls,c7,0,0.04,0.151,True,44808,941260,941260,0,1484608,,,12,82837,,1.8487100517764685,"{""block_cap"": 0.08}",False,
case_006,1,1,3,capls,c8,0,0.15,0.209,True,49048,1560120,1560120,0,2103468,,,24,82837,,1.688896591094438,"{""block_cap"": 0.005}",False,
case_006,1,1,3,capls,c9,0,0.017,0.142,True,45497,671866,671866,0,1215214,,,9,82837,,1.8207134536343055,"{""block_cap"": 0.35, ""max_ops"": 2000}",False,
case_006,1,1,3,capls,c10,0,0.012,0.201,True,62540,457924,457924,0,1001272,,,5,82837,,1.3245442916533419,"{""block_cap"": 0.35, ""cores_used"": 2}",False,
case_006,1,1,3,capls,c11,0,0.003,0.217,True,82837,16400,0,16400,559748,,,1,82837,,1.0,"{""block_cap"": 0.35, ""cores_used"": 1}",False,
case_006,1,1,3,capls,c12,0,0.034,0.166,True,40793,1309262,1309262,0,1852610,,,9,82837,,2.0306670262054762,"{""block_cap"": 0.35, ""init"": ""rr"", ""level_mode"": ""alap_fill""}",False,
case_006,1,1,3,capls,c13,0,0.034,0.166,True,40793,1309262,1309262,0,1852610,,,9,82837,,2.0306670262054762,"{""block_cap"": 0.35, ""init"": ""rr"", ""level_mode"": ""alap_compress""}",False,
case_006,1,1,3,capls,sa1,0,0.127,0.124,True,46359,1480056,1480056,0,2023404,,,10,82837,,1.7868590780646691,"{""anneal"": true, ""anneal_seconds"": 0.661}",False,
case_006,1,1,3,capls,sa2,0,0.102,0.102,True,45924,1381752,1381752,0,1925100,,,9,82837,,1.8037845135441164,"{""anneal"": true, ""anneal_seconds"": 0.661}",False,
case_006,1,1,3,capls,sa3,0,0.135,0.135,True,45595,1217912,1217912,0,1761260,,,8,82837,,1.8168000877289177,"{""anneal"": true, ""anneal_seconds"": 0.661}",False,
case_006,1,1,3,capls,_best,0,0.083,0.197,True,36031,363168,363168,0,906516,,,6,82837,,2.2990480419638644,"{""block_cap"": 0.35, ""init"": ""contig""}",True,results\plans\case_006_p1_n3_capls_best.json
case_006,1,1,2,capls,c0,0,0.021,0.181,True,62540,457924,457924,0,1001272,,,5,82837,,1.3245442916533419,"{""block_cap"": 0.35}",False,
case_006,1,1,2,capls,c1,0,0.02,0.167,True,52777,568078,568078,0,1111426,,,9,82837,,1.5695662883453019,"{""block_cap"": 0.15}",False,
case_006,1,1,2,capls,c2,0,0.027,0.169,True,53205,554718,554718,0,1098066,,,6,82837,,1.55694013720515,"{""block_cap"": 0.35, ""init"": ""rr""}",False,
case_006,1,1,2,capls,c3,0,0.022,0.176,True,46988,79376,79376,0,622724,,,4,82837,,1.7629394739082318,"{""block_cap"": 0.35, ""init"": ""contig""}",False,
case_006,1,1,2,capls,c4,0,0.012,0.137,True,82618,790932,790932,0,1334280,,,69,82837,,1.0026507540729623,"{""block_cap"": 0.35, ""subgraph_mode"": ""block""}",False,
case_006,1,1,2,capls,c5,0,0.016,0.18,True,73329,790932,790932,0,1334280,,,69,82837,,1.1296622073122502,"{""block_cap"": 0.35, ""init"": ""rr"", ""subgraph_mode"": ""block""}",False,
case_006,1,1,2,capls,c6,0,0.013,0.2,True,62540,457924,457924,0,1001272,,,5,82837,,1.3245442916533419,"{""block_cap"": 0.6, ""comm_weight"": 1e-06}",False,
case_006,1,1,2,capls,c7,0,0.02,0.155,True,56464,693774,693774,0,1237122,,,9,82837,,1.467076367242845,"{""block_cap"": 0.08}",False,
case_006,1,1,2,capls,c8,0,0.054,0.208,True,56142,1331324,1331324,0,1874672,,,15,82837,,1.4754907199601013,"{""block_cap"": 0.005}",False,
case_006,1,1,2,capls,c9,0,0.012,0.181,True,62540,457924,457924,0,1001272,,,5,82837,,1.3245442916533419,"{""block_cap"": 0.35, ""max_ops"": 2000}",False,
case_006,1,1,2,capls,c10,0,0.003,0.205,True,82837,16400,0,16400,559748,,,1,82837,,1.0,"{""block_cap"": 0.35, ""cores_used"": 1}",False,
case_006,1,1,2,capls,c11,0,0.003,0.205,True,82837,16400,0,16400,559748,,,1,82837,,1.0,"{""block_cap"": 0.35, ""cores_used"": 1}",False,
case_006,1,1,2,capls,c12,0,0.017,0.169,True,45035,1154138,1154138,0,1697486,,,6,82837,,1.8393915843233042,"{""block_cap"": 0.35, ""init"": ""rr"", ""level_mode"": ""alap_fill""}",True,
case_006,1,1,2,capls,c13,0,0.018,0.169,True,45035,1154138,1154138,0,1697486,,,6,82837,,1.8393915843233042,"{""block_cap"": 0.35, ""init"": ""rr"", ""level_mode"": ""alap_compress""}",False,
case_006,1,1,2,capls,sa1,0,0.13,0.127,True,46538,1811176,1811176,0,2354524,,,22,82837,,1.7799862477974988,"{""anneal"": true, ""anneal_seconds"": 1.363}",False,
case_006,1,1,2,capls,sa2,0,0.149,0.148,True,46437,1811176,1811176,0,2354524,,,21,82837,,1.783857699679135,"{""anneal"": true, ""anneal_seconds"": 1.363}",False,
case_006,1,1,2,capls,sa3,0,0.136,0.135,True,46540,1811180,1811180,0,2354528,,,22,82837,,1.7799097550494198,"{""anneal"": true, ""anneal_seconds"": 1.363}",False,
case_006,1,1,2,capls,_best,0,0.028,0.169,True,45035,1154138,1154138,0,1697486,,,6,82837,,1.8393915843233042,"{""block_cap"": 0.35, ""init"": ""rr"", ""level_mode"": ""alap_fill""}",True,results\plans\case_006_p1_n2_capls_best.json
case_002,1,1,2,capls,c0,0,0.048,0.539,True,136165,112128,112128,0,1336320,,,6,261945,,1.9237322366246832,"{""block_cap"": 0.35}",False,
case_002,1,1,2,capls,c1,0,0.03,0.577,True,136797,205824,205824,0,1430016,,,9,261945,,1.9148446237856094,"{""block_cap"": 0.15}",False,
case_002,1,1,2,capls,c2,0,0.028,0.513,True,137773,133632,133632,0,1357824,,,6,261945,,1.9012796411488464,"{""block_cap"": 0.35, ""init"": ""rr""}",False,
case_002,1,1,2,capls,c3,0,0.028,0.56,True,133757,32256,32256,0,1256448,,,3,261945,,1.9583647958611512,"{""block_cap"": 0.35, ""init"": ""contig""}",False,
case_002,1,1,2,capls,c4,0,0.033,0.265,True,267074,93696,93696,0,1317888,,,6,261945,,0.9807955847443031,"{""block_cap"": 0.35, ""subgraph_mode"": ""block""}",False,
case_002,1,1,2,capls,c5,0,0.033,0.336,True,267974,93696,93696,0,1317888,,,6,261945,,0.9775015486577056,"{""block_cap"": 0.35, ""init"": ""rr"", ""subgraph_mode"": ""block""}",False,
case_002,1,1,2,capls,c6,0,0.038,0.79,True,133718,64512,64512,0,1288704,,,5,261945,,1.9589359697273365,"{""block_cap"": 0.6, ""comm_weight"": 1e-06}",False,
case_002,1,1,2,capls,c7,0,0.052,0.63,True,138661,150528,150528,0,1374720,,,6,261945,,1.8891036412545705,"{""block_cap"": 0.08}",False,
case_002,1,1,2,capls,c8,0,0.09,0.621,True,154778,1555968,1555968,0,2780160,,,13,261945,,1.6923916835726007,"{""block_cap"": 0.005}",False,
case_002,1,1,2,capls,c9,0,0.042,0.539,True,136165,112128,112128,0,1336320,,,6,261945,,1.9237322366246832,"{""block_cap"": 0.35, ""max_ops"": 2000}",False,
case_002,1,1,2,capls,c10,0,0.015,0.706,True,261945,0,0,0,1224192,,,1,261945,,1.0,"{""block_cap"": 0.35, ""cores_used"": 1}",False,
case_002,1,1,2,capls,c11,0,0.015,0.706,True,261945,0,0,0,1224192,,,1,261945,,1.0,"{""block_cap"": 0.35, ""cores_used"": 1}",False,
case_002,1,1,2,capls,c12,0,0.029,0.382,True,168599,700416,700416,0,1924608,,,7,261945,,1.5536569018796078,"{""block_cap"": 0.35, ""init"": ""rr"", ""level_mode"": ""alap_fill""}",False,
case_002,1,1,2,capls,c13,0,0.038,0.382,True,168599,700416,700416,0,1924608,,,7,261945,,1.5536569018796078,"{""block_cap"": 0.35, ""init"": ""rr"", ""level_mode"": ""alap_compress""}",False,
case_002,1,1,2,capls,sa1,0,0.611,0.604,True,134101,820224,820224,0,2044416,,,7,261945,,1.953341138395687,"{""anneal"": true, ""anneal_seconds"": 3.469}",False,
case_002,1,1,2,capls,sa2,0,0.559,0.557,True,132841,1575936,1575936,0,2800128,,,9,261945,,1.9718686248974338,"{""anneal"": true, ""anneal_seconds"": 3.469}",True,
case_002,1,1,2,capls,sa3,0,0.623,0.621,True,132867,1572864,1572864,0,2797056,,,8,261945,,1.9714827609564451,"{""anneal"": true, ""anneal_seconds"": 3.469}",False,
case_002,1,1,2,capls,_best,0,,0.557,True,132841,1575936,,,,,,9,261945,,1.9718686248974338,"{""anneal"": true}",True,results\plans\case_002_p1_n2_capls_best.json
case_006,1,1,4,capls,c0,0,0.051,0.106,True,35211,603622,603622,0,1146970,,,13,82837,,2.3525886796739655,"{""block_cap"": 0.35}",False,
case_006,1,1,4,capls,c1,0,0.051,0.203,True,38569,602512,602512,0,1145860,,,15,82837,,2.1477611553320024,"{""block_cap"": 0.15}",False,
case_006,1,1,4,capls,c2,0,0.056,0.19,True,39535,627592,627592,0,1170940,,,13,82837,,2.0952826609333504,"{""block_cap"": 0.35, ""init"": ""rr""}",False,
case_006,1,1,4,capls,c3,0,0.055,0.163,True,35772,499638,499638,0,1042986,,,9,82837,,2.3156938387565695,"{""block_cap"": 0.35, ""init"": ""contig""}",False,
case_006,1,1,4,capls,c4,0,0.076,0.189,True,68906,856478,856478,0,1399826,,,71,82837,,1.20217397614141,"{""block_cap"": 0.35, ""subgraph_mode"": ""block""}",False,
case_006,1,1,4,capls,c5,0,0.049,0.155,True,68203,856478,856478,0,1399826,,,71,82837,,1.2145653417005118,"{""block_cap"": 0.35, ""init"": ""rr"", ""subgraph_mode"": ""block""}",False,
case_006,1,1,4,capls,c6,0,0.066,0.149,True,36253,573430,573430,0,1116778,,,13,82837,,2.2849695197638815,"{""block_cap"": 0.6, ""comm_weight"": 1e-06}",False,
case_006,1,1,4,capls,c7,0,0.052,0.206,True,34266,623020,623020,0,1166368,,,17,82837,,2.417469211463258,"{""block_cap"": 0.08}",False,
case_006,1,1,4,capls,c8,0,0.192,0.246,True,51809,1690340,1690340,0,2233688,,,31,82837,,1.5988920843868826,"{""block_cap"": 0.005}",False,
case_006,1,1,4,capls,c9,0,0.071,0.106,True,35211,603622,603622,0,1146970,,,13,82837,,2.3525886796739655,"{""block_cap"": 0.35, ""max_ops"": 2000}",False,
case_006,1,1,4,capls,c10,0,0.017,0.155,True,45497,671866,671866,0,1215214,,,9,82837,,1.8207134536343055,"{""block_cap"": 0.35, ""cores_used"": 3}",False,
case_006,1,1,4,capls,c11,0,0.012,0.174,True,62540,457924,457924,0,1001272,,,5,82837,,1.3245442916533419,"{""block_cap"": 0.35, ""cores_used"": 2}",False,
case_006,1,1,4,capls,c12,0,0.054,0.175,True,44106,1628018,1628018,0,2171366,,,16,82837,,1.8781344941731284,"{""block_cap"": 0.35, ""init"": ""rr"", ""level_mode"": ""alap_fill""}",False,
case_006,1,1,4,capls,c13,0,0.069,0.175,True,44106,1628018,1628018,0,2171366,,,16,82837,,1.8781344941731284,"{""block_cap"": 0.35, ""init"": ""rr"", ""level_mode"": ""alap_compress""}",False,
case_006,1,1,4,capls,sa1,0,0.168,0.165,True,33209,1036744,1036744,0,1580092,,,24,82837,,2.494414164834834,"{""anneal"": true, ""anneal_seconds"": 0.496}",True,
case_006,1,1,4,capls,sa2,0,0.163,0.162,True,33284,1036744,1036744,0,1580092,,,23,82837,,2.4887934142530947,"{""anneal"": true, ""anneal_seconds"": 0.496}",False,
case_006,1,1,4,capls,sa3,0,0.158,0.157,True,33576,1053128,1053128,0,1596476,,,24,82837,,2.4671491541577315,"{""anneal"": true, ""anneal_seconds"": 0.496}",False,
case_006,1,1,4,capls,_best,0,,0.165,True,33209,1036744,,,,,,24,82837,,2.494414164834834,"{""anneal"": true}",True,results\plans\case_006_p1_n4_capls_best.json
case_006,1,1,5,capls,c0,0,0.079,0.17,True,35845,413030,413030,0,956378,,,13,82837,,2.310977821174501,"{""block_cap"": 0.35}",False,
case_006,1,1,5,capls,c1,0,0.075,0.156,True,38856,419590,419590,0,962938,,,15,82837,,2.131897261684167,"{""block_cap"": 0.15}",False,
case_006,1,1,5,capls,c2,0,0.071,0.159,True,34136,433102,433102,0,976450,,,11,82837,,2.426675650339817,"{""block_cap"": 0.35, ""init"": ""rr""}",False,
case_006,1,1,5,capls,c3,0,0.071,0.183,True,31863,376254,376254,0,919602,,,13,82837,,2.599786586322694,"{""block_cap"": 0.35, ""init"": ""contig""}",False,
case_006,1,1,5,capls,c4,0,0.069,0.135,True,47334,938408,938408,0,1481756,,,73,82837,,1.7500528161575188,"{""block_cap"": 0.35, ""subgraph_mode"": ""block""}",False,
case_006,1,1,5,capls,c5,0,0.067,0.24,True,40386,938408,938408,0,1481756,,,73,82837,,2.051131580250582,"{""block_cap"": 0.35, ""init"": ""rr"", ""subgraph_mode"": ""block""}",False,
case_006,1,1,5,capls,c6,0,0.072,0.169,True,29306,377182,377182,0,920530,,,13,82837,,2.826622534634546,"{""block_cap"": 0.6, ""comm_weight"": 1e-06}",False,
case_006,1,1,5,capls,c7,0,0.08,0.153,True,36873,639264,639264,0,1182612,,,18,82837,,2.246548965367613,"{""block_cap"": 0.08}",False,
case_006,1,1,5,capls,c8,0,0.201,0.252,True,52464,1974320,1974320,0,2517668,,,41,82837,,1.5789303141201585,"{""block_cap"": 0.005}",False,
case_006,1,1,5,capls,c9,0,0.071,0.17,True,35845,413030,413030,0,956378,,,13,82837,,2.310977821174501,"{""block_cap"": 0.35, ""max_ops"": 2000}",False,
case_006,1,1,5,capls,c10,0,0.069,0.155,True,35211,603622,603622,0,1146970,,,13,82837,,2.3525886796739655,"{""block_cap"": 0.35, ""cores_used"": 4}",False,
case_006,1,1,5,capls,c11,0,0.019,0.128,True,62540,457924,457924,0,1001272,,,5,82837,,1.3245442916533419,"{""block_cap"": 0.35, ""cores_used"": 2}",False,
case_006,1,1,5,capls,c12,0,0.054,0.163,True,39372,1181744,1181744,0,1725092,,,15,82837,,2.1039571268922077,"{""block_cap"": 0.35, ""init"": ""rr"", ""level_mode"": ""alap_fill""}",False,
case_006,1,1,5,capls,c13,0,0.083,0.163,True,39372,1181744,1181744,0,1725092,,,15,82837,,2.1039571268922077,"{""block_cap"": 0.35, ""init"": ""rr"", ""level_mode"": ""alap_compress""}",False,
case_006,1,1,5,capls,sa1,0,0.121,0.118,True,28796,377182,377182,0,920530,,,13,82837,,2.8766842617030144,"{""anneal"": true, ""anneal_seconds"": 0.439}",True,
case_006,1,1,5,capls,sa2,0,0.111,0.11,True,30656,541022,541022,0,1084370,,,14,82837,,2.7021463987473906,"{""anneal"": true, ""anneal_seconds"": 0.439}",False,
case_006,1,1,5,capls,sa3,0,0.124,0.124,True,30656,541022,541022,0,1084370,,,14,82837,,2.7021463987473906,"{""anneal"": true, ""anneal_seconds"": 0.439}",False,
case_006,1,1,5,capls,_best,0,,0.118,True,28796,377182,,,,,,13,82837,,2.8766842617030144,"{""anneal"": true}",True,results\plans\case_006_p1_n5_capls_best.json
case_001,1,1,2,capls,c0,0,0.019,0.122,True,116868,1152,1152,0,1640704,,,2,233110,,1.9946435294520313,"{""block_cap"": 0.35}",True,
case_001,1,1,2,capls,c1,0,0.014,0.122,True,116868,1152,1152,0,1640704,,,2,233110,,1.9946435294520313,"{""block_cap"": 0.15}",False,
case_001,1,1,2,capls,c2,0,0.014,0.122,True,116868,1152,1152,0,1640704,,,2,233110,,1.9946435294520313,"{""block_cap"": 0.35, ""init"": ""rr""}",False,
case_001,1,1,2,capls,c3,0,0.019,0.16,True,116868,1152,1152,0,1640704,,,2,233110,,1.9946435294520313,"{""block_cap"": 0.35, ""init"": ""contig""}",False,
case_001,1,1,2,capls,c4,0,0.012,0.226,True,173100,229248,229248,0,1868800,,,200,233110,,1.346678220681687,"{""block_cap"": 0.35, ""subgraph_mode"": ""block""}",False,
case_001,1,1,2,capls,c5,0,0.018,0.226,True,173100,229248,229248,0,1868800,,,200,233110,,1.346678220681687,"{""block_cap"": 0.35, ""init"": ""rr"", ""subgraph_mode"": ""block""}",False,
case_001,1,1,2,capls,c6,0,0.02,0.122,True,116868,1152,1152,0,1640704,,,2,233110,,1.9946435294520313,"{""block_cap"": 0.6, ""comm_weight"": 1e-06}",False,
case_001,1,1,2,capls,c7,0,0.018,0.122,True,116868,1152,1152,0,1640704,,,2,233110,,1.9946435294520313,"{""block_cap"": 0.08}",False,
case_001,1,1,2,capls,c8,0,0.034,0.22,True,138416,1229952,1229952,0,2869504,,,3,233110,,1.6841261125881402,"{""block_cap"": 0.005}",False,
case_001,1,1,2,capls,c9,0,0.016,0.122,True,116868,1152,1152,0,1640704,,,2,233110,,1.9946435294520313,"{""block_cap"": 0.35, ""max_ops"": 2000}",False,
case_001,1,1,2,capls,c10,0,0.003,0.17,True,233110,0,0,0,1639552,,,1,233110,,1.0,"{""block_cap"": 0.35, ""cores_used"": 1}",False,
case_001,1,1,2,capls,c11,0,0.003,0.17,True,233110,0,0,0,1639552,,,1,233110,,1.0,"{""block_cap"": 0.35, ""cores_used"": 1}",False,
case_001,1,1,2,capls,c12,0,0.011,0.122,True,116868,1152,1152,0,1640704,,,2,233110,,1.9946435294520313,"{""block_cap"": 0.35, ""init"": ""rr"", ""level_mode"": ""alap_fill""}",False,
case_001,1,1,2,capls,c13,0,0.012,0.122,True,116868,1152,1152,0,1640704,,,2,233110,,1.9946435294520313,"{""block_cap"": 0.35, ""init"": ""rr"", ""level_mode"": ""alap_compress""}",False,
case_001,1,1,2,capls,sa1,0,0.0,0.198,True,137568,1229952,1229952,0,2869504,,,3,233110,,1.6945074435915328,"{""anneal"": true, ""anneal_seconds"": 7.497}",False,
case_001,1,1,2,capls,sa2,0,0.0,0.195,True,137568,1229952,1229952,0,2869504,,,3,233110,,1.6945074435915328,"{""anneal"": true, ""anneal_seconds"": 7.497}",False,
case_001,1,1,2,capls,sa3,0,0.0,0.161,True,233520,1152,1152,0,1640704,,,2,233110,,0.9982442617334704,"{""anneal"": true, ""anneal_seconds"": 7.497}",False,
case_001,1,1,2,capls,_best,0,0.011,0.122,True,116868,1152,1152,0,1640704,,,2,233110,,1.9946435294520313,"{""block_cap"": 0.35}",True,results\plans\case_001_p1_n2_capls_best.json
case_005,1,1,2,capls,c0,0,0.104,0.783,True,102335,707496,707496,0,1040910,,,11,95618,,0.9343626325304148,"{""block_cap"": 0.35}",False,
case_005,1,1,2,capls,c1,0,0.106,0.783,True,102335,707496,707496,0,1040910,,,11,95618,,0.9343626325304148,"{""block_cap"": 0.15}",False,
case_005,1,1,2,capls,c2,0,0.108,0.974,True,70129,973304,973304,0,1306718,,,20,95618,,1.36345876884028,"{""block_cap"": 0.35, ""init"": ""rr""}",False,
case_005,1,1,2,capls,c3,0,0.096,1.226,True,96672,142566,142566,0,475980,,,3,95618,,0.9890971532605097,"{""block_cap"": 0.35, ""init"": ""contig""}",False,
case_005,1,1,2,capls,c4,0,0.068,1.025,True,96380,1558026,1558026,0,1891440,,,153,95618,,0.9920937953932351,"{""block_cap"": 0.35, ""subgraph_mode"": ""block""}",False,
case_005,1,1,2,capls,c5,0,0.096,1.03,True,92621,1558026,1558026,0,1891440,,,153,95618,,1.032357672666026,"{""block_cap"": 0.35, ""init"": ""rr"", ""subgraph_mode"": ""block""}",False,
case_005,1,1,2,capls,c6,0,0.064,1.647,True,97525,248524,248524,0,581938,,,4,95618,,0.9804460394770572,"{""block_cap"": 0.6, ""comm_weight"": 1e-06}",False,
case_005,1,1,2,capls,c7,0,0.176,1.034,True,110805,2324960,2324960,0,2658374,,,43,95618,,0.8629393980416046,"{""block_cap"": 0.08}",False,
case_005,1,1,2,capls,c8,0,0.275,1.252,True,129079,2329394,2329394,0,2662808,,,30,95618,,0.7407711556488662,"{""block_cap"": 0.005}",False,
case_005,1,1,2,capls,c9,0,0.072,0.783,True,102335,707496,707496,0,1040910,,,11,95618,,0.9343626325304148,"{""block_cap"": 0.35, ""max_ops"": 2000}",False,
case_005,1,1,2,capls,c10,0,0.051,3.566,True,95618,0,0,0,333414,,,1,95618,,1.0,"{""block_cap"": 0.35, ""cores_used"": 1}",False,
case_005,1,1,2,capls,c11,0,0.048,3.566,True,95618,0,0,0,333414,,,1,95618,,1.0,"{""block_cap"": 0.35, ""cores_used"": 1}",False,
case_005,1,1,2,capls,c12,0,0.163,1.062,True,68915,988758,988758,0,1322172,,,20,95618,,1.3874773271421317,"{""block_cap"": 0.35, ""init"": ""rr"", ""level_mode"": ""alap_fill""}",False,
case_005,1,1,2,capls,c13,0,0.154,1.062,True,68915,988758,988758,0,1322172,,,20,95618,,1.3874773271421317,"{""block_cap"": 0.35, ""init"": ""rr"", ""level_mode"": ""alap_compress""}",False,
case_005,1,1,2,capls,sa1,0,0.862,0.842,True,68676,1009752,1009752,0,1343166,,,21,95618,,1.392305900168909,"{""anneal"": true, ""anneal_seconds"": 1.809}",True,
case_005,1,1,2,capls,sa2,0,0.866,0.862,True,68805,1106970,1106970,0,1440384,,,23,95618,,1.3896955163142213,"{""anneal"": true, ""anneal_seconds"": 1.809}",False,
case_005,1,1,2,capls,sa3,0,0.777,0.773,True,68805,1097752,1097752,0,1431166,,,22,95618,,1.3896955163142213,"{""anneal"": true, ""anneal_seconds"": 1.809}",False,
case_005,1,1,2,capls,_best,0,,0.842,True,68676,1009752,,,,,,21,95618,,1.392305900168909,"{""anneal"": true}",True,results\plans\case_005_p1_n2_capls_best.json
case_008,1,1,4,capls,c0,0,0.029,0.23,True,123060,0,0,0,2654424,,,4,487605,,3.962335446123842,"{""block_cap"": 0.35}",False,
case_008,1,1,4,capls,c1,0,0.027,0.23,True,123060,0,0,0,2654424,,,4,487605,,3.962335446123842,"{""block_cap"": 0.15}",False,
case_008,1,1,4,capls,c2,0,0.025,0.23,True,123060,0,0,0,2654424,,,4,487605,,3.962335446123842,"{""block_cap"": 0.35, ""init"": ""rr""}",False,
case_008,1,1,4,capls,c3,0,0.025,0.283,True,123060,0,0,0,2654424,,,4,487605,,3.962335446123842,"{""block_cap"": 0.35, ""init"": ""contig""}",False,
case_008,1,1,4,capls,c4,0,0.024,0.264,True,157796,0,0,0,2654424,,,108,487605,,3.090097340870491,"{""block_cap"": 0.35, ""subgraph_mode"": ""block""}",False,
case_008,1,1,4,capls,c5,0,0.026,0.264,True,157796,0,0,0,2654424,,,108,487605,,3.090097340870491,"{""block_cap"": 0.35, ""init"": ""rr"", ""subgraph_mode"": ""block""}",False,
case_008,1,1,4,capls,c6,0,0.029,0.23,True,123060,0,0,0,2654424,,,4,487605,,3.962335446123842,"{""block_cap"": 0.6, ""comm_weight"": 1e-06}",False,
case_008,1,1,4,capls,c7,0,0.024,0.23,True,123060,0,0,0,2654424,,,4,487605,,3.962335446123842,"{""block_cap"": 0.08}",False,
case_008,1,1,4,capls,c8,0,0.165,0.335,True,268075,6340608,6340608,0,8995032,,,6,487605,,1.8189126177375734,"{""block_cap"": 0.005}",False,
case_008,1,1,4,capls,c9,0,0.036,0.23,True,123060,0,0,0,2654424,,,4,487605,,3.962335446123842,"{""block_cap"": 0.35, ""max_ops"": 2000}",False,
case_008,1,1,4,capls,c10,0,0.019,0.273,True,163359,0,0,0,2654424,,,3,487605,,2.984867684057811,"{""block_cap"": 0.35, ""cores_used"": 3}",False,
case_008,1,1,4,capls,c11,0,0.013,0.28,True,244266,0,0,0,2654424,,,2,487605,,1.9962049568912579,"{""block_cap"": 0.35, ""cores_used"": 2}",False,
case_008,1,1,4,capls,c12,0,0.03,0.23,True,123060,0,0,0,2654424,,,4,487605,,3.962335446123842,"{""block_cap"": 0.35, ""init"": ""rr"", ""level_mode"": ""alap_fill""}",False,
case_008,1,1,4,capls,c13,0,0.031,0.23,True,123060,0,0,0,2654424,,,4,487605,,3.962335446123842,"{""block_cap"": 0.35, ""init"": ""rr"", ""level_mode"": ""alap_compress""}",False,
case_008,1,1,4,capls,sa1,0,0.001,0.279,True,122957,995328,995328,0,3649752,,,5,487605,,3.9656546597591027,"{""anneal"": true, ""anneal_seconds"": 2.796}",True,
case_008,1,1,4,capls,sa2,0,0.001,0.268,True,122957,995328,995328,0,3649752,,,5,487605,,3.9656546597591027,"{""anneal"": true, ""anneal_seconds"": 2.796}",False,
case_008,1,1,4,capls,sa3,0,0.0,0.266,True,122957,995328,995328,0,3649752,,,5,487605,,3.9656546597591027,"{""anneal"": true, ""anneal_seconds"": 2.796}",False,
case_008,1,1,4,capls,_best,0,,0.279,True,122957,995328,,,,,,5,487605,,3.9656546597591027,"{""anneal"": true}",True,results\plans\case_008_p1_n4_capls_best.json
case_008,1,1,5,capls,c0,0,0.031,0.234,True,100603,0,0,0,2654424,,,5,487605,,4.846823653370178,"{""block_cap"": 0.35}",False,
case_008,1,1,5,capls,c1,0,0.032,0.234,True,100603,0,0,0,2654424,,,5,487605,,4.846823653370178,"{""block_cap"": 0.15}",False,
case_008,1,1,5,capls,c2,0,0.038,0.234,True,100603,0,0,0,2654424,,,5,487605,,4.846823653370178,"{""block_cap"": 0.35, ""init"": ""rr""}",False,
case_008,1,1,5,capls,c3,0,0.03,0.214,True,100603,0,0,0,2654424,,,5,487605,,4.846823653370178,"{""block_cap"": 0.35, ""init"": ""contig""}",False,
case_008,1,1,5,capls,c4,0,0.03,0.29,True,134736,0,0,0,2654424,,,108,487605,,3.618965977912362,"{""block_cap"": 0.35, ""subgraph_mode"": ""block""}",False,
case_008,1,1,5,capls,c5,0,0.03,0.29,True,134736,0,0,0,2654424,,,108,487605,,3.618965977912362,"{""block_cap"": 0.35, ""init"": ""rr"", ""subgraph_mode"": ""block""}",False,
case_008,1,1,5,capls,c6,0,0.031,0.234,True,100603,0,0,0,2654424,,,5,487605,,4.846823653370178,"{""block_cap"": 0.6, ""comm_weight"": 1e-06}",False,
case_008,1,1,5,capls,c7,0,0.031,0.234,True,100603,0,0,0,2654424,,,5,487605,,4.846823653370178,"{""block_cap"": 0.08}",False,
case_008,1,1,5,capls,c8,0,0.132,0.279,True,176414,6303744,6303744,0,8958168,,,10,487605,,2.7639813166755474,"{""block_cap"": 0.005}",False,
case_008,1,1,5,capls,c9,0,0.049,0.234,True,100603,0,0,0,2654424,,,5,487605,,4.846823653370178,"{""block_cap"": 0.35, ""max_ops"": 2000}",False,
case_008,1,1,5,capls,c10,0,0.039,0.213,True,123060,0,0,0,2654424,,,4,487605,,3.962335446123842,"{""block_cap"": 0.35, ""cores_used"": 4}",False,
case_008,1,1,5,capls,c11,0,0.018,0.29,True,244266,0,0,0,2654424,,,2,487605,,1.9962049568912579,"{""block_cap"": 0.35, ""cores_used"": 2}",False,
case_008,1,1,5,capls,c12,0,0.044,0.234,True,100603,0,0,0,2654424,,,5,487605,,4.846823653370178,"{""block_cap"": 0.35, ""init"": ""rr"", ""level_mode"": ""alap_fill""}",False,
case_008,1,1,5,capls,c13,0,0.049,0.234,True,100603,0,0,0,2654424,,,5,487605,,4.846823653370178,"{""block_cap"": 0.35, ""init"": ""rr"", ""level_mode"": ""alap_compress""}",False,
case_008,1,1,5,capls,sa1,0,0.001,0.242,True,100603,774144,774144,0,3428568,,,6,487605,,4.846823653370178,"{""anneal"": true, ""anneal_seconds"": 2.206}",False,
case_008,1,1,5,capls,sa2,0,0.0,0.275,True,100603,774144,774144,0,3428568,,,6,487605,,4.846823653370178,"{""anneal"": true, ""anneal_seconds"": 2.206}",False,
case_008,1,1,5,capls,sa3,0,0.0,0.251,True,100500,811008,811008,0,3465432,,,6,487605,,4.851791044776119,"{""anneal"": true, ""anneal_seconds"": 2.206}",True,
case_008,1,1,5,capls,_best,0,,0.251,True,100500,811008,,,,,,6,487605,,4.851791044776119,"{""anneal"": true}",True,results\plans\case_008_p1_n5_capls_best.json
case_008,1,1,3,capls,c0,0,0.03,0.287,True,163359,0,0,0,2654424,,,3,487605,,2.984867684057811,"{""block_cap"": 0.35}",False,
case_008,1,1,3,capls,c1,0,0.029,0.287,True,163359,0,0,0,2654424,,,3,487605,,2.984867684057811,"{""block_cap"": 0.15}",False,
case_008,1,1,3,capls,c2,0,0.026,0.287,True,163359,0,0,0,2654424,,,3,487605,,2.984867684057811,"{""block_cap"": 0.35, ""init"": ""rr""}",False,
case_008,1,1,3,capls,c3,0,0.018,0.264,True,163359,0,0,0,2654424,,,3,487605,,2.984867684057811,"{""block_cap"": 0.35, ""init"": ""contig""}",False,
case_008,1,1,3,capls,c4,0,0.023,0.288,True,199304,0,0,0,2654424,,,108,487605,,2.4465389555653676,"{""block_cap"": 0.35, ""subgraph_mode"": ""block""}",False,
case_008,1,1,3,capls,c5,0,0.028,0.288,True,199304,0,0,0,2654424,,,108,487605,,2.4465389555653676,"{""block_cap"": 0.35, ""init"": ""rr"", ""subgraph_mode"": ""block""}",False,
case_008,1,1,3,capls,c6,0,0.021,0.287,True,163359,0,0,0,2654424,,,3,487605,,2.984867684057811,"{""block_cap"": 0.6, ""comm_weight"": 1e-06}",False,
case_008,1,1,3,capls,c7,0,0.018,0.287,True,163359,0,0,0,2654424,,,3,487605,,2.984867684057811,"{""block_cap"": 0.08}",False,
case_008,1,1,3,capls,c8,0,0.105,0.365,True,266517,6230016,6230016,0,8884440,,,5,487605,,1.8295455824581546,"{""block_cap"": 0.005}",False,
case_008,1,1,3,capls,c9,0,0.017,0.287,True,163359,0,0,0,2654424,,,3,487605,,2.984867684057811,"{""block_cap"": 0.35, ""max_ops"": 2000}",False,
case_008,1,1,3,capls,c10,0,0.012,0.247,True,244266,0,0,0,2654424,,,2,487605,,1.9962049568912579,"{""block_cap"": 0.35, ""cores_used"": 2}",False,
case_008,1,1,3,capls,c11,0,0.007,0.466,True,487605,0,0,0,2654424,,,1,487605,,1.0,"{""block_cap"": 0.35, ""cores_used"": 1}",False,
case_008,1,1,3,capls,c12,0,0.03,0.287,True,163359,0,0,0,2654424,,,3,487605,,2.984867684057811,"{""block_cap"": 0.35, ""init"": ""rr"", ""level_mode"": ""alap_fill""}",False,
case_008,1,1,3,capls,c13,0,0.031,0.287,True,163359,0,0,0,2654424,,,3,487605,,2.984867684057811,"{""block_cap"": 0.35, ""init"": ""rr"", ""level_mode"": ""alap_compress""}",False,
case_008,1,1,3,capls,sa1,0,0.001,0.284,True,163256,1327104,1327104,0,3981528,,,4,487605,,2.9867508697995784,"{""anneal"": true, ""anneal_seconds"": 4.58}",True,
case_008,1,1,3,capls,sa2,0,0.0,0.308,True,163256,1327104,1327104,0,3981528,,,4,487605,,2.9867508697995784,"{""anneal"": true, ""anneal_seconds"": 4.58}",False,
case_008,1,1,3,capls,sa3,0,0.0,0.29,True,163256,1327104,1327104,0,3981528,,,4,487605,,2.9867508697995784,"{""anneal"": true, ""anneal_seconds"": 4.58}",False,
case_008,1,1,3,capls,_best,0,,0.284,True,163256,1327104,,,,,,4,487605,,2.9867508697995784,"{""anneal"": true}",True,results\plans\case_008_p1_n3_capls_best.json
case_005,1,1,3,capls,c0,0,0.141,0.848,True,61110,991308,991308,0,1324722,,,29,95618,,1.564686630666012,"{""block_cap"": 0.35}",False,
case_005,1,1,3,capls,c1,0,0.827,1.123,True,96202,2086322,2086322,0,2419736,,,71,95618,,0.9939294401363797,"{""block_cap"": 0.15}",False,
case_005,1,1,3,capls,c2,0,0.346,0.961,True,57354,1190122,1190122,0,1523536,,,29,95618,,1.6671548627820205,"{""block_cap"": 0.35, ""init"": ""rr""}",False,
case_005,1,1,3,capls,c3,0,0.175,1.14,True,98417,97932,97932,0,431346,,,5,95618,,0.971559791499436,"{""block_cap"": 0.35, ""init"": ""contig""}",False,
case_005,1,1,3,capls,c4,0,0.122,1.096,True,82309,1558026,1558026,0,1891440,,,153,95618,,1.1616955618462137,"{""block_cap"": 0.35, ""subgraph_mode"": ""block""}",False,
case_005,1,1,3,capls,c5,0,0.328,1.112,True,75742,1558026,1558026,0,1891440,,,153,95618,,1.26241715296665,"{""block_cap"": 0.35, ""init"": ""rr"", ""subgraph_mode"": ""block""}",False,
case_005,1,1,3,capls,c6,0,0.154,1.086,True,55861,1143334,1143334,0,1476748,,,21,95618,,1.7117130019154687,"{""block_cap"": 0.6, ""comm_weight"": 1e-06}",False,
case_005,1,1,3,capls,c7,0,0.74,1.123,True,96202,2086322,2086322,0,2419736,,,71,95618,,0.9939294401363797,"{""block_cap"": 0.08}",False,
case_005,1,1,3,capls,c8,0,0.841,1.262,True,100320,2602580,2602580,0,2935994,,,89,95618,,0.9531299840510367,"{""block_cap"": 0.005}",False,
case_005,1,1,3,capls,c9,0,0.138,0.848,True,61110,991308,991308,0,1324722,,,29,95618,,1.564686630666012,"{""block_cap"": 0.35, ""max_ops"": 2000}",False,
case_005,1,1,3,capls,c10,0,0.103,0.996,True,102335,707496,707496,0,1040910,,,11,95618,,0.9343626325304148,"{""block_cap"": 0.35, ""cores_used"": 2}",False,
case_005,1,1,3,capls,c11,0,0.04,3.591,True,95618,0,0,0,333414,,,1,95618,,1.0,"{""block_cap"": 0.35, ""cores_used"": 1}",False,
case_005,1,1,3,capls,c12,0,0.37,1.263,True,56719,1192048,1192048,0,1525462,,,30,95618,,1.685819566635519,"{""block_cap"": 0.35, ""init"": ""rr"", ""level_mode"": ""alap_fill""}",False,
case_005,1,1,3,capls,c13,0,0.352,1.263,True,56719,1192048,1192048,0,1525462,,,30,95618,,1.685819566635519,"{""block_cap"": 0.35, ""init"": ""rr"", ""level_mode"": ""alap_compress""}",False,
case_005,1,1,3,capls,sa1,0,0.973,0.954,True,55715,1165224,1165224,0,1498638,,,22,95618,,1.7161985102755093,"{""anneal"": true, ""anneal_seconds"": 1.793}",False,
case_005,1,1,3,capls,sa2,0,0.925,0.921,True,55517,1143334,1143334,0,1476748,,,21,95618,,1.7223192895869734,"{""anneal"": true, ""anneal_seconds"": 1.793}",True,
case_005,1,1,3,capls,sa3,0,0.957,0.952,True,56687,1206698,1206698,0,1540112,,,23,95618,,1.6867712173867024,"{""anneal"": true, ""anneal_seconds"": 1.793}",False,
case_005,1,1,3,capls,_best,0,,0.921,True,55517,1143334,,,,,,21,95618,,1.7223192895869734,"{""anneal"": true}",True,results\plans\case_005_p1_n3_capls_best.json
case_005,1,1,4,capls,c0,0,0.393,0.891,True,70367,1029162,1029162,0,1362576,,,27,95618,,1.3588471868915828,"{""block_cap"": 0.35}",False,
case_005,1,1,4,capls,c1,0,0.823,1.314,True,98477,2214500,2214500,0,2547914,,,83,95618,,0.9709678402063426,"{""block_cap"": 0.15}",False,
case_005,1,1,4,capls,c2,0,0.351,1.096,True,70741,1218758,1218758,0,1552172,,,31,95618,,1.351663109088082,"{""block_cap"": 0.35, ""init"": ""rr""}",False,
case_005,1,1,4,capls,c3,0,0.292,1.033,True,96009,439864,439864,0,773278,,,10,95618,,0.9959274651334771,"{""block_cap"": 0.35, ""init"": ""contig""}",False,
case_005,1,1,4,capls,c4,0,0.346,1.207,True,78603,1558026,1558026,0,1891440,,,153,95618,,1.2164675648512144,"{""block_cap"": 0.35, ""subgraph_mode"": ""block""}",False,
case_005,1,1,4,capls,c5,0,0.38,1.074,True,84149,1558026,1558026,0,1891440,,,153,95618,,1.1362939547707043,"{""block_cap"": 0.35, ""init"": ""rr"", ""subgraph_mode"": ""block""}",False,
case_005,1,1,4,capls,c6,0,0.369,1.183,True,70107,1029258,1029258,0,1362672,,,27,95618,,1.363886630436333,"{""block_cap"": 0.6, ""comm_weight"": 1e-06}",False,
case_005,1,1,4,capls,c7,0,0.854,1.314,True,98477,2214500,2214500,0,2547914,,,83,95618,,0.9709678402063426,"{""block_cap"": 0.08}",False,
case_005,1,1,4,capls,c8,0,0.868,1.467,True,104738,2900324,2900324,0,3233738,,,121,95618,,0.9129255857472932,"{""block_cap"": 0.005}",False,
case_005,1,1,4,capls,c9,0,0.38,0.891,True,70367,1029162,1029162,0,1362576,,,27,95618,,1.3588471868915828,"{""block_cap"": 0.35, ""max_ops"": 2000}",False,
case_005,1,1,4,capls,c10,0,0.099,1.006,True,61110,991308,991308,0,1324722,,,29,95618,,1.564686630666012,"{""block_cap"": 0.35, ""cores_used"": 3}",True,
case_005,1,1,4,capls,c11,0,0.108,0.915,True,102335,707496,707496,0,1040910,,,11,95618,,0.9343626325304148,"{""block_cap"": 0.35, ""cores_used"": 2}",False,
case_005,1,1,4,capls,c12,0,0.364,1.268,True,69986,1230598,1230598,0,1564012,,,33,95618,,1.36624467750693,"{""block_cap"": 0.35, ""init"": ""rr"", ""level_mode"": ""alap_fill""}",False,
case_005,1,1,4,capls,c13,0,0.421,1.268,True,69986,1230598,1230598,0,1564012,,,33,95618,,1.36624467750693,"{""block_cap"": 0.35, ""init"": ""rr"", ""level_mode"": ""alap_compress""}",False,
case_005,1,1,4,capls,sa1,0,1.192,1.18,True,62184,1929754,1929754,0,2263168,,,98,95618,,1.5376624212015952,"{""anneal"": true, ""anneal_seconds"": 1.486}",False,
case_005,1,1,4,capls,sa2,0,1.308,1.305,True,62136,1927450,1927450,0,2260864,,,97,95618,,1.5388502639371702,"{""anneal"": true, ""anneal_seconds"": 1.486}",False,
case_005,1,1,4,capls,sa3,0,1.186,1.181,True,62184,1929756,1929756,0,2263170,,,99,95618,,1.5376624212015952,"{""anneal"": true, ""anneal_seconds"": 1.486}",False,
case_005,1,1,4,capls,_best,0,0.138,1.006,True,61110,991308,991308,0,1324722,,,29,95618,,1.564686630666012,"{""block_cap"": 0.35, ""cores_used"": 3}",True,results\plans\case_005_p1_n4_capls_best.json
case_005,1,1,5,capls,c0,0,0.438,1.06,True,71392,1133228,1133228,0,1466642,,,32,95618,,1.3393377409233527,"{""block_cap"": 0.35}",False,
case_005,1,1,5,capls,c1,0,0.908,1.169,True,97259,2369680,2369680,0,2703094,,,103,95618,,0.983127525473221,"{""block_cap"": 0.15}",False,
case_005,1,1,5,capls,c2,0,0.359,1.277,True,57829,1242270,1242270,0,1575684,,,41,95618,,1.6534610662470386,"{""block_cap"": 0.35, ""init"": ""rr""}",False,
case_005,1,1,5,capls,c3,0,0.307,0.931,True,85418,532930,532930,0,866344,,,16,95618,,1.1194127701421246,"{""block_cap"": 0.35, ""init"": ""contig""}",False,
case_005,1,1,5,capls,c4,0,0.394,0.959,True,75490,1558026,1558026,0,1891440,,,153,95618,,1.2666313418995894,"{""block_cap"": 0.35, ""subgraph_mode"": ""block""}",False,
case_005,1,1,5,capls,c5,0,0.414,1.03,True,69205,1558026,1558026,0,1891440,,,153,95618,,1.3816631746261108,"{""block_cap"": 0.35, ""init"": ""rr"", ""subgraph_mode"": ""block""}",False,
case_005,1,1,5,capls,c6,0,0.406,1.046,True,74741,949984,949984,0,1283398,,,27,95618,,1.279324600955299,"{""block_cap"": 0.6, ""comm_weight"": 1e-06}",False,
case_005,1,1,5,capls,c7,0,0.828,1.169,True,97259,2369680,2369680,0,2703094,,,103,95618,,0.983127525473221,"{""block_cap"": 0.08}",False,
case_005,1,1,5,capls,c8,0,0.978,1.887,True,116181,3624130,3624130,0,3957544,,,178,95618,,0.8230089257279589,"{""block_cap"": 0.005}",False,
case_005,1,1,5,capls,c9,0,0.437,1.06,True,71392,1133228,1133228,0,1466642,,,32,95618,,1.3393377409233527,"{""block_cap"": 0.35, ""max_ops"": 2000}",False,
case_005,1,1,5,capls,c10,0,0.341,1.068,True,70367,1029162,1029162,0,1362576,,,27,95618,,1.3588471868915828,"{""block_cap"": 0.35, ""cores_used"": 4}",False,
case_005,1,1,5,capls,c11,0,0.089,0.959,True,102335,707496,707496,0,1040910,,,11,95618,,0.9343626325304148,"{""block_cap"": 0.35, ""cores_used"": 2}",False,
case_005,1,1,5,capls,c12,0,0.381,1.428,True,57787,1292864,1292864,0,1626278,,,47,95618,,1.6546628134355479,"{""block_cap"": 0.35, ""init"": ""rr"", ""level_mode"": ""alap_fill""}",True,
case_005,1,1,5,capls,c13,0,0.488,1.428,True,57787,1292864,1292864,0,1626278,,,47,95618,,1.6546628134355479,"{""block_cap"": 0.35, ""init"": ""rr"", ""level_mode"": ""alap_compress""}",False,
case_005,1,1,5,capls,sa1,0,1.028,1.01,True,58393,1408930,1408930,0,1742344,,,55,95618,,1.6374907951295532,"{""anneal"": true, ""anneal_seconds"": 1.973}",False,
case_005,1,1,5,capls,sa2,0,1.04,1.036,True,58367,1395874,1395874,0,1729288,,,54,95618,,1.6382202271831685,"{""anneal"": true, ""anneal_seconds"": 1.973}",False,
case_005,1,1,5,capls,sa3,0,0.986,0.981,True,58362,1400674,1400674,0,1734088,,,55,95618,,1.6383605770878311,"{""anneal"": true, ""anneal_seconds"": 1.973}",False,
case_005,1,1,5,capls,_best,0,0.49,1.428,True,57787,1292864,1292864,0,1626278,,,47,95618,,1.6546628134355479,"{""block_cap"": 0.35, ""init"": ""rr"", ""level_mode"": ""alap_fill""}",True,results\plans\case_005_p1_n5_capls_best.json
case_008,1,1,2,capls,c0,0,0.015,0.282,True,244266,0,0,0,2654424,,,2,487605,,1.9962049568912579,"{""block_cap"": 0.35}",False,
case_008,1,1,2,capls,c1,0,0.013,0.282,True,244266,0,0,0,2654424,,,2,487605,,1.9962049568912579,"{""block_cap"": 0.15}",False,
case_008,1,1,2,capls,c2,0,0.02,0.282,True,244266,0,0,0,2654424,,,2,487605,,1.9962049568912579,"{""block_cap"": 0.35, ""init"": ""rr""}",False,
case_008,1,1,2,capls,c3,0,0.021,0.356,True,244266,0,0,0,2654424,,,2,487605,,1.9962049568912579,"{""block_cap"": 0.35, ""init"": ""contig""}",False,
case_008,1,1,2,capls,c4,0,0.019,0.255,True,282320,0,0,0,2654424,,,108,487605,,1.7271358741853216,"{""block_cap"": 0.35, ""subgraph_mode"": ""block""}",False,
case_008,1,1,2,capls,c5,0,0.018,0.255,True,282320,0,0,0,2654424,,,108,487605,,1.7271358741853216,"{""block_cap"": 0.35, ""init"": ""rr"", ""subgraph_mode"": ""block""}",False,
case_008,1,1,2,capls,c6,0,0.018,0.282,True,244266,0,0,0,2654424,,,2,487605,,1.9962049568912579,"{""block_cap"": 0.6, ""comm_weight"": 1e-06}",False,
case_008,1,1,2,capls,c7,0,0.02,0.282,True,244266,0,0,0,2654424,,,2,487605,,1.9962049568912579,"{""block_cap"": 0.08}",False,
case_008,1,1,2,capls,c8,0,0.117,0.358,True,255017,5345280,5345280,0,7999704,,,6,487605,,1.9120490006548583,"{""block_cap"": 0.005}",False,
case_008,1,1,2,capls,c9,0,0.015,0.282,True,244266,0,0,0,2654424,,,2,487605,,1.9962049568912579,"{""block_cap"": 0.35, ""max_ops"": 2000}",False,
case_008,1,1,2,capls,c10,0,0.007,0.433,True,487605,0,0,0,2654424,,,1,487605,,1.0,"{""block_cap"": 0.35, ""cores_used"": 1}",False,
case_008,1,1,2,capls,c11,0,0.007,0.433,True,487605,0,0,0,2654424,,,1,487605,,1.0,"{""block_cap"": 0.35, ""cores_used"": 1}",False,
case_008,1,1,2,capls,c12,0,0.022,0.282,True,244266,0,0,0,2654424,,,2,487605,,1.9962049568912579,"{""block_cap"": 0.35, ""init"": ""rr"", ""level_mode"": ""alap_fill""}",False,
case_008,1,1,2,capls,c13,0,0.022,0.282,True,244266,0,0,0,2654424,,,2,487605,,1.9962049568912579,"{""block_cap"": 0.35, ""init"": ""rr"", ""level_mode"": ""alap_compress""}",False,
case_008,1,1,2,capls,sa1,0,0.001,0.345,True,244163,1990656,1990656,0,4645080,,,3,487605,,1.997047054631537,"{""anneal"": true, ""anneal_seconds"": 9.343}",True,
case_008,1,1,2,capls,sa2,0,0.001,0.348,True,244163,1990656,1990656,0,4645080,,,3,487605,,1.997047054631537,"{""anneal"": true, ""anneal_seconds"": 9.343}",False,
case_008,1,1,2,capls,sa3,0,0.314,0.307,True,244163,5771520,4002048,1769472,8425944,,,4,487605,,1.997047054631537,"{""anneal"": true, ""anneal_seconds"": 9.343}",False,
case_008,1,1,2,capls,_best,0,,0.345,True,244163,1990656,,,,,,3,487605,,1.997047054631537,"{""anneal"": true}",True,results\plans\case_008_p1_n2_capls_best.json
case_010,1,1,3,capls,c0,0,0.039,0.139,True,44651,855084,855084,0,1239234,,,11,86969,,1.947750330339746,"{""block_cap"": 0.35}",False,
case_010,1,1,3,capls,c1,0,0.042,0.133,True,46991,755502,755502,0,1139652,,,12,86969,,1.8507586559128344,"{""block_cap"": 0.15}",False,
case_010,1,1,3,capls,c2,0,0.044,0.17,True,44263,862518,862518,0,1246668,,,12,86969,,1.964823893545399,"{""block_cap"": 0.35, ""init"": ""rr""}",False,
case_010,1,1,3,capls,c3,0,0.032,0.104,True,38265,441632,441632,0,825782,,,6,86969,,2.2728080491310596,"{""block_cap"": 0.35, ""init"": ""contig""}",False,
case_010,1,1,3,capls,c4,0,0.044,0.158,True,89439,1098330,1098330,0,1482480,,,96,86969,,0.9723834121580072,"{""block_cap"": 0.35, ""subgraph_mode"": ""block""}",False,
case_010,1,1,3,capls,c5,0,0.062,0.166,True,87152,1098330,1098330,0,1482480,,,96,86969,,0.9979002203047549,"{""block_cap"": 0.35, ""init"": ""rr"", ""subgraph_mode"": ""block""}",False,
case_010,1,1,3,capls,c6,0,0.024,0.172,True,39419,621576,621576,0,1005726,,,8,86969,,2.2062710875466145,"{""block_cap"": 0.6, ""comm_weight"": 1e-06}",False,
case_010,1,1,3,capls,c7,0,0.064,0.139,True,41240,848326,848326,0,1232476,,,11,86969,,2.1088506304558683,"{""block_cap"": 0.08}",False,
case_010,1,1,3,capls,c8,0,0.159,0.154,True,51235,1020002,1020002,0,1404152,,,18,86969,,1.6974529130477214,"{""block_cap"": 0.005}",False,
case_010,1,1,3,capls,c9,0,0.047,0.139,True,44651,855084,855084,0,1239234,,,11,86969,,1.947750330339746,"{""block_cap"": 0.35, ""max_ops"": 2000}",False,
case_010,1,1,3,capls,c10,0,0.027,0.125,True,60803,619792,619792,0,1003942,,,6,86969,,1.4303406081936747,"{""block_cap"": 0.35, ""cores_used"": 2}",False,
case_010,1,1,3,capls,c11,0,0.007,0.121,True,86969,0,0,0,384150,,,1,86969,,1.0,"{""block_cap"": 0.35, ""cores_used"": 1}",False,
case_010,1,1,3,capls,c12,0,0.046,0.193,True,43427,1547578,1547578,0,1931728,,,12,86969,,2.0026481221359984,"{""block_cap"": 0.35, ""init"": ""rr"", ""level_mode"": ""alap_fill""}",False,
case_010,1,1,3,capls,c13,0,0.043,0.193,True,43427,1547578,1547578,0,1931728,,,12,86969,,2.0026481221359984,"{""block_cap"": 0.35, ""init"": ""rr"", ""level_mode"": ""alap_compress""}",False,
case_010,1,1,3,capls,sa1,0,0.147,0.145,True,36068,1097044,1097044,0,1481194,,,35,86969,,2.411250970389265,"{""anneal"": true, ""anneal_seconds"": 0.56}",False,
case_010,1,1,3,capls,sa2,0,0.165,0.164,True,36998,1049236,1049236,0,1433386,,,34,86969,,2.350640575166225,"{""anneal"": true, ""anneal_seconds"": 0.56}",False,
case_010,1,1,3,capls,sa3,0,0.155,0.154,True,35952,1076548,1076548,0,1460698,,,34,86969,,2.419030930129061,"{""anneal"": true, ""anneal_seconds"": 0.56}",True,
case_010,1,1,3,capls,_best,0,,0.154,True,35952,1076548,,,,,,34,86969,,2.419030930129061,"{""anneal"": true}",True,results\plans\case_010_p1_n3_capls_best.json
case_009,1,1,2,capls,c0,0,0.15,1.275,True,140221,370072,370072,0,865404,,,21,153261,,1.0929960562255296,"{""block_cap"": 0.35}",False,
case_009,1,1,2,capls,c1,0,0.103,1.275,True,140221,370072,370072,0,865404,,,21,153261,,1.0929960562255296,"{""block_cap"": 0.15}",False,
case_009,1,1,2,capls,c2,0,0.148,1.071,True,144178,482334,482334,0,977666,,,27,153261,,1.0629985157236195,"{""block_cap"": 0.35, ""init"": ""rr""}",False,
case_009,1,1,2,capls,c3,0,0.146,3.131,True,154732,46314,46314,0,541646,,,5,153261,,0.9904932399245147,"{""block_cap"": 0.35, ""init"": ""contig""}",False,
case_009,1,1,2,capls,c4,0,0.112,2.031,True,155952,982558,982558,0,1477890,,,300,153261,,0.9827446906740536,"{""block_cap"": 0.35, ""subgraph_mode"": ""block""}",False,
case_009,1,1,2,capls,c5,0,0.17,1.848,True,154176,982558,982558,0,1477890,,,300,153261,,0.9940652241594022,"{""block_cap"": 0.35, ""init"": ""rr"", ""subgraph_mode"": ""block""}",False,
case_009,1,1,2,capls,c6,0,0.148,1.275,True,140221,370072,370072,0,865404,,,21,153261,,1.0929960562255296,"{""block_cap"": 0.6, ""comm_weight"": 1e-06}",False,
case_009,1,1,2,capls,c7,0,0.331,1.545,True,195434,1383760,1383760,0,1879092,,,101,153261,,0.7842084795890173,"{""block_cap"": 0.08}",False,
case_009,1,1,2,capls,c8,0,0.225,1.64,True,175843,2044230,2044230,0,2539562,,,130,153261,,0.8715786241135558,"{""block_cap"": 0.005}",False,
case_009,1,1,2,capls,c9,0,0.162,1.275,True,140221,370072,370072,0,865404,,,21,153261,,1.0929960562255296,"{""block_cap"": 0.35, ""max_ops"": 2000}",False,
case_009,1,1,2,capls,c10,0,0.071,6.144,True,153261,0,0,0,495332,,,1,153261,,1.0,"{""block_cap"": 0.35, ""cores_used"": 1}",False,
case_009,1,1,2,capls,c11,0,0.075,6.144,True,153261,0,0,0,495332,,,1,153261,,1.0,"{""block_cap"": 0.35, ""cores_used"": 1}",False,
case_009,1,1,2,capls,c12,0,0.198,1.434,True,112543,1832738,1832738,0,2328070,,,38,153261,,1.3617994899727215,"{""block_cap"": 0.35, ""init"": ""rr"", ""level_mode"": ""alap_fill""}",False,
case_009,1,1,2,capls,c13,0,0.224,1.434,True,112543,1832738,1832738,0,2328070,,,38,153261,,1.3617994899727215,"{""block_cap"": 0.35, ""init"": ""rr"", ""level_mode"": ""alap_compress""}",False,
case_009,1,1,2,capls,sa1,0,1.571,1.55,True,112361,2410696,2410696,0,2906028,,,149,153261,,1.364005304331574,"{""anneal"": true, ""anneal_seconds"": 2.602}",False,
case_009,1,1,2,capls,sa2,0,1.616,1.61,True,111276,2294840,2294840,0,2790172,,,134,153261,,1.3773050792623747,"{""anneal"": true, ""anneal_seconds"": 2.602}",False,
case_009,1,1,2,capls,sa3,0,1.195,1.19,True,111035,2289206,2289206,0,2784538,,,133,153261,,1.3802945017336876,"{""anneal"": true, ""anneal_seconds"": 2.602}",True,
case_009,1,1,2,capls,_best,0,,1.19,True,111035,2289206,,,,,,133,153261,,1.3802945017336876,"{""anneal"": true}",True,results\plans\case_009_p1_n2_capls_best.json
case_010,1,1,4,capls,c0,0,0.053,0.143,True,35860,496302,496302,0,880452,,,14,86969,,2.4252370329057444,"{""block_cap"": 0.35}",False,
case_010,1,1,4,capls,c1,0,0.082,0.145,True,43715,673344,673344,0,1057494,,,11,86969,,1.9894544206794007,"{""block_cap"": 0.15}",False,
case_010,1,1,4,capls,c2,0,0.064,0.144,True,41983,808372,808372,0,1192522,,,15,86969,,2.071528952194936,"{""block_cap"": 0.35, ""init"": ""rr""}",False,
case_010,1,1,4,capls,c3,0,0.063,0.112,True,39480,579112,579112,0,963262,,,8,86969,,2.2028622087132725,"{""block_cap"": 0.35, ""init"": ""contig""}",False,
case_010,1,1,4,capls,c4,0,0.076,0.222,True,68204,1098330,1098330,0,1482480,,,96,86969,,1.2751304908803003,"{""block_cap"": 0.35, ""subgraph_mode"": ""block""}",False,
case_010,1,1,4,capls,c5,0,0.077,0.165,True,86091,1098330,1098330,0,1482480,,,96,86969,,1.0101985108780245,"{""block_cap"": 0.35, ""init"": ""rr"", ""subgraph_mode"": ""block""}",False,
case_010,1,1,4,capls,c6,0,0.078,0.121,True,41795,725260,725260,0,1109410,,,9,86969,,2.080846991266898,"{""block_cap"": 0.6, ""comm_weight"": 1e-06}",False,
case_010,1,1,4,capls,c7,0,0.077,0.139,True,35660,676806,676806,0,1060956,,,17,86969,,2.4388390353337073,"{""block_cap"": 0.08}",True,
case_010,1,1,4,capls,c8,0,0.185,0.154,True,52364,865066,865066,0,1249216,,,30,86969,,1.6608547857306546,"{""block_cap"": 0.005}",False,
case_010,1,1,4,capls,c9,0,0.054,0.143,True,35860,496302,496302,0,880452,,,14,86969,,2.4252370329057444,"{""block_cap"": 0.35, ""max_ops"": 2000}",False,
case_010,1,1,4,capls,c10,0,0.03,0.161,True,44651,855084,855084,0,1239234,,,11,86969,,1.947750330339746,"{""block_cap"": 0.35, ""cores_used"": 3}",False,
case_010,1,1,4,capls,c11,0,0.022,0.114,True,60803,619792,619792,0,1003942,,,6,86969,,1.4303406081936747,"{""block_cap"": 0.35, ""cores_used"": 2}",False,
case_010,1,1,4,capls,c12,0,0.061,0.178,True,42492,1820982,1820982,0,2205132,,,20,86969,,2.046714675703662,"{""block_cap"": 0.35, ""init"": ""rr"", ""level_mode"": ""alap_fill""}",False,
case_010,1,1,4,capls,c13,0,0.053,0.178,True,42492,1820982,1820982,0,2205132,,,20,86969,,2.046714675703662,"{""block_cap"": 0.35, ""init"": ""rr"", ""level_mode"": ""alap_compress""}",False,
case_010,1,1,4,capls,sa1,0,0.145,0.142,True,38152,1287712,1287712,0,1671862,,,18,86969,,2.2795397357936675,"{""anneal"": true, ""anneal_seconds"": 0.573}",False,
case_010,1,1,4,capls,sa2,0,0.143,0.142,True,38078,1287708,1287708,0,1671858,,,16,86969,,2.2839697463102056,"{""anneal"": true, ""anneal_seconds"": 0.573}",False,
case_010,1,1,4,capls,sa3,0,0.127,0.127,True,38062,1287710,1287710,0,1671860,,,17,86969,,2.284929851295255,"{""anneal"": true, ""anneal_seconds"": 0.573}",False,
case_010,1,1,4,capls,_best,0,0.073,0.139,True,35660,676806,676806,0,1060956,,,17,86969,,2.4388390353337073,"{""block_cap"": 0.08}",True,results\plans\case_010_p1_n4_capls_best.json
case_010,1,1,5,capls,c0,0,0.085,0.171,True,33508,775994,775994,0,1160144,,,19,86969,,2.5954697385698937,"{""block_cap"": 0.35}",True,
case_010,1,1,5,capls,c1,0,0.073,0.169,True,38027,659382,659382,0,1043532,,,17,86969,,2.2870328976779657,"{""block_cap"": 0.15}",False,
case_010,1,1,5,capls,c2,0,0.065,0.141,True,36883,617260,617260,0,1001410,,,20,86969,,2.3579697963831574,"{""block_cap"": 0.35, ""init"": ""rr""}",False,
case_010,1,1,5,capls,c3,0,0.062,0.151,True,37576,449696,449696,0,833846,,,10,86969,,2.314482648499042,"{""block_cap"": 0.35, ""init"": ""contig""}",False,
case_010,1,1,5,capls,c4,0,0.071,0.168,True,77746,1098340,1098340,0,1482490,,,98,86969,,1.1186298973580635,"{""block_cap"": 0.35, ""subgraph_mode"": ""block""}",False,
case_010,1,1,5,capls,c5,0,0.085,0.152,True,73090,1098340,1098340,0,1482490,,,98,86969,,1.1898891777260912,"{""block_cap"": 0.35, ""init"": ""rr"", ""subgraph_mode"": ""block""}",False,
case_010,1,1,5,capls,c6,0,0.079,0.131,True,36963,701828,701828,0,1085978,,,12,86969,,2.352866379893407,"{""block_cap"": 0.6, ""comm_weight"": 1e-06}",False,
case_010,1,1,5,capls,c7,0,0.078,0.132,True,34566,496868,496868,0,881018,,,17,86969,,2.5160273100734827,"{""block_cap"": 0.08}",False,
case_010,1,1,5,capls,c8,0,0.18,0.145,True,63939,1208230,1208230,0,1592380,,,58,86969,,1.3601870532851623,"{""block_cap"": 0.005}",False,
case_010,1,1,5,capls,c9,0,0.079,0.171,True,33508,775994,775994,0,1160144,,,19,86969,,2.5954697385698937,"{""block_cap"": 0.35, ""max_ops"": 2000}",False,
case_010,1,1,5,capls,c10,0,0.057,0.136,True,35860,496302,496302,0,880452,,,14,86969,,2.4252370329057444,"{""block_cap"": 0.35, ""cores_used"": 4}",False,
case_010,1,1,5,capls,c11,0,0.019,0.156,True,60803,619792,619792,0,1003942,,,6,86969,,1.4303406081936747,"{""block_cap"": 0.35, ""cores_used"": 2}",False,
case_010,1,1,5,capls,c12,0,0.071,0.164,True,40395,1407540,1407540,0,1791690,,,25,86969,,2.1529644758014608,"{""block_cap"": 0.35, ""init"": ""rr"", ""level_mode"": ""alap_fill""}",False,
case_010,1,1,5,capls,c13,0,0.073,0.164,True,40395,1407540,1407540,0,1791690,,,25,86969,,2.1529644758014608,"{""block_cap"": 0.35, ""init"": ""rr"", ""level_mode"": ""alap_compress""}",False,
case_010,1,1,5,capls,sa1,0,0.121,0.119,True,35238,1251404,1251404,0,1635554,,,19,86969,,2.4680458595834045,"{""anneal"": true, ""anneal_seconds"": 0.485}",False,
case_010,1,1,5,capls,sa2,0,0.117,0.117,True,35238,1251404,1251404,0,1635554,,,19,86969,,2.4680458595834045,"{""anneal"": true, ""anneal_seconds"": 0.485}",False,
case_010,1,1,5,capls,sa3,0,0.13,0.129,True,35238,1247304,1247304,0,1631454,,,18,86969,,2.4680458595834045,"{""anneal"": true, ""anneal_seconds"": 0.485}",False,
case_010,1,1,5,capls,_best,0,0.061,0.171,True,33508,775994,775994,0,1160144,,,19,86969,,2.5954697385698937,"{""block_cap"": 0.35}",True,results\plans\case_010_p1_n5_capls_best.json
case_010,1,1,2,capls,c0,0,0.03,0.161,True,60803,619792,619792,0,1003942,,,6,86969,,1.4303406081936747,"{""block_cap"": 0.35}",False,
case_010,1,1,2,capls,c1,0,0.027,0.18,True,54718,642732,642732,0,1026882,,,6,86969,,1.5894038524799883,"{""block_cap"": 0.15}",False,
case_010,1,1,2,capls,c2,0,0.026,0.137,True,52054,717072,717072,0,1101222,,,8,86969,,1.6707457640142929,"{""block_cap"": 0.35, ""init"": ""rr""}",False,
case_010,1,1,2,capls,c3,0,0.02,0.123,True,48069,105992,105992,0,490142,,,3,86969,,1.8092533649545446,"{""block_cap"": 0.35, ""init"": ""contig""}",False,
case_010,1,1,2,capls,c4,0,0.03,0.12,True,105263,1032772,1032772,0,1416922,,,94,86969,,0.826206739310109,"{""block_cap"": 0.35, ""subgraph_mode"": ""block""}",False,
case_010,1,1,2,capls,c5,0,0.018,0.131,True,103391,1032772,1032772,0,1416922,,,94,86969,,0.8411660589413005,"{""block_cap"": 0.35, ""init"": ""rr"", ""subgraph_mode"": ""block""}",False,
case_010,1,1,2,capls,c6,0,0.009,0.162,True,44202,27648,27648,0,411798,,,2,86969,,1.9675354056377539,"{""block_cap"": 0.6, ""comm_weight"": 1e-06}",True,
case_010,1,1,2,capls,c7,0,0.013,0.144,True,67186,655572,655572,0,1039722,,,10,86969,,1.2944512249575804,"{""block_cap"": 0.08}",False,
case_010,1,1,2,capls,c8,0,0.079,0.199,True,69076,1419256,1419256,0,1803406,,,17,86969,,1.2590335282876832,"{""block_cap"": 0.005}",False,
case_010,1,1,2,capls,c9,0,0.028,0.161,True,60803,619792,619792,0,1003942,,,6,86969,,1.4303406081936747,"{""block_cap"": 0.35, ""max_ops"": 2000}",False,
case_010,1,1,2,capls,c10,0,0.007,0.118,True,86969,0,0,0,384150,,,1,86969,,1.0,"{""block_cap"": 0.35, ""cores_used"": 1}",False,
case_010,1,1,2,capls,c11,0,0.007,0.118,True,86969,0,0,0,384150,,,1,86969,,1.0,"{""block_cap"": 0.35, ""cores_used"": 1}",False,
case_010,1,1,2,capls,c12,0,0.019,0.152,True,57623,1195128,1195128,0,1579278,,,8,86969,,1.509275810006421,"{""block_cap"": 0.35, ""init"": ""rr"", ""level_mode"": ""alap_fill""}",False,
case_010,1,1,2,capls,c13,0,0.022,0.152,True,57623,1195128,1195128,0,1579278,,,8,86969,,1.509275810006421,"{""block_cap"": 0.35, ""init"": ""rr"", ""level_mode"": ""alap_compress""}",False,
case_010,1,1,2,capls,sa1,0,0.159,0.155,True,44202,240936,240936,0,625086,,,3,86969,,1.9675354056377539,"{""anneal"": true, ""anneal_seconds"": 5.997}",False,
case_010,1,1,2,capls,sa2,0,0.001,0.15,True,44202,289428,289428,0,673578,,,3,86969,,1.9675354056377539,"{""anneal"": true, ""anneal_seconds"": 5.997}",False,
case_010,1,1,2,capls,sa3,0,0.001,0.161,True,44202,784132,784132,0,1168282,,,3,86969,,1.9675354056377539,"{""anneal"": true, ""anneal_seconds"": 5.997}",False,
case_010,1,1,2,capls,_best,0,0.014,0.162,True,44202,27648,27648,0,411798,,,2,86969,,1.9675354056377539,"{""block_cap"": 0.6, ""comm_weight"": 1e-06}",True,results\plans\case_010_p1_n2_capls_best.json
case_011,1,1,3,capls,c0,0,0.025,0.207,True,69625,1081344,1081344,0,1687552,,,3,184697,,2.6527396768402154,"{""block_cap"": 0.35}",True,
case_011,1,1,3,capls,c1,0,0.02,0.274,True,80442,2897920,2897920,0,3504128,,,6,184697,,2.296026951095199,"{""block_cap"": 0.15}",False,
case_011,1,1,3,capls,c2,0,0.024,0.207,True,69625,1081344,1081344,0,1687552,,,3,184697,,2.6527396768402154,"{""block_cap"": 0.35, ""init"": ""rr""}",False,
case_011,1,1,3,capls,c3,0,0.025,0.183,True,69625,811008,811008,0,1417216,,,3,184697,,2.6527396768402154,"{""block_cap"": 0.35, ""init"": ""contig""}",False,
case_011,1,1,3,capls,c4,0,0.025,0.148,True,72892,1622016,1622016,0,2228224,,,16,184697,,2.533844591999122,"{""block_cap"": 0.35, ""subgraph_mode"": ""block""}",False,
case_011,1,1,3,capls,c5,0,0.027,0.148,True,72892,1622016,1622016,0,2228224,,,16,184697,,2.533844591999122,"{""block_cap"": 0.35, ""init"": ""rr"", ""subgraph_mode"": ""block""}",False,
case_011,1,1,3,capls,c6,0,0.024,0.207,True,69625,1081344,1081344,0,1687552,,,3,184697,,2.6527396768402154,"{""block_cap"": 0.6, ""comm_weight"": 1e-06}",False,
case_011,1,1,3,capls,c7,0,0.029,0.306,True,81912,3194880,3194880,0,3801088,,,6,184697,,2.254822248266432,"{""block_cap"": 0.08}",False,
case_011,1,1,3,capls,c8,0,0.042,0.321,True,88956,3964928,3964928,0,4571136,,,4,184697,,2.076273663384145,"{""block_cap"": 0.005}",False,
case_011,1,1,3,capls,c9,0,0.019,0.207,True,69625,1081344,1081344,0,1687552,,,3,184697,,2.6527396768402154,"{""block_cap"": 0.35, ""max_ops"": 2000}",False,
case_011,1,1,3,capls,c10,0,0.014,0.116,True,92646,180224,180224,0,786432,,,2,184697,,1.9935777043801135,"{""block_cap"": 0.35, ""cores_used"": 2}",False,
case_011,1,1,3,capls,c11,0,0.011,0.196,True,184697,0,0,0,606208,,,1,184697,,1.0,"{""block_cap"": 0.35, ""cores_used"": 1}",False,
case_011,1,1,3,capls,c12,0,0.019,0.207,True,69625,1081344,1081344,0,1687552,,,3,184697,,2.6527396768402154,"{""block_cap"": 0.35, ""init"": ""rr"", ""level_mode"": ""alap_fill""}",False,
case_011,1,1,3,capls,c13,0,0.019,0.207,True,69625,1081344,1081344,0,1687552,,,3,184697,,2.6527396768402154,"{""block_cap"": 0.35, ""init"": ""rr"", ""level_mode"": ""alap_compress""}",False,
case_011,1,1,3,capls,sa1,0,0.0,0.302,True,69625,2035712,2035712,0,2641920,,,5,184697,,2.6527396768402154,"{""anneal"": true, ""anneal_seconds"": 0.931}",False,
case_011,1,1,3,capls,sa2,0,0.0,0.351,True,69625,1970176,1970176,0,2576384,,,4,184697,,2.6527396768402154,"{""anneal"": true, ""anneal_seconds"": 0.931}",False,
case_011,1,1,3,capls,sa3,0,0.254,0.251,True,69625,1970176,1970176,0,2576384,,,4,184697,,2.6527396768402154,"{""anneal"": true, ""anneal_seconds"": 0.931}",False,
case_011,1,1,3,capls,_best,0,0.019,0.207,True,69625,1081344,1081344,0,1687552,,,3,184697,,2.6527396768402154,"{""block_cap"": 0.35}",True,results\plans\case_011_p1_n3_capls_best.json
case_011,1,1,5,capls,c0,0,0.051,0.231,True,47287,1622016,1622016,0,2228224,,,5,184697,,3.905872649988369,"{""block_cap"": 0.35}",False,
case_011,1,1,5,capls,c1,0,0.066,0.268,True,49891,2101248,2101248,0,2707456,,,9,184697,,3.7020103826341426,"{""block_cap"": 0.15}",False,
case_011,1,1,5,capls,c2,0,0.04,0.231,True,47287,1622016,1622016,0,2228224,,,5,184697,,3.905872649988369,"{""block_cap"": 0.35, ""init"": ""rr""}",False,
case_011,1,1,5,capls,c3,0,0.038,0.168,True,46777,1216512,1216512,0,1822720,,,5,184697,,3.9484575753041025,"{""block_cap"": 0.35, ""init"": ""contig""}",True,
case_011,1,1,5,capls,c4,0,0.041,0.127,True,49484,1622016,1622016,0,2228224,,,16,184697,,3.7324589766389136,"{""block_cap"": 0.35, ""subgraph_mode"": ""block""}",False,
case_011,1,1,5,capls,c5,0,0.05,0.127,True,49484,1622016,1622016,0,2228224,,,16,184697,,3.7324589766389136,"{""block_cap"": 0.35, ""init"": ""rr"", ""subgraph_mode"": ""block""}",False,
case_011,1,1,5,capls,c6,0,0.042,0.231,True,47287,1622016,1622016,0,2228224,,,5,184697,,3.905872649988369,"{""block_cap"": 0.6, ""comm_weight"": 1e-06}",False,
case_011,1,1,5,capls,c7,0,0.084,0.351,True,78378,3123200,3123200,0,3729408,,,9,184697,,2.3564903416775116,"{""block_cap"": 0.08}",False,
case_011,1,1,5,capls,c8,0,0.153,0.39,True,100344,3934208,3934208,0,4540416,,,6,184697,,1.8406382045762577,"{""block_cap"": 0.005}",False,
case_011,1,1,5,capls,c9,0,0.05,0.231,True,47287,1622016,1622016,0,2228224,,,5,184697,,3.905872649988369,"{""block_cap"": 0.35, ""max_ops"": 2000}",False,
case_011,1,1,5,capls,c10,0,0.037,0.117,True,46880,540672,540672,0,1146880,,,4,184697,,3.9397824232081913,"{""block_cap"": 0.35, ""cores_used"": 4}",False,
case_011,1,1,5,capls,c11,0,0.014,0.172,True,92646,180224,180224,0,786432,,,2,184697,,1.9935777043801135,"{""block_cap"": 0.35, ""cores_used"": 2}",False,
case_011,1,1,5,capls,c12,0,0.05,0.231,True,47287,1622016,1622016,0,2228224,,,5,184697,,3.905872649988369,"{""block_cap"": 0.35, ""init"": ""rr"", ""level_mode"": ""alap_fill""}",False,
case_011,1,1,5,capls,c13,0,0.044,0.231,True,47287,1622016,1622016,0,2228224,,,5,184697,,3.905872649988369,"{""block_cap"": 0.35, ""init"": ""rr"", ""level_mode"": ""alap_compress""}",False,
case_011,1,1,5,capls,sa1,0,0.001,0.239,True,48084,1744896,1744896,0,2351104,,,6,184697,,3.8411321853423175,"{""anneal"": true, ""anneal_seconds"": 0.643}",False,
case_011,1,1,5,capls,sa2,0,0.156,0.153,True,48084,1744896,1744896,0,2351104,,,6,184697,,3.8411321853423175,"{""anneal"": true, ""anneal_seconds"": 0.643}",False,
case_011,1,1,5,capls,sa3,0,0.001,0.281,True,48084,1740800,1740800,0,2347008,,,6,184697,,3.8411321853423175,"{""anneal"": true, ""anneal_seconds"": 0.643}",False,
case_011,1,1,5,capls,_best,0,0.042,0.168,True,46777,1216512,1216512,0,1822720,,,5,184697,,3.9484575753041025,"{""block_cap"": 0.35, ""init"": ""contig""}",True,results\plans\case_011_p1_n5_capls_best.json
case_009,1,1,3,capls,c0,0,0.477,1.308,True,107681,483350,483350,0,978682,,,27,153261,,1.4232873023095995,"{""block_cap"": 0.35}",False,
case_009,1,1,3,capls,c1,0,0.425,1.308,True,107681,483350,483350,0,978682,,,27,153261,,1.4232873023095995,"{""block_cap"": 0.15}",False,
case_009,1,1,3,capls,c2,0,0.32,1.485,True,90469,668908,668908,0,1164240,,,54,153261,,1.6940720025644143,"{""block_cap"": 0.35, ""init"": ""rr""}",False,
case_009,1,1,3,capls,c3,0,0.305,3.078,True,97379,32194,32194,0,527526,,,6,153261,,1.5738608940325942,"{""block_cap"": 0.35, ""init"": ""contig""}",False,
case_009,1,1,3,capls,c4,0,0.44,2.058,True,137462,982558,982558,0,1477890,,,300,153261,,1.1149335816443817,"{""block_cap"": 0.35, ""subgraph_mode"": ""block""}",False,
case_009,1,1,3,capls,c5,0,0.337,2.007,True,123833,982558,982558,0,1477890,,,300,153261,,1.2376426316086988,"{""block_cap"": 0.35, ""init"": ""rr"", ""subgraph_mode"": ""block""}",False,
case_009,1,1,3,capls,c6,0,0.413,1.308,True,107681,483350,483350,0,978682,,,27,153261,,1.4232873023095995,"{""block_cap"": 0.6, ""comm_weight"": 1e-06}",False,
case_009,1,1,3,capls,c7,0,0.734,2.451,True,155143,1944928,1944928,0,2440260,,,230,153261,,0.9878692561056573,"{""block_cap"": 0.08}",False,
case_009,1,1,3,capls,c8,0,0.567,2.473,True,170560,2477428,2477428,0,2972760,,,254,153261,,0.8985752814258912,"{""block_cap"": 0.005}",False,
case_009,1,1,3,capls,c9,0,0.43,1.308,True,107681,483350,483350,0,978682,,,27,153261,,1.4232873023095995,"{""block_cap"": 0.35, ""max_ops"": 2000}",False,
case_009,1,1,3,capls,c10,0,0.108,1.011,True,140221,370072,370072,0,865404,,,21,153261,,1.0929960562255296,"{""block_cap"": 0.35, ""cores_used"": 2}",False,
case_009,1,1,3,capls,c11,0,0.049,6.379,True,153261,0,0,0,495332,,,1,153261,,1.0,"{""block_cap"": 0.35, ""cores_used"": 1}",False,
case_009,1,1,3,capls,c12,0,0.258,1.518,True,91925,1862630,1862630,0,2357962,,,54,153261,,1.6672395974979604,"{""block_cap"": 0.35, ""init"": ""rr"", ""level_mode"": ""alap_fill""}",False,
case_009,1,1,3,capls,c13,0,0.273,1.518,True,91925,1862630,1862630,0,2357962,,,54,153261,,1.6672395974979604,"{""block_cap"": 0.35, ""init"": ""rr"", ""level_mode"": ""alap_compress""}",False,
case_009,1,1,3,capls,sa1,0,1.222,1.206,True,88247,699372,699372,0,1194704,,,61,153261,,1.7367275941391775,"{""anneal"": true, ""anneal_seconds"": 1.734}",True,
case_009,1,1,3,capls,sa2,0,1.136,1.132,True,88247,701420,701420,0,1196752,,,62,153261,,1.7367275941391775,"{""anneal"": true, ""anneal_seconds"": 1.734}",False,
case_009,1,1,3,capls,sa3,0,1.05,1.045,True,88370,699372,699372,0,1194704,,,62,153261,,1.7343102862962543,"{""anneal"": true, ""anneal_seconds"": 1.734}",False,
case_009,1,1,3,capls,_best,0,,1.206,True,88247,699372,,,,,,61,153261,,1.7367275941391775,"{""anneal"": true}",True,results\plans\case_009_p1_n3_capls_best.json
case_003,1,1,4,capls,c0,0,0.621,4.668,True,229313,4092020,4092020,0,5376284,,,69,602212,,2.6261572610362256,"{""block_cap"": 0.35}",False,
case_003,1,1,4,capls,c1,0,0.623,4.668,True,229313,4092020,4092020,0,5376284,,,69,602212,,2.6261572610362256,"{""block_cap"": 0.15}",False,
case_003,1,1,4,capls,c2,0,1.596,4.184,True,225768,3757030,3757030,0,5041294,,,76,602212,,2.6673930760780977,"{""block_cap"": 0.35, ""init"": ""rr""}",True,
case_003,1,1,4,capls,c3,0,0.955,8.537,True,586433,538006,538006,0,1822270,,,9,602212,,1.0269067395593359,"{""block_cap"": 0.35, ""init"": ""contig""}",False,
case_003,1,1,4,capls,sa1,0,3.948,3.89,True,225938,4001444,4001444,0,5285708,,,81,602212,,2.6653860793669057,"{""anneal"": true, ""anneal_seconds"": 2.583}",False,
case_003,1,1,4,capls,sa2,0,3.613,3.599,True,225938,4007588,4007588,0,5291852,,,82,602212,,2.6653860793669057,"{""anneal"": true, ""anneal_seconds"": 2.583}",False,
case_003,1,1,4,capls,sa3,0,3.939,3.928,True,225938,3997348,3997348,0,5281612,,,80,602212,,2.6653860793669057,"{""anneal"": true, ""anneal_seconds"": 2.583}",False,
case_003,1,1,4,capls,_best,0,1.506,4.184,True,225768,3757030,3757030,0,5041294,,,76,602212,,2.6673930760780977,"{""block_cap"": 0.35, ""init"": ""rr""}",True,results\plans\case_003_p1_n4_capls_best.json
case_011,1,1,4,capls,c0,0,0.031,0.176,True,46880,540672,540672,0,1146880,,,4,184697,,3.9397824232081913,"{""block_cap"": 0.35}",True,
case_011,1,1,4,capls,c1,0,0.028,0.176,True,46880,540672,540672,0,1146880,,,4,184697,,3.9397824232081913,"{""block_cap"": 0.15}",False,
case_011,1,1,4,capls,c2,0,0.029,0.176,True,46880,540672,540672,0,1146880,,,4,184697,,3.9397824232081913,"{""block_cap"": 0.35, ""init"": ""rr""}",False,
case_011,1,1,4,capls,c3,0,0.027,0.163,True,46880,1081344,1081344,0,1687552,,,4,184697,,3.9397824232081913,"{""block_cap"": 0.35, ""init"": ""contig""}",False,
case_011,1,1,4,capls,c4,0,0.035,0.139,True,49484,1622016,1622016,0,2228224,,,16,184697,,3.7324589766389136,"{""block_cap"": 0.35, ""subgraph_mode"": ""block""}",False,
case_011,1,1,4,capls,c5,0,0.04,0.139,True,49484,1622016,1622016,0,2228224,,,16,184697,,3.7324589766389136,"{""block_cap"": 0.35, ""init"": ""rr"", ""subgraph_mode"": ""block""}",False,
case_011,1,1,4,capls,c6,0,0.033,0.176,True,46880,540672,540672,0,1146880,,,4,184697,,3.9397824232081913,"{""block_cap"": 0.6, ""comm_weight"": 1e-06}",False,
case_011,1,1,4,capls,c7,0,0.046,0.272,True,70048,2965504,2965504,0,3571712,,,8,184697,,2.636720534490635,"{""block_cap"": 0.08}",False,
case_011,1,1,4,capls,c8,0,0.147,0.371,True,77597,3090432,3090432,0,3696640,,,5,184697,,2.380207997731871,"{""block_cap"": 0.005}",False,
case_011,1,1,4,capls,c9,0,0.025,0.176,True,46880,540672,540672,0,1146880,,,4,184697,,3.9397824232081913,"{""block_cap"": 0.35, ""max_ops"": 2000}",False,
case_011,1,1,4,capls,c10,0,0.019,0.197,True,69625,1081344,1081344,0,1687552,,,3,184697,,2.6527396768402154,"{""block_cap"": 0.35, ""cores_used"": 3}",False,
case_011,1,1,4,capls,c11,0,0.016,0.195,True,92646,180224,180224,0,786432,,,2,184697,,1.9935777043801135,"{""block_cap"": 0.35, ""cores_used"": 2}",False,
case_011,1,1,4,capls,c12,0,0.039,0.176,True,46880,540672,540672,0,1146880,,,4,184697,,3.9397824232081913,"{""block_cap"": 0.35, ""init"": ""rr"", ""level_mode"": ""alap_fill""}",False,
case_011,1,1,4,capls,c13,0,0.032,0.176,True,46880,540672,540672,0,1146880,,,4,184697,,3.9397824232081913,"{""block_cap"": 0.35, ""init"": ""rr"", ""level_mode"": ""alap_compress""}",False,
case_011,1,1,4,capls,sa1,0,0.0,0.196,True,53294,1253376,1253376,0,1859584,,,5,184697,,3.4656246481780313,"{""anneal"": true, ""anneal_seconds"": 3.037}",False,
case_011,1,1,4,capls,sa2,0,0.0,0.193,True,53294,1253376,1253376,0,1859584,,,5,184697,,3.4656246481780313,"{""anneal"": true, ""anneal_seconds"": 3.037}",False,
case_011,1,1,4,capls,sa3,0,0.0,0.189,True,53294,1253376,1253376,0,1859584,,,5,184697,,3.4656246481780313,"{""anneal"": true, ""anneal_seconds"": 3.037}",False,
case_011,1,1,4,capls,_best,0,0.035,0.176,True,46880,540672,540672,0,1146880,,,4,184697,,3.9397824232081913,"{""block_cap"": 0.35}",True,results\plans\case_011_p1_n4_capls_best.json
case_007,1,1,5,capls,c0,0,0.132,1.203,True,203834,110592,110592,0,1843200,,,5,1012562,,4.967581463347626,"{""block_cap"": 0.35}",True,
case_007,1,1,5,capls,c1,0,0.163,1.203,True,203834,110592,110592,0,1843200,,,5,1012562,,4.967581463347626,"{""block_cap"": 0.15}",False,
case_007,1,1,5,capls,c2,0,0.161,1.203,True,203834,110592,110592,0,1843200,,,5,1012562,,4.967581463347626,"{""block_cap"": 0.35, ""init"": ""rr""}",False,
case_007,1,1,5,capls,c3,0,0.175,1.285,True,203834,110592,110592,0,1843200,,,5,1012562,,4.967581463347626,"{""block_cap"": 0.35, ""init"": ""contig""}",False,
case_007,1,1,5,capls,c4,0,0.133,2.736,True,365534,15316992,15316992,0,17049600,,,555,1012562,,2.7700897864494136,"{""block_cap"": 0.35, ""subgraph_mode"": ""block""}",False,
case_007,1,1,5,capls,c5,0,0.195,2.736,True,365534,15316992,15316992,0,17049600,,,555,1012562,,2.7700897864494136,"{""block_cap"": 0.35, ""init"": ""rr"", ""subgraph_mode"": ""block""}",False,
case_007,1,1,5,capls,c6,0,0.152,1.203,True,203834,110592,110592,0,1843200,,,5,1012562,,4.967581463347626,"{""block_cap"": 0.6, ""comm_weight"": 1e-06}",False,
case_007,1,1,5,capls,c7,0,0.18,1.203,True,203834,110592,110592,0,1843200,,,5,1012562,,4.967581463347626,"{""block_cap"": 0.08}",False,
case_007,1,1,5,capls,c8,0,0.306,1.203,True,203834,110592,110592,0,1843200,,,5,1012562,,4.967581463347626,"{""block_cap"": 0.005}",False,
case_007,1,1,5,capls,c9,0,0.17,1.203,True,203834,110592,110592,0,1843200,,,5,1012562,,4.967581463347626,"{""block_cap"": 0.35, ""max_ops"": 2000}",False,
case_007,1,1,5,capls,c10,0,0.116,1.485,True,254398,82944,82944,0,1815552,,,4,1012562,,3.980227831979811,"{""block_cap"": 0.35, ""cores_used"": 4}",False,
case_007,1,1,5,capls,c11,0,0.066,2.5,True,507494,27648,27648,0,1760256,,,2,1012562,,1.9952196479170197,"{""block_cap"": 0.35, ""cores_used"": 2}",False,
case_007,1,1,5,capls,c12,0,0.149,1.203,True,203834,110592,110592,0,1843200,,,5,1012562,,4.967581463347626,"{""block_cap"": 0.35, ""init"": ""rr"", ""level_mode"": ""alap_fill""}",False,
case_007,1,1,5,capls,c13,0,0.165,1.203,True,203834,110592,110592,0,1843200,,,5,1012562,,4.967581463347626,"{""block_cap"": 0.35, ""init"": ""rr"", ""level_mode"": ""alap_compress""}",False,
case_007,1,1,5,capls,sa1,0,1.746,1.729,True,211476,3867648,3867648,0,5600256,,,7,1012562,,4.7880705139117445,"{""anneal"": true, ""anneal_seconds"": 8.437}",False,
case_007,1,1,5,capls,sa2,0,1.804,1.799,True,211088,1989120,1989120,0,3721728,,,6,1012562,,4.796871446979459,"{""anneal"": true, ""anneal_seconds"": 8.437}",False,
case_007,1,1,5,capls,sa3,0,1.669,1.666,True,211088,1989120,1989120,0,3721728,,,6,1012562,,4.796871446979459,"{""anneal"": true, ""anneal_seconds"": 8.437}",False,
case_007,1,1,5,capls,_best,0,0.126,1.203,True,203834,110592,110592,0,1843200,,,5,1012562,,4.967581463347626,"{""block_cap"": 0.35}",True,results\plans\case_007_p1_n5_capls_best.json
case_007,1,1,4,capls,c0,0,0.112,1.49,True,254398,82944,82944,0,1815552,,,4,1012562,,3.980227831979811,"{""block_cap"": 0.35}",True,
case_007,1,1,4,capls,c1,0,0.131,1.49,True,254398,82944,82944,0,1815552,,,4,1012562,,3.980227831979811,"{""block_cap"": 0.15}",False,
case_007,1,1,4,capls,c2,0,0.13,1.49,True,254398,82944,82944,0,1815552,,,4,1012562,,3.980227831979811,"{""block_cap"": 0.35, ""init"": ""rr""}",False,
case_007,1,1,4,capls,c3,0,0.117,1.432,True,254398,82944,82944,0,1815552,,,4,1012562,,3.980227831979811,"{""block_cap"": 0.35, ""init"": ""contig""}",False,
case_007,1,1,4,capls,c4,0,0.093,2.471,True,390534,15316992,15316992,0,17049600,,,555,1012562,,2.592762730005582,"{""block_cap"": 0.35, ""subgraph_mode"": ""block""}",False,
case_007,1,1,4,capls,c5,0,0.091,2.471,True,390534,15316992,15316992,0,17049600,,,555,1012562,,2.592762730005582,"{""block_cap"": 0.35, ""init"": ""rr"", ""subgraph_mode"": ""block""}",False,
case_007,1,1,4,capls,c6,0,0.092,1.49,True,254398,82944,82944,0,1815552,,,4,1012562,,3.980227831979811,"{""block_cap"": 0.6, ""comm_weight"": 1e-06}",False,
case_007,1,1,4,capls,c7,0,0.129,1.49,True,254398,82944,82944,0,1815552,,,4,1012562,,3.980227831979811,"{""block_cap"": 0.08}",False,
case_007,1,1,4,capls,c8,0,0.463,3.287,True,320053,12552192,12552192,0,14284800,,,12,1012562,,3.16373225684496,"{""block_cap"": 0.005}",False,
case_007,1,1,4,capls,c9,0,0.148,1.49,True,254398,82944,82944,0,1815552,,,4,1012562,,3.980227831979811,"{""block_cap"": 0.35, ""max_ops"": 2000}",False,
case_007,1,1,4,capls,c10,0,0.105,1.606,True,338094,55296,55296,0,1787904,,,3,1012562,,2.994912657426633,"{""block_cap"": 0.35, ""cores_used"": 3}",False,
case_007,1,1,4,capls,c11,0,0.051,2.449,True,507494,27648,27648,0,1760256,,,2,1012562,,1.9952196479170197,"{""block_cap"": 0.35, ""cores_used"": 2}",False,
case_007,1,1,4,capls,c12,0,0.126,1.49,True,254398,82944,82944,0,1815552,,,4,1012562,,3.980227831979811,"{""block_cap"": 0.35, ""init"": ""rr"", ""level_mode"": ""alap_fill""}",False,
case_007,1,1,4,capls,c13,0,0.117,1.49,True,254398,82944,82944,0,1815552,,,4,1012562,,3.980227831979811,"{""block_cap"": 0.35, ""init"": ""rr"", ""level_mode"": ""alap_compress""}",False,
case_007,1,1,4,capls,sa1,0,1.756,1.742,True,254398,1047552,1047552,0,2780160,,,5,1012562,,3.980227831979811,"{""anneal"": true, ""anneal_seconds"": 10.864}",False,
case_007,1,1,4,capls,sa2,0,0.002,2.714,True,261966,2414592,2414592,0,4147200,,,5,1012562,,3.8652420543123918,"{""anneal"": true, ""anneal_seconds"": 10.864}",False,
case_007,1,1,4,capls,sa3,0,1.848,1.843,True,263828,2434560,2434560,0,4167168,,,5,1012562,,3.837962612004791,"{""anneal"": true, ""anneal_seconds"": 10.864}",False,
case_007,1,1,4,capls,_best,0,0.13,1.49,True,254398,82944,82944,0,1815552,,,4,1012562,,3.980227831979811,"{""block_cap"": 0.35}",True,results\plans\case_007_p1_n4_capls_best.json
case_003,1,1,3,capls,c0,0,0.537,4.912,True,293021,3020998,3020998,0,4305262,,,57,602212,,2.0551837581606778,"{""block_cap"": 0.35}",False,
case_003,1,1,3,capls,c1,0,0.479,4.912,True,293021,3020998,3020998,0,4305262,,,57,602212,,2.0551837581606778,"{""block_cap"": 0.15}",False,
case_003,1,1,3,capls,c2,0,0.77,4.757,True,302638,2945130,2945130,0,4229394,,,56,602212,,1.9898756930722514,"{""block_cap"": 0.35, ""init"": ""rr""}",False,
case_003,1,1,3,capls,c3,0,1.028,12.311,True,577969,573712,573712,0,1857976,,,6,602212,,1.0419451562281021,"{""block_cap"": 0.35, ""init"": ""contig""}",False,
case_003,1,1,3,capls,sa1,0,5.123,5.069,True,287051,4445564,4445564,0,5729828,,,183,602212,,2.0979268492358503,"{""anneal"": true, ""anneal_seconds"": 3.326}",False,
case_003,1,1,3,capls,sa2,0,5.341,5.325,True,286936,4449660,4449660,0,5733924,,,184,602212,,2.098767669445451,"{""anneal"": true, ""anneal_seconds"": 3.326}",True,
case_003,1,1,3,capls,sa3,0,5.208,5.195,True,287051,4445564,4445564,0,5729828,,,184,602212,,2.0979268492358503,"{""anneal"": true, ""anneal_seconds"": 3.326}",False,
case_003,1,1,3,capls,_best,0,,5.325,True,286936,4449660,,,,,,184,602212,,2.098767669445451,"{""anneal"": true}",True,results\plans\case_003_p1_n3_capls_best.json
case_012,1,1,4,capls,c0,0,0.099,0.321,True,19624,84540,84540,0,639438,,,8,59088,,3.0110069302894416,"{""block_cap"": 0.35}",False,
case_012,1,1,4,capls,c1,0,0.108,0.311,True,21013,188760,188760,0,743658,,,9,59088,,2.8119735401894066,"{""block_cap"": 0.15}",False,
case_012,1,1,4,capls,c2,0,0.108,0.301,True,23000,120580,120580,0,675478,,,6,59088,,2.5690434782608698,"{""block_cap"": 0.35, ""init"": ""rr""}",False,
case_012,1,1,4,capls,c3,0,0.115,0.32,True,23349,128448,128448,0,683346,,,6,59088,,2.53064371065142,"{""block_cap"": 0.35, ""init"": ""contig""}",False,
case_012,1,1,4,capls,c4,0,0.082,0.296,True,38910,452352,452352,0,1007250,,,126,59088,,1.5185813415574403,"{""block_cap"": 0.35, ""subgraph_mode"": ""block""}",False,
case_012,1,1,4,capls,c5,0,0.12,0.321,True,33985,452352,452352,0,1007250,,,126,59088,,1.7386494041488891,"{""block_cap"": 0.35, ""init"": ""rr"", ""subgraph_mode"": ""block""}",False,
case_012,1,1,4,capls,c6,0,0.11,0.321,True,19624,84540,84540,0,639438,,,8,59088,,3.0110069302894416,"{""block_cap"": 0.6, ""comm_weight"": 1e-06}",False,
case_012,1,1,4,capls,c7,0,0.133,0.289,True,19044,118134,118134,0,673032,,,8,59088,,3.1027095148078137,"{""block_cap"": 0.08}",True,
case_012,1,1,4,capls,c8,0,0.238,0.264,True,37881,601622,601622,0,1156520,,,22,59088,,1.559832105805021,"{""block_cap"": 0.005}",False,
case_012,1,1,4,capls,c9,0,0.104,0.321,True,19624,84540,84540,0,639438,,,8,59088,,3.0110069302894416,"{""block_cap"": 0.35, ""max_ops"": 2000}",False,
case_012,1,1,4,capls,c10,0,0.063,0.302,True,28475,164312,164312,0,719210,,,8,59088,,2.075083406496927,"{""block_cap"": 0.35, ""cores_used"": 3}",False,
case_012,1,1,4,capls,c11,0,0.012,0.286,True,30092,0,0,0,554898,,,2,59088,,1.9635783596969294,"{""block_cap"": 0.35, ""cores_used"": 2}",False,
case_012,1,1,4,capls,c12,0,0.09,0.295,True,20447,428742,428742,0,983640,,,8,59088,,2.889812686457671,"{""block_cap"": 0.35, ""init"": ""rr"", ""level_mode"": ""alap_fill""}",False,
case_012,1,1,4,capls,c13,0,0.101,0.295,True,20447,428742,428742,0,983640,,,8,59088,,2.889812686457671,"{""block_cap"": 0.35, ""init"": ""rr"", ""level_mode"": ""alap_compress""}",False,
case_012,1,1,4,capls,sa1,0,0.237,0.231,True,19044,127606,127606,0,682504,,,9,59088,,3.1027095148078137,"{""anneal"": true, ""anneal_seconds"": 0.838}",False,
case_012,1,1,4,capls,sa2,0,0.276,0.275,True,19058,158326,158326,0,713224,,,10,59088,,3.1004302655052998,"{""anneal"": true, ""anneal_seconds"": 0.838}",False,
case_012,1,1,4,capls,sa3,0,0.271,0.269,True,21170,273808,273808,0,828706,,,18,59088,,2.7911195087387815,"{""anneal"": true, ""anneal_seconds"": 0.838}",False,
case_012,1,1,4,capls,_best,0,0.114,0.289,True,19044,118134,118134,0,673032,,,8,59088,,3.1027095148078137,"{""block_cap"": 0.08}",True,results\plans\case_012_p1_n4_capls_best.json
case_012,1,1,5,capls,c0,0,0.119,0.325,True,19137,79024,79024,0,633922,,,8,59088,,3.087631290170873,"{""block_cap"": 0.35}",False,
case_012,1,1,5,capls,c1,0,0.114,0.28,True,18241,101380,101380,0,656278,,,10,59088,,3.239296091223069,"{""block_cap"": 0.15}",True,
case_012,1,1,5,capls,c2,0,0.115,0.263,True,22555,230682,230682,0,785580,,,14,59088,,2.619729549988916,"{""block_cap"": 0.35, ""init"": ""rr""}",False,
case_012,1,1,5,capls,c3,0,0.111,0.328,True,18826,69036,69036,0,623934,,,10,59088,,3.138638053755445,"{""block_cap"": 0.35, ""init"": ""contig""}",False,
case_012,1,1,5,capls,c4,0,0.12,0.321,True,29220,464640,464640,0,1019538,,,127,59088,,2.02217659137577,"{""block_cap"": 0.35, ""subgraph_mode"": ""block""}",False,
case_012,1,1,5,capls,c5,0,0.117,0.333,True,37134,464640,464640,0,1019538,,,127,59088,,1.5912102116658589,"{""block_cap"": 0.35, ""init"": ""rr"", ""subgraph_mode"": ""block""}",False,
case_012,1,1,5,capls,c6,0,0.102,0.309,True,23760,143398,143398,0,698296,,,10,59088,,2.4868686868686867,"{""block_cap"": 0.6, ""comm_weight"": 1e-06}",False,
case_012,1,1,5,capls,c7,0,0.124,0.244,True,22089,221300,221300,0,776198,,,14,59088,,2.674996604644846,"{""block_cap"": 0.08}",False,
case_012,1,1,5,capls,c8,0,0.183,0.278,True,36795,678820,678820,0,1233718,,,27,59088,,1.6058703628210356,"{""block_cap"": 0.005}",False,
case_012,1,1,5,capls,c9,0,0.111,0.325,True,19137,79024,79024,0,633922,,,8,59088,,3.087631290170873,"{""block_cap"": 0.35, ""max_ops"": 2000}",False,
case_012,1,1,5,capls,c10,0,0.108,0.318,True,19624,84540,84540,0,639438,,,8,59088,,3.0110069302894416,"{""block_cap"": 0.35, ""cores_used"": 4}",False,
case_012,1,1,5,capls,c11,0,0.011,0.321,True,30092,0,0,0,554898,,,2,59088,,1.9635783596969294,"{""block_cap"": 0.35, ""cores_used"": 2}",False,
case_012,1,1,5,capls,c12,0,0.11,0.358,True,25419,725544,725544,0,1280442,,,15,59088,,2.3245603682284903,"{""block_cap"": 0.35, ""init"": ""rr"", ""level_mode"": ""alap_fill""}",False,
case_012,1,1,5,capls,c13,0,0.096,0.358,True,25419,725544,725544,0,1280442,,,15,59088,,2.3245603682284903,"{""block_cap"": 0.35, ""init"": ""rr"", ""level_mode"": ""alap_compress""}",False,
case_012,1,1,5,capls,sa1,0,0.243,0.239,True,18385,125956,125956,0,680854,,,12,59088,,3.2139243948871363,"{""anneal"": true, ""anneal_seconds"": 0.83}",False,
case_012,1,1,5,capls,sa2,0,0.259,0.258,True,18241,105476,105476,0,660374,,,11,59088,,3.239296091223069,"{""anneal"": true, ""anneal_seconds"": 0.83}",False,
case_012,1,1,5,capls,sa3,0,0.237,0.236,True,18385,126084,126084,0,680982,,,13,59088,,3.2139243948871363,"{""anneal"": true, ""anneal_seconds"": 0.83}",False,
case_012,1,1,5,capls,_best,0,0.116,0.28,True,18241,101380,101380,0,656278,,,10,59088,,3.239296091223069,"{""block_cap"": 0.15}",True,results\plans\case_012_p1_n5_capls_best.json
case_009,1,1,4,capls,c0,0,0.442,1.301,True,103309,660008,660008,0,1155340,,,61,153261,,1.4835203128478642,"{""block_cap"": 0.35}",False,
case_009,1,1,4,capls,c1,0,0.737,2.647,True,155464,1582542,1582542,0,2077874,,,319,153261,,0.9858295168013174,"{""block_cap"": 0.15}",False,
case_009,1,1,4,capls,c2,0,0.391,1.393,True,89196,778468,778468,0,1273800,,,98,153261,,1.7182496972958428,"{""block_cap"": 0.35, ""init"": ""rr""}",False,
case_009,1,1,4,capls,c3,0,0.595,2.025,True,135807,191380,191380,0,686712,,,11,153261,,1.128520621175639,"{""block_cap"": 0.35, ""init"": ""contig""}",False,
case_009,1,1,4,capls,c4,0,0.49,1.814,True,134929,982558,982558,0,1477890,,,300,153261,,1.1358640470173202,"{""block_cap"": 0.35, ""subgraph_mode"": ""block""}",False,
case_009,1,1,4,capls,c5,0,0.412,1.88,True,117488,982558,982558,0,1477890,,,300,153261,,1.304482159880158,"{""block_cap"": 0.35, ""init"": ""rr"", ""subgraph_mode"": ""block""}",False,
case_009,1,1,4,capls,c6,0,0.407,1.301,True,103309,660008,660008,0,1155340,,,61,153261,,1.4835203128478642,"{""block_cap"": 0.6, ""comm_weight"": 1e-06}",False,
case_009,1,1,4,capls,c7,0,1.104,2.705,True,144273,1597602,1597602,0,2092934,,,292,153261,,1.06229855898193,"{""block_cap"": 0.08}",False,
case_009,1,1,4,capls,c8,0,1.046,3.062,True,172742,1954310,1954310,0,2449642,,,354,153261,,0.887224878720867,"{""block_cap"": 0.005}",False,
case_009,1,1,4,capls,c9,0,0.464,1.301,True,103309,660008,660008,0,1155340,,,61,153261,,1.4835203128478642,"{""block_cap"": 0.35, ""max_ops"": 2000}",False,
case_009,1,1,4,capls,c10,0,0.513,1.292,True,107681,483350,483350,0,978682,,,27,153261,,1.4232873023095995,"{""block_cap"": 0.35, ""cores_used"": 3}",False,
case_009,1,1,4,capls,c11,0,0.143,1.369,True,140221,370072,370072,0,865404,,,21,153261,,1.0929960562255296,"{""block_cap"": 0.35, ""cores_used"": 2}",False,
case_009,1,1,4,capls,c12,0,0.422,1.68,True,97707,2109590,2109590,0,2604922,,,100,153261,,1.5685774816543339,"{""block_cap"": 0.35, ""init"": ""rr"", ""level_mode"": ""alap_fill""}",False,
case_009,1,1,4,capls,c13,0,0.496,1.68,True,97707,2109590,2109590,0,2604922,,,100,153261,,1.5685774816543339,"{""block_cap"": 0.35, ""init"": ""rr"", ""level_mode"": ""alap_compress""}",False,
case_009,1,1,4,capls,sa1,0,1.251,1.231,True,89065,781030,781030,0,1276362,,,100,153261,,1.7207769606467187,"{""anneal"": true, ""anneal_seconds"": 2.011}",True,
case_009,1,1,4,capls,sa2,0,1.286,1.281,True,89169,778468,778468,0,1273800,,,98,153261,,1.7187699761127746,"{""anneal"": true, ""anneal_seconds"": 2.011}",False,
case_009,1,1,4,capls,sa3,0,1.34,1.333,True,89100,780006,780006,0,1275338,,,99,153261,,1.7201010101010101,"{""anneal"": true, ""anneal_seconds"": 2.011}",False,
case_009,1,1,4,capls,_best,0,,1.231,True,89065,781030,,,,,,100,153261,,1.7207769606467187,"{""anneal"": true}",True,results\plans\case_009_p1_n4_capls_best.json
case_009,1,1,5,capls,c0,0,0.315,1.522,True,92914,690314,690314,0,1185646,,,78,153261,,1.649493079622016,"{""block_cap"": 0.35}",False,
case_009,1,1,5,capls,c1,0,1.003,2.66,True,138084,1325074,1325074,0,1820406,,,363,153261,,1.1099113583036413,"{""block_cap"": 0.15}",False,
case_009,1,1,5,capls,c2,0,0.489,1.47,True,68245,825050,825050,0,1320382,,,125,153261,,2.2457469411678512,"{""block_cap"": 0.35, ""init"": ""rr""}",False,
case_009,1,1,5,capls,c3,0,0.485,1.982,True,117119,157964,157964,0,653296,,,11,153261,,1.3085921157113705,"{""block_cap"": 0.35, ""init"": ""contig""}",False,
case_009,1,1,5,capls,c4,0,0.294,1.941,True,122458,982558,982558,0,1477890,,,300,153261,,1.2515393032713258,"{""block_cap"": 0.35, ""subgraph_mode"": ""block""}",False,
case_009,1,1,5,capls,c5,0,0.641,1.701,True,110633,982558,982558,0,1477890,,,300,153261,,1.3853099888821598,"{""block_cap"": 0.35, ""init"": ""rr"", ""subgraph_mode"": ""block""}",False,
case_009,1,1,5,capls,c6,0,0.306,1.338,True,92776,689802,689802,0,1185134,,,78,153261,,1.6519466241269294,"{""block_cap"": 0.6, ""comm_weight"": 1e-06}",False,
case_009,1,1,5,capls,c7,0,1.053,2.854,True,137574,1337118,1337118,0,1832450,,,340,153261,,1.1140259060578306,"{""block_cap"": 0.08}",False,
case_009,1,1,5,capls,c8,0,1.124,3.498,True,181899,2168952,2168952,0,2664284,,,473,153261,,0.8425609816436594,"{""block_cap"": 0.005}",False,
case_009,1,1,5,capls,c9,0,0.365,1.522,True,92914,690314,690314,0,1185646,,,78,153261,,1.649493079622016,"{""block_cap"": 0.35, ""max_ops"": 2000}",False,
case_009,1,1,5,capls,c10,0,0.447,1.489,True,103309,660008,660008,0,1155340,,,61,153261,,1.4835203128478642,"{""block_cap"": 0.35, ""cores_used"": 4}",False,
case_009,1,1,5,capls,c11,0,0.144,1.225,True,140221,370072,370072,0,865404,,,21,153261,,1.0929960562255296,"{""block_cap"": 0.35, ""cores_used"": 2}",False,
case_009,1,1,5,capls,c12,0,0.652,1.787,True,81680,2241274,2241274,0,2736606,,,125,153261,,1.8763589618021548,"{""block_cap"": 0.35, ""init"": ""rr"", ""level_mode"": ""alap_fill""}",False,
case_009,1,1,5,capls,c13,0,0.614,1.787,True,81680,2241274,2241274,0,2736606,,,125,153261,,1.8763589618021548,"{""block_cap"": 0.35, ""init"": ""rr"", ""level_mode"": ""alap_compress""}",False,
case_009,1,1,5,capls,sa1,0,1.474,1.454,True,68190,825050,825050,0,1320382,,,125,153261,,2.2475582930048392,"{""anneal"": true, ""anneal_seconds"": 2.201}",True,
case_009,1,1,5,capls,sa2,0,1.328,1.323,True,68355,825562,825562,0,1320894,,,126,153261,,2.242132982225148,"{""anneal"": true, ""anneal_seconds"": 2.201}",False,
case_009,1,1,5,capls,sa3,0,1.386,1.38,True,68355,825562,825562,0,1320894,,,126,153261,,2.242132982225148,"{""anneal"": true, ""anneal_seconds"": 2.201}",False,
case_009,1,1,5,capls,_best,0,,1.454,True,68190,825050,,,,,,125,153261,,2.2475582930048392,"{""anneal"": true}",True,results\plans\case_009_p1_n5_capls_best.json
case_003,1,1,5,capls,c0,0,1.634,5.452,True,255629,4549018,4549018,0,5833282,,,88,602212,,2.3558047013445265,"{""block_cap"": 0.35}",True,
case_003,1,1,5,capls,c1,0,1.552,5.452,True,255629,4549018,4549018,0,5833282,,,88,602212,,2.3558047013445265,"{""block_cap"": 0.15}",False,
case_003,1,1,5,capls,c2,0,1.721,4.463,True,255664,4180698,4180698,0,5464962,,,76,602212,,2.355482195381438,"{""block_cap"": 0.35, ""init"": ""rr""}",False,
case_003,1,1,5,capls,c3,0,1.392,7.274,True,581671,905374,905374,0,2189638,,,12,602212,,1.0353137770320335,"{""block_cap"": 0.35, ""init"": ""contig""}",False,
case_003,1,1,5,capls,sa1,0,4.547,4.494,True,257454,4549148,4549148,0,5833412,,,89,602212,,2.3391052382173125,"{""anneal"": true, ""anneal_seconds"": 3.128}",False,
case_003,1,1,5,capls,sa2,0,4.485,4.473,True,257454,4549018,4549018,0,5833282,,,88,602212,,2.3391052382173125,"{""anneal"": true, ""anneal_seconds"": 3.128}",False,
case_003,1,1,5,capls,sa3,0,4.499,4.487,True,258506,4549018,4549018,0,5833282,,,88,602212,,2.329586160475966,"{""anneal"": true, ""anneal_seconds"": 3.128}",False,
case_003,1,1,5,capls,_best,0,1.726,5.452,True,255629,4549018,4549018,0,5833282,,,88,602212,,2.3558047013445265,"{""block_cap"": 0.35}",True,results\plans\case_003_p1_n5_capls_best.json
case_011,1,1,2,capls,c0,0,0.012,0.146,True,92646,180224,180224,0,786432,,,2,184697,,1.9935777043801135,"{""block_cap"": 0.35}",True,
case_011,1,1,2,capls,c1,0,0.013,0.146,True,92646,180224,180224,0,786432,,,2,184697,,1.9935777043801135,"{""block_cap"": 0.15}",False,
case_011,1,1,2,capls,c2,0,0.013,0.146,True,92646,180224,180224,0,786432,,,2,184697,,1.9935777043801135,"{""block_cap"": 0.35, ""init"": ""rr""}",False,
case_011,1,1,2,capls,c3,0,0.012,0.122,True,92646,360448,360448,0,966656,,,2,184697,,1.9935777043801135,"{""block_cap"": 0.35, ""init"": ""contig""}",False,
case_011,1,1,2,capls,c4,0,0.012,0.138,True,96300,1622016,1622016,0,2228224,,,16,184697,,1.9179335410176532,"{""block_cap"": 0.35, ""subgraph_mode"": ""block""}",False,
case_011,1,1,2,capls,c5,0,0.012,0.138,True,96300,1622016,1622016,0,2228224,,,16,184697,,1.9179335410176532,"{""block_cap"": 0.35, ""init"": ""rr"", ""subgraph_mode"": ""block""}",False,
case_011,1,1,2,capls,c6,0,0.013,0.146,True,92646,180224,180224,0,786432,,,2,184697,,1.9935777043801135,"{""block_cap"": 0.6, ""comm_weight"": 1e-06}",False,
case_011,1,1,2,capls,c7,0,0.014,0.146,True,92646,180224,180224,0,786432,,,2,184697,,1.9935777043801135,"{""block_cap"": 0.08}",False,
case_011,1,1,2,capls,c8,0,0.021,0.276,True,118705,2998272,2998272,0,3604480,,,3,184697,,1.5559327745250833,"{""block_cap"": 0.005}",False,
case_011,1,1,2,capls,c9,0,0.013,0.146,True,92646,180224,180224,0,786432,,,2,184697,,1.9935777043801135,"{""block_cap"": 0.35, ""max_ops"": 2000}",False,
case_011,1,1,2,capls,c10,0,0.006,0.136,True,184697,0,0,0,606208,,,1,184697,,1.0,"{""block_cap"": 0.35, ""cores_used"": 1}",False,
case_011,1,1,2,capls,c11,0,0.006,0.136,True,184697,0,0,0,606208,,,1,184697,,1.0,"{""block_cap"": 0.35, ""cores_used"": 1}",False,
case_011,1,1,2,capls,c12,0,0.019,0.146,True,92646,180224,180224,0,786432,,,2,184697,,1.9935777043801135,"{""block_cap"": 0.35, ""init"": ""rr"", ""level_mode"": ""alap_fill""}",False,
case_011,1,1,2,capls,c13,0,0.016,0.146,True,92646,180224,180224,0,786432,,,2,184697,,1.9935777043801135,"{""block_cap"": 0.35, ""init"": ""rr"", ""level_mode"": ""alap_compress""}",False,
case_011,1,1,2,capls,sa1,0,0.0,0.235,True,105270,1613824,1613824,0,2220032,,,3,184697,,1.754507457015294,"{""anneal"": true, ""anneal_seconds"": 10.186}",False,
case_011,1,1,2,capls,sa2,0,0.0,0.239,True,105270,1613824,1613824,0,2220032,,,3,184697,,1.754507457015294,"{""anneal"": true, ""anneal_seconds"": 10.186}",False,
case_011,1,1,2,capls,sa3,0,0.118,0.115,True,185046,180224,180224,0,786432,,,2,184697,,0.9981139824692239,"{""anneal"": true, ""anneal_seconds"": 10.186}",False,
case_011,1,1,2,capls,_best,0,0.016,0.146,True,92646,180224,180224,0,786432,,,2,184697,,1.9935777043801135,"{""block_cap"": 0.35}",True,results\plans\case_011_p1_n2_capls_best.json
case_012,1,1,3,capls,c0,0,0.094,0.305,True,28475,164312,164312,0,719210,,,8,59088,,2.075083406496927,"{""block_cap"": 0.35}",False,
case_012,1,1,3,capls,c1,0,0.111,0.313,True,25867,251880,251880,0,806778,,,8,59088,,2.284300460045618,"{""block_cap"": 0.15}",False,
case_012,1,1,3,capls,c2,0,0.083,0.297,True,26845,201470,201470,0,756368,,,8,59088,,2.2010802756565466,"{""block_cap"": 0.35, ""init"": ""rr""}",False,
case_012,1,1,3,capls,c3,0,0.081,0.267,True,22820,152868,152868,0,707766,,,6,59088,,2.589307624890447,"{""block_cap"": 0.35, ""init"": ""contig""}",False,
case_012,1,1,3,capls,c4,0,0.112,0.278,True,42575,452352,452352,0,1007250,,,126,59088,,1.3878567234292425,"{""block_cap"": 0.35, ""subgraph_mode"": ""block""}",False,
case_012,1,1,3,capls,c5,0,0.078,0.274,True,47709,452352,452352,0,1007250,,,126,59088,,1.2385084575237377,"{""block_cap"": 0.35, ""init"": ""rr"", ""subgraph_mode"": ""block""}",False,
case_012,1,1,3,capls,c6,0,0.026,0.312,True,21665,0,0,0,554898,,,3,59088,,2.727348257558274,"{""block_cap"": 0.6, ""comm_weight"": 1e-06}",False,
case_012,1,1,3,capls,c7,0,0.082,0.327,True,23069,189280,189280,0,744178,,,8,59088,,2.5613594000606876,"{""block_cap"": 0.08}",False,
case_012,1,1,3,capls,c8,0,0.202,0.329,True,36929,717548,717548,0,1272446,,,18,59088,,1.6000433263830593,"{""block_cap"": 0.005}",False,
case_012,1,1,3,capls,c9,0,0.075,0.305,True,28475,164312,164312,0,719210,,,8,59088,,2.075083406496927,"{""block_cap"": 0.35, ""max_ops"": 2000}",False,
case_012,1,1,3,capls,c10,0,0.018,0.315,True,30092,0,0,0,554898,,,2,59088,,1.9635783596969294,"{""block_cap"": 0.35, ""cores_used"": 2}",False,
case_012,1,1,3,capls,c11,0,0.005,0.326,True,59088,0,0,0,554898,,,1,59088,,1.0,"{""block_cap"": 0.35, ""cores_used"": 1}",False,
case_012,1,1,3,capls,c12,0,0.068,0.358,True,26380,634338,634338,0,1189236,,,9,59088,,2.2398786959818042,"{""block_cap"": 0.35, ""init"": ""rr"", ""level_mode"": ""alap_fill""}",False,
case_012,1,1,3,capls,c13,0,0.082,0.358,True,26380,634338,634338,0,1189236,,,9,59088,,2.2398786959818042,"{""block_cap"": 0.35, ""init"": ""rr"", ""level_mode"": ""alap_compress""}",False,
case_012,1,1,3,capls,sa1,0,0.001,0.302,True,21683,109084,109084,0,663982,,,4,59088,,2.7250841673200203,"{""anneal"": true, ""anneal_seconds"": 6.156}",False,
case_012,1,1,3,capls,sa2,0,0.001,0.311,True,21365,87136,87136,0,642034,,,4,59088,,2.7656447460800373,"{""anneal"": true, ""anneal_seconds"": 6.156}",True,
case_012,1,1,3,capls,sa3,0,0.001,0.343,True,21665,45084,45084,0,599982,,,4,59088,,2.727348257558274,"{""anneal"": true, ""anneal_seconds"": 6.156}",False,
case_012,1,1,3,capls,_best,0,,0.311,True,21365,87136,,,,,,4,59088,,2.7656447460800373,"{""anneal"": true}",True,results\plans\case_012_p1_n3_capls_best.json
case_007,1,1,3,capls,c0,0,0.084,1.761,True,338094,55296,55296,0,1787904,,,3,1012562,,2.994912657426633,"{""block_cap"": 0.35}",True,
case_007,1,1,3,capls,c1,0,0.078,1.761,True,338094,55296,55296,0,1787904,,,3,1012562,,2.994912657426633,"{""block_cap"": 0.15}",False,
case_007,1,1,3,capls,c2,0,0.089,1.761,True,338094,55296,55296,0,1787904,,,3,1012562,,2.994912657426633,"{""block_cap"": 0.35, ""init"": ""rr""}",False,
case_007,1,1,3,capls,c3,0,0.066,1.736,True,338094,55296,55296,0,1787904,,,3,1012562,,2.994912657426633,"{""block_cap"": 0.35, ""init"": ""contig""}",False,
case_007,1,1,3,capls,c4,0,0.065,2.63,True,476830,15316992,15316992,0,17049600,,,555,1012562,,2.1235283014910973,"{""block_cap"": 0.35, ""subgraph_mode"": ""block""}",False,
case_007,1,1,3,capls,c5,0,0.07,2.63,True,476830,15316992,15316992,0,17049600,,,555,1012562,,2.1235283014910973,"{""block_cap"": 0.35, ""init"": ""rr"", ""subgraph_mode"": ""block""}",False,
case_007,1,1,3,capls,c6,0,0.096,1.761,True,338094,55296,55296,0,1787904,,,3,1012562,,2.994912657426633,"{""block_cap"": 0.6, ""comm_weight"": 1e-06}",False,
case_007,1,1,3,capls,c7,0,0.108,1.761,True,338094,55296,55296,0,1787904,,,3,1012562,,2.994912657426633,"{""block_cap"": 0.08}",False,
case_007,1,1,3,capls,c8,0,0.151,1.761,True,338094,55296,55296,0,1787904,,,3,1012562,,2.994912657426633,"{""block_cap"": 0.005}",False,
case_007,1,1,3,capls,c9,0,0.073,1.761,True,338094,55296,55296,0,1787904,,,3,1012562,,2.994912657426633,"{""block_cap"": 0.35, ""max_ops"": 2000}",False,
case_007,1,1,3,capls,c10,0,0.051,2.517,True,507494,27648,27648,0,1760256,,,2,1012562,,1.9952196479170197,"{""block_cap"": 0.35, ""cores_used"": 2}",False,
case_007,1,1,3,capls,c11,0,0.036,3.928,True,1012562,0,0,0,1732608,,,1,1012562,,1.0,"{""block_cap"": 0.35, ""cores_used"": 1}",False,
case_007,1,1,3,capls,c12,0,0.111,1.761,True,338094,55296,55296,0,1787904,,,3,1012562,,2.994912657426633,"{""block_cap"": 0.35, ""init"": ""rr"", ""level_mode"": ""alap_fill""}",False,
case_007,1,1,3,capls,c13,0,0.113,1.761,True,338094,55296,55296,0,1787904,,,3,1012562,,2.994912657426633,"{""block_cap"": 0.35, ""init"": ""rr"", ""level_mode"": ""alap_compress""}",False,
case_007,1,1,3,capls,sa1,0,2.565,2.542,True,355094,6512640,6312960,199680,8245248,,,5,1012562,,2.8515322703284203,"{""anneal"": true, ""anneal_seconds"": 16.436}",False,
case_007,1,1,3,capls,sa2,0,2.852,2.848,True,354540,3283968,3184128,99840,5016576,,,4,1012562,,2.855988040841654,"{""anneal"": true, ""anneal_seconds"": 16.436}",False,
case_007,1,1,3,capls,sa3,0,0.002,3.263,True,354540,3283968,3184128,99840,5016576,,,4,1012562,,2.855988040841654,"{""anneal"": true, ""anneal_seconds"": 16.436}",False,
case_007,1,1,3,capls,_best,0,0.111,1.761,True,338094,55296,55296,0,1787904,,,3,1012562,,2.994912657426633,"{""block_cap"": 0.35}",True,results\plans\case_007_p1_n3_capls_best.json
case_003,1,1,2,capls,c0,0,0.327,8.908,True,570359,635864,635864,0,1920128,,,6,602212,,1.055847282150365,"{""block_cap"": 0.35}",False,
case_003,1,1,2,capls,c1,0,0.355,3.958,True,583383,2041602,2041602,0,3325866,,,18,602212,,1.0322755376827917,"{""block_cap"": 0.15}",False,
case_003,1,1,2,capls,c2,0,0.271,5.315,True,578986,924000,924000,0,2208264,,,8,602212,,1.0401149596017867,"{""block_cap"": 0.35, ""init"": ""rr""}",False,
case_003,1,1,2,capls,c3,0,0.315,17.793,True,571017,255882,255882,0,1540146,,,3,602212,,1.0546305976879848,"{""block_cap"": 0.35, ""init"": ""contig""}",False,
case_003,1,1,2,capls,sa1,0,5.502,5.465,True,568956,709596,709596,0,1993860,,,7,602212,,1.0584509171183711,"{""anneal"": true, ""anneal_seconds"": 8.678}",False,
case_003,1,1,2,capls,sa2,0,6.058,6.048,True,568956,925660,925660,0,2209924,,,8,602212,,1.0584509171183711,"{""anneal"": true, ""anneal_seconds"": 8.678}",False,
case_003,1,1,2,capls,sa3,0,6.055,6.041,True,561059,916640,916640,0,2200904,,,8,602212,,1.0733487921947602,"{""anneal"": true, ""anneal_seconds"": 8.678}",True,
case_003,1,1,2,capls,_best,0,,6.041,True,561059,916640,,,,,,8,602212,,1.0733487921947602,"{""anneal"": true}",True,results\plans\case_003_p1_n2_capls_best.json
case_012,1,1,2,capls,c0,0,0.011,0.327,True,30092,0,0,0,554898,,,2,59088,,1.9635783596969294,"{""block_cap"": 0.35}",False,
case_012,1,1,2,capls,c1,0,0.021,0.208,True,35324,149266,149266,0,704164,,,6,59088,,1.672743743630393,"{""block_cap"": 0.15}",False,
case_012,1,1,2,capls,c2,0,0.016,0.231,True,30015,0,0,0,554898,,,2,59088,,1.968615692153923,"{""block_cap"": 0.35, ""init"": ""rr""}",False,
case_012,1,1,2,capls,c3,0,0.016,0.321,True,29841,0,0,0,554898,,,2,59088,,1.980094500854529,"{""block_cap"": 0.35, ""init"": ""contig""}",True,
case_012,1,1,2,capls,c4,0,0.011,0.203,True,32148,0,0,0,554898,,,25,59088,,1.837999253452781,"{""block_cap"": 0.35, ""subgraph_mode"": ""block""}",False,
case_012,1,1,2,capls,c5,0,0.022,0.181,True,31608,0,0,0,554898,,,25,59088,,1.8694001518602885,"{""block_cap"": 0.35, ""init"": ""rr"", ""subgraph_mode"": ""block""}",False,
case_012,1,1,2,capls,c6,0,0.018,0.327,True,30092,0,0,0,554898,,,2,59088,,1.9635783596969294,"{""block_cap"": 0.6, ""comm_weight"": 1e-06}",False,
case_012,1,1,2,capls,c7,0,0.032,0.205,True,35261,204062,204062,0,758960,,,7,59088,,1.6757323955645047,"{""block_cap"": 0.08}",False,
case_012,1,1,2,capls,c8,0,0.065,0.33,True,38561,812780,812780,0,1367678,,,7,59088,,1.5323254064987941,"{""block_cap"": 0.005}",False,
case_012,1,1,2,capls,c9,0,0.013,0.327,True,30092,0,0,0,554898,,,2,59088,,1.9635783596969294,"{""block_cap"": 0.35, ""max_ops"": 2000}",False,
case_012,1,1,2,capls,c10,0,0.005,0.271,True,59088,0,0,0,554898,,,1,59088,,1.0,"{""block_cap"": 0.35, ""cores_used"": 1}",False,
case_012,1,1,2,capls,c11,0,0.004,0.271,True,59088,0,0,0,554898,,,1,59088,,1.0,"{""block_cap"": 0.35, ""cores_used"": 1}",False,
case_012,1,1,2,capls,c12,0,0.017,0.231,True,30015,0,0,0,554898,,,2,59088,,1.968615692153923,"{""block_cap"": 0.35, ""init"": ""rr"", ""level_mode"": ""alap_fill""}",False,
case_012,1,1,2,capls,c13,0,0.017,0.231,True,30015,0,0,0,554898,,,2,59088,,1.968615692153923,"{""block_cap"": 0.35, ""init"": ""rr"", ""level_mode"": ""alap_compress""}",False,
case_012,1,1,2,capls,sa1,0,0.001,0.315,True,30387,125480,125480,0,680378,,,3,59088,,1.944515746865436,"{""anneal"": true, ""anneal_seconds"": 10.961}",False,
case_012,1,1,2,capls,sa2,0,0.001,0.317,True,29841,109612,109612,0,664510,,,3,59088,,1.980094500854529,"{""anneal"": true, ""anneal_seconds"": 10.961}",False,
case_012,1,1,2,capls,sa3,0,0.199,0.196,True,50503,0,0,0,554898,,,2,59088,,1.1699899015900046,"{""anneal"": true, ""anneal_seconds"": 10.961}",False,
case_012,1,1,2,capls,_best,0,0.017,0.321,True,29841,0,0,0,554898,,,2,59088,,1.980094500854529,"{""block_cap"": 0.35, ""init"": ""contig""}",True,results\plans\case_012_p1_n2_capls_best.json
case_015,1,1,5,capls,c0,0,0.092,0.272,True,67789,886664,886664,0,1771278,,,9,177362,,2.6163831890129665,"{""block_cap"": 0.35}",False,
case_015,1,1,5,capls,c1,0,0.104,0.216,True,62770,1247552,1247552,0,2132166,,,13,177362,,2.8255854707662897,"{""block_cap"": 0.15}",False,
case_015,1,1,5,capls,c2,0,0.107,0.268,True,62403,915844,915844,0,1800458,,,10,177362,,2.842203099209974,"{""block_cap"": 0.35, ""init"": ""rr""}",False,
case_015,1,1,5,capls,c3,0,0.106,0.231,True,62062,773472,773472,0,1658086,,,9,177362,,2.8578195997550835,"{""block_cap"": 0.35, ""init"": ""contig""}",False,
case_015,1,1,5,capls,c4,0,0.112,0.367,True,72107,1835688,1835688,0,2720302,,,78,177362,,2.459705715117811,"{""block_cap"": 0.35, ""subgraph_mode"": ""block""}",False,
case_015,1,1,5,capls,c5,0,0.092,0.231,True,79617,1835688,1835688,0,2720302,,,78,177362,,2.2276900661918937,"{""block_cap"": 0.35, ""init"": ""rr"", ""subgraph_mode"": ""block""}",False,
case_015,1,1,5,capls,c6,0,0.109,0.272,True,67789,886664,886664,0,1771278,,,9,177362,,2.6163831890129665,"{""block_cap"": 0.6, ""comm_weight"": 1e-06}",False,
case_015,1,1,5,capls,c7,0,0.114,0.315,True,59931,1445952,1445952,0,2330566,,,15,177362,,2.959436685521683,"{""block_cap"": 0.08}",False,
case_015,1,1,5,capls,c8,0,0.217,0.29,True,108139,2971298,2971298,0,3855912,,,33,177362,,1.6401298329002487,"{""block_cap"": 0.005}",False,
case_015,1,1,5,capls,c9,0,0.098,0.272,True,67789,886664,886664,0,1771278,,,9,177362,,2.6163831890129665,"{""block_cap"": 0.35, ""max_ops"": 2000}",False,
case_015,1,1,5,capls,c10,0,0.1,0.247,True,68626,920660,920660,0,1805274,,,9,177362,,2.5844723574155566,"{""block_cap"": 0.35, ""cores_used"": 4}",False,
case_015,1,1,5,capls,c11,0,0.024,0.402,True,92321,224536,109824,114712,1109150,,,2,177362,,1.921144701638847,"{""block_cap"": 0.35, ""cores_used"": 2}",False,
case_015,1,1,5,capls,c12,0,0.093,0.309,True,54436,1637708,1637708,0,2522322,,,10,177362,,3.2581747373061942,"{""block_cap"": 0.35, ""init"": ""rr"", ""level_mode"": ""alap_fill""}",True,
case_015,1,1,5,capls,c13,0,0.093,0.309,True,54436,1637708,1637708,0,2522322,,,10,177362,,3.2581747373061942,"{""block_cap"": 0.35, ""init"": ""rr"", ""level_mode"": ""alap_compress""}",False,
case_015,1,1,5,capls,sa1,0,0.273,0.267,True,57857,1637708,1637708,0,2522322,,,10,177362,,3.065523618576836,"{""anneal"": true, ""anneal_seconds"": 1.535}",False,
case_015,1,1,5,capls,sa2,0,0.303,0.301,True,57946,1727104,1727104,0,2611718,,,11,177362,,3.060815241776827,"{""anneal"": true, ""anneal_seconds"": 1.535}",False,
case_015,1,1,5,capls,sa3,0,0.254,0.252,True,60097,1637708,1637708,0,2522322,,,10,177362,,2.951262126229263,"{""anneal"": true, ""anneal_seconds"": 1.535}",False,
case_015,1,1,5,capls,_best,0,0.085,0.309,True,54436,1637708,1637708,0,2522322,,,10,177362,,3.2581747373061942,"{""block_cap"": 0.35, ""init"": ""rr"", ""level_mode"": ""alap_fill""}",True,results\plans\case_015_p1_n5_capls_best.json
case_013,1,1,5,capls,c0,0,0.135,0.607,True,54363,32768,32768,0,2560000,,,5,263949,,4.855305998565201,"{""block_cap"": 0.35}",True,
case_013,1,1,5,capls,c1,0,0.148,0.607,True,54363,32768,32768,0,2560000,,,5,263949,,4.855305998565201,"{""block_cap"": 0.15}",False,
case_013,1,1,5,capls,c2,0,0.135,0.607,True,54363,32768,32768,0,2560000,,,5,263949,,4.855305998565201,"{""block_cap"": 0.35, ""init"": ""rr""}",False,
case_013,1,1,5,capls,c3,0,0.124,0.649,True,54363,32768,32768,0,2560000,,,5,263949,,4.855305998565201,"{""block_cap"": 0.35, ""init"": ""contig""}",False,
case_013,1,1,5,capls,c4,0,0.14,1.018,True,102984,2007040,2007040,0,4534272,,,246,263949,,2.563009787928222,"{""block_cap"": 0.35, ""subgraph_mode"": ""block""}",False,
case_013,1,1,5,capls,c5,0,0.154,1.018,True,102984,2007040,2007040,0,4534272,,,246,263949,,2.563009787928222,"{""block_cap"": 0.35, ""init"": ""rr"", ""subgraph_mode"": ""block""}",False,
case_013,1,1,5,capls,c6,0,0.126,0.607,True,54363,32768,32768,0,2560000,,,5,263949,,4.855305998565201,"{""block_cap"": 0.6, ""comm_weight"": 1e-06}",False,
case_013,1,1,5,capls,c7,0,0.143,0.607,True,54363,32768,32768,0,2560000,,,5,263949,,4.855305998565201,"{""block_cap"": 0.08}",False,
case_013,1,1,5,capls,c8,0,0.466,1.315,True,146072,4372480,4372480,0,6899712,,,10,263949,,1.8069787502053782,"{""block_cap"": 0.005}",False,
case_013,1,1,5,capls,c9,0,0.127,0.607,True,54363,32768,32768,0,2560000,,,5,263949,,4.855305998565201,"{""block_cap"": 0.35, ""max_ops"": 2000}",False,
case_013,1,1,5,capls,c10,0,0.08,0.652,True,66982,24576,24576,0,2551808,,,4,263949,,3.9405959810098237,"{""block_cap"": 0.35, ""cores_used"": 4}",False,
case_013,1,1,5,capls,c11,0,0.036,1.099,True,132198,8192,8192,0,2535424,,,2,263949,,1.9966187083011846,"{""block_cap"": 0.35, ""cores_used"": 2}",False,
case_013,1,1,5,capls,c12,0,0.103,0.607,True,54363,32768,32768,0,2560000,,,5,263949,,4.855305998565201,"{""block_cap"": 0.35, ""init"": ""rr"", ""level_mode"": ""alap_fill""}",False,
case_013,1,1,5,capls,c13,0,0.106,0.607,True,54363,32768,32768,0,2560000,,,5,263949,,4.855305998565201,"{""block_cap"": 0.35, ""init"": ""rr"", ""level_mode"": ""alap_compress""}",False,
case_013,1,1,5,capls,sa1,0,0.001,0.815,True,62262,835584,835584,0,3362816,,,6,263949,,4.239327358581479,"{""anneal"": true, ""anneal_seconds"": 6.515}",False,
case_013,1,1,5,capls,sa2,0,0.001,0.85,True,62262,835584,835584,0,3362816,,,6,263949,,4.239327358581479,"{""anneal"": true, ""anneal_seconds"": 6.515}",False,
case_013,1,1,5,capls,sa3,0,0.001,0.849,True,62262,835584,835584,0,3362816,,,6,263949,,4.239327358581479,"{""anneal"": true, ""anneal_seconds"": 6.515}",False,
case_013,1,1,5,capls,_best,0,0.118,0.607,True,54363,32768,32768,0,2560000,,,5,263949,,4.855305998565201,"{""block_cap"": 0.35}",True,results\plans\case_013_p1_n5_capls_best.json
case_015,1,1,4,capls,c0,0,0.083,0.294,True,68626,920660,920660,0,1805274,,,9,177362,,2.5844723574155566,"{""block_cap"": 0.35}",False,
case_015,1,1,4,capls,c1,0,0.119,0.241,True,70636,1031536,1031536,0,1916150,,,8,177362,,2.5109292711931595,"{""block_cap"": 0.15}",False,
case_015,1,1,4,capls,c2,0,0.07,0.346,True,62098,708948,708948,0,1593562,,,8,177362,,2.856162839382911,"{""block_cap"": 0.35, ""init"": ""rr""}",False,
case_015,1,1,4,capls,c3,0,0.109,0.23,True,65236,661092,661092,0,1545706,,,8,177362,,2.718774909559139,"{""block_cap"": 0.35, ""init"": ""contig""}",False,
case_015,1,1,4,capls,c4,0,0.077,0.29,True,77936,1835688,1835688,0,2720302,,,78,177362,,2.2757390679531926,"{""block_cap"": 0.35, ""subgraph_mode"": ""block""}",False,
case_015,1,1,4,capls,c5,0,0.073,0.258,True,81384,1835688,1835688,0,2720302,,,78,177362,,2.1793227169959697,"{""block_cap"": 0.35, ""init"": ""rr"", ""subgraph_mode"": ""block""}",False,
case_015,1,1,4,capls,c6,0,0.069,0.299,True,53029,248832,224256,24576,1133446,,,4,177362,,3.3446227535876596,"{""block_cap"": 0.6, ""comm_weight"": 1e-06}",False,
case_015,1,1,4,capls,c7,0,0.137,0.228,True,74980,1501084,1501084,0,2385698,,,12,177362,,2.365457455321419,"{""block_cap"": 0.08}",False,
case_015,1,1,4,capls,c8,0,0.168,0.399,True,102810,2876968,2827816,49152,3761582,,,25,177362,,1.7251434685341893,"{""block_cap"": 0.005}",False,
case_015,1,1,4,capls,c9,0,0.083,0.294,True,68626,920660,920660,0,1805274,,,9,177362,,2.5844723574155566,"{""block_cap"": 0.35, ""max_ops"": 2000}",False,
case_015,1,1,4,capls,c10,0,0.056,0.443,True,70432,735864,735864,0,1620478,,,6,177362,,2.5182019536574285,"{""block_cap"": 0.35, ""cores_used"": 3}",False,
case_015,1,1,4,capls,c11,0,0.024,0.307,True,92321,224536,109824,114712,1109150,,,2,177362,,1.921144701638847,"{""block_cap"": 0.35, ""cores_used"": 2}",False,
case_015,1,1,4,capls,c12,0,0.113,0.346,True,58808,1654584,1654584,0,2539198,,,8,177362,,3.015950210855666,"{""block_cap"": 0.35, ""init"": ""rr"", ""level_mode"": ""alap_fill""}",False,
case_015,1,1,4,capls,c13,0,0.111,0.346,True,58808,1654584,1654584,0,2539198,,,8,177362,,3.015950210855666,"{""block_cap"": 0.35, ""init"": ""rr"", ""level_mode"": ""alap_compress""}",False,
case_015,1,1,4,capls,sa1,0,0.001,0.353,True,53040,430844,406268,24576,1315458,,,5,177362,,3.343929110105581,"{""anneal"": true, ""anneal_seconds"": 3.371}",False,
case_015,1,1,4,capls,sa2,0,0.001,0.33,True,53003,461872,437296,24576,1346486,,,5,177362,,3.346263419051752,"{""anneal"": true, ""anneal_seconds"": 3.371}",True,
case_015,1,1,4,capls,sa3,0,0.275,0.269,True,53040,643876,619300,24576,1528490,,,6,177362,,3.343929110105581,"{""anneal"": true, ""anneal_seconds"": 3.371}",False,
case_015,1,1,4,capls,_best,0,,0.33,True,53003,461872,,,,,,5,177362,,3.346263419051752,"{""anneal"": true}",True,results\plans\case_015_p1_n4_capls_best.json
case_013,1,1,4,capls,c0,0,0.133,0.608,True,66982,24576,24576,0,2551808,,,4,263949,,3.9405959810098237,"{""block_cap"": 0.35}",True,
case_013,1,1,4,capls,c1,0,0.093,0.608,True,66982,24576,24576,0,2551808,,,4,263949,,3.9405959810098237,"{""block_cap"": 0.15}",False,
case_013,1,1,4,capls,c2,0,0.08,0.608,True,66982,24576,24576,0,2551808,,,4,263949,,3.9405959810098237,"{""block_cap"": 0.35, ""init"": ""rr""}",False,
case_013,1,1,4,capls,c3,0,0.106,0.715,True,66982,24576,24576,0,2551808,,,4,263949,,3.9405959810098237,"{""block_cap"": 0.35, ""init"": ""contig""}",False,
case_013,1,1,4,capls,c4,0,0.12,1.105,True,108774,2007040,2007040,0,4534272,,,246,263949,,2.4265817198962987,"{""block_cap"": 0.35, ""subgraph_mode"": ""block""}",False,
case_013,1,1,4,capls,c5,0,0.114,1.105,True,108774,2007040,2007040,0,4534272,,,246,263949,,2.4265817198962987,"{""block_cap"": 0.35, ""init"": ""rr"", ""subgraph_mode"": ""block""}",False,
case_013,1,1,4,capls,c6,0,0.108,0.608,True,66982,24576,24576,0,2551808,,,4,263949,,3.9405959810098237,"{""block_cap"": 0.6, ""comm_weight"": 1e-06}",False,
case_013,1,1,4,capls,c7,0,0.111,0.608,True,66982,24576,24576,0,2551808,,,4,263949,,3.9405959810098237,"{""block_cap"": 0.08}",False,
case_013,1,1,4,capls,c8,0,0.273,1.342,True,148445,4407296,4407296,0,6934528,,,9,263949,,1.7780928963589209,"{""block_cap"": 0.005}",False,
case_013,1,1,4,capls,c9,0,0.083,0.608,True,66982,24576,24576,0,2551808,,,4,263949,,3.9405959810098237,"{""block_cap"": 0.35, ""max_ops"": 2000}",False,
case_013,1,1,4,capls,c10,0,0.069,0.846,True,88351,16384,16384,0,2543616,,,3,263949,,2.98750438591527,"{""block_cap"": 0.35, ""cores_used"": 3}",False,
case_013,1,1,4,capls,c11,0,0.037,1.072,True,132198,8192,8192,0,2535424,,,2,263949,,1.9966187083011846,"{""block_cap"": 0.35, ""cores_used"": 2}",False,
case_013,1,1,4,capls,c12,0,0.082,0.608,True,66982,24576,24576,0,2551808,,,4,263949,,3.9405959810098237,"{""block_cap"": 0.35, ""init"": ""rr"", ""level_mode"": ""alap_fill""}",False,
case_013,1,1,4,capls,c13,0,0.111,0.608,True,66982,24576,24576,0,2551808,,,4,263949,,3.9405959810098237,"{""block_cap"": 0.35, ""init"": ""rr"", ""level_mode"": ""alap_compress""}",False,
case_013,1,1,4,capls,sa1,0,0.002,0.908,True,76955,1024000,1024000,0,3551232,,,5,263949,,3.4299135858618675,"{""anneal"": true, ""anneal_seconds"": 9.789}",False,
case_013,1,1,4,capls,sa2,0,0.001,0.898,True,76955,1024000,1024000,0,3551232,,,5,263949,,3.4299135858618675,"{""anneal"": true, ""anneal_seconds"": 9.789}",False,
case_013,1,1,4,capls,sa3,0,0.001,0.873,True,78069,1040384,1040384,0,3567616,,,5,263949,,3.380970679783269,"{""anneal"": true, ""anneal_seconds"": 9.789}",False,
case_013,1,1,4,capls,_best,0,0.113,0.608,True,66982,24576,24576,0,2551808,,,4,263949,,3.9405959810098237,"{""block_cap"": 0.35}",True,results\plans\case_013_p1_n4_capls_best.json
case_015,1,1,3,capls,c0,0,0.051,0.394,True,70432,735864,735864,0,1620478,,,6,177362,,2.5182019536574285,"{""block_cap"": 0.35}",False,
case_015,1,1,3,capls,c1,0,0.056,0.309,True,85880,1842666,1842666,0,2727280,,,11,177362,,2.0652305542617606,"{""block_cap"": 0.15}",False,
case_015,1,1,3,capls,c2,0,0.049,0.317,True,76304,965272,965272,0,1849886,,,7,177362,,2.3244128748165234,"{""block_cap"": 0.35, ""init"": ""rr""}",False,
case_015,1,1,3,capls,c3,0,0.08,0.318,True,76014,683376,683376,0,1567990,,,6,177362,,2.333280711447891,"{""block_cap"": 0.35, ""init"": ""contig""}",False,
case_015,1,1,3,capls,c4,0,0.059,0.215,True,101522,1835688,1835688,0,2720302,,,78,177362,,1.7470302003506628,"{""block_cap"": 0.35, ""subgraph_mode"": ""block""}",False,
case_015,1,1,3,capls,c5,0,0.044,0.25,True,95600,1835688,1835688,0,2720302,,,78,177362,,1.8552510460251046,"{""block_cap"": 0.35, ""init"": ""rr"", ""subgraph_mode"": ""block""}",False,
case_015,1,1,3,capls,c6,0,0.027,0.347,True,61168,290056,208128,81928,1174670,,,3,177362,,2.8995880198796757,"{""block_cap"": 0.6, ""comm_weight"": 1e-06}",True,
case_015,1,1,3,capls,c7,0,0.083,0.337,True,81805,1579290,1579290,0,2463904,,,8,177362,,2.1681070839190757,"{""block_cap"": 0.08}",False,
case_015,1,1,3,capls,c8,0,0.165,0.331,True,98529,2580904,2580904,0,3465518,,,18,177362,,1.8000994631022338,"{""block_cap"": 0.005}",False,
case_015,1,1,3,capls,c9,0,0.062,0.394,True,70432,735864,735864,0,1620478,,,6,177362,,2.5182019536574285,"{""block_cap"": 0.35, ""max_ops"": 2000}",False,
case_015,1,1,3,capls,c10,0,0.016,0.372,True,92321,224536,109824,114712,1109150,,,2,177362,,1.921144701638847,"{""block_cap"": 0.35, ""cores_used"": 2}",False,
case_015,1,1,3,capls,c11,0,0.008,0.44,True,177362,180256,0,180256,1064870,,,1,177362,,1.0,"{""block_cap"": 0.35, ""cores_used"": 1}",False,
case_015,1,1,3,capls,c12,0,0.04,0.297,True,72559,2167712,2167712,0,3052326,,,9,177362,,2.4443831916095866,"{""block_cap"": 0.35, ""init"": ""rr"", ""level_mode"": ""alap_fill""}",False,
case_015,1,1,3,capls,c13,0,0.06,0.297,True,72559,2167712,2167712,0,3052326,,,9,177362,,2.4443831916095866,"{""block_cap"": 0.35, ""init"": ""rr"", ""level_mode"": ""alap_compress""}",False,
case_015,1,1,3,capls,sa1,0,0.001,0.33,True,61168,634132,552204,81928,1518746,,,4,177362,,2.8995880198796757,"{""anneal"": true, ""anneal_seconds"": 6.219}",False,
case_015,1,1,3,capls,sa2,0,0.001,0.309,True,63047,465560,432784,32776,1350174,,,4,177362,,2.8131711263025996,"{""anneal"": true, ""anneal_seconds"": 6.219}",False,
case_015,1,1,3,capls,sa3,0,0.001,0.327,True,63117,488750,439598,49152,1373364,,,4,177362,,2.8100511748023513,"{""anneal"": true, ""anneal_seconds"": 6.219}",False,
case_015,1,1,3,capls,_best,0,0.022,0.347,True,61168,290056,208128,81928,1174670,,,3,177362,,2.8995880198796757,"{""block_cap"": 0.6, ""comm_weight"": 1e-06}",True,results\plans\case_015_p1_n3_capls_best.json
case_007,1,1,2,capls,c0,0,0.054,2.754,True,507494,27648,27648,0,1760256,,,2,1012562,,1.9952196479170197,"{""block_cap"": 0.35}",True,
case_007,1,1,2,capls,c1,0,0.068,2.754,True,507494,27648,27648,0,1760256,,,2,1012562,,1.9952196479170197,"{""block_cap"": 0.15}",False,
case_007,1,1,2,capls,c2,0,0.051,2.754,True,507494,27648,27648,0,1760256,,,2,1012562,,1.9952196479170197,"{""block_cap"": 0.35, ""init"": ""rr""}",False,
case_007,1,1,2,capls,c3,0,0.066,2.64,True,507494,27648,27648,0,1760256,,,2,1012562,,1.9952196479170197,"{""block_cap"": 0.35, ""init"": ""contig""}",False,
case_007,1,1,2,capls,c4,0,0.055,2.752,True,659110,15316992,15316992,0,17049600,,,555,1012562,,1.5362564670540577,"{""block_cap"": 0.35, ""subgraph_mode"": ""block""}",False,
case_007,1,1,2,capls,c5,0,0.044,2.752,True,659110,15316992,15316992,0,17049600,,,555,1012562,,1.5362564670540577,"{""block_cap"": 0.35, ""init"": ""rr"", ""subgraph_mode"": ""block""}",False,
case_007,1,1,2,capls,c6,0,0.048,2.754,True,507494,27648,27648,0,1760256,,,2,1012562,,1.9952196479170197,"{""block_cap"": 0.6, ""comm_weight"": 1e-06}",False,
case_007,1,1,2,capls,c7,0,0.047,2.754,True,507494,27648,27648,0,1760256,,,2,1012562,,1.9952196479170197,"{""block_cap"": 0.08}",False,
case_007,1,1,2,capls,c8,0,0.048,2.754,True,507494,27648,27648,0,1760256,,,2,1012562,,1.9952196479170197,"{""block_cap"": 0.005}",False,
case_007,1,1,2,capls,c9,0,0.047,2.754,True,507494,27648,27648,0,1760256,,,2,1012562,,1.9952196479170197,"{""block_cap"": 0.35, ""max_ops"": 2000}",False,
case_007,1,1,2,capls,c10,0,0.02,4.446,True,1012562,0,0,0,1732608,,,1,1012562,,1.0,"{""block_cap"": 0.35, ""cores_used"": 1}",False,
case_007,1,1,2,capls,c11,0,0.022,4.446,True,1012562,0,0,0,1732608,,,1,1012562,,1.0,"{""block_cap"": 0.35, ""cores_used"": 1}",False,
case_007,1,1,2,capls,c12,0,0.079,2.754,True,507494,27648,27648,0,1760256,,,2,1012562,,1.9952196479170197,"{""block_cap"": 0.35, ""init"": ""rr"", ""level_mode"": ""alap_fill""}",False,
case_007,1,1,2,capls,c13,0,0.085,2.754,True,507494,27648,27648,0,1760256,,,2,1012562,,1.9952196479170197,"{""block_cap"": 0.35, ""init"": ""rr"", ""level_mode"": ""alap_compress""}",False,
case_007,1,1,2,capls,sa1,0,0.002,4.417,True,507494,1952256,1952256,0,3684864,,,3,1012562,,1.9952196479170197,"{""anneal"": true, ""anneal_seconds"": 25.942}",False,
case_007,1,1,2,capls,sa2,0,0.002,5.946,True,546488,5280768,4710912,569856,7013376,,,3,1012562,,1.8528531276075595,"{""anneal"": true, ""anneal_seconds"": 25.942}",False,
case_007,1,1,2,capls,sa3,0,4.204,4.183,True,548584,7219200,6649344,569856,8951808,,,4,1012562,,1.845773846849343,"{""anneal"": true, ""anneal_seconds"": 25.942}",False,
case_007,1,1,2,capls,_best,0,0.062,2.754,True,507494,27648,27648,0,1760256,,,2,1012562,,1.9952196479170197,"{""block_cap"": 0.35}",True,results\plans\case_007_p1_n2_capls_best.json
case_013,1,1,3,capls,c0,0,0.074,0.686,True,88351,16384,16384,0,2543616,,,3,263949,,2.98750438591527,"{""block_cap"": 0.35}",True,
case_013,1,1,3,capls,c1,0,0.077,0.686,True,88351,16384,16384,0,2543616,,,3,263949,,2.98750438591527,"{""block_cap"": 0.15}",False,
case_013,1,1,3,capls,c2,0,0.057,0.686,True,88351,16384,16384,0,2543616,,,3,263949,,2.98750438591527,"{""block_cap"": 0.35, ""init"": ""rr""}",False,
case_013,1,1,3,capls,c3,0,0.085,0.685,True,88351,16384,16384,0,2543616,,,3,263949,,2.98750438591527,"{""block_cap"": 0.35, ""init"": ""contig""}",False,
case_013,1,1,3,capls,c4,0,0.062,0.883,True,132658,2007040,2007040,0,4534272,,,246,263949,,1.9896953067285803,"{""block_cap"": 0.35, ""subgraph_mode"": ""block""}",False,
case_013,1,1,3,capls,c5,0,0.086,0.883,True,132658,2007040,2007040,0,4534272,,,246,263949,,1.9896953067285803,"{""block_cap"": 0.35, ""init"": ""rr"", ""subgraph_mode"": ""block""}",False,
case_013,1,1,3,capls,c6,0,0.074,0.686,True,88351,16384,16384,0,2543616,,,3,263949,,2.98750438591527,"{""block_cap"": 0.6, ""comm_weight"": 1e-06}",False,
case_013,1,1,3,capls,c7,0,0.082,0.686,True,88351,16384,16384,0,2543616,,,3,263949,,2.98750438591527,"{""block_cap"": 0.08}",False,
case_013,1,1,3,capls,c8,0,0.083,1.086,True,112221,2031616,2031616,0,4558848,,,4,263949,,2.3520464084262303,"{""block_cap"": 0.005}",False,
case_013,1,1,3,capls,c9,0,0.076,0.686,True,88351,16384,16384,0,2543616,,,3,263949,,2.98750438591527,"{""block_cap"": 0.35, ""max_ops"": 2000}",False,
case_013,1,1,3,capls,c10,0,0.036,1.068,True,132198,8192,8192,0,2535424,,,2,263949,,1.9966187083011846,"{""block_cap"": 0.35, ""cores_used"": 2}",False,
case_013,1,1,3,capls,c11,0,0.014,1.873,True,263949,0,0,0,2527232,,,1,263949,,1.0,"{""block_cap"": 0.35, ""cores_used"": 1}",False,
case_013,1,1,3,capls,c12,0,0.084,0.686,True,88351,16384,16384,0,2543616,,,3,263949,,2.98750438591527,"{""block_cap"": 0.35, ""init"": ""rr"", ""level_mode"": ""alap_fill""}",False,
case_013,1,1,3,capls,c13,0,0.063,0.686,True,88351,16384,16384,0,2543616,,,3,263949,,2.98750438591527,"{""block_cap"": 0.35, ""init"": ""rr"", ""level_mode"": ""alap_compress""}",False,
case_013,1,1,3,capls,sa1,0,0.001,1.066,True,102879,1359872,1359872,0,3887104,,,4,263949,,2.5656256378852826,"{""anneal"": true, ""anneal_seconds"": 14.446}",False,
case_013,1,1,3,capls,sa2,0,0.001,1.125,True,102879,1359872,1359872,0,3887104,,,4,263949,,2.5656256378852826,"{""anneal"": true, ""anneal_seconds"": 14.446}",False,
case_013,1,1,3,capls,sa3,0,0.001,1.073,True,102879,1359872,1359872,0,3887104,,,4,263949,,2.5656256378852826,"{""anneal"": true, ""anneal_seconds"": 14.446}",False,
case_013,1,1,3,capls,_best,0,0.073,0.686,True,88351,16384,16384,0,2543616,,,3,263949,,2.98750438591527,"{""block_cap"": 0.35}",True,results\plans\case_013_p1_n3_capls_best.json
case_015,1,1,2,capls,c0,0,0.02,0.441,True,92321,224536,109824,114712,1109150,,,2,177362,,1.921144701638847,"{""block_cap"": 0.35}",False,
case_015,1,1,2,capls,c1,0,0.033,0.322,True,101333,404836,290124,114712,1289450,,,3,177362,,1.7502886522653036,"{""block_cap"": 0.15}",False,
case_015,1,1,2,capls,c2,0,0.034,0.385,True,91129,224528,109824,114704,1109142,,,2,177362,,1.9462739632828188,"{""block_cap"": 0.35, ""init"": ""rr""}",False,
case_015,1,1,2,capls,c3,0,0.031,0.281,True,88439,216336,109824,106512,1100950,,,2,177362,,2.0054726986962765,"{""block_cap"": 0.35, ""init"": ""contig""}",True,
case_015,1,1,2,capls,c4,0,0.015,0.159,True,99993,901632,901632,0,1786246,,,46,177362,,1.7737441620913463,"{""block_cap"": 0.35, ""subgraph_mode"": ""block""}",False,
case_015,1,1,2,capls,c5,0,0.021,0.232,True,94644,901632,901632,0,1786246,,,46,177362,,1.8739909555809138,"{""block_cap"": 0.35, ""init"": ""rr"", ""subgraph_mode"": ""block""}",False,
case_015,1,1,2,capls,c6,0,0.016,0.441,True,92321,224536,109824,114712,1109150,,,2,177362,,1.921144701638847,"{""block_cap"": 0.6, ""comm_weight"": 1e-06}",False,
case_015,1,1,2,capls,c7,0,0.032,0.335,True,120053,1800992,1800992,0,2685606,,,6,177362,,1.477364164160829,"{""block_cap"": 0.08}",False,
case_015,1,1,2,capls,c8,0,0.069,0.348,True,118743,2444038,2444038,0,3328652,,,9,177362,,1.49366278433255,"{""block_cap"": 0.005}",False,
case_015,1,1,2,capls,c9,0,0.023,0.441,True,92321,224536,109824,114712,1109150,,,2,177362,,1.921144701638847,"{""block_cap"": 0.35, ""max_ops"": 2000}",False,
case_015,1,1,2,capls,c10,0,0.007,0.376,True,177362,180256,0,180256,1064870,,,1,177362,,1.0,"{""block_cap"": 0.35, ""cores_used"": 1}",False,
case_015,1,1,2,capls,c11,0,0.01,0.376,True,177362,180256,0,180256,1064870,,,1,177362,,1.0,"{""block_cap"": 0.35, ""cores_used"": 1}",False,
case_015,1,1,2,capls,c12,0,0.022,0.385,True,91129,224528,109824,114704,1109142,,,2,177362,,1.9462739632828188,"{""block_cap"": 0.35, ""init"": ""rr"", ""level_mode"": ""alap_fill""}",False,
case_015,1,1,2,capls,c13,0,0.022,0.385,True,91129,224528,109824,114704,1109142,,,2,177362,,1.9462739632828188,"{""block_cap"": 0.35, ""init"": ""rr"", ""level_mode"": ""alap_compress""}",False,
case_015,1,1,2,capls,sa1,0,0.001,0.336,True,89075,422788,414596,8192,1307402,,,3,177362,,1.991153522312658,"{""anneal"": true, ""anneal_seconds"": 11.821}",False,
case_015,1,1,2,capls,sa2,0,0.001,0.329,True,92935,546488,439976,106512,1431102,,,3,177362,,1.9084521439715931,"{""anneal"": true, ""anneal_seconds"": 11.821}",False,
case_015,1,1,2,capls,sa3,0,0.229,0.226,True,175206,216336,109824,106512,1100950,,,2,177362,,1.0123055146513247,"{""anneal"": true, ""anneal_seconds"": 11.821}",False,
case_015,1,1,2,capls,_best,0,0.021,0.281,True,88439,216336,109824,106512,1100950,,,2,177362,,2.0054726986962765,"{""block_cap"": 0.35, ""init"": ""contig""}",True,results\plans\case_015_p1_n2_capls_best.json
case_017,1,1,5,capls,c0,0,0.06,0.654,True,36065,322560,322560,0,966422,,,5,162810,,4.514349091917372,"{""block_cap"": 0.35}",True,
case_017,1,1,5,capls,c1,0,0.177,0.526,True,47599,893354,893354,0,1537216,,,13,162810,,3.42045000945398,"{""block_cap"": 0.15}",False,
case_017,1,1,5,capls,c2,0,0.085,0.682,True,39459,327168,327168,0,971030,,,5,162810,,4.1260548924199805,"{""block_cap"": 0.35, ""init"": ""rr""}",False,
case_017,1,1,5,capls,c3,0,0.086,0.614,True,39462,230400,230400,0,874262,,,5,162810,,4.125741219400942,"{""block_cap"": 0.35, ""init"": ""contig""}",False,
case_017,1,1,5,capls,c4,0,0.058,0.296,True,42897,571392,571392,0,1215254,,,54,162810,,3.7953703056157773,"{""block_cap"": 0.35, ""subgraph_mode"": ""block""}",False,
case_017,1,1,5,capls,c5,0,0.11,0.418,True,46722,571392,571392,0,1215254,,,54,162810,,3.484653910363426,"{""block_cap"": 0.35, ""init"": ""rr"", ""subgraph_mode"": ""block""}",False,
case_017,1,1,5,capls,c6,0,0.061,0.654,True,36065,322560,322560,0,966422,,,5,162810,,4.514349091917372,"{""block_cap"": 0.6, ""comm_weight"": 1e-06}",False,
case_017,1,1,5,capls,c7,0,0.156,0.421,True,56209,951718,951718,0,1595580,,,14,162810,,2.896511234855628,"{""block_cap"": 0.08}",False,
case_017,1,1,5,capls,c8,0,0.265,0.499,True,76095,1767784,1767784,0,2411646,,,29,162810,,2.1395623891188644,"{""block_cap"": 0.005}",False,
case_017,1,1,5,capls,c9,0,0.055,0.654,True,36065,322560,322560,0,966422,,,5,162810,,4.514349091917372,"{""block_cap"": 0.35, ""max_ops"": 2000}",False,
case_017,1,1,5,capls,c10,0,0.072,0.46,True,46304,245376,245376,0,889238,,,4,162810,,3.5161109191430544,"{""block_cap"": 0.35, ""cores_used"": 4}",False,
case_017,1,1,5,capls,c11,0,0.028,0.523,True,82310,81792,81792,0,725654,,,2,162810,,1.9780099623375045,"{""block_cap"": 0.35, ""cores_used"": 2}",False,
case_017,1,1,5,capls,c12,0,0.08,0.682,True,39459,327168,327168,0,971030,,,5,162810,,4.1260548924199805,"{""block_cap"": 0.35, ""init"": ""rr"", ""level_mode"": ""alap_fill""}",False,
case_017,1,1,5,capls,c13,0,0.087,0.682,True,39459,327168,327168,0,971030,,,5,162810,,4.1260548924199805,"{""block_cap"": 0.35, ""init"": ""rr"", ""level_mode"": ""alap_compress""}",False,
case_017,1,1,5,capls,sa1,0,0.001,0.52,True,36065,419072,419072,0,1062934,,,6,162810,,4.514349091917372,"{""anneal"": true, ""anneal_seconds"": 3.534}",False,
case_017,1,1,5,capls,sa2,0,0.001,0.565,True,36065,345600,345600,0,989462,,,6,162810,,4.514349091917372,"{""anneal"": true, ""anneal_seconds"": 3.534}",False,
case_017,1,1,5,capls,sa3,0,0.001,0.53,True,36065,442112,442112,0,1085974,,,7,162810,,4.514349091917372,"{""anneal"": true, ""anneal_seconds"": 3.534}",False,
case_017,1,1,5,capls,_best,0,0.052,0.654,True,36065,322560,322560,0,966422,,,5,162810,,4.514349091917372,"{""block_cap"": 0.35}",True,results\plans\case_017_p1_n5_capls_best.json
case_017,1,1,4,capls,c0,0,0.074,0.6,True,46304,245376,245376,0,889238,,,4,162810,,3.5161109191430544,"{""block_cap"": 0.35}",True,
case_017,1,1,4,capls,c1,0,0.068,0.528,True,66719,1034802,1034802,0,1678664,,,12,162810,,2.440234415983453,"{""block_cap"": 0.15}",False,
case_017,1,1,4,capls,c2,0,0.06,0.731,True,47846,240768,240768,0,884630,,,4,162810,,3.4027922919366302,"{""block_cap"": 0.35, ""init"": ""rr""}",False,
case_017,1,1,4,capls,c3,0,0.1,0.597,True,48442,152064,152064,0,795926,,,4,162810,,3.3609264687667726,"{""block_cap"": 0.35, ""init"": ""contig""}",False,
case_017,1,1,4,capls,c4,0,0.075,0.366,True,53955,571392,571392,0,1215254,,,54,162810,,3.017514595496247,"{""block_cap"": 0.35, ""subgraph_mode"": ""block""}",False,
case_017,1,1,4,capls,c5,0,0.085,0.331,True,55891,571392,571392,0,1215254,,,54,162810,,2.912991358179313,"{""block_cap"": 0.35, ""init"": ""rr"", ""subgraph_mode"": ""block""}",False,
case_017,1,1,4,capls,c6,0,0.082,0.6,True,46304,245376,245376,0,889238,,,4,162810,,3.5161109191430544,"{""block_cap"": 0.6, ""comm_weight"": 1e-06}",False,
case_017,1,1,4,capls,c7,0,0.135,0.572,True,66372,1101992,1101992,0,1745854,,,11,162810,,2.452992225637317,"{""block_cap"": 0.08}",False,
case_017,1,1,4,capls,c8,0,0.262,0.548,True,73073,1817966,1817966,0,2461828,,,21,162810,,2.2280459266760637,"{""block_cap"": 0.005}",False,
case_017,1,1,4,capls,c9,0,0.07,0.6,True,46304,245376,245376,0,889238,,,4,162810,,3.5161109191430544,"{""block_cap"": 0.35, ""max_ops"": 2000}",False,
case_017,1,1,4,capls,c10,0,0.029,0.573,True,57528,163584,163584,0,807446,,,3,162810,,2.8301001251564455,"{""block_cap"": 0.35, ""cores_used"": 3}",False,
case_017,1,1,4,capls,c11,0,0.029,0.689,True,82310,81792,81792,0,725654,,,2,162810,,1.9780099623375045,"{""block_cap"": 0.35, ""cores_used"": 2}",False,
case_017,1,1,4,capls,c12,0,0.084,0.731,True,47846,240768,240768,0,884630,,,4,162810,,3.4027922919366302,"{""block_cap"": 0.35, ""init"": ""rr"", ""level_mode"": ""alap_fill""}",False,
case_017,1,1,4,capls,c13,0,0.087,0.731,True,47846,240768,240768,0,884630,,,4,162810,,3.4027922919366302,"{""block_cap"": 0.35, ""init"": ""rr"", ""level_mode"": ""alap_compress""}",False,
case_017,1,1,4,capls,sa1,0,0.001,0.587,True,46304,288660,288660,0,932522,,,5,162810,,3.5161109191430544,"{""anneal"": true, ""anneal_seconds"": 5.022}",False,
case_017,1,1,4,capls,sa2,0,0.001,0.515,True,46304,343508,343508,0,987370,,,5,162810,,3.5161109191430544,"{""anneal"": true, ""anneal_seconds"": 5.022}",False,
case_017,1,1,4,capls,sa3,0,0.001,0.54,True,46304,337820,337820,0,981682,,,5,162810,,3.5161109191430544,"{""anneal"": true, ""anneal_seconds"": 5.022}",False,
case_017,1,1,4,capls,_best,0,0.07,0.6,True,46304,245376,245376,0,889238,,,4,162810,,3.5161109191430544,"{""block_cap"": 0.35}",True,results\plans\case_017_p1_n4_capls_best.json
case_017,1,1,3,capls,c0,0,0.03,0.562,True,57528,163584,163584,0,807446,,,3,162810,,2.8301001251564455,"{""block_cap"": 0.35}",True,
case_017,1,1,3,capls,c1,0,0.03,0.562,True,57528,163584,163584,0,807446,,,3,162810,,2.8301001251564455,"{""block_cap"": 0.15}",False,
case_017,1,1,3,capls,c2,0,0.068,0.568,True,60840,163584,163584,0,807446,,,3,162810,,2.67603550295858,"{""block_cap"": 0.35, ""init"": ""rr""}",False,
case_017,1,1,3,capls,c3,0,0.113,0.594,True,62797,156672,156672,0,800534,,,3,162810,,2.5926397757854676,"{""block_cap"": 0.35, ""init"": ""contig""}",False,
case_017,1,1,3,capls,c4,0,0.043,0.296,True,69210,571392,571392,0,1215254,,,54,162810,,2.352405721716515,"{""block_cap"": 0.35, ""subgraph_mode"": ""block""}",False,
case_017,1,1,3,capls,c5,0,0.069,0.406,True,70697,571392,571392,0,1215254,,,54,162810,,2.302926573970607,"{""block_cap"": 0.35, ""init"": ""rr"", ""subgraph_mode"": ""block""}",False,
case_017,1,1,3,capls,c6,0,0.036,0.562,True,57528,163584,163584,0,807446,,,3,162810,,2.8301001251564455,"{""block_cap"": 0.6, ""comm_weight"": 1e-06}",False,
case_017,1,1,3,capls,c7,0,0.071,0.454,True,78765,1181874,1181874,0,1825736,,,9,162810,,2.067034850504666,"{""block_cap"": 0.08}",False,
case_017,1,1,3,capls,c8,0,0.148,0.622,True,100683,1641674,1641674,0,2285536,,,17,162810,,1.6170555108608207,"{""block_cap"": 0.005}",False,
case_017,1,1,3,capls,c9,0,0.037,0.562,True,57528,163584,163584,0,807446,,,3,162810,,2.8301001251564455,"{""block_cap"": 0.35, ""max_ops"": 2000}",False,
case_017,1,1,3,capls,c10,0,0.028,0.618,True,82310,81792,81792,0,725654,,,2,162810,,1.9780099623375045,"{""block_cap"": 0.35, ""cores_used"": 2}",False,
case_017,1,1,3,capls,c11,0,0.011,0.673,True,162810,22528,0,22528,666390,,,1,162810,,1.0,"{""block_cap"": 0.35, ""cores_used"": 1}",False,
case_017,1,1,3,capls,c12,0,0.061,0.568,True,60840,163584,163584,0,807446,,,3,162810,,2.67603550295858,"{""block_cap"": 0.35, ""init"": ""rr"", ""level_mode"": ""alap_fill""}",False,
case_017,1,1,3,capls,c13,0,0.082,0.568,True,60840,163584,163584,0,807446,,,3,162810,,2.67603550295858,"{""block_cap"": 0.35, ""init"": ""rr"", ""level_mode"": ""alap_compress""}",False,
case_017,1,1,3,capls,sa1,0,0.001,0.572,True,57528,243466,243466,0,887328,,,4,162810,,2.8301001251564455,"{""anneal"": true, ""anneal_seconds"": 8.048}",False,
case_017,1,1,3,capls,sa2,0,0.001,0.584,True,57528,301610,301610,0,945472,,,4,162810,,2.8301001251564455,"{""anneal"": true, ""anneal_seconds"": 8.048}",False,
case_017,1,1,3,capls,sa3,0,0.001,0.498,True,62779,300878,300878,0,944740,,,4,162810,,2.5933831376734258,"{""anneal"": true, ""anneal_seconds"": 8.048}",False,
case_017,1,1,3,capls,_best,0,0.029,0.562,True,57528,163584,163584,0,807446,,,3,162810,,2.8301001251564455,"{""block_cap"": 0.35}",True,results\plans\case_017_p1_n3_capls_best.json
case_019,1,1,3,capls,c0,0,0.035,0.099,True,36552,602192,602192,0,789176,,,9,81144,,2.219960604070913,"{""block_cap"": 0.35}",False,
case_019,1,1,3,capls,c1,0,0.03,0.146,True,44044,658512,658512,0,845496,,,9,81144,,1.842339478703115,"{""block_cap"": 0.15}",False,
case_019,1,1,3,capls,c2,0,0.036,0.171,True,47398,876116,876116,0,1063100,,,21,81144,,1.7119709692392084,"{""block_cap"": 0.35, ""init"": ""rr""}",False,
case_019,1,1,3,capls,c3,0,0.066,0.142,True,30948,251444,251444,0,438428,,,6,81144,,2.621946490887941,"{""block_cap"": 0.35, ""init"": ""contig""}",True,
case_019,1,1,3,capls,c4,0,0.04,0.176,True,89573,1057924,1057924,0,1244908,,,111,81144,,0.9058979826510221,"{""block_cap"": 0.35, ""subgraph_mode"": ""block""}",False,
case_019,1,1,3,capls,c5,0,0.049,0.187,True,107842,1057924,1057924,0,1244908,,,111,81144,,0.7524341165779567,"{""block_cap"": 0.35, ""init"": ""rr"", ""subgraph_mode"": ""block""}",False,
case_019,1,1,3,capls,c6,0,0.045,0.128,True,44018,539732,539732,0,726716,,,9,81144,,1.8434276886728156,"{""block_cap"": 0.6, ""comm_weight"": 1e-06}",False,
case_019,1,1,3,capls,c7,0,0.033,0.102,True,41447,617056,617056,0,804040,,,11,81144,,1.9577774024657997,"{""block_cap"": 0.08}",False,
case_019,1,1,3,capls,c8,0,0.177,0.131,True,43355,894020,894020,0,1081004,,,15,81144,,1.8716180371352784,"{""block_cap"": 0.005}",False,
case_019,1,1,3,capls,c9,0,0.035,0.099,True,36552,602192,602192,0,789176,,,9,81144,,2.219960604070913,"{""block_cap"": 0.35, ""max_ops"": 2000}",False,
case_019,1,1,3,capls,c10,0,0.014,0.152,True,58087,320048,320048,0,507032,,,5,81144,,1.3969390741473995,"{""block_cap"": 0.35, ""cores_used"": 2}",False,
case_019,1,1,3,capls,c11,0,0.003,0.229,True,81144,0,0,0,186984,,,1,81144,,1.0,"{""block_cap"": 0.35, ""cores_used"": 1}",False,
case_019,1,1,3,capls,c12,0,0.05,0.178,True,42377,1495028,1495028,0,1682012,,,24,81144,,1.91481228024636,"{""block_cap"": 0.35, ""init"": ""rr"", ""level_mode"": ""alap_fill""}",False,
case_019,1,1,3,capls,c13,0,0.043,0.178,True,42377,1495028,1495028,0,1682012,,,24,81144,,1.91481228024636,"{""block_cap"": 0.35, ""init"": ""rr"", ""level_mode"": ""alap_compress""}",False,
case_019,1,1,3,capls,sa1,0,0.0,0.143,True,30948,280120,280120,0,467104,,,7,81144,,2.621946490887941,"{""anneal"": true, ""anneal_seconds"": 0.495}",False,
case_019,1,1,3,capls,sa2,0,0.0,0.135,True,30948,316980,316980,0,503964,,,7,81144,,2.621946490887941,"{""anneal"": true, ""anneal_seconds"": 0.495}",False,
case_019,1,1,3,capls,sa3,0,0.117,0.114,True,30948,345656,345656,0,532640,,,8,81144,,2.621946490887941,"{""anneal"": true, ""anneal_seconds"": 0.495}",False,
case_019,1,1,3,capls,_best,0,0.057,0.142,True,30948,251444,251444,0,438428,,,6,81144,,2.621946490887941,"{""block_cap"": 0.35, ""init"": ""contig""}",True,results\plans\case_019_p1_n3_capls_best.json
case_019,1,1,4,capls,c0,0,0.044,0.107,True,43110,660556,660556,0,847540,,,13,81144,,1.8822546972860126,"{""block_cap"": 0.35}",False,
case_019,1,1,4,capls,c1,0,0.071,0.138,True,33314,632440,632440,0,819424,,,13,81144,,2.4357327249804888,"{""block_cap"": 0.15}",False,
case_019,1,1,4,capls,c2,0,0.07,0.163,True,38398,755256,755256,0,942240,,,26,81144,,2.113235064326267,"{""block_cap"": 0.35, ""init"": ""rr""}",False,
case_019,1,1,4,capls,c3,0,0.06,0.147,True,25631,189456,189456,0,376440,,,8,81144,,3.165853848854902,"{""block_cap"": 0.35, ""init"": ""contig""}",False,
case_019,1,1,4,capls,c4,0,0.058,0.204,True,81824,1062532,1062532,0,1249516,,,112,81144,,0.99168947985921,"{""block_cap"": 0.35, ""subgraph_mode"": ""block""}",False,
case_019,1,1,4,capls,c5,0,0.064,0.129,True,86972,1062532,1062532,0,1249516,,,112,81144,,0.9329899277928528,"{""block_cap"": 0.35, ""init"": ""rr"", ""subgraph_mode"": ""block""}",False,
case_019,1,1,4,capls,c6,0,0.064,0.104,True,31960,599632,599632,0,786616,,,11,81144,,2.5389236545682103,"{""block_cap"": 0.6, ""comm_weight"": 1e-06}",False,
case_019,1,1,4,capls,c7,0,0.092,0.157,True,30353,577620,577620,0,764604,,,15,81144,,2.6733436563107436,"{""block_cap"": 0.08}",False,
case_019,1,1,4,capls,c8,0,0.203,0.146,True,49413,844328,844328,0,1031312,,,28,81144,,1.6421589460263493,"{""block_cap"": 0.005}",False,
case_019,1,1,4,capls,c9,0,0.079,0.107,True,43110,660556,660556,0,847540,,,13,81144,,1.8822546972860126,"{""block_cap"": 0.35, ""max_ops"": 2000}",False,
case_019,1,1,4,capls,c10,0,0.034,0.107,True,36552,602192,602192,0,789176,,,9,81144,,2.219960604070913,"{""block_cap"": 0.35, ""cores_used"": 3}",False,
case_019,1,1,4,capls,c11,0,0.02,0.144,True,58087,320048,320048,0,507032,,,5,81144,,1.3969390741473995,"{""block_cap"": 0.35, ""cores_used"": 2}",False,
case_019,1,1,4,capls,c12,0,0.093,0.187,True,36660,1347284,1347284,0,1534268,,,32,81144,,2.2134206219312604,"{""block_cap"": 0.35, ""init"": ""rr"", ""level_mode"": ""alap_fill""}",False,
case_019,1,1,4,capls,c13,0,0.085,0.187,True,36660,1347284,1347284,0,1534268,,,32,81144,,2.2134206219312604,"{""block_cap"": 0.35, ""init"": ""rr"", ""level_mode"": ""alap_compress""}",False,
case_019,1,1,4,capls,sa1,0,0.131,0.13,True,24731,435248,435248,0,622232,,,21,81144,,3.2810642513444663,"{""anneal"": true, ""anneal_seconds"": 0.621}",True,
case_019,1,1,4,capls,sa2,0,0.122,0.121,True,24731,427568,427568,0,614552,,,20,81144,,3.2810642513444663,"{""anneal"": true, ""anneal_seconds"": 0.621}",False,
case_019,1,1,4,capls,sa3,0,0.115,0.115,True,24731,427564,427564,0,614548,,,19,81144,,3.2810642513444663,"{""anneal"": true, ""anneal_seconds"": 0.621}",False,
case_019,1,1,4,capls,_best,0,,0.13,True,24731,435248,,,,,,21,81144,,3.2810642513444663,"{""anneal"": true}",True,results\plans\case_019_p1_n4_capls_best.json
case_019,1,1,5,capls,c0,0,0.082,0.159,True,36188,629816,629816,0,816800,,,15,81144,,2.2422902619652922,"{""block_cap"": 0.35}",False,
case_019,1,1,5,capls,c1,0,0.085,0.123,True,35556,490036,490036,0,677020,,,14,81144,,2.2821464731690853,"{""block_cap"": 0.15}",False,
case_019,1,1,5,capls,c2,0,0.068,0.128,True,40002,799896,799896,0,986880,,,33,81144,,2.0284985750712465,"{""block_cap"": 0.35, ""init"": ""rr""}",False,
case_019,1,1,5,capls,c3,0,0.078,0.146,True,34223,357384,357384,0,544368,,,11,81144,,2.3710370218858663,"{""block_cap"": 0.35, ""init"": ""contig""}",False,
case_019,1,1,5,capls,c4,0,0.076,0.159,True,68721,1062532,1062532,0,1249516,,,112,81144,,1.1807744357619943,"{""block_cap"": 0.35, ""subgraph_mode"": ""block""}",False,
case_019,1,1,5,capls,c5,0,0.073,0.209,True,70100,1062532,1062532,0,1249516,,,112,81144,,1.157546362339515,"{""block_cap"": 0.35, ""init"": ""rr"", ""subgraph_mode"": ""block""}",False,
case_019,1,1,5,capls,c6,0,0.091,0.101,True,27559,478800,478800,0,665784,,,13,81144,,2.9443738887477773,"{""block_cap"": 0.6, ""comm_weight"": 1e-06}",False,
case_019,1,1,5,capls,c7,0,0.081,0.126,True,32984,562488,562488,0,749472,,,13,81144,,2.460101867572156,"{""block_cap"": 0.08}",False,
case_019,1,1,5,capls,c8,0,0.177,0.13,True,47113,945384,945384,0,1132368,,,32,81144,,1.722327170844565,"{""block_cap"": 0.005}",False,
case_019,1,1,5,capls,c9,0,0.075,0.159,True,36188,629816,629816,0,816800,,,15,81144,,2.2422902619652922,"{""block_cap"": 0.35, ""max_ops"": 2000}",False,
case_019,1,1,5,capls,c10,0,0.063,0.104,True,43110,660556,660556,0,847540,,,13,81144,,1.8822546972860126,"{""block_cap"": 0.35, ""cores_used"": 4}",False,
case_019,1,1,5,capls,c11,0,0.015,0.14,True,58087,320048,320048,0,507032,,,5,81144,,1.3969390741473995,"{""block_cap"": 0.35, ""cores_used"": 2}",False,
case_019,1,1,5,capls,c12,0,0.057,0.195,True,36145,1466844,1466844,0,1653828,,,40,81144,,2.2449578088255637,"{""block_cap"": 0.35, ""init"": ""rr"", ""level_mode"": ""alap_fill""}",False,
case_019,1,1,5,capls,c13,0,0.059,0.195,True,36145,1466844,1466844,0,1653828,,,40,81144,,2.2449578088255637,"{""block_cap"": 0.35, ""init"": ""rr"", ""level_mode"": ""alap_compress""}",False,
case_019,1,1,5,capls,sa1,0,0.1,0.099,True,25856,730576,730576,0,917560,,,18,81144,,3.1383044554455446,"{""anneal"": true, ""anneal_seconds"": 0.584}",False,
case_019,1,1,5,capls,sa2,0,0.098,0.097,True,25857,751440,751440,0,938424,,,19,81144,,3.1381830838844413,"{""anneal"": true, ""anneal_seconds"": 0.584}",False,
case_019,1,1,5,capls,sa3,0,0.106,0.105,True,25047,647632,647632,0,834616,,,17,81144,,3.239669421487603,"{""anneal"": true, ""anneal_seconds"": 0.584}",True,
case_019,1,1,5,capls,_best,0,,0.105,True,25047,647632,,,,,,17,81144,,3.239669421487603,"{""anneal"": true}",True,results\plans\case_019_p1_n5_capls_best.json
case_019,1,1,2,capls,c0,0,0.022,0.088,True,58087,320048,320048,0,507032,,,5,81144,,1.3969390741473995,"{""block_cap"": 0.35}",False,
case_019,1,1,2,capls,c1,0,0.02,0.195,True,58087,320048,320048,0,507032,,,5,81144,,1.3969390741473995,"{""block_cap"": 0.15}",False,
case_019,1,1,2,capls,c2,0,0.029,0.1,True,67223,761912,761912,0,948896,,,16,81144,,1.2070868601520313,"{""block_cap"": 0.35, ""init"": ""rr""}",False,
case_019,1,1,2,capls,c3,0,0.045,0.099,True,47346,62980,62980,0,249964,,,3,81144,,1.7138512229121785,"{""block_cap"": 0.35, ""init"": ""contig""}",False,
case_019,1,1,2,capls,c4,0,0.014,0.125,True,89060,1044100,1044100,0,1231084,,,110,81144,,0.9111161015046036,"{""block_cap"": 0.35, ""subgraph_mode"": ""block""}",False,
case_019,1,1,2,capls,c5,0,0.022,0.127,True,117212,1044100,1044100,0,1231084,,,110,81144,,0.692284066477835,"{""block_cap"": 0.35, ""init"": ""rr"", ""subgraph_mode"": ""block""}",False,
case_019,1,1,2,capls,c6,0,0.008,0.136,True,41518,0,0,0,186984,,,2,81144,,1.9544294041138783,"{""block_cap"": 0.6, ""comm_weight"": 1e-06}",True,
case_019,1,1,2,capls,c7,0,0.02,0.113,True,45329,337456,337456,0,524440,,,7,81144,,1.7901122901453816,"{""block_cap"": 0.08}",False,
case_019,1,1,2,capls,c8,0,0.08,0.169,True,60357,844096,844096,0,1031080,,,17,81144,,1.3444008151498583,"{""block_cap"": 0.005}",False,
case_019,1,1,2,capls,c9,0,0.017,0.088,True,58087,320048,320048,0,507032,,,5,81144,,1.3969390741473995,"{""block_cap"": 0.35, ""max_ops"": 2000}",False,
case_019,1,1,2,capls,c10,0,0.005,0.147,True,81144,0,0,0,186984,,,1,81144,,1.0,"{""block_cap"": 0.35, ""cores_used"": 1}",False,
case_019,1,1,2,capls,c11,0,0.005,0.147,True,81144,0,0,0,186984,,,1,81144,,1.0,"{""block_cap"": 0.35, ""cores_used"": 1}",False,
case_019,1,1,2,capls,c12,0,0.032,0.156,True,52749,1434208,1434208,0,1621192,,,16,81144,,1.5383040436785531,"{""block_cap"": 0.35, ""init"": ""rr"", ""level_mode"": ""alap_fill""}",False,
case_019,1,1,2,capls,c13,0,0.031,0.156,True,52749,1434208,1434208,0,1621192,,,16,81144,,1.5383040436785531,"{""block_cap"": 0.35, ""init"": ""rr"", ""level_mode"": ""alap_compress""}",False,
case_019,1,1,2,capls,sa1,0,0.126,0.123,True,41518,181760,181760,0,368744,,,3,81144,,1.9544294041138783,"{""anneal"": true, ""anneal_seconds"": 6.013}",False,
case_019,1,1,2,capls,sa2,0,0.001,0.159,True,41518,94976,94976,0,281960,,,3,81144,,1.9544294041138783,"{""anneal"": true, ""anneal_seconds"": 6.013}",False,
case_019,1,1,2,capls,sa3,0,0.001,0.167,True,41518,185856,185856,0,372840,,,3,81144,,1.9544294041138783,"{""anneal"": true, ""anneal_seconds"": 6.013}",False,
case_019,1,1,2,capls,_best,0,0.011,0.136,True,41518,0,0,0,186984,,,2,81144,,1.9544294041138783,"{""block_cap"": 0.6, ""comm_weight"": 1e-06}",True,results\plans\case_019_p1_n2_capls_best.json
case_017,1,1,2,capls,c0,0,0.038,0.441,True,82310,81792,81792,0,725654,,,2,162810,,1.9780099623375045,"{""block_cap"": 0.35}",False,
case_017,1,1,2,capls,c1,0,0.049,0.441,True,82310,81792,81792,0,725654,,,2,162810,,1.9780099623375045,"{""block_cap"": 0.15}",False,
case_017,1,1,2,capls,c2,0,0.038,0.713,True,85169,81792,81792,0,725654,,,2,162810,,1.9116110321830713,"{""block_cap"": 0.35, ""init"": ""rr""}",False,
case_017,1,1,2,capls,c3,0,0.049,0.611,True,89339,73728,73728,0,717590,,,2,162810,,1.8223844009894894,"{""block_cap"": 0.35, ""init"": ""contig""}",False,
case_017,1,1,2,capls,c4,0,0.044,0.263,True,94808,571392,571392,0,1215254,,,54,162810,,1.7172601468230528,"{""block_cap"": 0.35, ""subgraph_mode"": ""block""}",False,
case_017,1,1,2,capls,c5,0,0.031,0.255,True,97170,571392,571392,0,1215254,,,54,162810,,1.6755171349181845,"{""block_cap"": 0.35, ""init"": ""rr"", ""subgraph_mode"": ""block""}",False,
case_017,1,1,2,capls,c6,0,0.035,0.441,True,82310,81792,81792,0,725654,,,2,162810,,1.9780099623375045,"{""block_cap"": 0.6, ""comm_weight"": 1e-06}",False,
case_017,1,1,2,capls,c7,0,0.049,0.607,True,109130,599628,599628,0,1243490,,,5,162810,,1.4918904059378724,"{""block_cap"": 0.08}",False,
case_017,1,1,2,capls,c8,0,0.067,0.401,True,103837,1014934,1014934,0,1658796,,,7,162810,,1.567938210849697,"{""block_cap"": 0.005}",False,
case_017,1,1,2,capls,c9,0,0.038,0.441,True,82310,81792,81792,0,725654,,,2,162810,,1.9780099623375045,"{""block_cap"": 0.35, ""max_ops"": 2000}",False,
case_017,1,1,2,capls,c10,0,0.018,0.697,True,162810,22528,0,22528,666390,,,1,162810,,1.0,"{""block_cap"": 0.35, ""cores_used"": 1}",False,
case_017,1,1,2,capls,c11,0,0.02,0.697,True,162810,22528,0,22528,666390,,,1,162810,,1.0,"{""block_cap"": 0.35, ""cores_used"": 1}",False,
case_017,1,1,2,capls,c12,0,0.05,0.713,True,85169,81792,81792,0,725654,,,2,162810,,1.9116110321830713,"{""block_cap"": 0.35, ""init"": ""rr"", ""level_mode"": ""alap_fill""}",False,
case_017,1,1,2,capls,c13,0,0.033,0.713,True,85169,81792,81792,0,725654,,,2,162810,,1.9116110321830713,"{""block_cap"": 0.35, ""init"": ""rr"", ""level_mode"": ""alap_compress""}",False,
case_017,1,1,2,capls,sa1,0,0.001,0.576,True,82310,244156,244156,0,888018,,,3,162810,,1.9780099623375045,"{""anneal"": true, ""anneal_seconds"": 15.446}",False,
case_017,1,1,2,capls,sa2,0,0.001,0.552,True,80139,251908,251908,0,895770,,,3,162810,,2.0315951035076556,"{""anneal"": true, ""anneal_seconds"": 15.446}",True,
case_017,1,1,2,capls,sa3,0,0.345,0.339,True,162479,81792,81792,0,725654,,,2,162810,,1.0020371863440813,"{""anneal"": true, ""anneal_seconds"": 15.446}",False,
case_017,1,1,2,capls,_best,0,,0.552,True,80139,251908,,,,,,3,162810,,2.0315951035076556,"{""anneal"": true}",True,results\plans\case_017_p1_n2_capls_best.json
case_018,1,1,5,capls,c0,0,0.175,2.235,True,212257,5337088,4509696,827392,6929936,,,5,1004367,,4.731843943898199,"{""block_cap"": 0.35}",False,
case_018,1,1,5,capls,c1,0,0.16,2.235,True,212257,5337088,4509696,827392,6929936,,,5,1004367,,4.731843943898199,"{""block_cap"": 0.15}",False,
case_018,1,1,5,capls,c2,0,0.185,2.134,True,212131,5017600,4456448,561152,6610448,,,5,1004367,,4.734654529512424,"{""block_cap"": 0.35, ""init"": ""rr""}",False,
case_018,1,1,5,capls,c3,0,0.168,1.964,True,204554,3661824,3461120,200704,5254672,,,5,1004367,,4.9100335363767025,"{""block_cap"": 0.35, ""init"": ""contig""}",True,
case_018,1,1,5,capls,c4,0,0.144,1.094,True,230659,10067712,10067712,0,11660560,,,123,1004367,,4.3543369216028855,"{""block_cap"": 0.35, ""subgraph_mode"": ""block""}",False,
case_018,1,1,5,capls,c5,0,0.149,1.146,True,226752,10067712,10067712,0,11660560,,,123,1004367,,4.429363357324301,"{""block_cap"": 0.35, ""init"": ""rr"", ""subgraph_mode"": ""block""}",False,
case_018,1,1,5,capls,c6,0,0.191,2.235,True,212257,5337088,4509696,827392,6929936,,,5,1004367,,4.731843943898199,"{""block_cap"": 0.6, ""comm_weight"": 1e-06}",False,
case_018,1,1,5,capls,c7,0,0.193,2.11,True,232340,6274048,5430272,843776,7866896,,,14,1004367,,4.322832917276405,"{""block_cap"": 0.08}",False,
case_018,1,1,5,capls,c8,0,0.386,2.595,True,280777,12057616,12057616,0,13650464,,,16,1004367,,3.5770985515195335,"{""block_cap"": 0.005}",False,
case_018,1,1,5,capls,c9,0,0.145,2.235,True,212257,5337088,4509696,827392,6929936,,,5,1004367,,4.731843943898199,"{""block_cap"": 0.35, ""max_ops"": 2000}",False,
case_018,1,1,5,capls,c10,0,0.124,2.096,True,268597,4898560,3690240,1208320,6491408,,,4,1004367,,3.739308331813088,"{""block_cap"": 0.35, ""cores_used"": 4}",False,
case_018,1,1,5,capls,c11,0,0.049,2.362,True,508594,3347456,1287168,2060288,4940304,,,2,1004367,,1.974791287352977,"{""block_cap"": 0.35, ""cores_used"": 2}",False,
case_018,1,1,5,capls,c12,0,0.13,2.134,True,212131,5017600,4456448,561152,6610448,,,5,1004367,,4.734654529512424,"{""block_cap"": 0.35, ""init"": ""rr"", ""level_mode"": ""alap_fill""}",False,
case_018,1,1,5,capls,c13,0,0.148,2.134,True,212131,5017600,4456448,561152,6610448,,,5,1004367,,4.734654529512424,"{""block_cap"": 0.35, ""init"": ""rr"", ""level_mode"": ""alap_compress""}",False,
case_018,1,1,5,capls,sa1,0,0.002,2.309,True,206105,5006848,4806144,200704,6599696,,,6,1004367,,4.873084107615051,"{""anneal"": true, ""anneal_seconds"": 6.378}",False,
case_018,1,1,5,capls,sa2,0,0.001,2.319,True,206105,5381168,5180464,200704,6974016,,,7,1004367,,4.873084107615051,"{""anneal"": true, ""anneal_seconds"": 6.378}",False,
case_018,1,1,5,capls,sa3,0,0.001,2.25,True,204937,4593200,4343344,249856,6186048,,,6,1004367,,4.90085733664492,"{""anneal"": true, ""anneal_seconds"": 6.378}",False,
case_018,1,1,5,capls,_best,0,0.15,1.964,True,204554,3661824,3461120,200704,5254672,,,5,1004367,,4.9100335363767025,"{""block_cap"": 0.35, ""init"": ""contig""}",True,results\plans\case_018_p1_n5_capls_best.json
case_013,1,1,2,capls,c0,0,0.049,0.984,True,132198,8192,8192,0,2535424,,,2,263949,,1.9966187083011846,"{""block_cap"": 0.35}",True,
case_013,1,1,2,capls,c1,0,0.036,0.984,True,132198,8192,8192,0,2535424,,,2,263949,,1.9966187083011846,"{""block_cap"": 0.15}",False,
case_013,1,1,2,capls,c2,0,0.04,0.984,True,132198,8192,8192,0,2535424,,,2,263949,,1.9966187083011846,"{""block_cap"": 0.35, ""init"": ""rr""}",False,
case_013,1,1,2,capls,c3,0,0.038,0.868,True,132198,8192,8192,0,2535424,,,2,263949,,1.9966187083011846,"{""block_cap"": 0.35, ""init"": ""contig""}",False,
case_013,1,1,2,capls,c4,0,0.055,1.06,True,186122,2007040,2007040,0,4534272,,,246,263949,,1.418150460450672,"{""block_cap"": 0.35, ""subgraph_mode"": ""block""}",False,
case_013,1,1,2,capls,c5,0,0.047,1.06,True,186122,2007040,2007040,0,4534272,,,246,263949,,1.418150460450672,"{""block_cap"": 0.35, ""init"": ""rr"", ""subgraph_mode"": ""block""}",False,
case_013,1,1,2,capls,c6,0,0.05,0.984,True,132198,8192,8192,0,2535424,,,2,263949,,1.9966187083011846,"{""block_cap"": 0.6, ""comm_weight"": 1e-06}",False,
case_013,1,1,2,capls,c7,0,0.057,0.984,True,132198,8192,8192,0,2535424,,,2,263949,,1.9966187083011846,"{""block_cap"": 0.08}",False,
case_013,1,1,2,capls,c8,0,0.071,0.984,True,132198,8192,8192,0,2535424,,,2,263949,,1.9966187083011846,"{""block_cap"": 0.005}",False,
case_013,1,1,2,capls,c9,0,0.037,0.984,True,132198,8192,8192,0,2535424,,,2,263949,,1.9966187083011846,"{""block_cap"": 0.35, ""max_ops"": 2000}",False,
case_013,1,1,2,capls,c10,0,0.011,1.644,True,263949,0,0,0,2527232,,,1,263949,,1.0,"{""block_cap"": 0.35, ""cores_used"": 1}",False,
case_013,1,1,2,capls,c11,0,0.026,1.644,True,263949,0,0,0,2527232,,,1,263949,,1.0,"{""block_cap"": 0.35, ""cores_used"": 1}",False,
case_013,1,1,2,capls,c12,0,0.035,0.984,True,132198,8192,8192,0,2535424,,,2,263949,,1.9966187083011846,"{""block_cap"": 0.35, ""init"": ""rr"", ""level_mode"": ""alap_fill""}",False,
case_013,1,1,2,capls,c13,0,0.037,0.984,True,132198,8192,8192,0,2535424,,,2,263949,,1.9966187083011846,"{""block_cap"": 0.35, ""init"": ""rr"", ""level_mode"": ""alap_compress""}",False,
case_013,1,1,2,capls,sa1,0,0.002,1.481,True,153942,2023424,2023424,0,4550656,,,3,263949,,1.7146003040106015,"{""anneal"": true, ""anneal_seconds"": 28.423}",False,
case_013,1,1,2,capls,sa2,0,0.002,1.365,True,153942,2023424,2023424,0,4550656,,,3,263949,,1.7146003040106015,"{""anneal"": true, ""anneal_seconds"": 28.423}",False,
case_013,1,1,2,capls,sa3,0,0.821,0.812,True,264286,8192,8192,0,2535424,,,2,263949,,0.9987248662433879,"{""anneal"": true, ""anneal_seconds"": 28.423}",False,
case_013,1,1,2,capls,_best,0,0.046,0.984,True,132198,8192,8192,0,2535424,,,2,263949,,1.9966187083011846,"{""block_cap"": 0.35}",True,results\plans\case_013_p1_n2_capls_best.json
case_018,1,1,4,capls,c0,0,0.13,2.289,True,268597,4898560,3690240,1208320,6491408,,,4,1004367,,3.739308331813088,"{""block_cap"": 0.35}",False,
case_018,1,1,4,capls,c1,0,0.128,2.289,True,268597,4898560,3690240,1208320,6491408,,,4,1004367,,3.739308331813088,"{""block_cap"": 0.15}",False,
case_018,1,1,4,capls,c2,0,0.231,1.939,True,254778,5118976,3595264,1523712,6711824,,,4,1004367,,3.942126086239785,"{""block_cap"": 0.35, ""init"": ""rr""}",False,
case_018,1,1,4,capls,c3,0,0.129,2.251,True,258248,3448832,2928640,520192,5041680,,,4,1004367,,3.8891569344196277,"{""block_cap"": 0.35, ""init"": ""contig""}",False,
case_018,1,1,4,capls,c4,0,0.124,1.041,True,292038,10067712,10067712,0,11660560,,,123,1004367,,3.439165451071436,"{""block_cap"": 0.35, ""subgraph_mode"": ""block""}",False,
case_018,1,1,4,capls,c5,0,0.19,0.848,True,269053,10067712,10067712,0,11660560,,,123,1004367,,3.7329708273091176,"{""block_cap"": 0.35, ""init"": ""rr"", ""subgraph_mode"": ""block""}",False,
case_018,1,1,4,capls,c6,0,0.098,2.289,True,268597,4898560,3690240,1208320,6491408,,,4,1004367,,3.739308331813088,"{""block_cap"": 0.6, ""comm_weight"": 1e-06}",False,
case_018,1,1,4,capls,c7,0,0.151,2.117,True,273293,5160712,3952392,1208320,6753560,,,9,1004367,,3.6750557094400516,"{""block_cap"": 0.08}",False,
case_018,1,1,4,capls,c8,0,0.129,2.333,True,345652,10097680,9982992,114688,11690528,,,13,1004367,,2.9057173110527352,"{""block_cap"": 0.005}",False,
case_018,1,1,4,capls,c9,0,0.132,2.289,True,268597,4898560,3690240,1208320,6491408,,,4,1004367,,3.739308331813088,"{""block_cap"": 0.35, ""max_ops"": 2000}",False,
case_018,1,1,4,capls,c10,0,0.089,2.296,True,346991,4125056,2462080,1662976,5717904,,,3,1004367,,2.894504468415607,"{""block_cap"": 0.35, ""cores_used"": 3}",False,
case_018,1,1,4,capls,c11,0,0.053,2.064,True,508594,3347456,1287168,2060288,4940304,,,2,1004367,,1.974791287352977,"{""block_cap"": 0.35, ""cores_used"": 2}",False,
case_018,1,1,4,capls,c12,0,0.232,1.939,True,254778,5118976,3595264,1523712,6711824,,,4,1004367,,3.942126086239785,"{""block_cap"": 0.35, ""init"": ""rr"", ""level_mode"": ""alap_fill""}",False,
case_018,1,1,4,capls,c13,0,0.226,1.939,True,254778,5118976,3595264,1523712,6711824,,,4,1004367,,3.942126086239785,"{""block_cap"": 0.35, ""init"": ""rr"", ""level_mode"": ""alap_compress""}",False,
case_018,1,1,4,capls,sa1,0,2.124,2.114,True,254677,6238464,4948224,1290240,7831312,,,5,1004367,,3.943689457626719,"{""anneal"": true, ""anneal_seconds"": 11.101}",True,
case_018,1,1,4,capls,sa2,0,1.977,1.974,True,262595,6921800,5631560,1290240,8514648,,,6,1004367,,3.824775795426417,"{""anneal"": true, ""anneal_seconds"": 11.101}",False,
case_018,1,1,4,capls,sa3,0,0.002,2.546,True,262525,6268544,5244544,1024000,7861392,,,5,1004367,,3.825795638510618,"{""anneal"": true, ""anneal_seconds"": 11.101}",False,
case_018,1,1,4,capls,_best,0,,2.114,True,254677,6238464,,,,,,5,1004367,,3.943689457626719,"{""anneal"": true}",True,results\plans\case_018_p1_n4_capls_best.json
case_016,1,1,4,capls,c0,0,1.055,4.585,True,7946324,58589780,58589780,0,58982998,,,150,7715523,,0.9709549975561027,"{""block_cap"": 0.35}",False,
case_016,1,1,4,capls,c1,0,1.164,4.585,True,7946324,58589780,58589780,0,58982998,,,150,7715523,,0.9709549975561027,"{""block_cap"": 0.15}",False,
case_016,1,1,4,capls,c2,0,1.23,4.585,True,7946324,58589780,58589780,0,58982998,,,150,7715523,,0.9709549975561027,"{""block_cap"": 0.35, ""init"": ""rr""}",False,
case_016,1,1,4,capls,c3,0,0.558,17.989,True,7720170,1179660,1179660,0,1572878,,,4,7715523,,0.9993980702497484,"{""block_cap"": 0.35, ""init"": ""contig""}",True,
case_016,1,1,4,capls,sa1,0,7.759,7.669,True,7723273,4980788,4980788,0,5374006,,,9,7715523,,0.998996539420528,"{""anneal"": true, ""anneal_seconds"": 2.207}",False,
case_016,1,1,4,capls,sa2,0,6.389,6.374,True,7723922,5374008,5374008,0,5767226,,,10,7715523,,0.9989125990656043,"{""anneal"": true, ""anneal_seconds"": 2.207}",False,
case_016,1,1,4,capls,sa3,0,5.815,5.8,True,7725346,6553656,6553656,0,6946874,,,11,7715523,,0.9987284711908049,"{""anneal"": true, ""anneal_seconds"": 2.207}",False,
case_016,1,1,4,capls,_best,0,0.62,17.989,True,7720170,1179660,1179660,0,1572878,,,4,7715523,,0.9993980702497484,"{""block_cap"": 0.35, ""init"": ""contig""}",True,results\plans\case_016_p1_n4_capls_best.json
case_018,1,1,3,capls,c0,0,0.093,2.158,True,346991,4125056,2462080,1662976,5717904,,,3,1004367,,2.894504468415607,"{""block_cap"": 0.35}",False,
case_018,1,1,3,capls,c1,0,0.091,2.158,True,346991,4125056,2462080,1662976,5717904,,,3,1004367,,2.894504468415607,"{""block_cap"": 0.15}",False,
case_018,1,1,3,capls,c2,0,0.15,2.291,True,338456,3903872,2408832,1495040,5496720,,,3,1004367,,2.967496513579313,"{""block_cap"": 0.35, ""init"": ""rr""}",True,
case_018,1,1,3,capls,c3,0,0.101,2.234,True,340459,2891776,2183168,708608,4484624,,,3,1004367,,2.950038036885499,"{""block_cap"": 0.35, ""init"": ""contig""}",False,
case_018,1,1,3,capls,c4,0,0.084,0.986,True,368759,10067712,10067712,0,11660560,,,123,1004367,,2.72364064334701,"{""block_cap"": 0.35, ""subgraph_mode"": ""block""}",False,
case_018,1,1,3,capls,c5,0,0.147,1.113,True,360403,10067712,10067712,0,11660560,,,123,1004367,,2.7867886782296485,"{""block_cap"": 0.35, ""init"": ""rr"", ""subgraph_mode"": ""block""}",False,
case_018,1,1,3,capls,c6,0,0.084,1.578,True,383945,2495488,1500160,995328,4088336,,,3,1004367,,2.6159137376447146,"{""block_cap"": 0.6, ""comm_weight"": 1e-06}",False,
case_018,1,1,3,capls,c7,0,0.085,1.892,True,354288,4377988,2850180,1527808,5970836,,,8,1004367,,2.834888565235063,"{""block_cap"": 0.08}",False,
case_018,1,1,3,capls,c8,0,0.091,2.065,True,415806,8915976,8899592,16384,10508824,,,9,1004367,,2.415470195235278,"{""block_cap"": 0.005}",False,
case_018,1,1,3,capls,c9,0,0.108,2.158,True,346991,4125056,2462080,1662976,5717904,,,3,1004367,,2.894504468415607,"{""block_cap"": 0.35, ""max_ops"": 2000}",False,
case_018,1,1,3,capls,c10,0,0.062,2.415,True,508594,3347456,1287168,2060288,4940304,,,2,1004367,,1.974791287352977,"{""block_cap"": 0.35, ""cores_used"": 2}",False,
case_018,1,1,3,capls,c11,0,0.033,1.874,True,1004367,1970176,0,1970176,3563024,,,1,1004367,,1.0,"{""block_cap"": 0.35, ""cores_used"": 1}",False,
case_018,1,1,3,capls,c12,0,0.152,2.291,True,338456,3903872,2408832,1495040,5496720,,,3,1004367,,2.967496513579313,"{""block_cap"": 0.35, ""init"": ""rr"", ""level_mode"": ""alap_fill""}",False,
case_018,1,1,3,capls,c13,0,0.165,2.291,True,338456,3903872,2408832,1495040,5496720,,,3,1004367,,2.967496513579313,"{""block_cap"": 0.35, ""init"": ""rr"", ""level_mode"": ""alap_compress""}",False,
case_018,1,1,3,capls,sa1,0,0.002,2.413,True,351055,5606016,4688512,917504,7198864,,,4,1004367,,2.8609961402059505,"{""anneal"": true, ""anneal_seconds"": 20.104}",False,
case_018,1,1,3,capls,sa2,0,0.001,2.63,True,356896,5714240,4665664,1048576,7307088,,,4,1004367,,2.814172756209092,"{""anneal"": true, ""anneal_seconds"": 20.104}",False,
case_018,1,1,3,capls,sa3,0,0.002,3.071,True,357149,5719872,4695872,1024000,7312720,,,4,1004367,,2.812179230517235,"{""anneal"": true, ""anneal_seconds"": 20.104}",False,
case_018,1,1,3,capls,_best,0,0.174,2.291,True,338456,3903872,2408832,1495040,5496720,,,3,1004367,,2.967496513579313,"{""block_cap"": 0.35, ""init"": ""rr""}",True,results\plans\case_018_p1_n3_capls_best.json
case_016,1,1,5,capls,c0,0,0.732,6.892,True,8186419,119538880,119538880,0,119932098,,,305,7715523,,0.9424783901239357,"{""block_cap"": 0.35}",False,
case_016,1,1,5,capls,c1,0,0.701,6.892,True,8186419,119538880,119538880,0,119932098,,,305,7715523,,0.9424783901239357,"{""block_cap"": 0.15}",False,
case_016,1,1,5,capls,c2,0,0.717,6.892,True,8186419,119538880,119538880,0,119932098,,,305,7715523,,0.9424783901239357,"{""block_cap"": 0.35, ""init"": ""rr""}",False,
case_016,1,1,5,capls,c3,0,0.795,13.276,True,7721719,1572880,1572880,0,1966098,,,5,7715523,,0.9991975879982165,"{""block_cap"": 0.35, ""init"": ""contig""}",True,
case_016,1,1,5,capls,sa1,0,9.886,9.821,True,7721719,1572880,1572880,0,1966098,,,5,7715523,,0.9991975879982165,"{""anneal"": true, ""anneal_seconds"": 2.163}",False,
case_016,1,1,5,capls,sa2,0,9.041,9.029,True,7721719,1572880,1572880,0,1966098,,,5,7715523,,0.9991975879982165,"{""anneal"": true, ""anneal_seconds"": 2.163}",False,
case_016,1,1,5,capls,sa3,0,9.668,9.656,True,7722913,2752528,2752528,0,3145746,,,6,7715523,,0.9990431071798944,"{""anneal"": true, ""anneal_seconds"": 2.163}",False,
case_016,1,1,5,capls,_best,0,0.811,13.276,True,7721719,1572880,1572880,0,1966098,,,5,7715523,,0.9991975879982165,"{""block_cap"": 0.35, ""init"": ""contig""}",True,results\plans\case_016_p1_n5_capls_best.json
case_020,1,1,5,capls,c0,0,0.256,2.45,True,107650,0,0,0,2359296,,,5,532746,,4.948871342313051,"{""block_cap"": 0.35}",False,
case_020,1,1,5,capls,c1,0,0.274,2.45,True,107650,0,0,0,2359296,,,5,532746,,4.948871342313051,"{""block_cap"": 0.15}",False,
case_020,1,1,5,capls,c2,0,0.46,2.618,True,107719,0,0,0,2359296,,,5,532746,,4.945701315459668,"{""block_cap"": 0.35, ""init"": ""rr""}",False,
case_020,1,1,5,capls,c3,0,0.445,2.783,True,107574,0,0,0,2359296,,,5,532746,,4.9523676724859165,"{""block_cap"": 0.35, ""init"": ""contig""}",True,
case_020,1,1,5,capls,c4,0,0.228,2.07,True,151907,0,0,0,2359296,,,288,532746,,3.5070536578301197,"{""block_cap"": 0.35, ""subgraph_mode"": ""block""}",False,
case_020,1,1,5,capls,c5,0,0.477,1.786,True,151907,0,0,0,2359296,,,288,532746,,3.5070536578301197,"{""block_cap"": 0.35, ""init"": ""rr"", ""subgraph_mode"": ""block""}",False,
case_020,1,1,5,capls,c6,0,0.273,2.45,True,107650,0,0,0,2359296,,,5,532746,,4.948871342313051,"{""block_cap"": 0.6, ""comm_weight"": 1e-06}",False,
case_020,1,1,5,capls,c7,0,0.3,2.45,True,107650,0,0,0,2359296,,,5,532746,,4.948871342313051,"{""block_cap"": 0.08}",False,
case_020,1,1,5,capls,sa1,0,3.08,3.057,True,107574,1024000,1024000,0,3383296,,,6,532746,,4.9523676724859165,"{""anneal"": true, ""anneal_seconds"": 10.516}",False,
case_020,1,1,5,capls,sa2,0,3.664,3.658,True,132456,3223552,2686976,536576,5582848,,,7,532746,,4.022060155825331,"{""anneal"": true, ""anneal_seconds"": 10.516}",False,
case_020,1,1,5,capls,sa3,0,4.365,4.357,True,149035,4308992,3772416,536576,6668288,,,8,532746,,3.5746368302747675,"{""anneal"": true, ""anneal_seconds"": 10.516}",False,
case_020,1,1,5,capls,_best,0,0.461,2.783,True,107574,0,0,0,2359296,,,5,532746,,4.9523676724859165,"{""block_cap"": 0.35, ""init"": ""contig""}",True,results\plans\case_020_p1_n5_capls_best.json
case_022,1,1,2,capls,c0,0,0.018,0.4,True,28866,0,0,0,213686,,,2,56780,,1.967020023557126,"{""block_cap"": 0.35}",False,
case_022,1,1,2,capls,c1,0,0.053,0.396,True,37322,85848,85848,0,299534,,,4,56780,,1.5213546969615777,"{""block_cap"": 0.15}",False,
case_022,1,1,2,capls,c2,0,0.037,0.305,True,28674,0,0,0,213686,,,2,56780,,1.980191113901095,"{""block_cap"": 0.35, ""init"": ""rr""}",True,
case_022,1,1,2,capls,c3,0,0.017,0.585,True,29058,0,0,0,213686,,,2,56780,,1.9540229885057472,"{""block_cap"": 0.35, ""init"": ""contig""}",False,
case_022,1,1,2,capls,c4,0,0.016,0.164,True,31536,0,0,0,213686,,,28,56780,,1.8004819888381531,"{""block_cap"": 0.35, ""subgraph_mode"": ""block""}",False,
case_022,1,1,2,capls,c5,0,0.023,0.15,True,30925,0,0,0,213686,,,28,56780,,1.8360549717057397,"{""block_cap"": 0.35, ""init"": ""rr"", ""subgraph_mode"": ""block""}",False,
case_022,1,1,2,capls,c6,0,0.017,0.4,True,28866,0,0,0,213686,,,2,56780,,1.967020023557126,"{""block_cap"": 0.6, ""comm_weight"": 1e-06}",False,
case_022,1,1,2,capls,c7,0,0.046,0.278,True,37103,782506,782506,0,996192,,,10,56780,,1.5303344743012695,"{""block_cap"": 0.08}",False,
case_022,1,1,2,capls,c8,0,0.091,0.336,True,45377,1787576,1787576,0,2001262,,,22,56780,,1.251294708773167,"{""block_cap"": 0.005}",False,
case_022,1,1,2,capls,c9,0,0.017,0.4,True,28866,0,0,0,213686,,,2,56780,,1.967020023557126,"{""block_cap"": 0.35, ""max_ops"": 2000}",False,
case_022,1,1,2,capls,c10,0,0.007,0.651,True,56780,0,0,0,213686,,,1,56780,,1.0,"{""block_cap"": 0.35, ""cores_used"": 1}",False,
case_022,1,1,2,capls,c11,0,0.007,0.651,True,56780,0,0,0,213686,,,1,56780,,1.0,"{""block_cap"": 0.35, ""cores_used"": 1}",False,
case_022,1,1,2,capls,c12,0,0.026,0.305,True,28674,0,0,0,213686,,,2,56780,,1.980191113901095,"{""block_cap"": 0.35, ""init"": ""rr"", ""level_mode"": ""alap_fill""}",False,
case_022,1,1,2,capls,c13,0,0.027,0.305,True,28674,0,0,0,213686,,,2,56780,,1.980191113901095,"{""block_cap"": 0.35, ""init"": ""rr"", ""level_mode"": ""alap_compress""}",False,
case_022,1,1,2,capls,sa1,0,0.407,0.402,True,28674,112660,112660,0,326346,,,3,56780,,1.980191113901095,"{""anneal"": true, ""anneal_seconds"": 5.814}",False,
case_022,1,1,2,capls,sa2,0,0.399,0.398,True,28943,325692,325692,0,539378,,,4,56780,,1.9617869605776872,"{""anneal"": true, ""anneal_seconds"": 5.814}",False,
case_022,1,1,2,capls,sa3,0,0.002,0.44,True,28674,229420,229420,0,443106,,,3,56780,,1.980191113901095,"{""anneal"": true, ""anneal_seconds"": 5.814}",False,
case_022,1,1,2,capls,_best,0,0.029,0.305,True,28674,0,0,0,213686,,,2,56780,,1.980191113901095,"{""block_cap"": 0.35, ""init"": ""rr""}",True,results\plans\case_022_p1_n2_capls_best.json
case_020,1,1,4,capls,c0,0,0.218,2.848,True,133704,0,0,0,2359296,,,4,532746,,3.984518039849219,"{""block_cap"": 0.35}",True,
case_020,1,1,4,capls,c1,0,0.196,2.848,True,133704,0,0,0,2359296,,,4,532746,,3.984518039849219,"{""block_cap"": 0.15}",False,
case_020,1,1,4,capls,c2,0,0.199,2.848,True,133704,0,0,0,2359296,,,4,532746,,3.984518039849219,"{""block_cap"": 0.35, ""init"": ""rr""}",False,
case_020,1,1,4,capls,c3,0,0.224,2.907,True,134409,0,0,0,2359296,,,4,532746,,3.963618507689217,"{""block_cap"": 0.35, ""init"": ""contig""}",False,
case_020,1,1,4,capls,c4,0,0.208,1.923,True,179996,0,0,0,2359296,,,288,532746,,2.959765772572724,"{""block_cap"": 0.35, ""subgraph_mode"": ""block""}",False,
case_020,1,1,4,capls,c5,0,0.197,1.923,True,179996,0,0,0,2359296,,,288,532746,,2.959765772572724,"{""block_cap"": 0.35, ""init"": ""rr"", ""subgraph_mode"": ""block""}",False,
case_020,1,1,4,capls,c6,0,0.191,2.848,True,133704,0,0,0,2359296,,,4,532746,,3.984518039849219,"{""block_cap"": 0.6, ""comm_weight"": 1e-06}",False,
case_020,1,1,4,capls,c7,0,0.227,2.848,True,133704,0,0,0,2359296,,,4,532746,,3.984518039849219,"{""block_cap"": 0.08}",False,
case_020,1,1,4,capls,sa1,0,3.412,3.386,True,179346,5300224,4030464,1269760,7659520,,,6,532746,,2.9704927904720484,"{""anneal"": true, ""anneal_seconds"": 19.58}",False,
case_020,1,1,4,capls,sa2,0,0.006,4.907,True,155469,2650112,2015232,634880,5009408,,,5,532746,,3.426702429423229,"{""anneal"": true, ""anneal_seconds"": 19.58}",False,
case_020,1,1,4,capls,sa3,0,3.944,3.939,True,155469,2650112,2015232,634880,5009408,,,5,532746,,3.426702429423229,"{""anneal"": true, ""anneal_seconds"": 19.58}",False,
case_020,1,1,4,capls,_best,0,0.208,2.848,True,133704,0,0,0,2359296,,,4,532746,,3.984518039849219,"{""block_cap"": 0.35}",True,results\plans\case_020_p1_n4_capls_best.json
case_022,1,1,4,capls,c0,0,0.107,0.405,True,19671,158088,158088,0,371774,,,10,56780,,2.8864826394184333,"{""block_cap"": 0.35}",False,
case_022,1,1,4,capls,c1,0,0.149,0.41,True,25352,756914,756914,0,970600,,,18,56780,,2.239665509624487,"{""block_cap"": 0.15}",False,
case_022,1,1,4,capls,c2,0,0.087,0.269,True,22480,149128,149128,0,362814,,,10,56780,,2.525800711743772,"{""block_cap"": 0.35, ""init"": ""rr""}",False,
case_022,1,1,4,capls,c3,0,0.092,0.342,True,24931,79692,79692,0,293378,,,7,56780,,2.2774858609762947,"{""block_cap"": 0.35, ""init"": ""contig""}",False,
case_022,1,1,4,capls,c4,0,0.106,0.433,True,28532,254200,254200,0,467886,,,86,56780,,1.9900462638441048,"{""block_cap"": 0.35, ""subgraph_mode"": ""block""}",False,
case_022,1,1,4,capls,c5,0,0.095,0.278,True,34028,254200,254200,0,467886,,,86,56780,,1.6686258375455507,"{""block_cap"": 0.35, ""init"": ""rr"", ""subgraph_mode"": ""block""}",False,
case_022,1,1,4,capls,c6,0,0.036,0.482,True,14940,0,0,0,213686,,,4,56780,,3.8005354752342706,"{""block_cap"": 0.6, ""comm_weight"": 1e-06}",True,
case_022,1,1,4,capls,c7,0,0.216,0.399,True,31262,819442,819442,0,1033128,,,21,56780,,1.8162625551788114,"{""block_cap"": 0.08}",False,
case_022,1,1,4,capls,c8,0,0.36,0.508,True,50787,1596178,1596178,0,1809864,,,61,56780,,1.1180026384704747,"{""block_cap"": 0.005}",False,
case_022,1,1,4,capls,c9,0,0.124,0.405,True,19671,158088,158088,0,371774,,,10,56780,,2.8864826394184333,"{""block_cap"": 0.35, ""max_ops"": 2000}",False,
case_022,1,1,4,capls,c10,0,0.066,0.476,True,23714,134008,134008,0,347694,,,8,56780,,2.3943661971830985,"{""block_cap"": 0.35, ""cores_used"": 3}",False,
case_022,1,1,4,capls,c11,0,0.025,0.463,True,28866,0,0,0,213686,,,2,56780,,1.967020023557126,"{""block_cap"": 0.35, ""cores_used"": 2}",False,
case_022,1,1,4,capls,c12,0,0.113,0.598,True,19185,791482,791482,0,1005168,,,12,56780,,2.9596038571800887,"{""block_cap"": 0.35, ""init"": ""rr"", ""level_mode"": ""alap_fill""}",False,
case_022,1,1,4,capls,c13,0,0.084,0.598,True,19185,791482,791482,0,1005168,,,12,56780,,2.9596038571800887,"{""block_cap"": 0.35, ""init"": ""rr"", ""level_mode"": ""alap_compress""}",False,
case_022,1,1,4,capls,sa1,0,0.39,0.388,True,15647,284328,284328,0,498014,,,6,56780,,3.628810634626446,"{""anneal"": true, ""anneal_seconds"": 2.101}",False,
case_022,1,1,4,capls,sa2,0,0.002,0.477,True,14940,146576,146576,0,360262,,,5,56780,,3.8005354752342706,"{""anneal"": true, ""anneal_seconds"": 2.101}",False,
case_022,1,1,4,capls,sa3,0,0.375,0.374,True,14940,280748,280748,0,494434,,,6,56780,,3.8005354752342706,"{""anneal"": true, ""anneal_seconds"": 2.101}",False,
case_022,1,1,4,capls,_best,0,0.045,0.482,True,14940,0,0,0,213686,,,4,56780,,3.8005354752342706,"{""block_cap"": 0.6, ""comm_weight"": 1e-06}",True,results\plans\case_022_p1_n4_capls_best.json
case_016,1,1,3,capls,c0,0,0.623,5.037,True,7985049,68420280,68420280,0,68813498,,,175,7715523,,0.9662461683077962,"{""block_cap"": 0.35}",False,
case_016,1,1,3,capls,c1,0,0.619,5.037,True,7985049,68420280,68420280,0,68813498,,,175,7715523,,0.9662461683077962,"{""block_cap"": 0.15}",False,
case_016,1,1,3,capls,c2,0,0.535,5.037,True,7985049,68420280,68420280,0,68813498,,,175,7715523,,0.9662461683077962,"{""block_cap"": 0.35, ""init"": ""rr""}",False,
case_016,1,1,3,capls,c3,0,0.451,21.833,True,7718621,786440,786440,0,1179658,,,3,7715523,,0.9995986329682466,"{""block_cap"": 0.35, ""init"": ""contig""}",False,
case_016,1,1,3,capls,sa1,0,16.845,16.797,True,7716821,786440,786440,0,1179658,,,3,7715523,,0.9998317960206671,"{""anneal"": true, ""anneal_seconds"": 2.371}",True,
case_016,1,1,3,capls,sa2,0,14.195,14.182,True,7717470,1179660,1179660,0,1572878,,,4,7715523,,0.9997477152486501,"{""anneal"": true, ""anneal_seconds"": 2.371}",False,
case_016,1,1,3,capls,sa3,0,15.684,15.671,True,7718370,1179660,1179660,0,1572878,,,4,7715523,,0.9996311397354622,"{""anneal"": true, ""anneal_seconds"": 2.371}",False,
case_016,1,1,3,capls,_best,0,,16.797,True,7716821,786440,,,,,,3,7715523,,0.9998317960206671,"{""anneal"": true}",True,results\plans\case_016_p1_n3_capls_best.json
case_018,1,1,2,capls,c0,0,0.065,2.113,True,508594,3347456,1287168,2060288,4940304,,,2,1004367,,1.974791287352977,"{""block_cap"": 0.35}",False,
case_018,1,1,2,capls,c1,0,0.077,2.113,True,508594,3347456,1287168,2060288,4940304,,,2,1004367,,1.974791287352977,"{""block_cap"": 0.15}",False,
case_018,1,1,2,capls,c2,0,0.096,2.272,True,505446,3347456,1287168,2060288,4940304,,,2,1004367,,1.9870906090858371,"{""block_cap"": 0.35, ""init"": ""rr""}",True,
case_018,1,1,2,capls,c3,0,0.081,2.042,True,510747,2355200,1277952,1077248,3948048,,,2,1004367,,1.9664667633877437,"{""block_cap"": 0.35, ""init"": ""contig""}",False,
case_018,1,1,2,capls,c4,0,0.059,0.928,True,539278,10067712,10067712,0,11660560,,,123,1004367,,1.8624290254748015,"{""block_cap"": 0.35, ""subgraph_mode"": ""block""}",False,
case_018,1,1,2,capls,c5,0,0.081,0.943,True,527775,10067712,10067712,0,11660560,,,123,1004367,,1.9030211737956515,"{""block_cap"": 0.35, ""init"": ""rr"", ""subgraph_mode"": ""block""}",False,
case_018,1,1,2,capls,c6,0,0.041,1.898,True,511200,2249728,754688,1495040,3842576,,,2,1004367,,1.964724178403756,"{""block_cap"": 0.6, ""comm_weight"": 1e-06}",False,
case_018,1,1,2,capls,c7,0,0.075,2.113,True,508594,3347456,1287168,2060288,4940304,,,2,1004367,,1.974791287352977,"{""block_cap"": 0.08}",False,
case_018,1,1,2,capls,c8,0,0.079,2.2,True,553618,7078920,7078920,0,8671768,,,5,1004367,,1.814187761236087,"{""block_cap"": 0.005}",False,
case_018,1,1,2,capls,c9,0,0.074,2.113,True,508594,3347456,1287168,2060288,4940304,,,2,1004367,,1.974791287352977,"{""block_cap"": 0.35, ""max_ops"": 2000}",False,
case_018,1,1,2,capls,c10,0,0.023,2.187,True,1004367,1970176,0,1970176,3563024,,,1,1004367,,1.0,"{""block_cap"": 0.35, ""cores_used"": 1}",False,
case_018,1,1,2,capls,c11,0,0.031,2.187,True,1004367,1970176,0,1970176,3563024,,,1,1004367,,1.0,"{""block_cap"": 0.35, ""cores_used"": 1}",False,
case_018,1,1,2,capls,c12,0,0.109,2.272,True,505446,3347456,1287168,2060288,4940304,,,2,1004367,,1.9870906090858371,"{""block_cap"": 0.35, ""init"": ""rr"", ""level_mode"": ""alap_fill""}",False,
case_018,1,1,2,capls,c13,0,0.09,2.272,True,505446,3347456,1287168,2060288,4940304,,,2,1004367,,1.9870906090858371,"{""block_cap"": 0.35, ""init"": ""rr"", ""level_mode"": ""alap_compress""}",False,
case_018,1,1,2,capls,sa1,0,2.105,2.095,True,531231,5798656,4688640,1110016,7391504,,,3,1004367,,1.8906407946825392,"{""anneal"": true, ""anneal_seconds"": 38.497}",False,
case_018,1,1,2,capls,sa2,0,1.951,1.948,True,532639,5632896,4682624,950272,7225744,,,3,1004367,,1.8856429964760373,"{""anneal"": true, ""anneal_seconds"": 38.497}",False,
case_018,1,1,2,capls,sa3,0,1.111,1.109,True,1005288,3347456,1287168,2060288,4940304,,,2,1004367,,0.9990838446295986,"{""anneal"": true, ""anneal_seconds"": 38.497}",False,
case_018,1,1,2,capls,_best,0,0.077,2.272,True,505446,3347456,1287168,2060288,4940304,,,2,1004367,,1.9870906090858371,"{""block_cap"": 0.35, ""init"": ""rr""}",True,results\plans\case_018_p1_n2_capls_best.json
case_022,1,1,5,capls,c0,0,0.09,0.329,True,19681,190884,190884,0,404570,,,14,56780,,2.8850160052842844,"{""block_cap"": 0.35}",False,
case_022,1,1,5,capls,c1,0,0.208,0.319,True,20213,594088,594088,0,807774,,,19,56780,,2.8090832632464258,"{""block_cap"": 0.15}",False,
case_022,1,1,5,capls,c2,0,0.098,0.455,True,21411,160144,160144,0,373830,,,12,56780,,2.651907897809537,"{""block_cap"": 0.35, ""init"": ""rr""}",False,
case_022,1,1,5,capls,c3,0,0.105,0.388,True,22980,60224,60224,0,273910,,,7,56780,,2.4708442123585725,"{""block_cap"": 0.35, ""init"": ""contig""}",False,
case_022,1,1,5,capls,c4,0,0.075,0.318,True,28293,254200,254200,0,467886,,,86,56780,,2.006856819708055,"{""block_cap"": 0.35, ""subgraph_mode"": ""block""}",False,
case_022,1,1,5,capls,c5,0,0.133,0.351,True,22617,254200,254200,0,467886,,,86,56780,,2.5105009506123714,"{""block_cap"": 0.35, ""init"": ""rr"", ""subgraph_mode"": ""block""}",False,
case_022,1,1,5,capls,c6,0,0.08,0.474,True,19574,186784,186784,0,400470,,,14,56780,,2.900786757944212,"{""block_cap"": 0.6, ""comm_weight"": 1e-06}",False,
case_022,1,1,5,capls,c7,0,0.183,0.244,True,25225,598406,598406,0,812092,,,17,56780,,2.2509415262636274,"{""block_cap"": 0.08}",False,
case_022,1,1,5,capls,c8,0,0.403,0.484,True,54450,1839774,1839774,0,2053460,,,89,56780,,1.0427915518824609,"{""block_cap"": 0.005}",False,
case_022,1,1,5,capls,c9,0,0.093,0.329,True,19681,190884,190884,0,404570,,,14,56780,,2.8850160052842844,"{""block_cap"": 0.35, ""max_ops"": 2000}",False,
case_022,1,1,5,capls,c10,0,0.104,0.385,True,19671,158088,158088,0,371774,,,10,56780,,2.8864826394184333,"{""block_cap"": 0.35, ""cores_used"": 4}",False,
case_022,1,1,5,capls,c11,0,0.018,0.632,True,28866,0,0,0,213686,,,2,56780,,1.967020023557126,"{""block_cap"": 0.35, ""cores_used"": 2}",False,
case_022,1,1,5,capls,c12,0,0.126,0.454,True,16728,646260,646260,0,859946,,,15,56780,,3.394308943089431,"{""block_cap"": 0.35, ""init"": ""rr"", ""level_mode"": ""alap_fill""}",False,
case_022,1,1,5,capls,c13,0,0.12,0.454,True,16728,646260,646260,0,859946,,,15,56780,,3.394308943089431,"{""block_cap"": 0.35, ""init"": ""rr"", ""level_mode"": ""alap_compress""}",False,
case_022,1,1,5,capls,sa1,0,0.355,0.349,True,17360,650984,650984,0,864670,,,15,56780,,3.27073732718894,"{""anneal"": true, ""anneal_seconds"": 1.509}",False,
case_022,1,1,5,capls,sa2,0,0.35,0.348,True,16646,593568,593568,0,807254,,,14,56780,,3.411029676799231,"{""anneal"": true, ""anneal_seconds"": 1.509}",True,
case_022,1,1,5,capls,sa3,0,0.338,0.336,True,16816,634528,634528,0,848214,,,15,56780,,3.376546146527117,"{""anneal"": true, ""anneal_seconds"": 1.509}",False,
case_022,1,1,5,capls,_best,0,,0.348,True,16646,593568,,,,,,14,56780,,3.411029676799231,"{""anneal"": true}",True,results\plans\case_022_p1_n5_capls_best.json
case_022,1,1,3,capls,c0,0,0.06,0.373,True,23714,134008,134008,0,347694,,,8,56780,,2.3943661971830985,"{""block_cap"": 0.35}",False,
case_022,1,1,3,capls,c1,0,0.082,0.373,True,23714,134008,134008,0,347694,,,8,56780,,2.3943661971830985,"{""block_cap"": 0.15}",False,
case_022,1,1,3,capls,c2,0,0.086,0.382,True,25370,107120,107120,0,320806,,,6,56780,,2.2380764682696097,"{""block_cap"": 0.35, ""init"": ""rr""}",False,
case_022,1,1,3,capls,c3,0,0.066,0.509,True,28887,71480,71480,0,285166,,,5,56780,,1.9655900578114722,"{""block_cap"": 0.35, ""init"": ""contig""}",False,
case_022,1,1,3,capls,c4,0,0.077,0.285,True,35346,254200,254200,0,467886,,,86,56780,,1.6064052509477735,"{""block_cap"": 0.35, ""subgraph_mode"": ""block""}",False,
case_022,1,1,3,capls,c5,0,0.078,0.321,True,27388,254200,254200,0,467886,,,86,56780,,2.073170731707317,"{""block_cap"": 0.35, ""init"": ""rr"", ""subgraph_mode"": ""block""}",False,
case_022,1,1,3,capls,c6,0,0.049,0.414,True,19800,0,0,0,213686,,,3,56780,,2.867676767676768,"{""block_cap"": 0.6, ""comm_weight"": 1e-06}",True,
case_022,1,1,3,capls,c7,0,0.064,0.409,True,30477,1077978,1077978,0,1291664,,,18,56780,,1.8630442628867672,"{""block_cap"": 0.08}",False,
case_022,1,1,3,capls,c8,0,0.281,0.607,True,40398,1233008,1233008,0,1446694,,,37,56780,,1.4055151245111144,"{""block_cap"": 0.005}",False,
case_022,1,1,3,capls,c9,0,0.079,0.373,True,23714,134008,134008,0,347694,,,8,56780,,2.3943661971830985,"{""block_cap"": 0.35, ""max_ops"": 2000}",False,
case_022,1,1,3,capls,c10,0,0.023,0.508,True,28866,0,0,0,213686,,,2,56780,,1.967020023557126,"{""block_cap"": 0.35, ""cores_used"": 2}",False,
case_022,1,1,3,capls,c11,0,0.007,0.502,True,56780,0,0,0,213686,,,1,56780,,1.0,"{""block_cap"": 0.35, ""cores_used"": 1}",False,
case_022,1,1,3,capls,c12,0,0.111,0.414,True,20915,486268,486268,0,699954,,,6,56780,,2.7147979918718623,"{""block_cap"": 0.35, ""init"": ""rr"", ""level_mode"": ""alap_fill""}",False,
case_022,1,1,3,capls,c13,0,0.103,0.414,True,20915,486268,486268,0,699954,,,6,56780,,2.7147979918718623,"{""block_cap"": 0.35, ""init"": ""rr"", ""level_mode"": ""alap_compress""}",False,
case_022,1,1,3,capls,sa1,0,0.36,0.355,True,19850,106508,106508,0,320194,,,4,56780,,2.8604534005037783,"{""anneal"": true, ""anneal_seconds"": 6.512}",False,
case_022,1,1,3,capls,sa2,0,0.484,0.482,True,20641,185624,185624,0,399310,,,4,56780,,2.75083571532387,"{""anneal"": true, ""anneal_seconds"": 6.512}",False,
case_022,1,1,3,capls,sa3,0,0.001,0.484,True,20840,266008,266008,0,479694,,,4,56780,,2.724568138195777,"{""anneal"": true, ""anneal_seconds"": 6.512}",False,
case_022,1,1,3,capls,_best,0,0.036,0.414,True,19800,0,0,0,213686,,,3,56780,,2.867676767676768,"{""block_cap"": 0.6, ""comm_weight"": 1e-06}",True,results\plans\case_022_p1_n3_capls_best.json
case_021,1,1,4,capls,c0,0,0.214,1.753,True,1550324,4608000,4608000,0,7946240,,,4,6567937,,4.236493145948847,"{""block_cap"": 0.35}",True,
case_021,1,1,4,capls,c1,0,0.218,1.753,True,1550324,4608000,4608000,0,7946240,,,4,6567937,,4.236493145948847,"{""block_cap"": 0.15}",False,
case_021,1,1,4,capls,c2,0,0.225,1.753,True,1550324,4608000,4608000,0,7946240,,,4,6567937,,4.236493145948847,"{""block_cap"": 0.35, ""init"": ""rr""}",False,
case_021,1,1,4,capls,c3,0,0.201,2.831,True,1632686,5222400,2764800,2457600,8560640,,,4,6567937,,4.022780252908397,"{""block_cap"": 0.35, ""init"": ""contig""}",False,
case_021,1,1,4,capls,c4,0,0.171,1.321,True,1596380,18124800,18124800,0,21463040,,,80,6567937,,4.114269158972174,"{""block_cap"": 0.35, ""subgraph_mode"": ""block""}",False,
case_021,1,1,4,capls,c5,0,0.242,1.321,True,1596380,18124800,18124800,0,21463040,,,80,6567937,,4.114269158972174,"{""block_cap"": 0.35, ""init"": ""rr"", ""subgraph_mode"": ""block""}",False,
case_021,1,1,4,capls,c6,0,0.169,2.1,True,1947888,5103616,2457600,2646016,8441856,,,4,6567937,,3.371824766105649,"{""block_cap"": 0.6, ""comm_weight"": 1e-06}",False,
case_021,1,1,4,capls,c7,0,0.222,1.753,True,1550324,4608000,4608000,0,7946240,,,4,6567937,,4.236493145948847,"{""block_cap"": 0.08}",False,
case_021,1,1,4,capls,c8,0,0.22,2.557,True,1888932,36065280,36065280,0,39403520,,,12,6567937,,3.4770637587800937,"{""block_cap"": 0.005}",False,
case_021,1,1,4,capls,c9,0,0.181,1.753,True,1550324,4608000,4608000,0,7946240,,,4,6567937,,4.236493145948847,"{""block_cap"": 0.35, ""max_ops"": 2000}",False,
case_021,1,1,4,capls,c10,0,0.149,2.56,True,2607583,4902912,1638400,3264512,8241152,,,3,6567937,,2.5187834864700376,"{""block_cap"": 0.35, ""cores_used"": 3}",False,
case_021,1,1,4,capls,c11,0,0.082,3.451,True,3268622,4702208,819200,3883008,8040448,,,2,6567937,,2.0093901956237215,"{""block_cap"": 0.35, ""cores_used"": 2}",False,
case_021,1,1,4,capls,c12,0,0.222,1.753,True,1550324,4608000,4608000,0,7946240,,,4,6567937,,4.236493145948847,"{""block_cap"": 0.35, ""init"": ""rr"", ""level_mode"": ""alap_fill""}",False,
case_021,1,1,4,capls,c13,0,0.2,1.753,True,1550324,4608000,4608000,0,7946240,,,4,6567937,,4.236493145948847,"{""block_cap"": 0.35, ""init"": ""rr"", ""level_mode"": ""alap_compress""}",False,
case_021,1,1,4,capls,sa1,0,0.004,2.552,True,1739258,16752640,16752640,0,20090880,,,5,6567937,,3.776286784364367,"{""anneal"": true, ""anneal_seconds"": 20.891}",False,
case_021,1,1,4,capls,sa2,0,0.003,2.471,True,1739258,16752640,16752640,0,20090880,,,5,6567937,,3.776286784364367,"{""anneal"": true, ""anneal_seconds"": 20.891}",False,
case_021,1,1,4,capls,sa3,0,0.002,2.531,True,1739258,16752640,16752640,0,20090880,,,5,6567937,,3.776286784364367,"{""anneal"": true, ""anneal_seconds"": 20.891}",False,
case_021,1,1,4,capls,_best,0,0.216,1.753,True,1550324,4608000,4608000,0,7946240,,,4,6567937,,4.236493145948847,"{""block_cap"": 0.35}",True,results\plans\case_021_p1_n4_capls_best.json
case_021,1,1,5,capls,c0,0,0.282,5.619,True,1250168,11431936,9420800,2011136,14770176,,,5,6567937,,5.253643510312214,"{""block_cap"": 0.35}",True,
case_021,1,1,5,capls,c1,0,0.25,5.619,True,1250168,11431936,9420800,2011136,14770176,,,5,6567937,,5.253643510312214,"{""block_cap"": 0.15}",False,
case_021,1,1,5,capls,c2,0,0.252,5.619,True,1250168,11431936,9420800,2011136,14770176,,,5,6567937,,5.253643510312214,"{""block_cap"": 0.35, ""init"": ""rr""}",False,
case_021,1,1,5,capls,c3,0,0.267,1.399,True,1287783,5304320,3276800,2027520,8642560,,,5,6567937,,5.100189239957353,"{""block_cap"": 0.35, ""init"": ""contig""}",False,
case_021,1,1,5,capls,c4,0,0.295,1.299,True,1283116,18124800,18124800,0,21463040,,,80,6567937,,5.11873984893026,"{""block_cap"": 0.35, ""subgraph_mode"": ""block""}",False,
case_021,1,1,5,capls,c5,0,0.324,1.299,True,1283116,18124800,18124800,0,21463040,,,80,6567937,,5.11873984893026,"{""block_cap"": 0.35, ""init"": ""rr"", ""subgraph_mode"": ""block""}",False,
case_021,1,1,5,capls,c6,0,0.222,1.971,True,1287783,5304320,3276800,2027520,8642560,,,5,6567937,,5.100189239957353,"{""block_cap"": 0.6, ""comm_weight"": 1e-06}",False,
case_021,1,1,5,capls,c7,0,0.298,5.619,True,1250168,11431936,9420800,2011136,14770176,,,5,6567937,,5.253643510312214,"{""block_cap"": 0.08}",False,
case_021,1,1,5,capls,c8,0,0.312,4.675,True,1705637,50937856,50708480,229376,54276096,,,16,6567937,,3.850723805827383,"{""block_cap"": 0.005}",False,
case_021,1,1,5,capls,c9,0,0.298,5.619,True,1250168,11431936,9420800,2011136,14770176,,,5,6567937,,5.253643510312214,"{""block_cap"": 0.35, ""max_ops"": 2000}",False,
case_021,1,1,5,capls,c10,0,0.195,1.578,True,1550324,4608000,4608000,0,7946240,,,4,6567937,,4.236493145948847,"{""block_cap"": 0.35, ""cores_used"": 4}",False,
case_021,1,1,5,capls,c11,0,0.066,3.313,True,3268622,4702208,819200,3883008,8040448,,,2,6567937,,2.0093901956237215,"{""block_cap"": 0.35, ""cores_used"": 2}",False,
case_021,1,1,5,capls,c12,0,0.271,5.619,True,1250168,11431936,9420800,2011136,14770176,,,5,6567937,,5.253643510312214,"{""block_cap"": 0.35, ""init"": ""rr"", ""level_mode"": ""alap_fill""}",False,
case_021,1,1,5,capls,c13,0,0.336,5.619,True,1250168,11431936,9420800,2011136,14770176,,,5,6567937,,5.253643510312214,"{""block_cap"": 0.35, ""init"": ""rr"", ""level_mode"": ""alap_compress""}",False,
case_021,1,1,5,capls,sa1,0,0.002,6.042,True,1397628,21024768,19087360,1937408,24363008,,,6,6567937,,4.699345605554554,"{""anneal"": true, ""anneal_seconds"": 15.045}",False,
case_021,1,1,5,capls,sa2,0,0.002,6.086,True,1398816,21024768,19087360,1937408,24363008,,,6,6567937,,4.69535449980555,"{""anneal"": true, ""anneal_seconds"": 15.045}",False,
case_021,1,1,5,capls,sa3,0,4.924,4.909,True,1397890,21114880,19136512,1978368,24453120,,,6,6567937,,4.6984648291353395,"{""anneal"": true, ""anneal_seconds"": 15.045}",False,
case_021,1,1,5,capls,_best,0,0.235,5.619,True,1250168,11431936,9420800,2011136,14770176,,,5,6567937,,5.253643510312214,"{""block_cap"": 0.35}",True,results\plans\case_021_p1_n5_capls_best.json
case_016,1,1,2,capls,c0,0,0.437,5.073,True,7918442,51511820,51511820,0,51905038,,,132,7715523,,0.9743738730421969,"{""block_cap"": 0.35}",False,
case_016,1,1,2,capls,c1,0,0.455,5.073,True,7918442,51511820,51511820,0,51905038,,,132,7715523,,0.9743738730421969,"{""block_cap"": 0.15}",False,
case_016,1,1,2,capls,c2,0,0.425,5.073,True,7918442,51511820,51511820,0,51905038,,,132,7715523,,0.9743738730421969,"{""block_cap"": 0.35, ""init"": ""rr""}",False,
case_016,1,1,2,capls,c3,0,0.289,31.602,True,7717072,393220,393220,0,786438,,,2,7715523,,0.9997992762021658,"{""block_cap"": 0.35, ""init"": ""contig""}",False,
case_016,1,1,2,capls,sa1,0,22.502,22.443,True,7716172,393220,393220,0,786438,,,2,7715523,,0.9999158909365939,"{""anneal"": true, ""anneal_seconds"": 2.77}",True,
case_016,1,1,2,capls,sa2,0,18.979,18.966,True,7716821,786440,786440,0,1179658,,,3,7715523,,0.9998317960206671,"{""anneal"": true, ""anneal_seconds"": 2.77}",False,
case_016,1,1,2,capls,sa3,0,10.364,10.35,True,7720862,3145748,3145748,0,3538966,,,7,7715523,,0.9993084969009937,"{""anneal"": true, ""anneal_seconds"": 2.77}",False,
case_016,1,1,2,capls,_best,0,,22.443,True,7716172,393220,,,,,,2,7715523,,0.9999158909365939,"{""anneal"": true}",True,results\plans\case_016_p1_n2_capls_best.json
case_020,1,1,3,capls,c0,0,0.168,3.84,True,177950,0,0,0,2359296,,,3,532746,,2.993796010115201,"{""block_cap"": 0.35}",True,
case_020,1,1,3,capls,c1,0,0.163,3.84,True,177950,0,0,0,2359296,,,3,532746,,2.993796010115201,"{""block_cap"": 0.15}",False,
case_020,1,1,3,capls,c2,0,0.199,3.84,True,177950,0,0,0,2359296,,,3,532746,,2.993796010115201,"{""block_cap"": 0.35, ""init"": ""rr""}",False,
case_020,1,1,3,capls,c3,0,0.15,4.393,True,179028,0,0,0,2359296,,,3,532746,,2.975769153428514,"{""block_cap"": 0.35, ""init"": ""contig""}",False,
case_020,1,1,3,capls,c4,0,0.171,2.15,True,226780,0,0,0,2359296,,,288,532746,,2.349175412293853,"{""block_cap"": 0.35, ""subgraph_mode"": ""block""}",False,
case_020,1,1,3,capls,c5,0,0.143,2.15,True,226780,0,0,0,2359296,,,288,532746,,2.349175412293853,"{""block_cap"": 0.35, ""init"": ""rr"", ""subgraph_mode"": ""block""}",False,
case_020,1,1,3,capls,c6,0,0.136,3.84,True,177950,0,0,0,2359296,,,3,532746,,2.993796010115201,"{""block_cap"": 0.6, ""comm_weight"": 1e-06}",False,
case_020,1,1,3,capls,c7,0,0.13,3.84,True,177950,0,0,0,2359296,,,3,532746,,2.993796010115201,"{""block_cap"": 0.08}",False,
case_020,1,1,3,capls,sa1,0,5.172,5.15,True,205530,3592192,2686976,905216,5951488,,,4,532746,,2.592059553349876,"{""anneal"": true, ""anneal_seconds"": 27.232}",False,
case_020,1,1,3,capls,sa2,0,0.005,6.662,True,205530,3592192,2686976,905216,5951488,,,4,532746,,2.592059553349876,"{""anneal"": true, ""anneal_seconds"": 27.232}",False,
case_020,1,1,3,capls,sa3,0,4.418,4.412,True,234593,7184384,5373952,1810432,9543680,,,5,532746,,2.2709373254956455,"{""anneal"": true, ""anneal_seconds"": 27.232}",False,
case_020,1,1,3,capls,_best,0,0.173,3.84,True,177950,0,0,0,2359296,,,3,532746,,2.993796010115201,"{""block_cap"": 0.35}",True,results\plans\case_020_p1_n3_capls_best.json
case_023,1,1,4,capls,c0,0,0.166,0.228,True,51018,802988,802988,0,1246432,,,19,122614,,2.4033478380179543,"{""block_cap"": 0.35}",False,
case_023,1,1,4,capls,c1,0,0.135,0.233,True,56087,924114,924114,0,1367558,,,20,122614,,2.1861393905896196,"{""block_cap"": 0.15}",False,
case_023,1,1,4,capls,c2,0,0.137,0.25,True,56987,1058124,1058124,0,1501568,,,29,122614,,2.1516135258918703,"{""block_cap"": 0.35, ""init"": ""rr""}",False,
case_023,1,1,4,capls,c3,0,0.171,0.442,True,59388,834332,834332,0,1277776,,,8,122614,,2.064625850340136,"{""block_cap"": 0.35, ""init"": ""contig""}",False,
case_023,1,1,4,capls,c4,0,0.179,0.418,True,113118,1903164,1903164,0,2346608,,,199,122614,,1.0839477359925034,"{""block_cap"": 0.35, ""subgraph_mode"": ""block""}",False,
case_023,1,1,4,capls,c5,0,0.167,0.365,True,146250,1903164,1903164,0,2346608,,,199,122614,,0.8383863247863248,"{""block_cap"": 0.35, ""init"": ""rr"", ""subgraph_mode"": ""block""}",False,
case_023,1,1,4,capls,c6,0,0.03,0.316,True,30864,147456,147456,0,590900,,,4,122614,,3.9727190254017626,"{""block_cap"": 0.6, ""comm_weight"": 1e-06}",True,
case_023,1,1,4,capls,c7,0,0.199,0.299,True,48813,996016,996016,0,1439460,,,20,122614,,2.5119128101120602,"{""block_cap"": 0.08}",False,
case_023,1,1,4,capls,c8,0,0.228,0.322,True,64391,1090972,1090972,0,1534416,,,43,122614,,1.904210215713376,"{""block_cap"": 0.005}",False,
case_023,1,1,4,capls,c9,0,0.129,0.228,True,51018,802988,802988,0,1246432,,,19,122614,,2.4033478380179543,"{""block_cap"": 0.35, ""max_ops"": 2000}",False,
case_023,1,1,4,capls,c10,0,0.023,0.311,True,41898,73728,73728,0,517172,,,3,122614,,2.926488137858609,"{""block_cap"": 0.35, ""cores_used"": 3}",False,
case_023,1,1,4,capls,c11,0,0.017,0.445,True,61785,73728,73728,0,517172,,,2,122614,,1.984526988751315,"{""block_cap"": 0.35, ""cores_used"": 2}",False,
case_023,1,1,4,capls,c12,0,0.129,0.319,True,53890,2006850,2006850,0,2450294,,,32,122614,,2.2752644275375764,"{""block_cap"": 0.35, ""init"": ""rr"", ""level_mode"": ""alap_fill""}",False,
case_023,1,1,4,capls,c13,0,0.133,0.319,True,53890,2006850,2006850,0,2450294,,,32,122614,,2.2752644275375764,"{""block_cap"": 0.35, ""init"": ""rr"", ""level_mode"": ""alap_compress""}",False,
case_023,1,1,4,capls,sa1,0,0.001,0.313,True,30864,295684,295684,0,739128,,,5,122614,,3.9727190254017626,"{""anneal"": true, ""anneal_seconds"": 3.517}",False,
case_023,1,1,4,capls,sa2,0,0.001,0.359,True,30864,359184,359184,0,802628,,,6,122614,,3.9727190254017626,"{""anneal"": true, ""anneal_seconds"": 3.517}",False,
case_023,1,1,4,capls,sa3,0,0.001,0.42,True,30864,270344,270344,0,713788,,,5,122614,,3.9727190254017626,"{""anneal"": true, ""anneal_seconds"": 3.517}",False,
case_023,1,1,4,capls,_best,0,0.031,0.316,True,30864,147456,147456,0,590900,,,4,122614,,3.9727190254017626,"{""block_cap"": 0.6, ""comm_weight"": 1e-06}",True,results\plans\case_023_p1_n4_capls_best.json
case_023,1,1,5,capls,c0,0,0.178,0.35,True,61155,934252,934252,0,1377696,,,27,122614,,2.0049709753904015,"{""block_cap"": 0.35}",False,
case_023,1,1,5,capls,c1,0,0.141,0.244,True,42597,656728,656728,0,1100172,,,19,122614,,2.878465619644576,"{""block_cap"": 0.15}",False,
case_023,1,1,5,capls,c2,0,0.131,0.283,True,40747,748844,748844,0,1192288,,,21,122614,,3.009154048150784,"{""block_cap"": 0.35, ""init"": ""rr""}",False,
case_023,1,1,5,capls,c3,0,0.125,0.268,True,51869,653080,653080,0,1096524,,,12,122614,,2.3639167903757543,"{""block_cap"": 0.35, ""init"": ""contig""}",False,
case_023,1,1,5,capls,c4,0,0.13,0.379,True,111961,1903164,1903164,0,2346608,,,199,122614,,1.0951492037405883,"{""block_cap"": 0.35, ""subgraph_mode"": ""block""}",False,
case_023,1,1,5,capls,c5,0,0.128,0.43,True,88644,1903164,1903164,0,2346608,,,199,122614,,1.3832182663237218,"{""block_cap"": 0.35, ""init"": ""rr"", ""subgraph_mode"": ""block""}",False,
case_023,1,1,5,capls,c6,0,0.043,0.299,True,24927,221184,221184,0,664628,,,5,122614,,4.9189232559072495,"{""block_cap"": 0.6, ""comm_weight"": 1e-06}",True,
case_023,1,1,5,capls,c7,0,0.21,0.274,True,60855,1045102,1045102,0,1488546,,,31,122614,,2.0148549831566838,"{""block_cap"": 0.08}",False,
case_023,1,1,5,capls,c8,0,0.238,0.34,True,74411,1671126,1671126,0,2114570,,,47,122614,,1.6477940089502896,"{""block_cap"": 0.005}",False,
case_023,1,1,5,capls,c9,0,0.19,0.35,True,61155,934252,934252,0,1377696,,,27,122614,,2.0049709753904015,"{""block_cap"": 0.35, ""max_ops"": 2000}",False,
case_023,1,1,5,capls,c10,0,0.137,0.318,True,51018,802988,802988,0,1246432,,,19,122614,,2.4033478380179543,"{""block_cap"": 0.35, ""cores_used"": 4}",False,
case_023,1,1,5,capls,c11,0,0.018,0.347,True,61785,73728,73728,0,517172,,,2,122614,,1.984526988751315,"{""block_cap"": 0.35, ""cores_used"": 2}",False,
case_023,1,1,5,capls,c12,0,0.144,0.358,True,44918,1835528,1835528,0,2278972,,,30,122614,,2.72972972972973,"{""block_cap"": 0.35, ""init"": ""rr"", ""level_mode"": ""alap_fill""}",False,
case_023,1,1,5,capls,c13,0,0.17,0.358,True,44918,1835528,1835528,0,2278972,,,30,122614,,2.72972972972973,"{""block_cap"": 0.35, ""init"": ""rr"", ""level_mode"": ""alap_compress""}",False,
case_023,1,1,5,capls,sa1,0,0.001,0.356,True,24927,340740,340740,0,784184,,,6,122614,,4.9189232559072495,"{""anneal"": true, ""anneal_seconds"": 2.877}",False,
case_023,1,1,5,capls,sa2,0,0.001,0.316,True,24927,340740,340740,0,784184,,,6,122614,,4.9189232559072495,"{""anneal"": true, ""anneal_seconds"": 2.877}",False,
case_023,1,1,5,capls,sa3,0,0.001,0.281,True,24927,460296,460296,0,903740,,,7,122614,,4.9189232559072495,"{""anneal"": true, ""anneal_seconds"": 2.877}",False,
case_023,1,1,5,capls,_best,0,0.055,0.299,True,24927,221184,221184,0,664628,,,5,122614,,4.9189232559072495,"{""block_cap"": 0.6, ""comm_weight"": 1e-06}",True,results\plans\case_023_p1_n5_capls_best.json
case_023,1,1,3,capls,c0,0,0.029,0.307,True,41898,73728,73728,0,517172,,,3,122614,,2.926488137858609,"{""block_cap"": 0.35}",False,
case_023,1,1,3,capls,c1,0,0.191,0.306,True,54553,1222122,1222122,0,1665566,,,20,122614,,2.2476124136161166,"{""block_cap"": 0.15}",False,
case_023,1,1,3,capls,c2,0,0.04,0.325,True,41575,147456,147456,0,590900,,,3,122614,,2.9492242934455803,"{""block_cap"": 0.35, ""init"": ""rr""}",True,
case_023,1,1,3,capls,c3,0,0.072,0.367,True,46629,147456,147456,0,590900,,,3,122614,,2.6295652919856742,"{""block_cap"": 0.35, ""init"": ""contig""}",False,
case_023,1,1,3,capls,c4,0,0.034,0.202,True,46134,368640,368640,0,812084,,,38,122614,,2.657779511856765,"{""block_cap"": 0.35, ""subgraph_mode"": ""block""}",False,
case_023,1,1,3,capls,c5,0,0.041,0.171,True,48306,368640,368640,0,812084,,,38,122614,,2.5382768186146647,"{""block_cap"": 0.35, ""init"": ""rr"", ""subgraph_mode"": ""block""}",False,
case_023,1,1,3,capls,c6,0,0.023,0.307,True,41898,73728,73728,0,517172,,,3,122614,,2.926488137858609,"{""block_cap"": 0.6, ""comm_weight"": 1e-06}",False,
case_023,1,1,3,capls,c7,0,0.101,0.313,True,55473,1128798,1128798,0,1572242,,,18,122614,,2.2103365601283507,"{""block_cap"": 0.08}",False,
case_023,1,1,3,capls,c8,0,0.168,0.289,True,69268,1470034,1470034,0,1913478,,,17,122614,,1.7701391696021251,"{""block_cap"": 0.005}",False,
case_023,1,1,3,capls,c9,0,0.033,0.307,True,41898,73728,73728,0,517172,,,3,122614,,2.926488137858609,"{""block_cap"": 0.35, ""max_ops"": 2000}",False,
case_023,1,1,3,capls,c10,0,0.026,0.253,True,61785,73728,73728,0,517172,,,2,122614,,1.984526988751315,"{""block_cap"": 0.35, ""cores_used"": 2}",False,
case_023,1,1,3,capls,c11,0,0.009,0.233,True,122614,0,0,0,443444,,,1,122614,,1.0,"{""block_cap"": 0.35, ""cores_used"": 1}",False,
case_023,1,1,3,capls,c12,0,0.046,0.325,True,41575,147456,147456,0,590900,,,3,122614,,2.9492242934455803,"{""block_cap"": 0.35, ""init"": ""rr"", ""level_mode"": ""alap_fill""}",False,
case_023,1,1,3,capls,c13,0,0.046,0.325,True,41575,147456,147456,0,590900,,,3,122614,,2.9492242934455803,"{""block_cap"": 0.35, ""init"": ""rr"", ""level_mode"": ""alap_compress""}",False,
case_023,1,1,3,capls,sa1,0,0.001,0.313,True,41575,356868,356868,0,800312,,,4,122614,,2.9492242934455803,"{""anneal"": true, ""anneal_seconds"": 6.466}",False,
case_023,1,1,3,capls,sa2,0,0.001,0.282,True,41575,556492,556492,0,999936,,,5,122614,,2.9492242934455803,"{""anneal"": true, ""anneal_seconds"": 6.466}",False,
case_023,1,1,3,capls,sa3,0,0.001,0.391,True,41575,347080,347080,0,790524,,,4,122614,,2.9492242934455803,"{""anneal"": true, ""anneal_seconds"": 6.466}",False,
case_023,1,1,3,capls,_best,0,0.035,0.325,True,41575,147456,147456,0,590900,,,3,122614,,2.9492242934455803,"{""block_cap"": 0.35, ""init"": ""rr""}",True,results\plans\case_023_p1_n3_capls_best.json
case_023,1,1,2,capls,c0,0,0.017,0.425,True,61785,73728,73728,0,517172,,,2,122614,,1.984526988751315,"{""block_cap"": 0.35}",False,
case_023,1,1,2,capls,c1,0,0.043,0.266,True,69476,1036764,1036764,0,1480208,,,14,122614,,1.764839656859923,"{""block_cap"": 0.15}",False,
case_023,1,1,2,capls,c2,0,0.044,0.296,True,61967,73728,73728,0,517172,,,2,122614,,1.9786983394387334,"{""block_cap"": 0.35, ""init"": ""rr""}",False,
case_023,1,1,2,capls,c3,0,0.043,0.326,True,62925,73728,73728,0,517172,,,2,122614,,1.9485736988478348,"{""block_cap"": 0.35, ""init"": ""contig""}",False,
case_023,1,1,2,capls,c4,0,0.021,0.178,True,68371,368640,368640,0,812084,,,38,122614,,1.793362683008878,"{""block_cap"": 0.35, ""subgraph_mode"": ""block""}",False,
case_023,1,1,2,capls,c5,0,0.043,0.182,True,67839,368640,368640,0,812084,,,38,122614,,1.807426406639249,"{""block_cap"": 0.35, ""init"": ""rr"", ""subgraph_mode"": ""block""}",False,
case_023,1,1,2,capls,c6,0,0.022,0.505,True,60749,0,0,0,443444,,,2,122614,,2.018370672768276,"{""block_cap"": 0.6, ""comm_weight"": 1e-06}",False,
case_023,1,1,2,capls,c7,0,0.036,0.302,True,68634,977510,977510,0,1420954,,,14,122614,,1.7864906606055309,"{""block_cap"": 0.08}",False,
case_023,1,1,2,capls,c8,0,0.053,0.272,True,81400,1348838,1348838,0,1792282,,,12,122614,,1.5063144963144963,"{""block_cap"": 0.005}",False,
case_023,1,1,2,capls,c9,0,0.023,0.425,True,61785,73728,73728,0,517172,,,2,122614,,1.984526988751315,"{""block_cap"": 0.35, ""max_ops"": 2000}",False,
case_023,1,1,2,capls,c10,0,0.005,0.329,True,122614,0,0,0,443444,,,1,122614,,1.0,"{""block_cap"": 0.35, ""cores_used"": 1}",False,
case_023,1,1,2,capls,c11,0,0.006,0.329,True,122614,0,0,0,443444,,,1,122614,,1.0,"{""block_cap"": 0.35, ""cores_used"": 1}",False,
case_023,1,1,2,capls,c12,0,0.037,0.296,True,61967,73728,73728,0,517172,,,2,122614,,1.9786983394387334,"{""block_cap"": 0.35, ""init"": ""rr"", ""level_mode"": ""alap_fill""}",False,
case_023,1,1,2,capls,c13,0,0.033,0.296,True,61967,73728,73728,0,517172,,,2,122614,,1.9786983394387334,"{""block_cap"": 0.35, ""init"": ""rr"", ""level_mode"": ""alap_compress""}",False,
case_023,1,1,2,capls,sa1,0,0.001,0.307,True,60389,301576,301576,0,745020,,,3,122614,,2.0304028879431684,"{""anneal"": true, ""anneal_seconds"": 10.273}",True,
case_023,1,1,2,capls,sa2,0,0.001,0.369,True,60389,401956,401956,0,845400,,,4,122614,,2.0304028879431684,"{""anneal"": true, ""anneal_seconds"": 10.273}",False,
case_023,1,1,2,capls,sa3,0,0.001,0.325,True,60389,630320,630320,0,1073764,,,4,122614,,2.0304028879431684,"{""anneal"": true, ""anneal_seconds"": 10.273}",False,
case_023,1,1,2,capls,_best,0,,0.307,True,60389,301576,,,,,,3,122614,,2.0304028879431684,"{""anneal"": true}",True,results\plans\case_023_p1_n2_capls_best.json
case_026,1,1,2,capls,c0,0,0.017,0.184,True,70267,585900,585900,0,1114754,,,5,99203,,1.411800703032718,"{""block_cap"": 0.35}",False,
case_026,1,1,2,capls,c1,0,0.019,0.184,True,70267,585900,585900,0,1114754,,,5,99203,,1.411800703032718,"{""block_cap"": 0.15}",False,
case_026,1,1,2,capls,c2,0,0.024,0.159,True,58472,185780,185780,0,714634,,,3,99203,,1.696589820768915,"{""block_cap"": 0.35, ""init"": ""rr""}",False,
case_026,1,1,2,capls,c3,0,0.018,0.179,True,73522,423064,423064,0,951918,,,4,99203,,1.349296809118359,"{""block_cap"": 0.35, ""init"": ""contig""}",False,
case_026,1,1,2,capls,c4,0,0.017,0.12,True,86739,873248,873248,0,1402102,,,35,99203,,1.143695454178628,"{""block_cap"": 0.35, ""subgraph_mode"": ""block""}",False,
case_026,1,1,2,capls,c5,0,0.024,0.129,True,91005,873248,873248,0,1402102,,,35,99203,,1.0900829624745894,"{""block_cap"": 0.35, ""init"": ""rr"", ""subgraph_mode"": ""block""}",False,
case_026,1,1,2,capls,c6,0,0.018,0.131,True,74800,492684,492684,0,1021538,,,5,99203,,1.3262433155080213,"{""block_cap"": 0.6, ""comm_weight"": 1e-06}",False,
case_026,1,1,2,capls,c7,0,0.02,0.148,True,79796,1262792,1262792,0,1791646,,,11,99203,,1.2432076795829365,"{""block_cap"": 0.08}",False,
case_026,1,1,2,capls,c8,0,0.043,0.164,True,95378,2307492,2307492,0,2836346,,,25,99203,,1.0401035878294784,"{""block_cap"": 0.005}",False,
case_026,1,1,2,capls,c9,0,0.012,0.184,True,70267,585900,585900,0,1114754,,,5,99203,,1.411800703032718,"{""block_cap"": 0.35, ""max_ops"": 2000}",False,
case_026,1,1,2,capls,c10,0,0.006,0.172,True,99203,0,0,0,528854,,,1,99203,,1.0,"{""block_cap"": 0.35, ""cores_used"": 1}",False,
case_026,1,1,2,capls,c11,0,0.006,0.172,True,99203,0,0,0,528854,,,1,99203,,1.0,"{""block_cap"": 0.35, ""cores_used"": 1}",False,
case_026,1,1,2,capls,c12,0,0.016,0.125,True,59128,512948,512948,0,1041802,,,4,99203,,1.6777668786361792,"{""block_cap"": 0.35, ""init"": ""rr"", ""level_mode"": ""alap_fill""}",False,
case_026,1,1,2,capls,c13,0,0.025,0.125,True,59128,512948,512948,0,1041802,,,4,99203,,1.6777668786361792,"{""block_cap"": 0.35, ""init"": ""rr"", ""level_mode"": ""alap_compress""}",False,
case_026,1,1,2,capls,sa1,0,0.137,0.134,True,57500,559180,559180,0,1088034,,,5,99203,,1.7252695652173913,"{""anneal"": true, ""anneal_seconds"": 0.594}",False,
case_026,1,1,2,capls,sa2,0,0.132,0.131,True,57246,453364,453364,0,982218,,,4,99203,,1.732924571149076,"{""anneal"": true, ""anneal_seconds"": 0.594}",True,
case_026,1,1,2,capls,sa3,0,0.001,0.151,True,61133,453364,453364,0,982218,,,4,99203,,1.6227405820097165,"{""anneal"": true, ""anneal_seconds"": 0.594}",False,
case_026,1,1,2,capls,_best,0,,0.131,True,57246,453364,,,,,,4,99203,,1.732924571149076,"{""anneal"": true}",True,results\plans\case_026_p1_n2_capls_best.json
case_024,1,1,2,capls,c0,0,0.153,1.064,True,2606460,12976260,12976260,0,13369478,,,34,2555343,,0.980388342809788,"{""block_cap"": 0.35}",False,
case_024,1,1,2,capls,c1,0,0.146,1.064,True,2606460,12976260,12976260,0,13369478,,,34,2555343,,0.980388342809788,"{""block_cap"": 0.15}",False,
case_024,1,1,2,capls,c2,0,0.116,1.064,True,2606460,12976260,12976260,0,13369478,,,34,2555343,,0.980388342809788,"{""block_cap"": 0.35, ""init"": ""rr""}",False,
case_024,1,1,2,capls,c3,0,0.119,3.605,True,2556892,393220,393220,0,786438,,,2,2555343,,0.9993941863794013,"{""block_cap"": 0.35, ""init"": ""contig""}",False,
case_024,1,1,2,capls,c4,0,0.136,1.318,True,2649943,39322000,39322000,0,39715218,,,101,2555343,,0.9643011189297279,"{""block_cap"": 0.35, ""subgraph_mode"": ""block""}",False,
case_024,1,1,2,capls,c5,0,0.154,1.318,True,2649943,39322000,39322000,0,39715218,,,101,2555343,,0.9643011189297279,"{""block_cap"": 0.35, ""init"": ""rr"", ""subgraph_mode"": ""block""}",False,
case_024,1,1,2,capls,c6,0,0.17,1.269,True,2631244,19267780,19267780,0,19660998,,,50,2555343,,0.9711539484745618,"{""block_cap"": 0.6, ""comm_weight"": 1e-06}",False,
case_024,1,1,2,capls,c7,0,0.167,1.064,True,2606460,12976260,12976260,0,13369478,,,34,2555343,,0.980388342809788,"{""block_cap"": 0.08}",False,
case_024,1,1,2,capls,c8,0,0.112,2.554,True,3119218,59051544,59051544,0,59444762,,,302,2555343,,0.8192255238332171,"{""block_cap"": 0.005}",False,
case_024,1,1,2,capls,c9,0,0.151,1.064,True,2606460,12976260,12976260,0,13369478,,,34,2555343,,0.980388342809788,"{""block_cap"": 0.35, ""max_ops"": 2000}",False,
case_024,1,1,2,capls,c10,0,0.039,7.175,True,2555343,0,0,0,393218,,,1,2555343,,1.0,"{""block_cap"": 0.35, ""cores_used"": 1}",True,
case_024,1,1,2,capls,c11,0,0.038,7.175,True,2555343,0,0,0,393218,,,1,2555343,,1.0,"{""block_cap"": 0.35, ""cores_used"": 1}",False,
case_024,1,1,2,capls,c12,0,0.138,1.064,True,2606460,12976260,12976260,0,13369478,,,34,2555343,,0.980388342809788,"{""block_cap"": 0.35, ""init"": ""rr"", ""level_mode"": ""alap_fill""}",False,
case_024,1,1,2,capls,c13,0,0.176,1.064,True,2606460,12976260,12976260,0,13369478,,,34,2555343,,0.980388342809788,"{""block_cap"": 0.35, ""init"": ""rr"", ""level_mode"": ""alap_compress""}",False,
case_024,1,1,2,capls,sa1,0,0.004,7.435,True,2555343,0,0,0,393218,,,1,2555343,,1.0,"{""anneal"": true, ""anneal_seconds"": 1.57}",False,
case_024,1,1,2,capls,sa2,0,2.937,2.918,True,2556537,1179648,1179648,0,1572866,,,2,2555343,,0.9995329619716046,"{""anneal"": true, ""anneal_seconds"": 1.57}",False,
case_024,1,1,2,capls,sa3,0,2.878,2.87,True,2557437,1179648,1179648,0,1572866,,,2,2555343,,0.9991812115019842,"{""anneal"": true, ""anneal_seconds"": 1.57}",False,
case_024,1,1,2,capls,_best,0,0.045,7.175,True,2555343,0,0,0,393218,,,1,2555343,,1.0,"{""block_cap"": 0.35, ""cores_used"": 1}",True,results\plans\case_024_p1_n2_capls_best.json
case_026,1,1,3,capls,c0,0,0.017,0.144,True,57920,770240,770240,0,1299094,,,7,99203,,1.7127589779005525,"{""block_cap"": 0.35}",False,
case_026,1,1,3,capls,c1,0,0.047,0.145,True,66381,1344876,1344876,0,1873730,,,12,99203,,1.4944487127340655,"{""block_cap"": 0.15}",False,
case_026,1,1,3,capls,c2,0,0.038,0.164,True,58898,770240,770240,0,1299094,,,7,99203,,1.6843186525858262,"{""block_cap"": 0.35, ""init"": ""rr""}",False,
case_026,1,1,3,capls,c3,0,0.062,0.132,True,69422,420616,420616,0,949470,,,4,99203,,1.428985047967503,"{""block_cap"": 0.35, ""init"": ""contig""}",False,
case_026,1,1,3,capls,c4,0,0.023,0.112,True,74228,873248,873248,0,1402102,,,35,99203,,1.3364633292019183,"{""block_cap"": 0.35, ""subgraph_mode"": ""block""}",False,
case_026,1,1,3,capls,c5,0,0.037,0.425,True,66100,873248,873248,0,1402102,,,35,99203,,1.5008018154311649,"{""block_cap"": 0.35, ""init"": ""rr"", ""subgraph_mode"": ""block""}",False,
case_026,1,1,3,capls,c6,0,0.024,0.161,True,63563,656672,656672,0,1185526,,,7,99203,,1.5607035539543446,"{""block_cap"": 0.6, ""comm_weight"": 1e-06}",False,
case_026,1,1,3,capls,c7,0,0.04,0.178,True,70376,1099736,1099736,0,1628590,,,11,99203,,1.4096140729794249,"{""block_cap"": 0.08}",False,
case_026,1,1,3,capls,c8,0,0.224,0.216,True,82438,2643372,2643372,0,3172226,,,38,99203,,1.2033649530556296,"{""block_cap"": 0.005}",False,
case_026,1,1,3,capls,c9,0,0.026,0.144,True,57920,770240,770240,0,1299094,,,7,99203,,1.7127589779005525,"{""block_cap"": 0.35, ""max_ops"": 2000}",False,
case_026,1,1,3,capls,c10,0,0.018,0.145,True,70267,585900,585900,0,1114754,,,5,99203,,1.411800703032718,"{""block_cap"": 0.35, ""cores_used"": 2}",False,
case_026,1,1,3,capls,c11,0,0.007,0.178,True,99203,0,0,0,528854,,,1,99203,,1.0,"{""block_cap"": 0.35, ""cores_used"": 1}",False,
case_026,1,1,3,capls,c12,0,0.026,0.175,True,47309,1212616,1212616,0,1741470,,,15,99203,,2.0969160202075714,"{""block_cap"": 0.35, ""init"": ""rr"", ""level_mode"": ""alap_fill""}",True,
case_026,1,1,3,capls,c13,0,0.032,0.175,True,47309,1212616,1212616,0,1741470,,,15,99203,,2.0969160202075714,"{""block_cap"": 0.35, ""init"": ""rr"", ""level_mode"": ""alap_compress""}",False,
case_026,1,1,3,capls,sa1,0,0.127,0.127,True,47930,1408456,1408456,0,1937310,,,17,99203,,2.069747548508241,"{""anneal"": true, ""anneal_seconds"": 0.844}",False,
case_026,1,1,3,capls,sa2,0,0.156,0.155,True,47335,1309896,1309896,0,1838750,,,16,99203,,2.0957642336537448,"{""anneal"": true, ""anneal_seconds"": 0.844}",False,
case_026,1,1,3,capls,sa3,0,0.132,0.131,True,47678,1411656,1411656,0,1940510,,,18,99203,,2.080687109358614,"{""anneal"": true, ""anneal_seconds"": 0.844}",False,
case_026,1,1,3,capls,_best,0,0.036,0.175,True,47309,1212616,1212616,0,1741470,,,15,99203,,2.0969160202075714,"{""block_cap"": 0.35, ""init"": ""rr"", ""level_mode"": ""alap_fill""}",True,results\plans\case_026_p1_n3_capls_best.json
case_021,1,1,3,capls,c0,0,0.135,2.762,True,2607583,4902912,1638400,3264512,8241152,,,3,6567937,,2.5187834864700376,"{""block_cap"": 0.35}",False,
case_021,1,1,3,capls,c1,0,0.138,6.001,True,2144024,7766016,4710400,3055616,11104256,,,3,6567937,,3.063369160046716,"{""block_cap"": 0.15}",True,
case_021,1,1,3,capls,c2,0,0.114,2.762,True,2607583,4902912,1638400,3264512,8241152,,,3,6567937,,2.5187834864700376,"{""block_cap"": 0.35, ""init"": ""rr""}",False,
case_021,1,1,3,capls,c3,0,0.109,2.708,True,2607583,4902912,1638400,3264512,8241152,,,3,6567937,,2.5187834864700376,"{""block_cap"": 0.35, ""init"": ""contig""}",False,
case_021,1,1,3,capls,c4,0,0.09,1.449,True,2484134,7372800,7372800,0,10711040,,,10,6567937,,2.6439543921543684,"{""block_cap"": 0.35, ""subgraph_mode"": ""block""}",False,
case_021,1,1,3,capls,c5,0,0.104,1.449,True,2484134,7372800,7372800,0,10711040,,,10,6567937,,2.6439543921543684,"{""block_cap"": 0.35, ""init"": ""rr"", ""subgraph_mode"": ""block""}",False,
case_021,1,1,3,capls,c6,0,0.089,2.762,True,2607583,4902912,1638400,3264512,8241152,,,3,6567937,,2.5187834864700376,"{""block_cap"": 0.6, ""comm_weight"": 1e-06}",False,
case_021,1,1,3,capls,c7,0,0.122,6.001,True,2144024,7766016,4710400,3055616,11104256,,,3,6567937,,3.063369160046716,"{""block_cap"": 0.08}",False,
case_021,1,1,3,capls,c8,0,0.152,4.325,True,2541512,45119488,45064192,55296,48457728,,,11,6567937,,2.584263619451728,"{""block_cap"": 0.005}",False,
case_021,1,1,3,capls,c9,0,0.15,2.762,True,2607583,4902912,1638400,3264512,8241152,,,3,6567937,,2.5187834864700376,"{""block_cap"": 0.35, ""max_ops"": 2000}",False,
case_021,1,1,3,capls,c10,0,0.082,3.645,True,3268622,4702208,819200,3883008,8040448,,,2,6567937,,2.0093901956237215,"{""block_cap"": 0.35, ""cores_used"": 2}",False,
case_021,1,1,3,capls,c11,0,0.027,5.949,True,6567937,4501504,0,4501504,7839744,,,1,6567937,,1.0,"{""block_cap"": 0.35, ""cores_used"": 1}",False,
case_021,1,1,3,capls,c12,0,0.089,2.762,True,2607583,4902912,1638400,3264512,8241152,,,3,6567937,,2.5187834864700376,"{""block_cap"": 0.35, ""init"": ""rr"", ""level_mode"": ""alap_fill""}",False,
case_021,1,1,3,capls,c13,0,0.125,2.762,True,2607583,4902912,1638400,3264512,8241152,,,3,6567937,,2.5187834864700376,"{""block_cap"": 0.35, ""init"": ""rr"", ""level_mode"": ""alap_compress""}",False,
case_021,1,1,3,capls,sa1,0,0.002,7.62,True,2292516,23472128,20498432,2973696,26810368,,,4,6567937,,2.8649470712527196,"{""anneal"": true, ""anneal_seconds"": 35.914}",False,
case_021,1,1,3,capls,sa2,0,0.002,7.061,True,2378904,24055808,21098496,2957312,27394048,,,4,6567937,,2.760908805063172,"{""anneal"": true, ""anneal_seconds"": 35.914}",False,
case_021,1,1,3,capls,sa3,0,0.002,6.841,True,2378660,24055808,21098496,2957312,27394048,,,4,6567937,,2.7611920156726897,"{""anneal"": true, ""anneal_seconds"": 35.914}",False,
case_021,1,1,3,capls,_best,0,0.159,6.001,True,2144024,7766016,4710400,3055616,11104256,,,3,6567937,,3.063369160046716,"{""block_cap"": 0.15}",True,results\plans\case_021_p1_n3_capls_best.json
case_026,1,1,5,capls,c0,0,0.07,0.168,True,70640,1376120,1376120,0,1904974,,,21,99203,,1.4043459796149491,"{""block_cap"": 0.35}",False,
case_026,1,1,5,capls,c1,0,0.091,0.208,True,51011,805904,805904,0,1334758,,,13,99203,,1.9447374095783263,"{""block_cap"": 0.15}",False,
case_026,1,1,5,capls,c2,0,0.085,0.168,True,71453,1608364,1608364,0,2137218,,,18,99203,,1.3883671784249787,"{""block_cap"": 0.35, ""init"": ""rr""}",False,
case_026,1,1,5,capls,c3,0,0.071,0.188,True,46675,814162,814162,0,1343016,,,11,99203,,2.1253990358864487,"{""block_cap"": 0.35, ""init"": ""contig""}",False,
case_026,1,1,5,capls,c4,0,0.074,0.199,True,109690,1973092,1973092,0,2501946,,,78,99203,,0.9043942018415535,"{""block_cap"": 0.35, ""subgraph_mode"": ""block""}",False,
case_026,1,1,5,capls,c5,0,0.076,0.208,True,112598,1973092,1973092,0,2501946,,,78,99203,,0.8810369633563652,"{""block_cap"": 0.35, ""init"": ""rr"", ""subgraph_mode"": ""block""}",False,
case_026,1,1,5,capls,c6,0,0.074,0.201,True,45904,447736,447736,0,976590,,,7,99203,,2.161097072150575,"{""block_cap"": 0.6, ""comm_weight"": 1e-06}",False,
case_026,1,1,5,capls,c7,0,0.096,0.186,True,60237,971984,971984,0,1500838,,,15,99203,,1.6468781645832296,"{""block_cap"": 0.08}",False,
case_026,1,1,5,capls,c8,0,0.198,0.344,True,82910,3436550,3436550,0,3965404,,,68,99203,,1.1965142926064407,"{""block_cap"": 0.005}",False,
case_026,1,1,5,capls,c9,0,0.06,0.168,True,70640,1376120,1376120,0,1904974,,,21,99203,,1.4043459796149491,"{""block_cap"": 0.35, ""max_ops"": 2000}",False,
case_026,1,1,5,capls,c10,0,0.062,0.16,True,53680,730400,730400,0,1259254,,,8,99203,,1.8480439642324888,"{""block_cap"": 0.35, ""cores_used"": 4}",False,
case_026,1,1,5,capls,c11,0,0.019,0.507,True,70267,585900,585900,0,1114754,,,5,99203,,1.411800703032718,"{""block_cap"": 0.35, ""cores_used"": 2}",False,
case_026,1,1,5,capls,c12,0,0.092,0.208,True,58312,2001464,2001464,0,2530318,,,23,99203,,1.7012450267526409,"{""block_cap"": 0.35, ""init"": ""rr"", ""level_mode"": ""alap_fill""}",False,
case_026,1,1,5,capls,c13,0,0.059,0.208,True,58312,2001464,2001464,0,2530318,,,23,99203,,1.7012450267526409,"{""block_cap"": 0.35, ""init"": ""rr"", ""level_mode"": ""alap_compress""}",False,
case_026,1,1,5,capls,sa1,0,0.101,0.101,True,45367,421188,421188,0,950042,,,10,99203,,2.1866775409438577,"{""anneal"": true, ""anneal_seconds"": 0.768}",False,
case_026,1,1,5,capls,sa2,0,0.1,0.099,True,45346,419892,419892,0,948746,,,10,99203,,2.187690204207648,"{""anneal"": true, ""anneal_seconds"": 0.768}",False,
case_026,1,1,5,capls,sa3,0,0.098,0.097,True,45344,419892,419892,0,948746,,,9,99203,,2.1877866972477062,"{""anneal"": true, ""anneal_seconds"": 0.768}",True,
case_026,1,1,5,capls,_best,0,,0.097,True,45344,419892,,,,,,9,99203,,2.1877866972477062,"{""anneal"": true}",True,results\plans\case_026_p1_n5_capls_best.json
case_027,1,1,3,capls,c0,0,0.051,1.084,True,837049,3686400,3686400,0,5726208,,,3,2363952,,2.8241500796249683,"{""block_cap"": 0.35}",True,
case_027,1,1,3,capls,c1,0,0.07,1.021,True,849598,14186496,14186496,0,16226304,,,6,2363952,,2.782435928521489,"{""block_cap"": 0.15}",False,
case_027,1,1,3,capls,c2,0,0.07,1.084,True,837049,3686400,3686400,0,5726208,,,3,2363952,,2.8241500796249683,"{""block_cap"": 0.35, ""init"": ""rr""}",False,
case_027,1,1,3,capls,c3,0,0.085,1.174,True,879469,2187264,2027520,159744,4227072,,,3,2363952,,2.687931012918022,"{""block_cap"": 0.35, ""init"": ""contig""}",False,
case_027,1,1,3,capls,c4,0,0.065,0.461,True,844900,5529600,5529600,0,7569408,,,16,2363952,,2.797907444668008,"{""block_cap"": 0.35, ""subgraph_mode"": ""block""}",False,
case_027,1,1,3,capls,c5,0,0.048,0.461,True,844900,5529600,5529600,0,7569408,,,16,2363952,,2.797907444668008,"{""block_cap"": 0.35, ""init"": ""rr"", ""subgraph_mode"": ""block""}",False,
case_027,1,1,3,capls,c6,0,0.057,1.084,True,837049,3686400,3686400,0,5726208,,,3,2363952,,2.8241500796249683,"{""block_cap"": 0.6, ""comm_weight"": 1e-06}",False,
case_027,1,1,3,capls,c7,0,0.064,1.053,True,858717,15360000,15360000,0,17399808,,,6,2363952,,2.7528883205992196,"{""block_cap"": 0.08}",False,
case_027,1,1,3,capls,c8,0,0.091,1.375,True,1010363,22013952,22013952,0,24053760,,,9,2363952,,2.339705630550604,"{""block_cap"": 0.005}",False,
case_027,1,1,3,capls,c9,0,0.07,1.084,True,837049,3686400,3686400,0,5726208,,,3,2363952,,2.8241500796249683,"{""block_cap"": 0.35, ""max_ops"": 2000}",False,
case_027,1,1,3,capls,c10,0,0.049,0.575,True,1120962,1744896,1105920,638976,3784704,,,2,2363952,,2.10886006840553,"{""block_cap"": 0.35, ""cores_used"": 2}",False,
case_027,1,1,3,capls,c11,0,0.024,1.159,True,2363952,1400832,0,1400832,3440640,,,1,2363952,,1.0,"{""block_cap"": 0.35, ""cores_used"": 1}",False,
case_027,1,1,3,capls,c12,0,0.059,1.084,True,837049,3686400,3686400,0,5726208,,,3,2363952,,2.8241500796249683,"{""block_cap"": 0.35, ""init"": ""rr"", ""level_mode"": ""alap_fill""}",False,
case_027,1,1,3,capls,c13,0,0.068,1.084,True,837049,3686400,3686400,0,5726208,,,3,2363952,,2.8241500796249683,"{""block_cap"": 0.35, ""init"": ""rr"", ""level_mode"": ""alap_compress""}",False,
case_027,1,1,3,capls,sa1,0,0.002,0.931,True,837049,9351168,9351168,0,11390976,,,5,2363952,,2.8241500796249683,"{""anneal"": true, ""anneal_seconds"": 1.138}",False,
case_027,1,1,3,capls,sa2,0,0.001,0.955,True,837049,9154560,9154560,0,11194368,,,4,2363952,,2.8241500796249683,"{""anneal"": true, ""anneal_seconds"": 1.138}",False,
case_027,1,1,3,capls,sa3,0,0.836,0.829,True,837049,9154560,9154560,0,11194368,,,4,2363952,,2.8241500796249683,"{""anneal"": true, ""anneal_seconds"": 1.138}",False,
case_027,1,1,3,capls,_best,0,0.064,1.084,True,837049,3686400,3686400,0,5726208,,,3,2363952,,2.8241500796249683,"{""block_cap"": 0.35}",True,results\plans\case_027_p1_n3_capls_best.json
case_026,1,1,4,capls,c0,0,0.057,0.154,True,53680,730400,730400,0,1259254,,,8,99203,,1.8480439642324888,"{""block_cap"": 0.35}",False,
case_026,1,1,4,capls,c1,0,0.07,0.136,True,57556,1006154,1006154,0,1535008,,,12,99203,,1.723590937521718,"{""block_cap"": 0.15}",False,
case_026,1,1,4,capls,c2,0,0.047,0.2,True,46327,445288,445288,0,974142,,,6,99203,,2.141364646966132,"{""block_cap"": 0.35, ""init"": ""rr""}",True,
case_026,1,1,4,capls,c3,0,0.046,0.145,True,60283,401416,401416,0,930270,,,5,99203,,1.6456214853275384,"{""block_cap"": 0.35, ""init"": ""contig""}",False,
case_026,1,1,4,capls,c4,0,0.053,0.164,True,68651,873248,873248,0,1402102,,,35,99203,,1.4450335756216224,"{""block_cap"": 0.35, ""subgraph_mode"": ""block""}",False,
case_026,1,1,4,capls,c5,0,0.046,0.129,True,50810,873248,873248,0,1402102,,,35,99203,,1.9524306238929345,"{""block_cap"": 0.35, ""init"": ""rr"", ""subgraph_mode"": ""block""}",False,
case_026,1,1,4,capls,c6,0,0.046,0.162,True,62275,566556,566556,0,1095410,,,7,99203,,1.5929827378562826,"{""block_cap"": 0.6, ""comm_weight"": 1e-06}",False,
case_026,1,1,4,capls,c7,0,0.072,0.151,True,50775,666972,666972,0,1195826,,,10,99203,,1.9537764647956672,"{""block_cap"": 0.08}",False,
case_026,1,1,4,capls,c8,0,0.246,0.295,True,88729,3516492,3516492,0,4045346,,,59,99203,,1.118044833143617,"{""block_cap"": 0.005}",False,
case_026,1,1,4,capls,c9,0,0.071,0.154,True,53680,730400,730400,0,1259254,,,8,99203,,1.8480439642324888,"{""block_cap"": 0.35, ""max_ops"": 2000}",False,
case_026,1,1,4,capls,c10,0,0.025,0.175,True,57920,770240,770240,0,1299094,,,7,99203,,1.7127589779005525,"{""block_cap"": 0.35, ""cores_used"": 3}",False,
case_026,1,1,4,capls,c11,0,0.012,0.51,True,70267,585900,585900,0,1114754,,,5,99203,,1.411800703032718,"{""block_cap"": 0.35, ""cores_used"": 2}",False,
case_026,1,1,4,capls,c12,0,0.034,0.167,True,48711,1106680,1106680,0,1635534,,,12,99203,,2.0365625834000536,"{""block_cap"": 0.35, ""init"": ""rr"", ""level_mode"": ""alap_fill""}",False,
case_026,1,1,4,capls,c13,0,0.036,0.167,True,48711,1106680,1106680,0,1635534,,,12,99203,,2.0365625834000536,"{""block_cap"": 0.35, ""init"": ""rr"", ""level_mode"": ""alap_compress""}",False,
case_026,1,1,4,capls,sa1,0,0.13,0.127,True,48968,21936,21936,0,550790,,,2,99203,,2.0258740401895117,"{""anneal"": true, ""anneal_seconds"": 5.546}",False,
case_026,1,1,4,capls,sa2,0,0.125,0.124,True,48968,21936,21936,0,550790,,,2,99203,,2.0258740401895117,"{""anneal"": true, ""anneal_seconds"": 5.546}",False,
case_026,1,1,4,capls,sa3,0,0.193,0.193,True,48968,21936,21936,0,550790,,,2,99203,,2.0258740401895117,"{""anneal"": true, ""anneal_seconds"": 5.546}",False,
case_026,1,1,4,capls,_best,0,0.045,0.2,True,46327,445288,445288,0,974142,,,6,99203,,2.141364646966132,"{""block_cap"": 0.35, ""init"": ""rr""}",True,results\plans\case_026_p1_n4_capls_best.json
case_027,1,1,5,capls,c0,0,0.077,0.97,True,558753,5529600,5529600,0,7569408,,,5,2363952,,4.230763861670542,"{""block_cap"": 0.35}",True,
case_027,1,1,5,capls,c1,0,0.108,0.897,True,560939,17418240,17418240,0,19458048,,,10,2363952,,4.214276418648017,"{""block_cap"": 0.15}",False,
case_027,1,1,5,capls,c2,0,0.088,0.97,True,558753,5529600,5529600,0,7569408,,,5,2363952,,4.230763861670542,"{""block_cap"": 0.35, ""init"": ""rr""}",False,
case_027,1,1,5,capls,c3,0,0.075,0.547,True,558753,3041280,3041280,0,5081088,,,5,2363952,,4.230763861670542,"{""block_cap"": 0.35, ""init"": ""contig""}",False,
case_027,1,1,5,capls,c4,0,0.077,0.7,True,565244,5529600,5529600,0,7569408,,,16,2363952,,4.182179731231114,"{""block_cap"": 0.35, ""subgraph_mode"": ""block""}",False,
case_027,1,1,5,capls,c5,0,0.078,0.7,True,565244,5529600,5529600,0,7569408,,,16,2363952,,4.182179731231114,"{""block_cap"": 0.35, ""init"": ""rr"", ""subgraph_mode"": ""block""}",False,
case_027,1,1,5,capls,c6,0,0.078,0.97,True,558753,5529600,5529600,0,7569408,,,5,2363952,,4.230763861670542,"{""block_cap"": 0.6, ""comm_weight"": 1e-06}",False,
case_027,1,1,5,capls,c7,0,0.087,0.871,True,586709,20127744,20127744,0,22167552,,,10,2363952,,4.029172894910424,"{""block_cap"": 0.08}",False,
case_027,1,1,5,capls,c8,0,0.145,1.113,True,736556,17694720,17694720,0,19734528,,,6,2363952,,3.2094667615225454,"{""block_cap"": 0.005}",False,
case_027,1,1,5,capls,c9,0,0.077,0.97,True,558753,5529600,5529600,0,7569408,,,5,2363952,,4.230763861670542,"{""block_cap"": 0.35, ""max_ops"": 2000}",False,
case_027,1,1,5,capls,c10,0,0.058,0.531,True,559196,3317760,3317760,0,5357568,,,4,2363952,,4.227412213249022,"{""block_cap"": 0.35, ""cores_used"": 4}",False,
case_027,1,1,5,capls,c11,0,0.03,1.011,True,1120962,1744896,1105920,638976,3784704,,,2,2363952,,2.10886006840553,"{""block_cap"": 0.35, ""cores_used"": 2}",False,
case_027,1,1,5,capls,c12,0,0.08,0.97,True,558753,5529600,5529600,0,7569408,,,5,2363952,,4.230763861670542,"{""block_cap"": 0.35, ""init"": ""rr"", ""level_mode"": ""alap_fill""}",False,
case_027,1,1,5,capls,c13,0,0.079,0.97,True,558753,5529600,5529600,0,7569408,,,5,2363952,,4.230763861670542,"{""block_cap"": 0.35, ""init"": ""rr"", ""level_mode"": ""alap_compress""}",False,
case_027,1,1,5,capls,sa1,0,0.001,0.855,True,558753,8798208,8798208,0,10838016,,,6,2363952,,4.230763861670542,"{""anneal"": true, ""anneal_seconds"": 0.966}",False,
case_027,1,1,5,capls,sa2,0,0.755,0.749,True,558753,12066816,12066816,0,14106624,,,7,2363952,,4.230763861670542,"{""anneal"": true, ""anneal_seconds"": 0.966}",False,
case_027,1,1,5,capls,sa3,0,0.775,0.773,True,558753,8798208,8798208,0,10838016,,,6,2363952,,4.230763861670542,"{""anneal"": true, ""anneal_seconds"": 0.966}",False,
case_027,1,1,5,capls,_best,0,0.116,0.97,True,558753,5529600,5529600,0,7569408,,,5,2363952,,4.230763861670542,"{""block_cap"": 0.35}",True,results\plans\case_027_p1_n5_capls_best.json
case_024,1,1,3,capls,c0,0,0.258,1.165,True,2632793,19661000,19661000,0,20054218,,,51,2555343,,0.9705825714364935,"{""block_cap"": 0.35}",False,
case_024,1,1,3,capls,c1,0,0.245,1.165,True,2632793,19661000,19661000,0,20054218,,,51,2555343,,0.9705825714364935,"{""block_cap"": 0.15}",False,
case_024,1,1,3,capls,c2,0,0.218,1.165,True,2632793,19661000,19661000,0,20054218,,,51,2555343,,0.9705825714364935,"{""block_cap"": 0.35, ""init"": ""rr""}",False,
case_024,1,1,3,capls,c3,0,0.131,2.565,True,2558441,786440,786440,0,1179658,,,3,2555343,,0.998789106334678,"{""block_cap"": 0.35, ""init"": ""contig""}",False,
case_024,1,1,3,capls,c4,0,0.263,1.603,True,2665243,39322000,39322000,0,39715218,,,101,2555343,,0.9587654859237976,"{""block_cap"": 0.35, ""subgraph_mode"": ""block""}",False,
case_024,1,1,3,capls,c5,0,0.249,1.603,True,2665243,39322000,39322000,0,39715218,,,101,2555343,,0.9587654859237976,"{""block_cap"": 0.35, ""init"": ""rr"", ""subgraph_mode"": ""block""}",False,
case_024,1,1,3,capls,c6,0,0.234,1.148,True,2657577,25952520,25952520,0,26345738,,,67,2555343,,0.9615311240276387,"{""block_cap"": 0.6, ""comm_weight"": 1e-06}",False,
case_024,1,1,3,capls,c7,0,0.251,1.165,True,2632793,19661000,19661000,0,20054218,,,51,2555343,,0.9705825714364935,"{""block_cap"": 0.08}",False,
case_024,1,1,3,capls,c8,0,0.207,3.269,True,2473380,61410808,61410808,0,61804026,,,474,2555343,,1.0331380539989812,"{""block_cap"": 0.005}",True,
case_024,1,1,3,capls,c9,0,0.259,1.165,True,2632793,19661000,19661000,0,20054218,,,51,2555343,,0.9705825714364935,"{""block_cap"": 0.35, ""max_ops"": 2000}",False,
case_024,1,1,3,capls,c10,0,0.148,1.121,True,2606460,12976260,12976260,0,13369478,,,34,2555343,,0.980388342809788,"{""block_cap"": 0.35, ""cores_used"": 2}",False,
case_024,1,1,3,capls,c11,0,0.037,7.098,True,2555343,0,0,0,393218,,,1,2555343,,1.0,"{""block_cap"": 0.35, ""cores_used"": 1}",False,
case_024,1,1,3,capls,c12,0,0.231,1.165,True,2632793,19661000,19661000,0,20054218,,,51,2555343,,0.9705825714364935,"{""block_cap"": 0.35, ""init"": ""rr"", ""level_mode"": ""alap_fill""}",False,
case_024,1,1,3,capls,c13,0,0.253,1.165,True,2632793,19661000,19661000,0,20054218,,,51,2555343,,0.9705825714364935,"{""block_cap"": 0.35, ""init"": ""rr"", ""level_mode"": ""alap_compress""}",False,
case_024,1,1,3,capls,sa1,0,4.534,4.502,True,2791391,120197176,120197176,0,120590394,,,870,2555343,,0.9154371422706458,"{""anneal"": true, ""anneal_seconds"": 5.918}",False,
case_024,1,1,3,capls,sa2,0,4.062,4.049,True,2792958,120328248,120328248,0,120721466,,,871,2555343,,0.9149235326847021,"{""anneal"": true, ""anneal_seconds"": 5.918}",False,
case_024,1,1,3,capls,sa3,0,4.134,4.124,True,2792916,120262712,120262712,0,120655930,,,871,2555343,,0.9149372913471082,"{""anneal"": true, ""anneal_seconds"": 5.918}",False,
case_024,1,1,3,capls,_best,0,0.277,3.269,True,2473380,61410808,61410808,0,61804026,,,474,2555343,,1.0331380539989812,"{""block_cap"": 0.005}",True,results\plans\case_024_p1_n3_capls_best.json
case_027,1,1,4,capls,c0,0,0.072,0.828,True,559196,3317760,3317760,0,5357568,,,4,2363952,,4.227412213249022,"{""block_cap"": 0.35}",True,
case_027,1,1,4,capls,c1,0,0.072,0.828,True,559196,3317760,3317760,0,5357568,,,4,2363952,,4.227412213249022,"{""block_cap"": 0.15}",False,
case_027,1,1,4,capls,c2,0,0.087,0.828,True,559196,3317760,3317760,0,5357568,,,4,2363952,,4.227412213249022,"{""block_cap"": 0.35, ""init"": ""rr""}",False,
case_027,1,1,4,capls,c3,0,0.095,0.529,True,559196,2211840,2211840,0,4251648,,,4,2363952,,4.227412213249022,"{""block_cap"": 0.35, ""init"": ""contig""}",False,
case_027,1,1,4,capls,c4,0,0.076,0.495,True,565244,5529600,5529600,0,7569408,,,16,2363952,,4.182179731231114,"{""block_cap"": 0.35, ""subgraph_mode"": ""block""}",False,
case_027,1,1,4,capls,c5,0,0.065,0.495,True,565244,5529600,5529600,0,7569408,,,16,2363952,,4.182179731231114,"{""block_cap"": 0.35, ""init"": ""rr"", ""subgraph_mode"": ""block""}",False,
case_027,1,1,4,capls,c6,0,0.059,0.828,True,559196,3317760,3317760,0,5357568,,,4,2363952,,4.227412213249022,"{""block_cap"": 0.6, ""comm_weight"": 1e-06}",False,
case_027,1,1,4,capls,c7,0,0.079,0.991,True,673356,16490496,16490496,0,18530304,,,8,2363952,,3.510701619945467,"{""block_cap"": 0.08}",False,
case_027,1,1,4,capls,c8,0,0.116,0.782,True,846746,18948096,18948096,0,20987904,,,8,2363952,,2.7918076967591228,"{""block_cap"": 0.005}",False,
case_027,1,1,4,capls,c9,0,0.083,0.828,True,559196,3317760,3317760,0,5357568,,,4,2363952,,4.227412213249022,"{""block_cap"": 0.35, ""max_ops"": 2000}",False,
case_027,1,1,4,capls,c10,0,0.072,1.014,True,837049,3686400,3686400,0,5726208,,,3,2363952,,2.8241500796249683,"{""block_cap"": 0.35, ""cores_used"": 3}",False,
case_027,1,1,4,capls,c11,0,0.042,0.631,True,1120962,1744896,1105920,638976,3784704,,,2,2363952,,2.10886006840553,"{""block_cap"": 0.35, ""cores_used"": 2}",False,
case_027,1,1,4,capls,c12,0,0.123,0.828,True,559196,3317760,3317760,0,5357568,,,4,2363952,,4.227412213249022,"{""block_cap"": 0.35, ""init"": ""rr"", ""level_mode"": ""alap_fill""}",False,
case_027,1,1,4,capls,c13,0,0.063,0.828,True,559196,3317760,3317760,0,5357568,,,4,2363952,,4.227412213249022,"{""block_cap"": 0.35, ""init"": ""rr"", ""level_mode"": ""alap_compress""}",False,
case_027,1,1,4,capls,sa1,0,0.001,0.721,True,624504,7700480,7700480,0,9740288,,,5,2363952,,3.785327235694247,"{""anneal"": true, ""anneal_seconds"": 7.721}",False,
case_027,1,1,4,capls,sa2,0,0.001,0.645,True,624504,7700480,7700480,0,9740288,,,5,2363952,,3.785327235694247,"{""anneal"": true, ""anneal_seconds"": 7.721}",False,
case_027,1,1,4,capls,sa3,0,0.001,0.701,True,624504,7700480,7700480,0,9740288,,,5,2363952,,3.785327235694247,"{""anneal"": true, ""anneal_seconds"": 7.721}",False,
case_027,1,1,4,capls,_best,0,0.062,0.828,True,559196,3317760,3317760,0,5357568,,,4,2363952,,4.227412213249022,"{""block_cap"": 0.35}",True,results\plans\case_027_p1_n4_capls_best.json
case_024,1,1,4,capls,c0,0,0.481,1.074,True,2618852,16122020,16122020,0,16515238,,,42,2555343,,0.9757492977839145,"{""block_cap"": 0.35}",False,
case_024,1,1,4,capls,c1,0,0.445,1.074,True,2618852,16122020,16122020,0,16515238,,,42,2555343,,0.9757492977839145,"{""block_cap"": 0.15}",False,
case_024,1,1,4,capls,c2,0,0.468,1.074,True,2618852,16122020,16122020,0,16515238,,,42,2555343,,0.9757492977839145,"{""block_cap"": 0.35, ""init"": ""rr""}",False,
case_024,1,1,4,capls,c3,0,0.227,1.946,True,2559990,1179660,1179660,0,1572878,,,4,2555343,,0.9981847585342131,"{""block_cap"": 0.35, ""init"": ""contig""}",False,
case_024,1,1,4,capls,c4,0,0.477,1.565,True,2657143,39322000,39322000,0,39715218,,,101,2555343,,0.9616881741027863,"{""block_cap"": 0.35, ""subgraph_mode"": ""block""}",False,
case_024,1,1,4,capls,c5,0,0.505,1.565,True,2657143,39322000,39322000,0,39715218,,,101,2555343,,0.9616881741027863,"{""block_cap"": 0.35, ""init"": ""rr"", ""subgraph_mode"": ""block""}",False,
case_024,1,1,4,capls,c6,0,0.34,1.329,True,2632793,19661000,19661000,0,20054218,,,51,2555343,,0.9705825714364935,"{""block_cap"": 0.6, ""comm_weight"": 1e-06}",False,
case_024,1,1,4,capls,c7,0,0.516,1.074,True,2618852,16122020,16122020,0,16515238,,,42,2555343,,0.9757492977839145,"{""block_cap"": 0.08}",False,
case_024,1,1,4,capls,c8,0,0.327,4.534,True,2359817,67376908,67376908,0,67770126,,,763,2555343,,1.082856424883794,"{""block_cap"": 0.005}",False,
case_024,1,1,4,capls,c9,0,0.481,1.074,True,2618852,16122020,16122020,0,16515238,,,42,2555343,,0.9757492977839145,"{""block_cap"": 0.35, ""max_ops"": 2000}",False,
case_024,1,1,4,capls,c10,0,0.236,1.323,True,2632793,19661000,19661000,0,20054218,,,51,2555343,,0.9705825714364935,"{""block_cap"": 0.35, ""cores_used"": 3}",False,
case_024,1,1,4,capls,c11,0,0.21,1.437,True,2606460,12976260,12976260,0,13369478,,,34,2555343,,0.980388342809788,"{""block_cap"": 0.35, ""cores_used"": 2}",False,
case_024,1,1,4,capls,c12,0,0.518,1.074,True,2618852,16122020,16122020,0,16515238,,,42,2555343,,0.9757492977839145,"{""block_cap"": 0.35, ""init"": ""rr"", ""level_mode"": ""alap_fill""}",False,
case_024,1,1,4,capls,c13,0,0.483,1.074,True,2618852,16122020,16122020,0,16515238,,,42,2555343,,0.9757492977839145,"{""block_cap"": 0.35, ""init"": ""rr"", ""level_mode"": ""alap_compress""}",False,
case_024,1,1,4,capls,sa1,0,3.846,3.82,True,2363436,67835660,67835660,0,68228878,,,765,2555343,,1.0811983061948789,"{""anneal"": true, ""anneal_seconds"": 6.778}",False,
case_024,1,1,4,capls,sa2,0,3.753,3.737,True,2359814,67376912,67376912,0,67770130,,,764,2555343,,1.0828578015046948,"{""anneal"": true, ""anneal_seconds"": 6.778}",False,
case_024,1,1,4,capls,sa3,0,4.111,4.097,True,2359811,67376912,67376912,0,67770130,,,764,2555343,,1.082859178129096,"{""anneal"": true, ""anneal_seconds"": 6.778}",True,
case_024,1,1,4,capls,_best,0,,4.097,True,2359811,67376912,,,,,,764,2555343,,1.082859178129096,"{""anneal"": true}",True,results\plans\case_024_p1_n4_capls_best.json
case_021,1,1,2,capls,c0,0,0.077,3.542,True,3268622,4702208,819200,3883008,8040448,,,2,6567937,,2.0093901956237215,"{""block_cap"": 0.35}",False,
case_021,1,1,2,capls,c1,0,0.068,3.018,True,3194570,3174400,1536000,1638400,6512640,,,2,6567937,,2.0559690349561914,"{""block_cap"": 0.15}",False,
case_021,1,1,2,capls,c2,0,0.079,3.542,True,3268622,4702208,819200,3883008,8040448,,,2,6567937,,2.0093901956237215,"{""block_cap"": 0.35, ""init"": ""rr""}",False,
case_021,1,1,2,capls,c3,0,0.091,3.443,True,3268622,4702208,819200,3883008,8040448,,,2,6567937,,2.0093901956237215,"{""block_cap"": 0.35, ""init"": ""contig""}",False,
case_021,1,1,2,capls,c4,0,0.105,1.364,True,3104250,7372800,7372800,0,10711040,,,10,6567937,,2.1157886768140455,"{""block_cap"": 0.35, ""subgraph_mode"": ""block""}",True,
case_021,1,1,2,capls,c5,0,0.078,1.364,True,3104250,7372800,7372800,0,10711040,,,10,6567937,,2.1157886768140455,"{""block_cap"": 0.35, ""init"": ""rr"", ""subgraph_mode"": ""block""}",False,
case_021,1,1,2,capls,c6,0,0.088,3.542,True,3268622,4702208,819200,3883008,8040448,,,2,6567937,,2.0093901956237215,"{""block_cap"": 0.6, ""comm_weight"": 1e-06}",False,
case_021,1,1,2,capls,c7,0,0.077,3.018,True,3194570,3174400,1536000,1638400,6512640,,,2,6567937,,2.0559690349561914,"{""block_cap"": 0.08}",False,
case_021,1,1,2,capls,c8,0,0.114,3.229,True,3242736,12865536,12595200,270336,16203776,,,4,6567937,,2.0254306856925757,"{""block_cap"": 0.005}",False,
case_021,1,1,2,capls,c9,0,0.07,3.542,True,3268622,4702208,819200,3883008,8040448,,,2,6567937,,2.0093901956237215,"{""block_cap"": 0.35, ""max_ops"": 2000}",False,
case_021,1,1,2,capls,c10,0,0.027,5.854,True,6567937,4501504,0,4501504,7839744,,,1,6567937,,1.0,"{""block_cap"": 0.35, ""cores_used"": 1}",False,
case_021,1,1,2,capls,c11,0,0.031,5.854,True,6567937,4501504,0,4501504,7839744,,,1,6567937,,1.0,"{""block_cap"": 0.35, ""cores_used"": 1}",False,
case_021,1,1,2,capls,c12,0,0.099,3.542,True,3268622,4702208,819200,3883008,8040448,,,2,6567937,,2.0093901956237215,"{""block_cap"": 0.35, ""init"": ""rr"", ""level_mode"": ""alap_fill""}",False,
case_021,1,1,2,capls,c13,0,0.096,3.542,True,3268622,4702208,819200,3883008,8040448,,,2,6567937,,2.0093901956237215,"{""block_cap"": 0.35, ""init"": ""rr"", ""level_mode"": ""alap_compress""}",False,
case_021,1,1,2,capls,sa1,0,0.003,3.542,True,3268622,4702208,819200,3883008,8040448,,,2,6567937,,2.0093901956237215,"{""anneal"": true, ""anneal_seconds"": 52.2}",False,
case_021,1,1,2,capls,sa2,0,3.397,3.375,True,3264586,6275072,2996224,3278848,9613312,,,3,6567937,,2.0118744000004902,"{""anneal"": true, ""anneal_seconds"": 52.2}",False,
case_021,1,1,2,capls,sa3,0,4.89,4.886,True,3291726,11175936,7886848,3289088,14514176,,,3,6567937,,1.9952866672377956,"{""anneal"": true, ""anneal_seconds"": 52.2}",False,
case_021,1,1,2,capls,_best,0,0.064,1.364,True,3104250,7372800,7372800,0,10711040,,,10,6567937,,2.1157886768140455,"{""block_cap"": 0.35, ""subgraph_mode"": ""block""}",True,results\plans\case_021_p1_n2_capls_best.json
case_024,1,1,5,capls,c0,0,0.458,1.299,True,2623499,17301680,17301680,0,17694898,,,45,2555343,,0.9740209544581492,"{""block_cap"": 0.35}",False,
case_024,1,1,5,capls,c1,0,0.444,1.299,True,2623499,17301680,17301680,0,17694898,,,45,2555343,,0.9740209544581492,"{""block_cap"": 0.15}",False,
case_024,1,1,5,capls,c2,0,0.464,1.299,True,2623499,17301680,17301680,0,17694898,,,45,2555343,,0.9740209544581492,"{""block_cap"": 0.35, ""init"": ""rr""}",False,
case_024,1,1,5,capls,c3,0,0.284,1.859,True,2561539,1572880,1572880,0,1966098,,,5,2555343,,0.9975811416496099,"{""block_cap"": 0.35, ""init"": ""contig""}",False,
case_024,1,1,5,capls,c4,0,0.441,1.424,True,2659843,39322000,39322000,0,39715218,,,101,2555343,,0.9607119668341327,"{""block_cap"": 0.35, ""subgraph_mode"": ""block""}",False,
case_024,1,1,5,capls,c5,0,0.448,1.424,True,2659843,39322000,39322000,0,39715218,,,101,2555343,,0.9607119668341327,"{""block_cap"": 0.35, ""init"": ""rr"", ""subgraph_mode"": ""block""}",False,
case_024,1,1,5,capls,c6,0,0.565,1.187,True,2634342,20054220,20054220,0,20447438,,,52,2555343,,0.9700118663408168,"{""block_cap"": 0.6, ""comm_weight"": 1e-06}",False,
case_024,1,1,5,capls,c7,0,0.415,1.299,True,2623499,17301680,17301680,0,17694898,,,45,2555343,,0.9740209544581492,"{""block_cap"": 0.08}",False,
case_024,1,1,5,capls,c8,0,0.964,5.791,True,2053364,67770326,67770326,0,68163544,,,980,2555343,,1.2444666410826333,"{""block_cap"": 0.005}",True,
case_024,1,1,5,capls,c9,0,0.489,1.299,True,2623499,17301680,17301680,0,17694898,,,45,2555343,,0.9740209544581492,"{""block_cap"": 0.35, ""max_ops"": 2000}",False,
case_024,1,1,5,capls,c10,0,0.494,1.299,True,2618852,16122020,16122020,0,16515238,,,42,2555343,,0.9757492977839145,"{""block_cap"": 0.35, ""cores_used"": 4}",False,
case_024,1,1,5,capls,c11,0,0.153,1.385,True,2606460,12976260,12976260,0,13369478,,,34,2555343,,0.980388342809788,"{""block_cap"": 0.35, ""cores_used"": 2}",False,
case_024,1,1,5,capls,c12,0,0.47,1.299,True,2623499,17301680,17301680,0,17694898,,,45,2555343,,0.9740209544581492,"{""block_cap"": 0.35, ""init"": ""rr"", ""level_mode"": ""alap_fill""}",False,
case_024,1,1,5,capls,c13,0,0.499,1.299,True,2623499,17301680,17301680,0,17694898,,,45,2555343,,0.9740209544581492,"{""block_cap"": 0.35, ""init"": ""rr"", ""level_mode"": ""alap_compress""}",False,
case_024,1,1,5,capls,sa1,0,4.316,4.29,True,2053364,67770326,67770326,0,68163544,,,980,2555343,,1.2444666410826333,"{""anneal"": true, ""anneal_seconds"": 7.605}",False,
case_024,1,1,5,capls,sa2,0,3.4,3.389,True,2054121,67966934,67966934,0,68360152,,,981,2555343,,1.2440080209491067,"{""anneal"": true, ""anneal_seconds"": 7.605}",False,
case_024,1,1,5,capls,sa3,0,4.453,4.441,True,2054121,67966934,67966934,0,68360152,,,981,2555343,,1.2440080209491067,"{""anneal"": true, ""anneal_seconds"": 7.605}",False,
case_024,1,1,5,capls,_best,0,0.887,5.791,True,2053364,67770326,67770326,0,68163544,,,980,2555343,,1.2444666410826333,"{""block_cap"": 0.005}",True,results\plans\case_024_p1_n5_capls_best.json
case_020,1,1,2,capls,c0,0,0.088,5.843,True,266580,0,0,0,2359296,,,2,532746,,1.9984469952734638,"{""block_cap"": 0.35}",True,
case_020,1,1,2,capls,c1,0,0.119,5.843,True,266580,0,0,0,2359296,,,2,532746,,1.9984469952734638,"{""block_cap"": 0.15}",False,
case_020,1,1,2,capls,c2,0,0.104,5.843,True,266580,0,0,0,2359296,,,2,532746,,1.9984469952734638,"{""block_cap"": 0.35, ""init"": ""rr""}",False,
case_020,1,1,2,capls,c3,0,0.148,6.029,True,266580,0,0,0,2359296,,,2,532746,,1.9984469952734638,"{""block_cap"": 0.35, ""init"": ""contig""}",False,
case_020,1,1,2,capls,c4,0,0.075,2.036,True,320348,0,0,0,2359296,,,288,532746,,1.6630227127998303,"{""block_cap"": 0.35, ""subgraph_mode"": ""block""}",False,
case_020,1,1,2,capls,c5,0,0.104,2.036,True,320348,0,0,0,2359296,,,288,532746,,1.6630227127998303,"{""block_cap"": 0.35, ""init"": ""rr"", ""subgraph_mode"": ""block""}",False,
case_020,1,1,2,capls,c6,0,0.099,5.843,True,266580,0,0,0,2359296,,,2,532746,,1.9984469952734638,"{""block_cap"": 0.6, ""comm_weight"": 1e-06}",False,
case_020,1,1,2,capls,c7,0,0.09,5.843,True,266580,0,0,0,2359296,,,2,532746,,1.9984469952734638,"{""block_cap"": 0.08}",False,
case_020,1,1,2,capls,sa1,0,0.005,9.318,True,301079,5476352,4030464,1445888,7835648,,,3,532746,,1.769455857100628,"{""anneal"": true, ""anneal_seconds"": 46.12}",False,
case_020,1,1,2,capls,sa2,0,10.02,9.998,True,318475,9093120,4030464,5062656,11452416,,,3,532746,,1.6728032027631683,"{""anneal"": true, ""anneal_seconds"": 46.12}",False,
case_020,1,1,2,capls,sa3,0,9.939,9.932,True,350376,13729792,7077888,6651904,16089088,,,4,532746,,1.5204979793136517,"{""anneal"": true, ""anneal_seconds"": 46.12}",False,
case_020,1,1,2,capls,_best,0,0.136,5.843,True,266580,0,0,0,2359296,,,2,532746,,1.9984469952734638,"{""block_cap"": 0.35}",True,results\plans\case_020_p1_n2_capls_best.json
case_029,1,1,2,capls,c0,0,0.011,0.229,True,19740,0,0,0,430164,,,2,37555,,1.9024822695035462,"{""block_cap"": 0.35}",True,
case_029,1,1,2,capls,c1,0,0.019,0.229,True,19740,0,0,0,430164,,,2,37555,,1.9024822695035462,"{""block_cap"": 0.15}",False,
case_029,1,1,2,capls,c2,0,0.012,0.229,True,19740,0,0,0,430164,,,2,37555,,1.9024822695035462,"{""block_cap"": 0.35, ""init"": ""rr""}",False,
case_029,1,1,2,capls,c3,0,0.012,0.261,True,19740,0,0,0,430164,,,2,37555,,1.9024822695035462,"{""block_cap"": 0.35, ""init"": ""contig""}",False,
case_029,1,1,2,capls,c4,0,0.01,0.151,True,22105,0,0,0,430164,,,21,37555,,1.6989368921058583,"{""block_cap"": 0.35, ""subgraph_mode"": ""block""}",False,
case_029,1,1,2,capls,c5,0,0.01,0.151,True,22105,0,0,0,430164,,,21,37555,,1.6989368921058583,"{""block_cap"": 0.35, ""init"": ""rr"", ""subgraph_mode"": ""block""}",False,
case_029,1,1,2,capls,c6,0,0.018,0.229,True,19740,0,0,0,430164,,,2,37555,,1.9024822695035462,"{""block_cap"": 0.6, ""comm_weight"": 1e-06}",False,
case_029,1,1,2,capls,c7,0,0.03,0.283,True,20880,174248,174248,0,604412,,,4,37555,,1.7986111111111112,"{""block_cap"": 0.08}",False,
case_029,1,1,2,capls,c8,0,0.047,0.335,True,35994,604980,604980,0,1035144,,,8,37555,,1.0433683391676392,"{""block_cap"": 0.005}",False,
case_029,1,1,2,capls,c9,0,0.011,0.229,True,19740,0,0,0,430164,,,2,37555,,1.9024822695035462,"{""block_cap"": 0.35, ""max_ops"": 2000}",False,
case_029,1,1,2,capls,c10,0,0.004,0.302,True,37555,0,0,0,430164,,,1,37555,,1.0,"{""block_cap"": 0.35, ""cores_used"": 1}",False,
case_029,1,1,2,capls,c11,0,0.004,0.302,True,37555,0,0,0,430164,,,1,37555,,1.0,"{""block_cap"": 0.35, ""cores_used"": 1}",False,
case_029,1,1,2,capls,c12,0,0.019,0.229,True,19740,0,0,0,430164,,,2,37555,,1.9024822695035462,"{""block_cap"": 0.35, ""init"": ""rr"", ""level_mode"": ""alap_fill""}",False,
case_029,1,1,2,capls,c13,0,0.021,0.229,True,19740,0,0,0,430164,,,2,37555,,1.9024822695035462,"{""block_cap"": 0.35, ""init"": ""rr"", ""level_mode"": ""alap_compress""}",False,
case_029,1,1,2,capls,sa1,0,0.001,0.346,True,19740,229660,229660,0,659824,,,4,37555,,1.9024822695035462,"{""anneal"": true, ""anneal_seconds"": 2.694}",False,
case_029,1,1,2,capls,sa2,0,0.0,0.265,True,19740,266364,266364,0,696528,,,4,37555,,1.9024822695035462,"{""anneal"": true, ""anneal_seconds"": 2.694}",False,
case_029,1,1,2,capls,sa3,0,0.001,0.263,True,19740,102500,102500,0,532664,,,3,37555,,1.9024822695035462,"{""anneal"": true, ""anneal_seconds"": 2.694}",False,
case_029,1,1,2,capls,_best,0,0.011,0.229,True,19740,0,0,0,430164,,,2,37555,,1.9024822695035462,"{""block_cap"": 0.35}",True,results\plans\case_029_p1_n2_capls_best.json
case_029,1,1,4,capls,c0,0,0.022,0.198,True,11028,0,0,0,430164,,,4,37555,,3.405422560754443,"{""block_cap"": 0.35}",True,
case_029,1,1,4,capls,c1,0,0.117,0.234,True,15208,157848,157848,0,588012,,,8,37555,,2.4694239873750656,"{""block_cap"": 0.15}",False,
case_029,1,1,4,capls,c2,0,0.026,0.198,True,11028,0,0,0,430164,,,4,37555,,3.405422560754443,"{""block_cap"": 0.35, ""init"": ""rr""}",False,
case_029,1,1,4,capls,c3,0,0.023,0.19,True,11028,0,0,0,430164,,,4,37555,,3.405422560754443,"{""block_cap"": 0.35, ""init"": ""contig""}",False,
case_029,1,1,4,capls,c4,0,0.03,0.152,True,13395,0,0,0,430164,,,21,37555,,2.803658081373647,"{""block_cap"": 0.35, ""subgraph_mode"": ""block""}",False,
case_029,1,1,4,capls,c5,0,0.028,0.152,True,13395,0,0,0,430164,,,21,37555,,2.803658081373647,"{""block_cap"": 0.35, ""init"": ""rr"", ""subgraph_mode"": ""block""}",False,
case_029,1,1,4,capls,c6,0,0.022,0.198,True,11028,0,0,0,430164,,,4,37555,,3.405422560754443,"{""block_cap"": 0.6, ""comm_weight"": 1e-06}",False,
case_029,1,1,4,capls,c7,0,0.13,0.234,True,15208,157848,157848,0,588012,,,8,37555,,2.4694239873750656,"{""block_cap"": 0.08}",False,
case_029,1,1,4,capls,c8,0,0.285,0.382,True,30021,986318,986318,0,1416482,,,24,37555,,1.250957662969255,"{""block_cap"": 0.005}",False,
case_029,1,1,4,capls,c9,0,0.032,0.198,True,11028,0,0,0,430164,,,4,37555,,3.405422560754443,"{""block_cap"": 0.35, ""max_ops"": 2000}",False,
case_029,1,1,4,capls,c10,0,0.021,0.218,True,12743,0,0,0,430164,,,3,37555,,2.9471082162756024,"{""block_cap"": 0.35, ""cores_used"": 3}",False,
case_029,1,1,4,capls,c11,0,0.011,0.668,True,19740,0,0,0,430164,,,2,37555,,1.9024822695035462,"{""block_cap"": 0.35, ""cores_used"": 2}",False,
case_029,1,1,4,capls,c12,0,0.023,0.198,True,11028,0,0,0,430164,,,4,37555,,3.405422560754443,"{""block_cap"": 0.35, ""init"": ""rr"", ""level_mode"": ""alap_fill""}",False,
case_029,1,1,4,capls,c13,0,0.03,0.198,True,11028,0,0,0,430164,,,4,37555,,3.405422560754443,"{""block_cap"": 0.35, ""init"": ""rr"", ""level_mode"": ""alap_compress""}",False,
case_029,1,1,4,capls,sa1,0,0.196,0.193,True,11028,100452,100452,0,530616,,,6,37555,,3.405422560754443,"{""anneal"": true, ""anneal_seconds"": 1.448}",False,
case_029,1,1,4,capls,sa2,0,0.139,0.139,True,11028,102496,102496,0,532660,,,6,37555,,3.405422560754443,"{""anneal"": true, ""anneal_seconds"": 1.448}",False,
case_029,1,1,4,capls,sa3,0,0.001,0.274,True,11028,51248,51248,0,481412,,,5,37555,,3.405422560754443,"{""anneal"": true, ""anneal_seconds"": 1.448}",False,
case_029,1,1,4,capls,_best,0,0.032,0.198,True,11028,0,0,0,430164,,,4,37555,,3.405422560754443,"{""block_cap"": 0.35}",True,results\plans\case_029_p1_n4_capls_best.json
case_029,1,1,5,capls,c0,0,0.028,0.173,True,9383,0,0,0,430164,,,5,37555,,4.002451241607162,"{""block_cap"": 0.35}",True,
case_029,1,1,5,capls,c1,0,0.102,0.251,True,11866,120968,120968,0,551132,,,10,37555,,3.16492499578628,"{""block_cap"": 0.15}",False,
case_029,1,1,5,capls,c2,0,0.028,0.173,True,9383,0,0,0,430164,,,5,37555,,4.002451241607162,"{""block_cap"": 0.35, ""init"": ""rr""}",False,
case_029,1,1,5,capls,c3,0,0.028,0.163,True,9383,0,0,0,430164,,,5,37555,,4.002451241607162,"{""block_cap"": 0.35, ""init"": ""contig""}",False,
case_029,1,1,5,capls,c4,0,0.027,0.169,True,11787,0,0,0,430164,,,21,37555,,3.1861372698735897,"{""block_cap"": 0.35, ""subgraph_mode"": ""block""}",False,
case_029,1,1,5,capls,c5,0,0.027,0.169,True,11787,0,0,0,430164,,,21,37555,,3.1861372698735897,"{""block_cap"": 0.35, ""init"": ""rr"", ""subgraph_mode"": ""block""}",False,
case_029,1,1,5,capls,c6,0,0.028,0.173,True,9383,0,0,0,430164,,,5,37555,,4.002451241607162,"{""block_cap"": 0.6, ""comm_weight"": 1e-06}",False,
case_029,1,1,5,capls,c7,0,0.098,0.615,True,13247,116850,116850,0,547014,,,10,37555,,2.834981505246471,"{""block_cap"": 0.08}",False,
case_029,1,1,5,capls,c8,0,0.26,0.522,True,39623,1463640,1463640,0,1893804,,,40,37555,,0.9478080912601267,"{""block_cap"": 0.005}",False,
case_029,1,1,5,capls,c9,0,0.028,0.173,True,9383,0,0,0,430164,,,5,37555,,4.002451241607162,"{""block_cap"": 0.35, ""max_ops"": 2000}",False,
case_029,1,1,5,capls,c10,0,0.025,0.161,True,11028,0,0,0,430164,,,4,37555,,3.405422560754443,"{""block_cap"": 0.35, ""cores_used"": 4}",False,
case_029,1,1,5,capls,c11,0,0.015,0.231,True,19740,0,0,0,430164,,,2,37555,,1.9024822695035462,"{""block_cap"": 0.35, ""cores_used"": 2}",False,
case_029,1,1,5,capls,c12,0,0.042,0.173,True,9383,0,0,0,430164,,,5,37555,,4.002451241607162,"{""block_cap"": 0.35, ""init"": ""rr"", ""level_mode"": ""alap_fill""}",False,
case_029,1,1,5,capls,c13,0,0.039,0.173,True,9383,0,0,0,430164,,,5,37555,,4.002451241607162,"{""block_cap"": 0.35, ""init"": ""rr"", ""level_mode"": ""alap_compress""}",False,
case_029,1,1,5,capls,sa1,0,0.181,0.175,True,9506,40998,40998,0,471162,,,6,37555,,3.9506627393225333,"{""anneal"": true, ""anneal_seconds"": 1.621}",False,
case_029,1,1,5,capls,sa2,0,0.001,0.241,True,9506,40998,40998,0,471162,,,6,37555,,3.9506627393225333,"{""anneal"": true, ""anneal_seconds"": 1.621}",False,
case_029,1,1,5,capls,sa3,0,0.001,0.184,True,9506,40998,40998,0,471162,,,6,37555,,3.9506627393225333,"{""anneal"": true, ""anneal_seconds"": 1.621}",False,
case_029,1,1,5,capls,_best,0,0.044,0.173,True,9383,0,0,0,430164,,,5,37555,,4.002451241607162,"{""block_cap"": 0.35}",True,results\plans\case_029_p1_n5_capls_best.json
case_029,1,1,3,capls,c0,0,0.025,0.217,True,12743,0,0,0,430164,,,3,37555,,2.9471082162756024,"{""block_cap"": 0.35}",True,
case_029,1,1,3,capls,c1,0,0.022,0.217,True,12743,0,0,0,430164,,,3,37555,,2.9471082162756024,"{""block_cap"": 0.15}",False,
case_029,1,1,3,capls,c2,0,0.019,0.217,True,12743,0,0,0,430164,,,3,37555,,2.9471082162756024,"{""block_cap"": 0.35, ""init"": ""rr""}",False,
case_029,1,1,3,capls,c3,0,0.042,0.217,True,12743,0,0,0,430164,,,3,37555,,2.9471082162756024,"{""block_cap"": 0.35, ""init"": ""contig""}",False,
case_029,1,1,3,capls,c4,0,0.018,0.139,True,14831,0,0,0,430164,,,21,37555,,2.5321960757872026,"{""block_cap"": 0.35, ""subgraph_mode"": ""block""}",False,
case_029,1,1,3,capls,c5,0,0.024,0.139,True,14831,0,0,0,430164,,,21,37555,,2.5321960757872026,"{""block_cap"": 0.35, ""init"": ""rr"", ""subgraph_mode"": ""block""}",False,
case_029,1,1,3,capls,c6,0,0.025,0.217,True,12743,0,0,0,430164,,,3,37555,,2.9471082162756024,"{""block_cap"": 0.6, ""comm_weight"": 1e-06}",False,
case_029,1,1,3,capls,c7,0,0.039,0.229,True,15985,258300,258300,0,688464,,,6,37555,,2.3493900531748513,"{""block_cap"": 0.08}",False,
case_029,1,1,3,capls,c8,0,0.117,0.753,True,22108,554022,554022,0,984186,,,13,37555,,1.6987063506423015,"{""block_cap"": 0.005}",False,
case_029,1,1,3,capls,c9,0,0.023,0.217,True,12743,0,0,0,430164,,,3,37555,,2.9471082162756024,"{""block_cap"": 0.35, ""max_ops"": 2000}",False,
case_029,1,1,3,capls,c10,0,0.017,0.257,True,19740,0,0,0,430164,,,2,37555,,1.9024822695035462,"{""block_cap"": 0.35, ""cores_used"": 2}",False,
case_029,1,1,3,capls,c11,0,0.007,0.357,True,37555,0,0,0,430164,,,1,37555,,1.0,"{""block_cap"": 0.35, ""cores_used"": 1}",False,
case_029,1,1,3,capls,c12,0,0.028,0.217,True,12743,0,0,0,430164,,,3,37555,,2.9471082162756024,"{""block_cap"": 0.35, ""init"": ""rr"", ""level_mode"": ""alap_fill""}",False,
case_029,1,1,3,capls,c13,0,0.023,0.217,True,12743,0,0,0,430164,,,3,37555,,2.9471082162756024,"{""block_cap"": 0.35, ""init"": ""rr"", ""level_mode"": ""alap_compress""}",False,
case_029,1,1,3,capls,sa1,0,0.001,0.307,True,12776,71752,71752,0,501916,,,4,37555,,2.9394959298685035,"{""anneal"": true, ""anneal_seconds"": 4.852}",False,
case_029,1,1,3,capls,sa2,0,0.202,0.198,True,12957,143504,143504,0,573668,,,5,37555,,2.898433279308482,"{""anneal"": true, ""anneal_seconds"": 4.852}",False,
case_029,1,1,3,capls,sa3,0,0.215,0.213,True,12776,71752,71752,0,501916,,,4,37555,,2.9394959298685035,"{""anneal"": true, ""anneal_seconds"": 4.852}",False,
case_029,1,1,3,capls,_best,0,0.026,0.217,True,12743,0,0,0,430164,,,3,37555,,2.9471082162756024,"{""block_cap"": 0.35}",True,results\plans\case_029_p1_n3_capls_best.json
case_027,1,1,2,capls,c0,0,0.067,0.938,True,1120962,1744896,1105920,638976,3784704,,,2,2363952,,2.10886006840553,"{""block_cap"": 0.35}",True,
case_027,1,1,2,capls,c1,0,0.044,0.938,True,1120962,1744896,1105920,638976,3784704,,,2,2363952,,2.10886006840553,"{""block_cap"": 0.15}",False,
case_027,1,1,2,capls,c2,0,0.041,0.938,True,1120962,1744896,1105920,638976,3784704,,,2,2363952,,2.10886006840553,"{""block_cap"": 0.35, ""init"": ""rr""}",False,
case_027,1,1,2,capls,c3,0,0.042,0.723,True,1169004,1425408,737280,688128,3465216,,,2,2363952,,2.022193251691183,"{""block_cap"": 0.35, ""init"": ""contig""}",False,
case_027,1,1,2,capls,c4,0,0.039,0.435,True,1124556,5529600,5529600,0,7569408,,,16,2363952,,2.1021203034797735,"{""block_cap"": 0.35, ""subgraph_mode"": ""block""}",False,
case_027,1,1,2,capls,c5,0,0.043,0.435,True,1124556,5529600,5529600,0,7569408,,,16,2363952,,2.1021203034797735,"{""block_cap"": 0.35, ""init"": ""rr"", ""subgraph_mode"": ""block""}",False,
case_027,1,1,2,capls,c6,0,0.046,0.938,True,1120962,1744896,1105920,638976,3784704,,,2,2363952,,2.10886006840553,"{""block_cap"": 0.6, ""comm_weight"": 1e-06}",False,
case_027,1,1,2,capls,c7,0,0.047,0.938,True,1120962,1744896,1105920,638976,3784704,,,2,2363952,,2.10886006840553,"{""block_cap"": 0.08}",False,
case_027,1,1,2,capls,c8,0,0.045,1.489,True,1400710,18857984,18407424,450560,20897792,,,3,2363952,,1.6876812473674065,"{""block_cap"": 0.005}",False,
case_027,1,1,2,capls,c9,0,0.029,0.938,True,1120962,1744896,1105920,638976,3784704,,,2,2363952,,2.10886006840553,"{""block_cap"": 0.35, ""max_ops"": 2000}",False,
case_027,1,1,2,capls,c10,0,0.014,1.026,True,2363952,1400832,0,1400832,3440640,,,1,2363952,,1.0,"{""block_cap"": 0.35, ""cores_used"": 1}",False,
case_027,1,1,2,capls,c11,0,0.014,1.026,True,2363952,1400832,0,1400832,3440640,,,1,2363952,,1.0,"{""block_cap"": 0.35, ""cores_used"": 1}",False,
case_027,1,1,2,capls,c12,0,0.031,0.938,True,1120962,1744896,1105920,638976,3784704,,,2,2363952,,2.10886006840553,"{""block_cap"": 0.35, ""init"": ""rr"", ""level_mode"": ""alap_fill""}",False,
case_027,1,1,2,capls,c13,0,0.031,0.938,True,1120962,1744896,1105920,638976,3784704,,,2,2363952,,2.10886006840553,"{""block_cap"": 0.35, ""init"": ""rr"", ""level_mode"": ""alap_compress""}",False,
case_027,1,1,2,capls,sa1,0,0.002,1.024,True,1253130,10485760,9895936,589824,12525568,,,3,2363952,,1.8864379593497882,"{""anneal"": true, ""anneal_seconds"": 24.531}",False,
case_027,1,1,2,capls,sa2,0,0.001,1.025,True,1253130,10485760,9895936,589824,12525568,,,3,2363952,,1.8864379593497882,"{""anneal"": true, ""anneal_seconds"": 24.531}",False,
case_027,1,1,2,capls,sa3,0,0.001,0.572,True,2240926,1744896,1105920,638976,3784704,,,2,2363952,,1.0548996263151929,"{""anneal"": true, ""anneal_seconds"": 24.531}",False,
case_027,1,1,2,capls,_best,0,0.033,0.938,True,1120962,1744896,1105920,638976,3784704,,,2,2363952,,2.10886006840553,"{""block_cap"": 0.35}",True,results\plans\case_027_p1_n2_capls_best.json
case_025,1,1,4,capls,c0,0,0.486,73.242,True,1217444,82944,82944,0,8300544,,,4,4863026,,3.9944555971362954,"{""block_cap"": 0.35}",True,
case_025,1,1,4,capls,c1,0,0.461,73.242,True,1217444,82944,82944,0,8300544,,,4,4863026,,3.9944555971362954,"{""block_cap"": 0.15}",False,
case_025,1,1,4,capls,c2,0,0.466,73.242,True,1217444,82944,82944,0,8300544,,,4,4863026,,3.9944555971362954,"{""block_cap"": 0.35, ""init"": ""rr""}",False,
case_025,1,1,4,capls,c3,0,0.401,75.72,True,1217444,82944,82944,0,8300544,,,4,4863026,,3.9944555971362954,"{""block_cap"": 0.35, ""init"": ""contig""}",False,
case_025,1,1,4,capls,sa1,0,0.021,136.139,True,1360808,13894656,11335680,2558976,22112256,,,5,4863026,,3.5736312543724025,"{""anneal"": true, ""anneal_seconds"": 50.433}",False,
case_025,1,1,4,capls,sa2,0,0.02,128.235,True,1361516,27706368,22588416,5117952,35923968,,,6,4863026,,3.571772935463116,"{""anneal"": true, ""anneal_seconds"": 50.433}",False,
case_025,1,1,4,capls,sa3,0,0.02,144.324,True,1360808,13894656,11335680,2558976,22112256,,,5,4863026,,3.5736312543724025,"{""anneal"": true, ""anneal_seconds"": 50.433}",False,
case_025,1,1,4,capls,_best,0,0.629,73.242,True,1217444,82944,82944,0,8300544,,,4,4863026,,3.9944555971362954,"{""block_cap"": 0.35}",True,results\plans\case_025_p1_n4_capls_best.json
case_031,1,1,2,capls,c0,0,0.149,17.058,True,723136,4032000,1081344,2950656,6217040,,,2,1414369,,1.95588243428622,"{""block_cap"": 0.35}",False,
case_031,1,1,2,capls,c1,0,0.16,19.462,True,736321,5388288,1731072,3657216,7573328,,,2,1414369,,1.920859244813064,"{""block_cap"": 0.15}",False,
case_031,1,1,2,capls,c2,0,0.138,19.327,True,711725,4032000,1081344,2950656,6217040,,,2,1414369,,1.9872408584776424,"{""block_cap"": 0.35, ""init"": ""rr""}",False,
case_031,1,1,2,capls,c3,0,0.138,16.288,True,724080,4002816,1081344,2921472,6187856,,,2,1414369,,1.9533325046956138,"{""block_cap"": 0.35, ""init"": ""contig""}",False,
case_031,1,1,2,capls,c4,0,0.095,3.001,True,728723,9024000,9024000,0,11209040,,,44,1414369,,1.9408870037037393,"{""block_cap"": 0.35, ""subgraph_mode"": ""block""}",False,
case_031,1,1,2,capls,c5,0,0.138,3.422,True,716051,9024000,9024000,0,11209040,,,44,1414369,,1.975235004210594,"{""block_cap"": 0.35, ""init"": ""rr"", ""subgraph_mode"": ""block""}",False,
case_031,1,1,2,capls,c6,0,0.183,17.058,True,723136,4032000,1081344,2950656,6217040,,,2,1414369,,1.95588243428622,"{""block_cap"": 0.6, ""comm_weight"": 1e-06}",False,
case_031,1,1,2,capls,c7,0,0.366,8.96,True,769093,5776596,1921140,3855456,7961636,,,6,1414369,,1.8390090665238144,"{""block_cap"": 0.08}",False,
case_031,1,1,2,capls,sa1,0,0.004,9.888,True,708254,4142792,1192040,2950752,6327832,,,3,1414369,,1.9969798970425865,"{""anneal"": true, ""anneal_seconds"": 15.941}",False,
case_031,1,1,2,capls,sa2,0,0.004,8.505,True,710343,4294830,1328716,2966114,6479870,,,3,1414369,,1.9911071130425724,"{""anneal"": true, ""anneal_seconds"": 15.941}",False,
case_031,1,1,2,capls,sa3,0,0.004,7.37,True,706617,4402838,1436724,2966114,6587878,,,4,1414369,,2.001606244967217,"{""anneal"": true, ""anneal_seconds"": 15.941}",True,
case_031,1,1,2,capls,_best,0,,7.37,True,706617,4402838,,,,,,4,1414369,,2.001606244967217,"{""anneal"": true}",True,results\plans\case_031_p1_n2_capls_best.json
case_030,1,1,5,capls,c0,0,0.536,78.635,True,561417,11588608,7496704,4091904,13982668,,,5,2808034,,5.001690365628401,"{""block_cap"": 0.35}",True,
case_030,1,1,5,capls,c1,0,0.568,78.635,True,561417,11588608,7496704,4091904,13982668,,,5,2808034,,5.001690365628401,"{""block_cap"": 0.15}",False,
case_030,1,1,5,capls,c2,0,0.914,74.525,True,561657,11506688,7549952,3956736,13900748,,,5,2808034,,4.999553108035688,"{""block_cap"": 0.35, ""init"": ""rr""}",False,
case_030,1,1,5,capls,c3,0,0.47,54.685,True,565769,5284864,3102720,2182144,7678924,,,5,2808034,,4.963216436390117,"{""block_cap"": 0.35, ""init"": ""contig""}",False,
case_030,1,1,5,capls,c4,0,0.416,10.095,True,618946,26935296,26935296,0,29329356,,,486,2808034,,4.536799656189716,"{""block_cap"": 0.35, ""subgraph_mode"": ""block""}",False,
case_030,1,1,5,capls,c5,0,0.843,9.32,True,619147,26935296,26935296,0,29329356,,,486,2808034,,4.535326828685272,"{""block_cap"": 0.35, ""init"": ""rr"", ""subgraph_mode"": ""block""}",False,
case_030,1,1,5,capls,c6,0,0.518,78.635,True,561417,11588608,7496704,4091904,13982668,,,5,2808034,,5.001690365628401,"{""block_cap"": 0.6, ""comm_weight"": 1e-06}",False,
case_030,1,1,5,capls,c7,0,0.453,78.635,True,561417,11588608,7496704,4091904,13982668,,,5,2808034,,5.001690365628401,"{""block_cap"": 0.08}",False,
case_030,1,1,5,capls,sa1,0,0.007,51.37,True,623922,18164736,14862336,3302400,20558796,,,6,2808034,,4.500617064312526,"{""anneal"": true, ""anneal_seconds"": 43.209}",False,
case_030,1,1,5,capls,sa2,0,0.006,52.159,True,624916,18161664,14849024,3312640,20555724,,,6,2808034,,4.493458320798315,"{""anneal"": true, ""anneal_seconds"": 43.209}",False,
case_030,1,1,5,capls,sa3,0,0.006,46.465,True,628560,18115584,14903296,3212288,20509644,,,6,2808034,,4.467408043782614,"{""anneal"": true, ""anneal_seconds"": 43.209}",False,
case_030,1,1,5,capls,_best,0,0.646,78.635,True,561417,11588608,7496704,4091904,13982668,,,5,2808034,,5.001690365628401,"{""block_cap"": 0.35}",True,results\plans\case_030_p1_n5_capls_best.json
case_030,1,1,4,capls,c0,0,0.487,81.11,True,702653,10363904,5779456,4584448,12757964,,,4,2808034,,3.9963310481845236,"{""block_cap"": 0.35}",False,
case_030,1,1,4,capls,c1,0,0.387,81.11,True,702653,10363904,5779456,4584448,12757964,,,4,2808034,,3.9963310481845236,"{""block_cap"": 0.15}",False,
case_030,1,1,4,capls,c2,0,0.738,75.888,True,701262,10560000,5779456,4780544,12954060,,,4,2808034,,4.004258037652119,"{""block_cap"": 0.35, ""init"": ""rr""}",True,
case_030,1,1,4,capls,c3,0,0.825,53.588,True,711807,4857856,2498560,2359296,7251916,,,4,2808034,,3.944937321493045,"{""block_cap"": 0.35, ""init"": ""contig""}",False,
case_030,1,1,4,capls,c4,0,0.375,8.613,True,779014,26935296,26935296,0,29329356,,,486,2808034,,3.6046001740661913,"{""block_cap"": 0.35, ""subgraph_mode"": ""block""}",False,
case_030,1,1,4,capls,c5,0,0.748,8.805,True,770020,26935296,26935296,0,29329356,,,486,2808034,,3.6467026830471934,"{""block_cap"": 0.35, ""init"": ""rr"", ""subgraph_mode"": ""block""}",False,
case_030,1,1,4,capls,c6,0,0.436,81.11,True,702653,10363904,5779456,4584448,12757964,,,4,2808034,,3.9963310481845236,"{""block_cap"": 0.6, ""comm_weight"": 1e-06}",False,
case_030,1,1,4,capls,c7,0,0.353,81.11,True,702653,10363904,5779456,4584448,12757964,,,4,2808034,,3.9963310481845236,"{""block_cap"": 0.08}",False,
case_030,1,1,4,capls,sa1,0,0.007,46.409,True,784190,18854400,15045632,3808768,21248460,,,5,2808034,,3.5808082224970987,"{""anneal"": true, ""anneal_seconds"": 58.006}",False,
case_030,1,1,4,capls,sa2,0,0.006,52.043,True,783225,18552320,15024128,3528192,20946380,,,5,2808034,,3.585220083628587,"{""anneal"": true, ""anneal_seconds"": 58.006}",False,
case_030,1,1,4,capls,sa3,0,0.006,47.899,True,783584,18534912,15032320,3502592,20928972,,,5,2808034,,3.583577510515784,"{""anneal"": true, ""anneal_seconds"": 58.006}",False,
case_030,1,1,4,capls,_best,0,0.7,75.888,True,701262,10560000,5779456,4780544,12954060,,,4,2808034,,4.004258037652119,"{""block_cap"": 0.35, ""init"": ""rr""}",True,results\plans\case_030_p1_n4_capls_best.json
case_014,1,1,5,capls,c0,0,0.02,1288.79,True,3752694,92875680,30978048,61897632,102808420,,,5,17698626,,4.716245449269245,"{""block_cap"": 0.35, ""proxy_fallback"": true}",True,results\plans\case_014_p1_n5_capls_best.json
case_014,1,1,5,capls,sa1,0,0.033,1075.86,True,3898944,112537272,57397248,55140024,122470012,,,6,17698626,,4.539338343920815,"{""anneal"": true, ""anneal_seconds"": 141.257}",False,
case_031,1,1,4,capls,c0,0,0.35,15.7,True,401462,7632384,5058048,2574336,9817424,,,4,1414369,,3.5230457677189873,"{""block_cap"": 0.35}",False,
case_031,1,1,4,capls,c1,0,0.588,8.886,True,412259,8352716,5560076,2792640,10537756,,,22,1414369,,3.430777739236742,"{""block_cap"": 0.15}",False,
case_031,1,1,4,capls,c2,0,0.552,16.489,True,391218,7888896,5125632,2763264,10073936,,,4,1414369,,3.6152963309459176,"{""block_cap"": 0.35, ""init"": ""rr""}",False,
case_031,1,1,4,capls,c3,0,0.547,14.37,True,367052,4574208,4055040,519168,6759248,,,4,1414369,,3.8533205104453865,"{""block_cap"": 0.35, ""init"": ""contig""}",True,
case_031,1,1,4,capls,c4,0,0.315,3.809,True,418699,13281792,13281792,0,15466832,,,107,1414369,,3.3780090231884956,"{""block_cap"": 0.35, ""subgraph_mode"": ""block""}",False,
case_031,1,1,4,capls,c5,0,0.553,3.981,True,400938,13281792,13281792,0,15466832,,,107,1414369,,3.527650160373923,"{""block_cap"": 0.35, ""init"": ""rr"", ""subgraph_mode"": ""block""}",False,
case_031,1,1,4,capls,c6,0,0.31,12.916,True,417205,4574208,3285504,1288704,6759248,,,4,1414369,,3.3901055835860068,"{""block_cap"": 0.6, ""comm_weight"": 1e-06}",False,
case_031,1,1,4,capls,c7,0,0.836,8.886,True,412259,8352716,5560076,2792640,10537756,,,22,1414369,,3.430777739236742,"{""block_cap"": 0.08}",False,
case_031,1,1,4,capls,sa1,0,0.005,8.896,True,367052,4612196,4093028,519168,6797236,,,5,1414369,,3.8533205104453865,"{""anneal"": true, ""anneal_seconds"": 2.743}",False,
case_031,1,1,4,capls,sa2,0,0.004,7.744,True,367052,4765092,4245924,519168,6950132,,,6,1414369,,3.8533205104453865,"{""anneal"": true, ""anneal_seconds"": 2.743}",False,
case_031,1,1,4,capls,sa3,0,6.991,6.969,True,367052,4866340,4347172,519168,7051380,,,7,1414369,,3.8533205104453865,"{""anneal"": true, ""anneal_seconds"": 2.743}",False,
case_031,1,1,4,capls,_best,0,0.482,14.37,True,367052,4574208,4055040,519168,6759248,,,4,1414369,,3.8533205104453865,"{""block_cap"": 0.35, ""init"": ""contig""}",True,results\plans\case_031_p1_n4_capls_best.json
case_031,1,1,3,capls,c0,0,0.223,14.866,True,508104,4732416,2204160,2528256,6917456,,,3,1414369,,2.783621069702266,"{""block_cap"": 0.35}",False,
case_031,1,1,3,capls,c1,0,0.233,11.185,True,555192,7818930,3760722,4058208,10003970,,,13,1414369,,2.5475313044856556,"{""block_cap"": 0.15}",False,
case_031,1,1,3,capls,c2,0,0.329,15.36,True,515219,4773888,2204160,2569728,6958928,,,3,1414369,,2.745180204922567,"{""block_cap"": 0.35, ""init"": ""rr""}",False,
case_031,1,1,3,capls,c3,0,0.263,15.409,True,506462,4403712,2162688,2241024,6588752,,,3,1414369,,2.792645845097954,"{""block_cap"": 0.35, ""init"": ""contig""}",True,
case_031,1,1,3,capls,c4,0,0.209,3.535,True,506569,9024000,9024000,0,11209040,,,44,1414369,,2.792055968683437,"{""block_cap"": 0.35, ""subgraph_mode"": ""block""}",False,
case_031,1,1,3,capls,c5,0,0.358,3.028,True,517836,9024000,9024000,0,11209040,,,44,1414369,,2.7313068230096014,"{""block_cap"": 0.35, ""init"": ""rr"", ""subgraph_mode"": ""block""}",False,
case_031,1,1,3,capls,c6,0,0.225,14.866,True,508104,4732416,2204160,2528256,6917456,,,3,1414369,,2.783621069702266,"{""block_cap"": 0.6, ""comm_weight"": 1e-06}",False,
case_031,1,1,3,capls,c7,0,0.278,11.185,True,555192,7818930,3760722,4058208,10003970,,,13,1414369,,2.5475313044856556,"{""block_cap"": 0.08}",False,
case_031,1,1,3,capls,sa1,0,0.005,13.33,True,506462,8008192,6283264,1724928,10193232,,,4,1414369,,2.792645845097954,"{""anneal"": true, ""anneal_seconds"": 2.811}",False,
case_031,1,1,3,capls,sa2,0,10.892,10.859,True,506462,6538752,4700160,1838592,8723792,,,4,1414369,,2.792645845097954,"{""anneal"": true, ""anneal_seconds"": 2.811}",False,
case_031,1,1,3,capls,sa3,0,11.115,11.109,True,506840,8694272,6969344,1724928,10879312,,,5,1414369,,2.7905630968352932,"{""anneal"": true, ""anneal_seconds"": 2.811}",False,
case_031,1,1,3,capls,_best,0,0.281,15.409,True,506462,4403712,2162688,2241024,6588752,,,3,1414369,,2.792645845097954,"{""block_cap"": 0.35, ""init"": ""contig""}",True,results\plans\case_031_p1_n3_capls_best.json
case_032,1,1,2,capls,c0,0,0.032,0.242,True,26391,151712,151712,0,444800,,,5,41443,,1.5703459512712667,"{""block_cap"": 0.35}",False,
case_032,1,1,2,capls,c1,0,0.029,0.236,True,26098,321704,321704,0,614792,,,7,41443,,1.5879760901218485,"{""block_cap"": 0.15}",False,
case_032,1,1,2,capls,c2,0,0.037,0.593,True,28956,114844,114844,0,407932,,,4,41443,,1.4312405028318829,"{""block_cap"": 0.35, ""init"": ""rr""}",False,
case_032,1,1,2,capls,c3,0,0.031,0.229,True,28213,61496,61496,0,354584,,,3,41443,,1.4689327614929288,"{""block_cap"": 0.35, ""init"": ""contig""}",False,
case_032,1,1,2,capls,c4,0,0.034,0.216,True,33485,342360,342360,0,635448,,,67,41443,,1.2376586531282663,"{""block_cap"": 0.35, ""subgraph_mode"": ""block""}",False,
case_032,1,1,2,capls,c5,0,0.036,0.28,True,31567,342360,342360,0,635448,,,67,41443,,1.3128583647479963,"{""block_cap"": 0.35, ""init"": ""rr"", ""subgraph_mode"": ""block""}",False,
case_032,1,1,2,capls,c6,0,0.016,0.292,True,24139,0,0,0,293088,,,2,41443,,1.7168482538630432,"{""block_cap"": 0.6, ""comm_weight"": 1e-06}",False,
case_032,1,1,2,capls,c7,0,0.038,0.267,True,23591,145580,145580,0,438668,,,5,41443,,1.7567292611589165,"{""block_cap"": 0.08}",False,
case_032,1,1,2,capls,c8,0,0.052,0.317,True,33263,819360,819360,0,1112448,,,14,41443,,1.245918888855485,"{""block_cap"": 0.005}",False,
case_032,1,1,2,capls,c9,0,0.024,0.242,True,26391,151712,151712,0,444800,,,5,41443,,1.5703459512712667,"{""block_cap"": 0.35, ""max_ops"": 2000}",False,
case_032,1,1,2,capls,c10,0,0.004,0.346,True,41443,0,0,0,293088,,,1,41443,,1.0,"{""block_cap"": 0.35, ""cores_used"": 1}",False,
case_032,1,1,2,capls,c11,0,0.004,0.346,True,41443,0,0,0,293088,,,1,41443,,1.0,"{""block_cap"": 0.35, ""cores_used"": 1}",False,
case_032,1,1,2,capls,c12,0,0.024,0.206,True,21082,260264,260264,0,553352,,,4,41443,,1.965800208708851,"{""block_cap"": 0.35, ""init"": ""rr"", ""level_mode"": ""alap_fill""}",True,
case_032,1,1,2,capls,c13,0,0.025,0.206,True,21082,260264,260264,0,553352,,,4,41443,,1.965800208708851,"{""block_cap"": 0.35, ""init"": ""rr"", ""level_mode"": ""alap_compress""}",False,
case_032,1,1,2,capls,sa1,0,0.279,0.276,True,22688,485628,485628,0,778716,,,11,41443,,1.8266484485190408,"{""anneal"": true, ""anneal_seconds"": 2.119}",False,
case_032,1,1,2,capls,sa2,0,0.205,0.204,True,22675,447580,447580,0,740668,,,10,41443,,1.8276957001102536,"{""anneal"": true, ""anneal_seconds"": 2.119}",False,
case_032,1,1,2,capls,sa3,0,0.156,0.155,True,22866,485628,485628,0,778716,,,10,41443,,1.8124289337881572,"{""anneal"": true, ""anneal_seconds"": 2.119}",False,
case_032,1,1,2,capls,_best,0,0.024,0.206,True,21082,260264,260264,0,553352,,,4,41443,,1.965800208708851,"{""block_cap"": 0.35, ""init"": ""rr"", ""level_mode"": ""alap_fill""}",True,results\plans\case_032_p1_n2_capls_best.json
case_032,1,1,3,capls,c0,0,0.066,0.252,True,20179,209160,209160,0,502248,,,7,41443,,2.05376876951286,"{""block_cap"": 0.35}",False,
case_032,1,1,3,capls,c1,0,0.062,0.241,True,21980,304380,304380,0,597468,,,10,41443,,1.885486806187443,"{""block_cap"": 0.15}",False,
case_032,1,1,3,capls,c2,0,0.059,0.202,True,21434,204996,204996,0,498084,,,7,41443,,1.9335168423999254,"{""block_cap"": 0.35, ""init"": ""rr""}",False,
case_032,1,1,3,capls,c3,0,0.114,0.544,True,23902,98372,98372,0,391460,,,5,41443,,1.7338716425403733,"{""block_cap"": 0.35, ""init"": ""contig""}",False,
case_032,1,1,3,capls,c4,0,0.074,0.286,True,26596,342360,342360,0,635448,,,67,41443,,1.5582418408783276,"{""block_cap"": 0.35, ""subgraph_mode"": ""block""}",False,
case_032,1,1,3,capls,c5,0,0.058,0.216,True,27764,342360,342360,0,635448,,,67,41443,,1.4926883734332228,"{""block_cap"": 0.35, ""init"": ""rr"", ""subgraph_mode"": ""block""}",False,
case_032,1,1,3,capls,c6,0,0.072,0.252,True,20179,209160,209160,0,502248,,,7,41443,,2.05376876951286,"{""block_cap"": 0.6, ""comm_weight"": 1e-06}",False,
case_032,1,1,3,capls,c7,0,0.063,0.266,True,23333,362842,362842,0,655930,,,10,41443,,1.776153945056358,"{""block_cap"": 0.08}",False,
case_032,1,1,3,capls,c8,0,0.304,0.361,True,41024,1003806,1003806,0,1296894,,,47,41443,,1.0102135335413416,"{""block_cap"": 0.005}",False,
case_032,1,1,3,capls,c9,0,0.07,0.252,True,20179,209160,209160,0,502248,,,7,41443,,2.05376876951286,"{""block_cap"": 0.35, ""max_ops"": 2000}",False,
case_032,1,1,3,capls,c10,0,0.038,0.234,True,26391,151712,151712,0,444800,,,5,41443,,1.5703459512712667,"{""block_cap"": 0.35, ""cores_used"": 2}",False,
case_032,1,1,3,capls,c11,0,0.008,0.366,True,41443,0,0,0,293088,,,1,41443,,1.0,"{""block_cap"": 0.35, ""cores_used"": 1}",False,
case_032,1,1,3,capls,c12,0,0.051,0.21,True,16407,462204,462204,0,755292,,,9,41443,,2.5259340525385507,"{""block_cap"": 0.35, ""init"": ""rr"", ""level_mode"": ""alap_fill""}",True,
case_032,1,1,3,capls,c13,0,0.059,0.21,True,16407,462204,462204,0,755292,,,9,41443,,2.5259340525385507,"{""block_cap"": 0.35, ""init"": ""rr"", ""level_mode"": ""alap_compress""}",False,
case_032,1,1,3,capls,sa1,0,0.222,0.219,True,20489,572954,572954,0,866042,,,24,41443,,2.0226951046903214,"{""anneal"": true, ""anneal_seconds"": 1.541}",False,
case_032,1,1,3,capls,sa2,0,0.227,0.225,True,20244,515610,515610,0,808698,,,23,41443,,2.04717447144833,"{""anneal"": true, ""anneal_seconds"": 1.541}",False,
case_032,1,1,3,capls,sa3,0,0.266,0.264,True,20142,515610,515610,0,808698,,,22,41443,,2.05754145566478,"{""anneal"": true, ""anneal_seconds"": 1.541}",False,
case_032,1,1,3,capls,_best,0,0.059,0.21,True,16407,462204,462204,0,755292,,,9,41443,,2.5259340525385507,"{""block_cap"": 0.35, ""init"": ""rr"", ""level_mode"": ""alap_fill""}",True,results\plans\case_032_p1_n3_capls_best.json
case_032,1,1,4,capls,c0,0,0.063,0.256,True,20511,225492,225492,0,518580,,,9,41443,,2.0205255716444834,"{""block_cap"": 0.35}",False,
case_032,1,1,4,capls,c1,0,0.119,0.531,True,17735,267502,267502,0,560590,,,11,41443,,2.3367916549196504,"{""block_cap"": 0.15}",False,
case_032,1,1,4,capls,c2,0,0.1,0.227,True,21189,221392,221392,0,514480,,,9,41443,,1.9558733305016753,"{""block_cap"": 0.35, ""init"": ""rr""}",False,
case_032,1,1,4,capls,c3,0,0.092,0.276,True,21234,143460,143460,0,436548,,,7,41443,,1.9517283601770745,"{""block_cap"": 0.35, ""init"": ""contig""}",False,
case_032,1,1,4,capls,c4,0,0.079,0.284,True,23619,342360,342360,0,635448,,,67,41443,,1.7546466827554088,"{""block_cap"": 0.35, ""subgraph_mode"": ""block""}",False,
case_032,1,1,4,capls,c5,0,0.079,0.27,True,21784,342360,342360,0,635448,,,67,41443,,1.9024513404333456,"{""block_cap"": 0.35, ""init"": ""rr"", ""subgraph_mode"": ""block""}",False,
case_032,1,1,4,capls,c6,0,0.08,0.256,True,20511,225492,225492,0,518580,,,9,41443,,2.0205255716444834,"{""block_cap"": 0.6, ""comm_weight"": 1e-06}",False,
case_032,1,1,4,capls,c7,0,0.099,0.301,True,22321,322766,322766,0,615854,,,15,41443,,1.8566820482953272,"{""block_cap"": 0.08}",False,
case_032,1,1,4,capls,c8,0,0.316,0.356,True,40611,944122,944122,0,1237210,,,57,41443,,1.0204870601561153,"{""block_cap"": 0.005}",False,
case_032,1,1,4,capls,c9,0,0.085,0.256,True,20511,225492,225492,0,518580,,,9,41443,,2.0205255716444834,"{""block_cap"": 0.35, ""max_ops"": 2000}",False,
case_032,1,1,4,capls,c10,0,0.083,0.287,True,20179,209160,209160,0,502248,,,7,41443,,2.05376876951286,"{""block_cap"": 0.35, ""cores_used"": 3}",False,
case_032,1,1,4,capls,c11,0,0.039,0.238,True,26391,151712,151712,0,444800,,,5,41443,,1.5703459512712667,"{""block_cap"": 0.35, ""cores_used"": 2}",False,
case_032,1,1,4,capls,c12,0,0.115,0.241,True,15142,434548,434548,0,727636,,,12,41443,,2.736956808875974,"{""block_cap"": 0.35, ""init"": ""rr"", ""level_mode"": ""alap_fill""}",False,
case_032,1,1,4,capls,c13,0,0.107,0.241,True,15142,434548,434548,0,727636,,,12,41443,,2.736956808875974,"{""block_cap"": 0.35, ""init"": ""rr"", ""level_mode"": ""alap_compress""}",False,
case_032,1,1,4,capls,sa1,0,0.199,0.195,True,14803,375592,375592,0,668680,,,11,41443,,2.799635209079241,"{""anneal"": true, ""anneal_seconds"": 1.467}",False,
case_032,1,1,4,capls,sa2,0,0.241,0.24,True,14775,397156,397156,0,690244,,,12,41443,,2.8049407783417935,"{""anneal"": true, ""anneal_seconds"": 1.467}",True,
case_032,1,1,4,capls,sa3,0,0.321,0.319,True,14775,401784,401784,0,694872,,,13,41443,,2.8049407783417935,"{""anneal"": true, ""anneal_seconds"": 1.467}",False,
case_032,1,1,4,capls,_best,0,,0.24,True,14775,397156,,,,,,12,41443,,2.8049407783417935,"{""anneal"": true}",True,results\plans\case_032_p1_n4_capls_best.json
case_032,1,1,5,capls,c0,0,0.12,0.236,True,13588,164980,164980,0,458068,,,12,41443,,3.0499705622608184,"{""block_cap"": 0.35}",False,
case_032,1,1,5,capls,c1,0,0.11,0.229,True,20227,175252,175252,0,468340,,,13,41443,,2.0488950412814555,"{""block_cap"": 0.15}",False,
case_032,1,1,5,capls,c2,0,0.125,0.232,True,15864,177266,177266,0,470354,,,12,41443,,2.612392839132627,"{""block_cap"": 0.35, ""init"": ""rr""}",False,
case_032,1,1,5,capls,c3,0,0.113,0.268,True,11904,127130,127130,0,420218,,,10,41443,,3.481434811827957,"{""block_cap"": 0.35, ""init"": ""contig""}",True,
case_032,1,1,5,capls,c4,0,0.112,0.28,True,31039,436650,436650,0,729738,,,89,41443,,1.3351912110570572,"{""block_cap"": 0.35, ""subgraph_mode"": ""block""}",False,
case_032,1,1,5,capls,c5,0,0.124,0.593,True,24139,436650,436650,0,729738,,,89,41443,,1.7168482538630432,"{""block_cap"": 0.35, ""init"": ""rr"", ""subgraph_mode"": ""block""}",False,
case_032,1,1,5,capls,c6,0,0.083,0.222,True,14108,135264,135264,0,428352,,,10,41443,,2.937553161326907,"{""block_cap"": 0.6, ""comm_weight"": 1e-06}",False,
case_032,1,1,5,capls,c7,0,0.099,0.221,True,19187,156788,156788,0,449876,,,12,41443,,2.159952050867775,"{""block_cap"": 0.08}",False,
case_032,1,1,5,capls,c8,0,0.291,0.409,True,37919,1327824,1327824,0,1620912,,,56,41443,,1.0929349402674122,"{""block_cap"": 0.005}",False,
case_032,1,1,5,capls,c9,0,0.124,0.236,True,13588,164980,164980,0,458068,,,12,41443,,3.0499705622608184,"{""block_cap"": 0.35, ""max_ops"": 2000}",False,
case_032,1,1,5,capls,c10,0,0.083,0.249,True,20511,225492,225492,0,518580,,,9,41443,,2.0205255716444834,"{""block_cap"": 0.35, ""cores_used"": 4}",False,
case_032,1,1,5,capls,c11,0,0.035,0.202,True,26391,151712,151712,0,444800,,,5,41443,,1.5703459512712667,"{""block_cap"": 0.35, ""cores_used"": 2}",False,
case_032,1,1,5,capls,c12,0,0.1,0.261,True,16768,547512,547512,0,840600,,,15,41443,,2.471552958015267,"{""block_cap"": 0.35, ""init"": ""rr"", ""level_mode"": ""alap_fill""}",False,
case_032,1,1,5,capls,c13,0,0.096,0.261,True,16768,547512,547512,0,840600,,,15,41443,,2.471552958015267,"{""block_cap"": 0.35, ""init"": ""rr"", ""level_mode"": ""alap_compress""}",False,
case_032,1,1,5,capls,sa1,0,0.268,0.266,True,14823,337834,337834,0,630922,,,32,41443,,2.795857788571814,"{""anneal"": true, ""anneal_seconds"": 0.767}",False,
case_032,1,1,5,capls,sa2,0,0.385,0.383,True,14799,337834,337834,0,630922,,,33,41443,,2.800391918372863,"{""anneal"": true, ""anneal_seconds"": 0.767}",False,
case_032,1,1,5,capls,sa3,0,0.279,0.277,True,14896,337834,337834,0,630922,,,34,41443,,2.782156283566058,"{""anneal"": true, ""anneal_seconds"": 0.767}",False,
case_032,1,1,5,capls,_best,0,0.119,0.268,True,11904,127130,127130,0,420218,,,10,41443,,3.481434811827957,"{""block_cap"": 0.35, ""init"": ""contig""}",True,results\plans\case_032_p1_n5_capls_best.json
case_028,1,1,2,capls,c0,0,0.329,265.553,True,23638628,277473600,2148480,275325120,283382208,,,2,43836040,,1.8544240384848054,"{""block_cap"": 0.35}",False,
case_028,1,1,2,capls,c1,0,0.424,265.553,True,23638628,277473600,2148480,275325120,283382208,,,2,43836040,,1.8544240384848054,"{""block_cap"": 0.15}",False,
case_028,1,1,2,capls,c2,0,0.292,265.553,True,23638628,277473600,2148480,275325120,283382208,,,2,43836040,,1.8544240384848054,"{""block_cap"": 0.35, ""init"": ""rr""}",False,
case_028,1,1,2,capls,c3,0,0.276,211.188,True,23638628,277473600,2148480,275325120,283382208,,,2,43836040,,1.8544240384848054,"{""block_cap"": 0.35, ""init"": ""contig""}",False,
case_028,1,1,2,capls,sa1,0,84.258,84.179,True,22213294,248367936,6701184,241666752,254276544,,,4,43836040,,1.973414658807469,"{""anneal"": true, ""anneal_seconds"": 16.043}",False,
case_028,1,1,2,capls,sa2,0,0.013,222.216,True,22201391,241775088,6701184,235073904,247683696,,,4,43836040,,1.9744726805631232,"{""anneal"": true, ""anneal_seconds"": 16.043}",True,
case_028,1,1,2,capls,sa3,0,0.012,247.868,True,22232118,251507088,5767296,245739792,257415696,,,3,43836040,,1.9717437627849943,"{""anneal"": true, ""anneal_seconds"": 16.043}",False,
case_028,1,1,2,capls,_best,0,,222.216,True,22201391,241775088,,,,,,4,43836040,,1.9744726805631232,"{""anneal"": true}",True,results\plans\case_028_p1_n2_capls_best.json
case_030,1,1,3,capls,c0,0,0.341,80.53,True,932822,9515008,3901440,5613568,11909068,,,3,2808034,,3.0102570479684228,"{""block_cap"": 0.35}",False,
case_030,1,1,3,capls,c1,0,0.372,80.53,True,932822,9515008,3901440,5613568,11909068,,,3,2808034,,3.0102570479684228,"{""block_cap"": 0.15}",False,
case_030,1,1,3,capls,c2,0,0.463,82.845,True,931329,9363456,3901440,5462016,11757516,,,3,2808034,,3.0150827473427757,"{""block_cap"": 0.35, ""init"": ""rr""}",True,
case_030,1,1,3,capls,c3,0,0.836,57.172,True,943973,4958208,1737728,3220480,7352268,,,3,2808034,,2.9746973695222216,"{""block_cap"": 0.35, ""init"": ""contig""}",False,
case_030,1,1,3,capls,c4,0,0.287,8.999,True,1018410,26935296,26935296,0,29329356,,,486,2808034,,2.757272611227305,"{""block_cap"": 0.35, ""subgraph_mode"": ""block""}",False,
case_030,1,1,3,capls,c5,0,0.463,8.77,True,1019340,26935296,26935296,0,29329356,,,486,2808034,,2.75475699962721,"{""block_cap"": 0.35, ""init"": ""rr"", ""subgraph_mode"": ""block""}",False,
case_030,1,1,3,capls,c6,0,0.328,80.53,True,932822,9515008,3901440,5613568,11909068,,,3,2808034,,3.0102570479684228,"{""block_cap"": 0.6, ""comm_weight"": 1e-06}",False,
case_030,1,1,3,capls,c7,0,0.303,80.53,True,932822,9515008,3901440,5613568,11909068,,,3,2808034,,3.0102570479684228,"{""block_cap"": 0.08}",False,
case_030,1,1,3,capls,sa1,0,0.007,43.586,True,1051096,19661824,16183296,3478528,22055884,,,4,2808034,,2.6715295272743877,"{""anneal"": true, ""anneal_seconds"": 91.823}",False,
case_030,1,1,3,capls,sa2,0,0.006,49.559,True,1045321,19968000,16245760,3722240,22362060,,,4,2808034,,2.686288709401227,"{""anneal"": true, ""anneal_seconds"": 91.823}",False,
case_030,1,1,3,capls,sa3,0,0.006,54.788,True,1053095,20239360,16270336,3969024,22633420,,,4,2808034,,2.666458391693057,"{""anneal"": true, ""anneal_seconds"": 91.823}",False,
case_030,1,1,3,capls,_best,0,0.499,82.845,True,931329,9363456,3901440,5462016,11757516,,,3,2808034,,3.0150827473427757,"{""block_cap"": 0.35, ""init"": ""rr""}",True,results\plans\case_030_p1_n3_capls_best.json
case_031,1,1,5,capls,c0,0,0.758,8.799,True,375281,8560182,6707670,1852512,10745222,,,21,1414369,,3.7688265592982324,"{""block_cap"": 0.35}",False,
case_031,1,1,5,capls,c1,0,0.812,8.799,True,375281,8560182,6707670,1852512,10745222,,,21,1414369,,3.7688265592982324,"{""block_cap"": 0.15}",False,
case_031,1,1,5,capls,c2,0,0.826,9.273,True,331986,8607274,6757738,1849536,10792314,,,26,1414369,,4.2603272427150545,"{""block_cap"": 0.35, ""init"": ""rr""}",False,
case_031,1,1,5,capls,c3,0,0.452,12.286,True,293958,4816896,4595712,221184,7001936,,,5,1414369,,4.811466263888039,"{""block_cap"": 0.35, ""init"": ""contig""}",False,
case_031,1,1,5,capls,c4,0,0.755,3.291,True,392920,13751370,13751370,0,15936410,,,172,1414369,,3.5996360582306832,"{""block_cap"": 0.35, ""subgraph_mode"": ""block""}",False,
case_031,1,1,5,capls,c5,0,0.807,3.342,True,350435,13751370,13751370,0,15936410,,,172,1414369,,4.036038066973904,"{""block_cap"": 0.35, ""init"": ""rr"", ""subgraph_mode"": ""block""}",False,
case_031,1,1,5,capls,c6,0,0.317,11.386,True,304931,5419008,4325376,1093632,7604048,,,5,1414369,,4.638324735759893,"{""block_cap"": 0.6, ""comm_weight"": 1e-06}",False,
case_031,1,1,5,capls,c7,0,0.782,8.799,True,375281,8560182,6707670,1852512,10745222,,,21,1414369,,3.7688265592982324,"{""block_cap"": 0.08}",False,
case_031,1,1,5,capls,sa1,0,0.007,7.156,True,293945,4911428,4690244,221184,7096468,,,6,1414369,,4.811679055605641,"{""anneal"": true, ""anneal_seconds"": 16.041}",True,
case_031,1,1,5,capls,sa2,0,6.134,6.099,True,294333,5736684,5376236,360448,7921724,,,8,1414369,,4.805336132883503,"{""anneal"": true, ""anneal_seconds"": 16.041}",False,
case_031,1,1,5,capls,sa3,0,6.154,6.148,True,294333,5563748,5203300,360448,7748788,,,7,1414369,,4.805336132883503,"{""anneal"": true, ""anneal_seconds"": 16.041}",False,
case_031,1,1,5,capls,_best,0,,7.156,True,293945,4911428,,,,,,6,1414369,,4.811679055605641,"{""anneal"": true}",True,results\plans\case_031_p1_n5_capls_best.json
case_028,1,1,5,capls,c0,0,1.106,76.81,True,11491035,277818912,8593920,269224992,283727520,,,5,43836040,,3.814803453300769,"{""block_cap"": 0.35}",False,
case_028,1,1,5,capls,c1,0,1.029,76.81,True,11491035,277818912,8593920,269224992,283727520,,,5,43836040,,3.814803453300769,"{""block_cap"": 0.15}",False,
case_028,1,1,5,capls,c2,0,0.938,76.81,True,11491035,277818912,8593920,269224992,283727520,,,5,43836040,,3.814803453300769,"{""block_cap"": 0.35, ""init"": ""rr""}",False,
case_028,1,1,5,capls,c3,0,0.833,82.52,True,11491035,277818912,8593920,269224992,283727520,,,5,43836040,,3.814803453300769,"{""block_cap"": 0.35, ""init"": ""contig""}",False,
case_028,1,1,5,capls,sa1,0,0.012,88.163,True,10993733,267916032,10022400,257893632,273824640,,,6,43836040,,3.9873662567573724,"{""anneal"": true, ""anneal_seconds"": 15.41}",False,
case_028,1,1,5,capls,sa2,0,45.289,45.223,True,10993733,267916032,10022400,257893632,273824640,,,6,43836040,,3.9873662567573724,"{""anneal"": true, ""anneal_seconds"": 15.41}",False,
case_028,1,1,5,capls,sa3,0,46.565,46.537,True,10962408,263608128,10391040,253217088,269516736,,,7,43836040,,3.998760126424778,"{""anneal"": true, ""anneal_seconds"": 15.41}",True,
case_028,1,1,5,capls,_best,0,,46.537,True,10962408,263608128,,,,,,7,43836040,,3.998760126424778,"{""anneal"": true}",True,results\plans\case_028_p1_n5_capls_best.json
case_033,1,1,4,capls,c0,0,0.209,5.275,True,457891,7477344,5265504,2211840,10450254,,,4,1774196,,3.8747125407575167,"{""block_cap"": 0.35}",False,
case_033,1,1,4,capls,c1,0,0.191,5.275,True,457891,7477344,5265504,2211840,10450254,,,4,1774196,,3.8747125407575167,"{""block_cap"": 0.15}",False,
case_033,1,1,4,capls,c2,0,0.355,5.413,True,446802,7344224,5514336,1829888,10317134,,,4,1774196,,3.9708774804051905,"{""block_cap"": 0.35, ""init"": ""rr""}",True,
case_033,1,1,4,capls,c3,0,0.338,4.02,True,469658,5261312,4188672,1072640,8234222,,,4,1774196,,3.7776339378867174,"{""block_cap"": 0.35, ""init"": ""contig""}",False,
case_033,1,1,4,capls,c4,0,0.206,1.939,True,483375,12770976,12770976,0,15743886,,,92,1774196,,3.6704339281096456,"{""block_cap"": 0.35, ""subgraph_mode"": ""block""}",False,
case_033,1,1,4,capls,c5,0,0.428,1.416,True,464424,12770976,12770976,0,15743886,,,92,1774196,,3.820207396689232,"{""block_cap"": 0.35, ""init"": ""rr"", ""subgraph_mode"": ""block""}",False,
case_033,1,1,4,capls,c6,0,0.2,5.275,True,457891,7477344,5265504,2211840,10450254,,,4,1774196,,3.8747125407575167,"{""block_cap"": 0.6, ""comm_weight"": 1e-06}",False,
case_033,1,1,4,capls,c7,0,0.263,5.637,True,460479,7532644,5744228,1788416,10505554,,,6,1774196,,3.8529357473413555,"{""block_cap"": 0.08}",False,
case_033,1,1,4,capls,c8,0,0.282,5.595,True,743087,27632780,27614348,18432,30605690,,,24,1774196,,2.387601990076532,"{""block_cap"": 0.005}",False,
case_033,1,1,4,capls,c9,0,0.214,5.275,True,457891,7477344,5265504,2211840,10450254,,,4,1774196,,3.8747125407575167,"{""block_cap"": 0.35, ""max_ops"": 2000}",False,
case_033,1,1,4,capls,c10,0,0.151,5.829,True,607843,7056960,3952704,3104256,10029870,,,3,1774196,,2.918839239737893,"{""block_cap"": 0.35, ""cores_used"": 3}",False,
case_033,1,1,4,capls,c11,0,0.093,7.105,True,904907,6645792,2059296,4586496,9618702,,,2,1774196,,1.960639049095653,"{""block_cap"": 0.35, ""cores_used"": 2}",False,
case_033,1,1,4,capls,c12,0,0.274,5.413,True,446802,7344224,5514336,1829888,10317134,,,4,1774196,,3.9708774804051905,"{""block_cap"": 0.35, ""init"": ""rr"", ""level_mode"": ""alap_fill""}",False,
case_033,1,1,4,capls,c13,0,0.366,5.413,True,446802,7344224,5514336,1829888,10317134,,,4,1774196,,3.9708774804051905,"{""block_cap"": 0.35, ""init"": ""rr"", ""level_mode"": ""alap_compress""}",False,
case_033,1,1,4,capls,sa1,0,0.002,5.381,True,471217,10628192,8948832,1679360,13601102,,,5,1774196,,3.7651358079186448,"{""anneal"": true, ""anneal_seconds"": 18.924}",False,
case_033,1,1,4,capls,sa2,0,4.27,4.256,True,471043,10678900,9031796,1647104,13651810,,,5,1774196,,3.766526622834858,"{""anneal"": true, ""anneal_seconds"": 18.924}",False,
case_033,1,1,4,capls,sa3,0,4.043,4.039,True,475135,10831484,9307772,1523712,13804394,,,5,1774196,,3.7340882065097287,"{""anneal"": true, ""anneal_seconds"": 18.924}",False,
case_033,1,1,4,capls,_best,0,0.284,5.413,True,446802,7344224,5514336,1829888,10317134,,,4,1774196,,3.9708774804051905,"{""block_cap"": 0.35, ""init"": ""rr""}",True,results\plans\case_033_p1_n4_capls_best.json
case_033,1,1,3,capls,c0,0,0.143,4.98,True,607843,7056960,3952704,3104256,10029870,,,3,1774196,,2.918839239737893,"{""block_cap"": 0.35}",False,
case_033,1,1,3,capls,c1,0,0.163,4.98,True,607843,7056960,3952704,3104256,10029870,,,3,1774196,,2.918839239737893,"{""block_cap"": 0.15}",False,
case_033,1,1,3,capls,c2,0,0.242,5.339,True,589568,7086144,4118592,2967552,10059054,,,3,1774196,,3.009315295267043,"{""block_cap"": 0.35, ""init"": ""rr""}",True,
case_033,1,1,3,capls,c3,0,0.339,4.999,True,606808,5376000,3740160,1635840,8348910,,,3,1774196,,2.923817747953224,"{""block_cap"": 0.35, ""init"": ""contig""}",False,
case_033,1,1,3,capls,c4,0,0.141,1.814,True,631979,12770976,12770976,0,15743886,,,92,1774196,,2.80736543461096,"{""block_cap"": 0.35, ""subgraph_mode"": ""block""}",False,
case_033,1,1,3,capls,c5,0,0.222,1.349,True,614142,12770976,12770976,0,15743886,,,92,1774196,,2.888901915192252,"{""block_cap"": 0.35, ""init"": ""rr"", ""subgraph_mode"": ""block""}",False,
case_033,1,1,3,capls,c6,0,0.158,4.98,True,607843,7056960,3952704,3104256,10029870,,,3,1774196,,2.918839239737893,"{""block_cap"": 0.6, ""comm_weight"": 1e-06}",False,
case_033,1,1,3,capls,c7,0,0.218,4.98,True,607843,7056960,3952704,3104256,10029870,,,3,1774196,,2.918839239737893,"{""block_cap"": 0.08}",False,
case_033,1,1,3,capls,c8,0,0.197,4.338,True,775140,19555436,19555436,0,22528346,,,14,1774196,,2.288871687695126,"{""block_cap"": 0.005}",False,
case_033,1,1,3,capls,c9,0,0.116,4.98,True,607843,7056960,3952704,3104256,10029870,,,3,1774196,,2.918839239737893,"{""block_cap"": 0.35, ""max_ops"": 2000}",False,
case_033,1,1,3,capls,c10,0,0.073,6.976,True,904907,6645792,2059296,4586496,9618702,,,2,1774196,,1.960639049095653,"{""block_cap"": 0.35, ""cores_used"": 2}",False,
case_033,1,1,3,capls,c11,0,0.053,6.495,True,1774196,4592640,0,4592640,7565550,,,1,1774196,,1.0,"{""block_cap"": 0.35, ""cores_used"": 1}",False,
case_033,1,1,3,capls,c12,0,0.202,5.339,True,589568,7086144,4118592,2967552,10059054,,,3,1774196,,3.009315295267043,"{""block_cap"": 0.35, ""init"": ""rr"", ""level_mode"": ""alap_fill""}",False,
case_033,1,1,3,capls,c13,0,0.168,5.339,True,589568,7086144,4118592,2967552,10059054,,,3,1774196,,3.009315295267043,"{""block_cap"": 0.35, ""init"": ""rr"", ""level_mode"": ""alap_compress""}",False,
case_033,1,1,3,capls,sa1,0,0.004,4.611,True,628419,11409000,8885352,2523648,14381910,,,4,1774196,,2.823269188232692,"{""anneal"": true, ""anneal_seconds"": 31.825}",False,
case_033,1,1,3,capls,sa2,0,0.004,4.336,True,636296,11351112,8835144,2515968,14324022,,,4,1774196,,2.7883186441530357,"{""anneal"": true, ""anneal_seconds"": 31.825}",False,
case_033,1,1,3,capls,sa3,0,0.002,4.465,True,637346,11514440,9162824,2351616,14487350,,,4,1774196,,2.7837250096493897,"{""anneal"": true, ""anneal_seconds"": 31.825}",False,
case_033,1,1,3,capls,_best,0,0.246,5.339,True,589568,7086144,4118592,2967552,10059054,,,3,1774196,,3.009315295267043,"{""block_cap"": 0.35, ""init"": ""rr""}",True,results\plans\case_033_p1_n3_capls_best.json
case_033,1,1,5,capls,c0,0,0.293,5.284,True,373445,8176768,6453888,1722880,11149678,,,5,1774196,,4.750889689244735,"{""block_cap"": 0.35}",False,
case_033,1,1,5,capls,c1,0,0.255,5.284,True,373445,8176768,6453888,1722880,11149678,,,5,1774196,,4.750889689244735,"{""block_cap"": 0.15}",False,
case_033,1,1,5,capls,c2,0,0.45,5.429,True,357201,8111232,6412416,1698816,11084142,,,5,1774196,,4.966940182138348,"{""block_cap"": 0.35, ""init"": ""rr""}",True,
case_033,1,1,5,capls,c3,0,0.415,4.522,True,366294,6208512,5830656,377856,9181422,,,5,1774196,,4.843639262450381,"{""block_cap"": 0.35, ""init"": ""contig""}",False,
case_033,1,1,5,capls,c4,0,0.224,1.604,True,395739,12770976,12770976,0,15743886,,,92,1774196,,4.483247797159239,"{""block_cap"": 0.35, ""subgraph_mode"": ""block""}",False,
case_033,1,1,5,capls,c5,0,0.422,1.913,True,379586,12770976,12770976,0,15743886,,,92,1774196,,4.674029073780382,"{""block_cap"": 0.35, ""init"": ""rr"", ""subgraph_mode"": ""block""}",False,
case_033,1,1,5,capls,c6,0,0.257,5.284,True,373445,8176768,6453888,1722880,11149678,,,5,1774196,,4.750889689244735,"{""block_cap"": 0.6, ""comm_weight"": 1e-06}",False,
case_033,1,1,5,capls,c7,0,0.329,4.357,True,388941,10356396,10356396,0,13329306,,,10,1774196,,4.561607030372216,"{""block_cap"": 0.08}",False,
case_033,1,1,5,capls,c8,0,0.65,5.666,True,608314,26009092,25956868,52224,28982002,,,29,1774196,,2.9165792666287476,"{""block_cap"": 0.005}",False,
case_033,1,1,5,capls,c9,0,0.325,5.284,True,373445,8176768,6453888,1722880,11149678,,,5,1774196,,4.750889689244735,"{""block_cap"": 0.35, ""max_ops"": 2000}",False,
case_033,1,1,5,capls,c10,0,0.154,5.361,True,457891,7477344,5265504,2211840,10450254,,,4,1774196,,3.8747125407575167,"{""block_cap"": 0.35, ""cores_used"": 4}",False,
case_033,1,1,5,capls,c11,0,0.07,6.826,True,904907,6645792,2059296,4586496,9618702,,,2,1774196,,1.960639049095653,"{""block_cap"": 0.35, ""cores_used"": 2}",False,
case_033,1,1,5,capls,c12,0,0.407,5.429,True,357201,8111232,6412416,1698816,11084142,,,5,1774196,,4.966940182138348,"{""block_cap"": 0.35, ""init"": ""rr"", ""level_mode"": ""alap_fill""}",False,
case_033,1,1,5,capls,c13,0,0.486,5.429,True,357201,8111232,6412416,1698816,11084142,,,5,1774196,,4.966940182138348,"{""block_cap"": 0.35, ""init"": ""rr"", ""level_mode"": ""alap_compress""}",False,
case_033,1,1,5,capls,sa1,0,0.004,5.233,True,358277,10669192,9150088,1519104,13642102,,,6,1774196,,4.95202315526813,"{""anneal"": true, ""anneal_seconds"": 13.308}",False,
case_033,1,1,5,capls,sa2,0,0.004,4.61,True,384818,12263560,10842760,1420800,15236470,,,7,1774196,,4.610480798715237,"{""anneal"": true, ""anneal_seconds"": 13.308}",False,
case_033,1,1,5,capls,sa3,0,4.08,4.059,True,384342,10669192,9150088,1519104,13642102,,,6,1774196,,4.616190788412403,"{""anneal"": true, ""anneal_seconds"": 13.308}",False,
case_033,1,1,5,capls,_best,0,0.414,5.429,True,357201,8111232,6412416,1698816,11084142,,,5,1774196,,4.966940182138348,"{""block_cap"": 0.35, ""init"": ""rr""}",True,results\plans\case_033_p1_n5_capls_best.json
case_025,1,1,2,capls,c0,0,0.349,188.462,True,2431840,27648,27648,0,8245248,,,2,4863026,,1.9997310678334101,"{""block_cap"": 0.35}",True,
case_025,1,1,2,capls,c1,0,0.321,188.462,True,2431840,27648,27648,0,8245248,,,2,4863026,,1.9997310678334101,"{""block_cap"": 0.15}",False,
case_025,1,1,2,capls,c2,0,0.346,188.462,True,2431840,27648,27648,0,8245248,,,2,4863026,,1.9997310678334101,"{""block_cap"": 0.35, ""init"": ""rr""}",False,
case_025,1,1,2,capls,c3,0,0.327,174.09,True,2431840,27648,27648,0,8245248,,,2,4863026,,1.9997310678334101,"{""block_cap"": 0.35, ""init"": ""contig""}",False,
case_025,1,1,2,capls,sa1,0,0.023,377.977,True,2841188,28188672,22553088,5635584,36406272,,,3,4863026,,1.711617112278385,"{""anneal"": true, ""anneal_seconds"": 143.193}",False,
case_025,1,1,2,capls,sa2,0,0.021,205.997,True,2841792,56349696,45078528,11271168,64567296,,,4,4863026,,1.711253321847623,"{""anneal"": true, ""anneal_seconds"": 143.193}",False,
case_025,1,1,2,capls,sa3,0,0.02,230.087,True,2841188,28188672,22553088,5635584,36406272,,,3,4863026,,1.711617112278385,"{""anneal"": true, ""anneal_seconds"": 143.193}",False,
case_025,1,1,2,capls,_best,0,0.395,188.462,True,2431840,27648,27648,0,8245248,,,2,4863026,,1.9997310678334101,"{""block_cap"": 0.35}",True,results\plans\case_025_p1_n2_capls_best.json
case_014,1,1,4,capls,c0,0,0.033,1280.472,True,4577787,89273760,23348736,65925024,99206500,,,4,17698626,,3.8661969200401853,"{""block_cap"": 0.35, ""proxy_fallback"": true}",True,results\plans\case_014_p1_n4_capls_best.json
case_014,1,1,4,capls,sa1,0,0.041,1003.792,True,4834536,114896568,57936384,56960184,124829308,,,5,17698626,,3.660873763273249,"{""anneal"": true, ""anneal_seconds"": 193.222}",False,
case_028,1,1,4,capls,c0,0,0.87,101.606,True,13608312,277760640,6445440,271315200,283669248,,,4,43836040,,3.2212694711879033,"{""block_cap"": 0.35}",False,
case_028,1,1,4,capls,c1,0,0.78,101.606,True,13608312,277760640,6445440,271315200,283669248,,,4,43836040,,3.2212694711879033,"{""block_cap"": 0.15}",False,
case_028,1,1,4,capls,c2,0,0.726,101.606,True,13608312,277760640,6445440,271315200,283669248,,,4,43836040,,3.2212694711879033,"{""block_cap"": 0.35, ""init"": ""rr""}",False,
case_028,1,1,4,capls,c3,0,0.767,102.335,True,13608312,277760640,6445440,271315200,283669248,,,4,43836040,,3.2212694711879033,"{""block_cap"": 0.35, ""init"": ""contig""}",False,
case_028,1,1,4,capls,sa1,0,0.023,109.838,True,12946991,264918144,8254848,256663296,270826752,,,5,43836040,,3.3858091042157983,"{""anneal"": true, ""anneal_seconds"": 22.071}",False,
case_028,1,1,4,capls,sa2,0,51.623,51.538,True,12244739,252075648,10064256,242011392,257984256,,,6,43836040,,3.579989740900153,"{""anneal"": true, ""anneal_seconds"": 22.071}",True,
case_028,1,1,4,capls,sa3,0,48.23,48.207,True,12244739,252075648,10064256,242011392,257984256,,,6,43836040,,3.579989740900153,"{""anneal"": true, ""anneal_seconds"": 22.071}",False,
case_028,1,1,4,capls,_best,0,,51.538,True,12244739,252075648,,,,,,6,43836040,,3.579989740900153,"{""anneal"": true}",True,results\plans\case_028_p1_n4_capls_best.json
case_035,1,1,2,capls,c0,0,0.174,1.41,True,158327,723148,723148,0,1134002,,,20,169571,,1.071017577545207,"{""block_cap"": 0.35}",False,
case_035,1,1,2,capls,c1,0,0.186,1.41,True,158327,723148,723148,0,1134002,,,20,169571,,1.071017577545207,"{""block_cap"": 0.15}",False,
case_035,1,1,2,capls,c2,0,0.228,1.22,True,152418,888436,888436,0,1299290,,,50,169571,,1.112539201406658,"{""block_cap"": 0.35, ""init"": ""rr""}",False,
case_035,1,1,2,capls,c3,0,0.236,2.343,True,169841,91882,91882,0,502736,,,3,169571,,0.998410277848105,"{""block_cap"": 0.35, ""init"": ""contig""}",False,
case_035,1,1,2,capls,c4,0,0.146,2.196,True,190308,1205042,1205042,0,1615896,,,275,169571,,0.8910345334930744,"{""block_cap"": 0.35, ""subgraph_mode"": ""block""}",False,
case_035,1,1,2,capls,c5,0,0.157,1.86,True,195613,1205042,1205042,0,1615896,,,275,169571,,0.8668697888177166,"{""block_cap"": 0.35, ""init"": ""rr"", ""subgraph_mode"": ""block""}",False,
case_035,1,1,2,capls,c6,0,0.171,1.41,True,158327,723148,723148,0,1134002,,,20,169571,,1.071017577545207,"{""block_cap"": 0.6, ""comm_weight"": 1e-06}",False,
case_035,1,1,2,capls,c7,0,0.264,1.44,True,224175,1627852,1627852,0,2038706,,,60,169571,,0.75642243782759,"{""block_cap"": 0.08}",False,
case_035,1,1,2,capls,c8,0,0.174,1.861,True,211482,2246354,2246354,0,2657208,,,89,169571,,0.8018223773181642,"{""block_cap"": 0.005}",False,
case_035,1,1,2,capls,c9,0,0.159,1.41,True,158327,723148,723148,0,1134002,,,20,169571,,1.071017577545207,"{""block_cap"": 0.35, ""max_ops"": 2000}",False,
case_035,1,1,2,capls,c10,0,0.041,4.886,True,169571,0,0,0,410854,,,1,169571,,1.0,"{""block_cap"": 0.35, ""cores_used"": 1}",False,
case_035,1,1,2,capls,c11,0,0.12,4.886,True,169571,0,0,0,410854,,,1,169571,,1.0,"{""block_cap"": 0.35, ""cores_used"": 1}",False,
case_035,1,1,2,capls,c12,0,0.139,1.039,True,133256,1661360,1661360,0,2072214,,,50,169571,,1.272520561925917,"{""block_cap"": 0.35, ""init"": ""rr"", ""level_mode"": ""alap_fill""}",True,
case_035,1,1,2,capls,c13,0,0.136,1.039,True,133256,1661360,1661360,0,2072214,,,50,169571,,1.272520561925917,"{""block_cap"": 0.35, ""init"": ""rr"", ""level_mode"": ""alap_compress""}",False,
case_035,1,1,2,capls,sa1,0,1.368,1.353,True,138319,2589448,2589448,0,3000302,,,121,169571,,1.225941483093429,"{""anneal"": true, ""anneal_seconds"": 1.99}",False,
case_035,1,1,2,capls,sa2,0,1.087,1.083,True,138321,2575110,2575110,0,2985964,,,119,169571,,1.2259237570578583,"{""anneal"": true, ""anneal_seconds"": 1.99}",False,
case_035,1,1,2,capls,sa3,0,1.259,1.255,True,138321,2585352,2585352,0,2996206,,,120,169571,,1.2259237570578583,"{""anneal"": true, ""anneal_seconds"": 1.99}",False,
case_035,1,1,2,capls,_best,0,0.192,1.039,True,133256,1661360,1661360,0,2072214,,,50,169571,,1.272520561925917,"{""block_cap"": 0.35, ""init"": ""rr"", ""level_mode"": ""alap_fill""}",True,results\plans\case_035_p1_n2_capls_best.json
case_025,1,1,5,capls,c0,0,0.579,51.986,True,975282,110592,110592,0,8328192,,,5,4863026,,4.986276789687495,"{""block_cap"": 0.35}",True,
case_025,1,1,5,capls,c1,0,0.582,51.986,True,975282,110592,110592,0,8328192,,,5,4863026,,4.986276789687495,"{""block_cap"": 0.15}",False,
case_025,1,1,5,capls,c2,0,0.563,51.986,True,975282,110592,110592,0,8328192,,,5,4863026,,4.986276789687495,"{""block_cap"": 0.35, ""init"": ""rr""}",False,
case_025,1,1,5,capls,c3,0,0.419,52.703,True,975282,110592,110592,0,8328192,,,5,4863026,,4.986276789687495,"{""block_cap"": 0.35, ""init"": ""contig""}",False,
case_025,1,1,5,capls,sa1,0,0.014,105.845,True,1082168,11000832,9119232,1881600,19218432,,,6,4863026,,4.493781002580006,"{""anneal"": true, ""anneal_seconds"": 38.742}",False,
case_025,1,1,5,capls,sa2,0,52.089,51.997,True,1082850,21891072,18127872,3763200,30108672,,,7,4863026,,4.490950731864986,"{""anneal"": true, ""anneal_seconds"": 38.742}",False,
case_025,1,1,5,capls,sa3,0,51.872,51.847,True,1082850,21891072,18127872,3763200,30108672,,,7,4863026,,4.490950731864986,"{""anneal"": true, ""anneal_seconds"": 38.742}",False,
case_025,1,1,5,capls,_best,0,0.673,51.986,True,975282,110592,110592,0,8328192,,,5,4863026,,4.986276789687495,"{""block_cap"": 0.35}",True,results\plans\case_025_p1_n5_capls_best.json
case_035,1,1,3,capls,c0,0,0.165,1.124,True,130778,990226,990226,0,1401080,,,58,169571,,1.2966324611173132,"{""block_cap"": 0.35}",False,
case_035,1,1,3,capls,c1,0,0.237,1.124,True,130778,990226,990226,0,1401080,,,58,169571,,1.2966324611173132,"{""block_cap"": 0.15}",False,
case_035,1,1,3,capls,c2,0,0.327,1.173,True,115457,1067668,1067668,0,1478522,,,74,169571,,1.4686939726478256,"{""block_cap"": 0.35, ""init"": ""rr""}",False,
case_035,1,1,3,capls,c3,0,0.264,1.975,True,106705,205126,205126,0,615980,,,7,169571,,1.5891570216953281,"{""block_cap"": 0.35, ""init"": ""contig""}",True,
case_035,1,1,3,capls,c4,0,0.179,1.899,True,162654,1205042,1205042,0,1615896,,,275,169571,,1.0425258524229346,"{""block_cap"": 0.35, ""subgraph_mode"": ""block""}",False,
case_035,1,1,3,capls,c5,0,0.251,2.356,True,151701,1205042,1205042,0,1615896,,,275,169571,,1.1177975095747557,"{""block_cap"": 0.35, ""init"": ""rr"", ""subgraph_mode"": ""block""}",False,
case_035,1,1,3,capls,c6,0,0.136,1.124,True,130778,990226,990226,0,1401080,,,58,169571,,1.2966324611173132,"{""block_cap"": 0.6, ""comm_weight"": 1e-06}",False,
case_035,1,1,3,capls,c7,0,0.412,2.298,True,180652,2209220,2209220,0,2620074,,,212,169571,,0.9386610721165556,"{""block_cap"": 0.08}",False,
case_035,1,1,3,capls,c8,0,0.651,2.654,True,194151,3080792,3080792,0,3491646,,,238,169571,,0.8733975101853712,"{""block_cap"": 0.005}",False,
case_035,1,1,3,capls,c9,0,0.158,1.124,True,130778,990226,990226,0,1401080,,,58,169571,,1.2966324611173132,"{""block_cap"": 0.35, ""max_ops"": 2000}",False,
case_035,1,1,3,capls,c10,0,0.271,1.218,True,158327,723148,723148,0,1134002,,,20,169571,,1.071017577545207,"{""block_cap"": 0.35, ""cores_used"": 2}",False,
case_035,1,1,3,capls,c11,0,0.05,3.511,True,169571,0,0,0,410854,,,1,169571,,1.0,"{""block_cap"": 0.35, ""cores_used"": 1}",False,
case_035,1,1,3,capls,c12,0,0.259,1.237,True,107521,1790526,1790526,0,2201380,,,75,169571,,1.5770965671822248,"{""block_cap"": 0.35, ""init"": ""rr"", ""level_mode"": ""alap_fill""}",False,
case_035,1,1,3,capls,c13,0,0.258,1.237,True,107521,1790526,1790526,0,2201380,,,75,169571,,1.5770965671822248,"{""block_cap"": 0.35, ""init"": ""rr"", ""level_mode"": ""alap_compress""}",False,
case_035,1,1,3,capls,sa1,0,1.084,1.07,True,120617,1438828,1438828,0,1849682,,,20,169571,,1.4058631867812994,"{""anneal"": true, ""anneal_seconds"": 2.276}",False,
case_035,1,1,3,capls,sa2,0,1.099,1.093,True,120664,1453676,1453676,0,1864530,,,21,169571,,1.4053155870847975,"{""anneal"": true, ""anneal_seconds"": 2.276}",False,
case_035,1,1,3,capls,sa3,0,0.931,0.928,True,120617,1441132,1441132,0,1851986,,,21,169571,,1.4058631867812994,"{""anneal"": true, ""anneal_seconds"": 2.276}",False,
case_035,1,1,3,capls,_best,0,0.212,1.975,True,106705,205126,205126,0,615980,,,7,169571,,1.5891570216953281,"{""block_cap"": 0.35, ""init"": ""contig""}",True,results\plans\case_035_p1_n3_capls_best.json
case_034,1,1,5,capls,c0,0,0.409,6.303,True,196410,3680256,3508224,172032,5960642,,,5,842996,,4.292021791151163,"{""block_cap"": 0.35}",False,
case_034,1,1,5,capls,c1,0,0.364,6.303,True,196410,3680256,3508224,172032,5960642,,,5,842996,,4.292021791151163,"{""block_cap"": 0.15}",False,
case_034,1,1,5,capls,c2,0,0.246,4.669,True,180411,3532800,3508224,24576,5813186,,,5,842996,,4.672641912078531,"{""block_cap"": 0.35, ""init"": ""rr""}",True,
case_034,1,1,5,capls,c3,0,0.412,4.072,True,192710,1478664,1249280,229384,3759050,,,5,842996,,4.374427896839811,"{""block_cap"": 0.35, ""init"": ""contig""}",False,
case_034,1,1,5,capls,c4,0,0.471,1.695,True,214821,6690304,6690304,0,8970690,,,155,842996,,3.924178734853669,"{""block_cap"": 0.35, ""subgraph_mode"": ""block""}",False,
case_034,1,1,5,capls,c5,0,0.283,1.84,True,199950,6690304,6690304,0,8970690,,,155,842996,,4.216034008502126,"{""block_cap"": 0.35, ""init"": ""rr"", ""subgraph_mode"": ""block""}",False,
case_034,1,1,5,capls,c6,0,0.526,6.303,True,196410,3680256,3508224,172032,5960642,,,5,842996,,4.292021791151163,"{""block_cap"": 0.6, ""comm_weight"": 1e-06}",False,
case_034,1,1,5,capls,c7,0,0.497,4.734,True,238544,3856408,3508224,348184,6136794,,,5,842996,,3.533922462941847,"{""block_cap"": 0.08}",False,
case_034,1,1,5,capls,c8,0,0.506,5.198,True,396161,12534816,12198928,335888,14815202,,,16,842996,,2.1279126415775402,"{""block_cap"": 0.005}",False,
case_034,1,1,5,capls,c9,0,0.371,6.303,True,196410,3680256,3508224,172032,5960642,,,5,842996,,4.292021791151163,"{""block_cap"": 0.35, ""max_ops"": 2000}",False,
case_034,1,1,5,capls,c10,0,0.207,6.672,True,262335,3297800,3019264,278536,5578186,,,4,842996,,3.2134332056340176,"{""block_cap"": 0.35, ""cores_used"": 4}",False,
case_034,1,1,5,capls,c11,0,0.109,5.439,True,448308,1972744,1238528,734216,4253130,,,2,842996,,1.880394728624071,"{""block_cap"": 0.35, ""cores_used"": 2}",False,
case_034,1,1,5,capls,c12,0,0.188,4.669,True,180411,3532800,3508224,24576,5813186,,,5,842996,,4.672641912078531,"{""block_cap"": 0.35, ""init"": ""rr"", ""level_mode"": ""alap_fill""}",False,
case_034,1,1,5,capls,c13,0,0.213,4.669,True,180411,3532800,3508224,24576,5813186,,,5,842996,,4.672641912078531,"{""block_cap"": 0.35, ""init"": ""rr"", ""level_mode"": ""alap_compress""}",False,
case_034,1,1,5,capls,sa1,0,0.004,4.906,True,180909,4959276,4934700,24576,7239662,,,6,842996,,4.659779226019712,"{""anneal"": true, ""anneal_seconds"": 14.245}",False,
case_034,1,1,5,capls,sa2,0,0.003,4.6,True,183783,4905060,4888676,16384,7185446,,,6,842996,,4.58690956182019,"{""anneal"": true, ""anneal_seconds"": 14.245}",False,
case_034,1,1,5,capls,sa3,0,0.002,5.107,True,180934,5014572,4989996,24576,7294958,,,6,842996,,4.659135375330231,"{""anneal"": true, ""anneal_seconds"": 14.245}",False,
case_034,1,1,5,capls,_best,0,0.252,4.669,True,180411,3532800,3508224,24576,5813186,,,5,842996,,4.672641912078531,"{""block_cap"": 0.35, ""init"": ""rr""}",True,results\plans\case_034_p1_n5_capls_best.json
case_034,1,1,4,capls,c0,0,0.267,5.718,True,262335,3297800,3019264,278536,5578186,,,4,842996,,3.2134332056340176,"{""block_cap"": 0.35}",False,
case_034,1,1,4,capls,c1,0,0.193,5.718,True,262335,3297800,3019264,278536,5578186,,,4,842996,,3.2134332056340176,"{""block_cap"": 0.15}",False,
case_034,1,1,4,capls,c2,0,0.467,5.315,True,225165,3101184,3019264,81920,5381570,,,4,842996,,3.7439033597583995,"{""block_cap"": 0.35, ""init"": ""rr""}",True,
case_034,1,1,4,capls,c3,0,0.411,4.356,True,255783,1014288,670208,344080,3294674,,,4,842996,,3.2957467853610285,"{""block_cap"": 0.35, ""init"": ""contig""}",False,
case_034,1,1,4,capls,c4,0,0.148,1.617,True,283913,6690304,6690304,0,8970690,,,155,842996,,2.969205355161616,"{""block_cap"": 0.35, ""subgraph_mode"": ""block""}",False,
case_034,1,1,4,capls,c5,0,0.435,2.084,True,248253,6690304,6690304,0,8970690,,,155,842996,,3.395713244150121,"{""block_cap"": 0.35, ""init"": ""rr"", ""subgraph_mode"": ""block""}",False,
case_034,1,1,4,capls,c6,0,0.174,5.718,True,262335,3297800,3019264,278536,5578186,,,4,842996,,3.2134332056340176,"{""block_cap"": 0.6, ""comm_weight"": 1e-06}",False,
case_034,1,1,4,capls,c7,0,0.159,5.718,True,262335,3297800,3019264,278536,5578186,,,4,842996,,3.2134332056340176,"{""block_cap"": 0.08}",False,
case_034,1,1,4,capls,c8,0,0.572,4.756,True,363953,12732098,12584642,147456,15012484,,,17,842996,,2.3162221495632678,"{""block_cap"": 0.005}",False,
case_034,1,1,4,capls,c9,0,0.215,5.718,True,262335,3297800,3019264,278536,5578186,,,4,842996,,3.2134332056340176,"{""block_cap"": 0.35, ""max_ops"": 2000}",False,
case_034,1,1,4,capls,c10,0,0.226,5.042,True,322044,2912264,2328576,583688,5192650,,,3,842996,,2.6176423097464943,"{""block_cap"": 0.35, ""cores_used"": 3}",False,
case_034,1,1,4,capls,c11,0,0.086,7.619,True,448308,1972744,1238528,734216,4253130,,,2,842996,,1.880394728624071,"{""block_cap"": 0.35, ""cores_used"": 2}",False,
case_034,1,1,4,capls,c12,0,0.422,5.315,True,225165,3101184,3019264,81920,5381570,,,4,842996,,3.7439033597583995,"{""block_cap"": 0.35, ""init"": ""rr"", ""level_mode"": ""alap_fill""}",False,
case_034,1,1,4,capls,c13,0,0.479,5.315,True,225165,3101184,3019264,81920,5381570,,,4,842996,,3.7439033597583995,"{""block_cap"": 0.35, ""init"": ""rr"", ""level_mode"": ""alap_compress""}",False,
case_034,1,1,4,capls,sa1,0,0.004,5.261,True,225799,4932160,4850240,81920,7212546,,,5,842996,,3.733391201909663,"{""anneal"": true, ""anneal_seconds"": 19.076}",False,
case_034,1,1,4,capls,sa2,0,0.004,5.313,True,225813,4988480,4906560,81920,7268866,,,5,842996,,3.733159738367587,"{""anneal"": true, ""anneal_seconds"": 19.076}",False,
case_034,1,1,4,capls,sa3,0,0.004,4.867,True,226249,4868696,4794968,73728,7149082,,,5,842996,,3.7259656396271366,"{""anneal"": true, ""anneal_seconds"": 19.076}",False,
case_034,1,1,4,capls,_best,0,0.446,5.315,True,225165,3101184,3019264,81920,5381570,,,4,842996,,3.7439033597583995,"{""block_cap"": 0.35, ""init"": ""rr""}",True,results\plans\case_034_p1_n4_capls_best.json
case_035,1,1,4,capls,c0,0,0.371,1.441,True,118022,981134,981134,0,1391988,,,56,169571,,1.436774499669553,"{""block_cap"": 0.35}",False,
case_035,1,1,4,capls,c1,0,0.731,2.178,True,171540,2190770,2190770,0,2601624,,,247,169571,,0.988521627608721,"{""block_cap"": 0.15}",False,
case_035,1,1,4,capls,c2,0,0.46,1.288,True,115295,1071056,1071056,0,1481910,,,85,169571,,1.4707576217528948,"{""block_cap"": 0.35, ""init"": ""rr""}",False,
case_035,1,1,4,capls,c3,0,0.484,2.305,True,120510,102160,102160,0,513014,,,7,169571,,1.4071114430337732,"{""block_cap"": 0.35, ""init"": ""contig""}",False,
case_035,1,1,4,capls,c4,0,0.478,2.311,True,145791,1205042,1205042,0,1615896,,,275,169571,,1.1631102057054277,"{""block_cap"": 0.35, ""subgraph_mode"": ""block""}",False,
case_035,1,1,4,capls,c5,0,0.565,2.088,True,137027,1205042,1205042,0,1615896,,,275,169571,,1.2375006385602838,"{""block_cap"": 0.35, ""init"": ""rr"", ""subgraph_mode"": ""block""}",False,
case_035,1,1,4,capls,c6,0,0.38,1.441,True,118022,981134,981134,0,1391988,,,56,169571,,1.436774499669553,"{""block_cap"": 0.6, ""comm_weight"": 1e-06}",False,
case_035,1,1,4,capls,c7,0,0.84,1.665,True,176727,2104886,2104886,0,2515740,,,246,169571,,0.9595081679652798,"{""block_cap"": 0.08}",False,
case_035,1,1,4,capls,c8,0,0.943,2.194,True,193508,2638804,2638804,0,3049658,,,328,169571,,0.8762996878682018,"{""block_cap"": 0.005}",False,
case_035,1,1,4,capls,c9,0,0.432,1.441,True,118022,981134,981134,0,1391988,,,56,169571,,1.436774499669553,"{""block_cap"": 0.35, ""max_ops"": 2000}",False,
case_035,1,1,4,capls,c10,0,0.172,1.534,True,130778,990226,990226,0,1401080,,,58,169571,,1.2966324611173132,"{""block_cap"": 0.35, ""cores_used"": 3}",False,
case_035,1,1,4,capls,c11,0,0.177,1.22,True,158327,723148,723148,0,1134002,,,20,169571,,1.071017577545207,"{""block_cap"": 0.35, ""cores_used"": 2}",False,
case_035,1,1,4,capls,c12,0,0.59,1.288,True,105203,1731896,1731896,0,2142750,,,100,169571,,1.6118456698002908,"{""block_cap"": 0.35, ""init"": ""rr"", ""level_mode"": ""alap_fill""}",True,
case_035,1,1,4,capls,c13,0,0.527,1.288,True,105203,1731896,1731896,0,2142750,,,100,169571,,1.6118456698002908,"{""block_cap"": 0.35, ""init"": ""rr"", ""level_mode"": ""alap_compress""}",False,
case_035,1,1,4,capls,sa1,0,1.038,1.018,True,105272,1729816,1729816,0,2140670,,,99,169571,,1.6107891937077286,"{""anneal"": true, ""anneal_seconds"": 2.541}",False,
case_035,1,1,4,capls,sa2,0,0.969,0.964,True,105225,1729816,1729816,0,2140670,,,100,169571,,1.6115086718935614,"{""anneal"": true, ""anneal_seconds"": 2.541}",False,
case_035,1,1,4,capls,sa3,0,1.085,1.08,True,105225,1731864,1731864,0,2142718,,,101,169571,,1.6115086718935614,"{""anneal"": true, ""anneal_seconds"": 2.541}",False,
case_035,1,1,4,capls,_best,0,0.519,1.288,True,105203,1731896,1731896,0,2142750,,,100,169571,,1.6118456698002908,"{""block_cap"": 0.35, ""init"": ""rr"", ""level_mode"": ""alap_fill""}",True,results\plans\case_035_p1_n4_capls_best.json
case_036,1,1,4,capls,c0,0,0.13,0.831,True,233584,3456,3456,0,6558208,,,4,931510,,3.987901568600589,"{""block_cap"": 0.35}",True,
case_036,1,1,4,capls,c1,0,0.122,0.831,True,233584,3456,3456,0,6558208,,,4,931510,,3.987901568600589,"{""block_cap"": 0.15}",False,
case_036,1,1,4,capls,c2,0,0.138,0.831,True,233584,3456,3456,0,6558208,,,4,931510,,3.987901568600589,"{""block_cap"": 0.35, ""init"": ""rr""}",False,
case_036,1,1,4,capls,c3,0,0.151,1.174,True,233584,3456,3456,0,6558208,,,4,931510,,3.987901568600589,"{""block_cap"": 0.35, ""init"": ""contig""}",False,
case_036,1,1,4,capls,c4,0,0.155,4.143,True,409500,920448,920448,0,7475200,,,800,931510,,2.2747496947496946,"{""block_cap"": 0.35, ""subgraph_mode"": ""block""}",False,
case_036,1,1,4,capls,c5,0,0.122,4.143,True,409500,920448,920448,0,7475200,,,800,931510,,2.2747496947496946,"{""block_cap"": 0.35, ""init"": ""rr"", ""subgraph_mode"": ""block""}",False,
case_036,1,1,4,capls,c6,0,0.122,0.831,True,233584,3456,3456,0,6558208,,,4,931510,,3.987901568600589,"{""block_cap"": 0.6, ""comm_weight"": 1e-06}",False,
case_036,1,1,4,capls,c7,0,0.119,0.831,True,233584,3456,3456,0,6558208,,,4,931510,,3.987901568600589,"{""block_cap"": 0.08}",False,
case_036,1,1,4,capls,c8,0,0.109,0.831,True,233584,3456,3456,0,6558208,,,4,931510,,3.987901568600589,"{""block_cap"": 0.005}",False,
case_036,1,1,4,capls,c9,0,0.142,0.831,True,233584,3456,3456,0,6558208,,,4,931510,,3.987901568600589,"{""block_cap"": 0.35, ""max_ops"": 2000}",False,
case_036,1,1,4,capls,c10,0,0.102,1.196,True,311345,2304,2304,0,6557056,,,3,931510,,2.991890025534375,"{""block_cap"": 0.35, ""cores_used"": 3}",False,
case_036,1,1,4,capls,c11,0,0.078,2.127,True,466068,1152,1152,0,6555904,,,2,931510,,1.998656848356892,"{""block_cap"": 0.35, ""cores_used"": 2}",False,
case_036,1,1,4,capls,c12,0,0.12,0.831,True,233584,3456,3456,0,6558208,,,4,931510,,3.987901568600589,"{""block_cap"": 0.35, ""init"": ""rr"", ""level_mode"": ""alap_fill""}",False,
case_036,1,1,4,capls,c13,0,0.12,0.831,True,233584,3456,3456,0,6558208,,,4,931510,,3.987901568600589,"{""block_cap"": 0.35, ""init"": ""rr"", ""level_mode"": ""alap_compress""}",False,
case_036,1,1,4,capls,sa1,0,0.003,1.39,True,274984,2461056,2461056,0,9015808,,,5,931510,,3.387506182177872,"{""anneal"": true, ""anneal_seconds"": 11.884}",False,
case_036,1,1,4,capls,sa2,0,0.002,1.442,True,274984,2461056,2461056,0,9015808,,,5,931510,,3.387506182177872,"{""anneal"": true, ""anneal_seconds"": 11.884}",False,
case_036,1,1,4,capls,sa3,0,0.002,1.542,True,274984,2461056,2461056,0,9015808,,,5,931510,,3.387506182177872,"{""anneal"": true, ""anneal_seconds"": 11.884}",False,
case_036,1,1,4,capls,_best,0,0.167,0.831,True,233584,3456,3456,0,6558208,,,4,931510,,3.987901568600589,"{""block_cap"": 0.35}",True,results\plans\case_036_p1_n4_capls_best.json
case_035,1,1,5,capls,c0,0,0.469,1.413,True,110387,930692,930692,0,1341546,,,58,169571,,1.5361500901374257,"{""block_cap"": 0.35}",False,
case_035,1,1,5,capls,c1,0,0.812,2.217,True,173434,1837174,1837174,0,2248028,,,265,169571,,0.9777263973615323,"{""block_cap"": 0.15}",False,
case_035,1,1,5,capls,c2,0,0.61,1.922,True,92181,1174610,1174610,0,1585464,,,90,169571,,1.8395439407253122,"{""block_cap"": 0.35, ""init"": ""rr""}",False,
case_035,1,1,5,capls,c3,0,0.521,2.23,True,104082,189096,189096,0,599950,,,10,169571,,1.6292058184892682,"{""block_cap"": 0.35, ""init"": ""contig""}",False,
case_035,1,1,5,capls,c4,0,0.559,2.1,True,139410,1205042,1205042,0,1615896,,,275,169571,,1.2163474643138943,"{""block_cap"": 0.35, ""subgraph_mode"": ""block""}",False,
case_035,1,1,5,capls,c5,0,0.533,1.722,True,123498,1205042,1205042,0,1615896,,,275,169571,,1.3730667703120698,"{""block_cap"": 0.35, ""init"": ""rr"", ""subgraph_mode"": ""block""}",False,
case_035,1,1,5,capls,c6,0,0.598,1.413,True,110387,930692,930692,0,1341546,,,58,169571,,1.5361500901374257,"{""block_cap"": 0.6, ""comm_weight"": 1e-06}",False,
case_035,1,1,5,capls,c7,0,0.803,1.769,True,172551,2010366,2010366,0,2421220,,,291,169571,,0.9827297436699874,"{""block_cap"": 0.08}",False,
case_035,1,1,5,capls,c8,0,0.817,3.719,True,207067,2979050,2979050,0,3389904,,,431,169571,,0.8189185142973048,"{""block_cap"": 0.005}",False,
case_035,1,1,5,capls,c9,0,0.486,1.413,True,110387,930692,930692,0,1341546,,,58,169571,,1.5361500901374257,"{""block_cap"": 0.35, ""max_ops"": 2000}",False,
case_035,1,1,5,capls,c10,0,0.503,1.214,True,118022,981134,981134,0,1391988,,,56,169571,,1.436774499669553,"{""block_cap"": 0.35, ""cores_used"": 4}",False,
case_035,1,1,5,capls,c11,0,0.187,1.487,True,158327,723148,723148,0,1134002,,,20,169571,,1.071017577545207,"{""block_cap"": 0.35, ""cores_used"": 2}",False,
case_035,1,1,5,capls,c12,0,0.572,1.451,True,89476,1821886,1821886,0,2232740,,,100,169571,,1.8951562430148867,"{""block_cap"": 0.35, ""init"": ""rr"", ""level_mode"": ""alap_fill""}",True,
case_035,1,1,5,capls,c13,0,0.498,1.451,True,89476,1821886,1821886,0,2232740,,,100,169571,,1.8951562430148867,"{""block_cap"": 0.35, ""init"": ""rr"", ""level_mode"": ""alap_compress""}",False,
case_035,1,1,5,capls,sa1,0,1.756,1.743,True,93842,3243224,3243224,0,3654078,,,261,169571,,1.8069840796231964,"{""anneal"": true, ""anneal_seconds"": 2.783}",False,
case_035,1,1,5,capls,sa2,0,1.738,1.734,True,94255,3243350,3243350,0,3654204,,,261,169571,,1.799066362527187,"{""anneal"": true, ""anneal_seconds"": 2.783}",False,
case_035,1,1,5,capls,sa3,0,1.54,1.535,True,94331,3243222,3243222,0,3654076,,,260,169571,,1.7976169021848596,"{""anneal"": true, ""anneal_seconds"": 2.783}",False,
case_035,1,1,5,capls,_best,0,0.544,1.451,True,89476,1821886,1821886,0,2232740,,,100,169571,,1.8951562430148867,"{""block_cap"": 0.35, ""init"": ""rr"", ""level_mode"": ""alap_fill""}",True,results\plans\case_035_p1_n5_capls_best.json
case_037,1,1,4,capls,c0,0,0.053,0.183,True,53320,614400,614400,0,1228800,,,4,210001,,3.938503375843961,"{""block_cap"": 0.35}",True,
case_037,1,1,4,capls,c1,0,0.047,0.183,True,53320,614400,614400,0,1228800,,,4,210001,,3.938503375843961,"{""block_cap"": 0.15}",False,
case_037,1,1,4,capls,c2,0,0.054,0.183,True,53320,614400,614400,0,1228800,,,4,210001,,3.938503375843961,"{""block_cap"": 0.35, ""init"": ""rr""}",False,
case_037,1,1,4,capls,c3,0,0.052,0.236,True,53320,1105920,1105920,0,1720320,,,4,210001,,3.938503375843961,"{""block_cap"": 0.35, ""init"": ""contig""}",False,
case_037,1,1,4,capls,c4,0,0.039,0.189,True,57400,1925120,1925120,0,2539520,,,20,210001,,3.6585540069686413,"{""block_cap"": 0.35, ""subgraph_mode"": ""block""}",False,
case_037,1,1,4,capls,c5,0,0.051,0.189,True,57400,1925120,1925120,0,2539520,,,20,210001,,3.6585540069686413,"{""block_cap"": 0.35, ""init"": ""rr"", ""subgraph_mode"": ""block""}",False,
case_037,1,1,4,capls,c6,0,0.041,0.183,True,53320,614400,614400,0,1228800,,,4,210001,,3.938503375843961,"{""block_cap"": 0.6, ""comm_weight"": 1e-06}",False,
case_037,1,1,4,capls,c7,0,0.04,0.183,True,53320,614400,614400,0,1228800,,,4,210001,,3.938503375843961,"{""block_cap"": 0.08}",False,
case_037,1,1,4,capls,c8,0,0.206,0.398,True,93166,4182016,4182016,0,4796416,,,12,210001,,2.2540519073481744,"{""block_cap"": 0.005}",False,
case_037,1,1,4,capls,c9,0,0.033,0.183,True,53320,614400,614400,0,1228800,,,4,210001,,3.938503375843961,"{""block_cap"": 0.35, ""max_ops"": 2000}",False,
case_037,1,1,4,capls,c10,0,0.025,0.298,True,74038,1064960,1064960,0,1679360,,,3,210001,,2.836394824279424,"{""block_cap"": 0.35, ""cores_used"": 3}",False,
case_037,1,1,4,capls,c11,0,0.017,0.233,True,105374,204800,204800,0,819200,,,2,210001,,1.992910964754114,"{""block_cap"": 0.35, ""cores_used"": 2}",False,
case_037,1,1,4,capls,c12,0,0.033,0.183,True,53320,614400,614400,0,1228800,,,4,210001,,3.938503375843961,"{""block_cap"": 0.35, ""init"": ""rr"", ""level_mode"": ""alap_fill""}",False,
case_037,1,1,4,capls,c13,0,0.034,0.183,True,53320,614400,614400,0,1228800,,,4,210001,,3.938503375843961,"{""block_cap"": 0.35, ""init"": ""rr"", ""level_mode"": ""alap_compress""}",False,
case_037,1,1,4,capls,sa1,0,0.001,0.268,True,60493,1421312,1421312,0,2035712,,,5,210001,,3.4714925693881935,"{""anneal"": true, ""anneal_seconds"": 3.742}",False,
case_037,1,1,4,capls,sa2,0,0.0,0.268,True,60493,1421312,1421312,0,2035712,,,5,210001,,3.4714925693881935,"{""anneal"": true, ""anneal_seconds"": 3.742}",False,
case_037,1,1,4,capls,sa3,0,0.0,0.261,True,60493,1421312,1421312,0,2035712,,,5,210001,,3.4714925693881935,"{""anneal"": true, ""anneal_seconds"": 3.742}",False,
case_037,1,1,4,capls,_best,0,0.034,0.183,True,53320,614400,614400,0,1228800,,,4,210001,,3.938503375843961,"{""block_cap"": 0.35}",True,results\plans\case_037_p1_n4_capls_best.json
case_037,1,1,3,capls,c0,0,0.04,0.244,True,74038,1064960,1064960,0,1679360,,,3,210001,,2.836394824279424,"{""block_cap"": 0.35}",True,
case_037,1,1,3,capls,c1,0,0.039,0.244,True,74038,1064960,1064960,0,1679360,,,3,210001,,2.836394824279424,"{""block_cap"": 0.15}",False,
case_037,1,1,3,capls,c2,0,0.028,0.244,True,74038,1064960,1064960,0,1679360,,,3,210001,,2.836394824279424,"{""block_cap"": 0.35, ""init"": ""rr""}",False,
case_037,1,1,3,capls,c3,0,0.035,0.238,True,74038,737280,737280,0,1351680,,,3,210001,,2.836394824279424,"{""block_cap"": 0.35, ""init"": ""contig""}",False,
case_037,1,1,3,capls,c4,0,0.036,0.196,True,79016,1925120,1925120,0,2539520,,,20,210001,,2.6577022375215145,"{""block_cap"": 0.35, ""subgraph_mode"": ""block""}",False,
case_037,1,1,3,capls,c5,0,0.027,0.196,True,79016,1925120,1925120,0,2539520,,,20,210001,,2.6577022375215145,"{""block_cap"": 0.35, ""init"": ""rr"", ""subgraph_mode"": ""block""}",False,
case_037,1,1,3,capls,c6,0,0.023,0.21,True,84518,655360,655360,0,1269760,,,3,210001,,2.4846896519084694,"{""block_cap"": 0.6, ""comm_weight"": 1e-06}",False,
case_037,1,1,3,capls,c7,0,0.045,0.576,True,80265,2048000,2048000,0,2662400,,,6,210001,,2.616345854357441,"{""block_cap"": 0.08}",False,
case_037,1,1,3,capls,c8,0,0.139,0.484,True,124643,5416960,5416960,0,6031360,,,10,210001,,1.6848198454786871,"{""block_cap"": 0.005}",False,
case_037,1,1,3,capls,c9,0,0.035,0.244,True,74038,1064960,1064960,0,1679360,,,3,210001,,2.836394824279424,"{""block_cap"": 0.35, ""max_ops"": 2000}",False,
case_037,1,1,3,capls,c10,0,0.023,0.228,True,105374,204800,204800,0,819200,,,2,210001,,1.992910964754114,"{""block_cap"": 0.35, ""cores_used"": 2}",False,
case_037,1,1,3,capls,c11,0,0.013,0.247,True,210001,0,0,0,614400,,,1,210001,,1.0,"{""block_cap"": 0.35, ""cores_used"": 1}",False,
case_037,1,1,3,capls,c12,0,0.041,0.244,True,74038,1064960,1064960,0,1679360,,,3,210001,,2.836394824279424,"{""block_cap"": 0.35, ""init"": ""rr"", ""level_mode"": ""alap_fill""}",False,
case_037,1,1,3,capls,c13,0,0.032,0.244,True,74038,1064960,1064960,0,1679360,,,3,210001,,2.836394824279424,"{""block_cap"": 0.35, ""init"": ""rr"", ""level_mode"": ""alap_compress""}",False,
case_037,1,1,3,capls,sa1,0,0.001,0.382,True,74038,2224128,2224128,0,2838528,,,5,210001,,2.836394824279424,"{""anneal"": true, ""anneal_seconds"": 4.52}",False,
case_037,1,1,3,capls,sa2,0,0.281,0.277,True,74038,1740800,1740800,0,2355200,,,4,210001,,2.836394824279424,"{""anneal"": true, ""anneal_seconds"": 4.52}",False,
case_037,1,1,3,capls,sa3,0,0.001,0.357,True,74038,2035712,2035712,0,2650112,,,4,210001,,2.836394824279424,"{""anneal"": true, ""anneal_seconds"": 4.52}",False,
case_037,1,1,3,capls,_best,0,0.026,0.244,True,74038,1064960,1064960,0,1679360,,,3,210001,,2.836394824279424,"{""block_cap"": 0.35}",True,results\plans\case_037_p1_n3_capls_best.json
case_036,1,1,5,capls,c0,0,0.208,0.898,True,187182,4608,4608,0,6559360,,,5,931510,,4.976493466252097,"{""block_cap"": 0.35}",True,
case_036,1,1,5,capls,c1,0,0.174,0.898,True,187182,4608,4608,0,6559360,,,5,931510,,4.976493466252097,"{""block_cap"": 0.15}",False,
case_036,1,1,5,capls,c2,0,0.146,0.898,True,187182,4608,4608,0,6559360,,,5,931510,,4.976493466252097,"{""block_cap"": 0.35, ""init"": ""rr""}",False,
case_036,1,1,5,capls,c3,0,0.126,1.123,True,187182,4608,4608,0,6559360,,,5,931510,,4.976493466252097,"{""block_cap"": 0.35, ""init"": ""contig""}",False,
case_036,1,1,5,capls,c4,0,0.173,3.86,True,352860,920448,920448,0,7475200,,,800,931510,,2.6398855069999434,"{""block_cap"": 0.35, ""subgraph_mode"": ""block""}",False,
case_036,1,1,5,capls,c5,0,0.145,3.86,True,352860,920448,920448,0,7475200,,,800,931510,,2.6398855069999434,"{""block_cap"": 0.35, ""init"": ""rr"", ""subgraph_mode"": ""block""}",False,
case_036,1,1,5,capls,c6,0,0.122,0.898,True,187182,4608,4608,0,6559360,,,5,931510,,4.976493466252097,"{""block_cap"": 0.6, ""comm_weight"": 1e-06}",False,
case_036,1,1,5,capls,c7,0,0.111,0.898,True,187182,4608,4608,0,6559360,,,5,931510,,4.976493466252097,"{""block_cap"": 0.08}",False,
case_036,1,1,5,capls,c8,0,0.533,2.554,True,356885,7389696,7389696,0,13944448,,,6,931510,,2.6101125012258852,"{""block_cap"": 0.005}",False,
case_036,1,1,5,capls,c9,0,0.158,0.898,True,187182,4608,4608,0,6559360,,,5,931510,,4.976493466252097,"{""block_cap"": 0.35, ""max_ops"": 2000}",False,
case_036,1,1,5,capls,c10,0,0.137,0.963,True,233584,3456,3456,0,6558208,,,4,931510,,3.987901568600589,"{""block_cap"": 0.35, ""cores_used"": 4}",False,
case_036,1,1,5,capls,c11,0,0.148,1.983,True,466068,1152,1152,0,6555904,,,2,931510,,1.998656848356892,"{""block_cap"": 0.35, ""cores_used"": 2}",False,
case_036,1,1,5,capls,c12,0,0.15,0.898,True,187182,4608,4608,0,6559360,,,5,931510,,4.976493466252097,"{""block_cap"": 0.35, ""init"": ""rr"", ""level_mode"": ""alap_fill""}",False,
case_036,1,1,5,capls,c13,0,0.15,0.898,True,187182,4608,4608,0,6559360,,,5,931510,,4.976493466252097,"{""block_cap"": 0.35, ""init"": ""rr"", ""level_mode"": ""alap_compress""}",False,
case_036,1,1,5,capls,sa1,0,0.003,1.277,True,220302,1970688,1970688,0,8525440,,,6,931510,,4.2283320169585386,"{""anneal"": true, ""anneal_seconds"": 9.055}",False,
case_036,1,1,5,capls,sa2,0,0.907,0.895,True,220302,1970688,1970688,0,8525440,,,6,931510,,4.2283320169585386,"{""anneal"": true, ""anneal_seconds"": 9.055}",False,
case_036,1,1,5,capls,sa3,0,0.001,1.251,True,220302,1970688,1970688,0,8525440,,,6,931510,,4.2283320169585386,"{""anneal"": true, ""anneal_seconds"": 9.055}",False,
case_036,1,1,5,capls,_best,0,0.137,0.898,True,187182,4608,4608,0,6559360,,,5,931510,,4.976493466252097,"{""block_cap"": 0.35}",True,results\plans\case_036_p1_n5_capls_best.json
case_034,1,1,3,capls,c0,0,0.286,5.417,True,322044,2912264,2328576,583688,5192650,,,3,842996,,2.6176423097464943,"{""block_cap"": 0.35}",False,
case_034,1,1,3,capls,c1,0,0.272,5.417,True,322044,2912264,2328576,583688,5192650,,,3,842996,,2.6176423097464943,"{""block_cap"": 0.15}",False,
case_034,1,1,3,capls,c2,0,0.317,5.417,True,278567,2647040,2328576,318464,4927426,,,3,842996,,3.026187595802805,"{""block_cap"": 0.35, ""init"": ""rr""}",True,
case_034,1,1,3,capls,c3,0,0.325,4.26,True,308280,889352,610816,278536,3169738,,,3,842996,,2.7345140781108084,"{""block_cap"": 0.35, ""init"": ""contig""}",False,
case_034,1,1,3,capls,c4,0,0.264,1.583,True,346914,6690304,6690304,0,8970690,,,155,842996,,2.4299855295548753,"{""block_cap"": 0.35, ""subgraph_mode"": ""block""}",False,
case_034,1,1,3,capls,c5,0,0.194,1.76,True,305165,6690304,6690304,0,8970690,,,155,842996,,2.7624268838169517,"{""block_cap"": 0.35, ""init"": ""rr"", ""subgraph_mode"": ""block""}",False,
case_034,1,1,3,capls,c6,0,0.258,5.417,True,322044,2912264,2328576,583688,5192650,,,3,842996,,2.6176423097464943,"{""block_cap"": 0.6, ""comm_weight"": 1e-06}",False,
case_034,1,1,3,capls,c7,0,0.278,5.417,True,322044,2912264,2328576,583688,5192650,,,3,842996,,2.6176423097464943,"{""block_cap"": 0.08}",False,
case_034,1,1,3,capls,c8,0,0.205,5.328,True,435260,12906572,12570684,335888,15186958,,,12,842996,,1.9367642328723063,"{""block_cap"": 0.005}",False,
case_034,1,1,3,capls,c9,0,0.2,5.417,True,322044,2912264,2328576,583688,5192650,,,3,842996,,2.6176423097464943,"{""block_cap"": 0.35, ""max_ops"": 2000}",False,
case_034,1,1,3,capls,c10,0,0.105,6.143,True,448308,1972744,1238528,734216,4253130,,,2,842996,,1.880394728624071,"{""block_cap"": 0.35, ""cores_used"": 2}",False,
case_034,1,1,3,capls,c11,0,0.093,6.469,True,842996,1079832,0,1079832,3360218,,,1,842996,,1.0,"{""block_cap"": 0.35, ""cores_used"": 1}",False,
case_034,1,1,3,capls,c12,0,0.183,5.417,True,278567,2647040,2328576,318464,4927426,,,3,842996,,3.026187595802805,"{""block_cap"": 0.35, ""init"": ""rr"", ""level_mode"": ""alap_fill""}",False,
case_034,1,1,3,capls,c13,0,0.181,5.417,True,278567,2647040,2328576,318464,4927426,,,3,842996,,3.026187595802805,"{""block_cap"": 0.35, ""init"": ""rr"", ""level_mode"": ""alap_compress""}",False,
case_034,1,1,3,capls,sa1,0,0.004,4.545,True,298911,4894308,4653156,241152,7174694,,,4,842996,,2.8202240800773475,"{""anneal"": true, ""anneal_seconds"": 30.604}",False,
case_034,1,1,3,capls,sa2,0,0.004,4.489,True,300326,4862572,4711532,151040,7142958,,,4,842996,,2.80693646237755,"{""anneal"": true, ""anneal_seconds"": 30.604}",False,
case_034,1,1,3,capls,sa3,0,0.003,4.543,True,303420,4972676,4727940,244736,7253062,,,4,842996,,2.7783138883395955,"{""anneal"": true, ""anneal_seconds"": 30.604}",False,
case_034,1,1,3,capls,_best,0,0.247,5.417,True,278567,2647040,2328576,318464,4927426,,,3,842996,,3.026187595802805,"{""block_cap"": 0.35, ""init"": ""rr""}",True,results\plans\case_034_p1_n3_capls_best.json
case_033,1,1,2,capls,c0,0,0.107,6.806,True,904907,6645792,2059296,4586496,9618702,,,2,1774196,,1.960639049095653,"{""block_cap"": 0.35}",False,
case_033,1,1,2,capls,c1,0,0.107,6.806,True,904907,6645792,2059296,4586496,9618702,,,2,1774196,,1.960639049095653,"{""block_cap"": 0.15}",False,
case_033,1,1,2,capls,c2,0,0.161,6.462,True,894566,6224928,2059296,4165632,9197838,,,2,1774196,,1.9833036355059326,"{""block_cap"": 0.35, ""init"": ""rr""}",False,
case_033,1,1,2,capls,c3,0,0.159,6.023,True,893844,4953600,2056704,2896896,7926510,,,2,1774196,,1.984905643490363,"{""block_cap"": 0.35, ""init"": ""contig""}",True,
case_033,1,1,2,capls,c4,0,0.07,1.229,True,924274,12770976,12770976,0,15743886,,,92,1774196,,1.9195563220430305,"{""block_cap"": 0.35, ""subgraph_mode"": ""block""}",False,
case_033,1,1,2,capls,c5,0,0.096,1.687,True,911269,12770976,12770976,0,15743886,,,92,1774196,,1.9469509003378804,"{""block_cap"": 0.35, ""init"": ""rr"", ""subgraph_mode"": ""block""}",False,
case_033,1,1,2,capls,c6,0,0.073,6.806,True,904907,6645792,2059296,4586496,9618702,,,2,1774196,,1.960639049095653,"{""block_cap"": 0.6, ""comm_weight"": 1e-06}",False,
case_033,1,1,2,capls,c7,0,0.118,6.806,True,904907,6645792,2059296,4586496,9618702,,,2,1774196,,1.960639049095653,"{""block_cap"": 0.08}",False,
case_033,1,1,2,capls,c8,0,0.142,5.229,True,972907,11104804,10218532,886272,14077714,,,8,1774196,,1.8236028726281135,"{""block_cap"": 0.005}",False,
case_033,1,1,2,capls,c9,0,0.125,6.806,True,904907,6645792,2059296,4586496,9618702,,,2,1774196,,1.960639049095653,"{""block_cap"": 0.35, ""max_ops"": 2000}",False,
case_033,1,1,2,capls,c10,0,0.056,6.173,True,1774196,4592640,0,4592640,7565550,,,1,1774196,,1.0,"{""block_cap"": 0.35, ""cores_used"": 1}",False,
case_033,1,1,2,capls,c11,0,0.057,6.173,True,1774196,4592640,0,4592640,7565550,,,1,1774196,,1.0,"{""block_cap"": 0.35, ""cores_used"": 1}",False,
case_033,1,1,2,capls,c12,0,0.165,6.462,True,894566,6224928,2059296,4165632,9197838,,,2,1774196,,1.9833036355059326,"{""block_cap"": 0.35, ""init"": ""rr"", ""level_mode"": ""alap_fill""}",False,
case_033,1,1,2,capls,c13,0,0.156,6.462,True,894566,6224928,2059296,4165632,9197838,,,2,1774196,,1.9833036355059326,"{""block_cap"": 0.35, ""init"": ""rr"", ""level_mode"": ""alap_compress""}",False,
case_033,1,1,2,capls,sa1,0,0.002,4.582,True,949076,10902584,8117816,2784768,13875494,,,3,1774196,,1.8693929674757344,"{""anneal"": true, ""anneal_seconds"": 56.727}",False,
case_033,1,1,2,capls,sa2,0,3.947,3.934,True,980571,13056000,10523136,2532864,16028910,,,3,1774196,,1.8093498583988308,"{""anneal"": true, ""anneal_seconds"": 56.727}",False,
case_033,1,1,2,capls,sa3,0,2.056,2.05,True,1773096,4953600,2056704,2896896,7926510,,,2,1774196,,1.0006203837806864,"{""anneal"": true, ""anneal_seconds"": 56.727}",False,
case_033,1,1,2,capls,_best,0,0.144,6.023,True,893844,4953600,2056704,2896896,7926510,,,2,1774196,,1.984905643490363,"{""block_cap"": 0.35, ""init"": ""contig""}",True,results\plans\case_033_p1_n2_capls_best.json
case_037,1,1,5,capls,c0,0,0.049,0.255,True,43800,1925120,1925120,0,2539520,,,5,210001,,4.794543378995434,"{""block_cap"": 0.35}",False,
case_037,1,1,5,capls,c1,0,0.05,0.255,True,43800,1925120,1925120,0,2539520,,,5,210001,,4.794543378995434,"{""block_cap"": 0.15}",False,
case_037,1,1,5,capls,c2,0,0.044,0.255,True,43800,1925120,1925120,0,2539520,,,5,210001,,4.794543378995434,"{""block_cap"": 0.35, ""init"": ""rr""}",False,
case_037,1,1,5,capls,c3,0,0.052,0.188,True,43013,1310720,1310720,0,1925120,,,5,210001,,4.882268151489085,"{""block_cap"": 0.35, ""init"": ""contig""}",True,
case_037,1,1,5,capls,c4,0,0.064,0.183,True,46592,1925120,1925120,0,2539520,,,20,210001,,4.507233001373627,"{""block_cap"": 0.35, ""subgraph_mode"": ""block""}",False,
case_037,1,1,5,capls,c5,0,0.045,0.183,True,46592,1925120,1925120,0,2539520,,,20,210001,,4.507233001373627,"{""block_cap"": 0.35, ""init"": ""rr"", ""subgraph_mode"": ""block""}",False,
case_037,1,1,5,capls,c6,0,0.044,0.255,True,43800,1925120,1925120,0,2539520,,,5,210001,,4.794543378995434,"{""block_cap"": 0.6, ""comm_weight"": 1e-06}",False,
case_037,1,1,5,capls,c7,0,0.056,0.255,True,43800,1925120,1925120,0,2539520,,,5,210001,,4.794543378995434,"{""block_cap"": 0.08}",False,
case_037,1,1,5,capls,c8,0,0.254,0.575,True,103910,4618240,4618240,0,5232640,,,15,210001,,2.0209893176787603,"{""block_cap"": 0.005}",False,
case_037,1,1,5,capls,c9,0,0.044,0.255,True,43800,1925120,1925120,0,2539520,,,5,210001,,4.794543378995434,"{""block_cap"": 0.35, ""max_ops"": 2000}",False,
case_037,1,1,5,capls,c10,0,0.042,0.193,True,53320,614400,614400,0,1228800,,,4,210001,,3.938503375843961,"{""block_cap"": 0.35, ""cores_used"": 4}",False,
case_037,1,1,5,capls,c11,0,0.027,0.217,True,105374,204800,204800,0,819200,,,2,210001,,1.992910964754114,"{""block_cap"": 0.35, ""cores_used"": 2}",False,
case_037,1,1,5,capls,c12,0,0.067,0.255,True,43800,1925120,1925120,0,2539520,,,5,210001,,4.794543378995434,"{""block_cap"": 0.35, ""init"": ""rr"", ""level_mode"": ""alap_fill""}",False,
case_037,1,1,5,capls,c13,0,0.069,0.255,True,43800,1925120,1925120,0,2539520,,,5,210001,,4.794543378995434,"{""block_cap"": 0.35, ""init"": ""rr"", ""level_mode"": ""alap_compress""}",False,
case_037,1,1,5,capls,sa1,0,0.001,0.235,True,49990,1953792,1953792,0,2568192,,,6,210001,,4.200860172034407,"{""anneal"": true, ""anneal_seconds"": 2.787}",False,
case_037,1,1,5,capls,sa2,0,0.227,0.223,True,49990,1953792,1953792,0,2568192,,,6,210001,,4.200860172034407,"{""anneal"": true, ""anneal_seconds"": 2.787}",False,
case_037,1,1,5,capls,sa3,0,0.001,0.422,True,49990,1953792,1953792,0,2568192,,,6,210001,,4.200860172034407,"{""anneal"": true, ""anneal_seconds"": 2.787}",False,
case_037,1,1,5,capls,_best,0,0.057,0.188,True,43013,1310720,1310720,0,1925120,,,5,210001,,4.882268151489085,"{""block_cap"": 0.35, ""init"": ""contig""}",True,results\plans\case_037_p1_n5_capls_best.json
case_036,1,1,3,capls,c0,0,0.103,1.21,True,311345,2304,2304,0,6557056,,,3,931510,,2.991890025534375,"{""block_cap"": 0.35}",True,
case_036,1,1,3,capls,c1,0,0.097,1.21,True,311345,2304,2304,0,6557056,,,3,931510,,2.991890025534375,"{""block_cap"": 0.15}",False,
case_036,1,1,3,capls,c2,0,0.098,1.21,True,311345,2304,2304,0,6557056,,,3,931510,,2.991890025534375,"{""block_cap"": 0.35, ""init"": ""rr""}",False,
case_036,1,1,3,capls,c3,0,0.113,1.595,True,311345,2304,2304,0,6557056,,,3,931510,,2.991890025534375,"{""block_cap"": 0.35, ""init"": ""contig""}",False,
case_036,1,1,3,capls,c4,0,0.076,4.009,True,504372,920448,920448,0,7475200,,,800,931510,,1.8468709603229363,"{""block_cap"": 0.35, ""subgraph_mode"": ""block""}",False,
case_036,1,1,3,capls,c5,0,0.072,4.009,True,504372,920448,920448,0,7475200,,,800,931510,,1.8468709603229363,"{""block_cap"": 0.35, ""init"": ""rr"", ""subgraph_mode"": ""block""}",False,
case_036,1,1,3,capls,c6,0,0.096,1.21,True,311345,2304,2304,0,6557056,,,3,931510,,2.991890025534375,"{""block_cap"": 0.6, ""comm_weight"": 1e-06}",False,
case_036,1,1,3,capls,c7,0,0.08,1.21,True,311345,2304,2304,0,6557056,,,3,931510,,2.991890025534375,"{""block_cap"": 0.08}",False,
case_036,1,1,3,capls,c8,0,0.104,1.21,True,311345,2304,2304,0,6557056,,,3,931510,,2.991890025534375,"{""block_cap"": 0.005}",False,
case_036,1,1,3,capls,c9,0,0.102,1.21,True,311345,2304,2304,0,6557056,,,3,931510,,2.991890025534375,"{""block_cap"": 0.35, ""max_ops"": 2000}",False,
case_036,1,1,3,capls,c10,0,0.066,2.228,True,466068,1152,1152,0,6555904,,,2,931510,,1.998656848356892,"{""block_cap"": 0.35, ""cores_used"": 2}",False,
case_036,1,1,3,capls,c11,0,0.029,3.099,True,931510,0,0,0,6554752,,,1,931510,,1.0,"{""block_cap"": 0.35, ""cores_used"": 1}",False,
case_036,1,1,3,capls,c12,0,0.1,1.21,True,311345,2304,2304,0,6557056,,,3,931510,,2.991890025534375,"{""block_cap"": 0.35, ""init"": ""rr"", ""level_mode"": ""alap_fill""}",False,
case_036,1,1,3,capls,c13,0,0.136,1.21,True,311345,2304,2304,0,6557056,,,3,931510,,2.991890025534375,"{""block_cap"": 0.35, ""init"": ""rr"", ""level_mode"": ""alap_compress""}",False,
case_036,1,1,3,capls,sa1,0,0.003,1.668,True,365457,3270912,3270912,0,9825664,,,4,931510,,2.54889084078291,"{""anneal"": true, ""anneal_seconds"": 20.64}",False,
case_036,1,1,3,capls,sa2,0,0.002,1.549,True,366621,3283200,3283200,0,9837952,,,4,931510,,2.540798263056399,"{""anneal"": true, ""anneal_seconds"": 20.64}",False,
case_036,1,1,3,capls,sa3,0,0.002,1.657,True,366621,3283200,3283200,0,9837952,,,4,931510,,2.540798263056399,"{""anneal"": true, ""anneal_seconds"": 20.64}",False,
case_036,1,1,3,capls,_best,0,0.108,1.21,True,311345,2304,2304,0,6557056,,,3,931510,,2.991890025534375,"{""block_cap"": 0.35}",True,results\plans\case_036_p1_n3_capls_best.json
case_037,1,1,2,capls,c0,0,0.018,0.191,True,105374,204800,204800,0,819200,,,2,210001,,1.992910964754114,"{""block_cap"": 0.35}",True,
case_037,1,1,2,capls,c1,0,0.026,0.191,True,105374,204800,204800,0,819200,,,2,210001,,1.992910964754114,"{""block_cap"": 0.15}",False,
case_037,1,1,2,capls,c2,0,0.027,0.191,True,105374,204800,204800,0,819200,,,2,210001,,1.992910964754114,"{""block_cap"": 0.35, ""init"": ""rr""}",False,
case_037,1,1,2,capls,c3,0,0.027,0.204,True,105374,368640,368640,0,983040,,,2,210001,,1.992910964754114,"{""block_cap"": 0.35, ""init"": ""contig""}",False,
case_037,1,1,2,capls,c4,0,0.023,0.209,True,111440,1925120,1925120,0,2539520,,,20,210001,,1.8844310839913856,"{""block_cap"": 0.35, ""subgraph_mode"": ""block""}",False,
case_037,1,1,2,capls,c5,0,0.027,0.209,True,111440,1925120,1925120,0,2539520,,,20,210001,,1.8844310839913856,"{""block_cap"": 0.35, ""init"": ""rr"", ""subgraph_mode"": ""block""}",False,
case_037,1,1,2,capls,c6,0,0.021,0.206,True,126265,327680,327680,0,942080,,,2,210001,,1.663176652278937,"{""block_cap"": 0.6, ""comm_weight"": 1e-06}",False,
case_037,1,1,2,capls,c7,0,0.018,0.191,True,105374,204800,204800,0,819200,,,2,210001,,1.992910964754114,"{""block_cap"": 0.08}",False,
case_037,1,1,2,capls,c8,0,0.033,0.683,True,148824,3788800,3788800,0,4403200,,,7,210001,,1.4110694511637907,"{""block_cap"": 0.005}",False,
case_037,1,1,2,capls,c9,0,0.017,0.191,True,105374,204800,204800,0,819200,,,2,210001,,1.992910964754114,"{""block_cap"": 0.35, ""max_ops"": 2000}",False,
case_037,1,1,2,capls,c10,0,0.007,0.248,True,210001,0,0,0,614400,,,1,210001,,1.0,"{""block_cap"": 0.35, ""cores_used"": 1}",False,
case_037,1,1,2,capls,c11,0,0.007,0.248,True,210001,0,0,0,614400,,,1,210001,,1.0,"{""block_cap"": 0.35, ""cores_used"": 1}",False,
case_037,1,1,2,capls,c12,0,0.019,0.191,True,105374,204800,204800,0,819200,,,2,210001,,1.992910964754114,"{""block_cap"": 0.35, ""init"": ""rr"", ""level_mode"": ""alap_fill""}",False,
case_037,1,1,2,capls,c13,0,0.029,0.191,True,105374,204800,204800,0,819200,,,2,210001,,1.992910964754114,"{""block_cap"": 0.35, ""init"": ""rr"", ""level_mode"": ""alap_compress""}",False,
case_037,1,1,2,capls,sa1,0,0.001,0.284,True,119189,1832960,1832960,0,2447360,,,3,210001,,1.7619159486194196,"{""anneal"": true, ""anneal_seconds"": 13.272}",False,
case_037,1,1,2,capls,sa2,0,0.0,0.357,True,119189,1832960,1832960,0,2447360,,,3,210001,,1.7619159486194196,"{""anneal"": true, ""anneal_seconds"": 13.272}",False,
case_037,1,1,2,capls,sa3,0,0.0,0.203,True,210502,204800,204800,0,819200,,,2,210001,,0.9976199751071249,"{""anneal"": true, ""anneal_seconds"": 13.272}",False,
case_037,1,1,2,capls,_best,0,0.016,0.191,True,105374,204800,204800,0,819200,,,2,210001,,1.992910964754114,"{""block_cap"": 0.35}",True,results\plans\case_037_p1_n2_capls_best.json
case_025,1,1,3,capls,c0,0,0.418,120.54,True,1622164,55296,55296,0,8272896,,,3,4863026,,2.9978633479722148,"{""block_cap"": 0.35}",True,
case_025,1,1,3,capls,c1,0,0.409,120.54,True,1622164,55296,55296,0,8272896,,,3,4863026,,2.9978633479722148,"{""block_cap"": 0.15}",False,
case_025,1,1,3,capls,c2,0,0.421,120.54,True,1622164,55296,55296,0,8272896,,,3,4863026,,2.9978633479722148,"{""block_cap"": 0.35, ""init"": ""rr""}",False,
case_025,1,1,3,capls,c3,0,0.35,122.759,True,1622164,55296,55296,0,8272896,,,3,4863026,,2.9978633479722148,"{""block_cap"": 0.35, ""init"": ""contig""}",False,
case_025,1,1,3,capls,sa1,0,0.013,160.44,True,1622164,6202368,6202368,0,14419968,,,4,4863026,,2.9978633479722148,"{""anneal"": true, ""anneal_seconds"": 83.563}",False,
case_025,1,1,3,capls,sa2,0,0.011,213.606,True,1853468,18640896,15058944,3581952,26858496,,,4,4863026,,2.6237442459216993,"{""anneal"": true, ""anneal_seconds"": 83.563}",False,
case_025,1,1,3,capls,sa3,0,87.314,87.209,True,1855740,18668544,15078912,3589632,26886144,,,4,4863026,,2.620531971073534,"{""anneal"": true, ""anneal_seconds"": 83.563}",False,
case_025,1,1,3,capls,_best,0,0.396,120.54,True,1622164,55296,55296,0,8272896,,,3,4863026,,2.9978633479722148,"{""block_cap"": 0.35}",True,results\plans\case_025_p1_n3_capls_best.json
case_040,1,1,2,capls,c0,0,0.099,0.844,True,206320,1168654,1168654,0,2079892,,,16,253454,,1.2284509499806127,"{""block_cap"": 0.35}",False,
case_040,1,1,2,capls,c1,0,0.205,0.849,True,248770,2539168,2539168,0,3450406,,,46,253454,,1.018828636893516,"{""block_cap"": 0.15}",False,
case_040,1,1,2,capls,c2,0,0.206,0.981,True,235353,1295532,1295532,0,2206770,,,14,253454,,1.0769100032716812,"{""block_cap"": 0.35, ""init"": ""rr""}",False,
case_040,1,1,2,capls,c3,0,0.137,1.438,True,205478,270868,270868,0,1182106,,,3,253454,,1.2334848499596063,"{""block_cap"": 0.35, ""init"": ""contig""}",False,
case_040,1,1,2,capls,c4,0,0.089,1.01,True,243888,1995150,1995150,0,2906388,,,170,253454,,1.0392229219969822,"{""block_cap"": 0.35, ""subgraph_mode"": ""block""}",False,
case_040,1,1,2,capls,c5,0,0.112,0.926,True,221958,1995150,1995150,0,2906388,,,170,253454,,1.1419007199560278,"{""block_cap"": 0.35, ""init"": ""rr"", ""subgraph_mode"": ""block""}",False,
case_040,1,1,2,capls,c6,0,0.11,0.629,True,240798,939274,939274,0,1850512,,,15,253454,,1.0525585760679075,"{""block_cap"": 0.6, ""comm_weight"": 1e-06}",False,
case_040,1,1,2,capls,c7,0,0.208,0.849,True,248770,2539168,2539168,0,3450406,,,46,253454,,1.018828636893516,"{""block_cap"": 0.08}",False,
case_040,1,1,2,capls,c8,0,0.311,1.121,True,239777,5604726,5604726,0,6515964,,,120,253454,,1.057040500131372,"{""block_cap"": 0.005}",False,
case_040,1,1,2,capls,c9,0,0.089,0.844,True,206320,1168654,1168654,0,2079892,,,16,253454,,1.2284509499806127,"{""block_cap"": 0.35, ""max_ops"": 2000}",False,
case_040,1,1,2,capls,c10,0,0.035,1.903,True,253454,0,0,0,911238,,,1,253454,,1.0,"{""block_cap"": 0.35, ""cores_used"": 1}",False,
case_040,1,1,2,capls,c11,0,0.051,1.903,True,253454,0,0,0,911238,,,1,253454,,1.0,"{""block_cap"": 0.35, ""cores_used"": 1}",False,
case_040,1,1,2,capls,c12,0,0.11,0.838,True,185290,2193632,2193632,0,3104870,,,24,253454,,1.3678773814021263,"{""block_cap"": 0.35, ""init"": ""rr"", ""level_mode"": ""alap_fill""}",True,
case_040,1,1,2,capls,c13,0,0.151,0.838,True,185290,2193632,2193632,0,3104870,,,24,253454,,1.3678773814021263,"{""block_cap"": 0.35, ""init"": ""rr"", ""level_mode"": ""alap_compress""}",False,
case_040,1,1,2,capls,sa1,0,0.824,0.814,True,193591,4142894,4142894,0,5054132,,,81,253454,,1.3092240858304363,"{""anneal"": true, ""anneal_seconds"": 1.893}",False,
case_040,1,1,2,capls,sa2,0,0.927,0.925,True,193591,4142894,4142894,0,5054132,,,82,253454,,1.3092240858304363,"{""anneal"": true, ""anneal_seconds"": 1.893}",False,
case_040,1,1,2,capls,sa3,0,0.855,0.853,True,193591,4142894,4142894,0,5054132,,,81,253454,,1.3092240858304363,"{""anneal"": true, ""anneal_seconds"": 1.893}",False,
case_040,1,1,2,capls,_best,0,0.114,0.838,True,185290,2193632,2193632,0,3104870,,,24,253454,,1.3678773814021263,"{""block_cap"": 0.35, ""init"": ""rr"", ""level_mode"": ""alap_fill""}",True,results\plans\case_040_p1_n2_capls_best.json
case_028,1,1,3,capls,c0,0,0.619,161.593,True,16770711,277369056,4296960,273072096,283277664,,,3,43836040,,2.613845054034978,"{""block_cap"": 0.35}",False,
case_028,1,1,3,capls,c1,0,0.585,161.593,True,16770711,277369056,4296960,273072096,283277664,,,3,43836040,,2.613845054034978,"{""block_cap"": 0.15}",False,
case_028,1,1,3,capls,c2,0,0.635,161.593,True,16770711,277369056,4296960,273072096,283277664,,,3,43836040,,2.613845054034978,"{""block_cap"": 0.35, ""init"": ""rr""}",False,
case_028,1,1,3,capls,c3,0,0.643,148.759,True,16770711,277369056,4296960,273072096,283277664,,,3,43836040,,2.613845054034978,"{""block_cap"": 0.35, ""init"": ""contig""}",False,
case_028,1,1,3,capls,sa1,0,80.556,80.473,True,15825612,260230704,6725376,253505328,266139312,,,4,43836040,,2.769942799052574,"{""anneal"": true, ""anneal_seconds"": 22.69}",False,
case_028,1,1,3,capls,sa2,0,0.013,169.972,True,15825612,260230704,6725376,253505328,266139312,,,4,43836040,,2.769942799052574,"{""anneal"": true, ""anneal_seconds"": 22.69}",False,
case_028,1,1,3,capls,sa3,0,56.29,56.268,True,15499450,243092352,9153792,233938560,249000960,,,5,43836040,,2.8282319695214992,"{""anneal"": true, ""anneal_seconds"": 22.69}",True,
case_028,1,1,3,capls,_best,0,,56.268,True,15499450,243092352,,,,,,5,43836040,,2.8282319695214992,"{""anneal"": true}",True,results\plans\case_028_p1_n3_capls_best.json
case_040,1,1,3,capls,c0,0,0.194,0.964,True,201925,1371404,1371404,0,2282642,,,28,253454,,1.2551888077256408,"{""block_cap"": 0.35}",False,
case_040,1,1,3,capls,c1,0,0.404,0.977,True,216233,3124686,3124686,0,4035924,,,131,253454,,1.172133763116638,"{""block_cap"": 0.15}",False,
case_040,1,1,3,capls,c2,0,0.208,0.736,True,178411,1549526,1549526,0,2460764,,,40,253454,,1.4206186838255488,"{""block_cap"": 0.35, ""init"": ""rr""}",False,
case_040,1,1,3,capls,c3,0,0.192,1.014,True,164803,712880,712880,0,1624118,,,11,253454,,1.5379210329909043,"{""block_cap"": 0.35, ""init"": ""contig""}",False,
case_040,1,1,3,capls,c4,0,0.222,0.833,True,223977,1995150,1995150,0,2906388,,,170,253454,,1.1316072632457796,"{""block_cap"": 0.35, ""subgraph_mode"": ""block""}",False,
case_040,1,1,3,capls,c5,0,0.149,0.931,True,218806,1995150,1995150,0,2906388,,,170,253454,,1.1583503194610751,"{""block_cap"": 0.35, ""init"": ""rr"", ""subgraph_mode"": ""block""}",False,
case_040,1,1,3,capls,c6,0,0.213,0.586,True,192850,1106340,1106340,0,2017578,,,27,253454,,1.3142546020222972,"{""block_cap"": 0.6, ""comm_weight"": 1e-06}",False,
case_040,1,1,3,capls,c7,0,0.355,1.401,True,219225,3258476,3258476,0,4169714,,,127,253454,,1.156136389554111,"{""block_cap"": 0.08}",False,
case_040,1,1,3,capls,c8,0,0.651,1.134,True,229210,4621922,4621922,0,5533160,,,163,253454,,1.1057719994764625,"{""block_cap"": 0.005}",False,
case_040,1,1,3,capls,c9,0,0.187,0.964,True,201925,1371404,1371404,0,2282642,,,28,253454,,1.2551888077256408,"{""block_cap"": 0.35, ""max_ops"": 2000}",False,
case_040,1,1,3,capls,c10,0,0.095,0.678,True,206320,1168654,1168654,0,2079892,,,16,253454,,1.2284509499806127,"{""block_cap"": 0.35, ""cores_used"": 2}",False,
case_040,1,1,3,capls,c11,0,0.049,1.999,True,253454,0,0,0,911238,,,1,253454,,1.0,"{""block_cap"": 0.35, ""cores_used"": 1}",False,
case_040,1,1,3,capls,c12,0,0.167,0.948,True,167218,2868266,2868266,0,3779504,,,42,253454,,1.515710031216735,"{""block_cap"": 0.35, ""init"": ""rr"", ""level_mode"": ""alap_fill""}",False,
case_040,1,1,3,capls,c13,0,0.155,0.948,True,167218,2868266,2868266,0,3779504,,,42,253454,,1.515710031216735,"{""block_cap"": 0.35, ""init"": ""rr"", ""level_mode"": ""alap_compress""}",False,
case_040,1,1,3,capls,sa1,0,0.931,0.921,True,156610,1277364,1277364,0,2188602,,,14,253454,,1.6183768597152162,"{""anneal"": true, ""anneal_seconds"": 1.938}",True,
case_040,1,1,3,capls,sa2,0,0.96,0.957,True,156676,1736124,1736124,0,2647362,,,15,253454,,1.6176951160356405,"{""anneal"": true, ""anneal_seconds"": 1.938}",False,
case_040,1,1,3,capls,sa3,0,0.902,0.897,True,157094,1304918,1304918,0,2216156,,,15,253454,,1.613390708747629,"{""anneal"": true, ""anneal_seconds"": 1.938}",False,
case_040,1,1,3,capls,_best,0,,0.921,True,156610,1277364,,,,,,14,253454,,1.6183768597152162,"{""anneal"": true}",True,results\plans\case_040_p1_n3_capls_best.json
case_040,1,1,4,capls,c0,0,0.294,0.817,True,181189,1556318,1556318,0,2467556,,,40,253454,,1.3988376777839715,"{""block_cap"": 0.35}",False,
case_040,1,1,4,capls,c1,0,0.595,1.082,True,184378,2964064,2964064,0,3875302,,,158,253454,,1.3746433956328845,"{""block_cap"": 0.15}",False,
case_040,1,1,4,capls,c2,0,0.288,0.948,True,166137,1719734,1719734,0,2630972,,,63,253454,,1.5255722686698328,"{""block_cap"": 0.35, ""init"": ""rr""}",False,
case_040,1,1,4,capls,c3,0,0.406,0.943,True,154465,644330,644330,0,1555568,,,9,253454,,1.640850678147153,"{""block_cap"": 0.35, ""init"": ""contig""}",True,
case_040,1,1,4,capls,c4,0,0.329,0.996,True,204494,1995150,1995150,0,2906388,,,170,253454,,1.239420227488337,"{""block_cap"": 0.35, ""subgraph_mode"": ""block""}",False,
case_040,1,1,4,capls,c5,0,0.236,0.814,True,189203,1995150,1995150,0,2906388,,,170,253454,,1.3395876386738055,"{""block_cap"": 0.35, ""init"": ""rr"", ""subgraph_mode"": ""block""}",False,
case_040,1,1,4,capls,c6,0,0.263,0.817,True,181189,1556318,1556318,0,2467556,,,40,253454,,1.3988376777839715,"{""block_cap"": 0.6, ""comm_weight"": 1e-06}",False,
case_040,1,1,4,capls,c7,0,0.706,1.292,True,183708,2865990,2865990,0,3777228,,,168,253454,,1.379656846735036,"{""block_cap"": 0.08}",False,
case_040,1,1,4,capls,c8,0,0.686,1.432,True,204400,4318380,4318380,0,5229618,,,236,253454,,1.239990215264188,"{""block_cap"": 0.005}",False,
case_040,1,1,4,capls,c9,0,0.289,0.817,True,181189,1556318,1556318,0,2467556,,,40,253454,,1.3988376777839715,"{""block_cap"": 0.35, ""max_ops"": 2000}",False,
case_040,1,1,4,capls,c10,0,0.17,0.783,True,201925,1371404,1371404,0,2282642,,,28,253454,,1.2551888077256408,"{""block_cap"": 0.35, ""cores_used"": 3}",False,
case_040,1,1,4,capls,c11,0,0.085,0.627,True,206320,1168654,1168654,0,2079892,,,16,253454,,1.2284509499806127,"{""block_cap"": 0.35, ""cores_used"": 2}",False,
case_040,1,1,4,capls,c12,0,0.297,0.886,True,161611,3295976,3295976,0,4207214,,,64,253454,,1.5682967124762548,"{""block_cap"": 0.35, ""init"": ""rr"", ""level_mode"": ""alap_fill""}",False,
case_040,1,1,4,capls,c13,0,0.265,0.886,True,161611,3295976,3295976,0,4207214,,,64,253454,,1.5682967124762548,"{""block_cap"": 0.35, ""init"": ""rr"", ""level_mode"": ""alap_compress""}",False,
case_040,1,1,4,capls,sa1,0,1.101,1.097,True,173706,5185840,5185840,0,6097078,,,104,253454,,1.4590975556399894,"{""anneal"": true, ""anneal_seconds"": 1.471}",False,
case_040,1,1,4,capls,sa2,0,0.938,0.934,True,173578,5183792,5183792,0,6095030,,,103,253454,,1.4601735242945535,"{""anneal"": true, ""anneal_seconds"": 1.471}",False,
case_040,1,1,4,capls,sa3,0,1.063,1.059,True,173630,5380400,5380400,0,6291638,,,104,253454,,1.459736220699188,"{""anneal"": true, ""anneal_seconds"": 1.471}",False,
case_040,1,1,4,capls,_best,0,0.316,0.943,True,154465,644330,644330,0,1555568,,,9,253454,,1.640850678147153,"{""block_cap"": 0.35, ""init"": ""contig""}",True,results\plans\case_040_p1_n4_capls_best.json
case_036,1,1,2,capls,c0,0,0.061,1.55,True,466068,1152,1152,0,6555904,,,2,931510,,1.998656848356892,"{""block_cap"": 0.35}",True,
case_036,1,1,2,capls,c1,0,0.056,1.55,True,466068,1152,1152,0,6555904,,,2,931510,,1.998656848356892,"{""block_cap"": 0.15}",False,
case_036,1,1,2,capls,c2,0,0.06,1.55,True,466068,1152,1152,0,6555904,,,2,931510,,1.998656848356892,"{""block_cap"": 0.35, ""init"": ""rr""}",False,
case_036,1,1,2,capls,c3,0,0.07,1.502,True,466068,1152,1152,0,6555904,,,2,931510,,1.998656848356892,"{""block_cap"": 0.35, ""init"": ""contig""}",False,
case_036,1,1,2,capls,c4,0,0.052,4.02,True,692700,920448,920448,0,7475200,,,800,931510,,1.3447524180742023,"{""block_cap"": 0.35, ""subgraph_mode"": ""block""}",False,
case_036,1,1,2,capls,c5,0,0.065,4.02,True,692700,920448,920448,0,7475200,,,800,931510,,1.3447524180742023,"{""block_cap"": 0.35, ""init"": ""rr"", ""subgraph_mode"": ""block""}",False,
case_036,1,1,2,capls,c6,0,0.072,1.55,True,466068,1152,1152,0,6555904,,,2,931510,,1.998656848356892,"{""block_cap"": 0.6, ""comm_weight"": 1e-06}",False,
case_036,1,1,2,capls,c7,0,0.063,1.55,True,466068,1152,1152,0,6555904,,,2,931510,,1.998656848356892,"{""block_cap"": 0.08}",False,
case_036,1,1,2,capls,c8,0,0.065,1.55,True,466068,1152,1152,0,6555904,,,2,931510,,1.998656848356892,"{""block_cap"": 0.005}",False,
case_036,1,1,2,capls,c9,0,0.058,1.55,True,466068,1152,1152,0,6555904,,,2,931510,,1.998656848356892,"{""block_cap"": 0.35, ""max_ops"": 2000}",False,
case_036,1,1,2,capls,c10,0,0.023,3.726,True,931510,0,0,0,6554752,,,1,931510,,1.0,"{""block_cap"": 0.35, ""cores_used"": 1}",False,
case_036,1,1,2,capls,c11,0,0.028,3.726,True,931510,0,0,0,6554752,,,1,931510,,1.0,"{""block_cap"": 0.35, ""cores_used"": 1}",False,
case_036,1,1,2,capls,c12,0,0.065,1.55,True,466068,1152,1152,0,6555904,,,2,931510,,1.998656848356892,"{""block_cap"": 0.35, ""init"": ""rr"", ""level_mode"": ""alap_fill""}",False,
case_036,1,1,2,capls,c13,0,0.075,1.55,True,466068,1152,1152,0,6555904,,,2,931510,,1.998656848356892,"{""block_cap"": 0.35, ""init"": ""rr"", ""level_mode"": ""alap_compress""}",False,
case_036,1,1,2,capls,sa1,0,0.001,2.04,True,548868,4916352,4916352,0,11471104,,,3,931510,,1.6971475837541996,"{""anneal"": true, ""anneal_seconds"": 38.993}",False,
case_036,1,1,2,capls,sa2,0,0.001,2.134,True,548868,4916352,4916352,0,11471104,,,3,931510,,1.6971475837541996,"{""anneal"": true, ""anneal_seconds"": 38.993}",False,
case_036,1,1,2,capls,sa3,0,0.001,1.512,True,931920,1152,1152,0,6555904,,,2,931510,,0.999560048072796,"{""anneal"": true, ""anneal_seconds"": 38.993}",False,
case_036,1,1,2,capls,_best,0,0.054,1.55,True,466068,1152,1152,0,6555904,,,2,931510,,1.998656848356892,"{""block_cap"": 0.35}",True,results\plans\case_036_p1_n2_capls_best.json
case_034,1,1,2,capls,c0,0,0.088,6.366,True,448308,1972744,1238528,734216,4253130,,,2,842996,,1.880394728624071,"{""block_cap"": 0.35}",False,
case_034,1,1,2,capls,c1,0,0.075,6.366,True,448308,1972744,1238528,734216,4253130,,,2,842996,,1.880394728624071,"{""block_cap"": 0.15}",False,
case_034,1,1,2,capls,c2,0,0.165,6.113,True,418733,1864192,1238528,625664,4144578,,,2,842996,,2.013206506293987,"{""block_cap"": 0.35, ""init"": ""rr""}",True,
case_034,1,1,2,capls,c3,0,0.161,4.868,True,457973,422928,32256,390672,2703314,,,2,842996,,1.8407111336257815,"{""block_cap"": 0.35, ""init"": ""contig""}",False,
case_034,1,1,2,capls,c4,0,0.109,1.887,True,484019,6690304,6690304,0,8970690,,,155,842996,,1.74165890181997,"{""block_cap"": 0.35, ""subgraph_mode"": ""block""}",False,
case_034,1,1,2,capls,c5,0,0.142,1.644,True,455264,6690304,6690304,0,8970690,,,155,842996,,1.8516640894074647,"{""block_cap"": 0.35, ""init"": ""rr"", ""subgraph_mode"": ""block""}",False,
case_034,1,1,2,capls,c6,0,0.137,6.366,True,448308,1972744,1238528,734216,4253130,,,2,842996,,1.880394728624071,"{""block_cap"": 0.6, ""comm_weight"": 1e-06}",False,
case_034,1,1,2,capls,c7,0,0.11,6.366,True,448308,1972744,1238528,734216,4253130,,,2,842996,,1.880394728624071,"{""block_cap"": 0.08}",False,
case_034,1,1,2,capls,c8,0,0.138,4.733,True,481469,5920358,5912166,8192,8200744,,,6,842996,,1.7508832344346157,"{""block_cap"": 0.005}",False,
case_034,1,1,2,capls,c9,0,0.092,6.366,True,448308,1972744,1238528,734216,4253130,,,2,842996,,1.880394728624071,"{""block_cap"": 0.35, ""max_ops"": 2000}",False,
case_034,1,1,2,capls,c10,0,0.039,5.254,True,842996,1079832,0,1079832,3360218,,,1,842996,,1.0,"{""block_cap"": 0.35, ""cores_used"": 1}",False,
case_034,1,1,2,capls,c11,0,0.049,5.254,True,842996,1079832,0,1079832,3360218,,,1,842996,,1.0,"{""block_cap"": 0.35, ""cores_used"": 1}",False,
case_034,1,1,2,capls,c12,0,0.167,6.113,True,418733,1864192,1238528,625664,4144578,,,2,842996,,2.013206506293987,"{""block_cap"": 0.35, ""init"": ""rr"", ""level_mode"": ""alap_fill""}",False,
case_034,1,1,2,capls,c13,0,0.142,6.113,True,418733,1864192,1238528,625664,4144578,,,2,842996,,2.013206506293987,"{""block_cap"": 0.35, ""init"": ""rr"", ""level_mode"": ""alap_compress""}",False,
case_034,1,1,2,capls,sa1,0,0.002,4.699,True,448949,5050520,4735640,314880,7330906,,,3,842996,,1.8777099403272977,"{""anneal"": true, ""anneal_seconds"": 56.096}",False,
case_034,1,1,2,capls,sa2,0,0.002,4.98,True,455691,5158084,4847300,310784,7438470,,,3,842996,,1.8499290089117406,"{""anneal"": true, ""anneal_seconds"": 56.096}",False,
case_034,1,1,2,capls,sa3,0,1.845,1.832,True,834314,1864192,1238528,625664,4144578,,,2,842996,,1.010406154037928,"{""anneal"": true, ""anneal_seconds"": 56.096}",False,
case_034,1,1,2,capls,_best,0,0.112,6.113,True,418733,1864192,1238528,625664,4144578,,,2,842996,,2.013206506293987,"{""block_cap"": 0.35, ""init"": ""rr""}",True,results\plans\case_034_p1_n2_capls_best.json
case_040,1,1,5,capls,c0,0,0.709,1.355,True,187315,2846718,2846718,0,3757956,,,198,253454,,1.3530897151856498,"{""block_cap"": 0.35}",False,
case_040,1,1,5,capls,c1,0,0.746,1.102,True,188774,3128158,3128158,0,4039396,,,185,253454,,1.3426319302446312,"{""block_cap"": 0.15}",False,
case_040,1,1,5,capls,c2,0,0.693,1.566,True,212459,2985466,2985466,0,3896704,,,222,253454,,1.1929548759996047,"{""block_cap"": 0.35, ""init"": ""rr""}",False,
case_040,1,1,5,capls,c3,0,0.651,1.068,True,172856,1116668,1116668,0,2027906,,,16,253454,,1.46627250428102,"{""block_cap"": 0.35, ""init"": ""contig""}",False,
case_040,1,1,5,capls,c4,0,0.697,2.631,True,440353,3991448,3991448,0,4902686,,,698,253454,,0.5755700540248392,"{""block_cap"": 0.35, ""subgraph_mode"": ""block""}",False,
case_040,1,1,5,capls,c5,0,0.707,2.314,True,467962,3991448,3991448,0,4902686,,,698,253454,,0.5416123531397848,"{""block_cap"": 0.35, ""init"": ""rr"", ""subgraph_mode"": ""block""}",False,
case_040,1,1,5,capls,c6,0,0.405,0.663,True,183555,1311448,1311448,0,2222686,,,33,253454,,1.3808068426357223,"{""block_cap"": 0.6, ""comm_weight"": 1e-06}",False,
case_040,1,1,5,capls,c7,0,0.673,1.337,True,170488,2917354,2917354,0,3828592,,,188,253454,,1.4866383557787057,"{""block_cap"": 0.08}",True,
case_040,1,1,5,capls,c8,0,0.776,1.692,True,211062,5590600,5590600,0,6501838,,,317,253454,,1.2008509347964105,"{""block_cap"": 0.005}",False,
case_040,1,1,5,capls,c9,0,0.714,1.355,True,187315,2846718,2846718,0,3757956,,,198,253454,,1.3530897151856498,"{""block_cap"": 0.35, ""max_ops"": 2000}",False,
case_040,1,1,5,capls,c10,0,0.29,0.791,True,181189,1556318,1556318,0,2467556,,,40,253454,,1.3988376777839715,"{""block_cap"": 0.35, ""cores_used"": 4}",False,
case_040,1,1,5,capls,c11,0,0.115,1.066,True,206320,1168654,1168654,0,2079892,,,16,253454,,1.2284509499806127,"{""block_cap"": 0.35, ""cores_used"": 2}",False,
case_040,1,1,5,capls,c12,0,0.653,1.778,True,211448,4813054,4813054,0,5724292,,,257,253454,,1.1986587718966366,"{""block_cap"": 0.35, ""init"": ""rr"", ""level_mode"": ""alap_fill""}",False,
case_040,1,1,5,capls,c13,0,0.687,1.778,True,211448,4813054,4813054,0,5724292,,,257,253454,,1.1986587718966366,"{""block_cap"": 0.35, ""init"": ""rr"", ""level_mode"": ""alap_compress""}",False,
case_040,1,1,5,capls,sa1,0,1.424,1.406,True,170626,2920490,2920490,0,3831728,,,189,253454,,1.4854359827927748,"{""anneal"": true, ""anneal_seconds"": 3.157}",False,
case_040,1,1,5,capls,sa2,0,0.996,0.991,True,170596,2925194,2925194,0,3836432,,,191,253454,,1.4856972027480129,"{""anneal"": true, ""anneal_seconds"": 3.157}",False,
case_040,1,1,5,capls,sa3,0,1.002,0.999,True,170629,2925194,2925194,0,3836432,,,190,253454,,1.4854098658492987,"{""anneal"": true, ""anneal_seconds"": 3.157}",False,
case_040,1,1,5,capls,_best,0,0.644,1.337,True,170488,2917354,2917354,0,3828592,,,188,253454,,1.4866383557787057,"{""block_cap"": 0.08}",True,results\plans\case_040_p1_n5_capls_best.json
case_039,1,1,5,capls,c0,0,0.599,15.152,True,375671,16637952,13074432,3563520,21127168,,,5,1435262,,3.8205291332043196,"{""block_cap"": 0.35}",False,
case_039,1,1,5,capls,c1,0,0.608,15.152,True,375671,16637952,13074432,3563520,21127168,,,5,1435262,,3.8205291332043196,"{""block_cap"": 0.15}",False,
case_039,1,1,5,capls,c2,0,0.675,15.152,True,375671,16637952,13074432,3563520,21127168,,,5,1435262,,3.8205291332043196,"{""block_cap"": 0.35, ""init"": ""rr""}",False,
case_039,1,1,5,capls,c3,0,0.365,4.119,True,327297,8065024,4358144,3706880,12554240,,,5,1435262,,4.385197542293391,"{""block_cap"": 0.35, ""init"": ""contig""}",True,
case_039,1,1,5,capls,c4,0,0.658,2.441,True,567592,28483584,28483584,0,32972800,,,70,1435262,,2.5286860984650947,"{""block_cap"": 0.35, ""subgraph_mode"": ""block""}",False,
case_039,1,1,5,capls,c5,0,0.606,2.441,True,567592,28483584,28483584,0,32972800,,,70,1435262,,2.5286860984650947,"{""block_cap"": 0.35, ""init"": ""rr"", ""subgraph_mode"": ""block""}",False,
case_039,1,1,5,capls,c6,0,0.296,3.533,True,327297,8065024,4358144,3706880,12554240,,,5,1435262,,4.385197542293391,"{""block_cap"": 0.6, ""comm_weight"": 1e-06}",False,
case_039,1,1,5,capls,c7,0,0.493,15.152,True,375671,16637952,13074432,3563520,21127168,,,5,1435262,,3.8205291332043196,"{""block_cap"": 0.08}",False,
case_039,1,1,5,capls,c8,0,0.742,11.606,True,651394,33230848,32792576,438272,37720064,,,22,1435262,,2.2033700034080757,"{""block_cap"": 0.005}",False,
case_039,1,1,5,capls,c9,0,0.586,15.152,True,375671,16637952,13074432,3563520,21127168,,,5,1435262,,3.8205291332043196,"{""block_cap"": 0.35, ""max_ops"": 2000}",False,
case_039,1,1,5,capls,c10,0,0.269,13.421,True,395323,17604608,12607488,4997120,22093824,,,4,1435262,,3.6306058590064327,"{""block_cap"": 0.35, ""cores_used"": 4}",False,
case_039,1,1,5,capls,c11,0,0.104,6.622,True,735952,7954432,1089536,6864896,12443648,,,2,1435262,,1.9502114268321846,"{""block_cap"": 0.35, ""cores_used"": 2}",False,
case_039,1,1,5,capls,c12,0,0.67,15.152,True,375671,16637952,13074432,3563520,21127168,,,5,1435262,,3.8205291332043196,"{""block_cap"": 0.35, ""init"": ""rr"", ""level_mode"": ""alap_fill""}",False,
case_039,1,1,5,capls,c13,0,0.695,15.152,True,375671,16637952,13074432,3563520,21127168,,,5,1435262,,3.8205291332043196,"{""block_cap"": 0.35, ""init"": ""rr"", ""level_mode"": ""alap_compress""}",False,
case_039,1,1,5,capls,sa1,0,3.995,3.965,True,383537,12439552,8744960,3694592,16928768,,,6,1435262,,3.742173506076337,"{""anneal"": true, ""anneal_seconds"": 19.87}",False,
case_039,1,1,5,capls,sa2,0,0.007,4.768,True,383537,12439552,8744960,3694592,16928768,,,6,1435262,,3.742173506076337,"{""anneal"": true, ""anneal_seconds"": 19.87}",False,
case_039,1,1,5,capls,sa3,0,0.006,4.85,True,383537,12439552,8744960,3694592,16928768,,,6,1435262,,3.742173506076337,"{""anneal"": true, ""anneal_seconds"": 19.87}",False,
case_039,1,1,5,capls,_best,0,0.487,4.119,True,327297,8065024,4358144,3706880,12554240,,,5,1435262,,4.385197542293391,"{""block_cap"": 0.35, ""init"": ""contig""}",True,results\plans\case_039_p1_n5_capls_best.json
case_038,1,1,5,capls,c0,0,0.411,24.305,True,294419,9572352,7913472,1658880,12375302,,,5,1364555,,4.634738247191927,"{""block_cap"": 0.35}",False,
case_038,1,1,5,capls,c1,0,0.414,24.305,True,294419,9572352,7913472,1658880,12375302,,,5,1364555,,4.634738247191927,"{""block_cap"": 0.15}",False,
case_038,1,1,5,capls,c2,0,0.74,21.522,True,275584,9409536,7927296,1482240,12212486,,,5,1364555,,4.9515029900139345,"{""block_cap"": 0.35, ""init"": ""rr""}",True,
case_038,1,1,5,capls,c3,0,0.573,13.885,True,291438,5816832,4022784,1794048,8619782,,,5,1364555,,4.682145087462857,"{""block_cap"": 0.35, ""init"": ""contig""}",False,
case_038,1,1,5,capls,c4,0,0.306,2.435,True,336050,15645696,15645696,0,18448646,,,127,1364555,,4.060571343550067,"{""block_cap"": 0.35, ""subgraph_mode"": ""block""}",False,
case_038,1,1,5,capls,c5,0,0.814,2.714,True,320038,15645696,15645696,0,18448646,,,127,1364555,,4.263728057293196,"{""block_cap"": 0.35, ""init"": ""rr"", ""subgraph_mode"": ""block""}",False,
case_038,1,1,5,capls,c6,0,0.352,10.196,True,280812,5807616,4239360,1568256,8610566,,,5,1364555,,4.85931869008447,"{""block_cap"": 0.6, ""comm_weight"": 1e-06}",False,
case_038,1,1,5,capls,c7,0,0.438,14.704,True,295924,10031104,8405504,1625600,12834054,,,11,1364555,,4.611167056406375,"{""block_cap"": 0.08}",False,
case_038,1,1,5,capls,c8,0,0.769,11.254,True,378294,16562176,16562176,0,19365126,,,21,1364555,,3.6071283181863842,"{""block_cap"": 0.005}",False,
case_038,1,1,5,capls,c9,0,0.446,24.305,True,294419,9572352,7913472,1658880,12375302,,,5,1364555,,4.634738247191927,"{""block_cap"": 0.35, ""max_ops"": 2000}",False,
case_038,1,1,5,capls,c10,0,0.266,12.391,True,345585,6024192,3179520,2844672,8827142,,,4,1364555,,3.948536539491008,"{""block_cap"": 0.35, ""cores_used"": 4}",False,
case_038,1,1,5,capls,c11,0,0.1,23.051,True,694395,5584896,1059840,4525056,8387846,,,2,1364555,,1.965099115056992,"{""block_cap"": 0.35, ""cores_used"": 2}",False,
case_038,1,1,5,capls,c12,0,0.696,21.522,True,275584,9409536,7927296,1482240,12212486,,,5,1364555,,4.9515029900139345,"{""block_cap"": 0.35, ""init"": ""rr"", ""level_mode"": ""alap_fill""}",False,
case_038,1,1,5,capls,c13,0,0.648,21.522,True,275584,9409536,7927296,1482240,12212486,,,5,1364555,,4.9515029900139345,"{""block_cap"": 0.35, ""init"": ""rr"", ""level_mode"": ""alap_compress""}",False,
case_038,1,1,5,capls,sa1,0,0.004,15.003,True,296767,11337216,10140672,1196544,14140166,,,6,1364555,,4.598068518399957,"{""anneal"": true, ""anneal_seconds"": 22.198}",False,
case_038,1,1,5,capls,sa2,0,11.776,11.754,True,321844,12603904,11407360,1196544,15406854,,,7,1364555,,4.23980251301873,"{""anneal"": true, ""anneal_seconds"": 22.198}",False,
case_038,1,1,5,capls,sa3,0,0.004,15.142,True,295737,11850752,10429952,1420800,14653702,,,6,1364555,,4.614082783013285,"{""anneal"": true, ""anneal_seconds"": 22.198}",False,
case_038,1,1,5,capls,_best,0,0.901,21.522,True,275584,9409536,7927296,1482240,12212486,,,5,1364555,,4.9515029900139345,"{""block_cap"": 0.35, ""init"": ""rr""}",True,results\plans\case_038_p1_n5_capls_best.json
case_039,1,1,4,capls,c0,0,0.353,18.228,True,395323,17604608,12607488,4997120,22093824,,,4,1435262,,3.6306058590064327,"{""block_cap"": 0.35}",True,
case_039,1,1,4,capls,c1,0,0.298,18.228,True,395323,17604608,12607488,4997120,22093824,,,4,1435262,,3.6306058590064327,"{""block_cap"": 0.15}",False,
case_039,1,1,4,capls,c2,0,0.318,18.228,True,395323,17604608,12607488,4997120,22093824,,,4,1435262,,3.6306058590064327,"{""block_cap"": 0.35, ""init"": ""rr""}",False,
case_039,1,1,4,capls,c3,0,0.301,7.429,True,399121,8921088,3891200,5029888,13410304,,,4,1435262,,3.5960573359958508,"{""block_cap"": 0.35, ""init"": ""contig""}",False,
case_039,1,1,4,capls,c4,0,0.257,2.174,True,569788,28483584,28483584,0,32972800,,,70,1435262,,2.518940377824735,"{""block_cap"": 0.35, ""subgraph_mode"": ""block""}",False,
case_039,1,1,4,capls,c5,0,0.366,2.174,True,569788,28483584,28483584,0,32972800,,,70,1435262,,2.518940377824735,"{""block_cap"": 0.35, ""init"": ""rr"", ""subgraph_mode"": ""block""}",False,
case_039,1,1,4,capls,c6,0,0.234,4.57,True,462074,8028160,3268608,4759552,12517376,,,4,1435262,,3.106130186939754,"{""block_cap"": 0.6, ""comm_weight"": 1e-06}",False,
case_039,1,1,4,capls,c7,0,0.299,18.228,True,395323,17604608,12607488,4997120,22093824,,,4,1435262,,3.6306058590064327,"{""block_cap"": 0.08}",False,
case_039,1,1,4,capls,c8,0,0.464,8.103,True,535067,23150592,22626304,524288,27639808,,,18,1435262,,2.682396783954159,"{""block_cap"": 0.005}",False,
case_039,1,1,4,capls,c9,0,0.273,18.228,True,395323,17604608,12607488,4997120,22093824,,,4,1435262,,3.6306058590064327,"{""block_cap"": 0.35, ""max_ops"": 2000}",False,
case_039,1,1,4,capls,c10,0,0.176,5.144,True,597577,7991296,2179072,5812224,12480512,,,3,1435262,,2.4018026128850343,"{""block_cap"": 0.35, ""cores_used"": 3}",False,
case_039,1,1,4,capls,c11,0,0.132,7.253,True,735952,7954432,1089536,6864896,12443648,,,2,1435262,,1.9502114268321846,"{""block_cap"": 0.35, ""cores_used"": 2}",False,
case_039,1,1,4,capls,c12,0,0.291,18.228,True,395323,17604608,12607488,4997120,22093824,,,4,1435262,,3.6306058590064327,"{""block_cap"": 0.35, ""init"": ""rr"", ""level_mode"": ""alap_fill""}",False,
case_039,1,1,4,capls,c13,0,0.295,18.228,True,395323,17604608,12607488,4997120,22093824,,,4,1435262,,3.6306058590064327,"{""block_cap"": 0.35, ""init"": ""rr"", ""level_mode"": ""alap_compress""}",False,
case_039,1,1,4,capls,sa1,0,0.003,13.689,True,459505,22872064,17936384,4935680,27361280,,,5,1435262,,3.123495935844006,"{""anneal"": true, ""anneal_seconds"": 30.287}",False,
case_039,1,1,4,capls,sa2,0,0.003,13.709,True,458272,22798336,17862656,4935680,27287552,,,5,1435262,,3.1318998324139375,"{""anneal"": true, ""anneal_seconds"": 30.287}",False,
case_039,1,1,4,capls,sa3,0,12.182,12.154,True,464749,23183360,18247680,4935680,27672576,,,5,1435262,,3.0882519381429545,"{""anneal"": true, ""anneal_seconds"": 30.287}",False,
case_039,1,1,4,capls,_best,0,0.245,18.228,True,395323,17604608,12607488,4997120,22093824,,,4,1435262,,3.6306058590064327,"{""block_cap"": 0.35}",True,results\plans\case_039_p1_n4_capls_best.json
case_030,1,1,2,capls,c0,0,0.194,104.174,True,1403594,7644160,1950720,5693440,10038220,,,2,2808034,,2.000602738398711,"{""block_cap"": 0.35}",False,
case_030,1,1,2,capls,c1,0,0.212,104.174,True,1403594,7644160,1950720,5693440,10038220,,,2,2808034,,2.000602738398711,"{""block_cap"": 0.15}",False,
case_030,1,1,2,capls,c2,0,0.359,95.355,True,1401186,7644160,1950720,5693440,10038220,,,2,2808034,,2.00404086252646,"{""block_cap"": 0.35, ""init"": ""rr""}",True,
case_030,1,1,2,capls,c3,0,0.259,70.422,True,1412569,4252672,584704,3667968,6646732,,,2,2808034,,1.9878915649430222,"{""block_cap"": 0.35, ""init"": ""contig""}",False,
case_030,1,1,2,capls,c4,0,0.199,8.469,True,1524015,26935296,26935296,0,29329356,,,486,2808034,,1.8425238596732971,"{""block_cap"": 0.35, ""subgraph_mode"": ""block""}",False,
case_030,1,1,2,capls,c5,0,0.309,9.281,True,1524162,26935296,26935296,0,29329356,,,486,2808034,,1.8423461548050666,"{""block_cap"": 0.35, ""init"": ""rr"", ""subgraph_mode"": ""block""}",False,
case_030,1,1,2,capls,c6,0,0.189,104.174,True,1403594,7644160,1950720,5693440,10038220,,,2,2808034,,2.000602738398711,"{""block_cap"": 0.6, ""comm_weight"": 1e-06}",False,
case_030,1,1,2,capls,c7,0,0.234,104.174,True,1403594,7644160,1950720,5693440,10038220,,,2,2808034,,2.000602738398711,"{""block_cap"": 0.08}",False,
case_030,1,1,2,capls,sa1,0,0.006,42.639,True,1599590,23649280,20461568,3187712,26043340,,,3,2808034,,1.7554710894666758,"{""anneal"": true, ""anneal_seconds"": 165.98}",False,
case_030,1,1,2,capls,sa2,0,0.006,42.446,True,1598918,23391232,20434944,2956288,25785292,,,3,2808034,,1.7562088862593328,"{""anneal"": true, ""anneal_seconds"": 165.98}",False,
case_030,1,1,2,capls,sa3,0,16.465,16.429,True,2793247,7644160,1950720,5693440,10038220,,,2,2808034,,1.0052938390339272,"{""anneal"": true, ""anneal_seconds"": 165.98}",False,
case_030,1,1,2,capls,_best,0,0.276,95.355,True,1401186,7644160,1950720,5693440,10038220,,,2,2808034,,2.00404086252646,"{""block_cap"": 0.35, ""init"": ""rr""}",True,results\plans\case_030_p1_n2_capls_best.json
case_039,1,1,3,capls,c0,0,0.136,7.487,True,597577,7991296,2179072,5812224,12480512,,,3,1435262,,2.4018026128850343,"{""block_cap"": 0.35}",False,
case_039,1,1,3,capls,c1,0,0.188,19.213,True,485565,14323712,8404992,5918720,18812928,,,3,1435262,,2.9558596686334475,"{""block_cap"": 0.15}",True,
case_039,1,1,3,capls,c2,0,0.192,7.487,True,597577,7991296,2179072,5812224,12480512,,,3,1435262,,2.4018026128850343,"{""block_cap"": 0.35, ""init"": ""rr""}",False,
case_039,1,1,3,capls,c3,0,0.219,6.187,True,597577,7991296,2179072,5812224,12480512,,,3,1435262,,2.4018026128850343,"{""block_cap"": 0.35, ""init"": ""contig""}",False,
case_039,1,1,3,capls,c4,0,0.137,2.2,True,565758,9805824,9805824,0,14295040,,,10,1435262,,2.53688326104094,"{""block_cap"": 0.35, ""subgraph_mode"": ""block""}",False,
case_039,1,1,3,capls,c5,0,0.158,2.2,True,565758,9805824,9805824,0,14295040,,,10,1435262,,2.53688326104094,"{""block_cap"": 0.35, ""init"": ""rr"", ""subgraph_mode"": ""block""}",False,
case_039,1,1,3,capls,c6,0,0.176,7.487,True,597577,7991296,2179072,5812224,12480512,,,3,1435262,,2.4018026128850343,"{""block_cap"": 0.6, ""comm_weight"": 1e-06}",False,
case_039,1,1,3,capls,c7,0,0.192,19.213,True,485565,14323712,8404992,5918720,18812928,,,3,1435262,,2.9558596686334475,"{""block_cap"": 0.08}",False,
case_039,1,1,3,capls,c8,0,0.234,10.092,True,611984,22749184,21962752,786432,27238400,,,11,1435262,,2.3452606604094224,"{""block_cap"": 0.005}",False,
case_039,1,1,3,capls,c9,0,0.133,5.46,True,597876,8491008,2723840,5767168,12980224,,,4,1435262,,2.400601462510621,"{""block_cap"": 0.35, ""max_ops"": 2000}",False,
case_039,1,1,3,capls,c10,0,0.088,7.182,True,735952,7954432,1089536,6864896,12443648,,,2,1435262,,1.9502114268321846,"{""block_cap"": 0.35, ""cores_used"": 2}",False,
case_039,1,1,3,capls,c11,0,0.04,12.666,True,1435262,7929856,0,7929856,12419072,,,1,1435262,,1.0,"{""block_cap"": 0.35, ""cores_used"": 1}",False,
case_039,1,1,3,capls,c12,0,0.137,7.487,True,597577,7991296,2179072,5812224,12480512,,,3,1435262,,2.4018026128850343,"{""block_cap"": 0.35, ""init"": ""rr"", ""level_mode"": ""alap_fill""}",False,
case_039,1,1,3,capls,c13,0,0.139,7.487,True,597577,7991296,2179072,5812224,12480512,,,3,1435262,,2.4018026128850343,"{""block_cap"": 0.35, ""init"": ""rr"", ""level_mode"": ""alap_compress""}",False,
case_039,1,1,3,capls,sa1,0,0.004,13.885,True,542496,21434368,15613952,5820416,25923584,,,4,1435262,,2.6456637468294697,"{""anneal"": true, ""anneal_seconds"": 49.632}",False,
case_039,1,1,3,capls,sa2,0,0.003,13.16,True,542054,21434368,15613952,5820416,25923584,,,4,1435262,,2.6478210657978725,"{""anneal"": true, ""anneal_seconds"": 49.632}",False,
case_039,1,1,3,capls,sa3,0,0.003,13.68,True,564055,21757952,15925248,5832704,26247168,,,4,1435262,,2.544542642118233,"{""anneal"": true, ""anneal_seconds"": 49.632}",False,
case_039,1,1,3,capls,_best,0,0.217,19.213,True,485565,14323712,8404992,5918720,18812928,,,3,1435262,,2.9558596686334475,"{""block_cap"": 0.15}",True,results\plans\case_039_p1_n3_capls_best.json
case_038,1,1,4,capls,c0,0,0.299,19.254,True,345585,6024192,3179520,2844672,8827142,,,4,1364555,,3.948536539491008,"{""block_cap"": 0.35}",True,
case_038,1,1,4,capls,c1,0,0.322,25.173,True,353867,9231360,6434304,2797056,12034310,,,4,1364555,,3.8561239109608976,"{""block_cap"": 0.15}",False,
case_038,1,1,4,capls,c2,0,0.481,15.685,True,347884,5426688,3179520,2247168,8229638,,,4,1364555,,3.92244253831737,"{""block_cap"": 0.35, ""init"": ""rr""}",False,
case_038,1,1,4,capls,c3,0,0.36,10.812,True,357718,4391424,2810880,1580544,7194374,,,4,1364555,,3.814610950525274,"{""block_cap"": 0.35, ""init"": ""contig""}",False,
case_038,1,1,4,capls,c4,0,0.197,2.768,True,349386,8847360,8847360,0,11650310,,,38,1364555,,3.905580074759721,"{""block_cap"": 0.35, ""subgraph_mode"": ""block""}",False,
case_038,1,1,4,capls,c5,0,0.332,3.054,True,350600,8847360,8847360,0,11650310,,,38,1364555,,3.8920564746149457,"{""block_cap"": 0.35, ""init"": ""rr"", ""subgraph_mode"": ""block""}",False,
case_038,1,1,4,capls,c6,0,0.229,19.254,True,345585,6024192,3179520,2844672,8827142,,,4,1364555,,3.948536539491008,"{""block_cap"": 0.6, ""comm_weight"": 1e-06}",False,
case_038,1,1,4,capls,c7,0,0.28,25.173,True,353867,9231360,6434304,2797056,12034310,,,4,1364555,,3.8561239109608976,"{""block_cap"": 0.08}",False,
case_038,1,1,4,capls,c8,0,0.594,11.72,True,479942,18516996,18516996,0,21319946,,,18,1364555,,2.8431664659479687,"{""block_cap"": 0.005}",False,
case_038,1,1,4,capls,c9,0,0.265,19.254,True,345585,6024192,3179520,2844672,8827142,,,4,1364555,,3.948536539491008,"{""block_cap"": 0.35, ""max_ops"": 2000}",False,
case_038,1,1,4,capls,c10,0,0.206,11.913,True,461892,5709312,2119680,3589632,8512262,,,3,1364555,,2.9542728603223263,"{""block_cap"": 0.35, ""cores_used"": 3}",False,
case_038,1,1,4,capls,c11,0,0.116,15.062,True,694395,5584896,1059840,4525056,8387846,,,2,1364555,,1.965099115056992,"{""block_cap"": 0.35, ""cores_used"": 2}",False,
case_038,1,1,4,capls,c12,0,0.424,15.685,True,347884,5426688,3179520,2247168,8229638,,,4,1364555,,3.92244253831737,"{""block_cap"": 0.35, ""init"": ""rr"", ""level_mode"": ""alap_fill""}",False,
case_038,1,1,4,capls,c13,0,0.52,15.685,True,347884,5426688,3179520,2247168,8229638,,,4,1364555,,3.92244253831737,"{""block_cap"": 0.35, ""init"": ""rr"", ""level_mode"": ""alap_compress""}",False,
case_038,1,1,4,capls,sa1,0,9.717,9.686,True,355943,8557056,6300672,2256384,11360006,,,12,1364555,,3.8336334750226864,"{""anneal"": true, ""anneal_seconds"": 26.585}",False,
case_038,1,1,4,capls,sa2,0,9.742,9.732,True,356081,8557056,6300672,2256384,11360006,,,13,1364555,,3.83214774166552,"{""anneal"": true, ""anneal_seconds"": 26.585}",False,
case_038,1,1,4,capls,sa3,0,9.211,9.205,True,355943,8557056,6300672,2256384,11360006,,,12,1364555,,3.8336334750226864,"{""anneal"": true, ""anneal_seconds"": 26.585}",False,
case_038,1,1,4,capls,_best,0,0.202,19.254,True,345585,6024192,3179520,2844672,8827142,,,4,1364555,,3.948536539491008,"{""block_cap"": 0.35}",True,results\plans\case_038_p1_n4_capls_best.json
case_043,1,1,2,capls,c0,0,0.246,4.655,True,597518,2307868,2221842,86026,3738990,,,12,677656,,1.1341181353532446,"{""block_cap"": 0.35}",False,
case_043,1,1,2,capls,c1,0,0.234,4.655,True,597518,2307868,2221842,86026,3738990,,,12,677656,,1.1341181353532446,"{""block_cap"": 0.15}",False,
case_043,1,1,2,capls,c2,0,0.483,4.301,True,415881,2796628,2796628,0,4227750,,,26,677656,,1.6294468850464436,"{""block_cap"": 0.35, ""init"": ""rr""}",False,
case_043,1,1,2,capls,c3,0,0.374,8.978,True,581909,1302916,1127674,175242,2734038,,,9,677656,,1.1645394726666884,"{""block_cap"": 0.35, ""init"": ""contig""}",False,
case_043,1,1,2,capls,c4,0,0.282,5.414,True,496086,6081244,6081244,0,7512366,,,355,677656,,1.3660050878275138,"{""block_cap"": 0.35, ""subgraph_mode"": ""block""}",False,
case_043,1,1,2,capls,c5,0,0.494,5.802,True,458579,6081244,6081244,0,7512366,,,355,677656,,1.4777301184746794,"{""block_cap"": 0.35, ""init"": ""rr"", ""subgraph_mode"": ""block""}",False,
case_043,1,1,2,capls,c6,0,0.212,7.978,True,586508,941594,924952,16642,2372716,,,5,677656,,1.155407939874648,"{""block_cap"": 0.6, ""comm_weight"": 1e-06}",False,
case_043,1,1,2,capls,c7,0,0.264,4.655,True,597518,2307868,2221842,86026,3738990,,,12,677656,,1.1341181353532446,"{""block_cap"": 0.08}",False,
case_043,1,1,2,capls,sa1,0,3.301,3.252,True,398356,3793144,3793144,0,5224266,,,42,677656,,1.7011316510859633,"{""anneal"": true, ""anneal_seconds"": 3.851}",False,
case_043,1,1,2,capls,sa2,0,3.062,3.053,True,397971,3686136,3686136,0,5117258,,,41,677656,,1.7027773380472446,"{""anneal"": true, ""anneal_seconds"": 3.851}",True,
case_043,1,1,2,capls,sa3,0,3.128,3.118,True,397971,3648120,3648120,0,5079242,,,40,677656,,1.7027773380472446,"{""anneal"": true, ""anneal_seconds"": 3.851}",False,
case_043,1,1,2,capls,_best,0,,3.053,True,397971,3686136,,,,,,41,677656,,1.7027773380472446,"{""anneal"": true}",True,results\plans\case_043_p1_n2_capls_best.json
case_038,1,1,3,capls,c0,0,0.222,19.349,True,461892,5709312,2119680,3589632,8512262,,,3,1364555,,2.9542728603223263,"{""block_cap"": 0.35}",False,
case_038,1,1,3,capls,c1,0,0.259,25.033,True,463147,8088576,4927488,3161088,10891526,,,3,1364555,,2.946267599703766,"{""block_cap"": 0.15}",False,
case_038,1,1,3,capls,c2,0,0.294,16.33,True,461374,5988864,2119680,3869184,8791814,,,3,1364555,,2.957589721137299,"{""block_cap"": 0.35, ""init"": ""rr""}",False,
case_038,1,1,3,capls,c3,0,0.171,10.575,True,470280,4573184,1059840,3513344,7376134,,,3,1364555,,2.9015799098409456,"{""block_cap"": 0.35, ""init"": ""contig""}",False,
case_038,1,1,3,capls,c4,0,0.186,2.808,True,466737,8847360,8847360,0,11650310,,,38,1364555,,2.92360579941166,"{""block_cap"": 0.35, ""subgraph_mode"": ""block""}",False,
case_038,1,1,3,capls,c5,0,0.33,2.302,True,465091,8847360,8847360,0,11650310,,,38,1364555,,2.9339527103298066,"{""block_cap"": 0.35, ""init"": ""rr"", ""subgraph_mode"": ""block""}",False,
case_038,1,1,3,capls,c6,0,0.165,19.349,True,461892,5709312,2119680,3589632,8512262,,,3,1364555,,2.9542728603223263,"{""block_cap"": 0.6, ""comm_weight"": 1e-06}",False,
case_038,1,1,3,capls,c7,0,0.224,25.033,True,463147,8088576,4927488,3161088,10891526,,,3,1364555,,2.946267599703766,"{""block_cap"": 0.08}",False,
case_038,1,1,3,capls,c8,0,0.279,10.667,True,553969,14342152,14342152,0,17145102,,,12,1364555,,2.463233502235685,"{""block_cap"": 0.005}",False,
case_038,1,1,3,capls,c9,0,0.2,11.485,True,460870,5721600,2131968,3589632,8524550,,,4,1364555,,2.960824093562176,"{""block_cap"": 0.35, ""max_ops"": 2000}",True,
case_038,1,1,3,capls,c10,0,0.199,15.164,True,694395,5584896,1059840,4525056,8387846,,,2,1364555,,1.965099115056992,"{""block_cap"": 0.35, ""cores_used"": 2}",False,
case_038,1,1,3,capls,c11,0,0.056,20.007,True,1364555,5627904,0,5627904,8430854,,,1,1364555,,1.0,"{""block_cap"": 0.35, ""cores_used"": 1}",False,
case_038,1,1,3,capls,c12,0,0.277,16.33,True,461374,5988864,2119680,3869184,8791814,,,3,1364555,,2.957589721137299,"{""block_cap"": 0.35, ""init"": ""rr"", ""level_mode"": ""alap_fill""}",False,
case_038,1,1,3,capls,c13,0,0.323,16.33,True,461374,5988864,2119680,3869184,8791814,,,3,1364555,,2.957589721137299,"{""block_cap"": 0.35, ""init"": ""rr"", ""level_mode"": ""alap_compress""}",False,
case_038,1,1,3,capls,sa1,0,0.004,19.349,True,461892,5709312,2119680,3589632,8512262,,,3,1364555,,2.9542728603223263,"{""anneal"": true, ""anneal_seconds"": 48.548}",False,
case_038,1,1,3,capls,sa2,0,9.016,8.986,True,501409,8238592,5650432,2588160,11041542,,,4,1364555,,2.7214409793202754,"{""anneal"": true, ""anneal_seconds"": 48.548}",False,
case_038,1,1,3,capls,sa3,0,9.7,9.693,True,503080,9187328,6301184,2886144,11990278,,,4,1364555,,2.7124016061063845,"{""anneal"": true, ""anneal_seconds"": 48.548}",False,
case_038,1,1,3,capls,_best,0,0.194,11.485,True,460870,5721600,2131968,3589632,8524550,,,4,1364555,,2.960824093562176,"{""block_cap"": 0.35, ""max_ops"": 2000}",True,results\plans\case_038_p1_n3_capls_best.json
case_043,1,1,3,capls,c0,0,0.385,5.096,True,319363,3545628,3496468,49160,4976750,,,38,677656,,2.121898905007781,"{""block_cap"": 0.35}",False,
case_043,1,1,3,capls,c1,0,0.353,5.096,True,319363,3545628,3496468,49160,4976750,,,38,677656,,2.121898905007781,"{""block_cap"": 0.15}",False,
case_043,1,1,3,capls,c2,0,0.598,4.455,True,303961,3969214,3969214,0,5400336,,,30,677656,,2.2294175897565807,"{""block_cap"": 0.35, ""init"": ""rr""}",True,
case_043,1,1,3,capls,c3,0,0.574,10.589,True,436791,1469436,1453052,16384,2900558,,,11,677656,,1.5514422229395752,"{""block_cap"": 0.35, ""init"": ""contig""}",False,
case_043,1,1,3,capls,c4,0,0.329,5.524,True,401936,6081244,6081244,0,7512366,,,355,677656,,1.6859798574897495,"{""block_cap"": 0.35, ""subgraph_mode"": ""block""}",False,
case_043,1,1,3,capls,c5,0,0.616,5.512,True,380493,6081244,6081244,0,7512366,,,355,677656,,1.7809946569319277,"{""block_cap"": 0.35, ""init"": ""rr"", ""subgraph_mode"": ""block""}",False,
case_043,1,1,3,capls,c6,0,0.46,4.225,True,321738,3601444,3552284,49160,5032566,,,39,677656,,2.1062355083950295,"{""block_cap"": 0.6, ""comm_weight"": 1e-06}",False,
case_043,1,1,3,capls,c7,0,0.349,5.096,True,319363,3545628,3496468,49160,4976750,,,38,677656,,2.121898905007781,"{""block_cap"": 0.08}",False,
case_043,1,1,3,capls,sa1,0,3.16,3.114,True,305129,4155582,4155582,0,5586704,,,32,677656,,2.220883626269545,"{""anneal"": true, ""anneal_seconds"": 3.222}",False,
case_043,1,1,3,capls,sa2,0,2.884,2.875,True,305129,4155582,4155582,0,5586704,,,32,677656,,2.220883626269545,"{""anneal"": true, ""anneal_seconds"": 3.222}",False,
case_043,1,1,3,capls,sa3,0,2.913,2.905,True,305129,4050110,4050110,0,5481232,,,31,677656,,2.220883626269545,"{""anneal"": true, ""anneal_seconds"": 3.222}",False,
case_043,1,1,3,capls,_best,0,0.566,4.455,True,303961,3969214,3969214,0,5400336,,,30,677656,,2.2294175897565807,"{""block_cap"": 0.35, ""init"": ""rr""}",True,results\plans\case_043_p1_n3_capls_best.json
case_044,1,1,2,capls,c0,0,0.031,0.419,True,131105,4672992,930400,3742592,5648448,,,2,154407,,1.1777354029213225,"{""block_cap"": 0.35}",False,
case_044,1,1,2,capls,c1,0,0.065,0.333,True,96401,1283040,1283040,0,2258496,,,35,154407,,1.60171574983662,"{""block_cap"": 0.15}",True,
case_044,1,1,2,capls,c2,0,0.025,0.419,True,131105,4672992,930400,3742592,5648448,,,2,154407,,1.1777354029213225,"{""block_cap"": 0.35, ""init"": ""rr""}",False,
case_044,1,1,2,capls,c3,0,0.031,0.398,True,131105,4672992,930400,3742592,5648448,,,2,154407,,1.1777354029213225,"{""block_cap"": 0.35, ""init"": ""contig""}",False,
case_044,1,1,2,capls,c4,0,0.032,0.301,True,181628,9304000,9304000,0,10279456,,,11,154407,,0.8501277336093553,"{""block_cap"": 0.35, ""subgraph_mode"": ""block""}",False,
case_044,1,1,2,capls,c5,0,0.031,0.301,True,181628,9304000,9304000,0,10279456,,,11,154407,,0.8501277336093553,"{""block_cap"": 0.35, ""init"": ""rr"", ""subgraph_mode"": ""block""}",False,
case_044,1,1,2,capls,c6,0,0.021,0.419,True,131105,4672992,930400,3742592,5648448,,,2,154407,,1.1777354029213225,"{""block_cap"": 0.6, ""comm_weight"": 1e-06}",False,
case_044,1,1,2,capls,c7,0,0.054,0.333,True,96401,1283040,1283040,0,2258496,,,35,154407,,1.60171574983662,"{""block_cap"": 0.08}",False,
case_044,1,1,2,capls,c8,0,0.077,0.315,True,103915,1600096,1600096,0,2575552,,,49,154407,,1.4858971274599433,"{""block_cap"": 0.005}",False,
case_044,1,1,2,capls,c9,0,0.029,0.419,True,131105,4672992,930400,3742592,5648448,,,2,154407,,1.1777354029213225,"{""block_cap"": 0.35, ""max_ops"": 2000}",False,
case_044,1,1,2,capls,c10,0,0.016,0.649,True,154407,4438112,0,4438112,5413568,,,1,154407,,1.0,"{""block_cap"": 0.35, ""cores_used"": 1}",False,
case_044,1,1,2,capls,c11,0,0.011,0.649,True,154407,4438112,0,4438112,5413568,,,1,154407,,1.0,"{""block_cap"": 0.35, ""cores_used"": 1}",False,
case_044,1,1,2,capls,c12,0,0.023,0.419,True,131105,4672992,930400,3742592,5648448,,,2,154407,,1.1777354029213225,"{""block_cap"": 0.35, ""init"": ""rr"", ""level_mode"": ""alap_fill""}",False,
case_044,1,1,2,capls,c13,0,0.069,0.419,True,131105,4672992,930400,3742592,5648448,,,2,154407,,1.1777354029213225,"{""block_cap"": 0.35, ""init"": ""rr"", ""level_mode"": ""alap_compress""}",False,
case_044,1,1,2,capls,sa1,0,0.237,0.23,True,96725,1285600,1285600,0,2261056,,,36,154407,,1.5963504781597313,"{""anneal"": true, ""anneal_seconds"": 1.031}",False,
case_044,1,1,2,capls,sa2,0,0.253,0.252,True,96869,1297888,1297888,0,2273344,,,37,154407,,1.593977433441039,"{""anneal"": true, ""anneal_seconds"": 1.031}",False,
case_044,1,1,2,capls,sa3,0,0.207,0.206,True,97006,1303008,1303008,0,2278464,,,38,154407,,1.5917262849720635,"{""anneal"": true, ""anneal_seconds"": 1.031}",False,
case_044,1,1,2,capls,_best,0,0.04,0.333,True,96401,1283040,1283040,0,2258496,,,35,154407,,1.60171574983662,"{""block_cap"": 0.15}",True,results\plans\case_044_p1_n2_capls_best.json
case_042,1,1,4,capls,c0,0,0.264,8.845,True,434592,8503584,5926176,2577408,10892548,,,4,1686740,,3.8812035196230026,"{""block_cap"": 0.35}",True,
case_042,1,1,4,capls,c1,0,0.217,8.845,True,434592,8503584,5926176,2577408,10892548,,,4,1686740,,3.8812035196230026,"{""block_cap"": 0.15}",False,
case_042,1,1,4,capls,c2,0,0.617,8.898,True,467262,8513832,5936424,2577408,10902796,,,5,1686740,,3.6098377355744744,"{""block_cap"": 0.35, ""init"": ""rr""}",False,
case_042,1,1,4,capls,c3,0,0.437,8.722,True,435290,7848960,5068800,2780160,10237924,,,4,1686740,,3.874979898458499,"{""block_cap"": 0.35, ""init"": ""contig""}",False,
case_042,1,1,4,capls,c4,0,0.226,2.304,True,470084,17700272,17700272,0,20089236,,,108,1686740,,3.5881672211774918,"{""block_cap"": 0.35, ""subgraph_mode"": ""block""}",False,
case_042,1,1,4,capls,c5,0,0.658,2.732,True,479400,17700272,17700272,0,20089236,,,108,1686740,,3.5184397163120567,"{""block_cap"": 0.35, ""init"": ""rr"", ""subgraph_mode"": ""block""}",False,
case_042,1,1,4,capls,c6,0,0.262,8.845,True,434592,8503584,5926176,2577408,10892548,,,4,1686740,,3.8812035196230026,"{""block_cap"": 0.6, ""comm_weight"": 1e-06}",False,
case_042,1,1,4,capls,c7,0,0.199,9.793,True,441521,8727648,6150240,2577408,11116612,,,7,1686740,,3.8202939384536636,"{""block_cap"": 0.08}",False,
case_042,1,1,4,capls,c8,0,0.339,7.385,True,598021,18325162,18325162,0,20714126,,,19,1686740,,2.820536402567803,"{""block_cap"": 0.005}",False,
case_042,1,1,4,capls,c9,0,0.231,8.845,True,434592,8503584,5926176,2577408,10892548,,,4,1686740,,3.8812035196230026,"{""block_cap"": 0.35, ""max_ops"": 2000}",False,
case_042,1,1,4,capls,c10,0,0.169,12.481,True,579300,8405280,3950880,4454400,10794244,,,3,1686740,,2.911686518211635,"{""block_cap"": 0.35, ""cores_used"": 3}",False,
case_042,1,1,4,capls,c11,0,0.223,13.386,True,850159,7265568,2052384,5213184,9654532,,,2,1686740,,1.9840288698937494,"{""block_cap"": 0.35, ""cores_used"": 2}",False,
case_042,1,1,4,capls,c12,0,0.659,7.572,True,463819,18394404,18117924,276480,20783368,,,8,1686740,,3.63663411805036,"{""block_cap"": 0.35, ""init"": ""rr"", ""level_mode"": ""alap_fill""}",False,
case_042,1,1,4,capls,c13,0,0.642,7.572,True,463819,18394404,18117924,276480,20783368,,,8,1686740,,3.63663411805036,"{""block_cap"": 0.35, ""init"": ""rr"", ""level_mode"": ""alap_compress""}",False,
case_042,1,1,4,capls,sa1,0,0.003,7.855,True,440023,12192032,9883424,2308608,14580996,,,5,1686740,,3.8332996229742538,"{""anneal"": true, ""anneal_seconds"": 25.397}",False,
case_042,1,1,4,capls,sa2,0,0.003,8.51,True,440907,12141600,9920160,2221440,14530564,,,5,1686740,,3.825614018375757,"{""anneal"": true, ""anneal_seconds"": 25.397}",False,
case_042,1,1,4,capls,sa3,0,0.003,8.524,True,444327,12096544,9856672,2239872,14485508,,,5,1686740,,3.796168137430316,"{""anneal"": true, ""anneal_seconds"": 25.397}",False,
case_042,1,1,4,capls,_best,0,0.229,8.845,True,434592,8503584,5926176,2577408,10892548,,,4,1686740,,3.8812035196230026,"{""block_cap"": 0.35}",True,results\plans\case_042_p1_n4_capls_best.json
case_042,1,1,5,capls,c0,0,0.277,9.545,True,359995,9965568,7286784,2678784,12354532,,,5,1686740,,4.6854539646383975,"{""block_cap"": 0.35}",True,
case_042,1,1,5,capls,c1,0,0.307,9.545,True,359995,9965568,7286784,2678784,12354532,,,5,1686740,,4.6854539646383975,"{""block_cap"": 0.15}",False,
case_042,1,1,5,capls,c2,0,0.66,9.289,True,368658,9813120,7518336,2294784,12202084,,,5,1686740,,4.5753516809617585,"{""block_cap"": 0.35, ""init"": ""rr""}",False,
case_042,1,1,5,capls,c3,0,0.565,8.452,True,362271,7999488,6297600,1701888,10388452,,,5,1686740,,4.656017180508514,"{""block_cap"": 0.35, ""init"": ""contig""}",False,
case_042,1,1,5,capls,c4,0,0.302,2.149,True,389155,17700272,17700272,0,20089236,,,108,1686740,,4.334365484190104,"{""block_cap"": 0.35, ""subgraph_mode"": ""block""}",False,
case_042,1,1,5,capls,c5,0,0.548,2.648,True,391340,17700272,17700272,0,20089236,,,108,1686740,,4.310165073848827,"{""block_cap"": 0.35, ""init"": ""rr"", ""subgraph_mode"": ""block""}",False,
case_042,1,1,5,capls,c6,0,0.323,9.545,True,359995,9965568,7286784,2678784,12354532,,,5,1686740,,4.6854539646383975,"{""block_cap"": 0.6, ""comm_weight"": 1e-06}",False,
case_042,1,1,5,capls,c7,0,0.361,9.445,True,366116,10274112,7595328,2678784,12663076,,,9,1686740,,4.607119055162845,"{""block_cap"": 0.08}",False,
case_042,1,1,5,capls,c8,0,0.522,9.415,True,527651,23869980,22786332,1083648,26258944,,,36,1686740,,3.1966963011536036,"{""block_cap"": 0.005}",False,
case_042,1,1,5,capls,c9,0,0.327,9.545,True,359995,9965568,7286784,2678784,12354532,,,5,1686740,,4.6854539646383975,"{""block_cap"": 0.35, ""max_ops"": 2000}",False,
case_042,1,1,5,capls,c10,0,0.235,9.93,True,434592,8503584,5926176,2577408,10892548,,,4,1686740,,3.8812035196230026,"{""block_cap"": 0.35, ""cores_used"": 4}",False,
case_042,1,1,5,capls,c11,0,0.102,12.709,True,850159,7265568,2052384,5213184,9654532,,,2,1686740,,1.9840288698937494,"{""block_cap"": 0.35, ""cores_used"": 2}",False,
case_042,1,1,5,capls,c12,0,0.594,9.289,True,368658,9813120,7518336,2294784,12202084,,,5,1686740,,4.5753516809617585,"{""block_cap"": 0.35, ""init"": ""rr"", ""level_mode"": ""alap_fill""}",False,
case_042,1,1,5,capls,c13,0,0.623,9.289,True,368658,9813120,7518336,2294784,12202084,,,5,1686740,,4.5753516809617585,"{""block_cap"": 0.35, ""init"": ""rr"", ""level_mode"": ""alap_compress""}",False,
case_042,1,1,5,capls,sa1,0,0.003,8.182,True,361533,12562176,10445184,2116992,14951140,,,6,1686740,,4.665521542985011,"{""anneal"": true, ""anneal_seconds"": 18.806}",False,
case_042,1,1,5,capls,sa2,0,0.003,8.488,True,360771,12942080,10453376,2488704,15331044,,,6,1686740,,4.675375792400165,"{""anneal"": true, ""anneal_seconds"": 18.806}",False,
case_042,1,1,5,capls,sa3,0,0.003,8.824,True,360409,12941056,10461568,2479488,15330020,,,6,1686740,,4.680071807307809,"{""anneal"": true, ""anneal_seconds"": 18.806}",False,
case_042,1,1,5,capls,_best,0,0.273,9.545,True,359995,9965568,7286784,2678784,12354532,,,5,1686740,,4.6854539646383975,"{""block_cap"": 0.35}",True,results\plans\case_042_p1_n5_capls_best.json
case_044,1,1,3,capls,c0,0,0.033,0.362,True,123553,5161216,1860800,3300416,6136672,,,3,154407,,1.2497227910289512,"{""block_cap"": 0.35}",False,
case_044,1,1,3,capls,c1,0,0.255,0.303,True,104311,4052160,4052160,0,5027616,,,30,154407,,1.4802561570687656,"{""block_cap"": 0.15}",True,
case_044,1,1,3,capls,c2,0,0.047,0.362,True,123553,5161216,1860800,3300416,6136672,,,3,154407,,1.2497227910289512,"{""block_cap"": 0.35, ""init"": ""rr""}",False,
case_044,1,1,3,capls,c3,0,0.045,0.344,True,123553,5161216,1860800,3300416,6136672,,,3,154407,,1.2497227910289512,"{""block_cap"": 0.35, ""init"": ""contig""}",False,
case_044,1,1,3,capls,c4,0,0.031,0.313,True,177511,9304000,9304000,0,10279456,,,11,154407,,0.8698446856814507,"{""block_cap"": 0.35, ""subgraph_mode"": ""block""}",False,
case_044,1,1,3,capls,c5,0,0.034,0.313,True,177511,9304000,9304000,0,10279456,,,11,154407,,0.8698446856814507,"{""block_cap"": 0.35, ""init"": ""rr"", ""subgraph_mode"": ""block""}",False,
case_044,1,1,3,capls,c6,0,0.046,0.362,True,123553,5161216,1860800,3300416,6136672,,,3,154407,,1.2497227910289512,"{""block_cap"": 0.6, ""comm_weight"": 1e-06}",False,
case_044,1,1,3,capls,c7,0,0.229,0.303,True,104311,4052160,4052160,0,5027616,,,30,154407,,1.4802561570687656,"{""block_cap"": 0.08}",False,
case_044,1,1,3,capls,c8,0,0.33,0.366,True,139845,3302912,3302912,0,4278368,,,58,154407,,1.104129572026172,"{""block_cap"": 0.005}",False,
case_044,1,1,3,capls,c9,0,0.035,0.362,True,123553,5161216,1860800,3300416,6136672,,,3,154407,,1.2497227910289512,"{""block_cap"": 0.35, ""max_ops"": 2000}",False,
case_044,1,1,3,capls,c10,0,0.035,0.661,True,131105,4672992,930400,3742592,5648448,,,2,154407,,1.1777354029213225,"{""block_cap"": 0.35, ""cores_used"": 2}",False,
case_044,1,1,3,capls,c11,0,0.07,0.625,True,154407,4438112,0,4438112,5413568,,,1,154407,,1.0,"{""block_cap"": 0.35, ""cores_used"": 1}",False,
case_044,1,1,3,capls,c12,0,0.033,0.362,True,123553,5161216,1860800,3300416,6136672,,,3,154407,,1.2497227910289512,"{""block_cap"": 0.35, ""init"": ""rr"", ""level_mode"": ""alap_fill""}",False,
case_044,1,1,3,capls,c13,0,0.035,0.362,True,123553,5161216,1860800,3300416,6136672,,,3,154407,,1.2497227910289512,"{""block_cap"": 0.35, ""init"": ""rr"", ""level_mode"": ""alap_compress""}",False,
case_044,1,1,3,capls,sa1,0,0.272,0.267,True,108271,3718080,3423168,294912,4693536,,,46,154407,,1.4261159497926499,"{""anneal"": true, ""anneal_seconds"": 1.23}",False,
case_044,1,1,3,capls,sa2,0,0.246,0.244,True,108271,3718080,3423168,294912,4693536,,,46,154407,,1.4261159497926499,"{""anneal"": true, ""anneal_seconds"": 1.23}",False,
case_044,1,1,3,capls,sa3,0,0.265,0.263,True,108277,3718336,3423424,294912,4693792,,,47,154407,,1.4260369238157689,"{""anneal"": true, ""anneal_seconds"": 1.23}",False,
case_044,1,1,3,capls,_best,0,0.263,0.303,True,104311,4052160,4052160,0,5027616,,,30,154407,,1.4802561570687656,"{""block_cap"": 0.15}",True,results\plans\case_044_p1_n3_capls_best.json
case_044,1,1,4,capls,c0,0,0.275,0.358,True,152705,7230240,7230240,0,8205696,,,34,154407,,1.0111456730296977,"{""block_cap"": 0.35}",False,
case_044,1,1,4,capls,c1,0,0.27,0.358,True,152705,7230240,7230240,0,8205696,,,34,154407,,1.0111456730296977,"{""block_cap"": 0.15}",False,
case_044,1,1,4,capls,c2,0,0.25,0.343,True,143221,6803040,6729312,73728,7778496,,,39,154407,,1.0781030714769482,"{""block_cap"": 0.35, ""init"": ""rr""}",False,
case_044,1,1,4,capls,c3,0,0.264,0.337,True,142326,4331712,1845056,2486656,5307168,,,6,154407,,1.084882593482568,"{""block_cap"": 0.35, ""init"": ""contig""}",False,
case_044,1,1,4,capls,c4,0,0.25,0.615,True,244134,9779904,9779904,0,10755360,,,275,154407,,0.6324682346580157,"{""block_cap"": 0.35, ""subgraph_mode"": ""block""}",False,
case_044,1,1,4,capls,c5,0,0.269,0.647,True,273597,9779904,9779904,0,10755360,,,275,154407,,0.564359258325201,"{""block_cap"": 0.35, ""init"": ""rr"", ""subgraph_mode"": ""block""}",False,
case_044,1,1,4,capls,c6,0,0.061,0.295,True,124268,5678624,2791200,2887424,6654080,,,4,154407,,1.2425322689670713,"{""block_cap"": 0.6, ""comm_weight"": 1e-06}",False,
case_044,1,1,4,capls,c7,0,0.248,0.358,True,152705,7230240,7230240,0,8205696,,,34,154407,,1.0111456730296977,"{""block_cap"": 0.08}",False,
case_044,1,1,4,capls,c8,0,0.383,0.78,True,154603,4480000,4480000,0,5455456,,,128,154407,,0.998732236761253,"{""block_cap"": 0.005}",False,
case_044,1,1,4,capls,c9,0,0.266,0.358,True,152705,7230240,7230240,0,8205696,,,34,154407,,1.0111456730296977,"{""block_cap"": 0.35, ""max_ops"": 2000}",False,
case_044,1,1,4,capls,c10,0,0.048,0.316,True,123553,5161216,1860800,3300416,6136672,,,3,154407,,1.2497227910289512,"{""block_cap"": 0.35, ""cores_used"": 3}",False,
case_044,1,1,4,capls,c11,0,0.025,0.437,True,131105,4672992,930400,3742592,5648448,,,2,154407,,1.1777354029213225,"{""block_cap"": 0.35, ""cores_used"": 2}",False,
case_044,1,1,4,capls,c12,0,0.268,0.42,True,144038,6828384,6754656,73728,7803840,,,40,154407,,1.0719879476249323,"{""block_cap"": 0.35, ""init"": ""rr"", ""level_mode"": ""alap_fill""}",False,
case_044,1,1,4,capls,c13,0,0.302,0.42,True,144038,6828384,6754656,73728,7803840,,,40,154407,,1.0719879476249323,"{""block_cap"": 0.35, ""init"": ""rr"", ""level_mode"": ""alap_compress""}",False,
case_044,1,1,4,capls,sa1,0,0.283,0.282,True,123553,5161216,1860800,3300416,6136672,,,3,154407,,1.2497227910289512,"{""anneal"": true, ""anneal_seconds"": 0.735}",False,
case_044,1,1,4,capls,sa2,0,0.397,0.395,True,139212,4684512,930400,3754112,5659968,,,2,154407,,1.1091500732695456,"{""anneal"": true, ""anneal_seconds"": 0.735}",False,
case_044,1,1,4,capls,sa3,0,0.356,0.355,True,118449,3498016,963168,2534848,4473472,,,3,154407,,1.303573689942507,"{""anneal"": true, ""anneal_seconds"": 0.735}",True,
case_044,1,1,4,capls,_best,0,,0.355,True,118449,3498016,,,,,,3,154407,,1.303573689942507,"{""anneal"": true}",True,results\plans\case_044_p1_n4_capls_best.json
case_044,1,1,5,capls,c0,0,0.279,0.355,True,159204,7422560,7201376,221184,8398016,,,49,154407,,0.969868847516394,"{""block_cap"": 0.35}",False,
case_044,1,1,5,capls,c1,0,0.255,0.355,True,159204,7422560,7201376,221184,8398016,,,49,154407,,0.969868847516394,"{""block_cap"": 0.15}",False,
case_044,1,1,5,capls,c2,0,0.305,0.333,True,161712,7518048,7481184,36864,8493504,,,51,154407,,0.9548271000296824,"{""block_cap"": 0.35, ""init"": ""rr""}",False,
case_044,1,1,5,capls,c3,0,0.235,0.325,True,142719,4773280,2663936,2109344,5748736,,,7,154407,,1.0818951926512939,"{""block_cap"": 0.35, ""init"": ""contig""}",False,
case_044,1,1,5,capls,c4,0,0.298,0.647,True,218790,9779904,9779904,0,10755360,,,275,154407,,0.7057315233785822,"{""block_cap"": 0.35, ""subgraph_mode"": ""block""}",False,
case_044,1,1,5,capls,c5,0,0.291,0.635,True,223047,9779904,9779904,0,10755360,,,275,154407,,0.6922621689599053,"{""block_cap"": 0.35, ""init"": ""rr"", ""subgraph_mode"": ""block""}",False,
case_044,1,1,5,capls,c6,0,0.063,0.254,True,132892,6196032,3721600,2474432,7171488,,,5,154407,,1.161898383649881,"{""block_cap"": 0.6, ""comm_weight"": 1e-06}",False,
case_044,1,1,5,capls,c7,0,0.254,0.355,True,159204,7422560,7201376,221184,8398016,,,49,154407,,0.969868847516394,"{""block_cap"": 0.08}",False,
case_044,1,1,5,capls,c8,0,0.415,0.491,True,176387,6445280,6445280,0,7420736,,,143,154407,,0.875387641946402,"{""block_cap"": 0.005}",False,
case_044,1,1,5,capls,c9,0,0.206,0.355,True,159204,7422560,7201376,221184,8398016,,,49,154407,,0.969868847516394,"{""block_cap"": 0.35, ""max_ops"": 2000}",False,
case_044,1,1,5,capls,c10,0,0.194,0.809,True,152705,7230240,7230240,0,8205696,,,34,154407,,1.0111456730296977,"{""block_cap"": 0.35, ""cores_used"": 4}",False,
case_044,1,1,5,capls,c11,0,0.021,0.396,True,131105,4672992,930400,3742592,5648448,,,2,154407,,1.1777354029213225,"{""block_cap"": 0.35, ""cores_used"": 2}",False,
case_044,1,1,5,capls,c12,0,0.207,0.438,True,161251,7527456,7527456,0,8502912,,,58,154407,,0.9575568523606055,"{""block_cap"": 0.35, ""init"": ""rr"", ""level_mode"": ""alap_fill""}",False,
case_044,1,1,5,capls,c13,0,0.206,0.438,True,161251,7527456,7527456,0,8502912,,,58,154407,,0.9575568523606055,"{""block_cap"": 0.35, ""init"": ""rr"", ""level_mode"": ""alap_compress""}",False,
case_044,1,1,5,capls,sa1,0,0.002,0.54,True,103419,3090464,971360,2119104,4065920,,,3,154407,,1.493023525657761,"{""anneal"": true, ""anneal_seconds"": 0.961}",False,
case_044,1,1,5,capls,sa2,0,0.341,0.334,True,103134,3095584,976480,2119104,4071040,,,4,154407,,1.4971493396939903,"{""anneal"": true, ""anneal_seconds"": 0.961}",False,
case_044,1,1,5,capls,sa3,0,0.407,0.406,True,102720,3090464,971360,2119104,4065920,,,3,154407,,1.5031834112149534,"{""anneal"": true, ""anneal_seconds"": 0.961}",True,
case_044,1,1,5,capls,_best,0,,0.406,True,102720,3090464,,,,,,3,154407,,1.5031834112149534,"{""anneal"": true}",True,results\plans\case_044_p1_n5_capls_best.json
case_045,1,1,3,capls,c0,0,0.093,0.347,True,42601,0,0,0,557056,,,3,125614,,2.94861622966597,"{""block_cap"": 0.35}",True,
case_045,1,1,3,capls,c1,0,0.044,0.347,True,42601,0,0,0,557056,,,3,125614,,2.94861622966597,"{""block_cap"": 0.15}",False,
case_045,1,1,3,capls,c2,0,0.054,0.26,True,42608,0,0,0,557056,,,3,125614,,2.948131806233571,"{""block_cap"": 0.35, ""init"": ""rr""}",False,
case_045,1,1,3,capls,c3,0,0.047,0.378,True,42905,0,0,0,557056,,,3,125614,,2.9277240414870063,"{""block_cap"": 0.35, ""init"": ""contig""}",False,
case_045,1,1,3,capls,c4,0,0.044,0.263,True,53539,0,0,0,557056,,,68,125614,,2.3462149087581015,"{""block_cap"": 0.35, ""subgraph_mode"": ""block""}",False,
case_045,1,1,3,capls,c5,0,0.076,0.272,True,51549,0,0,0,557056,,,68,125614,,2.4367882985120954,"{""block_cap"": 0.35, ""init"": ""rr"", ""subgraph_mode"": ""block""}",False,
case_045,1,1,3,capls,c6,0,0.043,0.347,True,42601,0,0,0,557056,,,3,125614,,2.94861622966597,"{""block_cap"": 0.6, ""comm_weight"": 1e-06}",False,
case_045,1,1,3,capls,c7,0,0.047,0.347,True,42601,0,0,0,557056,,,3,125614,,2.94861622966597,"{""block_cap"": 0.08}",False,
case_045,1,1,3,capls,c8,0,0.403,0.521,True,121053,6402048,6402048,0,6959104,,,29,125614,,1.037677711415661,"{""block_cap"": 0.005}",False,
case_045,1,1,3,capls,c9,0,0.043,0.347,True,42601,0,0,0,557056,,,3,125614,,2.94861622966597,"{""block_cap"": 0.35, ""max_ops"": 2000}",False,
case_045,1,1,3,capls,c10,0,0.028,0.406,True,63059,0,0,0,557056,,,2,125614,,1.99200748505368,"{""block_cap"": 0.35, ""cores_used"": 2}",False,
case_045,1,1,3,capls,c11,0,0.01,0.585,True,125614,0,0,0,557056,,,1,125614,,1.0,"{""block_cap"": 0.35, ""cores_used"": 1}",False,
case_045,1,1,3,capls,c12,0,0.079,0.26,True,42608,0,0,0,557056,,,3,125614,,2.948131806233571,"{""block_cap"": 0.35, ""init"": ""rr"", ""level_mode"": ""alap_fill""}",False,
case_045,1,1,3,capls,c13,0,0.066,0.26,True,42608,0,0,0,557056,,,3,125614,,2.948131806233571,"{""block_cap"": 0.35, ""init"": ""rr"", ""level_mode"": ""alap_compress""}",False,
case_045,1,1,3,capls,sa1,0,0.002,0.506,True,43511,663552,606208,57344,1220608,,,4,125614,,2.8869481280595712,"{""anneal"": true, ""anneal_seconds"": 5.592}",False,
case_045,1,1,3,capls,sa2,0,0.002,0.566,True,43330,1003520,917504,86016,1560576,,,5,125614,,2.899007615970459,"{""anneal"": true, ""anneal_seconds"": 5.592}",False,
case_045,1,1,3,capls,sa3,0,0.371,0.366,True,46475,851968,630784,221184,1409024,,,4,125614,,2.7028294782140936,"{""anneal"": true, ""anneal_seconds"": 5.592}",False,
case_045,1,1,3,capls,_best,0,0.038,0.347,True,42601,0,0,0,557056,,,3,125614,,2.94861622966597,"{""block_cap"": 0.35}",True,results\plans\case_045_p1_n3_capls_best.json
case_045,1,1,4,capls,c0,0,0.054,0.305,True,31878,0,0,0,557056,,,4,125614,,3.940460505677897,"{""block_cap"": 0.35}",True,
case_045,1,1,4,capls,c1,0,0.063,0.305,True,31878,0,0,0,557056,,,4,125614,,3.940460505677897,"{""block_cap"": 0.15}",False,
case_045,1,1,4,capls,c2,0,0.047,0.343,True,32037,0,0,0,557056,,,4,125614,,3.92090395480226,"{""block_cap"": 0.35, ""init"": ""rr""}",False,
case_045,1,1,4,capls,c3,0,0.06,0.304,True,32334,0,0,0,557056,,,4,125614,,3.8848889713614154,"{""block_cap"": 0.35, ""init"": ""contig""}",False,
case_045,1,1,4,capls,c4,0,0.049,0.224,True,39778,0,0,0,557056,,,68,125614,,3.1578762129820506,"{""block_cap"": 0.35, ""subgraph_mode"": ""block""}",False,
case_045,1,1,4,capls,c5,0,0.041,0.277,True,39988,0,0,0,557056,,,68,125614,,3.141292387716315,"{""block_cap"": 0.35, ""init"": ""rr"", ""subgraph_mode"": ""block""}",False,
case_045,1,1,4,capls,c6,0,0.042,0.305,True,31878,0,0,0,557056,,,4,125614,,3.940460505677897,"{""block_cap"": 0.6, ""comm_weight"": 1e-06}",False,
case_045,1,1,4,capls,c7,0,0.054,0.305,True,31878,0,0,0,557056,,,4,125614,,3.940460505677897,"{""block_cap"": 0.08}",False,
case_045,1,1,4,capls,c8,0,0.483,0.587,True,139035,7602176,7602176,0,8159232,,,48,125614,,0.9034703491926493,"{""block_cap"": 0.005}",False,
case_045,1,1,4,capls,c9,0,0.049,0.305,True,31878,0,0,0,557056,,,4,125614,,3.940460505677897,"{""block_cap"": 0.35, ""max_ops"": 2000}",False,
case_045,1,1,4,capls,c10,0,0.037,0.311,True,42601,0,0,0,557056,,,3,125614,,2.94861622966597,"{""block_cap"": 0.35, ""cores_used"": 3}",False,
case_045,1,1,4,capls,c11,0,0.036,0.374,True,63059,0,0,0,557056,,,2,125614,,1.99200748505368,"{""block_cap"": 0.35, ""cores_used"": 2}",False,
case_045,1,1,4,capls,c12,0,0.067,0.343,True,32037,0,0,0,557056,,,4,125614,,3.92090395480226,"{""block_cap"": 0.35, ""init"": ""rr"", ""level_mode"": ""alap_fill""}",False,
case_045,1,1,4,capls,c13,0,0.064,0.343,True,32037,0,0,0,557056,,,4,125614,,3.92090395480226,"{""block_cap"": 0.35, ""init"": ""rr"", ""level_mode"": ""alap_compress""}",False,
case_045,1,1,4,capls,sa1,0,0.002,0.399,True,32835,720896,696320,24576,1277952,,,6,125614,,3.825612913050099,"{""anneal"": true, ""anneal_seconds"": 4.484}",False,
case_045,1,1,4,capls,sa2,0,0.001,0.406,True,32597,372736,348160,24576,929792,,,5,125614,,3.8535448047366323,"{""anneal"": true, ""anneal_seconds"": 4.484}",False,
case_045,1,1,4,capls,sa3,0,0.001,0.453,True,33101,520192,487424,32768,1077248,,,5,125614,,3.794870245611915,"{""anneal"": true, ""anneal_seconds"": 4.484}",False,
case_045,1,1,4,capls,_best,0,0.058,0.305,True,31878,0,0,0,557056,,,4,125614,,3.940460505677897,"{""block_cap"": 0.35}",True,results\plans\case_045_p1_n4_capls_best.json
case_046,1,1,2,capls,c0,0,0.024,0.257,True,166578,3521632,930400,2591232,4583104,,,2,276455,,1.6596129140702853,"{""block_cap"": 0.35}",False,
case_046,1,1,2,capls,c1,0,0.029,0.56,True,151992,1819232,1819232,0,2880704,,,25,276455,,1.8188786251907996,"{""block_cap"": 0.15}",True,
case_046,1,1,2,capls,c2,0,0.018,0.257,True,166578,3521632,930400,2591232,4583104,,,2,276455,,1.6596129140702853,"{""block_cap"": 0.35, ""init"": ""rr""}",False,
case_046,1,1,2,capls,c3,0,0.017,0.176,True,166578,3521632,930400,2591232,4583104,,,2,276455,,1.6596129140702853,"{""block_cap"": 0.35, ""init"": ""contig""}",False,
case_046,1,1,2,capls,c4,0,0.016,0.198,True,158876,6512800,6512800,0,7574272,,,8,276455,,1.7400677257735593,"{""block_cap"": 0.35, ""subgraph_mode"": ""block""}",False,
case_046,1,1,2,capls,c5,0,0.018,0.198,True,158876,6512800,6512800,0,7574272,,,8,276455,,1.7400677257735593,"{""block_cap"": 0.35, ""init"": ""rr"", ""subgraph_mode"": ""block""}",False,
case_046,1,1,2,capls,c6,0,0.026,0.257,True,166578,3521632,930400,2591232,4583104,,,2,276455,,1.6596129140702853,"{""block_cap"": 0.6, ""comm_weight"": 1e-06}",False,
case_046,1,1,2,capls,c7,0,0.075,0.56,True,151992,1819232,1819232,0,2880704,,,25,276455,,1.8188786251907996,"{""block_cap"": 0.08}",False,
case_046,1,1,2,capls,c8,0,0.05,0.205,True,206744,2861664,2861664,0,3923136,,,53,276455,,1.3371851178268777,"{""block_cap"": 0.005}",False,
case_046,1,1,2,capls,c9,0,0.029,0.257,True,166578,3521632,930400,2591232,4583104,,,2,276455,,1.6596129140702853,"{""block_cap"": 0.35, ""max_ops"": 2000}",False,
case_046,1,1,2,capls,c10,0,0.014,0.343,True,276455,3176288,0,3176288,4237760,,,1,276455,,1.0,"{""block_cap"": 0.35, ""cores_used"": 1}",False,
case_046,1,1,2,capls,c11,0,0.013,0.343,True,276455,3176288,0,3176288,4237760,,,1,276455,,1.0,"{""block_cap"": 0.35, ""cores_used"": 1}",False,
case_046,1,1,2,capls,c12,0,0.021,0.257,True,166578,3521632,930400,2591232,4583104,,,2,276455,,1.6596129140702853,"{""block_cap"": 0.35, ""init"": ""rr"", ""level_mode"": ""alap_fill""}",False,
case_046,1,1,2,capls,c13,0,0.019,0.257,True,166578,3521632,930400,2591232,4583104,,,2,276455,,1.6596129140702853,"{""block_cap"": 0.35, ""init"": ""rr"", ""level_mode"": ""alap_compress""}",False,
case_046,1,1,2,capls,sa1,0,0.141,0.138,True,151992,1819232,1819232,0,2880704,,,25,276455,,1.8188786251907996,"{""anneal"": true, ""anneal_seconds"": 0.617}",False,
case_046,1,1,2,capls,sa2,0,0.187,0.186,True,152387,1884768,1884768,0,2946240,,,26,276455,,1.8141639378687158,"{""anneal"": true, ""anneal_seconds"": 0.617}",False,
case_046,1,1,2,capls,sa3,0,0.156,0.155,True,152976,1983360,1983360,0,3044832,,,27,276455,,1.8071789038803472,"{""anneal"": true, ""anneal_seconds"": 0.617}",False,
case_046,1,1,2,capls,_best,0,0.027,0.56,True,151992,1819232,1819232,0,2880704,,,25,276455,,1.8188786251907996,"{""block_cap"": 0.15}",True,results\plans\case_046_p1_n2_capls_best.json
case_043,1,1,4,capls,c0,0,0.53,4.777,True,254552,4140902,4112226,28676,5572024,,,49,677656,,2.6621515446745656,"{""block_cap"": 0.35}",False,
case_043,1,1,4,capls,c1,0,0.529,4.777,True,254552,4140902,4112226,28676,5572024,,,49,677656,,2.6621515446745656,"{""block_cap"": 0.15}",False,
case_043,1,1,4,capls,c2,0,1.181,4.749,True,246558,4016686,4016686,0,5447808,,,51,677656,,2.748464864251008,"{""block_cap"": 0.35, ""init"": ""rr""}",True,
case_043,1,1,4,capls,c3,0,1.074,9.56,True,400527,1635840,1635840,0,3066962,,,9,677656,,1.6919109073795275,"{""block_cap"": 0.35, ""init"": ""contig""}",False,
case_043,1,1,4,capls,c4,0,0.489,5.14,True,321450,6081244,6081244,0,7512366,,,355,677656,,2.1081225696064707,"{""block_cap"": 0.35, ""subgraph_mode"": ""block""}",False,
case_043,1,1,4,capls,c5,0,1.108,5.044,True,308535,6081244,6081244,0,7512366,,,355,677656,,2.196366700698462,"{""block_cap"": 0.35, ""init"": ""rr"", ""subgraph_mode"": ""block""}",False,
case_043,1,1,4,capls,c6,0,0.536,4.869,True,250519,4127788,4111404,16384,5558910,,,51,677656,,2.705008402556293,"{""block_cap"": 0.6, ""comm_weight"": 1e-06}",False,
case_043,1,1,4,capls,c7,0,2.019,4.997,True,442448,7646208,7646208,0,9077330,,,152,677656,,1.531605974035367,"{""block_cap"": 0.08}",False,
case_043,1,1,4,capls,sa1,0,3.513,3.478,True,250631,4016686,4016686,0,5447808,,,51,677656,,2.703799609784903,"{""anneal"": true, ""anneal_seconds"": 3.055}",False,
case_043,1,1,4,capls,sa2,0,3.583,3.565,True,253853,4341536,4341536,0,5772658,,,56,677656,,2.6694819442748363,"{""anneal"": true, ""anneal_seconds"": 3.055}",False,
case_043,1,1,4,capls,sa3,0,3.369,3.353,True,253194,4283632,4283632,0,5714754,,,55,677656,,2.6764299311990016,"{""anneal"": true, ""anneal_seconds"": 3.055}",False,
case_043,1,1,4,capls,_best,0,1.167,4.749,True,246558,4016686,4016686,0,5447808,,,51,677656,,2.748464864251008,"{""block_cap"": 0.35, ""init"": ""rr""}",True,results\plans\case_043_p1_n4_capls_best.json
case_045,1,1,5,capls,c0,0,0.065,0.225,True,26164,0,0,0,557056,,,5,125614,,4.801024308209754,"{""block_cap"": 0.35}",False,
case_045,1,1,5,capls,c1,0,0.068,0.225,True,26164,0,0,0,557056,,,5,125614,,4.801024308209754,"{""block_cap"": 0.15}",False,
case_045,1,1,5,capls,c2,0,0.056,0.243,True,26399,0,0,0,557056,,,5,125614,,4.758286298723436,"{""block_cap"": 0.35, ""init"": ""rr""}",False,
case_045,1,1,5,capls,c3,0,0.144,0.247,True,26088,0,0,0,557056,,,5,125614,,4.8150107329040175,"{""block_cap"": 0.35, ""init"": ""contig""}",True,
case_045,1,1,5,capls,c4,0,0.052,0.265,True,35702,0,0,0,557056,,,68,125614,,3.518402330401658,"{""block_cap"": 0.35, ""subgraph_mode"": ""block""}",False,
case_045,1,1,5,capls,c5,0,0.063,0.278,True,35702,0,0,0,557056,,,68,125614,,3.518402330401658,"{""block_cap"": 0.35, ""init"": ""rr"", ""subgraph_mode"": ""block""}",False,
case_045,1,1,5,capls,c6,0,0.073,0.225,True,26164,0,0,0,557056,,,5,125614,,4.801024308209754,"{""block_cap"": 0.6, ""comm_weight"": 1e-06}",False,
case_045,1,1,5,capls,c7,0,0.312,0.33,True,47218,1482752,1482752,0,2039808,,,29,125614,,2.660299038502266,"{""block_cap"": 0.08}",False,
case_045,1,1,5,capls,c8,0,0.459,0.63,True,151210,8007680,8007680,0,8564736,,,58,125614,,0.8307254811189736,"{""block_cap"": 0.005}",False,
case_045,1,1,5,capls,c9,0,0.067,0.225,True,26164,0,0,0,557056,,,5,125614,,4.801024308209754,"{""block_cap"": 0.35, ""max_ops"": 2000}",False,
case_045,1,1,5,capls,c10,0,0.061,0.27,True,31878,0,0,0,557056,,,4,125614,,3.940460505677897,"{""block_cap"": 0.35, ""cores_used"": 4}",False,
case_045,1,1,5,capls,c11,0,0.035,0.718,True,63059,0,0,0,557056,,,2,125614,,1.99200748505368,"{""block_cap"": 0.35, ""cores_used"": 2}",False,
case_045,1,1,5,capls,c12,0,0.082,0.243,True,26399,0,0,0,557056,,,5,125614,,4.758286298723436,"{""block_cap"": 0.35, ""init"": ""rr"", ""level_mode"": ""alap_fill""}",False,
case_045,1,1,5,capls,c13,0,0.085,0.243,True,26399,0,0,0,557056,,,5,125614,,4.758286298723436,"{""block_cap"": 0.35, ""init"": ""rr"", ""level_mode"": ""alap_compress""}",False,
case_045,1,1,5,capls,sa1,0,0.274,0.265,True,26157,262144,262144,0,819200,,,6,125614,,4.802309133310395,"{""anneal"": true, ""anneal_seconds"": 2.869}",False,
case_045,1,1,5,capls,sa2,0,0.001,0.482,True,27583,512000,438272,73728,1069056,,,6,125614,,4.554036906790414,"{""anneal"": true, ""anneal_seconds"": 2.869}",False,
case_045,1,1,5,capls,sa3,0,0.269,0.268,True,26509,327680,327680,0,884736,,,6,125614,,4.738541627371836,"{""anneal"": true, ""anneal_seconds"": 2.869}",False,
case_045,1,1,5,capls,_best,0,0.061,0.247,True,26088,0,0,0,557056,,,5,125614,,4.8150107329040175,"{""block_cap"": 0.35, ""init"": ""contig""}",True,results\plans\case_045_p1_n5_capls_best.json
case_045,1,1,2,capls,c0,0,0.024,0.434,True,63059,0,0,0,557056,,,2,125614,,1.99200748505368,"{""block_cap"": 0.35}",True,
case_045,1,1,2,capls,c1,0,0.021,0.434,True,63059,0,0,0,557056,,,2,125614,,1.99200748505368,"{""block_cap"": 0.15}",False,
case_045,1,1,2,capls,c2,0,0.021,0.39,True,63059,0,0,0,557056,,,2,125614,,1.99200748505368,"{""block_cap"": 0.35, ""init"": ""rr""}",False,
case_045,1,1,2,capls,c3,0,0.022,0.361,True,63439,0,0,0,557056,,,2,125614,,1.9800753479720676,"{""block_cap"": 0.35, ""init"": ""contig""}",False,
case_045,1,1,2,capls,c4,0,0.025,0.255,True,74059,0,0,0,557056,,,68,125614,,1.696134163302232,"{""block_cap"": 0.35, ""subgraph_mode"": ""block""}",False,
case_045,1,1,2,capls,c5,0,0.03,0.249,True,74059,0,0,0,557056,,,68,125614,,1.696134163302232,"{""block_cap"": 0.35, ""init"": ""rr"", ""subgraph_mode"": ""block""}",False,
case_045,1,1,2,capls,c6,0,0.032,0.434,True,63059,0,0,0,557056,,,2,125614,,1.99200748505368,"{""block_cap"": 0.6, ""comm_weight"": 1e-06}",False,
case_045,1,1,2,capls,c7,0,0.028,0.434,True,63059,0,0,0,557056,,,2,125614,,1.99200748505368,"{""block_cap"": 0.08}",False,
case_045,1,1,2,capls,c8,0,0.121,0.862,True,99134,4640768,4640768,0,5197824,,,14,125614,,1.2671132003147256,"{""block_cap"": 0.005}",False,
case_045,1,1,2,capls,c9,0,0.033,0.434,True,63059,0,0,0,557056,,,2,125614,,1.99200748505368,"{""block_cap"": 0.35, ""max_ops"": 2000}",False,
case_045,1,1,2,capls,c10,0,0.008,0.612,True,125614,0,0,0,557056,,,1,125614,,1.0,"{""block_cap"": 0.35, ""cores_used"": 1}",False,
case_045,1,1,2,capls,c11,0,0.008,0.612,True,125614,0,0,0,557056,,,1,125614,,1.0,"{""block_cap"": 0.35, ""cores_used"": 1}",False,
case_045,1,1,2,capls,c12,0,0.023,0.39,True,63059,0,0,0,557056,,,2,125614,,1.99200748505368,"{""block_cap"": 0.35, ""init"": ""rr"", ""level_mode"": ""alap_fill""}",False,
case_045,1,1,2,capls,c13,0,0.032,0.39,True,63059,0,0,0,557056,,,2,125614,,1.99200748505368,"{""block_cap"": 0.35, ""init"": ""rr"", ""level_mode"": ""alap_compress""}",False,
case_045,1,1,2,capls,sa1,0,0.611,0.603,True,71804,1961984,954368,1007616,2519040,,,3,125614,,1.7494011475683806,"{""anneal"": true, ""anneal_seconds"": 8.983}",False,
case_045,1,1,2,capls,sa2,0,0.001,0.554,True,66336,1642496,1409024,233472,2199552,,,4,125614,,1.893602267245538,"{""anneal"": true, ""anneal_seconds"": 8.983}",False,
case_045,1,1,2,capls,sa3,0,0.001,0.674,True,68099,1175552,958464,217088,1732608,,,3,125614,,1.844579215553826,"{""anneal"": true, ""anneal_seconds"": 8.983}",False,
case_045,1,1,2,capls,_best,0,0.023,0.434,True,63059,0,0,0,557056,,,2,125614,,1.99200748505368,"{""block_cap"": 0.35}",True,results\plans\case_045_p1_n2_capls_best.json
case_046,1,1,3,capls,c0,0,0.059,0.189,True,177453,3015040,3015040,0,4076512,,,46,276455,,1.5579054735620137,"{""block_cap"": 0.35}",False,
case_046,1,1,3,capls,c1,0,0.064,0.189,True,177453,3015040,3015040,0,4076512,,,46,276455,,1.5579054735620137,"{""block_cap"": 0.15}",False,
case_046,1,1,3,capls,c2,0,0.103,0.61,True,209713,3633632,3633632,0,4695104,,,54,276455,,1.3182539947451994,"{""block_cap"": 0.35, ""init"": ""rr""}",False,
case_046,1,1,3,capls,c3,0,0.09,0.243,True,270397,3774848,2004864,1769984,4836320,,,6,276455,,1.0224040947199857,"{""block_cap"": 0.35, ""init"": ""contig""}",False,
case_046,1,1,3,capls,c4,0,0.042,0.391,True,395845,7897248,7897248,0,8958720,,,200,276455,,0.6983920473922874,"{""block_cap"": 0.35, ""subgraph_mode"": ""block""}",False,
case_046,1,1,3,capls,c5,0,0.084,0.353,True,329554,7897248,7897248,0,8958720,,,200,276455,,0.8388761781073815,"{""block_cap"": 0.35, ""init"": ""rr"", ""subgraph_mode"": ""block""}",False,
case_046,1,1,3,capls,c6,0,0.035,0.159,True,142176,4021280,1860800,2160480,5082752,,,3,276455,,1.9444561670042764,"{""block_cap"": 0.6, ""comm_weight"": 1e-06}",False,
case_046,1,1,3,capls,c7,0,0.061,0.189,True,177453,3015040,3015040,0,4076512,,,46,276455,,1.5579054735620137,"{""block_cap"": 0.08}",False,
case_046,1,1,3,capls,c8,0,0.182,0.335,True,231757,5921056,5921056,0,6982528,,,98,276455,,1.192865803406154,"{""block_cap"": 0.005}",False,
case_046,1,1,3,capls,c9,0,0.062,0.189,True,177453,3015040,3015040,0,4076512,,,46,276455,,1.5579054735620137,"{""block_cap"": 0.35, ""max_ops"": 2000}",False,
case_046,1,1,3,capls,c10,0,0.027,0.225,True,166578,3521632,930400,2591232,4583104,,,2,276455,,1.6596129140702853,"{""block_cap"": 0.35, ""cores_used"": 2}",False,
case_046,1,1,3,capls,c11,0,0.013,0.352,True,276455,3176288,0,3176288,4237760,,,1,276455,,1.0,"{""block_cap"": 0.35, ""cores_used"": 1}",False,
case_046,1,1,3,capls,c12,0,0.111,0.228,True,205742,3726624,3726624,0,4788096,,,57,276455,,1.34369744631626,"{""block_cap"": 0.35, ""init"": ""rr"", ""level_mode"": ""alap_fill""}",False,
case_046,1,1,3,capls,c13,0,0.102,0.228,True,205742,3726624,3726624,0,4788096,,,57,276455,,1.34369744631626,"{""block_cap"": 0.35, ""init"": ""rr"", ""level_mode"": ""alap_compress""}",False,
case_046,1,1,3,capls,sa1,0,0.001,0.239,True,133707,3761600,1926336,1835264,4823072,,,4,276455,,2.067618000553449,"{""anneal"": true, ""anneal_seconds"": 2.538}",True,
case_046,1,1,3,capls,sa2,0,0.209,0.206,True,135818,4227360,2262048,1965312,5288832,,,16,276455,,2.035481305865202,"{""anneal"": true, ""anneal_seconds"": 2.538}",False,
case_046,1,1,3,capls,sa3,0,0.175,0.174,True,136246,4210976,2245664,1965312,5272448,,,15,276455,,2.0290870924651,"{""anneal"": true, ""anneal_seconds"": 2.538}",False,
case_046,1,1,3,capls,_best,0,,0.239,True,133707,3761600,,,,,,4,276455,,2.067618000553449,"{""anneal"": true}",True,results\plans\case_046_p1_n3_capls_best.json
case_046,1,1,5,capls,c0,0,0.175,0.255,True,142691,4192544,3844384,348160,5254016,,,40,276455,,1.9374382406739037,"{""block_cap"": 0.35}",False,
case_046,1,1,5,capls,c1,0,0.138,0.255,True,142691,4192544,3844384,348160,5254016,,,40,276455,,1.9374382406739037,"{""block_cap"": 0.15}",False,
case_046,1,1,5,capls,c2,0,0.185,0.261,True,183370,6660512,6660512,0,7721984,,,44,276455,,1.5076348366690298,"{""block_cap"": 0.35, ""init"": ""rr""}",False,
case_046,1,1,5,capls,c3,0,0.161,0.225,True,201264,3556608,2057216,1499392,4618080,,,7,276455,,1.3735938866364577,"{""block_cap"": 0.35, ""init"": ""contig""}",False,
case_046,1,1,5,capls,c4,0,0.191,0.4,True,275776,7897248,7897248,0,8958720,,,200,276455,,1.0024621431886749,"{""block_cap"": 0.35, ""subgraph_mode"": ""block""}",False,
case_046,1,1,5,capls,c5,0,0.178,0.386,True,250555,7897248,7897248,0,8958720,,,200,276455,,1.1033705174512582,"{""block_cap"": 0.35, ""init"": ""rr"", ""subgraph_mode"": ""block""}",False,
case_046,1,1,5,capls,c6,0,0.194,0.266,True,160031,4903904,4830176,73728,5965376,,,43,276455,,1.7275090451225075,"{""block_cap"": 0.6, ""comm_weight"": 1e-06}",False,
case_046,1,1,5,capls,c7,0,0.179,0.255,True,142691,4192544,3844384,348160,5254016,,,40,276455,,1.9374382406739037,"{""block_cap"": 0.08}",False,
case_046,1,1,5,capls,c8,0,0.351,0.311,True,251434,7488384,7488384,0,8549856,,,114,276455,,1.099513192328802,"{""block_cap"": 0.005}",False,
case_046,1,1,5,capls,c9,0,0.175,0.255,True,142691,4192544,3844384,348160,5254016,,,40,276455,,1.9374382406739037,"{""block_cap"": 0.35, ""max_ops"": 2000}",False,
case_046,1,1,5,capls,c10,0,0.181,0.148,True,179047,5648608,5325280,323328,6710080,,,23,276455,,1.544035923528459,"{""block_cap"": 0.35, ""cores_used"": 4}",False,
case_046,1,1,5,capls,c11,0,0.018,0.468,True,166578,3521632,930400,2591232,4583104,,,2,276455,,1.6596129140702853,"{""block_cap"": 0.35, ""cores_used"": 2}",False,
case_046,1,1,5,capls,c12,0,0.153,0.236,True,180083,6855136,6855136,0,7916608,,,45,276455,,1.5351532348972419,"{""block_cap"": 0.35, ""init"": ""rr"", ""level_mode"": ""alap_fill""}",False,
case_046,1,1,5,capls,c13,0,0.166,0.236,True,180083,6855136,6855136,0,7916608,,,45,276455,,1.5351532348972419,"{""block_cap"": 0.35, ""init"": ""rr"", ""level_mode"": ""alap_compress""}",False,
case_046,1,1,5,capls,sa1,0,0.221,0.217,True,141793,4270368,3922208,348160,5331840,,,42,276455,,1.9497083777055284,"{""anneal"": true, ""anneal_seconds"": 0.879}",False,
case_046,1,1,5,capls,sa2,0,0.232,0.231,True,141793,4258080,3909920,348160,5319552,,,41,276455,,1.9497083777055284,"{""anneal"": true, ""anneal_seconds"": 0.879}",False,
case_046,1,1,5,capls,sa3,0,0.233,0.232,True,141768,4192544,3844384,348160,5254016,,,40,276455,,1.9500521979572258,"{""anneal"": true, ""anneal_seconds"": 0.879}",True,
case_046,1,1,5,capls,_best,0,,0.232,True,141768,4192544,,,,,,40,276455,,1.9500521979572258,"{""anneal"": true}",True,results\plans\case_046_p1_n5_capls_best.json
case_046,1,1,4,capls,c0,0,0.153,0.471,True,179047,5648608,5325280,323328,6710080,,,23,276455,,1.544035923528459,"{""block_cap"": 0.35}",False,
case_046,1,1,4,capls,c1,0,0.133,0.471,True,179047,5648608,5325280,323328,6710080,,,23,276455,,1.544035923528459,"{""block_cap"": 0.15}",False,
case_046,1,1,4,capls,c2,0,0.13,0.255,True,151110,5725920,5725920,0,6787392,,,33,276455,,1.8294950698166899,"{""block_cap"": 0.35, ""init"": ""rr""}",False,
case_046,1,1,4,capls,c3,0,0.182,0.192,True,231215,4387712,3702144,685568,5449184,,,10,276455,,1.1956620461475251,"{""block_cap"": 0.35, ""init"": ""contig""}",False,
case_046,1,1,4,capls,c4,0,0.192,0.352,True,206685,7897248,7897248,0,8958720,,,200,276455,,1.3375668287490625,"{""block_cap"": 0.35, ""subgraph_mode"": ""block""}",False,
case_046,1,1,4,capls,c5,0,0.188,0.33,True,277415,7897248,7897248,0,8958720,,,200,276455,,0.9965394805616135,"{""block_cap"": 0.35, ""init"": ""rr"", ""subgraph_mode"": ""block""}",False,
case_046,1,1,4,capls,c6,0,0.044,0.237,True,124612,4513952,2791200,1722752,5575424,,,4,276455,,2.218526305652746,"{""block_cap"": 0.6, ""comm_weight"": 1e-06}",False,
case_046,1,1,4,capls,c7,0,0.167,0.471,True,179047,5648608,5325280,323328,6710080,,,23,276455,,1.544035923528459,"{""block_cap"": 0.08}",False,
case_046,1,1,4,capls,c8,0,0.321,0.358,True,227334,6465728,6465728,0,7527200,,,120,276455,,1.216074146410128,"{""block_cap"": 0.005}",False,
case_046,1,1,4,capls,c9,0,0.198,0.471,True,179047,5648608,5325280,323328,6710080,,,23,276455,,1.544035923528459,"{""block_cap"": 0.35, ""max_ops"": 2000}",False,
case_046,1,1,4,capls,c10,0,0.06,0.227,True,177453,3015040,3015040,0,4076512,,,46,276455,,1.5579054735620137,"{""block_cap"": 0.35, ""cores_used"": 3}",False,
case_046,1,1,4,capls,c11,0,0.028,0.235,True,166578,3521632,930400,2591232,4583104,,,2,276455,,1.6596129140702853,"{""block_cap"": 0.35, ""cores_used"": 2}",False,
case_046,1,1,4,capls,c12,0,0.197,0.241,True,151508,5865312,5865312,0,6926784,,,35,276455,,1.8246891253267155,"{""block_cap"": 0.35, ""init"": ""rr"", ""level_mode"": ""alap_fill""}",False,
case_046,1,1,4,capls,c13,0,0.19,0.241,True,151508,5865312,5865312,0,6926784,,,35,276455,,1.8246891253267155,"{""block_cap"": 0.35, ""init"": ""rr"", ""level_mode"": ""alap_compress""}",False,
case_046,1,1,4,capls,sa1,0,0.243,0.241,True,116733,4579392,2848544,1730848,5640864,,,5,276455,,2.368267756332828,"{""anneal"": true, ""anneal_seconds"": 4.078}",False,
case_046,1,1,4,capls,sa2,0,0.214,0.213,True,115384,4554048,2848544,1705504,5615520,,,5,276455,,2.3959561117659294,"{""anneal"": true, ""anneal_seconds"": 4.078}",True,
case_046,1,1,4,capls,sa3,0,0.237,0.236,True,130704,4579392,2848544,1730848,5640864,,,5,276455,,2.1151227200391727,"{""anneal"": true, ""anneal_seconds"": 4.078}",False,
case_046,1,1,4,capls,_best,0,,0.213,True,115384,4554048,,,,,,5,276455,,2.3959561117659294,"{""anneal"": true}",True,results\plans\case_046_p1_n4_capls_best.json
case_043,1,1,5,capls,c0,0,0.633,5.046,True,250007,4546930,4530546,16384,5978052,,,58,677656,,2.7105481046530695,"{""block_cap"": 0.35}",False,
case_043,1,1,5,capls,c1,0,0.628,5.046,True,250007,4546930,4530546,16384,5978052,,,58,677656,,2.7105481046530695,"{""block_cap"": 0.15}",False,
case_043,1,1,5,capls,c2,0,1.217,5.098,True,234354,4895842,4895842,0,6326964,,,63,677656,,2.891591353251918,"{""block_cap"": 0.35, ""init"": ""rr""}",True,
case_043,1,1,5,capls,c3,0,1.137,7.919,True,357862,1546308,1497148,49160,2977430,,,10,677656,,1.8936237991180958,"{""block_cap"": 0.35, ""init"": ""contig""}",False,
case_043,1,1,5,capls,c4,0,0.572,5.64,True,333587,6081244,6081244,0,7512366,,,355,677656,,2.031422087791191,"{""block_cap"": 0.35, ""subgraph_mode"": ""block""}",False,
case_043,1,1,5,capls,c5,0,1.193,5.719,True,330036,6081244,6081244,0,7512366,,,355,677656,,2.053279036226351,"{""block_cap"": 0.35, ""init"": ""rr"", ""subgraph_mode"": ""block""}",False,
case_043,1,1,5,capls,c6,0,0.499,4.967,True,250334,4527984,4511600,16384,5959106,,,58,677656,,2.7070074380627482,"{""block_cap"": 0.6, ""comm_weight"": 1e-06}",False,
case_043,1,1,5,capls,c7,0,1.978,4.847,True,453641,7065626,7065626,0,8496748,,,178,677656,,1.4938155942694773,"{""block_cap"": 0.08}",False,
case_043,1,1,5,capls,sa1,0,3.521,3.508,True,234816,4908258,4908258,0,6339380,,,65,677656,,2.8859021531752522,"{""anneal"": true, ""anneal_seconds"": 3.306}",False,
case_043,1,1,5,capls,sa2,0,3.465,3.452,True,234354,4904162,4904162,0,6335284,,,64,677656,,2.891591353251918,"{""anneal"": true, ""anneal_seconds"": 3.306}",False,
case_043,1,1,5,capls,sa3,0,3.798,3.787,True,234354,4895842,4895842,0,6326964,,,63,677656,,2.891591353251918,"{""anneal"": true, ""anneal_seconds"": 3.306}",False,
case_043,1,1,5,capls,_best,0,1.183,5.098,True,234354,4895842,4895842,0,6326964,,,63,677656,,2.891591353251918,"{""block_cap"": 0.35, ""init"": ""rr""}",True,results\plans\case_043_p1_n5_capls_best.json
case_042,1,1,3,capls,c0,0,0.204,11.459,True,579300,8405280,3950880,4454400,10794244,,,3,1686740,,2.911686518211635,"{""block_cap"": 0.35}",False,
case_042,1,1,3,capls,c1,0,0.171,11.459,True,579300,8405280,3950880,4454400,10794244,,,3,1686740,,2.911686518211635,"{""block_cap"": 0.15}",False,
case_042,1,1,3,capls,c2,0,0.268,10.983,True,599454,8723020,4115020,4608000,11111984,,,4,1686740,,2.8137938857693836,"{""block_cap"": 0.35, ""init"": ""rr""}",False,
case_042,1,1,3,capls,c3,0,0.33,10.754,True,577743,7409664,3686400,3723264,9798628,,,3,1686740,,2.9195334257619736,"{""block_cap"": 0.35, ""init"": ""contig""}",True,
case_042,1,1,3,capls,c4,0,0.134,2.025,True,612412,17700272,17700272,0,20089236,,,108,1686740,,2.7542569381396835,"{""block_cap"": 0.35, ""subgraph_mode"": ""block""}",False,
case_042,1,1,3,capls,c5,0,0.422,2.516,True,614613,17700272,17700272,0,20089236,,,108,1686740,,2.744393626558501,"{""block_cap"": 0.35, ""init"": ""rr"", ""subgraph_mode"": ""block""}",False,
case_042,1,1,3,capls,c6,0,0.167,9.068,True,628704,6580224,2512896,4067328,8969188,,,3,1686740,,2.6828841553417826,"{""block_cap"": 0.6, ""comm_weight"": 1e-06}",False,
case_042,1,1,3,capls,c7,0,0.186,11.459,True,579300,8405280,3950880,4454400,10794244,,,3,1686740,,2.911686518211635,"{""block_cap"": 0.08}",False,
case_042,1,1,3,capls,c8,0,0.205,7.987,True,734264,17027572,16984564,43008,19416536,,,15,1686740,,2.2971846638266347,"{""block_cap"": 0.005}",False,
case_042,1,1,3,capls,c9,0,0.197,11.459,True,579300,8405280,3950880,4454400,10794244,,,3,1686740,,2.911686518211635,"{""block_cap"": 0.35, ""max_ops"": 2000}",False,
case_042,1,1,3,capls,c10,0,0.159,13.633,True,850159,7265568,2052384,5213184,9654532,,,2,1686740,,1.9840288698937494,"{""block_cap"": 0.35, ""cores_used"": 2}",False,
case_042,1,1,3,capls,c11,0,0.042,12.109,True,1686740,6629376,0,6629376,9018340,,,1,1686740,,1.0,"{""block_cap"": 0.35, ""cores_used"": 1}",False,
case_042,1,1,3,capls,c12,0,0.284,7.378,True,606512,17744452,16481860,1262592,20133416,,,6,1686740,,2.781049674202654,"{""block_cap"": 0.35, ""init"": ""rr"", ""level_mode"": ""alap_fill""}",False,
case_042,1,1,3,capls,c13,0,0.296,7.378,True,606512,17744452,16481860,1262592,20133416,,,6,1686740,,2.781049674202654,"{""block_cap"": 0.35, ""init"": ""rr"", ""level_mode"": ""alap_compress""}",False,
case_042,1,1,3,capls,sa1,0,6.663,6.645,True,577818,8430592,5767168,2663424,10819556,,,4,1686740,,2.919154474246216,"{""anneal"": true, ""anneal_seconds"": 40.448}",False,
case_042,1,1,3,capls,sa2,0,0.003,9.151,True,587549,11841536,8757248,3084288,14230500,,,4,1686740,,2.8708073709596986,"{""anneal"": true, ""anneal_seconds"": 40.448}",False,
case_042,1,1,3,capls,sa3,0,7.303,7.298,True,589568,12062720,8978432,3084288,14451684,,,5,1686740,,2.860976172383847,"{""anneal"": true, ""anneal_seconds"": 40.448}",False,
case_042,1,1,3,capls,_best,0,0.312,10.754,True,577743,7409664,3686400,3723264,9798628,,,3,1686740,,2.9195334257619736,"{""block_cap"": 0.35, ""init"": ""contig""}",True,results\plans\case_042_p1_n3_capls_best.json
case_048,1,1,2,capls,c0,0,0.061,0.394,True,234288,429568,429568,0,844358,,,20,222220,,0.9484907464317421,"{""block_cap"": 0.35}",False,
case_048,1,1,2,capls,c1,0,0.06,0.394,True,234288,429568,429568,0,844358,,,20,222220,,0.9484907464317421,"{""block_cap"": 0.15}",False,
case_048,1,1,2,capls,c2,0,0.046,0.845,True,236301,422402,422402,0,837192,,,19,222220,,0.9404107473095755,"{""block_cap"": 0.35, ""init"": ""rr""}",False,
case_048,1,1,2,capls,c3,0,0.058,0.473,True,226762,98386,98386,0,513176,,,6,222220,,0.9799701890087404,"{""block_cap"": 0.35, ""init"": ""contig""}",False,
case_048,1,1,2,capls,c4,0,0.058,0.469,True,217749,615242,615242,0,1030032,,,90,222220,,1.020532815305696,"{""block_cap"": 0.35, ""subgraph_mode"": ""block""}",False,
case_048,1,1,2,capls,c5,0,0.044,0.419,True,214615,615242,615242,0,1030032,,,90,222220,,1.035435547375533,"{""block_cap"": 0.35, ""init"": ""rr"", ""subgraph_mode"": ""block""}",True,
case_048,1,1,2,capls,c6,0,0.047,0.349,True,238374,401148,401148,0,815938,,,18,222220,,0.9322325421396629,"{""block_cap"": 0.6, ""comm_weight"": 1e-06}",False,
case_048,1,1,2,capls,c7,0,0.109,0.518,True,274449,1186966,1186966,0,1601756,,,79,222220,,0.8096950617418901,"{""block_cap"": 0.08}",False,
case_048,1,1,2,capls,c8,0,0.118,0.491,True,300341,1498914,1498914,0,1913704,,,70,222220,,0.739892322393546,"{""block_cap"": 0.005}",False,
case_048,1,1,2,capls,c9,0,0.123,0.394,True,234288,429568,429568,0,844358,,,20,222220,,0.9484907464317421,"{""block_cap"": 0.35, ""max_ops"": 2000}",False,
case_048,1,1,2,capls,c10,0,0.031,0.845,True,222220,0,0,0,414790,,,1,222220,,1.0,"{""block_cap"": 0.35, ""cores_used"": 1}",False,
case_048,1,1,2,capls,c11,0,0.03,0.845,True,222220,0,0,0,414790,,,1,222220,,1.0,"{""block_cap"": 0.35, ""cores_used"": 1}",False,
case_048,1,1,2,capls,c12,0,0.05,0.374,True,234787,425488,425488,0,840278,,,32,222220,,0.9464748900066869,"{""block_cap"": 0.35, ""init"": ""rr"", ""level_mode"": ""alap_fill""}",False,
case_048,1,1,2,capls,c13,0,0.051,0.374,True,234787,425488,425488,0,840278,,,32,222220,,0.9464748900066869,"{""block_cap"": 0.35, ""init"": ""rr"", ""level_mode"": ""alap_compress""}",False,
case_048,1,1,2,capls,sa1,0,0.542,0.533,True,217011,756144,756144,0,1170934,,,141,222220,,1.0240033915331481,"{""anneal"": true, ""anneal_seconds"": 1.605}",False,
case_048,1,1,2,capls,sa2,0,0.518,0.515,True,217011,757168,757168,0,1171958,,,142,222220,,1.0240033915331481,"{""anneal"": true, ""anneal_seconds"": 1.605}",False,
case_048,1,1,2,capls,sa3,0,0.464,0.461,True,217020,752816,752816,0,1167606,,,140,222220,,1.0239609252603448,"{""anneal"": true, ""anneal_seconds"": 1.605}",False,
case_048,1,1,2,capls,_best,0,0.07,0.419,True,214615,615242,615242,0,1030032,,,90,222220,,1.035435547375533,"{""block_cap"": 0.35, ""init"": ""rr"", ""subgraph_mode"": ""block""}",True,results\plans\case_048_p1_n2_capls_best.json
case_048,1,1,3,capls,c0,0,0.099,0.393,True,231999,425816,425816,0,840606,,,35,222220,,0.957848956245501,"{""block_cap"": 0.35}",False,
case_048,1,1,3,capls,c1,0,0.225,0.716,True,231600,1380660,1380660,0,1795450,,,165,222220,,0.9594991364421416,"{""block_cap"": 0.15}",False,
case_048,1,1,3,capls,c2,0,0.066,0.398,True,208666,580204,580204,0,994994,,,64,222220,,1.0649554790909874,"{""block_cap"": 0.35, ""init"": ""rr""}",False,
case_048,1,1,3,capls,c3,0,0.073,0.429,True,223686,24716,24716,0,439506,,,5,222220,,0.9934461700776982,"{""block_cap"": 0.35, ""init"": ""contig""}",False,
case_048,1,1,3,capls,c4,0,0.086,0.776,True,218249,615242,615242,0,1030032,,,90,222220,,1.0181948141801338,"{""block_cap"": 0.35, ""subgraph_mode"": ""block""}",False,
case_048,1,1,3,capls,c5,0,0.062,0.417,True,220364,615242,615242,0,1030032,,,90,222220,,1.0084224283458278,"{""block_cap"": 0.35, ""init"": ""rr"", ""subgraph_mode"": ""block""}",False,
case_048,1,1,3,capls,c6,0,0.189,0.357,True,235349,405838,405838,0,820628,,,28,222220,,0.9442147619067852,"{""block_cap"": 0.6, ""comm_weight"": 1e-06}",False,
case_048,1,1,3,capls,c7,0,0.246,0.716,True,231600,1380660,1380660,0,1795450,,,165,222220,,0.9594991364421416,"{""block_cap"": 0.08}",False,
case_048,1,1,3,capls,c8,0,0.249,1.055,True,286114,2164208,2164208,0,2578998,,,253,222220,,0.7766834198955661,"{""block_cap"": 0.005}",False,
case_048,1,1,3,capls,c9,0,0.107,0.393,True,231999,425816,425816,0,840606,,,35,222220,,0.957848956245501,"{""block_cap"": 0.35, ""max_ops"": 2000}",False,
case_048,1,1,3,capls,c10,0,0.14,0.362,True,234288,429568,429568,0,844358,,,20,222220,,0.9484907464317421,"{""block_cap"": 0.35, ""cores_used"": 2}",False,
case_048,1,1,3,capls,c11,0,0.022,0.786,True,222220,0,0,0,414790,,,1,222220,,1.0,"{""block_cap"": 0.35, ""cores_used"": 1}",False,
case_048,1,1,3,capls,c12,0,0.064,0.513,True,202845,620994,620994,0,1035784,,,79,222220,,1.0955162809041386,"{""block_cap"": 0.35, ""init"": ""rr"", ""level_mode"": ""alap_fill""}",False,
case_048,1,1,3,capls,c13,0,0.062,0.513,True,202845,620994,620994,0,1035784,,,79,222220,,1.0955162809041386,"{""block_cap"": 0.35, ""init"": ""rr"", ""level_mode"": ""alap_compress""}",False,
case_048,1,1,3,capls,sa1,0,0.396,0.386,True,202773,620994,620994,0,1035784,,,78,222220,,1.0959052733845236,"{""anneal"": true, ""anneal_seconds"": 1.696}",True,
case_048,1,1,3,capls,sa2,0,0.386,0.384,True,202845,620994,620994,0,1035784,,,78,222220,,1.0955162809041386,"{""anneal"": true, ""anneal_seconds"": 1.696}",False,
case_048,1,1,3,capls,sa3,0,0.458,0.456,True,203808,647490,647490,0,1062280,,,79,222220,,1.0903399277751609,"{""anneal"": true, ""anneal_seconds"": 1.696}",False,
case_048,1,1,3,capls,_best,0,,0.386,True,202773,620994,,,,,,78,222220,,1.0959052733845236,"{""anneal"": true}",True,results\plans\case_048_p1_n3_capls_best.json
case_041,1,1,5,capls,c0,0,0.852,260.767,True,1193573,40452096,18020352,22431744,45402076,,,5,6003957,,5.03023861967387,"{""block_cap"": 0.35}",True,
case_041,1,1,5,capls,c1,0,0.99,260.767,True,1193573,40452096,18020352,22431744,45402076,,,5,6003957,,5.03023861967387,"{""block_cap"": 0.15}",False,
case_041,1,1,5,capls,c2,0,0.891,172.31,True,1231193,40857600,18020352,22837248,45807580,,,5,6003957,,4.8765360101949895,"{""block_cap"": 0.35, ""init"": ""rr""}",False,
case_041,1,1,5,capls,c3,0,1.547,148.607,True,1217971,28157952,9302016,18855936,33107932,,,5,6003957,,4.929474511297888,"{""block_cap"": 0.35, ""init"": ""contig""}",False,
case_041,1,1,5,capls,sa1,0,0.019,226.817,True,1294442,48519168,29448192,19070976,53469148,,,6,6003957,,4.638258801862115,"{""anneal"": true, ""anneal_seconds"": 67.055}",False,
case_041,1,1,5,capls,sa2,0,0.019,175.131,True,1299572,48173056,28807168,19365888,53123036,,,6,6003957,,4.6199494910632115,"{""anneal"": true, ""anneal_seconds"": 67.055}",False,
case_041,1,1,5,capls,sa3,0,0.018,117.259,True,1299426,47443968,28919808,18524160,52393948,,,6,6003957,,4.620468576125151,"{""anneal"": true, ""anneal_seconds"": 67.055}",False,
case_041,1,1,5,capls,_best,0,0.965,260.767,True,1193573,40452096,18020352,22431744,45402076,,,5,6003957,,5.03023861967387,"{""block_cap"": 0.35}",True,results\plans\case_041_p1_n5_capls_best.json
case_048,1,1,4,capls,c0,0,0.19,0.388,True,203854,552668,552668,0,967458,,,53,222220,,1.0900938907257154,"{""block_cap"": 0.35}",False,
case_048,1,1,4,capls,c1,0,0.349,0.751,True,233206,1669264,1669264,0,2084054,,,230,222220,,0.9528914350402649,"{""block_cap"": 0.15}",False,
case_048,1,1,4,capls,c2,0,0.139,0.428,True,214027,587446,587446,0,1002236,,,56,222220,,1.0382802169819696,"{""block_cap"": 0.35, ""init"": ""rr""}",False,
case_048,1,1,4,capls,c3,0,0.119,0.425,True,225646,183298,183298,0,598088,,,14,222220,,0.9848169256268668,"{""block_cap"": 0.35, ""init"": ""contig""}",False,
case_048,1,1,4,capls,c4,0,0.174,0.473,True,219559,615242,615242,0,1030032,,,90,222220,,1.0121197491334903,"{""block_cap"": 0.35, ""subgraph_mode"": ""block""}",False,
case_048,1,1,4,capls,c5,0,0.134,0.498,True,214450,615242,615242,0,1030032,,,90,222220,,1.0362322219631617,"{""block_cap"": 0.35, ""init"": ""rr"", ""subgraph_mode"": ""block""}",False,
case_048,1,1,4,capls,c6,0,0.201,1.07,True,219003,550648,550648,0,965438,,,50,222220,,1.0146892964936554,"{""block_cap"": 0.6, ""comm_weight"": 1e-06}",False,
case_048,1,1,4,capls,c7,0,0.34,0.751,True,233206,1669264,1669264,0,2084054,,,230,222220,,0.9528914350402649,"{""block_cap"": 0.08}",False,
case_048,1,1,4,capls,c8,0,0.476,0.944,True,271555,1878816,1878816,0,2293606,,,259,222220,,0.8183240964077259,"{""block_cap"": 0.005}",False,
case_048,1,1,4,capls,c9,0,0.286,0.388,True,203854,552668,552668,0,967458,,,53,222220,,1.0900938907257154,"{""block_cap"": 0.35, ""max_ops"": 2000}",False,
case_048,1,1,4,capls,c10,0,0.1,0.399,True,231999,425816,425816,0,840606,,,35,222220,,0.957848956245501,"{""block_cap"": 0.35, ""cores_used"": 3}",False,
case_048,1,1,4,capls,c11,0,0.08,0.363,True,234288,429568,429568,0,844358,,,20,222220,,0.9484907464317421,"{""block_cap"": 0.35, ""cores_used"": 2}",False,
case_048,1,1,4,capls,c12,0,0.144,0.551,True,211761,597198,597198,0,1011988,,,83,222220,,1.049390586557487,"{""block_cap"": 0.35, ""init"": ""rr"", ""level_mode"": ""alap_fill""}",False,
case_048,1,1,4,capls,c13,0,0.146,0.551,True,211761,597198,597198,0,1011988,,,83,222220,,1.049390586557487,"{""block_cap"": 0.35, ""init"": ""rr"", ""level_mode"": ""alap_compress""}",False,
case_048,1,1,4,capls,sa1,0,0.388,0.382,True,203532,614846,614846,0,1029636,,,61,222220,,1.0918184855452706,"{""anneal"": true, ""anneal_seconds"": 1.321}",False,
case_048,1,1,4,capls,sa2,0,0.347,0.345,True,203453,612798,612798,0,1027588,,,60,222220,,1.0922424343705917,"{""anneal"": true, ""anneal_seconds"": 1.321}",True,
case_048,1,1,4,capls,sa3,0,0.333,0.332,True,204035,614846,614846,0,1029636,,,61,222220,,1.0891268654887643,"{""anneal"": true, ""anneal_seconds"": 1.321}",False,
case_048,1,1,4,capls,_best,0,,0.345,True,203453,612798,,,,,,60,222220,,1.0922424343705917,"{""anneal"": true}",True,results\plans\case_048_p1_n4_capls_best.json
case_048,1,1,5,capls,c0,0,0.508,0.932,True,233344,1463810,1463810,0,1878600,,,227,222220,,0.9523278935820076,"{""block_cap"": 0.35}",False,
case_048,1,1,5,capls,c1,0,0.52,0.932,True,233344,1463810,1463810,0,1878600,,,227,222220,,0.9523278935820076,"{""block_cap"": 0.15}",False,
case_048,1,1,5,capls,c2,0,0.48,1.34,True,240947,1389508,1389508,0,1804298,,,227,222220,,0.9222775133120562,"{""block_cap"": 0.35, ""init"": ""rr""}",False,
case_048,1,1,5,capls,c3,0,0.455,0.421,True,229121,220768,220768,0,635558,,,12,222220,,0.9698805434682984,"{""block_cap"": 0.35, ""init"": ""contig""}",False,
case_048,1,1,5,capls,c4,0,0.503,1.253,True,435030,1872830,1872830,0,2287620,,,540,222220,,0.5108153460680872,"{""block_cap"": 0.35, ""subgraph_mode"": ""block""}",False,
case_048,1,1,5,capls,c5,0,0.443,1.368,True,409089,1872830,1872830,0,2287620,,,540,222220,,0.5432069794103483,"{""block_cap"": 0.35, ""init"": ""rr"", ""subgraph_mode"": ""block""}",False,
case_048,1,1,5,capls,c6,0,0.196,0.432,True,226962,531246,531246,0,946036,,,45,222220,,0.9791066345908126,"{""block_cap"": 0.6, ""comm_weight"": 1e-06}",False,
case_048,1,1,5,capls,c7,0,0.464,0.932,True,233344,1463810,1463810,0,1878600,,,227,222220,,0.9523278935820076,"{""block_cap"": 0.08}",False,
case_048,1,1,5,capls,c8,0,0.53,1.157,True,273815,2084284,2084284,0,2499074,,,354,222220,,0.8115698555594105,"{""block_cap"": 0.005}",False,
case_048,1,1,5,capls,c9,0,0.409,0.932,True,233344,1463810,1463810,0,1878600,,,227,222220,,0.9523278935820076,"{""block_cap"": 0.35, ""max_ops"": 2000}",False,
case_048,1,1,5,capls,c10,0,0.18,0.395,True,203854,552668,552668,0,967458,,,53,222220,,1.0900938907257154,"{""block_cap"": 0.35, ""cores_used"": 4}",True,
case_048,1,1,5,capls,c11,0,0.082,0.86,True,234288,429568,429568,0,844358,,,20,222220,,0.9484907464317421,"{""block_cap"": 0.35, ""cores_used"": 2}",False,
case_048,1,1,5,capls,c12,0,0.587,1.014,True,229303,1463674,1463674,0,1878464,,,301,222220,,0.969110739937986,"{""block_cap"": 0.35, ""init"": ""rr"", ""level_mode"": ""alap_fill""}",False,
case_048,1,1,5,capls,c13,0,0.494,1.014,True,229303,1463674,1463674,0,1878464,,,301,222220,,0.969110739937986,"{""block_cap"": 0.35, ""init"": ""rr"", ""level_mode"": ""alap_compress""}",False,
case_048,1,1,5,capls,sa1,0,0.428,0.425,True,205030,596732,596732,0,1011522,,,60,222220,,1.083841389065015,"{""anneal"": true, ""anneal_seconds"": 1.389}",False,
case_048,1,1,5,capls,sa2,0,0.412,0.409,True,203854,557084,557084,0,971874,,,55,222220,,1.0900938907257154,"{""anneal"": true, ""anneal_seconds"": 1.389}",False,
case_048,1,1,5,capls,sa3,0,0.461,0.458,True,203854,553724,553724,0,968514,,,54,222220,,1.0900938907257154,"{""anneal"": true, ""anneal_seconds"": 1.389}",False,
case_048,1,1,5,capls,_best,0,0.242,0.395,True,203854,552668,552668,0,967458,,,53,222220,,1.0900938907257154,"{""block_cap"": 0.35, ""cores_used"": 4}",True,results\plans\case_048_p1_n5_capls_best.json
case_047,1,1,3,capls,c0,0,1.111,3.762,True,250370,1575322,1575322,0,2039264,,,69,326508,,1.3041019291448657,"{""block_cap"": 0.35}",False,
case_047,1,1,3,capls,c1,0,0.918,3.762,True,250370,1575322,1575322,0,2039264,,,69,326508,,1.3041019291448657,"{""block_cap"": 0.15}",False,
case_047,1,1,3,capls,c2,0,0.96,5.211,True,162674,1531918,1531918,0,1995860,,,92,326508,,2.0071308260693166,"{""block_cap"": 0.35, ""init"": ""rr""}",False,
case_047,1,1,3,capls,c3,0,0.95,16.723,True,327855,141262,141262,0,605204,,,6,326508,,0.9958914764148785,"{""block_cap"": 0.35, ""init"": ""contig""}",False,
case_047,1,1,3,capls,sa1,0,4.047,4.002,True,161124,1656366,1656366,0,2120308,,,99,326508,,2.0264392641692113,"{""anneal"": true, ""anneal_seconds"": 3.488}",False,
case_047,1,1,3,capls,sa2,0,3.88,3.866,True,161112,1663472,1663472,0,2127414,,,100,326508,,2.0265901981230448,"{""anneal"": true, ""anneal_seconds"": 3.488}",True,
case_047,1,1,3,capls,sa3,0,4.613,4.596,True,161112,1663472,1663472,0,2127414,,,100,326508,,2.0265901981230448,"{""anneal"": true, ""anneal_seconds"": 3.488}",False,
case_047,1,1,3,capls,_best,0,,3.866,True,161112,1663472,,,,,,100,326508,,2.0265901981230448,"{""anneal"": true}",True,results\plans\case_047_p1_n3_capls_best.json
case_039,1,1,2,capls,c0,0,0.129,10.428,True,735952,7954432,1089536,6864896,12443648,,,2,1435262,,1.9502114268321846,"{""block_cap"": 0.35}",False,
case_039,1,1,2,capls,c1,0,0.123,18.832,True,708561,11067392,4202496,6864896,15556608,,,2,1435262,,2.025601183243221,"{""block_cap"": 0.15}",False,
case_039,1,1,2,capls,c2,0,0.116,10.428,True,735952,7954432,1089536,6864896,12443648,,,2,1435262,,1.9502114268321846,"{""block_cap"": 0.35, ""init"": ""rr""}",False,
case_039,1,1,2,capls,c3,0,0.115,7.179,True,735952,7954432,1089536,6864896,12443648,,,2,1435262,,1.9502114268321846,"{""block_cap"": 0.35, ""init"": ""contig""}",False,
case_039,1,1,2,capls,c4,0,0.17,2.217,True,692660,9805824,9805824,0,14295040,,,10,1435262,,2.0721017526636447,"{""block_cap"": 0.35, ""subgraph_mode"": ""block""}",True,
case_039,1,1,2,capls,c5,0,0.088,2.217,True,692660,9805824,9805824,0,14295040,,,10,1435262,,2.0721017526636447,"{""block_cap"": 0.35, ""init"": ""rr"", ""subgraph_mode"": ""block""}",False,
case_039,1,1,2,capls,c6,0,0.108,10.428,True,735952,7954432,1089536,6864896,12443648,,,2,1435262,,1.9502114268321846,"{""block_cap"": 0.6, ""comm_weight"": 1e-06}",False,
case_039,1,1,2,capls,c7,0,0.106,18.832,True,708561,11067392,4202496,6864896,15556608,,,2,1435262,,2.025601183243221,"{""block_cap"": 0.08}",False,
case_039,1,1,2,capls,c8,0,0.144,5.467,True,772477,11354112,9822208,1531904,15843328,,,6,1435262,,1.857999655653178,"{""block_cap"": 0.005}",False,
case_039,1,1,2,capls,c9,0,0.192,4.614,True,734728,8962048,3956736,5005312,13451264,,,4,1435262,,1.9534603281758691,"{""block_cap"": 0.35, ""max_ops"": 2000}",False,
case_039,1,1,2,capls,c10,0,0.061,13.309,True,1435262,7929856,0,7929856,12419072,,,1,1435262,,1.0,"{""block_cap"": 0.35, ""cores_used"": 1}",False,
case_039,1,1,2,capls,c11,0,0.061,13.309,True,1435262,7929856,0,7929856,12419072,,,1,1435262,,1.0,"{""block_cap"": 0.35, ""cores_used"": 1}",False,
case_039,1,1,2,capls,c12,0,0.123,10.428,True,735952,7954432,1089536,6864896,12443648,,,2,1435262,,1.9502114268321846,"{""block_cap"": 0.35, ""init"": ""rr"", ""level_mode"": ""alap_fill""}",False,
case_039,1,1,2,capls,c13,0,0.129,10.428,True,735952,7954432,1089536,6864896,12443648,,,2,1435262,,1.9502114268321846,"{""block_cap"": 0.35, ""init"": ""rr"", ""level_mode"": ""alap_compress""}",False,
case_039,1,1,2,capls,sa1,0,0.003,10.428,True,735952,7954432,1089536,6864896,12443648,,,2,1435262,,1.9502114268321846,"{""anneal"": true, ""anneal_seconds"": 83.528}",False,
case_039,1,1,2,capls,sa2,0,9.545,9.519,True,717902,9240576,2605056,6635520,13729792,,,3,1435262,,1.999245022301094,"{""anneal"": true, ""anneal_seconds"": 83.528}",False,
case_039,1,1,2,capls,sa3,0,9.208,9.194,True,730949,11575296,5873664,5701632,16064512,,,4,1435262,,1.963559701155621,"{""anneal"": true, ""anneal_seconds"": 83.528}",False,
case_039,1,1,2,capls,_best,0,0.144,2.217,True,692660,9805824,9805824,0,14295040,,,10,1435262,,2.0721017526636447,"{""block_cap"": 0.35, ""subgraph_mode"": ""block""}",True,results\plans\case_039_p1_n2_capls_best.json
case_049,1,1,3,capls,c0,0,0.135,1.688,True,197017,735052,735052,0,887592,,,15,196276,,0.9962389032418523,"{""block_cap"": 0.35}",False,
case_049,1,1,3,capls,c1,0,0.16,1.035,True,135785,404608,404608,0,557148,,,19,196276,,1.4454910336193247,"{""block_cap"": 0.15}",False,
case_049,1,1,3,capls,c2,0,0.166,1.639,True,195017,435358,435358,0,587898,,,11,196276,,1.0064558474389411,"{""block_cap"": 0.35, ""init"": ""rr""}",False,
case_049,1,1,3,capls,c3,0,0.195,1.713,True,193380,199438,199438,0,351978,,,6,196276,,1.0149756955217706,"{""block_cap"": 0.35, ""init"": ""contig""}",False,
case_049,1,1,3,capls,c4,0,0.135,1.433,True,203164,546822,546822,0,699362,,,30,196276,,0.9660963556535607,"{""block_cap"": 0.35, ""subgraph_mode"": ""block""}",False,
case_049,1,1,3,capls,c5,0,0.178,1.185,True,203111,546822,546822,0,699362,,,30,196276,,0.9663484498623905,"{""block_cap"": 0.35, ""init"": ""rr"", ""subgraph_mode"": ""block""}",False,
case_049,1,1,3,capls,c6,0,0.132,1.854,True,200755,276148,276148,0,428688,,,7,196276,,0.9776892231824861,"{""block_cap"": 0.6, ""comm_weight"": 1e-06}",False,
case_049,1,1,3,capls,c7,0,0.176,1.035,True,135785,404608,404608,0,557148,,,19,196276,,1.4454910336193247,"{""block_cap"": 0.08}",False,
case_049,1,1,3,capls,c8,0,0.558,1.488,True,165308,3729910,3729910,0,3882450,,,167,196276,,1.1873351561932877,"{""block_cap"": 0.005}",False,
case_049,1,1,3,capls,c9,0,0.132,1.688,True,197017,735052,735052,0,887592,,,15,196276,,0.9962389032418523,"{""block_cap"": 0.35, ""max_ops"": 2000}",False,
case_049,1,1,3,capls,c10,0,0.075,1.298,True,200834,279728,279728,0,432268,,,5,196276,,0.9773046396526485,"{""block_cap"": 0.35, ""cores_used"": 2}",False,
case_049,1,1,3,capls,c11,0,0.132,3.725,True,196276,0,0,0,152540,,,1,196276,,1.0,"{""block_cap"": 0.35, ""cores_used"": 1}",False,
case_049,1,1,3,capls,c12,0,0.171,1.927,True,168991,818416,818416,0,970956,,,17,196276,,1.1614583025131515,"{""block_cap"": 0.35, ""init"": ""rr"", ""level_mode"": ""alap_fill""}",False,
case_049,1,1,3,capls,c13,0,0.189,1.927,True,168991,818416,818416,0,970956,,,17,196276,,1.1614583025131515,"{""block_cap"": 0.35, ""init"": ""rr"", ""level_mode"": ""alap_compress""}",False,
case_049,1,1,3,capls,sa1,0,1.685,1.659,True,122860,1896282,1896282,0,2048822,,,74,196276,,1.5975581963210157,"{""anneal"": true, ""anneal_seconds"": 2.292}",True,
case_049,1,1,3,capls,sa2,0,1.644,1.637,True,122862,1896282,1896282,0,2048822,,,75,196276,,1.597532190587814,"{""anneal"": true, ""anneal_seconds"": 2.292}",False,
case_049,1,1,3,capls,sa3,0,1.642,1.631,True,122889,1904986,1904986,0,2057526,,,76,196276,,1.5971811960387017,"{""anneal"": true, ""anneal_seconds"": 2.292}",False,
case_049,1,1,3,capls,_best,0,,1.659,True,122860,1896282,,,,,,74,196276,,1.5975581963210157,"{""anneal"": true}",True,results\plans\case_049_p1_n3_capls_best.json
case_049,1,1,2,capls,c0,0,0.12,1.964,True,200834,279728,279728,0,432268,,,5,196276,,0.9773046396526485,"{""block_cap"": 0.35}",False,
case_049,1,1,2,capls,c1,0,0.117,1.157,True,184809,547532,547532,0,700072,,,14,196276,,1.0620478439902818,"{""block_cap"": 0.15}",False,
case_049,1,1,2,capls,c2,0,0.093,1.88,True,199593,193778,193778,0,346318,,,6,196276,,0.9833811807027301,"{""block_cap"": 0.35, ""init"": ""rr""}",False,
case_049,1,1,2,capls,c3,0,0.181,1.978,True,198724,191408,191408,0,343948,,,5,196276,,0.9876814073790785,"{""block_cap"": 0.35, ""init"": ""contig""}",False,
case_049,1,1,2,capls,c4,0,0.092,1.311,True,206432,340246,340246,0,492786,,,27,196276,,0.9508022012091149,"{""block_cap"": 0.35, ""subgraph_mode"": ""block""}",False,
case_049,1,1,2,capls,c5,0,0.134,1.715,True,204793,340246,340246,0,492786,,,27,196276,,0.9584116644611876,"{""block_cap"": 0.35, ""init"": ""rr"", ""subgraph_mode"": ""block""}",False,
case_049,1,1,2,capls,c6,0,0.117,1.446,True,198888,190704,190704,0,343244,,,5,196276,,0.9868669804110857,"{""block_cap"": 0.6, ""comm_weight"": 1e-06}",False,
case_049,1,1,2,capls,c7,0,0.125,1.157,True,184809,547532,547532,0,700072,,,14,196276,,1.0620478439902818,"{""block_cap"": 0.08}",False,
case_049,1,1,2,capls,c8,0,0.286,1.323,True,214948,2871142,2871142,0,3023682,,,52,196276,,0.9131324785529523,"{""block_cap"": 0.005}",False,
case_049,1,1,2,capls,c9,0,0.117,1.964,True,200834,279728,279728,0,432268,,,5,196276,,0.9773046396526485,"{""block_cap"": 0.35, ""max_ops"": 2000}",False,
case_049,1,1,2,capls,c10,0,0.072,3.497,True,196276,0,0,0,152540,,,1,196276,,1.0,"{""block_cap"": 0.35, ""cores_used"": 1}",False,
case_049,1,1,2,capls,c11,0,0.048,3.497,True,196276,0,0,0,152540,,,1,196276,,1.0,"{""block_cap"": 0.35, ""cores_used"": 1}",False,
case_049,1,1,2,capls,c12,0,0.145,1.9,True,171171,391226,391226,0,543766,,,8,196276,,1.1466661992977782,"{""block_cap"": 0.35, ""init"": ""rr"", ""level_mode"": ""alap_fill""}",True,
case_049,1,1,2,capls,c13,0,0.135,1.9,True,171171,391226,391226,0,543766,,,8,196276,,1.1466661992977782,"{""block_cap"": 0.35, ""init"": ""rr"", ""level_mode"": ""alap_compress""}",False,
case_049,1,1,2,capls,sa1,0,1.97,1.948,True,172368,391226,391226,0,543766,,,8,196276,,1.1387032395804326,"{""anneal"": true, ""anneal_seconds"": 3.363}",False,
case_049,1,1,2,capls,sa2,0,1.87,1.862,True,172670,592038,592038,0,744578,,,11,196276,,1.136711646493311,"{""anneal"": true, ""anneal_seconds"": 3.363}",False,
case_049,1,1,2,capls,sa3,0,2.066,2.059,True,172697,591750,591750,0,744290,,,10,196276,,1.1365339293676207,"{""anneal"": true, ""anneal_seconds"": 3.363}",False,
case_049,1,1,2,capls,_best,0,0.164,1.9,True,171171,391226,391226,0,543766,,,8,196276,,1.1466661992977782,"{""block_cap"": 0.35, ""init"": ""rr"", ""level_mode"": ""alap_fill""}",True,results\plans\case_049_p1_n2_capls_best.json
case_038,1,1,2,capls,c0,0,0.134,26.197,True,694395,5584896,1059840,4525056,8387846,,,2,1364555,,1.965099115056992,"{""block_cap"": 0.35}",False,
case_038,1,1,2,capls,c1,0,0.18,27.757,True,685826,6786048,2512896,4273152,9588998,,,2,1364555,,1.9896518942122345,"{""block_cap"": 0.15}",False,
case_038,1,1,2,capls,c2,0,0.167,14.906,True,679097,5607936,1059840,4548096,8410886,,,2,1364555,,2.009366850391034,"{""block_cap"": 0.35, ""init"": ""rr""}",True,
case_038,1,1,2,capls,c3,0,0.184,11.921,True,717497,4041216,691200,3350016,6844166,,,2,1364555,,1.9018267672199327,"{""block_cap"": 0.35, ""init"": ""contig""}",False,
case_038,1,1,2,capls,c4,0,0.191,2.562,True,693228,8847360,8847360,0,11650310,,,38,1364555,,1.968407219558356,"{""block_cap"": 0.35, ""subgraph_mode"": ""block""}",False,
case_038,1,1,2,capls,c5,0,0.164,2.189,True,681962,8847360,8847360,0,11650310,,,38,1364555,,2.0009252714960657,"{""block_cap"": 0.35, ""init"": ""rr"", ""subgraph_mode"": ""block""}",False,
case_038,1,1,2,capls,c6,0,0.129,26.197,True,694395,5584896,1059840,4525056,8387846,,,2,1364555,,1.965099115056992,"{""block_cap"": 0.6, ""comm_weight"": 1e-06}",False,
case_038,1,1,2,capls,c7,0,0.177,27.757,True,685826,6786048,2512896,4273152,9588998,,,2,1364555,,1.9896518942122345,"{""block_cap"": 0.08}",False,
case_038,1,1,2,capls,c8,0,0.202,9.146,True,737701,8292872,7987720,305152,11095822,,,7,1364555,,1.849739935285434,"{""block_cap"": 0.005}",False,
case_038,1,1,2,capls,c9,0,0.225,6.95,True,691627,4901888,1977344,2924544,7704838,,,4,1364555,,1.9729637506922084,"{""block_cap"": 0.35, ""max_ops"": 2000}",False,
case_038,1,1,2,capls,c10,0,0.066,14.611,True,1364555,5627904,0,5627904,8430854,,,1,1364555,,1.0,"{""block_cap"": 0.35, ""cores_used"": 1}",False,
case_038,1,1,2,capls,c11,0,0.065,14.611,True,1364555,5627904,0,5627904,8430854,,,1,1364555,,1.0,"{""block_cap"": 0.35, ""cores_used"": 1}",False,
case_038,1,1,2,capls,c12,0,0.19,14.906,True,679097,5607936,1059840,4548096,8410886,,,2,1364555,,2.009366850391034,"{""block_cap"": 0.35, ""init"": ""rr"", ""level_mode"": ""alap_fill""}",False,
case_038,1,1,2,capls,c13,0,0.19,14.906,True,679097,5607936,1059840,4548096,8410886,,,2,1364555,,2.009366850391034,"{""block_cap"": 0.35, ""init"": ""rr"", ""level_mode"": ""alap_compress""}",False,
case_038,1,1,2,capls,sa1,0,0.004,16.109,True,772419,10482176,7144448,3337728,13285126,,,3,1364555,,1.7665994751553238,"{""anneal"": true, ""anneal_seconds"": 92.551}",False,
case_038,1,1,2,capls,sa2,0,10.39,10.355,True,768873,10012160,7281152,2731008,12815110,,,3,1364555,,1.7747469347993752,"{""anneal"": true, ""anneal_seconds"": 92.551}",False,
case_038,1,1,2,capls,sa3,0,8.168,8.157,True,1351476,5607936,1059840,4548096,8410886,,,2,1364555,,1.0096775673411884,"{""anneal"": true, ""anneal_seconds"": 92.551}",False,
case_038,1,1,2,capls,_best,0,0.211,14.906,True,679097,5607936,1059840,4548096,8410886,,,2,1364555,,2.009366850391034,"{""block_cap"": 0.35, ""init"": ""rr""}",True,results\plans\case_038_p1_n2_capls_best.json
case_049,1,1,4,capls,c0,0,0.257,1.145,True,116967,598572,598572,0,751112,,,35,196276,,1.67804594458266,"{""block_cap"": 0.35}",False,
case_049,1,1,4,capls,c1,0,0.24,1.145,True,116967,598572,598572,0,751112,,,35,196276,,1.67804594458266,"{""block_cap"": 0.15}",False,
case_049,1,1,4,capls,c2,0,0.375,1.113,True,78810,701264,701264,0,853804,,,52,196276,,2.4904961299327497,"{""block_cap"": 0.35, ""init"": ""rr""}",False,
case_049,1,1,4,capls,c3,0,0.234,2.013,True,200661,166962,166962,0,319502,,,9,196276,,0.9781472234265751,"{""block_cap"": 0.35, ""init"": ""contig""}",False,
case_049,1,1,4,capls,c4,0,0.226,1.577,True,113989,947046,947046,0,1099586,,,185,196276,,1.7218854450868066,"{""block_cap"": 0.35, ""subgraph_mode"": ""block""}",False,
case_049,1,1,4,capls,c5,0,0.434,1.564,True,96790,947046,947046,0,1099586,,,185,196276,,2.0278541171608637,"{""block_cap"": 0.35, ""init"": ""rr"", ""subgraph_mode"": ""block""}",False,
case_049,1,1,4,capls,c6,0,0.199,1.603,True,178103,517286,517286,0,669826,,,13,196276,,1.1020364620472423,"{""block_cap"": 0.6, ""comm_weight"": 1e-06}",False,
case_049,1,1,4,capls,c7,0,1.229,1.709,True,135028,2919942,2919942,0,3072482,,,154,196276,,1.4535948099653406,"{""block_cap"": 0.08}",False,
case_049,1,1,4,capls,c8,0,1.26,1.587,True,146335,3428808,3428808,0,3581348,,,184,196276,,1.3412785731369803,"{""block_cap"": 0.005}",False,
case_049,1,1,4,capls,c9,0,0.283,1.145,True,116967,598572,598572,0,751112,,,35,196276,,1.67804594458266,"{""block_cap"": 0.35, ""max_ops"": 2000}",False,
case_049,1,1,4,capls,c10,0,0.172,1.427,True,197017,735052,735052,0,887592,,,15,196276,,0.9962389032418523,"{""block_cap"": 0.35, ""cores_used"": 3}",False,
case_049,1,1,4,capls,c11,0,0.125,1.36,True,200834,279728,279728,0,432268,,,5,196276,,0.9773046396526485,"{""block_cap"": 0.35, ""cores_used"": 2}",False,
case_049,1,1,4,capls,c12,0,0.484,1.906,True,78438,978962,978962,0,1131502,,,52,196276,,2.5023075550116016,"{""block_cap"": 0.35, ""init"": ""rr"", ""level_mode"": ""alap_fill""}",True,
case_049,1,1,4,capls,c13,0,0.493,1.906,True,78438,978962,978962,0,1131502,,,52,196276,,2.5023075550116016,"{""block_cap"": 0.35, ""init"": ""rr"", ""level_mode"": ""alap_compress""}",False,
case_049,1,1,4,capls,sa1,0,1.23,1.207,True,79141,1060242,1060242,0,1212782,,,54,196276,,2.4800798574695797,"{""anneal"": true, ""anneal_seconds"": 2.471}",False,
case_049,1,1,4,capls,sa2,0,1.405,1.398,True,78438,983442,983442,0,1135982,,,53,196276,,2.5023075550116016,"{""anneal"": true, ""anneal_seconds"": 2.471}",False,
case_049,1,1,4,capls,sa3,0,1.197,1.189,True,79308,1137042,1137042,0,1289582,,,55,196276,,2.474857517526605,"{""anneal"": true, ""anneal_seconds"": 2.471}",False,
case_049,1,1,4,capls,_best,0,0.471,1.906,True,78438,978962,978962,0,1131502,,,52,196276,,2.5023075550116016,"{""block_cap"": 0.35, ""init"": ""rr"", ""level_mode"": ""alap_fill""}",True,results\plans\case_049_p1_n4_capls_best.json
case_042,1,1,2,capls,c0,0,0.171,12.709,True,850159,7265568,2052384,5213184,9654532,,,2,1686740,,1.9840288698937494,"{""block_cap"": 0.35}",False,
case_042,1,1,2,capls,c1,0,0.122,12.709,True,850159,7265568,2052384,5213184,9654532,,,2,1686740,,1.9840288698937494,"{""block_cap"": 0.15}",False,
case_042,1,1,2,capls,c2,0,0.176,12.773,True,842623,7265568,2052384,5213184,9654532,,,2,1686740,,2.0017730349159706,"{""block_cap"": 0.35, ""init"": ""rr""}",True,
case_042,1,1,2,capls,c3,0,0.152,12.484,True,862530,7062528,1996800,5065728,9451492,,,2,1686740,,1.9555725597950215,"{""block_cap"": 0.35, ""init"": ""contig""}",False,
case_042,1,1,2,capls,c4,0,0.129,2.433,True,883291,17700272,17700272,0,20089236,,,108,1686740,,1.909608498218594,"{""block_cap"": 0.35, ""subgraph_mode"": ""block""}",False,
case_042,1,1,2,capls,c5,0,0.165,1.866,True,886786,17700272,17700272,0,20089236,,,108,1686740,,1.9020823513226415,"{""block_cap"": 0.35, ""init"": ""rr"", ""subgraph_mode"": ""block""}",False,
case_042,1,1,2,capls,c6,0,0.125,11.648,True,856983,6721536,1284096,5437440,9110500,,,2,1686740,,1.9682304083044821,"{""block_cap"": 0.6, ""comm_weight"": 1e-06}",False,
case_042,1,1,2,capls,c7,0,0.12,12.709,True,850159,7265568,2052384,5213184,9654532,,,2,1686740,,1.9840288698937494,"{""block_cap"": 0.08}",False,
case_042,1,1,2,capls,c8,0,0.129,10.092,True,992342,16771364,15130916,1640448,19160328,,,5,1686740,,1.6997567370926556,"{""block_cap"": 0.005}",False,
case_042,1,1,2,capls,c9,0,0.11,10.273,True,855358,7981344,2952480,5028864,10370308,,,4,1686740,,1.9719696314291795,"{""block_cap"": 0.35, ""max_ops"": 2000}",False,
case_042,1,1,2,capls,c10,0,0.053,11.823,True,1686740,6629376,0,6629376,9018340,,,1,1686740,,1.0,"{""block_cap"": 0.35, ""cores_used"": 1}",False,
case_042,1,1,2,capls,c11,0,0.064,11.823,True,1686740,6629376,0,6629376,9018340,,,1,1686740,,1.0,"{""block_cap"": 0.35, ""cores_used"": 1}",False,
case_042,1,1,2,capls,c12,0,0.202,12.773,True,842623,7265568,2052384,5213184,9654532,,,2,1686740,,2.0017730349159706,"{""block_cap"": 0.35, ""init"": ""rr"", ""level_mode"": ""alap_fill""}",False,
case_042,1,1,2,capls,c13,0,0.297,12.773,True,842623,7265568,2052384,5213184,9654532,,,2,1686740,,2.0017730349159706,"{""block_cap"": 0.35, ""init"": ""rr"", ""level_mode"": ""alap_compress""}",False,
case_042,1,1,2,capls,sa1,0,0.006,9.5,True,899640,14451744,9995424,4456320,16840708,,,3,1686740,,1.8749055177626606,"{""anneal"": true, ""anneal_seconds"": 79.739}",False,
case_042,1,1,2,capls,sa2,0,0.006,8.676,True,937553,13406168,9372632,4033536,15795132,,,3,1686740,,1.7990876249129382,"{""anneal"": true, ""anneal_seconds"": 79.739}",False,
case_042,1,1,2,capls,sa3,0,0.005,4.43,True,1656794,7265568,2052384,5213184,9654532,,,2,1686740,,1.0180746670980219,"{""anneal"": true, ""anneal_seconds"": 79.739}",False,
case_042,1,1,2,capls,_best,0,0.205,12.773,True,842623,7265568,2052384,5213184,9654532,,,2,1686740,,2.0017730349159706,"{""block_cap"": 0.35, ""init"": ""rr""}",True,results\plans\case_042_p1_n2_capls_best.json
case_047,1,1,4,capls,c0,0,1.472,4.44,True,217228,1638352,1638352,0,2102294,,,86,326508,,1.5030659031064135,"{""block_cap"": 0.35}",False,
case_047,1,1,4,capls,c1,0,1.385,4.44,True,217228,1638352,1638352,0,2102294,,,86,326508,,1.5030659031064135,"{""block_cap"": 0.15}",False,
case_047,1,1,4,capls,c2,0,1.973,5.534,True,154972,1910350,1910350,0,2374292,,,92,326508,,2.1068838241746897,"{""block_cap"": 0.35, ""init"": ""rr""}",True,
case_047,1,1,4,capls,c3,0,1.281,11.367,True,329692,153810,153810,0,617752,,,8,326508,,0.9903425014862356,"{""block_cap"": 0.35, ""init"": ""contig""}",False,
case_047,1,1,4,capls,sa1,0,4.81,4.755,True,155047,1910544,1910544,0,2374486,,,93,326508,,2.1058646732926145,"{""anneal"": true, ""anneal_seconds"": 3.828}",False,
case_047,1,1,4,capls,sa2,0,5.721,5.695,True,154980,1911568,1911568,0,2375510,,,94,326508,,2.1067750677506774,"{""anneal"": true, ""anneal_seconds"": 3.828}",False,
case_047,1,1,4,capls,sa3,0,5.623,5.597,True,155127,1912080,1912080,0,2376022,,,95,326508,,2.1047786652226885,"{""anneal"": true, ""anneal_seconds"": 3.828}",False,
case_047,1,1,4,capls,_best,0,2.177,5.534,True,154972,1910350,1910350,0,2374292,,,92,326508,,2.1068838241746897,"{""block_cap"": 0.35, ""init"": ""rr""}",True,results\plans\case_047_p1_n4_capls_best.json
case_050,1,1,3,capls,c0,0,0.459,0.838,True,99088,442068,442068,0,761444,,,20,149690,,1.5106773776844824,"{""block_cap"": 0.35}",False,
case_050,1,1,3,capls,c1,0,0.345,0.838,True,99088,442068,442068,0,761444,,,20,149690,,1.5106773776844824,"{""block_cap"": 0.15}",False,
case_050,1,1,3,capls,c2,0,0.334,0.917,True,71842,583052,583052,0,902428,,,39,149690,,2.083600122491022,"{""block_cap"": 0.35, ""init"": ""rr""}",True,
case_050,1,1,3,capls,c3,0,0.312,1.603,True,147476,193062,193062,0,512438,,,9,149690,,1.0150126122216496,"{""block_cap"": 0.35, ""init"": ""contig""}",False,
case_050,1,1,3,capls,c4,0,0.323,1.487,True,99142,854650,854650,0,1174026,,,186,149690,,1.509854552056646,"{""block_cap"": 0.35, ""subgraph_mode"": ""block""}",False,
case_050,1,1,3,capls,c5,0,0.324,1.399,True,100493,854650,854650,0,1174026,,,186,149690,,1.4895564865214492,"{""block_cap"": 0.35, ""init"": ""rr"", ""subgraph_mode"": ""block""}",False,
case_050,1,1,3,capls,c6,0,0.167,1.612,True,130178,235780,235780,0,555156,,,7,149690,,1.1498870776936194,"{""block_cap"": 0.6, ""comm_weight"": 1e-06}",False,
case_050,1,1,3,capls,c7,0,0.771,1.96,True,113023,2765916,2765916,0,3085292,,,114,149690,,1.324420693133256,"{""block_cap"": 0.08}",False,
case_050,1,1,3,capls,c8,0,0.979,1.753,True,133288,2971796,2971796,0,3291172,,,159,149690,,1.1230568393253706,"{""block_cap"": 0.005}",False,
case_050,1,1,3,capls,c9,0,0.335,0.838,True,99088,442068,442068,0,761444,,,20,149690,,1.5106773776844824,"{""block_cap"": 0.35, ""max_ops"": 2000}",False,
case_050,1,1,3,capls,c10,0,0.138,1.653,True,139823,234084,234084,0,553460,,,7,149690,,1.0705677892764422,"{""block_cap"": 0.35, ""cores_used"": 2}",False,
case_050,1,1,3,capls,c11,0,0.08,4.454,True,149690,0,0,0,319376,,,1,149690,,1.0,"{""block_cap"": 0.35, ""cores_used"": 1}",False,
case_050,1,1,3,capls,c12,0,0.349,1.426,True,77112,1536336,1536336,0,1855712,,,39,149690,,1.9412024068886815,"{""block_cap"": 0.35, ""init"": ""rr"", ""level_mode"": ""alap_fill""}",False,
case_050,1,1,3,capls,c13,0,0.499,1.426,True,77112,1536336,1536336,0,1855712,,,39,149690,,1.9412024068886815,"{""block_cap"": 0.35, ""init"": ""rr"", ""level_mode"": ""alap_compress""}",False,
case_050,1,1,3,capls,sa1,0,1.415,1.39,True,72862,775564,775564,0,1094940,,,45,149690,,2.054431665339958,"{""anneal"": true, ""anneal_seconds"": 2.005}",False,
case_050,1,1,3,capls,sa2,0,1.385,1.378,True,73264,744844,744844,0,1064220,,,44,149690,,2.043158986678314,"{""anneal"": true, ""anneal_seconds"": 2.005}",False,
case_050,1,1,3,capls,sa3,0,1.223,1.217,True,73379,793996,793996,0,1113372,,,45,149690,,2.039956935908094,"{""anneal"": true, ""anneal_seconds"": 2.005}",False,
case_050,1,1,3,capls,_best,0,0.314,0.917,True,71842,583052,583052,0,902428,,,39,149690,,2.083600122491022,"{""block_cap"": 0.35, ""init"": ""rr""}",True,results\plans\case_050_p1_n3_capls_best.json
case_047,1,1,5,capls,c0,0,1.02,3.678,True,187431,1838880,1838880,0,2302822,,,118,326508,,1.7420170622789186,"{""block_cap"": 0.35}",False,
case_047,1,1,5,capls,c1,0,0.897,3.678,True,187431,1838880,1838880,0,2302822,,,118,326508,,1.7420170622789186,"{""block_cap"": 0.15}",False,
case_047,1,1,5,capls,c2,0,1.878,6.677,True,137150,2292614,2292614,0,2756556,,,154,326508,,2.3806635071090048,"{""block_cap"": 0.35, ""init"": ""rr""}",True,
case_047,1,1,5,capls,c3,0,0.893,8.643,True,330731,81944,81944,0,545886,,,9,326508,,0.987231314875231,"{""block_cap"": 0.35, ""init"": ""contig""}",False,
case_047,1,1,5,capls,sa1,0,4.885,4.827,True,137164,2292614,2292614,0,2756556,,,154,326508,,2.3804205185033975,"{""anneal"": true, ""anneal_seconds"": 4.079}",False,
case_047,1,1,5,capls,sa2,0,6.563,6.534,True,137164,2305926,2305926,0,2769868,,,156,326508,,2.3804205185033975,"{""anneal"": true, ""anneal_seconds"": 4.079}",False,
case_047,1,1,5,capls,sa3,0,6.459,6.428,True,137164,2292614,2292614,0,2756556,,,155,326508,,2.3804205185033975,"{""anneal"": true, ""anneal_seconds"": 4.079}",False,
case_047,1,1,5,capls,_best,0,2.096,6.677,True,137150,2292614,2292614,0,2756556,,,154,326508,,2.3806635071090048,"{""block_cap"": 0.35, ""init"": ""rr""}",True,results\plans\case_047_p1_n5_capls_best.json
case_051,1,1,3,capls,c0,0,0.044,0.17,True,643255,9044060,9044060,0,9437278,,,24,607628,,0.9446144996929678,"{""block_cap"": 0.35}",False,
case_051,1,1,3,capls,c1,0,0.194,0.17,True,643255,9044060,9044060,0,9437278,,,24,607628,,0.9446144996929678,"{""block_cap"": 0.15}",False,
case_051,1,1,3,capls,c2,0,0.046,0.17,True,643255,9044060,9044060,0,9437278,,,24,607628,,0.9446144996929678,"{""block_cap"": 0.35, ""init"": ""rr""}",False,
case_051,1,1,3,capls,c3,0,0.05,0.283,True,610726,786440,786440,0,1179658,,,3,607628,,0.9949273487619653,"{""block_cap"": 0.35, ""init"": ""contig""}",False,
case_051,1,1,3,capls,c4,0,0.045,0.17,True,643255,9044060,9044060,0,9437278,,,24,607628,,0.9446144996929678,"{""block_cap"": 0.35, ""subgraph_mode"": ""block""}",False,
case_051,1,1,3,capls,c5,0,0.047,0.17,True,643255,9044060,9044060,0,9437278,,,24,607628,,0.9446144996929678,"{""block_cap"": 0.35, ""init"": ""rr"", ""subgraph_mode"": ""block""}",False,
case_051,1,1,3,capls,c6,0,0.049,0.145,True,632412,6291520,6291520,0,6684738,,,17,607628,,0.9608103578047222,"{""block_cap"": 0.6, ""comm_weight"": 1e-06}",False,
case_051,1,1,3,capls,c7,0,0.057,0.17,True,643255,9044060,9044060,0,9437278,,,24,607628,,0.9446144996929678,"{""block_cap"": 0.08}",False,
case_051,1,1,3,capls,c8,0,0.435,0.532,True,549836,19138090,19138090,0,19531308,,,126,607628,,1.1051077048428986,"{""block_cap"": 0.005}",True,
case_051,1,1,3,capls,c9,0,0.048,0.17,True,643255,9044060,9044060,0,9437278,,,24,607628,,0.9446144996929678,"{""block_cap"": 0.35, ""max_ops"": 2000}",False,
case_051,1,1,3,capls,c10,0,0.033,0.243,True,643255,9044060,9044060,0,9437278,,,24,607628,,0.9446144996929678,"{""block_cap"": 0.35, ""cores_used"": 2}",False,
case_051,1,1,3,capls,c11,0,0.015,0.828,True,607628,0,0,0,393218,,,1,607628,,1.0,"{""block_cap"": 0.35, ""cores_used"": 1}",False,
case_051,1,1,3,capls,c12,0,0.047,0.17,True,643255,9044060,9044060,0,9437278,,,24,607628,,0.9446144996929678,"{""block_cap"": 0.35, ""init"": ""rr"", ""level_mode"": ""alap_fill""}",False,
case_051,1,1,3,capls,c13,0,0.051,0.17,True,643255,9044060,9044060,0,9437278,,,24,607628,,0.9446144996929678,"{""block_cap"": 0.35, ""init"": ""rr"", ""level_mode"": ""alap_compress""}",False,
case_051,1,1,3,capls,sa1,0,0.487,0.477,True,549952,19138090,19138090,0,19531308,,,126,607628,,1.1048746072384499,"{""anneal"": true, ""anneal_seconds"": 2.151}",False,
case_051,1,1,3,capls,sa2,0,0.514,0.511,True,553728,19400236,19400236,0,19793454,,,127,607628,,1.097340210355987,"{""anneal"": true, ""anneal_seconds"": 2.151}",False,
case_051,1,1,3,capls,sa3,0,0.707,0.703,True,557792,19727916,19727916,0,20121134,,,128,607628,,1.089345132235672,"{""anneal"": true, ""anneal_seconds"": 2.151}",False,
case_051,1,1,3,capls,_best,0,0.426,0.532,True,549836,19138090,19138090,0,19531308,,,126,607628,,1.1051077048428986,"{""block_cap"": 0.005}",True,results\plans\case_051_p1_n3_capls_best.json
case_050,1,1,2,capls,c0,0,0.311,1.412,True,139823,234084,234084,0,553460,,,7,149690,,1.0705677892764422,"{""block_cap"": 0.35}",False,
case_050,1,1,2,capls,c1,0,0.156,0.873,True,134987,435378,435378,0,754754,,,12,149690,,1.1089215998577642,"{""block_cap"": 0.15}",False,
case_050,1,1,2,capls,c2,0,0.166,2.184,True,140131,154590,144346,10244,473966,,,6,149690,,1.0682147419200605,"{""block_cap"": 0.35, ""init"": ""rr""}",False,
case_050,1,1,2,capls,c3,0,0.164,2.392,True,149676,98036,98036,0,417412,,,3,149690,,1.000093535369732,"{""block_cap"": 0.35, ""init"": ""contig""}",False,
case_050,1,1,2,capls,c4,0,0.131,1.488,True,146592,298270,298270,0,617646,,,39,149690,,1.0211334861383978,"{""block_cap"": 0.35, ""subgraph_mode"": ""block""}",False,
case_050,1,1,2,capls,c5,0,0.161,1.174,True,145597,298270,298270,0,617646,,,39,149690,,1.0281118429637974,"{""block_cap"": 0.35, ""init"": ""rr"", ""subgraph_mode"": ""block""}",False,
case_050,1,1,2,capls,c6,0,0.134,2.552,True,142354,104574,104574,0,423950,,,5,149690,,1.0515335009904885,"{""block_cap"": 0.6, ""comm_weight"": 1e-06}",False,
case_050,1,1,2,capls,c7,0,0.156,0.873,True,134987,435378,435378,0,754754,,,12,149690,,1.1089215998577642,"{""block_cap"": 0.08}",False,
case_050,1,1,2,capls,c8,0,0.463,1.282,True,136244,2823378,2823378,0,3142754,,,83,149690,,1.0986905845395027,"{""block_cap"": 0.005}",False,
case_050,1,1,2,capls,c9,0,0.129,1.412,True,139823,234084,234084,0,553460,,,7,149690,,1.0705677892764422,"{""block_cap"": 0.35, ""max_ops"": 2000}",False,
case_050,1,1,2,capls,c10,0,0.079,4.635,True,149690,0,0,0,319376,,,1,149690,,1.0,"{""block_cap"": 0.35, ""cores_used"": 1}",False,
case_050,1,1,2,capls,c11,0,0.072,4.635,True,149690,0,0,0,319376,,,1,149690,,1.0,"{""block_cap"": 0.35, ""cores_used"": 1}",False,
case_050,1,1,2,capls,c12,0,0.192,2.094,True,117878,581308,556732,24576,900684,,,8,149690,,1.2698722407913265,"{""block_cap"": 0.35, ""init"": ""rr"", ""level_mode"": ""alap_fill""}",True,
case_050,1,1,2,capls,c13,0,0.203,2.094,True,117878,581308,556732,24576,900684,,,8,149690,,1.2698722407913265,"{""block_cap"": 0.35, ""init"": ""rr"", ""level_mode"": ""alap_compress""}",False,
case_050,1,1,2,capls,sa1,0,2.241,2.218,True,117878,723932,699356,24576,1043308,,,11,149690,,1.2698722407913265,"{""anneal"": true, ""anneal_seconds"": 5.343}",False,
case_050,1,1,2,capls,sa2,0,2.06,2.053,True,117878,667324,642748,24576,986700,,,9,149690,,1.2698722407913265,"{""anneal"": true, ""anneal_seconds"": 5.343}",False,
case_050,1,1,2,capls,sa3,0,2.097,2.091,True,117878,682972,658396,24576,1002348,,,10,149690,,1.2698722407913265,"{""anneal"": true, ""anneal_seconds"": 5.343}",False,
case_050,1,1,2,capls,_best,0,0.18,2.094,True,117878,581308,556732,24576,900684,,,8,149690,,1.2698722407913265,"{""block_cap"": 0.35, ""init"": ""rr"", ""level_mode"": ""alap_fill""}",True,results\plans\case_050_p1_n2_capls_best.json
case_051,1,1,4,capls,c0,0,0.059,0.286,True,643255,9044060,9044060,0,9437278,,,24,607628,,0.9446144996929678,"{""block_cap"": 0.35}",False,
case_051,1,1,4,capls,c1,0,0.066,0.286,True,643255,9044060,9044060,0,9437278,,,24,607628,,0.9446144996929678,"{""block_cap"": 0.15}",False,
case_051,1,1,4,capls,c2,0,0.059,0.286,True,643255,9044060,9044060,0,9437278,,,24,607628,,0.9446144996929678,"{""block_cap"": 0.35, ""init"": ""rr""}",False,
case_051,1,1,4,capls,c3,0,0.058,0.284,True,612275,1179660,1179660,0,1572878,,,4,607628,,0.9924102731615696,"{""block_cap"": 0.35, ""init"": ""contig""}",False,
case_051,1,1,4,capls,c4,0,0.063,0.286,True,643255,9044060,9044060,0,9437278,,,24,607628,,0.9446144996929678,"{""block_cap"": 0.35, ""subgraph_mode"": ""block""}",False,
case_051,1,1,4,capls,c5,0,0.062,0.286,True,643255,9044060,9044060,0,9437278,,,24,607628,,0.9446144996929678,"{""block_cap"": 0.35, ""init"": ""rr"", ""subgraph_mode"": ""block""}",False,
case_051,1,1,4,capls,c6,0,0.065,0.162,True,635510,7077960,7077960,0,7471178,,,19,607628,,0.9561265755062863,"{""block_cap"": 0.6, ""comm_weight"": 1e-06}",False,
case_051,1,1,4,capls,c7,0,0.079,0.241,True,544842,11797098,11797098,0,12190316,,,96,607628,,1.1152370779051541,"{""block_cap"": 0.08}",False,
case_051,1,1,4,capls,c8,0,0.465,0.653,True,533409,16713772,16713772,0,17106990,,,290,607628,,1.1391408843870277,"{""block_cap"": 0.005}",True,
case_051,1,1,4,capls,c9,0,0.06,0.286,True,643255,9044060,9044060,0,9437278,,,24,607628,,0.9446144996929678,"{""block_cap"": 0.35, ""max_ops"": 2000}",False,
case_051,1,1,4,capls,c10,0,0.047,0.169,True,643255,9044060,9044060,0,9437278,,,24,607628,,0.9446144996929678,"{""block_cap"": 0.35, ""cores_used"": 3}",False,
case_051,1,1,4,capls,c11,0,0.034,0.231,True,643255,9044060,9044060,0,9437278,,,24,607628,,0.9446144996929678,"{""block_cap"": 0.35, ""cores_used"": 2}",False,
case_051,1,1,4,capls,c12,0,0.062,0.286,True,643255,9044060,9044060,0,9437278,,,24,607628,,0.9446144996929678,"{""block_cap"": 0.35, ""init"": ""rr"", ""level_mode"": ""alap_fill""}",False,
case_051,1,1,4,capls,c13,0,0.063,0.286,True,643255,9044060,9044060,0,9437278,,,24,607628,,0.9446144996929678,"{""block_cap"": 0.35, ""init"": ""rr"", ""level_mode"": ""alap_compress""}",False,
case_051,1,1,4,capls,sa1,0,0.786,0.778,True,533746,16713772,16713772,0,17106990,,,289,607628,,1.1384216462512131,"{""anneal"": true, ""anneal_seconds"": 2.635}",False,
case_051,1,1,4,capls,sa2,0,0.712,0.71,True,535897,16713772,16713772,0,17106990,,,289,607628,,1.1338522141381646,"{""anneal"": true, ""anneal_seconds"": 2.635}",False,
case_051,1,1,4,capls,sa3,0,0.925,0.922,True,536008,16713772,16713772,0,17106990,,,289,607628,,1.1336174086953925,"{""anneal"": true, ""anneal_seconds"": 2.635}",False,
case_051,1,1,4,capls,_best,0,0.457,0.653,True,533409,16713772,16713772,0,17106990,,,290,607628,,1.1391408843870277,"{""block_cap"": 0.005}",True,results\plans\case_051_p1_n4_capls_best.json
case_052,1,1,5,capls,c0,0,0.062,0.413,True,49876,294912,294912,0,1105116,,,5,180301,,3.614985163204748,"{""block_cap"": 0.35}",False,
case_052,1,1,5,capls,c1,0,0.165,0.339,True,58071,1172536,1172536,0,1982740,,,14,180301,,3.1048371820702245,"{""block_cap"": 0.15}",False,
case_052,1,1,5,capls,c2,0,0.103,0.429,True,40375,294912,294912,0,1105116,,,5,180301,,4.4656594427244585,"{""block_cap"": 0.35, ""init"": ""rr""}",False,
case_052,1,1,5,capls,c3,0,0.064,0.361,True,37926,73728,73728,0,883932,,,5,180301,,4.754020988240257,"{""block_cap"": 0.35, ""init"": ""contig""}",True,
case_052,1,1,5,capls,c4,0,0.062,0.215,True,55149,811008,811008,0,1621212,,,47,180301,,3.269343052457887,"{""block_cap"": 0.35, ""subgraph_mode"": ""block""}",False,
case_052,1,1,5,capls,c5,0,0.105,0.27,True,45587,811008,811008,0,1621212,,,47,180301,,3.955096847785553,"{""block_cap"": 0.35, ""init"": ""rr"", ""subgraph_mode"": ""block""}",False,
case_052,1,1,5,capls,c6,0,0.061,0.413,True,49876,294912,294912,0,1105116,,,5,180301,,3.614985163204748,"{""block_cap"": 0.6, ""comm_weight"": 1e-06}",False,
case_052,1,1,5,capls,c7,0,0.177,0.295,True,67156,1403240,1403240,0,2213444,,,13,180301,,2.6848085055691224,"{""block_cap"": 0.08}",False,
case_052,1,1,5,capls,c8,0,0.272,0.43,True,80934,2323980,2323980,0,3134184,,,21,180301,,2.227753478142684,"{""block_cap"": 0.005}",False,
case_052,1,1,5,capls,c9,0,0.062,0.413,True,49876,294912,294912,0,1105116,,,5,180301,,3.614985163204748,"{""block_cap"": 0.35, ""max_ops"": 2000}",False,
case_052,1,1,5,capls,c10,0,0.052,0.424,True,52617,221184,221184,0,1031388,,,4,180301,,3.4266681870878233,"{""block_cap"": 0.35, ""cores_used"": 4}",False,
case_052,1,1,5,capls,c11,0,0.03,0.406,True,97019,73728,73728,0,883932,,,2,180301,,1.8584091775837723,"{""block_cap"": 0.35, ""cores_used"": 2}",False,
case_052,1,1,5,capls,c12,0,0.111,0.429,True,40375,294912,294912,0,1105116,,,5,180301,,4.4656594427244585,"{""block_cap"": 0.35, ""init"": ""rr"", ""level_mode"": ""alap_fill""}",False,
case_052,1,1,5,capls,c13,0,0.104,0.429,True,40375,294912,294912,0,1105116,,,5,180301,,4.4656594427244585,"{""block_cap"": 0.35, ""init"": ""rr"", ""level_mode"": ""alap_compress""}",False,
case_052,1,1,5,capls,sa1,0,0.416,0.41,True,38177,366646,366646,0,1176850,,,7,180301,,4.7227650155853,"{""anneal"": true, ""anneal_seconds"": 1.071}",False,
case_052,1,1,5,capls,sa2,0,0.001,0.361,True,37987,285218,285218,0,1095422,,,6,180301,,4.746386921841682,"{""anneal"": true, ""anneal_seconds"": 1.071}",False,
case_052,1,1,5,capls,sa3,0,0.378,0.377,True,38128,221686,221686,0,1031890,,,6,180301,,4.728834452370961,"{""anneal"": true, ""anneal_seconds"": 1.071}",False,
case_052,1,1,5,capls,_best,0,0.06,0.361,True,37926,73728,73728,0,883932,,,5,180301,,4.754020988240257,"{""block_cap"": 0.35, ""init"": ""contig""}",True,results\plans\case_052_p1_n5_capls_best.json
case_049,1,1,5,capls,c0,0,0.353,1.174,True,94514,796374,796374,0,948914,,,50,196276,,2.0766870516537232,"{""block_cap"": 0.35}",False,
case_049,1,1,5,capls,c1,0,0.343,1.174,True,94514,796374,796374,0,948914,,,50,196276,,2.0766870516537232,"{""block_cap"": 0.15}",False,
case_049,1,1,5,capls,c2,0,0.603,1.784,True,78895,912566,912566,0,1065106,,,64,196276,,2.487812915900881,"{""block_cap"": 0.35, ""init"": ""rr""}",False,
case_049,1,1,5,capls,c3,0,0.589,1.463,True,200741,242774,242774,0,395314,,,10,196276,,0.9777574088003945,"{""block_cap"": 0.35, ""init"": ""contig""}",False,
case_049,1,1,5,capls,c4,0,0.347,1.613,True,103538,947046,947046,0,1099586,,,185,196276,,1.895690471131372,"{""block_cap"": 0.35, ""subgraph_mode"": ""block""}",False,
case_049,1,1,5,capls,c5,0,0.606,1.788,True,87603,947046,947046,0,1099586,,,185,196276,,2.2405168772758923,"{""block_cap"": 0.35, ""init"": ""rr"", ""subgraph_mode"": ""block""}",False,
case_049,1,1,5,capls,c6,0,0.403,1.255,True,172861,913812,913812,0,1066352,,,19,196276,,1.1354556551217452,"{""block_cap"": 0.6, ""comm_weight"": 1e-06}",False,
case_049,1,1,5,capls,c7,0,1.169,1.996,True,138383,2990868,2990868,0,3143408,,,197,196276,,1.4183534104622677,"{""block_cap"": 0.08}",False,
case_049,1,1,5,capls,c8,0,1.363,2.251,True,152242,3783048,3783048,0,3935588,,,268,196276,,1.2892368728734516,"{""block_cap"": 0.005}",False,
case_049,1,1,5,capls,c9,0,0.362,1.174,True,94514,796374,796374,0,948914,,,50,196276,,2.0766870516537232,"{""block_cap"": 0.35, ""max_ops"": 2000}",False,
case_049,1,1,5,capls,c10,0,0.287,0.732,True,116967,598572,598572,0,751112,,,35,196276,,1.67804594458266,"{""block_cap"": 0.35, ""cores_used"": 4}",False,
case_049,1,1,5,capls,c11,0,0.129,1.527,True,200834,279728,279728,0,432268,,,5,196276,,0.9773046396526485,"{""block_cap"": 0.35, ""cores_used"": 2}",False,
case_049,1,1,5,capls,c12,0,0.764,1.494,True,74787,1166038,1166038,0,1318578,,,65,196276,,2.624466819099576,"{""block_cap"": 0.35, ""init"": ""rr"", ""level_mode"": ""alap_fill""}",True,
case_049,1,1,5,capls,c13,0,0.611,1.494,True,74787,1166038,1166038,0,1318578,,,65,196276,,2.624466819099576,"{""block_cap"": 0.35, ""init"": ""rr"", ""level_mode"": ""alap_compress""}",False,
case_049,1,1,5,capls,sa1,0,2.457,2.428,True,85880,3064568,3064568,0,3217108,,,241,196276,,2.2854680950163018,"{""anneal"": true, ""anneal_seconds"": 2.707}",False,
case_049,1,1,5,capls,sa2,0,2.503,2.492,True,85872,3062520,3062520,0,3215060,,,240,196276,,2.2856810136016397,"{""anneal"": true, ""anneal_seconds"": 2.707}",False,
case_049,1,1,5,capls,sa3,0,2.642,2.631,True,85755,3060472,3060472,0,3213012,,,240,196276,,2.288799486910384,"{""anneal"": true, ""anneal_seconds"": 2.707}",False,
case_049,1,1,5,capls,_best,0,0.647,1.494,True,74787,1166038,1166038,0,1318578,,,65,196276,,2.624466819099576,"{""block_cap"": 0.35, ""init"": ""rr"", ""level_mode"": ""alap_fill""}",True,results\plans\case_049_p1_n5_capls_best.json
case_052,1,1,4,capls,c0,0,0.046,0.384,True,52617,221184,221184,0,1031388,,,4,180301,,3.4266681870878233,"{""block_cap"": 0.35}",False,
case_052,1,1,4,capls,c1,0,0.048,0.384,True,52617,221184,221184,0,1031388,,,4,180301,,3.4266681870878233,"{""block_cap"": 0.15}",False,
case_052,1,1,4,capls,c2,0,0.078,0.595,True,49871,221184,221184,0,1031388,,,4,180301,,3.6153475967997433,"{""block_cap"": 0.35, ""init"": ""rr""}",True,
case_052,1,1,4,capls,c3,0,0.104,0.396,True,65578,179712,179712,0,989916,,,4,180301,,2.74941291286712,"{""block_cap"": 0.35, ""init"": ""contig""}",False,
case_052,1,1,4,capls,c4,0,0.046,0.241,True,59693,811008,811008,0,1621212,,,47,180301,,3.0204714120583653,"{""block_cap"": 0.35, ""subgraph_mode"": ""block""}",False,
case_052,1,1,4,capls,c5,0,0.077,0.274,True,57729,811008,811008,0,1621212,,,47,180301,,3.123230958443763,"{""block_cap"": 0.35, ""init"": ""rr"", ""subgraph_mode"": ""block""}",False,
case_052,1,1,4,capls,c6,0,0.048,0.384,True,52617,221184,221184,0,1031388,,,4,180301,,3.4266681870878233,"{""block_cap"": 0.6, ""comm_weight"": 1e-06}",False,
case_052,1,1,4,capls,c7,0,0.073,0.345,True,63418,1030216,1030216,0,1840420,,,12,180301,,2.843057176196033,"{""block_cap"": 0.08}",False,
case_052,1,1,4,capls,c8,0,0.26,0.299,True,69000,1981192,1981192,0,2791396,,,13,180301,,2.6130579710144928,"{""block_cap"": 0.005}",False,
case_052,1,1,4,capls,c9,0,0.05,0.384,True,52617,221184,221184,0,1031388,,,4,180301,,3.4266681870878233,"{""block_cap"": 0.35, ""max_ops"": 2000}",False,
case_052,1,1,4,capls,c10,0,0.038,0.362,True,65704,147456,147456,0,957660,,,3,180301,,2.7441403871910386,"{""block_cap"": 0.35, ""cores_used"": 3}",False,
case_052,1,1,4,capls,c11,0,0.029,0.259,True,97019,73728,73728,0,883932,,,2,180301,,1.8584091775837723,"{""block_cap"": 0.35, ""cores_used"": 2}",False,
case_052,1,1,4,capls,c12,0,0.078,0.595,True,49871,221184,221184,0,1031388,,,4,180301,,3.6153475967997433,"{""block_cap"": 0.35, ""init"": ""rr"", ""level_mode"": ""alap_fill""}",False,
case_052,1,1,4,capls,c13,0,0.091,0.595,True,49871,221184,221184,0,1031388,,,4,180301,,3.6153475967997433,"{""block_cap"": 0.35, ""init"": ""rr"", ""level_mode"": ""alap_compress""}",False,
case_052,1,1,4,capls,sa1,0,0.001,0.365,True,49871,358424,358424,0,1168628,,,5,180301,,3.6153475967997433,"{""anneal"": true, ""anneal_seconds"": 3.999}",False,
case_052,1,1,4,capls,sa2,0,0.001,0.376,True,49871,414154,414154,0,1224358,,,5,180301,,3.6153475967997433,"{""anneal"": true, ""anneal_seconds"": 3.999}",False,
case_052,1,1,4,capls,sa3,0,0.428,0.421,True,49871,551394,551394,0,1361598,,,6,180301,,3.6153475967997433,"{""anneal"": true, ""anneal_seconds"": 3.999}",False,
case_052,1,1,4,capls,_best,0,0.083,0.595,True,49871,221184,221184,0,1031388,,,4,180301,,3.6153475967997433,"{""block_cap"": 0.35, ""init"": ""rr""}",True,results\plans\case_052_p1_n4_capls_best.json
case_052,1,1,3,capls,c0,0,0.037,0.633,True,65704,147456,147456,0,957660,,,3,180301,,2.7441403871910386,"{""block_cap"": 0.35}",False,
case_052,1,1,3,capls,c1,0,0.041,0.633,True,65704,147456,147456,0,957660,,,3,180301,,2.7441403871910386,"{""block_cap"": 0.15}",False,
case_052,1,1,3,capls,c2,0,0.064,0.379,True,62271,147456,147456,0,957660,,,3,180301,,2.895424836601307,"{""block_cap"": 0.35, ""init"": ""rr""}",True,
case_052,1,1,3,capls,c3,0,0.058,0.344,True,78929,105984,105984,0,916188,,,3,180301,,2.2843441574072902,"{""block_cap"": 0.35, ""init"": ""contig""}",False,
case_052,1,1,3,capls,c4,0,0.036,0.202,True,73641,811008,811008,0,1621212,,,47,180301,,2.4483779416357736,"{""block_cap"": 0.35, ""subgraph_mode"": ""block""}",False,
case_052,1,1,3,capls,c5,0,0.056,0.25,True,69687,811008,811008,0,1621212,,,47,180301,,2.587297487336232,"{""block_cap"": 0.35, ""init"": ""rr"", ""subgraph_mode"": ""block""}",False,
case_052,1,1,3,capls,c6,0,0.038,0.633,True,65704,147456,147456,0,957660,,,3,180301,,2.7441403871910386,"{""block_cap"": 0.6, ""comm_weight"": 1e-06}",False,
case_052,1,1,3,capls,c7,0,0.056,0.26,True,76629,874056,874056,0,1684260,,,9,180301,,2.352908167925981,"{""block_cap"": 0.08}",False,
case_052,1,1,3,capls,c8,0,0.087,0.266,True,87480,2547104,2547104,0,3357308,,,12,180301,,2.0610539551897578,"{""block_cap"": 0.005}",False,
case_052,1,1,3,capls,c9,0,0.037,0.633,True,65704,147456,147456,0,957660,,,3,180301,,2.7441403871910386,"{""block_cap"": 0.35, ""max_ops"": 2000}",False,
case_052,1,1,3,capls,c10,0,0.028,0.337,True,97019,73728,73728,0,883932,,,2,180301,,1.8584091775837723,"{""block_cap"": 0.35, ""cores_used"": 2}",False,
case_052,1,1,3,capls,c11,0,0.014,0.355,True,180301,0,0,0,810204,,,1,180301,,1.0,"{""block_cap"": 0.35, ""cores_used"": 1}",False,
case_052,1,1,3,capls,c12,0,0.059,0.379,True,62271,147456,147456,0,957660,,,3,180301,,2.895424836601307,"{""block_cap"": 0.35, ""init"": ""rr"", ""level_mode"": ""alap_fill""}",False,
case_052,1,1,3,capls,c13,0,0.059,0.379,True,62271,147456,147456,0,957660,,,3,180301,,2.895424836601307,"{""block_cap"": 0.35, ""init"": ""rr"", ""level_mode"": ""alap_compress""}",False,
case_052,1,1,3,capls,sa1,0,0.001,0.354,True,62271,381706,381706,0,1191910,,,4,180301,,2.895424836601307,"{""anneal"": true, ""anneal_seconds"": 6.463}",False,
case_052,1,1,3,capls,sa2,0,0.001,0.354,True,62271,229396,229396,0,1039600,,,4,180301,,2.895424836601307,"{""anneal"": true, ""anneal_seconds"": 6.463}",False,
case_052,1,1,3,capls,sa3,0,0.001,0.521,True,62271,463646,463646,0,1273850,,,5,180301,,2.895424836601307,"{""anneal"": true, ""anneal_seconds"": 6.463}",False,
case_052,1,1,3,capls,_best,0,0.064,0.379,True,62271,147456,147456,0,957660,,,3,180301,,2.895424836601307,"{""block_cap"": 0.35, ""init"": ""rr""}",True,results\plans\case_052_p1_n3_capls_best.json
case_051,1,1,5,capls,c0,0,0.198,0.252,True,623118,3932200,3932200,0,4325418,,,11,607628,,0.9751411450158718,"{""block_cap"": 0.35}",False,
case_051,1,1,5,capls,c1,0,0.144,0.185,True,647412,10551582,10551582,0,10944800,,,26,607628,,0.9385491773399319,"{""block_cap"": 0.15}",False,
case_051,1,1,5,capls,c2,0,0.194,0.252,True,623118,3932200,3932200,0,4325418,,,11,607628,,0.9751411450158718,"{""block_cap"": 0.35, ""init"": ""rr""}",False,
case_051,1,1,5,capls,c3,0,0.074,0.177,True,613824,1572880,1572880,0,1966098,,,5,607628,,0.9899059013658639,"{""block_cap"": 0.35, ""init"": ""contig""}",False,
case_051,1,1,5,capls,c4,0,0.208,0.271,True,631555,9044060,9044060,0,9437278,,,24,607628,,0.9621141468280673,"{""block_cap"": 0.35, ""subgraph_mode"": ""block""}",False,
case_051,1,1,5,capls,c5,0,0.202,0.271,True,631555,9044060,9044060,0,9437278,,,24,607628,,0.9621141468280673,"{""block_cap"": 0.35, ""init"": ""rr"", ""subgraph_mode"": ""block""}",False,
case_051,1,1,5,capls,c6,0,0.216,0.237,True,621569,3538980,3538980,0,3932198,,,10,607628,,0.9775712752727372,"{""block_cap"": 0.6, ""comm_weight"": 1e-06}",False,
case_051,1,1,5,capls,c7,0,0.098,0.322,True,512202,11928224,11928224,0,12321442,,,107,607628,,1.1863054029464937,"{""block_cap"": 0.08}",False,
case_051,1,1,5,capls,c8,0,0.475,0.731,True,493017,16648208,16648208,0,17041426,,,330,607628,,1.2324686572673964,"{""block_cap"": 0.005}",False,
case_051,1,1,5,capls,c9,0,0.2,0.252,True,623118,3932200,3932200,0,4325418,,,11,607628,,0.9751411450158718,"{""block_cap"": 0.35, ""max_ops"": 2000}",False,
case_051,1,1,5,capls,c10,0,0.058,0.233,True,643255,9044060,9044060,0,9437278,,,24,607628,,0.9446144996929678,"{""block_cap"": 0.35, ""cores_used"": 4}",False,
case_051,1,1,5,capls,c11,0,0.032,0.256,True,643255,9044060,9044060,0,9437278,,,24,607628,,0.9446144996929678,"{""block_cap"": 0.35, ""cores_used"": 2}",False,
case_051,1,1,5,capls,c12,0,0.203,0.252,True,623118,3932200,3932200,0,4325418,,,11,607628,,0.9751411450158718,"{""block_cap"": 0.35, ""init"": ""rr"", ""level_mode"": ""alap_fill""}",False,
case_051,1,1,5,capls,c13,0,0.201,0.252,True,623118,3932200,3932200,0,4325418,,,11,607628,,0.9751411450158718,"{""block_cap"": 0.35, ""init"": ""rr"", ""level_mode"": ""alap_compress""}",False,
case_051,1,1,5,capls,sa1,0,0.96,0.95,True,491857,16648208,16648208,0,17041426,,,330,607628,,1.235375322502272,"{""anneal"": true, ""anneal_seconds"": 2.935}",True,
case_051,1,1,5,capls,sa2,0,0.721,0.717,True,495558,16779280,16779280,0,17172498,,,331,607628,,1.2261491086815266,"{""anneal"": true, ""anneal_seconds"": 2.935}",False,
case_051,1,1,5,capls,sa3,0,0.777,0.773,True,499259,16910352,16910352,0,17303570,,,332,607628,,1.21705968244939,"{""anneal"": true, ""anneal_seconds"": 2.935}",False,
case_051,1,1,5,capls,_best,0,,0.95,True,491857,16648208,,,,,,330,607628,,1.235375322502272,"{""anneal"": true}",True,results\plans\case_051_p1_n5_capls_best.json
case_050,1,1,5,capls,c0,0,0.621,1.015,True,75651,750768,750768,0,1070144,,,49,149690,,1.978691623375765,"{""block_cap"": 0.35}",False,
case_050,1,1,5,capls,c1,0,1.304,2.126,True,106703,1906432,1906432,0,2225808,,,197,149690,,1.40286589880322,"{""block_cap"": 0.15}",False,
case_050,1,1,5,capls,c2,0,0.655,0.872,True,60066,745434,745434,0,1064810,,,65,149690,,2.4920920320980255,"{""block_cap"": 0.35, ""init"": ""rr""}",True,
case_050,1,1,5,capls,c3,0,0.603,1.409,True,114525,173044,173044,0,492420,,,11,149690,,1.307050862257149,"{""block_cap"": 0.35, ""init"": ""contig""}",False,
case_050,1,1,5,capls,c4,0,0.587,1.232,True,87611,854650,854650,0,1174026,,,186,149690,,1.7085754071977264,"{""block_cap"": 0.35, ""subgraph_mode"": ""block""}",False,
case_050,1,1,5,capls,c5,0,0.63,1.53,True,71805,854650,854650,0,1174026,,,186,149690,,2.0846737692361255,"{""block_cap"": 0.35, ""init"": ""rr"", ""subgraph_mode"": ""block""}",False,
case_050,1,1,5,capls,c6,0,0.605,1.015,True,75651,750768,750768,0,1070144,,,49,149690,,1.978691623375765,"{""block_cap"": 0.6, ""comm_weight"": 1e-06}",False,
case_050,1,1,5,capls,c7,0,1.167,2.126,True,106703,1906432,1906432,0,2225808,,,197,149690,,1.40286589880322,"{""block_cap"": 0.08}",False,
case_050,1,1,5,capls,c8,0,1.443,2.571,True,142354,3681248,3681248,0,4000624,,,293,149690,,1.0515335009904885,"{""block_cap"": 0.005}",False,
case_050,1,1,5,capls,c9,0,0.608,1.015,True,75651,750768,750768,0,1070144,,,49,149690,,1.978691623375765,"{""block_cap"": 0.35, ""max_ops"": 2000}",False,
case_050,1,1,5,capls,c10,0,0.616,0.864,True,89545,510898,510898,0,830274,,,23,149690,,1.6716734602713719,"{""block_cap"": 0.35, ""cores_used"": 4}",False,
case_050,1,1,5,capls,c11,0,0.127,1.562,True,139823,234084,234084,0,553460,,,7,149690,,1.0705677892764422,"{""block_cap"": 0.35, ""cores_used"": 2}",False,
case_050,1,1,5,capls,c12,0,0.644,1.437,True,67090,1710342,1710342,0,2029718,,,65,149690,,2.2311819943359668,"{""block_cap"": 0.35, ""init"": ""rr"", ""level_mode"": ""alap_fill""}",False,
case_050,1,1,5,capls,c13,0,0.698,1.437,True,67090,1710342,1710342,0,2029718,,,65,149690,,2.2311819943359668,"{""block_cap"": 0.35, ""init"": ""rr"", ""level_mode"": ""alap_compress""}",False,
case_050,1,1,5,capls,sa1,0,1.559,1.532,True,60066,745434,745434,0,1064810,,,65,149690,,2.4920920320980255,"{""anneal"": true, ""anneal_seconds"": 2.292}",False,
case_050,1,1,5,capls,sa2,0,1.522,1.515,True,60066,760794,760794,0,1080170,,,66,149690,,2.4920920320980255,"{""anneal"": true, ""anneal_seconds"": 2.292}",False,
case_050,1,1,5,capls,sa3,0,1.502,1.494,True,60066,760794,760794,0,1080170,,,66,149690,,2.4920920320980255,"{""anneal"": true, ""anneal_seconds"": 2.292}",False,
case_050,1,1,5,capls,_best,0,0.825,0.872,True,60066,745434,745434,0,1064810,,,65,149690,,2.4920920320980255,"{""block_cap"": 0.35, ""init"": ""rr""}",True,results\plans\case_050_p1_n5_capls_best.json
case_051,1,1,2,capls,c0,0,0.032,0.237,True,643255,9044060,9044060,0,9437278,,,24,607628,,0.9446144996929678,"{""block_cap"": 0.35}",False,
case_051,1,1,2,capls,c1,0,0.039,0.237,True,643255,9044060,9044060,0,9437278,,,24,607628,,0.9446144996929678,"{""block_cap"": 0.15}",False,
case_051,1,1,2,capls,c2,0,0.037,0.237,True,643255,9044060,9044060,0,9437278,,,24,607628,,0.9446144996929678,"{""block_cap"": 0.35, ""init"": ""rr""}",False,
case_051,1,1,2,capls,c3,0,0.031,0.302,True,609177,393220,393220,0,786438,,,2,607628,,0.997457225075799,"{""block_cap"": 0.35, ""init"": ""contig""}",False,
case_051,1,1,2,capls,c4,0,0.031,0.237,True,643255,9044060,9044060,0,9437278,,,24,607628,,0.9446144996929678,"{""block_cap"": 0.35, ""subgraph_mode"": ""block""}",False,
case_051,1,1,2,capls,c5,0,0.036,0.237,True,643255,9044060,9044060,0,9437278,,,24,607628,,0.9446144996929678,"{""block_cap"": 0.35, ""init"": ""rr"", ""subgraph_mode"": ""block""}",False,
case_051,1,1,2,capls,c6,0,0.034,0.23,True,626216,4718640,4718640,0,5111858,,,13,607628,,0.9703169513394739,"{""block_cap"": 0.6, ""comm_weight"": 1e-06}",False,
case_051,1,1,2,capls,c7,0,0.045,0.237,True,643255,9044060,9044060,0,9437278,,,24,607628,,0.9446144996929678,"{""block_cap"": 0.08}",False,
case_051,1,1,2,capls,c8,0,0.162,0.34,True,732840,18285500,18285500,0,18678718,,,74,607628,,0.8291414224114404,"{""block_cap"": 0.005}",False,
case_051,1,1,2,capls,c9,0,0.032,0.237,True,643255,9044060,9044060,0,9437278,,,24,607628,,0.9446144996929678,"{""block_cap"": 0.35, ""max_ops"": 2000}",False,
case_051,1,1,2,capls,c10,0,0.015,0.722,True,607628,0,0,0,393218,,,1,607628,,1.0,"{""block_cap"": 0.35, ""cores_used"": 1}",True,
case_051,1,1,2,capls,c11,0,0.015,0.722,True,607628,0,0,0,393218,,,1,607628,,1.0,"{""block_cap"": 0.35, ""cores_used"": 1}",False,
case_051,1,1,2,capls,c12,0,0.033,0.237,True,643255,9044060,9044060,0,9437278,,,24,607628,,0.9446144996929678,"{""block_cap"": 0.35, ""init"": ""rr"", ""level_mode"": ""alap_fill""}",False,
case_051,1,1,2,capls,c13,0,0.035,0.237,True,643255,9044060,9044060,0,9437278,,,24,607628,,0.9446144996929678,"{""block_cap"": 0.35, ""init"": ""rr"", ""level_mode"": ""alap_compress""}",False,
case_051,1,1,2,capls,sa1,0,0.002,0.425,True,607628,0,0,0,393218,,,1,607628,,1.0,"{""anneal"": true, ""anneal_seconds"": 14.998}",False,
case_051,1,1,2,capls,sa2,0,0.34,0.331,True,608277,393220,393220,0,786438,,,2,607628,,0.9989330518826127,"{""anneal"": true, ""anneal_seconds"": 14.998}",False,
case_051,1,1,2,capls,sa3,0,0.586,0.584,True,608878,655392,655392,0,1048610,,,2,607628,,0.9979470435785166,"{""anneal"": true, ""anneal_seconds"": 14.998}",False,
case_051,1,1,2,capls,_best,0,0.019,0.722,True,607628,0,0,0,393218,,,1,607628,,1.0,"{""block_cap"": 0.35, ""cores_used"": 1}",True,results\plans\case_051_p1_n2_capls_best.json
case_050,1,1,4,capls,c0,0,0.75,0.996,True,89545,510898,510898,0,830274,,,23,149690,,1.6716734602713719,"{""block_cap"": 0.35}",False,
case_050,1,1,4,capls,c1,0,0.627,0.996,True,89545,510898,510898,0,830274,,,23,149690,,1.6716734602713719,"{""block_cap"": 0.15}",False,
case_050,1,1,4,capls,c2,0,0.625,1.07,True,61002,654496,654496,0,973872,,,40,149690,,2.453853972000918,"{""block_cap"": 0.35, ""init"": ""rr""}",True,
case_050,1,1,4,capls,c3,0,0.617,1.69,True,108047,111772,111772,0,431148,,,7,149690,,1.3854156061713885,"{""block_cap"": 0.35, ""init"": ""contig""}",False,
case_050,1,1,4,capls,c4,0,0.621,1.646,True,96697,854650,854650,0,1174026,,,186,149690,,1.5480314797770356,"{""block_cap"": 0.35, ""subgraph_mode"": ""block""}",False,
case_050,1,1,4,capls,c5,0,0.607,1.179,True,78827,854650,854650,0,1174026,,,186,149690,,1.8989686275007294,"{""block_cap"": 0.35, ""init"": ""rr"", ""subgraph_mode"": ""block""}",False,
case_050,1,1,4,capls,c6,0,0.343,1.069,True,126831,382552,382552,0,701928,,,16,149690,,1.1802319622174389,"{""block_cap"": 0.6, ""comm_weight"": 1e-06}",False,
case_050,1,1,4,capls,c7,0,1.148,2.148,True,110274,2213744,2213744,0,2533120,,,166,149690,,1.3574369298293343,"{""block_cap"": 0.08}",False,
case_050,1,1,4,capls,c8,0,1.305,1.885,True,128976,3371514,3371514,0,3690890,,,199,149690,,1.1606035231360874,"{""block_cap"": 0.005}",False,
case_050,1,1,4,capls,c9,0,0.638,0.996,True,89545,510898,510898,0,830274,,,23,149690,,1.6716734602713719,"{""block_cap"": 0.35, ""max_ops"": 2000}",False,
case_050,1,1,4,capls,c10,0,0.33,0.937,True,99088,442068,442068,0,761444,,,20,149690,,1.5106773776844824,"{""block_cap"": 0.35, ""cores_used"": 3}",False,
case_050,1,1,4,capls,c11,0,0.13,1.655,True,139823,234084,234084,0,553460,,,7,149690,,1.0705677892764422,"{""block_cap"": 0.35, ""cores_used"": 2}",False,
case_050,1,1,4,capls,c12,0,0.756,1.42,True,62921,1623620,1623620,0,1942996,,,40,149690,,2.3790149552613595,"{""block_cap"": 0.35, ""init"": ""rr"", ""level_mode"": ""alap_fill""}",False,
case_050,1,1,4,capls,c13,0,0.645,1.42,True,62921,1623620,1623620,0,1942996,,,40,149690,,2.3790149552613595,"{""block_cap"": 0.35, ""init"": ""rr"", ""level_mode"": ""alap_compress""}",False,
case_050,1,1,4,capls,sa1,0,2.641,2.613,True,71532,2576812,2576812,0,2896188,,,223,149690,,2.092629871945423,"{""anneal"": true, ""anneal_seconds"": 3.089}",False,
case_050,1,1,4,capls,sa2,0,2.679,2.668,True,71473,2541260,2541260,0,2860636,,,222,149690,,2.0943573097533332,"{""anneal"": true, ""anneal_seconds"": 3.089}",False,
case_050,1,1,4,capls,sa3,0,2.693,2.681,True,71338,2541260,2541260,0,2860636,,,221,149690,,2.098320670610334,"{""anneal"": true, ""anneal_seconds"": 3.089}",False,
case_050,1,1,4,capls,_best,0,0.649,1.07,True,61002,654496,654496,0,973872,,,40,149690,,2.453853972000918,"{""block_cap"": 0.35, ""init"": ""rr""}",True,results\plans\case_050_p1_n4_capls_best.json
case_052,1,1,2,capls,c0,0,0.155,0.279,True,97019,73728,73728,0,883932,,,2,180301,,1.8584091775837723,"{""block_cap"": 0.35}",False,
case_052,1,1,2,capls,c1,0,0.026,0.279,True,97019,73728,73728,0,883932,,,2,180301,,1.8584091775837723,"{""block_cap"": 0.15}",False,
case_052,1,1,2,capls,c2,0,0.035,0.332,True,92022,73728,73728,0,883932,,,2,180301,,1.9593249440351221,"{""block_cap"": 0.35, ""init"": ""rr""}",False,
case_052,1,1,2,capls,c3,0,0.035,0.751,True,103120,73728,73728,0,883932,,,2,180301,,1.7484581070597363,"{""block_cap"": 0.35, ""init"": ""contig""}",False,
case_052,1,1,2,capls,c4,0,0.025,0.226,True,108293,811008,811008,0,1621212,,,47,180301,,1.6649367918517355,"{""block_cap"": 0.35, ""subgraph_mode"": ""block""}",False,
case_052,1,1,2,capls,c5,0,0.035,0.223,True,103069,811008,811008,0,1621212,,,47,180301,,1.7493232688781302,"{""block_cap"": 0.35, ""init"": ""rr"", ""subgraph_mode"": ""block""}",False,
case_052,1,1,2,capls,c6,0,0.028,0.279,True,97019,73728,73728,0,883932,,,2,180301,,1.8584091775837723,"{""block_cap"": 0.6, ""comm_weight"": 1e-06}",False,
case_052,1,1,2,capls,c7,0,0.027,0.279,True,97019,73728,73728,0,883932,,,2,180301,,1.8584091775837723,"{""block_cap"": 0.08}",False,
case_052,1,1,2,capls,c8,0,0.051,0.294,True,103106,2230416,2230416,0,3040620,,,9,180301,,1.7486955172346905,"{""block_cap"": 0.005}",False,
case_052,1,1,2,capls,c9,0,0.029,0.279,True,97019,73728,73728,0,883932,,,2,180301,,1.8584091775837723,"{""block_cap"": 0.35, ""max_ops"": 2000}",False,
case_052,1,1,2,capls,c10,0,0.013,0.396,True,180301,0,0,0,810204,,,1,180301,,1.0,"{""block_cap"": 0.35, ""cores_used"": 1}",False,
case_052,1,1,2,capls,c11,0,0.013,0.396,True,180301,0,0,0,810204,,,1,180301,,1.0,"{""block_cap"": 0.35, ""cores_used"": 1}",False,
case_052,1,1,2,capls,c12,0,0.041,0.332,True,92022,73728,73728,0,883932,,,2,180301,,1.9593249440351221,"{""block_cap"": 0.35, ""init"": ""rr"", ""level_mode"": ""alap_fill""}",False,
case_052,1,1,2,capls,c13,0,0.043,0.332,True,92022,73728,73728,0,883932,,,2,180301,,1.9593249440351221,"{""block_cap"": 0.35, ""init"": ""rr"", ""level_mode"": ""alap_compress""}",False,
case_052,1,1,2,capls,sa1,0,0.001,0.495,True,92022,396572,396572,0,1206776,,,3,180301,,1.9593249440351221,"{""anneal"": true, ""anneal_seconds"": 13.385}",False,
case_052,1,1,2,capls,sa2,0,0.001,0.374,True,92022,454724,454724,0,1264928,,,4,180301,,1.9593249440351221,"{""anneal"": true, ""anneal_seconds"": 13.385}",False,
case_052,1,1,2,capls,sa3,0,0.382,0.375,True,88782,342066,342066,0,1152270,,,3,180301,,2.03082832105607,"{""anneal"": true, ""anneal_seconds"": 13.385}",True,
case_052,1,1,2,capls,_best,0,,0.375,True,88782,342066,,,,,,3,180301,,2.03082832105607,"{""anneal"": true}",True,results\plans\case_052_p1_n2_capls_best.json
case_053,1,1,2,capls,c0,0,0.339,10.916,True,952257,6319292,1527292,4792000,9314580,,,4,1472686,,1.546521579783609,"{""block_cap"": 0.35}",False,
case_053,1,1,2,capls,c1,0,0.348,8.681,True,1036497,6472736,1704416,4768320,9468024,,,5,1472686,,1.4208299686347379,"{""block_cap"": 0.15}",False,
case_053,1,1,2,capls,c2,0,0.441,10.965,True,950649,6319292,1527292,4792000,9314580,,,4,1472686,,1.5491374839714764,"{""block_cap"": 0.35, ""init"": ""rr""}",False,
case_053,1,1,2,capls,c3,0,0.567,28.227,True,765204,5921504,979456,4942048,8916792,,,2,1472686,,1.9245665208232052,"{""block_cap"": 0.35, ""init"": ""contig""}",False,
case_053,1,1,2,capls,c4,0,0.335,7.254,True,914656,11762348,11762348,0,14757636,,,56,1472686,,1.6100982227197984,"{""block_cap"": 0.35, ""subgraph_mode"": ""block""}",False,
case_053,1,1,2,capls,c5,0,0.604,8.09,True,912943,11762348,11762348,0,14757636,,,56,1472686,,1.6131193294652568,"{""block_cap"": 0.35, ""init"": ""rr"", ""subgraph_mode"": ""block""}",False,
case_053,1,1,2,capls,c6,0,0.405,11.704,True,1028710,6175614,1407294,4768320,9170902,,,5,1472686,,1.4315851892175637,"{""block_cap"": 0.6, ""comm_weight"": 1e-06}",False,
case_053,1,1,2,capls,c7,0,0.599,3.853,True,1039994,7460736,2692416,4768320,10456024,,,14,1472686,,1.4160524003023094,"{""block_cap"": 0.08}",False,
case_053,1,1,2,capls,sa1,0,0.008,18.333,True,763871,6372232,1664040,4708192,9367520,,,4,1472686,,1.9279250030437076,"{""anneal"": true, ""anneal_seconds"": 13.208}",False,
case_053,1,1,2,capls,sa2,0,0.007,15.269,True,762634,6668650,1685928,4982722,9663938,,,4,1472686,,1.9310521167427626,"{""anneal"": true, ""anneal_seconds"": 13.208}",True,
case_053,1,1,2,capls,sa3,0,0.007,16.687,True,768968,6348262,1365540,4982722,9343550,,,3,1472686,,1.915146013878341,"{""anneal"": true, ""anneal_seconds"": 13.208}",False,
case_053,1,1,2,capls,_best,0,,15.269,True,762634,6668650,,,,,,4,1472686,,1.9310521167427626,"{""anneal"": true}",True,results\plans\case_053_p1_n2_capls_best.json
case_055,1,1,3,capls,c0,0,0.048,0.463,True,43655,115712,115712,0,741522,,,3,118835,,2.7221395029206277,"{""block_cap"": 0.35}",False,
case_055,1,1,3,capls,c1,0,0.059,0.241,True,58411,682088,682088,0,1307898,,,8,118835,,2.0344626868226876,"{""block_cap"": 0.15}",False,
case_055,1,1,3,capls,c2,0,0.106,0.339,True,41916,99328,99328,0,725138,,,3,118835,,2.8350749117282183,"{""block_cap"": 0.35, ""init"": ""rr""}",False,
case_055,1,1,3,capls,c3,0,0.124,0.423,True,38093,32768,32768,0,658578,,,3,118835,,3.119602026619064,"{""block_cap"": 0.35, ""init"": ""contig""}",True,
case_055,1,1,3,capls,c4,0,0.035,0.245,True,47419,247808,247808,0,873618,,,24,118835,,2.506062970539235,"{""block_cap"": 0.35, ""subgraph_mode"": ""block""}",False,
case_055,1,1,3,capls,c5,0,0.104,0.224,True,46756,247808,247808,0,873618,,,24,118835,,2.541598939173582,"{""block_cap"": 0.35, ""init"": ""rr"", ""subgraph_mode"": ""block""}",False,
case_055,1,1,3,capls,c6,0,0.047,0.463,True,43655,115712,115712,0,741522,,,3,118835,,2.7221395029206277,"{""block_cap"": 0.6, ""comm_weight"": 1e-06}",False,
case_055,1,1,3,capls,c7,0,0.058,0.805,True,57142,835170,835170,0,1460980,,,8,118835,,2.0796436946554198,"{""block_cap"": 0.08}",False,
case_055,1,1,3,capls,c8,0,0.296,0.338,True,66374,1457324,1457324,0,2083134,,,23,118835,,1.7903847892246965,"{""block_cap"": 0.005}",False,
case_055,1,1,3,capls,c9,0,0.043,0.463,True,43655,115712,115712,0,741522,,,3,118835,,2.7221395029206277,"{""block_cap"": 0.35, ""max_ops"": 2000}",False,
case_055,1,1,3,capls,c10,0,0.046,0.451,True,62061,57856,57856,0,683666,,,2,118835,,1.9148096227904803,"{""block_cap"": 0.35, ""cores_used"": 2}",False,
case_055,1,1,3,capls,c11,0,0.01,0.468,True,118835,69632,0,69632,695442,,,1,118835,,1.0,"{""block_cap"": 0.35, ""cores_used"": 1}",False,
case_055,1,1,3,capls,c12,0,0.128,0.339,True,41916,99328,99328,0,725138,,,3,118835,,2.8350749117282183,"{""block_cap"": 0.35, ""init"": ""rr"", ""level_mode"": ""alap_fill""}",False,
case_055,1,1,3,capls,c13,0,0.11,0.339,True,41916,99328,99328,0,725138,,,3,118835,,2.8350749117282183,"{""block_cap"": 0.35, ""init"": ""rr"", ""level_mode"": ""alap_compress""}",False,
case_055,1,1,3,capls,sa1,0,0.457,0.449,True,43620,200724,200724,0,826534,,,4,118835,,2.7243237047226043,"{""anneal"": true, ""anneal_seconds"": 8.536}",False,
case_055,1,1,3,capls,sa2,0,0.001,0.502,True,45013,156380,156380,0,782190,,,4,118835,,2.6400151067469397,"{""anneal"": true, ""anneal_seconds"": 8.536}",False,
case_055,1,1,3,capls,sa3,0,0.38,0.379,True,44280,324336,324336,0,950146,,,5,118835,,2.683717253839205,"{""anneal"": true, ""anneal_seconds"": 8.536}",False,
case_055,1,1,3,capls,_best,0,0.122,0.423,True,38093,32768,32768,0,658578,,,3,118835,,3.119602026619064,"{""block_cap"": 0.35, ""init"": ""contig""}",True,results\plans\case_055_p1_n3_capls_best.json
case_053,1,1,3,capls,c0,0,0.44,8.112,True,887349,6967974,2676486,4291488,9963262,,,8,1472686,,1.6596468807650653,"{""block_cap"": 0.35}",False,
case_053,1,1,3,capls,c1,0,0.859,4.419,True,679492,9094058,4802570,4291488,12089346,,,41,1472686,,2.167333831744892,"{""block_cap"": 0.15}",False,
case_053,1,1,3,capls,c2,0,0.96,6.3,True,891841,7227848,2936360,4291488,10223136,,,9,1472686,,1.6512876174116238,"{""block_cap"": 0.35, ""init"": ""rr""}",False,
case_053,1,1,3,capls,c3,0,0.71,16.247,True,817264,6452024,2136856,4315168,9447312,,,4,1472686,,1.8019709665420232,"{""block_cap"": 0.35, ""init"": ""contig""}",False,
case_053,1,1,3,capls,c4,0,0.463,6.671,True,864736,12053858,12053858,0,15049146,,,57,1472686,,1.7030469414942826,"{""block_cap"": 0.35, ""subgraph_mode"": ""block""}",False,
case_053,1,1,3,capls,c5,0,0.895,6.725,True,871910,12053858,12053858,0,15049146,,,57,1472686,,1.6890344186900024,"{""block_cap"": 0.35, ""init"": ""rr"", ""subgraph_mode"": ""block""}",False,
case_053,1,1,3,capls,c6,0,0.44,12.35,True,997371,6731806,2440318,4291488,9727094,,,6,1472686,,1.4765678970012162,"{""block_cap"": 0.6, ""comm_weight"": 1e-06}",False,
case_053,1,1,3,capls,c7,0,0.939,5.405,True,811210,11611070,11611070,0,14606358,,,153,1472686,,1.8154189420741855,"{""block_cap"": 0.08}",False,
case_053,1,1,3,capls,sa1,0,3.837,3.785,True,669050,9317354,5025866,4291488,12312642,,,46,1472686,,2.2011598535236527,"{""anneal"": true, ""anneal_seconds"": 3.699}",True,
case_053,1,1,3,capls,sa2,0,3.918,3.903,True,669050,9260042,4968554,4291488,12255330,,,45,1472686,,2.2011598535236527,"{""anneal"": true, ""anneal_seconds"": 3.699}",False,
case_053,1,1,3,capls,sa3,0,3.94,3.921,True,669178,9327722,5036234,4291488,12323010,,,47,1472686,,2.200738816876825,"{""anneal"": true, ""anneal_seconds"": 3.699}",False,
case_053,1,1,3,capls,_best,0,,3.785,True,669050,9317354,,,,,,46,1472686,,2.2011598535236527,"{""anneal"": true}",True,results\plans\case_053_p1_n3_capls_best.json
case_055,1,1,2,capls,c0,0,0.047,0.453,True,62061,57856,57856,0,683666,,,2,118835,,1.9148096227904803,"{""block_cap"": 0.35}",False,
case_055,1,1,2,capls,c1,0,0.045,0.665,True,78890,472654,472654,0,1098464,,,5,118835,,1.506337938902269,"{""block_cap"": 0.15}",False,
case_055,1,1,2,capls,c2,0,0.046,0.429,True,64398,74240,57856,16384,700050,,,2,118835,,1.8453212832696668,"{""block_cap"": 0.35, ""init"": ""rr""}",False,
case_055,1,1,2,capls,c3,0,0.053,0.455,True,61376,57344,16384,40960,683154,,,2,118835,,1.9361802659019813,"{""block_cap"": 0.35, ""init"": ""contig""}",False,
case_055,1,1,2,capls,c4,0,0.043,0.205,True,67575,247808,247808,0,873618,,,24,118835,,1.758564557898631,"{""block_cap"": 0.35, ""subgraph_mode"": ""block""}",False,
case_055,1,1,2,capls,c5,0,0.045,0.233,True,70025,247808,247808,0,873618,,,24,118835,,1.697036772581221,"{""block_cap"": 0.35, ""init"": ""rr"", ""subgraph_mode"": ""block""}",False,
case_055,1,1,2,capls,c6,0,0.041,0.417,True,58624,49152,0,49152,674962,,,2,118835,,2.0270708242358078,"{""block_cap"": 0.6, ""comm_weight"": 1e-06}",False,
case_055,1,1,2,capls,c7,0,0.05,0.399,True,77044,570968,570968,0,1196778,,,5,118835,,1.5424302995690775,"{""block_cap"": 0.08}",False,
case_055,1,1,2,capls,c8,0,0.135,0.31,True,92905,1216634,1216634,0,1842444,,,16,118835,,1.2791023088100748,"{""block_cap"": 0.005}",False,
case_055,1,1,2,capls,c9,0,0.045,0.453,True,62061,57856,57856,0,683666,,,2,118835,,1.9148096227904803,"{""block_cap"": 0.35, ""max_ops"": 2000}",False,
case_055,1,1,2,capls,c10,0,0.011,0.395,True,118835,69632,0,69632,695442,,,1,118835,,1.0,"{""block_cap"": 0.35, ""cores_used"": 1}",False,
case_055,1,1,2,capls,c11,0,0.012,0.395,True,118835,69632,0,69632,695442,,,1,118835,,1.0,"{""block_cap"": 0.35, ""cores_used"": 1}",False,
case_055,1,1,2,capls,c12,0,0.047,0.429,True,64398,74240,57856,16384,700050,,,2,118835,,1.8453212832696668,"{""block_cap"": 0.35, ""init"": ""rr"", ""level_mode"": ""alap_fill""}",False,
case_055,1,1,2,capls,c13,0,0.046,0.429,True,64398,74240,57856,16384,700050,,,2,118835,,1.8453212832696668,"{""block_cap"": 0.35, ""init"": ""rr"", ""level_mode"": ""alap_compress""}",False,
case_055,1,1,2,capls,sa1,0,0.001,0.462,True,57684,220350,171198,49152,846160,,,3,118835,,2.060103321544969,"{""anneal"": true, ""anneal_seconds"": 16.726}",True,
case_055,1,1,2,capls,sa2,0,0.001,0.488,True,64271,190530,190530,0,816340,,,3,118835,,1.8489676525960386,"{""anneal"": true, ""anneal_seconds"": 16.726}",False,
case_055,1,1,2,capls,sa3,0,0.001,0.492,True,116167,49152,0,49152,674962,,,2,118835,,1.0229669355324662,"{""anneal"": true, ""anneal_seconds"": 16.726}",False,
case_055,1,1,2,capls,_best,0,,0.462,True,57684,220350,,,,,,3,118835,,2.060103321544969,"{""anneal"": true}",True,results\plans\case_055_p1_n2_capls_best.json
case_055,1,1,4,capls,c0,0,0.113,0.401,True,46623,588912,588912,0,1214722,,,10,118835,,2.5488492803980867,"{""block_cap"": 0.35}",False,
case_055,1,1,4,capls,c1,0,0.152,0.693,True,45870,622716,622716,0,1248526,,,12,118835,,2.590691083496839,"{""block_cap"": 0.15}",False,
case_055,1,1,4,capls,c2,0,0.139,0.377,True,49162,681602,681602,0,1307412,,,11,118835,,2.417212481184655,"{""block_cap"": 0.35, ""init"": ""rr""}",False,
case_055,1,1,4,capls,c3,0,0.108,0.329,True,57522,598132,598132,0,1223942,,,12,118835,,2.065905218872779,"{""block_cap"": 0.35, ""init"": ""contig""}",False,
case_055,1,1,4,capls,c4,0,0.081,0.305,True,70020,1116924,1116924,0,1742734,,,86,118835,,1.697157954870037,"{""block_cap"": 0.35, ""subgraph_mode"": ""block""}",False,
case_055,1,1,4,capls,c5,0,0.116,0.216,True,63887,1116924,1116924,0,1742734,,,86,118835,,1.8600810806580368,"{""block_cap"": 0.35, ""init"": ""rr"", ""subgraph_mode"": ""block""}",False,
case_055,1,1,4,capls,c6,0,0.039,0.441,True,31823,115712,115712,0,741522,,,4,118835,,3.7342488137510608,"{""block_cap"": 0.6, ""comm_weight"": 1e-06}",True,
case_055,1,1,4,capls,c7,0,0.152,0.39,True,40017,620658,620658,0,1246468,,,11,118835,,2.9696129145113326,"{""block_cap"": 0.08}",False,
case_055,1,1,4,capls,c8,0,0.29,0.278,True,69176,1517576,1517576,0,2143386,,,34,118835,,1.7178645773100498,"{""block_cap"": 0.005}",False,
case_055,1,1,4,capls,c9,0,0.097,0.401,True,46623,588912,588912,0,1214722,,,10,118835,,2.5488492803980867,"{""block_cap"": 0.35, ""max_ops"": 2000}",False,
case_055,1,1,4,capls,c10,0,0.039,0.313,True,43655,115712,115712,0,741522,,,3,118835,,2.7221395029206277,"{""block_cap"": 0.35, ""cores_used"": 3}",False,
case_055,1,1,4,capls,c11,0,0.036,0.389,True,62061,57856,57856,0,683666,,,2,118835,,1.9148096227904803,"{""block_cap"": 0.35, ""cores_used"": 2}",False,
case_055,1,1,4,capls,c12,0,0.136,0.371,True,41756,1132552,1132552,0,1758362,,,12,118835,,2.8459383082670753,"{""block_cap"": 0.35, ""init"": ""rr"", ""level_mode"": ""alap_fill""}",False,
case_055,1,1,4,capls,c13,0,0.117,0.371,True,41756,1132552,1132552,0,1758362,,,12,118835,,2.8459383082670753,"{""block_cap"": 0.35, ""init"": ""rr"", ""level_mode"": ""alap_compress""}",False,
case_055,1,1,4,capls,sa1,0,0.001,0.52,True,31823,316952,316952,0,942762,,,5,118835,,3.7342488137510608,"{""anneal"": true, ""anneal_seconds"": 5.244}",False,
case_055,1,1,4,capls,sa2,0,0.001,0.495,True,31823,287416,287416,0,913226,,,5,118835,,3.7342488137510608,"{""anneal"": true, ""anneal_seconds"": 5.244}",False,
case_055,1,1,4,capls,sa3,0,0.001,0.468,True,31823,230444,230444,0,856254,,,5,118835,,3.7342488137510608,"{""anneal"": true, ""anneal_seconds"": 5.244}",False,
case_055,1,1,4,capls,_best,0,0.042,0.441,True,31823,115712,115712,0,741522,,,4,118835,,3.7342488137510608,"{""block_cap"": 0.6, ""comm_weight"": 1e-06}",True,results\plans\case_055_p1_n4_capls_best.json
case_054,1,1,3,capls,c0,0,0.826,7.05,True,364389,2171082,2171082,0,3777358,,,62,815051,,2.236760714511141,"{""block_cap"": 0.35}",True,
case_054,1,1,3,capls,c1,0,1.007,7.05,True,364389,2171082,2171082,0,3777358,,,62,815051,,2.236760714511141,"{""block_cap"": 0.15}",False,
case_054,1,1,3,capls,c2,0,1.61,6.235,True,429375,2395612,2395612,0,4001888,,,48,815051,,1.8982264919941776,"{""block_cap"": 0.35, ""init"": ""rr""}",False,
case_054,1,1,3,capls,c3,0,1.327,18.862,True,695254,735706,726490,9216,2341982,,,9,815051,,1.172306811611296,"{""block_cap"": 0.35, ""init"": ""contig""}",False,
case_054,1,1,3,capls,sa1,0,6.065,6.007,True,364581,2204586,2204586,0,3810862,,,64,815051,,2.2355827648725524,"{""anneal"": true, ""anneal_seconds"": 3.836}",False,
case_054,1,1,3,capls,sa2,0,0.018,6.888,True,364389,2188746,2188746,0,3795022,,,63,815051,,2.236760714511141,"{""anneal"": true, ""anneal_seconds"": 3.836}",False,
case_054,1,1,3,capls,sa3,0,5.771,5.753,True,364599,2213802,2213802,0,3820078,,,65,815051,,2.235472395700482,"{""anneal"": true, ""anneal_seconds"": 3.836}",False,
case_054,1,1,3,capls,_best,0,0.702,7.05,True,364389,2171082,2171082,0,3777358,,,62,815051,,2.236760714511141,"{""block_cap"": 0.35}",True,results\plans\case_054_p1_n3_capls_best.json
case_055,1,1,5,capls,c0,0,0.123,0.308,True,37594,555628,555628,0,1181438,,,14,118835,,3.1610097355961058,"{""block_cap"": 0.35}",False,
case_055,1,1,5,capls,c1,0,0.131,0.263,True,43932,458836,458836,0,1084646,,,12,118835,,2.7049758718018757,"{""block_cap"": 0.15}",False,
case_055,1,1,5,capls,c2,0,0.147,0.281,True,42229,874670,874670,0,1500480,,,15,118835,,2.8140614269814583,"{""block_cap"": 0.35, ""init"": ""rr""}",False,
case_055,1,1,5,capls,c3,0,0.105,0.377,True,27678,86528,74240,12288,712338,,,5,118835,,4.293482188019365,"{""block_cap"": 0.35, ""init"": ""contig""}",False,
case_055,1,1,5,capls,c4,0,0.139,0.329,True,58883,1116924,1116924,0,1742734,,,86,118835,,2.0181546456532446,"{""block_cap"": 0.35, ""subgraph_mode"": ""block""}",False,
case_055,1,1,5,capls,c5,0,0.139,0.216,True,58951,1116924,1116924,0,1742734,,,86,118835,,2.015826703533443,"{""block_cap"": 0.35, ""init"": ""rr"", ""subgraph_mode"": ""block""}",False,
case_055,1,1,5,capls,c6,0,0.062,0.393,True,26800,198656,198656,0,824466,,,5,118835,,4.434141791044776,"{""block_cap"": 0.6, ""comm_weight"": 1e-06}",True,
case_055,1,1,5,capls,c7,0,0.167,0.268,True,37123,580196,580196,0,1206006,,,12,118835,,3.2011152115938906,"{""block_cap"": 0.08}",False,
case_055,1,1,5,capls,c8,0,0.327,0.856,True,59805,1302844,1302844,0,1928654,,,50,118835,,1.9870412172895242,"{""block_cap"": 0.005}",False,
case_055,1,1,5,capls,c9,0,0.167,0.308,True,37594,555628,555628,0,1181438,,,14,118835,,3.1610097355961058,"{""block_cap"": 0.35, ""max_ops"": 2000}",False,
case_055,1,1,5,capls,c10,0,0.1,0.251,True,46623,588912,588912,0,1214722,,,10,118835,,2.5488492803980867,"{""block_cap"": 0.35, ""cores_used"": 4}",False,
case_055,1,1,5,capls,c11,0,0.046,0.306,True,62061,57856,57856,0,683666,,,2,118835,,1.9148096227904803,"{""block_cap"": 0.35, ""cores_used"": 2}",False,
case_055,1,1,5,capls,c12,0,0.159,0.401,True,39688,1324274,1324274,0,1950084,,,15,118835,,2.9942299939528323,"{""block_cap"": 0.35, ""init"": ""rr"", ""level_mode"": ""alap_fill""}",False,
case_055,1,1,5,capls,c13,0,0.167,0.401,True,39688,1324274,1324274,0,1950084,,,15,118835,,2.9942299939528323,"{""block_cap"": 0.35, ""init"": ""rr"", ""level_mode"": ""alap_compress""}",False,
case_055,1,1,5,capls,sa1,0,0.001,0.477,True,26800,346116,346116,0,971926,,,6,118835,,4.434141791044776,"{""anneal"": true, ""anneal_seconds"": 4.145}",False,
case_055,1,1,5,capls,sa2,0,0.001,0.836,True,27326,284700,284700,0,910510,,,6,118835,,4.348788699407158,"{""anneal"": true, ""anneal_seconds"": 4.145}",False,
case_055,1,1,5,capls,sa3,0,0.001,0.522,True,27350,435264,435264,0,1061074,,,6,118835,,4.3449725776965265,"{""anneal"": true, ""anneal_seconds"": 4.145}",False,
case_055,1,1,5,capls,_best,0,0.056,0.393,True,26800,198656,198656,0,824466,,,5,118835,,4.434141791044776,"{""block_cap"": 0.6, ""comm_weight"": 1e-06}",True,results\plans\case_055_p1_n5_capls_best.json
case_057,1,1,2,capls,c0,0,0.037,0.218,True,39818,243028,243028,0,585488,,,4,59726,,1.4999748857300719,"{""block_cap"": 0.35}",False,
case_057,1,1,2,capls,c1,0,0.03,0.231,True,34834,514434,514434,0,856894,,,6,59726,,1.7145891944651777,"{""block_cap"": 0.15}",False,
case_057,1,1,2,capls,c2,0,0.043,0.227,True,43772,658320,658320,0,1000780,,,6,59726,,1.3644795759846478,"{""block_cap"": 0.35, ""init"": ""rr""}",False,
case_057,1,1,2,capls,c3,0,0.041,0.238,True,34583,73508,73508,0,415968,,,4,59726,,1.7270335135760344,"{""block_cap"": 0.35, ""init"": ""contig""}",False,
case_057,1,1,2,capls,c4,0,0.043,0.246,True,66543,842904,842904,0,1185364,,,92,59726,,0.8975549644590716,"{""block_cap"": 0.35, ""subgraph_mode"": ""block""}",False,
case_057,1,1,2,capls,c5,0,0.026,0.25,True,68477,842904,842904,0,1185364,,,92,59726,,0.8722052660017232,"{""block_cap"": 0.35, ""init"": ""rr"", ""subgraph_mode"": ""block""}",False,
case_057,1,1,2,capls,c6,0,0.016,0.231,True,33614,0,0,0,342460,,,2,59726,,1.776819182483489,"{""block_cap"": 0.6, ""comm_weight"": 1e-06}",True,
case_057,1,1,2,capls,c7,0,0.027,0.232,True,37461,531330,531330,0,873790,,,6,59726,,1.5943514588505379,"{""block_cap"": 0.08}",False,
case_057,1,1,2,capls,c8,0,0.074,0.282,True,52626,1226768,1226768,0,1569228,,,23,59726,,1.134914300915897,"{""block_cap"": 0.005}",False,
case_057,1,1,2,capls,c9,0,0.037,0.218,True,39818,243028,243028,0,585488,,,4,59726,,1.4999748857300719,"{""block_cap"": 0.35, ""max_ops"": 2000}",False,
case_057,1,1,2,capls,c10,0,0.007,0.264,True,59726,94216,0,94216,436676,,,1,59726,,1.0,"{""block_cap"": 0.35, ""cores_used"": 1}",False,
case_057,1,1,2,capls,c11,0,0.008,0.264,True,59726,94216,0,94216,436676,,,1,59726,,1.0,"{""block_cap"": 0.35, ""cores_used"": 1}",False,
case_057,1,1,2,capls,c12,0,0.033,0.263,True,35495,816766,816766,0,1159226,,,6,59726,,1.6826595295111988,"{""block_cap"": 0.35, ""init"": ""rr"", ""level_mode"": ""alap_fill""}",False,
case_057,1,1,2,capls,c13,0,0.028,0.263,True,35495,816766,816766,0,1159226,,,6,59726,,1.6826595295111988,"{""block_cap"": 0.35, ""init"": ""rr"", ""level_mode"": ""alap_compress""}",False,
case_057,1,1,2,capls,sa1,0,0.001,0.285,True,33784,217108,217108,0,559568,,,3,59726,,1.7678782855789723,"{""anneal"": true, ""anneal_seconds"": 5.965}",False,
case_057,1,1,2,capls,sa2,0,0.261,0.256,True,33614,164658,164658,0,507118,,,3,59726,,1.776819182483489,"{""anneal"": true, ""anneal_seconds"": 5.965}",False,
case_057,1,1,2,capls,sa3,0,0.219,0.217,True,33614,279520,279520,0,621980,,,3,59726,,1.776819182483489,"{""anneal"": true, ""anneal_seconds"": 5.965}",False,
case_057,1,1,2,capls,_best,0,0.016,0.231,True,33614,0,0,0,342460,,,2,59726,,1.776819182483489,"{""block_cap"": 0.6, ""comm_weight"": 1e-06}",True,results\plans\case_057_p1_n2_capls_best.json
case_057,1,1,3,capls,c0,0,0.071,0.228,True,32503,757966,757966,0,1100426,,,9,59726,,1.8375534566040057,"{""block_cap"": 0.35}",False,
case_057,1,1,3,capls,c1,0,0.061,0.238,True,31072,592786,592786,0,935246,,,9,59726,,1.9221807415036045,"{""block_cap"": 0.15}",False,
case_057,1,1,3,capls,c2,0,0.045,0.243,True,31844,911060,911060,0,1253520,,,9,59726,,1.8755809571661852,"{""block_cap"": 0.35, ""init"": ""rr""}",False,
case_057,1,1,3,capls,c3,0,0.042,0.229,True,26147,118852,118852,0,461312,,,6,59726,,2.2842391096492904,"{""block_cap"": 0.35, ""init"": ""contig""}",True,
case_057,1,1,3,capls,c4,0,0.044,0.229,True,64191,842904,842904,0,1185364,,,92,59726,,0.9304419622688539,"{""block_cap"": 0.35, ""subgraph_mode"": ""block""}",False,
case_057,1,1,3,capls,c5,0,0.052,0.231,True,63504,842904,842904,0,1185364,,,92,59726,,0.9405076845553036,"{""block_cap"": 0.35, ""init"": ""rr"", ""subgraph_mode"": ""block""}",False,
case_057,1,1,3,capls,c6,0,0.033,0.214,True,27266,313248,313248,0,655708,,,6,59726,,2.1904936551015917,"{""block_cap"": 0.6, ""comm_weight"": 1e-06}",False,
case_057,1,1,3,capls,c7,0,0.09,0.212,True,30663,439176,439176,0,781636,,,9,59726,,1.9478198480253073,"{""block_cap"": 0.08}",False,
case_057,1,1,3,capls,c8,0,0.254,0.267,True,41616,1143932,1143932,0,1486392,,,27,59726,,1.435169165705498,"{""block_cap"": 0.005}",False,
case_057,1,1,3,capls,c9,0,0.066,0.228,True,32503,757966,757966,0,1100426,,,9,59726,,1.8375534566040057,"{""block_cap"": 0.35, ""max_ops"": 2000}",False,
case_057,1,1,3,capls,c10,0,0.046,0.219,True,39818,243028,243028,0,585488,,,4,59726,,1.4999748857300719,"{""block_cap"": 0.35, ""cores_used"": 2}",False,
case_057,1,1,3,capls,c11,0,0.008,0.611,True,59726,94216,0,94216,436676,,,1,59726,,1.0,"{""block_cap"": 0.35, ""cores_used"": 1}",False,
case_057,1,1,3,capls,c12,0,0.067,0.262,True,29540,970546,970546,0,1313006,,,9,59726,,2.02186865267434,"{""block_cap"": 0.35, ""init"": ""rr"", ""level_mode"": ""alap_fill""}",False,
case_057,1,1,3,capls,c13,0,0.072,0.262,True,29540,970546,970546,0,1313006,,,9,59726,,2.02186865267434,"{""block_cap"": 0.35, ""init"": ""rr"", ""level_mode"": ""alap_compress""}",False,
case_057,1,1,3,capls,sa1,0,0.239,0.238,True,26147,450648,450648,0,793108,,,10,59726,,2.2842391096492904,"{""anneal"": true, ""anneal_seconds"": 0.737}",False,
case_057,1,1,3,capls,sa2,0,0.235,0.234,True,26147,417880,417880,0,760340,,,9,59726,,2.2842391096492904,"{""anneal"": true, ""anneal_seconds"": 0.737}",False,
case_057,1,1,3,capls,sa3,0,0.158,0.157,True,26454,454744,454744,0,797204,,,10,59726,,2.2577303999395175,"{""anneal"": true, ""anneal_seconds"": 0.737}",False,
case_057,1,1,3,capls,_best,0,0.044,0.229,True,26147,118852,118852,0,461312,,,6,59726,,2.2842391096492904,"{""block_cap"": 0.35, ""init"": ""contig""}",True,results\plans\case_057_p1_n3_capls_best.json
case_056,1,1,2,capls,c0,0,0.314,2.086,True,280609,570190,570190,0,791790,,,16,277285,,0.9881543357483188,"{""block_cap"": 0.35}",False,
case_056,1,1,2,capls,c1,0,0.261,2.086,True,280609,570190,570190,0,791790,,,16,277285,,0.9881543357483188,"{""block_cap"": 0.15}",False,
case_056,1,1,2,capls,c2,0,0.326,2.437,True,160760,1511624,1511624,0,1733224,,,28,277285,,1.724838268225927,"{""block_cap"": 0.35, ""init"": ""rr""}",True,
case_056,1,1,2,capls,c3,0,0.355,5.711,True,273544,95162,95162,0,316762,,,4,277285,,1.0136760448044921,"{""block_cap"": 0.35, ""init"": ""contig""}",False,
case_056,1,1,2,capls,c4,0,0.221,3.021,True,204422,1632002,1632002,0,1853602,,,336,277285,,1.3564342389762354,"{""block_cap"": 0.35, ""subgraph_mode"": ""block""}",False,
case_056,1,1,2,capls,c5,0,0.441,3.496,True,203103,1632002,1632002,0,1853602,,,336,277285,,1.3652432509613348,"{""block_cap"": 0.35, ""init"": ""rr"", ""subgraph_mode"": ""block""}",False,
case_056,1,1,2,capls,c6,0,0.143,4.109,True,271934,241428,241428,0,463028,,,5,277285,,1.0196775688218465,"{""block_cap"": 0.6, ""comm_weight"": 1e-06}",False,
case_056,1,1,2,capls,c7,0,0.199,2.086,True,280609,570190,570190,0,791790,,,16,277285,,0.9881543357483188,"{""block_cap"": 0.08}",False,
case_056,1,1,2,capls,sa1,0,2.495,2.467,True,161474,1614282,1614282,0,1835882,,,29,277285,,1.7172114396125693,"{""anneal"": true, ""anneal_seconds"": 2.7}",False,
case_056,1,1,2,capls,sa2,0,2.278,2.264,True,162468,1728074,1728074,0,1949674,,,30,277285,,1.7067053204323313,"{""anneal"": true, ""anneal_seconds"": 2.7}",False,
case_056,1,1,2,capls,sa3,0,2.326,2.312,True,162828,1777994,1777994,0,1999594,,,31,277285,,1.7029319281696023,"{""anneal"": true, ""anneal_seconds"": 2.7}",False,
case_056,1,1,2,capls,_best,0,0.356,2.437,True,160760,1511624,1511624,0,1733224,,,28,277285,,1.724838268225927,"{""block_cap"": 0.35, ""init"": ""rr""}",True,results\plans\case_056_p1_n2_capls_best.json
case_054,1,1,4,capls,c0,0,1.161,7.779,True,322714,2965784,2965784,0,4572060,,,84,815051,,2.525614011167783,"{""block_cap"": 0.35}",False,
case_054,1,1,4,capls,c1,0,1.011,7.779,True,322714,2965784,2965784,0,4572060,,,84,815051,,2.525614011167783,"{""block_cap"": 0.15}",False,
case_054,1,1,4,capls,c2,0,2.465,6.496,True,275253,2564814,2564814,0,4171090,,,88,815051,,2.9610976083821066,"{""block_cap"": 0.35, ""init"": ""rr""}",True,
case_054,1,1,4,capls,c3,0,1.96,14.854,True,576117,1038884,1038884,0,2645160,,,12,815051,,1.4147317298395985,"{""block_cap"": 0.35, ""init"": ""contig""}",False,
case_054,1,1,4,capls,sa1,0,5.802,5.745,True,275253,2564814,2564814,0,4171090,,,88,815051,,2.9610976083821066,"{""anneal"": true, ""anneal_seconds"": 3.718}",False,
case_054,1,1,4,capls,sa2,0,6.1,6.085,True,275283,2572336,2572336,0,4178612,,,90,815051,,2.960774911636389,"{""anneal"": true, ""anneal_seconds"": 3.718}",False,
case_054,1,1,4,capls,sa3,0,6.0,5.978,True,275293,2572206,2572206,0,4178482,,,89,815051,,2.960667361683733,"{""anneal"": true, ""anneal_seconds"": 3.718}",False,
case_054,1,1,4,capls,_best,0,2.201,6.496,True,275253,2564814,2564814,0,4171090,,,88,815051,,2.9610976083821066,"{""block_cap"": 0.35, ""init"": ""rr""}",True,results\plans\case_054_p1_n4_capls_best.json
case_054,1,1,5,capls,c0,0,1.465,6.462,True,283445,3069390,3069390,0,4675666,,,99,815051,,2.8755172961244684,"{""block_cap"": 0.35}",True,
case_054,1,1,5,capls,c1,0,1.245,6.462,True,283445,3069390,3069390,0,4675666,,,99,815051,,2.8755172961244684,"{""block_cap"": 0.15}",False,
case_054,1,1,5,capls,c2,0,2.362,7.355,True,290837,2979518,2979518,0,4585794,,,110,815051,,2.802432290251928,"{""block_cap"": 0.35, ""init"": ""rr""}",False,
case_054,1,1,5,capls,c3,0,1.902,13.853,True,589721,755230,755230,0,2361506,,,10,815051,,1.3820959402836257,"{""block_cap"": 0.35, ""init"": ""contig""}",False,
case_054,1,1,5,capls,sa1,0,6.341,6.277,True,285934,3178640,3178640,0,4784916,,,101,815051,,2.850486475900033,"{""anneal"": true, ""anneal_seconds"": 4.153}",False,
case_054,1,1,5,capls,sa2,0,6.58,6.564,True,285934,3178640,3178640,0,4784916,,,102,815051,,2.850486475900033,"{""anneal"": true, ""anneal_seconds"": 4.153}",False,
case_054,1,1,5,capls,sa3,0,6.425,6.409,True,286216,3178640,3178640,0,4784916,,,100,815051,,2.84767797747156,"{""anneal"": true, ""anneal_seconds"": 4.153}",False,
case_054,1,1,5,capls,_best,0,1.238,6.462,True,283445,3069390,3069390,0,4675666,,,99,815051,,2.8755172961244684,"{""block_cap"": 0.35}",True,results\plans\case_054_p1_n5_capls_best.json
case_057,1,1,4,capls,c0,0,0.114,0.183,True,24917,485524,485524,0,827984,,,12,59726,,2.396998033471124,"{""block_cap"": 0.35}",False,
case_057,1,1,4,capls,c1,0,0.11,0.182,True,24310,517272,517272,0,859732,,,12,59726,,2.4568490333196213,"{""block_cap"": 0.15}",False,
case_057,1,1,4,capls,c2,0,0.108,0.227,True,24477,576956,576956,0,919416,,,12,59726,,2.4400866119213958,"{""block_cap"": 0.35, ""init"": ""rr""}",False,
case_057,1,1,4,capls,c3,0,0.12,0.217,True,22025,180060,180060,0,522520,,,7,59726,,2.7117366628830872,"{""block_cap"": 0.35, ""init"": ""contig""}",True,
case_057,1,1,4,capls,c4,0,0.09,0.253,True,47257,842904,842904,0,1185364,,,93,59726,,1.2638550902511798,"{""block_cap"": 0.35, ""subgraph_mode"": ""block""}",False,
case_057,1,1,4,capls,c5,0,0.098,0.229,True,45511,842904,842904,0,1185364,,,93,59726,,1.3123420711476346,"{""block_cap"": 0.35, ""init"": ""rr"", ""subgraph_mode"": ""block""}",False,
case_057,1,1,4,capls,c6,0,0.111,0.19,True,30017,517516,517516,0,859976,,,12,59726,,1.9897391478162374,"{""block_cap"": 0.6, ""comm_weight"": 1e-06}",False,
case_057,1,1,4,capls,c7,0,0.125,0.189,True,26310,548280,548280,0,890740,,,12,59726,,2.270087419232231,"{""block_cap"": 0.08}",False,
case_057,1,1,4,capls,c8,0,0.333,0.211,True,57417,1904054,1904054,0,2246514,,,46,59726,,1.0402145705975583,"{""block_cap"": 0.005}",False,
case_057,1,1,4,capls,c9,0,0.181,0.183,True,24917,485524,485524,0,827984,,,12,59726,,2.396998033471124,"{""block_cap"": 0.35, ""max_ops"": 2000}",False,
case_057,1,1,4,capls,c10,0,0.069,0.234,True,32503,757966,757966,0,1100426,,,9,59726,,1.8375534566040057,"{""block_cap"": 0.35, ""cores_used"": 3}",False,
case_057,1,1,4,capls,c11,0,0.032,0.643,True,39818,243028,243028,0,585488,,,4,59726,,1.4999748857300719,"{""block_cap"": 0.35, ""cores_used"": 2}",False,
case_057,1,1,4,capls,c12,0,0.086,0.258,True,26333,1000392,1000392,0,1342852,,,12,59726,,2.2681046595526526,"{""block_cap"": 0.35, ""init"": ""rr"", ""level_mode"": ""alap_fill""}",False,
case_057,1,1,4,capls,c13,0,0.113,0.258,True,26333,1000392,1000392,0,1342852,,,12,59726,,2.2681046595526526,"{""block_cap"": 0.35, ""init"": ""rr"", ""level_mode"": ""alap_compress""}",False,
case_057,1,1,4,capls,sa1,0,0.001,0.517,True,22025,221020,221020,0,563480,,,8,59726,,2.7117366628830872,"{""anneal"": true, ""anneal_seconds"": 1.103}",False,
case_057,1,1,4,capls,sa2,0,0.193,0.192,True,22606,235356,235356,0,577816,,,8,59726,,2.6420419357692646,"{""anneal"": true, ""anneal_seconds"": 1.103}",False,
case_057,1,1,4,capls,sa3,0,0.001,0.23,True,22606,276316,276316,0,618776,,,9,59726,,2.6420419357692646,"{""anneal"": true, ""anneal_seconds"": 1.103}",False,
case_057,1,1,4,capls,_best,0,0.136,0.217,True,22025,180060,180060,0,522520,,,7,59726,,2.7117366628830872,"{""block_cap"": 0.35, ""init"": ""contig""}",True,results\plans\case_057_p1_n4_capls_best.json
case_057,1,1,5,capls,c0,0,0.125,0.18,True,23880,312274,312274,0,654734,,,12,59726,,2.5010887772194303,"{""block_cap"": 0.35}",False,
case_057,1,1,5,capls,c1,0,0.116,0.231,True,23771,300448,300448,0,642908,,,12,59726,,2.5125573177401033,"{""block_cap"": 0.15}",False,
case_057,1,1,5,capls,c2,0,0.122,0.136,True,19779,271312,271312,0,613772,,,10,59726,,3.0196673239294203,"{""block_cap"": 0.35, ""init"": ""rr""}",False,
case_057,1,1,5,capls,c3,0,0.08,0.192,True,18596,168018,168018,0,510478,,,9,59726,,3.211765971176597,"{""block_cap"": 0.35, ""init"": ""contig""}",True,
case_057,1,1,5,capls,c4,0,0.085,0.24,True,40439,842904,842904,0,1185364,,,93,59726,,1.4769405771656074,"{""block_cap"": 0.35, ""subgraph_mode"": ""block""}",False,
case_057,1,1,5,capls,c5,0,0.084,0.223,True,43079,842904,842904,0,1185364,,,93,59726,,1.3864295828593978,"{""block_cap"": 0.35, ""init"": ""rr"", ""subgraph_mode"": ""block""}",False,
case_057,1,1,5,capls,c6,0,0.113,0.178,True,21444,327820,327820,0,670280,,,12,59726,,2.785207983585152,"{""block_cap"": 0.6, ""comm_weight"": 1e-06}",False,
case_057,1,1,5,capls,c7,0,0.133,0.18,True,23225,342422,342422,0,684882,,,13,59726,,2.571625403659849,"{""block_cap"": 0.08}",False,
case_057,1,1,5,capls,c8,0,0.272,0.42,True,58160,2257486,2257486,0,2599946,,,51,59726,,1.0269257221458046,"{""block_cap"": 0.005}",False,
case_057,1,1,5,capls,c9,0,0.085,0.18,True,23880,312274,312274,0,654734,,,12,59726,,2.5010887772194303,"{""block_cap"": 0.35, ""max_ops"": 2000}",False,
case_057,1,1,5,capls,c10,0,0.082,0.143,True,24917,485524,485524,0,827984,,,12,59726,,2.396998033471124,"{""block_cap"": 0.35, ""cores_used"": 4}",False,
case_057,1,1,5,capls,c11,0,0.027,0.205,True,39818,243028,243028,0,585488,,,4,59726,,1.4999748857300719,"{""block_cap"": 0.35, ""cores_used"": 2}",False,
case_057,1,1,5,capls,c12,0,0.085,0.233,True,19700,454552,454552,0,797012,,,10,59726,,3.031776649746193,"{""block_cap"": 0.35, ""init"": ""rr"", ""level_mode"": ""alap_fill""}",False,
case_057,1,1,5,capls,c13,0,0.087,0.233,True,19700,454552,454552,0,797012,,,10,59726,,3.031776649746193,"{""block_cap"": 0.35, ""init"": ""rr"", ""level_mode"": ""alap_compress""}",False,
case_057,1,1,5,capls,sa1,0,0.212,0.207,True,20217,466316,466316,0,808776,,,18,59726,,2.954246426274917,"{""anneal"": true, ""anneal_seconds"": 0.803}",False,
case_057,1,1,5,capls,sa2,0,0.216,0.215,True,19391,431500,431500,0,773960,,,17,59726,,3.0800887009437368,"{""anneal"": true, ""anneal_seconds"": 0.803}",False,
case_057,1,1,5,capls,sa3,0,0.249,0.248,True,20320,466336,466336,0,808796,,,19,59726,,2.939271653543307,"{""anneal"": true, ""anneal_seconds"": 0.803}",False,
case_057,1,1,5,capls,_best,0,0.101,0.192,True,18596,168018,168018,0,510478,,,9,59726,,3.211765971176597,"{""block_cap"": 0.35, ""init"": ""contig""}",True,results\plans\case_057_p1_n5_capls_best.json
case_056,1,1,3,capls,c0,0,0.344,2.055,True,190177,1089970,1089970,0,1311570,,,49,277285,,1.4580364607707557,"{""block_cap"": 0.35}",False,
case_056,1,1,3,capls,c1,0,0.346,2.055,True,190177,1089970,1089970,0,1311570,,,49,277285,,1.4580364607707557,"{""block_cap"": 0.15}",False,
case_056,1,1,3,capls,c2,0,0.574,2.677,True,157273,1716660,1716660,0,1938260,,,57,277285,,1.763080757663426,"{""block_cap"": 0.35, ""init"": ""rr""}",False,
case_056,1,1,3,capls,c3,0,0.617,4.256,True,278791,402436,402436,0,624036,,,8,277285,,0.99459810395601,"{""block_cap"": 0.35, ""init"": ""contig""}",False,
case_056,1,1,3,capls,c4,0,0.309,2.955,True,154127,1632002,1632002,0,1853602,,,336,277285,,1.7990683008168589,"{""block_cap"": 0.35, ""subgraph_mode"": ""block""}",False,
case_056,1,1,3,capls,c5,0,0.474,3.029,True,148748,1632002,1632002,0,1853602,,,336,277285,,1.864125904213838,"{""block_cap"": 0.35, ""init"": ""rr"", ""subgraph_mode"": ""block""}",False,
case_056,1,1,3,capls,c6,0,0.37,2.055,True,190177,1089970,1089970,0,1311570,,,49,277285,,1.4580364607707557,"{""block_cap"": 0.6, ""comm_weight"": 1e-06}",False,
case_056,1,1,3,capls,c7,0,0.385,2.055,True,190177,1089970,1089970,0,1311570,,,49,277285,,1.4580364607707557,"{""block_cap"": 0.08}",False,
case_056,1,1,3,capls,sa1,0,3.793,3.752,True,148138,3611410,3611410,0,3833010,,,407,277285,,1.8718019684348377,"{""anneal"": true, ""anneal_seconds"": 4.669}",False,
case_056,1,1,3,capls,sa2,0,3.97,3.956,True,148001,3607314,3607314,0,3828914,,,406,277285,,1.873534638279471,"{""anneal"": true, ""anneal_seconds"": 4.669}",True,
case_056,1,1,3,capls,sa3,0,4.016,3.997,True,148124,3607698,3607698,0,3829298,,,406,277285,,1.871978882557857,"{""anneal"": true, ""anneal_seconds"": 4.669}",False,
case_056,1,1,3,capls,_best,0,,3.956,True,148001,3607314,,,,,,406,277285,,1.873534638279471,"{""anneal"": true}",True,results\plans\case_056_p1_n3_capls_best.json
case_056,1,1,5,capls,c0,0,0.546,2.101,True,144461,1354560,1354560,0,1576160,,,75,277285,,1.919445386644146,"{""block_cap"": 0.35}",False,
case_056,1,1,5,capls,c1,0,0.492,2.101,True,144461,1354560,1354560,0,1576160,,,75,277285,,1.919445386644146,"{""block_cap"": 0.15}",False,
case_056,1,1,5,capls,c2,0,0.948,2.527,True,98991,1359730,1359730,0,1581330,,,95,277285,,2.8011132325160872,"{""block_cap"": 0.35, ""init"": ""rr""}",True,
case_056,1,1,5,capls,c3,0,1.111,3.361,True,277426,262290,262290,0,483890,,,13,277285,,0.9994917563602547,"{""block_cap"": 0.35, ""init"": ""contig""}",False,
case_056,1,1,5,capls,c4,0,0.562,3.07,True,144663,1632002,1632002,0,1853602,,,336,277285,,1.9167651714674796,"{""block_cap"": 0.35, ""subgraph_mode"": ""block""}",False,
case_056,1,1,5,capls,c5,0,1.045,3.24,True,119280,1632002,1632002,0,1853602,,,336,277285,,2.3246562709590877,"{""block_cap"": 0.35, ""init"": ""rr"", ""subgraph_mode"": ""block""}",False,
case_056,1,1,5,capls,c6,0,0.62,2.101,True,144461,1354560,1354560,0,1576160,,,75,277285,,1.919445386644146,"{""block_cap"": 0.6, ""comm_weight"": 1e-06}",False,
case_056,1,1,5,capls,c7,0,1.861,4.209,True,195963,4844260,4844260,0,5065860,,,309,277285,,1.4149865025540536,"{""block_cap"": 0.08}",False,
case_056,1,1,5,capls,sa1,0,2.367,2.336,True,98991,1359730,1359730,0,1581330,,,95,277285,,2.8011132325160872,"{""anneal"": true, ""anneal_seconds"": 2.944}",False,
case_056,1,1,5,capls,sa2,0,2.32,2.308,True,98991,1409074,1409074,0,1630674,,,97,277285,,2.8011132325160872,"{""anneal"": true, ""anneal_seconds"": 2.944}",False,
case_056,1,1,5,capls,sa3,0,2.41,2.403,True,98991,1362994,1362994,0,1584594,,,96,277285,,2.8011132325160872,"{""anneal"": true, ""anneal_seconds"": 2.944}",False,
case_056,1,1,5,capls,_best,0,1.049,2.527,True,98991,1359730,1359730,0,1581330,,,95,277285,,2.8011132325160872,"{""block_cap"": 0.35, ""init"": ""rr""}",True,results\plans\case_056_p1_n5_capls_best.json
case_056,1,1,4,capls,c0,0,0.446,2.49,True,166680,1226640,1226640,0,1448240,,,59,277285,,1.6635769138468923,"{""block_cap"": 0.35}",False,
case_056,1,1,4,capls,c1,0,0.42,2.49,True,166680,1226640,1226640,0,1448240,,,59,277285,,1.6635769138468923,"{""block_cap"": 0.15}",False,
case_056,1,1,4,capls,c2,0,0.81,2.095,True,116709,1276180,1276180,0,1497780,,,56,277285,,2.3758664713089823,"{""block_cap"": 0.35, ""init"": ""rr""}",True,
case_056,1,1,4,capls,c3,0,0.796,2.98,True,272815,427434,427434,0,649034,,,11,277285,,1.0163847295786521,"{""block_cap"": 0.35, ""init"": ""contig""}",False,
case_056,1,1,4,capls,c4,0,0.464,3.589,True,149269,1632002,1632002,0,1853602,,,336,277285,,1.8576194655286764,"{""block_cap"": 0.35, ""subgraph_mode"": ""block""}",False,
case_056,1,1,4,capls,c5,0,0.872,2.922,True,131885,1632002,1632002,0,1853602,,,336,277285,,2.1024756416575046,"{""block_cap"": 0.35, ""init"": ""rr"", ""subgraph_mode"": ""block""}",False,
case_056,1,1,4,capls,c6,0,0.454,2.49,True,166680,1226640,1226640,0,1448240,,,59,277285,,1.6635769138468923,"{""block_cap"": 0.6, ""comm_weight"": 1e-06}",False,
case_056,1,1,4,capls,c7,0,1.655,3.778,True,204620,4550884,4550884,0,4772484,,,248,277285,,1.355121688984459,"{""block_cap"": 0.08}",False,
case_056,1,1,4,capls,sa1,0,3.189,3.161,True,119725,3259116,3259116,0,3480716,,,192,277285,,2.316015869701399,"{""anneal"": true, ""anneal_seconds"": 3.08}",False,
case_056,1,1,4,capls,sa2,0,3.59,3.581,True,119988,3260200,3260200,0,3481800,,,192,277285,,2.310939427276061,"{""anneal"": true, ""anneal_seconds"": 3.08}",False,
case_056,1,1,4,capls,sa3,0,3.055,3.042,True,119890,3260204,3260204,0,3481804,,,193,277285,,2.312828426057219,"{""anneal"": true, ""anneal_seconds"": 3.08}",False,
case_056,1,1,4,capls,_best,0,0.718,2.095,True,116709,1276180,1276180,0,1497780,,,56,277285,,2.3758664713089823,"{""block_cap"": 0.35, ""init"": ""rr""}",True,results\plans\case_056_p1_n4_capls_best.json
case_053,1,1,4,capls,c0,0,0.768,6.758,True,709612,7581914,3767258,3814656,10577202,,,11,1472686,,2.0753397631381656,"{""block_cap"": 0.35}",False,
case_053,1,1,4,capls,c1,0,1.289,6.446,True,804313,12604872,12604872,0,15600160,,,216,1472686,,1.8309861956725801,"{""block_cap"": 0.15}",False,
case_053,1,1,4,capls,c2,0,1.114,7.268,True,815191,7490090,3675434,3814656,10485378,,,11,1472686,,1.8065533108191822,"{""block_cap"": 0.35, ""init"": ""rr""}",False,
case_053,1,1,4,capls,c3,0,1.265,14.718,True,690972,6935576,3120920,3814656,9930864,,,5,1472686,,2.1313251477628614,"{""block_cap"": 0.35, ""init"": ""contig""}",False,
case_053,1,1,4,capls,c4,0,0.517,5.65,True,727454,11953350,11953350,0,14948638,,,58,1472686,,2.024438658664328,"{""block_cap"": 0.35, ""subgraph_mode"": ""block""}",False,
case_053,1,1,4,capls,c5,0,0.967,5.567,True,814702,11953350,11953350,0,14948638,,,58,1472686,,1.8076376392840572,"{""block_cap"": 0.35, ""init"": ""rr"", ""subgraph_mode"": ""block""}",False,
case_053,1,1,4,capls,c6,0,0.586,7.716,True,890387,7492246,3677590,3814656,10487534,,,9,1472686,,1.6539841664354937,"{""block_cap"": 0.6, ""comm_weight"": 1e-06}",False,
case_053,1,1,4,capls,c7,0,1.354,6.446,True,804313,12604872,12604872,0,15600160,,,216,1472686,,1.8309861956725801,"{""block_cap"": 0.08}",False,
case_053,1,1,4,capls,sa1,0,9.934,9.897,True,678532,6835404,3413580,3421824,9830692,,,7,1472686,,2.170400216938921,"{""anneal"": true, ""anneal_seconds"": 7.958}",False,
case_053,1,1,4,capls,sa2,0,9.609,9.598,True,678532,7089996,3275340,3814656,10085284,,,6,1472686,,2.170400216938921,"{""anneal"": true, ""anneal_seconds"": 7.958}",False,
case_053,1,1,4,capls,sa3,0,11.543,11.532,True,676161,7011790,3587660,3424130,10007078,,,7,1472686,,2.1780108583606568,"{""anneal"": true, ""anneal_seconds"": 7.958}",True,
case_053,1,1,4,capls,_best,0,,11.532,True,676161,7011790,,,,,,7,1472686,,2.1780108583606568,"{""anneal"": true}",True,results\plans\case_053_p1_n4_capls_best.json
case_041,1,1,3,capls,c0,0,0.427,273.282,True,1994174,35017728,9787392,25230336,39967708,,,3,6003957,,3.01074881128728,"{""block_cap"": 0.35}",True,
case_041,1,1,3,capls,c1,0,0.477,273.282,True,1994174,35017728,9787392,25230336,39967708,,,3,6003957,,3.01074881128728,"{""block_cap"": 0.15}",False,
case_041,1,1,3,capls,c2,0,0.787,186.914,True,2001213,35198976,9787392,25411584,40148956,,,3,6003957,,3.0001589036249516,"{""block_cap"": 0.35, ""init"": ""rr""}",False,
case_041,1,1,3,capls,c3,0,0.481,192.995,True,2024379,27377664,4912128,22465536,32327644,,,3,6003957,,2.965826557181239,"{""block_cap"": 0.35, ""init"": ""contig""}",False,
case_041,1,1,3,capls,sa1,0,0.011,111.429,True,2176610,49216512,28882944,20333568,54166492,,,4,6003957,,2.7583981512535547,"{""anneal"": true, ""anneal_seconds"": 154.193}",False,
case_041,1,1,3,capls,sa2,0,0.01,239.473,True,2195704,48266240,27680768,20585472,53216220,,,4,6003957,,2.7344109224194155,"{""anneal"": true, ""anneal_seconds"": 154.193}",False,
case_041,1,1,3,capls,sa3,0,0.01,261.691,True,2221253,49134592,28948480,20186112,54084572,,,4,6003957,,2.702959545805903,"{""anneal"": true, ""anneal_seconds"": 154.193}",False,
case_041,1,1,3,capls,_best,0,0.558,273.282,True,1994174,35017728,9787392,25230336,39967708,,,3,6003957,,3.01074881128728,"{""block_cap"": 0.35}",True,results\plans\case_041_p1_n3_capls_best.json
case_054,1,1,2,capls,c0,0,0.477,20.258,True,667509,399156,399156,0,2005432,,,5,815051,,1.2210337238898652,"{""block_cap"": 0.35}",False,
case_054,1,1,2,capls,c1,0,0.773,5.579,True,684650,1412862,1412862,0,3019138,,,17,815051,,1.1904637405973855,"{""block_cap"": 0.15}",False,
case_054,1,1,2,capls,c2,0,0.568,14.297,True,657841,472660,472660,0,2078936,,,5,815051,,1.2389787197818318,"{""block_cap"": 0.35, ""init"": ""rr""}",False,
case_054,1,1,2,capls,c3,0,0.554,36.445,True,752053,219148,219148,0,1825424,,,3,815051,,1.0837680323062338,"{""block_cap"": 0.35, ""init"": ""contig""}",False,
case_054,1,1,2,capls,sa1,0,14.678,14.599,True,654946,2179186,2179186,0,3785462,,,6,815051,,1.2444552680679017,"{""anneal"": true, ""anneal_seconds"": 6.958}",True,
case_054,1,1,2,capls,sa2,0,14.352,14.328,True,657950,2098678,2098678,0,3704954,,,6,815051,,1.2387734630291056,"{""anneal"": true, ""anneal_seconds"": 6.958}",False,
case_054,1,1,2,capls,sa3,0,14.52,14.503,True,657950,2541686,2541686,0,4147962,,,7,815051,,1.2387734630291056,"{""anneal"": true, ""anneal_seconds"": 6.958}",False,
case_054,1,1,2,capls,_best,0,,14.599,True,654946,2179186,,,,,,6,815051,,1.2444552680679017,"{""anneal"": true}",True,results\plans\case_054_p1_n2_capls_best.json
case_053,1,1,5,capls,c0,0,0.75,4.916,True,775972,8701048,5363224,3337824,11696336,,,17,1472686,,1.897859716587712,"{""block_cap"": 0.35}",False,
case_053,1,1,5,capls,c1,0,2.911,6.177,True,656048,17798254,17798254,0,20793542,,,250,1472686,,2.244783918249884,"{""block_cap"": 0.15}",False,
case_053,1,1,5,capls,c2,0,1.743,6.68,True,773041,8463394,5125570,3337824,11458682,,,16,1472686,,1.9050554886480795,"{""block_cap"": 0.35, ""init"": ""rr""}",False,
case_053,1,1,5,capls,c3,0,1.153,15.784,True,495416,6980120,3165464,3814656,9975408,,,6,1472686,,2.9726250262405736,"{""block_cap"": 0.35, ""init"": ""contig""}",False,
case_053,1,1,5,capls,c4,0,0.712,4.926,True,783749,12468828,12468828,0,15464116,,,59,1472686,,1.8790275968454186,"{""block_cap"": 0.35, ""subgraph_mode"": ""block""}",False,
case_053,1,1,5,capls,c5,0,1.254,6.012,True,788232,12468828,12468828,0,15464116,,,59,1472686,,1.868340793066001,"{""block_cap"": 0.35, ""init"": ""rr"", ""subgraph_mode"": ""block""}",False,
case_053,1,1,5,capls,c6,0,0.579,7.293,True,719661,8264342,4926518,3337824,11259630,,,10,1472686,,2.0463607170598377,"{""block_cap"": 0.6, ""comm_weight"": 1e-06}",False,
case_053,1,1,5,capls,c7,0,2.652,6.177,True,656048,17798254,17798254,0,20793542,,,250,1472686,,2.244783918249884,"{""block_cap"": 0.08}",False,
case_053,1,1,5,capls,sa1,0,12.968,12.904,True,494984,7148056,3333400,3814656,10143344,,,7,1472686,,2.9752194010311444,"{""anneal"": true, ""anneal_seconds"": 4.579}",False,
case_053,1,1,5,capls,sa2,0,13.675,13.657,True,494868,7148056,3333400,3814656,10143344,,,7,1472686,,2.9759168101392697,"{""anneal"": true, ""anneal_seconds"": 4.579}",True,
case_053,1,1,5,capls,sa3,0,10.768,10.754,True,499449,7454492,3639836,3814656,10449780,,,8,1472686,,2.9486213807615993,"{""anneal"": true, ""anneal_seconds"": 4.579}",False,
case_053,1,1,5,capls,_best,0,,13.657,True,494868,7148056,,,,,,7,1472686,,2.9759168101392697,"{""anneal"": true}",True,results\plans\case_053_p1_n5_capls_best.json
case_059,1,1,5,capls,c0,0,0.227,1.756,True,150782,4325376,4325376,0,5668864,,,5,829473,,5.501140719714555,"{""block_cap"": 0.35}",True,
case_059,1,1,5,capls,c1,0,0.213,1.756,True,150782,4325376,4325376,0,5668864,,,5,829473,,5.501140719714555,"{""block_cap"": 0.15}",False,
case_059,1,1,5,capls,c2,0,0.207,1.756,True,150782,4325376,4325376,0,5668864,,,5,829473,,5.501140719714555,"{""block_cap"": 0.35, ""init"": ""rr""}",False,
case_059,1,1,5,capls,c3,0,0.158,1.384,True,150782,3063808,3063808,0,4407296,,,5,829473,,5.501140719714555,"{""block_cap"": 0.35, ""init"": ""contig""}",False,
case_059,1,1,5,capls,c4,0,0.163,0.68,True,163124,7569408,7569408,0,8912896,,,64,829473,,5.084923125965523,"{""block_cap"": 0.35, ""subgraph_mode"": ""block""}",False,
case_059,1,1,5,capls,c5,0,0.215,0.68,True,163124,7569408,7569408,0,8912896,,,64,829473,,5.084923125965523,"{""block_cap"": 0.35, ""init"": ""rr"", ""subgraph_mode"": ""block""}",False,
case_059,1,1,5,capls,c6,0,0.203,1.756,True,150782,4325376,4325376,0,5668864,,,5,829473,,5.501140719714555,"{""block_cap"": 0.6, ""comm_weight"": 1e-06}",False,
case_059,1,1,5,capls,c7,0,0.223,1.756,True,150782,4325376,4325376,0,5668864,,,5,829473,,5.501140719714555,"{""block_cap"": 0.08}",False,
case_059,1,1,5,capls,c8,0,0.392,3.649,True,346373,14712832,14622720,90112,16056320,,,6,829473,,2.3947391973392844,"{""block_cap"": 0.005}",False,
case_059,1,1,5,capls,c9,0,0.188,1.756,True,150782,4325376,4325376,0,5668864,,,5,829473,,5.501140719714555,"{""block_cap"": 0.35, ""max_ops"": 2000}",False,
case_059,1,1,5,capls,c10,0,0.137,0.905,True,185216,1081344,1081344,0,2424832,,,4,829473,,4.478408992743607,"{""block_cap"": 0.35, ""cores_used"": 4}",False,
case_059,1,1,5,capls,c11,0,0.07,1.734,True,369318,360448,360448,0,1703936,,,2,829473,,2.2459587672412393,"{""block_cap"": 0.35, ""cores_used"": 2}",False,
case_059,1,1,5,capls,c12,0,0.199,1.756,True,150782,4325376,4325376,0,5668864,,,5,829473,,5.501140719714555,"{""block_cap"": 0.35, ""init"": ""rr"", ""level_mode"": ""alap_fill""}",False,
case_059,1,1,5,capls,c13,0,0.223,1.756,True,150782,4325376,4325376,0,5668864,,,5,829473,,5.501140719714555,"{""block_cap"": 0.35, ""init"": ""rr"", ""level_mode"": ""alap_compress""}",False,
case_059,1,1,5,capls,sa1,0,0.002,2.618,True,162129,6463488,6463488,0,7806976,,,6,829473,,5.1161297485335755,"{""anneal"": true, ""anneal_seconds"": 10.936}",False,
case_059,1,1,5,capls,sa2,0,0.002,2.579,True,172527,6639616,6639616,0,7983104,,,6,829473,,4.807786607313638,"{""anneal"": true, ""anneal_seconds"": 10.936}",False,
case_059,1,1,5,capls,sa3,0,0.001,2.988,True,173745,6653952,6653952,0,7997440,,,6,829473,,4.77408270741604,"{""anneal"": true, ""anneal_seconds"": 10.936}",False,
case_059,1,1,5,capls,_best,0,0.19,1.756,True,150782,4325376,4325376,0,5668864,,,5,829473,,5.501140719714555,"{""block_cap"": 0.35}",True,results\plans\case_059_p1_n5_capls_best.json
case_059,1,1,4,capls,c0,0,0.26,0.997,True,185216,1081344,1081344,0,2424832,,,4,829473,,4.478408992743607,"{""block_cap"": 0.35}",True,
case_059,1,1,4,capls,c1,0,0.121,0.997,True,185216,1081344,1081344,0,2424832,,,4,829473,,4.478408992743607,"{""block_cap"": 0.15}",False,
case_059,1,1,4,capls,c2,0,0.171,0.997,True,185216,1081344,1081344,0,2424832,,,4,829473,,4.478408992743607,"{""block_cap"": 0.35, ""init"": ""rr""}",False,
case_059,1,1,4,capls,c3,0,0.149,0.853,True,207460,2998272,2162688,835584,4341760,,,4,829473,,3.9982309842861277,"{""block_cap"": 0.35, ""init"": ""contig""}",False,
case_059,1,1,4,capls,c4,0,0.167,1.337,True,198236,7569408,7569408,0,8912896,,,64,829473,,4.184270263726064,"{""block_cap"": 0.35, ""subgraph_mode"": ""block""}",False,
case_059,1,1,4,capls,c5,0,0.15,1.337,True,198236,7569408,7569408,0,8912896,,,64,829473,,4.184270263726064,"{""block_cap"": 0.35, ""init"": ""rr"", ""subgraph_mode"": ""block""}",False,
case_059,1,1,4,capls,c6,0,0.138,0.997,True,185216,1081344,1081344,0,2424832,,,4,829473,,4.478408992743607,"{""block_cap"": 0.6, ""comm_weight"": 1e-06}",False,
case_059,1,1,4,capls,c7,0,0.164,0.997,True,185216,1081344,1081344,0,2424832,,,4,829473,,4.478408992743607,"{""block_cap"": 0.08}",False,
case_059,1,1,4,capls,c8,0,0.525,2.189,True,285324,12435456,12435456,0,13778944,,,8,829473,,2.9071266349833875,"{""block_cap"": 0.005}",False,
case_059,1,1,4,capls,c9,0,0.126,0.997,True,185216,1081344,1081344,0,2424832,,,4,829473,,4.478408992743607,"{""block_cap"": 0.35, ""max_ops"": 2000}",False,
case_059,1,1,4,capls,c10,0,0.116,2.492,True,266217,2998272,2162688,835584,4341760,,,3,829473,,3.1157777301975456,"{""block_cap"": 0.35, ""cores_used"": 3}",False,
case_059,1,1,4,capls,c11,0,0.172,1.041,True,369318,360448,360448,0,1703936,,,2,829473,,2.2459587672412393,"{""block_cap"": 0.35, ""cores_used"": 2}",False,
case_059,1,1,4,capls,c12,0,0.149,0.997,True,185216,1081344,1081344,0,2424832,,,4,829473,,4.478408992743607,"{""block_cap"": 0.35, ""init"": ""rr"", ""level_mode"": ""alap_fill""}",False,
case_059,1,1,4,capls,c13,0,0.126,0.997,True,185216,1081344,1081344,0,2424832,,,4,829473,,4.478408992743607,"{""block_cap"": 0.35, ""init"": ""rr"", ""level_mode"": ""alap_compress""}",False,
case_059,1,1,4,capls,sa1,0,0.002,1.007,True,210260,3948544,3948544,0,5292032,,,5,829473,,3.944987158755826,"{""anneal"": true, ""anneal_seconds"": 14.985}",False,
case_059,1,1,4,capls,sa2,0,0.002,0.944,True,210260,3948544,3948544,0,5292032,,,5,829473,,3.944987158755826,"{""anneal"": true, ""anneal_seconds"": 14.985}",False,
case_059,1,1,4,capls,sa3,0,0.002,1.06,True,210260,3948544,3948544,0,5292032,,,5,829473,,3.944987158755826,"{""anneal"": true, ""anneal_seconds"": 14.985}",False,
case_059,1,1,4,capls,_best,0,0.159,0.997,True,185216,1081344,1081344,0,2424832,,,4,829473,,4.478408992743607,"{""block_cap"": 0.35}",True,results\plans\case_059_p1_n4_capls_best.json
case_047,1,1,2,capls,c0,0,0.331,18.836,True,329256,151628,151628,0,615570,,,4,326508,,0.991653910634886,"{""block_cap"": 0.35}",False,
case_047,1,1,2,capls,c1,0,0.538,4.414,True,347722,1030230,1030230,0,1494172,,,23,326508,,0.9389914932043414,"{""block_cap"": 0.15}",False,
case_047,1,1,2,capls,c2,0,0.302,7.75,True,333067,417822,417822,0,881764,,,9,326508,,0.9803072655051386,"{""block_cap"": 0.35, ""init"": ""rr""}",False,
case_047,1,1,2,capls,c3,0,0.336,27.351,True,327633,68680,68680,0,532622,,,3,326508,,0.9965662799534846,"{""block_cap"": 0.35, ""init"": ""contig""}",False,
case_047,1,1,2,capls,sa1,0,0.009,83.622,True,326508,0,0,0,463942,,,1,326508,,1.0,"{""anneal"": true, ""anneal_seconds"": 60.291}",False,
case_047,1,1,2,capls,sa2,0,30.583,30.539,True,326508,0,0,0,463942,,,1,326508,,1.0,"{""anneal"": true, ""anneal_seconds"": 60.291}",False,
case_047,1,1,2,capls,sa3,0,20.185,20.173,True,326273,28644,28644,0,492586,,,2,326508,,1.0007202557367603,"{""anneal"": true, ""anneal_seconds"": 60.291}",True,
case_047,1,1,2,capls,_best,0,,20.173,True,326273,28644,,,,,,2,326508,,1.0007202557367603,"{""anneal"": true}",True,results\plans\case_047_p1_n2_capls_best.json
case_059,1,1,3,capls,c0,0,0.122,2.141,True,266217,2998272,2162688,835584,4341760,,,3,829473,,3.1157777301975456,"{""block_cap"": 0.35}",True,
case_059,1,1,3,capls,c1,0,0.089,2.141,True,266217,2998272,2162688,835584,4341760,,,3,829473,,3.1157777301975456,"{""block_cap"": 0.15}",False,
case_059,1,1,3,capls,c2,0,0.109,2.141,True,266217,2998272,2162688,835584,4341760,,,3,829473,,3.1157777301975456,"{""block_cap"": 0.35, ""init"": ""rr""}",False,
case_059,1,1,3,capls,c3,0,0.127,1.948,True,284794,2367488,1531904,835584,3710976,,,3,829473,,2.912536780971509,"{""block_cap"": 0.35, ""init"": ""contig""}",False,
case_059,1,1,3,capls,c4,0,0.103,1.362,True,268460,7569408,7569408,0,8912896,,,64,829473,,3.0897452134396186,"{""block_cap"": 0.35, ""subgraph_mode"": ""block""}",False,
case_059,1,1,3,capls,c5,0,0.105,1.362,True,268460,7569408,7569408,0,8912896,,,64,829473,,3.0897452134396186,"{""block_cap"": 0.35, ""init"": ""rr"", ""subgraph_mode"": ""block""}",False,
case_059,1,1,3,capls,c6,0,0.115,2.141,True,266217,2998272,2162688,835584,4341760,,,3,829473,,3.1157777301975456,"{""block_cap"": 0.6, ""comm_weight"": 1e-06}",False,
case_059,1,1,3,capls,c7,0,0.191,2.141,True,266217,2998272,2162688,835584,4341760,,,3,829473,,3.1157777301975456,"{""block_cap"": 0.08}",False,
case_059,1,1,3,capls,c8,0,0.152,1.904,True,363998,12886016,12566528,319488,14229504,,,7,829473,,2.2787844988159276,"{""block_cap"": 0.005}",False,
case_059,1,1,3,capls,c9,0,0.091,2.141,True,266217,2998272,2162688,835584,4341760,,,3,829473,,3.1157777301975456,"{""block_cap"": 0.35, ""max_ops"": 2000}",False,
case_059,1,1,3,capls,c10,0,0.071,1.24,True,369318,360448,360448,0,1703936,,,2,829473,,2.2459587672412393,"{""block_cap"": 0.35, ""cores_used"": 2}",False,
case_059,1,1,3,capls,c11,0,0.035,2.816,True,829473,1691648,0,1691648,3035136,,,1,829473,,1.0,"{""block_cap"": 0.35, ""cores_used"": 1}",False,
case_059,1,1,3,capls,c12,0,0.105,2.141,True,266217,2998272,2162688,835584,4341760,,,3,829473,,3.1157777301975456,"{""block_cap"": 0.35, ""init"": ""rr"", ""level_mode"": ""alap_fill""}",False,
case_059,1,1,3,capls,c13,0,0.123,2.141,True,266217,2998272,2162688,835584,4341760,,,3,829473,,3.1157777301975456,"{""block_cap"": 0.35, ""init"": ""rr"", ""level_mode"": ""alap_compress""}",False,
case_059,1,1,3,capls,sa1,0,0.002,2.717,True,286889,6752256,5924864,827392,8095744,,,4,829473,,2.891268051406642,"{""anneal"": true, ""anneal_seconds"": 27.56}",False,
case_059,1,1,3,capls,sa2,0,0.002,2.111,True,286707,6752256,5924864,827392,8095744,,,4,829473,,2.8931034121943306,"{""anneal"": true, ""anneal_seconds"": 27.56}",False,
case_059,1,1,3,capls,sa3,0,0.002,1.95,True,299266,6887424,6105088,782336,8230912,,,4,829473,,2.7716914049708286,"{""anneal"": true, ""anneal_seconds"": 27.56}",False,
case_059,1,1,3,capls,_best,0,0.101,2.141,True,266217,2998272,2162688,835584,4341760,,,3,829473,,3.1157777301975456,"{""block_cap"": 0.35}",True,results\plans\case_059_p1_n3_capls_best.json
case_061,1,1,2,capls,c0,0,0.025,0.321,True,58009,195974,195974,0,740162,,,5,77191,,1.3306728266303505,"{""block_cap"": 0.35}",False,
case_061,1,1,2,capls,c1,0,0.025,0.374,True,54197,225670,225670,0,769858,,,5,77191,,1.4242670258501393,"{""block_cap"": 0.15}",False,
case_061,1,1,2,capls,c2,0,0.046,0.264,True,54807,191878,191878,0,736066,,,6,77191,,1.4084149834875108,"{""block_cap"": 0.35, ""init"": ""rr""}",False,
case_061,1,1,2,capls,c3,0,0.043,0.37,True,63452,59656,59656,0,603844,,,3,77191,,1.21652587782891,"{""block_cap"": 0.35, ""init"": ""contig""}",False,
case_061,1,1,2,capls,c4,0,0.036,0.37,True,97981,468476,468476,0,1012664,,,97,77191,,0.7878160051438544,"{""block_cap"": 0.35, ""subgraph_mode"": ""block""}",False,
case_061,1,1,2,capls,c5,0,0.053,0.388,True,80289,468476,468476,0,1012664,,,97,77191,,0.9614143905142672,"{""block_cap"": 0.35, ""init"": ""rr"", ""subgraph_mode"": ""block""}",False,
case_061,1,1,2,capls,c6,0,0.021,0.408,True,38873,25344,25344,0,569532,,,2,77191,,1.9857227381473002,"{""block_cap"": 0.6, ""comm_weight"": 1e-06}",True,
case_061,1,1,2,capls,c7,0,0.04,0.339,True,52530,216440,216440,0,760628,,,5,77191,,1.4694650675804302,"{""block_cap"": 0.08}",False,
case_061,1,1,2,capls,c8,0,0.066,0.456,True,78268,1214032,1214032,0,1758220,,,20,77191,,0.9862395870598457,"{""block_cap"": 0.005}",False,
case_061,1,1,2,capls,c9,0,0.025,0.321,True,58009,195974,195974,0,740162,,,5,77191,,1.3306728266303505,"{""block_cap"": 0.35, ""max_ops"": 2000}",False,
case_061,1,1,2,capls,c10,0,0.009,0.935,True,77191,0,0,0,544188,,,1,77191,,1.0,"{""block_cap"": 0.35, ""cores_used"": 1}",False,
case_061,1,1,2,capls,c11,0,0.009,0.935,True,77191,0,0,0,544188,,,1,77191,,1.0,"{""block_cap"": 0.35, ""cores_used"": 1}",False,
case_061,1,1,2,capls,c12,0,0.036,0.217,True,49004,612466,612466,0,1156654,,,6,77191,,1.575197943025059,"{""block_cap"": 0.35, ""init"": ""rr"", ""level_mode"": ""alap_fill""}",False,
case_061,1,1,2,capls,c13,0,0.036,0.217,True,49004,612466,612466,0,1156654,,,6,77191,,1.575197943025059,"{""block_cap"": 0.35, ""init"": ""rr"", ""level_mode"": ""alap_compress""}",False,
case_061,1,1,2,capls,sa1,0,0.371,0.366,True,39724,68858,68858,0,613046,,,3,77191,,1.9431829624408419,"{""anneal"": true, ""anneal_seconds"": 11.922}",False,
case_061,1,1,2,capls,sa2,0,0.001,0.359,True,40875,127820,127820,0,672008,,,3,77191,,1.8884648318042814,"{""anneal"": true, ""anneal_seconds"": 11.922}",False,
case_061,1,1,2,capls,sa3,0,0.001,0.366,True,43195,335892,335892,0,880080,,,3,77191,,1.7870355365204307,"{""anneal"": true, ""anneal_seconds"": 11.922}",False,
case_061,1,1,2,capls,_best,0,0.029,0.408,True,38873,25344,25344,0,569532,,,2,77191,,1.9857227381473002,"{""block_cap"": 0.6, ""comm_weight"": 1e-06}",True,results\plans\case_061_p1_n2_capls_best.json
case_061,1,1,4,capls,c0,0,0.058,0.456,True,28476,146708,146708,0,690896,,,8,77191,,2.710738867818514,"{""block_cap"": 0.35}",True,
case_061,1,1,4,capls,c1,0,0.07,0.294,True,38308,334226,334226,0,878414,,,14,77191,,2.015009919599039,"{""block_cap"": 0.15}",False,
case_061,1,1,4,capls,c2,0,0.092,0.408,True,32924,340676,340676,0,884864,,,12,77191,,2.344520714372494,"{""block_cap"": 0.35, ""init"": ""rr""}",False,
case_061,1,1,4,capls,c3,0,0.105,0.447,True,33148,88576,88576,0,632764,,,5,77191,,2.3286774466031135,"{""block_cap"": 0.35, ""init"": ""contig""}",False,
case_061,1,1,4,capls,c4,0,0.07,0.323,True,60815,488956,488956,0,1033144,,,98,77191,,1.269275672120365,"{""block_cap"": 0.35, ""subgraph_mode"": ""block""}",False,
case_061,1,1,4,capls,c5,0,0.095,0.752,True,56666,488956,488956,0,1033144,,,98,77191,,1.3622101436487488,"{""block_cap"": 0.35, ""init"": ""rr"", ""subgraph_mode"": ""block""}",False,
case_061,1,1,4,capls,c6,0,0.068,0.371,True,42610,257934,257934,0,802122,,,8,77191,,1.8115700539779394,"{""block_cap"": 0.6, ""comm_weight"": 1e-06}",False,
case_061,1,1,4,capls,c7,0,0.051,0.457,True,38280,486164,486164,0,1030352,,,12,77191,,2.0164838035527692,"{""block_cap"": 0.08}",False,
case_061,1,1,4,capls,c8,0,0.289,0.492,True,49025,960402,960402,0,1504590,,,23,77191,,1.5745232024477307,"{""block_cap"": 0.005}",False,
case_061,1,1,4,capls,c9,0,0.069,0.456,True,28476,146708,146708,0,690896,,,8,77191,,2.710738867818514,"{""block_cap"": 0.35, ""max_ops"": 2000}",False,
case_061,1,1,4,capls,c10,0,0.05,0.443,True,41271,94228,94228,0,638416,,,5,77191,,1.8703447941653946,"{""block_cap"": 0.35, ""cores_used"": 3}",False,
case_061,1,1,4,capls,c11,0,0.026,0.352,True,58009,195974,195974,0,740162,,,5,77191,,1.3306728266303505,"{""block_cap"": 0.35, ""cores_used"": 2}",False,
case_061,1,1,4,capls,c12,0,0.108,0.431,True,29145,691168,691168,0,1235356,,,12,77191,,2.6485160404872192,"{""block_cap"": 0.35, ""init"": ""rr"", ""level_mode"": ""alap_fill""}",False,
case_061,1,1,4,capls,c13,0,0.079,0.431,True,29145,691168,691168,0,1235356,,,12,77191,,2.6485160404872192,"{""block_cap"": 0.35, ""init"": ""rr"", ""level_mode"": ""alap_compress""}",False,
case_061,1,1,4,capls,sa1,0,0.498,0.494,True,30894,790604,790604,0,1334792,,,25,77191,,2.4985757752314366,"{""anneal"": true, ""anneal_seconds"": 0.723}",False,
case_061,1,1,4,capls,sa2,0,0.389,0.388,True,30064,796236,796236,0,1340424,,,27,77191,,2.567555880787653,"{""anneal"": true, ""anneal_seconds"": 0.723}",False,
case_061,1,1,4,capls,sa3,0,0.416,0.415,True,30031,796236,796236,0,1340424,,,26,77191,,2.570377276813959,"{""anneal"": true, ""anneal_seconds"": 0.723}",False,
case_061,1,1,4,capls,_best,0,0.064,0.456,True,28476,146708,146708,0,690896,,,8,77191,,2.710738867818514,"{""block_cap"": 0.35}",True,results\plans\case_061_p1_n4_capls_best.json
case_061,1,1,3,capls,c0,0,0.036,0.882,True,41271,94228,94228,0,638416,,,5,77191,,1.8703447941653946,"{""block_cap"": 0.35}",False,
case_061,1,1,3,capls,c1,0,0.055,0.451,True,46702,126980,126980,0,671168,,,7,77191,,1.652841420067663,"{""block_cap"": 0.15}",False,
case_061,1,1,3,capls,c2,0,0.113,0.269,True,42440,263334,263334,0,807522,,,9,77191,,1.8188265786993403,"{""block_cap"": 0.35, ""init"": ""rr""}",False,
case_061,1,1,3,capls,c3,0,0.081,0.428,True,52270,45824,45824,0,590012,,,4,77191,,1.4767744404055865,"{""block_cap"": 0.35, ""init"": ""contig""}",False,
case_061,1,1,3,capls,c4,0,0.043,0.254,True,52452,468476,468476,0,1012664,,,97,77191,,1.4716502707237094,"{""block_cap"": 0.35, ""subgraph_mode"": ""block""}",False,
case_061,1,1,3,capls,c5,0,0.098,0.336,True,72299,468476,468476,0,1012664,,,97,77191,,1.0676634531597948,"{""block_cap"": 0.35, ""init"": ""rr"", ""subgraph_mode"": ""block""}",False,
case_061,1,1,3,capls,c6,0,0.055,0.882,True,41271,94228,94228,0,638416,,,5,77191,,1.8703447941653946,"{""block_cap"": 0.6, ""comm_weight"": 1e-06}",False,
case_061,1,1,3,capls,c7,0,0.058,0.418,True,45175,557962,557962,0,1102150,,,11,77191,,1.708710570005534,"{""block_cap"": 0.08}",False,
case_061,1,1,3,capls,c8,0,0.192,0.415,True,55220,1238574,1238574,0,1782762,,,22,77191,,1.3978812024628757,"{""block_cap"": 0.005}",False,
case_061,1,1,3,capls,c9,0,0.037,0.882,True,41271,94228,94228,0,638416,,,5,77191,,1.8703447941653946,"{""block_cap"": 0.35, ""max_ops"": 2000}",False,
case_061,1,1,3,capls,c10,0,0.041,0.361,True,58009,195974,195974,0,740162,,,5,77191,,1.3306728266303505,"{""block_cap"": 0.35, ""cores_used"": 2}",False,
case_061,1,1,3,capls,c11,0,0.014,0.44,True,77191,0,0,0,544188,,,1,77191,,1.0,"{""block_cap"": 0.35, ""cores_used"": 1}",False,
case_061,1,1,3,capls,c12,0,0.109,0.29,True,35625,810392,810392,0,1354580,,,9,77191,,2.166764912280702,"{""block_cap"": 0.35, ""init"": ""rr"", ""level_mode"": ""alap_fill""}",False,
case_061,1,1,3,capls,c13,0,0.109,0.29,True,35625,810392,810392,0,1354580,,,9,77191,,2.166764912280702,"{""block_cap"": 0.35, ""init"": ""rr"", ""level_mode"": ""alap_compress""}",False,
case_061,1,1,3,capls,sa1,0,0.296,0.289,True,34829,823236,823236,0,1367424,,,10,77191,,2.2162852795084556,"{""anneal"": true, ""anneal_seconds"": 2.198}",True,
case_061,1,1,3,capls,sa2,0,0.412,0.41,True,38197,1057326,1057326,0,1601514,,,29,77191,,2.020865512998403,"{""anneal"": true, ""anneal_seconds"": 2.198}",False,
case_061,1,1,3,capls,sa3,0,0.284,0.282,True,36045,953074,953074,0,1497262,,,27,77191,,2.1415175475100567,"{""anneal"": true, ""anneal_seconds"": 2.198}",False,
case_061,1,1,3,capls,_best,0,,0.289,True,34829,823236,,,,,,10,77191,,2.2162852795084556,"{""anneal"": true}",True,results\plans\case_061_p1_n3_capls_best.json
case_061,1,1,5,capls,c0,0,0.063,0.377,True,30056,313482,313482,0,857670,,,12,77191,,2.568239286664892,"{""block_cap"": 0.35}",False,
case_061,1,1,5,capls,c1,0,0.104,0.436,True,34368,447340,447340,0,991528,,,13,77191,,2.2460137337057726,"{""block_cap"": 0.15}",False,
case_061,1,1,5,capls,c2,0,0.105,0.41,True,31003,401636,401636,0,945824,,,16,77191,,2.489791310518337,"{""block_cap"": 0.35, ""init"": ""rr""}",False,
case_061,1,1,5,capls,c3,0,0.11,0.37,True,23868,110634,110634,0,654822,,,8,77191,,3.2340791017261608,"{""block_cap"": 0.35, ""init"": ""contig""}",True,
case_061,1,1,5,capls,c4,0,0.08,0.394,True,65150,495104,495104,0,1039292,,,100,77191,,1.1848196469685341,"{""block_cap"": 0.35, ""subgraph_mode"": ""block""}",False,
case_061,1,1,5,capls,c5,0,0.113,0.244,True,53228,495104,495104,0,1039292,,,100,77191,,1.450195385887127,"{""block_cap"": 0.35, ""init"": ""rr"", ""subgraph_mode"": ""block""}",False,
case_061,1,1,5,capls,c6,0,0.078,0.352,True,28503,259466,259466,0,803654,,,10,77191,,2.7081710697119603,"{""block_cap"": 0.6, ""comm_weight"": 1e-06}",False,
case_061,1,1,5,capls,c7,0,0.129,0.453,True,33237,524508,524508,0,1068696,,,14,77191,,2.3224418569666336,"{""block_cap"": 0.08}",False,
case_061,1,1,5,capls,c8,0,0.337,0.479,True,51568,1064486,1064486,0,1608674,,,31,77191,,1.4968779087806392,"{""block_cap"": 0.005}",False,
case_061,1,1,5,capls,c9,0,0.085,0.377,True,30056,313482,313482,0,857670,,,12,77191,,2.568239286664892,"{""block_cap"": 0.35, ""max_ops"": 2000}",False,
case_061,1,1,5,capls,c10,0,0.061,0.823,True,28476,146708,146708,0,690896,,,8,77191,,2.710738867818514,"{""block_cap"": 0.35, ""cores_used"": 4}",False,
case_061,1,1,5,capls,c11,0,0.033,0.369,True,58009,195974,195974,0,740162,,,5,77191,,1.3306728266303505,"{""block_cap"": 0.35, ""cores_used"": 2}",False,
case_061,1,1,5,capls,c12,0,0.144,0.372,True,30911,854484,854484,0,1398672,,,20,77191,,2.497201643427906,"{""block_cap"": 0.35, ""init"": ""rr"", ""level_mode"": ""alap_fill""}",False,
case_061,1,1,5,capls,c13,0,0.155,0.372,True,30911,854484,854484,0,1398672,,,20,77191,,2.497201643427906,"{""block_cap"": 0.35, ""init"": ""rr"", ""level_mode"": ""alap_compress""}",False,
case_061,1,1,5,capls,sa1,0,0.36,0.358,True,23868,131118,131118,0,675306,,,11,77191,,3.2340791017261608,"{""anneal"": true, ""anneal_seconds"": 0.64}",False,
case_061,1,1,5,capls,sa2,0,0.397,0.396,True,23868,110638,110638,0,654826,,,9,77191,,3.2340791017261608,"{""anneal"": true, ""anneal_seconds"": 0.64}",False,
case_061,1,1,5,capls,sa3,0,0.357,0.356,True,23868,114734,114734,0,658922,,,10,77191,,3.2340791017261608,"{""anneal"": true, ""anneal_seconds"": 0.64}",False,
case_061,1,1,5,capls,_best,0,0.143,0.37,True,23868,110634,110634,0,654822,,,8,77191,,3.2340791017261608,"{""block_cap"": 0.35, ""init"": ""contig""}",True,results\plans\case_061_p1_n5_capls_best.json
case_060,1,1,4,capls,c0,0,0.275,10.115,True,271577,3870984,3184896,686088,5969990,,,4,888789,,3.27269614142582,"{""block_cap"": 0.35}",False,
case_060,1,1,4,capls,c1,0,0.259,10.115,True,271577,3870984,3184896,686088,5969990,,,4,888789,,3.27269614142582,"{""block_cap"": 0.15}",False,
case_060,1,1,4,capls,c2,0,0.424,8.275,True,232967,3690752,3062016,628736,5789758,,,4,888789,,3.8150853983611412,"{""block_cap"": 0.35, ""init"": ""rr""}",False,
case_060,1,1,4,capls,c3,0,0.469,9.035,True,232939,3217544,2652288,565256,5316550,,,4,888789,,3.8155439836180287,"{""block_cap"": 0.35, ""init"": ""contig""}",True,
case_060,1,1,4,capls,c4,0,0.281,2.066,True,286620,8109056,8100864,8192,10208062,,,89,888789,,3.100931546996023,"{""block_cap"": 0.35, ""subgraph_mode"": ""block""}",False,
case_060,1,1,4,capls,c5,0,0.443,2.309,True,242880,8109056,8100864,8192,10208062,,,89,888789,,3.659375,"{""block_cap"": 0.35, ""init"": ""rr"", ""subgraph_mode"": ""block""}",False,
case_060,1,1,4,capls,c6,0,0.269,10.115,True,271577,3870984,3184896,686088,5969990,,,4,888789,,3.27269614142582,"{""block_cap"": 0.6, ""comm_weight"": 1e-06}",False,
case_060,1,1,4,capls,c7,0,0.347,8.628,True,331258,4707652,3831580,876072,6806658,,,9,888789,,2.683071805058293,"{""block_cap"": 0.08}",False,
case_060,1,1,4,capls,c8,0,0.705,6.454,True,404695,14065938,13754636,311302,16164944,,,18,888789,,2.1961946651181754,"{""block_cap"": 0.005}",False,
case_060,1,1,4,capls,c9,0,0.228,10.115,True,271577,3870984,3184896,686088,5969990,,,4,888789,,3.27269614142582,"{""block_cap"": 0.35, ""max_ops"": 2000}",False,
case_060,1,1,4,capls,c10,0,0.253,10.301,True,339408,3284112,2406528,877584,5383118,,,3,888789,,2.6186448168575875,"{""block_cap"": 0.35, ""cores_used"": 3}",False,
case_060,1,1,4,capls,c11,0,0.158,11.16,True,475028,2948136,1198080,1750056,5047142,,,2,888789,,1.8710244448748283,"{""block_cap"": 0.35, ""cores_used"": 2}",False,
case_060,1,1,4,capls,c12,0,0.495,8.275,True,232967,3690752,3062016,628736,5789758,,,4,888789,,3.8150853983611412,"{""block_cap"": 0.35, ""init"": ""rr"", ""level_mode"": ""alap_fill""}",False,
case_060,1,1,4,capls,c13,0,0.385,8.275,True,232967,3690752,3062016,628736,5789758,,,4,888789,,3.8150853983611412,"{""block_cap"": 0.35, ""init"": ""rr"", ""level_mode"": ""alap_compress""}",False,
case_060,1,1,4,capls,sa1,0,6.413,6.394,True,243379,4896964,3971268,925696,6995970,,,5,888789,,3.651872182891704,"{""anneal"": true, ""anneal_seconds"": 18.209}",False,
case_060,1,1,4,capls,sa2,0,0.003,5.774,True,257914,5769762,5175842,593920,7868768,,,6,888789,,3.446067293749079,"{""anneal"": true, ""anneal_seconds"": 18.209}",False,
case_060,1,1,4,capls,sa3,0,0.003,6.52,True,244788,4442614,3856886,585728,6541620,,,5,888789,,3.6308520025491444,"{""anneal"": true, ""anneal_seconds"": 18.209}",False,
case_060,1,1,4,capls,_best,0,0.444,9.035,True,232939,3217544,2652288,565256,5316550,,,4,888789,,3.8155439836180287,"{""block_cap"": 0.35, ""init"": ""contig""}",True,results\plans\case_060_p1_n4_capls_best.json
case_059,1,1,2,capls,c0,0,0.069,1.084,True,369318,360448,360448,0,1703936,,,2,829473,,2.2459587672412393,"{""block_cap"": 0.35}",True,
case_059,1,1,2,capls,c1,0,0.08,1.084,True,369318,360448,360448,0,1703936,,,2,829473,,2.2459587672412393,"{""block_cap"": 0.15}",False,
case_059,1,1,2,capls,c2,0,0.063,1.084,True,369318,360448,360448,0,1703936,,,2,829473,,2.2459587672412393,"{""block_cap"": 0.35, ""init"": ""rr""}",False,
case_059,1,1,2,capls,c3,0,0.09,1.753,True,421538,2072576,720896,1351680,3416064,,,2,829473,,1.9677300741570154,"{""block_cap"": 0.35, ""init"": ""contig""}",False,
case_059,1,1,2,capls,c4,0,0.055,0.659,True,385500,7569408,7569408,0,8912896,,,64,829473,,2.15168093385214,"{""block_cap"": 0.35, ""subgraph_mode"": ""block""}",False,
case_059,1,1,2,capls,c5,0,0.053,0.659,True,385500,7569408,7569408,0,8912896,,,64,829473,,2.15168093385214,"{""block_cap"": 0.35, ""init"": ""rr"", ""subgraph_mode"": ""block""}",False,
case_059,1,1,2,capls,c6,0,0.054,1.084,True,369318,360448,360448,0,1703936,,,2,829473,,2.2459587672412393,"{""block_cap"": 0.6, ""comm_weight"": 1e-06}",False,
case_059,1,1,2,capls,c7,0,0.063,1.084,True,369318,360448,360448,0,1703936,,,2,829473,,2.2459587672412393,"{""block_cap"": 0.08}",False,
case_059,1,1,2,capls,c8,0,0.162,1.69,True,454545,9535488,9535488,0,10878976,,,5,829473,,1.8248424248424249,"{""block_cap"": 0.005}",False,
case_059,1,1,2,capls,c9,0,0.075,1.084,True,369318,360448,360448,0,1703936,,,2,829473,,2.2459587672412393,"{""block_cap"": 0.35, ""max_ops"": 2000}",False,
case_059,1,1,2,capls,c10,0,0.039,2.878,True,829473,1691648,0,1691648,3035136,,,1,829473,,1.0,"{""block_cap"": 0.35, ""cores_used"": 1}",False,
case_059,1,1,2,capls,c11,0,0.031,2.878,True,829473,1691648,0,1691648,3035136,,,1,829473,,1.0,"{""block_cap"": 0.35, ""cores_used"": 1}",False,
case_059,1,1,2,capls,c12,0,0.098,1.084,True,369318,360448,360448,0,1703936,,,2,829473,,2.2459587672412393,"{""block_cap"": 0.35, ""init"": ""rr"", ""level_mode"": ""alap_fill""}",False,
case_059,1,1,2,capls,c13,0,0.085,1.084,True,369318,360448,360448,0,1703936,,,2,829473,,2.2459587672412393,"{""block_cap"": 0.35, ""init"": ""rr"", ""level_mode"": ""alap_compress""}",False,
case_059,1,1,2,capls,sa1,0,0.002,2.004,True,419202,6094848,6094848,0,7438336,,,3,829473,,1.9786952352326563,"{""anneal"": true, ""anneal_seconds"": 48.633}",False,
case_059,1,1,2,capls,sa2,0,0.002,1.854,True,419202,6094848,6094848,0,7438336,,,3,829473,,1.9786952352326563,"{""anneal"": true, ""anneal_seconds"": 48.633}",False,
case_059,1,1,2,capls,sa3,0,0.926,0.916,True,738390,360448,360448,0,1703936,,,2,829473,,1.123353512371511,"{""anneal"": true, ""anneal_seconds"": 48.633}",False,
case_059,1,1,2,capls,_best,0,0.055,1.084,True,369318,360448,360448,0,1703936,,,2,829473,,2.2459587672412393,"{""block_cap"": 0.35}",True,results\plans\case_059_p1_n2_capls_best.json
case_060,1,1,5,capls,c0,0,0.305,8.246,True,237669,3887496,3625344,262152,5986502,,,5,888789,,3.739608447041894,"{""block_cap"": 0.35}",False,
case_060,1,1,5,capls,c1,0,0.37,8.246,True,237669,3887496,3625344,262152,5986502,,,5,888789,,3.739608447041894,"{""block_cap"": 0.15}",False,
case_060,1,1,5,capls,c2,0,0.613,9.628,True,196763,4039168,3850752,188416,6138174,,,5,888789,,4.517053511076778,"{""block_cap"": 0.35, ""init"": ""rr""}",False,
case_060,1,1,5,capls,c3,0,0.572,7.505,True,197518,3789960,3297408,492552,5888966,,,5,888789,,4.499787361151895,"{""block_cap"": 0.35, ""init"": ""contig""}",False,
case_060,1,1,5,capls,c4,0,0.421,2.732,True,256742,8109056,8100864,8192,10208062,,,89,888789,,3.461798225455905,"{""block_cap"": 0.35, ""subgraph_mode"": ""block""}",False,
case_060,1,1,5,capls,c5,0,0.6,2.347,True,209430,8109056,8100864,8192,10208062,,,89,888789,,4.243847586305687,"{""block_cap"": 0.35, ""init"": ""rr"", ""subgraph_mode"": ""block""}",False,
case_060,1,1,5,capls,c6,0,0.278,8.246,True,237669,3887496,3625344,262152,5986502,,,5,888789,,3.739608447041894,"{""block_cap"": 0.6, ""comm_weight"": 1e-06}",False,
case_060,1,1,5,capls,c7,0,0.792,7.495,True,271688,6273220,5430428,842792,8372226,,,12,888789,,3.2713590589205266,"{""block_cap"": 0.08}",False,
case_060,1,1,5,capls,c8,0,0.688,7.497,True,357583,13507928,13393234,114694,15606934,,,28,888789,,2.4855460130934635,"{""block_cap"": 0.005}",False,
case_060,1,1,5,capls,c9,0,0.343,8.246,True,237669,3887496,3625344,262152,5986502,,,5,888789,,3.739608447041894,"{""block_cap"": 0.35, ""max_ops"": 2000}",False,
case_060,1,1,5,capls,c10,0,0.34,10.71,True,271577,3870984,3184896,686088,5969990,,,4,888789,,3.27269614142582,"{""block_cap"": 0.35, ""cores_used"": 4}",False,
case_060,1,1,5,capls,c11,0,0.163,10.94,True,475028,2948136,1198080,1750056,5047142,,,2,888789,,1.8710244448748283,"{""block_cap"": 0.35, ""cores_used"": 2}",False,
case_060,1,1,5,capls,c12,0,0.628,9.628,True,196763,4039168,3850752,188416,6138174,,,5,888789,,4.517053511076778,"{""block_cap"": 0.35, ""init"": ""rr"", ""level_mode"": ""alap_fill""}",False,
case_060,1,1,5,capls,c13,0,0.655,9.628,True,196763,4039168,3850752,188416,6138174,,,5,888789,,4.517053511076778,"{""block_cap"": 0.35, ""init"": ""rr"", ""level_mode"": ""alap_compress""}",False,
case_060,1,1,5,capls,sa1,0,0.006,7.485,True,196599,5805988,5617572,188416,7904994,,,6,888789,,4.520821570811652,"{""anneal"": true, ""anneal_seconds"": 18.605}",True,
case_060,1,1,5,capls,sa2,0,7.792,7.761,True,201014,7187772,6999356,188416,9286778,,,7,888789,,4.4215278537813285,"{""anneal"": true, ""anneal_seconds"": 18.605}",False,
case_060,1,1,5,capls,sa3,0,0.004,7.978,True,201763,5439248,5324560,114688,7538254,,,6,888789,,4.405113920788252,"{""anneal"": true, ""anneal_seconds"": 18.605}",False,
case_060,1,1,5,capls,_best,0,,7.485,True,196599,5805988,,,,,,6,888789,,4.520821570811652,"{""anneal"": true}",True,results\plans\case_060_p1_n5_capls_best.json
case_060,1,1,3,capls,c0,0,0.145,9.451,True,339408,3284112,2406528,877584,5383118,,,3,888789,,2.6186448168575875,"{""block_cap"": 0.35}",False,
case_060,1,1,3,capls,c1,0,0.145,9.451,True,339408,3284112,2406528,877584,5383118,,,3,888789,,2.6186448168575875,"{""block_cap"": 0.15}",False,
case_060,1,1,3,capls,c2,0,0.237,10.861,True,311884,3114112,2345088,769024,5213118,,,3,888789,,2.8497422118479947,"{""block_cap"": 0.35, ""init"": ""rr""}",False,
case_060,1,1,3,capls,c3,0,0.5,9.609,True,369560,2916488,2160768,755720,5015494,,,3,888789,,2.4049924234224482,"{""block_cap"": 0.35, ""init"": ""contig""}",False,
case_060,1,1,3,capls,c4,0,0.18,1.795,True,356608,8109056,8100864,8192,10208062,,,89,888789,,2.4923417309763103,"{""block_cap"": 0.35, ""subgraph_mode"": ""block""}",False,
case_060,1,1,3,capls,c5,0,0.387,1.868,True,321366,8109056,8100864,8192,10208062,,,89,888789,,2.7656597150912043,"{""block_cap"": 0.35, ""init"": ""rr"", ""subgraph_mode"": ""block""}",False,
case_060,1,1,3,capls,c6,0,0.218,9.451,True,339408,3284112,2406528,877584,5383118,,,3,888789,,2.6186448168575875,"{""block_cap"": 0.6, ""comm_weight"": 1e-06}",False,
case_060,1,1,3,capls,c7,0,0.242,8.399,True,389278,4043960,3034256,1009704,6142966,,,6,888789,,2.2831729509502208,"{""block_cap"": 0.08}",False,
case_060,1,1,3,capls,c8,0,0.236,8.104,True,460178,13912288,13281494,630794,16011294,,,17,888789,,1.9314026311557702,"{""block_cap"": 0.005}",False,
case_060,1,1,3,capls,c9,0,0.205,9.934,True,338991,3267732,2463880,803852,5366738,,,4,888789,,2.621866067240723,"{""block_cap"": 0.35, ""max_ops"": 2000}",False,
case_060,1,1,3,capls,c10,0,0.138,10.953,True,475028,2948136,1198080,1750056,5047142,,,2,888789,,1.8710244448748283,"{""block_cap"": 0.35, ""cores_used"": 2}",False,
case_060,1,1,3,capls,c11,0,0.04,9.298,True,888789,2068520,0,2068520,4167526,,,1,888789,,1.0,"{""block_cap"": 0.35, ""cores_used"": 1}",False,
case_060,1,1,3,capls,c12,0,0.389,10.861,True,311884,3114112,2345088,769024,5213118,,,3,888789,,2.8497422118479947,"{""block_cap"": 0.35, ""init"": ""rr"", ""level_mode"": ""alap_fill""}",False,
case_060,1,1,3,capls,c13,0,0.331,10.861,True,311884,3114112,2345088,769024,5213118,,,3,888789,,2.8497422118479947,"{""block_cap"": 0.35, ""init"": ""rr"", ""level_mode"": ""alap_compress""}",False,
case_060,1,1,3,capls,sa1,0,0.006,10.716,True,311759,6119276,5504876,614400,8218282,,,4,888789,,2.8508848180806328,"{""anneal"": true, ""anneal_seconds"": 42.585}",True,
case_060,1,1,3,capls,sa2,0,0.005,11.24,True,314328,5892844,5454572,438272,7991850,,,4,888789,,2.8275845613499273,"{""anneal"": true, ""anneal_seconds"": 42.585}",False,
case_060,1,1,3,capls,sa3,0,0.005,9.921,True,329232,5748020,5222708,525312,7847026,,,4,888789,,2.6995826651115324,"{""anneal"": true, ""anneal_seconds"": 42.585}",False,
case_060,1,1,3,capls,_best,0,,10.716,True,311759,6119276,,,,,,4,888789,,2.8508848180806328,"{""anneal"": true}",True,results\plans\case_060_p1_n3_capls_best.json
case_063,1,1,4,capls,c0,0,0.421,6.817,True,273798,305664,305664,0,5326848,,,13,1070397,,3.9094405364538822,"{""block_cap"": 0.35}",False,
case_063,1,1,4,capls,c1,0,0.42,8.064,True,285252,327168,327168,0,5348352,,,14,1070397,,3.7524609818686634,"{""block_cap"": 0.15}",False,
case_063,1,1,4,capls,c2,0,0.305,8.729,True,274482,337920,337920,0,5359104,,,13,1070397,,3.8996983408748114,"{""block_cap"": 0.35, ""init"": ""rr""}",False,
case_063,1,1,4,capls,c3,0,0.316,7.743,True,271192,104448,104448,0,5125632,,,8,1070397,,3.947008023835511,"{""block_cap"": 0.35, ""init"": ""contig""}",True,
case_063,1,1,4,capls,c4,0,0.29,1.957,True,1082780,211968,211968,0,5233152,,,12,1070397,,0.9885636971499289,"{""block_cap"": 0.35, ""subgraph_mode"": ""block""}",False,
case_063,1,1,4,capls,c5,0,0.314,2.052,True,1083680,211968,211968,0,5233152,,,12,1070397,,0.987742691569467,"{""block_cap"": 0.35, ""init"": ""rr"", ""subgraph_mode"": ""block""}",False,
case_063,1,1,4,capls,c6,0,0.493,6.257,True,309528,95232,95232,0,5116416,,,8,1070397,,3.458158874156781,"{""block_cap"": 0.6, ""comm_weight"": 1e-06}",False,
case_063,1,1,4,capls,c7,0,0.832,6.721,True,287340,439296,439296,0,5460480,,,15,1070397,,3.7251931509709753,"{""block_cap"": 0.08}",False,
case_063,1,1,4,capls,sa1,0,6.209,6.173,True,271373,110592,110592,0,5131776,,,10,1070397,,3.9443754537113125,"{""anneal"": true, ""anneal_seconds"": 4.493}",False,
case_063,1,1,4,capls,sa2,0,5.986,5.976,True,271370,107520,107520,0,5128704,,,9,1070397,,3.944419058849541,"{""anneal"": true, ""anneal_seconds"": 4.493}",False,
case_063,1,1,4,capls,sa3,0,5.975,5.963,True,271192,104448,104448,0,5125632,,,8,1070397,,3.947008023835511,"{""anneal"": true, ""anneal_seconds"": 4.493}",False,
case_063,1,1,4,capls,_best,0,0.343,7.743,True,271192,104448,104448,0,5125632,,,8,1070397,,3.947008023835511,"{""block_cap"": 0.35, ""init"": ""contig""}",True,results\plans\case_063_p1_n4_capls_best.json
case_060,1,1,2,capls,c0,0,0.134,10.996,True,475028,2948136,1198080,1750056,5047142,,,2,888789,,1.8710244448748283,"{""block_cap"": 0.35}",False,
case_060,1,1,2,capls,c1,0,0.124,10.996,True,475028,2948136,1198080,1750056,5047142,,,2,888789,,1.8710244448748283,"{""block_cap"": 0.15}",False,
case_060,1,1,2,capls,c2,0,0.209,10.216,True,454346,2701324,1198080,1503244,4800330,,,2,888789,,1.9561941780053087,"{""block_cap"": 0.35, ""init"": ""rr""}",True,
case_060,1,1,2,capls,c3,0,0.244,10.016,True,488670,2318472,1208448,1110024,4417478,,,2,888789,,1.8187918227024373,"{""block_cap"": 0.35, ""init"": ""contig""}",False,
case_060,1,1,2,capls,c4,0,0.134,2.043,True,497636,8109056,8100864,8192,10208062,,,89,888789,,1.7860223134982196,"{""block_cap"": 0.35, ""subgraph_mode"": ""block""}",False,
case_060,1,1,2,capls,c5,0,0.188,1.694,True,468354,8109056,8100864,8192,10208062,,,89,888789,,1.897686365441525,"{""block_cap"": 0.35, ""init"": ""rr"", ""subgraph_mode"": ""block""}",False,
case_060,1,1,2,capls,c6,0,0.13,9.324,True,468800,2052124,460800,1591324,4151130,,,2,888789,,1.8958809726962458,"{""block_cap"": 0.6, ""comm_weight"": 1e-06}",False,
case_060,1,1,2,capls,c7,0,0.139,10.996,True,475028,2948136,1198080,1750056,5047142,,,2,888789,,1.8710244448748283,"{""block_cap"": 0.08}",False,
case_060,1,1,2,capls,c8,0,0.164,7.864,True,527166,7815382,6906032,909350,9914388,,,10,888789,,1.6859755750560546,"{""block_cap"": 0.005}",False,
case_060,1,1,2,capls,c9,0,0.187,7.296,True,474859,3035272,1554560,1480712,5134278,,,4,888789,,1.8716903333410548,"{""block_cap"": 0.35, ""max_ops"": 2000}",False,
case_060,1,1,2,capls,c10,0,0.059,10.022,True,888789,2068520,0,2068520,4167526,,,1,888789,,1.0,"{""block_cap"": 0.35, ""cores_used"": 1}",False,
case_060,1,1,2,capls,c11,0,0.048,10.022,True,888789,2068520,0,2068520,4167526,,,1,888789,,1.0,"{""block_cap"": 0.35, ""cores_used"": 1}",False,
case_060,1,1,2,capls,c12,0,0.162,10.216,True,454346,2701324,1198080,1503244,4800330,,,2,888789,,1.9561941780053087,"{""block_cap"": 0.35, ""init"": ""rr"", ""level_mode"": ""alap_fill""}",False,
case_060,1,1,2,capls,c13,0,0.147,10.216,True,454346,2701324,1198080,1503244,4800330,,,2,888789,,1.9561941780053087,"{""block_cap"": 0.35, ""init"": ""rr"", ""level_mode"": ""alap_compress""}",False,
case_060,1,1,2,capls,sa1,0,0.003,10.356,True,473646,6767796,5912756,855040,8866802,,,3,888789,,1.8764837030187103,"{""anneal"": true, ""anneal_seconds"": 77.005}",False,
case_060,1,1,2,capls,sa2,0,0.003,9.996,True,484699,6330340,5630296,700044,8429346,,,3,888789,,1.8336926628691208,"{""anneal"": true, ""anneal_seconds"": 77.005}",False,
case_060,1,1,2,capls,sa3,0,3.95,3.932,True,881107,2701324,1198080,1503244,4800330,,,2,888789,,1.0087185778798715,"{""anneal"": true, ""anneal_seconds"": 77.005}",False,
case_060,1,1,2,capls,_best,0,0.131,10.216,True,454346,2701324,1198080,1503244,4800330,,,2,888789,,1.9561941780053087,"{""block_cap"": 0.35, ""init"": ""rr""}",True,results\plans\case_060_p1_n2_capls_best.json
case_063,1,1,3,capls,c0,0,0.324,11.708,True,362061,172032,172032,0,5193216,,,9,1070397,,2.95639961222004,"{""block_cap"": 0.35}",False,
case_063,1,1,3,capls,c1,0,0.245,11.295,True,364164,391680,391680,0,5412864,,,12,1070397,,2.9393267868323063,"{""block_cap"": 0.15}",False,
case_063,1,1,3,capls,c2,0,0.205,10.058,True,362295,218112,218112,0,5239296,,,9,1070397,,2.9544901254502545,"{""block_cap"": 0.35, ""init"": ""rr""}",False,
case_063,1,1,3,capls,c3,0,0.262,10.283,True,360125,67584,67584,0,5088768,,,6,1070397,,2.9722929538354737,"{""block_cap"": 0.35, ""init"": ""contig""}",False,
case_063,1,1,3,capls,c4,0,0.213,2.649,True,1078109,122880,122880,0,5144064,,,9,1070397,,0.9928467344211022,"{""block_cap"": 0.35, ""subgraph_mode"": ""block""}",False,
case_063,1,1,3,capls,c5,0,0.226,2.769,True,1079909,122880,122880,0,5144064,,,9,1070397,,0.9911918504244339,"{""block_cap"": 0.35, ""init"": ""rr"", ""subgraph_mode"": ""block""}",False,
case_063,1,1,3,capls,c6,0,0.232,9.005,True,360120,105984,105984,0,5127168,,,7,1070397,,2.9723342219260247,"{""block_cap"": 0.6, ""comm_weight"": 1e-06}",False,
case_063,1,1,3,capls,c7,0,0.547,8.926,True,372102,373248,373248,0,5394432,,,12,1070397,,2.876622538981247,"{""block_cap"": 0.08}",False,
case_063,1,1,3,capls,sa1,0,12.357,12.324,True,359105,5495808,5495808,0,10516992,,,11,1070397,,2.980735439495412,"{""anneal"": true, ""anneal_seconds"": 2.028}",True,
case_063,1,1,3,capls,sa2,0,12.791,12.778,True,359311,5501952,5501952,0,10523136,,,12,1070397,,2.9790265257673716,"{""anneal"": true, ""anneal_seconds"": 2.028}",False,
case_063,1,1,3,capls,sa3,0,12.791,12.773,True,359470,5511168,5511168,0,10532352,,,14,1070397,,2.97770884913901,"{""anneal"": true, ""anneal_seconds"": 2.028}",False,
case_063,1,1,3,capls,_best,0,,12.324,True,359105,5495808,,,,,,11,1070397,,2.980735439495412,"{""anneal"": true}",True,results\plans\case_063_p1_n3_capls_best.json
case_064,1,1,3,capls,c0,0,0.145,0.15,True,21307,90320,90320,0,127734,,,14,19116,,0.8971699441498099,"{""block_cap"": 0.35}",False,
case_064,1,1,3,capls,c1,0,0.148,0.228,True,32527,202428,202428,0,239842,,,54,19116,,0.5876963753189658,"{""block_cap"": 0.15}",False,
case_064,1,1,3,capls,c2,0,0.064,0.189,True,17695,115524,115524,0,152938,,,30,19116,,1.0803051709522464,"{""block_cap"": 0.35, ""init"": ""rr""}",False,
case_064,1,1,3,capls,c3,0,0.045,0.153,True,21081,11468,11468,0,48882,,,5,19116,,0.9067881030311655,"{""block_cap"": 0.35, ""init"": ""contig""}",False,
case_064,1,1,3,capls,c4,0,0.059,0.217,True,25206,124826,124826,0,162240,,,69,19116,,0.7583908593192097,"{""block_cap"": 0.35, ""subgraph_mode"": ""block""}",False,
case_064,1,1,3,capls,c5,0,0.066,0.159,True,27509,124826,124826,0,162240,,,69,19116,,0.6948998509578683,"{""block_cap"": 0.35, ""init"": ""rr"", ""subgraph_mode"": ""block""}",False,
case_064,1,1,3,capls,c6,0,0.043,0.143,True,18078,111064,111064,0,148478,,,16,19116,,1.0574178559575174,"{""block_cap"": 0.6, ""comm_weight"": 1e-06}",False,
case_064,1,1,3,capls,c7,0,0.141,0.228,True,32527,202428,202428,0,239842,,,54,19116,,0.5876963753189658,"{""block_cap"": 0.08}",False,
case_064,1,1,3,capls,c8,0,0.188,0.381,True,71100,342742,342742,0,380156,,,153,19116,,0.2688607594936709,"{""block_cap"": 0.005}",False,
case_064,1,1,3,capls,c9,0,0.066,0.15,True,21307,90320,90320,0,127734,,,14,19116,,0.8971699441498099,"{""block_cap"": 0.35, ""max_ops"": 2000}",False,
case_064,1,1,3,capls,c10,0,0.03,0.132,True,25460,63458,63458,0,100872,,,11,19116,,0.7508248232521603,"{""block_cap"": 0.35, ""cores_used"": 2}",False,
case_064,1,1,3,capls,c11,0,0.014,0.192,True,19116,0,0,0,37414,,,1,19116,,1.0,"{""block_cap"": 0.35, ""cores_used"": 1}",False,
case_064,1,1,3,capls,c12,0,0.067,0.242,True,17646,117382,117382,0,154796,,,30,19116,,1.083304998299898,"{""block_cap"": 0.35, ""init"": ""rr"", ""level_mode"": ""alap_fill""}",True,
case_064,1,1,3,capls,c13,0,0.061,0.242,True,17646,117382,117382,0,154796,,,30,19116,,1.083304998299898,"{""block_cap"": 0.35, ""init"": ""rr"", ""level_mode"": ""alap_compress""}",False,
case_064,1,1,3,capls,sa1,0,0.168,0.164,True,17769,125318,125318,0,162732,,,33,19116,,1.0758061793010298,"{""anneal"": true, ""anneal_seconds"": 0.731}",False,
case_064,1,1,3,capls,sa2,0,0.168,0.167,True,17763,118406,118406,0,155820,,,31,19116,,1.0761695659516974,"{""anneal"": true, ""anneal_seconds"": 0.731}",False,
case_064,1,1,3,capls,sa3,0,0.155,0.154,True,17763,123014,123014,0,160428,,,32,19116,,1.0761695659516974,"{""anneal"": true, ""anneal_seconds"": 0.731}",False,
case_064,1,1,3,capls,_best,0,0.066,0.242,True,17646,117382,117382,0,154796,,,30,19116,,1.083304998299898,"{""block_cap"": 0.35, ""init"": ""rr"", ""level_mode"": ""alap_fill""}",True,results\plans\case_064_p1_n3_capls_best.json
case_064,1,1,4,capls,c0,0,0.057,0.193,True,19246,102756,102756,0,140170,,,25,19116,,0.993245349683051,"{""block_cap"": 0.35}",False,
case_064,1,1,4,capls,c1,0,0.178,0.307,True,38171,230382,230382,0,267796,,,86,19116,,0.5007990359173194,"{""block_cap"": 0.15}",False,
case_064,1,1,4,capls,c2,0,0.091,0.204,True,18511,122110,122110,0,159524,,,35,19116,,1.0326832694073793,"{""block_cap"": 0.35, ""init"": ""rr""}",False,
case_064,1,1,4,capls,c3,0,0.054,0.167,True,22221,44912,44912,0,82326,,,8,19116,,0.8602673147023087,"{""block_cap"": 0.35, ""init"": ""contig""}",False,
case_064,1,1,4,capls,c4,0,0.082,0.178,True,28468,124826,124826,0,162240,,,69,19116,,0.671490796683996,"{""block_cap"": 0.35, ""subgraph_mode"": ""block""}",False,
case_064,1,1,4,capls,c5,0,0.072,0.203,True,24807,124826,124826,0,162240,,,69,19116,,0.7705889466682792,"{""block_cap"": 0.35, ""init"": ""rr"", ""subgraph_mode"": ""block""}",False,
case_064,1,1,4,capls,c6,0,0.106,0.154,True,20120,99098,99098,0,136512,,,19,19116,,0.9500994035785288,"{""block_cap"": 0.6, ""comm_weight"": 1e-06}",False,
case_064,1,1,4,capls,c7,0,0.157,0.325,True,39636,244970,244970,0,282384,,,92,19116,,0.4822888283378747,"{""block_cap"": 0.08}",False,
case_064,1,1,4,capls,c8,0,0.432,0.43,True,69743,337184,337184,0,374598,,,181,19116,,0.27409202357225815,"{""block_cap"": 0.005}",False,
case_064,1,1,4,capls,c9,0,0.094,0.193,True,19246,102756,102756,0,140170,,,25,19116,,0.993245349683051,"{""block_cap"": 0.35, ""max_ops"": 2000}",False,
case_064,1,1,4,capls,c10,0,0.061,0.132,True,21307,90320,90320,0,127734,,,14,19116,,0.8971699441498099,"{""block_cap"": 0.35, ""cores_used"": 3}",False,
case_064,1,1,4,capls,c11,0,0.018,0.186,True,25460,63458,63458,0,100872,,,11,19116,,0.7508248232521603,"{""block_cap"": 0.35, ""cores_used"": 2}",False,
case_064,1,1,4,capls,c12,0,0.057,0.337,True,18324,125156,125156,0,162570,,,39,19116,,1.043222003929273,"{""block_cap"": 0.35, ""init"": ""rr"", ""level_mode"": ""alap_fill""}",False,
case_064,1,1,4,capls,c13,0,0.058,0.337,True,18324,125156,125156,0,162570,,,39,19116,,1.043222003929273,"{""block_cap"": 0.35, ""init"": ""rr"", ""level_mode"": ""alap_compress""}",False,
case_064,1,1,4,capls,sa1,0,0.185,0.184,True,17788,151968,151968,0,189382,,,58,19116,,1.0746570721834945,"{""anneal"": true, ""anneal_seconds"": 1.048}",True,
case_064,1,1,4,capls,sa2,0,0.167,0.165,True,17788,150944,150944,0,188358,,,56,19116,,1.0746570721834945,"{""anneal"": true, ""anneal_seconds"": 1.048}",False,
case_064,1,1,4,capls,sa3,0,0.154,0.153,True,17788,151968,151968,0,189382,,,57,19116,,1.0746570721834945,"{""anneal"": true, ""anneal_seconds"": 1.048}",False,
case_064,1,1,4,capls,_best,0,,0.184,True,17788,151968,,,,,,58,19116,,1.0746570721834945,"{""anneal"": true}",True,results\plans\case_064_p1_n4_capls_best.json
case_064,1,1,5,capls,c0,0,0.198,0.219,True,33246,198866,198866,0,236280,,,76,19116,,0.5749864645370871,"{""block_cap"": 0.35}",False,
case_064,1,1,5,capls,c1,0,0.305,0.219,True,33246,198866,198866,0,236280,,,76,19116,,0.5749864645370871,"{""block_cap"": 0.15}",False,
case_064,1,1,5,capls,c2,0,0.264,0.309,True,34984,224552,224552,0,261966,,,89,19116,,0.5464212211296593,"{""block_cap"": 0.35, ""init"": ""rr""}",False,
case_064,1,1,5,capls,c3,0,0.298,0.18,True,22948,68758,68758,0,106172,,,11,19116,,0.8330137702632038,"{""block_cap"": 0.35, ""init"": ""contig""}",False,
case_064,1,1,5,capls,c4,0,0.324,0.427,True,77532,299090,299090,0,336504,,,273,19116,,0.2465562606407677,"{""block_cap"": 0.35, ""subgraph_mode"": ""block""}",False,
case_064,1,1,5,capls,c5,0,0.242,0.334,True,72742,299090,299090,0,336504,,,273,19116,,0.26279178466360564,"{""block_cap"": 0.35, ""init"": ""rr"", ""subgraph_mode"": ""block""}",False,
case_064,1,1,5,capls,c6,0,0.042,0.155,True,18500,98176,98176,0,135590,,,26,19116,,1.0332972972972974,"{""block_cap"": 0.6, ""comm_weight"": 1e-06}",False,
case_064,1,1,5,capls,c7,0,0.197,0.286,True,35865,200368,200368,0,237782,,,76,19116,,0.5329987452948557,"{""block_cap"": 0.08}",False,
case_064,1,1,5,capls,c8,0,0.301,0.461,True,78746,336648,336648,0,374062,,,232,19116,,0.24275518756508266,"{""block_cap"": 0.005}",False,
case_064,1,1,5,capls,c9,0,0.199,0.219,True,33246,198866,198866,0,236280,,,76,19116,,0.5749864645370871,"{""block_cap"": 0.35, ""max_ops"": 2000}",False,
case_064,1,1,5,capls,c10,0,0.056,0.138,True,19246,102756,102756,0,140170,,,25,19116,,0.993245349683051,"{""block_cap"": 0.35, ""cores_used"": 4}",False,
case_064,1,1,5,capls,c11,0,0.018,0.153,True,25460,63458,63458,0,100872,,,11,19116,,0.7508248232521603,"{""block_cap"": 0.35, ""cores_used"": 2}",False,
case_064,1,1,5,capls,c12,0,0.181,0.329,True,34333,243824,243824,0,281238,,,110,19116,,0.5567821046806279,"{""block_cap"": 0.35, ""init"": ""rr"", ""level_mode"": ""alap_fill""}",False,
case_064,1,1,5,capls,c13,0,0.247,0.329,True,34333,243824,243824,0,281238,,,110,19116,,0.5567821046806279,"{""block_cap"": 0.35, ""init"": ""rr"", ""level_mode"": ""alap_compress""}",False,
case_064,1,1,5,capls,sa1,0,0.252,0.251,True,16068,165088,165088,0,202502,,,39,19116,,1.1896938013442868,"{""anneal"": true, ""anneal_seconds"": 0.702}",True,
case_064,1,1,5,capls,sa2,0,0.416,0.414,True,16227,161982,161982,0,199396,,,38,19116,,1.178036605657238,"{""anneal"": true, ""anneal_seconds"": 0.702}",False,
case_064,1,1,5,capls,sa3,0,0.225,0.224,True,16068,165088,165088,0,202502,,,39,19116,,1.1896938013442868,"{""anneal"": true, ""anneal_seconds"": 0.702}",False,
case_064,1,1,5,capls,_best,0,,0.251,True,16068,165088,,,,,,39,19116,,1.1896938013442868,"{""anneal"": true}",True,results\plans\case_064_p1_n5_capls_best.json
case_063,1,1,2,capls,c0,0,0.259,17.17,True,541861,168960,168960,0,5190144,,,6,1070397,,1.9754088225578146,"{""block_cap"": 0.35}",False,
case_063,1,1,2,capls,c1,0,0.189,16.201,True,541235,222720,222720,0,5243904,,,9,1070397,,1.977693608136946,"{""block_cap"": 0.15}",False,
case_063,1,1,2,capls,c2,0,0.169,14.138,True,541861,168960,168960,0,5190144,,,6,1070397,,1.9754088225578146,"{""block_cap"": 0.35, ""init"": ""rr""}",False,
case_063,1,1,2,capls,c3,0,0.144,14.361,True,538025,38400,38400,0,5059584,,,3,1070397,,1.9894930532967798,"{""block_cap"": 0.35, ""init"": ""contig""}",False,
case_063,1,1,2,capls,c4,0,0.217,3.253,True,1076594,116736,116736,0,5137920,,,6,1070397,,0.9942438839525393,"{""block_cap"": 0.35, ""subgraph_mode"": ""block""}",False,
case_063,1,1,2,capls,c5,0,0.207,3.271,True,1076594,116736,116736,0,5137920,,,6,1070397,,0.9942438839525393,"{""block_cap"": 0.35, ""init"": ""rr"", ""subgraph_mode"": ""block""}",False,
case_063,1,1,2,capls,c6,0,0.207,15.045,True,537888,76800,76800,0,5097984,,,5,1070397,,1.9899997769052293,"{""block_cap"": 0.6, ""comm_weight"": 1e-06}",True,
case_063,1,1,2,capls,c7,0,0.329,12.947,True,561972,253440,253440,0,5274624,,,7,1070397,,1.9047158933185284,"{""block_cap"": 0.08}",False,
case_063,1,1,2,capls,sa1,0,14.966,14.911,True,540219,9976320,9976320,0,14997504,,,17,1070397,,1.9814130935787153,"{""anneal"": true, ""anneal_seconds"": 13.374}",False,
case_063,1,1,2,capls,sa2,0,14.012,13.994,True,555600,6991872,6991872,0,12013056,,,15,1070397,,1.9265604751619871,"{""anneal"": true, ""anneal_seconds"": 13.374}",False,
case_063,1,1,2,capls,sa3,0,12.857,12.843,True,555876,6991872,6991872,0,12013056,,,16,1070397,,1.9256039116637524,"{""anneal"": true, ""anneal_seconds"": 13.374}",False,
case_063,1,1,2,capls,_best,0,0.245,15.045,True,537888,76800,76800,0,5097984,,,5,1070397,,1.9899997769052293,"{""block_cap"": 0.6, ""comm_weight"": 1e-06}",True,results\plans\case_063_p1_n2_capls_best.json
case_063,1,1,5,capls,c0,0,0.352,6.122,True,221728,317952,317952,0,5339136,,,16,1070397,,4.827522910953961,"{""block_cap"": 0.35}",False,
case_063,1,1,5,capls,c1,0,0.876,5.447,True,228689,417792,417792,0,5438976,,,15,1070397,,4.680579302021522,"{""block_cap"": 0.15}",False,
case_063,1,1,5,capls,c2,0,0.383,5.287,True,222078,408576,408576,0,5429760,,,19,1070397,,4.81991462459136,"{""block_cap"": 0.35, ""init"": ""rr""}",False,
case_063,1,1,5,capls,c3,0,0.342,5.413,True,219045,132096,132096,0,5153280,,,11,1070397,,4.886653427377936,"{""block_cap"": 0.35, ""init"": ""contig""}",False,
case_063,1,1,5,capls,c4,0,0.305,2.695,True,1084235,248832,248832,0,5270016,,,15,1070397,,0.9872370842114486,"{""block_cap"": 0.35, ""subgraph_mode"": ""block""}",False,
case_063,1,1,5,capls,c5,0,0.602,1.949,True,1086935,248832,248832,0,5270016,,,15,1070397,,0.984784738737827,"{""block_cap"": 0.35, ""init"": ""rr"", ""subgraph_mode"": ""block""}",False,
case_063,1,1,5,capls,c6,0,0.652,4.365,True,242899,122880,122880,0,5144064,,,11,1070397,,4.4067575412002515,"{""block_cap"": 0.6, ""comm_weight"": 1e-06}",False,
case_063,1,1,5,capls,c7,0,0.469,4.49,True,230565,571392,571392,0,5592576,,,18,1070397,,4.642495608613623,"{""block_cap"": 0.08}",False,
case_063,1,1,5,capls,sa1,0,5.716,5.707,True,220946,1391616,1391616,0,6412800,,,12,1070397,,4.8446090900038925,"{""anneal"": true, ""anneal_seconds"": 4.734}",False,
case_063,1,1,5,capls,sa2,0,5.653,5.641,True,219181,1391616,1391616,0,6412800,,,12,1070397,,4.883621299291454,"{""anneal"": true, ""anneal_seconds"": 4.734}",False,
case_063,1,1,5,capls,sa3,0,6.708,6.697,True,218990,2113536,2113536,0,7134720,,,13,1070397,,4.887880725147267,"{""anneal"": true, ""anneal_seconds"": 4.734}",True,
case_063,1,1,5,capls,_best,0,,6.697,True,218990,2113536,,,,,,13,1070397,,4.887880725147267,"{""anneal"": true}",True,results\plans\case_063_p1_n5_capls_best.json
case_058,1,1,5,capls,c0,0,0.954,43.954,True,1157950,29040640,8110080,20930560,36708352,,,5,4539717,,3.920477568116067,"{""block_cap"": 0.35}",False,
case_058,1,1,5,capls,c1,0,1.214,29.439,True,1004819,32104448,18382848,13721600,39772160,,,5,4539717,,4.517945022934478,"{""block_cap"": 0.15}",True,
case_058,1,1,5,capls,c2,0,0.849,43.954,True,1157950,29040640,8110080,20930560,36708352,,,5,4539717,,3.920477568116067,"{""block_cap"": 0.35, ""init"": ""rr""}",False,
case_058,1,1,5,capls,c3,0,0.723,43.125,True,1157950,29040640,8110080,20930560,36708352,,,5,4539717,,3.920477568116067,"{""block_cap"": 0.35, ""init"": ""contig""}",False,
case_058,1,1,5,capls,sa1,0,44.859,44.758,True,1175257,45613056,32276480,13336576,53280768,,,6,4539717,,3.862744063638847,"{""anneal"": true, ""anneal_seconds"": 67.448}",False,
case_058,1,1,5,capls,sa2,0,0.021,75.237,True,1175257,45613056,32276480,13336576,53280768,,,6,4539717,,3.862744063638847,"{""anneal"": true, ""anneal_seconds"": 67.448}",False,
case_058,1,1,5,capls,sa3,0,0.01,68.129,True,1175257,45613056,32276480,13336576,53280768,,,6,4539717,,3.862744063638847,"{""anneal"": true, ""anneal_seconds"": 67.448}",False,
case_058,1,1,5,capls,_best,0,1.094,29.439,True,1004819,32104448,18382848,13721600,39772160,,,5,4539717,,4.517945022934478,"{""block_cap"": 0.15}",True,results\plans\case_058_p1_n5_capls_best.json
case_065,1,1,3,capls,c0,0,0.017,0.129,True,17966,27648,27648,0,343850,,,3,53068,,2.953801625292219,"{""block_cap"": 0.35}",True,
case_065,1,1,3,capls,c1,0,0.11,0.177,True,21271,376682,376682,0,692884,,,9,53068,,2.494852146114428,"{""block_cap"": 0.15}",False,
case_065,1,1,3,capls,c2,0,0.034,0.211,True,18164,27648,27648,0,343850,,,3,53068,,2.9216031711076855,"{""block_cap"": 0.35, ""init"": ""rr""}",False,
case_065,1,1,3,capls,c3,0,0.063,0.167,True,18968,27648,27648,0,343850,,,3,53068,,2.79776465626318,"{""block_cap"": 0.35, ""init"": ""contig""}",False,
case_065,1,1,3,capls,c4,0,0.02,0.144,True,21420,110592,110592,0,426794,,,35,53068,,2.47749766573296,"{""block_cap"": 0.35, ""subgraph_mode"": ""block""}",False,
case_065,1,1,3,capls,c5,0,0.036,0.11,True,21992,110592,110592,0,426794,,,35,53068,,2.4130592942888325,"{""block_cap"": 0.35, ""init"": ""rr"", ""subgraph_mode"": ""block""}",False,
case_065,1,1,3,capls,c6,0,0.025,0.129,True,17966,27648,27648,0,343850,,,3,53068,,2.953801625292219,"{""block_cap"": 0.6, ""comm_weight"": 1e-06}",False,
case_065,1,1,3,capls,c7,0,0.038,0.17,True,24163,304992,304992,0,621194,,,16,53068,,2.1962504655878825,"{""block_cap"": 0.08}",False,
case_065,1,1,3,capls,c8,0,0.202,0.186,True,31107,568372,568372,0,884574,,,18,53068,,1.705982576269007,"{""block_cap"": 0.005}",False,
case_065,1,1,3,capls,c9,0,0.023,0.129,True,17966,27648,27648,0,343850,,,3,53068,,2.953801625292219,"{""block_cap"": 0.35, ""max_ops"": 2000}",False,
case_065,1,1,3,capls,c10,0,0.012,0.193,True,27484,13824,13824,0,330026,,,2,53068,,1.9308688691602387,"{""block_cap"": 0.35, ""cores_used"": 2}",False,
case_065,1,1,3,capls,c11,0,0.005,0.21,True,53068,0,0,0,316202,,,1,53068,,1.0,"{""block_cap"": 0.35, ""cores_used"": 1}",False,
case_065,1,1,3,capls,c12,0,0.028,0.211,True,18164,27648,27648,0,343850,,,3,53068,,2.9216031711076855,"{""block_cap"": 0.35, ""init"": ""rr"", ""level_mode"": ""alap_fill""}",False,
case_065,1,1,3,capls,c13,0,0.031,0.211,True,18164,27648,27648,0,343850,,,3,53068,,2.9216031711076855,"{""block_cap"": 0.35, ""init"": ""rr"", ""level_mode"": ""alap_compress""}",False,
case_065,1,1,3,capls,sa1,0,0.001,0.196,True,18055,94544,94544,0,410746,,,4,53068,,2.939241207421767,"{""anneal"": true, ""anneal_seconds"": 5.037}",False,
case_065,1,1,3,capls,sa2,0,0.001,0.202,True,18178,100428,100428,0,416630,,,4,53068,,2.91935306414347,"{""anneal"": true, ""anneal_seconds"": 5.037}",False,
case_065,1,1,3,capls,sa3,0,0.001,0.201,True,17966,94032,94032,0,410234,,,4,53068,,2.953801625292219,"{""anneal"": true, ""anneal_seconds"": 5.037}",False,
case_065,1,1,3,capls,_best,0,0.025,0.129,True,17966,27648,27648,0,343850,,,3,53068,,2.953801625292219,"{""block_cap"": 0.35}",True,results\plans\case_065_p1_n3_capls_best.json
case_065,1,1,2,capls,c0,0,0.011,0.209,True,27484,13824,13824,0,330026,,,2,53068,,1.9308688691602387,"{""block_cap"": 0.35}",False,
case_065,1,1,2,capls,c1,0,0.011,0.209,True,27484,13824,13824,0,330026,,,2,53068,,1.9308688691602387,"{""block_cap"": 0.15}",False,
case_065,1,1,2,capls,c2,0,0.015,0.209,True,27668,13824,13824,0,330026,,,2,53068,,1.9180280468411162,"{""block_cap"": 0.35, ""init"": ""rr""}",False,
case_065,1,1,2,capls,c3,0,0.034,0.209,True,26219,13824,13824,0,330026,,,2,53068,,2.0240283763682827,"{""block_cap"": 0.35, ""init"": ""contig""}",False,
case_065,1,1,2,capls,c4,0,0.019,0.157,True,32740,110592,110592,0,426794,,,35,53068,,1.620891875381796,"{""block_cap"": 0.35, ""subgraph_mode"": ""block""}",False,
case_065,1,1,2,capls,c5,0,0.025,0.168,True,31785,110592,110592,0,426794,,,35,53068,,1.6695925751140475,"{""block_cap"": 0.35, ""init"": ""rr"", ""subgraph_mode"": ""block""}",False,
case_065,1,1,2,capls,c6,0,0.019,0.209,True,27484,13824,13824,0,330026,,,2,53068,,1.9308688691602387,"{""block_cap"": 0.6, ""comm_weight"": 1e-06}",False,
case_065,1,1,2,capls,c7,0,0.055,0.141,True,32591,503772,503772,0,819974,,,6,53068,,1.6283022920438157,"{""block_cap"": 0.08}",False,
case_065,1,1,2,capls,c8,0,0.045,0.164,True,35584,664628,664628,0,980830,,,10,53068,,1.4913444244604317,"{""block_cap"": 0.005}",False,
case_065,1,1,2,capls,c9,0,0.019,0.209,True,27484,13824,13824,0,330026,,,2,53068,,1.9308688691602387,"{""block_cap"": 0.35, ""max_ops"": 2000}",False,
case_065,1,1,2,capls,c10,0,0.009,0.209,True,53068,0,0,0,316202,,,1,53068,,1.0,"{""block_cap"": 0.35, ""cores_used"": 1}",False,
case_065,1,1,2,capls,c11,0,0.009,0.209,True,53068,0,0,0,316202,,,1,53068,,1.0,"{""block_cap"": 0.35, ""cores_used"": 1}",False,
case_065,1,1,2,capls,c12,0,0.027,0.209,True,27668,13824,13824,0,330026,,,2,53068,,1.9180280468411162,"{""block_cap"": 0.35, ""init"": ""rr"", ""level_mode"": ""alap_fill""}",False,
case_065,1,1,2,capls,c13,0,0.028,0.209,True,27668,13824,13824,0,330026,,,2,53068,,1.9180280468411162,"{""block_cap"": 0.35, ""init"": ""rr"", ""level_mode"": ""alap_compress""}",False,
case_065,1,1,2,capls,sa1,0,0.001,0.192,True,22981,110228,110228,0,426430,,,3,53068,,2.3092119577041905,"{""anneal"": true, ""anneal_seconds"": 9.864}",True,
case_065,1,1,2,capls,sa2,0,0.001,0.19,True,27261,96752,96752,0,412954,,,3,53068,,1.9466637320714575,"{""anneal"": true, ""anneal_seconds"": 9.864}",False,
case_065,1,1,2,capls,sa3,0,0.001,0.395,True,49213,13824,13824,0,330026,,,2,53068,,1.0783329608030399,"{""anneal"": true, ""anneal_seconds"": 9.864}",False,
case_065,1,1,2,capls,_best,0,,0.192,True,22981,110228,,,,,,3,53068,,2.3092119577041905,"{""anneal"": true}",True,results\plans\case_065_p1_n2_capls_best.json
case_065,1,1,5,capls,c0,0,0.033,0.189,True,11421,55296,55296,0,371498,,,5,53068,,4.646528325015323,"{""block_cap"": 0.35}",True,
case_065,1,1,5,capls,c1,0,0.12,0.197,True,18527,193984,193984,0,510186,,,13,53068,,2.864360123063637,"{""block_cap"": 0.15}",False,
case_065,1,1,5,capls,c2,0,0.062,0.183,True,12643,55296,55296,0,371498,,,5,53068,,4.197421498062169,"{""block_cap"": 0.35, ""init"": ""rr""}",False,
case_065,1,1,5,capls,c3,0,0.069,0.187,True,13453,41472,41472,0,357674,,,5,53068,,3.9446963502564483,"{""block_cap"": 0.35, ""init"": ""contig""}",False,
case_065,1,1,5,capls,c4,0,0.039,0.164,True,15107,110592,110592,0,426794,,,35,53068,,3.512808631760111,"{""block_cap"": 0.35, ""subgraph_mode"": ""block""}",False,
case_065,1,1,5,capls,c5,0,0.064,0.17,True,14975,110592,110592,0,426794,,,35,53068,,3.543772954924875,"{""block_cap"": 0.35, ""init"": ""rr"", ""subgraph_mode"": ""block""}",False,
case_065,1,1,5,capls,c6,0,0.039,0.189,True,11421,55296,55296,0,371498,,,5,53068,,4.646528325015323,"{""block_cap"": 0.6, ""comm_weight"": 1e-06}",False,
case_065,1,1,5,capls,c7,0,0.124,0.167,True,20887,445666,445666,0,761868,,,15,53068,,2.5407191075788766,"{""block_cap"": 0.08}",False,
case_065,1,1,5,capls,c8,0,0.241,0.2,True,28589,583264,583264,0,899466,,,35,53068,,1.8562384133757739,"{""block_cap"": 0.005}",False,
case_065,1,1,5,capls,c9,0,0.04,0.189,True,11421,55296,55296,0,371498,,,5,53068,,4.646528325015323,"{""block_cap"": 0.35, ""max_ops"": 2000}",False,
case_065,1,1,5,capls,c10,0,0.073,0.179,True,13745,41472,41472,0,357674,,,4,53068,,3.860894870862132,"{""block_cap"": 0.35, ""cores_used"": 4}",False,
case_065,1,1,5,capls,c11,0,0.02,0.178,True,27484,13824,13824,0,330026,,,2,53068,,1.9308688691602387,"{""block_cap"": 0.35, ""cores_used"": 2}",False,
case_065,1,1,5,capls,c12,0,0.067,0.183,True,12643,55296,55296,0,371498,,,5,53068,,4.197421498062169,"{""block_cap"": 0.35, ""init"": ""rr"", ""level_mode"": ""alap_fill""}",False,
case_065,1,1,5,capls,c13,0,0.067,0.183,True,12643,55296,55296,0,371498,,,5,53068,,4.197421498062169,"{""block_cap"": 0.35, ""init"": ""rr"", ""level_mode"": ""alap_compress""}",False,
case_065,1,1,5,capls,sa1,0,0.001,0.229,True,11421,91402,91402,0,407604,,,6,53068,,4.646528325015323,"{""anneal"": true, ""anneal_seconds"": 2.323}",False,
case_065,1,1,5,capls,sa2,0,0.0,0.207,True,11957,96200,96200,0,412402,,,6,53068,,4.438237015973907,"{""anneal"": true, ""anneal_seconds"": 2.323}",False,
case_065,1,1,5,capls,sa3,0,0.0,0.197,True,11696,95508,95508,0,411710,,,6,53068,,4.537277701778386,"{""anneal"": true, ""anneal_seconds"": 2.323}",False,
case_065,1,1,5,capls,_best,0,0.027,0.189,True,11421,55296,55296,0,371498,,,5,53068,,4.646528325015323,"{""block_cap"": 0.35}",True,results\plans\case_065_p1_n5_capls_best.json
case_065,1,1,4,capls,c0,0,0.07,0.194,True,13745,41472,41472,0,357674,,,4,53068,,3.860894870862132,"{""block_cap"": 0.35}",True,
case_065,1,1,4,capls,c1,0,0.093,0.194,True,23608,276194,276194,0,592396,,,16,53068,,2.247882073873263,"{""block_cap"": 0.15}",False,
case_065,1,1,4,capls,c2,0,0.069,0.205,True,14019,41472,41472,0,357674,,,4,53068,,3.78543405378415,"{""block_cap"": 0.35, ""init"": ""rr""}",False,
case_065,1,1,4,capls,c3,0,0.068,0.204,True,15989,41472,41472,0,357674,,,4,53068,,3.3190318343861405,"{""block_cap"": 0.35, ""init"": ""contig""}",False,
case_065,1,1,4,capls,c4,0,0.07,0.153,True,17242,110592,110592,0,426794,,,35,53068,,3.0778331980048717,"{""block_cap"": 0.35, ""subgraph_mode"": ""block""}",False,
case_065,1,1,4,capls,c5,0,0.069,0.13,True,18240,110592,110592,0,426794,,,35,53068,,2.9094298245614034,"{""block_cap"": 0.35, ""init"": ""rr"", ""subgraph_mode"": ""block""}",False,
case_065,1,1,4,capls,c6,0,0.078,0.194,True,13745,41472,41472,0,357674,,,4,53068,,3.860894870862132,"{""block_cap"": 0.6, ""comm_weight"": 1e-06}",False,
case_065,1,1,4,capls,c7,0,0.1,0.136,True,18751,230334,230334,0,546536,,,11,53068,,2.8301423924057385,"{""block_cap"": 0.08}",False,
case_065,1,1,4,capls,c8,0,0.207,0.201,True,33921,536084,536084,0,852286,,,25,53068,,1.564458594970667,"{""block_cap"": 0.005}",False,
case_065,1,1,4,capls,c9,0,0.07,0.194,True,13745,41472,41472,0,357674,,,4,53068,,3.860894870862132,"{""block_cap"": 0.35, ""max_ops"": 2000}",False,
case_065,1,1,4,capls,c10,0,0.025,0.196,True,17966,27648,27648,0,343850,,,3,53068,,2.953801625292219,"{""block_cap"": 0.35, ""cores_used"": 3}",False,
case_065,1,1,4,capls,c11,0,0.016,0.212,True,27484,13824,13824,0,330026,,,2,53068,,1.9308688691602387,"{""block_cap"": 0.35, ""cores_used"": 2}",False,
case_065,1,1,4,capls,c12,0,0.075,0.205,True,14019,41472,41472,0,357674,,,4,53068,,3.78543405378415,"{""block_cap"": 0.35, ""init"": ""rr"", ""level_mode"": ""alap_fill""}",False,
case_065,1,1,4,capls,c13,0,0.064,0.205,True,14019,41472,41472,0,357674,,,4,53068,,3.78543405378415,"{""block_cap"": 0.35, ""init"": ""rr"", ""level_mode"": ""alap_compress""}",False,
case_065,1,1,4,capls,sa1,0,0.001,0.22,True,14099,93840,93840,0,410042,,,5,53068,,3.76395489041776,"{""anneal"": true, ""anneal_seconds"": 3.166}",False,
case_065,1,1,4,capls,sa2,0,0.0,0.195,True,13776,101844,101844,0,418046,,,5,53068,,3.852206736353078,"{""anneal"": true, ""anneal_seconds"": 3.166}",False,
case_065,1,1,4,capls,sa3,0,0.0,0.19,True,13745,78730,78730,0,394932,,,5,53068,,3.860894870862132,"{""anneal"": true, ""anneal_seconds"": 3.166}",False,
case_065,1,1,4,capls,_best,0,0.051,0.194,True,13745,41472,41472,0,357674,,,4,53068,,3.860894870862132,"{""block_cap"": 0.35}",True,results\plans\case_065_p1_n4_capls_best.json
case_064,1,1,2,capls,c0,0,0.031,0.163,True,25460,63458,63458,0,100872,,,11,19116,,0.7508248232521603,"{""block_cap"": 0.35}",False,
case_064,1,1,2,capls,c1,0,0.023,0.163,True,25460,63458,63458,0,100872,,,11,19116,,0.7508248232521603,"{""block_cap"": 0.15}",False,
case_064,1,1,2,capls,c2,0,0.025,0.169,True,20862,98092,98092,0,135506,,,20,19116,,0.9163071613459879,"{""block_cap"": 0.35, ""init"": ""rr""}",False,
case_064,1,1,2,capls,c3,0,0.123,0.176,True,20138,17510,17510,0,54924,,,3,19116,,0.9492501738007747,"{""block_cap"": 0.35, ""init"": ""contig""}",False,
case_064,1,1,2,capls,c4,0,0.017,0.22,True,31192,124826,124826,0,162240,,,69,19116,,0.6128494485765581,"{""block_cap"": 0.35, ""subgraph_mode"": ""block""}",False,
case_064,1,1,2,capls,c5,0,0.023,0.904,True,29376,124826,124826,0,162240,,,69,19116,,0.6507352941176471,"{""block_cap"": 0.35, ""init"": ""rr"", ""subgraph_mode"": ""block""}",False,
case_064,1,1,2,capls,c6,0,0.031,0.138,True,25561,68674,68674,0,106088,,,11,19116,,0.7478580650209303,"{""block_cap"": 0.6, ""comm_weight"": 1e-06}",False,
case_064,1,1,2,capls,c7,0,0.056,0.221,True,41655,188890,188890,0,226304,,,34,19116,,0.45891249549873964,"{""block_cap"": 0.08}",False,
case_064,1,1,2,capls,c8,0,0.105,0.217,True,59120,288438,288438,0,325852,,,45,19116,,0.3233423545331529,"{""block_cap"": 0.005}",False,
case_064,1,1,2,capls,c9,0,0.031,0.163,True,25460,63458,63458,0,100872,,,11,19116,,0.7508248232521603,"{""block_cap"": 0.35, ""max_ops"": 2000}",False,
case_064,1,1,2,capls,c10,0,0.015,0.252,True,19116,0,0,0,37414,,,1,19116,,1.0,"{""block_cap"": 0.35, ""cores_used"": 1}",False,
case_064,1,1,2,capls,c11,0,0.015,0.252,True,19116,0,0,0,37414,,,1,19116,,1.0,"{""block_cap"": 0.35, ""cores_used"": 1}",False,
case_064,1,1,2,capls,c12,0,0.043,0.18,True,20899,100754,100754,0,138168,,,20,19116,,0.9146849131537395,"{""block_cap"": 0.35, ""init"": ""rr"", ""level_mode"": ""alap_fill""}",False,
case_064,1,1,2,capls,c13,0,0.026,0.18,True,20899,100754,100754,0,138168,,,20,19116,,0.9146849131537395,"{""block_cap"": 0.35, ""init"": ""rr"", ""level_mode"": ""alap_compress""}",False,
case_064,1,1,2,capls,sa1,0,0.001,0.233,True,19116,0,0,0,37414,,,1,19116,,1.0,"{""anneal"": true, ""anneal_seconds"": 28.017}",False,
case_064,1,1,2,capls,sa2,0,0.173,0.167,True,19071,21060,21060,0,58474,,,2,19116,,1.0023596035865974,"{""anneal"": true, ""anneal_seconds"": 28.017}",True,
case_064,1,1,2,capls,sa3,0,0.163,0.162,True,19340,20932,20932,0,58346,,,2,19116,,0.9884177869700104,"{""anneal"": true, ""anneal_seconds"": 28.017}",False,
case_064,1,1,2,capls,_best,0,,0.167,True,19071,21060,,,,,,2,19116,,1.0023596035865974,"{""anneal"": true}",True,results\plans\case_064_p1_n2_capls_best.json
case_066,1,1,2,capls,c0,0,0.183,1.686,True,283961,1272466,1272466,0,2379500,,,14,359070,,1.2645046326784313,"{""block_cap"": 0.35}",False,
case_066,1,1,2,capls,c1,0,0.171,1.686,True,283961,1272466,1272466,0,2379500,,,14,359070,,1.2645046326784313,"{""block_cap"": 0.15}",False,
case_066,1,1,2,capls,c2,0,0.342,1.87,True,238413,1463240,1463240,0,2570274,,,15,359070,,1.5060839803198651,"{""block_cap"": 0.35, ""init"": ""rr""}",False,
case_066,1,1,2,capls,c3,0,0.248,2.865,True,330252,658054,658054,0,1765088,,,8,359070,,1.0872606373314924,"{""block_cap"": 0.35, ""init"": ""contig""}",False,
case_066,1,1,2,capls,c4,0,0.162,2.036,True,298808,2608148,2608148,0,3715182,,,270,359070,,1.2016746539583947,"{""block_cap"": 0.35, ""subgraph_mode"": ""block""}",False,
case_066,1,1,2,capls,c5,0,0.225,2.737,True,286915,2608148,2608148,0,3715182,,,270,359070,,1.251485631633062,"{""block_cap"": 0.35, ""init"": ""rr"", ""subgraph_mode"": ""block""}",False,
case_066,1,1,2,capls,c6,0,0.142,1.308,True,282305,1267988,1267988,0,2375022,,,14,359070,,1.2719222117922107,"{""block_cap"": 0.6, ""comm_weight"": 1e-06}",False,
case_066,1,1,2,capls,c7,0,0.368,2.154,True,329104,3083594,3083594,0,4190628,,,33,359070,,1.091053284068258,"{""block_cap"": 0.08}",False,
case_066,1,1,2,capls,c8,0,0.312,1.883,True,283147,4318956,4318956,0,5425990,,,53,359070,,1.2681398708091556,"{""block_cap"": 0.005}",False,
case_066,1,1,2,capls,c9,0,0.197,1.686,True,283961,1272466,1272466,0,2379500,,,14,359070,,1.2645046326784313,"{""block_cap"": 0.35, ""max_ops"": 2000}",False,
case_066,1,1,2,capls,c10,0,0.09,7.931,True,359070,0,0,0,1107034,,,1,359070,,1.0,"{""block_cap"": 0.35, ""cores_used"": 1}",False,
case_066,1,1,2,capls,c11,0,0.063,7.931,True,359070,0,0,0,1107034,,,1,359070,,1.0,"{""block_cap"": 0.35, ""cores_used"": 1}",False,
case_066,1,1,2,capls,c12,0,0.248,2.014,True,231727,1725392,1725392,0,2832426,,,16,359070,,1.5495388970642179,"{""block_cap"": 0.35, ""init"": ""rr"", ""level_mode"": ""alap_fill""}",False,
case_066,1,1,2,capls,c13,0,0.38,2.014,True,231727,1725392,1725392,0,2832426,,,16,359070,,1.5495388970642179,"{""block_cap"": 0.35, ""init"": ""rr"", ""level_mode"": ""alap_compress""}",False,
case_066,1,1,2,capls,sa1,0,1.991,1.957,True,230062,2000906,2000906,0,3107940,,,24,359070,,1.5607531882709877,"{""anneal"": true, ""anneal_seconds"": 4.131}",True,
case_066,1,1,2,capls,sa2,0,1.603,1.594,True,233738,1972752,1972752,0,3079786,,,18,359070,,1.536207206359257,"{""anneal"": true, ""anneal_seconds"": 4.131}",False,
case_066,1,1,2,capls,sa3,0,1.909,1.899,True,234157,2003152,2003152,0,3110186,,,19,359070,,1.5334583206993597,"{""anneal"": true, ""anneal_seconds"": 4.131}",False,
case_066,1,1,2,capls,_best,0,,1.957,True,230062,2000906,,,,,,24,359070,,1.5607531882709877,"{""anneal"": true}",True,results\plans\case_066_p1_n2_capls_best.json
case_066,1,1,3,capls,c0,0,0.28,2.75,True,200602,1808716,1808716,0,2915750,,,27,359070,,1.7899622137366527,"{""block_cap"": 0.35}",False,
case_066,1,1,3,capls,c1,0,0.487,1.911,True,251631,4114998,4114998,0,5222032,,,90,359070,,1.4269704448180074,"{""block_cap"": 0.15}",False,
case_066,1,1,3,capls,c2,0,0.526,2.522,True,172004,1921586,1921586,0,3028620,,,30,359070,,2.0875677309830003,"{""block_cap"": 0.35, ""init"": ""rr""}",False,
case_066,1,1,3,capls,c3,0,0.82,2.654,True,288833,861512,861512,0,1968546,,,11,359070,,1.243175121956286,"{""block_cap"": 0.35, ""init"": ""contig""}",False,
case_066,1,1,3,capls,c4,0,0.286,2.204,True,232846,2608148,2608148,0,3715182,,,270,359070,,1.5420921982769729,"{""block_cap"": 0.35, ""subgraph_mode"": ""block""}",False,
case_066,1,1,3,capls,c5,0,0.375,3.06,True,231057,2608148,2608148,0,3715182,,,270,359070,,1.554032121943936,"{""block_cap"": 0.35, ""init"": ""rr"", ""subgraph_mode"": ""block""}",False,
case_066,1,1,3,capls,c6,0,0.256,2.75,True,200602,1808716,1808716,0,2915750,,,27,359070,,1.7899622137366527,"{""block_cap"": 0.6, ""comm_weight"": 1e-06}",False,
case_066,1,1,3,capls,c7,0,0.481,1.911,True,251631,4114998,4114998,0,5222032,,,90,359070,,1.4269704448180074,"{""block_cap"": 0.08}",False,
case_066,1,1,3,capls,c8,0,1.166,2.027,True,252064,5008122,5008122,0,6115156,,,88,359070,,1.4245191697346706,"{""block_cap"": 0.005}",False,
case_066,1,1,3,capls,c9,0,0.289,2.75,True,200602,1808716,1808716,0,2915750,,,27,359070,,1.7899622137366527,"{""block_cap"": 0.35, ""max_ops"": 2000}",False,
case_066,1,1,3,capls,c10,0,0.157,2.306,True,283961,1272466,1272466,0,2379500,,,14,359070,,1.2645046326784313,"{""block_cap"": 0.35, ""cores_used"": 2}",False,
case_066,1,1,3,capls,c11,0,0.077,7.488,True,359070,0,0,0,1107034,,,1,359070,,1.0,"{""block_cap"": 0.35, ""cores_used"": 1}",False,
case_066,1,1,3,capls,c12,0,0.365,2.314,True,173619,2472648,2472648,0,3579682,,,30,359070,,2.0681492232992933,"{""block_cap"": 0.35, ""init"": ""rr"", ""level_mode"": ""alap_fill""}",False,
case_066,1,1,3,capls,c13,0,0.448,2.314,True,173619,2472648,2472648,0,3579682,,,30,359070,,2.0681492232992933,"{""block_cap"": 0.35, ""init"": ""rr"", ""level_mode"": ""alap_compress""}",False,
case_066,1,1,3,capls,sa1,0,1.733,1.707,True,171913,1923698,1923698,0,3030732,,,31,359070,,2.0886727588954876,"{""anneal"": true, ""anneal_seconds"": 2.555}",False,
case_066,1,1,3,capls,sa2,0,2.099,2.09,True,170047,2150386,2150386,0,3257420,,,36,359070,,2.1115926773186238,"{""anneal"": true, ""anneal_seconds"": 2.555}",False,
case_066,1,1,3,capls,sa3,0,2.179,2.17,True,169971,2124786,2124786,0,3231820,,,35,359070,,2.1125368445205357,"{""anneal"": true, ""anneal_seconds"": 2.555}",True,
case_066,1,1,3,capls,_best,0,,2.17,True,169971,2124786,,,,,,35,359070,,2.1125368445205357,"{""anneal"": true}",True,results\plans\case_066_p1_n3_capls_best.json
case_066,1,1,4,capls,c0,0,0.314,2.927,True,164803,2102704,2102704,0,3209738,,,40,359070,,2.1787831532192983,"{""block_cap"": 0.35}",False,
case_066,1,1,4,capls,c1,0,1.44,2.147,True,248239,3759908,3759908,0,4866942,,,97,359070,,1.446468927122652,"{""block_cap"": 0.15}",False,
case_066,1,1,4,capls,c2,0,0.78,1.836,True,161230,2084054,2084054,0,3191088,,,32,359070,,2.227066923029213,"{""block_cap"": 0.35, ""init"": ""rr""}",False,
case_066,1,1,4,capls,c3,0,0.656,3.421,True,248242,811508,811508,0,1918542,,,12,359070,,1.4464514465722964,"{""block_cap"": 0.35, ""init"": ""contig""}",False,
case_066,1,1,4,capls,c4,0,0.263,2.577,True,202697,2608148,2608148,0,3715182,,,270,359070,,1.771461837126351,"{""block_cap"": 0.35, ""subgraph_mode"": ""block""}",False,
case_066,1,1,4,capls,c5,0,0.826,3.095,True,201172,2608148,2608148,0,3715182,,,270,359070,,1.7848905414272365,"{""block_cap"": 0.35, ""init"": ""rr"", ""subgraph_mode"": ""block""}",False,
case_066,1,1,4,capls,c6,0,0.37,2.29,True,163295,2127382,2127382,0,3234416,,,39,359070,,2.198903824366943,"{""block_cap"": 0.6, ""comm_weight"": 1e-06}",False,
case_066,1,1,4,capls,c7,0,1.389,2.147,True,248239,3759908,3759908,0,4866942,,,97,359070,,1.446468927122652,"{""block_cap"": 0.08}",False,
case_066,1,1,4,capls,c8,0,1.467,2.451,True,273583,4947740,4947740,0,6054774,,,134,359070,,1.3124719006663426,"{""block_cap"": 0.005}",False,
case_066,1,1,4,capls,c9,0,0.376,2.927,True,164803,2102704,2102704,0,3209738,,,40,359070,,2.1787831532192983,"{""block_cap"": 0.35, ""max_ops"": 2000}",False,
case_066,1,1,4,capls,c10,0,0.244,1.993,True,200602,1808716,1808716,0,2915750,,,27,359070,,1.7899622137366527,"{""block_cap"": 0.35, ""cores_used"": 3}",False,
case_066,1,1,4,capls,c11,0,0.39,1.715,True,283961,1272466,1272466,0,2379500,,,14,359070,,1.2645046326784313,"{""block_cap"": 0.35, ""cores_used"": 2}",False,
case_066,1,1,4,capls,c12,0,0.824,2.104,True,158070,2396358,2396358,0,3503392,,,32,359070,,2.271588536724236,"{""block_cap"": 0.35, ""init"": ""rr"", ""level_mode"": ""alap_fill""}",True,
case_066,1,1,4,capls,c13,0,0.901,2.104,True,158070,2396358,2396358,0,3503392,,,32,359070,,2.271588536724236,"{""block_cap"": 0.35, ""init"": ""rr"", ""level_mode"": ""alap_compress""}",False,
case_066,1,1,4,capls,sa1,0,2.416,2.393,True,159284,2601766,2601766,0,3708800,,,48,359070,,2.2542753823359534,"{""anneal"": true, ""anneal_seconds"": 3.091}",False,
case_066,1,1,4,capls,sa2,0,2.32,2.31,True,159227,2598310,2598310,0,3705344,,,47,359070,,2.2550823666840425,"{""anneal"": true, ""anneal_seconds"": 3.091}",False,
case_066,1,1,4,capls,sa3,0,2.533,2.522,True,159284,2610406,2610406,0,3717440,,,49,359070,,2.2542753823359534,"{""anneal"": true, ""anneal_seconds"": 3.091}",False,
case_066,1,1,4,capls,_best,0,0.834,2.104,True,158070,2396358,2396358,0,3503392,,,32,359070,,2.271588536724236,"{""block_cap"": 0.35, ""init"": ""rr"", ""level_mode"": ""alap_fill""}",True,results\plans\case_066_p1_n4_capls_best.json
case_066,1,1,5,capls,c0,0,0.943,2.956,True,124470,2177248,2177248,0,3284282,,,46,359070,,2.8847915160279585,"{""block_cap"": 0.35}",False,
case_066,1,1,5,capls,c1,0,1.506,2.163,True,270524,3557016,3557016,0,4664050,,,106,359070,,1.3273129186319883,"{""block_cap"": 0.15}",False,
case_066,1,1,5,capls,c2,0,0.636,2.621,True,147573,2217302,2217302,0,3324336,,,48,359070,,2.4331686690654792,"{""block_cap"": 0.35, ""init"": ""rr""}",False,
case_066,1,1,5,capls,c3,0,0.896,2.011,True,210696,859508,859508,0,1966542,,,17,359070,,1.7042089076204578,"{""block_cap"": 0.35, ""init"": ""contig""}",False,
case_066,1,1,5,capls,c4,0,0.988,3.091,True,187504,2608148,2608148,0,3715182,,,270,359070,,1.9149991466848708,"{""block_cap"": 0.35, ""subgraph_mode"": ""block""}",False,
case_066,1,1,5,capls,c5,0,0.738,2.349,True,214906,2608148,2608148,0,3715182,,,270,359070,,1.6708235228425452,"{""block_cap"": 0.35, ""init"": ""rr"", ""subgraph_mode"": ""block""}",False,
case_066,1,1,5,capls,c6,0,0.949,2.223,True,124349,2206448,2206448,0,3313482,,,46,359070,,2.887598613579522,"{""block_cap"": 0.6, ""comm_weight"": 1e-06}",False,
case_066,1,1,5,capls,c7,0,1.425,2.044,True,259573,3453388,3453388,0,4560422,,,98,359070,,1.3833102826565167,"{""block_cap"": 0.08}",False,
case_066,1,1,5,capls,c8,0,1.589,2.515,True,256023,4664946,4664946,0,5771980,,,166,359070,,1.4024911824328283,"{""block_cap"": 0.005}",False,
case_066,1,1,5,capls,c9,0,0.919,2.956,True,124470,2177248,2177248,0,3284282,,,46,359070,,2.8847915160279585,"{""block_cap"": 0.35, ""max_ops"": 2000}",False,
case_066,1,1,5,capls,c10,0,0.402,2.116,True,164803,2102704,2102704,0,3209738,,,40,359070,,2.1787831532192983,"{""block_cap"": 0.35, ""cores_used"": 4}",False,
case_066,1,1,5,capls,c11,0,0.213,1.672,True,283961,1272466,1272466,0,2379500,,,14,359070,,1.2645046326784313,"{""block_cap"": 0.35, ""cores_used"": 2}",False,
case_066,1,1,5,capls,c12,0,0.866,2.471,True,148625,2562156,2562156,0,3669190,,,50,359070,,2.415946173254836,"{""block_cap"": 0.35, ""init"": ""rr"", ""level_mode"": ""alap_fill""}",False,
case_066,1,1,5,capls,c13,0,0.778,2.471,True,148625,2562156,2562156,0,3669190,,,50,359070,,2.415946173254836,"{""block_cap"": 0.35, ""init"": ""rr"", ""level_mode"": ""alap_compress""}",False,
case_066,1,1,5,capls,sa1,0,2.479,2.459,True,124255,2255600,2255600,0,3362634,,,47,359070,,2.889783107319625,"{""anneal"": true, ""anneal_seconds"": 2.45}",True,
case_066,1,1,5,capls,sa2,0,2.353,2.346,True,124306,2264304,2264304,0,3371338,,,48,359070,,2.8885974932827057,"{""anneal"": true, ""anneal_seconds"": 2.45}",False,
case_066,1,1,5,capls,sa3,0,2.449,2.438,True,124255,2206448,2206448,0,3313482,,,46,359070,,2.889783107319625,"{""anneal"": true, ""anneal_seconds"": 2.45}",False,
case_066,1,1,5,capls,_best,0,,2.459,True,124255,2255600,,,,,,47,359070,,2.889783107319625,"{""anneal"": true}",True,results\plans\case_066_p1_n5_capls_best.json
case_062,1,1,2,capls,c0,0,0.58,217.9,True,1430439,81408,81408,0,13483008,,,5,2854809,,1.9957572465515832,"{""block_cap"": 0.35}",False,
case_062,1,1,2,capls,c1,0,0.415,228.987,True,1432818,207360,207360,0,13608960,,,6,2854809,,1.9924435622668057,"{""block_cap"": 0.15}",False,
case_062,1,1,2,capls,c2,0,0.533,279.271,True,1430411,179712,179712,0,13581312,,,5,2854809,,1.995796313087637,"{""block_cap"": 0.35, ""init"": ""rr""}",False,
case_062,1,1,2,capls,c3,0,0.636,236.716,True,1430273,44544,44544,0,13446144,,,3,2854809,,1.9959888776478336,"{""block_cap"": 0.35, ""init"": ""contig""}",False,
case_062,1,1,2,capls,sa1,0,0.014,197.513,True,1433641,12997632,12997632,0,26399232,,,5,2854809,,1.9912997744902663,"{""anneal"": true, ""anneal_seconds"": 10.69}",False,
case_062,1,1,2,capls,sa2,0,0.011,243.918,True,1448264,8408064,8408064,0,21809664,,,4,2854809,,1.9711937878729293,"{""anneal"": true, ""anneal_seconds"": 10.69}",False,
case_062,1,1,2,capls,sa3,0,101.62,101.521,True,1429373,21361152,21361152,0,34762752,,,6,2854809,,1.9972456454683276,"{""anneal"": true, ""anneal_seconds"": 10.69}",True,
case_062,1,1,2,capls,_best,0,,101.521,True,1429373,21361152,,,,,,6,2854809,,1.9972456454683276,"{""anneal"": true}",True,results\plans\case_062_p1_n2_capls_best.json
case_068,1,1,2,capls,c0,0,0.298,1.736,True,355080,1707274,1707274,0,4478524,,,15,362095,,1.0197561112988622,"{""block_cap"": 0.35}",False,
case_068,1,1,2,capls,c1,0,0.347,1.736,True,355080,1707274,1707274,0,4478524,,,15,362095,,1.0197561112988622,"{""block_cap"": 0.15}",False,
case_068,1,1,2,capls,c2,0,0.272,1.608,True,269741,1920100,1920100,0,4691350,,,38,362095,,1.3423802833088037,"{""block_cap"": 0.35, ""init"": ""rr""}",False,
case_068,1,1,2,capls,c3,0,0.401,3.159,True,359188,337354,337354,0,3108604,,,5,362095,,1.0080932547857946,"{""block_cap"": 0.35, ""init"": ""contig""}",False,
case_068,1,1,2,capls,c4,0,0.286,2.291,True,313055,3658234,3658234,0,6429484,,,383,362095,,1.156649789973008,"{""block_cap"": 0.35, ""subgraph_mode"": ""block""}",False,
case_068,1,1,2,capls,c5,0,0.268,2.908,True,320933,3658234,3658234,0,6429484,,,383,362095,,1.1282572998102407,"{""block_cap"": 0.35, ""init"": ""rr"", ""subgraph_mode"": ""block""}",False,
case_068,1,1,2,capls,c6,0,0.311,1.157,True,354273,1708106,1708106,0,4479356,,,15,362095,,1.022079018158313,"{""block_cap"": 0.6, ""comm_weight"": 1e-06}",False,
case_068,1,1,2,capls,c7,0,0.239,1.736,True,355080,1707274,1707274,0,4478524,,,15,362095,,1.0197561112988622,"{""block_cap"": 0.08}",False,
case_068,1,1,2,capls,c8,0,0.19,1.913,True,384213,3421058,3322754,98304,6192308,,,65,362095,,0.9424329733767468,"{""block_cap"": 0.005}",False,
case_068,1,1,2,capls,c9,0,0.367,1.736,True,355080,1707274,1707274,0,4478524,,,15,362095,,1.0197561112988622,"{""block_cap"": 0.35, ""max_ops"": 2000}",False,
case_068,1,1,2,capls,c10,0,0.214,6.127,True,362095,0,0,0,2771250,,,1,362095,,1.0,"{""block_cap"": 0.35, ""cores_used"": 1}",False,
case_068,1,1,2,capls,c11,0,0.058,6.127,True,362095,0,0,0,2771250,,,1,362095,,1.0,"{""block_cap"": 0.35, ""cores_used"": 1}",False,
case_068,1,1,2,capls,c12,0,0.213,1.699,True,250308,3344936,3344936,0,6116186,,,38,362095,,1.4465977915208463,"{""block_cap"": 0.35, ""init"": ""rr"", ""level_mode"": ""alap_fill""}",False,
case_068,1,1,2,capls,c13,0,0.307,1.699,True,250308,3344936,3344936,0,6116186,,,38,362095,,1.4465977915208463,"{""block_cap"": 0.35, ""init"": ""rr"", ""level_mode"": ""alap_compress""}",False,
case_068,1,1,2,capls,sa1,0,1.514,1.496,True,249377,3522532,3522532,0,6293782,,,50,362095,,1.4519983799628675,"{""anneal"": true, ""anneal_seconds"": 3.157}",True,
case_068,1,1,2,capls,sa2,0,1.171,1.162,True,249377,3519460,3519460,0,6290710,,,49,362095,,1.4519983799628675,"{""anneal"": true, ""anneal_seconds"": 3.157}",False,
case_068,1,1,2,capls,sa3,0,1.794,1.786,True,253072,3554222,3554222,0,6325472,,,53,362095,,1.430798349876715,"{""anneal"": true, ""anneal_seconds"": 3.157}",False,
case_068,1,1,2,capls,_best,0,,1.496,True,249377,3522532,,,,,,50,362095,,1.4519983799628675,"{""anneal"": true}",True,results\plans\case_068_p1_n2_capls_best.json
case_067,1,1,4,capls,c0,0,0.362,12.106,True,18473155,263174912,11164800,252010112,269223040,,,4,63834834,,3.4555458447677183,"{""block_cap"": 0.35}",False,
case_067,1,1,4,capls,c1,0,0.368,12.106,True,18473155,263174912,11164800,252010112,269223040,,,4,63834834,,3.4555458447677183,"{""block_cap"": 0.15}",False,
case_067,1,1,4,capls,c2,0,0.371,12.106,True,18473155,263174912,11164800,252010112,269223040,,,4,63834834,,3.4555458447677183,"{""block_cap"": 0.35, ""init"": ""rr""}",False,
case_067,1,1,4,capls,c3,0,0.428,10.33,True,18473155,263174912,11164800,252010112,269223040,,,4,63834834,,3.4555458447677183,"{""block_cap"": 0.35, ""init"": ""contig""}",False,
case_067,1,1,4,capls,c4,0,0.288,2.021,True,18518776,260512000,260512000,0,266560128,,,71,63834834,,3.44703310845166,"{""block_cap"": 0.35, ""subgraph_mode"": ""block""}",False,
case_067,1,1,4,capls,c5,0,0.376,2.021,True,18518776,260512000,260512000,0,266560128,,,71,63834834,,3.44703310845166,"{""block_cap"": 0.35, ""init"": ""rr"", ""subgraph_mode"": ""block""}",False,
case_067,1,1,4,capls,c6,0,0.39,12.106,True,18473155,263174912,11164800,252010112,269223040,,,4,63834834,,3.4555458447677183,"{""block_cap"": 0.6, ""comm_weight"": 1e-06}",False,
case_067,1,1,4,capls,c7,0,0.27,12.106,True,18473155,263174912,11164800,252010112,269223040,,,4,63834834,,3.4555458447677183,"{""block_cap"": 0.08}",False,
case_067,1,1,4,capls,sa1,0,13.845,13.811,True,17887801,262667904,12418176,250249728,268716032,,,6,63834834,,3.5686238906615744,"{""anneal"": true, ""anneal_seconds"": 6.222}",False,
case_067,1,1,4,capls,sa2,0,14.633,14.616,True,17872457,256028288,12758144,243270144,262076416,,,9,63834834,,3.5716876532420807,"{""anneal"": true, ""anneal_seconds"": 6.222}",True,
case_067,1,1,4,capls,sa3,0,0.012,15.394,True,17983402,261164672,12278912,248885760,267212800,,,5,63834834,,3.5496528409919326,"{""anneal"": true, ""anneal_seconds"": 6.222}",False,
case_067,1,1,4,capls,_best,0,,14.616,True,17872457,256028288,,,,,,9,63834834,,3.5716876532420807,"{""anneal"": true}",True,results\plans\case_067_p1_n4_capls_best.json
case_068,1,1,3,capls,c0,0,0.263,1.898,True,189361,2662408,2662408,0,5433658,,,54,362095,,1.9121941688098394,"{""block_cap"": 0.35}",False,
case_068,1,1,3,capls,c1,0,0.195,1.898,True,189361,2662408,2662408,0,5433658,,,54,362095,,1.9121941688098394,"{""block_cap"": 0.15}",False,
case_068,1,1,3,capls,c2,0,0.559,1.512,True,192067,2480708,2480708,0,5251958,,,55,362095,,1.8852535833849646,"{""block_cap"": 0.35, ""init"": ""rr""}",False,
case_068,1,1,3,capls,c3,0,0.437,2.469,True,335433,716094,716094,0,3487344,,,10,362095,,1.0794853219569929,"{""block_cap"": 0.35, ""init"": ""contig""}",False,
case_068,1,1,3,capls,c4,0,0.187,2.627,True,237944,3658234,3658234,0,6429484,,,383,362095,,1.5217656255253338,"{""block_cap"": 0.35, ""subgraph_mode"": ""block""}",False,
case_068,1,1,3,capls,c5,0,0.615,2.983,True,258737,3658234,3658234,0,6429484,,,383,362095,,1.3994712777840046,"{""block_cap"": 0.35, ""init"": ""rr"", ""subgraph_mode"": ""block""}",False,
case_068,1,1,3,capls,c6,0,0.219,1.378,True,194643,2642528,2642528,0,5413778,,,52,362095,,1.8603032217958004,"{""block_cap"": 0.6, ""comm_weight"": 1e-06}",False,
case_068,1,1,3,capls,c7,0,1.191,2.207,True,277362,3256370,3256370,0,6027620,,,128,362095,,1.3054960665123556,"{""block_cap"": 0.08}",False,
case_068,1,1,3,capls,c8,0,1.251,1.782,True,315822,3499988,3499988,0,6271238,,,124,362095,,1.146516075510889,"{""block_cap"": 0.005}",False,
case_068,1,1,3,capls,c9,0,0.291,1.898,True,189361,2662408,2662408,0,5433658,,,54,362095,,1.9121941688098394,"{""block_cap"": 0.35, ""max_ops"": 2000}",False,
case_068,1,1,3,capls,c10,0,0.248,1.78,True,355080,1707274,1707274,0,4478524,,,15,362095,,1.0197561112988622,"{""block_cap"": 0.35, ""cores_used"": 2}",False,
case_068,1,1,3,capls,c11,0,0.091,6.206,True,362095,0,0,0,2771250,,,1,362095,,1.0,"{""block_cap"": 0.35, ""cores_used"": 1}",False,
case_068,1,1,3,capls,c12,0,0.614,1.791,True,187636,3552326,3552326,0,6323576,,,57,362095,,1.9297736042124112,"{""block_cap"": 0.35, ""init"": ""rr"", ""level_mode"": ""alap_fill""}",True,
case_068,1,1,3,capls,c13,0,0.614,1.791,True,187636,3552326,3552326,0,6323576,,,57,362095,,1.9297736042124112,"{""block_cap"": 0.35, ""init"": ""rr"", ""level_mode"": ""alap_compress""}",False,
case_068,1,1,3,capls,sa1,0,2.575,2.543,True,198493,4692864,4692864,0,7464114,,,197,362095,,1.8242205014786415,"{""anneal"": true, ""anneal_seconds"": 3.256}",False,
case_068,1,1,3,capls,sa2,0,3.171,3.161,True,198646,4694400,4694400,0,7465650,,,197,362095,,1.8228154606687272,"{""anneal"": true, ""anneal_seconds"": 3.256}",False,
case_068,1,1,3,capls,sa3,0,3.411,3.397,True,198646,4694400,4694400,0,7465650,,,198,362095,,1.8228154606687272,"{""anneal"": true, ""anneal_seconds"": 3.256}",False,
case_068,1,1,3,capls,_best,0,0.679,1.791,True,187636,3552326,3552326,0,6323576,,,57,362095,,1.9297736042124112,"{""block_cap"": 0.35, ""init"": ""rr"", ""level_mode"": ""alap_fill""}",True,results\plans\case_068_p1_n3_capls_best.json
case_069,1,1,2,capls,c0,0,0.113,0.147,True,33590,511210,511210,0,637264,,,11,25144,,0.7485561178922299,"{""block_cap"": 0.35}",False,
case_069,1,1,2,capls,c1,0,0.131,0.147,True,33590,511210,511210,0,637264,,,11,25144,,0.7485561178922299,"{""block_cap"": 0.15}",False,
case_069,1,1,2,capls,c2,0,0.119,0.216,True,25170,616178,616178,0,742232,,,18,25144,,0.9989670242352007,"{""block_cap"": 0.35, ""init"": ""rr""}",False,
case_069,1,1,2,capls,c3,0,0.159,0.202,True,25872,151458,151458,0,277512,,,2,25144,,0.9718614718614719,"{""block_cap"": 0.35, ""init"": ""contig""}",False,
case_069,1,1,2,capls,c4,0,0.113,0.459,True,78562,980046,980046,0,1106100,,,300,25144,,0.32005295180876253,"{""block_cap"": 0.35, ""subgraph_mode"": ""block""}",False,
case_069,1,1,2,capls,c5,0,0.117,0.468,True,100352,980046,980046,0,1106100,,,300,25144,,0.2505580357142857,"{""block_cap"": 0.35, ""init"": ""rr"", ""subgraph_mode"": ""block""}",False,
case_069,1,1,2,capls,c6,0,0.041,0.173,True,27465,177672,177672,0,303726,,,3,25144,,0.9154924449299108,"{""block_cap"": 0.6, ""comm_weight"": 1e-06}",False,
case_069,1,1,2,capls,c7,0,0.126,0.147,True,33590,511210,511210,0,637264,,,11,25144,,0.7485561178922299,"{""block_cap"": 0.08}",False,
case_069,1,1,2,capls,c8,0,0.135,0.223,True,36016,589940,589940,0,715994,,,21,25144,,0.6981341625944025,"{""block_cap"": 0.005}",False,
case_069,1,1,2,capls,c9,0,0.122,0.147,True,33590,511210,511210,0,637264,,,11,25144,,0.7485561178922299,"{""block_cap"": 0.35, ""max_ops"": 2000}",False,
case_069,1,1,2,capls,c10,0,0.022,0.227,True,25144,0,0,0,126054,,,1,25144,,1.0,"{""block_cap"": 0.35, ""cores_used"": 1}",False,
case_069,1,1,2,capls,c11,0,0.024,0.227,True,25144,0,0,0,126054,,,1,25144,,1.0,"{""block_cap"": 0.35, ""cores_used"": 1}",False,
case_069,1,1,2,capls,c12,0,0.115,0.273,True,24036,705558,705558,0,831612,,,18,25144,,1.0460975203860876,"{""block_cap"": 0.35, ""init"": ""rr"", ""level_mode"": ""alap_fill""}",False,
case_069,1,1,2,capls,c13,0,0.11,0.273,True,24036,705558,705558,0,831612,,,18,25144,,1.0460975203860876,"{""block_cap"": 0.35, ""init"": ""rr"", ""level_mode"": ""alap_compress""}",False,
case_069,1,1,2,capls,sa1,0,0.366,0.36,True,23844,803334,803334,0,929388,,,41,25144,,1.054521053514511,"{""anneal"": true, ""anneal_seconds"": 1.694}",True,
case_069,1,1,2,capls,sa2,0,0.375,0.373,True,23891,802438,802438,0,928492,,,40,25144,,1.0524465279812483,"{""anneal"": true, ""anneal_seconds"": 1.694}",False,
case_069,1,1,2,capls,sa3,0,0.383,0.381,True,23867,802374,802374,0,928428,,,39,25144,,1.0535048393178865,"{""anneal"": true, ""anneal_seconds"": 1.694}",False,
case_069,1,1,2,capls,_best,0,,0.36,True,23844,803334,,,,,,41,25144,,1.054521053514511,"{""anneal"": true}",True,results\plans\case_069_p1_n2_capls_best.json
case_068,1,1,4,capls,c0,0,0.788,1.345,True,276264,1409680,1409680,0,4180930,,,40,362095,,1.3106847073813455,"{""block_cap"": 0.35}",False,
case_068,1,1,4,capls,c1,0,0.645,1.345,True,276264,1409680,1409680,0,4180930,,,40,362095,,1.3106847073813455,"{""block_cap"": 0.15}",False,
case_068,1,1,4,capls,c2,0,0.709,1.333,True,239941,1969198,1969198,0,4740448,,,54,362095,,1.5091001537878062,"{""block_cap"": 0.35, ""init"": ""rr""}",False,
case_068,1,1,4,capls,c3,0,0.546,2.593,True,368700,345066,345066,0,3116316,,,9,362095,,0.9820857065364795,"{""block_cap"": 0.35, ""init"": ""contig""}",False,
case_068,1,1,4,capls,c4,0,0.657,2.435,True,338889,3658234,3658234,0,6429484,,,383,362095,,1.0684766988600987,"{""block_cap"": 0.35, ""subgraph_mode"": ""block""}",False,
case_068,1,1,4,capls,c5,0,0.858,2.292,True,294796,3658234,3658234,0,6429484,,,383,362095,,1.2282900717784502,"{""block_cap"": 0.35, ""init"": ""rr"", ""subgraph_mode"": ""block""}",False,
case_068,1,1,4,capls,c6,0,0.85,1.68,True,274817,1423762,1423762,0,4195012,,,44,362095,,1.3175858844249082,"{""block_cap"": 0.6, ""comm_weight"": 1e-06}",False,
case_068,1,1,4,capls,c7,0,1.44,2.358,True,289657,3273698,3273698,0,6044948,,,178,362095,,1.250081993530279,"{""block_cap"": 0.08}",False,
case_068,1,1,4,capls,c8,0,1.29,2.707,True,297418,4004876,4004876,0,6776126,,,202,362095,,1.2174616196733217,"{""block_cap"": 0.005}",False,
case_068,1,1,4,capls,c9,0,0.621,1.345,True,276264,1409680,1409680,0,4180930,,,40,362095,,1.3106847073813455,"{""block_cap"": 0.35, ""max_ops"": 2000}",False,
case_068,1,1,4,capls,c10,0,0.204,1.539,True,189361,2662408,2662408,0,5433658,,,54,362095,,1.9121941688098394,"{""block_cap"": 0.35, ""cores_used"": 3}",True,
case_068,1,1,4,capls,c11,0,0.257,1.797,True,355080,1707274,1707274,0,4478524,,,15,362095,,1.0197561112988622,"{""block_cap"": 0.35, ""cores_used"": 2}",False,
case_068,1,1,4,capls,c12,0,0.928,2.073,True,225317,2946494,2946494,0,5717744,,,76,362095,,1.6070469605045337,"{""block_cap"": 0.35, ""init"": ""rr"", ""level_mode"": ""alap_fill""}",False,
case_068,1,1,4,capls,c13,0,1.088,2.073,True,225317,2946494,2946494,0,5717744,,,76,362095,,1.6070469605045337,"{""block_cap"": 0.35, ""init"": ""rr"", ""level_mode"": ""alap_compress""}",False,
case_068,1,1,4,capls,sa1,0,2.458,2.448,True,190292,2996390,2996390,0,5767640,,,75,362095,,1.9028387951148762,"{""anneal"": true, ""anneal_seconds"": 2.997}",False,
case_068,1,1,4,capls,sa2,0,2.335,2.324,True,189468,2663814,2663814,0,5435064,,,56,362095,,1.9111142778727805,"{""anneal"": true, ""anneal_seconds"": 2.997}",False,
case_068,1,1,4,capls,sa3,0,1.851,1.843,True,189416,2660742,2660742,0,5431992,,,55,362095,,1.911638932297166,"{""anneal"": true, ""anneal_seconds"": 2.997}",False,
case_068,1,1,4,capls,_best,0,0.197,1.539,True,189361,2662408,2662408,0,5433658,,,54,362095,,1.9121941688098394,"{""block_cap"": 0.35, ""cores_used"": 3}",True,results\plans\case_068_p1_n4_capls_best.json
case_069,1,1,3,capls,c0,0,0.378,0.208,True,26409,428516,428516,0,554570,,,21,25144,,0.9520996629936764,"{""block_cap"": 0.35}",False,
case_069,1,1,3,capls,c1,0,0.364,0.208,True,26409,428516,428516,0,554570,,,21,25144,,0.9520996629936764,"{""block_cap"": 0.15}",False,
case_069,1,1,3,capls,c2,0,0.359,0.263,True,25305,554030,554030,0,680084,,,23,25144,,0.9936376210235132,"{""block_cap"": 0.35, ""init"": ""rr""}",False,
case_069,1,1,3,capls,c3,0,0.189,0.258,True,28400,279238,279238,0,405292,,,6,25144,,0.8853521126760563,"{""block_cap"": 0.35, ""init"": ""contig""}",False,
case_069,1,1,3,capls,c4,0,0.436,0.433,True,69802,980046,980046,0,1106100,,,300,25144,,0.36021890490243835,"{""block_cap"": 0.35, ""subgraph_mode"": ""block""}",False,
case_069,1,1,3,capls,c5,0,0.394,0.538,True,66987,980046,980046,0,1106100,,,300,25144,,0.3753564124382343,"{""block_cap"": 0.35, ""init"": ""rr"", ""subgraph_mode"": ""block""}",False,
case_069,1,1,3,capls,c6,0,0.401,0.229,True,30623,437614,437614,0,563668,,,17,25144,,0.8210821931228162,"{""block_cap"": 0.6, ""comm_weight"": 1e-06}",False,
case_069,1,1,3,capls,c7,0,0.36,0.248,True,26395,495942,495942,0,621996,,,18,25144,,0.9526046599734799,"{""block_cap"": 0.08}",False,
case_069,1,1,3,capls,c8,0,0.437,0.236,True,31569,605552,605552,0,731606,,,26,25144,,0.7964775570971523,"{""block_cap"": 0.005}",False,
case_069,1,1,3,capls,c9,0,0.347,0.208,True,26409,428516,428516,0,554570,,,21,25144,,0.9520996629936764,"{""block_cap"": 0.35, ""max_ops"": 2000}",False,
case_069,1,1,3,capls,c10,0,0.108,0.215,True,33590,511210,511210,0,637264,,,11,25144,,0.7485561178922299,"{""block_cap"": 0.35, ""cores_used"": 2}",False,
case_069,1,1,3,capls,c11,0,0.018,0.241,True,25144,0,0,0,126054,,,1,25144,,1.0,"{""block_cap"": 0.35, ""cores_used"": 1}",False,
case_069,1,1,3,capls,c12,0,0.351,0.448,True,22766,643696,643696,0,769750,,,26,25144,,1.1044540103663358,"{""block_cap"": 0.35, ""init"": ""rr"", ""level_mode"": ""alap_fill""}",False,
case_069,1,1,3,capls,c13,0,0.34,0.448,True,22766,643696,643696,0,769750,,,26,25144,,1.1044540103663358,"{""block_cap"": 0.35, ""init"": ""rr"", ""level_mode"": ""alap_compress""}",False,
case_069,1,1,3,capls,sa1,0,0.313,0.311,True,21843,788258,788258,0,914312,,,41,25144,,1.151123929863114,"{""anneal"": true, ""anneal_seconds"": 1.332}",False,
case_069,1,1,3,capls,sa2,0,0.334,0.332,True,21838,788514,788514,0,914568,,,43,25144,,1.1513874896968588,"{""anneal"": true, ""anneal_seconds"": 1.332}",True,
case_069,1,1,3,capls,sa3,0,0.582,0.58,True,21847,788322,788322,0,914376,,,42,25144,,1.1509131688561358,"{""anneal"": true, ""anneal_seconds"": 1.332}",False,
case_069,1,1,3,capls,_best,0,,0.332,True,21838,788514,,,,,,43,25144,,1.1513874896968588,"{""anneal"": true}",True,results\plans\case_069_p1_n3_capls_best.json
case_069,1,1,4,capls,c0,0,0.299,0.271,True,26483,519768,519768,0,645822,,,27,25144,,0.9494392629233848,"{""block_cap"": 0.35}",False,
case_069,1,1,4,capls,c1,0,0.405,0.213,True,20326,562340,562340,0,688394,,,30,25144,,1.2370363081767195,"{""block_cap"": 0.15}",False,
case_069,1,1,4,capls,c2,0,0.401,0.276,True,22736,596436,596436,0,722490,,,32,25144,,1.1059113300492611,"{""block_cap"": 0.35, ""init"": ""rr""}",False,
case_069,1,1,4,capls,c3,0,0.385,0.232,True,20992,260678,260678,0,386732,,,8,25144,,1.1977896341463414,"{""block_cap"": 0.35, ""init"": ""contig""}",False,
case_069,1,1,4,capls,c4,0,0.367,0.475,True,57077,980046,980046,0,1106100,,,300,25144,,0.4405277081836817,"{""block_cap"": 0.35, ""subgraph_mode"": ""block""}",False,
case_069,1,1,4,capls,c5,0,0.345,0.466,True,66122,980046,980046,0,1106100,,,300,25144,,0.3802667795892441,"{""block_cap"": 0.35, ""init"": ""rr"", ""subgraph_mode"": ""block""}",False,
case_069,1,1,4,capls,c6,0,0.355,0.2,True,24233,509278,509278,0,635332,,,25,25144,,1.0375933644204185,"{""block_cap"": 0.6, ""comm_weight"": 1e-06}",False,
case_069,1,1,4,capls,c7,0,0.37,0.233,True,25941,602914,602914,0,728968,,,33,25144,,0.969276434987086,"{""block_cap"": 0.08}",False,
case_069,1,1,4,capls,c8,0,0.481,0.28,True,32994,806588,806588,0,932642,,,50,25144,,0.7620779535673152,"{""block_cap"": 0.005}",False,
case_069,1,1,4,capls,c9,0,0.339,0.271,True,26483,519768,519768,0,645822,,,27,25144,,0.9494392629233848,"{""block_cap"": 0.35, ""max_ops"": 2000}",False,
case_069,1,1,4,capls,c10,0,0.34,0.25,True,26409,428516,428516,0,554570,,,21,25144,,0.9520996629936764,"{""block_cap"": 0.35, ""cores_used"": 3}",False,
case_069,1,1,4,capls,c11,0,0.113,0.249,True,33590,511210,511210,0,637264,,,11,25144,,0.7485561178922299,"{""block_cap"": 0.35, ""cores_used"": 2}",False,
case_069,1,1,4,capls,c12,0,0.315,0.281,True,22949,697598,697598,0,823652,,,32,25144,,1.095646869144625,"{""block_cap"": 0.35, ""init"": ""rr"", ""level_mode"": ""alap_fill""}",False,
case_069,1,1,4,capls,c13,0,0.313,0.281,True,22949,697598,697598,0,823652,,,32,25144,,1.095646869144625,"{""block_cap"": 0.35, ""init"": ""rr"", ""level_mode"": ""alap_compress""}",False,
case_069,1,1,4,capls,sa1,0,0.562,0.555,True,20459,743158,743158,0,869212,,,52,25144,,1.2289945745148834,"{""anneal"": true, ""anneal_seconds"": 1.304}",False,
case_069,1,1,4,capls,sa2,0,0.329,0.327,True,20155,746614,746614,0,872668,,,53,25144,,1.247531629868519,"{""anneal"": true, ""anneal_seconds"": 1.304}",True,
case_069,1,1,4,capls,sa3,0,0.341,0.339,True,20156,746950,746950,0,873004,,,54,25144,,1.247469736058742,"{""anneal"": true, ""anneal_seconds"": 1.304}",False,
case_069,1,1,4,capls,_best,0,,0.327,True,20155,746614,,,,,,53,25144,,1.247531629868519,"{""anneal"": true}",True,results\plans\case_069_p1_n4_capls_best.json
case_067,1,1,5,capls,c0,0,0.754,9.122,True,15931687,262750080,14886400,247863680,268798208,,,5,63834834,,4.006784341168641,"{""block_cap"": 0.35}",False,
case_067,1,1,5,capls,c1,0,0.495,9.122,True,15931687,262750080,14886400,247863680,268798208,,,5,63834834,,4.006784341168641,"{""block_cap"": 0.15}",False,
case_067,1,1,5,capls,c2,0,0.443,9.122,True,15931687,262750080,14886400,247863680,268798208,,,5,63834834,,4.006784341168641,"{""block_cap"": 0.35, ""init"": ""rr""}",False,
case_067,1,1,5,capls,c3,0,0.429,8.32,True,15931687,262750080,14886400,247863680,268798208,,,5,63834834,,4.006784341168641,"{""block_cap"": 0.35, ""init"": ""contig""}",False,
case_067,1,1,5,capls,c4,0,0.513,2.637,True,15967384,260512000,260512000,0,266560128,,,71,63834834,,3.997826694717181,"{""block_cap"": 0.35, ""subgraph_mode"": ""block""}",False,
case_067,1,1,5,capls,c5,0,0.416,2.637,True,15967384,260512000,260512000,0,266560128,,,71,63834834,,3.997826694717181,"{""block_cap"": 0.35, ""init"": ""rr"", ""subgraph_mode"": ""block""}",False,
case_067,1,1,5,capls,c6,0,0.702,9.122,True,15931687,262750080,14886400,247863680,268798208,,,5,63834834,,4.006784341168641,"{""block_cap"": 0.6, ""comm_weight"": 1e-06}",False,
case_067,1,1,5,capls,c7,0,0.43,9.122,True,15931687,262750080,14886400,247863680,268798208,,,5,63834834,,4.006784341168641,"{""block_cap"": 0.08}",False,
case_067,1,1,5,capls,sa1,0,8.594,8.547,True,14414488,258091392,17638912,240452480,264139520,,,8,63834834,,4.428519001160499,"{""anneal"": true, ""anneal_seconds"": 5.546}",True,
case_067,1,1,5,capls,sa2,0,16.074,16.064,True,15508080,261197184,15803904,245393280,267245312,,,6,63834834,,4.116230635900769,"{""anneal"": true, ""anneal_seconds"": 5.546}",False,
case_067,1,1,5,capls,sa3,0,11.694,11.674,True,14977219,259644288,16721408,242922880,265692416,,,7,63834834,,4.262128636831711,"{""anneal"": true, ""anneal_seconds"": 5.546}",False,
case_067,1,1,5,capls,_best,0,,8.547,True,14414488,258091392,,,,,,8,63834834,,4.428519001160499,"{""anneal"": true}",True,results\plans\case_067_p1_n5_capls_best.json
case_069,1,1,5,capls,c0,0,0.331,0.251,True,23365,519742,519742,0,645796,,,29,25144,,1.0761395249304515,"{""block_cap"": 0.35}",False,
case_069,1,1,5,capls,c1,0,0.35,0.23,True,22527,621542,621542,0,747596,,,36,25144,,1.116171705065033,"{""block_cap"": 0.15}",False,
case_069,1,1,5,capls,c2,0,0.332,0.316,True,23297,634248,634248,0,760302,,,38,25144,,1.0792805940679058,"{""block_cap"": 0.35, ""init"": ""rr""}",False,
case_069,1,1,5,capls,c3,0,0.331,0.245,True,24152,282574,282574,0,408628,,,11,25144,,1.0410732030473666,"{""block_cap"": 0.35, ""init"": ""contig""}",False,
case_069,1,1,5,capls,c4,0,0.328,1.049,True,60120,980046,980046,0,1106100,,,300,25144,,0.41823020625415835,"{""block_cap"": 0.35, ""subgraph_mode"": ""block""}",False,
case_069,1,1,5,capls,c5,0,0.323,0.492,True,54539,980046,980046,0,1106100,,,300,25144,,0.46102788830011554,"{""block_cap"": 0.35, ""init"": ""rr"", ""subgraph_mode"": ""block""}",False,
case_069,1,1,5,capls,c6,0,0.335,0.293,True,21160,576936,576936,0,702990,,,29,25144,,1.1882797731569,"{""block_cap"": 0.6, ""comm_weight"": 1e-06}",True,
case_069,1,1,5,capls,c7,0,0.332,0.302,True,24019,656264,656264,0,782318,,,50,25144,,1.0468379199800157,"{""block_cap"": 0.08}",False,
case_069,1,1,5,capls,c8,0,0.459,0.365,True,41352,1017436,1017436,0,1143490,,,75,25144,,0.608047978332366,"{""block_cap"": 0.005}",False,
case_069,1,1,5,capls,c9,0,0.319,0.251,True,23365,519742,519742,0,645796,,,29,25144,,1.0761395249304515,"{""block_cap"": 0.35, ""max_ops"": 2000}",False,
case_069,1,1,5,capls,c10,0,0.336,0.304,True,26483,519768,519768,0,645822,,,27,25144,,0.9494392629233848,"{""block_cap"": 0.35, ""cores_used"": 4}",False,
case_069,1,1,5,capls,c11,0,0.1,0.187,True,33590,511210,511210,0,637264,,,11,25144,,0.7485561178922299,"{""block_cap"": 0.35, ""cores_used"": 2}",False,
case_069,1,1,5,capls,c12,0,0.331,0.315,True,23599,762802,762802,0,888856,,,43,25144,,1.065468875799822,"{""block_cap"": 0.35, ""init"": ""rr"", ""level_mode"": ""alap_fill""}",False,
case_069,1,1,5,capls,c13,0,0.359,0.315,True,23599,762802,762802,0,888856,,,43,25144,,1.065468875799822,"{""block_cap"": 0.35, ""init"": ""rr"", ""level_mode"": ""alap_compress""}",False,
case_069,1,1,5,capls,sa1,0,0.428,0.425,True,22897,783974,783974,0,910028,,,92,25144,,1.0981351268725161,"{""anneal"": true, ""anneal_seconds"": 1.306}",False,
case_069,1,1,5,capls,sa2,0,0.413,0.41,True,22902,784742,784742,0,910796,,,93,25144,,1.0978953803161295,"{""anneal"": true, ""anneal_seconds"": 1.306}",False,
case_069,1,1,5,capls,sa3,0,0.412,0.41,True,22871,783974,783974,0,910028,,,91,25144,,1.0993834987538804,"{""anneal"": true, ""anneal_seconds"": 1.306}",False,
case_069,1,1,5,capls,_best,0,0.339,0.293,True,21160,576936,576936,0,702990,,,29,25144,,1.1882797731569,"{""block_cap"": 0.6, ""comm_weight"": 1e-06}",True,results\plans\case_069_p1_n5_capls_best.json
case_070,1,1,4,capls,c0,0,0.054,0.555,True,32371,264192,264192,0,684156,,,4,117300,,3.6236137283370917,"{""block_cap"": 0.35}",True,
case_070,1,1,4,capls,c1,0,0.071,0.399,True,45831,962654,962654,0,1382618,,,11,117300,,2.5594030241539567,"{""block_cap"": 0.15}",False,
case_070,1,1,4,capls,c2,0,0.086,0.339,True,34898,264192,264192,0,684156,,,4,117300,,3.3612241389191357,"{""block_cap"": 0.35, ""init"": ""rr""}",False,
case_070,1,1,4,capls,c3,0,0.136,0.41,True,35865,249856,249856,0,669820,,,4,117300,,3.270598076118779,"{""block_cap"": 0.35, ""init"": ""contig""}",False,
case_070,1,1,4,capls,c4,0,0.063,0.227,True,38573,880640,880640,0,1300604,,,31,117300,,3.0409872190392244,"{""block_cap"": 0.35, ""subgraph_mode"": ""block""}",False,
case_070,1,1,4,capls,c5,0,0.096,0.243,True,41062,880640,880640,0,1300604,,,31,117300,,2.8566557888071697,"{""block_cap"": 0.35, ""init"": ""rr"", ""subgraph_mode"": ""block""}",False,
case_070,1,1,4,capls,c6,0,0.053,0.555,True,32371,264192,264192,0,684156,,,4,117300,,3.6236137283370917,"{""block_cap"": 0.6, ""comm_weight"": 1e-06}",False,
case_070,1,1,4,capls,c7,0,0.163,0.34,True,42904,1077328,1077328,0,1497292,,,12,117300,,2.734010814842439,"{""block_cap"": 0.08}",False,
case_070,1,1,4,capls,c8,0,0.311,0.421,True,68151,1348746,1348746,0,1768710,,,31,117300,,1.7211779724435445,"{""block_cap"": 0.005}",False,
case_070,1,1,4,capls,c9,0,0.055,0.555,True,32371,264192,264192,0,684156,,,4,117300,,3.6236137283370917,"{""block_cap"": 0.35, ""max_ops"": 2000}",False,
case_070,1,1,4,capls,c10,0,0.034,0.418,True,42877,176128,176128,0,596092,,,3,117300,,2.7357324439676285,"{""block_cap"": 0.35, ""cores_used"": 3}",False,
case_070,1,1,4,capls,c11,0,0.027,0.302,True,59494,88064,88064,0,508028,,,2,117300,,1.9716273909974116,"{""block_cap"": 0.35, ""cores_used"": 2}",False,
case_070,1,1,4,capls,c12,0,0.092,0.339,True,34898,264192,264192,0,684156,,,4,117300,,3.3612241389191357,"{""block_cap"": 0.35, ""init"": ""rr"", ""level_mode"": ""alap_fill""}",False,
case_070,1,1,4,capls,c13,0,0.096,0.339,True,34898,264192,264192,0,684156,,,4,117300,,3.3612241389191357,"{""block_cap"": 0.35, ""init"": ""rr"", ""level_mode"": ""alap_compress""}",False,
case_070,1,1,4,capls,sa1,0,0.001,0.425,True,32371,477440,477440,0,897404,,,5,117300,,3.6236137283370917,"{""anneal"": true, ""anneal_seconds"": 3.459}",False,
case_070,1,1,4,capls,sa2,0,0.472,0.463,True,32371,629760,629760,0,1049724,,,6,117300,,3.6236137283370917,"{""anneal"": true, ""anneal_seconds"": 3.459}",False,
case_070,1,1,4,capls,sa3,0,0.001,0.419,True,32371,416512,416512,0,836476,,,5,117300,,3.6236137283370917,"{""anneal"": true, ""anneal_seconds"": 3.459}",False,
case_070,1,1,4,capls,_best,0,0.057,0.555,True,32371,264192,264192,0,684156,,,4,117300,,3.6236137283370917,"{""block_cap"": 0.35}",True,results\plans\case_070_p1_n4_capls_best.json
case_070,1,1,3,capls,c0,0,0.05,0.328,True,42877,176128,176128,0,596092,,,3,117300,,2.7357324439676285,"{""block_cap"": 0.35}",True,
case_070,1,1,3,capls,c1,0,0.064,0.364,True,48602,714306,714306,0,1134270,,,9,117300,,2.413480926710835,"{""block_cap"": 0.15}",False,
case_070,1,1,3,capls,c2,0,0.063,0.413,True,47870,176128,176128,0,596092,,,3,117300,,2.4503864633382078,"{""block_cap"": 0.35, ""init"": ""rr""}",False,
case_070,1,1,3,capls,c3,0,0.064,0.342,True,49348,161792,161792,0,581756,,,3,117300,,2.37699602820783,"{""block_cap"": 0.35, ""init"": ""contig""}",False,
case_070,1,1,3,capls,c4,0,0.043,0.177,True,50342,880640,880640,0,1300604,,,31,117300,,2.330062373366175,"{""block_cap"": 0.35, ""subgraph_mode"": ""block""}",False,
case_070,1,1,3,capls,c5,0,0.065,0.886,True,56003,880640,880640,0,1300604,,,31,117300,,2.094530650143742,"{""block_cap"": 0.35, ""init"": ""rr"", ""subgraph_mode"": ""block""}",False,
case_070,1,1,3,capls,c6,0,0.047,0.328,True,42877,176128,176128,0,596092,,,3,117300,,2.7357324439676285,"{""block_cap"": 0.6, ""comm_weight"": 1e-06}",False,
case_070,1,1,3,capls,c7,0,0.064,0.356,True,52458,1057918,1057918,0,1477882,,,11,117300,,2.23607457394487,"{""block_cap"": 0.08}",False,
case_070,1,1,3,capls,c8,0,0.158,0.323,True,68709,1617488,1617488,0,2037452,,,25,117300,,1.7071999301401564,"{""block_cap"": 0.005}",False,
case_070,1,1,3,capls,c9,0,0.042,0.328,True,42877,176128,176128,0,596092,,,3,117300,,2.7357324439676285,"{""block_cap"": 0.35, ""max_ops"": 2000}",False,
case_070,1,1,3,capls,c10,0,0.392,0.361,True,59494,88064,88064,0,508028,,,2,117300,,1.9716273909974116,"{""block_cap"": 0.35, ""cores_used"": 2}",False,
case_070,1,1,3,capls,c11,0,0.016,0.324,True,117300,0,0,0,419964,,,1,117300,,1.0,"{""block_cap"": 0.35, ""cores_used"": 1}",False,
case_070,1,1,3,capls,c12,0,0.065,0.413,True,47870,176128,176128,0,596092,,,3,117300,,2.4503864633382078,"{""block_cap"": 0.35, ""init"": ""rr"", ""level_mode"": ""alap_fill""}",False,
case_070,1,1,3,capls,c13,0,0.069,0.413,True,47870,176128,176128,0,596092,,,3,117300,,2.4503864633382078,"{""block_cap"": 0.35, ""init"": ""rr"", ""level_mode"": ""alap_compress""}",False,
case_070,1,1,3,capls,sa1,0,0.001,0.469,True,42877,311824,311824,0,731788,,,4,117300,,2.7357324439676285,"{""anneal"": true, ""anneal_seconds"": 8.512}",False,
case_070,1,1,3,capls,sa2,0,0.001,0.669,True,42877,417812,417812,0,837776,,,4,117300,,2.7357324439676285,"{""anneal"": true, ""anneal_seconds"": 8.512}",False,
case_070,1,1,3,capls,sa3,0,0.001,0.363,True,42877,553508,553508,0,973472,,,5,117300,,2.7357324439676285,"{""anneal"": true, ""anneal_seconds"": 8.512}",False,
case_070,1,1,3,capls,_best,0,0.041,0.328,True,42877,176128,176128,0,596092,,,3,117300,,2.7357324439676285,"{""block_cap"": 0.35}",True,results\plans\case_070_p1_n3_capls_best.json
case_067,1,1,3,capls,c0,0,0.433,14.846,True,23568859,263599744,7443200,256156544,269647872,,,3,63834834,,2.7084397254869232,"{""block_cap"": 0.35}",False,
case_067,1,1,3,capls,c1,0,0.271,14.846,True,23568859,263599744,7443200,256156544,269647872,,,3,63834834,,2.7084397254869232,"{""block_cap"": 0.15}",False,
case_067,1,1,3,capls,c2,0,0.272,14.846,True,23568859,263599744,7443200,256156544,269647872,,,3,63834834,,2.7084397254869232,"{""block_cap"": 0.35, ""init"": ""rr""}",False,
case_067,1,1,3,capls,c3,0,0.236,14.134,True,23568859,263599744,7443200,256156544,269647872,,,3,63834834,,2.7084397254869232,"{""block_cap"": 0.35, ""init"": ""contig""}",False,
case_067,1,1,3,capls,c4,0,0.26,2.6,True,23631184,260512000,260512000,0,266560128,,,71,63834834,,2.701296473337942,"{""block_cap"": 0.35, ""subgraph_mode"": ""block""}",False,
case_067,1,1,3,capls,c5,0,0.359,2.6,True,23631184,260512000,260512000,0,266560128,,,71,63834834,,2.701296473337942,"{""block_cap"": 0.35, ""init"": ""rr"", ""subgraph_mode"": ""block""}",False,
case_067,1,1,3,capls,c6,0,0.22,14.846,True,23568859,263599744,7443200,256156544,269647872,,,3,63834834,,2.7084397254869232,"{""block_cap"": 0.6, ""comm_weight"": 1e-06}",False,
case_067,1,1,3,capls,c7,0,0.27,14.846,True,23568859,263599744,7443200,256156544,269647872,,,3,63834834,,2.7084397254869232,"{""block_cap"": 0.08}",False,
case_067,1,1,3,capls,sa1,0,25.082,25.031,True,21673797,250816128,11803648,239012480,256864256,,,11,63834834,,2.9452538473069576,"{""anneal"": true, ""anneal_seconds"": 7.603}",True,
case_067,1,1,3,capls,sa2,0,0.007,22.951,True,22714858,260674816,8950528,251724288,266722944,,,4,63834834,,2.810267799164758,"{""anneal"": true, ""anneal_seconds"": 7.603}",False,
case_067,1,1,3,capls,sa3,0,34.629,34.612,True,21673797,250816128,11803648,239012480,256864256,,,12,63834834,,2.9452538473069576,"{""anneal"": true, ""anneal_seconds"": 7.603}",False,
case_067,1,1,3,capls,_best,0,,25.031,True,21673797,250816128,,,,,,11,63834834,,2.9452538473069576,"{""anneal"": true}",True,results\plans\case_067_p1_n3_capls_best.json
case_068,1,1,5,capls,c0,0,1.033,1.378,True,263747,1518452,1518452,0,4289702,,,56,362095,,1.3728876536984307,"{""block_cap"": 0.35}",False,
case_068,1,1,5,capls,c1,0,0.991,1.378,True,263747,1518452,1518452,0,4289702,,,56,362095,,1.3728876536984307,"{""block_cap"": 0.15}",False,
case_068,1,1,5,capls,c2,0,0.973,1.441,True,282647,1545712,1545712,0,4316962,,,55,362095,,1.281085594398667,"{""block_cap"": 0.35, ""init"": ""rr""}",False,
case_068,1,1,5,capls,c3,0,0.847,2.259,True,372084,649090,649090,0,3420340,,,14,362095,,0.9731539114823534,"{""block_cap"": 0.35, ""init"": ""contig""}",False,
case_068,1,1,5,capls,c4,0,0.969,2.744,True,317681,3658234,3658234,0,6429484,,,383,362095,,1.139806913224272,"{""block_cap"": 0.35, ""subgraph_mode"": ""block""}",False,
case_068,1,1,5,capls,c5,0,0.943,2.625,True,335227,3658234,3658234,0,6429484,,,383,362095,,1.0801486753751934,"{""block_cap"": 0.35, ""init"": ""rr"", ""subgraph_mode"": ""block""}",False,
case_068,1,1,5,capls,c6,0,1.292,1.918,True,293856,1241652,1241652,0,4012902,,,47,362095,,1.2322191821844712,"{""block_cap"": 0.6, ""comm_weight"": 1e-06}",False,
case_068,1,1,5,capls,c7,0,1.395,2.145,True,306327,3176916,3176916,0,5948166,,,161,362095,,1.1820538183052751,"{""block_cap"": 0.08}",False,
case_068,1,1,5,capls,c8,0,1.362,2.483,True,315382,4460342,4460342,0,7231592,,,255,362095,,1.1481156185197634,"{""block_cap"": 0.005}",False,
case_068,1,1,5,capls,c9,0,0.826,1.378,True,263747,1518452,1518452,0,4289702,,,56,362095,,1.3728876536984307,"{""block_cap"": 0.35, ""max_ops"": 2000}",False,
case_068,1,1,5,capls,c10,0,0.749,1.366,True,276264,1409680,1409680,0,4180930,,,40,362095,,1.3106847073813455,"{""block_cap"": 0.35, ""cores_used"": 4}",False,
case_068,1,1,5,capls,c11,0,0.341,1.375,True,355080,1707274,1707274,0,4478524,,,15,362095,,1.0197561112988622,"{""block_cap"": 0.35, ""cores_used"": 2}",False,
case_068,1,1,5,capls,c12,0,0.881,1.935,True,265614,2381472,2381472,0,5152722,,,90,362095,,1.3632376305465825,"{""block_cap"": 0.35, ""init"": ""rr"", ""level_mode"": ""alap_fill""}",False,
case_068,1,1,5,capls,c13,0,0.874,1.935,True,265614,2381472,2381472,0,5152722,,,90,362095,,1.3632376305465825,"{""block_cap"": 0.35, ""init"": ""rr"", ""level_mode"": ""alap_compress""}",False,
case_068,1,1,5,capls,sa1,0,3.63,3.594,True,262015,3606276,3606276,0,6377526,,,264,362095,,1.3819628647214854,"{""anneal"": true, ""anneal_seconds"": 3.395}",True,
case_068,1,1,5,capls,sa2,0,3.511,3.495,True,262155,3605252,3605252,0,6376502,,,264,362095,,1.381224847895329,"{""anneal"": true, ""anneal_seconds"": 3.395}",False,
case_068,1,1,5,capls,sa3,0,3.632,3.62,True,262015,3606276,3606276,0,6377526,,,265,362095,,1.3819628647214854,"{""anneal"": true, ""anneal_seconds"": 3.395}",False,
case_068,1,1,5,capls,_best,0,,3.594,True,262015,3606276,,,,,,264,362095,,1.3819628647214854,"{""anneal"": true}",True,results\plans\case_068_p1_n5_capls_best.json
case_070,1,1,2,capls,c0,0,0.031,0.372,True,59494,88064,88064,0,508028,,,2,117300,,1.9716273909974116,"{""block_cap"": 0.35}",False,
case_070,1,1,2,capls,c1,0,0.04,0.354,True,67058,545334,545334,0,965298,,,6,117300,,1.7492320081123802,"{""block_cap"": 0.15}",False,
case_070,1,1,2,capls,c2,0,0.041,0.432,True,58469,88064,88064,0,508028,,,2,117300,,2.0061913150558417,"{""block_cap"": 0.35, ""init"": ""rr""}",True,
case_070,1,1,2,capls,c3,0,0.038,0.38,True,63569,73728,73728,0,493692,,,2,117300,,1.8452390316034546,"{""block_cap"": 0.35, ""init"": ""contig""}",False,
case_070,1,1,2,capls,c4,0,0.025,0.234,True,67431,880640,880640,0,1300604,,,31,117300,,1.7395559905681364,"{""block_cap"": 0.35, ""subgraph_mode"": ""block""}",False,
case_070,1,1,2,capls,c5,0,0.037,0.225,True,67966,880640,880640,0,1300604,,,31,117300,,1.7258629314657328,"{""block_cap"": 0.35, ""init"": ""rr"", ""subgraph_mode"": ""block""}",False,
case_070,1,1,2,capls,c6,0,0.029,0.372,True,59494,88064,88064,0,508028,,,2,117300,,1.9716273909974116,"{""block_cap"": 0.6, ""comm_weight"": 1e-06}",False,
case_070,1,1,2,capls,c7,0,0.038,0.343,True,72569,508482,508482,0,928446,,,6,117300,,1.6163926745580068,"{""block_cap"": 0.08}",False,
case_070,1,1,2,capls,c8,0,0.081,0.389,True,77453,1235020,1235020,0,1654984,,,12,117300,,1.5144668379533395,"{""block_cap"": 0.005}",False,
case_070,1,1,2,capls,c9,0,0.028,0.372,True,59494,88064,88064,0,508028,,,2,117300,,1.9716273909974116,"{""block_cap"": 0.35, ""max_ops"": 2000}",False,
case_070,1,1,2,capls,c10,0,0.015,1.063,True,117300,0,0,0,419964,,,1,117300,,1.0,"{""block_cap"": 0.35, ""cores_used"": 1}",False,
case_070,1,1,2,capls,c11,0,0.015,1.063,True,117300,0,0,0,419964,,,1,117300,,1.0,"{""block_cap"": 0.35, ""cores_used"": 1}",False,
case_070,1,1,2,capls,c12,0,0.04,0.432,True,58469,88064,88064,0,508028,,,2,117300,,2.0061913150558417,"{""block_cap"": 0.35, ""init"": ""rr"", ""level_mode"": ""alap_fill""}",False,
case_070,1,1,2,capls,c13,0,0.042,0.432,True,58469,88064,88064,0,508028,,,2,117300,,2.0061913150558417,"{""block_cap"": 0.35, ""init"": ""rr"", ""level_mode"": ""alap_compress""}",False,
case_070,1,1,2,capls,sa1,0,0.001,0.43,True,58469,445204,445204,0,865168,,,3,117300,,2.0061913150558417,"{""anneal"": true, ""anneal_seconds"": 15.924}",False,
case_070,1,1,2,capls,sa2,0,0.001,0.405,True,58469,504156,504156,0,924120,,,4,117300,,2.0061913150558417,"{""anneal"": true, ""anneal_seconds"": 15.924}",False,
case_070,1,1,2,capls,sa3,0,0.001,0.735,True,62552,1006380,1006380,0,1426344,,,4,117300,,1.8752398004859956,"{""anneal"": true, ""anneal_seconds"": 15.924}",False,
case_070,1,1,2,capls,_best,0,0.043,0.432,True,58469,88064,88064,0,508028,,,2,117300,,2.0061913150558417,"{""block_cap"": 0.35, ""init"": ""rr""}",True,results\plans\case_070_p1_n2_capls_best.json
case_070,1,1,5,capls,c0,0,0.092,0.385,True,38938,954434,954434,0,1374398,,,13,117300,,3.0124813806564283,"{""block_cap"": 0.35}",False,
case_070,1,1,5,capls,c1,0,0.144,0.336,True,36628,919598,919598,0,1339562,,,12,117300,,3.2024680572239816,"{""block_cap"": 0.15}",False,
case_070,1,1,5,capls,c2,0,0.158,0.369,True,37430,976972,976972,0,1396936,,,14,117300,,3.1338498530590435,"{""block_cap"": 0.35, ""init"": ""rr""}",False,
case_070,1,1,5,capls,c3,0,0.478,0.372,True,37645,607240,607240,0,1027204,,,9,117300,,3.1159516536060567,"{""block_cap"": 0.35, ""init"": ""contig""}",False,
case_070,1,1,5,capls,c4,0,0.086,0.34,True,62662,1455980,1455980,0,1875944,,,89,117300,,1.87194791101465,"{""block_cap"": 0.35, ""subgraph_mode"": ""block""}",False,
case_070,1,1,5,capls,c5,0,0.157,0.331,True,64582,1455980,1455980,0,1875944,,,89,117300,,1.8162955622309622,"{""block_cap"": 0.35, ""init"": ""rr"", ""subgraph_mode"": ""block""}",False,
case_070,1,1,5,capls,c6,0,0.07,0.406,True,30646,352256,352256,0,772220,,,5,117300,,3.8275794557201595,"{""block_cap"": 0.6, ""comm_weight"": 1e-06}",True,
case_070,1,1,5,capls,c7,0,0.159,0.444,True,33685,883500,883500,0,1303464,,,12,117300,,3.482262134481223,"{""block_cap"": 0.08}",False,
case_070,1,1,5,capls,c8,0,0.299,0.448,True,76524,1420326,1420326,0,1840290,,,43,117300,,1.532852438450682,"{""block_cap"": 0.005}",False,
case_070,1,1,5,capls,c9,0,0.089,0.385,True,38938,954434,954434,0,1374398,,,13,117300,,3.0124813806564283,"{""block_cap"": 0.35, ""max_ops"": 2000}",False,
case_070,1,1,5,capls,c10,0,0.053,0.448,True,32371,264192,264192,0,684156,,,4,117300,,3.6236137283370917,"{""block_cap"": 0.35, ""cores_used"": 4}",False,
case_070,1,1,5,capls,c11,0,0.033,0.381,True,59494,88064,88064,0,508028,,,2,117300,,1.9716273909974116,"{""block_cap"": 0.35, ""cores_used"": 2}",False,
case_070,1,1,5,capls,c12,0,0.156,0.423,True,38766,1566028,1566028,0,1985992,,,15,117300,,3.025847392044575,"{""block_cap"": 0.35, ""init"": ""rr"", ""level_mode"": ""alap_fill""}",False,
case_070,1,1,5,capls,c13,0,0.16,0.423,True,38766,1566028,1566028,0,1985992,,,15,117300,,3.025847392044575,"{""block_cap"": 0.35, ""init"": ""rr"", ""level_mode"": ""alap_compress""}",False,
case_070,1,1,5,capls,sa1,0,0.438,0.436,True,30646,546944,546944,0,966908,,,6,117300,,3.8275794557201595,"{""anneal"": true, ""anneal_seconds"": 2.591}",False,
case_070,1,1,5,capls,sa2,0,0.001,0.566,True,30646,475648,475648,0,895612,,,6,117300,,3.8275794557201595,"{""anneal"": true, ""anneal_seconds"": 2.591}",False,
case_070,1,1,5,capls,sa3,0,0.449,0.447,True,30646,542996,542996,0,962960,,,7,117300,,3.8275794557201595,"{""anneal"": true, ""anneal_seconds"": 2.591}",False,
case_070,1,1,5,capls,_best,0,0.066,0.406,True,30646,352256,352256,0,772220,,,5,117300,,3.8275794557201595,"{""block_cap"": 0.6, ""comm_weight"": 1e-06}",True,results\plans\case_070_p1_n5_capls_best.json
case_071,1,1,3,capls,c0,0,0.226,0.161,True,21131,407676,407676,0,529122,,,20,18919,,0.8953196725190479,"{""block_cap"": 0.35}",False,
case_071,1,1,3,capls,c1,0,0.226,0.167,True,19555,399440,399440,0,520886,,,21,18919,,0.967476348759908,"{""block_cap"": 0.15}",False,
case_071,1,1,3,capls,c2,0,0.214,0.188,True,17924,371096,371096,0,492542,,,17,18919,,1.0555121624637358,"{""block_cap"": 0.35, ""init"": ""rr""}",False,
case_071,1,1,3,capls,c3,0,0.213,0.159,True,20075,169416,169416,0,290862,,,5,18919,,0.9424159402241594,"{""block_cap"": 0.35, ""init"": ""contig""}",False,
case_071,1,1,3,capls,c4,0,0.216,0.346,True,55466,706204,706204,0,827650,,,221,18919,,0.3410918400461544,"{""block_cap"": 0.35, ""subgraph_mode"": ""block""}",False,
case_071,1,1,3,capls,c5,0,0.209,0.289,True,42980,706204,706204,0,827650,,,221,18919,,0.440181479758027,"{""block_cap"": 0.35, ""init"": ""rr"", ""subgraph_mode"": ""block""}",False,
case_071,1,1,3,capls,c6,0,0.236,0.143,True,21832,354708,354708,0,476154,,,18,18919,,0.866572004397215,"{""block_cap"": 0.6, ""comm_weight"": 1e-06}",False,
case_071,1,1,3,capls,c7,0,0.248,0.185,True,19012,388260,388260,0,509706,,,22,18919,,0.9951083526193982,"{""block_cap"": 0.08}",False,
case_071,1,1,3,capls,c8,0,0.317,0.23,True,25784,492920,492920,0,614366,,,32,18919,,0.7337496121625815,"{""block_cap"": 0.005}",False,
case_071,1,1,3,capls,c9,0,0.22,0.161,True,21131,407676,407676,0,529122,,,20,18919,,0.8953196725190479,"{""block_cap"": 0.35, ""max_ops"": 2000}",False,
case_071,1,1,3,capls,c10,0,0.091,0.115,True,26606,300040,300040,0,421486,,,9,18919,,0.7110802074719988,"{""block_cap"": 0.35, ""cores_used"": 2}",False,
case_071,1,1,3,capls,c11,0,0.012,0.843,True,18919,0,0,0,121446,,,1,18919,,1.0,"{""block_cap"": 0.35, ""cores_used"": 1}",False,
case_071,1,1,3,capls,c12,0,0.225,0.16,True,16228,411902,411902,0,533348,,,19,18919,,1.1658245008627064,"{""block_cap"": 0.35, ""init"": ""rr"", ""level_mode"": ""alap_fill""}",False,
case_071,1,1,3,capls,c13,0,0.231,0.16,True,16228,411902,411902,0,533348,,,19,18919,,1.1658245008627064,"{""block_cap"": 0.35, ""init"": ""rr"", ""level_mode"": ""alap_compress""}",False,
case_071,1,1,3,capls,sa1,0,0.211,0.206,True,16239,474556,474556,0,596002,,,41,18919,,1.1650347927828069,"{""anneal"": true, ""anneal_seconds"": 1.158}",False,
case_071,1,1,3,capls,sa2,0,0.204,0.203,True,16201,479260,479260,0,600706,,,42,18919,,1.1677674217640885,"{""anneal"": true, ""anneal_seconds"": 1.158}",True,
case_071,1,1,3,capls,sa3,0,0.221,0.22,True,16404,480188,480188,0,601634,,,42,18919,,1.1533162643257742,"{""anneal"": true, ""anneal_seconds"": 1.158}",False,
case_071,1,1,3,capls,_best,0,,0.203,True,16201,479260,,,,,,42,18919,,1.1677674217640885,"{""anneal"": true}",True,results\plans\case_071_p1_n3_capls_best.json
case_071,1,1,5,capls,c0,0,0.234,0.179,True,16465,384780,384780,0,506226,,,26,18919,,1.1490434254479198,"{""block_cap"": 0.35}",True,
case_071,1,1,5,capls,c1,0,0.245,0.211,True,21461,402644,402644,0,524090,,,26,18919,,0.8815525837565817,"{""block_cap"": 0.15}",False,
case_071,1,1,5,capls,c2,0,0.231,0.205,True,16622,424280,424280,0,545726,,,29,18919,,1.1381903501383708,"{""block_cap"": 0.35, ""init"": ""rr""}",False,
case_071,1,1,5,capls,c3,0,0.221,0.179,True,16945,272850,272850,0,394296,,,14,18919,,1.1164945411625848,"{""block_cap"": 0.35, ""init"": ""contig""}",False,
case_071,1,1,5,capls,c4,0,0.226,0.348,True,49864,706204,706204,0,827650,,,221,18919,,0.3794120006417456,"{""block_cap"": 0.35, ""subgraph_mode"": ""block""}",False,
case_071,1,1,5,capls,c5,0,0.239,1.096,True,37891,706204,706204,0,827650,,,221,18919,,0.4993006254783458,"{""block_cap"": 0.35, ""init"": ""rr"", ""subgraph_mode"": ""block""}",False,
case_071,1,1,5,capls,c6,0,0.244,0.149,True,17505,399022,399022,0,520468,,,28,18919,,1.0807769208797486,"{""block_cap"": 0.6, ""comm_weight"": 1e-06}",False,
case_071,1,1,5,capls,c7,0,0.266,0.14,True,19438,406728,406728,0,528174,,,26,18919,,0.9732997221936414,"{""block_cap"": 0.08}",False,
case_071,1,1,5,capls,c8,0,0.391,0.237,True,31185,656884,656884,0,778330,,,52,18919,,0.60666987333654,"{""block_cap"": 0.005}",False,
case_071,1,1,5,capls,c9,0,0.256,0.179,True,16465,384780,384780,0,506226,,,26,18919,,1.1490434254479198,"{""block_cap"": 0.35, ""max_ops"": 2000}",False,
case_071,1,1,5,capls,c10,0,0.259,0.146,True,20428,412900,412900,0,534346,,,30,18919,,0.9261308008615625,"{""block_cap"": 0.35, ""cores_used"": 4}",False,
case_071,1,1,5,capls,c11,0,0.094,0.182,True,26606,300040,300040,0,421486,,,9,18919,,0.7110802074719988,"{""block_cap"": 0.35, ""cores_used"": 2}",False,
case_071,1,1,5,capls,c12,0,0.239,0.2,True,16845,447578,447578,0,569024,,,30,18919,,1.123122588305135,"{""block_cap"": 0.35, ""init"": ""rr"", ""level_mode"": ""alap_fill""}",False,
case_071,1,1,5,capls,c13,0,0.243,0.2,True,16845,447578,447578,0,569024,,,30,18919,,1.123122588305135,"{""block_cap"": 0.35, ""init"": ""rr"", ""level_mode"": ""alap_compress""}",False,
case_071,1,1,5,capls,sa1,0,0.263,0.258,True,17027,530144,530144,0,651590,,,74,18919,,1.1111176366946613,"{""anneal"": true, ""anneal_seconds"": 0.944}",False,
case_071,1,1,5,capls,sa2,0,0.274,0.273,True,17062,530144,530144,0,651590,,,73,18919,,1.108838354237487,"{""anneal"": true, ""anneal_seconds"": 0.944}",False,
case_071,1,1,5,capls,sa3,0,0.252,0.25,True,17026,530048,530048,0,651494,,,72,18919,,1.111182896746153,"{""anneal"": true, ""anneal_seconds"": 0.944}",False,
case_071,1,1,5,capls,_best,0,0.219,0.179,True,16465,384780,384780,0,506226,,,26,18919,,1.1490434254479198,"{""block_cap"": 0.35}",True,results\plans\case_071_p1_n5_capls_best.json
case_071,1,1,4,capls,c0,0,0.224,0.183,True,20428,412900,412900,0,534346,,,30,18919,,0.9261308008615625,"{""block_cap"": 0.35}",False,
case_071,1,1,4,capls,c1,0,0.221,0.185,True,22860,423514,423514,0,544960,,,25,18919,,0.8276027996500438,"{""block_cap"": 0.15}",False,
case_071,1,1,4,capls,c2,0,0.215,0.198,True,20553,369830,369830,0,491276,,,20,18919,,0.9204982241035372,"{""block_cap"": 0.35, ""init"": ""rr""}",False,
case_071,1,1,4,capls,c3,0,0.205,0.129,True,16809,167556,167556,0,289002,,,6,18919,,1.1255279909572253,"{""block_cap"": 0.35, ""init"": ""contig""}",False,
case_071,1,1,4,capls,c4,0,0.228,0.36,True,50099,706204,706204,0,827650,,,221,18919,,0.3776322880696221,"{""block_cap"": 0.35, ""subgraph_mode"": ""block""}",False,
case_071,1,1,4,capls,c5,0,0.242,0.368,True,35061,706204,706204,0,827650,,,221,18919,,0.539602407233108,"{""block_cap"": 0.35, ""init"": ""rr"", ""subgraph_mode"": ""block""}",False,
case_071,1,1,4,capls,c6,0,0.218,0.205,True,19394,354880,354880,0,476326,,,18,18919,,0.9755078890378468,"{""block_cap"": 0.6, ""comm_weight"": 1e-06}",False,
case_071,1,1,4,capls,c7,0,0.231,0.195,True,22494,389522,389522,0,510968,,,27,18919,,0.8410687294389615,"{""block_cap"": 0.08}",False,
case_071,1,1,4,capls,c8,0,0.356,0.587,True,30343,597504,597504,0,718950,,,50,18919,,0.623504597435982,"{""block_cap"": 0.005}",False,
case_071,1,1,4,capls,c9,0,0.232,0.183,True,20428,412900,412900,0,534346,,,30,18919,,0.9261308008615625,"{""block_cap"": 0.35, ""max_ops"": 2000}",False,
case_071,1,1,4,capls,c10,0,0.223,0.191,True,21131,407676,407676,0,529122,,,20,18919,,0.8953196725190479,"{""block_cap"": 0.35, ""cores_used"": 3}",False,
case_071,1,1,4,capls,c11,0,0.092,0.17,True,26606,300040,300040,0,421486,,,9,18919,,0.7110802074719988,"{""block_cap"": 0.35, ""cores_used"": 2}",False,
case_071,1,1,4,capls,c12,0,0.233,0.183,True,18594,447546,447546,0,568992,,,25,18919,,1.0174787565881467,"{""block_cap"": 0.35, ""init"": ""rr"", ""level_mode"": ""alap_fill""}",False,
case_071,1,1,4,capls,c13,0,0.238,0.183,True,18594,447546,447546,0,568992,,,25,18919,,1.0174787565881467,"{""block_cap"": 0.35, ""init"": ""rr"", ""level_mode"": ""alap_compress""}",False,
case_071,1,1,4,capls,sa1,0,0.167,0.161,True,13881,141636,141636,0,263082,,,4,18919,,1.3629421511418485,"{""anneal"": true, ""anneal_seconds"": 5.499}",True,
case_071,1,1,4,capls,sa2,0,0.157,0.156,True,13881,141796,141796,0,263242,,,5,18919,,1.3629421511418485,"{""anneal"": true, ""anneal_seconds"": 5.499}",False,
case_071,1,1,4,capls,sa3,0,0.156,0.155,True,13881,142020,142020,0,263466,,,5,18919,,1.3629421511418485,"{""anneal"": true, ""anneal_seconds"": 5.499}",False,
case_071,1,1,4,capls,_best,0,,0.161,True,13881,141636,,,,,,4,18919,,1.3629421511418485,"{""anneal"": true}",True,results\plans\case_071_p1_n4_capls_best.json
case_071,1,1,2,capls,c0,0,0.088,0.149,True,26606,300040,300040,0,421486,,,9,18919,,0.7110802074719988,"{""block_cap"": 0.35}",False,
case_071,1,1,2,capls,c1,0,0.091,0.149,True,26606,300040,300040,0,421486,,,9,18919,,0.7110802074719988,"{""block_cap"": 0.15}",False,
case_071,1,1,2,capls,c2,0,0.068,0.165,True,19941,475158,475158,0,596604,,,18,18919,,0.9487488089865102,"{""block_cap"": 0.35, ""init"": ""rr""}",False,
case_071,1,1,2,capls,c3,0,0.042,0.154,True,19481,104258,104258,0,225704,,,2,18919,,0.9711513782660027,"{""block_cap"": 0.35, ""init"": ""contig""}",False,
case_071,1,1,2,capls,c4,0,0.094,0.358,True,71393,706204,706204,0,827650,,,221,18919,,0.2649979689885563,"{""block_cap"": 0.35, ""subgraph_mode"": ""block""}",False,
case_071,1,1,2,capls,c5,0,0.065,0.376,True,61409,706204,706204,0,827650,,,221,18919,,0.3080818772492631,"{""block_cap"": 0.35, ""init"": ""rr"", ""subgraph_mode"": ""block""}",False,
case_071,1,1,2,capls,c6,0,0.024,0.133,True,21213,144872,144872,0,266318,,,4,18919,,0.891858765851129,"{""block_cap"": 0.6, ""comm_weight"": 1e-06}",False,
case_071,1,1,2,capls,c7,0,0.07,0.187,True,20236,414994,414994,0,536440,,,16,18919,,0.9349179679778612,"{""block_cap"": 0.08}",False,
case_071,1,1,2,capls,c8,0,0.171,0.124,True,27604,438830,438830,0,560276,,,19,18919,,0.6853716852630054,"{""block_cap"": 0.005}",False,
case_071,1,1,2,capls,c9,0,0.092,0.149,True,26606,300040,300040,0,421486,,,9,18919,,0.7110802074719988,"{""block_cap"": 0.35, ""max_ops"": 2000}",False,
case_071,1,1,2,capls,c10,0,0.012,0.137,True,18919,0,0,0,121446,,,1,18919,,1.0,"{""block_cap"": 0.35, ""cores_used"": 1}",False,
case_071,1,1,2,capls,c11,0,0.012,0.137,True,18919,0,0,0,121446,,,1,18919,,1.0,"{""block_cap"": 0.35, ""cores_used"": 1}",False,
case_071,1,1,2,capls,c12,0,0.07,0.178,True,20082,553688,553688,0,675134,,,18,18919,,0.9420874414898914,"{""block_cap"": 0.35, ""init"": ""rr"", ""level_mode"": ""alap_fill""}",False,
case_071,1,1,2,capls,c13,0,0.067,0.178,True,20082,553688,553688,0,675134,,,18,18919,,0.9420874414898914,"{""block_cap"": 0.35, ""init"": ""rr"", ""level_mode"": ""alap_compress""}",False,
case_071,1,1,2,capls,sa1,0,0.001,0.201,True,18919,0,0,0,121446,,,1,18919,,1.0,"{""anneal"": true, ""anneal_seconds"": 29.416}",False,
case_071,1,1,2,capls,sa2,0,0.001,0.178,True,17677,118178,118178,0,239624,,,2,18919,,1.0702607908581774,"{""anneal"": true, ""anneal_seconds"": 29.416}",True,
case_071,1,1,2,capls,sa3,0,0.001,0.146,True,17677,118178,118178,0,239624,,,2,18919,,1.0702607908581774,"{""anneal"": true, ""anneal_seconds"": 29.416}",False,
case_071,1,1,2,capls,_best,0,,0.178,True,17677,118178,,,,,,2,18919,,1.0702607908581774,"{""anneal"": true}",True,results\plans\case_071_p1_n2_capls_best.json
case_073,1,1,2,capls,c0,0,0.116,6.923,True,5980423,141121024,3721600,137399424,145162112,,,2,10081626,,1.6857713910872192,"{""block_cap"": 0.35}",False,
case_073,1,1,2,capls,c1,0,0.112,6.923,True,5980423,141121024,3721600,137399424,145162112,,,2,10081626,,1.6857713910872192,"{""block_cap"": 0.15}",False,
case_073,1,1,2,capls,c2,0,0.103,6.923,True,5980423,141121024,3721600,137399424,145162112,,,2,10081626,,1.6857713910872192,"{""block_cap"": 0.35, ""init"": ""rr""}",False,
case_073,1,1,2,capls,c3,0,0.1,5.853,True,5980423,141121024,3721600,137399424,145162112,,,2,10081626,,1.6857713910872192,"{""block_cap"": 0.35, ""init"": ""contig""}",False,
case_073,1,1,2,capls,c4,0,0.107,1.198,True,6071178,141420800,141420800,0,145461888,,,39,10081626,,1.6605716386506868,"{""block_cap"": 0.35, ""subgraph_mode"": ""block""}",False,
case_073,1,1,2,capls,c5,0,0.105,1.198,True,6071178,141420800,141420800,0,145461888,,,39,10081626,,1.6605716386506868,"{""block_cap"": 0.35, ""init"": ""rr"", ""subgraph_mode"": ""block""}",False,
case_073,1,1,2,capls,c6,0,0.102,6.923,True,5980423,141121024,3721600,137399424,145162112,,,2,10081626,,1.6857713910872192,"{""block_cap"": 0.6, ""comm_weight"": 1e-06}",False,
case_073,1,1,2,capls,c7,0,0.099,6.923,True,5980423,141121024,3721600,137399424,145162112,,,2,10081626,,1.6857713910872192,"{""block_cap"": 0.08}",False,
case_073,1,1,2,capls,c8,0,0.46,1.166,True,7211439,106864000,6233472,100630528,110905088,,,35,10081626,,1.3980047532815572,"{""block_cap"": 0.005}",False,
case_073,1,1,2,capls,c9,0,0.103,4.692,True,5991293,140238592,11197568,129041024,144279680,,,4,10081626,,1.6827128968655014,"{""block_cap"": 0.35, ""max_ops"": 2000}",False,
case_073,1,1,2,capls,c10,0,0.046,10.516,True,10081626,141570432,0,141570432,145611520,,,1,10081626,,1.0,"{""block_cap"": 0.35, ""cores_used"": 1}",False,
case_073,1,1,2,capls,c11,0,0.049,10.516,True,10081626,141570432,0,141570432,145611520,,,1,10081626,,1.0,"{""block_cap"": 0.35, ""cores_used"": 1}",False,
case_073,1,1,2,capls,c12,0,0.122,6.923,True,5980423,141121024,3721600,137399424,145162112,,,2,10081626,,1.6857713910872192,"{""block_cap"": 0.35, ""init"": ""rr"", ""level_mode"": ""alap_fill""}",False,
case_073,1,1,2,capls,c13,0,0.125,6.923,True,5980423,141121024,3721600,137399424,145162112,,,2,10081626,,1.6857713910872192,"{""block_cap"": 0.35, ""init"": ""rr"", ""level_mode"": ""alap_compress""}",False,
case_073,1,1,2,capls,sa1,0,0.005,7.407,True,5394231,137954176,4032896,133921280,141995264,,,3,10081626,,1.8689644548036597,"{""anneal"": true, ""anneal_seconds"": 5.76}",True,
case_073,1,1,2,capls,sa2,0,6.652,6.629,True,5405095,136822656,4071808,132750848,140863744,,,4,10081626,,1.865207919564781,"{""anneal"": true, ""anneal_seconds"": 5.76}",False,
case_073,1,1,2,capls,sa3,0,0.003,7.195,True,5406330,140168832,4071808,136097024,144209920,,,4,10081626,,1.8647818390664277,"{""anneal"": true, ""anneal_seconds"": 5.76}",False,
case_073,1,1,2,capls,_best,0,,7.407,True,5394231,137954176,,,,,,3,10081626,,1.8689644548036597,"{""anneal"": true}",True,results\plans\case_073_p1_n2_capls_best.json
case_062,1,1,4,capls,c0,0,0.961,88.644,True,722616,342528,342528,0,13744128,,,14,2854809,,3.9506584409977084,"{""block_cap"": 0.35}",False,
case_062,1,1,4,capls,c1,0,1.914,101.273,True,746022,265728,265728,0,13667328,,,11,2854809,,3.8267088638136677,"{""block_cap"": 0.15}",False,
case_062,1,1,4,capls,c2,0,0.912,72.498,True,722220,367104,367104,0,13768704,,,14,2854809,,3.9528246240757663,"{""block_cap"": 0.35, ""init"": ""rr""}",False,
case_062,1,1,4,capls,c3,0,0.832,95.062,True,718555,115200,115200,0,13516800,,,9,2854809,,3.9729860623055995,"{""block_cap"": 0.35, ""init"": ""contig""}",False,
case_062,1,1,4,capls,sa1,0,49.83,49.736,True,718474,118272,118272,0,13519872,,,10,2854809,,3.973433972558506,"{""anneal"": true, ""anneal_seconds"": 7.085}",True,
case_062,1,1,4,capls,sa2,0,85.668,85.626,True,727513,12652032,12652032,0,26053632,,,12,2854809,,3.9240659617079006,"{""anneal"": true, ""anneal_seconds"": 7.085}",False,
case_062,1,1,4,capls,sa3,0,73.854,73.825,True,718554,115200,115200,0,13516800,,,9,2854809,,3.972991591446154,"{""anneal"": true, ""anneal_seconds"": 7.085}",False,
case_062,1,1,4,capls,_best,0,,49.736,True,718474,118272,,,,,,10,2854809,,3.973433972558506,"{""anneal"": true}",True,results\plans\case_062_p1_n4_capls_best.json
case_073,1,1,3,capls,c0,0,0.139,4.584,True,4515227,140671616,7443200,133228416,144712704,,,3,10081626,,2.232806013961203,"{""block_cap"": 0.35}",False,
case_073,1,1,3,capls,c1,0,0.165,4.584,True,4515227,140671616,7443200,133228416,144712704,,,3,10081626,,2.232806013961203,"{""block_cap"": 0.15}",False,
case_073,1,1,3,capls,c2,0,0.139,4.584,True,4515227,140671616,7443200,133228416,144712704,,,3,10081626,,2.232806013961203,"{""block_cap"": 0.35, ""init"": ""rr""}",False,
case_073,1,1,3,capls,c3,0,0.113,3.172,True,4515227,140671616,7443200,133228416,144712704,,,3,10081626,,2.232806013961203,"{""block_cap"": 0.35, ""init"": ""contig""}",False,
case_073,1,1,3,capls,c4,0,0.167,2.05,True,4565500,141420800,141420800,0,145461888,,,39,10081626,,2.208219472127916,"{""block_cap"": 0.35, ""subgraph_mode"": ""block""}",False,
case_073,1,1,3,capls,c5,0,0.102,2.05,True,4565500,141420800,141420800,0,145461888,,,39,10081626,,2.208219472127916,"{""block_cap"": 0.35, ""init"": ""rr"", ""subgraph_mode"": ""block""}",False,
case_073,1,1,3,capls,c6,0,0.293,4.584,True,4515227,140671616,7443200,133228416,144712704,,,3,10081626,,2.232806013961203,"{""block_cap"": 0.6, ""comm_weight"": 1e-06}",False,
case_073,1,1,3,capls,c7,0,0.147,4.584,True,4515227,140671616,7443200,133228416,144712704,,,3,10081626,,2.232806013961203,"{""block_cap"": 0.08}",False,
case_073,1,1,3,capls,c8,0,0.222,1.85,True,6905016,125878016,9839360,116038656,129919104,,,33,10081626,,1.4600438290077822,"{""block_cap"": 0.005}",False,
case_073,1,1,3,capls,c9,0,0.136,4.584,True,4515227,140671616,7443200,133228416,144712704,,,3,10081626,,2.232806013961203,"{""block_cap"": 0.35, ""max_ops"": 2000}",False,
case_073,1,1,3,capls,c10,0,0.086,7.23,True,5980423,141121024,3721600,137399424,145162112,,,2,10081626,,1.6857713910872192,"{""block_cap"": 0.35, ""cores_used"": 2}",False,
case_073,1,1,3,capls,c11,0,0.05,9.583,True,10081626,141570432,0,141570432,145611520,,,1,10081626,,1.0,"{""block_cap"": 0.35, ""cores_used"": 1}",False,
case_073,1,1,3,capls,c12,0,0.172,4.584,True,4515227,140671616,7443200,133228416,144712704,,,3,10081626,,2.232806013961203,"{""block_cap"": 0.35, ""init"": ""rr"", ""level_mode"": ""alap_fill""}",False,
case_073,1,1,3,capls,c13,0,0.122,4.584,True,4515227,140671616,7443200,133228416,144712704,,,3,10081626,,2.232806013961203,"{""block_cap"": 0.35, ""init"": ""rr"", ""level_mode"": ""alap_compress""}",False,
case_073,1,1,3,capls,sa1,0,5.044,5.038,True,4181419,138709760,7656192,131053568,142750848,,,4,10081626,,2.41105375950126,"{""anneal"": true, ""anneal_seconds"": 7.825}",False,
case_073,1,1,3,capls,sa2,0,4.073,4.065,True,4084492,136747904,7869184,128878720,140788992,,,5,10081626,,2.4682692486605435,"{""anneal"": true, ""anneal_seconds"": 7.825}",True,
case_073,1,1,3,capls,sa3,0,0.006,5.271,True,4181419,138709760,7656192,131053568,142750848,,,4,10081626,,2.41105375950126,"{""anneal"": true, ""anneal_seconds"": 7.825}",False,
case_073,1,1,3,capls,_best,0,,4.065,True,4084492,136747904,,,,,,5,10081626,,2.4682692486605435,"{""anneal"": true}",True,results\plans\case_073_p1_n3_capls_best.json
case_073,1,1,5,capls,c0,0,0.238,2.406,True,3517515,139772800,14886400,124886400,143813888,,,5,10081626,,2.8661216796516857,"{""block_cap"": 0.35}",False,
case_073,1,1,5,capls,c1,0,0.222,2.406,True,3517515,139772800,14886400,124886400,143813888,,,5,10081626,,2.8661216796516857,"{""block_cap"": 0.15}",False,
case_073,1,1,5,capls,c2,0,0.259,2.406,True,3517515,139772800,14886400,124886400,143813888,,,5,10081626,,2.8661216796516857,"{""block_cap"": 0.35, ""init"": ""rr""}",False,
case_073,1,1,5,capls,c3,0,0.293,2.323,True,3517515,139772800,14886400,124886400,143813888,,,5,10081626,,2.8661216796516857,"{""block_cap"": 0.35, ""init"": ""contig""}",False,
case_073,1,1,5,capls,c4,0,0.494,1.618,True,3539849,141420800,141420800,0,145461888,,,39,10081626,,2.8480384332778037,"{""block_cap"": 0.35, ""subgraph_mode"": ""block""}",False,
case_073,1,1,5,capls,c5,0,0.187,1.618,True,3539849,141420800,141420800,0,145461888,,,39,10081626,,2.8480384332778037,"{""block_cap"": 0.35, ""init"": ""rr"", ""subgraph_mode"": ""block""}",False,
case_073,1,1,5,capls,c6,0,0.249,2.406,True,3517515,139772800,14886400,124886400,143813888,,,5,10081626,,2.8661216796516857,"{""block_cap"": 0.6, ""comm_weight"": 1e-06}",False,
case_073,1,1,5,capls,c7,0,0.44,1.448,True,5011586,116939264,21658112,95281152,120980352,,,82,10081626,,2.011663772705886,"{""block_cap"": 0.08}",False,
case_073,1,1,5,capls,c8,0,0.64,2.413,True,5102015,104463104,20835584,83627520,108504192,,,130,10081626,,1.9760086946039948,"{""block_cap"": 0.005}",False,
case_073,1,1,5,capls,c9,0,0.288,2.406,True,3517515,139772800,14886400,124886400,143813888,,,5,10081626,,2.8661216796516857,"{""block_cap"": 0.35, ""max_ops"": 2000}",False,
case_073,1,1,5,capls,c10,0,0.175,2.092,True,3903787,140222208,11164800,129057408,144263296,,,4,10081626,,2.5825246100773427,"{""block_cap"": 0.35, ""cores_used"": 4}",False,
case_073,1,1,5,capls,c11,0,0.076,5.818,True,5980423,141121024,3721600,137399424,145162112,,,2,10081626,,1.6857713910872192,"{""block_cap"": 0.35, ""cores_used"": 2}",False,
case_073,1,1,5,capls,c12,0,0.263,2.406,True,3517515,139772800,14886400,124886400,143813888,,,5,10081626,,2.8661216796516857,"{""block_cap"": 0.35, ""init"": ""rr"", ""level_mode"": ""alap_fill""}",False,
case_073,1,1,5,capls,c13,0,0.301,2.406,True,3517515,139772800,14886400,124886400,143813888,,,5,10081626,,2.8661216796516857,"{""block_cap"": 0.35, ""init"": ""rr"", ""level_mode"": ""alap_compress""}",False,
case_073,1,1,5,capls,sa1,0,0.004,3.508,True,3318787,139015936,15001088,124014848,143057024,,,6,10081626,,3.037744211966601,"{""anneal"": true, ""anneal_seconds"": 2.35}",False,
case_073,1,1,5,capls,sa2,0,3.535,3.528,True,3322084,137270400,15184000,122086400,141311488,,,9,10081626,,3.034729404795303,"{""anneal"": true, ""anneal_seconds"": 2.35}",False,
case_073,1,1,5,capls,sa3,0,0.006,3.344,True,3315822,139611648,15015424,124596224,143652736,,,7,10081626,,3.04046055548217,"{""anneal"": true, ""anneal_seconds"": 2.35}",True,
case_073,1,1,5,capls,_best,0,,3.344,True,3315822,139611648,,,,,,7,10081626,,3.04046055548217,"{""anneal"": true}",True,results\plans\case_073_p1_n5_capls_best.json
case_067,1,1,2,capls,c0,0,0.248,26.114,True,33768704,264024576,3721600,260302976,270072704,,,2,63834834,,1.890354868223548,"{""block_cap"": 0.35}",False,
case_067,1,1,2,capls,c1,0,0.186,26.114,True,33768704,264024576,3721600,260302976,270072704,,,2,63834834,,1.890354868223548,"{""block_cap"": 0.15}",False,
case_067,1,1,2,capls,c2,0,0.189,26.114,True,33768704,264024576,3721600,260302976,270072704,,,2,63834834,,1.890354868223548,"{""block_cap"": 0.35, ""init"": ""rr""}",False,
case_067,1,1,2,capls,c3,0,0.183,24.801,True,33768704,264024576,3721600,260302976,270072704,,,2,63834834,,1.890354868223548,"{""block_cap"": 0.35, ""init"": ""contig""}",False,
case_067,1,1,2,capls,c4,0,0.252,2.511,True,33860812,260512000,260512000,0,266560128,,,71,63834834,,1.885212735004701,"{""block_cap"": 0.35, ""subgraph_mode"": ""block""}",False,
case_067,1,1,2,capls,c5,0,0.178,2.511,True,33860812,260512000,260512000,0,266560128,,,71,63834834,,1.885212735004701,"{""block_cap"": 0.35, ""init"": ""rr"", ""subgraph_mode"": ""block""}",False,
case_067,1,1,2,capls,c6,0,0.154,26.114,True,33768704,264024576,3721600,260302976,270072704,,,2,63834834,,1.890354868223548,"{""block_cap"": 0.6, ""comm_weight"": 1e-06}",False,
case_067,1,1,2,capls,c7,0,0.201,26.114,True,33768704,264024576,3721600,260302976,270072704,,,2,63834834,,1.890354868223548,"{""block_cap"": 0.08}",False,
case_067,1,1,2,capls,sa1,0,41.288,41.25,True,32467046,267901312,6578176,261323136,273949440,,,7,63834834,,1.966142346304003,"{""anneal"": true, ""anneal_seconds"": 17.117}",False,
case_067,1,1,2,capls,sa2,0,55.768,55.75,True,32441828,267900160,6577024,261323136,273948288,,,6,63834834,,1.9676706873607739,"{""anneal"": true, ""anneal_seconds"": 17.117}",True,
case_067,1,1,2,capls,sa3,0,30.848,30.831,True,32443064,267902464,6579328,261323136,273950592,,,8,63834834,,1.9675957240043664,"{""anneal"": true, ""anneal_seconds"": 17.117}",False,
case_067,1,1,2,capls,_best,0,,55.75,True,32441828,267900160,,,,,,6,63834834,,1.9676706873607739,"{""anneal"": true}",True,results\plans\case_067_p1_n2_capls_best.json
case_073,1,1,4,capls,c0,0,0.2,3.405,True,3903787,140222208,11164800,129057408,144263296,,,4,10081626,,2.5825246100773427,"{""block_cap"": 0.35}",False,
case_073,1,1,4,capls,c1,0,0.223,3.405,True,3903787,140222208,11164800,129057408,144263296,,,4,10081626,,2.5825246100773427,"{""block_cap"": 0.15}",False,
case_073,1,1,4,capls,c2,0,0.151,3.405,True,3903787,140222208,11164800,129057408,144263296,,,4,10081626,,2.5825246100773427,"{""block_cap"": 0.35, ""init"": ""rr""}",False,
case_073,1,1,4,capls,c3,0,0.145,2.595,True,3903787,140222208,11164800,129057408,144263296,,,4,10081626,,2.5825246100773427,"{""block_cap"": 0.35, ""init"": ""contig""}",False,
case_073,1,1,4,capls,c4,0,0.18,1.136,True,3936556,141420800,141420800,0,145461888,,,39,10081626,,2.561026948429033,"{""block_cap"": 0.35, ""subgraph_mode"": ""block""}",False,
case_073,1,1,4,capls,c5,0,0.175,1.136,True,3936556,141420800,141420800,0,145461888,,,39,10081626,,2.561026948429033,"{""block_cap"": 0.35, ""init"": ""rr"", ""subgraph_mode"": ""block""}",False,
case_073,1,1,4,capls,c6,0,0.226,3.405,True,3903787,140222208,11164800,129057408,144263296,,,4,10081626,,2.5825246100773427,"{""block_cap"": 0.6, ""comm_weight"": 1e-06}",False,
case_073,1,1,4,capls,c7,0,0.321,2.23,True,5600922,113277312,21166464,92110848,117318400,,,77,10081626,,1.7999940009876945,"{""block_cap"": 0.08}",False,
case_073,1,1,4,capls,c8,0,0.267,1.507,True,5181770,101491328,21560960,79930368,105532416,,,84,10081626,,1.9455950379889497,"{""block_cap"": 0.005}",False,
case_073,1,1,4,capls,c9,0,0.398,3.405,True,3903787,140222208,11164800,129057408,144263296,,,4,10081626,,2.5825246100773427,"{""block_cap"": 0.35, ""max_ops"": 2000}",False,
case_073,1,1,4,capls,c10,0,0.158,4.367,True,4515227,140671616,7443200,133228416,144712704,,,3,10081626,,2.232806013961203,"{""block_cap"": 0.35, ""cores_used"": 3}",False,
case_073,1,1,4,capls,c11,0,0.104,5.225,True,5980423,141121024,3721600,137399424,145162112,,,2,10081626,,1.6857713910872192,"{""block_cap"": 0.35, ""cores_used"": 2}",False,
case_073,1,1,4,capls,c12,0,0.236,3.405,True,3903787,140222208,11164800,129057408,144263296,,,4,10081626,,2.5825246100773427,"{""block_cap"": 0.35, ""init"": ""rr"", ""level_mode"": ""alap_fill""}",False,
case_073,1,1,4,capls,c13,0,0.222,3.405,True,3903787,140222208,11164800,129057408,144263296,,,4,10081626,,2.5825246100773427,"{""block_cap"": 0.35, ""init"": ""rr"", ""level_mode"": ""alap_compress""}",False,
case_073,1,1,4,capls,sa1,0,0.006,4.436,True,3652751,139063680,11312256,127751424,143104768,,,5,10081626,,2.7600090999906643,"{""anneal"": true, ""anneal_seconds"": 6.048}",False,
case_073,1,1,4,capls,sa2,0,3.673,3.643,True,3636147,136563328,11375744,125187584,140604416,,,9,10081626,,2.7726123283794633,"{""anneal"": true, ""anneal_seconds"": 6.048}",True,
case_073,1,1,4,capls,sa3,0,4.058,4.048,True,3662658,139929216,11330688,128598528,143970304,,,6,10081626,,2.75254364453356,"{""anneal"": true, ""anneal_seconds"": 6.048}",False,
case_073,1,1,4,capls,_best,0,,3.643,True,3636147,136563328,,,,,,9,10081626,,2.7726123283794633,"{""anneal"": true}",True,results\plans\case_073_p1_n4_capls_best.json
case_074,1,1,3,capls,c0,0,0.183,5.807,True,548347,7626752,4571136,3055616,11403480,,,3,1682239,,3.06783660711192,"{""block_cap"": 0.35}",False,
case_074,1,1,3,capls,c1,0,0.153,5.807,True,548347,7626752,4571136,3055616,11403480,,,3,1682239,,3.06783660711192,"{""block_cap"": 0.15}",False,
case_074,1,1,3,capls,c2,0,0.257,4.713,True,544838,7585792,4571136,3014656,11362520,,,3,1682239,,3.0875948447061328,"{""block_cap"": 0.35, ""init"": ""rr""}",True,
case_074,1,1,3,capls,c3,0,0.268,4.302,True,563688,6897664,3940352,2957312,10674392,,,3,1682239,,2.9843441762109535,"{""block_cap"": 0.35, ""init"": ""contig""}",False,
case_074,1,1,3,capls,c4,0,0.165,2.13,True,588435,14401536,14401536,0,18178264,,,73,1682239,,2.8588357252712706,"{""block_cap"": 0.35, ""subgraph_mode"": ""block""}",False,
case_074,1,1,3,capls,c5,0,0.403,1.272,True,573207,14401536,14401536,0,18178264,,,73,1682239,,2.934784467042447,"{""block_cap"": 0.35, ""init"": ""rr"", ""subgraph_mode"": ""block""}",False,
case_074,1,1,3,capls,c6,0,0.169,5.807,True,548347,7626752,4571136,3055616,11403480,,,3,1682239,,3.06783660711192,"{""block_cap"": 0.6, ""comm_weight"": 1e-06}",False,
case_074,1,1,3,capls,c7,0,0.172,4.641,True,568935,7467044,4636700,2830344,11243772,,,5,1682239,,2.956821077979031,"{""block_cap"": 0.08}",False,
case_074,1,1,3,capls,c8,0,0.196,5.326,True,725353,18391080,17162272,1228808,22167808,,,9,1682239,,2.3192004444732426,"{""block_cap"": 0.005}",False,
case_074,1,1,3,capls,c9,0,0.154,5.807,True,548347,7626752,4571136,3055616,11403480,,,3,1682239,,3.06783660711192,"{""block_cap"": 0.35, ""max_ops"": 2000}",False,
case_074,1,1,3,capls,c10,0,0.092,5.518,True,832592,6168576,2285568,3883008,9945304,,,2,1682239,,2.0204842227645714,"{""block_cap"": 0.35, ""cores_used"": 2}",False,
case_074,1,1,3,capls,c11,0,0.065,5.464,True,1682239,6070280,0,6070280,9847008,,,1,1682239,,1.0,"{""block_cap"": 0.35, ""cores_used"": 1}",False,
case_074,1,1,3,capls,c12,0,0.261,4.713,True,544838,7585792,4571136,3014656,11362520,,,3,1682239,,3.0875948447061328,"{""block_cap"": 0.35, ""init"": ""rr"", ""level_mode"": ""alap_fill""}",False,
case_074,1,1,3,capls,c13,0,0.279,4.713,True,544838,7585792,4571136,3014656,11362520,,,3,1682239,,3.0875948447061328,"{""block_cap"": 0.35, ""init"": ""rr"", ""level_mode"": ""alap_compress""}",False,
case_074,1,1,3,capls,sa1,0,0.002,5.001,True,578464,10403880,8151080,2252800,14180608,,,4,1682239,,2.908113555899762,"{""anneal"": true, ""anneal_seconds"": 35.613}",False,
case_074,1,1,3,capls,sa2,0,0.002,4.621,True,586840,10023746,7799618,2224128,13800474,,,4,1682239,,2.8666058891691093,"{""anneal"": true, ""anneal_seconds"": 35.613}",False,
case_074,1,1,3,capls,sa3,0,0.002,4.647,True,594078,10891324,8085564,2805760,14668052,,,4,1682239,,2.8316803517383238,"{""anneal"": true, ""anneal_seconds"": 35.613}",False,
case_074,1,1,3,capls,_best,0,0.395,4.713,True,544838,7585792,4571136,3014656,11362520,,,3,1682239,,3.0875948447061328,"{""block_cap"": 0.35, ""init"": ""rr""}",True,results\plans\case_074_p1_n3_capls_best.json
case_074,1,1,4,capls,c0,0,0.427,6.394,True,424461,7974912,6430720,1544192,11751640,,,4,1682239,,3.96323572719284,"{""block_cap"": 0.35}",False,
case_074,1,1,4,capls,c1,0,0.192,6.394,True,424461,7974912,6430720,1544192,11751640,,,4,1682239,,3.96323572719284,"{""block_cap"": 0.15}",False,
case_074,1,1,4,capls,c2,0,0.339,4.817,True,408750,7819264,6004736,1814528,11595992,,,4,1682239,,4.115569418960245,"{""block_cap"": 0.35, ""init"": ""rr""}",True,
case_074,1,1,4,capls,c3,0,0.336,5.317,True,447043,7192576,5005312,2187264,10969304,,,4,1682239,,3.7630362179924526,"{""block_cap"": 0.35, ""init"": ""contig""}",False,
case_074,1,1,4,capls,c4,0,0.19,1.408,True,441836,14401536,14401536,0,18178264,,,73,1682239,,3.807383282484904,"{""block_cap"": 0.35, ""subgraph_mode"": ""block""}",False,
case_074,1,1,4,capls,c5,0,0.34,1.455,True,438266,14401536,14401536,0,18178264,,,73,1682239,,3.8383972290800563,"{""block_cap"": 0.35, ""init"": ""rr"", ""subgraph_mode"": ""block""}",False,
case_074,1,1,4,capls,c6,0,0.165,6.394,True,424461,7974912,6430720,1544192,11751640,,,4,1682239,,3.96323572719284,"{""block_cap"": 0.6, ""comm_weight"": 1e-06}",False,
case_074,1,1,4,capls,c7,0,0.235,4.342,True,446911,7811108,6291484,1519624,11587836,,,6,1682239,,3.764147671460313,"{""block_cap"": 0.08}",False,
case_074,1,1,4,capls,c8,0,0.243,5.983,True,595023,20148344,19636336,512008,23925072,,,13,1682239,,2.8271831509034104,"{""block_cap"": 0.005}",False,
case_074,1,1,4,capls,c9,0,0.185,6.394,True,424461,7974912,6430720,1544192,11751640,,,4,1682239,,3.96323572719284,"{""block_cap"": 0.35, ""max_ops"": 2000}",False,
case_074,1,1,4,capls,c10,0,0.179,5.096,True,548347,7626752,4571136,3055616,11403480,,,3,1682239,,3.06783660711192,"{""block_cap"": 0.35, ""cores_used"": 3}",False,
case_074,1,1,4,capls,c11,0,0.28,6.999,True,832592,6168576,2285568,3883008,9945304,,,2,1682239,,2.0204842227645714,"{""block_cap"": 0.35, ""cores_used"": 2}",False,
case_074,1,1,4,capls,c12,0,0.351,4.817,True,408750,7819264,6004736,1814528,11595992,,,4,1682239,,4.115569418960245,"{""block_cap"": 0.35, ""init"": ""rr"", ""level_mode"": ""alap_fill""}",False,
case_074,1,1,4,capls,c13,0,0.365,4.817,True,408750,7819264,6004736,1814528,11595992,,,4,1682239,,4.115569418960245,"{""block_cap"": 0.35, ""init"": ""rr"", ""level_mode"": ""alap_compress""}",False,
case_074,1,1,4,capls,sa1,0,0.002,5.008,True,430790,10141728,8699936,1441792,13918456,,,5,1682239,,3.905009401332436,"{""anneal"": true, ""anneal_seconds"": 22.006}",False,
case_074,1,1,4,capls,sa2,0,4.58,4.561,True,434988,10076200,8626216,1449984,13852928,,,5,1682239,,3.867322776720277,"{""anneal"": true, ""anneal_seconds"": 22.006}",False,
case_074,1,1,4,capls,sa3,0,4.622,4.617,True,454120,10129448,8699944,1429504,13906176,,,5,1682239,,3.704393111952788,"{""anneal"": true, ""anneal_seconds"": 22.006}",False,
case_074,1,1,4,capls,_best,0,0.545,4.817,True,408750,7819264,6004736,1814528,11595992,,,4,1682239,,4.115569418960245,"{""block_cap"": 0.35, ""init"": ""rr""}",True,results\plans\case_074_p1_n4_capls_best.json
case_062,1,1,5,capls,c0,0,1.06,66.7,True,579202,370176,370176,0,13771776,,,18,2854809,,4.928865922424301,"{""block_cap"": 0.35}",False,
case_062,1,1,5,capls,c1,0,1.792,87.078,True,596379,400896,400896,0,13802496,,,17,2854809,,4.786903965431378,"{""block_cap"": 0.15}",False,
case_062,1,1,5,capls,c2,0,1.018,58.329,True,579386,465408,465408,0,13867008,,,20,2854809,,4.927300625144549,"{""block_cap"": 0.35, ""init"": ""rr""}",False,
case_062,1,1,5,capls,c3,0,0.949,67.696,True,575863,153600,153600,0,13555200,,,12,2854809,,4.957444739460601,"{""block_cap"": 0.35, ""init"": ""contig""}",True,
case_062,1,1,5,capls,sa1,0,71.635,71.528,True,617158,13922304,13922304,0,27323904,,,17,2854809,,4.625734414850006,"{""anneal"": true, ""anneal_seconds"": 5.531}",False,
case_062,1,1,5,capls,sa2,0,101.252,101.218,True,596803,10569216,10569216,0,23970816,,,17,2854809,,4.783503099012572,"{""anneal"": true, ""anneal_seconds"": 5.531}",False,
case_062,1,1,5,capls,sa3,0,88.421,88.38,True,613743,17278464,17278464,0,30680064,,,18,2854809,,4.651473010690142,"{""anneal"": true, ""anneal_seconds"": 5.531}",False,
case_062,1,1,5,capls,_best,0,0.755,67.696,True,575863,153600,153600,0,13555200,,,12,2854809,,4.957444739460601,"{""block_cap"": 0.35, ""init"": ""contig""}",True,results\plans\case_062_p1_n5_capls_best.json
case_075,1,1,2,capls,c0,0,0.272,1.801,True,1469636,3448794,3448794,0,5285984,,,34,1441809,,0.9810653794545043,"{""block_cap"": 0.35}",False,
case_075,1,1,2,capls,c1,0,0.288,1.801,True,1469636,3448794,3448794,0,5285984,,,34,1441809,,0.9810653794545043,"{""block_cap"": 0.15}",False,
case_075,1,1,2,capls,c2,0,0.286,2.725,True,1385184,3743012,3743012,0,5580202,,,37,1441809,,1.0408790456719108,"{""block_cap"": 0.35, ""init"": ""rr""}",False,
case_075,1,1,2,capls,c3,0,0.427,6.329,True,1441972,55942,55942,0,1893132,,,3,1441809,,0.9998869603570666,"{""block_cap"": 0.35, ""init"": ""contig""}",False,
case_075,1,1,2,capls,c4,0,0.257,5.504,True,921415,6135050,6135050,0,7972240,,,430,1441809,,1.5647770005914816,"{""block_cap"": 0.35, ""subgraph_mode"": ""block""}",False,
case_075,1,1,2,capls,c5,0,0.28,4.455,True,877119,6135050,6135050,0,7972240,,,430,1441809,,1.6438008981677514,"{""block_cap"": 0.35, ""init"": ""rr"", ""subgraph_mode"": ""block""}",False,
case_075,1,1,2,capls,c6,0,0.238,1.874,True,1475436,3501196,3501196,0,5338386,,,30,1441809,,0.9772087708311306,"{""block_cap"": 0.6, ""comm_weight"": 1e-06}",False,
case_075,1,1,2,capls,c7,0,0.252,1.801,True,1469636,3448794,3448794,0,5285984,,,34,1441809,,0.9810653794545043,"{""block_cap"": 0.08}",False,
case_075,1,1,2,capls,sa1,0,3.827,3.794,True,848258,7472044,7472044,0,9309234,,,356,1441809,,1.6997293276338095,"{""anneal"": true, ""anneal_seconds"": 6.534}",True,
case_075,1,1,2,capls,sa2,0,3.783,3.764,True,848258,7472044,7472044,0,9309234,,,355,1441809,,1.6997293276338095,"{""anneal"": true, ""anneal_seconds"": 6.534}",False,
case_075,1,1,2,capls,sa3,0,3.669,3.653,True,848258,7472044,7472044,0,9309234,,,357,1441809,,1.6997293276338095,"{""anneal"": true, ""anneal_seconds"": 6.534}",False,
case_075,1,1,2,capls,_best,0,,3.794,True,848258,7472044,,,,,,356,1441809,,1.6997293276338095,"{""anneal"": true}",True,results\plans\case_075_p1_n2_capls_best.json
case_075,1,1,3,capls,c0,0,0.608,2.25,True,773946,4583142,4583142,0,6420332,,,88,1441809,,1.8629322976021583,"{""block_cap"": 0.35}",False,
case_075,1,1,3,capls,c1,0,0.389,2.25,True,773946,4583142,4583142,0,6420332,,,88,1441809,,1.8629322976021583,"{""block_cap"": 0.15}",False,
case_075,1,1,3,capls,c2,0,0.636,2.255,True,945979,4764248,4764248,0,6601438,,,82,1441809,,1.524144827739305,"{""block_cap"": 0.35, ""init"": ""rr""}",False,
case_075,1,1,3,capls,c3,0,0.571,5.104,True,1444669,932632,932632,0,2769822,,,10,1441809,,0.9980203077660004,"{""block_cap"": 0.35, ""init"": ""contig""}",False,
case_075,1,1,3,capls,c4,0,0.372,4.674,True,826251,6135050,6135050,0,7972240,,,430,1441809,,1.7450012163374085,"{""block_cap"": 0.35, ""subgraph_mode"": ""block""}",False,
case_075,1,1,3,capls,c5,0,0.781,4.364,True,812837,6135050,6135050,0,7972240,,,430,1441809,,1.773798436832969,"{""block_cap"": 0.35, ""init"": ""rr"", ""subgraph_mode"": ""block""}",False,
case_075,1,1,3,capls,c6,0,0.406,3.245,True,759919,4940516,4940516,0,6777706,,,91,1441809,,1.8973193195590583,"{""block_cap"": 0.6, ""comm_weight"": 1e-06}",False,
case_075,1,1,3,capls,c7,0,0.403,2.25,True,773946,4583142,4583142,0,6420332,,,88,1441809,,1.8629322976021583,"{""block_cap"": 0.08}",False,
case_075,1,1,3,capls,sa1,0,2.491,2.451,True,756355,5103460,5103460,0,6940650,,,99,1441809,,1.906259626762565,"{""anneal"": true, ""anneal_seconds"": 3.125}",True,
case_075,1,1,3,capls,sa2,0,2.677,2.661,True,756355,5138276,5138276,0,6975466,,,100,1441809,,1.906259626762565,"{""anneal"": true, ""anneal_seconds"": 3.125}",False,
case_075,1,1,3,capls,sa3,0,2.427,2.413,True,759849,4979172,4979172,0,6816362,,,92,1441809,,1.8974941073818614,"{""anneal"": true, ""anneal_seconds"": 3.125}",False,
case_075,1,1,3,capls,_best,0,,2.451,True,756355,5103460,,,,,,99,1441809,,1.906259626762565,"{""anneal"": true}",True,results\plans\case_075_p1_n3_capls_best.json
case_041,1,1,4,capls,c0,0,0.661,253.236,True,1496957,38879232,14349312,24529920,43829212,,,4,6003957,,4.010774524585543,"{""block_cap"": 0.35}",True,
case_041,1,1,4,capls,c1,0,0.56,253.236,True,1496957,38879232,14349312,24529920,43829212,,,4,6003957,,4.010774524585543,"{""block_cap"": 0.15}",False,
case_041,1,1,4,capls,c2,0,1.201,171.219,True,1505408,39211008,14349312,24861696,44160988,,,4,6003957,,3.9882589968965223,"{""block_cap"": 0.35, ""init"": ""rr""}",False,
case_041,1,1,4,capls,c3,0,1.403,149.594,True,1526210,27245568,7160832,20084736,32195548,,,4,6003957,,3.9338996599419476,"{""block_cap"": 0.35, ""init"": ""contig""}",False,
case_041,1,1,4,capls,sa1,0,102.927,102.828,True,1645813,49126400,28660736,20465664,54076380,,,5,6003957,,3.648018942613772,"{""anneal"": true, ""anneal_seconds"": 93.373}",False,
case_041,1,1,4,capls,sa2,0,140.921,140.883,True,1662351,47988736,27458560,20530176,52938716,,,5,6003957,,3.6117264043514274,"{""anneal"": true, ""anneal_seconds"": 93.373}",False,
case_041,1,1,4,capls,sa3,0,137.054,137.013,True,1647378,49009664,28709888,20299776,53959644,,,5,6003957,,3.6445533447696885,"{""anneal"": true, ""anneal_seconds"": 93.373}",False,
case_041,1,1,4,capls,_best,0,0.755,253.236,True,1496957,38879232,14349312,24529920,43829212,,,4,6003957,,4.010774524585543,"{""block_cap"": 0.35}",True,results\plans\case_041_p1_n4_capls_best.json
case_074,1,1,2,capls,c0,0,0.379,5.607,True,832592,6168576,2285568,3883008,9945304,,,2,1682239,,2.0204842227645714,"{""block_cap"": 0.35}",False,
case_074,1,1,2,capls,c1,0,0.094,5.607,True,832592,6168576,2285568,3883008,9945304,,,2,1682239,,2.0204842227645714,"{""block_cap"": 0.15}",False,
case_074,1,1,2,capls,c2,0,0.101,6.153,True,826937,6590472,2285568,4304904,10367200,,,2,1682239,,2.0343012829272364,"{""block_cap"": 0.35, ""init"": ""rr""}",True,
case_074,1,1,2,capls,c3,0,0.122,5.954,True,838911,6381568,2072576,4308992,10158296,,,2,1682239,,2.0052651592362003,"{""block_cap"": 0.35, ""init"": ""contig""}",False,
case_074,1,1,2,capls,c4,0,0.079,1.28,True,861729,14401536,14401536,0,18178264,,,73,1682239,,1.9521670966162217,"{""block_cap"": 0.35, ""subgraph_mode"": ""block""}",False,
case_074,1,1,2,capls,c5,0,0.133,1.222,True,863442,14401536,14401536,0,18178264,,,73,1682239,,1.9482941529367346,"{""block_cap"": 0.35, ""init"": ""rr"", ""subgraph_mode"": ""block""}",False,
case_074,1,1,2,capls,c6,0,0.075,5.607,True,832592,6168576,2285568,3883008,9945304,,,2,1682239,,2.0204842227645714,"{""block_cap"": 0.6, ""comm_weight"": 1e-06}",False,
case_074,1,1,2,capls,c7,0,0.101,5.607,True,832592,6168576,2285568,3883008,9945304,,,2,1682239,,2.0204842227645714,"{""block_cap"": 0.08}",False,
case_074,1,1,2,capls,c8,0,0.142,4.953,True,973022,13963364,12009564,1953800,17740092,,,9,1682239,,1.7288807447313628,"{""block_cap"": 0.005}",False,
case_074,1,1,2,capls,c9,0,0.13,5.607,True,832592,6168576,2285568,3883008,9945304,,,2,1682239,,2.0204842227645714,"{""block_cap"": 0.35, ""max_ops"": 2000}",False,
case_074,1,1,2,capls,c10,0,0.054,5.722,True,1682239,6070280,0,6070280,9847008,,,1,1682239,,1.0,"{""block_cap"": 0.35, ""cores_used"": 1}",False,
case_074,1,1,2,capls,c11,0,0.061,5.722,True,1682239,6070280,0,6070280,9847008,,,1,1682239,,1.0,"{""block_cap"": 0.35, ""cores_used"": 1}",False,
case_074,1,1,2,capls,c12,0,0.176,6.153,True,826937,6590472,2285568,4304904,10367200,,,2,1682239,,2.0343012829272364,"{""block_cap"": 0.35, ""init"": ""rr"", ""level_mode"": ""alap_fill""}",False,
case_074,1,1,2,capls,c13,0,0.167,6.153,True,826937,6590472,2285568,4304904,10367200,,,2,1682239,,2.0343012829272364,"{""block_cap"": 0.35, ""init"": ""rr"", ""level_mode"": ""alap_compress""}",False,
case_074,1,1,2,capls,sa1,0,0.003,5.561,True,874167,11292752,7626832,3665920,15069480,,,3,1682239,,1.9243908772580067,"{""anneal"": true, ""anneal_seconds"": 63.674}",False,
case_074,1,1,2,capls,sa2,0,0.004,4.624,True,902806,10510380,7356452,3153928,14287108,,,3,1682239,,1.8633449489702107,"{""anneal"": true, ""anneal_seconds"": 63.674}",False,
case_074,1,1,2,capls,sa3,0,2.888,2.864,True,1636646,6590472,2285568,4304904,10367200,,,2,1682239,,1.0278575819083662,"{""anneal"": true, ""anneal_seconds"": 63.674}",False,
case_074,1,1,2,capls,_best,0,0.163,6.153,True,826937,6590472,2285568,4304904,10367200,,,2,1682239,,2.0343012829272364,"{""block_cap"": 0.35, ""init"": ""rr""}",True,results\plans\case_074_p1_n2_capls_best.json
case_074,1,1,5,capls,c0,0,0.257,5.766,True,345466,8466432,7225344,1241088,12243160,,,5,1682239,,4.869477748895695,"{""block_cap"": 0.35}",False,
case_074,1,1,5,capls,c1,0,0.311,4.507,True,369171,8183856,7213096,970760,11960584,,,9,1682239,,4.55680159059081,"{""block_cap"": 0.15}",False,
case_074,1,1,5,capls,c2,0,0.433,4.378,True,341070,8425472,7225344,1200128,12202200,,,5,1682239,,4.932239716187293,"{""block_cap"": 0.35, ""init"": ""rr""}",True,
case_074,1,1,5,capls,c3,0,0.45,5.146,True,364440,7290880,5644288,1646592,11067608,,,5,1682239,,4.615955987268137,"{""block_cap"": 0.35, ""init"": ""contig""}",False,
case_074,1,1,5,capls,c4,0,0.182,1.609,True,375054,14401536,14401536,0,18178264,,,73,1682239,,4.485324779898361,"{""block_cap"": 0.35, ""subgraph_mode"": ""block""}",False,
case_074,1,1,5,capls,c5,0,0.459,1.595,True,363853,14401536,14401536,0,18178264,,,73,1682239,,4.623402857747497,"{""block_cap"": 0.35, ""init"": ""rr"", ""subgraph_mode"": ""block""}",False,
case_074,1,1,5,capls,c6,0,0.29,5.766,True,345466,8466432,7225344,1241088,12243160,,,5,1682239,,4.869477748895695,"{""block_cap"": 0.6, ""comm_weight"": 1e-06}",False,
case_074,1,1,5,capls,c7,0,0.325,4.549,True,424930,12771380,12673068,98312,16548108,,,11,1682239,,3.9588614595345115,"{""block_cap"": 0.08}",False,
case_074,1,1,5,capls,c8,0,0.61,5.645,True,544187,19206172,18776084,430088,22982900,,,10,1682239,,3.0912884725287446,"{""block_cap"": 0.005}",False,
case_074,1,1,5,capls,c9,0,0.408,5.766,True,345466,8466432,7225344,1241088,12243160,,,5,1682239,,4.869477748895695,"{""block_cap"": 0.35, ""max_ops"": 2000}",False,
case_074,1,1,5,capls,c10,0,0.146,4.339,True,424461,7974912,6430720,1544192,11751640,,,4,1682239,,3.96323572719284,"{""block_cap"": 0.35, ""cores_used"": 4}",False,
case_074,1,1,5,capls,c11,0,0.073,6.369,True,832592,6168576,2285568,3883008,9945304,,,2,1682239,,2.0204842227645714,"{""block_cap"": 0.35, ""cores_used"": 2}",False,
case_074,1,1,5,capls,c12,0,0.336,4.378,True,341070,8425472,7225344,1200128,12202200,,,5,1682239,,4.932239716187293,"{""block_cap"": 0.35, ""init"": ""rr"", ""level_mode"": ""alap_fill""}",False,
case_074,1,1,5,capls,c13,0,0.411,4.378,True,341070,8425472,7225344,1200128,12202200,,,5,1682239,,4.932239716187293,"{""block_cap"": 0.35, ""init"": ""rr"", ""level_mode"": ""alap_compress""}",False,
case_074,1,1,5,capls,sa1,0,5.245,5.222,True,342770,10285088,9322528,962560,14061816,,,6,1682239,,4.907777810193424,"{""anneal"": true, ""anneal_seconds"": 15.704}",False,
case_074,1,1,5,capls,sa2,0,4.581,4.575,True,353577,10440724,9420820,1019904,14217452,,,6,1682239,,4.757772705803828,"{""anneal"": true, ""anneal_seconds"": 15.704}",False,
case_074,1,1,5,capls,sa3,0,4.622,4.618,True,354542,10543140,9338916,1204224,14319868,,,6,1682239,,4.744822898274394,"{""anneal"": true, ""anneal_seconds"": 15.704}",False,
case_074,1,1,5,capls,_best,0,0.434,4.378,True,341070,8425472,7225344,1200128,12202200,,,5,1682239,,4.932239716187293,"{""block_cap"": 0.35, ""init"": ""rr""}",True,results\plans\case_074_p1_n5_capls_best.json
case_062,1,1,3,capls,c0,0,0.75,190.193,True,957964,198144,198144,0,13599744,,,9,2854809,,2.9800796272093732,"{""block_cap"": 0.35}",False,
case_062,1,1,3,capls,c1,0,1.155,148.056,True,1005201,219648,219648,0,13621248,,,9,2854809,,2.8400379625567425,"{""block_cap"": 0.15}",False,
case_062,1,1,3,capls,c2,0,0.731,139.189,True,958261,304128,304128,0,13705728,,,12,2854809,,2.979155991947914,"{""block_cap"": 0.35, ""init"": ""rr""}",False,
case_062,1,1,3,capls,c3,0,0.763,159.438,True,955282,86016,86016,0,13487616,,,6,2854809,,2.988446343592782,"{""block_cap"": 0.35, ""init"": ""contig""}",True,
case_062,1,1,3,capls,sa1,0,75.942,75.82,True,955460,89088,89088,0,13490688,,,7,2854809,,2.98788960291378,"{""anneal"": true, ""anneal_seconds"": 14.042}",False,
case_062,1,1,3,capls,sa2,0,127.771,127.747,True,967634,11257344,11257344,0,24658944,,,12,2854809,,2.9502983566100407,"{""anneal"": true, ""anneal_seconds"": 14.042}",False,
case_062,1,1,3,capls,sa3,0,92.037,92.012,True,967656,14318592,14318592,0,27720192,,,13,2854809,,2.9502312805377118,"{""anneal"": true, ""anneal_seconds"": 14.042}",False,
case_062,1,1,3,capls,_best,0,0.721,159.438,True,955282,86016,86016,0,13487616,,,6,2854809,,2.988446343592782,"{""block_cap"": 0.35, ""init"": ""contig""}",True,results\plans\case_062_p1_n3_capls_best.json
case_075,1,1,4,capls,c0,0,0.616,2.633,True,558369,5627282,5627282,0,7464472,,,120,1441809,,2.5821795264421916,"{""block_cap"": 0.35}",False,
case_075,1,1,4,capls,c1,0,0.474,2.633,True,558369,5627282,5627282,0,7464472,,,120,1441809,,2.5821795264421916,"{""block_cap"": 0.15}",False,
case_075,1,1,4,capls,c2,0,0.927,2.881,True,483592,5363096,5363096,0,7200286,,,124,1441809,,2.9814575096362224,"{""block_cap"": 0.35, ""init"": ""rr""}",False,
case_075,1,1,4,capls,c3,0,0.858,3.294,True,1445059,756442,756442,0,2593632,,,10,1441809,,0.9977509568813453,"{""block_cap"": 0.35, ""init"": ""contig""}",False,
case_075,1,1,4,capls,c4,0,0.49,4.369,True,577467,6135050,6135050,0,7972240,,,430,1441809,,2.496781634275205,"{""block_cap"": 0.35, ""subgraph_mode"": ""block""}",False,
case_075,1,1,4,capls,c5,0,0.899,4.459,True,553934,6135050,6135050,0,7972240,,,430,1441809,,2.602853408528814,"{""block_cap"": 0.35, ""init"": ""rr"", ""subgraph_mode"": ""block""}",False,
case_075,1,1,4,capls,c6,0,0.668,3.647,True,529882,5979132,5979132,0,7816322,,,123,1441809,,2.721000147202585,"{""block_cap"": 0.6, ""comm_weight"": 1e-06}",False,
case_075,1,1,4,capls,c7,0,0.534,2.633,True,558369,5627282,5627282,0,7464472,,,120,1441809,,2.5821795264421916,"{""block_cap"": 0.08}",False,
case_075,1,1,4,capls,sa1,0,2.725,2.71,True,483661,5371416,5371416,0,7208606,,,125,1441809,,2.981032169225966,"{""anneal"": true, ""anneal_seconds"": 3.956}",False,
case_075,1,1,4,capls,sa2,0,2.474,2.463,True,483591,5406232,5406232,0,7243422,,,126,1441809,,2.9814636748822867,"{""anneal"": true, ""anneal_seconds"": 3.956}",True,
case_075,1,1,4,capls,sa3,0,2.386,2.376,True,483631,5406232,5406232,0,7243422,,,126,1441809,,2.981217084926318,"{""anneal"": true, ""anneal_seconds"": 3.956}",False,
case_075,1,1,4,capls,_best,0,,2.463,True,483591,5406232,,,,,,126,1441809,,2.9814636748822867,"{""anneal"": true}",True,results\plans\case_075_p1_n4_capls_best.json
case_075,1,1,5,capls,c0,0,0.816,3.11,True,505445,5850490,5850490,0,7687680,,,139,1441809,,2.852553690312497,"{""block_cap"": 0.35}",False,
case_075,1,1,5,capls,c1,0,0.449,3.11,True,505445,5850490,5850490,0,7687680,,,139,1441809,,2.852553690312497,"{""block_cap"": 0.15}",False,
case_075,1,1,5,capls,c2,0,0.952,3.748,True,467451,5661612,5661612,0,7498802,,,137,1441809,,3.084406707868846,"{""block_cap"": 0.35, ""init"": ""rr""}",False,
case_075,1,1,5,capls,c3,0,0.419,2.832,True,1446783,188440,188440,0,2025630,,,9,1441809,,0.9965620276157516,"{""block_cap"": 0.35, ""init"": ""contig""}",False,
case_075,1,1,5,capls,c4,0,0.638,5.223,True,554210,6135050,6135050,0,7972240,,,430,1441809,,2.6015571714692984,"{""block_cap"": 0.35, ""subgraph_mode"": ""block""}",False,
case_075,1,1,5,capls,c5,0,1.065,4.178,True,542726,6135050,6135050,0,7972240,,,430,1441809,,2.6566057273836154,"{""block_cap"": 0.35, ""init"": ""rr"", ""subgraph_mode"": ""block""}",False,
case_075,1,1,5,capls,c6,0,0.882,3.7,True,518838,6288066,6288066,0,8125256,,,134,1441809,,2.7789194314988492,"{""block_cap"": 0.6, ""comm_weight"": 1e-06}",False,
case_075,1,1,5,capls,c7,0,1.958,4.559,True,833390,10559632,10559632,0,12396822,,,354,1441809,,1.7300531563853658,"{""block_cap"": 0.08}",False,
case_075,1,1,5,capls,sa1,0,2.741,2.734,True,467401,5662636,5662636,0,7499826,,,140,1441809,,3.0847366608115943,"{""anneal"": true, ""anneal_seconds"": 3.995}",True,
case_075,1,1,5,capls,sa2,0,2.861,2.847,True,467475,5662636,5662636,0,7499826,,,139,1441809,,3.0842483555270337,"{""anneal"": true, ""anneal_seconds"": 3.995}",False,
case_075,1,1,5,capls,sa3,0,2.672,2.657,True,467451,5661612,5661612,0,7498802,,,138,1441809,,3.084406707868846,"{""anneal"": true, ""anneal_seconds"": 3.995}",False,
case_075,1,1,5,capls,_best,0,,2.734,True,467401,5662636,,,,,,140,1441809,,3.0847366608115943,"{""anneal"": true}",True,results\plans\case_075_p1_n5_capls_best.json
case_077,1,1,2,capls,c0,0,0.21,2.417,True,301701,764334,764334,0,2905694,,,13,495320,,1.641757899377198,"{""block_cap"": 0.35}",False,
case_077,1,1,2,capls,c1,0,0.4,2.417,True,301701,764334,764334,0,2905694,,,13,495320,,1.641757899377198,"{""block_cap"": 0.15}",False,
case_077,1,1,2,capls,c2,0,0.233,1.34,True,281793,946844,946844,0,3088204,,,20,495320,,1.7577441597200782,"{""block_cap"": 0.35, ""init"": ""rr""}",False,
case_077,1,1,2,capls,c3,0,0.235,5.156,True,294693,129688,129688,0,2271048,,,3,495320,,1.6808000190028267,"{""block_cap"": 0.35, ""init"": ""contig""}",False,
case_077,1,1,2,capls,c4,0,0.23,2.18,True,333340,2622740,2622740,0,4764100,,,262,495320,,1.4859302813943722,"{""block_cap"": 0.35, ""subgraph_mode"": ""block""}",False,
case_077,1,1,2,capls,c5,0,0.214,3.225,True,332432,2622740,2622740,0,4764100,,,262,495320,,1.489988930066901,"{""block_cap"": 0.35, ""init"": ""rr"", ""subgraph_mode"": ""block""}",False,
case_077,1,1,2,capls,c6,0,0.069,5.149,True,250735,57344,57344,0,2198704,,,2,495320,,1.9754721119907472,"{""block_cap"": 0.6, ""comm_weight"": 1e-06}",True,
case_077,1,1,2,capls,c7,0,0.249,1.558,True,325936,2224790,2093718,131072,4366150,,,42,495320,,1.5196848461047567,"{""block_cap"": 0.08}",False,
case_077,1,1,2,capls,c8,0,0.21,1.622,True,355243,4988370,4857298,131072,7129730,,,43,495320,,1.3943131884372106,"{""block_cap"": 0.005}",False,
case_077,1,1,2,capls,c9,0,0.237,2.417,True,301701,764334,764334,0,2905694,,,13,495320,,1.641757899377198,"{""block_cap"": 0.35, ""max_ops"": 2000}",False,
case_077,1,1,2,capls,c10,0,0.051,6.32,True,495320,0,0,0,2141360,,,1,495320,,1.0,"{""block_cap"": 0.35, ""cores_used"": 1}",False,
case_077,1,1,2,capls,c11,0,0.05,6.32,True,495320,0,0,0,2141360,,,1,495320,,1.0,"{""block_cap"": 0.35, ""cores_used"": 1}",False,
case_077,1,1,2,capls,c12,0,0.244,1.693,True,272363,3874152,3874152,0,6015512,,,20,495320,,1.8186023799121025,"{""block_cap"": 0.35, ""init"": ""rr"", ""level_mode"": ""alap_fill""}",False,
case_077,1,1,2,capls,c13,0,0.265,1.693,True,272363,3874152,3874152,0,6015512,,,20,495320,,1.8186023799121025,"{""block_cap"": 0.35, ""init"": ""rr"", ""level_mode"": ""alap_compress""}",False,
case_077,1,1,2,capls,sa1,0,0.003,3.896,True,253898,275498,226088,49410,2416858,,,3,495320,,1.9508621572442477,"{""anneal"": true, ""anneal_seconds"": 13.634}",False,
case_077,1,1,2,capls,sa2,0,0.003,3.84,True,254219,325164,275754,49410,2466524,,,4,495320,,1.948398821488559,"{""anneal"": true, ""anneal_seconds"": 13.634}",False,
case_077,1,1,2,capls,sa3,0,0.003,5.139,True,251066,107682,107682,0,2249042,,,3,495320,,1.9728676921606272,"{""anneal"": true, ""anneal_seconds"": 13.634}",False,
case_077,1,1,2,capls,_best,0,0.089,5.149,True,250735,57344,57344,0,2198704,,,2,495320,,1.9754721119907472,"{""block_cap"": 0.6, ""comm_weight"": 1e-06}",True,results\plans\case_077_p1_n2_capls_best.json
case_077,1,1,3,capls,c0,0,0.421,1.725,True,209395,1192950,1192950,0,3334310,,,28,495320,,2.36548150624418,"{""block_cap"": 0.35}",False,
case_077,1,1,3,capls,c1,0,0.622,1.727,True,253835,2286394,2286394,0,4427754,,,79,495320,,1.9513463470364607,"{""block_cap"": 0.15}",False,
case_077,1,1,3,capls,c2,0,0.373,1.5,True,201674,1156934,1156934,0,3298294,,,29,495320,,2.456042920753295,"{""block_cap"": 0.35, ""init"": ""rr""}",False,
case_077,1,1,3,capls,c3,0,0.354,5.883,True,181672,114688,114688,0,2256048,,,3,495320,,2.7264520674622394,"{""block_cap"": 0.35, ""init"": ""contig""}",False,
case_077,1,1,3,capls,c4,0,0.151,2.001,True,250505,2622740,2622740,0,4764100,,,262,495320,,1.977285882517315,"{""block_cap"": 0.35, ""subgraph_mode"": ""block""}",False,
case_077,1,1,3,capls,c5,0,0.298,2.009,True,252544,2622740,2622740,0,4764100,,,262,495320,,1.9613215914850481,"{""block_cap"": 0.35, ""init"": ""rr"", ""subgraph_mode"": ""block""}",False,
case_077,1,1,3,capls,c6,0,0.188,1.725,True,209395,1192950,1192950,0,3334310,,,28,495320,,2.36548150624418,"{""block_cap"": 0.6, ""comm_weight"": 1e-06}",False,
case_077,1,1,3,capls,c7,0,0.626,2.704,True,254403,4242590,4103326,139264,6383950,,,80,495320,,1.9469896188331113,"{""block_cap"": 0.08}",False,
case_077,1,1,3,capls,c8,0,0.41,1.752,True,298824,6646646,6507382,139264,8788006,,,70,495320,,1.6575643187963482,"{""block_cap"": 0.005}",False,
case_077,1,1,3,capls,c9,0,0.24,1.725,True,209395,1192950,1192950,0,3334310,,,28,495320,,2.36548150624418,"{""block_cap"": 0.35, ""max_ops"": 2000}",False,
case_077,1,1,3,capls,c10,0,0.421,1.32,True,301701,764334,764334,0,2905694,,,13,495320,,1.641757899377198,"{""block_cap"": 0.35, ""cores_used"": 2}",False,
case_077,1,1,3,capls,c11,0,0.043,6.023,True,495320,0,0,0,2141360,,,1,495320,,1.0,"{""block_cap"": 0.35, ""cores_used"": 1}",False,
case_077,1,1,3,capls,c12,0,0.407,1.942,True,206519,4441132,4441132,0,6582492,,,30,495320,,2.398423389615483,"{""block_cap"": 0.35, ""init"": ""rr"", ""level_mode"": ""alap_fill""}",False,
case_077,1,1,3,capls,c13,0,0.309,1.942,True,206519,4441132,4441132,0,6582492,,,30,495320,,2.398423389615483,"{""block_cap"": 0.35, ""init"": ""rr"", ""level_mode"": ""alap_compress""}",False,
case_077,1,1,3,capls,sa1,0,0.007,3.354,True,180884,239464,239464,0,2380824,,,4,495320,,2.738329537161938,"{""anneal"": true, ""anneal_seconds"": 16.953}",False,
case_077,1,1,3,capls,sa2,0,3.049,3.018,True,181232,300296,300296,0,2441656,,,5,495320,,2.733071422265384,"{""anneal"": true, ""anneal_seconds"": 16.953}",False,
case_077,1,1,3,capls,sa3,0,2.486,2.481,True,180572,425870,425870,0,2567230,,,6,495320,,2.7430609396805705,"{""anneal"": true, ""anneal_seconds"": 16.953}",True,
case_077,1,1,3,capls,_best,0,,2.481,True,180572,425870,,,,,,6,495320,,2.7430609396805705,"{""anneal"": true}",True,results\plans\case_077_p1_n3_capls_best.json
case_077,1,1,4,capls,c0,0,0.303,1.713,True,166172,1353166,1353166,0,3494526,,,38,495320,,2.9807669162073034,"{""block_cap"": 0.35}",False,
case_077,1,1,4,capls,c1,0,0.862,1.916,True,223375,2955648,2955648,0,5097008,,,113,495320,,2.2174370453273644,"{""block_cap"": 0.15}",False,
case_077,1,1,4,capls,c2,0,0.538,2.629,True,162014,1359978,1359978,0,3501338,,,37,495320,,3.057266655968003,"{""block_cap"": 0.35, ""init"": ""rr""}",False,
case_077,1,1,4,capls,c3,0,0.268,2.226,True,204921,152278,152278,0,2293638,,,5,495320,,2.417126600006832,"{""block_cap"": 0.35, ""init"": ""contig""}",False,
case_077,1,1,4,capls,c4,0,0.319,2.032,True,214594,2622740,2622740,0,4764100,,,262,495320,,2.308172642291956,"{""block_cap"": 0.35, ""subgraph_mode"": ""block""}",False,
case_077,1,1,4,capls,c5,0,0.384,2.129,True,217017,2622740,2622740,0,4764100,,,262,495320,,2.282401839487229,"{""block_cap"": 0.35, ""init"": ""rr"", ""subgraph_mode"": ""block""}",False,
case_077,1,1,4,capls,c6,0,0.481,1.732,True,166397,1355342,1355342,0,3496702,,,38,495320,,2.976736359429557,"{""block_cap"": 0.6, ""comm_weight"": 1e-06}",False,
case_077,1,1,4,capls,c7,0,0.455,3.166,True,226707,4459848,4320584,139264,6601208,,,95,495320,,2.1848465199574783,"{""block_cap"": 0.08}",False,
case_077,1,1,4,capls,c8,0,1.123,2.013,True,237158,4954988,4922220,32768,7096348,,,86,495320,,2.088565428954537,"{""block_cap"": 0.005}",False,
case_077,1,1,4,capls,c9,0,0.321,1.713,True,166172,1353166,1353166,0,3494526,,,38,495320,,2.9807669162073034,"{""block_cap"": 0.35, ""max_ops"": 2000}",False,
case_077,1,1,4,capls,c10,0,0.239,1.73,True,209395,1192950,1192950,0,3334310,,,28,495320,,2.36548150624418,"{""block_cap"": 0.35, ""cores_used"": 3}",False,
case_077,1,1,4,capls,c11,0,0.244,1.421,True,301701,764334,764334,0,2905694,,,13,495320,,1.641757899377198,"{""block_cap"": 0.35, ""cores_used"": 2}",False,
case_077,1,1,4,capls,c12,0,0.488,1.694,True,172510,5108196,5108196,0,7249556,,,40,495320,,2.8712538403570806,"{""block_cap"": 0.35, ""init"": ""rr"", ""level_mode"": ""alap_fill""}",False,
case_077,1,1,4,capls,c13,0,0.546,1.694,True,172510,5108196,5108196,0,7249556,,,40,495320,,2.8712538403570806,"{""block_cap"": 0.35, ""init"": ""rr"", ""level_mode"": ""alap_compress""}",False,
case_077,1,1,4,capls,sa1,0,2.039,2.018,True,161988,1359978,1359978,0,3501338,,,37,495320,,3.0577573647430674,"{""anneal"": true, ""anneal_seconds"": 2.108}",False,
case_077,1,1,4,capls,sa2,0,1.803,1.794,True,161938,1360266,1360266,0,3501626,,,38,495320,,3.0587014783435635,"{""anneal"": true, ""anneal_seconds"": 2.108}",False,
case_077,1,1,4,capls,sa3,0,1.933,1.928,True,161888,1359978,1359978,0,3501338,,,37,495320,,3.0596461751334254,"{""anneal"": true, ""anneal_seconds"": 2.108}",True,
case_077,1,1,4,capls,_best,0,,1.928,True,161888,1359978,,,,,,37,495320,,3.0596461751334254,"{""anneal"": true}",True,results\plans\case_077_p1_n4_capls_best.json
case_078,1,1,2,capls,c0,0,0.032,1.238,True,1260358,12535344,2148480,10386864,14880432,,,2,2296143,,1.8218180866071385,"{""block_cap"": 0.35}",False,
case_078,1,1,2,capls,c1,0,0.056,0.283,True,1169854,7393632,3278976,4114656,9738720,,,22,2296143,,1.9627603102609386,"{""block_cap"": 0.15}",False,
case_078,1,1,2,capls,c2,0,0.033,1.238,True,1260358,12535344,2148480,10386864,14880432,,,2,2296143,,1.8218180866071385,"{""block_cap"": 0.35, ""init"": ""rr""}",False,
case_078,1,1,2,capls,c3,0,0.024,0.35,True,1260358,12535344,2148480,10386864,14880432,,,2,2296143,,1.8218180866071385,"{""block_cap"": 0.35, ""init"": ""contig""}",False,
case_078,1,1,2,capls,c4,0,0.02,0.217,True,1080972,15039360,15039360,0,17384448,,,8,2296143,,2.1241466013920807,"{""block_cap"": 0.35, ""subgraph_mode"": ""block""}",True,
case_078,1,1,2,capls,c5,0,0.027,0.217,True,1080972,15039360,15039360,0,17384448,,,8,2296143,,2.1241466013920807,"{""block_cap"": 0.35, ""init"": ""rr"", ""subgraph_mode"": ""block""}",False,
case_078,1,1,2,capls,c6,0,0.033,1.238,True,1260358,12535344,2148480,10386864,14880432,,,2,2296143,,1.8218180866071385,"{""block_cap"": 0.6, ""comm_weight"": 1e-06}",False,
case_078,1,1,2,capls,c7,0,0.055,0.283,True,1169854,7393632,3278976,4114656,9738720,,,22,2296143,,1.9627603102609386,"{""block_cap"": 0.08}",False,
case_078,1,1,2,capls,c8,0,0.079,0.298,True,1624600,7847040,5607552,2239488,10192128,,,55,2296143,,1.4133589806721654,"{""block_cap"": 0.005}",False,
case_078,1,1,2,capls,c9,0,0.033,1.238,True,1260358,12535344,2148480,10386864,14880432,,,2,2296143,,1.8218180866071385,"{""block_cap"": 0.35, ""max_ops"": 2000}",False,
case_078,1,1,2,capls,c10,0,0.016,0.505,True,2296143,12644568,0,12644568,14989656,,,1,2296143,,1.0,"{""block_cap"": 0.35, ""cores_used"": 1}",False,
case_078,1,1,2,capls,c11,0,0.017,0.505,True,2296143,12644568,0,12644568,14989656,,,1,2296143,,1.0,"{""block_cap"": 0.35, ""cores_used"": 1}",False,
case_078,1,1,2,capls,c12,0,0.028,1.238,True,1260358,12535344,2148480,10386864,14880432,,,2,2296143,,1.8218180866071385,"{""block_cap"": 0.35, ""init"": ""rr"", ""level_mode"": ""alap_fill""}",False,
case_078,1,1,2,capls,c13,0,0.031,1.238,True,1260358,12535344,2148480,10386864,14880432,,,2,2296143,,1.8218180866071385,"{""block_cap"": 0.35, ""init"": ""rr"", ""level_mode"": ""alap_compress""}",False,
case_078,1,1,2,capls,sa1,0,0.001,1.238,True,1260358,12535344,2148480,10386864,14880432,,,2,2296143,,1.8218180866071385,"{""anneal"": true, ""anneal_seconds"": 2.891}",False,
case_078,1,1,2,capls,sa2,0,0.451,0.447,True,1225144,12731568,2299104,10432464,15076656,,,3,2296143,,1.8741821369569618,"{""anneal"": true, ""anneal_seconds"": 2.891}",False,
case_078,1,1,2,capls,sa3,0,0.34,0.339,True,1219466,12708144,2298528,10409616,15053232,,,3,2296143,,1.8829085845771838,"{""anneal"": true, ""anneal_seconds"": 2.891}",False,
case_078,1,1,2,capls,_best,0,0.019,0.217,True,1080972,15039360,15039360,0,17384448,,,8,2296143,,2.1241466013920807,"{""block_cap"": 0.35, ""subgraph_mode"": ""block""}",True,results\plans\case_078_p1_n2_capls_best.json
case_078,1,1,3,capls,c0,0,0.055,0.276,True,1197384,8583480,7588152,995328,10928568,,,61,2296143,,1.9176329398087832,"{""block_cap"": 0.35}",False,
case_078,1,1,3,capls,c1,0,0.08,0.276,True,1197384,8583480,7588152,995328,10928568,,,61,2296143,,1.9176329398087832,"{""block_cap"": 0.15}",False,
case_078,1,1,3,capls,c2,0,0.123,0.292,True,1635837,11066616,9039096,2027520,13411704,,,59,2296143,,1.4036502414360355,"{""block_cap"": 0.35, ""init"": ""rr""}",False,
case_078,1,1,3,capls,c3,0,0.212,0.297,True,2224940,11698104,2741256,8956848,14043192,,,4,2296143,,1.0320022112955856,"{""block_cap"": 0.35, ""init"": ""contig""}",False,
case_078,1,1,3,capls,c4,0,0.077,0.38,True,2309648,17116032,17116032,0,19461120,,,200,2296143,,0.9941527886500454,"{""block_cap"": 0.35, ""subgraph_mode"": ""block""}",False,
case_078,1,1,3,capls,c5,0,0.126,0.432,True,1802097,17116032,17116032,0,19461120,,,200,2296143,,1.2741506145340677,"{""block_cap"": 0.35, ""init"": ""rr"", ""subgraph_mode"": ""block""}",False,
case_078,1,1,3,capls,c6,0,0.041,0.258,True,993959,12673800,4296960,8376840,15018888,,,3,2296143,,2.3100983038535796,"{""block_cap"": 0.6, ""comm_weight"": 1e-06}",False,
case_078,1,1,3,capls,c7,0,0.049,0.276,True,1197384,8583480,7588152,995328,10928568,,,61,2296143,,1.9176329398087832,"{""block_cap"": 0.08}",False,
case_078,1,1,3,capls,c8,0,0.085,0.477,True,1416817,11307432,11307432,0,13652520,,,128,2296143,,1.620634845572858,"{""block_cap"": 0.005}",False,
case_078,1,1,3,capls,c9,0,0.048,0.276,True,1197384,8583480,7588152,995328,10928568,,,61,2296143,,1.9176329398087832,"{""block_cap"": 0.35, ""max_ops"": 2000}",False,
case_078,1,1,3,capls,c10,0,0.021,0.319,True,1260358,12535344,2148480,10386864,14880432,,,2,2296143,,1.8218180866071385,"{""block_cap"": 0.35, ""cores_used"": 2}",False,
case_078,1,1,3,capls,c11,0,0.01,0.533,True,2296143,12644568,0,12644568,14989656,,,1,2296143,,1.0,"{""block_cap"": 0.35, ""cores_used"": 1}",False,
case_078,1,1,3,capls,c12,0,0.08,0.563,True,1417821,11293488,9265968,2027520,13638576,,,67,2296143,,1.619487227231082,"{""block_cap"": 0.35, ""init"": ""rr"", ""level_mode"": ""alap_fill""}",False,
case_078,1,1,3,capls,c13,0,0.082,0.563,True,1417821,11293488,9265968,2027520,13638576,,,67,2296143,,1.619487227231082,"{""block_cap"": 0.35, ""init"": ""rr"", ""level_mode"": ""alap_compress""}",False,
case_078,1,1,3,capls,sa1,0,0.001,0.294,True,956665,12448488,4392192,8056296,14793576,,,4,2296143,,2.4001536588042836,"{""anneal"": true, ""anneal_seconds"": 1.087}",False,
case_078,1,1,3,capls,sa2,0,0.341,0.339,True,902667,11951544,4535040,7416504,14296632,,,5,2296143,,2.5437320739541827,"{""anneal"": true, ""anneal_seconds"": 1.087}",True,
case_078,1,1,3,capls,sa3,0,0.376,0.374,True,929696,12176856,4439808,7737048,14521944,,,4,2296143,,2.469778293119471,"{""anneal"": true, ""anneal_seconds"": 1.087}",False,
case_078,1,1,3,capls,_best,0,,0.339,True,902667,11951544,,,,,,5,2296143,,2.5437320739541827,"{""anneal"": true}",True,results\plans\case_078_p1_n3_capls_best.json
case_078,1,1,4,capls,c0,0,0.095,0.304,True,1178709,10433664,7769952,2663712,12778752,,,41,2296143,,1.948015158957809,"{""block_cap"": 0.35}",False,
case_078,1,1,4,capls,c1,0,0.108,0.304,True,1178709,10433664,7769952,2663712,12778752,,,41,2296143,,1.948015158957809,"{""block_cap"": 0.15}",False,
case_078,1,1,4,capls,c2,0,0.108,1.063,True,906988,10211712,8884608,1327104,12556800,,,76,2296143,,2.531613428182071,"{""block_cap"": 0.35, ""init"": ""rr""}",False,
case_078,1,1,4,capls,c3,0,0.242,0.292,True,1422726,13118616,10366344,2752272,15463704,,,14,2296143,,1.6139038718628886,"{""block_cap"": 0.35, ""init"": ""contig""}",False,
case_078,1,1,4,capls,c4,0,0.089,0.393,True,1421042,17116032,17116032,0,19461120,,,200,2296143,,1.6158164220339724,"{""block_cap"": 0.35, ""subgraph_mode"": ""block""}",False,
case_078,1,1,4,capls,c5,0,0.094,0.488,True,1807448,17116032,17116032,0,19461120,,,200,2296143,,1.2703784562543432,"{""block_cap"": 0.35, ""init"": ""rr"", ""subgraph_mode"": ""block""}",False,
case_078,1,1,4,capls,c6,0,0.039,0.299,True,690924,13146912,6445440,6701472,15492000,,,4,2296143,,3.3232931552529656,"{""block_cap"": 0.6, ""comm_weight"": 1e-06}",False,
case_078,1,1,4,capls,c7,0,0.066,0.304,True,1178709,10433664,7769952,2663712,12778752,,,41,2296143,,1.948015158957809,"{""block_cap"": 0.08}",False,
case_078,1,1,4,capls,c8,0,0.137,0.458,True,1413785,11451456,11285568,165888,13796544,,,123,2296143,,1.6241104552672436,"{""block_cap"": 0.005}",False,
case_078,1,1,4,capls,c9,0,0.08,0.304,True,1178709,10433664,7769952,2663712,12778752,,,41,2296143,,1.948015158957809,"{""block_cap"": 0.35, ""max_ops"": 2000}",False,
case_078,1,1,4,capls,c10,0,0.062,0.285,True,1197384,8583480,7588152,995328,10928568,,,61,2296143,,1.9176329398087832,"{""block_cap"": 0.35, ""cores_used"": 3}",False,
case_078,1,1,4,capls,c11,0,0.034,0.3,True,1260358,12535344,2148480,10386864,14880432,,,2,2296143,,1.8218180866071385,"{""block_cap"": 0.35, ""cores_used"": 2}",False,
case_078,1,1,4,capls,c12,0,0.091,0.287,True,682158,11911632,11579856,331776,14256720,,,100,2296143,,3.3659987862049556,"{""block_cap"": 0.35, ""init"": ""rr"", ""level_mode"": ""alap_fill""}",False,
case_078,1,1,4,capls,c13,0,0.107,0.287,True,682158,11911632,11579856,331776,14256720,,,100,2296143,,3.3659987862049556,"{""block_cap"": 0.35, ""init"": ""rr"", ""level_mode"": ""alap_compress""}",False,
case_078,1,1,4,capls,sa1,0,0.306,0.304,True,682388,11948496,11616720,331776,14293584,,,102,2296143,,3.3648642707667777,"{""anneal"": true, ""anneal_seconds"": 1.94}",False,
case_078,1,1,4,capls,sa2,0,0.336,0.334,True,682158,11930064,11598288,331776,14275152,,,101,2296143,,3.3659987862049556,"{""anneal"": true, ""anneal_seconds"": 1.94}",False,
case_078,1,1,4,capls,sa3,0,0.326,0.324,True,679519,11965008,11633232,331776,14310096,,,103,2296143,,3.3790710782185633,"{""anneal"": true, ""anneal_seconds"": 1.94}",True,
case_078,1,1,4,capls,_best,0,,0.324,True,679519,11965008,,,,,,103,2296143,,3.3790710782185633,"{""anneal"": true}",True,results\plans\case_078_p1_n4_capls_best.json
case_078,1,1,5,capls,c0,0,0.105,0.404,True,907951,15231216,15065328,165888,17576304,,,104,2296143,,2.5289283232244912,"{""block_cap"": 0.35}",False,
case_078,1,1,5,capls,c1,0,0.123,0.404,True,907951,15231216,15065328,165888,17576304,,,104,2296143,,2.5289283232244912,"{""block_cap"": 0.15}",False,
case_078,1,1,5,capls,c2,0,0.135,0.405,True,653430,11426304,10928640,497664,13771392,,,125,2296143,,3.5139846655341813,"{""block_cap"": 0.35, ""init"": ""rr""}",False,
case_078,1,1,5,capls,c3,0,0.226,0.273,True,1562163,13397136,10454472,2942664,15742224,,,18,2296143,,1.4698485369324457,"{""block_cap"": 0.35, ""init"": ""contig""}",False,
case_078,1,1,5,capls,c4,0,0.144,0.438,True,1784096,17116032,17116032,0,19461120,,,200,2296143,,1.2870064166950657,"{""block_cap"": 0.35, ""subgraph_mode"": ""block""}",False,
case_078,1,1,5,capls,c5,0,0.136,0.458,True,1628077,17116032,17116032,0,19461120,,,200,2296143,,1.410340542861302,"{""block_cap"": 0.35, ""init"": ""rr"", ""subgraph_mode"": ""block""}",False,
case_078,1,1,5,capls,c6,0,0.135,0.324,True,960185,13418712,13045464,373248,15763800,,,79,2296143,,2.391354791003817,"{""block_cap"": 0.6, ""comm_weight"": 1e-06}",False,
case_078,1,1,5,capls,c7,0,0.129,0.404,True,907951,15231216,15065328,165888,17576304,,,104,2296143,,2.5289283232244912,"{""block_cap"": 0.08}",False,
case_078,1,1,5,capls,c8,0,0.236,0.626,True,1156594,16560864,16560864,0,18905952,,,220,2296143,,1.985262762905566,"{""block_cap"": 0.005}",False,
case_078,1,1,5,capls,c9,0,0.142,0.404,True,907951,15231216,15065328,165888,17576304,,,104,2296143,,2.5289283232244912,"{""block_cap"": 0.35, ""max_ops"": 2000}",False,
case_078,1,1,5,capls,c10,0,0.101,0.35,True,1178709,10433664,7769952,2663712,12778752,,,41,2296143,,1.948015158957809,"{""block_cap"": 0.35, ""cores_used"": 4}",False,
case_078,1,1,5,capls,c11,0,0.031,0.337,True,1260358,12535344,2148480,10386864,14880432,,,2,2296143,,1.8218180866071385,"{""block_cap"": 0.35, ""cores_used"": 2}",False,
case_078,1,1,5,capls,c12,0,0.133,0.387,True,646672,11544048,11046384,497664,13889136,,,125,2296143,,3.5507073137541134,"{""block_cap"": 0.35, ""init"": ""rr"", ""level_mode"": ""alap_fill""}",False,
case_078,1,1,5,capls,c13,0,0.136,0.387,True,646672,11544048,11046384,497664,13889136,,,125,2296143,,3.5507073137541134,"{""block_cap"": 0.35, ""init"": ""rr"", ""level_mode"": ""alap_compress""}",False,
case_078,1,1,5,capls,sa1,0,0.356,0.355,True,645756,11631600,11133936,497664,13976688,,,127,2296143,,3.5557439652128666,"{""anneal"": true, ""anneal_seconds"": 2.163}",True,
case_078,1,1,5,capls,sa2,0,0.6,0.598,True,646070,11671056,11173392,497664,14016144,,,128,2296143,,3.554015818719334,"{""anneal"": true, ""anneal_seconds"": 2.163}",False,
case_078,1,1,5,capls,sa3,0,0.271,0.27,True,645756,11594736,11097072,497664,13939824,,,126,2296143,,3.5557439652128666,"{""anneal"": true, ""anneal_seconds"": 2.163}",False,
case_078,1,1,5,capls,_best,0,,0.355,True,645756,11631600,,,,,,127,2296143,,3.5557439652128666,"{""anneal"": true}",True,results\plans\case_078_p1_n5_capls_best.json
case_077,1,1,5,capls,c0,0,0.446,1.687,True,159071,1445956,1445956,0,3587316,,,45,495320,,3.1138296735420035,"{""block_cap"": 0.35}",False,
case_077,1,1,5,capls,c1,0,1.524,1.793,True,205416,3148882,3140690,8192,5290242,,,131,495320,,2.411301943373447,"{""block_cap"": 0.15}",False,
case_077,1,1,5,capls,c2,0,0.749,2.418,True,135117,1522830,1522830,0,3664190,,,37,495320,,3.665859958406418,"{""block_cap"": 0.35, ""init"": ""rr""}",True,
case_077,1,1,5,capls,c3,0,0.686,2.646,True,147685,304950,304950,0,2446310,,,6,495320,,3.3538951146020244,"{""block_cap"": 0.35, ""init"": ""contig""}",False,
case_077,1,1,5,capls,c4,0,0.304,1.999,True,207585,2622740,2622740,0,4764100,,,262,495320,,2.3861068959703253,"{""block_cap"": 0.35, ""subgraph_mode"": ""block""}",False,
case_077,1,1,5,capls,c5,0,0.732,1.946,True,182305,2622740,2622740,0,4764100,,,262,495320,,2.7169852719343957,"{""block_cap"": 0.35, ""init"": ""rr"", ""subgraph_mode"": ""block""}",False,
case_077,1,1,5,capls,c6,0,0.372,2.608,True,159535,1449804,1449804,0,3591164,,,45,495320,,3.10477324724982,"{""block_cap"": 0.6, ""comm_weight"": 1e-06}",False,
case_077,1,1,5,capls,c7,0,1.208,2.031,True,214259,2978220,2978220,0,5119580,,,111,495320,,2.3117815354314173,"{""block_cap"": 0.08}",False,
case_077,1,1,5,capls,c8,0,1.219,2.423,True,263821,6304440,6247096,57344,8445800,,,162,495320,,1.8774851130122319,"{""block_cap"": 0.005}",False,
case_077,1,1,5,capls,c9,0,0.48,1.687,True,159071,1445956,1445956,0,3587316,,,45,495320,,3.1138296735420035,"{""block_cap"": 0.35, ""max_ops"": 2000}",False,
case_077,1,1,5,capls,c10,0,0.345,2.071,True,166172,1353166,1353166,0,3494526,,,38,495320,,2.9807669162073034,"{""block_cap"": 0.35, ""cores_used"": 4}",False,
case_077,1,1,5,capls,c11,0,0.269,1.386,True,301701,764334,764334,0,2905694,,,13,495320,,1.641757899377198,"{""block_cap"": 0.35, ""cores_used"": 2}",False,
case_077,1,1,5,capls,c12,0,1.01,1.805,True,145393,4635900,4635900,0,6777260,,,40,495320,,3.406766488070265,"{""block_cap"": 0.35, ""init"": ""rr"", ""level_mode"": ""alap_fill""}",False,
case_077,1,1,5,capls,c13,0,0.767,1.805,True,145393,4635900,4635900,0,6777260,,,40,495320,,3.406766488070265,"{""block_cap"": 0.35, ""init"": ""rr"", ""level_mode"": ""alap_compress""}",False,
case_077,1,1,5,capls,sa1,0,1.736,1.727,True,135190,1527822,1527822,0,3669182,,,38,495320,,3.6638804645314003,"{""anneal"": true, ""anneal_seconds"": 2.883}",False,
case_077,1,1,5,capls,sa2,0,2.072,2.063,True,135229,1530222,1530222,0,3671582,,,39,495320,,3.6628238025867232,"{""anneal"": true, ""anneal_seconds"": 2.883}",False,
case_077,1,1,5,capls,sa3,0,1.789,1.783,True,135482,1542510,1542510,0,3683870,,,40,495320,,3.655983820728953,"{""anneal"": true, ""anneal_seconds"": 2.883}",False,
case_077,1,1,5,capls,_best,0,0.733,2.418,True,135117,1522830,1522830,0,3664190,,,37,495320,,3.665859958406418,"{""block_cap"": 0.35, ""init"": ""rr""}",True,results\plans\case_077_p1_n5_capls_best.json
case_058,1,1,3,capls,c0,0,0.631,74.283,True,1662641,28868608,4055040,24813568,36536320,,,3,4539717,,2.730425269195214,"{""block_cap"": 0.35}",False,
case_058,1,1,3,capls,c1,0,0.768,58.396,True,1554831,30400512,9191424,21209088,38068224,,,3,4539717,,2.9197494775959574,"{""block_cap"": 0.15}",True,
case_058,1,1,3,capls,c2,0,0.576,74.283,True,1662641,28868608,4055040,24813568,36536320,,,3,4539717,,2.730425269195214,"{""block_cap"": 0.35, ""init"": ""rr""}",False,
case_058,1,1,3,capls,c3,0,0.628,72.38,True,1662641,28868608,4055040,24813568,36536320,,,3,4539717,,2.730425269195214,"{""block_cap"": 0.35, ""init"": ""contig""}",False,
case_058,1,1,3,capls,sa1,0,113.237,113.16,True,1898085,53088256,32264192,20824064,60755968,,,4,4539717,,2.391735354317641,"{""anneal"": true, ""anneal_seconds"": 152.876}",False,
case_058,1,1,3,capls,sa2,0,75.185,75.158,True,1898085,53088256,32264192,20824064,60755968,,,4,4539717,,2.391735354317641,"{""anneal"": true, ""anneal_seconds"": 152.876}",False,
case_058,1,1,3,capls,sa3,0,79.554,79.528,True,1898085,53088256,32264192,20824064,60755968,,,4,4539717,,2.391735354317641,"{""anneal"": true, ""anneal_seconds"": 152.876}",False,
case_058,1,1,3,capls,_best,0,0.801,58.396,True,1554831,30400512,9191424,21209088,38068224,,,3,4539717,,2.9197494775959574,"{""block_cap"": 0.15}",True,results\plans\case_058_p1_n3_capls_best.json
case_072,1,1,3,capls,c11,0,0.034,857.308,True,23897828,108613680,0,108613680,119716864,,,1,23897828,,1.0,"{""block_cap"": 0.35, ""cores_used"": 1, ""proxy_fallback"": true}",False,
case_072,1,1,3,capls,sa1,0,224.445,224.252,True,11984939,252781294,204189886,48591408,263884478,,,98,23897828,,1.9939882881339654,"{""anneal"": true, ""anneal_seconds"": 20.781}",True,results\plans\case_072_p1_n3_capls_best.json
case_041,1,1,2,capls,c0,0,0.39,300.303,True,2986534,33595392,4893696,28701696,38545372,,,2,6003957,,2.010342758528783,"{""block_cap"": 0.35}",True,
case_041,1,1,2,capls,c1,0,0.266,300.303,True,2986534,33595392,4893696,28701696,38545372,,,2,6003957,,2.010342758528783,"{""block_cap"": 0.15}",False,
case_041,1,1,2,capls,c2,0,0.322,235.08,True,2990368,33546240,4893696,28652544,38496220,,,2,6003957,,2.0077652650108617,"{""block_cap"": 0.35, ""init"": ""rr""}",False,
case_041,1,1,2,capls,c3,0,0.358,263.923,True,3037329,27276288,2082816,25193472,32226268,,,2,6003957,,1.976722640188139,"{""block_cap"": 0.35, ""init"": ""contig""}",False,
case_041,1,1,2,capls,sa1,0,163.808,163.709,True,3321515,55407616,33565696,21841920,60357596,,,3,6003957,,1.807595931374689,"{""anneal"": true, ""anneal_seconds"": 279.599}",False,
case_041,1,1,2,capls,sa2,0,132.353,132.317,True,3347956,53799936,32363520,21436416,58749916,,,3,6003957,,1.7933201631084756,"{""anneal"": true, ""anneal_seconds"": 279.599}",False,
case_041,1,1,2,capls,sa3,0,74.664,74.63,True,5961225,33595392,4893696,28701696,38545372,,,2,6003957,,1.0071683253022659,"{""anneal"": true, ""anneal_seconds"": 279.599}",False,
case_041,1,1,2,capls,_best,0,0.499,300.303,True,2986534,33595392,4893696,28701696,38545372,,,2,6003957,,2.010342758528783,"{""block_cap"": 0.35}",True,results\plans\case_041_p1_n2_capls_best.json
case_058,1,1,2,capls,c0,0,0.445,121.302,True,2448313,28782592,2027520,26755072,36450304,,,2,4539717,,1.8542224789069044,"{""block_cap"": 0.35}",False,
case_058,1,1,2,capls,c1,0,0.35,121.302,True,2448313,28782592,2027520,26755072,36450304,,,2,4539717,,1.8542224789069044,"{""block_cap"": 0.15}",False,
case_058,1,1,2,capls,c2,0,0.474,121.302,True,2448313,28782592,2027520,26755072,36450304,,,2,4539717,,1.8542224789069044,"{""block_cap"": 0.35, ""init"": ""rr""}",False,
case_058,1,1,2,capls,c3,0,0.345,155.127,True,2448313,28782592,2027520,26755072,36450304,,,2,4539717,,1.8542224789069044,"{""block_cap"": 0.35, ""init"": ""contig""}",False,
case_058,1,1,2,capls,sa1,0,136.113,136.041,True,2709353,61468672,36765696,24702976,69136384,,,4,4539717,,1.6755723598955174,"{""anneal"": true, ""anneal_seconds"": 123.285}",False,
case_058,1,1,2,capls,sa2,0,123.661,123.633,True,2425474,45146112,20275200,24870912,52813824,,,3,4539717,,1.8716824010482074,"{""anneal"": true, ""anneal_seconds"": 123.285}",True,
case_058,1,1,2,capls,sa3,0,124.695,124.662,True,2765717,60997632,34492416,26505216,68665344,,,3,4539717,,1.6414249903370446,"{""anneal"": true, ""anneal_seconds"": 123.285}",False,
case_058,1,1,2,capls,_best,0,,123.633,True,2425474,45146112,,,,,,3,4539717,,1.8716824010482074,"{""anneal"": true}",True,results\plans\case_058_p1_n2_capls_best.json
case_058,1,1,4,capls,c0,0,0.857,50.444,True,1408677,28954624,6082560,22872064,36622336,,,4,4539717,,3.2226812817984536,"{""block_cap"": 0.35}",False,
case_058,1,1,4,capls,c1,0,0.988,166.404,True,1154519,42622976,19869696,22753280,50290688,,,4,4539717,,3.9321284448328697,"{""block_cap"": 0.15}",True,
case_058,1,1,4,capls,c2,0,0.647,50.444,True,1408677,28954624,6082560,22872064,36622336,,,4,4539717,,3.2226812817984536,"{""block_cap"": 0.35, ""init"": ""rr""}",False,
case_058,1,1,4,capls,c3,0,0.833,74.161,True,1408677,28954624,6082560,22872064,36622336,,,4,4539717,,3.2226812817984536,"{""block_cap"": 0.35, ""init"": ""contig""}",False,
case_058,1,1,4,capls,sa1,0,154.094,153.976,True,1448416,59572224,37031936,22540288,67239936,,,5,4539717,,3.1342632227205445,"{""anneal"": true, ""anneal_seconds"": 94.845}",False,
case_058,1,1,4,capls,sa2,0,124.617,124.581,True,1458932,59842560,37302272,22540288,67510272,,,5,4539717,,3.111671414431927,"{""anneal"": true, ""anneal_seconds"": 94.845}",False,
case_058,1,1,4,capls,sa3,0,133.445,133.412,True,1467710,59842560,37302272,22540288,67510272,,,5,4539717,,3.0930612995755293,"{""anneal"": true, ""anneal_seconds"": 94.845}",False,
case_058,1,1,4,capls,_best,0,1.07,166.404,True,1154519,42622976,19869696,22753280,50290688,,,4,4539717,,3.9321284448328697,"{""block_cap"": 0.15}",True,results\plans\case_058_p1_n4_capls_best.json
case_080,1,1,4,capls,c0,0,0.112,0.53,True,99137,2801664,2793472,8192,4780032,,,4,292138,,2.946810978746583,"{""block_cap"": 0.35}",False,
case_080,1,1,4,capls,c1,0,0.15,0.553,True,97322,2654208,2654208,0,4632576,,,7,292138,,3.001767329072563,"{""block_cap"": 0.15}",False,
case_080,1,1,4,capls,c2,0,0.291,0.53,True,99137,2801664,2793472,8192,4780032,,,4,292138,,2.946810978746583,"{""block_cap"": 0.35, ""init"": ""rr""}",False,
case_080,1,1,4,capls,c3,0,0.076,0.428,True,91350,1667072,1650688,16384,3645440,,,4,292138,,3.198007662835249,"{""block_cap"": 0.35, ""init"": ""contig""}",True,
case_080,1,1,4,capls,c4,0,0.118,0.385,True,123120,4952064,4952064,0,6930432,,,18,292138,,2.3727907732293696,"{""block_cap"": 0.35, ""subgraph_mode"": ""block""}",False,
case_080,1,1,4,capls,c5,0,0.112,0.385,True,123120,4952064,4952064,0,6930432,,,18,292138,,2.3727907732293696,"{""block_cap"": 0.35, ""init"": ""rr"", ""subgraph_mode"": ""block""}",False,
case_080,1,1,4,capls,c6,0,0.103,0.53,True,99137,2801664,2793472,8192,4780032,,,4,292138,,2.946810978746583,"{""block_cap"": 0.6, ""comm_weight"": 1e-06}",False,
case_080,1,1,4,capls,c7,0,0.166,0.671,True,107332,3391488,3391488,0,5369856,,,12,292138,,2.7218164200797523,"{""block_cap"": 0.08}",False,
case_080,1,1,4,capls,c8,0,0.393,0.745,True,158849,5623808,5623808,0,7602176,,,11,292138,,1.839092471466613,"{""block_cap"": 0.005}",False,
case_080,1,1,4,capls,c9,0,0.091,0.53,True,99137,2801664,2793472,8192,4780032,,,4,292138,,2.946810978746583,"{""block_cap"": 0.35, ""max_ops"": 2000}",False,
case_080,1,1,4,capls,c10,0,0.058,0.367,True,100325,3047424,3047424,0,5025792,,,3,292138,,2.9119162721156244,"{""block_cap"": 0.35, ""cores_used"": 3}",False,
case_080,1,1,4,capls,c11,0,0.035,0.357,True,146880,667648,380928,286720,2646016,,,2,292138,,1.98895697167756,"{""block_cap"": 0.35, ""cores_used"": 2}",False,
case_080,1,1,4,capls,c12,0,0.119,0.53,True,99137,2801664,2793472,8192,4780032,,,4,292138,,2.946810978746583,"{""block_cap"": 0.35, ""init"": ""rr"", ""level_mode"": ""alap_fill""}",False,
case_080,1,1,4,capls,c13,0,0.117,0.53,True,99137,2801664,2793472,8192,4780032,,,4,292138,,2.946810978746583,"{""block_cap"": 0.35, ""init"": ""rr"", ""level_mode"": ""alap_compress""}",False,
case_080,1,1,4,capls,sa1,0,0.492,0.487,True,93493,2691072,2674688,16384,4669440,,,5,292138,,3.1247045233332975,"{""anneal"": true, ""anneal_seconds"": 4.927}",False,
case_080,1,1,4,capls,sa2,0,0.528,0.526,True,93493,2691072,2674688,16384,4669440,,,5,292138,,3.1247045233332975,"{""anneal"": true, ""anneal_seconds"": 4.927}",False,
case_080,1,1,4,capls,sa3,0,0.423,0.421,True,93493,2691072,2674688,16384,4669440,,,5,292138,,3.1247045233332975,"{""anneal"": true, ""anneal_seconds"": 4.927}",False,
case_080,1,1,4,capls,_best,0,0.053,0.428,True,91350,1667072,1650688,16384,3645440,,,4,292138,,3.198007662835249,"{""block_cap"": 0.35, ""init"": ""contig""}",True,results\plans\case_080_p1_n4_capls_best.json
case_080,1,1,3,capls,c0,0,0.036,0.406,True,100325,3047424,3047424,0,5025792,,,3,292138,,2.9119162721156244,"{""block_cap"": 0.35}",True,
case_080,1,1,3,capls,c1,0,0.047,0.406,True,100325,3047424,3047424,0,5025792,,,3,292138,,2.9119162721156244,"{""block_cap"": 0.15}",False,
case_080,1,1,3,capls,c2,0,0.044,0.406,True,100325,3047424,3047424,0,5025792,,,3,292138,,2.9119162721156244,"{""block_cap"": 0.35, ""init"": ""rr""}",False,
case_080,1,1,3,capls,c3,0,0.055,0.295,True,101509,786432,761856,24576,2764800,,,3,292138,,2.8779517087154836,"{""block_cap"": 0.35, ""init"": ""contig""}",False,
case_080,1,1,3,capls,c4,0,0.048,0.324,True,120710,4952064,4952064,0,6930432,,,18,292138,,2.420164029492171,"{""block_cap"": 0.35, ""subgraph_mode"": ""block""}",False,
case_080,1,1,3,capls,c5,0,0.05,0.324,True,120710,4952064,4952064,0,6930432,,,18,292138,,2.420164029492171,"{""block_cap"": 0.35, ""init"": ""rr"", ""subgraph_mode"": ""block""}",False,
case_080,1,1,3,capls,c6,0,0.036,1.24,True,101509,786432,761856,24576,2764800,,,3,292138,,2.8779517087154836,"{""block_cap"": 0.6, ""comm_weight"": 1e-06}",False,
case_080,1,1,3,capls,c7,0,0.049,0.406,True,100325,3047424,3047424,0,5025792,,,3,292138,,2.9119162721156244,"{""block_cap"": 0.08}",False,
case_080,1,1,3,capls,c8,0,0.197,0.679,True,161518,6115328,6115328,0,8093696,,,13,292138,,1.808702435641848,"{""block_cap"": 0.005}",False,
case_080,1,1,3,capls,c9,0,0.04,0.406,True,100325,3047424,3047424,0,5025792,,,3,292138,,2.9119162721156244,"{""block_cap"": 0.35, ""max_ops"": 2000}",False,
case_080,1,1,3,capls,c10,0,0.033,0.355,True,146880,667648,380928,286720,2646016,,,2,292138,,1.98895697167756,"{""block_cap"": 0.35, ""cores_used"": 2}",False,
case_080,1,1,3,capls,c11,0,0.016,0.546,True,292138,548864,0,548864,2527232,,,1,292138,,1.0,"{""block_cap"": 0.35, ""cores_used"": 1}",False,
case_080,1,1,3,capls,c12,0,0.052,0.406,True,100325,3047424,3047424,0,5025792,,,3,292138,,2.9119162721156244,"{""block_cap"": 0.35, ""init"": ""rr"", ""level_mode"": ""alap_fill""}",False,
case_080,1,1,3,capls,c13,0,0.05,0.406,True,100325,3047424,3047424,0,5025792,,,3,292138,,2.9119162721156244,"{""block_cap"": 0.35, ""init"": ""rr"", ""level_mode"": ""alap_compress""}",False,
case_080,1,1,3,capls,sa1,0,0.48,0.474,True,115740,4558848,4558848,0,6537216,,,4,292138,,2.5240884741662346,"{""anneal"": true, ""anneal_seconds"": 11.255}",False,
case_080,1,1,3,capls,sa2,0,0.481,0.479,True,115740,4558848,4558848,0,6537216,,,4,292138,,2.5240884741662346,"{""anneal"": true, ""anneal_seconds"": 11.255}",False,
case_080,1,1,3,capls,sa3,0,0.612,0.61,True,115740,4558848,4558848,0,6537216,,,4,292138,,2.5240884741662346,"{""anneal"": true, ""anneal_seconds"": 11.255}",False,
case_080,1,1,3,capls,_best,0,0.049,0.406,True,100325,3047424,3047424,0,5025792,,,3,292138,,2.9119162721156244,"{""block_cap"": 0.35}",True,results\plans\case_080_p1_n3_capls_best.json
case_080,1,1,5,capls,c0,0,0.206,0.488,True,86640,2031616,2031616,0,4009984,,,5,292138,,3.371860572483841,"{""block_cap"": 0.35}",False,
case_080,1,1,5,capls,c1,0,0.177,0.575,True,90561,2121728,2121728,0,4100096,,,8,292138,,3.225869855677389,"{""block_cap"": 0.15}",False,
case_080,1,1,5,capls,c2,0,0.211,0.488,True,86640,2031616,2031616,0,4009984,,,5,292138,,3.371860572483841,"{""block_cap"": 0.35, ""init"": ""rr""}",False,
case_080,1,1,5,capls,c3,0,0.156,0.414,True,86030,1904640,1904640,0,3883008,,,5,292138,,3.3957689178193653,"{""block_cap"": 0.35, ""init"": ""contig""}",True,
case_080,1,1,5,capls,c4,0,0.283,0.343,True,119170,4952064,4952064,0,6930432,,,18,292138,,2.45143912058404,"{""block_cap"": 0.35, ""subgraph_mode"": ""block""}",False,
case_080,1,1,5,capls,c5,0,0.199,0.343,True,119170,4952064,4952064,0,6930432,,,18,292138,,2.45143912058404,"{""block_cap"": 0.35, ""init"": ""rr"", ""subgraph_mode"": ""block""}",False,
case_080,1,1,5,capls,c6,0,0.205,0.488,True,86640,2031616,2031616,0,4009984,,,5,292138,,3.371860572483841,"{""block_cap"": 0.6, ""comm_weight"": 1e-06}",False,
case_080,1,1,5,capls,c7,0,0.168,0.535,True,101672,2781184,2781184,0,4759552,,,12,292138,,2.8733377921158234,"{""block_cap"": 0.08}",False,
case_080,1,1,5,capls,c8,0,0.422,1.007,True,173314,8019968,8019968,0,9998336,,,14,292138,,1.6855995476418524,"{""block_cap"": 0.005}",False,
case_080,1,1,5,capls,c9,0,0.212,0.488,True,86640,2031616,2031616,0,4009984,,,5,292138,,3.371860572483841,"{""block_cap"": 0.35, ""max_ops"": 2000}",False,
case_080,1,1,5,capls,c10,0,0.129,0.565,True,99137,2801664,2793472,8192,4780032,,,4,292138,,2.946810978746583,"{""block_cap"": 0.35, ""cores_used"": 4}",False,
case_080,1,1,5,capls,c11,0,0.042,0.368,True,146880,667648,380928,286720,2646016,,,2,292138,,1.98895697167756,"{""block_cap"": 0.35, ""cores_used"": 2}",False,
case_080,1,1,5,capls,c12,0,0.206,0.488,True,86640,2031616,2031616,0,4009984,,,5,292138,,3.371860572483841,"{""block_cap"": 0.35, ""init"": ""rr"", ""level_mode"": ""alap_fill""}",False,
case_080,1,1,5,capls,c13,0,0.222,0.488,True,86640,2031616,2031616,0,4009984,,,5,292138,,3.371860572483841,"{""block_cap"": 0.35, ""init"": ""rr"", ""level_mode"": ""alap_compress""}",False,
case_080,1,1,5,capls,sa1,0,0.545,0.543,True,91597,2666496,2666496,0,4644864,,,6,292138,,3.189383931788159,"{""anneal"": true, ""anneal_seconds"": 4.911}",False,
case_080,1,1,5,capls,sa2,0,0.468,0.465,True,91597,2666496,2666496,0,4644864,,,6,292138,,3.189383931788159,"{""anneal"": true, ""anneal_seconds"": 4.911}",False,
case_080,1,1,5,capls,sa3,0,0.487,0.484,True,91913,2912256,2912256,0,4890624,,,6,292138,,3.1784187220523754,"{""anneal"": true, ""anneal_seconds"": 4.911}",False,
case_080,1,1,5,capls,_best,0,0.18,0.414,True,86030,1904640,1904640,0,3883008,,,5,292138,,3.3957689178193653,"{""block_cap"": 0.35, ""init"": ""contig""}",True,results\plans\case_080_p1_n5_capls_best.json
case_080,1,1,2,capls,c0,0,0.033,0.385,True,146880,667648,380928,286720,2646016,,,2,292138,,1.98895697167756,"{""block_cap"": 0.35}",False,
case_080,1,1,2,capls,c1,0,0.036,0.635,True,145926,2191360,1904640,286720,4169728,,,2,292138,,2.0019598974822856,"{""block_cap"": 0.15}",True,
case_080,1,1,2,capls,c2,0,0.032,0.385,True,146880,667648,380928,286720,2646016,,,2,292138,,1.98895697167756,"{""block_cap"": 0.35, ""init"": ""rr""}",False,
case_080,1,1,2,capls,c3,0,0.027,0.362,True,146880,667648,380928,286720,2646016,,,2,292138,,1.98895697167756,"{""block_cap"": 0.35, ""init"": ""contig""}",False,
case_080,1,1,2,capls,c4,0,0.032,0.343,True,146828,1904640,1904640,0,3883008,,,6,292138,,1.9896613724902608,"{""block_cap"": 0.35, ""subgraph_mode"": ""block""}",False,
case_080,1,1,2,capls,c5,0,0.034,0.343,True,146828,1904640,1904640,0,3883008,,,6,292138,,1.9896613724902608,"{""block_cap"": 0.35, ""init"": ""rr"", ""subgraph_mode"": ""block""}",False,
case_080,1,1,2,capls,c6,0,0.035,0.385,True,146880,667648,380928,286720,2646016,,,2,292138,,1.98895697167756,"{""block_cap"": 0.6, ""comm_weight"": 1e-06}",False,
case_080,1,1,2,capls,c7,0,0.042,0.635,True,145926,2191360,1904640,286720,4169728,,,2,292138,,2.0019598974822856,"{""block_cap"": 0.08}",False,
case_080,1,1,2,capls,c8,0,0.054,0.657,True,195547,5312512,5173248,139264,7290880,,,8,292138,,1.4939528604376442,"{""block_cap"": 0.005}",False,
case_080,1,1,2,capls,c9,0,0.028,0.385,True,146880,667648,380928,286720,2646016,,,2,292138,,1.98895697167756,"{""block_cap"": 0.35, ""max_ops"": 2000}",False,
case_080,1,1,2,capls,c10,0,0.019,0.574,True,292138,548864,0,548864,2527232,,,1,292138,,1.0,"{""block_cap"": 0.35, ""cores_used"": 1}",False,
case_080,1,1,2,capls,c11,0,0.012,0.574,True,292138,548864,0,548864,2527232,,,1,292138,,1.0,"{""block_cap"": 0.35, ""cores_used"": 1}",False,
case_080,1,1,2,capls,c12,0,0.024,0.385,True,146880,667648,380928,286720,2646016,,,2,292138,,1.98895697167756,"{""block_cap"": 0.35, ""init"": ""rr"", ""level_mode"": ""alap_fill""}",False,
case_080,1,1,2,capls,c13,0,0.037,0.385,True,146880,667648,380928,286720,2646016,,,2,292138,,1.98895697167756,"{""block_cap"": 0.35, ""init"": ""rr"", ""level_mode"": ""alap_compress""}",False,
case_080,1,1,2,capls,sa1,0,0.746,0.738,True,165194,4427776,4169728,258048,6406144,,,3,292138,,1.768454060074821,"{""anneal"": true, ""anneal_seconds"": 21.827}",False,
case_080,1,1,2,capls,sa2,0,0.88,0.878,True,165194,4468736,4210688,258048,6447104,,,3,292138,,1.768454060074821,"{""anneal"": true, ""anneal_seconds"": 21.827}",False,
case_080,1,1,2,capls,sa3,0,0.414,0.412,True,291133,2191360,1904640,286720,4169728,,,2,292138,,1.0034520305152628,"{""anneal"": true, ""anneal_seconds"": 21.827}",False,
case_080,1,1,2,capls,_best,0,0.042,0.635,True,145926,2191360,1904640,286720,4169728,,,2,292138,,2.0019598974822856,"{""block_cap"": 0.15}",True,results\plans\case_080_p1_n2_capls_best.json
case_081,1,1,2,capls,c0,0,0.06,2.562,True,76860,0,0,0,1741140,,,2,151795,,1.9749544626593807,"{""block_cap"": 0.35}",True,
case_081,1,1,2,capls,c1,0,0.082,2.562,True,76860,0,0,0,1741140,,,2,151795,,1.9749544626593807,"{""block_cap"": 0.15}",False,
case_081,1,1,2,capls,c2,0,0.058,2.562,True,76860,0,0,0,1741140,,,2,151795,,1.9749544626593807,"{""block_cap"": 0.35, ""init"": ""rr""}",False,
case_081,1,1,2,capls,c3,0,0.075,2.571,True,76860,0,0,0,1741140,,,2,151795,,1.9749544626593807,"{""block_cap"": 0.35, ""init"": ""contig""}",False,
case_081,1,1,2,capls,c4,0,0.072,1.92,True,86905,0,0,0,1741140,,,85,151795,,1.7466774063632702,"{""block_cap"": 0.35, ""subgraph_mode"": ""block""}",False,
case_081,1,1,2,capls,c5,0,0.056,1.92,True,86905,0,0,0,1741140,,,85,151795,,1.7466774063632702,"{""block_cap"": 0.35, ""init"": ""rr"", ""subgraph_mode"": ""block""}",False,
case_081,1,1,2,capls,c6,0,0.067,2.562,True,76860,0,0,0,1741140,,,2,151795,,1.9749544626593807,"{""block_cap"": 0.6, ""comm_weight"": 1e-06}",False,
case_081,1,1,2,capls,c7,0,0.146,2.562,True,76860,0,0,0,1741140,,,2,151795,,1.9749544626593807,"{""block_cap"": 0.08}",False,
case_081,1,1,2,capls,c8,0,0.124,2.413,True,79083,2075808,2075808,0,3816948,,,6,151795,,1.919439070343816,"{""block_cap"": 0.005}",False,
case_081,1,1,2,capls,c9,0,0.071,2.562,True,76860,0,0,0,1741140,,,2,151795,,1.9749544626593807,"{""block_cap"": 0.35, ""max_ops"": 2000}",False,
case_081,1,1,2,capls,c10,0,0.031,4.04,True,151795,0,0,0,1741140,,,1,151795,,1.0,"{""block_cap"": 0.35, ""cores_used"": 1}",False,
case_081,1,1,2,capls,c11,0,0.019,4.04,True,151795,0,0,0,1741140,,,1,151795,,1.0,"{""block_cap"": 0.35, ""cores_used"": 1}",False,
case_081,1,1,2,capls,c12,0,0.071,2.562,True,76860,0,0,0,1741140,,,2,151795,,1.9749544626593807,"{""block_cap"": 0.35, ""init"": ""rr"", ""level_mode"": ""alap_fill""}",False,
case_081,1,1,2,capls,c13,0,0.089,2.562,True,76860,0,0,0,1741140,,,2,151795,,1.9749544626593807,"{""block_cap"": 0.35, ""init"": ""rr"", ""level_mode"": ""alap_compress""}",False,
case_081,1,1,2,capls,sa1,0,3.484,3.459,True,77984,1120752,1120752,0,2861892,,,4,151795,,1.9464890233894132,"{""anneal"": true, ""anneal_seconds"": 16.644}",False,
case_081,1,1,2,capls,sa2,0,3.458,3.452,True,76860,432528,432528,0,2173668,,,3,151795,,1.9749544626593807,"{""anneal"": true, ""anneal_seconds"": 16.644}",False,
case_081,1,1,2,capls,sa3,0,3.133,3.128,True,76860,955560,955560,0,2696700,,,4,151795,,1.9749544626593807,"{""anneal"": true, ""anneal_seconds"": 16.644}",False,
case_081,1,1,2,capls,_best,0,0.08,2.562,True,76860,0,0,0,1741140,,,2,151795,,1.9749544626593807,"{""block_cap"": 0.35}",True,results\plans\case_081_p1_n2_capls_best.json
case_081,1,1,4,capls,c0,0,0.143,2.356,True,39588,0,0,0,1741140,,,4,151795,,3.834369000707285,"{""block_cap"": 0.35}",True,
case_081,1,1,4,capls,c1,0,0.225,2.356,True,39588,0,0,0,1741140,,,4,151795,,3.834369000707285,"{""block_cap"": 0.15}",False,
case_081,1,1,4,capls,c2,0,0.139,2.356,True,39588,0,0,0,1741140,,,4,151795,,3.834369000707285,"{""block_cap"": 0.35, ""init"": ""rr""}",False,
case_081,1,1,4,capls,c3,0,0.138,1.257,True,39588,0,0,0,1741140,,,4,151795,,3.834369000707285,"{""block_cap"": 0.35, ""init"": ""contig""}",False,
case_081,1,1,4,capls,c4,0,0.122,0.773,True,50323,0,0,0,1741140,,,85,151795,,3.0164139657810543,"{""block_cap"": 0.35, ""subgraph_mode"": ""block""}",False,
case_081,1,1,4,capls,c5,0,0.151,0.773,True,50323,0,0,0,1741140,,,85,151795,,3.0164139657810543,"{""block_cap"": 0.35, ""init"": ""rr"", ""subgraph_mode"": ""block""}",False,
case_081,1,1,4,capls,c6,0,0.15,2.356,True,39588,0,0,0,1741140,,,4,151795,,3.834369000707285,"{""block_cap"": 0.6, ""comm_weight"": 1e-06}",False,
case_081,1,1,4,capls,c7,0,0.157,2.356,True,39588,0,0,0,1741140,,,4,151795,,3.834369000707285,"{""block_cap"": 0.08}",False,
case_081,1,1,4,capls,c8,0,0.698,3.138,True,104105,3966798,3966798,0,5707938,,,20,151795,,1.4580951923538734,"{""block_cap"": 0.005}",False,
case_081,1,1,4,capls,c9,0,0.109,2.356,True,39588,0,0,0,1741140,,,4,151795,,3.834369000707285,"{""block_cap"": 0.35, ""max_ops"": 2000}",False,
case_081,1,1,4,capls,c10,0,0.192,1.577,True,51943,0,0,0,1741140,,,3,151795,,2.9223379473653814,"{""block_cap"": 0.35, ""cores_used"": 3}",False,
case_081,1,1,4,capls,c11,0,0.066,3.245,True,76860,0,0,0,1741140,,,2,151795,,1.9749544626593807,"{""block_cap"": 0.35, ""cores_used"": 2}",False,
case_081,1,1,4,capls,c12,0,0.149,2.356,True,39588,0,0,0,1741140,,,4,151795,,3.834369000707285,"{""block_cap"": 0.35, ""init"": ""rr"", ""level_mode"": ""alap_fill""}",False,
case_081,1,1,4,capls,c13,0,0.124,2.356,True,39588,0,0,0,1741140,,,4,151795,,3.834369000707285,"{""block_cap"": 0.35, ""init"": ""rr"", ""level_mode"": ""alap_compress""}",False,
case_081,1,1,4,capls,sa1,0,2.588,2.56,True,39588,428436,428436,0,2169576,,,6,151795,,3.834369000707285,"{""anneal"": true, ""anneal_seconds"": 9.191}",False,
case_081,1,1,4,capls,sa2,0,2.086,2.08,True,39588,213196,213196,0,1954336,,,5,151795,,3.834369000707285,"{""anneal"": true, ""anneal_seconds"": 9.191}",False,
case_081,1,1,4,capls,sa3,0,1.93,1.924,True,39588,428436,428436,0,2169576,,,6,151795,,3.834369000707285,"{""anneal"": true, ""anneal_seconds"": 9.191}",False,
case_081,1,1,4,capls,_best,0,0.139,2.356,True,39588,0,0,0,1741140,,,4,151795,,3.834369000707285,"{""block_cap"": 0.35}",True,results\plans\case_081_p1_n4_capls_best.json
case_081,1,1,3,capls,c0,0,0.139,2.632,True,51943,0,0,0,1741140,,,3,151795,,2.9223379473653814,"{""block_cap"": 0.35}",True,
case_081,1,1,3,capls,c1,0,0.116,2.632,True,51943,0,0,0,1741140,,,3,151795,,2.9223379473653814,"{""block_cap"": 0.15}",False,
case_081,1,1,3,capls,c2,0,0.127,2.632,True,51943,0,0,0,1741140,,,3,151795,,2.9223379473653814,"{""block_cap"": 0.35, ""init"": ""rr""}",False,
case_081,1,1,3,capls,c3,0,0.127,1.779,True,51943,0,0,0,1741140,,,3,151795,,2.9223379473653814,"{""block_cap"": 0.35, ""init"": ""contig""}",False,
case_081,1,1,3,capls,c4,0,0.113,0.804,True,61579,0,0,0,1741140,,,85,151795,,2.4650449016710243,"{""block_cap"": 0.35, ""subgraph_mode"": ""block""}",False,
case_081,1,1,3,capls,c5,0,0.11,0.804,True,61579,0,0,0,1741140,,,85,151795,,2.4650449016710243,"{""block_cap"": 0.35, ""init"": ""rr"", ""subgraph_mode"": ""block""}",False,
case_081,1,1,3,capls,c6,0,0.103,2.632,True,51943,0,0,0,1741140,,,3,151795,,2.9223379473653814,"{""block_cap"": 0.6, ""comm_weight"": 1e-06}",False,
case_081,1,1,3,capls,c7,0,0.096,2.632,True,51943,0,0,0,1741140,,,3,151795,,2.9223379473653814,"{""block_cap"": 0.08}",False,
case_081,1,1,3,capls,c8,0,0.664,2.923,True,78686,2132988,2132988,0,3874128,,,8,151795,,1.9291233510408459,"{""block_cap"": 0.005}",False,
case_081,1,1,3,capls,c9,0,0.117,2.632,True,51943,0,0,0,1741140,,,3,151795,,2.9223379473653814,"{""block_cap"": 0.35, ""max_ops"": 2000}",False,
case_081,1,1,3,capls,c10,0,0.084,2.494,True,76860,0,0,0,1741140,,,2,151795,,1.9749544626593807,"{""block_cap"": 0.35, ""cores_used"": 2}",False,
case_081,1,1,3,capls,c11,0,0.031,4.934,True,151795,0,0,0,1741140,,,1,151795,,1.0,"{""block_cap"": 0.35, ""cores_used"": 1}",False,
case_081,1,1,3,capls,c12,0,0.106,2.632,True,51943,0,0,0,1741140,,,3,151795,,2.9223379473653814,"{""block_cap"": 0.35, ""init"": ""rr"", ""level_mode"": ""alap_fill""}",False,
case_081,1,1,3,capls,c13,0,0.103,2.632,True,51943,0,0,0,1741140,,,3,151795,,2.9223379473653814,"{""block_cap"": 0.35, ""init"": ""rr"", ""level_mode"": ""alap_compress""}",False,
case_081,1,1,3,capls,sa1,0,2.753,2.731,True,56565,832086,832086,0,2573226,,,7,151795,,2.6835498983470343,"{""anneal"": true, ""anneal_seconds"": 12.926}",False,
case_081,1,1,3,capls,sa2,0,2.294,2.287,True,56474,831974,831974,0,2573114,,,6,151795,,2.687874065941849,"{""anneal"": true, ""anneal_seconds"": 12.926}",False,
case_081,1,1,3,capls,sa3,0,2.334,2.328,True,51943,286986,286986,0,2028126,,,4,151795,,2.9223379473653814,"{""anneal"": true, ""anneal_seconds"": 12.926}",False,
case_081,1,1,3,capls,_best,0,0.109,2.632,True,51943,0,0,0,1741140,,,3,151795,,2.9223379473653814,"{""block_cap"": 0.35}",True,results\plans\case_081_p1_n3_capls_best.json
case_082,1,1,2,capls,c0,0,0.097,1.722,True,724908,614736,614736,0,1206742,,,5,721041,,0.9946655299706997,"{""block_cap"": 0.35}",False,
case_082,1,1,2,capls,c1,0,0.166,1.966,True,715513,1072762,1072762,0,1664768,,,9,721041,,1.0077259253151236,"{""block_cap"": 0.15}",False,
case_082,1,1,2,capls,c2,0,0.096,1.218,True,734997,1425244,1425244,0,2017250,,,8,721041,,0.9810121673966016,"{""block_cap"": 0.35, ""init"": ""rr""}",False,
case_082,1,1,2,capls,c3,0,0.227,2.106,True,724830,313094,313094,0,905100,,,3,721041,,0.9947725673606225,"{""block_cap"": 0.35, ""init"": ""contig""}",False,
case_082,1,1,2,capls,c4,0,0.063,2.137,True,733418,1063962,1063962,0,1655968,,,15,721041,,0.9831242211126534,"{""block_cap"": 0.35, ""subgraph_mode"": ""block""}",False,
case_082,1,1,2,capls,c5,0,0.147,1.25,True,736118,1063962,1063962,0,1655968,,,15,721041,,0.9795182294143059,"{""block_cap"": 0.35, ""init"": ""rr"", ""subgraph_mode"": ""block""}",False,
case_082,1,1,2,capls,c6,0,0.121,1.634,True,726402,535564,535564,0,1127570,,,4,721041,,0.9926197890424311,"{""block_cap"": 0.6, ""comm_weight"": 1e-06}",False,
case_082,1,1,2,capls,c7,0,0.208,2.391,True,777008,3187922,3187922,0,3779928,,,25,721041,,0.9279711405802772,"{""block_cap"": 0.08}",False,
case_082,1,1,2,capls,c8,0,0.236,1.503,True,775472,3471316,3471316,0,4063322,,,26,721041,,0.9298092000742774,"{""block_cap"": 0.005}",False,
case_082,1,1,2,capls,c9,0,0.131,2.229,True,725190,623184,623184,0,1215190,,,6,721041,,0.9942787407438051,"{""block_cap"": 0.35, ""max_ops"": 2000}",False,
case_082,1,1,2,capls,c10,0,0.063,5.542,True,721041,0,0,0,592006,,,1,721041,,1.0,"{""block_cap"": 0.35, ""cores_used"": 1}",False,
case_082,1,1,2,capls,c11,0,0.056,5.542,True,721041,0,0,0,592006,,,1,721041,,1.0,"{""block_cap"": 0.35, ""cores_used"": 1}",False,
case_082,1,1,2,capls,c12,0,0.151,1.153,True,555835,1728108,1728108,0,2320114,,,14,721041,,1.2972212976872632,"{""block_cap"": 0.35, ""init"": ""rr"", ""level_mode"": ""alap_fill""}",False,
case_082,1,1,2,capls,c13,0,0.172,1.153,True,555835,1728108,1728108,0,2320114,,,14,721041,,1.2972212976872632,"{""block_cap"": 0.35, ""init"": ""rr"", ""level_mode"": ""alap_compress""}",False,
case_082,1,1,2,capls,sa1,0,1.324,1.318,True,509781,3016088,3016088,0,3608094,,,51,721041,,1.4144132480418061,"{""anneal"": true, ""anneal_seconds"": 3.146}",True,
case_082,1,1,2,capls,sa2,0,1.353,1.346,True,509781,3016088,3016088,0,3608094,,,52,721041,,1.4144132480418061,"{""anneal"": true, ""anneal_seconds"": 3.146}",False,
case_082,1,1,2,capls,sa3,0,1.354,1.35,True,509781,3014040,3014040,0,3606046,,,51,721041,,1.4144132480418061,"{""anneal"": true, ""anneal_seconds"": 3.146}",False,
case_082,1,1,2,capls,_best,0,,1.318,True,509781,3016088,,,,,,51,721041,,1.4144132480418061,"{""anneal"": true}",True,results\plans\case_082_p1_n2_capls_best.json
case_082,1,1,3,capls,c0,0,0.303,1.139,True,350330,1948858,1948858,0,2540864,,,27,721041,,2.05817657637085,"{""block_cap"": 0.35}",False,
case_082,1,1,3,capls,c1,0,0.246,1.139,True,350330,1948858,1948858,0,2540864,,,27,721041,,2.05817657637085,"{""block_cap"": 0.15}",False,
case_082,1,1,3,capls,c2,0,0.248,2.51,True,268232,1738500,1738500,0,2330506,,,30,721041,,2.688124459423186,"{""block_cap"": 0.35, ""init"": ""rr""}",True,
case_082,1,1,3,capls,c3,0,0.57,1.764,True,720452,121612,121612,0,713618,,,5,721041,,1.0008175423206542,"{""block_cap"": 0.35, ""init"": ""contig""}",False,
case_082,1,1,3,capls,c4,0,0.325,1.838,True,307034,3092258,3092258,0,3684264,,,177,721041,,2.3484076682061272,"{""block_cap"": 0.35, ""subgraph_mode"": ""block""}",False,
case_082,1,1,3,capls,c5,0,0.302,1.836,True,306416,3092258,3092258,0,3684264,,,177,721041,,2.35314409169234,"{""block_cap"": 0.35, ""init"": ""rr"", ""subgraph_mode"": ""block""}",False,
case_082,1,1,3,capls,c6,0,0.139,1.822,True,714978,956730,956730,0,1548736,,,9,721041,,1.0084799812022187,"{""block_cap"": 0.6, ""comm_weight"": 1e-06}",False,
case_082,1,1,3,capls,c7,0,0.574,3.233,True,580251,4229086,4229086,0,4821092,,,66,721041,,1.2426363763267965,"{""block_cap"": 0.08}",False,
case_082,1,1,3,capls,c8,0,0.403,1.654,True,574202,5122256,5122256,0,5714262,,,79,721041,,1.255727078623899,"{""block_cap"": 0.005}",False,
case_082,1,1,3,capls,c9,0,0.269,1.139,True,350330,1948858,1948858,0,2540864,,,27,721041,,2.05817657637085,"{""block_cap"": 0.35, ""max_ops"": 2000}",False,
case_082,1,1,3,capls,c10,0,0.083,1.894,True,724908,614736,614736,0,1206742,,,5,721041,,0.9946655299706997,"{""block_cap"": 0.35, ""cores_used"": 2}",False,
case_082,1,1,3,capls,c11,0,0.07,4.545,True,721041,0,0,0,592006,,,1,721041,,1.0,"{""block_cap"": 0.35, ""cores_used"": 1}",False,
case_082,1,1,3,capls,c12,0,0.329,2.51,True,268232,1738500,1738500,0,2330506,,,30,721041,,2.688124459423186,"{""block_cap"": 0.35, ""init"": ""rr"", ""level_mode"": ""alap_fill""}",False,
case_082,1,1,3,capls,c13,0,0.461,2.51,True,268232,1738500,1738500,0,2330506,,,30,721041,,2.688124459423186,"{""block_cap"": 0.35, ""init"": ""rr"", ""level_mode"": ""alap_compress""}",False,
case_082,1,1,3,capls,sa1,0,0.985,0.963,True,268232,1738500,1738500,0,2330506,,,31,721041,,2.688124459423186,"{""anneal"": true, ""anneal_seconds"": 1.754}",False,
case_082,1,1,3,capls,sa2,0,1.379,1.376,True,268232,1841028,1841028,0,2433034,,,32,721041,,2.688124459423186,"{""anneal"": true, ""anneal_seconds"": 1.754}",False,
case_082,1,1,3,capls,sa3,0,1.43,1.425,True,268290,1853444,1853444,0,2445450,,,33,721041,,2.6875433299787543,"{""anneal"": true, ""anneal_seconds"": 1.754}",False,
case_082,1,1,3,capls,_best,0,0.307,2.51,True,268232,1738500,1738500,0,2330506,,,30,721041,,2.688124459423186,"{""block_cap"": 0.35, ""init"": ""rr""}",True,results\plans\case_082_p1_n3_capls_best.json
case_081,1,1,5,capls,c0,0,0.168,1.203,True,30943,0,0,0,1741140,,,5,151795,,4.905632937982743,"{""block_cap"": 0.35}",True,
case_081,1,1,5,capls,c1,0,0.162,1.203,True,30943,0,0,0,1741140,,,5,151795,,4.905632937982743,"{""block_cap"": 0.15}",False,
case_081,1,1,5,capls,c2,0,0.171,1.203,True,30943,0,0,0,1741140,,,5,151795,,4.905632937982743,"{""block_cap"": 0.35, ""init"": ""rr""}",False,
case_081,1,1,5,capls,c3,0,0.16,1.936,True,30943,0,0,0,1741140,,,5,151795,,4.905632937982743,"{""block_cap"": 0.35, ""init"": ""contig""}",False,
case_081,1,1,5,capls,c4,0,0.288,0.796,True,42111,0,0,0,1741140,,,85,151795,,3.6046401177839518,"{""block_cap"": 0.35, ""subgraph_mode"": ""block""}",False,
case_081,1,1,5,capls,c5,0,0.137,0.796,True,42111,0,0,0,1741140,,,85,151795,,3.6046401177839518,"{""block_cap"": 0.35, ""init"": ""rr"", ""subgraph_mode"": ""block""}",False,
case_081,1,1,5,capls,c6,0,0.135,1.203,True,30943,0,0,0,1741140,,,5,151795,,4.905632937982743,"{""block_cap"": 0.6, ""comm_weight"": 1e-06}",False,
case_081,1,1,5,capls,c7,0,0.112,1.203,True,30943,0,0,0,1741140,,,5,151795,,4.905632937982743,"{""block_cap"": 0.08}",False,
case_081,1,1,5,capls,c8,0,0.372,2.571,True,94632,3555346,3555346,0,5296486,,,20,151795,,1.6040557105418887,"{""block_cap"": 0.005}",False,
case_081,1,1,5,capls,c9,0,0.177,1.203,True,30943,0,0,0,1741140,,,5,151795,,4.905632937982743,"{""block_cap"": 0.35, ""max_ops"": 2000}",False,
case_081,1,1,5,capls,c10,0,0.137,1.294,True,39588,0,0,0,1741140,,,4,151795,,3.834369000707285,"{""block_cap"": 0.35, ""cores_used"": 4}",False,
case_081,1,1,5,capls,c11,0,0.059,3.373,True,76860,0,0,0,1741140,,,2,151795,,1.9749544626593807,"{""block_cap"": 0.35, ""cores_used"": 2}",False,
case_081,1,1,5,capls,c12,0,0.157,1.203,True,30943,0,0,0,1741140,,,5,151795,,4.905632937982743,"{""block_cap"": 0.35, ""init"": ""rr"", ""level_mode"": ""alap_fill""}",False,
case_081,1,1,5,capls,c13,0,0.148,1.203,True,30943,0,0,0,1741140,,,5,151795,,4.905632937982743,"{""block_cap"": 0.35, ""init"": ""rr"", ""level_mode"": ""alap_compress""}",False,
case_081,1,1,5,capls,sa1,0,1.649,1.643,True,40601,172198,172198,0,1913338,,,6,151795,,3.7387010172163246,"{""anneal"": true, ""anneal_seconds"": 12.443}",False,
case_081,1,1,5,capls,sa2,0,1.69,1.683,True,40634,174242,174242,0,1915382,,,6,151795,,3.7356647142786827,"{""anneal"": true, ""anneal_seconds"": 12.443}",False,
case_081,1,1,5,capls,sa3,0,1.614,1.607,True,40634,174242,174242,0,1915382,,,6,151795,,3.7356647142786827,"{""anneal"": true, ""anneal_seconds"": 12.443}",False,
case_081,1,1,5,capls,_best,0,0.315,1.203,True,30943,0,0,0,1741140,,,5,151795,,4.905632937982743,"{""block_cap"": 0.35}",True,results\plans\case_081_p1_n5_capls_best.json
case_083,1,1,2,capls,c0,0,0.1,3.974,True,644672,14241216,930400,13310816,15679520,,,2,1057993,,1.6411337858631987,"{""block_cap"": 0.35}",False,
case_083,1,1,2,capls,c1,0,0.062,3.974,True,644672,14241216,930400,13310816,15679520,,,2,1057993,,1.6411337858631987,"{""block_cap"": 0.15}",False,
case_083,1,1,2,capls,c2,0,0.073,3.974,True,644672,14241216,930400,13310816,15679520,,,2,1057993,,1.6411337858631987,"{""block_cap"": 0.35, ""init"": ""rr""}",False,
case_083,1,1,2,capls,c3,0,0.081,3.018,True,644672,14241216,930400,13310816,15679520,,,2,1057993,,1.6411337858631987,"{""block_cap"": 0.35, ""init"": ""contig""}",False,
case_083,1,1,2,capls,c4,0,0.081,0.892,True,624895,27912000,27912000,0,29350304,,,31,1057993,,1.693073236303699,"{""block_cap"": 0.35, ""subgraph_mode"": ""block""}",False,
case_083,1,1,2,capls,c5,0,0.085,0.892,True,624895,27912000,27912000,0,29350304,,,31,1057993,,1.693073236303699,"{""block_cap"": 0.35, ""init"": ""rr"", ""subgraph_mode"": ""block""}",False,
case_083,1,1,2,capls,c6,0,0.089,3.974,True,644672,14241216,930400,13310816,15679520,,,2,1057993,,1.6411337858631987,"{""block_cap"": 0.6, ""comm_weight"": 1e-06}",False,
case_083,1,1,2,capls,c7,0,0.219,3.974,True,644672,14241216,930400,13310816,15679520,,,2,1057993,,1.6411337858631987,"{""block_cap"": 0.08}",False,
case_083,1,1,2,capls,c8,0,0.13,0.93,True,637672,4900064,4900064,0,6338368,,,35,1057993,,1.6591492177796736,"{""block_cap"": 0.005}",False,
case_083,1,1,2,capls,c9,0,0.078,3.974,True,644672,14241216,930400,13310816,15679520,,,2,1057993,,1.6411337858631987,"{""block_cap"": 0.35, ""max_ops"": 2000}",False,
case_083,1,1,2,capls,c10,0,0.039,5.995,True,1057993,13934688,0,13934688,15372992,,,1,1057993,,1.0,"{""block_cap"": 0.35, ""cores_used"": 1}",False,
case_083,1,1,2,capls,c11,0,0.044,5.995,True,1057993,13934688,0,13934688,15372992,,,1,1057993,,1.0,"{""block_cap"": 0.35, ""cores_used"": 1}",False,
case_083,1,1,2,capls,c12,0,0.104,3.974,True,644672,14241216,930400,13310816,15679520,,,2,1057993,,1.6411337858631987,"{""block_cap"": 0.35, ""init"": ""rr"", ""level_mode"": ""alap_fill""}",False,
case_083,1,1,2,capls,c13,0,0.091,3.974,True,644672,14241216,930400,13310816,15679520,,,2,1057993,,1.6411337858631987,"{""block_cap"": 0.35, ""init"": ""rr"", ""level_mode"": ""alap_compress""}",False,
case_083,1,1,2,capls,sa1,0,1.315,1.294,True,546457,21622240,17428896,4193344,23060544,,,27,1057993,,1.9360956122805637,"{""anneal"": true, ""anneal_seconds"": 3.028}",False,
case_083,1,1,2,capls,sa2,0,1.279,1.274,True,552219,21707104,17513760,4193344,23145408,,,28,1057993,,1.9158938754371002,"{""anneal"": true, ""anneal_seconds"": 3.028}",False,
case_083,1,1,2,capls,sa3,0,0.94,0.935,True,542602,21362560,17494432,3868128,22800864,,,28,1057993,,1.9498509036089067,"{""anneal"": true, ""anneal_seconds"": 3.028}",True,
case_083,1,1,2,capls,_best,0,,0.935,True,542602,21362560,,,,,,28,1057993,,1.9498509036089067,"{""anneal"": true}",True,results\plans\case_083_p1_n2_capls_best.json
case_082,1,1,4,capls,c0,0,0.341,2.525,True,289538,2358678,2358678,0,2950684,,,36,721041,,2.490315606241668,"{""block_cap"": 0.35}",False,
case_082,1,1,4,capls,c1,0,0.459,2.126,True,431466,5358374,5358374,0,5950380,,,125,721041,,1.6711421062146263,"{""block_cap"": 0.15}",False,
case_082,1,1,4,capls,c2,0,0.415,1.451,True,261872,2413348,2413348,0,3005354,,,36,721041,,2.7534100629315086,"{""block_cap"": 0.35, ""init"": ""rr""}",False,
case_082,1,1,4,capls,c3,0,0.406,1.394,True,627096,1513382,1513382,0,2105388,,,14,721041,,1.1498095985303685,"{""block_cap"": 0.35, ""init"": ""contig""}",False,
case_082,1,1,4,capls,c4,0,0.426,1.793,True,306987,3092258,3092258,0,3684264,,,177,721041,,2.348767211640884,"{""block_cap"": 0.35, ""subgraph_mode"": ""block""}",False,
case_082,1,1,4,capls,c5,0,0.417,3.266,True,284934,3092258,3092258,0,3684264,,,177,721041,,2.530554444187075,"{""block_cap"": 0.35, ""init"": ""rr"", ""subgraph_mode"": ""block""}",False,
case_082,1,1,4,capls,c6,0,0.46,1.861,True,714329,847028,847028,0,1439034,,,10,721041,,1.0093962305884263,"{""block_cap"": 0.6, ""comm_weight"": 1e-06}",False,
case_082,1,1,4,capls,c7,0,0.503,2.126,True,431466,5358374,5358374,0,5950380,,,125,721041,,1.6711421062146263,"{""block_cap"": 0.08}",False,
case_082,1,1,4,capls,c8,0,0.527,2.05,True,461897,6897500,6897500,0,7489506,,,142,721041,,1.5610428298949766,"{""block_cap"": 0.005}",False,
case_082,1,1,4,capls,c9,0,0.456,2.525,True,289538,2358678,2358678,0,2950684,,,36,721041,,2.490315606241668,"{""block_cap"": 0.35, ""max_ops"": 2000}",False,
case_082,1,1,4,capls,c10,0,0.22,1.472,True,350330,1948858,1948858,0,2540864,,,27,721041,,2.05817657637085,"{""block_cap"": 0.35, ""cores_used"": 3}",False,
case_082,1,1,4,capls,c11,0,0.091,3.188,True,724908,614736,614736,0,1206742,,,5,721041,,0.9946655299706997,"{""block_cap"": 0.35, ""cores_used"": 2}",False,
case_082,1,1,4,capls,c12,0,0.497,1.212,True,259204,2444580,2444580,0,3036586,,,36,721041,,2.7817510532244873,"{""block_cap"": 0.35, ""init"": ""rr"", ""level_mode"": ""alap_fill""}",True,
case_082,1,1,4,capls,c13,0,0.423,1.212,True,259204,2444580,2444580,0,3036586,,,36,721041,,2.7817510532244873,"{""block_cap"": 0.35, ""init"": ""rr"", ""level_mode"": ""alap_compress""}",False,
case_082,1,1,4,capls,sa1,0,2.114,2.11,True,259820,3959698,3959698,0,4551704,,,173,721041,,2.7751558771457163,"{""anneal"": true, ""anneal_seconds"": 2.784}",False,
case_082,1,1,4,capls,sa2,0,1.962,1.958,True,259820,3955602,3955602,0,4547608,,,172,721041,,2.7751558771457163,"{""anneal"": true, ""anneal_seconds"": 2.784}",False,
case_082,1,1,4,capls,sa3,0,2.243,2.239,True,259890,3955474,3955474,0,4547480,,,171,721041,,2.7744084035553502,"{""anneal"": true, ""anneal_seconds"": 2.784}",False,
case_082,1,1,4,capls,_best,0,0.441,1.212,True,259204,2444580,2444580,0,3036586,,,36,721041,,2.7817510532244873,"{""block_cap"": 0.35, ""init"": ""rr"", ""level_mode"": ""alap_fill""}",True,results\plans\case_082_p1_n4_capls_best.json
case_082,1,1,5,capls,c0,0,0.319,1.561,True,278922,2701868,2701868,0,3293874,,,50,721041,,2.5850990599522445,"{""block_cap"": 0.35}",False,
case_082,1,1,5,capls,c1,0,1.034,2.022,True,386490,5696600,5696600,0,6288606,,,133,721041,,1.8656135993169294,"{""block_cap"": 0.15}",False,
case_082,1,1,5,capls,c2,0,0.568,1.754,True,229394,2616512,2616512,0,3208518,,,50,721041,,3.1432426305831886,"{""block_cap"": 0.35, ""init"": ""rr""}",False,
case_082,1,1,5,capls,c3,0,0.552,2.149,True,653802,898464,898464,0,1490470,,,13,721041,,1.1028430625785788,"{""block_cap"": 0.35, ""init"": ""contig""}",False,
case_082,1,1,5,capls,c4,0,0.33,1.443,True,281175,3092258,3092258,0,3684264,,,177,721041,,2.564385169378501,"{""block_cap"": 0.35, ""subgraph_mode"": ""block""}",False,
case_082,1,1,5,capls,c5,0,0.512,1.409,True,275081,3092258,3092258,0,3684264,,,177,721041,,2.621195211592222,"{""block_cap"": 0.35, ""init"": ""rr"", ""subgraph_mode"": ""block""}",False,
case_082,1,1,5,capls,c6,0,0.519,1.338,True,276511,2724108,2724108,0,3316114,,,50,721041,,2.6076394790803983,"{""block_cap"": 0.6, ""comm_weight"": 1e-06}",False,
case_082,1,1,5,capls,c7,0,1.193,2.022,True,386490,5696600,5696600,0,6288606,,,133,721041,,1.8656135993169294,"{""block_cap"": 0.08}",False,
case_082,1,1,5,capls,c8,0,1.16,3.349,True,435526,6751714,6751714,0,7343720,,,184,721041,,1.6555636173270942,"{""block_cap"": 0.005}",False,
case_082,1,1,5,capls,c9,0,0.314,1.561,True,278922,2701868,2701868,0,3293874,,,50,721041,,2.5850990599522445,"{""block_cap"": 0.35, ""max_ops"": 2000}",False,
case_082,1,1,5,capls,c10,0,0.442,1.438,True,289538,2358678,2358678,0,2950684,,,36,721041,,2.490315606241668,"{""block_cap"": 0.35, ""cores_used"": 4}",False,
case_082,1,1,5,capls,c11,0,0.107,1.691,True,724908,614736,614736,0,1206742,,,5,721041,,0.9946655299706997,"{""block_cap"": 0.35, ""cores_used"": 2}",False,
case_082,1,1,5,capls,c12,0,0.572,1.303,True,229246,2616644,2616644,0,3208650,,,50,721041,,3.1452718913307103,"{""block_cap"": 0.35, ""init"": ""rr"", ""level_mode"": ""alap_fill""}",False,
case_082,1,1,5,capls,c13,0,0.432,1.303,True,229246,2616644,2616644,0,3208650,,,50,721041,,3.1452718913307103,"{""block_cap"": 0.35, ""init"": ""rr"", ""level_mode"": ""alap_compress""}",False,
case_082,1,1,5,capls,sa1,0,1.341,1.337,True,228129,2727492,2727492,0,3319498,,,52,721041,,3.1606722512262797,"{""anneal"": true, ""anneal_seconds"": 2.21}",False,
case_082,1,1,5,capls,sa2,0,1.159,1.155,True,228060,2719172,2719172,0,3311178,,,51,721041,,3.161628518810839,"{""anneal"": true, ""anneal_seconds"": 2.21}",True,
case_082,1,1,5,capls,sa3,0,1.387,1.381,True,228194,2727492,2727492,0,3319498,,,52,721041,,3.159771948429845,"{""anneal"": true, ""anneal_seconds"": 2.21}",False,
case_082,1,1,5,capls,_best,0,,1.155,True,228060,2719172,,,,,,51,721041,,3.161628518810839,"{""anneal"": true}",True,results\plans\case_082_p1_n5_capls_best.json
case_083,1,1,5,capls,c0,0,0.199,1.176,True,442480,15058048,3721600,11336448,16496352,,,5,1057993,,2.3910527029470257,"{""block_cap"": 0.35}",False,
case_083,1,1,5,capls,c1,0,0.551,1.116,True,472155,11537280,11537280,0,12975584,,,95,1057993,,2.24077474558143,"{""block_cap"": 0.15}",False,
case_083,1,1,5,capls,c2,0,0.217,1.176,True,442480,15058048,3721600,11336448,16496352,,,5,1057993,,2.3910527029470257,"{""block_cap"": 0.35, ""init"": ""rr""}",False,
case_083,1,1,5,capls,c3,0,0.318,1.884,True,442480,15058048,3721600,11336448,16496352,,,5,1057993,,2.3910527029470257,"{""block_cap"": 0.35, ""init"": ""contig""}",False,
case_083,1,1,5,capls,c4,0,0.239,0.823,True,542671,27912000,27912000,0,29350304,,,31,1057993,,1.949602982285768,"{""block_cap"": 0.35, ""subgraph_mode"": ""block""}",False,
case_083,1,1,5,capls,c5,0,0.219,0.823,True,542671,27912000,27912000,0,29350304,,,31,1057993,,1.949602982285768,"{""block_cap"": 0.35, ""init"": ""rr"", ""subgraph_mode"": ""block""}",False,
case_083,1,1,5,capls,c6,0,0.227,1.176,True,442480,15058048,3721600,11336448,16496352,,,5,1057993,,2.3910527029470257,"{""block_cap"": 0.6, ""comm_weight"": 1e-06}",False,
case_083,1,1,5,capls,c7,0,0.491,1.116,True,472155,11537280,11537280,0,12975584,,,95,1057993,,2.24077474558143,"{""block_cap"": 0.08}",False,
case_083,1,1,5,capls,c8,0,0.786,1.556,True,537721,14094016,14094016,0,15532320,,,145,1057993,,1.967550086383087,"{""block_cap"": 0.005}",False,
case_083,1,1,5,capls,c9,0,0.147,1.176,True,442480,15058048,3721600,11336448,16496352,,,5,1057993,,2.3910527029470257,"{""block_cap"": 0.35, ""max_ops"": 2000}",False,
case_083,1,1,5,capls,c10,0,0.15,1.662,True,450029,14977600,2791200,12186400,16415904,,,4,1057993,,2.350944050272316,"{""block_cap"": 0.35, ""cores_used"": 4}",False,
case_083,1,1,5,capls,c11,0,0.093,3.447,True,644672,14241216,930400,13310816,15679520,,,2,1057993,,1.6411337858631987,"{""block_cap"": 0.35, ""cores_used"": 2}",False,
case_083,1,1,5,capls,c12,0,0.193,1.176,True,442480,15058048,3721600,11336448,16496352,,,5,1057993,,2.3910527029470257,"{""block_cap"": 0.35, ""init"": ""rr"", ""level_mode"": ""alap_fill""}",False,
case_083,1,1,5,capls,c13,0,0.157,1.176,True,442480,15058048,3721600,11336448,16496352,,,5,1057993,,2.3910527029470257,"{""block_cap"": 0.35, ""init"": ""rr"", ""level_mode"": ""alap_compress""}",False,
case_083,1,1,5,capls,sa1,0,1.661,1.647,True,406562,13612288,3918208,9694080,15050592,,,6,1057993,,2.6022919013582184,"{""anneal"": true, ""anneal_seconds"": 1.54}",False,
case_083,1,1,5,capls,sa2,0,1.274,1.269,True,344254,10720768,4311424,6409344,12159072,,,8,1057993,,3.0732918136027467,"{""anneal"": true, ""anneal_seconds"": 1.54}",True,
case_083,1,1,5,capls,sa3,0,1.619,1.614,True,364840,12166528,4114816,8051712,13604832,,,7,1057993,,2.8998821401162154,"{""anneal"": true, ""anneal_seconds"": 1.54}",False,
case_083,1,1,5,capls,_best,0,,1.269,True,344254,10720768,,,,,,8,1057993,,3.0732918136027467,"{""anneal"": true}",True,results\plans\case_083_p1_n5_capls_best.json
case_083,1,1,3,capls,c0,0,0.137,2.67,True,512623,14842752,1860800,12981952,16281056,,,3,1057993,,2.0638812538649263,"{""block_cap"": 0.35}",False,
case_083,1,1,3,capls,c1,0,0.084,2.67,True,512623,14842752,1860800,12981952,16281056,,,3,1057993,,2.0638812538649263,"{""block_cap"": 0.15}",False,
case_083,1,1,3,capls,c2,0,0.106,2.67,True,512623,14842752,1860800,12981952,16281056,,,3,1057993,,2.0638812538649263,"{""block_cap"": 0.35, ""init"": ""rr""}",False,
case_083,1,1,3,capls,c3,0,0.273,1.838,True,512623,14842752,1860800,12981952,16281056,,,3,1057993,,2.0638812538649263,"{""block_cap"": 0.35, ""init"": ""contig""}",False,
case_083,1,1,3,capls,c4,0,0.116,0.909,True,579215,27912000,27912000,0,29350304,,,31,1057993,,1.8265980680748946,"{""block_cap"": 0.35, ""subgraph_mode"": ""block""}",False,
case_083,1,1,3,capls,c5,0,0.108,0.909,True,579215,27912000,27912000,0,29350304,,,31,1057993,,1.8265980680748946,"{""block_cap"": 0.35, ""init"": ""rr"", ""subgraph_mode"": ""block""}",False,
case_083,1,1,3,capls,c6,0,0.126,2.67,True,512623,14842752,1860800,12981952,16281056,,,3,1057993,,2.0638812538649263,"{""block_cap"": 0.6, ""comm_weight"": 1e-06}",False,
case_083,1,1,3,capls,c7,0,0.298,0.966,True,637766,6415296,6415296,0,7853600,,,48,1057993,,1.6589046766368856,"{""block_cap"": 0.08}",False,
case_083,1,1,3,capls,c8,0,0.23,1.712,True,584280,6724672,6724672,0,8162976,,,50,1057993,,1.8107636749503662,"{""block_cap"": 0.005}",False,
case_083,1,1,3,capls,c9,0,0.128,2.67,True,512623,14842752,1860800,12981952,16281056,,,3,1057993,,2.0638812538649263,"{""block_cap"": 0.35, ""max_ops"": 2000}",False,
case_083,1,1,3,capls,c10,0,0.087,2.982,True,644672,14241216,930400,13310816,15679520,,,2,1057993,,1.6411337858631987,"{""block_cap"": 0.35, ""cores_used"": 2}",False,
case_083,1,1,3,capls,c11,0,0.036,5.504,True,1057993,13934688,0,13934688,15372992,,,1,1057993,,1.0,"{""block_cap"": 0.35, ""cores_used"": 1}",False,
case_083,1,1,3,capls,c12,0,0.118,2.67,True,512623,14842752,1860800,12981952,16281056,,,3,1057993,,2.0638812538649263,"{""block_cap"": 0.35, ""init"": ""rr"", ""level_mode"": ""alap_fill""}",False,
case_083,1,1,3,capls,c13,0,0.093,2.67,True,512623,14842752,1860800,12981952,16281056,,,3,1057993,,2.0638812538649263,"{""block_cap"": 0.35, ""init"": ""rr"", ""level_mode"": ""alap_compress""}",False,
case_083,1,1,3,capls,sa1,0,2.193,2.19,True,455692,11942752,2188480,9754272,13381056,,,4,1057993,,2.321728272605181,"{""anneal"": true, ""anneal_seconds"": 4.265}",False,
case_083,1,1,3,capls,sa2,0,2.36,2.357,True,455692,11942752,2188480,9754272,13381056,,,4,1057993,,2.321728272605181,"{""anneal"": true, ""anneal_seconds"": 4.265}",False,
case_083,1,1,3,capls,sa3,0,2.281,2.276,True,404888,11005760,2698432,8307328,12444064,,,10,1057993,,2.613051016577424,"{""anneal"": true, ""anneal_seconds"": 4.265}",True,
case_083,1,1,3,capls,_best,0,,2.276,True,404888,11005760,,,,,,10,1057993,,2.613051016577424,"{""anneal"": true}",True,results\plans\case_083_p1_n3_capls_best.json
case_083,1,1,4,capls,c0,0,0.159,1.541,True,450029,14977600,2791200,12186400,16415904,,,4,1057993,,2.350944050272316,"{""block_cap"": 0.35}",False,
case_083,1,1,4,capls,c1,0,0.164,1.541,True,450029,14977600,2791200,12186400,16415904,,,4,1057993,,2.350944050272316,"{""block_cap"": 0.15}",False,
case_083,1,1,4,capls,c2,0,0.256,1.541,True,450029,14977600,2791200,12186400,16415904,,,4,1057993,,2.350944050272316,"{""block_cap"": 0.35, ""init"": ""rr""}",False,
case_083,1,1,4,capls,c3,0,0.179,1.447,True,450029,14977600,2791200,12186400,16415904,,,4,1057993,,2.350944050272316,"{""block_cap"": 0.35, ""init"": ""contig""}",False,
case_083,1,1,4,capls,c4,0,0.165,1.717,True,547412,27912000,27912000,0,29350304,,,31,1057993,,1.9327179528399085,"{""block_cap"": 0.35, ""subgraph_mode"": ""block""}",False,
case_083,1,1,4,capls,c5,0,0.164,1.717,True,547412,27912000,27912000,0,29350304,,,31,1057993,,1.9327179528399085,"{""block_cap"": 0.35, ""init"": ""rr"", ""subgraph_mode"": ""block""}",False,
case_083,1,1,4,capls,c6,0,0.162,1.541,True,450029,14977600,2791200,12186400,16415904,,,4,1057993,,2.350944050272316,"{""block_cap"": 0.6, ""comm_weight"": 1e-06}",False,
case_083,1,1,4,capls,c7,0,0.271,1.096,True,496808,9185632,9185632,0,10623936,,,77,1057993,,2.1295812466787973,"{""block_cap"": 0.08}",False,
case_083,1,1,4,capls,c8,0,0.354,1.328,True,524056,11401888,11401888,0,12840192,,,100,1057993,,2.018854855206314,"{""block_cap"": 0.005}",False,
case_083,1,1,4,capls,c9,0,0.178,1.541,True,450029,14977600,2791200,12186400,16415904,,,4,1057993,,2.350944050272316,"{""block_cap"": 0.35, ""max_ops"": 2000}",False,
case_083,1,1,4,capls,c10,0,0.125,1.875,True,512623,14842752,1860800,12981952,16281056,,,3,1057993,,2.0638812538649263,"{""block_cap"": 0.35, ""cores_used"": 3}",False,
case_083,1,1,4,capls,c11,0,0.157,3.79,True,644672,14241216,930400,13310816,15679520,,,2,1057993,,1.6411337858631987,"{""block_cap"": 0.35, ""cores_used"": 2}",False,
case_083,1,1,4,capls,c12,0,0.179,1.541,True,450029,14977600,2791200,12186400,16415904,,,4,1057993,,2.350944050272316,"{""block_cap"": 0.35, ""init"": ""rr"", ""level_mode"": ""alap_fill""}",False,
case_083,1,1,4,capls,c13,0,0.209,1.541,True,450029,14977600,2791200,12186400,16415904,,,4,1057993,,2.350944050272316,"{""block_cap"": 0.35, ""init"": ""rr"", ""level_mode"": ""alap_compress""}",False,
case_083,1,1,4,capls,sa1,0,1.875,1.854,True,395632,12578112,3049248,9528864,14016416,,,6,1057993,,2.674184595785983,"{""anneal"": true, ""anneal_seconds"": 6.529}",True,
case_083,1,1,4,capls,sa2,0,2.046,2.04,True,398737,12648768,3119904,9528864,14087072,,,9,1057993,,2.653360485733704,"{""anneal"": true, ""anneal_seconds"": 6.529}",False,
case_083,1,1,4,capls,sa3,0,2.136,2.13,True,407640,13182272,3020576,10161696,14620576,,,5,1057993,,2.595410165832597,"{""anneal"": true, ""anneal_seconds"": 6.529}",False,
case_083,1,1,4,capls,_best,0,,1.854,True,395632,12578112,,,,,,6,1057993,,2.674184595785983,"{""anneal"": true}",True,results\plans\case_083_p1_n4_capls_best.json
case_072,1,1,4,capls,c2,0,0.029,993.159,True,6050241,122490928,26566656,95924272,133594112,,,4,23897828,,3.949896871876674,"{""block_cap"": 0.35, ""init"": ""rr"", ""proxy_fallback"": true}",False,
case_072,1,1,4,capls,sa1,0,433.569,433.4,True,5990192,123454612,26745404,96709208,134557796,,,5,23897828,,3.9894928242700733,"{""anneal"": true, ""anneal_seconds"": 14.083}",True,results\plans\case_072_p1_n4_capls_best.json
case_084,1,1,4,capls,c0,0,0.533,18.116,True,629028,0,0,0,13236330,,,4,2507412,,3.986169137144928,"{""block_cap"": 0.35}",True,
case_084,1,1,4,capls,c1,0,0.275,18.116,True,629028,0,0,0,13236330,,,4,2507412,,3.986169137144928,"{""block_cap"": 0.15}",False,
case_084,1,1,4,capls,c2,0,0.434,18.116,True,629028,0,0,0,13236330,,,4,2507412,,3.986169137144928,"{""block_cap"": 0.35, ""init"": ""rr""}",False,
case_084,1,1,4,capls,c3,0,0.331,12.753,True,629028,0,0,0,13236330,,,4,2507412,,3.986169137144928,"{""block_cap"": 0.35, ""init"": ""contig""}",False,
case_084,1,1,4,capls,c4,0,0.298,15.325,True,823472,0,0,0,13236330,,,1077,2507412,,3.0449268463287154,"{""block_cap"": 0.35, ""subgraph_mode"": ""block""}",False,
case_084,1,1,4,capls,c5,0,0.487,15.325,True,823472,0,0,0,13236330,,,1077,2507412,,3.0449268463287154,"{""block_cap"": 0.35, ""init"": ""rr"", ""subgraph_mode"": ""block""}",False,
case_084,1,1,4,capls,c6,0,0.26,18.116,True,629028,0,0,0,13236330,,,4,2507412,,3.986169137144928,"{""block_cap"": 0.6, ""comm_weight"": 1e-06}",False,
case_084,1,1,4,capls,c7,0,0.327,18.116,True,629028,0,0,0,13236330,,,4,2507412,,3.986169137144928,"{""block_cap"": 0.08}",False,
case_084,1,1,4,capls,sa1,0,17.938,17.872,True,629028,2479104,2479104,0,15715434,,,5,2507412,,3.986169137144928,"{""anneal"": true, ""anneal_seconds"": 46.39}",False,
case_084,1,1,4,capls,sa2,0,19.178,19.164,True,629028,2479104,2479104,0,15715434,,,5,2507412,,3.986169137144928,"{""anneal"": true, ""anneal_seconds"": 46.39}",False,
case_084,1,1,4,capls,sa3,0,17.525,17.51,True,629028,2479104,2479104,0,15715434,,,5,2507412,,3.986169137144928,"{""anneal"": true, ""anneal_seconds"": 46.39}",False,
case_084,1,1,4,capls,_best,0,0.178,18.116,True,629028,0,0,0,13236330,,,4,2507412,,3.986169137144928,"{""block_cap"": 0.35}",True,results\plans\case_084_p1_n4_capls_best.json
case_072,1,1,5,capls,c0,0,0.03,934.388,True,4822195,130109488,35422208,94687280,141212672,,,5,23897828,,4.955798759693459,"{""block_cap"": 0.35, ""proxy_fallback"": true}",True,results\plans\case_072_p1_n5_capls_best.json
case_072,1,1,5,capls,sa1,0,456.103,455.972,True,4846336,129993032,35567848,94425184,141096216,,,6,23897828,,4.931112494057366,"{""anneal"": true, ""anneal_seconds"": 19.181}",False,
case_084,1,1,3,capls,c0,0,0.252,23.933,True,836220,0,0,0,13236330,,,3,2507412,,2.998507569778288,"{""block_cap"": 0.35}",False,
case_084,1,1,3,capls,c1,0,0.452,23.933,True,836220,0,0,0,13236330,,,3,2507412,,2.998507569778288,"{""block_cap"": 0.15}",False,
case_084,1,1,3,capls,c2,0,0.249,23.933,True,836220,0,0,0,13236330,,,3,2507412,,2.998507569778288,"{""block_cap"": 0.35, ""init"": ""rr""}",False,
case_084,1,1,3,capls,c3,0,0.384,17.741,True,836220,0,0,0,13236330,,,3,2507412,,2.998507569778288,"{""block_cap"": 0.35, ""init"": ""contig""}",False,
case_084,1,1,3,capls,c4,0,0.233,15.266,True,1039564,0,0,0,13236330,,,1077,2507412,,2.411984254937647,"{""block_cap"": 0.35, ""subgraph_mode"": ""block""}",False,
case_084,1,1,3,capls,c5,0,0.232,15.266,True,1039564,0,0,0,13236330,,,1077,2507412,,2.411984254937647,"{""block_cap"": 0.35, ""init"": ""rr"", ""subgraph_mode"": ""block""}",False,
case_084,1,1,3,capls,c6,0,0.442,23.933,True,836220,0,0,0,13236330,,,3,2507412,,2.998507569778288,"{""block_cap"": 0.6, ""comm_weight"": 1e-06}",False,
case_084,1,1,3,capls,c7,0,0.279,23.933,True,836220,0,0,0,13236330,,,3,2507412,,2.998507569778288,"{""block_cap"": 0.08}",False,
case_084,1,1,3,capls,sa1,0,24.721,24.657,True,836168,3308544,3308544,0,16544874,,,4,2507412,,2.9986940423455573,"{""anneal"": true, ""anneal_seconds"": 74.624}",True,
case_084,1,1,3,capls,sa2,0,23.138,23.125,True,836168,3308544,3308544,0,16544874,,,4,2507412,,2.9986940423455573,"{""anneal"": true, ""anneal_seconds"": 74.624}",False,
case_084,1,1,3,capls,sa3,0,21.999,21.982,True,836168,3308544,3308544,0,16544874,,,4,2507412,,2.9986940423455573,"{""anneal"": true, ""anneal_seconds"": 74.624}",False,
case_084,1,1,3,capls,_best,0,,24.657,True,836168,3308544,,,,,,4,2507412,,2.9986940423455573,"{""anneal"": true}",True,results\plans\case_084_p1_n3_capls_best.json
case_084,1,1,5,capls,c0,0,0.393,13.589,True,503472,0,0,0,13236330,,,5,2507412,,4.98024120507198,"{""block_cap"": 0.35}",True,
case_084,1,1,5,capls,c1,0,0.377,13.589,True,503472,0,0,0,13236330,,,5,2507412,,4.98024120507198,"{""block_cap"": 0.15}",False,
case_084,1,1,5,capls,c2,0,0.322,13.589,True,503472,0,0,0,13236330,,,5,2507412,,4.98024120507198,"{""block_cap"": 0.35, ""init"": ""rr""}",False,
case_084,1,1,5,capls,c3,0,0.605,10.591,True,503472,0,0,0,13236330,,,5,2507412,,4.98024120507198,"{""block_cap"": 0.35, ""init"": ""contig""}",False,
case_084,1,1,5,capls,c4,0,0.396,14.506,True,692360,0,0,0,13236330,,,1077,2507412,,3.621543705586689,"{""block_cap"": 0.35, ""subgraph_mode"": ""block""}",False,
case_084,1,1,5,capls,c5,0,0.379,14.506,True,692360,0,0,0,13236330,,,1077,2507412,,3.621543705586689,"{""block_cap"": 0.35, ""init"": ""rr"", ""subgraph_mode"": ""block""}",False,
case_084,1,1,5,capls,c6,0,0.386,13.589,True,503472,0,0,0,13236330,,,5,2507412,,4.98024120507198,"{""block_cap"": 0.6, ""comm_weight"": 1e-06}",False,
case_084,1,1,5,capls,c7,0,0.681,13.589,True,503472,0,0,0,13236330,,,5,2507412,,4.98024120507198,"{""block_cap"": 0.08}",False,
case_084,1,1,5,capls,sa1,0,14.294,14.23,True,503472,1981440,1981440,0,15217770,,,6,2507412,,4.98024120507198,"{""anneal"": true, ""anneal_seconds"": 34.181}",False,
case_084,1,1,5,capls,sa2,0,14.937,14.924,True,503472,1981440,1981440,0,15217770,,,6,2507412,,4.98024120507198,"{""anneal"": true, ""anneal_seconds"": 34.181}",False,
case_084,1,1,5,capls,sa3,0,13.806,13.793,True,503472,1981440,1981440,0,15217770,,,6,2507412,,4.98024120507198,"{""anneal"": true, ""anneal_seconds"": 34.181}",False,
case_084,1,1,5,capls,_best,0,0.456,13.589,True,503472,0,0,0,13236330,,,5,2507412,,4.98024120507198,"{""block_cap"": 0.35}",True,results\plans\case_084_p1_n5_capls_best.json
case_085,1,1,3,capls,c0,0,0.93,13.164,True,3200752,2500136,2500136,0,4189870,,,12,3187899,,0.995984381170425,"{""block_cap"": 0.35}",False,
case_085,1,1,3,capls,c1,0,0.894,9.743,True,1633063,8690292,8690292,0,10380026,,,84,3187899,,1.952097990095912,"{""block_cap"": 0.15}",False,
case_085,1,1,3,capls,c2,0,0.802,11.474,True,3198524,2608108,2608108,0,4297842,,,14,3187899,,0.9966781552991317,"{""block_cap"": 0.35, ""init"": ""rr""}",False,
case_085,1,1,3,capls,c3,0,0.936,38.171,True,3190342,636432,636432,0,2326166,,,6,3187899,,0.9992342513749309,"{""block_cap"": 0.35, ""init"": ""contig""}",False,
case_085,1,1,3,capls,sa1,0,12.517,12.437,True,1589876,14931770,14931770,0,16621504,,,233,3187899,,2.0051242990019347,"{""anneal"": true, ""anneal_seconds"": 5.505}",False,
case_085,1,1,3,capls,sa2,0,11.726,11.692,True,1589876,14957114,14957114,0,16646848,,,234,3187899,,2.0051242990019347,"{""anneal"": true, ""anneal_seconds"": 5.505}",False,
case_085,1,1,3,capls,sa3,0,11.766,11.738,True,1589859,14939962,14939962,0,16629696,,,234,3187899,,2.0051457393391487,"{""anneal"": true, ""anneal_seconds"": 5.505}",True,
case_085,1,1,3,capls,_best,0,,11.738,True,1589859,14939962,,,,,,234,3187899,,2.0051457393391487,"{""anneal"": true}",True,results\plans\case_085_p1_n3_capls_best.json
case_086,1,1,2,capls,c0,0,0.129,2.459,True,124936,956490,956490,0,1294512,,,13,118403,,0.9477092271242876,"{""block_cap"": 0.35}",False,
case_086,1,1,2,capls,c1,0,0.103,2.459,True,124936,956490,956490,0,1294512,,,13,118403,,0.9477092271242876,"{""block_cap"": 0.15}",False,
case_086,1,1,2,capls,c2,0,0.198,1.542,True,126436,912418,912418,0,1250440,,,10,118403,,0.9364658799708944,"{""block_cap"": 0.35, ""init"": ""rr""}",False,
case_086,1,1,2,capls,c3,0,0.182,2.898,True,119945,169062,169062,0,507084,,,3,118403,,0.9871441077160366,"{""block_cap"": 0.35, ""init"": ""contig""}",False,
case_086,1,1,2,capls,c4,0,0.166,1.753,True,120441,1945986,1945986,0,2284008,,,177,118403,,0.9830788518859856,"{""block_cap"": 0.35, ""subgraph_mode"": ""block""}",False,
case_086,1,1,2,capls,c5,0,0.168,3.083,True,103789,1945986,1945986,0,2284008,,,177,118403,,1.1408049022536106,"{""block_cap"": 0.35, ""init"": ""rr"", ""subgraph_mode"": ""block""}",False,
case_086,1,1,2,capls,c6,0,0.131,3.08,True,120935,199590,199590,0,537612,,,3,118403,,0.9790631330880225,"{""block_cap"": 0.6, ""comm_weight"": 1e-06}",False,
case_086,1,1,2,capls,c7,0,0.247,1.901,True,152508,2533528,2533528,0,2871550,,,32,118403,,0.7763723870223201,"{""block_cap"": 0.08}",False,
case_086,1,1,2,capls,c8,0,0.233,1.722,True,150849,2631442,2631442,0,2969464,,,33,118403,,0.7849107385531227,"{""block_cap"": 0.005}",False,
case_086,1,1,2,capls,c9,0,0.408,2.459,True,124936,956490,956490,0,1294512,,,13,118403,,0.9477092271242876,"{""block_cap"": 0.35, ""max_ops"": 2000}",False,
case_086,1,1,2,capls,c10,0,0.084,8.049,True,118403,0,0,0,338022,,,1,118403,,1.0,"{""block_cap"": 0.35, ""cores_used"": 1}",False,
case_086,1,1,2,capls,c11,0,0.082,8.049,True,118403,0,0,0,338022,,,1,118403,,1.0,"{""block_cap"": 0.35, ""cores_used"": 1}",False,
case_086,1,1,2,capls,c12,0,0.24,1.216,True,105660,1082918,1082918,0,1420940,,,16,118403,,1.1206038235850841,"{""block_cap"": 0.35, ""init"": ""rr"", ""level_mode"": ""alap_fill""}",False,
case_086,1,1,2,capls,c13,0,0.221,1.216,True,105660,1082918,1082918,0,1420940,,,16,118403,,1.1206038235850841,"{""block_cap"": 0.35, ""init"": ""rr"", ""level_mode"": ""alap_compress""}",False,
case_086,1,1,2,capls,sa1,0,1.502,1.494,True,88853,1839442,1839442,0,2177464,,,64,118403,,1.3325717758545013,"{""anneal"": true, ""anneal_seconds"": 3.791}",True,
case_086,1,1,2,capls,sa2,0,1.784,1.778,True,88853,1837044,1837044,0,2175066,,,64,118403,,1.3325717758545013,"{""anneal"": true, ""anneal_seconds"": 3.791}",False,
case_086,1,1,2,capls,sa3,0,2.009,2.002,True,88853,1837042,1837042,0,2175064,,,63,118403,,1.3325717758545013,"{""anneal"": true, ""anneal_seconds"": 3.791}",False,
case_086,1,1,2,capls,_best,0,,1.494,True,88853,1839442,,,,,,64,118403,,1.3325717758545013,"{""anneal"": true}",True,results\plans\case_086_p1_n2_capls_best.json
case_085,1,1,4,capls,c0,0,1.57,10.368,True,1051445,10325980,10325980,0,12015714,,,106,3187899,,3.0319217838308234,"{""block_cap"": 0.35}",False,
case_085,1,1,4,capls,c1,0,1.355,10.368,True,1051445,10325980,10325980,0,12015714,,,106,3187899,,3.0319217838308234,"{""block_cap"": 0.15}",False,
case_085,1,1,4,capls,c2,0,2.569,10.239,True,951743,8039738,8039738,0,9729472,,,112,3187899,,3.3495376377866712,"{""block_cap"": 0.35, ""init"": ""rr""}",True,
case_085,1,1,4,capls,c3,0,2.181,24.582,True,3189112,2090908,1792922,297986,3780642,,,11,3187899,,0.9996196433364523,"{""block_cap"": 0.35, ""init"": ""contig""}",False,
case_085,1,1,4,capls,sa1,0,9.477,9.377,True,952367,8058458,8058458,0,9748192,,,113,3187899,,3.3473429885747827,"{""anneal"": true, ""anneal_seconds"": 5.166}",False,
case_085,1,1,4,capls,sa2,0,9.01,8.982,True,952299,8091226,8091226,0,9780960,,,114,3187899,,3.3475820094319118,"{""anneal"": true, ""anneal_seconds"": 5.166}",False,
case_085,1,1,4,capls,sa3,0,9.271,9.239,True,960472,8039738,8039738,0,9729472,,,112,3187899,,3.3190962360172915,"{""anneal"": true, ""anneal_seconds"": 5.166}",False,
case_085,1,1,4,capls,_best,0,2.179,10.239,True,951743,8039738,8039738,0,9729472,,,112,3187899,,3.3495376377866712,"{""block_cap"": 0.35, ""init"": ""rr""}",True,results\plans\case_085_p1_n4_capls_best.json
case_072,1,1,2,capls,c10,0,0.033,887.508,True,23897828,108613680,0,108613680,119716864,,,1,23897828,,1.0,"{""block_cap"": 0.35, ""cores_used"": 1, ""proxy_fallback"": true}",False,
case_072,1,1,2,capls,sa1,0,366.734,366.571,True,17835726,210620640,130516992,80103648,221723824,,,4,23897828,,1.3398853514569578,"{""anneal"": true, ""anneal_seconds"": 210.694}",True,results\plans\case_072_p1_n2_capls_best.json
case_086,1,1,3,capls,c0,0,0.465,2.474,True,62250,1153664,1153664,0,1491686,,,22,118403,,1.9020562248995985,"{""block_cap"": 0.35}",False,
case_086,1,1,3,capls,c1,0,1.046,1.576,True,110990,2508598,2508598,0,2846620,,,69,118403,,1.0667898008829624,"{""block_cap"": 0.15}",False,
case_086,1,1,3,capls,c2,0,0.278,1.548,True,63384,1148996,1148996,0,1487018,,,30,118403,,1.8680266313265177,"{""block_cap"": 0.35, ""init"": ""rr""}",False,
case_086,1,1,3,capls,c3,0,0.339,3.147,True,121129,107916,107916,0,445938,,,5,118403,,0.9774950672423615,"{""block_cap"": 0.35, ""init"": ""contig""}",False,
case_086,1,1,3,capls,c4,0,0.489,1.955,True,84089,1945986,1945986,0,2284008,,,177,118403,,1.4080676426167513,"{""block_cap"": 0.35, ""subgraph_mode"": ""block""}",False,
case_086,1,1,3,capls,c5,0,0.31,1.96,True,87848,1945986,1945986,0,2284008,,,177,118403,,1.347816683362171,"{""block_cap"": 0.35, ""init"": ""rr"", ""subgraph_mode"": ""block""}",False,
case_086,1,1,3,capls,c6,0,0.548,2.751,True,123123,323436,323436,0,661458,,,6,118403,,0.9616643519082544,"{""block_cap"": 0.6, ""comm_weight"": 1e-06}",False,
case_086,1,1,3,capls,c7,0,0.928,1.576,True,110990,2508598,2508598,0,2846620,,,69,118403,,1.0667898008829624,"{""block_cap"": 0.08}",False,
case_086,1,1,3,capls,c8,0,1.471,3.221,True,110808,3101998,3101998,0,3440020,,,96,118403,,1.0685419825283373,"{""block_cap"": 0.005}",False,
case_086,1,1,3,capls,c9,0,0.497,2.474,True,62250,1153664,1153664,0,1491686,,,22,118403,,1.9020562248995985,"{""block_cap"": 0.35, ""max_ops"": 2000}",False,
case_086,1,1,3,capls,c10,0,0.176,1.699,True,124936,956490,956490,0,1294512,,,13,118403,,0.9477092271242876,"{""block_cap"": 0.35, ""cores_used"": 2}",False,
case_086,1,1,3,capls,c11,0,0.101,6.023,True,118403,0,0,0,338022,,,1,118403,,1.0,"{""block_cap"": 0.35, ""cores_used"": 1}",False,
case_086,1,1,3,capls,c12,0,0.403,1.542,True,63462,1157060,1157060,0,1495082,,,30,118403,,1.8657306734738899,"{""block_cap"": 0.35, ""init"": ""rr"", ""level_mode"": ""alap_fill""}",False,
case_086,1,1,3,capls,c13,0,0.695,1.542,True,63462,1157060,1157060,0,1495082,,,30,118403,,1.8657306734738899,"{""block_cap"": 0.35, ""init"": ""rr"", ""level_mode"": ""alap_compress""}",False,
case_086,1,1,3,capls,sa1,0,2.072,2.063,True,61208,1346240,1346240,0,1684262,,,29,118403,,1.9344366749444517,"{""anneal"": true, ""anneal_seconds"": 4.123}",True,
case_086,1,1,3,capls,sa2,0,2.24,2.23,True,61875,1320576,1320576,0,1658598,,,29,118403,,1.9135838383838384,"{""anneal"": true, ""anneal_seconds"": 4.123}",False,
case_086,1,1,3,capls,sa3,0,2.031,2.021,True,61875,1285248,1285248,0,1623270,,,28,118403,,1.9135838383838384,"{""anneal"": true, ""anneal_seconds"": 4.123}",False,
case_086,1,1,3,capls,_best,0,,2.063,True,61208,1346240,,,,,,29,118403,,1.9344366749444517,"{""anneal"": true}",True,results\plans\case_086_p1_n3_capls_best.json
case_079,1,1,4,capls,c0,0,0.837,81.895,True,8584580,32768000,6488064,26279936,42119168,,,4,31052251,,3.6172126067903148,"{""block_cap"": 0.35}",False,
case_079,1,1,4,capls,c1,0,1.116,58.481,True,7635624,30445568,10948608,19496960,39796736,,,4,31052251,,4.066760097144647,"{""block_cap"": 0.15}",True,
case_079,1,1,4,capls,c2,0,0.859,81.895,True,8584580,32768000,6488064,26279936,42119168,,,4,31052251,,3.6172126067903148,"{""block_cap"": 0.35, ""init"": ""rr""}",False,
case_079,1,1,4,capls,c3,0,0.795,73.866,True,8584580,32768000,6488064,26279936,42119168,,,4,31052251,,3.6172126067903148,"{""block_cap"": 0.35, ""init"": ""contig""}",False,
case_079,1,1,4,capls,sa1,0,88.054,87.925,True,8568722,87267328,68806656,18460672,96618496,,,5,31052251,,3.623906925676898,"{""anneal"": true, ""anneal_seconds"": 121.878}",False,
case_079,1,1,4,capls,sa2,0,78.33,78.302,True,8568722,87267328,68806656,18460672,96618496,,,5,31052251,,3.623906925676898,"{""anneal"": true, ""anneal_seconds"": 121.878}",False,
case_079,1,1,4,capls,sa3,0,80.5,80.465,True,8568722,87267328,68806656,18460672,96618496,,,5,31052251,,3.623906925676898,"{""anneal"": true, ""anneal_seconds"": 121.878}",False,
case_079,1,1,4,capls,_best,0,1.377,58.481,True,7635624,30445568,10948608,19496960,39796736,,,4,31052251,,4.066760097144647,"{""block_cap"": 0.15}",True,results\plans\case_079_p1_n4_capls_best.json
case_086,1,1,4,capls,c0,0,0.633,1.6,True,70784,1497402,1497402,0,1835424,,,33,118403,,1.6727367766726944,"{""block_cap"": 0.35}",False,
case_086,1,1,4,capls,c1,0,1.415,2.109,True,111498,2838150,2838150,0,3176172,,,89,118403,,1.0619293619616494,"{""block_cap"": 0.15}",False,
case_086,1,1,4,capls,c2,0,0.719,2.57,True,71621,1329322,1329322,0,1667344,,,32,118403,,1.6531883106909984,"{""block_cap"": 0.35, ""init"": ""rr""}",False,
case_086,1,1,4,capls,c3,0,0.529,1.739,True,110163,473976,473976,0,811998,,,11,118403,,1.0747982534970906,"{""block_cap"": 0.35, ""init"": ""contig""}",False,
case_086,1,1,4,capls,c4,0,1.02,2.203,True,109773,1945986,1945986,0,2284008,,,177,118403,,1.0786167819044756,"{""block_cap"": 0.35, ""subgraph_mode"": ""block""}",False,
case_086,1,1,4,capls,c5,0,0.673,3.529,True,91505,1945986,1945986,0,2284008,,,177,118403,,1.293951150210371,"{""block_cap"": 0.35, ""init"": ""rr"", ""subgraph_mode"": ""block""}",False,
case_086,1,1,4,capls,c6,0,0.771,1.736,True,80578,1338488,1338488,0,1676510,,,30,118403,,1.46942093375363,"{""block_cap"": 0.6, ""comm_weight"": 1e-06}",False,
case_086,1,1,4,capls,c7,0,1.39,2.109,True,111498,2838150,2838150,0,3176172,,,89,118403,,1.0619293619616494,"{""block_cap"": 0.08}",False,
case_086,1,1,4,capls,c8,0,1.709,2.252,True,118876,3683262,3683262,0,4021284,,,129,118403,,0.9960210639658131,"{""block_cap"": 0.005}",False,
case_086,1,1,4,capls,c9,0,0.67,1.6,True,70784,1497402,1497402,0,1835424,,,33,118403,,1.6727367766726944,"{""block_cap"": 0.35, ""max_ops"": 2000}",False,
case_086,1,1,4,capls,c10,0,0.488,1.837,True,62250,1153664,1153664,0,1491686,,,22,118403,,1.9020562248995985,"{""block_cap"": 0.35, ""cores_used"": 3}",False,
case_086,1,1,4,capls,c11,0,0.212,1.729,True,124936,956490,956490,0,1294512,,,13,118403,,0.9477092271242876,"{""block_cap"": 0.35, ""cores_used"": 2}",False,
case_086,1,1,4,capls,c12,0,1.09,1.998,True,71621,1349096,1349096,0,1687118,,,33,118403,,1.6531883106909984,"{""block_cap"": 0.35, ""init"": ""rr"", ""level_mode"": ""alap_fill""}",False,
case_086,1,1,4,capls,c13,0,0.655,1.998,True,71621,1349096,1349096,0,1687118,,,33,118403,,1.6531883106909984,"{""block_cap"": 0.35, ""init"": ""rr"", ""level_mode"": ""alap_compress""}",False,
case_086,1,1,4,capls,sa1,0,1.977,1.967,True,61657,1206176,1206176,0,1544198,,,23,118403,,1.9203496764357657,"{""anneal"": true, ""anneal_seconds"": 3.366}",True,
case_086,1,1,4,capls,sa2,0,1.96,1.952,True,61658,1282466,1282466,0,1620488,,,25,118403,,1.9203185312530409,"{""anneal"": true, ""anneal_seconds"": 3.366}",False,
case_086,1,1,4,capls,sa3,0,1.596,1.592,True,61657,1273762,1273762,0,1611784,,,24,118403,,1.9203496764357657,"{""anneal"": true, ""anneal_seconds"": 3.366}",False,
case_086,1,1,4,capls,_best,0,,1.967,True,61657,1206176,,,,,,23,118403,,1.9203496764357657,"{""anneal"": true}",True,results\plans\case_086_p1_n4_capls_best.json
case_085,1,1,5,capls,c0,0,1.749,10.241,True,990766,10240282,10240282,0,11930016,,,133,3187899,,3.217610414568122,"{""block_cap"": 0.35}",False,
case_085,1,1,5,capls,c1,0,1.445,10.241,True,990766,10240282,10240282,0,11930016,,,133,3187899,,3.217610414568122,"{""block_cap"": 0.15}",False,
case_085,1,1,5,capls,c2,0,2.463,9.781,True,1021291,11516784,11516784,0,13206518,,,135,3187899,,3.1214404121841866,"{""block_cap"": 0.35, ""init"": ""rr""}",False,
case_085,1,1,5,capls,c3,0,2.776,19.042,True,3186509,1765538,1738912,26626,3455272,,,14,3187899,,1.0004362140511764,"{""block_cap"": 0.35, ""init"": ""contig""}",False,
case_085,1,1,5,capls,sa1,0,10.152,10.06,True,988996,10375706,10375706,0,12065440,,,134,3187899,,3.2233689519472275,"{""anneal"": true, ""anneal_seconds"": 5.38}",True,
case_085,1,1,5,capls,sa2,0,11.84,11.801,True,988996,10410522,10410522,0,12100256,,,135,3187899,,3.2233689519472275,"{""anneal"": true, ""anneal_seconds"": 5.38}",False,
case_085,1,1,5,capls,sa3,0,10.963,10.931,True,993216,10478746,10478746,0,12168480,,,136,3187899,,3.2096734245118888,"{""anneal"": true, ""anneal_seconds"": 5.38}",False,
case_085,1,1,5,capls,_best,0,,10.06,True,988996,10375706,,,,,,134,3187899,,3.2233689519472275,"{""anneal"": true}",True,results\plans\case_085_p1_n5_capls_best.json
case_084,1,1,2,capls,c0,0,0.174,39.433,True,1255052,0,0,0,13236330,,,2,2507412,,1.9978550689533183,"{""block_cap"": 0.35}",False,
case_084,1,1,2,capls,c1,0,0.17,39.433,True,1255052,0,0,0,13236330,,,2,2507412,,1.9978550689533183,"{""block_cap"": 0.15}",False,
case_084,1,1,2,capls,c2,0,0.342,39.433,True,1255052,0,0,0,13236330,,,2,2507412,,1.9978550689533183,"{""block_cap"": 0.35, ""init"": ""rr""}",False,
case_084,1,1,2,capls,c3,0,0.188,33.391,True,1255052,0,0,0,13236330,,,2,2507412,,1.9978550689533183,"{""block_cap"": 0.35, ""init"": ""contig""}",False,
case_084,1,1,2,capls,c4,0,0.377,17.277,True,1476604,0,0,0,13236330,,,1077,2507412,,1.6980937340004496,"{""block_cap"": 0.35, ""subgraph_mode"": ""block""}",False,
case_084,1,1,2,capls,c5,0,0.17,17.277,True,1476604,0,0,0,13236330,,,1077,2507412,,1.6980937340004496,"{""block_cap"": 0.35, ""init"": ""rr"", ""subgraph_mode"": ""block""}",False,
case_084,1,1,2,capls,c6,0,0.192,39.433,True,1255052,0,0,0,13236330,,,2,2507412,,1.9978550689533183,"{""block_cap"": 0.6, ""comm_weight"": 1e-06}",False,
case_084,1,1,2,capls,c7,0,0.19,39.433,True,1255052,0,0,0,13236330,,,2,2507412,,1.9978550689533183,"{""block_cap"": 0.08}",False,
case_084,1,1,2,capls,sa1,0,28.42,28.343,True,1255052,4958208,4958208,0,18194538,,,3,2507412,,1.9978550689533183,"{""anneal"": true, ""anneal_seconds"": 142.298}",False,
case_084,1,1,2,capls,sa2,0,28.064,28.038,True,1252724,4967424,4967424,0,18203754,,,3,2507412,,2.0015677834862267,"{""anneal"": true, ""anneal_seconds"": 142.298}",True,
case_084,1,1,2,capls,sa3,0,25.281,25.262,True,2507668,0,0,0,13236330,,,2,2507412,,0.9998979131208756,"{""anneal"": true, ""anneal_seconds"": 142.298}",False,
case_084,1,1,2,capls,_best,0,,28.038,True,1252724,4967424,,,,,,3,2507412,,2.0015677834862267,"{""anneal"": true}",True,results\plans\case_084_p1_n2_capls_best.json
case_086,1,1,5,capls,c0,0,0.834,2.012,True,84684,1084418,1084418,0,1422440,,,27,118403,,1.398174389495064,"{""block_cap"": 0.35}",False,
case_086,1,1,5,capls,c1,0,1.552,2.237,True,114908,2955840,2955840,0,3293862,,,110,118403,,1.0304156368573119,"{""block_cap"": 0.15}",False,
case_086,1,1,5,capls,c2,0,0.717,2.833,True,70050,1484920,1484920,0,1822942,,,43,118403,,1.690264097073519,"{""block_cap"": 0.35, ""init"": ""rr""}",False,
case_086,1,1,5,capls,c3,0,0.785,1.711,True,109805,846888,846888,0,1184910,,,15,118403,,1.0783024452438414,"{""block_cap"": 0.35, ""init"": ""contig""}",False,
case_086,1,1,5,capls,c4,0,0.734,2.472,True,102544,1945986,1945986,0,2284008,,,177,118403,,1.1546555624902481,"{""block_cap"": 0.35, ""subgraph_mode"": ""block""}",False,
case_086,1,1,5,capls,c5,0,0.749,3.361,True,92909,1945986,1945986,0,2284008,,,177,118403,,1.2743975287647054,"{""block_cap"": 0.35, ""init"": ""rr"", ""subgraph_mode"": ""block""}",False,
case_086,1,1,5,capls,c6,0,1.25,2.032,True,82231,1278640,1278640,0,1616662,,,30,118403,,1.4398827692719292,"{""block_cap"": 0.6, ""comm_weight"": 1e-06}",False,
case_086,1,1,5,capls,c7,0,1.497,2.237,True,114908,2955840,2955840,0,3293862,,,110,118403,,1.0304156368573119,"{""block_cap"": 0.08}",False,
case_086,1,1,5,capls,c8,0,1.711,3.032,True,131488,4350986,4350986,0,4689008,,,194,118403,,0.9004852153808712,"{""block_cap"": 0.005}",False,
case_086,1,1,5,capls,c9,0,0.767,2.012,True,84684,1084418,1084418,0,1422440,,,27,118403,,1.398174389495064,"{""block_cap"": 0.35, ""max_ops"": 2000}",False,
case_086,1,1,5,capls,c10,0,0.809,2.627,True,70784,1497402,1497402,0,1835424,,,33,118403,,1.6727367766726944,"{""block_cap"": 0.35, ""cores_used"": 4}",False,
case_086,1,1,5,capls,c11,0,0.189,1.54,True,124936,956490,956490,0,1294512,,,13,118403,,0.9477092271242876,"{""block_cap"": 0.35, ""cores_used"": 2}",False,
case_086,1,1,5,capls,c12,0,0.861,2.742,True,69640,1516120,1516120,0,1854142,,,48,118403,,1.700215393452039,"{""block_cap"": 0.35, ""init"": ""rr"", ""level_mode"": ""alap_fill""}",False,
case_086,1,1,5,capls,c13,0,0.806,2.742,True,69640,1516120,1516120,0,1854142,,,48,118403,,1.700215393452039,"{""block_cap"": 0.35, ""init"": ""rr"", ""level_mode"": ""alap_compress""}",False,
case_086,1,1,5,capls,sa1,0,1.776,1.769,True,69358,1590042,1590042,0,1928064,,,54,118403,,1.7071282332247182,"{""anneal"": true, ""anneal_seconds"": 3.054}",True,
case_086,1,1,5,capls,sa2,0,2.799,2.792,True,71964,2543228,2543228,0,2881250,,,155,118403,,1.645308765493858,"{""anneal"": true, ""anneal_seconds"": 3.054}",False,
case_086,1,1,5,capls,sa3,0,2.409,2.398,True,71948,2543708,2543708,0,2881730,,,156,118403,,1.6456746539167175,"{""anneal"": true, ""anneal_seconds"": 3.054}",False,
case_086,1,1,5,capls,_best,0,,1.769,True,69358,1590042,,,,,,54,118403,,1.7071282332247182,"{""anneal"": true}",True,results\plans\case_086_p1_n5_capls_best.json
case_088,1,1,2,capls,c0,0,0.117,0.776,True,229539,1150438,1150438,0,2980236,,,11,243623,,1.0613577649114094,"{""block_cap"": 0.35}",False,
case_088,1,1,2,capls,c1,0,0.125,0.776,True,229539,1150438,1150438,0,2980236,,,11,243623,,1.0613577649114094,"{""block_cap"": 0.15}",False,
case_088,1,1,2,capls,c2,0,0.128,0.876,True,178129,1290286,1290286,0,3120084,,,26,243623,,1.3676773574207457,"{""block_cap"": 0.35, ""init"": ""rr""}",False,
case_088,1,1,2,capls,c3,0,0.103,2.016,True,243286,417486,417486,0,2247284,,,5,243623,,1.0013852009568984,"{""block_cap"": 0.35, ""init"": ""contig""}",False,
case_088,1,1,2,capls,c4,0,0.136,1.355,True,207035,2467514,2467514,0,4297312,,,218,243623,,1.1767237423624024,"{""block_cap"": 0.35, ""subgraph_mode"": ""block""}",False,
case_088,1,1,2,capls,c5,0,0.109,1.297,True,209179,2467514,2467514,0,4297312,,,218,243623,,1.1646628007591584,"{""block_cap"": 0.35, ""init"": ""rr"", ""subgraph_mode"": ""block""}",False,
case_088,1,1,2,capls,c6,0,0.107,0.776,True,229539,1150438,1150438,0,2980236,,,11,243623,,1.0613577649114094,"{""block_cap"": 0.6, ""comm_weight"": 1e-06}",False,
case_088,1,1,2,capls,c7,0,0.222,0.802,True,263106,2122048,2122048,0,3951846,,,32,243623,,0.9259499973394754,"{""block_cap"": 0.08}",False,
case_088,1,1,2,capls,c8,0,0.278,0.953,True,273917,2770404,2770404,0,4600202,,,41,243623,,0.889404454634068,"{""block_cap"": 0.005}",False,
case_088,1,1,2,capls,c9,0,0.313,0.776,True,229539,1150438,1150438,0,2980236,,,11,243623,,1.0613577649114094,"{""block_cap"": 0.35, ""max_ops"": 2000}",False,
case_088,1,1,2,capls,c10,0,0.05,2.79,True,243623,0,0,0,1829798,,,1,243623,,1.0,"{""block_cap"": 0.35, ""cores_used"": 1}",False,
case_088,1,1,2,capls,c11,0,0.062,2.79,True,243623,0,0,0,1829798,,,1,243623,,1.0,"{""block_cap"": 0.35, ""cores_used"": 1}",False,
case_088,1,1,2,capls,c12,0,0.162,0.693,True,168809,2064350,2064350,0,3894148,,,26,243623,,1.4431872708208686,"{""block_cap"": 0.35, ""init"": ""rr"", ""level_mode"": ""alap_fill""}",True,
case_088,1,1,2,capls,c13,0,0.119,0.693,True,168809,2064350,2064350,0,3894148,,,26,243623,,1.4431872708208686,"{""block_cap"": 0.35, ""init"": ""rr"", ""level_mode"": ""alap_compress""}",False,
case_088,1,1,2,capls,sa1,0,0.928,0.923,True,169719,2213344,2213344,0,4043142,,,32,243623,,1.4354491836506225,"{""anneal"": true, ""anneal_seconds"": 2.419}",False,
case_088,1,1,2,capls,sa2,0,0.789,0.785,True,170383,2242016,2242016,0,4071814,,,33,243623,,1.4298550911769368,"{""anneal"": true, ""anneal_seconds"": 2.419}",False,
case_088,1,1,2,capls,sa3,0,0.694,0.688,True,169681,2168352,2168352,0,3998150,,,32,243623,,1.4357706519881424,"{""anneal"": true, ""anneal_seconds"": 2.419}",False,
case_088,1,1,2,capls,_best,0,0.189,0.693,True,168809,2064350,2064350,0,3894148,,,26,243623,,1.4431872708208686,"{""block_cap"": 0.35, ""init"": ""rr"", ""level_mode"": ""alap_fill""}",True,results\plans\case_088_p1_n2_capls_best.json
case_088,1,1,3,capls,c0,0,0.21,0.879,True,122739,1792620,1792620,0,3622418,,,36,243623,,1.9848866293517138,"{""block_cap"": 0.35}",False,
case_088,1,1,3,capls,c1,0,0.252,0.879,True,122739,1792620,1792620,0,3622418,,,36,243623,,1.9848866293517138,"{""block_cap"": 0.15}",False,
case_088,1,1,3,capls,c2,0,0.517,0.919,True,124095,1712032,1712032,0,3541830,,,39,243623,,1.9631975502639107,"{""block_cap"": 0.35, ""init"": ""rr""}",False,
case_088,1,1,3,capls,c3,0,0.235,1.019,True,242637,263736,263736,0,2093534,,,8,243623,,1.0040636836096721,"{""block_cap"": 0.35, ""init"": ""contig""}",False,
case_088,1,1,3,capls,c4,0,0.2,1.411,True,158112,2467514,2467514,0,4297312,,,218,243623,,1.5408254907913377,"{""block_cap"": 0.35, ""subgraph_mode"": ""block""}",False,
case_088,1,1,3,capls,c5,0,0.254,1.484,True,163751,2467514,2467514,0,4297312,,,218,243623,,1.4877649602139835,"{""block_cap"": 0.35, ""init"": ""rr"", ""subgraph_mode"": ""block""}",False,
case_088,1,1,3,capls,c6,0,0.237,0.879,True,122739,1792620,1792620,0,3622418,,,36,243623,,1.9848866293517138,"{""block_cap"": 0.6, ""comm_weight"": 1e-06}",False,
case_088,1,1,3,capls,c7,0,0.54,1.167,True,204789,2387626,2387626,0,4217424,,,96,243623,,1.189629325793866,"{""block_cap"": 0.08}",False,
case_088,1,1,3,capls,c8,0,0.875,1.421,True,235276,2938590,2938590,0,4768388,,,145,243623,,1.0354774817660959,"{""block_cap"": 0.005}",False,
case_088,1,1,3,capls,c9,0,0.225,0.879,True,122739,1792620,1792620,0,3622418,,,36,243623,,1.9848866293517138,"{""block_cap"": 0.35, ""max_ops"": 2000}",False,
case_088,1,1,3,capls,c10,0,0.118,0.826,True,229539,1150438,1150438,0,2980236,,,11,243623,,1.0613577649114094,"{""block_cap"": 0.35, ""cores_used"": 2}",False,
case_088,1,1,3,capls,c11,0,0.06,1.973,True,243623,0,0,0,1829798,,,1,243623,,1.0,"{""block_cap"": 0.35, ""cores_used"": 1}",False,
case_088,1,1,3,capls,c12,0,0.252,0.832,True,126749,2517644,2517644,0,4347442,,,39,243623,,1.9220901151093894,"{""block_cap"": 0.35, ""init"": ""rr"", ""level_mode"": ""alap_fill""}",False,
case_088,1,1,3,capls,c13,0,0.23,0.832,True,126749,2517644,2517644,0,4347442,,,39,243623,,1.9220901151093894,"{""block_cap"": 0.35, ""init"": ""rr"", ""level_mode"": ""alap_compress""}",False,
case_088,1,1,3,capls,sa1,0,1.179,1.175,True,121846,1810348,1810348,0,3640146,,,38,243623,,1.9994337114062013,"{""anneal"": true, ""anneal_seconds"": 1.541}",False,
case_088,1,1,3,capls,sa2,0,0.829,0.825,True,121628,1821100,1821100,0,3650898,,,39,243623,,2.00301739730983,"{""anneal"": true, ""anneal_seconds"": 1.541}",False,
case_088,1,1,3,capls,sa3,0,0.853,0.849,True,121225,1807084,1807084,0,3636882,,,38,243623,,2.009676221901423,"{""anneal"": true, ""anneal_seconds"": 1.541}",True,
case_088,1,1,3,capls,_best,0,,0.849,True,121225,1807084,,,,,,38,243623,,2.009676221901423,"{""anneal"": true}",True,results\plans\case_088_p1_n3_capls_best.json
case_088,1,1,4,capls,c0,0,0.645,0.889,True,209298,934088,934088,0,2763886,,,29,243623,,1.1640006115681947,"{""block_cap"": 0.35}",False,
case_088,1,1,4,capls,c1,0,0.682,1.028,True,220018,1719968,1719968,0,3549766,,,89,243623,,1.1072866765446463,"{""block_cap"": 0.15}",False,
case_088,1,1,4,capls,c2,0,0.451,0.832,True,161100,1184306,1184306,0,3014104,,,34,243623,,1.5122470515207946,"{""block_cap"": 0.35, ""init"": ""rr""}",False,
case_088,1,1,4,capls,c3,0,0.347,1.022,True,249110,544216,544216,0,2374014,,,9,243623,,0.9779735859660391,"{""block_cap"": 0.35, ""init"": ""contig""}",False,
case_088,1,1,4,capls,c4,0,0.429,2.146,True,228550,2467514,2467514,0,4297312,,,218,243623,,1.0659505578647999,"{""block_cap"": 0.35, ""subgraph_mode"": ""block""}",False,
case_088,1,1,4,capls,c5,0,0.352,1.351,True,187678,2467514,2467514,0,4297312,,,218,243623,,1.2980903462313111,"{""block_cap"": 0.35, ""init"": ""rr"", ""subgraph_mode"": ""block""}",False,
case_088,1,1,4,capls,c6,0,0.362,0.911,True,190088,915834,915834,0,2745632,,,27,243623,,1.2816327174782207,"{""block_cap"": 0.6, ""comm_weight"": 1e-06}",False,
case_088,1,1,4,capls,c7,0,0.704,1.028,True,220018,1719968,1719968,0,3549766,,,89,243623,,1.1072866765446463,"{""block_cap"": 0.08}",False,
case_088,1,1,4,capls,c8,0,0.855,1.359,True,214745,2848252,2848252,0,4678050,,,159,243623,,1.1344757735919346,"{""block_cap"": 0.005}",False,
case_088,1,1,4,capls,c9,0,0.467,0.889,True,209298,934088,934088,0,2763886,,,29,243623,,1.1640006115681947,"{""block_cap"": 0.35, ""max_ops"": 2000}",False,
case_088,1,1,4,capls,c10,0,0.256,0.827,True,122739,1792620,1792620,0,3622418,,,36,243623,,1.9848866293517138,"{""block_cap"": 0.35, ""cores_used"": 3}",False,
case_088,1,1,4,capls,c11,0,0.115,1.673,True,229539,1150438,1150438,0,2980236,,,11,243623,,1.0613577649114094,"{""block_cap"": 0.35, ""cores_used"": 2}",False,
case_088,1,1,4,capls,c12,0,0.441,1.107,True,151165,2002612,2002612,0,3832410,,,47,243623,,1.6116362914695863,"{""block_cap"": 0.35, ""init"": ""rr"", ""level_mode"": ""alap_fill""}",False,
case_088,1,1,4,capls,c13,0,0.448,1.107,True,151165,2002612,2002612,0,3832410,,,47,243623,,1.6116362914695863,"{""block_cap"": 0.35, ""init"": ""rr"", ""level_mode"": ""alap_compress""}",False,
case_088,1,1,4,capls,sa1,0,0.945,0.941,True,122508,1897420,1897420,0,3727218,,,45,243623,,1.9886293140039835,"{""anneal"": true, ""anneal_seconds"": 1.596}",True,
case_088,1,1,4,capls,sa2,0,0.861,0.856,True,122508,1889228,1889228,0,3719026,,,44,243623,,1.9886293140039835,"{""anneal"": true, ""anneal_seconds"": 1.596}",False,
case_088,1,1,4,capls,sa3,0,0.953,0.949,True,122517,1897420,1897420,0,3727218,,,46,243623,,1.9884832308985692,"{""anneal"": true, ""anneal_seconds"": 1.596}",False,
case_088,1,1,4,capls,_best,0,,0.941,True,122508,1897420,,,,,,45,243623,,1.9886293140039835,"{""anneal"": true}",True,results\plans\case_088_p1_n4_capls_best.json
case_088,1,1,5,capls,c0,0,0.484,0.945,True,153887,1049268,1049268,0,2879066,,,29,243623,,1.5831291792029216,"{""block_cap"": 0.35}",False,
case_088,1,1,5,capls,c1,0,0.722,1.255,True,190468,2209584,2209584,0,4039382,,,121,243623,,1.2790757502572612,"{""block_cap"": 0.15}",False,
case_088,1,1,5,capls,c2,0,0.479,0.886,True,171645,921152,921152,0,2750950,,,30,243623,,1.4193422470797286,"{""block_cap"": 0.35, ""init"": ""rr""}",False,
case_088,1,1,5,capls,c3,0,0.358,0.878,True,238629,530274,530274,0,2360072,,,13,243623,,1.0209278838699403,"{""block_cap"": 0.35, ""init"": ""contig""}",False,
case_088,1,1,5,capls,c4,0,0.463,1.496,True,175007,2467514,2467514,0,4297312,,,218,243623,,1.3920757455416068,"{""block_cap"": 0.35, ""subgraph_mode"": ""block""}",False,
case_088,1,1,5,capls,c5,0,0.487,1.392,True,204740,2467514,2467514,0,4297312,,,218,243623,,1.1899140373156198,"{""block_cap"": 0.35, ""init"": ""rr"", ""subgraph_mode"": ""block""}",False,
case_088,1,1,5,capls,c6,0,0.489,0.912,True,166379,981054,981054,0,2810852,,,30,243623,,1.4642653219456783,"{""block_cap"": 0.6, ""comm_weight"": 1e-06}",False,
case_088,1,1,5,capls,c7,0,0.961,1.255,True,190468,2209584,2209584,0,4039382,,,121,243623,,1.2790757502572612,"{""block_cap"": 0.08}",False,
case_088,1,1,5,capls,c8,0,1.421,2.941,True,204873,3444478,3444478,0,5274276,,,180,243623,,1.1891415657504893,"{""block_cap"": 0.005}",False,
case_088,1,1,5,capls,c9,0,0.562,0.945,True,153887,1049268,1049268,0,2879066,,,29,243623,,1.5831291792029216,"{""block_cap"": 0.35, ""max_ops"": 2000}",False,
case_088,1,1,5,capls,c10,0,0.492,1.022,True,209298,934088,934088,0,2763886,,,29,243623,,1.1640006115681947,"{""block_cap"": 0.35, ""cores_used"": 4}",False,
case_088,1,1,5,capls,c11,0,0.189,0.849,True,229539,1150438,1150438,0,2980236,,,11,243623,,1.0613577649114094,"{""block_cap"": 0.35, ""cores_used"": 2}",False,
case_088,1,1,5,capls,c12,0,0.561,0.943,True,166461,1699450,1699450,0,3529248,,,50,243623,,1.4635440133124276,"{""block_cap"": 0.35, ""init"": ""rr"", ""level_mode"": ""alap_fill""}",False,
case_088,1,1,5,capls,c13,0,0.54,0.943,True,166461,1699450,1699450,0,3529248,,,50,243623,,1.4635440133124276,"{""block_cap"": 0.35, ""init"": ""rr"", ""level_mode"": ""alap_compress""}",False,
case_088,1,1,5,capls,sa1,0,1.125,1.12,True,149881,1096340,1096340,0,2926138,,,31,243623,,1.6254428513287207,"{""anneal"": true, ""anneal_seconds"": 1.711}",False,
case_088,1,1,5,capls,sa2,0,1.443,1.438,True,149849,1099412,1099412,0,2929210,,,32,243623,,1.6257899618949743,"{""anneal"": true, ""anneal_seconds"": 1.711}",True,
case_088,1,1,5,capls,sa3,0,1.089,1.082,True,149881,1096340,1096340,0,2926138,,,31,243623,,1.6254428513287207,"{""anneal"": true, ""anneal_seconds"": 1.711}",False,
case_088,1,1,5,capls,_best,0,,1.438,True,149849,1099412,,,,,,32,243623,,1.6257899618949743,"{""anneal"": true}",True,results\plans\case_088_p1_n5_capls_best.json
case_089,1,1,3,capls,c0,0,0.197,2.128,True,243614,477440,477440,0,1043840,,,3,693092,,2.8450417463692563,"{""block_cap"": 0.35}",False,
case_089,1,1,3,capls,c1,0,0.194,2.128,True,243614,477440,477440,0,1043840,,,3,693092,,2.8450417463692563,"{""block_cap"": 0.15}",False,
case_089,1,1,3,capls,c2,0,0.19,2.128,True,243614,477440,477440,0,1043840,,,3,693092,,2.8450417463692563,"{""block_cap"": 0.35, ""init"": ""rr""}",False,
case_089,1,1,3,capls,c3,0,0.201,2.101,True,243614,477440,477440,0,1043840,,,3,693092,,2.8450417463692563,"{""block_cap"": 0.35, ""init"": ""contig""}",False,
case_089,1,1,3,capls,c4,0,0.192,1.19,True,260608,9310080,9310080,0,9876480,,,40,693092,,2.6595192779960706,"{""block_cap"": 0.35, ""subgraph_mode"": ""block""}",False,
case_089,1,1,3,capls,c5,0,0.19,1.19,True,260608,9310080,9310080,0,9876480,,,40,693092,,2.6595192779960706,"{""block_cap"": 0.35, ""init"": ""rr"", ""subgraph_mode"": ""block""}",False,
case_089,1,1,3,capls,c6,0,0.195,2.128,True,243614,477440,477440,0,1043840,,,3,693092,,2.8450417463692563,"{""block_cap"": 0.6, ""comm_weight"": 1e-06}",False,
case_089,1,1,3,capls,c7,0,0.191,2.128,True,243614,477440,477440,0,1043840,,,3,693092,,2.8450417463692563,"{""block_cap"": 0.08}",False,
case_089,1,1,3,capls,c8,0,0.298,1.361,True,465996,4441624,4441624,0,5008024,,,53,693092,,1.4873346552330922,"{""block_cap"": 0.005}",False,
case_089,1,1,3,capls,c9,0,0.188,2.128,True,243614,477440,477440,0,1043840,,,3,693092,,2.8450417463692563,"{""block_cap"": 0.35, ""max_ops"": 2000}",False,
case_089,1,1,3,capls,c10,0,0.134,3.461,True,346832,238720,238720,0,805120,,,2,693092,,1.998350786547954,"{""block_cap"": 0.35, ""cores_used"": 2}",False,
case_089,1,1,3,capls,c11,0,0.058,6.952,True,693092,0,0,0,566400,,,1,693092,,1.0,"{""block_cap"": 0.35, ""cores_used"": 1}",False,
case_089,1,1,3,capls,c12,0,0.19,2.128,True,243614,477440,477440,0,1043840,,,3,693092,,2.8450417463692563,"{""block_cap"": 0.35, ""init"": ""rr"", ""level_mode"": ""alap_fill""}",False,
case_089,1,1,3,capls,c13,0,0.179,2.128,True,243614,477440,477440,0,1043840,,,3,693092,,2.8450417463692563,"{""block_cap"": 0.35, ""init"": ""rr"", ""level_mode"": ""alap_compress""}",False,
case_089,1,1,3,capls,sa1,0,3.549,3.52,True,242914,683776,683776,0,1250176,,,4,693092,,2.853240241402307,"{""anneal"": true, ""anneal_seconds"": 2.597}",True,
case_089,1,1,3,capls,sa2,0,3.536,3.528,True,242948,699648,699648,0,1266048,,,4,693092,,2.852840937155276,"{""anneal"": true, ""anneal_seconds"": 2.597}",False,
case_089,1,1,3,capls,sa3,0,3.26,3.252,True,242948,905984,905984,0,1472384,,,5,693092,,2.852840937155276,"{""anneal"": true, ""anneal_seconds"": 2.597}",False,
case_089,1,1,3,capls,_best,0,,3.52,True,242914,683776,,,,,,4,693092,,2.853240241402307,"{""anneal"": true}",True,results\plans\case_089_p1_n3_capls_best.json
case_089,1,1,2,capls,c0,0,0.122,3.348,True,346832,238720,238720,0,805120,,,2,693092,,1.998350786547954,"{""block_cap"": 0.35}",False,
case_089,1,1,2,capls,c1,0,0.116,3.348,True,346832,238720,238720,0,805120,,,2,693092,,1.998350786547954,"{""block_cap"": 0.15}",False,
case_089,1,1,2,capls,c2,0,0.106,3.348,True,346832,238720,238720,0,805120,,,2,693092,,1.998350786547954,"{""block_cap"": 0.35, ""init"": ""rr""}",False,
case_089,1,1,2,capls,c3,0,0.37,3.382,True,346832,238720,238720,0,805120,,,2,693092,,1.998350786547954,"{""block_cap"": 0.35, ""init"": ""contig""}",False,
case_089,1,1,2,capls,c4,0,0.121,1.181,True,356940,9310080,9310080,0,9876480,,,40,693092,,1.941760519975346,"{""block_cap"": 0.35, ""subgraph_mode"": ""block""}",False,
case_089,1,1,2,capls,c5,0,0.125,1.181,True,356940,9310080,9310080,0,9876480,,,40,693092,,1.941760519975346,"{""block_cap"": 0.35, ""init"": ""rr"", ""subgraph_mode"": ""block""}",False,
case_089,1,1,2,capls,c6,0,0.115,3.348,True,346832,238720,238720,0,805120,,,2,693092,,1.998350786547954,"{""block_cap"": 0.6, ""comm_weight"": 1e-06}",False,
case_089,1,1,2,capls,c7,0,0.125,3.348,True,346832,238720,238720,0,805120,,,2,693092,,1.998350786547954,"{""block_cap"": 0.08}",False,
case_089,1,1,2,capls,c8,0,0.216,3.008,True,363226,2122880,2122880,0,2689280,,,22,693092,,1.9081563544459923,"{""block_cap"": 0.005}",False,
case_089,1,1,2,capls,c9,0,0.142,2.421,True,347506,748928,748928,0,1315328,,,4,693092,,1.9944749155410266,"{""block_cap"": 0.35, ""max_ops"": 2000}",False,
case_089,1,1,2,capls,c10,0,0.056,6.623,True,693092,0,0,0,566400,,,1,693092,,1.0,"{""block_cap"": 0.35, ""cores_used"": 1}",False,
case_089,1,1,2,capls,c11,0,0.063,6.623,True,693092,0,0,0,566400,,,1,693092,,1.0,"{""block_cap"": 0.35, ""cores_used"": 1}",False,
case_089,1,1,2,capls,c12,0,0.151,3.348,True,346832,238720,238720,0,805120,,,2,693092,,1.998350786547954,"{""block_cap"": 0.35, ""init"": ""rr"", ""level_mode"": ""alap_fill""}",False,
case_089,1,1,2,capls,c13,0,0.174,3.348,True,346832,238720,238720,0,805120,,,2,693092,,1.998350786547954,"{""block_cap"": 0.35, ""init"": ""rr"", ""level_mode"": ""alap_compress""}",False,
case_089,1,1,2,capls,sa1,0,5.04,5.011,True,346763,556160,556160,0,1122560,,,3,693092,,1.9987484247165932,"{""anneal"": true, ""anneal_seconds"": 30.095}",True,
case_089,1,1,2,capls,sa2,0,5.337,5.33,True,349855,566400,566400,0,1132800,,,3,693092,,1.9810835917737348,"{""anneal"": true, ""anneal_seconds"": 30.095}",False,
case_089,1,1,2,capls,sa3,0,3.935,3.928,True,349855,883840,883840,0,1450240,,,4,693092,,1.9810835917737348,"{""anneal"": true, ""anneal_seconds"": 30.095}",False,
case_089,1,1,2,capls,_best,0,,5.011,True,346763,556160,,,,,,3,693092,,1.9987484247165932,"{""anneal"": true}",True,results\plans\case_089_p1_n2_capls_best.json
case_089,1,1,4,capls,c0,0,0.245,1.832,True,178160,716160,716160,0,1282560,,,4,693092,,3.8902784014369107,"{""block_cap"": 0.35}",False,
case_089,1,1,4,capls,c1,0,0.247,1.832,True,178160,716160,716160,0,1282560,,,4,693092,,3.8902784014369107,"{""block_cap"": 0.15}",False,
case_089,1,1,4,capls,c2,0,0.677,1.832,True,178160,716160,716160,0,1282560,,,4,693092,,3.8902784014369107,"{""block_cap"": 0.35, ""init"": ""rr""}",False,
case_089,1,1,4,capls,c3,0,0.243,1.796,True,178160,716160,716160,0,1282560,,,4,693092,,3.8902784014369107,"{""block_cap"": 0.35, ""init"": ""contig""}",False,
case_089,1,1,4,capls,c4,0,0.232,2.391,True,223700,9310080,9310080,0,9876480,,,40,693092,,3.098310236924452,"{""block_cap"": 0.35, ""subgraph_mode"": ""block""}",False,
case_089,1,1,4,capls,c5,0,0.222,2.391,True,223700,9310080,9310080,0,9876480,,,40,693092,,3.098310236924452,"{""block_cap"": 0.35, ""init"": ""rr"", ""subgraph_mode"": ""block""}",False,
case_089,1,1,4,capls,c6,0,0.254,1.832,True,178160,716160,716160,0,1282560,,,4,693092,,3.8902784014369107,"{""block_cap"": 0.6, ""comm_weight"": 1e-06}",False,
case_089,1,1,4,capls,c7,0,0.393,1.814,True,364163,2927712,2927712,0,3494112,,,41,693092,,1.903246623078127,"{""block_cap"": 0.08}",False,
case_089,1,1,4,capls,c8,0,0.375,1.529,True,352808,3480672,3480672,0,4047072,,,53,693092,,1.964501938731548,"{""block_cap"": 0.005}",False,
case_089,1,1,4,capls,c9,0,0.263,1.832,True,178160,716160,716160,0,1282560,,,4,693092,,3.8902784014369107,"{""block_cap"": 0.35, ""max_ops"": 2000}",False,
case_089,1,1,4,capls,c10,0,0.184,2.274,True,243614,477440,477440,0,1043840,,,3,693092,,2.8450417463692563,"{""block_cap"": 0.35, ""cores_used"": 3}",False,
case_089,1,1,4,capls,c11,0,0.144,3.695,True,346832,238720,238720,0,805120,,,2,693092,,1.998350786547954,"{""block_cap"": 0.35, ""cores_used"": 2}",False,
case_089,1,1,4,capls,c12,0,0.249,1.832,True,178160,716160,716160,0,1282560,,,4,693092,,3.8902784014369107,"{""block_cap"": 0.35, ""init"": ""rr"", ""level_mode"": ""alap_fill""}",False,
case_089,1,1,4,capls,c13,0,0.25,1.832,True,178160,716160,716160,0,1282560,,,4,693092,,3.8902784014369107,"{""block_cap"": 0.35, ""init"": ""rr"", ""level_mode"": ""alap_compress""}",False,
case_089,1,1,4,capls,sa1,0,2.387,2.38,True,175600,1033600,1033600,0,1600000,,,6,693092,,3.946993166287016,"{""anneal"": true, ""anneal_seconds"": 14.911}",True,
case_089,1,1,4,capls,sa2,0,2.95,2.943,True,176747,874880,874880,0,1441280,,,5,693092,,3.921379146463589,"{""anneal"": true, ""anneal_seconds"": 14.911}",False,
case_089,1,1,4,capls,sa3,0,2.573,2.566,True,176747,874880,874880,0,1441280,,,5,693092,,3.921379146463589,"{""anneal"": true, ""anneal_seconds"": 14.911}",False,
case_089,1,1,4,capls,_best,0,,2.38,True,175600,1033600,,,,,,6,693092,,3.946993166287016,"{""anneal"": true}",True,results\plans\case_089_p1_n4_capls_best.json
case_090,1,1,2,capls,c0,0,0.307,0.773,True,769224,21498480,2148480,19350000,23726832,,,2,1178363,,1.5318853805913493,"{""block_cap"": 0.35}",False,
case_090,1,1,2,capls,c1,0,0.057,0.385,True,702354,4748064,2812704,1935360,6976416,,,36,1178363,,1.6777337354097792,"{""block_cap"": 0.15}",False,
case_090,1,1,2,capls,c2,0,0.029,0.773,True,769224,21498480,2148480,19350000,23726832,,,2,1178363,,1.5318853805913493,"{""block_cap"": 0.35, ""init"": ""rr""}",False,
case_090,1,1,2,capls,c3,0,0.045,0.802,True,769224,21498480,2148480,19350000,23726832,,,2,1178363,,1.5318853805913493,"{""block_cap"": 0.35, ""init"": ""contig""}",False,
case_090,1,1,2,capls,c4,0,0.037,0.361,True,679752,25781760,25781760,0,28010112,,,13,1178363,,1.7335189892784428,"{""block_cap"": 0.35, ""subgraph_mode"": ""block""}",False,
case_090,1,1,2,capls,c5,0,0.036,0.361,True,679752,25781760,25781760,0,28010112,,,13,1178363,,1.7335189892784428,"{""block_cap"": 0.35, ""init"": ""rr"", ""subgraph_mode"": ""block""}",False,
case_090,1,1,2,capls,c6,0,0.029,0.773,True,769224,21498480,2148480,19350000,23726832,,,2,1178363,,1.5318853805913493,"{""block_cap"": 0.6, ""comm_weight"": 1e-06}",False,
case_090,1,1,2,capls,c7,0,0.052,0.385,True,702354,4748064,2812704,1935360,6976416,,,36,1178363,,1.6777337354097792,"{""block_cap"": 0.08}",False,
case_090,1,1,2,capls,c8,0,0.065,0.447,True,670035,4295328,3226272,1069056,6523680,,,47,1178363,,1.7586588760288642,"{""block_cap"": 0.005}",True,
case_090,1,1,2,capls,c9,0,0.044,0.773,True,769224,21498480,2148480,19350000,23726832,,,2,1178363,,1.5318853805913493,"{""block_cap"": 0.35, ""max_ops"": 2000}",False,
case_090,1,1,2,capls,c10,0,0.021,1.126,True,1178363,21233592,0,21233592,23461944,,,1,1178363,,1.0,"{""block_cap"": 0.35, ""cores_used"": 1}",False,
case_090,1,1,2,capls,c11,0,0.021,1.126,True,1178363,21233592,0,21233592,23461944,,,1,1178363,,1.0,"{""block_cap"": 0.35, ""cores_used"": 1}",False,
case_090,1,1,2,capls,c12,0,0.049,0.773,True,769224,21498480,2148480,19350000,23726832,,,2,1178363,,1.5318853805913493,"{""block_cap"": 0.35, ""init"": ""rr"", ""level_mode"": ""alap_fill""}",False,
case_090,1,1,2,capls,c13,0,0.03,0.773,True,769224,21498480,2148480,19350000,23726832,,,2,1178363,,1.5318853805913493,"{""block_cap"": 0.35, ""init"": ""rr"", ""level_mode"": ""alap_compress""}",False,
case_090,1,1,2,capls,sa1,0,0.39,0.383,True,670250,4301472,3232416,1069056,6529824,,,48,1178363,,1.75809474076837,"{""anneal"": true, ""anneal_seconds"": 1.668}",False,
case_090,1,1,2,capls,sa2,0,0.37,0.366,True,671416,4303776,3234720,1069056,6532128,,,49,1178363,,1.755041583757313,"{""anneal"": true, ""anneal_seconds"": 1.668}",False,
case_090,1,1,2,capls,sa3,0,0.391,0.387,True,671180,4312992,3243936,1069056,6541344,,,50,1178363,,1.7556586906642033,"{""anneal"": true, ""anneal_seconds"": 1.668}",False,
case_090,1,1,2,capls,_best,0,0.095,0.447,True,670035,4295328,3226272,1069056,6523680,,,47,1178363,,1.7586588760288642,"{""block_cap"": 0.005}",True,results\plans\case_090_p1_n2_capls_best.json
case_090,1,1,3,capls,c0,0,0.059,0.529,True,657430,21438504,4296960,17141544,23666856,,,3,1178363,,1.7923778957455547,"{""block_cap"": 0.35}",False,
case_090,1,1,3,capls,c1,0,0.12,0.403,True,689986,9206064,6192432,3013632,11434416,,,50,1178363,,1.7078071149269696,"{""block_cap"": 0.15}",False,
case_090,1,1,3,capls,c2,0,0.061,0.529,True,657430,21438504,4296960,17141544,23666856,,,3,1178363,,1.7923778957455547,"{""block_cap"": 0.35, ""init"": ""rr""}",False,
case_090,1,1,3,capls,c3,0,0.053,1.632,True,657430,21438504,4296960,17141544,23666856,,,3,1178363,,1.7923778957455547,"{""block_cap"": 0.35, ""init"": ""contig""}",False,
case_090,1,1,3,capls,c4,0,0.06,0.413,True,589444,25781760,25781760,0,28010112,,,13,1178363,,1.999109330148411,"{""block_cap"": 0.35, ""subgraph_mode"": ""block""}",False,
case_090,1,1,3,capls,c5,0,0.048,0.413,True,589444,25781760,25781760,0,28010112,,,13,1178363,,1.999109330148411,"{""block_cap"": 0.35, ""init"": ""rr"", ""subgraph_mode"": ""block""}",False,
case_090,1,1,3,capls,c6,0,0.063,0.529,True,657430,21438504,4296960,17141544,23666856,,,3,1178363,,1.7923778957455547,"{""block_cap"": 0.6, ""comm_weight"": 1e-06}",False,
case_090,1,1,3,capls,c7,0,0.118,0.403,True,689986,9206064,6192432,3013632,11434416,,,50,1178363,,1.7078071149269696,"{""block_cap"": 0.08}",False,
case_090,1,1,3,capls,c8,0,0.264,0.561,True,691267,11951640,9960984,1990656,14179992,,,95,1178363,,1.704642345143049,"{""block_cap"": 0.005}",False,
case_090,1,1,3,capls,c9,0,0.05,0.529,True,657430,21438504,4296960,17141544,23666856,,,3,1178363,,1.7923778957455547,"{""block_cap"": 0.35, ""max_ops"": 2000}",False,
case_090,1,1,3,capls,c10,0,0.042,0.807,True,769224,21498480,2148480,19350000,23726832,,,2,1178363,,1.5318853805913493,"{""block_cap"": 0.35, ""cores_used"": 2}",False,
case_090,1,1,3,capls,c11,0,0.023,1.18,True,1178363,21233592,0,21233592,23461944,,,1,1178363,,1.0,"{""block_cap"": 0.35, ""cores_used"": 1}",False,
case_090,1,1,3,capls,c12,0,0.052,0.529,True,657430,21438504,4296960,17141544,23666856,,,3,1178363,,1.7923778957455547,"{""block_cap"": 0.35, ""init"": ""rr"", ""level_mode"": ""alap_fill""}",False,
case_090,1,1,3,capls,c13,0,0.068,0.529,True,657430,21438504,4296960,17141544,23666856,,,3,1178363,,1.7923778957455547,"{""block_cap"": 0.35, ""init"": ""rr"", ""level_mode"": ""alap_compress""}",False,
case_090,1,1,3,capls,sa1,0,0.56,0.556,True,506027,21721008,16274976,5446032,23949360,,,20,1178363,,2.3286563760431758,"{""anneal"": true, ""anneal_seconds"": 1.475}",True,
case_090,1,1,3,capls,sa2,0,0.85,0.848,True,511784,20883024,14998560,5884464,23111376,,,24,1178363,,2.302461585356322,"{""anneal"": true, ""anneal_seconds"": 1.475}",False,
case_090,1,1,3,capls,sa3,0,0.485,0.483,True,511784,20889168,15004704,5884464,23117520,,,25,1178363,,2.302461585356322,"{""anneal"": true, ""anneal_seconds"": 1.475}",False,
case_090,1,1,3,capls,_best,0,,0.556,True,506027,21721008,,,,,,20,1178363,,2.3286563760431758,"{""anneal"": true}",True,results\plans\case_090_p1_n3_capls_best.json
case_090,1,1,4,capls,c0,0,0.084,0.47,True,608275,21392136,6445440,14946696,23620488,,,4,1178363,,1.9372208293945994,"{""block_cap"": 0.35}",False,
case_090,1,1,4,capls,c1,0,0.169,0.527,True,665426,11280048,7256688,4023360,13508400,,,51,1178363,,1.770840033301975,"{""block_cap"": 0.15}",False,
case_090,1,1,4,capls,c2,0,0.085,0.47,True,608275,21392136,6445440,14946696,23620488,,,4,1178363,,1.9372208293945994,"{""block_cap"": 0.35, ""init"": ""rr""}",False,
case_090,1,1,4,capls,c3,0,0.075,0.474,True,608275,21392136,6445440,14946696,23620488,,,4,1178363,,1.9372208293945994,"{""block_cap"": 0.35, ""init"": ""contig""}",False,
case_090,1,1,4,capls,c4,0,0.079,0.426,True,565296,25781760,25781760,0,28010112,,,13,1178363,,2.084506170218788,"{""block_cap"": 0.35, ""subgraph_mode"": ""block""}",True,
case_090,1,1,4,capls,c5,0,0.079,0.426,True,565296,25781760,25781760,0,28010112,,,13,1178363,,2.084506170218788,"{""block_cap"": 0.35, ""init"": ""rr"", ""subgraph_mode"": ""block""}",False,
case_090,1,1,4,capls,c6,0,0.085,0.47,True,608275,21392136,6445440,14946696,23620488,,,4,1178363,,1.9372208293945994,"{""block_cap"": 0.6, ""comm_weight"": 1e-06}",False,
case_090,1,1,4,capls,c7,0,0.16,0.527,True,665426,11280048,7256688,4023360,13508400,,,51,1178363,,1.770840033301975,"{""block_cap"": 0.08}",False,
case_090,1,1,4,capls,c8,0,0.256,0.774,True,603398,9213384,9213384,0,11441736,,,173,1178363,,1.9528785312513466,"{""block_cap"": 0.005}",False,
case_090,1,1,4,capls,c9,0,0.088,0.47,True,608275,21392136,6445440,14946696,23620488,,,4,1178363,,1.9372208293945994,"{""block_cap"": 0.35, ""max_ops"": 2000}",False,
case_090,1,1,4,capls,c10,0,0.064,0.628,True,657430,21438504,4296960,17141544,23666856,,,3,1178363,,1.7923778957455547,"{""block_cap"": 0.35, ""cores_used"": 3}",False,
case_090,1,1,4,capls,c11,0,0.047,1.615,True,769224,21498480,2148480,19350000,23726832,,,2,1178363,,1.5318853805913493,"{""block_cap"": 0.35, ""cores_used"": 2}",False,
case_090,1,1,4,capls,c12,0,0.088,0.47,True,608275,21392136,6445440,14946696,23620488,,,4,1178363,,1.9372208293945994,"{""block_cap"": 0.35, ""init"": ""rr"", ""level_mode"": ""alap_fill""}",False,
case_090,1,1,4,capls,c13,0,0.066,0.47,True,608275,21392136,6445440,14946696,23620488,,,4,1178363,,1.9372208293945994,"{""block_cap"": 0.35, ""init"": ""rr"", ""level_mode"": ""alap_compress""}",False,
case_090,1,1,4,capls,sa1,0,0.478,0.475,True,602241,22333896,11939400,10394496,24562248,,,13,1178363,,1.9566303190915264,"{""anneal"": true, ""anneal_seconds"": 1.017}",False,
case_090,1,1,4,capls,sa2,0,0.497,0.495,True,602404,22343112,11948616,10394496,24571464,,,14,1178363,,1.9561008891043221,"{""anneal"": true, ""anneal_seconds"": 1.017}",False,
case_090,1,1,4,capls,sa3,0,0.59,0.589,True,581364,22343112,11948616,10394496,24571464,,,14,1178363,,2.0268936501056136,"{""anneal"": true, ""anneal_seconds"": 1.017}",False,
case_090,1,1,4,capls,_best,0,0.082,0.426,True,565296,25781760,25781760,0,28010112,,,13,1178363,,2.084506170218788,"{""block_cap"": 0.35, ""subgraph_mode"": ""block""}",True,results\plans\case_090_p1_n4_capls_best.json
case_089,1,1,5,capls,c0,0,0.336,1.765,True,147432,954880,954880,0,1521280,,,5,693092,,4.701096098540344,"{""block_cap"": 0.35}",False,
case_089,1,1,5,capls,c1,0,0.329,1.765,True,147432,954880,954880,0,1521280,,,5,693092,,4.701096098540344,"{""block_cap"": 0.15}",False,
case_089,1,1,5,capls,c2,0,0.329,1.765,True,147432,954880,954880,0,1521280,,,5,693092,,4.701096098540344,"{""block_cap"": 0.35, ""init"": ""rr""}",False,
case_089,1,1,5,capls,c3,0,0.322,1.688,True,147432,954880,954880,0,1521280,,,5,693092,,4.701096098540344,"{""block_cap"": 0.35, ""init"": ""contig""}",False,
case_089,1,1,5,capls,c4,0,0.292,2.106,True,210236,9310080,9310080,0,9876480,,,40,693092,,3.2967331950760097,"{""block_cap"": 0.35, ""subgraph_mode"": ""block""}",False,
case_089,1,1,5,capls,c5,0,0.318,2.106,True,210236,9310080,9310080,0,9876480,,,40,693092,,3.2967331950760097,"{""block_cap"": 0.35, ""init"": ""rr"", ""subgraph_mode"": ""block""}",False,
case_089,1,1,5,capls,c6,0,0.34,1.765,True,147432,954880,954880,0,1521280,,,5,693092,,4.701096098540344,"{""block_cap"": 0.6, ""comm_weight"": 1e-06}",False,
case_089,1,1,5,capls,c7,0,0.476,1.89,True,271846,3240448,3240448,0,3806848,,,63,693092,,2.549575862804676,"{""block_cap"": 0.08}",False,
case_089,1,1,5,capls,c8,0,0.597,1.861,True,369623,6484480,6484480,0,7050880,,,96,693092,,1.8751322293255561,"{""block_cap"": 0.005}",False,
case_089,1,1,5,capls,c9,0,0.313,1.765,True,147432,954880,954880,0,1521280,,,5,693092,,4.701096098540344,"{""block_cap"": 0.35, ""max_ops"": 2000}",False,
case_089,1,1,5,capls,c10,0,0.236,3.242,True,178160,716160,716160,0,1282560,,,4,693092,,3.8902784014369107,"{""block_cap"": 0.35, ""cores_used"": 4}",False,
case_089,1,1,5,capls,c11,0,0.124,3.688,True,346832,238720,238720,0,805120,,,2,693092,,1.998350786547954,"{""block_cap"": 0.35, ""cores_used"": 2}",False,
case_089,1,1,5,capls,c12,0,0.315,1.765,True,147432,954880,954880,0,1521280,,,5,693092,,4.701096098540344,"{""block_cap"": 0.35, ""init"": ""rr"", ""level_mode"": ""alap_fill""}",False,
case_089,1,1,5,capls,c13,0,0.295,1.765,True,147432,954880,954880,0,1521280,,,5,693092,,4.701096098540344,"{""block_cap"": 0.35, ""init"": ""rr"", ""level_mode"": ""alap_compress""}",False,
case_089,1,1,5,capls,sa1,0,2.586,2.579,True,145795,1081856,1081856,0,1648256,,,6,693092,,4.753880448575054,"{""anneal"": true, ""anneal_seconds"": 10.36}",False,
case_089,1,1,5,capls,sa2,0,2.457,2.453,True,145795,1081856,1081856,0,1648256,,,6,693092,,4.753880448575054,"{""anneal"": true, ""anneal_seconds"": 10.36}",False,
case_089,1,1,5,capls,sa3,0,2.236,2.232,True,144382,1208832,1208832,0,1775232,,,7,693092,,4.800404482553227,"{""anneal"": true, ""anneal_seconds"": 10.36}",True,
case_089,1,1,5,capls,_best,0,,2.232,True,144382,1208832,,,,,,7,693092,,4.800404482553227,"{""anneal"": true}",True,results\plans\case_089_p1_n5_capls_best.json
case_087,1,1,3,capls,c0,0,1.433,36.405,True,1558840,18738296,11125880,7612416,24657394,,,74,3974071,,2.549377100921198,"{""block_cap"": 0.35}",True,
case_087,1,1,3,capls,c1,0,1.737,36.405,True,1558840,18738296,11125880,7612416,24657394,,,74,3974071,,2.549377100921198,"{""block_cap"": 0.15}",False,
case_087,1,1,3,capls,c2,0,2.12,34.207,True,1641391,19563334,11950918,7612416,25482432,,,72,3974071,,2.421160466945414,"{""block_cap"": 0.35, ""init"": ""rr""}",False,
case_087,1,1,3,capls,c3,0,3.566,145.982,True,2458626,9699866,4372874,5326992,15618964,,,8,3974071,,1.6163788229686011,"{""block_cap"": 0.35, ""init"": ""contig""}",False,
case_087,1,1,3,capls,sa1,0,29.281,29.143,True,1566337,18739448,11127032,7612416,24658546,,,74,3974071,,2.537174950218248,"{""anneal"": true, ""anneal_seconds"": 6.568}",False,
case_087,1,1,3,capls,sa2,0,34.156,34.094,True,1566337,18738296,11125880,7612416,24657394,,,73,3974071,,2.537174950218248,"{""anneal"": true, ""anneal_seconds"": 6.568}",False,
case_087,1,1,3,capls,sa3,0,30.901,30.849,True,1566337,18740600,11128184,7612416,24659698,,,75,3974071,,2.537174950218248,"{""anneal"": true, ""anneal_seconds"": 6.568}",False,
case_087,1,1,3,capls,_best,0,1.172,36.405,True,1558840,18738296,11125880,7612416,24657394,,,74,3974071,,2.549377100921198,"{""block_cap"": 0.35}",True,results\plans\case_087_p1_n3_capls_best.json
case_090,1,1,5,capls,c0,0,0.341,0.561,True,576798,21541224,19430760,2110464,23769576,,,66,1178363,,2.0429387757932584,"{""block_cap"": 0.35}",False,
case_090,1,1,5,capls,c1,0,0.336,0.561,True,576798,21541224,19430760,2110464,23769576,,,66,1178363,,2.0429387757932584,"{""block_cap"": 0.15}",False,
case_090,1,1,5,capls,c2,0,0.37,0.57,True,577063,22366584,19712376,2654208,24594936,,,68,1178363,,2.0420006134512176,"{""block_cap"": 0.35, ""init"": ""rr""}",False,
case_090,1,1,5,capls,c3,0,0.314,0.427,True,804159,19830600,8089872,11740728,22058952,,,13,1178363,,1.4653358353260983,"{""block_cap"": 0.35, ""init"": ""contig""}",False,
case_090,1,1,5,capls,c4,0,0.315,0.913,True,997412,26625408,26625408,0,28853760,,,325,1178363,,1.1814205162961744,"{""block_cap"": 0.35, ""subgraph_mode"": ""block""}",False,
case_090,1,1,5,capls,c5,0,0.625,0.971,True,967648,26625408,26625408,0,28853760,,,325,1178363,,1.2177599705678097,"{""block_cap"": 0.35, ""init"": ""rr"", ""subgraph_mode"": ""block""}",False,
case_090,1,1,5,capls,c6,0,0.113,1.647,True,542638,21724704,8593920,13130784,23953056,,,5,1178363,,2.171545302761694,"{""block_cap"": 0.6, ""comm_weight"": 1e-06}",False,
case_090,1,1,5,capls,c7,0,0.35,0.561,True,576798,21541224,19430760,2110464,23769576,,,66,1178363,,2.0429387757932584,"{""block_cap"": 0.08}",False,
case_090,1,1,5,capls,c8,0,0.508,0.918,True,661478,21998640,21832752,165888,24226992,,,186,1178363,,1.7814092078648118,"{""block_cap"": 0.005}",False,
case_090,1,1,5,capls,c9,0,0.347,0.561,True,576798,21541224,19430760,2110464,23769576,,,66,1178363,,2.0429387757932584,"{""block_cap"": 0.35, ""max_ops"": 2000}",False,
case_090,1,1,5,capls,c10,0,0.085,0.564,True,608275,21392136,6445440,14946696,23620488,,,4,1178363,,1.9372208293945994,"{""block_cap"": 0.35, ""cores_used"": 4}",False,
case_090,1,1,5,capls,c11,0,0.045,0.797,True,769224,21498480,2148480,19350000,23726832,,,2,1178363,,1.5318853805913493,"{""block_cap"": 0.35, ""cores_used"": 2}",False,
case_090,1,1,5,capls,c12,0,0.397,0.464,True,559222,22318944,19664736,2654208,24547296,,,70,1178363,,2.107147072182425,"{""block_cap"": 0.35, ""init"": ""rr"", ""level_mode"": ""alap_fill""}",False,
case_090,1,1,5,capls,c13,0,0.309,0.464,True,559222,22318944,19664736,2654208,24547296,,,70,1178363,,2.107147072182425,"{""block_cap"": 0.35, ""init"": ""rr"", ""level_mode"": ""alap_compress""}",False,
case_090,1,1,5,capls,sa1,0,0.463,0.46,True,507364,21204864,8623872,12580992,23433216,,,7,1178363,,2.3225199265221814,"{""anneal"": true, ""anneal_seconds"": 1.394}",True,
case_090,1,1,5,capls,sa2,0,0.473,0.47,True,510587,21207936,8617728,12590208,23436288,,,6,1178363,,2.307859385374089,"{""anneal"": true, ""anneal_seconds"": 1.394}",False,
case_090,1,1,5,capls,sa3,0,0.437,0.435,True,510587,21207936,8617728,12590208,23436288,,,6,1178363,,2.307859385374089,"{""anneal"": true, ""anneal_seconds"": 1.394}",False,
case_090,1,1,5,capls,_best,0,,0.46,True,507364,21204864,,,,,,7,1178363,,2.3225199265221814,"{""anneal"": true}",True,results\plans\case_090_p1_n5_capls_best.json
case_087,1,1,4,capls,c0,0,2.426,39.326,True,1214797,22219660,15837580,6382080,28138758,,,97,3974071,,3.271386906618966,"{""block_cap"": 0.35}",False,
case_087,1,1,4,capls,c1,0,1.966,39.326,True,1214797,22219660,15837580,6382080,28138758,,,97,3974071,,3.271386906618966,"{""block_cap"": 0.15}",False,
case_087,1,1,4,capls,c2,0,3.234,35.417,True,1170353,22068622,15778702,6289920,27987720,,,99,3974071,,3.395617390650513,"{""block_cap"": 0.35, ""init"": ""rr""}",True,
case_087,1,1,4,capls,c3,0,1.541,270.683,True,1851844,9278078,3955454,5322624,15197176,,,5,3974071,,2.146007439071542,"{""block_cap"": 0.35, ""init"": ""contig""}",False,
case_087,1,1,4,capls,sa1,0,29.602,29.492,True,1172764,22068622,15778702,6289920,27987720,,,99,3974071,,3.388636588435525,"{""anneal"": true, ""anneal_seconds"": 6.262}",False,
case_087,1,1,4,capls,sa2,0,30.801,30.745,True,1173106,22073742,15783822,6289920,27992840,,,100,3974071,,3.38764868647846,"{""anneal"": true, ""anneal_seconds"": 6.262}",False,
case_087,1,1,4,capls,sa3,0,28.69,28.633,True,1175761,22068622,15778702,6289920,27987720,,,99,3974071,,3.3799989963946753,"{""anneal"": true, ""anneal_seconds"": 6.262}",False,
case_087,1,1,4,capls,_best,0,2.874,35.417,True,1170353,22068622,15778702,6289920,27987720,,,99,3974071,,3.395617390650513,"{""block_cap"": 0.35, ""init"": ""rr""}",True,results\plans\case_087_p1_n4_capls_best.json
case_087,1,1,5,capls,c0,0,2.832,39.1,True,996858,24196298,19058378,5137920,30115396,,,120,3974071,,3.9865968874202746,"{""block_cap"": 0.35}",False,
case_087,1,1,5,capls,c1,0,2.069,39.1,True,996858,24196298,19058378,5137920,30115396,,,120,3974071,,3.9865968874202746,"{""block_cap"": 0.15}",False,
case_087,1,1,5,capls,c2,0,3.167,36.908,True,1001730,23099994,18256986,4843008,29019092,,,119,3974071,,3.967207730626017,"{""block_cap"": 0.35, ""init"": ""rr""}",False,
case_087,1,1,5,capls,c3,0,3.37,294.263,True,1433034,9784376,4922936,4861440,15703474,,,6,3974071,,2.7731868190147617,"{""block_cap"": 0.35, ""init"": ""contig""}",False,
case_087,1,1,5,capls,sa1,0,34.092,33.944,True,996825,24208588,19070668,5137920,30127686,,,121,3974071,,3.986728864143656,"{""anneal"": true, ""anneal_seconds"": 5.621}",False,
case_087,1,1,5,capls,sa2,0,33.45,33.385,True,996834,24208588,19070668,5137920,30127686,,,122,3974071,,3.9866928696252333,"{""anneal"": true, ""anneal_seconds"": 5.621}",False,
case_087,1,1,5,capls,sa3,0,29.094,29.042,True,996818,24214732,19076812,5137920,30133830,,,123,3974071,,3.9867568603295687,"{""anneal"": true, ""anneal_seconds"": 5.621}",True,
case_087,1,1,5,capls,_best,0,,29.042,True,996818,24214732,,,,,,123,3974071,,3.9867568603295687,"{""anneal"": true}",True,results\plans\case_087_p1_n5_capls_best.json
case_085,1,1,2,capls,c0,0,0.514,29.157,True,3190454,1142228,1142228,0,2831962,,,6,3187899,,0.9991991735345502,"{""block_cap"": 0.35}",False,
case_085,1,1,2,capls,c1,0,0.669,8.834,True,3207844,5498230,5436790,61440,7187964,,,24,3187899,,0.9937824283225742,"{""block_cap"": 0.15}",False,
case_085,1,1,2,capls,c2,0,0.75,16.682,True,3193714,1918940,1918940,0,3608674,,,8,3187899,,0.9981792358363961,"{""block_cap"": 0.35, ""init"": ""rr""}",False,
case_085,1,1,2,capls,c3,0,0.652,63.433,True,3188020,402312,402312,0,2092046,,,3,3187899,,0.9999620454074943,"{""block_cap"": 0.35, ""init"": ""contig""}",False,
case_085,1,1,2,capls,sa1,0,138.003,137.935,True,3187899,0,0,0,1689734,,,1,3187899,,1.0,"{""anneal"": true, ""anneal_seconds"": 71.124}",True,
case_085,1,1,2,capls,sa2,0,0.026,180.141,True,3187899,0,0,0,1689734,,,1,3187899,,1.0,"{""anneal"": true, ""anneal_seconds"": 71.124}",False,
case_085,1,1,2,capls,sa3,0,71.217,71.182,True,3224506,700164,700164,0,2389898,,,2,3187899,,0.9886472532536766,"{""anneal"": true, ""anneal_seconds"": 71.124}",False,
case_085,1,1,2,capls,_best,0,,137.935,True,3187899,0,,,,,,1,3187899,,1.0,"{""anneal"": true}",True,results\plans\case_085_p1_n2_capls_best.json
case_092,1,1,3,capls,c0,0,0.648,108.81,True,2231804,66784736,1860800,64923936,70041664,,,3,4815554,,2.157695747476033,"{""block_cap"": 0.35}",False,
case_092,1,1,3,capls,c1,0,0.468,108.81,True,2231804,66784736,1860800,64923936,70041664,,,3,4815554,,2.157695747476033,"{""block_cap"": 0.15}",False,
case_092,1,1,3,capls,c2,0,0.553,108.81,True,2231804,66784736,1860800,64923936,70041664,,,3,4815554,,2.157695747476033,"{""block_cap"": 0.35, ""init"": ""rr""}",False,
case_092,1,1,3,capls,c3,0,0.658,103.256,True,2231804,66784736,1860800,64923936,70041664,,,3,4815554,,2.157695747476033,"{""block_cap"": 0.35, ""init"": ""contig""}",False,
case_092,1,1,3,capls,sa1,0,49.987,49.899,True,1955002,51687840,3400896,48286944,54944768,,,4,4815554,,2.4631964570880234,"{""anneal"": true, ""anneal_seconds"": 25.755}",False,
case_092,1,1,3,capls,sa2,0,51.176,51.153,True,1712197,36783456,5133504,31649952,40040384,,,6,4815554,,2.8124999634971912,"{""anneal"": true, ""anneal_seconds"": 25.755}",False,
case_092,1,1,3,capls,sa3,0,45.68,45.646,True,1712160,36590944,4940992,31649952,39847872,,,5,4815554,,2.8125607419867302,"{""anneal"": true, ""anneal_seconds"": 25.755}",True,
case_092,1,1,3,capls,_best,0,,45.646,True,1712160,36590944,,,,,,5,4815554,,2.8125607419867302,"{""anneal"": true}",True,results\plans\case_092_p1_n3_capls_best.json
case_079,1,1,5,capls,c0,0,1.041,56.156,True,6854659,32874496,8650752,24223744,42225664,,,5,31052251,,4.530094203081437,"{""block_cap"": 0.35}",False,
case_079,1,1,5,capls,c1,0,1.324,333.167,True,6075976,47677440,23248896,24428544,57028608,,,5,31052251,,5.110660575354478,"{""block_cap"": 0.15}",True,
case_079,1,1,5,capls,c2,0,1.173,56.156,True,6854659,32874496,8650752,24223744,42225664,,,5,31052251,,4.530094203081437,"{""block_cap"": 0.35, ""init"": ""rr""}",False,
case_079,1,1,5,capls,c3,0,1.117,86.804,True,6854659,32874496,8650752,24223744,42225664,,,5,31052251,,4.530094203081437,"{""block_cap"": 0.35, ""init"": ""contig""}",False,
case_079,1,1,5,capls,sa1,0,187.578,187.461,True,6743802,93198336,69060608,24137728,102549504,,,6,31052251,,4.6045614921671785,"{""anneal"": true, ""anneal_seconds"": 95.783}",False,
case_079,1,1,5,capls,sa2,0,239.519,239.476,True,6746366,93198336,69060608,24137728,102549504,,,6,31052251,,4.602811498812843,"{""anneal"": true, ""anneal_seconds"": 95.783}",False,
case_079,1,1,5,capls,sa3,0,232.807,232.765,True,6861817,94009344,69871616,24137728,103360512,,,6,31052251,,4.525368572201795,"{""anneal"": true, ""anneal_seconds"": 95.783}",False,
case_079,1,1,5,capls,_best,0,1.172,333.167,True,6075976,47677440,23248896,24428544,57028608,,,5,31052251,,5.110660575354478,"{""block_cap"": 0.15}",True,results\plans\case_079_p1_n5_capls_best.json
case_076,1,1,4,capls,c7,0,0.035,949.399,True,1541078,37361664,12223488,25138176,41632338,,,4,6185113,,4.013497694471013,"{""block_cap"": 0.08, ""proxy_fallback"": true}",True,results\plans\case_076_p1_n4_capls_best.json
case_076,1,1,4,capls,sa1,0,663.538,663.269,True,1759148,55168000,34081792,21086208,59438674,,,5,6185113,,3.5159707995006673,"{""anneal"": true, ""anneal_seconds"": 221.115}",False,
case_093,1,1,2,capls,c0,0,0.023,0.17,True,37827,8192,8192,0,722944,,,2,74205,,1.9616940280751844,"{""block_cap"": 0.35}",True,
case_093,1,1,2,capls,c1,0,0.022,0.17,True,37827,8192,8192,0,722944,,,2,74205,,1.9616940280751844,"{""block_cap"": 0.15}",False,
case_093,1,1,2,capls,c2,0,0.018,0.17,True,37827,8192,8192,0,722944,,,2,74205,,1.9616940280751844,"{""block_cap"": 0.35, ""init"": ""rr""}",False,
case_093,1,1,2,capls,c3,0,0.019,0.161,True,37827,8192,8192,0,722944,,,2,74205,,1.9616940280751844,"{""block_cap"": 0.35, ""init"": ""contig""}",False,
case_093,1,1,2,capls,c4,0,0.023,0.169,True,52785,557056,557056,0,1271808,,,69,74205,,1.4057971014492754,"{""block_cap"": 0.35, ""subgraph_mode"": ""block""}",False,
case_093,1,1,2,capls,c5,0,0.018,0.169,True,52785,557056,557056,0,1271808,,,69,74205,,1.4057971014492754,"{""block_cap"": 0.35, ""init"": ""rr"", ""subgraph_mode"": ""block""}",False,
case_093,1,1,2,capls,c6,0,0.019,0.17,True,37827,8192,8192,0,722944,,,2,74205,,1.9616940280751844,"{""block_cap"": 0.6, ""comm_weight"": 1e-06}",False,
case_093,1,1,2,capls,c7,0,0.02,0.17,True,37827,8192,8192,0,722944,,,2,74205,,1.9616940280751844,"{""block_cap"": 0.08}",False,
case_093,1,1,2,capls,c8,0,0.043,0.244,True,55233,1417216,1417216,0,2131968,,,5,74205,,1.3434903047091413,"{""block_cap"": 0.005}",False,
case_093,1,1,2,capls,c9,0,0.017,0.17,True,37827,8192,8192,0,722944,,,2,74205,,1.9616940280751844,"{""block_cap"": 0.35, ""max_ops"": 2000}",False,
case_093,1,1,2,capls,c10,0,0.006,0.199,True,74205,0,0,0,714752,,,1,74205,,1.0,"{""block_cap"": 0.35, ""cores_used"": 1}",False,
case_093,1,1,2,capls,c11,0,0.007,0.199,True,74205,0,0,0,714752,,,1,74205,,1.0,"{""block_cap"": 0.35, ""cores_used"": 1}",False,
case_093,1,1,2,capls,c12,0,0.019,0.17,True,37827,8192,8192,0,722944,,,2,74205,,1.9616940280751844,"{""block_cap"": 0.35, ""init"": ""rr"", ""level_mode"": ""alap_fill""}",False,
case_093,1,1,2,capls,c13,0,0.021,0.17,True,37827,8192,8192,0,722944,,,2,74205,,1.9616940280751844,"{""block_cap"": 0.35, ""init"": ""rr"", ""level_mode"": ""alap_compress""}",False,
case_093,1,1,2,capls,sa1,0,0.22,0.215,True,42899,565248,565248,0,1280000,,,3,74205,,1.7297606004801978,"{""anneal"": true, ""anneal_seconds"": 11.124}",False,
case_093,1,1,2,capls,sa2,0,0.551,0.55,True,44086,581632,581632,0,1296384,,,3,74205,,1.6831874064328811,"{""anneal"": true, ""anneal_seconds"": 11.124}",False,
case_093,1,1,2,capls,sa3,0,0.167,0.166,True,74542,8192,8192,0,722944,,,2,74205,,0.995479058785651,"{""anneal"": true, ""anneal_seconds"": 11.124}",False,
case_093,1,1,2,capls,_best,0,0.018,0.17,True,37827,8192,8192,0,722944,,,2,74205,,1.9616940280751844,"{""block_cap"": 0.35}",True,results\plans\case_093_p1_n2_capls_best.json
case_093,1,1,3,capls,c0,0,0.027,0.143,True,25103,16384,16384,0,731136,,,3,74205,,2.956021192686133,"{""block_cap"": 0.35}",True,
case_093,1,1,3,capls,c1,0,0.029,0.143,True,25103,16384,16384,0,731136,,,3,74205,,2.956021192686133,"{""block_cap"": 0.15}",False,
case_093,1,1,3,capls,c2,0,0.03,0.143,True,25103,16384,16384,0,731136,,,3,74205,,2.956021192686133,"{""block_cap"": 0.35, ""init"": ""rr""}",False,
case_093,1,1,3,capls,c3,0,0.026,0.147,True,25103,16384,16384,0,731136,,,3,74205,,2.956021192686133,"{""block_cap"": 0.35, ""init"": ""contig""}",False,
case_093,1,1,3,capls,c4,0,0.027,0.181,True,37137,557056,557056,0,1271808,,,69,74205,,1.9981420147023183,"{""block_cap"": 0.35, ""subgraph_mode"": ""block""}",False,
case_093,1,1,3,capls,c5,0,0.027,0.181,True,37137,557056,557056,0,1271808,,,69,74205,,1.9981420147023183,"{""block_cap"": 0.35, ""init"": ""rr"", ""subgraph_mode"": ""block""}",False,
case_093,1,1,3,capls,c6,0,0.027,0.143,True,25103,16384,16384,0,731136,,,3,74205,,2.956021192686133,"{""block_cap"": 0.6, ""comm_weight"": 1e-06}",False,
case_093,1,1,3,capls,c7,0,0.025,0.143,True,25103,16384,16384,0,731136,,,3,74205,,2.956021192686133,"{""block_cap"": 0.08}",False,
case_093,1,1,3,capls,c8,0,0.105,0.233,True,40300,1228800,1228800,0,1943552,,,7,74205,,1.8413151364764269,"{""block_cap"": 0.005}",False,
case_093,1,1,3,capls,c9,0,0.024,0.143,True,25103,16384,16384,0,731136,,,3,74205,,2.956021192686133,"{""block_cap"": 0.35, ""max_ops"": 2000}",False,
case_093,1,1,3,capls,c10,0,0.017,0.166,True,37827,8192,8192,0,722944,,,2,74205,,1.9616940280751844,"{""block_cap"": 0.35, ""cores_used"": 2}",False,
case_093,1,1,3,capls,c11,0,0.006,0.212,True,74205,0,0,0,714752,,,1,74205,,1.0,"{""block_cap"": 0.35, ""cores_used"": 1}",False,
case_093,1,1,3,capls,c12,0,0.026,0.143,True,25103,16384,16384,0,731136,,,3,74205,,2.956021192686133,"{""block_cap"": 0.35, ""init"": ""rr"", ""level_mode"": ""alap_fill""}",False,
case_093,1,1,3,capls,c13,0,0.027,0.143,True,25103,16384,16384,0,731136,,,3,74205,,2.956021192686133,"{""block_cap"": 0.35, ""init"": ""rr"", ""level_mode"": ""alap_compress""}",False,
case_093,1,1,3,capls,sa1,0,0.207,0.205,True,29247,393216,393216,0,1107968,,,4,74205,,2.5371833008513693,"{""anneal"": true, ""anneal_seconds"": 5.541}",False,
case_093,1,1,3,capls,sa2,0,0.202,0.201,True,29247,393216,393216,0,1107968,,,4,74205,,2.5371833008513693,"{""anneal"": true, ""anneal_seconds"": 5.541}",False,
case_093,1,1,3,capls,sa3,0,0.203,0.201,True,29247,393216,393216,0,1107968,,,4,74205,,2.5371833008513693,"{""anneal"": true, ""anneal_seconds"": 5.541}",False,
case_093,1,1,3,capls,_best,0,0.02,0.143,True,25103,16384,16384,0,731136,,,3,74205,,2.956021192686133,"{""block_cap"": 0.35}",True,results\plans\case_093_p1_n3_capls_best.json
case_093,1,1,4,capls,c0,0,0.035,0.784,True,19779,24576,24576,0,739328,,,4,74205,,3.751706355225239,"{""block_cap"": 0.35}",True,
case_093,1,1,4,capls,c1,0,0.033,0.784,True,19779,24576,24576,0,739328,,,4,74205,,3.751706355225239,"{""block_cap"": 0.15}",False,
case_093,1,1,4,capls,c2,0,0.039,0.784,True,19779,24576,24576,0,739328,,,4,74205,,3.751706355225239,"{""block_cap"": 0.35, ""init"": ""rr""}",False,
case_093,1,1,4,capls,c3,0,0.037,0.142,True,19779,24576,24576,0,739328,,,4,74205,,3.751706355225239,"{""block_cap"": 0.35, ""init"": ""contig""}",False,
case_093,1,1,4,capls,c4,0,0.04,0.266,True,31229,557056,557056,0,1271808,,,69,74205,,2.376156777354382,"{""block_cap"": 0.35, ""subgraph_mode"": ""block""}",False,
case_093,1,1,4,capls,c5,0,0.035,0.266,True,31229,557056,557056,0,1271808,,,69,74205,,2.376156777354382,"{""block_cap"": 0.35, ""init"": ""rr"", ""subgraph_mode"": ""block""}",False,
case_093,1,1,4,capls,c6,0,0.039,0.784,True,19779,24576,24576,0,739328,,,4,74205,,3.751706355225239,"{""block_cap"": 0.6, ""comm_weight"": 1e-06}",False,
case_093,1,1,4,capls,c7,0,0.033,0.784,True,19779,24576,24576,0,739328,,,4,74205,,3.751706355225239,"{""block_cap"": 0.08}",False,
case_093,1,1,4,capls,c8,0,0.141,0.265,True,36485,1089536,1089536,0,1804288,,,9,74205,,2.03384952720296,"{""block_cap"": 0.005}",False,
case_093,1,1,4,capls,c9,0,0.039,0.784,True,19779,24576,24576,0,739328,,,4,74205,,3.751706355225239,"{""block_cap"": 0.35, ""max_ops"": 2000}",False,
case_093,1,1,4,capls,c10,0,0.019,0.139,True,25103,16384,16384,0,731136,,,3,74205,,2.956021192686133,"{""block_cap"": 0.35, ""cores_used"": 3}",False,
case_093,1,1,4,capls,c11,0,0.02,0.17,True,37827,8192,8192,0,722944,,,2,74205,,1.9616940280751844,"{""block_cap"": 0.35, ""cores_used"": 2}",False,
case_093,1,1,4,capls,c12,0,0.037,0.784,True,19779,24576,24576,0,739328,,,4,74205,,3.751706355225239,"{""block_cap"": 0.35, ""init"": ""rr"", ""level_mode"": ""alap_fill""}",False,
case_093,1,1,4,capls,c13,0,0.041,0.784,True,19779,24576,24576,0,739328,,,4,74205,,3.751706355225239,"{""block_cap"": 0.35, ""init"": ""rr"", ""level_mode"": ""alap_compress""}",False,
case_093,1,1,4,capls,sa1,0,0.154,0.152,True,22008,303104,303104,0,1017856,,,5,74205,,3.3717284623773174,"{""anneal"": true, ""anneal_seconds"": 3.052}",False,
case_093,1,1,4,capls,sa2,0,0.123,0.122,True,22008,303104,303104,0,1017856,,,5,74205,,3.3717284623773174,"{""anneal"": true, ""anneal_seconds"": 3.052}",False,
case_093,1,1,4,capls,sa3,0,0.111,0.11,True,22008,303104,303104,0,1017856,,,5,74205,,3.3717284623773174,"{""anneal"": true, ""anneal_seconds"": 3.052}",False,
case_093,1,1,4,capls,_best,0,0.024,0.784,True,19779,24576,24576,0,739328,,,4,74205,,3.751706355225239,"{""block_cap"": 0.35}",True,results\plans\case_093_p1_n4_capls_best.json
case_093,1,1,5,capls,c0,0,0.032,0.147,True,15876,32768,32768,0,747520,,,5,74205,,4.674036281179139,"{""block_cap"": 0.35}",True,
case_093,1,1,5,capls,c1,0,0.031,0.147,True,15876,32768,32768,0,747520,,,5,74205,,4.674036281179139,"{""block_cap"": 0.15}",False,
case_093,1,1,5,capls,c2,0,0.031,0.147,True,15876,32768,32768,0,747520,,,5,74205,,4.674036281179139,"{""block_cap"": 0.35, ""init"": ""rr""}",False,
case_093,1,1,5,capls,c3,0,0.031,0.129,True,15876,32768,32768,0,747520,,,5,74205,,4.674036281179139,"{""block_cap"": 0.35, ""init"": ""contig""}",False,
case_093,1,1,5,capls,c4,0,0.04,0.214,True,28635,557056,557056,0,1271808,,,69,74205,,2.5914091147197484,"{""block_cap"": 0.35, ""subgraph_mode"": ""block""}",False,
case_093,1,1,5,capls,c5,0,0.046,0.214,True,28635,557056,557056,0,1271808,,,69,74205,,2.5914091147197484,"{""block_cap"": 0.35, ""init"": ""rr"", ""subgraph_mode"": ""block""}",False,
case_093,1,1,5,capls,c6,0,0.05,0.147,True,15876,32768,32768,0,747520,,,5,74205,,4.674036281179139,"{""block_cap"": 0.6, ""comm_weight"": 1e-06}",False,
case_093,1,1,5,capls,c7,0,0.053,0.147,True,15876,32768,32768,0,747520,,,5,74205,,4.674036281179139,"{""block_cap"": 0.08}",False,
case_093,1,1,5,capls,c8,0,0.265,0.242,True,39332,1089536,1089536,0,1804288,,,9,74205,,1.8866317502288212,"{""block_cap"": 0.005}",False,
case_093,1,1,5,capls,c9,0,0.059,0.147,True,15876,32768,32768,0,747520,,,5,74205,,4.674036281179139,"{""block_cap"": 0.35, ""max_ops"": 2000}",False,
case_093,1,1,5,capls,c10,0,0.041,1.159,True,19779,24576,24576,0,739328,,,4,74205,,3.751706355225239,"{""block_cap"": 0.35, ""cores_used"": 4}",False,
case_093,1,1,5,capls,c11,0,0.021,0.152,True,37827,8192,8192,0,722944,,,2,74205,,1.9616940280751844,"{""block_cap"": 0.35, ""cores_used"": 2}",False,
case_093,1,1,5,capls,c12,0,0.05,0.147,True,15876,32768,32768,0,747520,,,5,74205,,4.674036281179139,"{""block_cap"": 0.35, ""init"": ""rr"", ""level_mode"": ""alap_fill""}",False,
case_093,1,1,5,capls,c13,0,0.047,0.147,True,15876,32768,32768,0,747520,,,5,74205,,4.674036281179139,"{""block_cap"": 0.35, ""init"": ""rr"", ""level_mode"": ""alap_compress""}",False,
case_093,1,1,5,capls,sa1,0,0.191,0.188,True,17448,245760,245760,0,960512,,,6,74205,,4.252922971114168,"{""anneal"": true, ""anneal_seconds"": 2.706}",False,
case_093,1,1,5,capls,sa2,0,0.174,0.173,True,18526,262144,262144,0,976896,,,6,74205,,4.00545179747382,"{""anneal"": true, ""anneal_seconds"": 2.706}",False,
case_093,1,1,5,capls,sa3,0,0.167,0.166,True,18526,262144,262144,0,976896,,,6,74205,,4.00545179747382,"{""anneal"": true, ""anneal_seconds"": 2.706}",False,
case_093,1,1,5,capls,_best,0,0.046,0.147,True,15876,32768,32768,0,747520,,,5,74205,,4.674036281179139,"{""block_cap"": 0.35}",True,results\plans\case_093_p1_n5_capls_best.json
case_094,1,1,2,capls,c0,0,0.019,0.166,True,49385,106272,106272,0,632964,,,2,94892,,1.9214741318214033,"{""block_cap"": 0.35}",True,
case_094,1,1,2,capls,c1,0,0.022,0.166,True,49385,106272,106272,0,632964,,,2,94892,,1.9214741318214033,"{""block_cap"": 0.15}",False,
case_094,1,1,2,capls,c2,0,0.024,0.156,True,50280,106272,106272,0,632964,,,2,94892,,1.8872712808273668,"{""block_cap"": 0.35, ""init"": ""rr""}",False,
case_094,1,1,2,capls,c3,0,0.024,0.149,True,58169,32256,32256,0,558948,,,2,94892,,1.6313156492289707,"{""block_cap"": 0.35, ""init"": ""contig""}",False,
case_094,1,1,2,capls,c4,0,0.017,0.126,True,58821,688032,688032,0,1214724,,,40,94892,,1.6132333690348686,"{""block_cap"": 0.35, ""subgraph_mode"": ""block""}",False,
case_094,1,1,2,capls,c5,0,0.024,0.124,True,59051,688032,688032,0,1214724,,,40,94892,,1.6069499246414116,"{""block_cap"": 0.35, ""init"": ""rr"", ""subgraph_mode"": ""block""}",False,
case_094,1,1,2,capls,c6,0,0.019,0.166,True,49385,106272,106272,0,632964,,,2,94892,,1.9214741318214033,"{""block_cap"": 0.6, ""comm_weight"": 1e-06}",False,
case_094,1,1,2,capls,c7,0,0.03,0.173,True,60690,316196,316196,0,842888,,,4,94892,,1.5635524798154556,"{""block_cap"": 0.08}",False,
case_094,1,1,2,capls,c8,0,0.045,0.206,True,64271,923436,923436,0,1450128,,,7,94892,,1.4764357175086742,"{""block_cap"": 0.005}",False,
case_094,1,1,2,capls,c9,0,0.018,0.166,True,49385,106272,106272,0,632964,,,2,94892,,1.9214741318214033,"{""block_cap"": 0.35, ""max_ops"": 2000}",False,
case_094,1,1,2,capls,c10,0,0.009,0.183,True,94892,0,0,0,526692,,,1,94892,,1.0,"{""block_cap"": 0.35, ""cores_used"": 1}",False,
case_094,1,1,2,capls,c11,0,0.009,0.183,True,94892,0,0,0,526692,,,1,94892,,1.0,"{""block_cap"": 0.35, ""cores_used"": 1}",False,
case_094,1,1,2,capls,c12,0,0.025,0.156,True,50280,106272,106272,0,632964,,,2,94892,,1.8872712808273668,"{""block_cap"": 0.35, ""init"": ""rr"", ""level_mode"": ""alap_fill""}",False,
case_094,1,1,2,capls,c13,0,0.026,0.156,True,50280,106272,106272,0,632964,,,2,94892,,1.8872712808273668,"{""block_cap"": 0.35, ""init"": ""rr"", ""level_mode"": ""alap_compress""}",False,
case_094,1,1,2,capls,sa1,0,0.203,0.197,True,49385,261664,261664,0,788356,,,3,94892,,1.9214741318214033,"{""anneal"": true, ""anneal_seconds"": 10.45}",False,
case_094,1,1,2,capls,sa2,0,0.198,0.197,True,51007,257120,257120,0,783812,,,3,94892,,1.8603721057894014,"{""anneal"": true, ""anneal_seconds"": 10.45}",False,
case_094,1,1,2,capls,sa3,0,0.165,0.163,True,94711,106272,106272,0,632964,,,2,94892,,1.0019110768548531,"{""anneal"": true, ""anneal_seconds"": 10.45}",False,
case_094,1,1,2,capls,_best,0,0.019,0.166,True,49385,106272,106272,0,632964,,,2,94892,,1.9214741318214033,"{""block_cap"": 0.35}",True,results\plans\case_094_p1_n2_capls_best.json
case_094,1,1,3,capls,c0,0,0.027,0.164,True,39716,212544,212544,0,739236,,,3,94892,,2.3892637727867863,"{""block_cap"": 0.35}",False,
case_094,1,1,3,capls,c1,0,0.036,0.172,True,50927,1103424,1103424,0,1630116,,,8,94892,,1.8632945196064956,"{""block_cap"": 0.15}",False,
case_094,1,1,3,capls,c2,0,0.024,0.169,True,34069,212544,212544,0,739236,,,3,94892,,2.7852886788576123,"{""block_cap"": 0.35, ""init"": ""rr""}",True,
case_094,1,1,3,capls,c3,0,0.036,0.173,True,38185,138240,138240,0,664932,,,3,94892,,2.4850595783684692,"{""block_cap"": 0.35, ""init"": ""contig""}",False,
case_094,1,1,3,capls,c4,0,0.029,0.14,True,46762,688032,688032,0,1214724,,,40,94892,,2.029254522903212,"{""block_cap"": 0.35, ""subgraph_mode"": ""block""}",False,
case_094,1,1,3,capls,c5,0,0.027,0.144,True,41999,688032,688032,0,1214724,,,40,94892,,2.259387128264959,"{""block_cap"": 0.35, ""init"": ""rr"", ""subgraph_mode"": ""block""}",False,
case_094,1,1,3,capls,c6,0,0.029,0.164,True,39716,212544,212544,0,739236,,,3,94892,,2.3892637727867863,"{""block_cap"": 0.6, ""comm_weight"": 1e-06}",False,
case_094,1,1,3,capls,c7,0,0.062,0.181,True,52835,1196612,1196612,0,1723304,,,9,94892,,1.7960064351282294,"{""block_cap"": 0.08}",False,
case_094,1,1,3,capls,c8,0,0.129,0.225,True,58864,1404240,1404240,0,1930932,,,11,94892,,1.6120549062245175,"{""block_cap"": 0.005}",False,
case_094,1,1,3,capls,c9,0,0.026,0.164,True,39716,212544,212544,0,739236,,,3,94892,,2.3892637727867863,"{""block_cap"": 0.35, ""max_ops"": 2000}",False,
case_094,1,1,3,capls,c10,0,0.024,0.175,True,49385,106272,106272,0,632964,,,2,94892,,1.9214741318214033,"{""block_cap"": 0.35, ""cores_used"": 2}",False,
case_094,1,1,3,capls,c11,0,0.01,0.168,True,94892,0,0,0,526692,,,1,94892,,1.0,"{""block_cap"": 0.35, ""cores_used"": 1}",False,
case_094,1,1,3,capls,c12,0,0.027,0.169,True,34069,212544,212544,0,739236,,,3,94892,,2.7852886788576123,"{""block_cap"": 0.35, ""init"": ""rr"", ""level_mode"": ""alap_fill""}",False,
case_094,1,1,3,capls,c13,0,0.028,0.169,True,34069,212544,212544,0,739236,,,3,94892,,2.7852886788576123,"{""block_cap"": 0.35, ""init"": ""rr"", ""level_mode"": ""alap_compress""}",False,
case_094,1,1,3,capls,sa1,0,0.556,0.555,True,34069,328256,328256,0,854948,,,4,94892,,2.7852886788576123,"{""anneal"": true, ""anneal_seconds"": 5.72}",False,
case_094,1,1,3,capls,sa2,0,0.215,0.214,True,34069,325696,325696,0,852388,,,4,94892,,2.7852886788576123,"{""anneal"": true, ""anneal_seconds"": 5.72}",False,
case_094,1,1,3,capls,sa3,0,0.17,0.169,True,35284,331264,331264,0,857956,,,4,94892,,2.689377621584854,"{""anneal"": true, ""anneal_seconds"": 5.72}",False,
case_094,1,1,3,capls,_best,0,0.026,0.169,True,34069,212544,212544,0,739236,,,3,94892,,2.7852886788576123,"{""block_cap"": 0.35, ""init"": ""rr""}",True,results\plans\case_094_p1_n3_capls_best.json
case_094,1,1,4,capls,c0,0,0.036,0.167,True,27634,318816,318816,0,845508,,,4,94892,,3.4338857928638635,"{""block_cap"": 0.35}",False,
case_094,1,1,4,capls,c1,0,0.096,0.167,True,33656,654404,654404,0,1181096,,,11,94892,,2.8194675540765393,"{""block_cap"": 0.15}",False,
case_094,1,1,4,capls,c2,0,0.059,0.179,True,25596,318528,318528,0,845220,,,4,94892,,3.707298015314893,"{""block_cap"": 0.35, ""init"": ""rr""}",False,
case_094,1,1,4,capls,c3,0,0.04,0.154,True,25395,105984,105984,0,632676,,,4,94892,,3.7366410710769835,"{""block_cap"": 0.35, ""init"": ""contig""}",True,
case_094,1,1,4,capls,c4,0,0.034,0.131,True,33451,688032,688032,0,1214724,,,40,94892,,2.8367462856117904,"{""block_cap"": 0.35, ""subgraph_mode"": ""block""}",False,
case_094,1,1,4,capls,c5,0,0.057,0.136,True,34737,688032,688032,0,1214724,,,40,94892,,2.7317269769985892,"{""block_cap"": 0.35, ""init"": ""rr"", ""subgraph_mode"": ""block""}",False,
case_094,1,1,4,capls,c6,0,0.036,0.167,True,27634,318816,318816,0,845508,,,4,94892,,3.4338857928638635,"{""block_cap"": 0.6, ""comm_weight"": 1e-06}",False,
case_094,1,1,4,capls,c7,0,0.103,0.193,True,34719,669764,669764,0,1196456,,,10,94892,,2.733143235692272,"{""block_cap"": 0.08}",False,
case_094,1,1,4,capls,c8,0,0.265,0.197,True,50624,1125228,1125228,0,1651920,,,13,94892,,1.8744469026548674,"{""block_cap"": 0.005}",False,
case_094,1,1,4,capls,c9,0,0.035,0.167,True,27634,318816,318816,0,845508,,,4,94892,,3.4338857928638635,"{""block_cap"": 0.35, ""max_ops"": 2000}",False,
case_094,1,1,4,capls,c10,0,0.024,0.185,True,39716,212544,212544,0,739236,,,3,94892,,2.3892637727867863,"{""block_cap"": 0.35, ""cores_used"": 3}",False,
case_094,1,1,4,capls,c11,0,0.027,0.173,True,49385,106272,106272,0,632964,,,2,94892,,1.9214741318214033,"{""block_cap"": 0.35, ""cores_used"": 2}",False,
case_094,1,1,4,capls,c12,0,0.059,0.179,True,25596,318528,318528,0,845220,,,4,94892,,3.707298015314893,"{""block_cap"": 0.35, ""init"": ""rr"", ""level_mode"": ""alap_fill""}",False,
case_094,1,1,4,capls,c13,0,0.072,0.179,True,25596,318528,318528,0,845220,,,4,94892,,3.707298015314893,"{""block_cap"": 0.35, ""init"": ""rr"", ""level_mode"": ""alap_compress""}",False,
case_094,1,1,4,capls,sa1,0,0.254,0.251,True,25411,544000,544000,0,1070692,,,6,94892,,3.7342883003423712,"{""anneal"": true, ""anneal_seconds"": 1.636}",False,
case_094,1,1,4,capls,sa2,0,0.178,0.177,True,25411,214528,214528,0,741220,,,5,94892,,3.7342883003423712,"{""anneal"": true, ""anneal_seconds"": 1.636}",False,
case_094,1,1,4,capls,sa3,0,0.225,0.224,True,27042,675080,675080,0,1201772,,,7,94892,,3.509059980770653,"{""anneal"": true, ""anneal_seconds"": 1.636}",False,
case_094,1,1,4,capls,_best,0,0.041,0.154,True,25395,105984,105984,0,632676,,,4,94892,,3.7366410710769835,"{""block_cap"": 0.35, ""init"": ""contig""}",True,results\plans\case_094_p1_n4_capls_best.json
case_094,1,1,5,capls,c0,0,0.053,0.187,True,23404,259200,259200,0,785892,,,5,94892,,4.054520594770125,"{""block_cap"": 0.35}",False,
case_094,1,1,5,capls,c1,0,0.127,0.15,True,37150,584488,584488,0,1111180,,,12,94892,,2.554293405114401,"{""block_cap"": 0.15}",False,
case_094,1,1,5,capls,c2,0,0.073,0.191,True,21487,425088,425088,0,951780,,,5,94892,,4.416251687066598,"{""block_cap"": 0.35, ""init"": ""rr""}",True,
case_094,1,1,5,capls,c3,0,0.082,0.149,True,24616,101376,101376,0,628068,,,5,94892,,3.8548911277218068,"{""block_cap"": 0.35, ""init"": ""contig""}",False,
case_094,1,1,5,capls,c4,0,0.039,0.146,True,31728,688032,688032,0,1214724,,,40,94892,,2.990796772566818,"{""block_cap"": 0.35, ""subgraph_mode"": ""block""}",False,
case_094,1,1,5,capls,c5,0,0.064,0.131,True,27281,688032,688032,0,1214724,,,40,94892,,3.478318243466149,"{""block_cap"": 0.35, ""init"": ""rr"", ""subgraph_mode"": ""block""}",False,
case_094,1,1,5,capls,c6,0,0.04,0.187,True,23404,259200,259200,0,785892,,,5,94892,,4.054520594770125,"{""block_cap"": 0.6, ""comm_weight"": 1e-06}",False,
case_094,1,1,5,capls,c7,0,0.126,0.175,True,28046,863588,863588,0,1390280,,,11,94892,,3.383441488982386,"{""block_cap"": 0.08}",False,
case_094,1,1,5,capls,c8,0,0.263,0.454,True,49965,1281100,1281100,0,1807792,,,19,94892,,1.899169418593015,"{""block_cap"": 0.005}",False,
case_094,1,1,5,capls,c9,0,0.053,0.187,True,23404,259200,259200,0,785892,,,5,94892,,4.054520594770125,"{""block_cap"": 0.35, ""max_ops"": 2000}",False,
case_094,1,1,5,capls,c10,0,0.047,0.167,True,27634,318816,318816,0,845508,,,4,94892,,3.4338857928638635,"{""block_cap"": 0.35, ""cores_used"": 4}",False,
case_094,1,1,5,capls,c11,0,0.025,0.154,True,49385,106272,106272,0,632964,,,2,94892,,1.9214741318214033,"{""block_cap"": 0.35, ""cores_used"": 2}",False,
case_094,1,1,5,capls,c12,0,0.088,0.191,True,21487,425088,425088,0,951780,,,5,94892,,4.416251687066598,"{""block_cap"": 0.35, ""init"": ""rr"", ""level_mode"": ""alap_fill""}",False,
case_094,1,1,5,capls,c13,0,0.078,0.191,True,21487,425088,425088,0,951780,,,5,94892,,4.416251687066598,"{""block_cap"": 0.35, ""init"": ""rr"", ""level_mode"": ""alap_compress""}",False,
case_094,1,1,5,capls,sa1,0,0.243,0.242,True,21487,485056,485056,0,1011748,,,6,94892,,4.416251687066598,"{""anneal"": true, ""anneal_seconds"": 2.717}",False,
case_094,1,1,5,capls,sa2,0,0.202,0.201,True,21487,486912,486912,0,1013604,,,6,94892,,4.416251687066598,"{""anneal"": true, ""anneal_seconds"": 2.717}",False,
case_094,1,1,5,capls,sa3,0,0.185,0.184,True,23773,489856,489856,0,1016548,,,6,94892,,3.9915870946031213,"{""anneal"": true, ""anneal_seconds"": 2.717}",False,
case_094,1,1,5,capls,_best,0,0.066,0.191,True,21487,425088,425088,0,951780,,,5,94892,,4.416251687066598,"{""block_cap"": 0.35, ""init"": ""rr""}",True,results\plans\case_094_p1_n5_capls_best.json
case_076,1,1,5,capls,c7,0,0.042,1009.154,True,1240624,40527872,16297984,24229888,44798546,,,5,6185113,,4.985485529862392,"{""block_cap"": 0.08, ""proxy_fallback"": true}",True,results\plans\case_076_p1_n5_capls_best.json
case_076,1,1,5,capls,sa1,0,819.836,819.572,True,1404666,54210560,33771520,20439040,58481234,,,6,6185113,,4.403262412559284,"{""anneal"": true, ""anneal_seconds"": 165.567}",False,
case_079,1,1,3,capls,c0,0,0.6,112.77,True,10315104,32661504,4325376,28336128,42012672,,,3,31052251,,3.010367224605782,"{""block_cap"": 0.35}",False,
case_079,1,1,3,capls,c1,0,0.957,280.364,True,10181692,39960576,11624448,28336128,49311744,,,3,31052251,,3.049812447675691,"{""block_cap"": 0.15}",True,
case_079,1,1,3,capls,c2,0,0.649,112.77,True,10315104,32661504,4325376,28336128,42012672,,,3,31052251,,3.010367224605782,"{""block_cap"": 0.35, ""init"": ""rr""}",False,
case_079,1,1,3,capls,c3,0,0.659,136.018,True,10315104,32661504,4325376,28336128,42012672,,,3,31052251,,3.010367224605782,"{""block_cap"": 0.35, ""init"": ""contig""}",False,
case_079,1,1,3,capls,sa1,0,211.61,211.488,True,11506212,116692992,88700928,27992064,126044160,,,4,31052251,,2.698737951291007,"{""anneal"": true, ""anneal_seconds"": 198.719}",False,
case_079,1,1,3,capls,sa2,0,242.687,242.627,True,11509594,116692992,88700928,27992064,126044160,,,4,31052251,,2.6979449492310503,"{""anneal"": true, ""anneal_seconds"": 198.719}",False,
case_079,1,1,3,capls,sa3,0,320.577,320.506,True,11507987,116692992,88700928,27992064,126044160,,,4,31052251,,2.6983216960533585,"{""anneal"": true, ""anneal_seconds"": 198.719}",False,
case_079,1,1,3,capls,_best,0,0.872,280.364,True,10181692,39960576,11624448,28336128,49311744,,,3,31052251,,3.049812447675691,"{""block_cap"": 0.15}",True,results\plans\case_079_p1_n3_capls_best.json
case_092,1,1,4,capls,c0,0,0.761,61.379,True,1927728,67180384,2791200,64389184,70437312,,,4,4815554,,2.4980464048869964,"{""block_cap"": 0.35}",False,
case_092,1,1,4,capls,c1,0,0.847,61.379,True,1927728,67180384,2791200,64389184,70437312,,,4,4815554,,2.4980464048869964,"{""block_cap"": 0.15}",False,
case_092,1,1,4,capls,c2,0,1.139,61.379,True,1927728,67180384,2791200,64389184,70437312,,,4,4815554,,2.4980464048869964,"{""block_cap"": 0.35, ""init"": ""rr""}",False,
case_092,1,1,4,capls,c3,0,0.81,63.177,True,1927728,67180384,2791200,64389184,70437312,,,4,4815554,,2.4980464048869964,"{""block_cap"": 0.35, ""init"": ""contig""}",False,
case_092,1,1,4,capls,sa1,0,59.601,59.561,True,1527185,44909472,5084960,39824512,48166400,,,6,4815554,,3.153222432121845,"{""anneal"": true, ""anneal_seconds"": 8.774}",True,
case_092,1,1,4,capls,sa2,0,68.85,68.807,True,1723540,56044928,3938080,52106848,59301856,,,5,4815554,,2.793990275827657,"{""anneal"": true, ""anneal_seconds"": 8.774}",False,
case_092,1,1,4,capls,sa3,0,86.269,86.219,True,1723540,56044928,3938080,52106848,59301856,,,5,4815554,,2.793990275827657,"{""anneal"": true, ""anneal_seconds"": 8.774}",False,
case_092,1,1,4,capls,_best,0,,59.561,True,1527185,44909472,,,,,,6,4815554,,3.153222432121845,"{""anneal"": true}",True,results\plans\case_092_p1_n4_capls_best.json
case_095,1,1,3,capls,c0,0,0.952,3.264,True,695775,0,0,0,11355036,,,3,2084853,,2.9964471273040854,"{""block_cap"": 0.35}",False,
case_095,1,1,3,capls,c1,0,0.126,3.264,True,695775,0,0,0,11355036,,,3,2084853,,2.9964471273040854,"{""block_cap"": 0.15}",False,
case_095,1,1,3,capls,c2,0,0.136,3.264,True,695775,0,0,0,11355036,,,3,2084853,,2.9964471273040854,"{""block_cap"": 0.35, ""init"": ""rr""}",False,
case_095,1,1,3,capls,c3,0,0.115,3.827,True,695775,0,0,0,11355036,,,3,2084853,,2.9964471273040854,"{""block_cap"": 0.35, ""init"": ""contig""}",False,
case_095,1,1,3,capls,c4,0,0.136,2.73,True,852906,0,0,0,11355036,,,462,2084853,,2.444411224683611,"{""block_cap"": 0.35, ""subgraph_mode"": ""block""}",False,
case_095,1,1,3,capls,c5,0,0.125,2.73,True,852906,0,0,0,11355036,,,462,2084853,,2.444411224683611,"{""block_cap"": 0.35, ""init"": ""rr"", ""subgraph_mode"": ""block""}",False,
case_095,1,1,3,capls,c6,0,0.15,3.264,True,695775,0,0,0,11355036,,,3,2084853,,2.9964471273040854,"{""block_cap"": 0.6, ""comm_weight"": 1e-06}",False,
case_095,1,1,3,capls,c7,0,0.139,3.264,True,695775,0,0,0,11355036,,,3,2084853,,2.9964471273040854,"{""block_cap"": 0.08}",False,
case_095,1,1,3,capls,c8,0,0.396,2.411,True,663480,16330752,16330752,0,27685788,,,9,2084853,,3.142299692530295,"{""block_cap"": 0.005}",False,
case_095,1,1,3,capls,c9,0,0.126,3.264,True,695775,0,0,0,11355036,,,3,2084853,,2.9964471273040854,"{""block_cap"": 0.35, ""max_ops"": 2000}",False,
case_095,1,1,3,capls,c10,0,0.524,5.16,True,1042890,0,0,0,11355036,,,2,2084853,,1.9991111238960964,"{""block_cap"": 0.35, ""cores_used"": 2}",False,
case_095,1,1,3,capls,c11,0,0.053,6.95,True,2084853,0,0,0,11355036,,,1,2084853,,1.0,"{""block_cap"": 0.35, ""cores_used"": 1}",False,
case_095,1,1,3,capls,c12,0,0.145,3.264,True,695775,0,0,0,11355036,,,3,2084853,,2.9964471273040854,"{""block_cap"": 0.35, ""init"": ""rr"", ""level_mode"": ""alap_fill""}",False,
case_095,1,1,3,capls,c13,0,0.137,3.264,True,695775,0,0,0,11355036,,,3,2084853,,2.9964471273040854,"{""block_cap"": 0.35, ""init"": ""rr"", ""level_mode"": ""alap_compress""}",False,
case_095,1,1,3,capls,sa1,0,3.345,3.309,True,629769,16330752,16330752,0,27685788,,,8,2084853,,3.310504327777328,"{""anneal"": true, ""anneal_seconds"": 12.872}",False,
case_095,1,1,3,capls,sa2,0,3.411,3.402,True,624024,17805312,17805312,0,29160348,,,9,2084853,,3.3409820776123995,"{""anneal"": true, ""anneal_seconds"": 12.872}",True,
case_095,1,1,3,capls,sa3,0,2.982,2.972,True,668880,18446592,18446592,0,29801628,,,9,2084853,,3.11693128812343,"{""anneal"": true, ""anneal_seconds"": 12.872}",False,
case_095,1,1,3,capls,_best,0,,3.402,True,624024,17805312,,,,,,9,2084853,,3.3409820776123995,"{""anneal"": true}",True,results\plans\case_095_p1_n3_capls_best.json
case_095,1,1,2,capls,c0,0,0.101,5.132,True,1042890,0,0,0,11355036,,,2,2084853,,1.9991111238960964,"{""block_cap"": 0.35}",False,
case_095,1,1,2,capls,c1,0,0.487,5.132,True,1042890,0,0,0,11355036,,,2,2084853,,1.9991111238960964,"{""block_cap"": 0.15}",False,
case_095,1,1,2,capls,c2,0,0.106,5.132,True,1042890,0,0,0,11355036,,,2,2084853,,1.9991111238960964,"{""block_cap"": 0.35, ""init"": ""rr""}",False,
case_095,1,1,2,capls,c3,0,0.085,4.093,True,1042890,0,0,0,11355036,,,2,2084853,,1.9991111238960964,"{""block_cap"": 0.35, ""init"": ""contig""}",False,
case_095,1,1,2,capls,c4,0,0.09,3.17,True,1208030,0,0,0,11355036,,,462,2084853,,1.7258288287542527,"{""block_cap"": 0.35, ""subgraph_mode"": ""block""}",False,
case_095,1,1,2,capls,c5,0,0.089,3.17,True,1208030,0,0,0,11355036,,,462,2084853,,1.7258288287542527,"{""block_cap"": 0.35, ""init"": ""rr"", ""subgraph_mode"": ""block""}",False,
case_095,1,1,2,capls,c6,0,0.098,5.132,True,1042890,0,0,0,11355036,,,2,2084853,,1.9991111238960964,"{""block_cap"": 0.6, ""comm_weight"": 1e-06}",False,
case_095,1,1,2,capls,c7,0,0.092,5.132,True,1042890,0,0,0,11355036,,,2,2084853,,1.9991111238960964,"{""block_cap"": 0.08}",False,
case_095,1,1,2,capls,c8,0,0.094,5.132,True,1042890,0,0,0,11355036,,,2,2084853,,1.9991111238960964,"{""block_cap"": 0.005}",False,
case_095,1,1,2,capls,c9,0,0.107,5.132,True,1042890,0,0,0,11355036,,,2,2084853,,1.9991111238960964,"{""block_cap"": 0.35, ""max_ops"": 2000}",False,
case_095,1,1,2,capls,c10,0,0.053,7.836,True,2084853,0,0,0,11355036,,,1,2084853,,1.0,"{""block_cap"": 0.35, ""cores_used"": 1}",False,
case_095,1,1,2,capls,c11,0,0.047,7.836,True,2084853,0,0,0,11355036,,,1,2084853,,1.0,"{""block_cap"": 0.35, ""cores_used"": 1}",False,
case_095,1,1,2,capls,c12,0,0.519,5.132,True,1042890,0,0,0,11355036,,,2,2084853,,1.9991111238960964,"{""block_cap"": 0.35, ""init"": ""rr"", ""level_mode"": ""alap_fill""}",False,
case_095,1,1,2,capls,c13,0,0.115,5.132,True,1042890,0,0,0,11355036,,,2,2084853,,1.9991111238960964,"{""block_cap"": 0.35, ""init"": ""rr"", ""level_mode"": ""alap_compress""}",False,
case_095,1,1,2,capls,sa1,0,6.275,6.241,True,1042787,8515584,8515584,0,19870620,,,3,2084853,,1.999308583632132,"{""anneal"": true, ""anneal_seconds"": 66.735}",True,
case_095,1,1,2,capls,sa2,0,6.316,6.307,True,1042787,8515584,8515584,0,19870620,,,3,2084853,,1.999308583632132,"{""anneal"": true, ""anneal_seconds"": 66.735}",False,
case_095,1,1,2,capls,sa3,0,8.463,8.451,True,1042787,25414272,17119872,8294400,36769308,,,4,2084853,,1.999308583632132,"{""anneal"": true, ""anneal_seconds"": 66.735}",False,
case_095,1,1,2,capls,_best,0,,6.241,True,1042787,8515584,,,,,,3,2084853,,1.999308583632132,"{""anneal"": true}",True,results\plans\case_095_p1_n2_capls_best.json
case_092,1,1,2,capls,c0,0,0.3,174.954,True,2828252,66389088,930400,65458688,69646016,,,2,4815554,,1.702660866146298,"{""block_cap"": 0.35}",False,
case_092,1,1,2,capls,c1,0,0.572,174.954,True,2828252,66389088,930400,65458688,69646016,,,2,4815554,,1.702660866146298,"{""block_cap"": 0.15}",False,
case_092,1,1,2,capls,c2,0,0.291,174.954,True,2828252,66389088,930400,65458688,69646016,,,2,4815554,,1.702660866146298,"{""block_cap"": 0.35, ""init"": ""rr""}",False,
case_092,1,1,2,capls,c3,0,0.313,144.36,True,2828252,66389088,930400,65458688,69646016,,,2,4815554,,1.702660866146298,"{""block_cap"": 0.35, ""init"": ""contig""}",False,
case_092,1,1,2,capls,sa1,0,135.005,134.911,True,2525666,68601344,3256928,65344416,71858272,,,3,4815554,,1.906647197214517,"{""anneal"": true, ""anneal_seconds"": 49.304}",False,
case_092,1,1,2,capls,sa2,0,105.772,105.737,True,2449594,45581568,5583456,39998112,48838496,,,4,4815554,,1.965858015654839,"{""anneal"": true, ""anneal_seconds"": 49.304}",False,
case_092,1,1,2,capls,sa3,0,185.095,185.053,True,2445810,43369312,3256928,40112384,46626240,,,3,4815554,,1.9688994647989828,"{""anneal"": true, ""anneal_seconds"": 49.304}",True,
case_092,1,1,2,capls,_best,0,,185.053,True,2445810,43369312,,,,,,3,4815554,,1.9688994647989828,"{""anneal"": true}",True,results\plans\case_092_p1_n2_capls_best.json
case_096,1,1,3,capls,c0,0,0.059,0.297,True,56548,870296,870296,0,1089854,,,19,84194,,1.4888943906062106,"{""block_cap"": 0.35}",False,
case_096,1,1,3,capls,c1,0,0.049,0.302,True,57060,960422,960422,0,1179980,,,22,84194,,1.475534525061339,"{""block_cap"": 0.15}",False,
case_096,1,1,3,capls,c2,0,0.086,0.287,True,54513,971156,971156,0,1190714,,,19,84194,,1.544475629666318,"{""block_cap"": 0.35, ""init"": ""rr""}",False,
case_096,1,1,3,capls,c3,0,0.083,0.307,True,49141,207632,207632,0,427190,,,5,84194,,1.7133147473596386,"{""block_cap"": 0.35, ""init"": ""contig""}",False,
case_096,1,1,3,capls,c4,0,0.046,0.368,True,112219,1368396,1368396,0,1587954,,,143,84194,,0.7502651066218733,"{""block_cap"": 0.35, ""subgraph_mode"": ""block""}",False,
case_096,1,1,3,capls,c5,0,0.092,0.346,True,119704,1368396,1368396,0,1587954,,,143,84194,,0.7033516006148499,"{""block_cap"": 0.35, ""init"": ""rr"", ""subgraph_mode"": ""block""}",False,
case_096,1,1,3,capls,c6,0,0.05,0.281,True,45601,305108,305108,0,524666,,,6,84194,,1.8463191596675512,"{""block_cap"": 0.6, ""comm_weight"": 1e-06}",False,
case_096,1,1,3,capls,c7,0,0.069,0.34,True,49942,1032706,1032706,0,1252264,,,27,84194,,1.685835569260342,"{""block_cap"": 0.08}",False,
case_096,1,1,3,capls,c8,0,0.323,0.51,True,77354,1315806,1315806,0,1535364,,,55,84194,,1.0884246451379374,"{""block_cap"": 0.005}",False,
case_096,1,1,3,capls,c9,0,0.042,0.297,True,56548,870296,870296,0,1089854,,,19,84194,,1.4888943906062106,"{""block_cap"": 0.35, ""max_ops"": 2000}",False,
case_096,1,1,3,capls,c10,0,0.037,0.301,True,56484,239444,239444,0,459002,,,5,84194,,1.4905814035833156,"{""block_cap"": 0.35, ""cores_used"": 2}",False,
case_096,1,1,3,capls,c11,0,0.011,0.385,True,84194,0,0,0,219558,,,1,84194,,1.0,"{""block_cap"": 0.35, ""cores_used"": 1}",False,
case_096,1,1,3,capls,c12,0,0.114,0.351,True,49119,1548936,1548936,0,1768494,,,24,84194,,1.7140821270791344,"{""block_cap"": 0.35, ""init"": ""rr"", ""level_mode"": ""alap_fill""}",False,
case_096,1,1,3,capls,c13,0,0.102,0.351,True,49119,1548936,1548936,0,1768494,,,24,84194,,1.7140821270791344,"{""block_cap"": 0.35, ""init"": ""rr"", ""level_mode"": ""alap_compress""}",False,
case_096,1,1,3,capls,sa1,0,0.48,0.477,True,45525,1305732,1305732,0,1525290,,,25,84194,,1.8494014277869302,"{""anneal"": true, ""anneal_seconds"": 1.952}",False,
case_096,1,1,3,capls,sa2,0,0.426,0.424,True,45462,1305732,1305732,0,1525290,,,25,84194,,1.8519642778584313,"{""anneal"": true, ""anneal_seconds"": 1.952}",True,
case_096,1,1,3,capls,sa3,0,0.392,0.39,True,45462,1305732,1305732,0,1525290,,,26,84194,,1.8519642778584313,"{""anneal"": true, ""anneal_seconds"": 1.952}",False,
case_096,1,1,3,capls,_best,0,,0.424,True,45462,1305732,,,,,,25,84194,,1.8519642778584313,"{""anneal"": true}",True,results\plans\case_096_p1_n3_capls_best.json
case_096,1,1,4,capls,c0,0,0.087,0.29,True,51698,683604,683604,0,903162,,,21,84194,,1.6285736392123487,"{""block_cap"": 0.35}",False,
case_096,1,1,4,capls,c1,0,0.142,0.312,True,40892,822252,822252,0,1041810,,,25,84194,,2.0589357331507387,"{""block_cap"": 0.15}",False,
case_096,1,1,4,capls,c2,0,0.096,0.3,True,48616,722264,722264,0,941822,,,20,84194,,1.731816685864736,"{""block_cap"": 0.35, ""init"": ""rr""}",False,
case_096,1,1,4,capls,c3,0,0.122,0.342,True,42900,247816,247816,0,467374,,,8,84194,,1.9625641025641025,"{""block_cap"": 0.35, ""init"": ""contig""}",False,
case_096,1,1,4,capls,c4,0,0.088,0.344,True,92035,1368396,1368396,0,1587954,,,143,84194,,0.9148041505948824,"{""block_cap"": 0.35, ""subgraph_mode"": ""block""}",False,
case_096,1,1,4,capls,c5,0,0.123,0.349,True,73261,1368396,1368396,0,1587954,,,143,84194,,1.1492335621954382,"{""block_cap"": 0.35, ""init"": ""rr"", ""subgraph_mode"": ""block""}",False,
case_096,1,1,4,capls,c6,0,0.075,0.294,True,42510,316052,316052,0,535610,,,7,84194,,1.9805692778169843,"{""block_cap"": 0.6, ""comm_weight"": 1e-06}",False,
case_096,1,1,4,capls,c7,0,0.184,0.304,True,45529,926168,926168,0,1145726,,,29,84194,,1.8492389466054602,"{""block_cap"": 0.08}",False,
case_096,1,1,4,capls,c8,0,0.374,0.358,True,60893,1175606,1175606,0,1395164,,,58,84194,,1.3826548207511538,"{""block_cap"": 0.005}",False,
case_096,1,1,4,capls,c9,0,0.158,0.29,True,51698,683604,683604,0,903162,,,21,84194,,1.6285736392123487,"{""block_cap"": 0.35, ""max_ops"": 2000}",False,
case_096,1,1,4,capls,c10,0,0.076,0.323,True,56548,870296,870296,0,1089854,,,19,84194,,1.4888943906062106,"{""block_cap"": 0.35, ""cores_used"": 3}",False,
case_096,1,1,4,capls,c11,0,0.042,0.304,True,56484,239444,239444,0,459002,,,5,84194,,1.4905814035833156,"{""block_cap"": 0.35, ""cores_used"": 2}",False,
case_096,1,1,4,capls,c12,0,0.133,0.393,True,38923,1295704,1295704,0,1515262,,,24,84194,,2.1630912314055957,"{""block_cap"": 0.35, ""init"": ""rr"", ""level_mode"": ""alap_fill""}",True,
case_096,1,1,4,capls,c13,0,0.148,0.393,True,38923,1295704,1295704,0,1515262,,,24,84194,,2.1630912314055957,"{""block_cap"": 0.35, ""init"": ""rr"", ""level_mode"": ""alap_compress""}",False,
case_096,1,1,4,capls,sa1,0,0.396,0.394,True,40962,1546476,1546476,0,1766034,,,55,84194,,2.0554172159562523,"{""anneal"": true, ""anneal_seconds"": 1.514}",False,
case_096,1,1,4,capls,sa2,0,1.006,1.003,True,41387,1525996,1525996,0,1745554,,,54,84194,,2.034310290670984,"{""anneal"": true, ""anneal_seconds"": 1.514}",False,
case_096,1,1,4,capls,sa3,0,0.37,0.367,True,41385,1525996,1525996,0,1745554,,,55,84194,,2.0344086021505374,"{""anneal"": true, ""anneal_seconds"": 1.514}",False,
case_096,1,1,4,capls,_best,0,0.12,0.393,True,38923,1295704,1295704,0,1515262,,,24,84194,,2.1630912314055957,"{""block_cap"": 0.35, ""init"": ""rr"", ""level_mode"": ""alap_fill""}",True,results\plans\case_096_p1_n4_capls_best.json
case_095,1,1,4,capls,c0,0,0.19,2.364,True,524422,0,0,0,11355036,,,4,2084853,,3.9755254356224565,"{""block_cap"": 0.35}",False,
case_095,1,1,4,capls,c1,0,0.185,2.364,True,524422,0,0,0,11355036,,,4,2084853,,3.9755254356224565,"{""block_cap"": 0.15}",False,
case_095,1,1,4,capls,c2,0,0.19,2.364,True,524422,0,0,0,11355036,,,4,2084853,,3.9755254356224565,"{""block_cap"": 0.35, ""init"": ""rr""}",False,
case_095,1,1,4,capls,c3,0,0.182,2.044,True,524422,0,0,0,11355036,,,4,2084853,,3.9755254356224565,"{""block_cap"": 0.35, ""init"": ""contig""}",False,
case_095,1,1,4,capls,c4,0,0.692,2.669,True,677650,0,0,0,11355036,,,462,2084853,,3.0765926363166827,"{""block_cap"": 0.35, ""subgraph_mode"": ""block""}",False,
case_095,1,1,4,capls,c5,0,0.223,2.669,True,677650,0,0,0,11355036,,,462,2084853,,3.0765926363166827,"{""block_cap"": 0.35, ""init"": ""rr"", ""subgraph_mode"": ""block""}",False,
case_095,1,1,4,capls,c6,0,0.216,2.364,True,524422,0,0,0,11355036,,,4,2084853,,3.9755254356224565,"{""block_cap"": 0.6, ""comm_weight"": 1e-06}",False,
case_095,1,1,4,capls,c7,0,0.187,2.364,True,524422,0,0,0,11355036,,,4,2084853,,3.9755254356224565,"{""block_cap"": 0.08}",False,
case_095,1,1,4,capls,c8,0,0.61,2.494,True,518918,18284544,18284544,0,29639580,,,12,2084853,,4.017692583413949,"{""block_cap"": 0.005}",True,
case_095,1,1,4,capls,c9,0,0.179,2.364,True,524422,0,0,0,11355036,,,4,2084853,,3.9755254356224565,"{""block_cap"": 0.35, ""max_ops"": 2000}",False,
case_095,1,1,4,capls,c10,0,0.153,3.672,True,695775,0,0,0,11355036,,,3,2084853,,2.9964471273040854,"{""block_cap"": 0.35, ""cores_used"": 3}",False,
case_095,1,1,4,capls,c11,0,0.115,4.615,True,1042890,0,0,0,11355036,,,2,2084853,,1.9991111238960964,"{""block_cap"": 0.35, ""cores_used"": 2}",False,
case_095,1,1,4,capls,c12,0,0.193,2.364,True,524422,0,0,0,11355036,,,4,2084853,,3.9755254356224565,"{""block_cap"": 0.35, ""init"": ""rr"", ""level_mode"": ""alap_fill""}",False,
case_095,1,1,4,capls,c13,0,0.196,2.364,True,524422,0,0,0,11355036,,,4,2084853,,3.9755254356224565,"{""block_cap"": 0.35, ""init"": ""rr"", ""level_mode"": ""alap_compress""}",False,
case_095,1,1,4,capls,sa1,0,2.63,2.604,True,570153,17657856,17657856,0,29012892,,,10,2084853,,3.6566553188354707,"{""anneal"": true, ""anneal_seconds"": 15.583}",False,
case_095,1,1,4,capls,sa2,0,4.152,4.142,True,598001,17657856,17657856,0,29012892,,,8,2084853,,3.4863704241297255,"{""anneal"": true, ""anneal_seconds"": 15.583}",False,
case_095,1,1,4,capls,sa3,0,3.791,3.781,True,598001,17657856,17657856,0,29012892,,,8,2084853,,3.4863704241297255,"{""anneal"": true, ""anneal_seconds"": 15.583}",False,
case_095,1,1,4,capls,_best,0,0.515,2.494,True,518918,18284544,18284544,0,29639580,,,12,2084853,,4.017692583413949,"{""block_cap"": 0.005}",True,results\plans\case_095_p1_n4_capls_best.json
case_096,1,1,5,capls,c0,0,0.21,0.291,True,46536,791058,791058,0,1010616,,,29,84194,,1.8092229671652054,"{""block_cap"": 0.35}",False,
case_096,1,1,5,capls,c1,0,0.217,0.286,True,43962,873734,873734,0,1093292,,,28,84194,,1.915153996633456,"{""block_cap"": 0.15}",False,
case_096,1,1,5,capls,c2,0,0.188,0.356,True,49200,911704,911704,0,1131262,,,29,84194,,1.711260162601626,"{""block_cap"": 0.35, ""init"": ""rr""}",False,
case_096,1,1,5,capls,c3,0,0.178,0.298,True,44226,334608,334608,0,554166,,,9,84194,,1.9037217926106815,"{""block_cap"": 0.35, ""init"": ""contig""}",False,
case_096,1,1,5,capls,c4,0,0.177,0.371,True,103507,1376654,1376654,0,1596212,,,147,84194,,0.8134135855546002,"{""block_cap"": 0.35, ""subgraph_mode"": ""block""}",False,
case_096,1,1,5,capls,c5,0,0.19,0.404,True,108049,1376654,1376654,0,1596212,,,147,84194,,0.7792205388296051,"{""block_cap"": 0.35, ""init"": ""rr"", ""subgraph_mode"": ""block""}",False,
case_096,1,1,5,capls,c6,0,0.198,0.308,True,47860,647380,647380,0,866938,,,24,84194,,1.759172586711241,"{""block_cap"": 0.6, ""comm_weight"": 1e-06}",False,
case_096,1,1,5,capls,c7,0,0.208,0.315,True,40116,714846,714846,0,934404,,,30,84194,,2.098763585601755,"{""block_cap"": 0.08}",True,
case_096,1,1,5,capls,c8,0,0.374,0.42,True,75207,1172054,1172054,0,1391612,,,83,84194,,1.119496855345912,"{""block_cap"": 0.005}",False,
case_096,1,1,5,capls,c9,0,0.174,0.291,True,46536,791058,791058,0,1010616,,,29,84194,,1.8092229671652054,"{""block_cap"": 0.35, ""max_ops"": 2000}",False,
case_096,1,1,5,capls,c10,0,0.118,0.287,True,51698,683604,683604,0,903162,,,21,84194,,1.6285736392123487,"{""block_cap"": 0.35, ""cores_used"": 4}",False,
case_096,1,1,5,capls,c11,0,0.034,0.302,True,56484,239444,239444,0,459002,,,5,84194,,1.4905814035833156,"{""block_cap"": 0.35, ""cores_used"": 2}",False,
case_096,1,1,5,capls,c12,0,0.175,0.328,True,41351,1490426,1490426,0,1709984,,,34,84194,,2.036081352325216,"{""block_cap"": 0.35, ""init"": ""rr"", ""level_mode"": ""alap_fill""}",False,
case_096,1,1,5,capls,c13,0,0.613,0.328,True,41351,1490426,1490426,0,1709984,,,34,84194,,2.036081352325216,"{""block_cap"": 0.35, ""init"": ""rr"", ""level_mode"": ""alap_compress""}",False,
case_096,1,1,5,capls,sa1,0,0.446,0.443,True,41656,1646162,1646162,0,1865720,,,90,84194,,2.021173420395621,"{""anneal"": true, ""anneal_seconds"": 1.27}",False,
case_096,1,1,5,capls,sa2,0,0.474,0.471,True,41674,1646170,1646170,0,1865728,,,91,84194,,2.020300427124826,"{""anneal"": true, ""anneal_seconds"": 1.27}",False,
case_096,1,1,5,capls,sa3,0,0.502,0.499,True,41759,1646174,1646174,0,1865732,,,92,84194,,2.0161881271103237,"{""anneal"": true, ""anneal_seconds"": 1.27}",False,
case_096,1,1,5,capls,_best,0,0.219,0.315,True,40116,714846,714846,0,934404,,,30,84194,,2.098763585601755,"{""block_cap"": 0.08}",True,results\plans\case_096_p1_n5_capls_best.json
case_096,1,1,2,capls,c0,0,0.04,0.314,True,56484,239444,239444,0,459002,,,5,84194,,1.4905814035833156,"{""block_cap"": 0.35}",False,
case_096,1,1,2,capls,c1,0,0.051,0.329,True,55592,721240,721240,0,940798,,,12,84194,,1.5144984889912219,"{""block_cap"": 0.15}",False,
case_096,1,1,2,capls,c2,0,0.052,0.377,True,61348,239444,239444,0,459002,,,5,84194,,1.3724000782421595,"{""block_cap"": 0.35, ""init"": ""rr""}",False,
case_096,1,1,2,capls,c3,0,0.054,0.298,True,57177,112652,112652,0,332210,,,3,84194,,1.4725151721846197,"{""block_cap"": 0.35, ""init"": ""contig""}",False,
case_096,1,1,2,capls,c4,0,0.042,1.008,True,62206,833868,833868,0,1053426,,,53,84194,,1.3534707262964987,"{""block_cap"": 0.35, ""subgraph_mode"": ""block""}",False,
case_096,1,1,2,capls,c5,0,0.056,0.25,True,76556,833868,833868,0,1053426,,,53,84194,,1.0997701029311877,"{""block_cap"": 0.35, ""init"": ""rr"", ""subgraph_mode"": ""block""}",False,
case_096,1,1,2,capls,c6,0,0.029,0.358,True,44237,0,0,0,219558,,,2,84194,,1.9032484119628366,"{""block_cap"": 0.6, ""comm_weight"": 1e-06}",True,
case_096,1,1,2,capls,c7,0,0.054,0.298,True,57670,711064,711064,0,930622,,,12,84194,,1.459927171839778,"{""block_cap"": 0.08}",False,
case_096,1,1,2,capls,c8,0,0.242,0.331,True,76551,1287820,1287820,0,1507378,,,27,84194,,1.0998419354417317,"{""block_cap"": 0.005}",False,
case_096,1,1,2,capls,c9,0,0.043,0.314,True,56484,239444,239444,0,459002,,,5,84194,,1.4905814035833156,"{""block_cap"": 0.35, ""max_ops"": 2000}",False,
case_096,1,1,2,capls,c10,0,0.013,0.371,True,84194,0,0,0,219558,,,1,84194,,1.0,"{""block_cap"": 0.35, ""cores_used"": 1}",False,
case_096,1,1,2,capls,c11,0,0.013,0.371,True,84194,0,0,0,219558,,,1,84194,,1.0,"{""block_cap"": 0.35, ""cores_used"": 1}",False,
case_096,1,1,2,capls,c12,0,0.054,0.336,True,46476,706316,706316,0,925874,,,8,84194,,1.8115586539289095,"{""block_cap"": 0.35, ""init"": ""rr"", ""level_mode"": ""alap_fill""}",False,
case_096,1,1,2,capls,c13,0,0.059,0.336,True,46476,706316,706316,0,925874,,,8,84194,,1.8115586539289095,"{""block_cap"": 0.35, ""init"": ""rr"", ""level_mode"": ""alap_compress""}",False,
case_096,1,1,2,capls,sa1,0,0.398,0.396,True,44237,79916,79916,0,299474,,,3,84194,,1.9032484119628366,"{""anneal"": true, ""anneal_seconds"": 15.625}",False,
case_096,1,1,2,capls,sa2,0,0.374,0.372,True,44237,194572,194572,0,414130,,,3,84194,,1.9032484119628366,"{""anneal"": true, ""anneal_seconds"": 15.625}",False,
case_096,1,1,2,capls,sa3,0,0.388,0.386,True,44237,75784,75784,0,295342,,,3,84194,,1.9032484119628366,"{""anneal"": true, ""anneal_seconds"": 15.625}",False,
case_096,1,1,2,capls,_best,0,0.026,0.358,True,44237,0,0,0,219558,,,2,84194,,1.9032484119628366,"{""block_cap"": 0.6, ""comm_weight"": 1e-06}",True,results\plans\case_096_p1_n2_capls_best.json
case_095,1,1,5,capls,c0,0,0.236,1.749,True,420852,0,0,0,11355036,,,5,2084853,,4.953886401870491,"{""block_cap"": 0.35}",True,
case_095,1,1,5,capls,c1,0,0.239,1.749,True,420852,0,0,0,11355036,,,5,2084853,,4.953886401870491,"{""block_cap"": 0.15}",False,
case_095,1,1,5,capls,c2,0,0.608,1.749,True,420852,0,0,0,11355036,,,5,2084853,,4.953886401870491,"{""block_cap"": 0.35, ""init"": ""rr""}",False,
case_095,1,1,5,capls,c3,0,0.234,2.052,True,420852,0,0,0,11355036,,,5,2084853,,4.953886401870491,"{""block_cap"": 0.35, ""init"": ""contig""}",False,
case_095,1,1,5,capls,c4,0,0.211,3.322,True,571574,0,0,0,11355036,,,462,2084853,,3.647564444848786,"{""block_cap"": 0.35, ""subgraph_mode"": ""block""}",False,
case_095,1,1,5,capls,c5,0,0.188,3.322,True,571574,0,0,0,11355036,,,462,2084853,,3.647564444848786,"{""block_cap"": 0.35, ""init"": ""rr"", ""subgraph_mode"": ""block""}",False,
case_095,1,1,5,capls,c6,0,0.236,1.749,True,420852,0,0,0,11355036,,,5,2084853,,4.953886401870491,"{""block_cap"": 0.6, ""comm_weight"": 1e-06}",False,
case_095,1,1,5,capls,c7,0,0.237,1.749,True,420852,0,0,0,11355036,,,5,2084853,,4.953886401870491,"{""block_cap"": 0.08}",False,
case_095,1,1,5,capls,c8,0,0.679,3.103,True,521465,19574784,19574784,0,30929820,,,15,2084853,,3.998068902035611,"{""block_cap"": 0.005}",False,
case_095,1,1,5,capls,c9,0,0.206,1.749,True,420852,0,0,0,11355036,,,5,2084853,,4.953886401870491,"{""block_cap"": 0.35, ""max_ops"": 2000}",False,
case_095,1,1,5,capls,c10,0,0.486,2.789,True,524422,0,0,0,11355036,,,4,2084853,,3.9755254356224565,"{""block_cap"": 0.35, ""cores_used"": 4}",False,
case_095,1,1,5,capls,c11,0,0.089,4.678,True,1042890,0,0,0,11355036,,,2,2084853,,1.9991111238960964,"{""block_cap"": 0.35, ""cores_used"": 2}",False,
case_095,1,1,5,capls,c12,0,0.204,1.749,True,420852,0,0,0,11355036,,,5,2084853,,4.953886401870491,"{""block_cap"": 0.35, ""init"": ""rr"", ""level_mode"": ""alap_fill""}",False,
case_095,1,1,5,capls,c13,0,0.215,1.749,True,420852,0,0,0,11355036,,,5,2084853,,4.953886401870491,"{""block_cap"": 0.35, ""init"": ""rr"", ""level_mode"": ""alap_compress""}",False,
case_095,1,1,5,capls,sa1,0,3.552,3.51,True,420852,3391488,3391488,0,14746524,,,6,2084853,,4.953886401870491,"{""anneal"": true, ""anneal_seconds"": 16.32}",False,
case_095,1,1,5,capls,sa2,0,3.336,3.328,True,420852,3391488,3391488,0,14746524,,,6,2084853,,4.953886401870491,"{""anneal"": true, ""anneal_seconds"": 16.32}",False,
case_095,1,1,5,capls,sa3,0,3.13,3.121,True,420852,3391488,3391488,0,14746524,,,6,2084853,,4.953886401870491,"{""anneal"": true, ""anneal_seconds"": 16.32}",False,
case_095,1,1,5,capls,_best,0,0.248,1.749,True,420852,0,0,0,11355036,,,5,2084853,,4.953886401870491,"{""block_cap"": 0.35}",True,results\plans\case_095_p1_n5_capls_best.json
case_098,1,1,2,capls,c0,0,0.51,0.532,True,143569,917616,917616,0,1615610,,,7,177430,,1.2358517507261317,"{""block_cap"": 0.35}",False,
case_098,1,1,2,capls,c1,0,0.068,0.313,True,136381,1845408,1845408,0,2543402,,,16,177430,,1.3009876742361473,"{""block_cap"": 0.15}",False,
case_098,1,1,2,capls,c2,0,0.069,0.326,True,137983,934008,934008,0,1632002,,,7,177430,,1.2858830435633375,"{""block_cap"": 0.35, ""init"": ""rr""}",False,
case_098,1,1,2,capls,c3,0,0.064,0.503,True,112229,237588,237588,0,935582,,,4,177430,,1.5809639219809497,"{""block_cap"": 0.35, ""init"": ""contig""}",False,
case_098,1,1,2,capls,c4,0,0.059,0.311,True,153514,1036428,1036428,0,1734422,,,55,177430,,1.1557903513686048,"{""block_cap"": 0.35, ""subgraph_mode"": ""block""}",False,
case_098,1,1,2,capls,c5,0,0.081,0.26,True,156499,1036428,1036428,0,1734422,,,55,177430,,1.1337452635480099,"{""block_cap"": 0.35, ""init"": ""rr"", ""subgraph_mode"": ""block""}",False,
case_098,1,1,2,capls,c6,0,0.057,0.311,True,133813,704620,704620,0,1402614,,,8,177430,,1.3259548773288097,"{""block_cap"": 0.6, ""comm_weight"": 1e-06}",False,
case_098,1,1,2,capls,c7,0,0.076,0.34,True,135709,1742024,1742024,0,2440018,,,16,177430,,1.3074298683211873,"{""block_cap"": 0.08}",False,
case_098,1,1,2,capls,c8,0,0.121,0.667,True,136855,4731442,4731442,0,5429436,,,35,177430,,1.296481677688064,"{""block_cap"": 0.005}",False,
case_098,1,1,2,capls,c9,0,0.056,0.532,True,143569,917616,917616,0,1615610,,,7,177430,,1.2358517507261317,"{""block_cap"": 0.35, ""max_ops"": 2000}",False,
case_098,1,1,2,capls,c10,0,0.035,0.407,True,177430,0,0,0,697994,,,1,177430,,1.0,"{""block_cap"": 0.35, ""cores_used"": 1}",False,
case_098,1,1,2,capls,c11,0,0.03,0.407,True,177430,0,0,0,697994,,,1,177430,,1.0,"{""block_cap"": 0.35, ""cores_used"": 1}",False,
case_098,1,1,2,capls,c12,0,0.081,0.408,True,106182,1847330,1847330,0,2545324,,,10,177430,,1.6709988510293647,"{""block_cap"": 0.35, ""init"": ""rr"", ""level_mode"": ""alap_fill""}",True,
case_098,1,1,2,capls,c13,0,0.06,0.408,True,106182,1847330,1847330,0,2545324,,,10,177430,,1.6709988510293647,"{""block_cap"": 0.35, ""init"": ""rr"", ""level_mode"": ""alap_compress""}",False,
case_098,1,1,2,capls,sa1,0,0.684,0.68,True,124993,4598698,4598698,0,5296692,,,96,177430,,1.419519493091613,"{""anneal"": true, ""anneal_seconds"": 2.088}",False,
case_098,1,1,2,capls,sa2,0,0.628,0.624,True,125394,4598698,4598698,0,5296692,,,97,177430,,1.4149799830932899,"{""anneal"": true, ""anneal_seconds"": 2.088}",False,
case_098,1,1,2,capls,sa3,0,0.585,0.582,True,125292,4598698,4598698,0,5296692,,,96,177430,,1.416131915844587,"{""anneal"": true, ""anneal_seconds"": 2.088}",False,
case_098,1,1,2,capls,_best,0,0.06,0.408,True,106182,1847330,1847330,0,2545324,,,10,177430,,1.6709988510293647,"{""block_cap"": 0.35, ""init"": ""rr"", ""level_mode"": ""alap_fill""}",True,results\plans\case_098_p1_n2_capls_best.json
case_098,1,1,3,capls,c0,0,0.138,0.391,True,113257,1974454,1974454,0,2672448,,,18,177430,,1.5666139841246016,"{""block_cap"": 0.35}",False,
case_098,1,1,3,capls,c1,0,0.152,0.546,True,115346,2059478,2059478,0,2757472,,,18,177430,,1.5382414648102232,"{""block_cap"": 0.15}",False,
case_098,1,1,3,capls,c2,0,0.512,0.322,True,92603,2213116,2213116,0,2911110,,,21,177430,,1.9160286383810459,"{""block_cap"": 0.35, ""init"": ""rr""}",False,
case_098,1,1,3,capls,c3,0,0.212,0.349,True,122976,888920,888920,0,1586914,,,9,177430,,1.4428018475149622,"{""block_cap"": 0.35, ""init"": ""contig""}",False,
case_098,1,1,3,capls,c4,0,0.107,0.408,True,206144,2265330,2265330,0,2963324,,,141,177430,,0.8607090189382179,"{""block_cap"": 0.35, ""subgraph_mode"": ""block""}",False,
case_098,1,1,3,capls,c5,0,0.119,0.412,True,205952,2265330,2265330,0,2963324,,,141,177430,,0.8615114201367309,"{""block_cap"": 0.35, ""init"": ""rr"", ""subgraph_mode"": ""block""}",False,
case_098,1,1,3,capls,c6,0,0.056,0.327,True,122200,733304,733304,0,1431298,,,10,177430,,1.4519639934533553,"{""block_cap"": 0.6, ""comm_weight"": 1e-06}",False,
case_098,1,1,3,capls,c7,0,0.113,0.656,True,125415,2339136,2339136,0,3037130,,,29,177430,,1.414743053063828,"{""block_cap"": 0.08}",False,
case_098,1,1,3,capls,c8,0,0.288,0.427,True,113372,3291932,3291932,0,3989926,,,44,177430,,1.565024873866563,"{""block_cap"": 0.005}",False,
case_098,1,1,3,capls,c9,0,0.153,0.391,True,113257,1974454,1974454,0,2672448,,,18,177430,,1.5666139841246016,"{""block_cap"": 0.35, ""max_ops"": 2000}",False,
case_098,1,1,3,capls,c10,0,0.045,0.357,True,143569,917616,917616,0,1615610,,,7,177430,,1.2358517507261317,"{""block_cap"": 0.35, ""cores_used"": 2}",False,
case_098,1,1,3,capls,c11,0,0.024,0.371,True,177430,0,0,0,697994,,,1,177430,,1.0,"{""block_cap"": 0.35, ""cores_used"": 1}",False,
case_098,1,1,3,capls,c12,0,0.115,0.453,True,100275,3604776,3604776,0,4302770,,,24,177430,,1.769434056345051,"{""block_cap"": 0.35, ""init"": ""rr"", ""level_mode"": ""alap_fill""}",False,
case_098,1,1,3,capls,c13,0,0.129,0.453,True,100275,3604776,3604776,0,4302770,,,24,177430,,1.769434056345051,"{""block_cap"": 0.35, ""init"": ""rr"", ""level_mode"": ""alap_compress""}",False,
case_098,1,1,3,capls,sa1,0,0.377,0.375,True,87882,2360572,2360572,0,3058566,,,22,177430,,2.0189572381147447,"{""anneal"": true, ""anneal_seconds"": 1.573}",True,
case_098,1,1,3,capls,sa2,0,0.276,0.274,True,95072,2360572,2360572,0,3058566,,,22,177430,,1.8662697744867047,"{""anneal"": true, ""anneal_seconds"": 1.573}",False,
case_098,1,1,3,capls,sa3,0,0.378,0.375,True,95607,2412432,2412432,0,3110426,,,23,177430,,1.8558264562218247,"{""anneal"": true, ""anneal_seconds"": 1.573}",False,
case_098,1,1,3,capls,_best,0,,0.375,True,87882,2360572,,,,,,22,177430,,2.0189572381147447,"{""anneal"": true}",True,results\plans\case_098_p1_n3_capls_best.json
case_097,1,1,2,capls,c0,0,0.222,16.761,True,5617602,11796480,2555904,9240576,16842752,,,2,11491509,,2.045625339780212,"{""block_cap"": 0.35}",False,
case_097,1,1,2,capls,c1,0,0.225,16.761,True,5617602,11796480,2555904,9240576,16842752,,,2,11491509,,2.045625339780212,"{""block_cap"": 0.15}",False,
case_097,1,1,2,capls,c2,0,0.211,16.761,True,5617602,11796480,2555904,9240576,16842752,,,2,11491509,,2.045625339780212,"{""block_cap"": 0.35, ""init"": ""rr""}",False,
case_097,1,1,2,capls,c3,0,0.226,15.232,True,5834394,10584064,1703936,8880128,15630336,,,2,11491509,,1.9696148391760995,"{""block_cap"": 0.35, ""init"": ""contig""}",False,
case_097,1,1,2,capls,c4,0,0.208,2.778,True,5192028,29818880,29818880,0,34865152,,,64,11491509,,2.2132987341362567,"{""block_cap"": 0.35, ""subgraph_mode"": ""block""}",False,
case_097,1,1,2,capls,c5,0,0.203,2.778,True,5192028,29818880,29818880,0,34865152,,,64,11491509,,2.2132987341362567,"{""block_cap"": 0.35, ""init"": ""rr"", ""subgraph_mode"": ""block""}",False,
case_097,1,1,2,capls,c6,0,0.223,16.761,True,5617602,11796480,2555904,9240576,16842752,,,2,11491509,,2.045625339780212,"{""block_cap"": 0.6, ""comm_weight"": 1e-06}",False,
case_097,1,1,2,capls,c7,0,0.238,16.761,True,5617602,11796480,2555904,9240576,16842752,,,2,11491509,,2.045625339780212,"{""block_cap"": 0.08}",False,
case_097,1,1,2,capls,sa1,0,3.177,3.119,True,5188717,29499392,29499392,0,34545664,,,63,11491509,,2.2147110740477847,"{""anneal"": true, ""anneal_seconds"": 5.677}",True,
case_097,1,1,2,capls,sa2,0,3.833,3.815,True,5203679,30752768,30752768,0,35799040,,,64,11491509,,2.208343174127382,"{""anneal"": true, ""anneal_seconds"": 5.677}",False,
case_097,1,1,2,capls,sa3,0,3.181,3.164,True,5204392,32006144,32006144,0,37052416,,,65,11491509,,2.2080406318355728,"{""anneal"": true, ""anneal_seconds"": 5.677}",False,
case_097,1,1,2,capls,_best,0,,3.119,True,5188717,29499392,,,,,,63,11491509,,2.2147110740477847,"{""anneal"": true}",True,results\plans\case_097_p1_n2_capls_best.json
case_098,1,1,4,capls,c0,0,0.156,0.303,True,102168,2306318,2306318,0,3004312,,,28,177430,,1.7366494401378123,"{""block_cap"": 0.35}",False,
case_098,1,1,4,capls,c1,0,0.128,0.59,True,87695,2300252,2300252,0,2998246,,,38,177430,,2.023262443696904,"{""block_cap"": 0.15}",False,
case_098,1,1,4,capls,c2,0,0.14,0.396,True,86165,2366744,2366744,0,3064738,,,29,177430,,2.0591887657401498,"{""block_cap"": 0.35, ""init"": ""rr""}",True,
case_098,1,1,4,capls,c3,0,0.128,0.369,True,96644,557098,557098,0,1255092,,,8,177430,,1.8359132486238152,"{""block_cap"": 0.35, ""init"": ""contig""}",False,
case_098,1,1,4,capls,c4,0,0.114,0.254,True,223170,2265330,2265330,0,2963324,,,141,177430,,0.7950441367567326,"{""block_cap"": 0.35, ""subgraph_mode"": ""block""}",False,
case_098,1,1,4,capls,c5,0,0.126,0.379,True,186550,2265330,2265330,0,2963324,,,141,177430,,0.9511123023318145,"{""block_cap"": 0.35, ""init"": ""rr"", ""subgraph_mode"": ""block""}",False,
case_098,1,1,4,capls,c6,0,0.062,0.494,True,121954,995476,995476,0,1693470,,,12,177430,,1.4548928284435114,"{""block_cap"": 0.6, ""comm_weight"": 1e-06}",False,
case_098,1,1,4,capls,c7,0,0.184,0.336,True,111997,2210100,2210100,0,2908094,,,32,177430,,1.5842388635409876,"{""block_cap"": 0.08}",False,
case_098,1,1,4,capls,c8,0,0.444,0.578,True,168287,7765024,7765024,0,8463018,,,105,177430,,1.0543298056296684,"{""block_cap"": 0.005}",False,
case_098,1,1,4,capls,c9,0,0.15,0.303,True,102168,2306318,2306318,0,3004312,,,28,177430,,1.7366494401378123,"{""block_cap"": 0.35, ""max_ops"": 2000}",False,
case_098,1,1,4,capls,c10,0,0.113,0.352,True,113257,1974454,1974454,0,2672448,,,18,177430,,1.5666139841246016,"{""block_cap"": 0.35, ""cores_used"": 3}",False,
case_098,1,1,4,capls,c11,0,0.038,0.346,True,143569,917616,917616,0,1615610,,,7,177430,,1.2358517507261317,"{""block_cap"": 0.35, ""cores_used"": 2}",False,
case_098,1,1,4,capls,c12,0,0.158,0.59,True,96292,3526108,3526108,0,4224102,,,32,177430,,1.8426245170938396,"{""block_cap"": 0.35, ""init"": ""rr"", ""level_mode"": ""alap_fill""}",False,
case_098,1,1,4,capls,c13,0,0.13,0.59,True,96292,3526108,3526108,0,4224102,,,32,177430,,1.8426245170938396,"{""block_cap"": 0.35, ""init"": ""rr"", ""level_mode"": ""alap_compress""}",False,
case_098,1,1,4,capls,sa1,0,0.387,0.384,True,89093,2698528,2698528,0,3396522,,,32,177430,,1.9915144848641306,"{""anneal"": true, ""anneal_seconds"": 1.005}",False,
case_098,1,1,4,capls,sa2,0,0.413,0.41,True,89162,2698528,2698528,0,3396522,,,31,177430,,1.989973307014199,"{""anneal"": true, ""anneal_seconds"": 1.005}",False,
case_098,1,1,4,capls,sa3,0,0.352,0.35,True,89093,2739488,2739488,0,3437482,,,32,177430,,1.9915144848641306,"{""anneal"": true, ""anneal_seconds"": 1.005}",False,
case_098,1,1,4,capls,_best,0,0.158,0.396,True,86165,2366744,2366744,0,3064738,,,29,177430,,2.0591887657401498,"{""block_cap"": 0.35, ""init"": ""rr""}",True,results\plans\case_098_p1_n4_capls_best.json
case_097,1,1,4,capls,c0,0,0.434,8.731,True,2626908,14221312,7667712,6553600,19267584,,,4,11491509,,4.37453805005733,"{""block_cap"": 0.35}",False,
case_097,1,1,4,capls,c1,0,0.47,8.731,True,2626908,14221312,7667712,6553600,19267584,,,4,11491509,,4.37453805005733,"{""block_cap"": 0.15}",False,
case_097,1,1,4,capls,c2,0,1.015,8.731,True,2626908,14221312,7667712,6553600,19267584,,,4,11491509,,4.37453805005733,"{""block_cap"": 0.35, ""init"": ""rr""}",False,
case_097,1,1,4,capls,c3,0,0.483,6.517,True,3006668,10584064,5111808,5472256,15630336,,,4,11491509,,3.8220079503290685,"{""block_cap"": 0.35, ""init"": ""contig""}",False,
case_097,1,1,4,capls,c4,0,0.531,3.454,True,2608028,29818880,29818880,0,34865152,,,64,11491509,,4.40620614502605,"{""block_cap"": 0.35, ""subgraph_mode"": ""block""}",False,
case_097,1,1,4,capls,c5,0,0.484,3.454,True,2608028,29818880,29818880,0,34865152,,,64,11491509,,4.40620614502605,"{""block_cap"": 0.35, ""init"": ""rr"", ""subgraph_mode"": ""block""}",False,
case_097,1,1,4,capls,c6,0,0.533,8.731,True,2626908,14221312,7667712,6553600,19267584,,,4,11491509,,4.37453805005733,"{""block_cap"": 0.6, ""comm_weight"": 1e-06}",False,
case_097,1,1,4,capls,c7,0,0.441,8.731,True,2626908,14221312,7667712,6553600,19267584,,,4,11491509,,4.37453805005733,"{""block_cap"": 0.08}",False,
case_097,1,1,4,capls,sa1,0,3.106,3.053,True,2605924,29499392,29499392,0,34545664,,,63,11491509,,4.409763676914599,"{""anneal"": true, ""anneal_seconds"": 4.484}",True,
case_097,1,1,4,capls,sa2,0,2.723,2.704,True,2613730,30752768,30752768,0,35799040,,,64,11491509,,4.3965937568149736,"{""anneal"": true, ""anneal_seconds"": 4.484}",False,
case_097,1,1,4,capls,sa3,0,2.937,2.924,True,2617133,32006144,32006144,0,37052416,,,65,11491509,,4.3908769634558125,"{""anneal"": true, ""anneal_seconds"": 4.484}",False,
case_097,1,1,4,capls,_best,0,,3.053,True,2605924,29499392,,,,,,63,11491509,,4.409763676914599,"{""anneal"": true}",True,results\plans\case_097_p1_n4_capls_best.json
case_098,1,1,5,capls,c0,0,0.192,0.267,True,75917,1614026,1614026,0,2312020,,,28,177430,,2.337157685366914,"{""block_cap"": 0.35}",True,
case_098,1,1,5,capls,c1,0,0.162,0.596,True,92717,1781992,1781992,0,2479986,,,32,177430,,1.9136727892403766,"{""block_cap"": 0.15}",False,
case_098,1,1,5,capls,c2,0,0.157,0.217,True,87848,1823960,1823960,0,2521954,,,28,177430,,2.0197386394681724,"{""block_cap"": 0.35, ""init"": ""rr""}",False,
case_098,1,1,5,capls,c3,0,0.182,0.257,True,99969,647252,647252,0,1345246,,,10,177430,,1.7748502035631046,"{""block_cap"": 0.35, ""init"": ""contig""}",False,
case_098,1,1,5,capls,c4,0,0.194,0.348,True,155965,2265330,2265330,0,2963324,,,141,177430,,1.1376270317058315,"{""block_cap"": 0.35, ""subgraph_mode"": ""block""}",False,
case_098,1,1,5,capls,c5,0,0.198,0.431,True,192806,2265330,2265330,0,2963324,,,141,177430,,0.9202514444571227,"{""block_cap"": 0.35, ""init"": ""rr"", ""subgraph_mode"": ""block""}",False,
case_098,1,1,5,capls,c6,0,0.224,0.333,True,103532,1547428,1547428,0,2245422,,,25,177430,,1.713769655758606,"{""block_cap"": 0.6, ""comm_weight"": 1e-06}",False,
case_098,1,1,5,capls,c7,0,0.208,0.364,True,82930,1754382,1754382,0,2452376,,,31,177430,,2.13951525382853,"{""block_cap"": 0.08}",False,
case_098,1,1,5,capls,c8,0,0.422,0.814,True,165625,7725682,7725682,0,8423676,,,131,177430,,1.0712754716981132,"{""block_cap"": 0.005}",False,
case_098,1,1,5,capls,c9,0,0.203,0.267,True,75917,1614026,1614026,0,2312020,,,28,177430,,2.337157685366914,"{""block_cap"": 0.35, ""max_ops"": 2000}",False,
case_098,1,1,5,capls,c10,0,0.149,0.37,True,102168,2306318,2306318,0,3004312,,,28,177430,,1.7366494401378123,"{""block_cap"": 0.35, ""cores_used"": 4}",False,
case_098,1,1,5,capls,c11,0,0.026,0.218,True,143569,917616,917616,0,1615610,,,7,177430,,1.2358517507261317,"{""block_cap"": 0.35, ""cores_used"": 2}",False,
case_098,1,1,5,capls,c12,0,0.16,0.29,True,90557,3066248,3066248,0,3764242,,,35,177430,,1.9593184403193569,"{""block_cap"": 0.35, ""init"": ""rr"", ""level_mode"": ""alap_fill""}",False,
case_098,1,1,5,capls,c13,0,0.225,0.29,True,90557,3066248,3066248,0,3764242,,,35,177430,,1.9593184403193569,"{""block_cap"": 0.35, ""init"": ""rr"", ""level_mode"": ""alap_compress""}",False,
case_098,1,1,5,capls,sa1,0,0.365,0.363,True,76570,1735780,1735780,0,2433774,,,30,177430,,2.317226067650516,"{""anneal"": true, ""anneal_seconds"": 1.405}",False,
case_098,1,1,5,capls,sa2,0,0.379,0.377,True,76154,1614026,1614026,0,2312020,,,28,177430,,2.3298841820521576,"{""anneal"": true, ""anneal_seconds"": 1.405}",False,
case_098,1,1,5,capls,sa3,0,0.347,0.345,True,76389,1688536,1688536,0,2386530,,,29,177430,,2.322716621503096,"{""anneal"": true, ""anneal_seconds"": 1.405}",False,
case_098,1,1,5,capls,_best,0,0.18,0.267,True,75917,1614026,1614026,0,2312020,,,28,177430,,2.337157685366914,"{""block_cap"": 0.35}",True,results\plans\case_098_p1_n5_capls_best.json
case_097,1,1,3,capls,c0,0,0.357,27.305,True,3660459,16031744,8519680,7512064,21078016,,,3,11491509,,3.1393628503966307,"{""block_cap"": 0.35}",False,
case_097,1,1,3,capls,c1,0,0.329,27.305,True,3660459,16031744,8519680,7512064,21078016,,,3,11491509,,3.1393628503966307,"{""block_cap"": 0.15}",False,
case_097,1,1,3,capls,c2,0,0.379,27.305,True,3660459,16031744,8519680,7512064,21078016,,,3,11491509,,3.1393628503966307,"{""block_cap"": 0.35, ""init"": ""rr""}",False,
case_097,1,1,3,capls,c3,0,0.398,20.686,True,3856623,11558912,4046848,7512064,16605184,,,3,11491509,,2.9796817059899294,"{""block_cap"": 0.35, ""init"": ""contig""}",False,
case_097,1,1,3,capls,c4,0,0.414,2.83,True,3577028,29818880,29818880,0,34865152,,,64,11491509,,3.2125856996366817,"{""block_cap"": 0.35, ""subgraph_mode"": ""block""}",False,
case_097,1,1,3,capls,c5,0,0.35,2.83,True,3577028,29818880,29818880,0,34865152,,,64,11491509,,3.2125856996366817,"{""block_cap"": 0.35, ""init"": ""rr"", ""subgraph_mode"": ""block""}",False,
case_097,1,1,3,capls,c6,0,0.388,27.305,True,3660459,16031744,8519680,7512064,21078016,,,3,11491509,,3.1393628503966307,"{""block_cap"": 0.6, ""comm_weight"": 1e-06}",False,
case_097,1,1,3,capls,c7,0,0.973,27.305,True,3660459,16031744,8519680,7512064,21078016,,,3,11491509,,3.1393628503966307,"{""block_cap"": 0.08}",False,
case_097,1,1,3,capls,sa1,0,4.67,4.611,True,3554934,42156032,42156032,0,47202304,,,62,11491509,,3.232551996745931,"{""anneal"": true, ""anneal_seconds"": 4.799}",True,
case_097,1,1,3,capls,sa2,0,3.386,3.376,True,3555524,38316032,38316032,0,43362304,,,60,11491509,,3.2320155903883645,"{""anneal"": true, ""anneal_seconds"": 4.799}",False,
case_097,1,1,3,capls,sa3,0,3.904,3.89,True,3555103,38316032,38316032,0,43362304,,,59,11491509,,3.232398329949934,"{""anneal"": true, ""anneal_seconds"": 4.799}",False,
case_097,1,1,3,capls,_best,0,,4.611,True,3554934,42156032,,,,,,62,11491509,,3.232551996745931,"{""anneal"": true}",True,results\plans\case_097_p1_n3_capls_best.json
case_092,1,1,5,capls,c0,0,0.826,99.853,True,1661234,66980256,3721600,63258656,70237184,,,5,4815554,,2.89878126741928,"{""block_cap"": 0.35}",False,
case_092,1,1,5,capls,c1,0,0.948,99.853,True,1661234,66980256,3721600,63258656,70237184,,,5,4815554,,2.89878126741928,"{""block_cap"": 0.15}",False,
case_092,1,1,5,capls,c2,0,1.237,99.853,True,1661234,66980256,3721600,63258656,70237184,,,5,4815554,,2.89878126741928,"{""block_cap"": 0.35, ""init"": ""rr""}",False,
case_092,1,1,5,capls,c3,0,0.874,44.595,True,1778098,66980256,3721600,63258656,70237184,,,5,4815554,,2.7082612994334396,"{""block_cap"": 0.35, ""init"": ""contig""}",False,
case_092,1,1,5,capls,sa1,0,64.033,63.912,True,1610560,58281984,4639104,53642880,61538912,,,6,4815554,,2.9899873335982514,"{""anneal"": true, ""anneal_seconds"": 22.533}",False,
case_092,1,1,5,capls,sa2,0,92.176,92.124,True,1510160,58281984,4639104,53642880,61538912,,,6,4815554,,3.188770726280659,"{""anneal"": true, ""anneal_seconds"": 22.533}",True,
case_092,1,1,5,capls,sa3,0,57.092,57.05,True,1610560,58281984,4639104,53642880,61538912,,,6,4815554,,2.9899873335982514,"{""anneal"": true, ""anneal_seconds"": 22.533}",False,
case_092,1,1,5,capls,_best,0,,92.124,True,1510160,58281984,,,,,,6,4815554,,3.188770726280659,"{""anneal"": true}",True,results\plans\case_092_p1_n5_capls_best.json
case_100,1,1,2,capls,c0,0,0.048,0.345,True,118552,989712,989712,0,1444310,,,6,151223,,1.2755837101018963,"{""block_cap"": 0.35}",False,
case_100,1,1,2,capls,c1,0,0.047,0.345,True,118552,989712,989712,0,1444310,,,6,151223,,1.2755837101018963,"{""block_cap"": 0.15}",False,
case_100,1,1,2,capls,c2,0,0.067,0.691,True,102535,760332,760332,0,1214930,,,5,151223,,1.4748427366265178,"{""block_cap"": 0.35, ""init"": ""rr""}",False,
case_100,1,1,2,capls,c3,0,0.052,0.433,True,121366,284676,284676,0,739274,,,3,151223,,1.2460079429164674,"{""block_cap"": 0.35, ""init"": ""contig""}",False,
case_100,1,1,2,capls,c4,0,0.034,0.28,True,127448,1452048,1452048,0,1906646,,,47,151223,,1.1865466700144374,"{""block_cap"": 0.35, ""subgraph_mode"": ""block""}",False,
case_100,1,1,2,capls,c5,0,0.046,0.285,True,135568,1452048,1452048,0,1906646,,,47,151223,,1.1154771037412958,"{""block_cap"": 0.35, ""init"": ""rr"", ""subgraph_mode"": ""block""}",False,
case_100,1,1,2,capls,c6,0,0.041,0.628,True,116000,530952,530952,0,985550,,,4,151223,,1.303646551724138,"{""block_cap"": 0.6, ""comm_weight"": 1e-06}",False,
case_100,1,1,2,capls,c7,0,0.081,0.421,True,115930,1756770,1756770,0,2211368,,,12,151223,,1.3044337099974121,"{""block_cap"": 0.08}",False,
case_100,1,1,2,capls,c8,0,0.135,0.375,True,113157,2484040,2484040,0,2938638,,,28,151223,,1.3363998692082681,"{""block_cap"": 0.005}",False,
case_100,1,1,2,capls,c9,0,0.043,0.345,True,118552,989712,989712,0,1444310,,,6,151223,,1.2755837101018963,"{""block_cap"": 0.35, ""max_ops"": 2000}",False,
case_100,1,1,2,capls,c10,0,0.016,0.723,True,151223,0,0,0,454598,,,1,151223,,1.0,"{""block_cap"": 0.35, ""cores_used"": 1}",False,
case_100,1,1,2,capls,c11,0,0.019,0.723,True,151223,0,0,0,454598,,,1,151223,,1.0,"{""block_cap"": 0.35, ""cores_used"": 1}",False,
case_100,1,1,2,capls,c12,0,0.065,0.422,True,90879,1364804,1364804,0,1819402,,,8,151223,,1.6640037852529188,"{""block_cap"": 0.35, ""init"": ""rr"", ""level_mode"": ""alap_fill""}",True,
case_100,1,1,2,capls,c13,0,0.039,0.422,True,90879,1364804,1364804,0,1819402,,,8,151223,,1.6640037852529188,"{""block_cap"": 0.35, ""init"": ""rr"", ""level_mode"": ""alap_compress""}",False,
case_100,1,1,2,capls,sa1,0,0.502,0.5,True,91044,1451684,1451684,0,1906282,,,9,151223,,1.6609880936689951,"{""anneal"": true, ""anneal_seconds"": 2.996}",False,
case_100,1,1,2,capls,sa2,0,0.708,0.705,True,91046,1910436,1910436,0,2365034,,,10,151223,,1.6609516068800387,"{""anneal"": true, ""anneal_seconds"": 2.996}",False,
case_100,1,1,2,capls,sa3,0,0.401,0.399,True,91100,2002452,2002452,0,2457050,,,11,151223,,1.659967069154775,"{""anneal"": true, ""anneal_seconds"": 2.996}",False,
case_100,1,1,2,capls,_best,0,0.064,0.422,True,90879,1364804,1364804,0,1819402,,,8,151223,,1.6640037852529188,"{""block_cap"": 0.35, ""init"": ""rr"", ""level_mode"": ""alap_fill""}",True,results\plans\case_100_p1_n2_capls_best.json
case_100,1,1,3,capls,c0,0,0.126,0.473,True,86479,1061904,1061904,0,1516502,,,7,151223,,1.7486673065137202,"{""block_cap"": 0.35}",False,
case_100,1,1,3,capls,c1,0,0.106,0.44,True,92744,2039512,2039512,0,2494110,,,17,151223,,1.6305421374967652,"{""block_cap"": 0.15}",False,
case_100,1,1,3,capls,c2,0,0.051,0.935,True,86559,768012,768012,0,1222610,,,6,151223,,1.7470511443061958,"{""block_cap"": 0.35, ""init"": ""rr""}",False,
case_100,1,1,3,capls,c3,0,0.111,0.441,True,87952,518664,518664,0,973262,,,5,151223,,1.7193810260141895,"{""block_cap"": 0.35, ""init"": ""contig""}",False,
case_100,1,1,3,capls,c4,0,0.099,0.284,True,89192,1452048,1452048,0,1906646,,,47,151223,,1.6954771728406135,"{""block_cap"": 0.35, ""subgraph_mode"": ""block""}",False,
case_100,1,1,3,capls,c5,0,0.081,0.267,True,110597,1452048,1452048,0,1906646,,,47,151223,,1.3673336528115592,"{""block_cap"": 0.35, ""init"": ""rr"", ""subgraph_mode"": ""block""}",False,
case_100,1,1,3,capls,c6,0,0.083,0.429,True,96411,827916,827916,0,1282514,,,6,151223,,1.5685243385090912,"{""block_cap"": 0.6, ""comm_weight"": 1e-06}",False,
case_100,1,1,3,capls,c7,0,0.149,0.4,True,102935,2204544,2204544,0,2659142,,,25,151223,,1.4691115752659445,"{""block_cap"": 0.08}",False,
case_100,1,1,3,capls,c8,0,0.209,0.469,True,112158,2412946,2412946,0,2867544,,,39,151223,,1.3483032864352076,"{""block_cap"": 0.005}",False,
case_100,1,1,3,capls,c9,0,0.111,0.473,True,86479,1061904,1061904,0,1516502,,,7,151223,,1.7486673065137202,"{""block_cap"": 0.35, ""max_ops"": 2000}",False,
case_100,1,1,3,capls,c10,0,0.039,0.464,True,118552,989712,989712,0,1444310,,,6,151223,,1.2755837101018963,"{""block_cap"": 0.35, ""cores_used"": 2}",False,
case_100,1,1,3,capls,c11,0,0.014,0.531,True,151223,0,0,0,454598,,,1,151223,,1.0,"{""block_cap"": 0.35, ""cores_used"": 1}",False,
case_100,1,1,3,capls,c12,0,0.086,0.3,True,63340,1249162,1249162,0,1703760,,,12,151223,,2.3874802652352383,"{""block_cap"": 0.35, ""init"": ""rr"", ""level_mode"": ""alap_fill""}",True,
case_100,1,1,3,capls,c13,0,0.086,0.3,True,63340,1249162,1249162,0,1703760,,,12,151223,,2.3874802652352383,"{""block_cap"": 0.35, ""init"": ""rr"", ""level_mode"": ""alap_compress""}",False,
case_100,1,1,3,capls,sa1,0,0.379,0.376,True,63340,1239434,1239434,0,1694032,,,11,151223,,2.3874802652352383,"{""anneal"": true, ""anneal_seconds"": 1.725}",False,
case_100,1,1,3,capls,sa2,0,0.396,0.394,True,64025,1276298,1276298,0,1730896,,,12,151223,,2.361936743459586,"{""anneal"": true, ""anneal_seconds"": 1.725}",False,
case_100,1,1,3,capls,sa3,0,0.493,0.491,True,64302,1505678,1505678,0,1960276,,,13,151223,,2.3517619980716,"{""anneal"": true, ""anneal_seconds"": 1.725}",False,
case_100,1,1,3,capls,_best,0,0.08,0.3,True,63340,1249162,1249162,0,1703760,,,12,151223,,2.3874802652352383,"{""block_cap"": 0.35, ""init"": ""rr"", ""level_mode"": ""alap_fill""}",True,results\plans\case_100_p1_n3_capls_best.json
case_100,1,1,4,capls,c0,0,0.151,0.438,True,79313,1078800,1078800,0,1533398,,,8,151223,,1.906660950915991,"{""block_cap"": 0.35}",False,
case_100,1,1,4,capls,c1,0,0.238,0.43,True,87181,1797224,1797224,0,2251822,,,17,151223,,1.7345866645255275,"{""block_cap"": 0.15}",False,
case_100,1,1,4,capls,c2,0,0.148,0.486,True,80395,1078800,1078800,0,1533398,,,8,151223,,1.8810000621929224,"{""block_cap"": 0.35, ""init"": ""rr""}",False,
case_100,1,1,4,capls,c3,0,0.172,0.355,True,85542,858636,858636,0,1313234,,,7,151223,,1.767821654859601,"{""block_cap"": 0.35, ""init"": ""contig""}",False,
case_100,1,1,4,capls,c4,0,0.146,0.273,True,77393,1452048,1452048,0,1906646,,,47,151223,,1.9539622446474487,"{""block_cap"": 0.35, ""subgraph_mode"": ""block""}",False,
case_100,1,1,4,capls,c5,0,0.148,0.471,True,96018,1452048,1452048,0,1906646,,,47,151223,,1.5749442812805932,"{""block_cap"": 0.35, ""init"": ""rr"", ""subgraph_mode"": ""block""}",False,
case_100,1,1,4,capls,c6,0,0.145,0.353,True,89396,844812,844812,0,1299410,,,7,151223,,1.6916081256432056,"{""block_cap"": 0.6, ""comm_weight"": 1e-06}",False,
case_100,1,1,4,capls,c7,0,0.273,0.356,True,84492,1784170,1784170,0,2238768,,,18,151223,,1.7897907494200633,"{""block_cap"": 0.08}",False,
case_100,1,1,4,capls,c8,0,0.385,0.448,True,119813,2662336,2662336,0,3116934,,,60,151223,,1.2621585303765033,"{""block_cap"": 0.005}",False,
case_100,1,1,4,capls,c9,0,0.161,0.438,True,79313,1078800,1078800,0,1533398,,,8,151223,,1.906660950915991,"{""block_cap"": 0.35, ""max_ops"": 2000}",False,
case_100,1,1,4,capls,c10,0,0.116,0.428,True,86479,1061904,1061904,0,1516502,,,7,151223,,1.7486673065137202,"{""block_cap"": 0.35, ""cores_used"": 3}",False,
case_100,1,1,4,capls,c11,0,0.046,0.454,True,118552,989712,989712,0,1444310,,,6,151223,,1.2755837101018963,"{""block_cap"": 0.35, ""cores_used"": 2}",False,
case_100,1,1,4,capls,c12,0,0.169,0.42,True,65007,1966264,1966264,0,2420862,,,20,151223,,2.326257172304521,"{""block_cap"": 0.35, ""init"": ""rr"", ""level_mode"": ""alap_fill""}",True,
case_100,1,1,4,capls,c13,0,0.157,0.42,True,65007,1966264,1966264,0,2420862,,,20,151223,,2.326257172304521,"{""block_cap"": 0.35, ""init"": ""rr"", ""level_mode"": ""alap_compress""}",False,
case_100,1,1,4,capls,sa1,0,0.82,0.817,True,65473,1966264,1966264,0,2420862,,,19,151223,,2.309700181754311,"{""anneal"": true, ""anneal_seconds"": 1.671}",False,
case_100,1,1,4,capls,sa2,0,0.421,0.419,True,65562,1979598,1979598,0,2434196,,,21,151223,,2.306564778377719,"{""anneal"": true, ""anneal_seconds"": 1.671}",False,
case_100,1,1,4,capls,sa3,0,0.482,0.479,True,65473,1969348,1969348,0,2423946,,,20,151223,,2.309700181754311,"{""anneal"": true, ""anneal_seconds"": 1.671}",False,
case_100,1,1,4,capls,_best,0,0.188,0.42,True,65007,1966264,1966264,0,2420862,,,20,151223,,2.326257172304521,"{""block_cap"": 0.35, ""init"": ""rr"", ""level_mode"": ""alap_fill""}",True,results\plans\case_100_p1_n4_capls_best.json
case_099,1,1,5,capls,c0,0,0.618,14.425,True,338025,10776576,7127040,3649536,13310612,,,5,1622999,,4.801417054951557,"{""block_cap"": 0.35}",False,
case_099,1,1,5,capls,c1,0,0.493,14.425,True,338025,10776576,7127040,3649536,13310612,,,5,1622999,,4.801417054951557,"{""block_cap"": 0.15}",False,
case_099,1,1,5,capls,c2,0,0.943,13.481,True,341463,10797056,7188480,3608576,13331092,,,5,1622999,,4.753074271590187,"{""block_cap"": 0.35, ""init"": ""rr""}",False,
case_099,1,1,5,capls,c3,0,0.86,10.653,True,337370,6799360,5296128,1503232,9333396,,,5,1622999,,4.81073895129976,"{""block_cap"": 0.35, ""init"": ""contig""}",True,
case_099,1,1,5,capls,c4,0,0.863,3.379,True,418371,21626880,21626880,0,24160916,,,202,1622999,,3.879329590244066,"{""block_cap"": 0.35, ""subgraph_mode"": ""block""}",False,
case_099,1,1,5,capls,c5,0,0.887,3.349,True,418508,21626880,21626880,0,24160916,,,202,1622999,,3.87805967866803,"{""block_cap"": 0.35, ""init"": ""rr"", ""subgraph_mode"": ""block""}",False,
case_099,1,1,5,capls,c6,0,0.381,8.929,True,359330,4177920,2211840,1966080,6711956,,,5,1622999,,4.516736704422119,"{""block_cap"": 0.6, ""comm_weight"": 1e-06}",False,
case_099,1,1,5,capls,c7,0,0.456,14.425,True,338025,10776576,7127040,3649536,13310612,,,5,1622999,,4.801417054951557,"{""block_cap"": 0.08}",False,
case_099,1,1,5,capls,sa1,0,15.929,15.883,True,349068,8812288,7517952,1294336,11346324,,,6,1622999,,4.649521010232963,"{""anneal"": true, ""anneal_seconds"": 4.459}",False,
case_099,1,1,5,capls,sa2,0,15.054,15.044,True,340848,8584192,7121920,1462272,11118228,,,6,1622999,,4.761650354410177,"{""anneal"": true, ""anneal_seconds"": 4.459}",False,
case_099,1,1,5,capls,sa3,0,15.874,15.863,True,341311,8572928,7544832,1028096,11106964,,,6,1622999,,4.755191013474515,"{""anneal"": true, ""anneal_seconds"": 4.459}",False,
case_099,1,1,5,capls,_best,0,0.965,10.653,True,337370,6799360,5296128,1503232,9333396,,,5,1622999,,4.81073895129976,"{""block_cap"": 0.35, ""init"": ""contig""}",True,results\plans\case_099_p1_n5_capls_best.json
case_100,1,1,5,capls,c0,0,0.146,0.459,True,83994,1061904,1061904,0,1516502,,,9,151223,,1.8004024096959306,"{""block_cap"": 0.35}",False,
case_100,1,1,5,capls,c1,0,0.266,0.38,True,89018,1711858,1711858,0,2166456,,,22,151223,,1.6987912557010942,"{""block_cap"": 0.15}",False,
case_100,1,1,5,capls,c2,0,0.166,0.419,True,85720,1078800,1078800,0,1533398,,,9,151223,,1.7641507232851144,"{""block_cap"": 0.35, ""init"": ""rr""}",False,
case_100,1,1,5,capls,c3,0,0.171,0.289,True,83028,679944,679944,0,1134542,,,7,151223,,1.8213494242906008,"{""block_cap"": 0.35, ""init"": ""contig""}",False,
case_100,1,1,5,capls,c4,0,0.158,0.486,True,92356,1452048,1452048,0,1906646,,,47,151223,,1.6373922647147992,"{""block_cap"": 0.35, ""subgraph_mode"": ""block""}",False,
case_100,1,1,5,capls,c5,0,0.148,0.301,True,74180,1452048,1452048,0,1906646,,,47,151223,,2.0385953087085467,"{""block_cap"": 0.35, ""init"": ""rr"", ""subgraph_mode"": ""block""}",False,
case_100,1,1,5,capls,c6,0,0.159,0.459,True,83994,1061904,1061904,0,1516502,,,9,151223,,1.8004024096959306,"{""block_cap"": 0.6, ""comm_weight"": 1e-06}",False,
case_100,1,1,5,capls,c7,0,0.265,0.366,True,80731,1809970,1809970,0,2264568,,,22,151223,,1.8731713963657084,"{""block_cap"": 0.08}",False,
case_100,1,1,5,capls,c8,0,0.39,0.532,True,147099,3434888,3434888,0,3889486,,,83,151223,,1.0280355406902835,"{""block_cap"": 0.005}",False,
case_100,1,1,5,capls,c9,0,0.167,0.459,True,83994,1061904,1061904,0,1516502,,,9,151223,,1.8004024096959306,"{""block_cap"": 0.35, ""max_ops"": 2000}",False,
case_100,1,1,5,capls,c10,0,0.149,0.5,True,79313,1078800,1078800,0,1533398,,,8,151223,,1.906660950915991,"{""block_cap"": 0.35, ""cores_used"": 4}",False,
case_100,1,1,5,capls,c11,0,0.042,0.657,True,118552,989712,989712,0,1444310,,,6,151223,,1.2755837101018963,"{""block_cap"": 0.35, ""cores_used"": 2}",False,
case_100,1,1,5,capls,c12,0,0.147,0.433,True,65923,1835920,1835920,0,2290518,,,25,151223,,2.2939338318947864,"{""block_cap"": 0.35, ""init"": ""rr"", ""level_mode"": ""alap_fill""}",False,
case_100,1,1,5,capls,c13,0,0.164,0.433,True,65923,1835920,1835920,0,2290518,,,25,151223,,2.2939338318947864,"{""block_cap"": 0.35, ""init"": ""rr"", ""level_mode"": ""alap_compress""}",False,
case_100,1,1,5,capls,sa1,0,0.441,0.438,True,65995,1809372,1809372,0,2263970,,,26,151223,,2.2914311690279567,"{""anneal"": true, ""anneal_seconds"": 1.393}",False,
case_100,1,1,5,capls,sa2,0,0.426,0.423,True,65925,1842200,1842200,0,2296798,,,25,151223,,2.2938642396662874,"{""anneal"": true, ""anneal_seconds"": 1.393}",False,
case_100,1,1,5,capls,sa3,0,0.481,0.478,True,65921,1835920,1835920,0,2290518,,,24,151223,,2.2940034283460506,"{""anneal"": true, ""anneal_seconds"": 1.393}",True,
case_100,1,1,5,capls,_best,0,,0.478,True,65921,1835920,,,,,,24,151223,,2.2940034283460506,"{""anneal"": true}",True,results\plans\case_100_p1_n5_capls_best.json
case_099,1,1,4,capls,c0,0,0.455,13.66,True,407859,9818112,5652480,4165632,12352148,,,4,1622999,,3.979313929568797,"{""block_cap"": 0.35}",True,
case_099,1,1,4,capls,c1,0,0.46,13.66,True,407859,9818112,5652480,4165632,12352148,,,4,1622999,,3.979313929568797,"{""block_cap"": 0.15}",False,
case_099,1,1,4,capls,c2,0,0.452,14.791,True,415960,9945088,5652480,4292608,12479124,,,4,1622999,,3.9018150783729206,"{""block_cap"": 0.35, ""init"": ""rr""}",False,
case_099,1,1,4,capls,c3,0,1.305,12.706,True,410897,6721536,4374528,2347008,9255572,,,4,1622999,,3.949892552148105,"{""block_cap"": 0.35, ""init"": ""contig""}",False,
case_099,1,1,4,capls,c4,0,0.436,3.368,True,433295,21626880,21626880,0,24160916,,,202,1622999,,3.7457136592852445,"{""block_cap"": 0.35, ""subgraph_mode"": ""block""}",False,
case_099,1,1,4,capls,c5,0,0.379,3.292,True,435798,21626880,21626880,0,24160916,,,202,1622999,,3.724200202846273,"{""block_cap"": 0.35, ""init"": ""rr"", ""subgraph_mode"": ""block""}",False,
case_099,1,1,4,capls,c6,0,0.328,10.856,True,429882,4370432,1658880,2711552,6904468,,,4,1622999,,3.7754523334310344,"{""block_cap"": 0.6, ""comm_weight"": 1e-06}",False,
case_099,1,1,4,capls,c7,0,0.405,13.66,True,407859,9818112,5652480,4165632,12352148,,,4,1622999,,3.979313929568797,"{""block_cap"": 0.08}",False,
case_099,1,1,4,capls,sa1,0,19.996,19.941,True,431125,11450112,8234752,3215360,13984148,,,5,1622999,,3.76456712090461,"{""anneal"": true, ""anneal_seconds"": 46.413}",False,
case_099,1,1,4,capls,sa2,0,14.807,14.793,True,432846,11676672,8485888,3190784,14210708,,,5,1622999,,3.7495991645989566,"{""anneal"": true, ""anneal_seconds"": 46.413}",False,
case_099,1,1,4,capls,sa3,0,15.792,15.779,True,432869,11483136,8493056,2990080,14017172,,,5,1622999,,3.749399933929203,"{""anneal"": true, ""anneal_seconds"": 46.413}",False,
case_099,1,1,4,capls,_best,0,0.39,13.66,True,407859,9818112,5652480,4165632,12352148,,,4,1622999,,3.979313929568797,"{""block_cap"": 0.35}",True,results\plans\case_099_p1_n4_capls_best.json
case_097,1,1,5,capls,c0,0,1.107,26.836,True,2102348,21311488,17039360,4272128,26357760,,,5,11491509,,5.466035594487687,"{""block_cap"": 0.35}",True,
case_097,1,1,5,capls,c1,0,0.661,26.836,True,2102348,21311488,17039360,4272128,26357760,,,5,11491509,,5.466035594487687,"{""block_cap"": 0.15}",False,
case_097,1,1,5,capls,c2,0,0.689,26.836,True,2102348,21311488,17039360,4272128,26357760,,,5,11491509,,5.466035594487687,"{""block_cap"": 0.35, ""init"": ""rr""}",False,
case_097,1,1,5,capls,c3,0,0.643,17.242,True,2277923,12365824,8093696,4272128,17412096,,,5,11491509,,5.044731099339178,"{""block_cap"": 0.35, ""init"": ""contig""}",False,
case_097,1,1,5,capls,c4,0,0.661,2.399,True,2123528,29818880,29818880,0,34865152,,,64,11491509,,5.411517531202791,"{""block_cap"": 0.35, ""subgraph_mode"": ""block""}",False,
case_097,1,1,5,capls,c5,0,0.567,2.399,True,2123528,29818880,29818880,0,34865152,,,64,11491509,,5.411517531202791,"{""block_cap"": 0.35, ""init"": ""rr"", ""subgraph_mode"": ""block""}",False,
case_097,1,1,5,capls,c6,0,0.628,26.836,True,2102348,21311488,17039360,4272128,26357760,,,5,11491509,,5.466035594487687,"{""block_cap"": 0.6, ""comm_weight"": 1e-06}",False,
case_097,1,1,5,capls,c7,0,0.644,26.836,True,2102348,21311488,17039360,4272128,26357760,,,5,11491509,,5.466035594487687,"{""block_cap"": 0.08}",False,
case_097,1,1,5,capls,sa1,0,30.455,30.401,True,2179129,36478976,32251904,4227072,41525248,,,6,11491509,,5.273441361204408,"{""anneal"": true, ""anneal_seconds"": 37.505}",False,
case_097,1,1,5,capls,sa2,0,28.713,28.7,True,2358974,37732352,33509376,4222976,42778624,,,6,11491509,,4.871401295648023,"{""anneal"": true, ""anneal_seconds"": 37.505}",False,
case_097,1,1,5,capls,sa3,0,23.923,23.909,True,2359057,37775360,33552384,4222976,42821632,,,6,11491509,,4.871229902456787,"{""anneal"": true, ""anneal_seconds"": 37.505}",False,
case_097,1,1,5,capls,_best,0,0.537,26.836,True,2102348,21311488,17039360,4272128,26357760,,,5,11491509,,5.466035594487687,"{""block_cap"": 0.35}",True,results\plans\case_097_p1_n5_capls_best.json
case_099,1,1,3,capls,c0,0,0.2,10.279,True,572147,4169728,1105920,3063808,6703764,,,3,1622999,,2.836681831767011,"{""block_cap"": 0.35}",False,
case_099,1,1,3,capls,c1,0,0.262,15.874,True,544403,8798208,3809280,4988928,11332244,,,3,1622999,,2.981245511137889,"{""block_cap"": 0.15}",True,
case_099,1,1,3,capls,c2,0,0.357,11.047,True,569036,4501504,1105920,3395584,7035540,,,3,1622999,,2.8521903710837275,"{""block_cap"": 0.35, ""init"": ""rr""}",False,
case_099,1,1,3,capls,c3,0,0.324,10.538,True,575025,3993600,1105920,2887680,6527636,,,3,1622999,,2.82248423981566,"{""block_cap"": 0.35, ""init"": ""contig""}",False,
case_099,1,1,3,capls,c4,0,0.247,2.526,True,569849,9400320,9400320,0,11934356,,,20,1622999,,2.848121168941246,"{""block_cap"": 0.35, ""subgraph_mode"": ""block""}",False,
case_099,1,1,3,capls,c5,0,0.357,2.786,True,569849,9400320,9400320,0,11934356,,,20,1622999,,2.848121168941246,"{""block_cap"": 0.35, ""init"": ""rr"", ""subgraph_mode"": ""block""}",False,
case_099,1,1,3,capls,c6,0,0.249,10.279,True,572147,4169728,1105920,3063808,6703764,,,3,1622999,,2.836681831767011,"{""block_cap"": 0.6, ""comm_weight"": 1e-06}",False,
case_099,1,1,3,capls,c7,0,0.71,15.874,True,544403,8798208,3809280,4988928,11332244,,,3,1622999,,2.981245511137889,"{""block_cap"": 0.08}",False,
case_099,1,1,3,capls,sa1,0,13.933,13.893,True,573938,10769152,7373568,3395584,13303188,,,4,1622999,,2.827829835278375,"{""anneal"": true, ""anneal_seconds"": 74.309}",False,
case_099,1,1,3,capls,sa2,0,17.038,17.023,True,576862,11054080,7597056,3457024,13588116,,,4,1622999,,2.813496122122795,"{""anneal"": true, ""anneal_seconds"": 74.309}",False,
case_099,1,1,3,capls,sa3,0,13.512,13.499,True,575633,10892288,7595008,3297280,13426324,,,4,1622999,,2.8195030514233896,"{""anneal"": true, ""anneal_seconds"": 74.309}",False,
case_099,1,1,3,capls,_best,0,0.259,15.874,True,544403,8798208,3809280,4988928,11332244,,,3,1622999,,2.981245511137889,"{""block_cap"": 0.15}",True,results\plans\case_099_p1_n3_capls_best.json
case_079,1,1,2,capls,c0,0,0.782,188.044,True,15500252,32555008,2162688,30392320,41906176,,,2,31052251,,2.003338461852104,"{""block_cap"": 0.35}",True,
case_079,1,1,2,capls,c1,0,0.508,188.044,True,15500252,32555008,2162688,30392320,41906176,,,2,31052251,,2.003338461852104,"{""block_cap"": 0.15}",False,
case_079,1,1,2,capls,c2,0,0.662,188.044,True,15500252,32555008,2162688,30392320,41906176,,,2,31052251,,2.003338461852104,"{""block_cap"": 0.35, ""init"": ""rr""}",False,
case_079,1,1,2,capls,c3,0,0.302,224.641,True,15500252,32555008,2162688,30392320,41906176,,,2,31052251,,2.003338461852104,"{""block_cap"": 0.35, ""init"": ""contig""}",False,
case_079,1,1,2,capls,sa1,0,257.037,256.921,True,17574688,147453952,117676032,29777920,156805120,,,3,31052251,,1.766873528565628,"{""anneal"": true, ""anneal_seconds"": 383.633}",False,
case_079,1,1,2,capls,sa2,0,377.303,377.234,True,17574688,147453952,117676032,29777920,156805120,,,3,31052251,,1.766873528565628,"{""anneal"": true, ""anneal_seconds"": 383.633}",False,
case_079,1,1,2,capls,sa3,0,147.311,147.26,True,30952656,32555008,2162688,30392320,41906176,,,2,31052251,,1.003217656022798,"{""anneal"": true, ""anneal_seconds"": 383.633}",False,
case_079,1,1,2,capls,_best,0,0.811,188.044,True,15500252,32555008,2162688,30392320,41906176,,,2,31052251,,2.003338461852104,"{""block_cap"": 0.35}",True,results\plans\case_079_p1_n2_capls_best.json
case_099,1,1,2,capls,c0,0,0.32,13.357,True,822197,4583424,552960,4030464,7117460,,,2,1622999,,1.973978255819469,"{""block_cap"": 0.35}",False,
case_099,1,1,2,capls,c1,0,0.159,16.255,True,810196,7315456,1904640,5410816,9849492,,,2,1622999,,2.003217739904912,"{""block_cap"": 0.15}",True,
case_099,1,1,2,capls,c2,0,0.194,13.357,True,822197,4583424,552960,4030464,7117460,,,2,1622999,,1.973978255819469,"{""block_cap"": 0.35, ""init"": ""rr""}",False,
case_099,1,1,2,capls,c3,0,0.141,13.192,True,821434,4714496,552960,4161536,7248532,,,2,1622999,,1.9758118120262858,"{""block_cap"": 0.35, ""init"": ""contig""}",False,
case_099,1,1,2,capls,c4,0,0.116,2.597,True,818716,9400320,9400320,0,11934356,,,20,1622999,,1.9823711763297651,"{""block_cap"": 0.35, ""subgraph_mode"": ""block""}",False,
case_099,1,1,2,capls,c5,0,0.201,2.597,True,818716,9400320,9400320,0,11934356,,,20,1622999,,1.9823711763297651,"{""block_cap"": 0.35, ""init"": ""rr"", ""subgraph_mode"": ""block""}",False,
case_099,1,1,2,capls,c6,0,0.141,13.357,True,822197,4583424,552960,4030464,7117460,,,2,1622999,,1.973978255819469,"{""block_cap"": 0.6, ""comm_weight"": 1e-06}",False,
case_099,1,1,2,capls,c7,0,0.289,16.255,True,810196,7315456,1904640,5410816,9849492,,,2,1622999,,2.003217739904912,"{""block_cap"": 0.08}",False,
case_099,1,1,2,capls,sa1,0,13.674,13.64,True,861415,10223360,7458560,2764800,12757396,,,3,1622999,,1.8841081244231874,"{""anneal"": true, ""anneal_seconds"": 127.221}",False,
case_099,1,1,2,capls,sa2,0,12.97,12.96,True,862831,10318848,7582720,2736128,12852884,,,3,1622999,,1.8810160970108862,"{""anneal"": true, ""anneal_seconds"": 127.221}",False,
case_099,1,1,2,capls,sa3,0,7.552,7.542,True,1614801,7315456,1904640,5410816,9849492,,,2,1622999,,1.0050767865514079,"{""anneal"": true, ""anneal_seconds"": 127.221}",False,
case_099,1,1,2,capls,_best,0,0.165,16.255,True,810196,7315456,1904640,5410816,9849492,,,2,1622999,,2.003217739904912,"{""block_cap"": 0.15}",True,results\plans\case_099_p1_n2_capls_best.json
case_087,1,1,2,capls,c0,0,0.926,300.731,True,2582092,10236678,2098950,8137728,16155776,,,3,3974071,,1.5390896219034798,"{""block_cap"": 0.35}",False,
case_087,1,1,2,capls,c1,0,1.451,32.791,True,2579060,15786928,7718320,8068608,21706026,,,28,3974071,,1.5408990097167186,"{""block_cap"": 0.15}",False,
case_087,1,1,2,capls,c2,0,0.974,261.584,True,2569929,10282758,2098950,8183808,16201856,,,3,3974071,,1.5463738492386365,"{""block_cap"": 0.35, ""init"": ""rr""}",False,
case_087,1,1,2,capls,c3,0,1.44,675.156,True,1993185,8248320,2004480,6243840,14167418,,,2,3974071,,1.9938294739324247,"{""block_cap"": 0.35, ""init"": ""contig""}",True,
case_087,1,1,2,capls,sa1,0,214.286,214.117,True,1993418,9094206,2811052,6283154,15013304,,,5,3974071,,1.993596425837431,"{""anneal"": true, ""anneal_seconds"": 87.138}",False,
case_087,1,1,2,capls,sa2,0,379.493,379.452,True,1993462,8911834,2628680,6283154,14830932,,,4,3974071,,1.9935524228703632,"{""anneal"": true, ""anneal_seconds"": 87.138}",False,
case_087,1,1,2,capls,sa3,0,255.912,255.856,True,1993398,8611542,2328388,6283154,14530640,,,3,3974071,,1.993616427828261,"{""anneal"": true, ""anneal_seconds"": 87.138}",False,
case_087,1,1,2,capls,_best,0,1.105,675.156,True,1993185,8248320,2004480,6243840,14167418,,,2,3974071,,1.9938294739324247,"{""block_cap"": 0.35, ""init"": ""contig""}",True,results\plans\case_087_p1_n2_capls_best.json
case_091,1,1,5,capls,c1,0,0.021,326.863,True,1898042,73166848,25913344,47253504,79744504,,,5,9186769,,4.840129459727446,"{""block_cap"": 0.15, ""proxy_fallback"": true}",True,results\plans\case_091_p1_n5_capls_best.json
case_091,1,1,5,capls,sa1,0,788.338,788.1,True,2005801,83803136,42985472,40817664,90380792,,,6,9186769,,4.580099920181514,"{""anneal"": true, ""anneal_seconds"": 148.036}",False,
case_091,1,1,4,capls,c0,0,0.022,1441.476,True,2372888,67542144,16570368,50971776,74119800,,,4,9186769,,3.8715560953572186,"{""block_cap"": 0.35, ""proxy_fallback"": true}",True,results\plans\case_091_p1_n4_capls_best.json
case_091,1,1,4,capls,sa1,0,816.267,816.056,True,2522143,78502016,34506752,43995264,85079672,,,5,9186769,,3.6424457296830512,"{""anneal"": true, ""anneal_seconds"": 144.308}",False,
case_014,1,1,2,capls,c10,0,0.021,1235.63,True,17698626,71010720,0,71010720,80943460,,,1,17698626,,1.0,"{""block_cap"": 0.35, ""cores_used"": 1, ""proxy_fallback"": true}",True,results\plans\case_014_p1_n2_capls_best.json
case_014,1,1,2,capls,sa1,0,855.288,855.044,True,17698626,71010720,0,71010720,80943460,,,1,17698626,,1.0,"{""anneal"": true, ""anneal_seconds"": 2014.633}",False,
case_014,1,1,3,capls,c11,0,0.037,1221.509,True,17698626,71010720,0,71010720,80943460,,,1,17698626,,1.0,"{""block_cap"": 0.35, ""cores_used"": 1, ""proxy_fallback"": true}",True,results\plans\case_014_p1_n3_capls_best.json
case_014,1,1,3,capls,sa1,0,857.059,856.812,True,17698626,71010720,0,71010720,80943460,,,1,17698626,,1.0,"{""anneal"": true, ""anneal_seconds"": 2015.12}",False,
case_076,1,1,3,capls,c11,0,0.026,1006.191,True,6185113,28280832,0,28280832,32551506,,,1,6185113,,1.0,"{""block_cap"": 0.35, ""cores_used"": 1, ""proxy_fallback"": true}",True,results\plans\case_076_p1_n3_capls_best.json
case_076,1,1,3,capls,sa1,0,616.961,616.741,True,6185113,28280832,0,28280832,32551506,,,1,6185113,,1.0,"{""anneal"": true, ""anneal_seconds"": 1874.765}",False,
case_076,1,1,2,capls,c10,0,0.04,1016.092,True,6185113,28280832,0,28280832,32551506,,,1,6185113,,1.0,"{""block_cap"": 0.35, ""cores_used"": 1, ""proxy_fallback"": true}",True,results\plans\case_076_p1_n2_capls_best.json
case_076,1,1,2,capls,sa1,0,733.89,733.677,True,6185113,28280832,0,28280832,32551506,,,1,6185113,,1.0,"{""anneal"": true, ""anneal_seconds"": 1865.257}",False,
case_091,1,1,2,capls,c10,0,0.023,1060.42,True,9186769,53947008,0,53947008,60524664,,,1,9186769,,1.0,"{""block_cap"": 0.35, ""cores_used"": 1, ""proxy_fallback"": true}",True,results\plans\case_091_p1_n2_capls_best.json
case_091,1,1,2,capls,sa1,0,619.418,619.245,True,9186769,53947008,0,53947008,60524664,,,1,9186769,,1.0,"{""anneal"": true, ""anneal_seconds"": 1685.71}",False,
case_091,1,1,3,capls,c11,0,0.02,1746.854,True,9186769,53947008,0,53947008,60524664,,,1,9186769,,1.0,"{""block_cap"": 0.35, ""cores_used"": 1, ""proxy_fallback"": true}",True,results\plans\case_091_p1_n3_capls_best.json
case_091,1,1,3,capls,sa1,0,607.426,607.255,True,9186769,53947008,0,53947008,60524664,,,1,9186769,,1.0,"{""anneal"": true, ""anneal_seconds"": 1688.046}",False,
