case,problem,eval_problem,num_cores,algorithm,variant,seed,runtime_s,eval_s,feasible,makespan,added_copy_bytes,partition_added_copy_bytes,spill_added_copy_bytes,scheduled_copy_bytes,cache_hit_rate,cache_hit_bytes,n_subgraphs,baseline_makespan,error,speedup,params,is_best,plan_path
case_006,2,2,2,capls,c0,0,0.023,0.095,True,49331,364344,364344,0,907692,,,5,82837,,1.6792078003689364,"{""block_cap"": 0.35}",False,
case_006,2,2,2,capls,c1,0,0.016,0.132,True,50823,537418,537418,0,1080766,,,9,82837,,1.6299116541723235,"{""block_cap"": 0.15}",False,
case_006,2,2,2,capls,c2,0,0.018,0.124,True,54963,358982,358982,0,902330,,,6,82837,,1.507141167694631,"{""block_cap"": 0.35, ""init"": ""rr""}",False,
case_006,2,2,2,capls,c3,0,0.04,0.121,True,43854,76680,76680,0,620028,,,4,82837,,1.8889268937839194,"{""block_cap"": 0.35, ""init"": ""contig""}",True,
case_006,2,2,2,capls,c4,0,0.012,0.116,True,64747,364344,364344,0,907692,,,69,82837,,1.2793951843328648,"{""block_cap"": 0.35, ""subgraph_mode"": ""block""}",False,
case_006,2,2,2,capls,c5,0,0.025,0.132,True,53637,358982,358982,0,902330,,,69,82837,,1.5444003206741614,"{""block_cap"": 0.35, ""init"": ""rr"", ""subgraph_mode"": ""block""}",False,
case_006,2,2,2,capls,c6,0,0.017,0.094,True,49331,364344,364344,0,907692,,,5,82837,,1.6792078003689364,"{""block_cap"": 0.6, ""comm_weight"": 1e-06}",False,
case_006,2,2,2,capls,c7,0,0.019,0.154,True,51396,466906,466906,0,1010254,,,9,82837,,1.6117402132461671,"{""block_cap"": 0.08}",False,
case_006,2,2,2,capls,c8,0,0.052,0.125,True,49701,1153948,1153948,0,1697296,,,15,82837,,1.666706907305688,"{""block_cap"": 0.005}",False,
case_006,2,2,2,capls,c9,0,0.02,0.095,True,49331,364344,364344,0,907692,,,5,82837,,1.6792078003689364,"{""block_cap"": 0.35, ""max_ops"": 500}",False,
case_006,2,2,2,capls,c10,0,0.003,0.108,True,82837,16400,0,16400,559748,,,1,82837,,1.0,"{""block_cap"": 0.35, ""cores_used"": 1}",False,
case_006,2,2,2,capls,c11,0,0.013,0.095,True,49331,364344,364344,0,907692,,,5,82837,,1.6792078003689364,"{""block_cap"": 0.35, ""sync_weight"": 0.0}",False,
case_006,2,2,2,capls,c12,0,0.028,0.158,True,47295,623182,358982,264200,1166530,,,6,82837,,1.7514959298023047,"{""block_cap"": 0.35, ""init"": ""rr"", ""level_mode"": ""alap_fill""}",False,
case_006,2,2,2,capls,c13,0,0.025,0.158,True,47295,623182,358982,264200,1166530,,,6,82837,,1.7514959298023047,"{""block_cap"": 0.35, ""init"": ""rr"", ""level_mode"": ""alap_compress""}",False,
case_006,2,2,2,capls,c14,0,0.07,0.088,True,45704,358982,358982,0,902330,,,678,82837,,1.812467180115526,"{""alpha"": 0.8, ""block_cap"": 0.35, ""init"": ""rr"", ""mu"": 1.0, ""nu"": 0.5, ""subgraph_mode"": ""op""}",False,
case_006,2,2,2,capls,c15,0,0.084,0.096,True,45704,395846,358982,36864,939194,,,678,82837,,1.812467180115526,"{""alpha"": 1.0, ""block_cap"": 0.35, ""init"": ""rr"", ""mu"": 1.0, ""nu"": 0.5, ""subgraph_mode"": ""op""}",False,
case_006,2,2,2,capls,c16,0,0.073,0.091,True,48787,358982,358982,0,902330,,,678,82837,,1.6979318261012155,"{""alpha"": 0.8, ""block_cap"": 0.35, ""init"": ""rr"", ""mu"": 0.0, ""nu"": 0.0, ""subgraph_mode"": ""op""}",False,
case_006,2,2,2,capls,c17,0,0.065,0.086,True,47737,620112,620112,0,1163460,,,678,82837,,1.7352787146238766,"{""alpha"": 0.8, ""block_cap"": 0.15, ""init"": ""rr"", ""mu"": 1.0, ""nu"": 0.5, ""subgraph_mode"": ""op""}",False,
case_006,2,2,2,capls,_best,0,0.028,0.121,True,43854,76680,76680,0,620028,,,4,82837,,1.8889268937839194,"{""block_cap"": 0.35, ""init"": ""contig""}",True,results\plans\case_006_p2_n2_capls_best.json
case_006,3,3,2,capls,c0,0,0.019,0.13,True,49331,364344,364344,0,907692,0.38222182576408015,342788,5,82837,,1.6792078003689364,"{""block_cap"": 0.35}",False,
case_006,3,3,2,capls,c1,0,0.019,0.13,True,50823,537418,537418,0,1080766,0.3442773713101851,337670,9,82837,,1.6299116541723235,"{""block_cap"": 0.15}",False,
case_006,3,3,2,capls,c2,0,0.023,0.11,True,54853,358982,358982,0,902330,0.26275433557272826,218630,6,82837,,1.510163527974769,"{""block_cap"": 0.35, ""init"": ""rr""}",False,
case_006,3,3,2,capls,c3,0,0.034,0.098,True,43776,76680,76680,0,620028,0.08088220736624673,49024,4,82837,,1.8922925804093567,"{""block_cap"": 0.35, ""init"": ""contig""}",True,
case_006,3,3,2,capls,c4,0,0.02,0.073,True,64699,364344,364344,0,907692,0.3639530345773446,326404,69,82837,,1.2803443639005239,"{""block_cap"": 0.35, ""subgraph_mode"": ""block""}",False,
case_006,3,3,2,capls,c5,0,0.026,0.128,True,53637,358982,358982,0,902330,0.26275433557272826,218630,69,82837,,1.5444003206741614,"{""block_cap"": 0.35, ""init"": ""rr"", ""subgraph_mode"": ""block""}",False,
case_006,3,3,2,capls,c6,0,0.02,0.121,True,49331,364344,364344,0,907692,0.38222182576408015,342788,5,82837,,1.6792078003689364,"{""block_cap"": 0.6, ""comm_weight"": 1e-06}",False,
case_006,3,3,2,capls,c7,0,0.014,0.128,True,51396,466906,466906,0,1010254,0.3346833673521895,312198,9,82837,,1.6117402132461671,"{""block_cap"": 0.08}",False,
case_006,3,3,2,capls,c8,0,0.043,0.152,True,51606,1287648,1287648,0,1830996,0.15690457448146405,202116,15,82837,,1.6051815680347246,"{""block_cap"": 0.005}",False,
case_006,3,3,2,capls,c9,0,0.012,0.13,True,49331,364344,364344,0,907692,0.38222182576408015,342788,5,82837,,1.6792078003689364,"{""block_cap"": 0.35, ""max_ops"": 500}",False,
case_006,3,3,2,capls,c10,0,0.003,0.095,True,82837,16400,0,16400,559748,0.029275126148920052,16384,1,82837,,1.0,"{""block_cap"": 0.35, ""cores_used"": 1}",False,
case_006,3,3,2,capls,c11,0,0.012,0.13,True,49331,364344,364344,0,907692,0.38222182576408015,342788,5,82837,,1.6792078003689364,"{""block_cap"": 0.35, ""sync_weight"": 0.0}",False,
case_006,3,3,2,capls,c12,0,0.018,0.127,True,46663,623182,358982,264200,1166530,0.24354778063378762,237066,6,82837,,1.7752180528470094,"{""block_cap"": 0.35, ""init"": ""rr"", ""level_mode"": ""alap_fill""}",False,
case_006,3,3,2,capls,c13,0,0.018,0.127,True,46663,623182,358982,264200,1166530,0.24354778063378762,237066,6,82837,,1.7752180528470094,"{""block_cap"": 0.35, ""init"": ""rr"", ""level_mode"": ""alap_compress""}",False,
case_006,3,3,2,capls,c14,0,0.067,0.083,True,45704,358982,358982,0,902330,0.26275433557272826,218630,678,82837,,1.812467180115526,"{""alpha"": 0.8, ""block_cap"": 0.35, ""init"": ""rr"", ""mu"": 1.0, ""nu"": 0.5, ""subgraph_mode"": ""op""}",False,
case_006,3,3,2,capls,c15,0,0.07,0.099,True,45704,395846,358982,36864,939194,0.2570599481247546,218630,678,82837,,1.812467180115526,"{""alpha"": 1.0, ""block_cap"": 0.35, ""init"": ""rr"", ""mu"": 1.0, ""nu"": 0.5, ""subgraph_mode"": ""op""}",False,
case_006,3,3,2,capls,c16,0,0.068,0.098,True,48774,358982,358982,0,902330,0.26275433557272826,218630,678,82837,,1.6983843851232214,"{""alpha"": 0.8, ""block_cap"": 0.35, ""init"": ""rr"", ""mu"": 0.0, ""nu"": 0.0, ""subgraph_mode"": ""op""}",False,
case_006,3,3,2,capls,c17,0,0.063,0.108,True,47525,620112,620112,0,1163460,0.3669610648090558,383500,678,82837,,1.7430194634402947,"{""alpha"": 0.8, ""block_cap"": 0.15, ""init"": ""rr"", ""mu"": 1.0, ""nu"": 0.5, ""subgraph_mode"": ""op""}",False,
case_006,3,3,2,capls,_best,0,0.034,0.098,True,43776,76680,76680,0,620028,0.08088220736624673,49024,4,82837,,1.8922925804093567,"{""block_cap"": 0.35, ""init"": ""contig""}",True,results\plans\case_006_p3_n2_capls_best.json
case_006,2,2,3,capls,c0,0,0.033,0.121,True,39326,503786,503786,0,1047134,,,9,82837,,2.1064181457559883,"{""block_cap"": 0.35}",False,
case_006,2,2,3,capls,c1,0,0.021,0.141,True,35537,668832,668832,0,1212180,,,14,82837,,2.3310071193404056,"{""block_cap"": 0.15}",False,
case_006,2,2,3,capls,c2,0,0.042,0.158,True,33157,603132,603132,0,1146480,,,9,82837,,2.498326145308683,"{""block_cap"": 0.35, ""init"": ""rr""}",False,
case_006,2,2,3,capls,c3,0,0.037,0.096,True,36522,269212,269212,0,812560,,,6,82837,,2.268139751382728,"{""block_cap"": 0.35, ""init"": ""contig""}",False,
case_006,2,2,3,capls,c4,0,0.025,0.102,True,57952,503786,503786,0,1047134,,,70,82837,,1.429407095527333,"{""block_cap"": 0.35, ""subgraph_mode"": ""block""}",False,
case_006,2,2,3,capls,c5,0,0.032,0.129,True,58000,603132,603132,0,1146480,,,70,82837,,1.4282241379310345,"{""block_cap"": 0.35, ""init"": ""rr"", ""subgraph_mode"": ""block""}",False,
case_006,2,2,3,capls,c6,0,0.022,0.126,True,39935,512996,512996,0,1056344,,,9,82837,,2.0742957305621634,"{""block_cap"": 0.6, ""comm_weight"": 1e-06}",False,
case_006,2,2,3,capls,c7,0,0.034,0.098,True,37858,747038,747038,0,1290386,,,12,82837,,2.1880976279782343,"{""block_cap"": 0.08}",False,
case_006,2,2,3,capls,c8,0,0.162,0.163,True,41813,1248992,1248992,0,1792340,,,24,82837,,1.981130270490039,"{""block_cap"": 0.005}",False,
case_006,2,2,3,capls,c9,0,0.028,0.121,True,39326,503786,503786,0,1047134,,,9,82837,,2.1064181457559883,"{""block_cap"": 0.35, ""max_ops"": 500}",False,
case_006,2,2,3,capls,c10,0,0.013,0.123,True,49331,364344,364344,0,907692,,,5,82837,,1.6792078003689364,"{""block_cap"": 0.35, ""cores_used"": 2}",False,
case_006,2,2,3,capls,c11,0,0.027,0.121,True,39326,503786,503786,0,1047134,,,9,82837,,2.1064181457559883,"{""block_cap"": 0.35, ""sync_weight"": 0.0}",False,
case_006,2,2,3,capls,c12,0,0.052,0.145,True,33751,765948,603132,162816,1309296,,,9,82837,,2.454356907943468,"{""block_cap"": 0.35, ""init"": ""rr"", ""level_mode"": ""alap_fill""}",False,
case_006,2,2,3,capls,c13,0,0.046,0.145,True,33751,765948,603132,162816,1309296,,,9,82837,,2.454356907943468,"{""block_cap"": 0.35, ""init"": ""rr"", ""level_mode"": ""alap_compress""}",False,
case_006,2,2,3,capls,c14,0,0.067,0.072,True,28719,603132,603132,0,1146480,,,678,82837,,2.8843970890351334,"{""alpha"": 0.8, ""block_cap"": 0.35, ""init"": ""rr"", ""mu"": 1.0, ""nu"": 0.5, ""subgraph_mode"": ""op""}",False,
case_006,2,2,3,capls,c15,0,0.049,0.075,True,27968,613372,603132,10240,1156720,,,678,82837,,2.961849256292906,"{""alpha"": 1.0, ""block_cap"": 0.35, ""init"": ""rr"", ""mu"": 1.0, ""nu"": 0.5, ""subgraph_mode"": ""op""}",True,
case_006,2,2,3,capls,c16,0,0.077,0.116,True,29818,603132,603132,0,1146480,,,678,82837,,2.7780870615064726,"{""alpha"": 0.8, ""block_cap"": 0.35, ""init"": ""rr"", ""mu"": 0.0, ""nu"": 0.0, ""subgraph_mode"": ""op""}",False,
case_006,2,2,3,capls,c17,0,0.087,0.116,True,30983,716460,716460,0,1259808,,,678,82837,,2.673627473130426,"{""alpha"": 0.8, ""block_cap"": 0.15, ""init"": ""rr"", ""mu"": 1.0, ""nu"": 0.5, ""subgraph_mode"": ""op""}",False,
case_006,2,2,3,capls,_best,0,0.058,0.075,True,27968,613372,603132,10240,1156720,,,678,82837,,2.961849256292906,"{""alpha"": 1.0, ""block_cap"": 0.35, ""init"": ""rr"", ""mu"": 1.0, ""nu"": 0.5, ""subgraph_mode"": ""op""}",True,results\plans\case_006_p2_n3_capls_best.json
case_006,3,3,3,capls,c0,0,0.03,0.144,True,38934,503786,503786,0,1047134,0.40217625013815067,400282,9,82837,,2.127626239276725,"{""block_cap"": 0.35}",False,
case_006,3,3,3,capls,c1,0,0.019,0.113,True,35264,668832,668832,0,1212180,0.34973672555484475,383778,14,82837,,2.3490528584392014,"{""block_cap"": 0.15}",False,
case_006,3,3,3,capls,c2,0,0.029,0.122,True,33153,603132,603132,0,1146480,0.4194614172874798,448416,9,82837,,2.4986275751817333,"{""block_cap"": 0.35, ""init"": ""rr""}",False,
case_006,3,3,3,capls,c3,0,0.05,0.12,True,36376,269212,269212,0,812560,0.23570136512109105,181120,6,82837,,2.2772432372993183,"{""block_cap"": 0.35, ""init"": ""contig""}",False,
case_006,3,3,3,capls,c4,0,0.027,0.091,True,57628,503786,503786,0,1047134,0.4001185584101116,398234,70,82837,,1.4374436038037066,"{""block_cap"": 0.35, ""subgraph_mode"": ""block""}",False,
case_006,3,3,3,capls,c5,0,0.037,0.161,True,57946,603132,603132,0,1146480,0.4156298993104016,444320,70,82837,,1.4295551030269562,"{""block_cap"": 0.35, ""init"": ""rr"", ""subgraph_mode"": ""block""}",False,
case_006,3,3,3,capls,c6,0,0.028,0.134,True,39196,512996,512996,0,1056344,0.41894688979607975,423836,9,82837,,2.11340442902337,"{""block_cap"": 0.6, ""comm_weight"": 1e-06}",False,
case_006,3,3,3,capls,c7,0,0.037,0.144,True,36057,747038,747038,0,1290386,0.35136163719594293,391452,12,82837,,2.2973902432260034,"{""block_cap"": 0.08}",False,
case_006,3,3,3,capls,c8,0,0.104,0.2,True,40038,1295688,1295688,0,1839036,0.23786607659674242,324642,24,82837,,2.0689594884859384,"{""block_cap"": 0.005}",False,
case_006,3,3,3,capls,c9,0,0.018,0.144,True,38934,503786,503786,0,1047134,0.40217625013815067,400282,9,82837,,2.127626239276725,"{""block_cap"": 0.35, ""max_ops"": 500}",False,
case_006,3,3,3,capls,c10,0,0.012,0.121,True,49331,364344,364344,0,907692,0.38222182576408015,342788,5,82837,,1.6792078003689364,"{""block_cap"": 0.35, ""cores_used"": 2}",False,
case_006,3,3,3,capls,c11,0,0.016,0.144,True,38934,503786,503786,0,1047134,0.40217625013815067,400282,9,82837,,2.127626239276725,"{""block_cap"": 0.35, ""sync_weight"": 0.0}",False,
case_006,3,3,3,capls,c12,0,0.027,0.128,True,33025,765948,603132,162816,1309296,0.3962030883671964,457632,9,82837,,2.508311884935655,"{""block_cap"": 0.35, ""init"": ""rr"", ""level_mode"": ""alap_fill""}",False,
case_006,3,3,3,capls,c13,0,0.028,0.128,True,33025,765948,603132,162816,1309296,0.3962030883671964,457632,9,82837,,2.508311884935655,"{""block_cap"": 0.35, ""init"": ""rr"", ""level_mode"": ""alap_compress""}",False,
case_006,3,3,3,capls,c14,0,0.067,0.123,True,28434,603132,603132,0,1146480,0.4194614172874798,448416,678,82837,,2.9133080115354857,"{""alpha"": 0.8, ""block_cap"": 0.35, ""init"": ""rr"", ""mu"": 1.0, ""nu"": 0.5, ""subgraph_mode"": ""op""}",False,
case_006,3,3,3,capls,c15,0,0.058,0.115,True,27706,613372,603132,10240,1156720,0.42347372208887785,456608,678,82837,,2.9898577925359127,"{""alpha"": 1.0, ""block_cap"": 0.35, ""init"": ""rr"", ""mu"": 1.0, ""nu"": 0.5, ""subgraph_mode"": ""op""}",True,
case_006,3,3,3,capls,c16,0,0.078,0.127,True,29781,603132,603132,0,1146480,0.41754565829894075,446368,678,82837,,2.781538564856788,"{""alpha"": 0.8, ""block_cap"": 0.35, ""init"": ""rr"", ""mu"": 0.0, ""nu"": 0.0, ""subgraph_mode"": ""op""}",False,
case_006,3,3,3,capls,c17,0,0.075,0.103,True,30721,716460,716460,0,1259808,0.3847453820072091,431652,678,82837,,2.6964291526968522,"{""alpha"": 0.8, ""block_cap"": 0.15, ""init"": ""rr"", ""mu"": 1.0, ""nu"": 0.5, ""subgraph_mode"": ""op""}",False,
case_006,3,3,3,capls,_best,0,0.079,0.115,True,27706,613372,603132,10240,1156720,0.42347372208887785,456608,678,82837,,2.9898577925359127,"{""alpha"": 1.0, ""block_cap"": 0.35, ""init"": ""rr"", ""mu"": 1.0, ""nu"": 0.5, ""subgraph_mode"": ""op""}",True,results\plans\case_006_p3_n3_capls_best.json
case_006,3,3,4,capls,c0,0,0.035,0.14,True,30573,612872,612872,0,1156220,0.40039302337551563,435618,13,82837,,2.709482222876394,"{""block_cap"": 0.35}",False,
case_006,3,3,4,capls,c1,0,0.038,0.144,True,35437,749590,749590,0,1292938,0.3851430406362144,450974,17,82837,,2.337585010017778,"{""block_cap"": 0.15}",False,
case_006,3,3,4,capls,c2,0,0.052,0.155,True,33530,646036,646036,0,1189384,0.40513551280564253,440106,13,82837,,2.4705338502833283,"{""block_cap"": 0.35, ""init"": ""rr""}",False,
case_006,3,3,4,capls,c3,0,0.054,0.101,True,30146,354724,354724,0,898072,0.24170980246512383,208262,9,82837,,2.7478604126583956,"{""block_cap"": 0.35, ""init"": ""contig""}",False,
case_006,3,3,4,capls,c4,0,0.029,0.102,True,51794,612872,612872,0,1156220,0.3891004948638573,423332,71,82837,,1.599355137660733,"{""block_cap"": 0.35, ""subgraph_mode"": ""block""}",False,
case_006,3,3,4,capls,c5,0,0.058,0.143,True,39540,646036,646036,0,1189384,0.3928812741757018,426794,71,82837,,2.0950177035913,"{""block_cap"": 0.35, ""init"": ""rr"", ""subgraph_mode"": ""block""}",False,
case_006,3,3,4,capls,c6,0,0.034,0.142,True,29636,641922,641922,0,1185270,0.43326994233171323,477986,13,82837,,2.795147793224457,"{""block_cap"": 0.6, ""comm_weight"": 1e-06}",False,
case_006,3,3,4,capls,c7,0,0.064,0.155,True,30115,854336,854336,0,1397684,0.37159421061564624,446628,20,82837,,2.750689025402623,"{""block_cap"": 0.08}",False,
case_006,3,3,4,capls,c8,0,0.168,0.176,True,38903,1711076,1711076,0,2254424,0.2606555656399143,422176,32,82837,,2.1293216461455415,"{""block_cap"": 0.005}",False,
case_006,3,3,4,capls,c9,0,0.036,0.14,True,30573,612872,612872,0,1156220,0.40039302337551563,435618,13,82837,,2.709482222876394,"{""block_cap"": 0.35, ""max_ops"": 500}",False,
case_006,3,3,4,capls,c10,0,0.027,0.114,True,38934,503786,503786,0,1047134,0.40217625013815067,400282,9,82837,,2.127626239276725,"{""block_cap"": 0.35, ""cores_used"": 3}",False,
case_006,3,3,4,capls,c11,0,0.027,0.14,True,30573,612872,612872,0,1156220,0.40039302337551563,435618,13,82837,,2.709482222876394,"{""block_cap"": 0.35, ""sync_weight"": 0.0}",False,
case_006,3,3,4,capls,c12,0,0.059,0.195,True,35554,759708,646036,113672,1303056,0.3914801152155238,449326,16,82837,,2.3298925577994036,"{""block_cap"": 0.35, ""init"": ""rr"", ""level_mode"": ""alap_fill""}",False,
case_006,3,3,4,capls,c13,0,0.054,0.195,True,35554,759708,646036,113672,1303056,0.3914801152155238,449326,16,82837,,2.3298925577994036,"{""block_cap"": 0.35, ""init"": ""rr"", ""level_mode"": ""alap_compress""}",False,
case_006,3,3,4,capls,c14,0,0.071,0.09,True,28947,646036,646036,0,1189384,0.400186685666628,434730,678,82837,,2.8616782395412304,"{""alpha"": 0.8, ""block_cap"": 0.35, ""init"": ""rr"", ""mu"": 1.0, ""nu"": 0.5, ""subgraph_mode"": ""op""}",False,
case_006,3,3,4,capls,c15,0,0.094,0.116,True,28812,646036,646036,0,1189384,0.40112931940739266,435754,678,82837,,2.875086769401638,"{""alpha"": 1.0, ""block_cap"": 0.35, ""init"": ""rr"", ""mu"": 1.0, ""nu"": 0.5, ""subgraph_mode"": ""op""}",False,
case_006,3,3,4,capls,c16,0,0.087,0.117,True,27843,646036,646036,0,1189384,0.3836905952032462,416810,678,82837,,2.975146356355278,"{""alpha"": 0.8, ""block_cap"": 0.35, ""init"": ""rr"", ""mu"": 0.0, ""nu"": 0.0, ""subgraph_mode"": ""op""}",False,
case_006,3,3,4,capls,c17,0,0.087,0.101,True,25498,862662,862662,0,1406010,0.4044241039809598,507054,678,82837,,3.24876460898894,"{""alpha"": 0.8, ""block_cap"": 0.15, ""init"": ""rr"", ""mu"": 1.0, ""nu"": 0.5, ""subgraph_mode"": ""op""}",True,
case_006,3,3,4,capls,_best,0,0.09,0.101,True,25498,862662,862662,0,1406010,0.4044241039809598,507054,678,82837,,3.24876460898894,"{""alpha"": 0.8, ""block_cap"": 0.15, ""init"": ""rr"", ""mu"": 1.0, ""nu"": 0.5, ""subgraph_mode"": ""op""}",True,results\plans\case_006_p3_n4_capls_best.json
case_006,3,3,5,capls,c0,0,0.055,0.146,True,27306,731688,731688,0,1275036,0.373265832981769,430000,20,82837,,3.0336556068263385,"{""block_cap"": 0.35}",False,
case_006,3,3,5,capls,c1,0,0.055,0.146,True,24403,868170,868170,0,1411518,0.42849214420294995,543538,24,82837,,3.394541654714584,"{""block_cap"": 0.15}",False,
case_006,3,3,5,capls,c2,0,0.069,0.148,True,30377,765248,765248,0,1308596,0.4599923047834193,557116,18,82837,,2.72696447970504,"{""block_cap"": 0.35, ""init"": ""rr""}",False,
case_006,3,3,5,capls,c3,0,0.068,0.12,True,28386,310684,310684,0,854032,0.1853614315437305,142722,13,82837,,2.918234340872261,"{""block_cap"": 0.35, ""init"": ""contig""}",False,
case_006,3,3,5,capls,c4,0,0.035,0.156,True,50624,731688,731688,0,1275036,0.36126403436129007,416174,73,82837,,1.6363187420986094,"{""block_cap"": 0.35, ""subgraph_mode"": ""block""}",False,
case_006,3,3,5,capls,c5,0,0.065,0.155,True,44968,765248,765248,0,1308596,0.42416496166428047,513724,73,82837,,1.8421321828856076,"{""block_cap"": 0.35, ""init"": ""rr"", ""subgraph_mode"": ""block""}",False,
case_006,3,3,5,capls,c6,0,0.029,0.164,True,25941,583438,583438,0,1126786,0.39940837988720335,419108,16,82837,,3.1932847615743416,"{""block_cap"": 0.6, ""comm_weight"": 1e-06}",False,
case_006,3,3,5,capls,c7,0,0.059,0.146,True,27067,691132,691132,0,1234480,0.3703727396013437,405290,24,82837,,3.0604426053866334,"{""block_cap"": 0.08}",False,
case_006,3,3,5,capls,c8,0,0.143,0.14,True,36731,1938904,1938904,0,2482252,0.31872811061938616,578612,41,82837,,2.255233998529852,"{""block_cap"": 0.005}",False,
case_006,3,3,5,capls,c9,0,0.029,0.146,True,27306,731688,731688,0,1275036,0.373265832981769,430000,20,82837,,3.0336556068263385,"{""block_cap"": 0.35, ""max_ops"": 500}",False,
case_006,3,3,5,capls,c10,0,0.03,0.143,True,30573,612872,612872,0,1156220,0.40039302337551563,435618,13,82837,,2.709482222876394,"{""block_cap"": 0.35, ""cores_used"": 4}",False,
case_006,3,3,5,capls,c11,0,0.038,0.146,True,27306,731688,731688,0,1275036,0.373265832981769,430000,20,82837,,3.0336556068263385,"{""block_cap"": 0.35, ""sync_weight"": 0.0}",False,
case_006,3,3,5,capls,c12,0,0.071,0.17,True,31117,798016,765248,32768,1341364,0.4473221236560445,552764,25,82837,,2.6621139570009964,"{""block_cap"": 0.35, ""init"": ""rr"", ""level_mode"": ""alap_fill""}",False,
case_006,3,3,5,capls,c13,0,0.084,0.17,True,31117,798016,765248,32768,1341364,0.4473221236560445,552764,25,82837,,2.6621139570009964,"{""block_cap"": 0.35, ""init"": ""rr"", ""level_mode"": ""alap_compress""}",False,
case_006,3,3,5,capls,c14,0,0.121,0.1,True,27953,765248,765248,0,1308596,0.4169800072988964,505022,678,82837,,2.963438629127464,"{""alpha"": 0.8, ""block_cap"": 0.35, ""init"": ""rr"", ""mu"": 1.0, ""nu"": 0.5, ""subgraph_mode"": ""op""}",False,
case_006,3,3,5,capls,c15,0,0.11,0.12,True,28227,798016,765248,32768,1341364,0.4114145036439147,505022,678,82837,,2.9346724767066994,"{""alpha"": 1.0, ""block_cap"": 0.35, ""init"": ""rr"", ""mu"": 1.0, ""nu"": 0.5, ""subgraph_mode"": ""op""}",False,
case_006,3,3,5,capls,c16,0,0.091,0.094,True,27446,765248,765248,0,1308596,0.45756154109097036,554172,678,82837,,3.0181811557239673,"{""alpha"": 0.8, ""block_cap"": 0.35, ""init"": ""rr"", ""mu"": 0.0, ""nu"": 0.0, ""subgraph_mode"": ""op""}",False,
case_006,3,3,5,capls,c17,0,0.072,0.088,True,23625,927728,927728,0,1471076,0.3754659156796157,498630,678,82837,,3.5063280423280423,"{""alpha"": 0.8, ""block_cap"": 0.15, ""init"": ""rr"", ""mu"": 1.0, ""nu"": 0.5, ""subgraph_mode"": ""op""}",True,
case_006,3,3,5,capls,_best,0,0.071,0.088,True,23625,927728,927728,0,1471076,0.3754659156796157,498630,678,82837,,3.5063280423280423,"{""alpha"": 0.8, ""block_cap"": 0.15, ""init"": ""rr"", ""mu"": 1.0, ""nu"": 0.5, ""subgraph_mode"": ""op""}",True,results\plans\case_006_p3_n5_capls_best.json
case_006,2,2,4,capls,c0,0,0.069,0.122,True,30897,498392,498392,0,1041740,,,13,82837,,2.6810693594847397,"{""block_cap"": 0.35}",False,
case_006,2,2,4,capls,c1,0,0.075,0.122,True,31512,492172,492172,0,1035520,,,15,82837,,2.6287446052297536,"{""block_cap"": 0.15}",False,
case_006,2,2,4,capls,c2,0,0.076,0.107,True,34181,489582,489582,0,1032930,,,13,82837,,2.423480881191305,"{""block_cap"": 0.35, ""init"": ""rr""}",False,
case_006,2,2,4,capls,c3,0,0.049,0.14,True,30158,354724,354724,0,898072,,,9,82837,,2.7467670269911797,"{""block_cap"": 0.35, ""init"": ""contig""}",False,
case_006,2,2,4,capls,c4,0,0.048,0.13,True,51824,498392,498392,0,1041740,,,71,82837,,1.5984292991664093,"{""block_cap"": 0.35, ""subgraph_mode"": ""block""}",False,
case_006,2,2,4,capls,c5,0,0.048,0.13,True,51710,489582,489582,0,1032930,,,71,82837,,1.6019532005414814,"{""block_cap"": 0.35, ""init"": ""rr"", ""subgraph_mode"": ""block""}",False,
case_006,2,2,4,capls,c6,0,0.051,0.127,True,33481,494824,494824,0,1038172,,,13,82837,,2.4741495176368686,"{""block_cap"": 0.6, ""comm_weight"": 1e-06}",False,
case_006,2,2,4,capls,c7,0,0.06,0.147,True,28831,470922,470922,0,1014270,,,17,82837,,2.8731920502237176,"{""block_cap"": 0.08}",False,
case_006,2,2,4,capls,c8,0,0.178,0.106,True,42020,1503112,1503112,0,2046460,,,31,82837,,1.9713707758210377,"{""block_cap"": 0.005}",False,
case_006,2,2,4,capls,c9,0,0.049,0.122,True,30897,498392,498392,0,1041740,,,13,82837,,2.6810693594847397,"{""block_cap"": 0.35, ""max_ops"": 500}",False,
case_006,2,2,4,capls,c10,0,0.018,0.092,True,39326,503786,503786,0,1047134,,,9,82837,,2.1064181457559883,"{""block_cap"": 0.35, ""cores_used"": 3}",False,
case_006,2,2,4,capls,c11,0,0.046,0.122,True,30897,498392,498392,0,1041740,,,13,82837,,2.6810693594847397,"{""block_cap"": 0.35, ""sync_weight"": 0.0}",False,
case_006,2,2,4,capls,c12,0,0.05,0.112,True,35885,597110,489582,107528,1140458,,,16,82837,,2.308401839208583,"{""block_cap"": 0.35, ""init"": ""rr"", ""level_mode"": ""alap_fill""}",False,
case_006,2,2,4,capls,c13,0,0.052,0.112,True,35885,597110,489582,107528,1140458,,,16,82837,,2.308401839208583,"{""block_cap"": 0.35, ""init"": ""rr"", ""level_mode"": ""alap_compress""}",False,
case_006,2,2,4,capls,c14,0,0.098,0.11,True,29854,489582,489582,0,1032930,,,678,82837,,2.774737053661151,"{""alpha"": 0.8, ""block_cap"": 0.35, ""init"": ""rr"", ""mu"": 1.0, ""nu"": 0.5, ""subgraph_mode"": ""op""}",False,
case_006,2,2,4,capls,c15,0,0.112,0.099,True,29854,489582,489582,0,1032930,,,678,82837,,2.774737053661151,"{""alpha"": 1.0, ""block_cap"": 0.35, ""init"": ""rr"", ""mu"": 1.0, ""nu"": 0.5, ""subgraph_mode"": ""op""}",False,
case_006,2,2,4,capls,c16,0,0.089,0.107,True,29546,489582,489582,0,1032930,,,678,82837,,2.803662086238408,"{""alpha"": 0.8, ""block_cap"": 0.35, ""init"": ""rr"", ""mu"": 0.0, ""nu"": 0.0, ""subgraph_mode"": ""op""}",False,
case_006,2,2,4,capls,c17,0,0.097,0.104,True,26680,505320,505320,0,1048668,,,678,82837,,3.1048350824587705,"{""alpha"": 0.8, ""block_cap"": 0.15, ""init"": ""rr"", ""mu"": 1.0, ""nu"": 0.5, ""subgraph_mode"": ""op""}",True,
case_006,2,2,4,capls,_best,0,0.11,0.104,True,26680,505320,505320,0,1048668,,,678,82837,,3.1048350824587705,"{""alpha"": 0.8, ""block_cap"": 0.15, ""init"": ""rr"", ""mu"": 1.0, ""nu"": 0.5, ""subgraph_mode"": ""op""}",True,results\plans\case_006_p2_n4_capls_best.json
case_006,2,2,5,capls,c0,0,0.066,0.109,True,31882,340548,340548,0,883896,,,13,82837,,2.5982372498588546,"{""block_cap"": 0.35}",False,
case_006,2,2,5,capls,c1,0,0.082,0.109,True,27485,343164,343164,0,886512,,,16,82837,,3.0138984900855013,"{""block_cap"": 0.15}",False,
case_006,2,2,5,capls,c2,0,0.076,0.114,True,24473,328006,328006,0,871354,,,13,82837,,3.384832264127814,"{""block_cap"": 0.35, ""init"": ""rr""}",True,
case_006,2,2,5,capls,c3,0,0.059,0.069,True,28723,310684,310684,0,854032,,,13,82837,,2.8839954043797653,"{""block_cap"": 0.35, ""init"": ""contig""}",False,
case_006,2,2,5,capls,c4,0,0.063,0.14,True,37805,340548,340548,0,883896,,,73,82837,,2.1911651897897104,"{""block_cap"": 0.35, ""subgraph_mode"": ""block""}",False,
case_006,2,2,5,capls,c5,0,0.069,0.126,True,40888,328006,328006,0,871354,,,73,82837,,2.025948933672471,"{""block_cap"": 0.35, ""init"": ""rr"", ""subgraph_mode"": ""block""}",False,
case_006,2,2,5,capls,c6,0,0.067,0.12,True,27920,370252,370252,0,913600,,,13,82837,,2.966941260744986,"{""block_cap"": 0.6, ""comm_weight"": 1e-06}",False,
case_006,2,2,5,capls,c7,0,0.071,0.128,True,25033,423130,423130,0,966478,,,17,82837,,3.3091119721967,"{""block_cap"": 0.08}",False,
case_006,2,2,5,capls,c8,0,0.193,0.151,True,40313,1753996,1753996,0,2297344,,,41,82837,,2.0548458313695335,"{""block_cap"": 0.005}",False,
case_006,2,2,5,capls,c9,0,0.057,0.109,True,31882,340548,340548,0,883896,,,13,82837,,2.5982372498588546,"{""block_cap"": 0.35, ""max_ops"": 500}",False,
case_006,2,2,5,capls,c10,0,0.07,0.129,True,30897,498392,498392,0,1041740,,,13,82837,,2.6810693594847397,"{""block_cap"": 0.35, ""cores_used"": 4}",False,
case_006,2,2,5,capls,c11,0,0.066,0.125,True,26071,324700,324700,0,868048,,,16,82837,,3.1773618196463502,"{""block_cap"": 0.35, ""sync_weight"": 0.0}",False,
case_006,2,2,5,capls,c12,0,0.067,0.139,True,27769,368970,328006,40964,912318,,,20,82837,,2.9830746515899023,"{""block_cap"": 0.35, ""init"": ""rr"", ""level_mode"": ""alap_fill""}",False,
case_006,2,2,5,capls,c13,0,0.079,0.139,True,27769,368970,328006,40964,912318,,,20,82837,,2.9830746515899023,"{""block_cap"": 0.35, ""init"": ""rr"", ""level_mode"": ""alap_compress""}",False,
case_006,2,2,5,capls,c14,0,0.087,0.099,True,31229,328006,328006,0,871354,,,678,82837,,2.6525665247046013,"{""alpha"": 0.8, ""block_cap"": 0.35, ""init"": ""rr"", ""mu"": 1.0, ""nu"": 0.5, ""subgraph_mode"": ""op""}",False,
case_006,2,2,5,capls,c15,0,0.082,0.066,True,31483,328006,328006,0,871354,,,678,82837,,2.631166026109329,"{""alpha"": 1.0, ""block_cap"": 0.35, ""init"": ""rr"", ""mu"": 1.0, ""nu"": 0.5, ""subgraph_mode"": ""op""}",False,
case_006,2,2,5,capls,c16,0,0.072,0.087,True,31302,328006,328006,0,871354,,,678,82837,,2.6463804229761676,"{""alpha"": 0.8, ""block_cap"": 0.35, ""init"": ""rr"", ""mu"": 0.0, ""nu"": 0.0, ""subgraph_mode"": ""op""}",False,
case_006,2,2,5,capls,c17,0,0.075,0.073,True,30125,360720,360720,0,904068,,,678,82837,,2.7497759336099583,"{""alpha"": 0.8, ""block_cap"": 0.15, ""init"": ""rr"", ""mu"": 1.0, ""nu"": 0.5, ""subgraph_mode"": ""op""}",False,
case_006,2,2,5,capls,_best,0,0.053,0.114,True,24473,328006,328006,0,871354,,,13,82837,,3.384832264127814,"{""block_cap"": 0.35, ""init"": ""rr""}",True,results\plans\case_006_p2_n5_capls_best.json
case_007,2,2,3,capls,c0,0,0.113,0.624,True,338094,55296,55296,0,1787904,,,3,1012562,,2.994912657426633,"{""block_cap"": 0.35}",True,
case_007,2,2,3,capls,c1,0,0.106,0.624,True,338094,55296,55296,0,1787904,,,3,1012562,,2.994912657426633,"{""block_cap"": 0.15}",False,
case_007,2,2,3,capls,c2,0,0.101,0.624,True,338094,55296,55296,0,1787904,,,3,1012562,,2.994912657426633,"{""block_cap"": 0.35, ""init"": ""rr""}",False,
case_007,2,2,3,capls,c3,0,0.104,0.696,True,338094,55296,55296,0,1787904,,,3,1012562,,2.994912657426633,"{""block_cap"": 0.35, ""init"": ""contig""}",False,
case_007,2,2,3,capls,c4,0,0.096,0.817,True,338094,55296,55296,0,1787904,,,555,1012562,,2.994912657426633,"{""block_cap"": 0.35, ""subgraph_mode"": ""block""}",False,
case_007,2,2,3,capls,c5,0,0.084,0.817,True,338094,55296,55296,0,1787904,,,555,1012562,,2.994912657426633,"{""block_cap"": 0.35, ""init"": ""rr"", ""subgraph_mode"": ""block""}",False,
case_007,2,2,3,capls,c6,0,0.089,0.624,True,338094,55296,55296,0,1787904,,,3,1012562,,2.994912657426633,"{""block_cap"": 0.6, ""comm_weight"": 1e-06}",False,
case_007,2,2,3,capls,c7,0,0.093,0.624,True,338094,55296,55296,0,1787904,,,3,1012562,,2.994912657426633,"{""block_cap"": 0.08}",False,
case_007,2,2,3,capls,c8,0,0.17,0.624,True,338094,55296,55296,0,1787904,,,3,1012562,,2.994912657426633,"{""block_cap"": 0.005}",False,
case_007,2,2,3,capls,c9,0,0.073,0.712,True,338094,55296,55296,0,1787904,,,9,1012562,,2.994912657426633,"{""block_cap"": 0.35, ""max_ops"": 500}",False,
case_007,2,2,3,capls,c10,0,0.051,0.896,True,507494,27648,27648,0,1760256,,,2,1012562,,1.9952196479170197,"{""block_cap"": 0.35, ""cores_used"": 2}",False,
case_007,2,2,3,capls,c11,0,0.07,0.624,True,338094,55296,55296,0,1787904,,,3,1012562,,2.994912657426633,"{""block_cap"": 0.35, ""sync_weight"": 0.0}",False,
case_007,2,2,3,capls,c12,0,0.113,0.624,True,338094,55296,55296,0,1787904,,,3,1012562,,2.994912657426633,"{""block_cap"": 0.35, ""init"": ""rr"", ""level_mode"": ""alap_fill""}",False,
case_007,2,2,3,capls,c13,0,0.116,0.624,True,338094,55296,55296,0,1787904,,,3,1012562,,2.994912657426633,"{""block_cap"": 0.35, ""init"": ""rr"", ""level_mode"": ""alap_compress""}",False,
case_007,2,2,3,capls,c14,0,0.432,1.223,True,479100,11888640,55296,11833344,13621248,,,3885,1012562,,2.1134669171362974,"{""alpha"": 0.8, ""block_cap"": 0.35, ""init"": ""rr"", ""mu"": 1.0, ""nu"": 0.5, ""subgraph_mode"": ""op""}",False,
case_007,2,2,3,capls,c15,0,0.418,1.044,True,479100,11888640,55296,11833344,13621248,,,3885,1012562,,2.1134669171362974,"{""alpha"": 1.0, ""block_cap"": 0.35, ""init"": ""rr"", ""mu"": 1.0, ""nu"": 0.5, ""subgraph_mode"": ""op""}",False,
case_007,2,2,3,capls,c16,0,0.435,1.185,True,479100,11888640,55296,11833344,13621248,,,3885,1012562,,2.1134669171362974,"{""alpha"": 0.8, ""block_cap"": 0.35, ""init"": ""rr"", ""mu"": 0.0, ""nu"": 0.0, ""subgraph_mode"": ""op""}",False,
case_007,2,2,3,capls,c17,0,0.4,1.223,True,479100,11888640,55296,11833344,13621248,,,3885,1012562,,2.1134669171362974,"{""alpha"": 0.8, ""block_cap"": 0.15, ""init"": ""rr"", ""mu"": 1.0, ""nu"": 0.5, ""subgraph_mode"": ""op""}",False,
case_007,2,2,3,capls,_best,0,0.094,0.624,True,338094,55296,55296,0,1787904,,,3,1012562,,2.994912657426633,"{""block_cap"": 0.35}",True,results\plans\case_007_p2_n3_capls_best.json
case_007,3,3,3,capls,c0,0,0.112,0.768,True,338094,55296,55296,0,1787904,0.0,0,3,1012562,,2.994912657426633,"{""block_cap"": 0.35}",True,
case_007,3,3,3,capls,c1,0,0.096,0.768,True,338094,55296,55296,0,1787904,0.0,0,3,1012562,,2.994912657426633,"{""block_cap"": 0.15}",False,
case_007,3,3,3,capls,c2,0,0.108,0.768,True,338094,55296,55296,0,1787904,0.0,0,3,1012562,,2.994912657426633,"{""block_cap"": 0.35, ""init"": ""rr""}",False,
case_007,3,3,3,capls,c3,0,0.084,0.789,True,338094,55296,55296,0,1787904,0.0,0,3,1012562,,2.994912657426633,"{""block_cap"": 0.35, ""init"": ""contig""}",False,
case_007,3,3,3,capls,c4,0,0.069,0.925,True,338094,55296,55296,0,1787904,0.0,0,555,1012562,,2.994912657426633,"{""block_cap"": 0.35, ""subgraph_mode"": ""block""}",False,
case_007,3,3,3,capls,c5,0,0.073,0.925,True,338094,55296,55296,0,1787904,0.0,0,555,1012562,,2.994912657426633,"{""block_cap"": 0.35, ""init"": ""rr"", ""subgraph_mode"": ""block""}",False,
case_007,3,3,3,capls,c6,0,0.093,0.768,True,338094,55296,55296,0,1787904,0.0,0,3,1012562,,2.994912657426633,"{""block_cap"": 0.6, ""comm_weight"": 1e-06}",False,
case_007,3,3,3,capls,c7,0,0.096,0.768,True,338094,55296,55296,0,1787904,0.0,0,3,1012562,,2.994912657426633,"{""block_cap"": 0.08}",False,
case_007,3,3,3,capls,c8,0,0.173,0.768,True,338094,55296,55296,0,1787904,0.0,0,3,1012562,,2.994912657426633,"{""block_cap"": 0.005}",False,
case_007,3,3,3,capls,c9,0,0.089,0.838,True,338094,55296,55296,0,1787904,0.0,0,9,1012562,,2.994912657426633,"{""block_cap"": 0.35, ""max_ops"": 500}",False,
case_007,3,3,3,capls,c10,0,0.081,0.929,True,507494,27648,27648,0,1760256,0.0,0,2,1012562,,1.9952196479170197,"{""block_cap"": 0.35, ""cores_used"": 2}",False,
case_007,3,3,3,capls,c11,0,0.055,0.768,True,338094,55296,55296,0,1787904,0.0,0,3,1012562,,2.994912657426633,"{""block_cap"": 0.35, ""sync_weight"": 0.0}",False,
case_007,3,3,3,capls,c12,0,0.088,0.768,True,338094,55296,55296,0,1787904,0.0,0,3,1012562,,2.994912657426633,"{""block_cap"": 0.35, ""init"": ""rr"", ""level_mode"": ""alap_fill""}",False,
case_007,3,3,3,capls,c13,0,0.089,0.768,True,338094,55296,55296,0,1787904,0.0,0,3,1012562,,2.994912657426633,"{""block_cap"": 0.35, ""init"": ""rr"", ""level_mode"": ""alap_compress""}",False,
case_007,3,3,3,capls,c14,0,0.363,1.226,True,478182,11888640,55296,11833344,13621248,0.02006269592476489,147456,3885,1012562,,2.117524289914719,"{""alpha"": 0.8, ""block_cap"": 0.35, ""init"": ""rr"", ""mu"": 1.0, ""nu"": 0.5, ""subgraph_mode"": ""op""}",False,
case_007,3,3,3,capls,c15,0,0.424,1.158,True,478182,11888640,55296,11833344,13621248,0.02006269592476489,147456,3885,1012562,,2.117524289914719,"{""alpha"": 1.0, ""block_cap"": 0.35, ""init"": ""rr"", ""mu"": 1.0, ""nu"": 0.5, ""subgraph_mode"": ""op""}",False,
case_007,3,3,3,capls,c16,0,0.508,1.114,True,478182,11888640,55296,11833344,13621248,0.02006269592476489,147456,3885,1012562,,2.117524289914719,"{""alpha"": 0.8, ""block_cap"": 0.35, ""init"": ""rr"", ""mu"": 0.0, ""nu"": 0.0, ""subgraph_mode"": ""op""}",False,
case_007,3,3,3,capls,c17,0,0.406,1.226,True,478182,11888640,55296,11833344,13621248,0.02006269592476489,147456,3885,1012562,,2.117524289914719,"{""alpha"": 0.8, ""block_cap"": 0.15, ""init"": ""rr"", ""mu"": 1.0, ""nu"": 0.5, ""subgraph_mode"": ""op""}",False,
case_007,3,3,3,capls,_best,0,0.093,0.768,True,338094,55296,55296,0,1787904,0.0,0,3,1012562,,2.994912657426633,"{""block_cap"": 0.35}",True,results\plans\case_007_p3_n3_capls_best.json
case_007,2,2,2,capls,c0,0,0.076,1.018,True,507494,27648,27648,0,1760256,,,2,1012562,,1.9952196479170197,"{""block_cap"": 0.35}",True,
case_007,2,2,2,capls,c1,0,0.058,1.018,True,507494,27648,27648,0,1760256,,,2,1012562,,1.9952196479170197,"{""block_cap"": 0.15}",False,
case_007,2,2,2,capls,c2,0,0.073,1.018,True,507494,27648,27648,0,1760256,,,2,1012562,,1.9952196479170197,"{""block_cap"": 0.35, ""init"": ""rr""}",False,
case_007,2,2,2,capls,c3,0,0.07,0.878,True,507494,27648,27648,0,1760256,,,2,1012562,,1.9952196479170197,"{""block_cap"": 0.35, ""init"": ""contig""}",False,
case_007,2,2,2,capls,c4,0,0.072,0.829,True,507494,27648,27648,0,1760256,,,555,1012562,,1.9952196479170197,"{""block_cap"": 0.35, ""subgraph_mode"": ""block""}",False,
case_007,2,2,2,capls,c5,0,0.067,0.829,True,507494,27648,27648,0,1760256,,,555,1012562,,1.9952196479170197,"{""block_cap"": 0.35, ""init"": ""rr"", ""subgraph_mode"": ""block""}",False,
case_007,2,2,2,capls,c6,0,0.058,1.018,True,507494,27648,27648,0,1760256,,,2,1012562,,1.9952196479170197,"{""block_cap"": 0.6, ""comm_weight"": 1e-06}",False,
case_007,2,2,2,capls,c7,0,0.055,1.018,True,507494,27648,27648,0,1760256,,,2,1012562,,1.9952196479170197,"{""block_cap"": 0.08}",False,
case_007,2,2,2,capls,c8,0,0.07,1.018,True,507494,27648,27648,0,1760256,,,2,1012562,,1.9952196479170197,"{""block_cap"": 0.005}",False,
case_007,2,2,2,capls,c9,0,0.071,0.902,True,507494,27648,27648,0,1760256,,,8,1012562,,1.9952196479170197,"{""block_cap"": 0.35, ""max_ops"": 500}",False,
case_007,2,2,2,capls,c10,0,0.032,0.921,True,1012562,0,0,0,1732608,,,1,1012562,,1.0,"{""block_cap"": 0.35, ""cores_used"": 1}",False,
case_007,2,2,2,capls,c11,0,0.052,1.018,True,507494,27648,27648,0,1760256,,,2,1012562,,1.9952196479170197,"{""block_cap"": 0.35, ""sync_weight"": 0.0}",False,
case_007,2,2,2,capls,c12,0,0.084,1.018,True,507494,27648,27648,0,1760256,,,2,1012562,,1.9952196479170197,"{""block_cap"": 0.35, ""init"": ""rr"", ""level_mode"": ""alap_fill""}",False,
case_007,2,2,2,capls,c13,0,0.086,1.018,True,507494,27648,27648,0,1760256,,,2,1012562,,1.9952196479170197,"{""block_cap"": 0.35, ""init"": ""rr"", ""level_mode"": ""alap_compress""}",False,
case_007,2,2,2,capls,c14,0,0.315,1.391,True,702485,15101952,27648,15074304,16834560,,,3885,1012562,,1.4414001722456706,"{""alpha"": 0.8, ""block_cap"": 0.35, ""init"": ""rr"", ""mu"": 1.0, ""nu"": 0.5, ""subgraph_mode"": ""op""}",False,
case_007,2,2,2,capls,c15,0,0.38,1.355,True,702485,15101952,27648,15074304,16834560,,,3885,1012562,,1.4414001722456706,"{""alpha"": 1.0, ""block_cap"": 0.35, ""init"": ""rr"", ""mu"": 1.0, ""nu"": 0.5, ""subgraph_mode"": ""op""}",False,
case_007,2,2,2,capls,c16,0,0.396,1.453,True,702485,15101952,27648,15074304,16834560,,,3885,1012562,,1.4414001722456706,"{""alpha"": 0.8, ""block_cap"": 0.35, ""init"": ""rr"", ""mu"": 0.0, ""nu"": 0.0, ""subgraph_mode"": ""op""}",False,
case_007,2,2,2,capls,c17,0,0.382,1.391,True,702485,15101952,27648,15074304,16834560,,,3885,1012562,,1.4414001722456706,"{""alpha"": 0.8, ""block_cap"": 0.15, ""init"": ""rr"", ""mu"": 1.0, ""nu"": 0.5, ""subgraph_mode"": ""op""}",False,
case_007,2,2,2,capls,_best,0,0.069,1.018,True,507494,27648,27648,0,1760256,,,2,1012562,,1.9952196479170197,"{""block_cap"": 0.35}",True,results\plans\case_007_p2_n2_capls_best.json
case_007,3,3,2,capls,c0,0,0.073,0.908,True,507494,27648,27648,0,1760256,0.0,0,2,1012562,,1.9952196479170197,"{""block_cap"": 0.35}",True,
case_007,3,3,2,capls,c1,0,0.066,0.908,True,507494,27648,27648,0,1760256,0.0,0,2,1012562,,1.9952196479170197,"{""block_cap"": 0.15}",False,
case_007,3,3,2,capls,c2,0,0.059,0.908,True,507494,27648,27648,0,1760256,0.0,0,2,1012562,,1.9952196479170197,"{""block_cap"": 0.35, ""init"": ""rr""}",False,
case_007,3,3,2,capls,c3,0,0.049,0.857,True,507494,27648,27648,0,1760256,0.0,0,2,1012562,,1.9952196479170197,"{""block_cap"": 0.35, ""init"": ""contig""}",False,
case_007,3,3,2,capls,c4,0,0.06,0.842,True,507494,27648,27648,0,1760256,0.0,0,555,1012562,,1.9952196479170197,"{""block_cap"": 0.35, ""subgraph_mode"": ""block""}",False,
case_007,3,3,2,capls,c5,0,0.056,0.842,True,507494,27648,27648,0,1760256,0.0,0,555,1012562,,1.9952196479170197,"{""block_cap"": 0.35, ""init"": ""rr"", ""subgraph_mode"": ""block""}",False,
case_007,3,3,2,capls,c6,0,0.049,0.908,True,507494,27648,27648,0,1760256,0.0,0,2,1012562,,1.9952196479170197,"{""block_cap"": 0.6, ""comm_weight"": 1e-06}",False,
case_007,3,3,2,capls,c7,0,0.051,0.908,True,507494,27648,27648,0,1760256,0.0,0,2,1012562,,1.9952196479170197,"{""block_cap"": 0.08}",False,
case_007,3,3,2,capls,c8,0,0.05,0.908,True,507494,27648,27648,0,1760256,0.0,0,2,1012562,,1.9952196479170197,"{""block_cap"": 0.005}",False,
case_007,3,3,2,capls,c9,0,0.078,0.947,True,507494,27648,27648,0,1760256,0.0,0,8,1012562,,1.9952196479170197,"{""block_cap"": 0.35, ""max_ops"": 500}",False,
case_007,3,3,2,capls,c10,0,0.034,1.114,True,1012562,0,0,0,1732608,0.0,0,1,1012562,,1.0,"{""block_cap"": 0.35, ""cores_used"": 1}",False,
case_007,3,3,2,capls,c11,0,0.076,0.908,True,507494,27648,27648,0,1760256,0.0,0,2,1012562,,1.9952196479170197,"{""block_cap"": 0.35, ""sync_weight"": 0.0}",False,
case_007,3,3,2,capls,c12,0,0.087,0.908,True,507494,27648,27648,0,1760256,0.0,0,2,1012562,,1.9952196479170197,"{""block_cap"": 0.35, ""init"": ""rr"", ""level_mode"": ""alap_fill""}",False,
case_007,3,3,2,capls,c13,0,0.075,0.908,True,507494,27648,27648,0,1760256,0.0,0,2,1012562,,1.9952196479170197,"{""block_cap"": 0.35, ""init"": ""rr"", ""level_mode"": ""alap_compress""}",False,
case_007,3,3,2,capls,c14,0,0.37,1.398,True,701367,15101952,27648,15074304,16834560,0.00201173512154233,18432,3885,1012562,,1.443697807282065,"{""alpha"": 0.8, ""block_cap"": 0.35, ""init"": ""rr"", ""mu"": 1.0, ""nu"": 0.5, ""subgraph_mode"": ""op""}",False,
case_007,3,3,2,capls,c15,0,0.42,1.359,True,701367,15101952,27648,15074304,16834560,0.00201173512154233,18432,3885,1012562,,1.443697807282065,"{""alpha"": 1.0, ""block_cap"": 0.35, ""init"": ""rr"", ""mu"": 1.0, ""nu"": 0.5, ""subgraph_mode"": ""op""}",False,
case_007,3,3,2,capls,c16,0,0.368,1.51,True,701367,15101952,27648,15074304,16834560,0.00201173512154233,18432,3885,1012562,,1.443697807282065,"{""alpha"": 0.8, ""block_cap"": 0.35, ""init"": ""rr"", ""mu"": 0.0, ""nu"": 0.0, ""subgraph_mode"": ""op""}",False,
case_007,3,3,2,capls,c17,0,0.421,1.398,True,701367,15101952,27648,15074304,16834560,0.00201173512154233,18432,3885,1012562,,1.443697807282065,"{""alpha"": 0.8, ""block_cap"": 0.15, ""init"": ""rr"", ""mu"": 1.0, ""nu"": 0.5, ""subgraph_mode"": ""op""}",False,
case_007,3,3,2,capls,_best,0,0.092,0.908,True,507494,27648,27648,0,1760256,0.0,0,2,1012562,,1.9952196479170197,"{""block_cap"": 0.35}",True,results\plans\case_007_p3_n2_capls_best.json
case_007,3,3,4,capls,c0,0,0.122,0.651,True,254398,82944,82944,0,1815552,0.0,0,4,1012562,,3.980227831979811,"{""block_cap"": 0.35}",True,
case_007,3,3,4,capls,c1,0,0.116,0.651,True,254398,82944,82944,0,1815552,0.0,0,4,1012562,,3.980227831979811,"{""block_cap"": 0.15}",False,
case_007,3,3,4,capls,c2,0,0.124,0.651,True,254398,82944,82944,0,1815552,0.0,0,4,1012562,,3.980227831979811,"{""block_cap"": 0.35, ""init"": ""rr""}",False,
case_007,3,3,4,capls,c3,0,0.119,0.691,True,254398,82944,82944,0,1815552,0.0,0,4,1012562,,3.980227831979811,"{""block_cap"": 0.35, ""init"": ""contig""}",False,
case_007,3,3,4,capls,c4,0,0.117,0.713,True,254398,82944,82944,0,1815552,0.0,0,555,1012562,,3.980227831979811,"{""block_cap"": 0.35, ""subgraph_mode"": ""block""}",False,
case_007,3,3,4,capls,c5,0,0.139,0.713,True,254398,82944,82944,0,1815552,0.0,0,555,1012562,,3.980227831979811,"{""block_cap"": 0.35, ""init"": ""rr"", ""subgraph_mode"": ""block""}",False,
case_007,3,3,4,capls,c6,0,0.136,0.651,True,254398,82944,82944,0,1815552,0.0,0,4,1012562,,3.980227831979811,"{""block_cap"": 0.6, ""comm_weight"": 1e-06}",False,
case_007,3,3,4,capls,c7,0,0.132,0.651,True,254398,82944,82944,0,1815552,0.0,0,4,1012562,,3.980227831979811,"{""block_cap"": 0.08}",False,
case_007,3,3,4,capls,c8,0,0.275,1.489,True,309701,15427584,15427584,0,17160192,0.041929739355674275,397824,12,1012562,,3.2694825008637363,"{""block_cap"": 0.005}",False,
case_007,3,3,4,capls,c9,0,0.152,0.618,True,254398,82944,82944,0,1815552,0.0,0,8,1012562,,3.980227831979811,"{""block_cap"": 0.35, ""max_ops"": 500}",False,
case_007,3,3,4,capls,c10,0,0.089,0.764,True,338094,55296,55296,0,1787904,0.0,0,3,1012562,,2.994912657426633,"{""block_cap"": 0.35, ""cores_used"": 3}",False,
case_007,3,3,4,capls,c11,0,0.106,0.651,True,254398,82944,82944,0,1815552,0.0,0,4,1012562,,3.980227831979811,"{""block_cap"": 0.35, ""sync_weight"": 0.0}",False,
case_007,3,3,4,capls,c12,0,0.107,0.651,True,254398,82944,82944,0,1815552,0.0,0,4,1012562,,3.980227831979811,"{""block_cap"": 0.35, ""init"": ""rr"", ""level_mode"": ""alap_fill""}",False,
case_007,3,3,4,capls,c13,0,0.15,0.651,True,254398,82944,82944,0,1815552,0.0,0,4,1012562,,3.980227831979811,"{""block_cap"": 0.35, ""init"": ""rr"", ""level_mode"": ""alap_compress""}",False,
case_007,3,3,4,capls,c14,0,0.469,0.929,True,343473,8517120,82944,8434176,10249728,0.009868421052631578,55296,3885,1012562,,2.9480104695274445,"{""alpha"": 0.8, ""block_cap"": 0.35, ""init"": ""rr"", ""mu"": 1.0, ""nu"": 0.5, ""subgraph_mode"": ""op""}",False,
case_007,3,3,4,capls,c15,0,0.514,1.051,True,343473,8517120,82944,8434176,10249728,0.009868421052631578,55296,3885,1012562,,2.9480104695274445,"{""alpha"": 1.0, ""block_cap"": 0.35, ""init"": ""rr"", ""mu"": 1.0, ""nu"": 0.5, ""subgraph_mode"": ""op""}",False,
case_007,3,3,4,capls,c16,0,0.441,1.031,True,343473,8517120,82944,8434176,10249728,0.009868421052631578,55296,3885,1012562,,2.9480104695274445,"{""alpha"": 0.8, ""block_cap"": 0.35, ""init"": ""rr"", ""mu"": 0.0, ""nu"": 0.0, ""subgraph_mode"": ""op""}",False,
case_007,3,3,4,capls,c17,0,0.448,0.929,True,343473,8517120,82944,8434176,10249728,0.009868421052631578,55296,3885,1012562,,2.9480104695274445,"{""alpha"": 0.8, ""block_cap"": 0.15, ""init"": ""rr"", ""mu"": 1.0, ""nu"": 0.5, ""subgraph_mode"": ""op""}",False,
case_007,3,3,4,capls,_best,0,0.119,0.651,True,254398,82944,82944,0,1815552,0.0,0,4,1012562,,3.980227831979811,"{""block_cap"": 0.35}",True,results\plans\case_007_p3_n4_capls_best.json
case_007,2,2,4,capls,c0,0,0.103,0.758,True,254398,82944,82944,0,1815552,,,4,1012562,,3.980227831979811,"{""block_cap"": 0.35}",True,
case_007,2,2,4,capls,c1,0,0.093,0.758,True,254398,82944,82944,0,1815552,,,4,1012562,,3.980227831979811,"{""block_cap"": 0.15}",False,
case_007,2,2,4,capls,c2,0,0.102,0.758,True,254398,82944,82944,0,1815552,,,4,1012562,,3.980227831979811,"{""block_cap"": 0.35, ""init"": ""rr""}",False,
case_007,2,2,4,capls,c3,0,0.128,0.615,True,254398,82944,82944,0,1815552,,,4,1012562,,3.980227831979811,"{""block_cap"": 0.35, ""init"": ""contig""}",False,
case_007,2,2,4,capls,c4,0,0.125,0.77,True,254398,82944,82944,0,1815552,,,555,1012562,,3.980227831979811,"{""block_cap"": 0.35, ""subgraph_mode"": ""block""}",False,
case_007,2,2,4,capls,c5,0,0.13,0.77,True,254398,82944,82944,0,1815552,,,555,1012562,,3.980227831979811,"{""block_cap"": 0.35, ""init"": ""rr"", ""subgraph_mode"": ""block""}",False,
case_007,2,2,4,capls,c6,0,0.128,0.758,True,254398,82944,82944,0,1815552,,,4,1012562,,3.980227831979811,"{""block_cap"": 0.6, ""comm_weight"": 1e-06}",False,
case_007,2,2,4,capls,c7,0,0.147,0.758,True,254398,82944,82944,0,1815552,,,4,1012562,,3.980227831979811,"{""block_cap"": 0.08}",False,
case_007,2,2,4,capls,c8,0,0.435,1.62,True,314807,13069824,13069824,0,14802432,,,12,1012562,,3.216453255486695,"{""block_cap"": 0.005}",False,
case_007,2,2,4,capls,c9,0,0.142,0.748,True,254398,82944,82944,0,1815552,,,8,1012562,,3.980227831979811,"{""block_cap"": 0.35, ""max_ops"": 500}",False,
case_007,2,2,4,capls,c10,0,0.086,0.704,True,338094,55296,55296,0,1787904,,,3,1012562,,2.994912657426633,"{""block_cap"": 0.35, ""cores_used"": 3}",False,
case_007,2,2,4,capls,c11,0,0.1,0.758,True,254398,82944,82944,0,1815552,,,4,1012562,,3.980227831979811,"{""block_cap"": 0.35, ""sync_weight"": 0.0}",False,
case_007,2,2,4,capls,c12,0,0.146,0.758,True,254398,82944,82944,0,1815552,,,4,1012562,,3.980227831979811,"{""block_cap"": 0.35, ""init"": ""rr"", ""level_mode"": ""alap_fill""}",False,
case_007,2,2,4,capls,c13,0,0.157,0.758,True,254398,82944,82944,0,1815552,,,4,1012562,,3.980227831979811,"{""block_cap"": 0.35, ""init"": ""rr"", ""level_mode"": ""alap_compress""}",False,
case_007,2,2,4,capls,c14,0,0.456,1.011,True,343473,8517120,82944,8434176,10249728,,,3885,1012562,,2.9480104695274445,"{""alpha"": 0.8, ""block_cap"": 0.35, ""init"": ""rr"", ""mu"": 1.0, ""nu"": 0.5, ""subgraph_mode"": ""op""}",False,
case_007,2,2,4,capls,c15,0,0.476,1.015,True,343473,8517120,82944,8434176,10249728,,,3885,1012562,,2.9480104695274445,"{""alpha"": 1.0, ""block_cap"": 0.35, ""init"": ""rr"", ""mu"": 1.0, ""nu"": 0.5, ""subgraph_mode"": ""op""}",False,
case_007,2,2,4,capls,c16,0,0.436,1.053,True,343473,8517120,82944,8434176,10249728,,,3885,1012562,,2.9480104695274445,"{""alpha"": 0.8, ""block_cap"": 0.35, ""init"": ""rr"", ""mu"": 0.0, ""nu"": 0.0, ""subgraph_mode"": ""op""}",False,
case_007,2,2,4,capls,c17,0,0.376,1.011,True,343473,8517120,82944,8434176,10249728,,,3885,1012562,,2.9480104695274445,"{""alpha"": 0.8, ""block_cap"": 0.15, ""init"": ""rr"", ""mu"": 1.0, ""nu"": 0.5, ""subgraph_mode"": ""op""}",False,
case_007,2,2,4,capls,_best,0,0.149,0.758,True,254398,82944,82944,0,1815552,,,4,1012562,,3.980227831979811,"{""block_cap"": 0.35}",True,results\plans\case_007_p2_n4_capls_best.json
case_007,2,2,5,capls,c0,0,0.17,0.605,True,203834,110592,110592,0,1843200,,,5,1012562,,4.967581463347626,"{""block_cap"": 0.35}",True,
case_007,2,2,5,capls,c1,0,0.157,0.605,True,203834,110592,110592,0,1843200,,,5,1012562,,4.967581463347626,"{""block_cap"": 0.15}",False,
case_007,2,2,5,capls,c2,0,0.128,0.605,True,203834,110592,110592,0,1843200,,,5,1012562,,4.967581463347626,"{""block_cap"": 0.35, ""init"": ""rr""}",False,
case_007,2,2,5,capls,c3,0,0.153,0.684,True,203834,110592,110592,0,1843200,,,5,1012562,,4.967581463347626,"{""block_cap"": 0.35, ""init"": ""contig""}",False,
case_007,2,2,5,capls,c4,0,0.162,0.743,True,203834,110592,110592,0,1843200,,,555,1012562,,4.967581463347626,"{""block_cap"": 0.35, ""subgraph_mode"": ""block""}",False,
case_007,2,2,5,capls,c5,0,0.194,0.743,True,203834,110592,110592,0,1843200,,,555,1012562,,4.967581463347626,"{""block_cap"": 0.35, ""init"": ""rr"", ""subgraph_mode"": ""block""}",False,
case_007,2,2,5,capls,c6,0,0.141,0.605,True,203834,110592,110592,0,1843200,,,5,1012562,,4.967581463347626,"{""block_cap"": 0.6, ""comm_weight"": 1e-06}",False,
case_007,2,2,5,capls,c7,0,0.16,0.605,True,203834,110592,110592,0,1843200,,,5,1012562,,4.967581463347626,"{""block_cap"": 0.08}",False,
case_007,2,2,5,capls,c8,0,0.329,0.605,True,203834,110592,110592,0,1843200,,,5,1012562,,4.967581463347626,"{""block_cap"": 0.005}",False,
case_007,2,2,5,capls,c9,0,0.175,0.491,True,203834,110592,110592,0,1843200,,,10,1012562,,4.967581463347626,"{""block_cap"": 0.35, ""max_ops"": 500}",False,
case_007,2,2,5,capls,c10,0,0.139,0.788,True,254398,82944,82944,0,1815552,,,4,1012562,,3.980227831979811,"{""block_cap"": 0.35, ""cores_used"": 4}",False,
case_007,2,2,5,capls,c11,0,0.086,0.605,True,203834,110592,110592,0,1843200,,,5,1012562,,4.967581463347626,"{""block_cap"": 0.35, ""sync_weight"": 0.0}",False,
case_007,2,2,5,capls,c12,0,0.174,0.605,True,203834,110592,110592,0,1843200,,,5,1012562,,4.967581463347626,"{""block_cap"": 0.35, ""init"": ""rr"", ""level_mode"": ""alap_fill""}",False,
case_007,2,2,5,capls,c13,0,0.183,0.605,True,203834,110592,110592,0,1843200,,,5,1012562,,4.967581463347626,"{""block_cap"": 0.35, ""init"": ""rr"", ""level_mode"": ""alap_compress""}",False,
case_007,2,2,5,capls,c14,0,0.45,0.903,True,220462,6231552,110592,6120960,7964160,,,3885,1012562,,4.592909435639702,"{""alpha"": 0.8, ""block_cap"": 0.35, ""init"": ""rr"", ""mu"": 1.0, ""nu"": 0.5, ""subgraph_mode"": ""op""}",False,
case_007,2,2,5,capls,c15,0,0.529,0.836,True,220462,6231552,110592,6120960,7964160,,,3885,1012562,,4.592909435639702,"{""alpha"": 1.0, ""block_cap"": 0.35, ""init"": ""rr"", ""mu"": 1.0, ""nu"": 0.5, ""subgraph_mode"": ""op""}",False,
case_007,2,2,5,capls,c16,0,0.463,0.928,True,220462,6231552,110592,6120960,7964160,,,3885,1012562,,4.592909435639702,"{""alpha"": 0.8, ""block_cap"": 0.35, ""init"": ""rr"", ""mu"": 0.0, ""nu"": 0.0, ""subgraph_mode"": ""op""}",False,
case_007,2,2,5,capls,c17,0,0.484,0.903,True,220462,6231552,110592,6120960,7964160,,,3885,1012562,,4.592909435639702,"{""alpha"": 0.8, ""block_cap"": 0.15, ""init"": ""rr"", ""mu"": 1.0, ""nu"": 0.5, ""subgraph_mode"": ""op""}",False,
case_007,2,2,5,capls,_best,0,0.145,0.605,True,203834,110592,110592,0,1843200,,,5,1012562,,4.967581463347626,"{""block_cap"": 0.35}",True,results\plans\case_007_p2_n5_capls_best.json
case_007,3,3,5,capls,c0,0,0.129,0.773,True,203834,110592,110592,0,1843200,0.0,0,5,1012562,,4.967581463347626,"{""block_cap"": 0.35}",True,
case_007,3,3,5,capls,c1,0,0.178,0.773,True,203834,110592,110592,0,1843200,0.0,0,5,1012562,,4.967581463347626,"{""block_cap"": 0.15}",False,
case_007,3,3,5,capls,c2,0,0.185,0.773,True,203834,110592,110592,0,1843200,0.0,0,5,1012562,,4.967581463347626,"{""block_cap"": 0.35, ""init"": ""rr""}",False,
case_007,3,3,5,capls,c3,0,0.163,0.704,True,203834,110592,110592,0,1843200,0.0,0,5,1012562,,4.967581463347626,"{""block_cap"": 0.35, ""init"": ""contig""}",False,
case_007,3,3,5,capls,c4,0,0.184,0.677,True,203834,110592,110592,0,1843200,0.0,0,555,1012562,,4.967581463347626,"{""block_cap"": 0.35, ""subgraph_mode"": ""block""}",False,
case_007,3,3,5,capls,c5,0,0.205,0.677,True,203834,110592,110592,0,1843200,0.0,0,555,1012562,,4.967581463347626,"{""block_cap"": 0.35, ""init"": ""rr"", ""subgraph_mode"": ""block""}",False,
case_007,3,3,5,capls,c6,0,0.185,0.773,True,203834,110592,110592,0,1843200,0.0,0,5,1012562,,4.967581463347626,"{""block_cap"": 0.6, ""comm_weight"": 1e-06}",False,
case_007,3,3,5,capls,c7,0,0.174,0.773,True,203834,110592,110592,0,1843200,0.0,0,5,1012562,,4.967581463347626,"{""block_cap"": 0.08}",False,
case_007,3,3,5,capls,c8,0,0.384,0.773,True,203834,110592,110592,0,1843200,0.0,0,5,1012562,,4.967581463347626,"{""block_cap"": 0.005}",False,
case_007,3,3,5,capls,c9,0,0.206,0.623,True,203834,110592,110592,0,1843200,0.0,0,10,1012562,,4.967581463347626,"{""block_cap"": 0.35, ""max_ops"": 500}",False,
case_007,3,3,5,capls,c10,0,0.104,0.78,True,254398,82944,82944,0,1815552,0.0,0,4,1012562,,3.980227831979811,"{""block_cap"": 0.35, ""cores_used"": 4}",False,
case_007,3,3,5,capls,c11,0,0.145,0.773,True,203834,110592,110592,0,1843200,0.0,0,5,1012562,,4.967581463347626,"{""block_cap"": 0.35, ""sync_weight"": 0.0}",False,
case_007,3,3,5,capls,c12,0,0.179,0.773,True,203834,110592,110592,0,1843200,0.0,0,5,1012562,,4.967581463347626,"{""block_cap"": 0.35, ""init"": ""rr"", ""level_mode"": ""alap_fill""}",False,
case_007,3,3,5,capls,c13,0,0.177,0.773,True,203834,110592,110592,0,1843200,0.0,0,5,1012562,,4.967581463347626,"{""block_cap"": 0.35, ""init"": ""rr"", ""level_mode"": ""alap_compress""}",False,
case_007,3,3,5,capls,c14,0,0.46,0.787,True,220462,6231552,110592,6120960,7964160,0.0,0,3885,1012562,,4.592909435639702,"{""alpha"": 0.8, ""block_cap"": 0.35, ""init"": ""rr"", ""mu"": 1.0, ""nu"": 0.5, ""subgraph_mode"": ""op""}",False,
case_007,3,3,5,capls,c15,0,0.47,0.888,True,220462,6231552,110592,6120960,7964160,0.0,0,3885,1012562,,4.592909435639702,"{""alpha"": 1.0, ""block_cap"": 0.35, ""init"": ""rr"", ""mu"": 1.0, ""nu"": 0.5, ""subgraph_mode"": ""op""}",False,
case_007,3,3,5,capls,c16,0,0.447,0.865,True,220462,6231552,110592,6120960,7964160,0.0,0,3885,1012562,,4.592909435639702,"{""alpha"": 0.8, ""block_cap"": 0.35, ""init"": ""rr"", ""mu"": 0.0, ""nu"": 0.0, ""subgraph_mode"": ""op""}",False,
case_007,3,3,5,capls,c17,0,0.524,0.787,True,220462,6231552,110592,6120960,7964160,0.0,0,3885,1012562,,4.592909435639702,"{""alpha"": 0.8, ""block_cap"": 0.15, ""init"": ""rr"", ""mu"": 1.0, ""nu"": 0.5, ""subgraph_mode"": ""op""}",False,
case_007,3,3,5,capls,_best,0,0.159,0.773,True,203834,110592,110592,0,1843200,0.0,0,5,1012562,,4.967581463347626,"{""block_cap"": 0.35}",True,results\plans\case_007_p3_n5_capls_best.json
case_015,2,2,2,capls,c0,0,0.022,0.2,True,92321,224536,109824,114712,1109150,,,2,177362,,1.921144701638847,"{""block_cap"": 0.35}",False,
case_015,2,2,2,capls,c1,0,0.02,0.175,True,100696,404816,290104,114712,1289430,,,3,177362,,1.761360927941527,"{""block_cap"": 0.15}",False,
case_015,2,2,2,capls,c2,0,0.025,0.265,True,91129,224528,109824,114704,1109142,,,2,177362,,1.9462739632828188,"{""block_cap"": 0.35, ""init"": ""rr""}",False,
case_015,2,2,2,capls,c3,0,0.032,0.142,True,88439,216336,109824,106512,1100950,,,2,177362,,2.0054726986962765,"{""block_cap"": 0.35, ""init"": ""contig""}",False,
case_015,2,2,2,capls,c4,0,0.023,0.161,True,86629,109824,109824,0,994438,,,46,177362,,2.047374435812488,"{""block_cap"": 0.35, ""subgraph_mode"": ""block""}",False,
case_015,2,2,2,capls,c5,0,0.033,0.193,True,86684,109824,109824,0,994438,,,46,177362,,2.0460754003045545,"{""block_cap"": 0.35, ""init"": ""rr"", ""subgraph_mode"": ""block""}",False,
case_015,2,2,2,capls,c6,0,0.024,0.2,True,92321,224536,109824,114712,1109150,,,2,177362,,1.921144701638847,"{""block_cap"": 0.6, ""comm_weight"": 1e-06}",False,
case_015,2,2,2,capls,c7,0,0.033,0.13,True,102519,1299500,1266732,32768,2184114,,,6,177362,,1.7300402852154235,"{""block_cap"": 0.08}",False,
case_015,2,2,2,capls,c8,0,0.095,0.294,True,115212,1714638,1550782,163856,2599252,,,9,177362,,1.539440336076103,"{""block_cap"": 0.005}",False,
case_015,2,2,2,capls,c9,0,0.028,0.113,True,92321,224536,109824,114712,1109150,,,3,177362,,1.921144701638847,"{""block_cap"": 0.35, ""max_ops"": 500}",False,
case_015,2,2,2,capls,c10,0,0.009,0.149,True,177362,180256,0,180256,1064870,,,1,177362,,1.0,"{""block_cap"": 0.35, ""cores_used"": 1}",False,
case_015,2,2,2,capls,c11,0,0.023,0.2,True,92321,224536,109824,114712,1109150,,,2,177362,,1.921144701638847,"{""block_cap"": 0.35, ""sync_weight"": 0.0}",False,
case_015,2,2,2,capls,c12,0,0.032,0.265,True,91129,224528,109824,114704,1109142,,,2,177362,,1.9462739632828188,"{""block_cap"": 0.35, ""init"": ""rr"", ""level_mode"": ""alap_fill""}",False,
case_015,2,2,2,capls,c13,0,0.021,0.265,True,91129,224528,109824,114704,1109142,,,2,177362,,1.9462739632828188,"{""block_cap"": 0.35, ""init"": ""rr"", ""level_mode"": ""alap_compress""}",False,
case_015,2,2,2,capls,c14,0,0.1,0.122,True,84542,126208,109824,16384,1010822,,,1013,177362,,2.097915828818812,"{""alpha"": 0.8, ""block_cap"": 0.35, ""init"": ""rr"", ""mu"": 1.0, ""nu"": 0.5, ""subgraph_mode"": ""op""}",False,
case_015,2,2,2,capls,c15,0,0.079,0.124,True,83596,191760,109824,81936,1076374,,,1013,177362,,2.121656538590363,"{""alpha"": 1.0, ""block_cap"": 0.35, ""init"": ""rr"", ""mu"": 1.0, ""nu"": 0.5, ""subgraph_mode"": ""op""}",True,
case_015,2,2,2,capls,c16,0,0.098,0.128,True,88089,126208,109824,16384,1010822,,,1013,177362,,2.0134409517646925,"{""alpha"": 0.8, ""block_cap"": 0.35, ""init"": ""rr"", ""mu"": 0.0, ""nu"": 0.0, ""subgraph_mode"": ""op""}",False,
case_015,2,2,2,capls,c17,0,0.125,0.188,True,89824,585052,585048,4,1469666,,,1013,177362,,1.9745502315639474,"{""alpha"": 0.8, ""block_cap"": 0.15, ""init"": ""rr"", ""mu"": 1.0, ""nu"": 0.5, ""subgraph_mode"": ""op""}",False,
case_015,2,2,2,capls,_best,0,0.098,0.124,True,83596,191760,109824,81936,1076374,,,1013,177362,,2.121656538590363,"{""alpha"": 1.0, ""block_cap"": 0.35, ""init"": ""rr"", ""mu"": 1.0, ""nu"": 0.5, ""subgraph_mode"": ""op""}",True,results\plans\case_015_p2_n2_capls_best.json
case_015,3,3,2,capls,c0,0,0.016,0.245,True,92321,224536,109824,114712,1109150,0.20244435106753256,224512,2,177362,,1.921144701638847,"{""block_cap"": 0.35}",False,
case_015,3,3,2,capls,c1,0,0.02,0.171,True,100696,404816,290104,114712,1289430,0.31393251001738987,404740,3,177362,,1.761360927941527,"{""block_cap"": 0.15}",False,
case_015,3,3,2,capls,c2,0,0.029,0.168,True,91129,224528,109824,114704,1109142,0.2024450812532349,224512,2,177362,,1.9462739632828188,"{""block_cap"": 0.35, ""init"": ""rr""}",False,
case_015,3,3,2,capls,c3,0,0.021,0.22,True,88439,216336,109824,106512,1100950,0.19650984275215524,216320,2,177362,,2.0054726986962765,"{""block_cap"": 0.35, ""init"": ""contig""}",False,
case_015,3,3,2,capls,c4,0,0.023,0.168,True,86629,109824,109824,0,994438,0.11045291892033238,109824,46,177362,,2.047374435812488,"{""block_cap"": 0.35, ""subgraph_mode"": ""block""}",False,
case_015,3,3,2,capls,c5,0,0.031,0.219,True,86684,109824,109824,0,994438,0.11045291892033238,109824,46,177362,,2.0460754003045545,"{""block_cap"": 0.35, ""init"": ""rr"", ""subgraph_mode"": ""block""}",False,
case_015,3,3,2,capls,c6,0,0.021,0.245,True,92321,224536,109824,114712,1109150,0.20244435106753256,224512,2,177362,,1.921144701638847,"{""block_cap"": 0.6, ""comm_weight"": 1e-06}",False,
case_015,3,3,2,capls,c7,0,0.031,0.143,True,102311,1299500,1266732,32768,2184114,0.33068753734275674,614348,6,177362,,1.733557486487279,"{""block_cap"": 0.08}",False,
case_015,3,3,2,capls,c8,0,0.091,0.306,True,115131,1714638,1550782,163856,2599252,0.28426276434680764,577162,9,177362,,1.5405234037748303,"{""block_cap"": 0.005}",False,
case_015,3,3,2,capls,c9,0,0.016,0.194,True,92321,224536,109824,114712,1109150,0.20244435106753256,224512,3,177362,,1.921144701638847,"{""block_cap"": 0.35, ""max_ops"": 500}",False,
case_015,3,3,2,capls,c10,0,0.007,0.207,True,177362,180256,0,180256,1064870,0.1692685978123867,180224,1,177362,,1.0,"{""block_cap"": 0.35, ""cores_used"": 1}",False,
case_015,3,3,2,capls,c11,0,0.015,0.245,True,92321,224536,109824,114712,1109150,0.20244435106753256,224512,2,177362,,1.921144701638847,"{""block_cap"": 0.35, ""sync_weight"": 0.0}",False,
case_015,3,3,2,capls,c12,0,0.028,0.168,True,91129,224528,109824,114704,1109142,0.2024450812532349,224512,2,177362,,1.9462739632828188,"{""block_cap"": 0.35, ""init"": ""rr"", ""level_mode"": ""alap_fill""}",False,
case_015,3,3,2,capls,c13,0,0.033,0.168,True,91129,224528,109824,114704,1109142,0.2024450812532349,224512,2,177362,,1.9462739632828188,"{""block_cap"": 0.35, ""init"": ""rr"", ""level_mode"": ""alap_compress""}",False,
case_015,3,3,2,capls,c14,0,0.103,0.153,True,84542,126208,109824,16384,1010822,0.011491294745725179,11520,1013,177362,,2.097915828818812,"{""alpha"": 0.8, ""block_cap"": 0.35, ""init"": ""rr"", ""mu"": 1.0, ""nu"": 0.5, ""subgraph_mode"": ""op""}",False,
case_015,3,3,2,capls,c15,0,0.082,0.12,True,83405,191760,109824,81936,1076374,0.011127488954614913,11520,1013,177362,,2.1265151969306397,"{""alpha"": 1.0, ""block_cap"": 0.35, ""init"": ""rr"", ""mu"": 1.0, ""nu"": 0.5, ""subgraph_mode"": ""op""}",True,
case_015,3,3,2,capls,c16,0,0.08,0.156,True,88089,126208,109824,16384,1010822,0.011491294745725179,11520,1013,177362,,2.0134409517646925,"{""alpha"": 0.8, ""block_cap"": 0.35, ""init"": ""rr"", ""mu"": 0.0, ""nu"": 0.0, ""subgraph_mode"": ""op""}",False,
case_015,3,3,2,capls,c17,0,0.134,0.18,True,89824,585052,585048,4,1469666,0.3311738510283854,486656,1013,177362,,1.9745502315639474,"{""alpha"": 0.8, ""block_cap"": 0.15, ""init"": ""rr"", ""mu"": 1.0, ""nu"": 0.5, ""subgraph_mode"": ""op""}",False,
case_015,3,3,2,capls,_best,0,0.114,0.12,True,83405,191760,109824,81936,1076374,0.011127488954614913,11520,1013,177362,,2.1265151969306397,"{""alpha"": 1.0, ""block_cap"": 0.35, ""init"": ""rr"", ""mu"": 1.0, ""nu"": 0.5, ""subgraph_mode"": ""op""}",True,results\plans\case_015_p3_n2_capls_best.json
case_015,2,2,3,capls,c0,0,0.051,0.208,True,63488,735852,735852,0,1620466,,,6,177362,,2.7936302923387095,"{""block_cap"": 0.35}",False,
case_015,2,2,3,capls,c1,0,0.068,0.276,True,75530,1080896,1080896,0,1965510,,,11,177362,,2.348232490401165,"{""block_cap"": 0.15}",False,
case_015,2,2,3,capls,c2,0,0.04,0.173,True,64568,965264,965264,0,1849878,,,7,177362,,2.74690249039772,"{""block_cap"": 0.35, ""init"": ""rr""}",False,
case_015,2,2,3,capls,c3,0,0.077,0.163,True,75174,683364,683364,0,1567978,,,6,177362,,2.3593529677814136,"{""block_cap"": 0.35, ""init"": ""contig""}",False,
case_015,2,2,3,capls,c4,0,0.055,0.145,True,87110,744044,735852,8192,1628658,,,78,177362,,2.0360693376191024,"{""block_cap"": 0.35, ""subgraph_mode"": ""block""}",False,
case_015,2,2,3,capls,c5,0,0.06,0.166,True,74701,965264,965264,0,1849878,,,78,177362,,2.3742921781502258,"{""block_cap"": 0.35, ""init"": ""rr"", ""subgraph_mode"": ""block""}",False,
case_015,2,2,3,capls,c6,0,0.022,0.189,True,61168,290056,208128,81928,1174670,,,3,177362,,2.8995880198796757,"{""block_cap"": 0.6, ""comm_weight"": 1e-06}",False,
case_015,2,2,3,capls,c7,0,0.05,0.202,True,78873,1179820,1179820,0,2064434,,,11,177362,,2.2487036121359654,"{""block_cap"": 0.08}",False,
case_015,2,2,3,capls,c8,0,0.12,0.245,True,89620,1875278,1801550,73728,2759892,,,18,177362,,1.9790448560589153,"{""block_cap"": 0.005}",False,
case_015,2,2,3,capls,c9,0,0.043,0.208,True,63488,735852,735852,0,1620466,,,6,177362,,2.7936302923387095,"{""block_cap"": 0.35, ""max_ops"": 500}",False,
case_015,2,2,3,capls,c10,0,0.015,0.188,True,92321,224536,109824,114712,1109150,,,2,177362,,1.921144701638847,"{""block_cap"": 0.35, ""cores_used"": 2}",False,
case_015,2,2,3,capls,c11,0,0.038,0.208,True,63488,735852,735852,0,1620466,,,6,177362,,2.7936302923387095,"{""block_cap"": 0.35, ""sync_weight"": 0.0}",False,
case_015,2,2,3,capls,c12,0,0.041,0.213,True,60925,965264,965264,0,1849878,,,9,177362,,2.911153057037341,"{""block_cap"": 0.35, ""init"": ""rr"", ""level_mode"": ""alap_fill""}",False,
case_015,2,2,3,capls,c13,0,0.041,0.213,True,60925,965264,965264,0,1849878,,,9,177362,,2.911153057037341,"{""block_cap"": 0.35, ""init"": ""rr"", ""level_mode"": ""alap_compress""}",False,
case_015,2,2,3,capls,c14,0,0.114,0.19,True,64085,965264,965264,0,1849878,,,1013,177362,,2.767605523913552,"{""alpha"": 0.8, ""block_cap"": 0.35, ""init"": ""rr"", ""mu"": 1.0, ""nu"": 0.5, ""subgraph_mode"": ""op""}",False,
case_015,2,2,3,capls,c15,0,0.104,0.148,True,64973,1071784,965264,106520,1956398,,,1013,177362,,2.7297800624874946,"{""alpha"": 1.0, ""block_cap"": 0.35, ""init"": ""rr"", ""mu"": 1.0, ""nu"": 0.5, ""subgraph_mode"": ""op""}",False,
case_015,2,2,3,capls,c16,0,0.123,0.185,True,65438,965264,965264,0,1849878,,,1013,177362,,2.710382346648736,"{""alpha"": 0.8, ""block_cap"": 0.35, ""init"": ""rr"", ""mu"": 0.0, ""nu"": 0.0, ""subgraph_mode"": ""op""}",False,
case_015,2,2,3,capls,c17,0,0.171,0.153,True,58843,1126558,1126558,0,2011172,,,1013,177362,,3.01415631425998,"{""alpha"": 0.8, ""block_cap"": 0.15, ""init"": ""rr"", ""mu"": 1.0, ""nu"": 0.5, ""subgraph_mode"": ""op""}",True,
case_015,2,2,3,capls,_best,0,0.172,0.153,True,58843,1126558,1126558,0,2011172,,,1013,177362,,3.01415631425998,"{""alpha"": 0.8, ""block_cap"": 0.15, ""init"": ""rr"", ""mu"": 1.0, ""nu"": 0.5, ""subgraph_mode"": ""op""}",True,results\plans\case_015_p2_n3_capls_best.json
case_015,3,3,3,capls,c0,0,0.043,0.231,True,63488,735852,735852,0,1620466,0.4540918853531488,735756,6,177362,,2.7936302923387095,"{""block_cap"": 0.35}",False,
case_015,3,3,3,capls,c1,0,0.073,0.171,True,74019,1080896,1080896,0,1965510,0.4430405093788377,831914,11,177362,,2.396168551317905,"{""block_cap"": 0.15}",False,
case_015,3,3,3,capls,c2,0,0.041,0.195,True,64568,965264,965264,0,1849878,0.4597891304089261,850460,7,177362,,2.74690249039772,"{""block_cap"": 0.35, ""init"": ""rr""}",False,
case_015,3,3,3,capls,c3,0,0.096,0.122,True,75174,683364,683364,0,1567978,0.3731148695365979,584968,6,177362,,2.3593529677814136,"{""block_cap"": 0.35, ""init"": ""contig""}",False,
case_015,3,3,3,capls,c4,0,0.058,0.123,True,87003,744044,735852,8192,1628658,0.3159845548465064,514572,78,177362,,2.0385733825270393,"{""block_cap"": 0.35, ""subgraph_mode"": ""block""}",False,
case_015,3,3,3,capls,c5,0,0.053,0.152,True,74700,965264,965264,0,1849878,0.3933558021575694,727580,78,177362,,2.3743239625167334,"{""block_cap"": 0.35, ""init"": ""rr"", ""subgraph_mode"": ""block""}",False,
case_015,3,3,3,capls,c6,0,0.024,0.114,True,61168,290056,208128,81928,1174670,0.24694729995044842,290048,3,177362,,2.8995880198796757,"{""block_cap"": 0.6, ""comm_weight"": 1e-06}",False,
case_015,3,3,3,capls,c7,0,0.081,0.325,True,71300,1409220,1409220,0,2293834,0.37114539509977784,752164,13,177362,,2.487545582047686,"{""block_cap"": 0.08}",False,
case_015,3,3,3,capls,c8,0,0.202,0.271,True,81984,2178838,2146066,32772,3063452,0.33446882207503026,805718,18,177362,,2.1633733411397347,"{""block_cap"": 0.005}",False,
case_015,3,3,3,capls,c9,0,0.04,0.231,True,63488,735852,735852,0,1620466,0.4540918853531488,735756,6,177362,,2.7936302923387095,"{""block_cap"": 0.35, ""max_ops"": 500}",False,
case_015,3,3,3,capls,c10,0,0.016,0.235,True,92321,224536,109824,114712,1109150,0.20244435106753256,224512,2,177362,,1.921144701638847,"{""block_cap"": 0.35, ""cores_used"": 2}",False,
case_015,3,3,3,capls,c11,0,0.048,0.231,True,63488,735852,735852,0,1620466,0.4540918853531488,735756,6,177362,,2.7936302923387095,"{""block_cap"": 0.35, ""sync_weight"": 0.0}",False,
case_015,3,3,3,capls,c12,0,0.056,0.186,True,60649,965264,965264,0,1849878,0.4863624617094688,899612,9,177362,,2.924401061847681,"{""block_cap"": 0.35, ""init"": ""rr"", ""level_mode"": ""alap_fill""}",False,
case_015,3,3,3,capls,c13,0,0.044,0.186,True,60649,965264,965264,0,1849878,0.4863624617094688,899612,9,177362,,2.924401061847681,"{""block_cap"": 0.35, ""init"": ""rr"", ""level_mode"": ""alap_compress""}",False,
case_015,3,3,3,capls,c14,0,0.125,0.14,True,62578,965264,965264,0,1849878,0.4155002449080216,768540,1013,177362,,2.834254849947266,"{""alpha"": 0.8, ""block_cap"": 0.35, ""init"": ""rr"", ""mu"": 1.0, ""nu"": 0.5, ""subgraph_mode"": ""op""}",False,
case_015,3,3,3,capls,c15,0,0.116,0.156,True,62617,1071784,965264,106520,1956398,0.4072993083485839,776732,1013,177362,,2.8324895795071625,"{""alpha"": 1.0, ""block_cap"": 0.35, ""init"": ""rr"", ""mu"": 1.0, ""nu"": 0.5, ""subgraph_mode"": ""op""}",False,
case_015,3,3,3,capls,c16,0,0.119,0.142,True,63537,965264,965264,0,1849878,0.4332157991083834,801308,1013,177362,,2.791475832979209,"{""alpha"": 0.8, ""block_cap"": 0.35, ""init"": ""rr"", ""mu"": 0.0, ""nu"": 0.0, ""subgraph_mode"": ""op""}",False,
case_015,3,3,3,capls,c17,0,0.122,0.202,True,58467,1464888,1464888,0,2349502,0.4923751474072455,1098938,1013,177362,,3.0335402876836506,"{""alpha"": 0.8, ""block_cap"": 0.15, ""init"": ""rr"", ""mu"": 1.0, ""nu"": 0.5, ""subgraph_mode"": ""op""}",True,
case_015,3,3,3,capls,_best,0,0.132,0.202,True,58467,1464888,1464888,0,2349502,0.4923751474072455,1098938,1013,177362,,3.0335402876836506,"{""alpha"": 0.8, ""block_cap"": 0.15, ""init"": ""rr"", ""mu"": 1.0, ""nu"": 0.5, ""subgraph_mode"": ""op""}",True,results\plans\case_015_p3_n3_capls_best.json
case_015,2,2,4,capls,c0,0,0.095,0.199,True,57062,920656,920656,0,1805270,,,9,177362,,3.1082331499071185,"{""block_cap"": 0.35}",False,
case_015,2,2,4,capls,c1,0,0.138,0.229,True,64643,695148,695148,0,1579762,,,10,177362,,2.7437154835016937,"{""block_cap"": 0.15}",False,
case_015,2,2,4,capls,c2,0,0.091,0.182,True,59836,708940,708940,0,1593554,,,8,177362,,2.964135303161976,"{""block_cap"": 0.35, ""init"": ""rr""}",False,
case_015,2,2,4,capls,c3,0,0.091,0.239,True,49047,661084,661084,0,1545698,,,8,177362,,3.6161640875079004,"{""block_cap"": 0.35, ""init"": ""contig""}",False,
case_015,2,2,4,capls,c4,0,0.079,0.201,True,72020,920656,920656,0,1805270,,,78,177362,,2.4626770341571786,"{""block_cap"": 0.35, ""subgraph_mode"": ""block""}",False,
case_015,2,2,4,capls,c5,0,0.071,0.167,True,70319,708940,708940,0,1593554,,,78,177362,,2.5222486099062844,"{""block_cap"": 0.35, ""init"": ""rr"", ""subgraph_mode"": ""block""}",False,
case_015,2,2,4,capls,c6,0,0.076,0.201,True,53029,248832,224256,24576,1133446,,,4,177362,,3.3446227535876596,"{""block_cap"": 0.6, ""comm_weight"": 1e-06}",False,
case_015,2,2,4,capls,c7,0,0.11,0.138,True,60966,910202,910202,0,1794816,,,13,177362,,2.9091952891775743,"{""block_cap"": 0.08}",False,
case_015,2,2,4,capls,c8,0,0.228,0.344,True,87959,2202602,2145246,57356,3087216,,,25,177362,,2.0164167396173216,"{""block_cap"": 0.005}",False,
case_015,2,2,4,capls,c9,0,0.09,0.199,True,57062,920656,920656,0,1805270,,,9,177362,,3.1082331499071185,"{""block_cap"": 0.35, ""max_ops"": 500}",False,
case_015,2,2,4,capls,c10,0,0.067,0.126,True,63488,735852,735852,0,1620466,,,6,177362,,2.7936302923387095,"{""block_cap"": 0.35, ""cores_used"": 3}",False,
case_015,2,2,4,capls,c11,0,0.094,0.199,True,57062,920656,920656,0,1805270,,,9,177362,,3.1082331499071185,"{""block_cap"": 0.35, ""sync_weight"": 0.0}",False,
case_015,2,2,4,capls,c12,0,0.096,0.191,True,53598,708940,708940,0,1593554,,,8,177362,,3.3091160117914846,"{""block_cap"": 0.35, ""init"": ""rr"", ""level_mode"": ""alap_fill""}",False,
case_015,2,2,4,capls,c13,0,0.104,0.191,True,53598,708940,708940,0,1593554,,,8,177362,,3.3091160117914846,"{""block_cap"": 0.35, ""init"": ""rr"", ""level_mode"": ""alap_compress""}",False,
case_015,2,2,4,capls,c14,0,0.165,0.139,True,49432,708944,708940,4,1593558,,,1013,177362,,3.5879996763230295,"{""alpha"": 0.8, ""block_cap"": 0.35, ""init"": ""rr"", ""mu"": 1.0, ""nu"": 0.5, ""subgraph_mode"": ""op""}",False,
case_015,2,2,4,capls,c15,0,0.17,0.185,True,50846,815448,708940,106508,1700062,,,1013,177362,,3.488219328954097,"{""alpha"": 1.0, ""block_cap"": 0.35, ""init"": ""rr"", ""mu"": 1.0, ""nu"": 0.5, ""subgraph_mode"": ""op""}",False,
case_015,2,2,4,capls,c16,0,0.125,0.106,True,54828,708944,708940,4,1593558,,,1013,177362,,3.234879988327132,"{""alpha"": 0.8, ""block_cap"": 0.35, ""init"": ""rr"", ""mu"": 0.0, ""nu"": 0.0, ""subgraph_mode"": ""op""}",False,
case_015,2,2,4,capls,c17,0,0.176,0.183,True,46684,735024,735024,0,1619638,,,1013,177362,,3.7992031531145574,"{""alpha"": 0.8, ""block_cap"": 0.15, ""init"": ""rr"", ""mu"": 1.0, ""nu"": 0.5, ""subgraph_mode"": ""op""}",True,
case_015,2,2,4,capls,_best,0,0.179,0.183,True,46684,735024,735024,0,1619638,,,1013,177362,,3.7992031531145574,"{""alpha"": 0.8, ""block_cap"": 0.15, ""init"": ""rr"", ""mu"": 1.0, ""nu"": 0.5, ""subgraph_mode"": ""op""}",True,results\plans\case_015_p2_n4_capls_best.json
case_015,3,3,4,capls,c0,0,0.045,0.223,True,55621,1078680,1078680,0,1963294,0.44809447981392564,879648,9,177362,,3.1887596411427337,"{""block_cap"": 0.35}",False,
case_015,3,3,4,capls,c1,0,0.113,0.24,True,57883,1923954,1923954,0,2808568,0.5088615282239634,1260220,14,177362,,3.0641466406371474,"{""block_cap"": 0.15}",False,
case_015,3,3,4,capls,c2,0,0.101,0.205,True,50132,1161920,1161920,0,2046534,0.4796721506949596,981556,9,177362,,3.537899944147451,"{""block_cap"": 0.35, ""init"": ""rr""}",False,
case_015,3,3,4,capls,c3,0,0.093,0.236,True,48141,661084,661084,0,1545698,0.36408199182152284,562696,8,177362,,3.6842192725535408,"{""block_cap"": 0.35, ""init"": ""contig""}",False,
case_015,3,3,4,capls,c4,0,0.034,0.22,True,74871,1078680,1078680,0,1963294,0.36580567534993375,718108,78,177362,,2.3689011766905743,"{""block_cap"": 0.35, ""subgraph_mode"": ""block""}",False,
case_015,3,3,4,capls,c5,0,0.096,0.303,True,76332,1161920,1161920,0,2046534,0.3755860560444039,768564,78,177362,,2.3235602368600325,"{""block_cap"": 0.35, ""init"": ""rr"", ""subgraph_mode"": ""block""}",False,
case_015,3,3,4,capls,c6,0,0.089,0.185,True,53029,248832,224256,24576,1133446,0.21956139251787235,248832,4,177362,,3.3446227535876596,"{""block_cap"": 0.6, ""comm_weight"": 1e-06}",False,
case_015,3,3,4,capls,c7,0,0.062,0.24,True,58666,1619648,1619648,0,2504262,0.486410073714165,1110016,19,177362,,3.023250264207548,"{""block_cap"": 0.08}",False,
case_015,3,3,4,capls,c8,0,0.208,0.292,True,73289,2234346,2168798,65548,3118960,0.2698642305749527,650722,25,177362,,2.420035748884553,"{""block_cap"": 0.005}",False,
case_015,3,3,4,capls,c9,0,0.04,0.223,True,55621,1078680,1078680,0,1963294,0.44809447981392564,879648,9,177362,,3.1887596411427337,"{""block_cap"": 0.35, ""max_ops"": 500}",False,
case_015,3,3,4,capls,c10,0,0.047,0.124,True,63488,735852,735852,0,1620466,0.4540918853531488,735756,6,177362,,2.7936302923387095,"{""block_cap"": 0.35, ""cores_used"": 3}",False,
case_015,3,3,4,capls,c11,0,0.032,0.223,True,55621,1078680,1078680,0,1963294,0.44809447981392564,879648,9,177362,,3.1887596411427337,"{""block_cap"": 0.35, ""sync_weight"": 0.0}",False,
case_015,3,3,4,capls,c12,0,0.109,0.251,True,50441,1161920,1161920,0,2046534,0.4556522826986775,932404,12,177362,,3.5162268789278563,"{""block_cap"": 0.35, ""init"": ""rr"", ""level_mode"": ""alap_fill""}",False,
case_015,3,3,4,capls,c13,0,0.107,0.251,True,50441,1161920,1161920,0,2046534,0.4556522826986775,932404,12,177362,,3.5162268789278563,"{""block_cap"": 0.35, ""init"": ""rr"", ""level_mode"": ""alap_compress""}",False,
case_015,3,3,4,capls,c14,0,0.156,0.131,True,52419,1161920,1161920,0,2046534,0.4236257920369681,866868,1013,177362,,3.383544134760297,"{""alpha"": 0.8, ""block_cap"": 0.35, ""init"": ""rr"", ""mu"": 1.0, ""nu"": 0.5, ""subgraph_mode"": ""op""}",False,
case_015,3,3,4,capls,c15,0,0.158,0.167,True,52997,1268440,1161920,106520,2153054,0.41596986588149615,875060,1013,177362,,3.3466422627695906,"{""alpha"": 1.0, ""block_cap"": 0.35, ""init"": ""rr"", ""mu"": 1.0, ""nu"": 0.5, ""subgraph_mode"": ""op""}",False,
case_015,3,3,4,capls,c16,0,0.167,0.181,True,52947,1161920,1161920,0,2046534,0.4396390373678228,899636,1013,177362,,3.349802632821501,"{""alpha"": 0.8, ""block_cap"": 0.35, ""init"": ""rr"", ""mu"": 0.0, ""nu"": 0.0, ""subgraph_mode"": ""op""}",False,
case_015,3,3,4,capls,c17,0,0.157,0.198,True,46043,1871912,1871912,0,2756526,0.42784621565453745,1035126,1013,177362,,3.852094780965619,"{""alpha"": 0.8, ""block_cap"": 0.15, ""init"": ""rr"", ""mu"": 1.0, ""nu"": 0.5, ""subgraph_mode"": ""op""}",True,
case_015,3,3,4,capls,_best,0,0.131,0.198,True,46043,1871912,1871912,0,2756526,0.42784621565453745,1035126,1013,177362,,3.852094780965619,"{""alpha"": 0.8, ""block_cap"": 0.15, ""init"": ""rr"", ""mu"": 1.0, ""nu"": 0.5, ""subgraph_mode"": ""op""}",True,results\plans\case_015_p3_n4_capls_best.json
case_015,2,2,5,capls,c0,0,0.096,0.159,True,60053,886668,886668,0,1771282,,,9,177362,,2.9534244750470418,"{""block_cap"": 0.35}",False,
case_015,2,2,5,capls,c1,0,0.112,0.148,True,54662,996524,996524,0,1881138,,,13,177362,,3.24470381617943,"{""block_cap"": 0.15}",False,
case_015,2,2,5,capls,c2,0,0.109,0.254,True,52989,915852,915852,0,1800466,,,10,177362,,3.3471475211836417,"{""block_cap"": 0.35, ""init"": ""rr""}",False,
case_015,2,2,5,capls,c3,0,0.088,0.167,True,61886,773476,773476,0,1658090,,,9,177362,,2.8659470639563067,"{""block_cap"": 0.35, ""init"": ""contig""}",False,
case_015,2,2,5,capls,c4,0,0.093,0.257,True,58751,886668,886668,0,1771282,,,78,177362,,3.0188762744463924,"{""block_cap"": 0.35, ""subgraph_mode"": ""block""}",False,
case_015,2,2,5,capls,c5,0,0.101,0.195,True,68460,915852,915852,0,1800466,,,78,177362,,2.5907391177329826,"{""block_cap"": 0.35, ""init"": ""rr"", ""subgraph_mode"": ""block""}",False,
case_015,2,2,5,capls,c6,0,0.09,0.159,True,60053,886668,886668,0,1771282,,,9,177362,,2.9534244750470418,"{""block_cap"": 0.6, ""comm_weight"": 1e-06}",False,
case_015,2,2,5,capls,c7,0,0.116,0.197,True,47799,1086874,1086874,0,1971488,,,15,177362,,3.710579719240988,"{""block_cap"": 0.08}",False,
case_015,2,2,5,capls,c8,0,0.223,0.335,True,94918,2297728,2297728,0,3182342,,,33,177362,,1.8685813017551993,"{""block_cap"": 0.005}",False,
case_015,2,2,5,capls,c9,0,0.075,0.159,True,60053,886668,886668,0,1771282,,,9,177362,,2.9534244750470418,"{""block_cap"": 0.35, ""max_ops"": 500}",False,
case_015,2,2,5,capls,c10,0,0.073,0.208,True,57062,920656,920656,0,1805270,,,9,177362,,3.1082331499071185,"{""block_cap"": 0.35, ""cores_used"": 4}",False,
case_015,2,2,5,capls,c11,0,0.083,0.306,True,64084,884364,884364,0,1768978,,,9,177362,,2.767648711066725,"{""block_cap"": 0.35, ""sync_weight"": 0.0}",False,
case_015,2,2,5,capls,c12,0,0.109,0.247,True,48521,915852,915852,0,1800466,,,10,177362,,3.6553657179365637,"{""block_cap"": 0.35, ""init"": ""rr"", ""level_mode"": ""alap_fill""}",False,
case_015,2,2,5,capls,c13,0,0.119,0.247,True,48521,915852,915852,0,1800466,,,10,177362,,3.6553657179365637,"{""block_cap"": 0.35, ""init"": ""rr"", ""level_mode"": ""alap_compress""}",False,
case_015,2,2,5,capls,c14,0,0.163,0.193,True,47214,915856,915852,4,1800470,,,1013,177362,,3.7565552590333375,"{""alpha"": 0.8, ""block_cap"": 0.35, ""init"": ""rr"", ""mu"": 1.0, ""nu"": 0.5, ""subgraph_mode"": ""op""}",False,
case_015,2,2,5,capls,c15,0,0.135,0.176,True,48402,1014156,915852,98304,1898770,,,1013,177362,,3.6643527126978226,"{""alpha"": 1.0, ""block_cap"": 0.35, ""init"": ""rr"", ""mu"": 1.0, ""nu"": 0.5, ""subgraph_mode"": ""op""}",False,
case_015,2,2,5,capls,c16,0,0.127,0.184,True,52071,915856,915852,4,1800470,,,1013,177362,,3.4061569779723837,"{""alpha"": 0.8, ""block_cap"": 0.35, ""init"": ""rr"", ""mu"": 0.0, ""nu"": 0.0, ""subgraph_mode"": ""op""}",False,
case_015,2,2,5,capls,c17,0,0.179,0.164,True,43376,892316,892316,0,1776930,,,1013,177362,,4.088943194393213,"{""alpha"": 0.8, ""block_cap"": 0.15, ""init"": ""rr"", ""mu"": 1.0, ""nu"": 0.5, ""subgraph_mode"": ""op""}",True,
case_015,2,2,5,capls,_best,0,0.166,0.164,True,43376,892316,892316,0,1776930,,,1013,177362,,4.088943194393213,"{""alpha"": 0.8, ""block_cap"": 0.15, ""init"": ""rr"", ""mu"": 1.0, ""nu"": 0.5, ""subgraph_mode"": ""op""}",True,results\plans\case_015_p2_n5_capls_best.json
case_015,3,3,5,capls,c0,0,0.059,0.14,True,51062,1234096,1234096,0,2118710,0.39686002766121153,840744,10,177362,,3.4734636324468293,"{""block_cap"": 0.35}",False,
case_015,3,3,5,capls,c1,0,0.101,0.273,True,45117,1494342,1494342,0,2378956,0.49349580979162105,1064202,14,177362,,3.931156770175322,"{""block_cap"": 0.15}",False,
case_015,3,3,5,capls,c2,0,0.076,0.232,True,43912,1201296,1201296,0,2085910,0.5012844571574325,1045532,11,177362,,4.039032610675897,"{""block_cap"": 0.35, ""init"": ""rr""}",False,
case_015,3,3,5,capls,c3,0,0.093,0.203,True,60352,773476,773476,0,1658090,0.4269549335668807,707852,9,177362,,2.9387924178154825,"{""block_cap"": 0.35, ""init"": ""contig""}",False,
case_015,3,3,5,capls,c4,0,0.058,0.31,True,52219,1234096,1234096,0,2118710,0.37366048459043943,791596,78,177362,,3.3965031884946093,"{""block_cap"": 0.35, ""subgraph_mode"": ""block""}",False,
case_015,3,3,5,capls,c5,0,0.112,0.204,True,60197,1201296,1201296,0,2085910,0.3598877310608494,750620,78,177362,,2.9463594531288932,"{""block_cap"": 0.35, ""init"": ""rr"", ""subgraph_mode"": ""block""}",False,
case_015,3,3,5,capls,c6,0,0.06,0.14,True,51062,1234096,1234096,0,2118710,0.39686002766121153,840744,10,177362,,3.4734636324468293,"{""block_cap"": 0.6, ""comm_weight"": 1e-06}",False,
case_015,3,3,5,capls,c7,0,0.118,0.314,True,49144,1438408,1438408,0,2323022,0.443073324155222,950052,19,177362,,3.6090265342666448,"{""block_cap"": 0.08}",False,
case_015,3,3,5,capls,c8,0,0.222,0.244,True,81573,2377604,2369404,8200,3262218,0.27492752993363817,683240,34,177362,,2.174273350250696,"{""block_cap"": 0.005}",False,
case_015,3,3,5,capls,c9,0,0.06,0.14,True,51062,1234096,1234096,0,2118710,0.39686002766121153,840744,10,177362,,3.4734636324468293,"{""block_cap"": 0.35, ""max_ops"": 500}",False,
case_015,3,3,5,capls,c10,0,0.057,0.297,True,55621,1078680,1078680,0,1963294,0.44809447981392564,879648,9,177362,,3.1887596411427337,"{""block_cap"": 0.35, ""cores_used"": 4}",False,
case_015,3,3,5,capls,c11,0,0.054,0.14,True,51062,1234096,1234096,0,2118710,0.39686002766121153,840744,10,177362,,3.4734636324468293,"{""block_cap"": 0.35, ""sync_weight"": 0.0}",False,
case_015,3,3,5,capls,c12,0,0.104,0.203,True,43568,1201296,1201296,0,2085910,0.48164602297735154,1004572,15,177362,,4.070923613661403,"{""block_cap"": 0.35, ""init"": ""rr"", ""level_mode"": ""alap_fill""}",True,
case_015,3,3,5,capls,c13,0,0.111,0.203,True,43568,1201296,1201296,0,2085910,0.48164602297735154,1004572,15,177362,,4.070923613661403,"{""block_cap"": 0.35, ""init"": ""rr"", ""level_mode"": ""alap_compress""}",False,
case_015,3,3,5,capls,c14,0,0.147,0.145,True,47068,1201296,1201296,0,2085910,0.3873815389129628,807964,1013,177362,,3.7682076994985976,"{""alpha"": 0.8, ""block_cap"": 0.35, ""init"": ""rr"", ""mu"": 1.0, ""nu"": 0.5, ""subgraph_mode"": ""op""}",False,
case_015,3,3,5,capls,c15,0,0.117,0.152,True,47717,1332380,1201296,131084,2216994,0.37557919867909234,807964,1013,177362,,3.7169562210532936,"{""alpha"": 1.0, ""block_cap"": 0.35, ""init"": ""rr"", ""mu"": 1.0, ""nu"": 0.5, ""subgraph_mode"": ""op""}",False,
case_015,3,3,5,capls,c16,0,0.142,0.187,True,48466,1201296,1201296,0,2085910,0.4030922862570276,840732,1013,177362,,3.6595138860231917,"{""alpha"": 0.8, ""block_cap"": 0.35, ""init"": ""rr"", ""mu"": 0.0, ""nu"": 0.0, ""subgraph_mode"": ""op""}",False,
case_015,3,3,5,capls,c17,0,0.161,0.19,True,45563,1623148,1623148,0,2507762,0.43871141927749124,1010706,1013,177362,,3.8926760748853235,"{""alpha"": 0.8, ""block_cap"": 0.15, ""init"": ""rr"", ""mu"": 1.0, ""nu"": 0.5, ""subgraph_mode"": ""op""}",False,
case_015,3,3,5,capls,_best,0,0.1,0.203,True,43568,1201296,1201296,0,2085910,0.48164602297735154,1004572,15,177362,,4.070923613661403,"{""block_cap"": 0.35, ""init"": ""rr"", ""level_mode"": ""alap_fill""}",True,results\plans\case_015_p3_n5_capls_best.json
case_020,2,2,4,capls,c0,0,0.231,1.165,True,133704,0,0,0,2359296,,,4,532746,,3.984518039849219,"{""block_cap"": 0.35}",True,
case_020,2,2,4,capls,c1,0,0.198,1.165,True,133704,0,0,0,2359296,,,4,532746,,3.984518039849219,"{""block_cap"": 0.15}",False,
case_020,2,2,4,capls,c2,0,0.196,1.165,True,133704,0,0,0,2359296,,,4,532746,,3.984518039849219,"{""block_cap"": 0.35, ""init"": ""rr""}",False,
case_020,2,2,4,capls,c3,0,0.198,1.066,True,134409,0,0,0,2359296,,,4,532746,,3.963618507689217,"{""block_cap"": 0.35, ""init"": ""contig""}",False,
case_020,2,2,4,capls,c4,0,0.18,1.019,True,133704,0,0,0,2359296,,,288,532746,,3.984518039849219,"{""block_cap"": 0.35, ""subgraph_mode"": ""block""}",False,
case_020,2,2,4,capls,c5,0,0.152,1.019,True,133704,0,0,0,2359296,,,288,532746,,3.984518039849219,"{""block_cap"": 0.35, ""init"": ""rr"", ""subgraph_mode"": ""block""}",False,
case_020,2,2,4,capls,c6,0,0.19,1.165,True,133704,0,0,0,2359296,,,4,532746,,3.984518039849219,"{""block_cap"": 0.6, ""comm_weight"": 1e-06}",False,
case_020,2,2,4,capls,c7,0,0.195,1.165,True,133704,0,0,0,2359296,,,4,532746,,3.984518039849219,"{""block_cap"": 0.08}",False,
case_020,2,2,4,capls,c8,0,0.847,2.107,True,420135,22577152,16121856,6455296,24936448,,,24,532746,,1.2680352743760934,"{""block_cap"": 0.005}",False,
case_020,2,2,4,capls,c9,0,0.286,0.965,True,133704,0,0,0,2359296,,,16,532746,,3.984518039849219,"{""block_cap"": 0.35, ""max_ops"": 500}",False,
case_020,2,2,4,capls,c10,0,0.17,1.039,True,177950,0,0,0,2359296,,,3,532746,,2.993796010115201,"{""block_cap"": 0.35, ""cores_used"": 3}",False,
case_020,2,2,4,capls,c11,0,0.213,1.165,True,133704,0,0,0,2359296,,,4,532746,,3.984518039849219,"{""block_cap"": 0.35, ""sync_weight"": 0.0}",False,
case_020,2,2,4,capls,c12,0,0.234,1.165,True,133704,0,0,0,2359296,,,4,532746,,3.984518039849219,"{""block_cap"": 0.35, ""init"": ""rr"", ""level_mode"": ""alap_fill""}",False,
case_020,2,2,4,capls,c13,0,0.27,1.165,True,133704,0,0,0,2359296,,,4,532746,,3.984518039849219,"{""block_cap"": 0.35, ""init"": ""rr"", ""level_mode"": ""alap_compress""}",False,
case_020,2,2,4,capls,c14,0,0.67,1.178,True,153820,1589248,0,1589248,3948544,,,7008,532746,,3.463437784423352,"{""alpha"": 0.8, ""block_cap"": 0.35, ""init"": ""rr"", ""mu"": 1.0, ""nu"": 0.5, ""subgraph_mode"": ""op""}",False,
case_020,2,2,4,capls,c15,0,0.644,1.304,True,185136,2408448,0,2408448,4767744,,,7008,532746,,2.877592688618097,"{""alpha"": 1.0, ""block_cap"": 0.35, ""init"": ""rr"", ""mu"": 1.0, ""nu"": 0.5, ""subgraph_mode"": ""op""}",False,
case_020,2,2,4,capls,c16,0,0.647,1.193,True,153820,1589248,0,1589248,3948544,,,7008,532746,,3.463437784423352,"{""alpha"": 0.8, ""block_cap"": 0.35, ""init"": ""rr"", ""mu"": 0.0, ""nu"": 0.0, ""subgraph_mode"": ""op""}",False,
case_020,2,2,4,capls,c17,0,0.658,1.178,True,153820,1589248,0,1589248,3948544,,,7008,532746,,3.463437784423352,"{""alpha"": 0.8, ""block_cap"": 0.15, ""init"": ""rr"", ""mu"": 1.0, ""nu"": 0.5, ""subgraph_mode"": ""op""}",False,
case_020,2,2,4,capls,_best,0,0.163,1.165,True,133704,0,0,0,2359296,,,4,532746,,3.984518039849219,"{""block_cap"": 0.35}",True,results\plans\case_020_p2_n4_capls_best.json
case_020,2,2,3,capls,c0,0,0.17,1.083,True,177950,0,0,0,2359296,,,3,532746,,2.993796010115201,"{""block_cap"": 0.35}",True,
case_020,2,2,3,capls,c1,0,0.154,1.083,True,177950,0,0,0,2359296,,,3,532746,,2.993796010115201,"{""block_cap"": 0.15}",False,
case_020,2,2,3,capls,c2,0,0.146,1.083,True,177950,0,0,0,2359296,,,3,532746,,2.993796010115201,"{""block_cap"": 0.35, ""init"": ""rr""}",False,
case_020,2,2,3,capls,c3,0,0.173,1.301,True,179028,0,0,0,2359296,,,3,532746,,2.975769153428514,"{""block_cap"": 0.35, ""init"": ""contig""}",False,
case_020,2,2,3,capls,c4,0,0.158,1.121,True,177950,0,0,0,2359296,,,288,532746,,2.993796010115201,"{""block_cap"": 0.35, ""subgraph_mode"": ""block""}",False,
case_020,2,2,3,capls,c5,0,0.119,1.121,True,177950,0,0,0,2359296,,,288,532746,,2.993796010115201,"{""block_cap"": 0.35, ""init"": ""rr"", ""subgraph_mode"": ""block""}",False,
case_020,2,2,3,capls,c6,0,0.131,1.083,True,177950,0,0,0,2359296,,,3,532746,,2.993796010115201,"{""block_cap"": 0.6, ""comm_weight"": 1e-06}",False,
case_020,2,2,3,capls,c7,0,0.153,1.083,True,177950,0,0,0,2359296,,,3,532746,,2.993796010115201,"{""block_cap"": 0.08}",False,
case_020,2,2,3,capls,c8,0,0.661,4.591,True,428769,21106688,13082624,8024064,23465984,,,16,532746,,1.242501206943599,"{""block_cap"": 0.005}",False,
case_020,2,2,3,capls,c9,0,0.17,2.38,True,177950,0,0,0,2359296,,,15,532746,,2.993796010115201,"{""block_cap"": 0.35, ""max_ops"": 500}",False,
case_020,2,2,3,capls,c10,0,0.127,2.516,True,266580,0,0,0,2359296,,,2,532746,,1.9984469952734638,"{""block_cap"": 0.35, ""cores_used"": 2}",False,
case_020,2,2,3,capls,c11,0,0.171,1.083,True,177950,0,0,0,2359296,,,3,532746,,2.993796010115201,"{""block_cap"": 0.35, ""sync_weight"": 0.0}",False,
case_020,2,2,3,capls,c12,0,0.196,1.083,True,177950,0,0,0,2359296,,,3,532746,,2.993796010115201,"{""block_cap"": 0.35, ""init"": ""rr"", ""level_mode"": ""alap_fill""}",False,
case_020,2,2,3,capls,c13,0,0.184,1.083,True,177950,0,0,0,2359296,,,3,532746,,2.993796010115201,"{""block_cap"": 0.35, ""init"": ""rr"", ""level_mode"": ""alap_compress""}",False,
case_020,2,2,3,capls,c14,0,0.696,1.266,True,322036,9474048,0,9474048,11833344,,,7008,532746,,1.6543057297941846,"{""alpha"": 0.8, ""block_cap"": 0.35, ""init"": ""rr"", ""mu"": 1.0, ""nu"": 0.5, ""subgraph_mode"": ""op""}",False,
case_020,2,2,3,capls,c15,0,0.631,1.195,True,337372,9965568,0,9965568,12324864,,,7008,532746,,1.5791055570705335,"{""alpha"": 1.0, ""block_cap"": 0.35, ""init"": ""rr"", ""mu"": 1.0, ""nu"": 0.5, ""subgraph_mode"": ""op""}",False,
case_020,2,2,3,capls,c16,0,0.677,1.315,True,322036,9474048,0,9474048,11833344,,,7008,532746,,1.6543057297941846,"{""alpha"": 0.8, ""block_cap"": 0.35, ""init"": ""rr"", ""mu"": 0.0, ""nu"": 0.0, ""subgraph_mode"": ""op""}",False,
case_020,2,2,3,capls,c17,0,0.728,1.266,True,322036,9474048,0,9474048,11833344,,,7008,532746,,1.6543057297941846,"{""alpha"": 0.8, ""block_cap"": 0.15, ""init"": ""rr"", ""mu"": 1.0, ""nu"": 0.5, ""subgraph_mode"": ""op""}",False,
case_020,2,2,3,capls,_best,0,0.122,1.083,True,177950,0,0,0,2359296,,,3,532746,,2.993796010115201,"{""block_cap"": 0.35}",True,results\plans\case_020_p2_n3_capls_best.json
case_020,2,2,2,capls,c0,0,0.092,1.336,True,266580,0,0,0,2359296,,,2,532746,,1.9984469952734638,"{""block_cap"": 0.35}",True,
case_020,2,2,2,capls,c1,0,0.122,1.336,True,266580,0,0,0,2359296,,,2,532746,,1.9984469952734638,"{""block_cap"": 0.15}",False,
case_020,2,2,2,capls,c2,0,0.122,1.336,True,266580,0,0,0,2359296,,,2,532746,,1.9984469952734638,"{""block_cap"": 0.35, ""init"": ""rr""}",False,
case_020,2,2,2,capls,c3,0,0.107,1.318,True,266580,0,0,0,2359296,,,2,532746,,1.9984469952734638,"{""block_cap"": 0.35, ""init"": ""contig""}",False,
case_020,2,2,2,capls,c4,0,0.1,1.07,True,266580,0,0,0,2359296,,,288,532746,,1.9984469952734638,"{""block_cap"": 0.35, ""subgraph_mode"": ""block""}",False,
case_020,2,2,2,capls,c5,0,0.095,1.07,True,266580,0,0,0,2359296,,,288,532746,,1.9984469952734638,"{""block_cap"": 0.35, ""init"": ""rr"", ""subgraph_mode"": ""block""}",False,
case_020,2,2,2,capls,c6,0,0.119,1.336,True,266580,0,0,0,2359296,,,2,532746,,1.9984469952734638,"{""block_cap"": 0.6, ""comm_weight"": 1e-06}",False,
case_020,2,2,2,capls,c7,0,0.085,1.336,True,266580,0,0,0,2359296,,,2,532746,,1.9984469952734638,"{""block_cap"": 0.08}",False,
case_020,2,2,2,capls,c8,0,0.168,5.081,True,381625,17268736,9043968,8224768,19628032,,,10,532746,,1.395993449066492,"{""block_cap"": 0.005}",False,
case_020,2,2,2,capls,c9,0,0.089,3.754,True,266580,0,0,0,2359296,,,16,532746,,1.9984469952734638,"{""block_cap"": 0.35, ""max_ops"": 500}",False,
case_020,2,2,2,capls,c10,0,0.047,3.616,True,532746,0,0,0,2359296,,,1,532746,,1.0,"{""block_cap"": 0.35, ""cores_used"": 1}",False,
case_020,2,2,2,capls,c11,0,0.086,1.336,True,266580,0,0,0,2359296,,,2,532746,,1.9984469952734638,"{""block_cap"": 0.35, ""sync_weight"": 0.0}",False,
case_020,2,2,2,capls,c12,0,0.134,1.336,True,266580,0,0,0,2359296,,,2,532746,,1.9984469952734638,"{""block_cap"": 0.35, ""init"": ""rr"", ""level_mode"": ""alap_fill""}",False,
case_020,2,2,2,capls,c13,0,0.136,1.336,True,266580,0,0,0,2359296,,,2,532746,,1.9984469952734638,"{""block_cap"": 0.35, ""init"": ""rr"", ""level_mode"": ""alap_compress""}",False,
case_020,2,2,2,capls,c14,0,0.652,2.091,True,682370,26664960,0,26664960,29024256,,,7008,532746,,0.7807289300526108,"{""alpha"": 0.8, ""block_cap"": 0.35, ""init"": ""rr"", ""mu"": 1.0, ""nu"": 0.5, ""subgraph_mode"": ""op""}",False,
case_020,2,2,2,capls,c15,0,0.654,1.879,True,688228,26861568,0,26861568,29220864,,,7008,532746,,0.7740835885782037,"{""alpha"": 1.0, ""block_cap"": 0.35, ""init"": ""rr"", ""mu"": 1.0, ""nu"": 0.5, ""subgraph_mode"": ""op""}",False,
case_020,2,2,2,capls,c16,0,0.602,1.907,True,682370,26664960,0,26664960,29024256,,,7008,532746,,0.7807289300526108,"{""alpha"": 0.8, ""block_cap"": 0.35, ""init"": ""rr"", ""mu"": 0.0, ""nu"": 0.0, ""subgraph_mode"": ""op""}",False,
case_020,2,2,2,capls,c17,0,0.592,2.091,True,682370,26664960,0,26664960,29024256,,,7008,532746,,0.7807289300526108,"{""alpha"": 0.8, ""block_cap"": 0.15, ""init"": ""rr"", ""mu"": 1.0, ""nu"": 0.5, ""subgraph_mode"": ""op""}",False,
case_020,2,2,2,capls,_best,0,0.114,1.336,True,266580,0,0,0,2359296,,,2,532746,,1.9984469952734638,"{""block_cap"": 0.35}",True,results\plans\case_020_p2_n2_capls_best.json
case_020,3,3,3,capls,c0,0,0.13,1.269,True,177950,0,0,0,2359296,0.0,0,3,532746,,2.993796010115201,"{""block_cap"": 0.35}",True,
case_020,3,3,3,capls,c1,0,0.149,1.269,True,177950,0,0,0,2359296,0.0,0,3,532746,,2.993796010115201,"{""block_cap"": 0.15}",False,
case_020,3,3,3,capls,c2,0,0.131,1.269,True,177950,0,0,0,2359296,0.0,0,3,532746,,2.993796010115201,"{""block_cap"": 0.35, ""init"": ""rr""}",False,
case_020,3,3,3,capls,c3,0,0.154,1.309,True,179028,0,0,0,2359296,0.0,0,3,532746,,2.975769153428514,"{""block_cap"": 0.35, ""init"": ""contig""}",False,
case_020,3,3,3,capls,c4,0,0.159,1.187,True,177950,0,0,0,2359296,0.0,0,288,532746,,2.993796010115201,"{""block_cap"": 0.35, ""subgraph_mode"": ""block""}",False,
case_020,3,3,3,capls,c5,0,0.149,1.187,True,177950,0,0,0,2359296,0.0,0,288,532746,,2.993796010115201,"{""block_cap"": 0.35, ""init"": ""rr"", ""subgraph_mode"": ""block""}",False,
case_020,3,3,3,capls,c6,0,0.165,1.269,True,177950,0,0,0,2359296,0.0,0,3,532746,,2.993796010115201,"{""block_cap"": 0.6, ""comm_weight"": 1e-06}",False,
case_020,3,3,3,capls,c7,0,0.198,1.269,True,177950,0,0,0,2359296,0.0,0,3,532746,,2.993796010115201,"{""block_cap"": 0.08}",False,
case_020,3,3,3,capls,c8,0,0.745,5.936,True,394268,20656128,13344768,7311360,23015424,0.12005943536404161,1654784,16,532746,,1.3512280986537075,"{""block_cap"": 0.005}",False,
case_020,3,3,3,capls,c9,0,0.165,2.542,True,177950,0,0,0,2359296,0.0,0,15,532746,,2.993796010115201,"{""block_cap"": 0.35, ""max_ops"": 500}",False,
case_020,3,3,3,capls,c10,0,0.087,3.892,True,266580,0,0,0,2359296,0.0,0,2,532746,,1.9984469952734638,"{""block_cap"": 0.35, ""cores_used"": 2}",False,
case_020,3,3,3,capls,c11,0,0.188,1.269,True,177950,0,0,0,2359296,0.0,0,3,532746,,2.993796010115201,"{""block_cap"": 0.35, ""sync_weight"": 0.0}",False,
case_020,3,3,3,capls,c12,0,0.176,1.269,True,177950,0,0,0,2359296,0.0,0,3,532746,,2.993796010115201,"{""block_cap"": 0.35, ""init"": ""rr"", ""level_mode"": ""alap_fill""}",False,
case_020,3,3,3,capls,c13,0,0.195,1.269,True,177950,0,0,0,2359296,0.0,0,3,532746,,2.993796010115201,"{""block_cap"": 0.35, ""init"": ""rr"", ""level_mode"": ""alap_compress""}",False,
case_020,3,3,3,capls,c14,0,0.585,1.292,True,298803,9474048,0,9474048,11833344,0.2017857142857143,1388544,7008,532746,,1.7829339062860814,"{""alpha"": 0.8, ""block_cap"": 0.35, ""init"": ""rr"", ""mu"": 1.0, ""nu"": 0.5, ""subgraph_mode"": ""op""}",False,
case_020,3,3,3,capls,c15,0,0.588,1.228,True,302417,9965568,0,9965568,12324864,0.20402298850574713,1454080,7008,532746,,1.761627157203464,"{""alpha"": 1.0, ""block_cap"": 0.35, ""init"": ""rr"", ""mu"": 1.0, ""nu"": 0.5, ""subgraph_mode"": ""op""}",False,
case_020,3,3,3,capls,c16,0,0.685,1.257,True,298803,9474048,0,9474048,11833344,0.2017857142857143,1388544,7008,532746,,1.7829339062860814,"{""alpha"": 0.8, ""block_cap"": 0.35, ""init"": ""rr"", ""mu"": 0.0, ""nu"": 0.0, ""subgraph_mode"": ""op""}",False,
case_020,3,3,3,capls,c17,0,0.6,1.292,True,298803,9474048,0,9474048,11833344,0.2017857142857143,1388544,7008,532746,,1.7829339062860814,"{""alpha"": 0.8, ""block_cap"": 0.15, ""init"": ""rr"", ""mu"": 1.0, ""nu"": 0.5, ""subgraph_mode"": ""op""}",False,
case_020,3,3,3,capls,_best,0,0.165,1.269,True,177950,0,0,0,2359296,0.0,0,3,532746,,2.993796010115201,"{""block_cap"": 0.35}",True,results\plans\case_020_p3_n3_capls_best.json
case_020,3,3,4,capls,c0,0,0.195,1.218,True,133704,0,0,0,2359296,0.0,0,4,532746,,3.984518039849219,"{""block_cap"": 0.35}",True,
case_020,3,3,4,capls,c1,0,0.202,1.218,True,133704,0,0,0,2359296,0.0,0,4,532746,,3.984518039849219,"{""block_cap"": 0.15}",False,
case_020,3,3,4,capls,c2,0,0.221,1.218,True,133704,0,0,0,2359296,0.0,0,4,532746,,3.984518039849219,"{""block_cap"": 0.35, ""init"": ""rr""}",False,
case_020,3,3,4,capls,c3,0,0.205,1.187,True,134409,0,0,0,2359296,0.0,0,4,532746,,3.963618507689217,"{""block_cap"": 0.35, ""init"": ""contig""}",False,
case_020,3,3,4,capls,c4,0,0.226,1.03,True,133704,0,0,0,2359296,0.0,0,288,532746,,3.984518039849219,"{""block_cap"": 0.35, ""subgraph_mode"": ""block""}",False,
case_020,3,3,4,capls,c5,0,0.245,1.03,True,133704,0,0,0,2359296,0.0,0,288,532746,,3.984518039849219,"{""block_cap"": 0.35, ""init"": ""rr"", ""subgraph_mode"": ""block""}",False,
case_020,3,3,4,capls,c6,0,0.246,1.218,True,133704,0,0,0,2359296,0.0,0,4,532746,,3.984518039849219,"{""block_cap"": 0.6, ""comm_weight"": 1e-06}",False,
case_020,3,3,4,capls,c7,0,0.24,1.218,True,133704,0,0,0,2359296,0.0,0,4,532746,,3.984518039849219,"{""block_cap"": 0.08}",False,
case_020,3,3,4,capls,c8,0,0.746,2.25,True,400583,22863872,16711680,6152192,25223168,0.10190217391304347,1536000,24,532746,,1.3299266319339562,"{""block_cap"": 0.005}",False,
case_020,3,3,4,capls,c9,0,0.245,1.063,True,133704,0,0,0,2359296,0.0,0,16,532746,,3.984518039849219,"{""block_cap"": 0.35, ""max_ops"": 500}",False,
case_020,3,3,4,capls,c10,0,0.17,1.063,True,177950,0,0,0,2359296,0.0,0,3,532746,,2.993796010115201,"{""block_cap"": 0.35, ""cores_used"": 3}",False,
case_020,3,3,4,capls,c11,0,0.201,1.218,True,133704,0,0,0,2359296,0.0,0,4,532746,,3.984518039849219,"{""block_cap"": 0.35, ""sync_weight"": 0.0}",False,
case_020,3,3,4,capls,c12,0,0.213,1.218,True,133704,0,0,0,2359296,0.0,0,4,532746,,3.984518039849219,"{""block_cap"": 0.35, ""init"": ""rr"", ""level_mode"": ""alap_fill""}",False,
case_020,3,3,4,capls,c13,0,0.239,1.218,True,133704,0,0,0,2359296,0.0,0,4,532746,,3.984518039849219,"{""block_cap"": 0.35, ""init"": ""rr"", ""level_mode"": ""alap_compress""}",False,
case_020,3,3,4,capls,c14,0,0.686,0.938,True,153168,1589248,0,1589248,3948544,0.02459016393442623,49152,7008,532746,,3.478180821059229,"{""alpha"": 0.8, ""block_cap"": 0.35, ""init"": ""rr"", ""mu"": 1.0, ""nu"": 0.5, ""subgraph_mode"": ""op""}",False,
case_020,3,3,4,capls,c15,0,0.76,0.958,True,183628,2408448,0,2408448,4767744,0.05333333333333334,131072,7008,532746,,2.9012242141721307,"{""alpha"": 1.0, ""block_cap"": 0.35, ""init"": ""rr"", ""mu"": 1.0, ""nu"": 0.5, ""subgraph_mode"": ""op""}",False,
case_020,3,3,4,capls,c16,0,0.677,0.876,True,153168,1589248,0,1589248,3948544,0.02459016393442623,49152,7008,532746,,3.478180821059229,"{""alpha"": 0.8, ""block_cap"": 0.35, ""init"": ""rr"", ""mu"": 0.0, ""nu"": 0.0, ""subgraph_mode"": ""op""}",False,
case_020,3,3,4,capls,c17,0,0.684,0.938,True,153168,1589248,0,1589248,3948544,0.02459016393442623,49152,7008,532746,,3.478180821059229,"{""alpha"": 0.8, ""block_cap"": 0.15, ""init"": ""rr"", ""mu"": 1.0, ""nu"": 0.5, ""subgraph_mode"": ""op""}",False,
case_020,3,3,4,capls,_best,0,0.21,1.218,True,133704,0,0,0,2359296,0.0,0,4,532746,,3.984518039849219,"{""block_cap"": 0.35}",True,results\plans\case_020_p3_n4_capls_best.json
case_020,3,3,2,capls,c0,0,0.094,1.304,True,266580,0,0,0,2359296,0.0,0,2,532746,,1.9984469952734638,"{""block_cap"": 0.35}",True,
case_020,3,3,2,capls,c1,0,0.085,1.304,True,266580,0,0,0,2359296,0.0,0,2,532746,,1.9984469952734638,"{""block_cap"": 0.15}",False,
case_020,3,3,2,capls,c2,0,0.112,1.304,True,266580,0,0,0,2359296,0.0,0,2,532746,,1.9984469952734638,"{""block_cap"": 0.35, ""init"": ""rr""}",False,
case_020,3,3,2,capls,c3,0,0.128,1.347,True,266580,0,0,0,2359296,0.0,0,2,532746,,1.9984469952734638,"{""block_cap"": 0.35, ""init"": ""contig""}",False,
case_020,3,3,2,capls,c4,0,0.084,1.061,True,266580,0,0,0,2359296,0.0,0,288,532746,,1.9984469952734638,"{""block_cap"": 0.35, ""subgraph_mode"": ""block""}",False,
case_020,3,3,2,capls,c5,0,0.089,1.061,True,266580,0,0,0,2359296,0.0,0,288,532746,,1.9984469952734638,"{""block_cap"": 0.35, ""init"": ""rr"", ""subgraph_mode"": ""block""}",False,
case_020,3,3,2,capls,c6,0,0.126,1.304,True,266580,0,0,0,2359296,0.0,0,2,532746,,1.9984469952734638,"{""block_cap"": 0.6, ""comm_weight"": 1e-06}",False,
case_020,3,3,2,capls,c7,0,0.144,1.304,True,266580,0,0,0,2359296,0.0,0,2,532746,,1.9984469952734638,"{""block_cap"": 0.08}",False,
case_020,3,3,2,capls,c8,0,0.245,5.814,True,377950,17268736,9043968,8224768,19628032,0.08113804004214963,946176,10,532746,,1.4095674030956475,"{""block_cap"": 0.005}",False,
case_020,3,3,2,capls,c9,0,0.096,3.215,True,266580,0,0,0,2359296,0.0,0,16,532746,,1.9984469952734638,"{""block_cap"": 0.35, ""max_ops"": 500}",False,
case_020,3,3,2,capls,c10,0,0.054,3.535,True,532746,0,0,0,2359296,0.0,0,1,532746,,1.0,"{""block_cap"": 0.35, ""cores_used"": 1}",False,
case_020,3,3,2,capls,c11,0,0.111,1.304,True,266580,0,0,0,2359296,0.0,0,2,532746,,1.9984469952734638,"{""block_cap"": 0.35, ""sync_weight"": 0.0}",False,
case_020,3,3,2,capls,c12,0,0.125,1.304,True,266580,0,0,0,2359296,0.0,0,2,532746,,1.9984469952734638,"{""block_cap"": 0.35, ""init"": ""rr"", ""level_mode"": ""alap_fill""}",False,
case_020,3,3,2,capls,c13,0,0.135,1.304,True,266580,0,0,0,2359296,0.0,0,2,532746,,1.9984469952734638,"{""block_cap"": 0.35, ""init"": ""rr"", ""level_mode"": ""alap_compress""}",False,
case_020,3,3,2,capls,c14,0,0.702,1.821,True,675576,26664960,0,26664960,29024256,0.025980392156862746,434176,7008,532746,,0.7885804113822871,"{""alpha"": 0.8, ""block_cap"": 0.35, ""init"": ""rr"", ""mu"": 1.0, ""nu"": 0.5, ""subgraph_mode"": ""op""}",False,
case_020,3,3,2,capls,c15,0,0.602,1.845,True,681268,26861568,0,26861568,29220864,0.027764247442766683,466944,7008,532746,,0.7819918152621289,"{""alpha"": 1.0, ""block_cap"": 0.35, ""init"": ""rr"", ""mu"": 1.0, ""nu"": 0.5, ""subgraph_mode"": ""op""}",False,
case_020,3,3,2,capls,c16,0,0.673,1.933,True,675576,26664960,0,26664960,29024256,0.025980392156862746,434176,7008,532746,,0.7885804113822871,"{""alpha"": 0.8, ""block_cap"": 0.35, ""init"": ""rr"", ""mu"": 0.0, ""nu"": 0.0, ""subgraph_mode"": ""op""}",False,
case_020,3,3,2,capls,c17,0,0.679,1.821,True,675576,26664960,0,26664960,29024256,0.025980392156862746,434176,7008,532746,,0.7885804113822871,"{""alpha"": 0.8, ""block_cap"": 0.15, ""init"": ""rr"", ""mu"": 1.0, ""nu"": 0.5, ""subgraph_mode"": ""op""}",False,
case_020,3,3,2,capls,_best,0,0.085,1.304,True,266580,0,0,0,2359296,0.0,0,2,532746,,1.9984469952734638,"{""block_cap"": 0.35}",True,results\plans\case_020_p3_n2_capls_best.json
case_020,2,2,5,capls,c0,0,0.248,1.158,True,107650,0,0,0,2359296,,,5,532746,,4.948871342313051,"{""block_cap"": 0.35}",False,
case_020,2,2,5,capls,c1,0,0.255,1.158,True,107650,0,0,0,2359296,,,5,532746,,4.948871342313051,"{""block_cap"": 0.15}",False,
case_020,2,2,5,capls,c2,0,0.452,1.09,True,107719,0,0,0,2359296,,,5,532746,,4.945701315459668,"{""block_cap"": 0.35, ""init"": ""rr""}",False,
case_020,2,2,5,capls,c3,0,0.406,1.124,True,107574,0,0,0,2359296,,,5,532746,,4.9523676724859165,"{""block_cap"": 0.35, ""init"": ""contig""}",True,
case_020,2,2,5,capls,c4,0,0.256,1.143,True,107650,0,0,0,2359296,,,288,532746,,4.948871342313051,"{""block_cap"": 0.35, ""subgraph_mode"": ""block""}",False,
case_020,2,2,5,capls,c5,0,0.564,1.114,True,107719,0,0,0,2359296,,,288,532746,,4.945701315459668,"{""block_cap"": 0.35, ""init"": ""rr"", ""subgraph_mode"": ""block""}",False,
case_020,2,2,5,capls,c6,0,0.304,1.158,True,107650,0,0,0,2359296,,,5,532746,,4.948871342313051,"{""block_cap"": 0.6, ""comm_weight"": 1e-06}",False,
case_020,2,2,5,capls,c7,0,0.293,1.158,True,107650,0,0,0,2359296,,,5,532746,,4.948871342313051,"{""block_cap"": 0.08}",False,
case_020,2,2,5,capls,c8,0,1.037,7.179,True,498194,27209728,22499328,4710400,29569024,,,30,532746,,1.0693545084846465,"{""block_cap"": 0.005}",False,
case_020,2,2,5,capls,c9,0,0.259,2.431,True,107650,0,0,0,2359296,,,15,532746,,4.948871342313051,"{""block_cap"": 0.35, ""max_ops"": 500}",False,
case_020,2,2,5,capls,c10,0,0.24,2.397,True,133704,0,0,0,2359296,,,4,532746,,3.984518039849219,"{""block_cap"": 0.35, ""cores_used"": 4}",False,
case_020,2,2,5,capls,c11,0,0.238,1.158,True,107650,0,0,0,2359296,,,5,532746,,4.948871342313051,"{""block_cap"": 0.35, ""sync_weight"": 0.0}",False,
case_020,2,2,5,capls,c12,0,0.534,1.09,True,107719,0,0,0,2359296,,,5,532746,,4.945701315459668,"{""block_cap"": 0.35, ""init"": ""rr"", ""level_mode"": ""alap_fill""}",False,
case_020,2,2,5,capls,c13,0,0.491,1.09,True,107719,0,0,0,2359296,,,5,532746,,4.945701315459668,"{""block_cap"": 0.35, ""init"": ""rr"", ""level_mode"": ""alap_compress""}",False,
case_020,2,2,5,capls,c14,0,0.897,0.826,True,111680,0,0,0,2359296,,,7008,532746,,4.77029011461318,"{""alpha"": 0.8, ""block_cap"": 0.35, ""init"": ""rr"", ""mu"": 1.0, ""nu"": 0.5, ""subgraph_mode"": ""op""}",False,
case_020,2,2,5,capls,c15,0,0.862,1.006,True,122138,663552,0,663552,3022848,,,7008,532746,,4.361836611046521,"{""alpha"": 1.0, ""block_cap"": 0.35, ""init"": ""rr"", ""mu"": 1.0, ""nu"": 0.5, ""subgraph_mode"": ""op""}",False,
case_020,2,2,5,capls,c16,0,0.912,0.916,True,111680,0,0,0,2359296,,,7008,532746,,4.77029011461318,"{""alpha"": 0.8, ""block_cap"": 0.35, ""init"": ""rr"", ""mu"": 0.0, ""nu"": 0.0, ""subgraph_mode"": ""op""}",False,
case_020,2,2,5,capls,c17,0,0.923,0.826,True,111680,0,0,0,2359296,,,7008,532746,,4.77029011461318,"{""alpha"": 0.8, ""block_cap"": 0.15, ""init"": ""rr"", ""mu"": 1.0, ""nu"": 0.5, ""subgraph_mode"": ""op""}",False,
case_020,2,2,5,capls,_best,0,0.457,1.124,True,107574,0,0,0,2359296,,,5,532746,,4.9523676724859165,"{""block_cap"": 0.35, ""init"": ""contig""}",True,results\plans\case_020_p2_n5_capls_best.json
case_020,3,3,5,capls,c0,0,0.202,1.089,True,107650,0,0,0,2359296,0.0,0,5,532746,,4.948871342313051,"{""block_cap"": 0.35}",False,
case_020,3,3,5,capls,c1,0,0.262,1.089,True,107650,0,0,0,2359296,0.0,0,5,532746,,4.948871342313051,"{""block_cap"": 0.15}",False,
case_020,3,3,5,capls,c2,0,0.502,1.093,True,107719,0,0,0,2359296,0.0,0,5,532746,,4.945701315459668,"{""block_cap"": 0.35, ""init"": ""rr""}",False,
case_020,3,3,5,capls,c3,0,0.537,1.234,True,107574,0,0,0,2359296,0.0,0,5,532746,,4.9523676724859165,"{""block_cap"": 0.35, ""init"": ""contig""}",True,
case_020,3,3,5,capls,c4,0,0.28,1.021,True,107650,0,0,0,2359296,0.0,0,288,532746,,4.948871342313051,"{""block_cap"": 0.35, ""subgraph_mode"": ""block""}",False,
case_020,3,3,5,capls,c5,0,0.504,1.232,True,107719,0,0,0,2359296,0.0,0,288,532746,,4.945701315459668,"{""block_cap"": 0.35, ""init"": ""rr"", ""subgraph_mode"": ""block""}",False,
case_020,3,3,5,capls,c6,0,0.236,1.089,True,107650,0,0,0,2359296,0.0,0,5,532746,,4.948871342313051,"{""block_cap"": 0.6, ""comm_weight"": 1e-06}",False,
case_020,3,3,5,capls,c7,0,0.284,1.089,True,107650,0,0,0,2359296,0.0,0,5,532746,,4.948871342313051,"{""block_cap"": 0.08}",False,
case_020,3,3,5,capls,c8,0,0.955,7.0,True,461504,27267072,22843392,4423680,29626368,0.12773892773892773,2244608,30,532746,,1.1543691928997366,"{""block_cap"": 0.005}",False,
case_020,3,3,5,capls,c9,0,0.255,2.7,True,107650,0,0,0,2359296,0.0,0,15,532746,,4.948871342313051,"{""block_cap"": 0.35, ""max_ops"": 500}",False,
case_020,3,3,5,capls,c10,0,0.232,3.113,True,133704,0,0,0,2359296,0.0,0,4,532746,,3.984518039849219,"{""block_cap"": 0.35, ""cores_used"": 4}",False,
case_020,3,3,5,capls,c11,0,0.226,1.089,True,107650,0,0,0,2359296,0.0,0,5,532746,,4.948871342313051,"{""block_cap"": 0.35, ""sync_weight"": 0.0}",False,
case_020,3,3,5,capls,c12,0,0.477,1.093,True,107719,0,0,0,2359296,0.0,0,5,532746,,4.945701315459668,"{""block_cap"": 0.35, ""init"": ""rr"", ""level_mode"": ""alap_fill""}",False,
case_020,3,3,5,capls,c13,0,0.523,1.093,True,107719,0,0,0,2359296,0.0,0,5,532746,,4.945701315459668,"{""block_cap"": 0.35, ""init"": ""rr"", ""level_mode"": ""alap_compress""}",False,
case_020,3,3,5,capls,c14,0,0.904,0.878,True,111680,0,0,0,2359296,0.0,0,7008,532746,,4.77029011461318,"{""alpha"": 0.8, ""block_cap"": 0.35, ""init"": ""rr"", ""mu"": 1.0, ""nu"": 0.5, ""subgraph_mode"": ""op""}",False,
case_020,3,3,5,capls,c15,0,0.929,0.932,True,120828,663552,0,663552,3022848,0.0979381443298969,155648,7008,532746,,4.40912702353759,"{""alpha"": 1.0, ""block_cap"": 0.35, ""init"": ""rr"", ""mu"": 1.0, ""nu"": 0.5, ""subgraph_mode"": ""op""}",False,
case_020,3,3,5,capls,c16,0,0.838,0.84,True,111680,0,0,0,2359296,0.0,0,7008,532746,,4.77029011461318,"{""alpha"": 0.8, ""block_cap"": 0.35, ""init"": ""rr"", ""mu"": 0.0, ""nu"": 0.0, ""subgraph_mode"": ""op""}",False,
case_020,3,3,5,capls,c17,0,0.935,0.878,True,111680,0,0,0,2359296,0.0,0,7008,532746,,4.77029011461318,"{""alpha"": 0.8, ""block_cap"": 0.15, ""init"": ""rr"", ""mu"": 1.0, ""nu"": 0.5, ""subgraph_mode"": ""op""}",False,
case_020,3,3,5,capls,_best,0,0.542,1.234,True,107574,0,0,0,2359296,0.0,0,5,532746,,4.9523676724859165,"{""block_cap"": 0.35, ""init"": ""contig""}",True,results\plans\case_020_p3_n5_capls_best.json
case_021,2,2,2,capls,c0,0,0.125,1.167,True,3268622,4702208,819200,3883008,8040448,,,2,6567937,,2.0093901956237215,"{""block_cap"": 0.35}",False,
case_021,2,2,2,capls,c1,0,0.091,0.984,True,3194570,3174400,1536000,1638400,6512640,,,2,6567937,,2.0559690349561914,"{""block_cap"": 0.15}",True,
case_021,2,2,2,capls,c2,0,0.066,1.167,True,3268622,4702208,819200,3883008,8040448,,,2,6567937,,2.0093901956237215,"{""block_cap"": 0.35, ""init"": ""rr""}",False,
case_021,2,2,2,capls,c3,0,0.086,1.079,True,3268622,4702208,819200,3883008,8040448,,,2,6567937,,2.0093901956237215,"{""block_cap"": 0.35, ""init"": ""contig""}",False,
case_021,2,2,2,capls,c4,0,0.083,1.291,True,3268622,4702208,819200,3883008,8040448,,,10,6567937,,2.0093901956237215,"{""block_cap"": 0.35, ""subgraph_mode"": ""block""}",False,
case_021,2,2,2,capls,c5,0,0.066,1.291,True,3268622,4702208,819200,3883008,8040448,,,10,6567937,,2.0093901956237215,"{""block_cap"": 0.35, ""init"": ""rr"", ""subgraph_mode"": ""block""}",False,
case_021,2,2,2,capls,c6,0,0.078,1.167,True,3268622,4702208,819200,3883008,8040448,,,2,6567937,,2.0093901956237215,"{""block_cap"": 0.6, ""comm_weight"": 1e-06}",False,
case_021,2,2,2,capls,c7,0,0.086,0.984,True,3194570,3174400,1536000,1638400,6512640,,,2,6567937,,2.0559690349561914,"{""block_cap"": 0.08}",False,
case_021,2,2,2,capls,c8,0,0.138,0.967,True,3242980,12423168,6696960,5726208,15761408,,,4,6567937,,2.025278293421483,"{""block_cap"": 0.005}",False,
case_021,2,2,2,capls,c9,0,0.083,0.969,True,3269432,4702208,819200,3883008,8040448,,,8,6567937,,2.0088923702955133,"{""block_cap"": 0.35, ""max_ops"": 500}",False,
case_021,2,2,2,capls,c10,0,0.045,1.35,True,6567937,4501504,0,4501504,7839744,,,1,6567937,,1.0,"{""block_cap"": 0.35, ""cores_used"": 1}",False,
case_021,2,2,2,capls,c11,0,0.062,1.167,True,3268622,4702208,819200,3883008,8040448,,,2,6567937,,2.0093901956237215,"{""block_cap"": 0.35, ""sync_weight"": 0.0}",False,
case_021,2,2,2,capls,c12,0,0.089,1.167,True,3268622,4702208,819200,3883008,8040448,,,2,6567937,,2.0093901956237215,"{""block_cap"": 0.35, ""init"": ""rr"", ""level_mode"": ""alap_fill""}",False,
case_021,2,2,2,capls,c13,0,0.077,1.167,True,3268622,4702208,819200,3883008,8040448,,,2,6567937,,2.0093901956237215,"{""block_cap"": 0.35, ""init"": ""rr"", ""level_mode"": ""alap_compress""}",False,
case_021,2,2,2,capls,c14,0,0.439,1.431,True,4300156,78262272,819200,77443072,81600512,,,3920,6567937,,1.5273717976743169,"{""alpha"": 0.8, ""block_cap"": 0.35, ""init"": ""rr"", ""mu"": 1.0, ""nu"": 0.5, ""subgraph_mode"": ""op""}",False,
case_021,2,2,2,capls,c15,0,0.434,1.195,True,4303030,78262272,819200,77443072,81600512,,,3920,6567937,,1.526351663827582,"{""alpha"": 1.0, ""block_cap"": 0.35, ""init"": ""rr"", ""mu"": 1.0, ""nu"": 0.5, ""subgraph_mode"": ""op""}",False,
case_021,2,2,2,capls,c16,0,0.433,1.328,True,4297716,78262272,819200,77443072,81600512,,,3920,6567937,,1.5282389529694378,"{""alpha"": 0.8, ""block_cap"": 0.35, ""init"": ""rr"", ""mu"": 0.0, ""nu"": 0.0, ""subgraph_mode"": ""op""}",False,
case_021,2,2,2,capls,c17,0,0.454,1.336,True,4308690,78553088,1536000,77017088,81891328,,,3920,6567937,,1.5243466111509532,"{""alpha"": 0.8, ""block_cap"": 0.15, ""init"": ""rr"", ""mu"": 1.0, ""nu"": 0.5, ""subgraph_mode"": ""op""}",False,
case_021,2,2,2,capls,_best,0,0.077,0.984,True,3194570,3174400,1536000,1638400,6512640,,,2,6567937,,2.0559690349561914,"{""block_cap"": 0.15}",True,results\plans\case_021_p2_n2_capls_best.json
case_021,2,2,4,capls,c0,0,0.2,0.875,True,1550324,4608000,4608000,0,7946240,,,4,6567937,,4.236493145948847,"{""block_cap"": 0.35}",True,
case_021,2,2,4,capls,c1,0,0.149,0.875,True,1550324,4608000,4608000,0,7946240,,,4,6567937,,4.236493145948847,"{""block_cap"": 0.15}",False,
case_021,2,2,4,capls,c2,0,0.197,0.875,True,1550324,4608000,4608000,0,7946240,,,4,6567937,,4.236493145948847,"{""block_cap"": 0.35, ""init"": ""rr""}",False,
case_021,2,2,4,capls,c3,0,0.184,0.999,True,1632686,5222400,2764800,2457600,8560640,,,4,6567937,,4.022780252908397,"{""block_cap"": 0.35, ""init"": ""contig""}",False,
case_021,2,2,4,capls,c4,0,0.197,0.912,True,1550324,4608000,4608000,0,7946240,,,80,6567937,,4.236493145948847,"{""block_cap"": 0.35, ""subgraph_mode"": ""block""}",False,
case_021,2,2,4,capls,c5,0,0.149,0.912,True,1550324,4608000,4608000,0,7946240,,,80,6567937,,4.236493145948847,"{""block_cap"": 0.35, ""init"": ""rr"", ""subgraph_mode"": ""block""}",False,
case_021,2,2,4,capls,c6,0,0.148,0.959,True,1947888,5103616,2457600,2646016,8441856,,,4,6567937,,3.371824766105649,"{""block_cap"": 0.6, ""comm_weight"": 1e-06}",False,
case_021,2,2,4,capls,c7,0,0.173,0.875,True,1550324,4608000,4608000,0,7946240,,,4,6567937,,4.236493145948847,"{""block_cap"": 0.08}",False,
case_021,2,2,4,capls,c8,0,0.256,1.254,True,1821347,29134848,22302720,6832128,32473088,,,12,6567937,,3.6060876922409624,"{""block_cap"": 0.005}",False,
case_021,2,2,4,capls,c9,0,0.204,0.7,True,1550324,4608000,4608000,0,7946240,,,8,6567937,,4.236493145948847,"{""block_cap"": 0.35, ""max_ops"": 500}",False,
case_021,2,2,4,capls,c10,0,0.142,1.116,True,2607583,4902912,1638400,3264512,8241152,,,3,6567937,,2.5187834864700376,"{""block_cap"": 0.35, ""cores_used"": 3}",False,
case_021,2,2,4,capls,c11,0,0.197,0.875,True,1550324,4608000,4608000,0,7946240,,,4,6567937,,4.236493145948847,"{""block_cap"": 0.35, ""sync_weight"": 0.0}",False,
case_021,2,2,4,capls,c12,0,0.173,0.875,True,1550324,4608000,4608000,0,7946240,,,4,6567937,,4.236493145948847,"{""block_cap"": 0.35, ""init"": ""rr"", ""level_mode"": ""alap_fill""}",False,
case_021,2,2,4,capls,c13,0,0.259,0.875,True,1550324,4608000,4608000,0,7946240,,,4,6567937,,4.236493145948847,"{""block_cap"": 0.35, ""init"": ""rr"", ""level_mode"": ""alap_compress""}",False,
case_021,2,2,4,capls,c14,0,0.527,1.094,True,2352980,63254528,4608000,58646528,66592768,,,3920,6567937,,2.791327168101726,"{""alpha"": 0.8, ""block_cap"": 0.35, ""init"": ""rr"", ""mu"": 1.0, ""nu"": 0.5, ""subgraph_mode"": ""op""}",False,
case_021,2,2,4,capls,c15,0,0.549,0.99,True,2355572,63254528,4608000,58646528,66592768,,,3920,6567937,,2.7882556763282973,"{""alpha"": 1.0, ""block_cap"": 0.35, ""init"": ""rr"", ""mu"": 1.0, ""nu"": 0.5, ""subgraph_mode"": ""op""}",False,
case_021,2,2,4,capls,c16,0,0.514,1.16,True,2506740,63942656,4608000,59334656,67280896,,,3920,6567937,,2.6201109807957748,"{""alpha"": 0.8, ""block_cap"": 0.35, ""init"": ""rr"", ""mu"": 0.0, ""nu"": 0.0, ""subgraph_mode"": ""op""}",False,
case_021,2,2,4,capls,c17,0,0.584,1.094,True,2352980,63254528,4608000,58646528,66592768,,,3920,6567937,,2.791327168101726,"{""alpha"": 0.8, ""block_cap"": 0.15, ""init"": ""rr"", ""mu"": 1.0, ""nu"": 0.5, ""subgraph_mode"": ""op""}",False,
case_021,2,2,4,capls,_best,0,0.241,0.875,True,1550324,4608000,4608000,0,7946240,,,4,6567937,,4.236493145948847,"{""block_cap"": 0.35}",True,results\plans\case_021_p2_n4_capls_best.json
case_021,2,2,3,capls,c0,0,0.102,0.999,True,2607583,4902912,1638400,3264512,8241152,,,3,6567937,,2.5187834864700376,"{""block_cap"": 0.35}",False,
case_021,2,2,3,capls,c1,0,0.21,1.022,True,2144024,7766016,4710400,3055616,11104256,,,3,6567937,,3.063369160046716,"{""block_cap"": 0.15}",True,
case_021,2,2,3,capls,c2,0,0.127,0.999,True,2607583,4902912,1638400,3264512,8241152,,,3,6567937,,2.5187834864700376,"{""block_cap"": 0.35, ""init"": ""rr""}",False,
case_021,2,2,3,capls,c3,0,0.11,0.929,True,2607583,4902912,1638400,3264512,8241152,,,3,6567937,,2.5187834864700376,"{""block_cap"": 0.35, ""init"": ""contig""}",False,
case_021,2,2,3,capls,c4,0,0.121,1.079,True,2607583,4902912,1638400,3264512,8241152,,,10,6567937,,2.5187834864700376,"{""block_cap"": 0.35, ""subgraph_mode"": ""block""}",False,
case_021,2,2,3,capls,c5,0,0.129,1.079,True,2607583,4902912,1638400,3264512,8241152,,,10,6567937,,2.5187834864700376,"{""block_cap"": 0.35, ""init"": ""rr"", ""subgraph_mode"": ""block""}",False,
case_021,2,2,3,capls,c6,0,0.102,0.999,True,2607583,4902912,1638400,3264512,8241152,,,3,6567937,,2.5187834864700376,"{""block_cap"": 0.6, ""comm_weight"": 1e-06}",False,
case_021,2,2,3,capls,c7,0,0.143,1.022,True,2144024,7766016,4710400,3055616,11104256,,,3,6567937,,3.063369160046716,"{""block_cap"": 0.08}",False,
case_021,2,2,3,capls,c8,0,0.174,1.569,True,2510933,41248768,32653312,8595456,44587008,,,11,6567937,,2.615735664790737,"{""block_cap"": 0.005}",False,
case_021,2,2,3,capls,c9,0,0.119,1.091,True,2607517,4902912,1638400,3264512,8241152,,,10,6567937,,2.518847240497377,"{""block_cap"": 0.35, ""max_ops"": 500}",False,
case_021,2,2,3,capls,c10,0,0.114,1.245,True,3268622,4702208,819200,3883008,8040448,,,2,6567937,,2.0093901956237215,"{""block_cap"": 0.35, ""cores_used"": 2}",False,
case_021,2,2,3,capls,c11,0,0.119,0.999,True,2607583,4902912,1638400,3264512,8241152,,,3,6567937,,2.5187834864700376,"{""block_cap"": 0.35, ""sync_weight"": 0.0}",False,
case_021,2,2,3,capls,c12,0,0.126,0.999,True,2607583,4902912,1638400,3264512,8241152,,,3,6567937,,2.5187834864700376,"{""block_cap"": 0.35, ""init"": ""rr"", ""level_mode"": ""alap_fill""}",False,
case_021,2,2,3,capls,c13,0,0.121,0.999,True,2607583,4902912,1638400,3264512,8241152,,,3,6567937,,2.5187834864700376,"{""block_cap"": 0.35, ""init"": ""rr"", ""level_mode"": ""alap_compress""}",False,
case_021,2,2,3,capls,c14,0,0.434,1.258,True,3057782,69801984,1638400,68163584,73140224,,,3920,6567937,,2.1479415471737355,"{""alpha"": 0.8, ""block_cap"": 0.35, ""init"": ""rr"", ""mu"": 1.0, ""nu"": 0.5, ""subgraph_mode"": ""op""}",False,
case_021,2,2,3,capls,c15,0,0.464,1.317,True,3059853,69801984,1638400,68163584,73140224,,,3920,6567937,,2.1464877561111595,"{""alpha"": 1.0, ""block_cap"": 0.35, ""init"": ""rr"", ""mu"": 1.0, ""nu"": 0.5, ""subgraph_mode"": ""op""}",False,
case_021,2,2,3,capls,c16,0,0.421,1.267,True,3076567,70539264,1638400,68900864,73877504,,,3920,6567937,,2.1348265778057165,"{""alpha"": 0.8, ""block_cap"": 0.35, ""init"": ""rr"", ""mu"": 0.0, ""nu"": 0.0, ""subgraph_mode"": ""op""}",False,
case_021,2,2,3,capls,c17,0,0.51,1.507,True,2933713,72601600,4710400,67891200,75939840,,,3920,6567937,,2.2387796624959564,"{""alpha"": 0.8, ""block_cap"": 0.15, ""init"": ""rr"", ""mu"": 1.0, ""nu"": 0.5, ""subgraph_mode"": ""op""}",False,
case_021,2,2,3,capls,_best,0,0.127,1.022,True,2144024,7766016,4710400,3055616,11104256,,,3,6567937,,3.063369160046716,"{""block_cap"": 0.15}",True,results\plans\case_021_p2_n3_capls_best.json
case_021,3,3,2,capls,c0,0,0.104,1.074,True,3262694,4702208,819200,3883008,8040448,0.2600116076610563,1835008,2,6567937,,2.0130410636118494,"{""block_cap"": 0.35}",False,
case_021,3,3,2,capls,c1,0,0.096,1.019,True,3193634,3174400,1536000,1638400,6512640,0.21777777777777776,1204224,2,6567937,,2.0565716046359728,"{""block_cap"": 0.15}",True,
case_021,3,3,2,capls,c2,0,0.078,1.074,True,3262694,4702208,819200,3883008,8040448,0.2600116076610563,1835008,2,6567937,,2.0130410636118494,"{""block_cap"": 0.35, ""init"": ""rr""}",False,
case_021,3,3,2,capls,c3,0,0.085,1.206,True,3262694,4702208,819200,3883008,8040448,0.2600116076610563,1835008,2,6567937,,2.0130410636118494,"{""block_cap"": 0.35, ""init"": ""contig""}",False,
case_021,3,3,2,capls,c4,0,0.092,1.164,True,3262694,4702208,819200,3883008,8040448,0.2600116076610563,1835008,10,6567937,,2.0130410636118494,"{""block_cap"": 0.35, ""subgraph_mode"": ""block""}",False,
case_021,3,3,2,capls,c5,0,0.075,1.164,True,3262694,4702208,819200,3883008,8040448,0.2600116076610563,1835008,10,6567937,,2.0130410636118494,"{""block_cap"": 0.35, ""init"": ""rr"", ""subgraph_mode"": ""block""}",False,
case_021,3,3,2,capls,c6,0,0.066,1.074,True,3262694,4702208,819200,3883008,8040448,0.2600116076610563,1835008,2,6567937,,2.0130410636118494,"{""block_cap"": 0.6, ""comm_weight"": 1e-06}",False,
case_021,3,3,2,capls,c7,0,0.101,1.019,True,3193634,3174400,1536000,1638400,6512640,0.21777777777777776,1204224,2,6567937,,2.0565716046359728,"{""block_cap"": 0.08}",False,
case_021,3,3,2,capls,c8,0,0.092,1.079,True,3242356,12423168,6696960,5726208,15761408,0.10390763765541741,958464,4,6567937,,2.0256680635932636,"{""block_cap"": 0.005}",False,
case_021,3,3,2,capls,c9,0,0.061,1.234,True,3263712,4702208,819200,3883008,8040448,0.2600116076610563,1835008,8,6567937,,2.012413166357816,"{""block_cap"": 0.35, ""max_ops"": 500}",False,
case_021,3,3,2,capls,c10,0,0.035,1.472,True,6558837,4501504,0,4501504,7839744,0.5005973715651135,3432448,1,6567937,,1.0013874410966457,"{""block_cap"": 0.35, ""cores_used"": 1}",False,
case_021,3,3,2,capls,c11,0,0.085,1.074,True,3262694,4702208,819200,3883008,8040448,0.2600116076610563,1835008,2,6567937,,2.0130410636118494,"{""block_cap"": 0.35, ""sync_weight"": 0.0}",False,
case_021,3,3,2,capls,c12,0,0.11,1.074,True,3262694,4702208,819200,3883008,8040448,0.2600116076610563,1835008,2,6567937,,2.0130410636118494,"{""block_cap"": 0.35, ""init"": ""rr"", ""level_mode"": ""alap_fill""}",False,
case_021,3,3,2,capls,c13,0,0.077,1.074,True,3262694,4702208,819200,3883008,8040448,0.2600116076610563,1835008,2,6567937,,2.0130410636118494,"{""block_cap"": 0.35, ""init"": ""rr"", ""level_mode"": ""alap_compress""}",False,
case_021,3,3,2,capls,c14,0,0.484,1.288,True,4300156,78262272,819200,77443072,81600512,0.0,0,3920,6567937,,1.5273717976743169,"{""alpha"": 0.8, ""block_cap"": 0.35, ""init"": ""rr"", ""mu"": 1.0, ""nu"": 0.5, ""subgraph_mode"": ""op""}",False,
case_021,3,3,2,capls,c15,0,0.422,1.359,True,4303030,78262272,819200,77443072,81600512,0.0,0,3920,6567937,,1.526351663827582,"{""alpha"": 1.0, ""block_cap"": 0.35, ""init"": ""rr"", ""mu"": 1.0, ""nu"": 0.5, ""subgraph_mode"": ""op""}",False,
case_021,3,3,2,capls,c16,0,0.481,1.298,True,4297716,78262272,819200,77443072,81600512,0.0,0,3920,6567937,,1.5282389529694378,"{""alpha"": 0.8, ""block_cap"": 0.35, ""init"": ""rr"", ""mu"": 0.0, ""nu"": 0.0, ""subgraph_mode"": ""op""}",False,
case_021,3,3,2,capls,c17,0,0.504,1.577,True,4308690,78553088,1536000,77017088,81891328,0.0,0,3920,6567937,,1.5243466111509532,"{""alpha"": 0.8, ""block_cap"": 0.15, ""init"": ""rr"", ""mu"": 1.0, ""nu"": 0.5, ""subgraph_mode"": ""op""}",False,
case_021,3,3,2,capls,_best,0,0.121,1.019,True,3193634,3174400,1536000,1638400,6512640,0.21777777777777776,1204224,2,6567937,,2.0565716046359728,"{""block_cap"": 0.15}",True,results\plans\case_021_p3_n2_capls_best.json
case_021,3,3,3,capls,c0,0,0.116,1.036,True,2601429,4902912,1638400,3264512,8241152,0.3002257336343115,2179072,3,6567937,,2.524741978351129,"{""block_cap"": 0.35}",False,
case_021,3,3,3,capls,c1,0,0.136,1.281,True,2142851,7766016,4710400,3055616,11104256,0.5459328207203561,5525504,3,6567937,,3.065046053132019,"{""block_cap"": 0.15}",True,
case_021,3,3,3,capls,c2,0,0.105,1.036,True,2601429,4902912,1638400,3264512,8241152,0.3002257336343115,2179072,3,6567937,,2.524741978351129,"{""block_cap"": 0.35, ""init"": ""rr""}",False,
case_021,3,3,3,capls,c3,0,0.137,0.841,True,2601429,4902912,1638400,3264512,8241152,0.3002257336343115,2179072,3,6567937,,2.524741978351129,"{""block_cap"": 0.35, ""init"": ""contig""}",False,
case_021,3,3,3,capls,c4,0,0.103,1.271,True,2601429,4902912,1638400,3264512,8241152,0.3002257336343115,2179072,10,6567937,,2.524741978351129,"{""block_cap"": 0.35, ""subgraph_mode"": ""block""}",False,
case_021,3,3,3,capls,c5,0,0.115,1.271,True,2601429,4902912,1638400,3264512,8241152,0.3002257336343115,2179072,10,6567937,,2.524741978351129,"{""block_cap"": 0.35, ""init"": ""rr"", ""subgraph_mode"": ""block""}",False,
case_021,3,3,3,capls,c6,0,0.135,1.036,True,2601429,4902912,1638400,3264512,8241152,0.3002257336343115,2179072,3,6567937,,2.524741978351129,"{""block_cap"": 0.6, ""comm_weight"": 1e-06}",False,
case_021,3,3,3,capls,c7,0,0.128,1.281,True,2142851,7766016,4710400,3055616,11104256,0.5459328207203561,5525504,3,6567937,,3.065046053132019,"{""block_cap"": 0.08}",False,
case_021,3,3,3,capls,c8,0,0.177,1.513,True,2511073,41248768,32653312,8595456,44587008,0.08035789651388538,1949696,11,6567937,,2.6155898295270585,"{""block_cap"": 0.005}",False,
case_021,3,3,3,capls,c9,0,0.141,1.105,True,2601769,4902912,1638400,3264512,8241152,0.29853273137697517,2166784,10,6567937,,2.5244120442668048,"{""block_cap"": 0.35, ""max_ops"": 500}",False,
case_021,3,3,3,capls,c10,0,0.063,1.29,True,3262694,4702208,819200,3883008,8040448,0.2600116076610563,1835008,2,6567937,,2.0130410636118494,"{""block_cap"": 0.35, ""cores_used"": 2}",False,
case_021,3,3,3,capls,c11,0,0.114,1.036,True,2601429,4902912,1638400,3264512,8241152,0.3002257336343115,2179072,3,6567937,,2.524741978351129,"{""block_cap"": 0.35, ""sync_weight"": 0.0}",False,
case_021,3,3,3,capls,c12,0,0.116,1.036,True,2601429,4902912,1638400,3264512,8241152,0.3002257336343115,2179072,3,6567937,,2.524741978351129,"{""block_cap"": 0.35, ""init"": ""rr"", ""level_mode"": ""alap_fill""}",False,
case_021,3,3,3,capls,c13,0,0.095,1.036,True,2601429,4902912,1638400,3264512,8241152,0.3002257336343115,2179072,3,6567937,,2.524741978351129,"{""block_cap"": 0.35, ""init"": ""rr"", ""level_mode"": ""alap_compress""}",False,
case_021,3,3,3,capls,c14,0,0.403,1.451,True,3057782,69801984,1638400,68163584,73140224,0.01794444742921614,684032,3920,6567937,,2.1479415471737355,"{""alpha"": 0.8, ""block_cap"": 0.35, ""init"": ""rr"", ""mu"": 1.0, ""nu"": 0.5, ""subgraph_mode"": ""op""}",False,
case_021,3,3,3,capls,c15,0,0.513,1.272,True,3059853,69801984,1638400,68163584,73140224,0.01794444742921614,684032,3920,6567937,,2.1464877561111595,"{""alpha"": 1.0, ""block_cap"": 0.35, ""init"": ""rr"", ""mu"": 1.0, ""nu"": 0.5, ""subgraph_mode"": ""op""}",False,
case_021,3,3,3,capls,c16,0,0.502,1.553,True,3075426,70539264,1638400,68900864,73877504,0.0053211302080561915,204800,3920,6567937,,2.13561861023481,"{""alpha"": 0.8, ""block_cap"": 0.35, ""init"": ""rr"", ""mu"": 0.0, ""nu"": 0.0, ""subgraph_mode"": ""op""}",False,
case_021,3,3,3,capls,c17,0,0.577,1.346,True,2927883,72601600,4710400,67891200,75939840,0.09586578789694428,3932160,3920,6567937,,2.2432375200785004,"{""alpha"": 0.8, ""block_cap"": 0.15, ""init"": ""rr"", ""mu"": 1.0, ""nu"": 0.5, ""subgraph_mode"": ""op""}",False,
case_021,3,3,3,capls,_best,0,0.116,1.281,True,2142851,7766016,4710400,3055616,11104256,0.5459328207203561,5525504,3,6567937,,3.065046053132019,"{""block_cap"": 0.15}",True,results\plans\case_021_p3_n3_capls_best.json
case_021,2,2,5,capls,c0,0,0.292,1.129,True,1250168,11431936,9420800,2011136,14770176,,,5,6567937,,5.253643510312214,"{""block_cap"": 0.35}",True,
case_021,2,2,5,capls,c1,0,0.278,1.129,True,1250168,11431936,9420800,2011136,14770176,,,5,6567937,,5.253643510312214,"{""block_cap"": 0.15}",False,
case_021,2,2,5,capls,c2,0,0.276,1.129,True,1250168,11431936,9420800,2011136,14770176,,,5,6567937,,5.253643510312214,"{""block_cap"": 0.35, ""init"": ""rr""}",False,
case_021,2,2,5,capls,c3,0,0.235,0.975,True,1287783,5304320,3276800,2027520,8642560,,,5,6567937,,5.100189239957353,"{""block_cap"": 0.35, ""init"": ""contig""}",False,
case_021,2,2,5,capls,c4,0,0.266,1.162,True,1250168,11431936,9420800,2011136,14770176,,,80,6567937,,5.253643510312214,"{""block_cap"": 0.35, ""subgraph_mode"": ""block""}",False,
case_021,2,2,5,capls,c5,0,0.234,1.162,True,1250168,11431936,9420800,2011136,14770176,,,80,6567937,,5.253643510312214,"{""block_cap"": 0.35, ""init"": ""rr"", ""subgraph_mode"": ""block""}",False,
case_021,2,2,5,capls,c6,0,0.251,0.809,True,1287783,5304320,3276800,2027520,8642560,,,5,6567937,,5.100189239957353,"{""block_cap"": 0.6, ""comm_weight"": 1e-06}",False,
case_021,2,2,5,capls,c7,0,0.264,1.129,True,1250168,11431936,9420800,2011136,14770176,,,5,6567937,,5.253643510312214,"{""block_cap"": 0.08}",False,
case_021,2,2,5,capls,c8,0,0.251,1.786,True,1685041,46534656,37732352,8802304,49872896,,,16,6567937,,3.8977906175576735,"{""block_cap"": 0.005}",False,
case_021,2,2,5,capls,c9,0,0.206,1.195,True,1250168,11431936,9420800,2011136,14770176,,,10,6567937,,5.253643510312214,"{""block_cap"": 0.35, ""max_ops"": 500}",False,
case_021,2,2,5,capls,c10,0,0.198,0.912,True,1550324,4608000,4608000,0,7946240,,,4,6567937,,4.236493145948847,"{""block_cap"": 0.35, ""cores_used"": 4}",False,
case_021,2,2,5,capls,c11,0,0.285,1.129,True,1250168,11431936,9420800,2011136,14770176,,,5,6567937,,5.253643510312214,"{""block_cap"": 0.35, ""sync_weight"": 0.0}",False,
case_021,2,2,5,capls,c12,0,0.326,1.129,True,1250168,11431936,9420800,2011136,14770176,,,5,6567937,,5.253643510312214,"{""block_cap"": 0.35, ""init"": ""rr"", ""level_mode"": ""alap_fill""}",False,
case_021,2,2,5,capls,c13,0,0.271,1.129,True,1250168,11431936,9420800,2011136,14770176,,,5,6567937,,5.253643510312214,"{""block_cap"": 0.35, ""init"": ""rr"", ""level_mode"": ""alap_compress""}",False,
case_021,2,2,5,capls,c14,0,0.608,1.129,True,1863855,62212096,9420800,52791296,65550336,,,3920,6567937,,3.523845470811839,"{""alpha"": 0.8, ""block_cap"": 0.35, ""init"": ""rr"", ""mu"": 1.0, ""nu"": 0.5, ""subgraph_mode"": ""op""}",False,
case_021,2,2,5,capls,c15,0,0.732,1.361,True,1858834,62212096,9420800,52791296,65550336,,,3920,6567937,,3.5333639259880116,"{""alpha"": 1.0, ""block_cap"": 0.35, ""init"": ""rr"", ""mu"": 1.0, ""nu"": 0.5, ""subgraph_mode"": ""op""}",False,
case_021,2,2,5,capls,c16,0,0.649,1.221,True,1863349,62212096,9420800,52791296,65550336,,,3920,6567937,,3.5248023853824484,"{""alpha"": 0.8, ""block_cap"": 0.35, ""init"": ""rr"", ""mu"": 0.0, ""nu"": 0.0, ""subgraph_mode"": ""op""}",False,
case_021,2,2,5,capls,c17,0,0.553,1.129,True,1863855,62212096,9420800,52791296,65550336,,,3920,6567937,,3.523845470811839,"{""alpha"": 0.8, ""block_cap"": 0.15, ""init"": ""rr"", ""mu"": 1.0, ""nu"": 0.5, ""subgraph_mode"": ""op""}",False,
case_021,2,2,5,capls,_best,0,0.295,1.129,True,1250168,11431936,9420800,2011136,14770176,,,5,6567937,,5.253643510312214,"{""block_cap"": 0.35}",True,results\plans\case_021_p2_n5_capls_best.json
case_034,2,2,2,capls,c0,0,0.103,1.358,True,448308,1972744,1238528,734216,4253130,,,2,842996,,1.880394728624071,"{""block_cap"": 0.35}",False,
case_034,2,2,2,capls,c1,0,0.145,1.358,True,448308,1972744,1238528,734216,4253130,,,2,842996,,1.880394728624071,"{""block_cap"": 0.15}",False,
case_034,2,2,2,capls,c2,0,0.126,1.048,True,418733,1864192,1238528,625664,4144578,,,2,842996,,2.013206506293987,"{""block_cap"": 0.35, ""init"": ""rr""}",False,
case_034,2,2,2,capls,c3,0,0.146,0.78,True,457973,422928,32256,390672,2703314,,,2,842996,,1.8407111336257815,"{""block_cap"": 0.35, ""init"": ""contig""}",False,
case_034,2,2,2,capls,c4,0,0.1,1.165,True,441382,1238528,1238528,0,3518914,,,155,842996,,1.9099011740397207,"{""block_cap"": 0.35, ""subgraph_mode"": ""block""}",False,
case_034,2,2,2,capls,c5,0,0.129,1.121,True,412272,1238528,1238528,0,3518914,,,155,842996,,2.0447568595490355,"{""block_cap"": 0.35, ""init"": ""rr"", ""subgraph_mode"": ""block""}",True,
case_034,2,2,2,capls,c6,0,0.101,1.358,True,448308,1972744,1238528,734216,4253130,,,2,842996,,1.880394728624071,"{""block_cap"": 0.6, ""comm_weight"": 1e-06}",False,
case_034,2,2,2,capls,c7,0,0.111,1.358,True,448308,1972744,1238528,734216,4253130,,,2,842996,,1.880394728624071,"{""block_cap"": 0.08}",False,
case_034,2,2,2,capls,c8,0,0.091,1.465,True,462463,5118538,3509834,1608704,7398924,,,6,842996,,1.8228398812445537,"{""block_cap"": 0.005}",False,
case_034,2,2,2,capls,c9,0,0.131,1.075,True,440487,1459712,1238528,221184,3740098,,,8,842996,,1.9137817915171162,"{""block_cap"": 0.35, ""max_ops"": 500}",False,
case_034,2,2,2,capls,c10,0,0.038,1.216,True,842996,1079832,0,1079832,3360218,,,1,842996,,1.0,"{""block_cap"": 0.35, ""cores_used"": 1}",False,
case_034,2,2,2,capls,c11,0,0.096,1.358,True,448308,1972744,1238528,734216,4253130,,,2,842996,,1.880394728624071,"{""block_cap"": 0.35, ""sync_weight"": 0.0}",False,
case_034,2,2,2,capls,c12,0,0.13,1.048,True,418733,1864192,1238528,625664,4144578,,,2,842996,,2.013206506293987,"{""block_cap"": 0.35, ""init"": ""rr"", ""level_mode"": ""alap_fill""}",False,
case_034,2,2,2,capls,c13,0,0.16,1.048,True,418733,1864192,1238528,625664,4144578,,,2,842996,,2.013206506293987,"{""block_cap"": 0.35, ""init"": ""rr"", ""level_mode"": ""alap_compress""}",False,
case_034,2,2,2,capls,c14,0,0.496,0.996,True,461769,9205264,1238528,7966736,11485650,,,3745,842996,,1.8255794563948642,"{""alpha"": 0.8, ""block_cap"": 0.35, ""init"": ""rr"", ""mu"": 1.0, ""nu"": 0.5, ""subgraph_mode"": ""op""}",False,
case_034,2,2,2,capls,c15,0,0.458,1.062,True,452531,9553496,1238528,8314968,11833882,,,3745,842996,,1.862846965180286,"{""alpha"": 1.0, ""block_cap"": 0.35, ""init"": ""rr"", ""mu"": 1.0, ""nu"": 0.5, ""subgraph_mode"": ""op""}",False,
case_034,2,2,2,capls,c16,0,0.429,1.063,True,471917,9477632,1238528,8239104,11758018,,,3745,842996,,1.7863225948630796,"{""alpha"": 0.8, ""block_cap"": 0.35, ""init"": ""rr"", ""mu"": 0.0, ""nu"": 0.0, ""subgraph_mode"": ""op""}",False,
case_034,2,2,2,capls,c17,0,0.42,0.996,True,461769,9205264,1238528,7966736,11485650,,,3745,842996,,1.8255794563948642,"{""alpha"": 0.8, ""block_cap"": 0.15, ""init"": ""rr"", ""mu"": 1.0, ""nu"": 0.5, ""subgraph_mode"": ""op""}",False,
case_034,2,2,2,capls,_best,0,0.12,1.121,True,412272,1238528,1238528,0,3518914,,,155,842996,,2.0447568595490355,"{""block_cap"": 0.35, ""init"": ""rr"", ""subgraph_mode"": ""block""}",True,results\plans\case_034_p2_n2_capls_best.json
case_021,3,3,4,capls,c0,0,0.162,0.979,True,1550324,4608000,4608000,0,7946240,0.0,0,4,6567937,,4.236493145948847,"{""block_cap"": 0.35}",True,
case_021,3,3,4,capls,c1,0,0.189,0.979,True,1550324,4608000,4608000,0,7946240,0.0,0,4,6567937,,4.236493145948847,"{""block_cap"": 0.15}",False,
case_021,3,3,4,capls,c2,0,0.204,0.979,True,1550324,4608000,4608000,0,7946240,0.0,0,4,6567937,,4.236493145948847,"{""block_cap"": 0.35, ""init"": ""rr""}",False,
case_021,3,3,4,capls,c3,0,0.222,1.056,True,1631780,5222400,2764800,2457600,8560640,0.10918918918918918,827392,4,6567937,,4.0250137886234665,"{""block_cap"": 0.35, ""init"": ""contig""}",False,
case_021,3,3,4,capls,c4,0,0.221,1.028,True,1550324,4608000,4608000,0,7946240,0.0,0,80,6567937,,4.236493145948847,"{""block_cap"": 0.35, ""subgraph_mode"": ""block""}",False,
case_021,3,3,4,capls,c5,0,0.185,1.028,True,1550324,4608000,4608000,0,7946240,0.0,0,80,6567937,,4.236493145948847,"{""block_cap"": 0.35, ""init"": ""rr"", ""subgraph_mode"": ""block""}",False,
case_021,3,3,4,capls,c6,0,0.173,0.796,True,1944856,5103616,2457600,2646016,8441856,0.21746293245469522,1622016,4,6567937,,3.377081388030785,"{""block_cap"": 0.6, ""comm_weight"": 1e-06}",False,
case_021,3,3,4,capls,c7,0,0.202,0.979,True,1550324,4608000,4608000,0,7946240,0.0,0,4,6567937,,4.236493145948847,"{""block_cap"": 0.08}",False,
case_021,3,3,4,capls,c8,0,0.275,1.264,True,1819935,29134848,22302720,6832128,32473088,0.1476352790796762,2838528,12,6567937,,3.608885482173814,"{""block_cap"": 0.005}",False,
case_021,3,3,4,capls,c9,0,0.205,0.861,True,1550324,4608000,4608000,0,7946240,0.0,0,8,6567937,,4.236493145948847,"{""block_cap"": 0.35, ""max_ops"": 500}",False,
case_021,3,3,4,capls,c10,0,0.123,1.104,True,2601429,4902912,1638400,3264512,8241152,0.3002257336343115,2179072,3,6567937,,2.524741978351129,"{""block_cap"": 0.35, ""cores_used"": 3}",False,
case_021,3,3,4,capls,c11,0,0.197,0.979,True,1550324,4608000,4608000,0,7946240,0.0,0,4,6567937,,4.236493145948847,"{""block_cap"": 0.35, ""sync_weight"": 0.0}",False,
case_021,3,3,4,capls,c12,0,0.184,0.979,True,1550324,4608000,4608000,0,7946240,0.0,0,4,6567937,,4.236493145948847,"{""block_cap"": 0.35, ""init"": ""rr"", ""level_mode"": ""alap_fill""}",False,
case_021,3,3,4,capls,c13,0,0.191,0.979,True,1550324,4608000,4608000,0,7946240,0.0,0,4,6567937,,4.236493145948847,"{""block_cap"": 0.35, ""init"": ""rr"", ""level_mode"": ""alap_compress""}",False,
case_021,3,3,4,capls,c14,0,0.606,1.309,True,2352980,63254528,4608000,58646528,66592768,0.0,0,3920,6567937,,2.791327168101726,"{""alpha"": 0.8, ""block_cap"": 0.35, ""init"": ""rr"", ""mu"": 1.0, ""nu"": 0.5, ""subgraph_mode"": ""op""}",False,
case_021,3,3,4,capls,c15,0,0.538,1.353,True,2355572,63254528,4608000,58646528,66592768,0.0,0,3920,6567937,,2.7882556763282973,"{""alpha"": 1.0, ""block_cap"": 0.35, ""init"": ""rr"", ""mu"": 1.0, ""nu"": 0.5, ""subgraph_mode"": ""op""}",False,
case_021,3,3,4,capls,c16,0,0.497,1.387,True,2506740,63942656,4608000,59334656,67280896,0.0,0,3920,6567937,,2.6201109807957748,"{""alpha"": 0.8, ""block_cap"": 0.35, ""init"": ""rr"", ""mu"": 0.0, ""nu"": 0.0, ""subgraph_mode"": ""op""}",False,
case_021,3,3,4,capls,c17,0,0.574,1.309,True,2352980,63254528,4608000,58646528,66592768,0.0,0,3920,6567937,,2.791327168101726,"{""alpha"": 0.8, ""block_cap"": 0.15, ""init"": ""rr"", ""mu"": 1.0, ""nu"": 0.5, ""subgraph_mode"": ""op""}",False,
case_021,3,3,4,capls,_best,0,0.199,0.979,True,1550324,4608000,4608000,0,7946240,0.0,0,4,6567937,,4.236493145948847,"{""block_cap"": 0.35}",True,results\plans\case_021_p3_n4_capls_best.json
case_021,3,3,5,capls,c0,0,0.314,1.117,True,1249380,11431936,9420800,2011136,14770176,0.5699643493761141,7858176,5,6567937,,5.256957050697146,"{""block_cap"": 0.35}",True,
case_021,3,3,5,capls,c1,0,0.279,1.117,True,1249380,11431936,9420800,2011136,14770176,0.5699643493761141,7858176,5,6567937,,5.256957050697146,"{""block_cap"": 0.15}",False,
case_021,3,3,5,capls,c2,0,0.276,1.117,True,1249380,11431936,9420800,2011136,14770176,0.5699643493761141,7858176,5,6567937,,5.256957050697146,"{""block_cap"": 0.35, ""init"": ""rr""}",False,
case_021,3,3,5,capls,c3,0,0.267,0.92,True,1287783,5304320,3276800,2027520,8642560,0.0,0,5,6567937,,5.100189239957353,"{""block_cap"": 0.35, ""init"": ""contig""}",False,
case_021,3,3,5,capls,c4,0,0.275,1.168,True,1249380,11431936,9420800,2011136,14770176,0.5699643493761141,7858176,80,6567937,,5.256957050697146,"{""block_cap"": 0.35, ""subgraph_mode"": ""block""}",False,
case_021,3,3,5,capls,c5,0,0.267,1.168,True,1249380,11431936,9420800,2011136,14770176,0.5699643493761141,7858176,80,6567937,,5.256957050697146,"{""block_cap"": 0.35, ""init"": ""rr"", ""subgraph_mode"": ""block""}",False,
case_021,3,3,5,capls,c6,0,0.252,0.899,True,1287783,5304320,3276800,2027520,8642560,0.0,0,5,6567937,,5.100189239957353,"{""block_cap"": 0.6, ""comm_weight"": 1e-06}",False,
case_021,3,3,5,capls,c7,0,0.279,1.117,True,1249380,11431936,9420800,2011136,14770176,0.5699643493761141,7858176,5,6567937,,5.256957050697146,"{""block_cap"": 0.08}",False,
case_021,3,3,5,capls,c8,0,0.322,1.661,True,1684482,46534656,37732352,8802304,49872896,0.22850040311744155,6965248,16,6567937,,3.8990841101299982,"{""block_cap"": 0.005}",False,
case_021,3,3,5,capls,c9,0,0.306,1.133,True,1249380,11431936,9420800,2011136,14770176,0.5699643493761141,7858176,10,6567937,,5.256957050697146,"{""block_cap"": 0.35, ""max_ops"": 500}",False,
case_021,3,3,5,capls,c10,0,0.22,0.974,True,1550324,4608000,4608000,0,7946240,0.0,0,4,6567937,,4.236493145948847,"{""block_cap"": 0.35, ""cores_used"": 4}",False,
case_021,3,3,5,capls,c11,0,0.287,1.117,True,1249380,11431936,9420800,2011136,14770176,0.5699643493761141,7858176,5,6567937,,5.256957050697146,"{""block_cap"": 0.35, ""sync_weight"": 0.0}",False,
case_021,3,3,5,capls,c12,0,0.277,1.117,True,1249380,11431936,9420800,2011136,14770176,0.5699643493761141,7858176,5,6567937,,5.256957050697146,"{""block_cap"": 0.35, ""init"": ""rr"", ""level_mode"": ""alap_fill""}",False,
case_021,3,3,5,capls,c13,0,0.332,1.117,True,1249380,11431936,9420800,2011136,14770176,0.5699643493761141,7858176,5,6567937,,5.256957050697146,"{""block_cap"": 0.35, ""init"": ""rr"", ""level_mode"": ""alap_compress""}",False,
case_021,3,3,5,capls,c14,0,0.649,1.569,True,1864336,62212096,9420800,52791296,65550336,0.18095544474827088,6912000,3920,6567937,,3.5229363162005134,"{""alpha"": 0.8, ""block_cap"": 0.35, ""init"": ""rr"", ""mu"": 1.0, ""nu"": 0.5, ""subgraph_mode"": ""op""}",False,
case_021,3,3,5,capls,c15,0,0.642,1.382,True,1859315,62212096,9420800,52791296,65550336,0.18138437617285935,6928384,3920,6567937,,3.532449853844023,"{""alpha"": 1.0, ""block_cap"": 0.35, ""init"": ""rr"", ""mu"": 1.0, ""nu"": 0.5, ""subgraph_mode"": ""op""}",False,
case_021,3,3,5,capls,c16,0,0.67,1.431,True,1856716,62212096,9420800,52791296,65550336,0.1950565653316176,7450624,3920,6567937,,3.5373945180630746,"{""alpha"": 0.8, ""block_cap"": 0.35, ""init"": ""rr"", ""mu"": 0.0, ""nu"": 0.0, ""subgraph_mode"": ""op""}",False,
case_021,3,3,5,capls,c17,0,0.717,1.569,True,1864336,62212096,9420800,52791296,65550336,0.18095544474827088,6912000,3920,6567937,,3.5229363162005134,"{""alpha"": 0.8, ""block_cap"": 0.15, ""init"": ""rr"", ""mu"": 1.0, ""nu"": 0.5, ""subgraph_mode"": ""op""}",False,
case_021,3,3,5,capls,_best,0,0.321,1.117,True,1249380,11431936,9420800,2011136,14770176,0.5699643493761141,7858176,5,6567937,,5.256957050697146,"{""block_cap"": 0.35}",True,results\plans\case_021_p3_n5_capls_best.json
case_034,2,2,3,capls,c0,0,0.254,1.395,True,322044,2912264,2328576,583688,5192650,,,3,842996,,2.6176423097464943,"{""block_cap"": 0.35}",False,
case_034,2,2,3,capls,c1,0,0.182,1.395,True,322044,2912264,2328576,583688,5192650,,,3,842996,,2.6176423097464943,"{""block_cap"": 0.15}",False,
case_034,2,2,3,capls,c2,0,0.22,1.365,True,278567,2647040,2328576,318464,4927426,,,3,842996,,3.026187595802805,"{""block_cap"": 0.35, ""init"": ""rr""}",False,
case_034,2,2,3,capls,c3,0,0.318,1.239,True,308280,889352,610816,278536,3169738,,,3,842996,,2.7345140781108084,"{""block_cap"": 0.35, ""init"": ""contig""}",False,
case_034,2,2,3,capls,c4,0,0.23,0.829,True,313015,2328576,2328576,0,4608962,,,155,842996,,2.693148890628245,"{""block_cap"": 0.35, ""subgraph_mode"": ""block""}",False,
case_034,2,2,3,capls,c5,0,0.23,0.895,True,272649,2328576,2328576,0,4608962,,,155,842996,,3.0918727007984623,"{""block_cap"": 0.35, ""init"": ""rr"", ""subgraph_mode"": ""block""}",True,
case_034,2,2,3,capls,c6,0,0.228,1.395,True,322044,2912264,2328576,583688,5192650,,,3,842996,,2.6176423097464943,"{""block_cap"": 0.6, ""comm_weight"": 1e-06}",False,
case_034,2,2,3,capls,c7,0,0.215,1.395,True,322044,2912264,2328576,583688,5192650,,,3,842996,,2.6176423097464943,"{""block_cap"": 0.08}",False,
case_034,2,2,3,capls,c8,0,0.174,1.615,True,372094,9884740,9307188,577552,12165126,,,12,842996,,2.2655458029422673,"{""block_cap"": 0.005}",False,
case_034,2,2,3,capls,c9,0,0.23,1.228,True,316967,2537480,2328576,208904,4817866,,,8,842996,,2.659570239173163,"{""block_cap"": 0.35, ""max_ops"": 500}",False,
case_034,2,2,3,capls,c10,0,0.093,1.272,True,448308,1972744,1238528,734216,4253130,,,2,842996,,1.880394728624071,"{""block_cap"": 0.35, ""cores_used"": 2}",False,
case_034,2,2,3,capls,c11,0,0.243,1.395,True,322044,2912264,2328576,583688,5192650,,,3,842996,,2.6176423097464943,"{""block_cap"": 0.35, ""sync_weight"": 0.0}",False,
case_034,2,2,3,capls,c12,0,0.301,1.365,True,278567,2647040,2328576,318464,4927426,,,3,842996,,3.026187595802805,"{""block_cap"": 0.35, ""init"": ""rr"", ""level_mode"": ""alap_fill""}",False,
case_034,2,2,3,capls,c13,0,0.199,1.365,True,278567,2647040,2328576,318464,4927426,,,3,842996,,3.026187595802805,"{""block_cap"": 0.35, ""init"": ""rr"", ""level_mode"": ""alap_compress""}",False,
case_034,2,2,3,capls,c14,0,0.527,0.992,True,304829,7692352,2328576,5363776,9972738,,,3745,842996,,2.7654717891014307,"{""alpha"": 0.8, ""block_cap"": 0.35, ""init"": ""rr"", ""mu"": 1.0, ""nu"": 0.5, ""subgraph_mode"": ""op""}",False,
case_034,2,2,3,capls,c15,0,0.582,0.889,True,302441,7787588,2328576,5459012,10067974,,,3745,842996,,2.787307276460533,"{""alpha"": 1.0, ""block_cap"": 0.35, ""init"": ""rr"", ""mu"": 1.0, ""nu"": 0.5, ""subgraph_mode"": ""op""}",False,
case_034,2,2,3,capls,c16,0,0.683,0.986,True,309788,7374848,2328576,5046272,9655234,,,3745,842996,,2.7212028871357186,"{""alpha"": 0.8, ""block_cap"": 0.35, ""init"": ""rr"", ""mu"": 0.0, ""nu"": 0.0, ""subgraph_mode"": ""op""}",False,
case_034,2,2,3,capls,c17,0,0.611,0.992,True,304829,7692352,2328576,5363776,9972738,,,3745,842996,,2.7654717891014307,"{""alpha"": 0.8, ""block_cap"": 0.15, ""init"": ""rr"", ""mu"": 1.0, ""nu"": 0.5, ""subgraph_mode"": ""op""}",False,
case_034,2,2,3,capls,_best,0,0.194,0.895,True,272649,2328576,2328576,0,4608962,,,155,842996,,3.0918727007984623,"{""block_cap"": 0.35, ""init"": ""rr"", ""subgraph_mode"": ""block""}",True,results\plans\case_034_p2_n3_capls_best.json
case_034,3,3,2,capls,c0,0,0.122,1.304,True,447861,1972744,1238528,734216,4253130,0.44762274720861267,1903616,2,842996,,1.882271508347456,"{""block_cap"": 0.35}",False,
case_034,3,3,2,capls,c1,0,0.124,1.304,True,447861,1972744,1238528,734216,4253130,0.44762274720861267,1903616,2,842996,,1.882271508347456,"{""block_cap"": 0.15}",False,
case_034,3,3,2,capls,c2,0,0.136,0.862,True,418401,1864192,1238528,625664,4144578,0.4420507237144368,1831936,2,842996,,2.014803979914006,"{""block_cap"": 0.35, ""init"": ""rr""}",False,
case_034,3,3,2,capls,c3,0,0.14,0.777,True,457973,422928,32256,390672,2703314,0.14453195525997223,390656,2,842996,,1.8407111336257815,"{""block_cap"": 0.35, ""init"": ""contig""}",False,
case_034,3,3,2,capls,c4,0,0.095,1.135,True,441382,1238528,1238528,0,3518914,0.3262470044155029,1147904,155,842996,,1.9099011740397207,"{""block_cap"": 0.35, ""subgraph_mode"": ""block""}",False,
case_034,3,3,2,capls,c5,0,0.133,1.094,True,412214,1238528,1238528,0,3518914,0.3502571541606224,1232384,155,842996,,2.0450445642312003,"{""block_cap"": 0.35, ""init"": ""rr"", ""subgraph_mode"": ""block""}",True,
case_034,3,3,2,capls,c6,0,0.08,1.304,True,447861,1972744,1238528,734216,4253130,0.44762274720861267,1903616,2,842996,,1.882271508347456,"{""block_cap"": 0.6, ""comm_weight"": 1e-06}",False,
case_034,3,3,2,capls,c7,0,0.146,1.304,True,447861,1972744,1238528,734216,4253130,0.44762274720861267,1903616,2,842996,,1.882271508347456,"{""block_cap"": 0.08}",False,
case_034,3,3,2,capls,c8,0,0.125,1.522,True,457128,5118538,3509834,1608704,7398924,0.28165351131294236,1588750,6,842996,,1.84411368369472,"{""block_cap"": 0.005}",False,
case_034,3,3,2,capls,c9,0,0.094,1.289,True,440382,1459712,1238528,221184,3740098,0.36527461055658,1366016,8,842996,,1.9142380932917331,"{""block_cap"": 0.35, ""max_ops"": 500}",False,
case_034,3,3,2,capls,c10,0,0.059,1.261,True,842733,1079832,0,1079832,3360218,0.309046599146855,1038336,1,842996,,1.0003120798639664,"{""block_cap"": 0.35, ""cores_used"": 1}",False,
case_034,3,3,2,capls,c11,0,0.093,1.304,True,447861,1972744,1238528,734216,4253130,0.44762274720861267,1903616,2,842996,,1.882271508347456,"{""block_cap"": 0.35, ""sync_weight"": 0.0}",False,
case_034,3,3,2,capls,c12,0,0.118,0.862,True,418401,1864192,1238528,625664,4144578,0.4420507237144368,1831936,2,842996,,2.014803979914006,"{""block_cap"": 0.35, ""init"": ""rr"", ""level_mode"": ""alap_fill""}",False,
case_034,3,3,2,capls,c13,0,0.127,0.862,True,418401,1864192,1238528,625664,4144578,0.4420507237144368,1831936,2,842996,,2.014803979914006,"{""block_cap"": 0.35, ""init"": ""rr"", ""level_mode"": ""alap_compress""}",False,
case_034,3,3,2,capls,c14,0,0.469,1.031,True,461446,9205264,1238528,7966736,11485650,0.15522982484632522,1169920,3745,842996,,1.826857313748521,"{""alpha"": 0.8, ""block_cap"": 0.35, ""init"": ""rr"", ""mu"": 1.0, ""nu"": 0.5, ""subgraph_mode"": ""op""}",False,
case_034,3,3,2,capls,c15,0,0.504,1.049,True,448332,9553496,1238528,8314968,11833882,0.1729406797051755,1345024,3745,842996,,1.8802940677890492,"{""alpha"": 1.0, ""block_cap"": 0.35, ""init"": ""rr"", ""mu"": 1.0, ""nu"": 0.5, ""subgraph_mode"": ""op""}",False,
case_034,3,3,2,capls,c16,0,0.506,0.963,True,471483,9477632,1238528,8239104,11758018,0.15918732093414562,1217024,3745,842996,,1.787966904427095,"{""alpha"": 0.8, ""block_cap"": 0.35, ""init"": ""rr"", ""mu"": 0.0, ""nu"": 0.0, ""subgraph_mode"": ""op""}",False,
case_034,3,3,2,capls,c17,0,0.44,1.031,True,461446,9205264,1238528,7966736,11485650,0.15522982484632522,1169920,3745,842996,,1.826857313748521,"{""alpha"": 0.8, ""block_cap"": 0.15, ""init"": ""rr"", ""mu"": 1.0, ""nu"": 0.5, ""subgraph_mode"": ""op""}",False,
case_034,3,3,2,capls,_best,0,0.11,1.094,True,412214,1238528,1238528,0,3518914,0.3502571541606224,1232384,155,842996,,2.0450445642312003,"{""block_cap"": 0.35, ""init"": ""rr"", ""subgraph_mode"": ""block""}",True,results\plans\case_034_p3_n2_capls_best.json
case_034,2,2,4,capls,c0,0,0.185,1.312,True,262335,3297800,3019264,278536,5578186,,,4,842996,,3.2134332056340176,"{""block_cap"": 0.35}",False,
case_034,2,2,4,capls,c1,0,0.166,1.312,True,262335,3297800,3019264,278536,5578186,,,4,842996,,3.2134332056340176,"{""block_cap"": 0.15}",False,
case_034,2,2,4,capls,c2,0,0.413,1.204,True,225165,3101184,3019264,81920,5381570,,,4,842996,,3.7439033597583995,"{""block_cap"": 0.35, ""init"": ""rr""}",False,
case_034,2,2,4,capls,c3,0,0.379,0.995,True,255783,1014288,670208,344080,3294674,,,4,842996,,3.2957467853610285,"{""block_cap"": 0.35, ""init"": ""contig""}",False,
case_034,2,2,4,capls,c4,0,0.188,1.166,True,253792,3019264,3019264,0,5299650,,,155,842996,,3.3216019417475726,"{""block_cap"": 0.35, ""subgraph_mode"": ""block""}",False,
case_034,2,2,4,capls,c5,0,0.405,1.167,True,215722,3019264,3019264,0,5299650,,,155,842996,,3.9077887280852206,"{""block_cap"": 0.35, ""init"": ""rr"", ""subgraph_mode"": ""block""}",True,
case_034,2,2,4,capls,c6,0,0.169,1.312,True,262335,3297800,3019264,278536,5578186,,,4,842996,,3.2134332056340176,"{""block_cap"": 0.6, ""comm_weight"": 1e-06}",False,
case_034,2,2,4,capls,c7,0,0.242,1.312,True,262335,3297800,3019264,278536,5578186,,,4,842996,,3.2134332056340176,"{""block_cap"": 0.08}",False,
case_034,2,2,4,capls,c8,0,0.456,1.592,True,304592,10380970,8973994,1406976,12661356,,,17,842996,,2.7676235751431424,"{""block_cap"": 0.005}",False,
case_034,2,2,4,capls,c9,0,0.161,1.136,True,259954,3224072,3019264,204808,5504458,,,9,842996,,3.2428660455311324,"{""block_cap"": 0.35, ""max_ops"": 500}",False,
case_034,2,2,4,capls,c10,0,0.196,1.336,True,322044,2912264,2328576,583688,5192650,,,3,842996,,2.6176423097464943,"{""block_cap"": 0.35, ""cores_used"": 3}",False,
case_034,2,2,4,capls,c11,0,0.161,1.312,True,262335,3297800,3019264,278536,5578186,,,4,842996,,3.2134332056340176,"{""block_cap"": 0.35, ""sync_weight"": 0.0}",False,
case_034,2,2,4,capls,c12,0,0.426,1.204,True,225165,3101184,3019264,81920,5381570,,,4,842996,,3.7439033597583995,"{""block_cap"": 0.35, ""init"": ""rr"", ""level_mode"": ""alap_fill""}",False,
case_034,2,2,4,capls,c13,0,0.415,1.204,True,225165,3101184,3019264,81920,5381570,,,4,842996,,3.7439033597583995,"{""block_cap"": 0.35, ""init"": ""rr"", ""level_mode"": ""alap_compress""}",False,
case_034,2,2,4,capls,c14,0,0.861,1.003,True,235466,5807616,3019264,2788352,8088002,,,3745,842996,,3.580117724002616,"{""alpha"": 0.8, ""block_cap"": 0.35, ""init"": ""rr"", ""mu"": 1.0, ""nu"": 0.5, ""subgraph_mode"": ""op""}",False,
case_034,2,2,4,capls,c15,0,0.897,0.891,True,236862,5815816,3019264,2796552,8096202,,,3745,842996,,3.5590174869755384,"{""alpha"": 1.0, ""block_cap"": 0.35, ""init"": ""rr"", ""mu"": 1.0, ""nu"": 0.5, ""subgraph_mode"": ""op""}",False,
case_034,2,2,4,capls,c16,0,0.831,0.919,True,244897,6239744,3019264,3220480,8520130,,,3745,842996,,3.4422471488013326,"{""alpha"": 0.8, ""block_cap"": 0.35, ""init"": ""rr"", ""mu"": 0.0, ""nu"": 0.0, ""subgraph_mode"": ""op""}",False,
case_034,2,2,4,capls,c17,0,0.771,1.003,True,235466,5807616,3019264,2788352,8088002,,,3745,842996,,3.580117724002616,"{""alpha"": 0.8, ""block_cap"": 0.15, ""init"": ""rr"", ""mu"": 1.0, ""nu"": 0.5, ""subgraph_mode"": ""op""}",False,
case_034,2,2,4,capls,_best,0,0.362,1.167,True,215722,3019264,3019264,0,5299650,,,155,842996,,3.9077887280852206,"{""block_cap"": 0.35, ""init"": ""rr"", ""subgraph_mode"": ""block""}",True,results\plans\case_034_p2_n4_capls_best.json
case_034,3,3,3,capls,c0,0,0.223,1.282,True,321720,2912264,2328576,583688,5192650,0.4425554731249148,2297856,3,842996,,2.620278503046127,"{""block_cap"": 0.35}",False,
case_034,3,3,3,capls,c1,0,0.242,1.282,True,321720,2912264,2328576,583688,5192650,0.4425554731249148,2297856,3,842996,,2.620278503046127,"{""block_cap"": 0.15}",False,
case_034,3,3,3,capls,c2,0,0.201,1.411,True,278385,2647040,2328576,318464,4927426,0.5307025092631983,2614784,3,842996,,3.0281660290604737,"{""block_cap"": 0.35, ""init"": ""rr""}",False,
case_034,3,3,3,capls,c3,0,0.307,0.825,True,307689,889352,610816,278536,3169738,0.153470826028955,486400,3,842996,,2.739766452489364,"{""block_cap"": 0.35, ""init"": ""contig""}",False,
case_034,3,3,3,capls,c4,0,0.224,1.225,True,313015,2328576,2328576,0,4608962,0.4636103251340983,2136576,155,842996,,2.693148890628245,"{""block_cap"": 0.35, ""subgraph_mode"": ""block""}",False,
case_034,3,3,3,capls,c5,0,0.241,1.253,True,272476,2328576,2328576,0,4608962,0.503272171784679,2319360,155,842996,,3.093835787372099,"{""block_cap"": 0.35, ""init"": ""rr"", ""subgraph_mode"": ""block""}",True,
case_034,3,3,3,capls,c6,0,0.262,1.282,True,321720,2912264,2328576,583688,5192650,0.4425554731249148,2297856,3,842996,,2.620278503046127,"{""block_cap"": 0.6, ""comm_weight"": 1e-06}",False,
case_034,3,3,3,capls,c7,0,0.239,1.282,True,321720,2912264,2328576,583688,5192650,0.4425554731249148,2297856,3,842996,,2.620278503046127,"{""block_cap"": 0.08}",False,
case_034,3,3,3,capls,c8,0,0.19,1.711,True,371983,9884740,9307188,577552,12165126,0.2148267873265879,1793536,12,842996,,2.2662218434713415,"{""block_cap"": 0.005}",False,
case_034,3,3,3,capls,c9,0,0.209,1.281,True,316493,2537480,2328576,208904,4817866,0.4489464924807684,2159104,8,842996,,2.663553380327527,"{""block_cap"": 0.35, ""max_ops"": 500}",False,
case_034,3,3,3,capls,c10,0,0.109,1.325,True,447861,1972744,1238528,734216,4253130,0.44762274720861267,1903616,2,842996,,1.882271508347456,"{""block_cap"": 0.35, ""cores_used"": 2}",False,
case_034,3,3,3,capls,c11,0,0.247,1.282,True,321720,2912264,2328576,583688,5192650,0.4425554731249148,2297856,3,842996,,2.620278503046127,"{""block_cap"": 0.35, ""sync_weight"": 0.0}",False,
case_034,3,3,3,capls,c12,0,0.264,1.411,True,278385,2647040,2328576,318464,4927426,0.5307025092631983,2614784,3,842996,,3.0281660290604737,"{""block_cap"": 0.35, ""init"": ""rr"", ""level_mode"": ""alap_fill""}",False,
case_034,3,3,3,capls,c13,0,0.25,1.411,True,278385,2647040,2328576,318464,4927426,0.5307025092631983,2614784,3,842996,,3.0281660290604737,"{""block_cap"": 0.35, ""init"": ""rr"", ""level_mode"": ""alap_compress""}",False,
case_034,3,3,3,capls,c14,0,0.679,1.073,True,303787,7692352,2328576,5363776,9972738,0.2872893150173368,2117120,3745,842996,,2.7749574537422603,"{""alpha"": 0.8, ""block_cap"": 0.35, ""init"": ""rr"", ""mu"": 1.0, ""nu"": 0.5, ""subgraph_mode"": ""op""}",False,
case_034,3,3,3,capls,c15,0,0.549,0.999,True,300412,7787588,2328576,5459012,10067974,0.29652432814819996,2212352,3745,842996,,2.8061329108024977,"{""alpha"": 1.0, ""block_cap"": 0.35, ""init"": ""rr"", ""mu"": 1.0, ""nu"": 0.5, ""subgraph_mode"": ""op""}",False,
case_034,3,3,3,capls,c16,0,0.579,0.955,True,308807,7374848,2328576,5046272,9655234,0.2861938450575135,2043392,3745,842996,,2.7298474451680175,"{""alpha"": 0.8, ""block_cap"": 0.35, ""init"": ""rr"", ""mu"": 0.0, ""nu"": 0.0, ""subgraph_mode"": ""op""}",False,
case_034,3,3,3,capls,c17,0,0.476,1.073,True,303787,7692352,2328576,5363776,9972738,0.2872893150173368,2117120,3745,842996,,2.7749574537422603,"{""alpha"": 0.8, ""block_cap"": 0.15, ""init"": ""rr"", ""mu"": 1.0, ""nu"": 0.5, ""subgraph_mode"": ""op""}",False,
case_034,3,3,3,capls,_best,0,0.183,1.253,True,272476,2328576,2328576,0,4608962,0.503272171784679,2319360,155,842996,,3.093835787372099,"{""block_cap"": 0.35, ""init"": ""rr"", ""subgraph_mode"": ""block""}",True,results\plans\case_034_p3_n3_capls_best.json
case_034,2,2,5,capls,c0,0,0.421,1.367,True,196410,3680256,3508224,172032,5960642,,,5,842996,,4.292021791151163,"{""block_cap"": 0.35}",False,
case_034,2,2,5,capls,c1,0,0.384,1.367,True,196410,3680256,3508224,172032,5960642,,,5,842996,,4.292021791151163,"{""block_cap"": 0.15}",False,
case_034,2,2,5,capls,c2,0,0.247,1.351,True,180411,3532800,3508224,24576,5813186,,,5,842996,,4.672641912078531,"{""block_cap"": 0.35, ""init"": ""rr""}",False,
case_034,2,2,5,capls,c3,0,0.396,0.733,True,192710,1478664,1249280,229384,3759050,,,5,842996,,4.374427896839811,"{""block_cap"": 0.35, ""init"": ""contig""}",False,
case_034,2,2,5,capls,c4,0,0.408,1.353,True,185781,3508224,3508224,0,5788610,,,155,842996,,4.5375791927053895,"{""block_cap"": 0.35, ""subgraph_mode"": ""block""}",False,
case_034,2,2,5,capls,c5,0,0.23,1.294,True,165143,3508224,3508224,0,5788610,,,155,842996,,5.1046426430426965,"{""block_cap"": 0.35, ""init"": ""rr"", ""subgraph_mode"": ""block""}",True,
case_034,2,2,5,capls,c6,0,0.426,1.367,True,196410,3680256,3508224,172032,5960642,,,5,842996,,4.292021791151163,"{""block_cap"": 0.6, ""comm_weight"": 1e-06}",False,
case_034,2,2,5,capls,c7,0,0.503,1.393,True,238544,3856408,3508224,348184,6136794,,,5,842996,,3.533922462941847,"{""block_cap"": 0.08}",False,
case_034,2,2,5,capls,c8,0,0.504,1.451,True,328607,9698332,8953868,744464,11978718,,,16,842996,,2.5653622716497213,"{""block_cap"": 0.005}",False,
case_034,2,2,5,capls,c9,0,0.398,1.319,True,197818,3688448,3508224,180224,5968834,,,10,842996,,4.261472666794731,"{""block_cap"": 0.35, ""max_ops"": 500}",False,
case_034,2,2,5,capls,c10,0,0.204,1.291,True,262335,3297800,3019264,278536,5578186,,,4,842996,,3.2134332056340176,"{""block_cap"": 0.35, ""cores_used"": 4}",False,
case_034,2,2,5,capls,c11,0,0.4,1.367,True,196410,3680256,3508224,172032,5960642,,,5,842996,,4.292021791151163,"{""block_cap"": 0.35, ""sync_weight"": 0.0}",False,
case_034,2,2,5,capls,c12,0,0.224,1.351,True,180411,3532800,3508224,24576,5813186,,,5,842996,,4.672641912078531,"{""block_cap"": 0.35, ""init"": ""rr"", ""level_mode"": ""alap_fill""}",False,
case_034,2,2,5,capls,c13,0,0.251,1.351,True,180411,3532800,3508224,24576,5813186,,,5,842996,,4.672641912078531,"{""block_cap"": 0.35, ""init"": ""rr"", ""level_mode"": ""alap_compress""}",False,
case_034,2,2,5,capls,c14,0,0.654,0.913,True,181001,4739072,3508224,1230848,7019458,,,3745,842996,,4.6574107325373895,"{""alpha"": 0.8, ""block_cap"": 0.35, ""init"": ""rr"", ""mu"": 1.0, ""nu"": 0.5, ""subgraph_mode"": ""op""}",False,
case_034,2,2,5,capls,c15,0,0.561,0.816,True,172462,4716548,3508224,1208324,6996934,,,3745,842996,,4.888010112372581,"{""alpha"": 1.0, ""block_cap"": 0.35, ""init"": ""rr"", ""mu"": 1.0, ""nu"": 0.5, ""subgraph_mode"": ""op""}",False,
case_034,2,2,5,capls,c16,0,0.611,0.91,True,186514,4937728,3508224,1429504,7218114,,,3745,842996,,4.5197465069646245,"{""alpha"": 0.8, ""block_cap"": 0.35, ""init"": ""rr"", ""mu"": 0.0, ""nu"": 0.0, ""subgraph_mode"": ""op""}",False,
case_034,2,2,5,capls,c17,0,0.7,0.913,True,181001,4739072,3508224,1230848,7019458,,,3745,842996,,4.6574107325373895,"{""alpha"": 0.8, ""block_cap"": 0.15, ""init"": ""rr"", ""mu"": 1.0, ""nu"": 0.5, ""subgraph_mode"": ""op""}",False,
case_034,2,2,5,capls,_best,0,0.251,1.294,True,165143,3508224,3508224,0,5788610,,,155,842996,,5.1046426430426965,"{""block_cap"": 0.35, ""init"": ""rr"", ""subgraph_mode"": ""block""}",True,results\plans\case_034_p2_n5_capls_best.json
case_034,3,3,4,capls,c0,0,0.185,1.255,True,261086,3297800,3019264,278536,5578186,0.3895686097336216,2172928,4,842996,,3.228805834092981,"{""block_cap"": 0.35}",False,
case_034,3,3,4,capls,c1,0,0.193,1.255,True,261086,3297800,3019264,278536,5578186,0.3895686097336216,2172928,4,842996,,3.228805834092981,"{""block_cap"": 0.15}",False,
case_034,3,3,4,capls,c2,0,0.358,1.413,True,224235,3101184,3019264,81920,5381570,0.5231161710617472,2814976,4,842996,,3.7594309541329407,"{""block_cap"": 0.35, ""init"": ""rr""}",False,
case_034,3,3,4,capls,c3,0,0.415,1.278,True,255574,1014288,670208,344080,3294674,0.16832166456604572,554496,4,842996,,3.2984419385383488,"{""block_cap"": 0.35, ""init"": ""contig""}",False,
case_034,3,3,4,capls,c4,0,0.178,1.353,True,252692,3019264,3019264,0,5299650,0.5257923388375105,2786304,155,842996,,3.3360612920076615,"{""block_cap"": 0.35, ""subgraph_mode"": ""block""}",False,
case_034,3,3,4,capls,c5,0,0.45,1.305,True,215630,3019264,3019264,0,5299650,0.5484008297026295,2906112,155,842996,,3.9094560126142004,"{""block_cap"": 0.35, ""init"": ""rr"", ""subgraph_mode"": ""block""}",True,
case_034,3,3,4,capls,c6,0,0.174,1.255,True,261086,3297800,3019264,278536,5578186,0.3895686097336216,2172928,4,842996,,3.228805834092981,"{""block_cap"": 0.6, ""comm_weight"": 1e-06}",False,
case_034,3,3,4,capls,c7,0,0.176,1.255,True,261086,3297800,3019264,278536,5578186,0.3895686097336216,2172928,4,842996,,3.228805834092981,"{""block_cap"": 0.08}",False,
case_034,3,3,4,capls,c8,0,0.402,1.776,True,300790,12687018,11589290,1097728,14967404,0.2628258484242968,2651138,20,842996,,2.8026064696299744,"{""block_cap"": 0.005}",False,
case_034,3,3,4,capls,c9,0,0.233,1.147,True,259644,3224072,3019264,204808,5504458,0.46948393656164583,2584064,9,842996,,3.246737841043891,"{""block_cap"": 0.35, ""max_ops"": 500}",False,
case_034,3,3,4,capls,c10,0,0.262,1.26,True,321720,2912264,2328576,583688,5192650,0.4425554731249148,2297856,3,842996,,2.620278503046127,"{""block_cap"": 0.35, ""cores_used"": 3}",False,
case_034,3,3,4,capls,c11,0,0.193,1.255,True,261086,3297800,3019264,278536,5578186,0.3895686097336216,2172928,4,842996,,3.228805834092981,"{""block_cap"": 0.35, ""sync_weight"": 0.0}",False,
case_034,3,3,4,capls,c12,0,0.419,1.413,True,224235,3101184,3019264,81920,5381570,0.5231161710617472,2814976,4,842996,,3.7594309541329407,"{""block_cap"": 0.35, ""init"": ""rr"", ""level_mode"": ""alap_fill""}",False,
case_034,3,3,4,capls,c13,0,0.411,1.413,True,224235,3101184,3019264,81920,5381570,0.5231161710617472,2814976,4,842996,,3.7594309541329407,"{""block_cap"": 0.35, ""init"": ""rr"", ""level_mode"": ""alap_compress""}",False,
case_034,3,3,4,capls,c14,0,0.779,0.936,True,231774,5807616,3019264,2788352,8088002,0.3928243550337059,2635776,3745,842996,,3.6371465306721205,"{""alpha"": 0.8, ""block_cap"": 0.35, ""init"": ""rr"", ""mu"": 1.0, ""nu"": 0.5, ""subgraph_mode"": ""op""}",False,
case_034,3,3,4,capls,c15,0,0.801,0.876,True,232444,5815816,3019264,2796552,8096202,0.3921956550075262,2635776,3745,842996,,3.626662766085595,"{""alpha"": 1.0, ""block_cap"": 0.35, ""init"": ""rr"", ""mu"": 1.0, ""nu"": 0.5, ""subgraph_mode"": ""op""}",False,
case_034,3,3,4,capls,c16,0,0.829,0.894,True,239844,6239744,3019264,3220480,8520130,0.3844532907108805,2659328,3745,842996,,3.5147679324894514,"{""alpha"": 0.8, ""block_cap"": 0.35, ""init"": ""rr"", ""mu"": 0.0, ""nu"": 0.0, ""subgraph_mode"": ""op""}",False,
case_034,3,3,4,capls,c17,0,0.81,0.936,True,231774,5807616,3019264,2788352,8088002,0.3928243550337059,2635776,3745,842996,,3.6371465306721205,"{""alpha"": 0.8, ""block_cap"": 0.15, ""init"": ""rr"", ""mu"": 1.0, ""nu"": 0.5, ""subgraph_mode"": ""op""}",False,
case_034,3,3,4,capls,_best,0,0.416,1.305,True,215630,3019264,3019264,0,5299650,0.5484008297026295,2906112,155,842996,,3.9094560126142004,"{""block_cap"": 0.35, ""init"": ""rr"", ""subgraph_mode"": ""block""}",True,results\plans\case_034_p3_n4_capls_best.json
case_034,3,3,5,capls,c0,0,0.472,1.491,True,193319,3680256,3508224,172032,5960642,0.4612109579480021,2748928,5,842996,,4.360647427309266,"{""block_cap"": 0.35}",False,
case_034,3,3,5,capls,c1,0,0.434,1.491,True,193319,3680256,3508224,172032,5960642,0.4612109579480021,2748928,5,842996,,4.360647427309266,"{""block_cap"": 0.15}",False,
case_034,3,3,5,capls,c2,0,0.254,1.42,True,179958,3532800,3508224,24576,5813186,0.5729715743781293,3330560,5,842996,,4.684404138743485,"{""block_cap"": 0.35, ""init"": ""rr""}",False,
case_034,3,3,5,capls,c3,0,0.402,0.868,True,192567,1478664,1249280,229384,3759050,0.1994251118222423,749568,5,842996,,4.3776763412214965,"{""block_cap"": 0.35, ""init"": ""contig""}",False,
case_034,3,3,5,capls,c4,0,0.434,1.241,True,185093,3508224,3508224,0,5788610,0.5723968454485395,3313152,155,842996,,4.5544456030211835,"{""block_cap"": 0.35, ""subgraph_mode"": ""block""}",False,
case_034,3,3,5,capls,c5,0,0.18,1.354,True,164813,3508224,3508224,0,5788610,0.5755812507083367,3331584,155,842996,,5.114863511980245,"{""block_cap"": 0.35, ""init"": ""rr"", ""subgraph_mode"": ""block""}",True,
case_034,3,3,5,capls,c6,0,0.405,1.491,True,193319,3680256,3508224,172032,5960642,0.4612109579480021,2748928,5,842996,,4.360647427309266,"{""block_cap"": 0.6, ""comm_weight"": 1e-06}",False,
case_034,3,3,5,capls,c7,0,0.451,1.419,True,231652,3856408,3508224,348184,6136794,0.3971592372049971,2437120,5,842996,,3.6390620413378687,"{""block_cap"": 0.08}",False,
case_034,3,3,5,capls,c8,0,0.545,1.786,True,286350,10688540,10275852,412688,12968926,0.2698429372710792,2553344,19,842996,,2.9439357429718878,"{""block_cap"": 0.005}",False,
case_034,3,3,5,capls,c9,0,0.423,1.027,True,195731,3688448,3508224,180224,5968834,0.49780846962820385,2971136,10,842996,,4.306911015628592,"{""block_cap"": 0.35, ""max_ops"": 500}",False,
case_034,3,3,5,capls,c10,0,0.157,1.58,True,261086,3297800,3019264,278536,5578186,0.3895686097336216,2172928,4,842996,,3.228805834092981,"{""block_cap"": 0.35, ""cores_used"": 4}",False,
case_034,3,3,5,capls,c11,0,0.409,1.491,True,193319,3680256,3508224,172032,5960642,0.4612109579480021,2748928,5,842996,,4.360647427309266,"{""block_cap"": 0.35, ""sync_weight"": 0.0}",False,
case_034,3,3,5,capls,c12,0,0.218,1.42,True,179958,3532800,3508224,24576,5813186,0.5729715743781293,3330560,5,842996,,4.684404138743485,"{""block_cap"": 0.35, ""init"": ""rr"", ""level_mode"": ""alap_fill""}",False,
case_034,3,3,5,capls,c13,0,0.256,1.42,True,179958,3532800,3508224,24576,5813186,0.5729715743781293,3330560,5,842996,,4.684404138743485,"{""block_cap"": 0.35, ""init"": ""rr"", ""level_mode"": ""alap_compress""}",False,
case_034,3,3,5,capls,c14,0,0.567,0.765,True,171819,4739072,3508224,1230848,7019458,0.45494182051685667,2913280,3745,842996,,4.9063025625803895,"{""alpha"": 0.8, ""block_cap"": 0.35, ""init"": ""rr"", ""mu"": 1.0, ""nu"": 0.5, ""subgraph_mode"": ""op""}",False,
case_034,3,3,5,capls,c15,0,0.729,0.897,True,169942,4716548,3508224,1208324,6996934,0.5128514150463755,3278336,3745,842996,,4.960492403290535,"{""alpha"": 1.0, ""block_cap"": 0.35, ""init"": ""rr"", ""mu"": 1.0, ""nu"": 0.5, ""subgraph_mode"": ""op""}",False,
case_034,3,3,5,capls,c16,0,0.644,0.909,True,180215,4937728,3508224,1429504,7218114,0.48098219887558896,3127808,3745,842996,,4.677723829869878,"{""alpha"": 0.8, ""block_cap"": 0.35, ""init"": ""rr"", ""mu"": 0.0, ""nu"": 0.0, ""subgraph_mode"": ""op""}",False,
case_034,3,3,5,capls,c17,0,0.593,0.765,True,171819,4739072,3508224,1230848,7019458,0.45494182051685667,2913280,3745,842996,,4.9063025625803895,"{""alpha"": 0.8, ""block_cap"": 0.15, ""init"": ""rr"", ""mu"": 1.0, ""nu"": 0.5, ""subgraph_mode"": ""op""}",False,
case_034,3,3,5,capls,_best,0,0.226,1.354,True,164813,3508224,3508224,0,5788610,0.5755812507083367,3331584,155,842996,,5.114863511980245,"{""block_cap"": 0.35, ""init"": ""rr"", ""subgraph_mode"": ""block""}",True,results\plans\case_034_p3_n5_capls_best.json
case_043,2,2,2,capls,c0,0,0.261,3.01,True,587562,1718790,1561368,157422,3149912,,,12,677656,,1.153335307593071,"{""block_cap"": 0.35}",False,
case_043,2,2,2,capls,c1,0,0.242,3.01,True,587562,1718790,1561368,157422,3149912,,,12,677656,,1.153335307593071,"{""block_cap"": 0.15}",False,
case_043,2,2,2,capls,c2,0,0.447,3.442,True,407471,1884268,1884268,0,3315390,,,26,677656,,1.6630778632098973,"{""block_cap"": 0.35, ""init"": ""rr""}",False,
case_043,2,2,2,capls,c3,0,0.327,2.679,True,578502,701074,492166,208908,2132196,,,9,677656,,1.1713978516928205,"{""block_cap"": 0.35, ""init"": ""contig""}",False,
case_043,2,2,2,capls,c4,0,0.182,3.414,True,426763,1626908,1561368,65540,3058030,,,355,677656,,1.5878977324650918,"{""block_cap"": 0.35, ""subgraph_mode"": ""block""}",False,
case_043,2,2,2,capls,c5,0,0.534,3.43,True,401006,1884268,1884268,0,3315390,,,355,677656,,1.6898899268340124,"{""block_cap"": 0.35, ""init"": ""rr"", ""subgraph_mode"": ""block""}",False,
case_043,2,2,2,capls,c6,0,0.219,3.107,True,585599,898500,880700,17800,2329622,,,5,677656,,1.1572014296472501,"{""block_cap"": 0.6, ""comm_weight"": 1e-06}",False,
case_043,2,2,2,capls,c7,0,0.27,3.01,True,587562,1718790,1561368,157422,3149912,,,12,677656,,1.153335307593071,"{""block_cap"": 0.08}",False,
case_043,2,2,2,capls,c8,0,0.404,8.668,True,588716,5026436,4977280,49156,6457558,,,25,677656,,1.1510745418843722,"{""block_cap"": 0.005}",False,
case_043,2,2,2,capls,c9,0,0.276,7.02,True,503461,1707430,1561368,146062,3138552,,,25,677656,,1.3459950224545694,"{""block_cap"": 0.35, ""max_ops"": 500}",False,
case_043,2,2,2,capls,c10,0,0.108,6.889,True,677656,49160,0,49160,1480282,,,1,677656,,1.0,"{""block_cap"": 0.35, ""cores_used"": 1}",False,
case_043,2,2,2,capls,c11,0,0.305,3.01,True,587562,1718790,1561368,157422,3149912,,,12,677656,,1.153335307593071,"{""block_cap"": 0.35, ""sync_weight"": 0.0}",False,
case_043,2,2,2,capls,c12,0,0.44,2.349,True,368824,1925232,1884268,40964,3356354,,,26,677656,,1.8373424722903064,"{""block_cap"": 0.35, ""init"": ""rr"", ""level_mode"": ""alap_fill""}",False,
case_043,2,2,2,capls,c13,0,0.409,2.349,True,368824,1925232,1884268,40964,3356354,,,26,677656,,1.8373424722903064,"{""block_cap"": 0.35, ""init"": ""rr"", ""level_mode"": ""alap_compress""}",False,
case_043,2,2,2,capls,c14,0,1.551,2.361,True,335472,1884268,1884268,0,3315390,,,9309,677656,,2.020007631039252,"{""alpha"": 0.8, ""block_cap"": 0.35, ""init"": ""rr"", ""mu"": 1.0, ""nu"": 0.5, ""subgraph_mode"": ""op""}",False,
case_043,2,2,2,capls,c15,0,1.545,2.222,True,327858,1884268,1884268,0,3315390,,,9309,677656,,2.0669192150260174,"{""alpha"": 1.0, ""block_cap"": 0.35, ""init"": ""rr"", ""mu"": 1.0, ""nu"": 0.5, ""subgraph_mode"": ""op""}",True,
case_043,2,2,2,capls,c16,0,1.373,2.018,True,353535,1884268,1884268,0,3315390,,,9309,677656,,1.9168003168003167,"{""alpha"": 0.8, ""block_cap"": 0.35, ""init"": ""rr"", ""mu"": 0.0, ""nu"": 0.0, ""subgraph_mode"": ""op""}",False,
case_043,2,2,2,capls,c17,0,1.438,2.361,True,335472,1884268,1884268,0,3315390,,,9309,677656,,2.020007631039252,"{""alpha"": 0.8, ""block_cap"": 0.15, ""init"": ""rr"", ""mu"": 1.0, ""nu"": 0.5, ""subgraph_mode"": ""op""}",False,
case_043,2,2,2,capls,_best,0,1.525,2.222,True,327858,1884268,1884268,0,3315390,,,9309,677656,,2.0669192150260174,"{""alpha"": 1.0, ""block_cap"": 0.35, ""init"": ""rr"", ""mu"": 1.0, ""nu"": 0.5, ""subgraph_mode"": ""op""}",True,results\plans\case_043_p2_n2_capls_best.json
case_043,2,2,3,capls,c0,0,0.372,2.699,True,308174,2953824,2869840,83984,4384946,,,38,677656,,2.1989395601186343,"{""block_cap"": 0.35}",False,
case_043,2,2,3,capls,c1,0,0.414,2.699,True,308174,2953824,2869840,83984,4384946,,,38,677656,,2.1989395601186343,"{""block_cap"": 0.15}",False,
case_043,2,2,3,capls,c2,0,0.573,2.744,True,291682,3085000,3085000,0,4516122,,,30,677656,,2.3232698623843775,"{""block_cap"": 0.35, ""init"": ""rr""}",False,
case_043,2,2,3,capls,c3,0,0.648,2.851,True,418287,982528,964794,17734,2413650,,,11,677656,,1.6200742552362373,"{""block_cap"": 0.35, ""init"": ""contig""}",False,
case_043,2,2,3,capls,c4,0,0.366,3.351,True,335316,2935380,2869840,65540,4366502,,,355,677656,,2.0209474048360354,"{""block_cap"": 0.35, ""subgraph_mode"": ""block""}",False,
case_043,2,2,3,capls,c5,0,0.604,3.519,True,320770,3085000,3085000,0,4516122,,,355,677656,,2.112591576519001,"{""block_cap"": 0.35, ""init"": ""rr"", ""subgraph_mode"": ""block""}",False,
case_043,2,2,3,capls,c6,0,0.431,3.332,True,315057,2957408,2873424,83984,4388530,,,39,677656,,2.15089967847088,"{""block_cap"": 0.6, ""comm_weight"": 1e-06}",False,
case_043,2,2,3,capls,c7,0,0.33,2.699,True,308174,2953824,2869840,83984,4384946,,,38,677656,,2.1989395601186343,"{""block_cap"": 0.08}",False,
case_043,2,2,3,capls,c8,0,0.593,11.222,True,364359,8180838,8054912,125926,9611960,,,120,677656,,1.8598579971950742,"{""block_cap"": 0.005}",False,
case_043,2,2,3,capls,c9,0,0.436,6.551,True,311525,2919000,2869840,49160,4350122,,,43,677656,,2.17528609260894,"{""block_cap"": 0.35, ""max_ops"": 500}",False,
case_043,2,2,3,capls,c10,0,0.27,7.597,True,587562,1718790,1561368,157422,3149912,,,12,677656,,1.153335307593071,"{""block_cap"": 0.35, ""cores_used"": 2}",False,
case_043,2,2,3,capls,c11,0,0.282,2.699,True,308174,2953824,2869840,83984,4384946,,,38,677656,,2.1989395601186343,"{""block_cap"": 0.35, ""sync_weight"": 0.0}",False,
case_043,2,2,3,capls,c12,0,0.643,2.302,True,292498,3085000,3085000,0,4516122,,,30,677656,,2.3167884908614758,"{""block_cap"": 0.35, ""init"": ""rr"", ""level_mode"": ""alap_fill""}",False,
case_043,2,2,3,capls,c13,0,0.607,2.302,True,292498,3085000,3085000,0,4516122,,,30,677656,,2.3167884908614758,"{""block_cap"": 0.35, ""init"": ""rr"", ""level_mode"": ""alap_compress""}",False,
case_043,2,2,3,capls,c14,0,1.737,1.896,True,233865,3085000,3085000,0,4516122,,,9309,677656,,2.8976375259230753,"{""alpha"": 0.8, ""block_cap"": 0.35, ""init"": ""rr"", ""mu"": 1.0, ""nu"": 0.5, ""subgraph_mode"": ""op""}",False,
case_043,2,2,3,capls,c15,0,1.684,1.66,True,230016,3085000,3085000,0,4516122,,,9309,677656,,2.9461254869226488,"{""alpha"": 1.0, ""block_cap"": 0.35, ""init"": ""rr"", ""mu"": 1.0, ""nu"": 0.5, ""subgraph_mode"": ""op""}",True,
case_043,2,2,3,capls,c16,0,1.736,1.728,True,253272,3085000,3085000,0,4516122,,,9309,677656,,2.675605672952399,"{""alpha"": 0.8, ""block_cap"": 0.35, ""init"": ""rr"", ""mu"": 0.0, ""nu"": 0.0, ""subgraph_mode"": ""op""}",False,
case_043,2,2,3,capls,c17,0,1.542,1.896,True,233865,3085000,3085000,0,4516122,,,9309,677656,,2.8976375259230753,"{""alpha"": 0.8, ""block_cap"": 0.15, ""init"": ""rr"", ""mu"": 1.0, ""nu"": 0.5, ""subgraph_mode"": ""op""}",False,
case_043,2,2,3,capls,_best,0,1.966,1.66,True,230016,3085000,3085000,0,4516122,,,9309,677656,,2.9461254869226488,"{""alpha"": 1.0, ""block_cap"": 0.35, ""init"": ""rr"", ""mu"": 1.0, ""nu"": 0.5, ""subgraph_mode"": ""op""}",True,results\plans\case_043_p2_n3_capls_best.json
case_043,3,3,2,capls,c0,0,0.284,3.117,True,587562,1718790,1561368,157422,3149912,0.3025161630204359,814264,12,677656,,1.153335307593071,"{""block_cap"": 0.35}",False,
case_043,3,3,2,capls,c1,0,0.343,3.117,True,587562,1718790,1561368,157422,3149912,0.3025161630204359,814264,12,677656,,1.153335307593071,"{""block_cap"": 0.15}",False,
case_043,3,3,2,capls,c2,0,0.465,3.206,True,406885,1884268,1884268,0,3315390,0.31917281451428475,904380,26,677656,,1.6654730452093343,"{""block_cap"": 0.35, ""init"": ""rr""}",False,
case_043,3,3,2,capls,c3,0,0.306,3.263,True,578474,701074,492166,208908,2132196,0.13992608787377211,266630,9,677656,,1.1714545511120638,"{""block_cap"": 0.35, ""init"": ""contig""}",False,
case_043,3,3,2,capls,c4,0,0.265,3.777,True,426152,1626908,1561368,65540,3058030,0.30855583095882794,818872,355,677656,,1.5901743978674276,"{""block_cap"": 0.35, ""subgraph_mode"": ""block""}",False,
case_043,3,3,2,capls,c5,0,0.447,3.266,True,400746,1884268,1884268,0,3315390,0.31917281451428475,904380,355,677656,,1.69098631053086,"{""block_cap"": 0.35, ""init"": ""rr"", ""subgraph_mode"": ""block""}",False,
case_043,3,3,2,capls,c6,0,0.184,3.344,True,585597,898500,880700,17800,2329622,0.27083641808120557,588982,5,677656,,1.157205381858172,"{""block_cap"": 0.6, ""comm_weight"": 1e-06}",False,
case_043,3,3,2,capls,c7,0,0.238,3.117,True,587562,1718790,1561368,157422,3149912,0.3025161630204359,814264,12,677656,,1.153335307593071,"{""block_cap"": 0.08}",False,
case_043,3,3,2,capls,c8,0,0.382,9.74,True,588716,5026436,4977280,49156,6457558,0.24391988173322732,1096896,25,677656,,1.1510745418843722,"{""block_cap"": 0.005}",False,
case_043,3,3,2,capls,c9,0,0.237,7.035,True,503461,1707430,1561368,146062,3138552,0.30582607769741743,821436,25,677656,,1.3459950224545694,"{""block_cap"": 0.35, ""max_ops"": 500}",False,
case_043,3,3,2,capls,c10,0,0.082,7.358,True,677656,49160,0,49160,1480282,0.03320740032104811,49152,1,677656,,1.0,"{""block_cap"": 0.35, ""cores_used"": 1}",False,
case_043,3,3,2,capls,c11,0,0.252,3.117,True,587562,1718790,1561368,157422,3149912,0.3025161630204359,814264,12,677656,,1.153335307593071,"{""block_cap"": 0.35, ""sync_weight"": 0.0}",False,
case_043,3,3,2,capls,c12,0,0.486,2.287,True,368770,1925232,1884268,40964,3356354,0.29206477608138576,834748,26,677656,,1.8376115193752203,"{""block_cap"": 0.35, ""init"": ""rr"", ""level_mode"": ""alap_fill""}",False,
case_043,3,3,2,capls,c13,0,0.478,2.287,True,368770,1925232,1884268,40964,3356354,0.29206477608138576,834748,26,677656,,1.8376115193752203,"{""block_cap"": 0.35, ""init"": ""rr"", ""level_mode"": ""alap_compress""}",False,
case_043,3,3,2,capls,c14,0,1.383,2.171,True,335441,1884268,1884268,0,3315390,0.3129840283012742,886844,9309,677656,,2.0201943113692127,"{""alpha"": 0.8, ""block_cap"": 0.35, ""init"": ""rr"", ""mu"": 1.0, ""nu"": 0.5, ""subgraph_mode"": ""op""}",False,
case_043,3,3,2,capls,c15,0,1.521,2.255,True,327792,1884268,1884268,0,3315390,0.31840486294040754,902204,9309,677656,,2.067335383413872,"{""alpha"": 1.0, ""block_cap"": 0.35, ""init"": ""rr"", ""mu"": 1.0, ""nu"": 0.5, ""subgraph_mode"": ""op""}",True,
case_043,3,3,2,capls,c16,0,1.439,2.106,True,353531,1884268,1884268,0,3315390,0.31912693505444834,904250,9309,677656,,1.9168220042938242,"{""alpha"": 0.8, ""block_cap"": 0.35, ""init"": ""rr"", ""mu"": 0.0, ""nu"": 0.0, ""subgraph_mode"": ""op""}",False,
case_043,3,3,2,capls,c17,0,1.464,2.171,True,335441,1884268,1884268,0,3315390,0.3129840283012742,886844,9309,677656,,2.0201943113692127,"{""alpha"": 0.8, ""block_cap"": 0.15, ""init"": ""rr"", ""mu"": 1.0, ""nu"": 0.5, ""subgraph_mode"": ""op""}",False,
case_043,3,3,2,capls,_best,0,1.4,2.255,True,327792,1884268,1884268,0,3315390,0.31840486294040754,902204,9309,677656,,2.067335383413872,"{""alpha"": 1.0, ""block_cap"": 0.35, ""init"": ""rr"", ""mu"": 1.0, ""nu"": 0.5, ""subgraph_mode"": ""op""}",True,results\plans\case_043_p3_n2_capls_best.json
case_043,3,3,3,capls,c0,0,0.378,3.287,True,308081,2953824,2869840,83984,4384946,0.4298223552321456,1527856,38,677656,,2.1996033510667647,"{""block_cap"": 0.35}",False,
case_043,3,3,3,capls,c1,0,0.437,3.287,True,308081,2953824,2869840,83984,4384946,0.4298223552321456,1527856,38,677656,,2.1996033510667647,"{""block_cap"": 0.15}",False,
case_043,3,3,3,capls,c2,0,0.579,3.504,True,290216,3085000,3085000,0,4516122,0.46757188412787737,1744838,30,677656,,2.3350056509634203,"{""block_cap"": 0.35, ""init"": ""rr""}",False,
case_043,3,3,3,capls,c3,0,0.61,3.129,True,418283,982528,964794,17734,2413650,0.2633617728932432,582788,11,677656,,1.6200897478501397,"{""block_cap"": 0.35, ""init"": ""contig""}",False,
case_043,3,3,3,capls,c4,0,0.415,3.256,True,335062,2935380,2869840,65540,4366502,0.41197324395892604,1463984,355,677656,,2.0224794217189657,"{""block_cap"": 0.35, ""subgraph_mode"": ""block""}",False,
case_043,3,3,3,capls,c5,0,0.539,3.317,True,319852,3085000,3085000,0,4516122,0.45850416700163465,1711000,355,677656,,2.11865487788102,"{""block_cap"": 0.35, ""init"": ""rr"", ""subgraph_mode"": ""block""}",False,
case_043,3,3,3,capls,c6,0,0.375,3.136,True,315016,2957408,2873424,83984,4388530,0.4291475097668592,1527984,39,677656,,2.151179622622343,"{""block_cap"": 0.6, ""comm_weight"": 1e-06}",False,
case_043,3,3,3,capls,c7,0,0.299,3.287,True,308081,2953824,2869840,83984,4384946,0.4298223552321456,1527856,38,677656,,2.1996033510667647,"{""block_cap"": 0.08}",False,
case_043,3,3,3,capls,c8,0,0.632,10.261,True,363134,8180838,8054912,125926,9611960,0.2480556119227052,1484018,120,677656,,1.8661320614428833,"{""block_cap"": 0.005}",False,
case_043,3,3,3,capls,c9,0,0.381,5.108,True,311289,2919000,2869840,49160,4350122,0.4424319972136216,1564974,43,677656,,2.1769352595176827,"{""block_cap"": 0.35, ""max_ops"": 500}",False,
case_043,3,3,3,capls,c10,0,0.253,7.67,True,587562,1718790,1561368,157422,3149912,0.3025161630204359,814264,12,677656,,1.153335307593071,"{""block_cap"": 0.35, ""cores_used"": 2}",False,
case_043,3,3,3,capls,c11,0,0.272,3.287,True,308081,2953824,2869840,83984,4384946,0.4298223552321456,1527856,38,677656,,2.1996033510667647,"{""block_cap"": 0.35, ""sync_weight"": 0.0}",False,
case_043,3,3,3,capls,c12,0,0.568,1.956,True,292311,3085000,3085000,0,4516122,0.4453798536859876,1662024,30,677656,,2.318270609043108,"{""block_cap"": 0.35, ""init"": ""rr"", ""level_mode"": ""alap_fill""}",False,
case_043,3,3,3,capls,c13,0,0.594,1.956,True,292311,3085000,3085000,0,4516122,0.4453798536859876,1662024,30,677656,,2.318270609043108,"{""block_cap"": 0.35, ""init"": ""rr"", ""level_mode"": ""alap_compress""}",False,
case_043,3,3,3,capls,c14,0,1.749,1.685,True,233343,3085000,3085000,0,4516122,0.4564589865208886,1703368,9309,677656,,2.904119686470132,"{""alpha"": 0.8, ""block_cap"": 0.35, ""init"": ""rr"", ""mu"": 1.0, ""nu"": 0.5, ""subgraph_mode"": ""op""}",False,
case_043,3,3,3,capls,c15,0,1.606,2.012,True,229480,3085000,3085000,0,4516122,0.45673339228769727,1704392,9309,677656,,2.9530067979780372,"{""alpha"": 1.0, ""block_cap"": 0.35, ""init"": ""rr"", ""mu"": 1.0, ""nu"": 0.5, ""subgraph_mode"": ""op""}",True,
case_043,3,3,3,capls,c16,0,1.756,2.072,True,253241,3085000,3085000,0,4516122,0.44507114719832785,1660872,9309,677656,,2.675933201969665,"{""alpha"": 0.8, ""block_cap"": 0.35, ""init"": ""rr"", ""mu"": 0.0, ""nu"": 0.0, ""subgraph_mode"": ""op""}",False,
case_043,3,3,3,capls,c17,0,1.765,1.685,True,233343,3085000,3085000,0,4516122,0.4564589865208886,1703368,9309,677656,,2.904119686470132,"{""alpha"": 0.8, ""block_cap"": 0.15, ""init"": ""rr"", ""mu"": 1.0, ""nu"": 0.5, ""subgraph_mode"": ""op""}",False,
case_043,3,3,3,capls,_best,0,1.909,2.012,True,229480,3085000,3085000,0,4516122,0.45673339228769727,1704392,9309,677656,,2.9530067979780372,"{""alpha"": 1.0, ""block_cap"": 0.35, ""init"": ""rr"", ""mu"": 1.0, ""nu"": 0.5, ""subgraph_mode"": ""op""}",True,results\plans\case_043_p3_n3_capls_best.json
case_043,2,2,4,capls,c0,0,0.368,3.408,True,248309,3888126,3825012,63114,5319248,,,49,677656,,2.7290835209356086,"{""block_cap"": 0.35}",False,
case_043,2,2,4,capls,c1,0,0.358,3.408,True,248309,3888126,3825012,63114,5319248,,,49,677656,,2.7290835209356086,"{""block_cap"": 0.15}",False,
case_043,2,2,4,capls,c2,0,1.169,3.042,True,231453,4132756,4132756,0,5563878,,,51,677656,,2.9278341607151344,"{""block_cap"": 0.35, ""init"": ""rr""}",False,
case_043,2,2,4,capls,c3,0,1.057,2.752,True,396979,1222036,1222036,0,2653158,,,14,677656,,1.7070323619133505,"{""block_cap"": 0.35, ""init"": ""contig""}",False,
case_043,2,2,4,capls,c4,0,0.468,2.997,True,269903,3874168,3825012,49156,5305290,,,355,677656,,2.510739043285921,"{""block_cap"": 0.35, ""subgraph_mode"": ""block""}",False,
case_043,2,2,4,capls,c5,0,1.089,2.968,True,260117,4132756,4132756,0,5563878,,,355,677656,,2.605196892167755,"{""block_cap"": 0.35, ""init"": ""rr"", ""subgraph_mode"": ""block""}",False,
case_043,2,2,4,capls,c6,0,0.516,3.367,True,242326,3876732,3816308,60424,5307854,,,51,677656,,2.7964642671442603,"{""block_cap"": 0.6, ""comm_weight"": 1e-06}",False,
case_043,2,2,4,capls,c7,0,1.861,4.476,True,399776,6674066,6638222,35844,8105188,,,152,677656,,1.6950892499799888,"{""block_cap"": 0.08}",False,
case_043,2,2,4,capls,c8,0,1.878,10.84,True,374624,9100736,9051572,49164,10531858,,,163,677656,,1.808896386777142,"{""block_cap"": 0.005}",False,
case_043,2,2,4,capls,c9,0,0.432,6.797,True,243772,3856760,3825012,31748,5287882,,,55,677656,,2.7798762778333854,"{""block_cap"": 0.35, ""max_ops"": 500}",False,
case_043,2,2,4,capls,c10,0,0.402,7.25,True,308174,2953824,2869840,83984,4384946,,,38,677656,,2.1989395601186343,"{""block_cap"": 0.35, ""cores_used"": 3}",False,
case_043,2,2,4,capls,c11,0,0.391,3.408,True,248309,3888126,3825012,63114,5319248,,,49,677656,,2.7290835209356086,"{""block_cap"": 0.35, ""sync_weight"": 0.0}",False,
case_043,2,2,4,capls,c12,0,1.128,2.301,True,213633,4132756,4132756,0,5563878,,,52,677656,,3.1720567515318328,"{""block_cap"": 0.35, ""init"": ""rr"", ""level_mode"": ""alap_fill""}",False,
case_043,2,2,4,capls,c13,0,1.12,2.301,True,213633,4132756,4132756,0,5563878,,,52,677656,,3.1720567515318328,"{""block_cap"": 0.35, ""init"": ""rr"", ""level_mode"": ""alap_compress""}",False,
case_043,2,2,4,capls,c14,0,2.131,1.873,True,205499,4132756,4132756,0,5563878,,,9309,677656,,3.2976121538304324,"{""alpha"": 0.8, ""block_cap"": 0.35, ""init"": ""rr"", ""mu"": 1.0, ""nu"": 0.5, ""subgraph_mode"": ""op""}",True,
case_043,2,2,4,capls,c15,0,2.302,2.255,True,206565,4132756,4132756,0,5563878,,,9309,677656,,3.2805944859971437,"{""alpha"": 1.0, ""block_cap"": 0.35, ""init"": ""rr"", ""mu"": 1.0, ""nu"": 0.5, ""subgraph_mode"": ""op""}",False,
case_043,2,2,4,capls,c16,0,1.947,2.381,True,222485,4132756,4132756,0,5563878,,,9309,677656,,3.045850282041486,"{""alpha"": 0.8, ""block_cap"": 0.35, ""init"": ""rr"", ""mu"": 0.0, ""nu"": 0.0, ""subgraph_mode"": ""op""}",False,
case_043,2,2,4,capls,c17,0,2.234,1.873,True,205499,4132756,4132756,0,5563878,,,9309,677656,,3.2976121538304324,"{""alpha"": 0.8, ""block_cap"": 0.15, ""init"": ""rr"", ""mu"": 1.0, ""nu"": 0.5, ""subgraph_mode"": ""op""}",False,
case_043,2,2,4,capls,_best,0,2.272,1.873,True,205499,4132756,4132756,0,5563878,,,9309,677656,,3.2976121538304324,"{""alpha"": 0.8, ""block_cap"": 0.35, ""init"": ""rr"", ""mu"": 1.0, ""nu"": 0.5, ""subgraph_mode"": ""op""}",True,results\plans\case_043_p2_n4_capls_best.json
case_043,2,2,5,capls,c0,0,0.637,2.925,True,228973,4684850,4634826,50024,6115972,,,58,677656,,2.9595454485900086,"{""block_cap"": 0.35}",False,
case_043,2,2,5,capls,c1,0,0.663,2.925,True,228973,4684850,4634826,50024,6115972,,,58,677656,,2.9595454485900086,"{""block_cap"": 0.15}",False,
case_043,2,2,5,capls,c2,0,1.261,2.935,True,225828,4782584,4782584,0,6213706,,,63,677656,,3.000761641603344,"{""block_cap"": 0.35, ""init"": ""rr""}",False,
case_043,2,2,5,capls,c3,0,1.081,2.469,True,387172,1362396,1313236,49160,2793518,,,16,677656,,1.7502711972973253,"{""block_cap"": 0.35, ""init"": ""contig""}",False,
case_043,2,2,5,capls,c4,0,0.494,2.961,True,279165,4683982,4634826,49156,6115104,,,355,677656,,2.427438969784894,"{""block_cap"": 0.35, ""subgraph_mode"": ""block""}",False,
case_043,2,2,5,capls,c5,0,1.197,3.511,True,294393,4782584,4782584,0,6213706,,,355,677656,,2.301875384265251,"{""block_cap"": 0.35, ""init"": ""rr"", ""subgraph_mode"": ""block""}",False,
case_043,2,2,5,capls,c6,0,0.58,2.915,True,229716,4676658,4626634,50024,6107780,,,58,677656,,2.9499730101516657,"{""block_cap"": 0.6, ""comm_weight"": 1e-06}",False,
case_043,2,2,5,capls,c7,0,1.827,4.45,True,399221,6853072,6787430,65642,8284194,,,186,677656,,1.6974457756480745,"{""block_cap"": 0.08}",False,
case_043,2,2,5,capls,c8,0,1.773,9.728,True,410551,10958258,10958258,0,12389380,,,252,677656,,1.6506012651290582,"{""block_cap"": 0.005}",False,
case_043,2,2,5,capls,c9,0,0.588,7.897,True,232996,4675790,4634826,40964,6106912,,,65,677656,,2.9084447801679,"{""block_cap"": 0.35, ""max_ops"": 500}",False,
case_043,2,2,5,capls,c10,0,0.463,7.382,True,248309,3888126,3825012,63114,5319248,,,49,677656,,2.7290835209356086,"{""block_cap"": 0.35, ""cores_used"": 4}",False,
case_043,2,2,5,capls,c11,0,0.511,2.925,True,228973,4684850,4634826,50024,6115972,,,58,677656,,2.9595454485900086,"{""block_cap"": 0.35, ""sync_weight"": 0.0}",False,
case_043,2,2,5,capls,c12,0,1.067,2.292,True,214611,4782584,4782584,0,6213706,,,65,677656,,3.157601427699419,"{""block_cap"": 0.35, ""init"": ""rr"", ""level_mode"": ""alap_fill""}",False,
case_043,2,2,5,capls,c13,0,1.03,2.292,True,214611,4782584,4782584,0,6213706,,,65,677656,,3.157601427699419,"{""block_cap"": 0.35, ""init"": ""rr"", ""level_mode"": ""alap_compress""}",False,
case_043,2,2,5,capls,c14,0,2.362,2.09,True,192120,4782584,4782584,0,6213706,,,9309,677656,,3.5272537997085154,"{""alpha"": 0.8, ""block_cap"": 0.35, ""init"": ""rr"", ""mu"": 1.0, ""nu"": 0.5, ""subgraph_mode"": ""op""}",True,
case_043,2,2,5,capls,c15,0,2.32,2.09,True,192120,4782584,4782584,0,6213706,,,9309,677656,,3.5272537997085154,"{""alpha"": 1.0, ""block_cap"": 0.35, ""init"": ""rr"", ""mu"": 1.0, ""nu"": 0.5, ""subgraph_mode"": ""op""}",False,
case_043,2,2,5,capls,c16,0,2.317,1.943,True,204236,4782584,4782584,0,6213706,,,9309,677656,,3.318004661274212,"{""alpha"": 0.8, ""block_cap"": 0.35, ""init"": ""rr"", ""mu"": 0.0, ""nu"": 0.0, ""subgraph_mode"": ""op""}",False,
case_043,2,2,5,capls,c17,0,2.316,2.09,True,192120,4782584,4782584,0,6213706,,,9309,677656,,3.5272537997085154,"{""alpha"": 0.8, ""block_cap"": 0.15, ""init"": ""rr"", ""mu"": 1.0, ""nu"": 0.5, ""subgraph_mode"": ""op""}",False,
case_043,2,2,5,capls,_best,0,2.209,2.09,True,192120,4782584,4782584,0,6213706,,,9309,677656,,3.5272537997085154,"{""alpha"": 0.8, ""block_cap"": 0.35, ""init"": ""rr"", ""mu"": 1.0, ""nu"": 0.5, ""subgraph_mode"": ""op""}",True,results\plans\case_043_p2_n5_capls_best.json
case_043,3,3,4,capls,c0,0,0.434,3.451,True,246249,3888126,3825012,63114,5319248,0.48395276807186954,2063442,49,677656,,2.751913713355181,"{""block_cap"": 0.35}",False,
case_043,3,3,4,capls,c1,0,0.473,3.451,True,246249,3888126,3825012,63114,5319248,0.48395276807186954,2063442,49,677656,,2.751913713355181,"{""block_cap"": 0.15}",False,
case_043,3,3,4,capls,c2,0,1.16,2.762,True,226391,4132756,4132756,0,5563878,0.5107341691211011,2287562,51,677656,,2.9932992035902486,"{""block_cap"": 0.35, ""init"": ""rr""}",False,
case_043,3,3,4,capls,c3,0,1.052,2.365,True,396979,1222036,1222036,0,2653158,0.33639469133920086,829552,14,677656,,1.7070323619133505,"{""block_cap"": 0.35, ""init"": ""contig""}",False,
case_043,3,3,4,capls,c4,0,0.515,3.064,True,267225,3874168,3825012,49156,5305290,0.4376968991787277,1870334,355,677656,,2.535900458415193,"{""block_cap"": 0.35, ""subgraph_mode"": ""block""}",False,
case_043,3,3,4,capls,c5,0,0.977,2.773,True,257748,4132756,4132756,0,5563878,0.4591227264852082,2056396,355,677656,,2.629141642224188,"{""block_cap"": 0.35, ""init"": ""rr"", ""subgraph_mode"": ""block""}",False,
case_043,3,3,4,capls,c6,0,0.529,2.843,True,241329,3876732,3816308,60424,5307854,0.4832957808122427,2058320,51,677656,,2.8080172710283473,"{""block_cap"": 0.6, ""comm_weight"": 1e-06}",False,
case_043,3,3,4,capls,c7,0,0.815,3.328,True,318429,8983448,8899950,83498,10414570,0.44367053791214234,3108362,167,677656,,2.1281227526387356,"{""block_cap"": 0.08}",False,
case_043,3,3,4,capls,c8,0,1.845,11.87,True,346471,9812032,9762868,49164,11243154,0.37105656254877045,2696166,163,677656,,1.9558808673741814,"{""block_cap"": 0.005}",False,
case_043,3,3,4,capls,c9,0,0.524,7.015,True,242219,3856760,3825012,31748,5287882,0.5107467202943496,2169934,55,677656,,2.797699602425904,"{""block_cap"": 0.35, ""max_ops"": 500}",False,
case_043,3,3,4,capls,c10,0,0.434,7.845,True,308081,2953824,2869840,83984,4384946,0.4298223552321456,1527856,38,677656,,2.1996033510667647,"{""block_cap"": 0.35, ""cores_used"": 3}",False,
case_043,3,3,4,capls,c11,0,0.376,3.451,True,246249,3888126,3825012,63114,5319248,0.48395276807186954,2063442,49,677656,,2.751913713355181,"{""block_cap"": 0.35, ""sync_weight"": 0.0}",False,
case_043,3,3,4,capls,c12,0,1.169,2.042,True,212524,4132756,4132756,0,5563878,0.5154209630432725,2308554,52,677656,,3.1886092864805855,"{""block_cap"": 0.35, ""init"": ""rr"", ""level_mode"": ""alap_fill""}",False,
case_043,3,3,4,capls,c13,0,1.15,2.042,True,212524,4132756,4132756,0,5563878,0.5154209630432725,2308554,52,677656,,3.1886092864805855,"{""block_cap"": 0.35, ""init"": ""rr"", ""level_mode"": ""alap_compress""}",False,
case_043,3,3,4,capls,c14,0,2.087,2.239,True,204676,4132756,4132756,0,5563878,0.4929305143506272,2207820,9309,677656,,3.3108718169204012,"{""alpha"": 0.8, ""block_cap"": 0.35, ""init"": ""rr"", ""mu"": 1.0, ""nu"": 0.5, ""subgraph_mode"": ""op""}",True,
case_043,3,3,4,capls,c15,0,2.304,2.251,True,205727,4132756,4132756,0,5563878,0.4930162483857889,2208204,9309,677656,,3.2939575262362255,"{""alpha"": 1.0, ""block_cap"": 0.35, ""init"": ""rr"", ""mu"": 1.0, ""nu"": 0.5, ""subgraph_mode"": ""op""}",False,
case_043,3,3,4,capls,c16,0,2.132,2.203,True,221009,4132756,4132756,0,5563878,0.49958829801865073,2237640,9309,677656,,3.066191874539046,"{""alpha"": 0.8, ""block_cap"": 0.35, ""init"": ""rr"", ""mu"": 0.0, ""nu"": 0.0, ""subgraph_mode"": ""op""}",False,
case_043,3,3,4,capls,c17,0,2.022,2.239,True,204676,4132756,4132756,0,5563878,0.4929305143506272,2207820,9309,677656,,3.3108718169204012,"{""alpha"": 0.8, ""block_cap"": 0.15, ""init"": ""rr"", ""mu"": 1.0, ""nu"": 0.5, ""subgraph_mode"": ""op""}",False,
case_043,3,3,4,capls,_best,0,2.279,2.239,True,204676,4132756,4132756,0,5563878,0.4929305143506272,2207820,9309,677656,,3.3108718169204012,"{""alpha"": 0.8, ""block_cap"": 0.35, ""init"": ""rr"", ""mu"": 1.0, ""nu"": 0.5, ""subgraph_mode"": ""op""}",True,results\plans\case_043_p3_n4_capls_best.json
case_043,3,3,5,capls,c0,0,0.7,3.325,True,224268,4684850,4634826,50024,6115972,0.5642279525971752,2731748,58,677656,,3.0216348297572546,"{""block_cap"": 0.35}",False,
case_043,3,3,5,capls,c1,0,0.579,3.325,True,224268,4684850,4634826,50024,6115972,0.5642279525971752,2731748,58,677656,,3.0216348297572546,"{""block_cap"": 0.15}",False,
case_043,3,3,5,capls,c2,0,1.101,3.398,True,203874,5217408,5217408,0,6648530,0.589999797358607,3144470,64,677656,,3.32389613192462,"{""block_cap"": 0.35, ""init"": ""rr""}",False,
case_043,3,3,5,capls,c3,0,1.043,2.264,True,387069,1362396,1313236,49160,2793518,0.3394689920971698,871994,16,677656,,1.7507369487094033,"{""block_cap"": 0.35, ""init"": ""contig""}",False,
case_043,3,3,5,capls,c4,0,0.615,2.267,True,268867,4683982,4634826,49156,6115104,0.5403395480323688,2624708,355,677656,,2.520413438614631,"{""block_cap"": 0.35, ""subgraph_mode"": ""block""}",False,
case_043,3,3,5,capls,c5,0,1.107,2.668,True,237346,5217408,5217408,0,6648530,0.5024155604573091,2677680,355,677656,,2.855139753777186,"{""block_cap"": 0.35, ""init"": ""rr"", ""subgraph_mode"": ""block""}",False,
case_043,3,3,5,capls,c6,0,0.634,2.251,True,224943,4676658,4626634,50024,6107780,0.5323185333165753,2575076,58,677656,,3.0125676282435996,"{""block_cap"": 0.6, ""comm_weight"": 1e-06}",False,
case_043,3,3,5,capls,c7,0,2.024,3.411,True,320182,8562184,8529416,32768,9993306,0.47463350433402324,3255066,186,677656,,2.1164712569725967,"{""block_cap"": 0.08}",False,
case_043,3,3,5,capls,c8,0,1.811,9.72,True,389204,11060470,11060470,0,12491592,0.40418930804106,3132396,248,677656,,1.7411331846538063,"{""block_cap"": 0.005}",False,
case_043,3,3,5,capls,c9,0,0.649,6.783,True,229376,4675790,4634826,40964,6106912,0.5614320168665203,2715668,65,677656,,2.954345703125,"{""block_cap"": 0.35, ""max_ops"": 500}",False,
case_043,3,3,5,capls,c10,0,0.471,7.506,True,246249,3888126,3825012,63114,5319248,0.48395276807186954,2063442,49,677656,,2.751913713355181,"{""block_cap"": 0.35, ""cores_used"": 4}",False,
case_043,3,3,5,capls,c11,0,0.467,3.325,True,224268,4684850,4634826,50024,6115972,0.5642279525971752,2731748,58,677656,,3.0216348297572546,"{""block_cap"": 0.35, ""sync_weight"": 0.0}",False,
case_043,3,3,5,capls,c12,0,1.097,2.994,True,191958,5217408,5217408,0,6648530,0.5640523175045388,3006180,65,677656,,3.5302305712707986,"{""block_cap"": 0.35, ""init"": ""rr"", ""level_mode"": ""alap_fill""}",False,
case_043,3,3,5,capls,c13,0,1.104,2.994,True,191958,5217408,5217408,0,6648530,0.5640523175045388,3006180,65,677656,,3.5302305712707986,"{""block_cap"": 0.35, ""init"": ""rr"", ""level_mode"": ""alap_compress""}",False,
case_043,3,3,5,capls,c14,0,2.179,2.287,True,171690,5217408,5217408,0,6648530,0.5394700402205639,2875166,9309,677656,,3.9469741976818686,"{""alpha"": 0.8, ""block_cap"": 0.35, ""init"": ""rr"", ""mu"": 1.0, ""nu"": 0.5, ""subgraph_mode"": ""op""}",True,
case_043,3,3,5,capls,c15,0,2.255,2.287,True,171690,5217408,5217408,0,6648530,0.5394700402205639,2875166,9309,677656,,3.9469741976818686,"{""alpha"": 1.0, ""block_cap"": 0.35, ""init"": ""rr"", ""mu"": 1.0, ""nu"": 0.5, ""subgraph_mode"": ""op""}",False,
case_043,3,3,5,capls,c16,0,2.292,2.209,True,183912,5217408,5217408,0,6648530,0.5415827643738419,2886426,9309,677656,,3.684675279481491,"{""alpha"": 0.8, ""block_cap"": 0.35, ""init"": ""rr"", ""mu"": 0.0, ""nu"": 0.0, ""subgraph_mode"": ""op""}",False,
case_043,3,3,5,capls,c17,0,2.178,2.287,True,171690,5217408,5217408,0,6648530,0.5394700402205639,2875166,9309,677656,,3.9469741976818686,"{""alpha"": 0.8, ""block_cap"": 0.15, ""init"": ""rr"", ""mu"": 1.0, ""nu"": 0.5, ""subgraph_mode"": ""op""}",False,
case_043,3,3,5,capls,_best,0,2.301,2.287,True,171690,5217408,5217408,0,6648530,0.5394700402205639,2875166,9309,677656,,3.9469741976818686,"{""alpha"": 0.8, ""block_cap"": 0.35, ""init"": ""rr"", ""mu"": 1.0, ""nu"": 0.5, ""subgraph_mode"": ""op""}",True,results\plans\case_043_p3_n5_capls_best.json
case_053,2,2,2,capls,c0,0,0.269,3.539,True,922408,6312662,1520374,4792288,9307950,,,4,1472686,,1.5965668120831562,"{""block_cap"": 0.35}",False,
case_053,2,2,2,capls,c1,0,0.245,3.393,True,999280,6462502,1693750,4768752,9457790,,,5,1472686,,1.4737470979104956,"{""block_cap"": 0.15}",False,
case_053,2,2,2,capls,c2,0,0.349,3.871,True,920800,6312662,1520374,4792288,9307950,,,4,1472686,,1.5993549087749783,"{""block_cap"": 0.35, ""init"": ""rr""}",False,
case_053,2,2,2,capls,c3,0,0.296,2.551,True,765204,5921504,979456,4942048,8916792,,,2,1472686,,1.9245665208232052,"{""block_cap"": 0.35, ""init"": ""contig""}",False,
case_053,2,2,2,capls,c4,0,0.272,3.64,True,951337,6312374,1520374,4792000,9307662,,,56,1472686,,1.5480171590088476,"{""block_cap"": 0.35, ""subgraph_mode"": ""block""}",False,
case_053,2,2,2,capls,c5,0,0.307,3.092,True,949729,6312374,1520374,4792000,9307662,,,56,1472686,,1.5506381294032299,"{""block_cap"": 0.35, ""init"": ""rr"", ""subgraph_mode"": ""block""}",False,
case_053,2,2,2,capls,c6,0,0.304,3.825,True,1005800,6124918,1320598,4804320,9120206,,,5,1472686,,1.4641936766752834,"{""block_cap"": 0.6, ""comm_weight"": 1e-06}",False,
case_053,2,2,2,capls,c7,0,0.472,4.086,True,1008707,7081366,2304118,4777248,10076654,,,14,1472686,,1.4599740063269115,"{""block_cap"": 0.08}",False,
case_053,2,2,2,capls,c8,0,0.381,12.02,True,899906,5947806,5947806,0,8943094,,,63,1472686,,1.6364886999308816,"{""block_cap"": 0.005}",False,
case_053,2,2,2,capls,c9,0,0.226,9.495,True,923612,6312374,1520374,4792000,9307662,,,26,1472686,,1.594485563201864,"{""block_cap"": 0.35, ""max_ops"": 500}",False,
case_053,2,2,2,capls,c10,0,0.108,7.305,True,1472686,5405536,0,5405536,8400824,,,1,1472686,,1.0,"{""block_cap"": 0.35, ""cores_used"": 1}",False,
case_053,2,2,2,capls,c11,0,0.253,3.539,True,922408,6312662,1520374,4792288,9307950,,,4,1472686,,1.5965668120831562,"{""block_cap"": 0.35, ""sync_weight"": 0.0}",False,
case_053,2,2,2,capls,c12,0,0.455,2.671,True,755997,5044902,1520374,3524528,8040190,,,6,1472686,,1.948005084676262,"{""block_cap"": 0.35, ""init"": ""rr"", ""level_mode"": ""alap_fill""}",False,
case_053,2,2,2,capls,c13,0,0.396,2.671,True,755997,5044902,1520374,3524528,8040190,,,6,1472686,,1.948005084676262,"{""block_cap"": 0.35, ""init"": ""rr"", ""level_mode"": ""alap_compress""}",False,
case_053,2,2,2,capls,c14,0,1.781,3.361,True,746929,1524986,1520374,4612,4520274,,,11670,1472686,,1.9716546017091316,"{""alpha"": 0.8, ""block_cap"": 0.35, ""init"": ""rr"", ""mu"": 1.0, ""nu"": 0.5, ""subgraph_mode"": ""op""}",False,
case_053,2,2,2,capls,c15,0,1.724,3.202,True,749245,1525270,1520374,4896,4520558,,,11670,1472686,,1.9655599970637108,"{""alpha"": 1.0, ""block_cap"": 0.35, ""init"": ""rr"", ""mu"": 1.0, ""nu"": 0.5, ""subgraph_mode"": ""op""}",False,
case_053,2,2,2,capls,c16,0,1.616,3.201,True,767989,1520374,1520374,0,4515662,,,11670,1472686,,1.91758736127731,"{""alpha"": 0.8, ""block_cap"": 0.35, ""init"": ""rr"", ""mu"": 0.0, ""nu"": 0.0, ""subgraph_mode"": ""op""}",False,
case_053,2,2,2,capls,c17,0,1.875,3.323,True,703950,2184118,2184118,0,5179406,,,11670,1472686,,2.0920321045528802,"{""alpha"": 0.8, ""block_cap"": 0.15, ""init"": ""rr"", ""mu"": 1.0, ""nu"": 0.5, ""subgraph_mode"": ""op""}",True,
case_053,2,2,2,capls,_best,0,2.014,3.323,True,703950,2184118,2184118,0,5179406,,,11670,1472686,,2.0920321045528802,"{""alpha"": 0.8, ""block_cap"": 0.15, ""init"": ""rr"", ""mu"": 1.0, ""nu"": 0.5, ""subgraph_mode"": ""op""}",True,results\plans\case_053_p2_n2_capls_best.json
case_065,2,2,2,capls,c0,0,0.012,0.082,True,27484,13824,13824,0,330026,,,2,53068,,1.9308688691602387,"{""block_cap"": 0.35}",False,
case_065,2,2,2,capls,c1,0,0.012,0.082,True,27484,13824,13824,0,330026,,,2,53068,,1.9308688691602387,"{""block_cap"": 0.15}",False,
case_065,2,2,2,capls,c2,0,0.016,0.071,True,27668,13824,13824,0,330026,,,2,53068,,1.9180280468411162,"{""block_cap"": 0.35, ""init"": ""rr""}",False,
case_065,2,2,2,capls,c3,0,0.036,0.101,True,26219,13824,13824,0,330026,,,2,53068,,2.0240283763682827,"{""block_cap"": 0.35, ""init"": ""contig""}",False,
case_065,2,2,2,capls,c4,0,0.014,0.133,True,27643,13824,13824,0,330026,,,35,53068,,1.919762688564917,"{""block_cap"": 0.35, ""subgraph_mode"": ""block""}",False,
case_065,2,2,2,capls,c5,0,0.024,0.126,True,27494,13824,13824,0,330026,,,35,53068,,1.9301665817996654,"{""block_cap"": 0.35, ""init"": ""rr"", ""subgraph_mode"": ""block""}",False,
case_065,2,2,2,capls,c6,0,0.017,0.082,True,27484,13824,13824,0,330026,,,2,53068,,1.9308688691602387,"{""block_cap"": 0.6, ""comm_weight"": 1e-06}",False,
case_065,2,2,2,capls,c7,0,0.039,0.118,True,27014,328640,328640,0,644842,,,6,53068,,1.964462871103872,"{""block_cap"": 0.08}",False,
case_065,2,2,2,capls,c8,0,0.045,0.099,True,31218,503840,503840,0,820042,,,10,53068,,1.6999167147158691,"{""block_cap"": 0.005}",False,
case_065,2,2,2,capls,c9,0,0.012,0.082,True,27484,13824,13824,0,330026,,,2,53068,,1.9308688691602387,"{""block_cap"": 0.35, ""max_ops"": 500}",False,
case_065,2,2,2,capls,c10,0,0.005,0.116,True,53068,0,0,0,316202,,,1,53068,,1.0,"{""block_cap"": 0.35, ""cores_used"": 1}",False,
case_065,2,2,2,capls,c11,0,0.011,0.082,True,27484,13824,13824,0,330026,,,2,53068,,1.9308688691602387,"{""block_cap"": 0.35, ""sync_weight"": 0.0}",False,
case_065,2,2,2,capls,c12,0,0.023,0.071,True,27668,13824,13824,0,330026,,,2,53068,,1.9180280468411162,"{""block_cap"": 0.35, ""init"": ""rr"", ""level_mode"": ""alap_fill""}",False,
case_065,2,2,2,capls,c13,0,0.027,0.071,True,27668,13824,13824,0,330026,,,2,53068,,1.9180280468411162,"{""block_cap"": 0.35, ""init"": ""rr"", ""level_mode"": ""alap_compress""}",False,
case_065,2,2,2,capls,c14,0,0.087,0.135,True,21905,13824,13824,0,330026,,,704,53068,,2.422643232138781,"{""alpha"": 0.8, ""block_cap"": 0.35, ""init"": ""rr"", ""mu"": 1.0, ""nu"": 0.5, ""subgraph_mode"": ""op""}",True,
case_065,2,2,2,capls,c15,0,0.081,0.135,True,21905,13824,13824,0,330026,,,704,53068,,2.422643232138781,"{""alpha"": 1.0, ""block_cap"": 0.35, ""init"": ""rr"", ""mu"": 1.0, ""nu"": 0.5, ""subgraph_mode"": ""op""}",False,
case_065,2,2,2,capls,c16,0,0.076,0.09,True,28024,13824,13824,0,330026,,,704,53068,,1.8936625749357694,"{""alpha"": 0.8, ""block_cap"": 0.35, ""init"": ""rr"", ""mu"": 0.0, ""nu"": 0.0, ""subgraph_mode"": ""op""}",False,
case_065,2,2,2,capls,c17,0,0.086,0.135,True,21905,13824,13824,0,330026,,,704,53068,,2.422643232138781,"{""alpha"": 0.8, ""block_cap"": 0.15, ""init"": ""rr"", ""mu"": 1.0, ""nu"": 0.5, ""subgraph_mode"": ""op""}",False,
case_065,2,2,2,capls,_best,0,0.079,0.135,True,21905,13824,13824,0,330026,,,704,53068,,2.422643232138781,"{""alpha"": 0.8, ""block_cap"": 0.35, ""init"": ""rr"", ""mu"": 1.0, ""nu"": 0.5, ""subgraph_mode"": ""op""}",True,results\plans\case_065_p2_n2_capls_best.json
case_065,2,2,3,capls,c0,0,0.019,0.077,True,17966,27648,27648,0,343850,,,3,53068,,2.953801625292219,"{""block_cap"": 0.35}",False,
case_065,2,2,3,capls,c1,0,0.116,0.13,True,20460,259920,259920,0,576122,,,9,53068,,2.593743890518084,"{""block_cap"": 0.15}",False,
case_065,2,2,3,capls,c2,0,0.027,0.071,True,18164,27648,27648,0,343850,,,3,53068,,2.9216031711076855,"{""block_cap"": 0.35, ""init"": ""rr""}",False,
case_065,2,2,3,capls,c3,0,0.062,0.098,True,18968,27648,27648,0,343850,,,3,53068,,2.79776465626318,"{""block_cap"": 0.35, ""init"": ""contig""}",False,
case_065,2,2,3,capls,c4,0,0.025,0.121,True,18172,27648,27648,0,343850,,,35,53068,,2.920316971164429,"{""block_cap"": 0.35, ""subgraph_mode"": ""block""}",False,
case_065,2,2,3,capls,c5,0,0.028,0.111,True,18506,27648,27648,0,343850,,,35,53068,,2.867610504701178,"{""block_cap"": 0.35, ""init"": ""rr"", ""subgraph_mode"": ""block""}",False,
case_065,2,2,3,capls,c6,0,0.016,0.077,True,17966,27648,27648,0,343850,,,3,53068,,2.953801625292219,"{""block_cap"": 0.6, ""comm_weight"": 1e-06}",False,
case_065,2,2,3,capls,c7,0,0.027,0.137,True,20854,238418,238418,0,554620,,,16,53068,,2.5447396182986477,"{""block_cap"": 0.08}",False,
case_065,2,2,3,capls,c8,0,0.16,0.155,True,27998,432126,432126,0,748328,,,18,53068,,1.8954211015072506,"{""block_cap"": 0.005}",False,
case_065,2,2,3,capls,c9,0,0.025,0.077,True,17966,27648,27648,0,343850,,,3,53068,,2.953801625292219,"{""block_cap"": 0.35, ""max_ops"": 500}",False,
case_065,2,2,3,capls,c10,0,0.012,0.129,True,27484,13824,13824,0,330026,,,2,53068,,1.9308688691602387,"{""block_cap"": 0.35, ""cores_used"": 2}",False,
case_065,2,2,3,capls,c11,0,0.016,0.077,True,17966,27648,27648,0,343850,,,3,53068,,2.953801625292219,"{""block_cap"": 0.35, ""sync_weight"": 0.0}",False,
case_065,2,2,3,capls,c12,0,0.037,0.071,True,18164,27648,27648,0,343850,,,3,53068,,2.9216031711076855,"{""block_cap"": 0.35, ""init"": ""rr"", ""level_mode"": ""alap_fill""}",False,
case_065,2,2,3,capls,c13,0,0.041,0.071,True,18164,27648,27648,0,343850,,,3,53068,,2.9216031711076855,"{""block_cap"": 0.35, ""init"": ""rr"", ""level_mode"": ""alap_compress""}",False,
case_065,2,2,3,capls,c14,0,0.081,0.096,True,14937,27648,27648,0,343850,,,704,53068,,3.552788377853652,"{""alpha"": 0.8, ""block_cap"": 0.35, ""init"": ""rr"", ""mu"": 1.0, ""nu"": 0.5, ""subgraph_mode"": ""op""}",True,
case_065,2,2,3,capls,c15,0,0.053,0.096,True,14937,27648,27648,0,343850,,,704,53068,,3.552788377853652,"{""alpha"": 1.0, ""block_cap"": 0.35, ""init"": ""rr"", ""mu"": 1.0, ""nu"": 0.5, ""subgraph_mode"": ""op""}",False,
case_065,2,2,3,capls,c16,0,0.051,0.067,True,18373,27648,27648,0,343850,,,704,53068,,2.888368802046481,"{""alpha"": 0.8, ""block_cap"": 0.35, ""init"": ""rr"", ""mu"": 0.0, ""nu"": 0.0, ""subgraph_mode"": ""op""}",False,
case_065,2,2,3,capls,c17,0,0.091,0.134,True,17495,275178,275178,0,591380,,,704,53068,,3.0333238068019432,"{""alpha"": 0.8, ""block_cap"": 0.15, ""init"": ""rr"", ""mu"": 1.0, ""nu"": 0.5, ""subgraph_mode"": ""op""}",False,
case_065,2,2,3,capls,_best,0,0.065,0.096,True,14937,27648,27648,0,343850,,,704,53068,,3.552788377853652,"{""alpha"": 0.8, ""block_cap"": 0.35, ""init"": ""rr"", ""mu"": 1.0, ""nu"": 0.5, ""subgraph_mode"": ""op""}",True,results\plans\case_065_p2_n3_capls_best.json
case_065,2,2,4,capls,c0,0,0.057,0.1,True,13745,41472,41472,0,357674,,,4,53068,,3.860894870862132,"{""block_cap"": 0.35}",False,
case_065,2,2,4,capls,c1,0,0.058,0.132,True,20211,223950,223950,0,540152,,,16,53068,,2.6256988768492406,"{""block_cap"": 0.15}",False,
case_065,2,2,4,capls,c2,0,0.065,0.08,True,14019,41472,41472,0,357674,,,4,53068,,3.78543405378415,"{""block_cap"": 0.35, ""init"": ""rr""}",False,
case_065,2,2,4,capls,c3,0,0.048,0.121,True,15989,41472,41472,0,357674,,,4,53068,,3.3190318343861405,"{""block_cap"": 0.35, ""init"": ""contig""}",False,
case_065,2,2,4,capls,c4,0,0.049,0.557,True,14509,41472,41472,0,357674,,,35,53068,,3.657591839547867,"{""block_cap"": 0.35, ""subgraph_mode"": ""block""}",False,
case_065,2,2,4,capls,c5,0,0.048,0.114,True,15920,41472,41472,0,357674,,,35,53068,,3.333417085427136,"{""block_cap"": 0.35, ""init"": ""rr"", ""subgraph_mode"": ""block""}",False,
case_065,2,2,4,capls,c6,0,0.048,0.1,True,13745,41472,41472,0,357674,,,4,53068,,3.860894870862132,"{""block_cap"": 0.6, ""comm_weight"": 1e-06}",False,
case_065,2,2,4,capls,c7,0,0.09,0.13,True,17150,210870,210870,0,527072,,,11,53068,,3.094344023323615,"{""block_cap"": 0.08}",False,
case_065,2,2,4,capls,c8,0,0.242,0.156,True,24950,360956,360956,0,677158,,,25,53068,,2.1269739478957916,"{""block_cap"": 0.005}",False,
case_065,2,2,4,capls,c9,0,0.055,0.1,True,13745,41472,41472,0,357674,,,4,53068,,3.860894870862132,"{""block_cap"": 0.35, ""max_ops"": 500}",False,
case_065,2,2,4,capls,c10,0,0.026,0.124,True,17966,27648,27648,0,343850,,,3,53068,,2.953801625292219,"{""block_cap"": 0.35, ""cores_used"": 3}",False,
case_065,2,2,4,capls,c11,0,0.06,0.1,True,13745,41472,41472,0,357674,,,4,53068,,3.860894870862132,"{""block_cap"": 0.35, ""sync_weight"": 0.0}",False,
case_065,2,2,4,capls,c12,0,0.054,0.08,True,14019,41472,41472,0,357674,,,4,53068,,3.78543405378415,"{""block_cap"": 0.35, ""init"": ""rr"", ""level_mode"": ""alap_fill""}",False,
case_065,2,2,4,capls,c13,0,0.066,0.08,True,14019,41472,41472,0,357674,,,4,53068,,3.78543405378415,"{""block_cap"": 0.35, ""init"": ""rr"", ""level_mode"": ""alap_compress""}",False,
case_065,2,2,4,capls,c14,0,0.092,0.103,True,12804,41472,41472,0,357674,,,704,53068,,4.144642299281474,"{""alpha"": 0.8, ""block_cap"": 0.35, ""init"": ""rr"", ""mu"": 1.0, ""nu"": 0.5, ""subgraph_mode"": ""op""}",True,
case_065,2,2,4,capls,c15,0,0.102,0.103,True,12804,41472,41472,0,357674,,,704,53068,,4.144642299281474,"{""alpha"": 1.0, ""block_cap"": 0.35, ""init"": ""rr"", ""mu"": 1.0, ""nu"": 0.5, ""subgraph_mode"": ""op""}",False,
case_065,2,2,4,capls,c16,0,0.097,0.115,True,16500,41472,41472,0,357674,,,704,53068,,3.216242424242424,"{""alpha"": 0.8, ""block_cap"": 0.35, ""init"": ""rr"", ""mu"": 0.0, ""nu"": 0.0, ""subgraph_mode"": ""op""}",False,
case_065,2,2,4,capls,c17,0,0.146,0.208,True,16368,220232,220232,0,536434,,,704,53068,,3.242179863147605,"{""alpha"": 0.8, ""block_cap"": 0.15, ""init"": ""rr"", ""mu"": 1.0, ""nu"": 0.5, ""subgraph_mode"": ""op""}",False,
case_065,2,2,4,capls,_best,0,0.094,0.103,True,12804,41472,41472,0,357674,,,704,53068,,4.144642299281474,"{""alpha"": 0.8, ""block_cap"": 0.35, ""init"": ""rr"", ""mu"": 1.0, ""nu"": 0.5, ""subgraph_mode"": ""op""}",True,results\plans\case_065_p2_n4_capls_best.json
case_065,2,2,5,capls,c0,0,0.038,0.113,True,11421,55296,55296,0,371498,,,5,53068,,4.646528325015323,"{""block_cap"": 0.35}",False,
case_065,2,2,5,capls,c1,0,0.117,0.136,True,17675,164272,164272,0,480474,,,13,53068,,3.0024328147100423,"{""block_cap"": 0.15}",False,
case_065,2,2,5,capls,c2,0,0.068,0.121,True,12643,55296,55296,0,371498,,,5,53068,,4.197421498062169,"{""block_cap"": 0.35, ""init"": ""rr""}",False,
case_065,2,2,5,capls,c3,0,0.06,0.113,True,13453,41472,41472,0,357674,,,5,53068,,3.9446963502564483,"{""block_cap"": 0.35, ""init"": ""contig""}",False,
case_065,2,2,5,capls,c4,0,0.036,0.121,True,12082,55296,55296,0,371498,,,35,53068,,4.392319152458202,"{""block_cap"": 0.35, ""subgraph_mode"": ""block""}",False,
case_065,2,2,5,capls,c5,0,0.062,0.117,True,12467,55296,55296,0,371498,,,35,53068,,4.256677628940403,"{""block_cap"": 0.35, ""init"": ""rr"", ""subgraph_mode"": ""block""}",False,
case_065,2,2,5,capls,c6,0,0.041,0.113,True,11421,55296,55296,0,371498,,,5,53068,,4.646528325015323,"{""block_cap"": 0.6, ""comm_weight"": 1e-06}",False,
case_065,2,2,5,capls,c7,0,0.114,0.147,True,16379,313560,313560,0,629762,,,15,53068,,3.2400024421515354,"{""block_cap"": 0.08}",False,
case_065,2,2,5,capls,c8,0,0.252,0.173,True,21811,382552,382552,0,698754,,,35,53068,,2.433084223556921,"{""block_cap"": 0.005}",False,
case_065,2,2,5,capls,c9,0,0.041,0.113,True,11421,55296,55296,0,371498,,,5,53068,,4.646528325015323,"{""block_cap"": 0.35, ""max_ops"": 500}",False,
case_065,2,2,5,capls,c10,0,0.063,0.105,True,13745,41472,41472,0,357674,,,4,53068,,3.860894870862132,"{""block_cap"": 0.35, ""cores_used"": 4}",False,
case_065,2,2,5,capls,c11,0,0.035,0.113,True,11421,55296,55296,0,371498,,,5,53068,,4.646528325015323,"{""block_cap"": 0.35, ""sync_weight"": 0.0}",False,
case_065,2,2,5,capls,c12,0,0.067,0.121,True,12643,55296,55296,0,371498,,,5,53068,,4.197421498062169,"{""block_cap"": 0.35, ""init"": ""rr"", ""level_mode"": ""alap_fill""}",False,
case_065,2,2,5,capls,c13,0,0.054,0.121,True,12643,55296,55296,0,371498,,,5,53068,,4.197421498062169,"{""block_cap"": 0.35, ""init"": ""rr"", ""level_mode"": ""alap_compress""}",False,
case_065,2,2,5,capls,c14,0,0.094,0.117,True,10622,55296,55296,0,371498,,,704,53068,,4.996045942383732,"{""alpha"": 0.8, ""block_cap"": 0.35, ""init"": ""rr"", ""mu"": 1.0, ""nu"": 0.5, ""subgraph_mode"": ""op""}",True,
case_065,2,2,5,capls,c15,0,0.07,0.117,True,10622,55296,55296,0,371498,,,704,53068,,4.996045942383732,"{""alpha"": 1.0, ""block_cap"": 0.35, ""init"": ""rr"", ""mu"": 1.0, ""nu"": 0.5, ""subgraph_mode"": ""op""}",False,
case_065,2,2,5,capls,c16,0,0.085,0.119,True,12325,55296,55296,0,371498,,,704,53068,,4.305720081135902,"{""alpha"": 0.8, ""block_cap"": 0.35, ""init"": ""rr"", ""mu"": 0.0, ""nu"": 0.0, ""subgraph_mode"": ""op""}",False,
case_065,2,2,5,capls,c17,0,0.154,0.117,True,11999,115264,115264,0,431466,,,704,53068,,4.422701891824318,"{""alpha"": 0.8, ""block_cap"": 0.15, ""init"": ""rr"", ""mu"": 1.0, ""nu"": 0.5, ""subgraph_mode"": ""op""}",False,
case_065,2,2,5,capls,_best,0,0.1,0.117,True,10622,55296,55296,0,371498,,,704,53068,,4.996045942383732,"{""alpha"": 0.8, ""block_cap"": 0.35, ""init"": ""rr"", ""mu"": 1.0, ""nu"": 0.5, ""subgraph_mode"": ""op""}",True,results\plans\case_065_p2_n5_capls_best.json
case_053,2,2,3,capls,c0,0,0.377,3.279,True,882348,6882716,2590220,4292496,9878004,,,8,1472686,,1.6690534800328216,"{""block_cap"": 0.35}",False,
case_053,2,2,3,capls,c1,0,0.746,3.55,True,648726,8427980,4128428,4299552,11423268,,,41,1472686,,2.2701202048322404,"{""block_cap"": 0.15}",False,
case_053,2,2,3,capls,c2,0,0.579,3.662,True,888425,7140428,2848940,4291488,10135716,,,9,1472686,,1.6576368292202492,"{""block_cap"": 0.35, ""init"": ""rr""}",False,
case_053,2,2,3,capls,c3,0,0.509,3.871,True,803820,6447990,2131958,4316032,9443278,,,4,1472686,,1.832109178671842,"{""block_cap"": 0.35, ""init"": ""contig""}",False,
case_053,2,2,3,capls,c4,0,0.295,2.753,True,886325,6881708,2590220,4291488,9876996,,,57,1472686,,1.6615643245987646,"{""block_cap"": 0.35, ""subgraph_mode"": ""block""}",False,
case_053,2,2,3,capls,c5,0,0.569,3.07,True,893834,7140428,2848940,4291488,10135716,,,57,1472686,,1.6476057075474864,"{""block_cap"": 0.35, ""init"": ""rr"", ""subgraph_mode"": ""block""}",False,
case_053,2,2,3,capls,c6,0,0.307,3.293,True,979310,6684278,2358086,4326192,9679566,,,6,1472686,,1.5037996140139487,"{""block_cap"": 0.6, ""comm_weight"": 1e-06}",False,
case_053,2,2,3,capls,c7,0,0.826,5.06,True,683090,7979050,7979050,0,10974338,,,153,1472686,,2.1559179610300254,"{""block_cap"": 0.08}",False,
case_053,2,2,3,capls,c8,0,0.776,11.844,True,630568,9780624,9780624,0,12775912,,,118,1472686,,2.335491176209386,"{""block_cap"": 0.005}",False,
case_053,2,2,3,capls,c9,0,0.447,8.488,True,868709,6883004,2590220,4292784,9878292,,,28,1472686,,1.695258135923537,"{""block_cap"": 0.35, ""max_ops"": 500}",False,
case_053,2,2,3,capls,c10,0,0.227,8.821,True,922408,6312662,1520374,4792288,9307950,,,4,1472686,,1.5965668120831562,"{""block_cap"": 0.35, ""cores_used"": 2}",False,
case_053,2,2,3,capls,c11,0,0.41,3.279,True,882348,6882716,2590220,4292496,9878004,,,8,1472686,,1.6690534800328216,"{""block_cap"": 0.35, ""sync_weight"": 0.0}",False,
case_053,2,2,3,capls,c12,0,0.507,3.012,True,586485,9198812,2848940,6349872,12194100,,,15,1472686,,2.5110377929529313,"{""block_cap"": 0.35, ""init"": ""rr"", ""level_mode"": ""alap_fill""}",False,
case_053,2,2,3,capls,c13,0,0.541,3.012,True,586485,9198812,2848940,6349872,12194100,,,15,1472686,,2.5110377929529313,"{""block_cap"": 0.35, ""init"": ""rr"", ""level_mode"": ""alap_compress""}",False,
case_053,2,2,3,capls,c14,0,1.859,2.973,True,553177,2848940,2848940,0,5844228,,,11670,1472686,,2.6622328838689966,"{""alpha"": 0.8, ""block_cap"": 0.35, ""init"": ""rr"", ""mu"": 1.0, ""nu"": 0.5, ""subgraph_mode"": ""op""}",False,
case_053,2,2,3,capls,c15,0,1.637,2.912,True,553159,2848940,2848940,0,5844228,,,11670,1472686,,2.6623195139191442,"{""alpha"": 1.0, ""block_cap"": 0.35, ""init"": ""rr"", ""mu"": 1.0, ""nu"": 0.5, ""subgraph_mode"": ""op""}",True,
case_053,2,2,3,capls,c16,0,1.729,3.022,True,593537,2848940,2848940,0,5844228,,,11670,1472686,,2.4812033622166774,"{""alpha"": 0.8, ""block_cap"": 0.35, ""init"": ""rr"", ""mu"": 0.0, ""nu"": 0.0, ""subgraph_mode"": ""op""}",False,
case_053,2,2,3,capls,c17,0,2.211,3.66,True,566979,3887948,3887948,0,6883236,,,11670,1472686,,2.5974260069596933,"{""alpha"": 0.8, ""block_cap"": 0.15, ""init"": ""rr"", ""mu"": 1.0, ""nu"": 0.5, ""subgraph_mode"": ""op""}",False,
case_053,2,2,3,capls,_best,0,2.064,2.912,True,553159,2848940,2848940,0,5844228,,,11670,1472686,,2.6623195139191442,"{""alpha"": 1.0, ""block_cap"": 0.35, ""init"": ""rr"", ""mu"": 1.0, ""nu"": 0.5, ""subgraph_mode"": ""op""}",True,results\plans\case_053_p2_n3_capls_best.json
case_065,3,3,2,capls,c0,0,0.012,0.085,True,27484,13824,13824,0,330026,0.04408950577909321,13824,2,53068,,1.9308688691602387,"{""block_cap"": 0.35}",False,
case_065,3,3,2,capls,c1,0,0.012,0.085,True,27484,13824,13824,0,330026,0.04408950577909321,13824,2,53068,,1.9308688691602387,"{""block_cap"": 0.15}",False,
case_065,3,3,2,capls,c2,0,0.016,0.112,True,27668,13824,13824,0,330026,0.04408950577909321,13824,2,53068,,1.9180280468411162,"{""block_cap"": 0.35, ""init"": ""rr""}",False,
case_065,3,3,2,capls,c3,0,0.029,0.069,True,26219,13824,13824,0,330026,0.04408950577909321,13824,2,53068,,2.0240283763682827,"{""block_cap"": 0.35, ""init"": ""contig""}",False,
case_065,3,3,2,capls,c4,0,0.011,0.1,True,27643,13824,13824,0,330026,0.0,0,35,53068,,1.919762688564917,"{""block_cap"": 0.35, ""subgraph_mode"": ""block""}",False,
case_065,3,3,2,capls,c5,0,0.015,0.101,True,27494,13824,13824,0,330026,0.0,0,35,53068,,1.9301665817996654,"{""block_cap"": 0.35, ""init"": ""rr"", ""subgraph_mode"": ""block""}",False,
case_065,3,3,2,capls,c6,0,0.012,0.085,True,27484,13824,13824,0,330026,0.04408950577909321,13824,2,53068,,1.9308688691602387,"{""block_cap"": 0.6, ""comm_weight"": 1e-06}",False,
case_065,3,3,2,capls,c7,0,0.033,0.142,True,26383,328640,328640,0,644842,0.17050152830611756,86684,6,53068,,2.0114467649622862,"{""block_cap"": 0.08}",False,
case_065,3,3,2,capls,c8,0,0.028,0.134,True,31096,503840,503840,0,820042,0.14885906040268457,88720,10,53068,,1.7065860560843837,"{""block_cap"": 0.005}",False,
case_065,3,3,2,capls,c9,0,0.012,0.085,True,27484,13824,13824,0,330026,0.04408950577909321,13824,2,53068,,1.9308688691602387,"{""block_cap"": 0.35, ""max_ops"": 500}",False,
case_065,3,3,2,capls,c10,0,0.005,0.109,True,53068,0,0,0,316202,0.0,0,1,53068,,1.0,"{""block_cap"": 0.35, ""cores_used"": 1}",False,
case_065,3,3,2,capls,c11,0,0.011,0.085,True,27484,13824,13824,0,330026,0.04408950577909321,13824,2,53068,,1.9308688691602387,"{""block_cap"": 0.35, ""sync_weight"": 0.0}",False,
case_065,3,3,2,capls,c12,0,0.017,0.112,True,27668,13824,13824,0,330026,0.04408950577909321,13824,2,53068,,1.9180280468411162,"{""block_cap"": 0.35, ""init"": ""rr"", ""level_mode"": ""alap_fill""}",False,
case_065,3,3,2,capls,c13,0,0.017,0.112,True,27668,13824,13824,0,330026,0.04408950577909321,13824,2,53068,,1.9180280468411162,"{""block_cap"": 0.35, ""init"": ""rr"", ""level_mode"": ""alap_compress""}",False,
case_065,3,3,2,capls,c14,0,0.055,0.122,True,21905,13824,13824,0,330026,0.014696501926364403,4608,704,53068,,2.422643232138781,"{""alpha"": 0.8, ""block_cap"": 0.35, ""init"": ""rr"", ""mu"": 1.0, ""nu"": 0.5, ""subgraph_mode"": ""op""}",True,
case_065,3,3,2,capls,c15,0,0.056,0.122,True,21905,13824,13824,0,330026,0.014696501926364403,4608,704,53068,,2.422643232138781,"{""alpha"": 1.0, ""block_cap"": 0.35, ""init"": ""rr"", ""mu"": 1.0, ""nu"": 0.5, ""subgraph_mode"": ""op""}",False,
case_065,3,3,2,capls,c16,0,0.054,0.093,True,28024,13824,13824,0,330026,0.014696501926364403,4608,704,53068,,1.8936625749357694,"{""alpha"": 0.8, ""block_cap"": 0.35, ""init"": ""rr"", ""mu"": 0.0, ""nu"": 0.0, ""subgraph_mode"": ""op""}",False,
case_065,3,3,2,capls,c17,0,0.071,0.122,True,21905,13824,13824,0,330026,0.014696501926364403,4608,704,53068,,2.422643232138781,"{""alpha"": 0.8, ""block_cap"": 0.15, ""init"": ""rr"", ""mu"": 1.0, ""nu"": 0.5, ""subgraph_mode"": ""op""}",False,
case_065,3,3,2,capls,_best,0,0.081,0.122,True,21905,13824,13824,0,330026,0.014696501926364403,4608,704,53068,,2.422643232138781,"{""alpha"": 0.8, ""block_cap"": 0.35, ""init"": ""rr"", ""mu"": 1.0, ""nu"": 0.5, ""subgraph_mode"": ""op""}",True,results\plans\case_065_p3_n2_capls_best.json
case_065,3,3,3,capls,c0,0,0.017,0.121,True,17966,27648,27648,0,343850,0.08445541409056474,27648,3,53068,,2.953801625292219,"{""block_cap"": 0.35}",False,
case_065,3,3,3,capls,c1,0,0.078,0.137,True,20090,362320,362320,0,678522,0.20676603409120572,110894,9,53068,,2.6415131906421103,"{""block_cap"": 0.15}",False,
case_065,3,3,3,capls,c2,0,0.035,0.11,True,18164,27648,27648,0,343850,0.028151804696854917,9216,3,53068,,2.9216031711076855,"{""block_cap"": 0.35, ""init"": ""rr""}",False,
case_065,3,3,3,capls,c3,0,0.061,0.11,True,18968,27648,27648,0,343850,0.04222770704528237,13824,3,53068,,2.79776465626318,"{""block_cap"": 0.35, ""init"": ""contig""}",False,
case_065,3,3,3,capls,c4,0,0.017,0.1,True,18172,27648,27648,0,343850,0.0,0,35,53068,,2.920316971164429,"{""block_cap"": 0.35, ""subgraph_mode"": ""block""}",False,
case_065,3,3,3,capls,c5,0,0.025,0.127,True,18506,27648,27648,0,343850,0.0,0,35,53068,,2.867610504701178,"{""block_cap"": 0.35, ""init"": ""rr"", ""subgraph_mode"": ""block""}",False,
case_065,3,3,3,capls,c6,0,0.016,0.121,True,17966,27648,27648,0,343850,0.08445541409056474,27648,3,53068,,2.953801625292219,"{""block_cap"": 0.6, ""comm_weight"": 1e-06}",False,
case_065,3,3,3,capls,c7,0,0.027,0.131,True,20615,238418,238418,0,554620,0.24455069017564274,116008,16,53068,,2.57424205675479,"{""block_cap"": 0.08}",False,
case_065,3,3,3,capls,c8,0,0.149,0.187,True,23539,452478,452478,0,768680,0.15073572812432728,86828,17,53068,,2.2544713029440504,"{""block_cap"": 0.005}",False,
case_065,3,3,3,capls,c9,0,0.016,0.121,True,17966,27648,27648,0,343850,0.08445541409056474,27648,3,53068,,2.953801625292219,"{""block_cap"": 0.35, ""max_ops"": 500}",False,
case_065,3,3,3,capls,c10,0,0.012,0.116,True,27484,13824,13824,0,330026,0.04408950577909321,13824,2,53068,,1.9308688691602387,"{""block_cap"": 0.35, ""cores_used"": 2}",False,
case_065,3,3,3,capls,c11,0,0.016,0.121,True,17966,27648,27648,0,343850,0.08445541409056474,27648,3,53068,,2.953801625292219,"{""block_cap"": 0.35, ""sync_weight"": 0.0}",False,
case_065,3,3,3,capls,c12,0,0.026,0.11,True,18164,27648,27648,0,343850,0.028151804696854917,9216,3,53068,,2.9216031711076855,"{""block_cap"": 0.35, ""init"": ""rr"", ""level_mode"": ""alap_fill""}",False,
case_065,3,3,3,capls,c13,0,0.026,0.11,True,18164,27648,27648,0,343850,0.028151804696854917,9216,3,53068,,2.9216031711076855,"{""block_cap"": 0.35, ""init"": ""rr"", ""level_mode"": ""alap_compress""}",False,
case_065,3,3,3,capls,c14,0,0.054,0.142,True,14937,27648,27648,0,343850,0.0,0,704,53068,,3.552788377853652,"{""alpha"": 0.8, ""block_cap"": 0.35, ""init"": ""rr"", ""mu"": 1.0, ""nu"": 0.5, ""subgraph_mode"": ""op""}",True,
case_065,3,3,3,capls,c15,0,0.08,0.142,True,14937,27648,27648,0,343850,0.0,0,704,53068,,3.552788377853652,"{""alpha"": 1.0, ""block_cap"": 0.35, ""init"": ""rr"", ""mu"": 1.0, ""nu"": 0.5, ""subgraph_mode"": ""op""}",False,
case_065,3,3,3,capls,c16,0,0.068,0.113,True,18373,27648,27648,0,343850,0.0,0,704,53068,,2.888368802046481,"{""alpha"": 0.8, ""block_cap"": 0.35, ""init"": ""rr"", ""mu"": 0.0, ""nu"": 0.0, ""subgraph_mode"": ""op""}",False,
case_065,3,3,3,capls,c17,0,0.111,0.143,True,17944,470666,470666,0,786868,0.29815217702914915,187202,704,53068,,2.9574230940704416,"{""alpha"": 0.8, ""block_cap"": 0.15, ""init"": ""rr"", ""mu"": 1.0, ""nu"": 0.5, ""subgraph_mode"": ""op""}",False,
case_065,3,3,3,capls,_best,0,0.063,0.142,True,14937,27648,27648,0,343850,0.0,0,704,53068,,3.552788377853652,"{""alpha"": 0.8, ""block_cap"": 0.35, ""init"": ""rr"", ""mu"": 1.0, ""nu"": 0.5, ""subgraph_mode"": ""op""}",True,results\plans\case_065_p3_n3_capls_best.json
case_065,3,3,4,capls,c0,0,0.05,0.124,True,13745,41472,41472,0,357674,0.09453914511477408,32256,4,53068,,3.860894870862132,"{""block_cap"": 0.35}",False,
case_065,3,3,4,capls,c1,0,0.118,0.111,True,20087,266482,266482,0,582684,0.23460517411899431,117182,14,53068,,2.6419077014984818,"{""block_cap"": 0.15}",False,
case_065,3,3,4,capls,c2,0,0.062,0.115,True,14019,41472,41472,0,357674,0.12155032943328097,41472,4,53068,,3.78543405378415,"{""block_cap"": 0.35, ""init"": ""rr""}",False,
case_065,3,3,4,capls,c3,0,0.074,0.125,True,15989,41472,41472,0,357674,0.09453914511477408,32256,4,53068,,3.3190318343861405,"{""block_cap"": 0.35, ""init"": ""contig""}",False,
case_065,3,3,4,capls,c4,0,0.061,0.12,True,14509,41472,41472,0,357674,0.0,0,35,53068,,3.657591839547867,"{""block_cap"": 0.35, ""subgraph_mode"": ""block""}",False,
case_065,3,3,4,capls,c5,0,0.067,0.073,True,15920,41472,41472,0,357674,0.0,0,35,53068,,3.333417085427136,"{""block_cap"": 0.35, ""init"": ""rr"", ""subgraph_mode"": ""block""}",False,
case_065,3,3,4,capls,c6,0,0.066,0.124,True,13745,41472,41472,0,357674,0.09453914511477408,32256,4,53068,,3.860894870862132,"{""block_cap"": 0.6, ""comm_weight"": 1e-06}",False,
case_065,3,3,4,capls,c7,0,0.108,0.131,True,16597,251732,251732,0,567934,0.2450947038787397,119592,11,53068,,3.1974453214436345,"{""block_cap"": 0.08}",False,
case_065,3,3,4,capls,c8,0,0.193,0.2,True,24101,402556,402556,0,718758,0.0713303900256232,38194,27,53068,,2.2019003360856395,"{""block_cap"": 0.005}",False,
case_065,3,3,4,capls,c9,0,0.064,0.124,True,13745,41472,41472,0,357674,0.09453914511477408,32256,4,53068,,3.860894870862132,"{""block_cap"": 0.35, ""max_ops"": 500}",False,
case_065,3,3,4,capls,c10,0,0.026,0.131,True,17966,27648,27648,0,343850,0.08445541409056474,27648,3,53068,,2.953801625292219,"{""block_cap"": 0.35, ""cores_used"": 3}",False,
case_065,3,3,4,capls,c11,0,0.068,0.124,True,13745,41472,41472,0,357674,0.09453914511477408,32256,4,53068,,3.860894870862132,"{""block_cap"": 0.35, ""sync_weight"": 0.0}",False,
case_065,3,3,4,capls,c12,0,0.069,0.115,True,14019,41472,41472,0,357674,0.12155032943328097,41472,4,53068,,3.78543405378415,"{""block_cap"": 0.35, ""init"": ""rr"", ""level_mode"": ""alap_fill""}",False,
case_065,3,3,4,capls,c13,0,0.07,0.115,True,14019,41472,41472,0,357674,0.12155032943328097,41472,4,53068,,3.78543405378415,"{""block_cap"": 0.35, ""init"": ""rr"", ""level_mode"": ""alap_compress""}",False,
case_065,3,3,4,capls,c14,0,0.079,0.08,True,12477,41472,41472,0,357674,0.08103355295552064,27648,704,53068,,4.253266009457402,"{""alpha"": 0.8, ""block_cap"": 0.35, ""init"": ""rr"", ""mu"": 1.0, ""nu"": 0.5, ""subgraph_mode"": ""op""}",True,
case_065,3,3,4,capls,c15,0,0.096,0.08,True,12477,41472,41472,0,357674,0.08103355295552064,27648,704,53068,,4.253266009457402,"{""alpha"": 1.0, ""block_cap"": 0.35, ""init"": ""rr"", ""mu"": 1.0, ""nu"": 0.5, ""subgraph_mode"": ""op""}",False,
case_065,3,3,4,capls,c16,0,0.102,0.178,True,16500,41472,41472,0,357674,0.01350559215925344,4608,704,53068,,3.216242424242424,"{""alpha"": 0.8, ""block_cap"": 0.35, ""init"": ""rr"", ""mu"": 0.0, ""nu"": 0.0, ""subgraph_mode"": ""op""}",False,
case_065,3,3,4,capls,c17,0,0.136,0.139,True,14542,323846,323846,0,640048,0.3312088133931275,183752,704,53068,,3.6492917067803603,"{""alpha"": 0.8, ""block_cap"": 0.15, ""init"": ""rr"", ""mu"": 1.0, ""nu"": 0.5, ""subgraph_mode"": ""op""}",False,
case_065,3,3,4,capls,_best,0,0.102,0.08,True,12477,41472,41472,0,357674,0.08103355295552064,27648,704,53068,,4.253266009457402,"{""alpha"": 0.8, ""block_cap"": 0.35, ""init"": ""rr"", ""mu"": 1.0, ""nu"": 0.5, ""subgraph_mode"": ""op""}",True,results\plans\case_065_p3_n4_capls_best.json
case_065,3,3,5,capls,c0,0,0.026,0.104,True,11421,55296,55296,0,371498,0.07787818013835997,27648,5,53068,,4.646528325015323,"{""block_cap"": 0.35}",False,
case_065,3,3,5,capls,c1,0,0.08,0.131,True,13650,225012,225012,0,541214,0.27962414536945635,137664,13,53068,,3.887765567765568,"{""block_cap"": 0.15}",False,
case_065,3,3,5,capls,c2,0,0.045,0.122,True,12643,55296,55296,0,371498,0.0648984834486333,23040,5,53068,,4.197421498062169,"{""block_cap"": 0.35, ""init"": ""rr""}",False,
case_065,3,3,5,capls,c3,0,0.047,0.125,True,13443,41472,41472,0,357674,0.09453914511477408,32256,5,53068,,3.94763073718664,"{""block_cap"": 0.35, ""init"": ""contig""}",False,
case_065,3,3,5,capls,c4,0,0.038,0.123,True,12082,55296,55296,0,371498,0.0,0,35,53068,,4.392319152458202,"{""block_cap"": 0.35, ""subgraph_mode"": ""block""}",False,
case_065,3,3,5,capls,c5,0,0.054,0.072,True,12467,55296,55296,0,371498,0.0,0,35,53068,,4.256677628940403,"{""block_cap"": 0.35, ""init"": ""rr"", ""subgraph_mode"": ""block""}",False,
case_065,3,3,5,capls,c6,0,0.027,0.104,True,11421,55296,55296,0,371498,0.07787818013835997,27648,5,53068,,4.646528325015323,"{""block_cap"": 0.6, ""comm_weight"": 1e-06}",False,
case_065,3,3,5,capls,c7,0,0.081,0.153,True,17476,309226,309226,0,625428,0.20775350577816593,108476,12,53068,,3.0366216525520713,"{""block_cap"": 0.08}",False,
case_065,3,3,5,capls,c8,0,0.162,0.188,True,25223,570844,570844,0,887046,0.07564888857688061,47414,39,53068,,2.103952741545415,"{""block_cap"": 0.005}",False,
case_065,3,3,5,capls,c9,0,0.027,0.104,True,11421,55296,55296,0,371498,0.07787818013835997,27648,5,53068,,4.646528325015323,"{""block_cap"": 0.35, ""max_ops"": 500}",False,
case_065,3,3,5,capls,c10,0,0.048,0.111,True,13745,41472,41472,0,357674,0.09453914511477408,32256,4,53068,,3.860894870862132,"{""block_cap"": 0.35, ""cores_used"": 4}",False,
case_065,3,3,5,capls,c11,0,0.026,0.104,True,11421,55296,55296,0,371498,0.07787818013835997,27648,5,53068,,4.646528325015323,"{""block_cap"": 0.35, ""sync_weight"": 0.0}",False,
case_065,3,3,5,capls,c12,0,0.046,0.122,True,12643,55296,55296,0,371498,0.0648984834486333,23040,5,53068,,4.197421498062169,"{""block_cap"": 0.35, ""init"": ""rr"", ""level_mode"": ""alap_fill""}",False,
case_065,3,3,5,capls,c13,0,0.065,0.122,True,12643,55296,55296,0,371498,0.0648984834486333,23040,5,53068,,4.197421498062169,"{""block_cap"": 0.35, ""init"": ""rr"", ""level_mode"": ""alap_compress""}",False,
case_065,3,3,5,capls,c14,0,0.083,0.105,True,10612,55296,55296,0,371498,0.09085787682808662,32256,704,53068,,5.000753863550697,"{""alpha"": 0.8, ""block_cap"": 0.35, ""init"": ""rr"", ""mu"": 1.0, ""nu"": 0.5, ""subgraph_mode"": ""op""}",True,
case_065,3,3,5,capls,c15,0,0.094,0.105,True,10612,55296,55296,0,371498,0.09085787682808662,32256,704,53068,,5.000753863550697,"{""alpha"": 1.0, ""block_cap"": 0.35, ""init"": ""rr"", ""mu"": 1.0, ""nu"": 0.5, ""subgraph_mode"": ""op""}",False,
case_065,3,3,5,capls,c16,0,0.097,0.105,True,12325,55296,55296,0,371498,0.05191878675890664,18432,704,53068,,4.305720081135902,"{""alpha"": 0.8, ""block_cap"": 0.35, ""init"": ""rr"", ""mu"": 0.0, ""nu"": 0.0, ""subgraph_mode"": ""op""}",False,
case_065,3,3,5,capls,c17,0,0.164,0.243,True,12558,235904,235904,0,552106,0.3076599827152859,155212,704,53068,,4.225832138875617,"{""alpha"": 0.8, ""block_cap"": 0.15, ""init"": ""rr"", ""mu"": 1.0, ""nu"": 0.5, ""subgraph_mode"": ""op""}",False,
case_065,3,3,5,capls,_best,0,0.097,0.105,True,10612,55296,55296,0,371498,0.09085787682808662,32256,704,53068,,5.000753863550697,"{""alpha"": 0.8, ""block_cap"": 0.35, ""init"": ""rr"", ""mu"": 1.0, ""nu"": 0.5, ""subgraph_mode"": ""op""}",True,results\plans\case_065_p3_n5_capls_best.json
case_053,2,2,4,capls,c0,0,0.425,2.423,True,708076,7571970,3757314,3814656,10567258,,,11,1472686,,2.0798417119066315,"{""block_cap"": 0.35}",False,
case_053,2,2,4,capls,c1,0,0.901,5.077,True,562541,11779230,11691166,88064,14774518,,,216,1472686,,2.617917627337385,"{""block_cap"": 0.15}",False,
case_053,2,2,4,capls,c2,0,0.622,2.745,True,811841,7409488,3593824,3815664,10404776,,,11,1472686,,1.814007915343029,"{""block_cap"": 0.35, ""init"": ""rr""}",False,
case_053,2,2,4,capls,c3,0,0.795,2.878,True,693980,6932694,3117462,3815232,9927982,,,5,1472686,,2.1220870918470274,"{""block_cap"": 0.35, ""init"": ""contig""}",False,
case_053,2,2,4,capls,c4,0,0.444,2.635,True,707657,7571970,3757314,3814656,10567258,,,58,1472686,,2.081073175281245,"{""block_cap"": 0.35, ""subgraph_mode"": ""block""}",False,
case_053,2,2,4,capls,c5,0,0.634,3.162,True,816799,7408480,3593824,3814656,10403768,,,58,1472686,,1.8029968205152063,"{""block_cap"": 0.35, ""init"": ""rr"", ""subgraph_mode"": ""block""}",False,
case_053,2,2,4,capls,c6,0,0.421,3.088,True,888779,7407996,3593052,3814944,10403284,,,9,1472686,,1.6569765937314,"{""block_cap"": 0.6, ""comm_weight"": 1e-06}",False,
case_053,2,2,4,capls,c7,0,1.061,5.077,True,562541,11779230,11691166,88064,14774518,,,216,1472686,,2.617917627337385,"{""block_cap"": 0.08}",False,
case_053,2,2,4,capls,c8,0,1.061,15.66,True,584582,13443982,13443982,0,16439270,,,232,1472686,,2.519212018159984,"{""block_cap"": 0.005}",False,
case_053,2,2,4,capls,c9,0,0.55,7.152,True,707635,7571970,3757314,3814656,10567258,,,28,1472686,,2.081137874751814,"{""block_cap"": 0.35, ""max_ops"": 500}",False,
case_053,2,2,4,capls,c10,0,0.25,10.055,True,882348,6882716,2590220,4292496,9878004,,,8,1472686,,1.6690534800328216,"{""block_cap"": 0.35, ""cores_used"": 3}",False,
case_053,2,2,4,capls,c11,0,0.439,2.423,True,708076,7571970,3757314,3814656,10567258,,,11,1472686,,2.0798417119066315,"{""block_cap"": 0.35, ""sync_weight"": 0.0}",False,
case_053,2,2,4,capls,c12,0,0.613,2.624,True,569567,9488160,3593824,5894336,12483448,,,20,1472686,,2.58562381598653,"{""block_cap"": 0.35, ""init"": ""rr"", ""level_mode"": ""alap_fill""}",False,
case_053,2,2,4,capls,c13,0,0.783,2.624,True,569567,9488160,3593824,5894336,12483448,,,20,1472686,,2.58562381598653,"{""block_cap"": 0.35, ""init"": ""rr"", ""level_mode"": ""alap_compress""}",False,
case_053,2,2,4,capls,c14,0,1.847,2.693,True,605295,3593824,3593824,0,6589112,,,11670,1472686,,2.4330053940640513,"{""alpha"": 0.8, ""block_cap"": 0.35, ""init"": ""rr"", ""mu"": 1.0, ""nu"": 0.5, ""subgraph_mode"": ""op""}",False,
case_053,2,2,4,capls,c15,0,1.871,2.334,True,593011,3614850,3593824,21026,6610138,,,11670,1472686,,2.4834041864316174,"{""alpha"": 1.0, ""block_cap"": 0.35, ""init"": ""rr"", ""mu"": 1.0, ""nu"": 0.5, ""subgraph_mode"": ""op""}",False,
case_053,2,2,4,capls,c16,0,1.804,2.584,True,671479,3593824,3593824,0,6589112,,,11670,1472686,,2.1931974045353613,"{""alpha"": 0.8, ""block_cap"": 0.35, ""init"": ""rr"", ""mu"": 0.0, ""nu"": 0.0, ""subgraph_mode"": ""op""}",False,
case_053,2,2,4,capls,c17,0,3.496,5.046,True,448335,12542018,12542018,0,15537306,,,11670,1472686,,3.2847892758762978,"{""alpha"": 0.8, ""block_cap"": 0.15, ""init"": ""rr"", ""mu"": 1.0, ""nu"": 0.5, ""subgraph_mode"": ""op""}",True,
case_053,2,2,4,capls,_best,0,3.453,5.046,True,448335,12542018,12542018,0,15537306,,,11670,1472686,,3.2847892758762978,"{""alpha"": 0.8, ""block_cap"": 0.15, ""init"": ""rr"", ""mu"": 1.0, ""nu"": 0.5, ""subgraph_mode"": ""op""}",True,results\plans\case_053_p2_n4_capls_best.json
case_053,3,3,2,capls,c0,0,0.32,3.484,True,896625,6312662,1520374,4792288,9307950,0.5037687043878566,4544032,4,1472686,,1.642477066778196,"{""block_cap"": 0.35}",False,
case_053,3,3,2,capls,c1,0,0.244,3.75,True,962022,6462502,1693750,4768752,9457790,0.5689877006998991,5181136,5,1472686,,1.530823619418267,"{""block_cap"": 0.15}",False,
case_053,3,3,2,capls,c2,0,0.345,3.091,True,895017,6312662,1520374,4792288,9307950,0.5037687043878566,4544032,4,1472686,,1.645427963938115,"{""block_cap"": 0.35, ""init"": ""rr""}",False,
case_053,3,3,2,capls,c3,0,0.306,2.022,True,763677,5921504,979456,4942048,8916792,0.4941241364710509,4332096,2,1472686,,1.928414761738274,"{""block_cap"": 0.35, ""init"": ""contig""}",False,
case_053,3,3,2,capls,c4,0,0.248,3.534,True,916397,6312374,1520374,4792000,9307662,0.4882952554409501,4404390,56,1472686,,1.6070393071998272,"{""block_cap"": 0.35, ""subgraph_mode"": ""block""}",False,
case_053,3,3,2,capls,c5,0,0.368,4.201,True,914789,6312374,1520374,4792000,9307662,0.48216416709128185,4349088,56,1472686,,1.6098641326032561,"{""block_cap"": 0.35, ""init"": ""rr"", ""subgraph_mode"": ""block""}",False,
case_053,3,3,2,capls,c6,0,0.279,3.53,True,963305,6124918,1320598,4804320,9120206,0.6171734508000027,5509026,5,1472686,,1.5287847566450916,"{""block_cap"": 0.6, ""comm_weight"": 1e-06}",False,
case_053,3,3,2,capls,c7,0,0.499,3.867,True,972364,7081366,2304118,4777248,10076654,0.619903985385149,5923314,14,1472686,,1.5145418793785044,"{""block_cap"": 0.08}",False,
case_053,3,3,2,capls,c8,0,0.434,13.223,True,898827,5947806,5947806,0,8943094,0.26313471030791535,1780100,63,1472686,,1.6384532284855706,"{""block_cap"": 0.005}",False,
case_053,3,3,2,capls,c9,0,0.324,9.316,True,888672,6312374,1520374,4792000,9307662,0.48216416709128185,4349088,26,1472686,,1.6571761009686363,"{""block_cap"": 0.35, ""max_ops"": 500}",False,
case_053,3,3,2,capls,c10,0,0.146,6.706,True,1428109,5405536,0,5405536,8400824,0.6248708378144704,5155968,1,1472686,,1.0312140039730862,"{""block_cap"": 0.35, ""cores_used"": 1}",False,
case_053,3,3,2,capls,c11,0,0.205,3.484,True,896625,6312662,1520374,4792288,9307950,0.5037687043878566,4544032,4,1472686,,1.642477066778196,"{""block_cap"": 0.35, ""sync_weight"": 0.0}",False,
case_053,3,3,2,capls,c12,0,0.391,2.895,True,741373,5044902,1520374,3524528,8040190,0.3892217641015186,2901874,6,1472686,,1.986430582176583,"{""block_cap"": 0.35, ""init"": ""rr"", ""level_mode"": ""alap_fill""}",False,
case_053,3,3,2,capls,c13,0,0.338,2.895,True,741373,5044902,1520374,3524528,8040190,0.3892217641015186,2901874,6,1472686,,1.986430582176583,"{""block_cap"": 0.35, ""init"": ""rr"", ""level_mode"": ""alap_compress""}",False,
case_053,3,3,2,capls,c14,0,1.797,3.305,True,746929,1524986,1520374,4612,4520274,0.26015903725326034,1103732,11670,1472686,,1.9716546017091316,"{""alpha"": 0.8, ""block_cap"": 0.35, ""init"": ""rr"", ""mu"": 1.0, ""nu"": 0.5, ""subgraph_mode"": ""op""}",False,
case_053,3,3,2,capls,c15,0,1.62,3.426,True,749245,1525270,1520374,4896,4520558,0.26014950969531436,1103728,11670,1472686,,1.9655599970637108,"{""alpha"": 1.0, ""block_cap"": 0.35, ""init"": ""rr"", ""mu"": 1.0, ""nu"": 0.5, ""subgraph_mode"": ""op""}",False,
case_053,3,3,2,capls,c16,0,1.976,3.498,True,767989,1520374,1520374,0,4515662,0.2602657409285367,1103584,11670,1472686,,1.91758736127731,"{""alpha"": 0.8, ""block_cap"": 0.35, ""init"": ""rr"", ""mu"": 0.0, ""nu"": 0.0, ""subgraph_mode"": ""op""}",False,
case_053,3,3,2,capls,c17,0,1.958,3.503,True,703878,2184118,2184118,0,5179406,0.2755373047727857,1289778,11670,1472686,,2.0922460994661005,"{""alpha"": 0.8, ""block_cap"": 0.15, ""init"": ""rr"", ""mu"": 1.0, ""nu"": 0.5, ""subgraph_mode"": ""op""}",True,
case_053,3,3,2,capls,_best,0,1.679,3.503,True,703878,2184118,2184118,0,5179406,0.2755373047727857,1289778,11670,1472686,,2.0922460994661005,"{""alpha"": 0.8, ""block_cap"": 0.15, ""init"": ""rr"", ""mu"": 1.0, ""nu"": 0.5, ""subgraph_mode"": ""op""}",True,results\plans\case_053_p3_n2_capls_best.json
case_053,3,3,3,capls,c0,0,0.365,3.474,True,851816,6882716,2590220,4292496,9878004,0.43204620237337477,4149974,8,1472686,,1.728878067563887,"{""block_cap"": 0.35}",False,
case_053,3,3,3,capls,c1,0,0.684,3.816,True,609928,8427980,4128428,4299552,11423268,0.5198639067219383,5493640,41,1472686,,2.4145243372988285,"{""block_cap"": 0.15}",False,
case_053,3,3,3,capls,c2,0,0.539,2.937,True,855949,7140428,2848940,4291488,10135716,0.4160674592767254,4064454,9,1472686,,1.7205300783107405,"{""block_cap"": 0.35, ""init"": ""rr""}",False,
case_053,3,3,3,capls,c3,0,0.431,3.932,True,804150,6447990,2131958,4316032,9443278,0.38623075341650526,3569506,4,1472686,,1.831357333830753,"{""block_cap"": 0.35, ""init"": ""contig""}",False,
case_053,3,3,3,capls,c4,0,0.355,3.37,True,854290,6881708,2590220,4291488,9876996,0.41549272458884695,3990732,57,1472686,,1.7238712849266642,"{""block_cap"": 0.35, ""subgraph_mode"": ""block""}",False,
case_053,3,3,3,capls,c5,0,0.506,2.836,True,862008,7140428,2848940,4291488,10135716,0.4160527183757001,4064310,57,1472686,,1.7084365806349826,"{""block_cap"": 0.35, ""init"": ""rr"", ""subgraph_mode"": ""block""}",False,
case_053,3,3,3,capls,c6,0,0.319,4.025,True,937686,6684278,2358086,4326192,9679566,0.5032190248459123,4772962,6,1472686,,1.570553468858445,"{""block_cap"": 0.6, ""comm_weight"": 1e-06}",False,
case_053,3,3,3,capls,c7,0,0.77,5.122,True,678734,7979050,7979050,0,10974338,0.3073707404248406,2421688,153,1472686,,2.1697542778172303,"{""block_cap"": 0.08}",False,
case_053,3,3,3,capls,c8,0,0.782,10.941,True,627482,9780624,9780624,0,12775912,0.28084381968643796,2465670,118,1472686,,2.346977283810532,"{""block_cap"": 0.005}",False,
case_053,3,3,3,capls,c9,0,0.273,8.42,True,836818,6883004,2590220,4292784,9878292,0.4205263671852633,4039382,28,1472686,,1.7598641520617386,"{""block_cap"": 0.35, ""max_ops"": 500}",False,
case_053,3,3,3,capls,c10,0,0.192,10.901,True,896625,6312662,1520374,4792288,9307950,0.5037687043878566,4544032,4,1472686,,1.642477066778196,"{""block_cap"": 0.35, ""cores_used"": 2}",False,
case_053,3,3,3,capls,c11,0,0.363,3.474,True,851816,6882716,2590220,4292496,9878004,0.43204620237337477,4149974,8,1472686,,1.728878067563887,"{""block_cap"": 0.35, ""sync_weight"": 0.0}",False,
case_053,3,3,3,capls,c12,0,0.565,3.222,True,574404,9198812,2848940,6349872,12194100,0.4180787169076939,4660040,15,1472686,,2.563850530288786,"{""block_cap"": 0.35, ""init"": ""rr"", ""level_mode"": ""alap_fill""}",False,
case_053,3,3,3,capls,c13,0,0.558,3.222,True,574404,9198812,2848940,6349872,12194100,0.4180787169076939,4660040,15,1472686,,2.563850530288786,"{""block_cap"": 0.35, ""init"": ""rr"", ""level_mode"": ""alap_compress""}",False,
case_053,3,3,3,capls,c14,0,1.976,3.1,True,553177,2848940,2848940,0,5844228,0.4222158930120042,2312582,11670,1472686,,2.6622328838689966,"{""alpha"": 0.8, ""block_cap"": 0.35, ""init"": ""rr"", ""mu"": 1.0, ""nu"": 0.5, ""subgraph_mode"": ""op""}",False,
case_053,3,3,3,capls,c15,0,1.944,3.048,True,553159,2848940,2848940,0,5844228,0.4222158930120042,2312582,11670,1472686,,2.6623195139191442,"{""alpha"": 1.0, ""block_cap"": 0.35, ""init"": ""rr"", ""mu"": 1.0, ""nu"": 0.5, ""subgraph_mode"": ""op""}",True,
case_053,3,3,3,capls,c16,0,2.01,3.128,True,593537,2848940,2848940,0,5844228,0.4222158930120042,2312582,11670,1472686,,2.4812033622166774,"{""alpha"": 0.8, ""block_cap"": 0.35, ""init"": ""rr"", ""mu"": 0.0, ""nu"": 0.0, ""subgraph_mode"": ""op""}",False,
case_053,3,3,3,capls,c17,0,2.016,3.572,True,566979,3887948,3887948,0,6883236,0.4397101765926853,2680650,11670,1472686,,2.5974260069596933,"{""alpha"": 0.8, ""block_cap"": 0.15, ""init"": ""rr"", ""mu"": 1.0, ""nu"": 0.5, ""subgraph_mode"": ""op""}",False,
case_053,3,3,3,capls,_best,0,1.978,3.048,True,553159,2848940,2848940,0,5844228,0.4222158930120042,2312582,11670,1472686,,2.6623195139191442,"{""alpha"": 1.0, ""block_cap"": 0.35, ""init"": ""rr"", ""mu"": 1.0, ""nu"": 0.5, ""subgraph_mode"": ""op""}",True,results\plans\case_053_p3_n3_capls_best.json
case_066,2,2,2,capls,c0,0,0.191,1.901,True,284726,934314,934314,0,2041348,,,14,359070,,1.2611071696999923,"{""block_cap"": 0.35}",False,
case_066,2,2,2,capls,c1,0,0.198,1.901,True,284726,934314,934314,0,2041348,,,14,359070,,1.2611071696999923,"{""block_cap"": 0.15}",False,
case_066,2,2,2,capls,c2,0,0.322,2.105,True,241513,952044,952044,0,2059078,,,15,359070,,1.4867522659235735,"{""block_cap"": 0.35, ""init"": ""rr""}",False,
case_066,2,2,2,capls,c3,0,0.182,1.269,True,328477,382232,382232,0,1489266,,,8,359070,,1.0931358968816691,"{""block_cap"": 0.35, ""init"": ""contig""}",False,
case_066,2,2,2,capls,c4,0,0.126,1.882,True,246565,934314,934314,0,2041348,,,270,359070,,1.4562894165838622,"{""block_cap"": 0.35, ""subgraph_mode"": ""block""}",False,
case_066,2,2,2,capls,c5,0,0.234,1.132,True,236190,952044,952044,0,2059078,,,270,359070,,1.5202591134256318,"{""block_cap"": 0.35, ""init"": ""rr"", ""subgraph_mode"": ""block""}",False,
case_066,2,2,2,capls,c6,0,0.19,1.959,True,284856,930218,930218,0,2037252,,,14,359070,,1.2605316370376611,"{""block_cap"": 0.6, ""comm_weight"": 1e-06}",False,
case_066,2,2,2,capls,c7,0,0.331,2.203,True,306473,2318122,2318122,0,3425156,,,33,359070,,1.1716203384963766,"{""block_cap"": 0.08}",False,
case_066,2,2,2,capls,c8,0,0.302,2.262,True,258979,3213646,3213646,0,4320680,,,53,359070,,1.3864830739171903,"{""block_cap"": 0.005}",False,
case_066,2,2,2,capls,c9,0,0.176,1.101,True,259662,934314,934314,0,2041348,,,21,359070,,1.3828361485315526,"{""block_cap"": 0.35, ""max_ops"": 500}",False,
case_066,2,2,2,capls,c10,0,0.091,2.235,True,359070,0,0,0,1107034,,,1,359070,,1.0,"{""block_cap"": 0.35, ""cores_used"": 1}",False,
case_066,2,2,2,capls,c11,0,0.152,1.901,True,284726,934314,934314,0,2041348,,,14,359070,,1.2611071696999923,"{""block_cap"": 0.35, ""sync_weight"": 0.0}",False,
case_066,2,2,2,capls,c12,0,0.311,1.64,True,229803,952044,952044,0,2059078,,,16,359070,,1.5625122387436194,"{""block_cap"": 0.35, ""init"": ""rr"", ""level_mode"": ""alap_fill""}",False,
case_066,2,2,2,capls,c13,0,0.315,1.64,True,229803,952044,952044,0,2059078,,,16,359070,,1.5625122387436194,"{""block_cap"": 0.35, ""init"": ""rr"", ""level_mode"": ""alap_compress""}",False,
case_066,2,2,2,capls,c14,0,0.856,1.35,True,197561,952044,952044,0,2059078,,,5962,359070,,1.8175145904302974,"{""alpha"": 0.8, ""block_cap"": 0.35, ""init"": ""rr"", ""mu"": 1.0, ""nu"": 0.5, ""subgraph_mode"": ""op""}",True,
case_066,2,2,2,capls,c15,0,0.775,1.35,True,197561,952044,952044,0,2059078,,,5962,359070,,1.8175145904302974,"{""alpha"": 1.0, ""block_cap"": 0.35, ""init"": ""rr"", ""mu"": 1.0, ""nu"": 0.5, ""subgraph_mode"": ""op""}",False,
case_066,2,2,2,capls,c16,0,0.814,1.465,True,213610,952044,952044,0,2059078,,,5962,359070,,1.6809606291840269,"{""alpha"": 0.8, ""block_cap"": 0.35, ""init"": ""rr"", ""mu"": 0.0, ""nu"": 0.0, ""subgraph_mode"": ""op""}",False,
case_066,2,2,2,capls,c17,0,0.788,1.35,True,197561,952044,952044,0,2059078,,,5962,359070,,1.8175145904302974,"{""alpha"": 0.8, ""block_cap"": 0.15, ""init"": ""rr"", ""mu"": 1.0, ""nu"": 0.5, ""subgraph_mode"": ""op""}",False,
case_066,2,2,2,capls,_best,0,0.824,1.35,True,197561,952044,952044,0,2059078,,,5962,359070,,1.8175145904302974,"{""alpha"": 0.8, ""block_cap"": 0.35, ""init"": ""rr"", ""mu"": 1.0, ""nu"": 0.5, ""subgraph_mode"": ""op""}",True,results\plans\case_066_p2_n2_capls_best.json
case_014,2,2,3,capls,c0,0,0.664,12.88,True,6001237,83601312,15548928,68052384,93534052,,,3,17698626,,2.9491629808987714,"{""block_cap"": 0.35}",False,
case_014,2,2,3,capls,c1,0,0.689,12.88,True,6001237,83601312,15548928,68052384,93534052,,,3,17698626,,2.9491629808987714,"{""block_cap"": 0.15}",False,
case_014,2,2,3,capls,c2,0,1.027,13.373,True,5983408,83403168,15599616,67803552,93335908,,,3,17698626,,2.957950719723609,"{""block_cap"": 0.35, ""init"": ""rr""}",False,
case_014,2,2,3,capls,c3,0,1.017,12.715,True,5997925,69715872,6311424,63404448,79648612,,,3,17698626,,2.9507914820542105,"{""block_cap"": 0.35, ""init"": ""contig""}",False,
case_014,2,2,3,capls,c4,0,0.704,18.305,True,5984916,81283488,15548928,65734560,91216228,,,1335,17698626,,2.957205414411831,"{""block_cap"": 0.35, ""subgraph_mode"": ""block""}",False,
case_014,2,2,3,capls,c5,0,1.054,16.814,True,6010452,80870304,15599616,65270688,90803044,,,1335,17698626,,2.9446414346208902,"{""block_cap"": 0.35, ""init"": ""rr"", ""subgraph_mode"": ""block""}",False,
case_014,2,2,3,capls,c6,0,0.947,11.983,True,6014868,63679392,4193280,59486112,73612132,,,3,17698626,,2.9424795357105094,"{""block_cap"": 0.6, ""comm_weight"": 1e-06}",False,
case_014,2,2,3,capls,c7,0,0.685,12.88,True,6001237,83601312,15548928,68052384,93534052,,,3,17698626,,2.9491629808987714,"{""block_cap"": 0.08}",False,
case_014,2,2,3,capls,c8,0,0.841,12.686,True,5933771,80019536,18050360,61969176,89952276,,,46,17698626,,2.9826944787724368,"{""block_cap"": 0.005}",True,
case_014,2,2,3,capls,c9,0,0.679,18.819,True,6012186,82704288,15548928,67155360,92637028,,,73,17698626,,2.9437921581268442,"{""block_cap"": 0.35, ""max_ops"": 500}",False,
case_014,2,2,3,capls,c10,0,0.608,13.293,True,8976065,66345888,2096640,64249248,76278628,,,2,17698626,,1.9717577802745412,"{""block_cap"": 0.35, ""cores_used"": 2}",False,
case_014,2,2,3,capls,c11,0,0.725,12.88,True,6001237,83601312,15548928,68052384,93534052,,,3,17698626,,2.9491629808987714,"{""block_cap"": 0.35, ""sync_weight"": 0.0}",False,
case_014,2,2,3,capls,c12,0,1.123,13.373,True,5983408,83403168,15599616,67803552,93335908,,,3,17698626,,2.957950719723609,"{""block_cap"": 0.35, ""init"": ""rr"", ""level_mode"": ""alap_fill""}",False,
case_014,2,2,3,capls,c13,0,1.051,13.373,True,5983408,83403168,15599616,67803552,93335908,,,3,17698626,,2.957950719723609,"{""block_cap"": 0.35, ""init"": ""rr"", ""level_mode"": ""alap_compress""}",False,
case_014,2,2,3,capls,c14,0,4.516,22.84,True,9609037,356797440,15599616,341197824,366730180,,,35705,17698626,,1.8418730201580034,"{""alpha"": 0.8, ""block_cap"": 0.35, ""init"": ""rr"", ""mu"": 1.0, ""nu"": 0.5, ""subgraph_mode"": ""op""}",False,
case_014,2,2,3,capls,c15,0,4.382,21.48,True,9621928,356797440,15599616,341197824,366730180,,,35705,17698626,,1.8394053665751813,"{""alpha"": 1.0, ""block_cap"": 0.35, ""init"": ""rr"", ""mu"": 1.0, ""nu"": 0.5, ""subgraph_mode"": ""op""}",False,
case_014,2,2,3,capls,c16,0,4.425,21.992,True,9564959,356797440,15599616,341197824,366730180,,,35705,17698626,,1.8503608849760882,"{""alpha"": 0.8, ""block_cap"": 0.35, ""init"": ""rr"", ""mu"": 0.0, ""nu"": 0.0, ""subgraph_mode"": ""op""}",False,
case_014,2,2,3,capls,c17,0,4.809,22.84,True,9609037,356797440,15599616,341197824,366730180,,,35705,17698626,,1.8418730201580034,"{""alpha"": 0.8, ""block_cap"": 0.15, ""init"": ""rr"", ""mu"": 1.0, ""nu"": 0.5, ""subgraph_mode"": ""op""}",False,
case_014,2,2,3,capls,_best,0,0.894,12.686,True,5933771,80019536,18050360,61969176,89952276,,,46,17698626,,2.9826944787724368,"{""block_cap"": 0.005}",True,results\plans\case_014_p2_n3_capls_best.json
case_053,2,2,5,capls,c0,0,0.62,3.278,True,746820,8632456,5294632,3337824,11627744,,,17,1472686,,1.9719423689777993,"{""block_cap"": 0.35}",False,
case_053,2,2,5,capls,c1,0,2.398,5.512,True,530885,12176592,11651760,524832,15171880,,,250,1472686,,2.774020738954764,"{""block_cap"": 0.15}",False,
case_053,2,2,5,capls,c2,0,1.21,2.67,True,768653,8379350,5041526,3337824,11374638,,,16,1472686,,1.9159308556656904,"{""block_cap"": 0.35, ""init"": ""rr""}",False,
case_053,2,2,5,capls,c3,0,0.929,3.061,True,494184,6978102,3163446,3814656,9973390,,,6,1472686,,2.9800357761481555,"{""block_cap"": 0.35, ""init"": ""contig""}",False,
case_053,2,2,5,capls,c4,0,0.451,2.923,True,748780,8632456,5294632,3337824,11627744,,,59,1472686,,1.9667806298245145,"{""block_cap"": 0.35, ""subgraph_mode"": ""block""}",False,
case_053,2,2,5,capls,c5,0,1.126,3.049,True,773048,8379350,5041526,3337824,11374638,,,59,1472686,,1.9050382382465254,"{""block_cap"": 0.35, ""init"": ""rr"", ""subgraph_mode"": ""block""}",False,
case_053,2,2,5,capls,c6,0,0.421,2.281,True,708228,8257570,4919746,3337824,11252858,,,10,1472686,,2.079395335965254,"{""block_cap"": 0.6, ""comm_weight"": 1e-06}",False,
case_053,2,2,5,capls,c7,0,2.153,5.512,True,530885,12176592,11651760,524832,15171880,,,250,1472686,,2.774020738954764,"{""block_cap"": 0.08}",False,
case_053,2,2,5,capls,c8,0,2.325,14.716,True,668672,14999638,13417942,1581696,17994926,,,267,1472686,,2.2024041682618685,"{""block_cap"": 0.005}",False,
case_053,2,2,5,capls,c9,0,0.58,7.771,True,685005,8632456,5294632,3337824,11627744,,,34,1472686,,2.149890876708929,"{""block_cap"": 0.35, ""max_ops"": 500}",False,
case_053,2,2,5,capls,c10,0,0.432,6.421,True,708076,7571970,3757314,3814656,10567258,,,11,1472686,,2.0798417119066315,"{""block_cap"": 0.35, ""cores_used"": 4}",False,
case_053,2,2,5,capls,c11,0,0.644,3.278,True,746820,8632456,5294632,3337824,11627744,,,17,1472686,,1.9719423689777993,"{""block_cap"": 0.35, ""sync_weight"": 0.0}",False,
case_053,2,2,5,capls,c12,0,1.361,2.62,True,575432,9883734,5041526,4842208,12879022,,,30,1472686,,2.559270252610213,"{""block_cap"": 0.35, ""init"": ""rr"", ""level_mode"": ""alap_fill""}",False,
case_053,2,2,5,capls,c13,0,1.237,2.62,True,575432,9883734,5041526,4842208,12879022,,,30,1472686,,2.559270252610213,"{""block_cap"": 0.35, ""init"": ""rr"", ""level_mode"": ""alap_compress""}",False,
case_053,2,2,5,capls,c14,0,2.26,2.423,True,424074,5041526,5041526,0,8036814,,,11670,1472686,,3.472709951565057,"{""alpha"": 0.8, ""block_cap"": 0.35, ""init"": ""rr"", ""mu"": 1.0, ""nu"": 0.5, ""subgraph_mode"": ""op""}",False,
case_053,2,2,5,capls,c15,0,2.481,2.846,True,421015,5041526,5041526,0,8036814,,,11670,1472686,,3.497941878555396,"{""alpha"": 1.0, ""block_cap"": 0.35, ""init"": ""rr"", ""mu"": 1.0, ""nu"": 0.5, ""subgraph_mode"": ""op""}",True,
case_053,2,2,5,capls,c16,0,2.398,2.414,True,480122,5041526,5041526,0,8036814,,,11670,1472686,,3.067316223793119,"{""alpha"": 0.8, ""block_cap"": 0.35, ""init"": ""rr"", ""mu"": 0.0, ""nu"": 0.0, ""subgraph_mode"": ""op""}",False,
case_053,2,2,5,capls,c17,0,3.827,4.363,True,453613,12353464,12201624,151840,15348752,,,11670,1472686,,3.2465692120816643,"{""alpha"": 0.8, ""block_cap"": 0.15, ""init"": ""rr"", ""mu"": 1.0, ""nu"": 0.5, ""subgraph_mode"": ""op""}",False,
case_053,2,2,5,capls,_best,0,2.52,2.846,True,421015,5041526,5041526,0,8036814,,,11670,1472686,,3.497941878555396,"{""alpha"": 1.0, ""block_cap"": 0.35, ""init"": ""rr"", ""mu"": 1.0, ""nu"": 0.5, ""subgraph_mode"": ""op""}",True,results\plans\case_053_p2_n5_capls_best.json
case_014,3,3,3,capls,c0,0,0.773,13.376,True,5987235,83601312,15548928,68052384,93534052,0.21938709633532555,20511744,3,17698626,,2.9560600176876304,"{""block_cap"": 0.35}",False,
case_014,3,3,3,capls,c1,0,0.747,13.376,True,5987235,83601312,15548928,68052384,93534052,0.21938709633532555,20511744,3,17698626,,2.9560600176876304,"{""block_cap"": 0.15}",False,
case_014,3,3,3,capls,c2,0,0.979,13.308,True,5978620,83403168,15599616,67803552,93335908,0.2016115153661949,18809856,3,17698626,,2.960319605527697,"{""block_cap"": 0.35, ""init"": ""rr""}",False,
case_014,3,3,3,capls,c3,0,0.978,13.198,True,5994544,69715872,6311424,63404448,79648612,0.07192804060663961,5726208,3,17698626,,2.9524557664436193,"{""block_cap"": 0.35, ""init"": ""contig""}",False,
case_014,3,3,3,capls,c4,0,0.801,18.669,True,5973620,81283488,15548928,65734560,91216228,0.2866380439248796,26135040,1335,17698626,,2.9627974327124926,"{""block_cap"": 0.35, ""subgraph_mode"": ""block""}",False,
case_014,3,3,3,capls,c5,0,0.934,18.05,True,5993617,80870304,15599616,65270688,90803044,0.26959848603637204,24470016,1335,17698626,,2.9529124066486063,"{""block_cap"": 0.35, ""init"": ""rr"", ""subgraph_mode"": ""block""}",False,
case_014,3,3,3,capls,c6,0,1.016,11.739,True,6007121,63679392,4193280,59486112,73612132,0.15672371853483835,11530752,3,17698626,,2.946274263494942,"{""block_cap"": 0.6, ""comm_weight"": 1e-06}",False,
case_014,3,3,3,capls,c7,0,0.725,13.376,True,5987235,83601312,15548928,68052384,93534052,0.21938709633532555,20511744,3,17698626,,2.9560600176876304,"{""block_cap"": 0.08}",False,
case_014,3,3,3,capls,c8,0,0.842,12.63,True,5881266,80019536,18050360,61969176,89952276,0.3385154295855885,30369840,46,17698626,,3.0093224826083365,"{""block_cap"": 0.005}",True,
case_014,3,3,3,capls,c9,0,0.796,19.805,True,6001529,82704288,15548928,67155360,92637028,0.2568084229422797,23731200,73,17698626,,2.9490194915329075,"{""block_cap"": 0.35, ""max_ops"": 500}",False,
case_014,3,3,3,capls,c10,0,0.786,14.193,True,8966909,66345888,2096640,64249248,76278628,0.1273078754937943,9705984,2,17698626,,1.973771117784289,"{""block_cap"": 0.35, ""cores_used"": 2}",False,
case_014,3,3,3,capls,c11,0,0.744,13.376,True,5987235,83601312,15548928,68052384,93534052,0.21938709633532555,20511744,3,17698626,,2.9560600176876304,"{""block_cap"": 0.35, ""sync_weight"": 0.0}",False,
case_014,3,3,3,capls,c12,0,1.032,13.308,True,5978620,83403168,15599616,67803552,93335908,0.2016115153661949,18809856,3,17698626,,2.960319605527697,"{""block_cap"": 0.35, ""init"": ""rr"", ""level_mode"": ""alap_fill""}",False,
case_014,3,3,3,capls,c13,0,1.124,13.308,True,5978620,83403168,15599616,67803552,93335908,0.2016115153661949,18809856,3,17698626,,2.960319605527697,"{""block_cap"": 0.35, ""init"": ""rr"", ""level_mode"": ""alap_compress""}",False,
case_014,3,3,3,capls,c14,0,4.742,22.672,True,9593875,356797440,15599616,341197824,366730180,0.1159722336127581,24605184,35705,17698626,,1.8447838855519798,"{""alpha"": 0.8, ""block_cap"": 0.35, ""init"": ""rr"", ""mu"": 1.0, ""nu"": 0.5, ""subgraph_mode"": ""op""}",False,
case_014,3,3,3,capls,c15,0,4.328,22.26,True,9606638,356797440,15599616,341197824,366730180,0.11595051461027117,24600576,35705,17698626,,1.842332978509235,"{""alpha"": 1.0, ""block_cap"": 0.35, ""init"": ""rr"", ""mu"": 1.0, ""nu"": 0.5, ""subgraph_mode"": ""op""}",False,
case_014,3,3,3,capls,c16,0,4.784,23.535,True,9576450,356797440,15599616,341197824,366730180,0.11515415118575008,24431616,35705,17698626,,1.8481405948968563,"{""alpha"": 0.8, ""block_cap"": 0.35, ""init"": ""rr"", ""mu"": 0.0, ""nu"": 0.0, ""subgraph_mode"": ""op""}",False,
case_014,3,3,3,capls,c17,0,4.164,22.672,True,9593875,356797440,15599616,341197824,366730180,0.1159722336127581,24605184,35705,17698626,,1.8447838855519798,"{""alpha"": 0.8, ""block_cap"": 0.15, ""init"": ""rr"", ""mu"": 1.0, ""nu"": 0.5, ""subgraph_mode"": ""op""}",False,
case_014,3,3,3,capls,_best,0,0.866,12.63,True,5881266,80019536,18050360,61969176,89952276,0.3385154295855885,30369840,46,17698626,,3.0093224826083365,"{""block_cap"": 0.005}",True,results\plans\case_014_p3_n3_capls_best.json
case_014,2,2,4,capls,c0,0,0.836,12.271,True,4577787,89273760,23348736,65925024,99206500,,,4,17698626,,3.8661969200401853,"{""block_cap"": 0.35}",False,
case_014,2,2,4,capls,c1,0,0.943,12.271,True,4577787,89273760,23348736,65925024,99206500,,,4,17698626,,3.8661969200401853,"{""block_cap"": 0.15}",False,
case_014,2,2,4,capls,c2,0,1.133,13.02,True,4575742,89218464,23348736,65869728,99151204,,,4,17698626,,3.867924808697693,"{""block_cap"": 0.35, ""init"": ""rr""}",False,
case_014,2,2,4,capls,c3,0,1.191,11.701,True,4569939,69468576,7561728,61906848,79401316,,,4,17698626,,3.8728363770282273,"{""block_cap"": 0.35, ""init"": ""contig""}",False,
case_014,2,2,4,capls,c4,0,0.871,17.866,True,4604615,86306208,23348736,62957472,96238948,,,1335,17698626,,3.84367118640755,"{""block_cap"": 0.35, ""subgraph_mode"": ""block""}",False,
case_014,2,2,4,capls,c5,0,1.186,18.553,True,4602295,86042016,23348736,62693280,95974756,,,1335,17698626,,3.845608766930412,"{""block_cap"": 0.35, ""init"": ""rr"", ""subgraph_mode"": ""block""}",False,
case_014,2,2,4,capls,c6,0,1.274,12.8,True,4581090,61787040,6289920,55497120,71719780,,,4,17698626,,3.863409363273806,"{""block_cap"": 0.6, ""comm_weight"": 1e-06}",False,
case_014,2,2,4,capls,c7,0,0.742,12.271,True,4577787,89273760,23348736,65925024,99206500,,,4,17698626,,3.8661969200401853,"{""block_cap"": 0.08}",False,
case_014,2,2,4,capls,c8,0,1.074,12.858,True,4511152,87805200,29713272,58091928,97737940,,,59,17698626,,3.9233051779235106,"{""block_cap"": 0.005}",True,
case_014,2,2,4,capls,c9,0,0.958,18.352,True,4596898,88152480,23348736,64803744,98085220,,,73,17698626,,3.8501237138609556,"{""block_cap"": 0.35, ""max_ops"": 500}",False,
case_014,2,2,4,capls,c10,0,0.815,13.447,True,6001237,83601312,15548928,68052384,93534052,,,3,17698626,,2.9491629808987714,"{""block_cap"": 0.35, ""cores_used"": 3}",False,
case_014,2,2,4,capls,c11,0,0.674,12.271,True,4577787,89273760,23348736,65925024,99206500,,,4,17698626,,3.8661969200401853,"{""block_cap"": 0.35, ""sync_weight"": 0.0}",False,
case_014,2,2,4,capls,c12,0,1.369,13.02,True,4575742,89218464,23348736,65869728,99151204,,,4,17698626,,3.867924808697693,"{""block_cap"": 0.35, ""init"": ""rr"", ""level_mode"": ""alap_fill""}",False,
case_014,2,2,4,capls,c13,0,1.391,13.02,True,4575742,89218464,23348736,65869728,99151204,,,4,17698626,,3.867924808697693,"{""block_cap"": 0.35, ""init"": ""rr"", ""level_mode"": ""alap_compress""}",False,
case_014,2,2,4,capls,c14,0,5.047,21.51,True,7987356,352905216,23348736,329556480,362837956,,,35705,17698626,,2.2158303698996265,"{""alpha"": 0.8, ""block_cap"": 0.35, ""init"": ""rr"", ""mu"": 1.0, ""nu"": 0.5, ""subgraph_mode"": ""op""}",False,
case_014,2,2,4,capls,c15,0,5.008,20.813,True,7999541,352905216,23348736,329556480,362837956,,,35705,17698626,,2.212455189616504,"{""alpha"": 1.0, ""block_cap"": 0.35, ""init"": ""rr"", ""mu"": 1.0, ""nu"": 0.5, ""subgraph_mode"": ""op""}",False,
case_014,2,2,4,capls,c16,0,4.908,22.034,True,7986202,352905216,23348736,329556480,362837956,,,35705,17698626,,2.2161505556708936,"{""alpha"": 0.8, ""block_cap"": 0.35, ""init"": ""rr"", ""mu"": 0.0, ""nu"": 0.0, ""subgraph_mode"": ""op""}",False,
case_014,2,2,4,capls,c17,0,5.128,21.51,True,7987356,352905216,23348736,329556480,362837956,,,35705,17698626,,2.2158303698996265,"{""alpha"": 0.8, ""block_cap"": 0.15, ""init"": ""rr"", ""mu"": 1.0, ""nu"": 0.5, ""subgraph_mode"": ""op""}",False,
case_014,2,2,4,capls,_best,0,1.133,12.858,True,4511152,87805200,29713272,58091928,97737940,,,59,17698626,,3.9233051779235106,"{""block_cap"": 0.005}",True,results\plans\case_014_p2_n4_capls_best.json
case_071,2,2,2,capls,c0,0,0.071,0.124,True,22080,248356,248356,0,369802,,,10,18919,,0.8568387681159421,"{""block_cap"": 0.35}",False,
case_071,2,2,2,capls,c1,0,0.077,0.124,True,22080,248356,248356,0,369802,,,10,18919,,0.8568387681159421,"{""block_cap"": 0.15}",False,
case_071,2,2,2,capls,c2,0,0.065,0.115,True,15475,251814,251814,0,373260,,,18,18919,,1.2225525040387721,"{""block_cap"": 0.35, ""init"": ""rr""}",False,
case_071,2,2,2,capls,c3,0,0.027,0.111,True,18578,104258,104258,0,225704,,,2,18919,,1.0183550435999569,"{""block_cap"": 0.35, ""init"": ""contig""}",False,
case_071,2,2,2,capls,c4,0,0.093,0.136,True,31993,248356,248356,0,369802,,,221,18919,,0.5913481073984934,"{""block_cap"": 0.35, ""subgraph_mode"": ""block""}",False,
case_071,2,2,2,capls,c5,0,0.054,0.15,True,30174,251814,251814,0,373260,,,221,18919,,0.626996752170743,"{""block_cap"": 0.35, ""init"": ""rr"", ""subgraph_mode"": ""block""}",False,
case_071,2,2,2,capls,c6,0,0.025,0.106,True,19841,109348,109348,0,230794,,,4,18919,,0.953530568015725,"{""block_cap"": 0.6, ""comm_weight"": 1e-06}",False,
case_071,2,2,2,capls,c7,0,0.065,0.092,True,17029,252774,252774,0,374220,,,16,18919,,1.1109871395854132,"{""block_cap"": 0.08}",False,
case_071,2,2,2,capls,c8,0,0.135,0.15,True,21490,252868,252868,0,374314,,,19,18919,,0.880362959516054,"{""block_cap"": 0.005}",False,
case_071,2,2,2,capls,c9,0,0.061,0.124,True,22080,248356,248356,0,369802,,,10,18919,,0.8568387681159421,"{""block_cap"": 0.35, ""max_ops"": 500}",False,
case_071,2,2,2,capls,c10,0,0.007,0.113,True,18919,0,0,0,121446,,,1,18919,,1.0,"{""block_cap"": 0.35, ""cores_used"": 1}",False,
case_071,2,2,2,capls,c11,0,0.029,0.164,True,21401,253124,253124,0,374570,,,10,18919,,0.8840241110228494,"{""block_cap"": 0.35, ""sync_weight"": 0.0}",False,
case_071,2,2,2,capls,c12,0,0.058,0.123,True,14497,251814,251814,0,373260,,,18,18919,,1.3050286266124025,"{""block_cap"": 0.35, ""init"": ""rr"", ""level_mode"": ""alap_fill""}",False,
case_071,2,2,2,capls,c13,0,0.059,0.123,True,14497,251814,251814,0,373260,,,18,18919,,1.3050286266124025,"{""block_cap"": 0.35, ""init"": ""rr"", ""level_mode"": ""alap_compress""}",False,
case_071,2,2,2,capls,c14,0,0.115,0.126,True,12299,251814,251814,0,373260,,,741,18919,,1.538255142694528,"{""alpha"": 0.8, ""block_cap"": 0.35, ""init"": ""rr"", ""mu"": 1.0, ""nu"": 0.5, ""subgraph_mode"": ""op""}",True,
case_071,2,2,2,capls,c15,0,0.098,0.126,True,12299,251814,251814,0,373260,,,741,18919,,1.538255142694528,"{""alpha"": 1.0, ""block_cap"": 0.35, ""init"": ""rr"", ""mu"": 1.0, ""nu"": 0.5, ""subgraph_mode"": ""op""}",False,
case_071,2,2,2,capls,c16,0,0.11,0.122,True,12373,251814,251814,0,373260,,,741,18919,,1.5290552008405398,"{""alpha"": 0.8, ""block_cap"": 0.35, ""init"": ""rr"", ""mu"": 0.0, ""nu"": 0.0, ""subgraph_mode"": ""op""}",False,
case_071,2,2,2,capls,c17,0,0.091,0.126,True,12299,251814,251814,0,373260,,,741,18919,,1.538255142694528,"{""alpha"": 0.8, ""block_cap"": 0.15, ""init"": ""rr"", ""mu"": 1.0, ""nu"": 0.5, ""subgraph_mode"": ""op""}",False,
case_071,2,2,2,capls,_best,0,0.076,0.126,True,12299,251814,251814,0,373260,,,741,18919,,1.538255142694528,"{""alpha"": 0.8, ""block_cap"": 0.35, ""init"": ""rr"", ""mu"": 1.0, ""nu"": 0.5, ""subgraph_mode"": ""op""}",True,results\plans\case_071_p2_n2_capls_best.json
case_066,2,2,3,capls,c0,0,0.282,1.871,True,191371,1270866,1270866,0,2377900,,,27,359070,,1.8763030971254788,"{""block_cap"": 0.35}",False,
case_066,2,2,3,capls,c1,0,0.484,1.525,True,214423,3293234,3293234,0,4400268,,,90,359070,,1.6745871478339545,"{""block_cap"": 0.15}",False,
case_066,2,2,3,capls,c2,0,0.344,1.836,True,164863,1403928,1403928,0,2510962,,,30,359070,,2.1779902100531956,"{""block_cap"": 0.35, ""init"": ""rr""}",False,
case_066,2,2,3,capls,c3,0,0.786,1.739,True,276307,689556,689556,0,1796590,,,11,359070,,1.2995327660898928,"{""block_cap"": 0.35, ""init"": ""contig""}",False,
case_066,2,2,3,capls,c4,0,0.263,1.158,True,192209,1270866,1270866,0,2377900,,,270,359070,,1.8681227205802018,"{""block_cap"": 0.35, ""subgraph_mode"": ""block""}",False,
case_066,2,2,3,capls,c5,0,0.44,1.524,True,185246,1403928,1403928,0,2510962,,,270,359070,,1.9383414486682573,"{""block_cap"": 0.35, ""init"": ""rr"", ""subgraph_mode"": ""block""}",False,
case_066,2,2,3,capls,c6,0,0.3,1.871,True,191371,1270866,1270866,0,2377900,,,27,359070,,1.8763030971254788,"{""block_cap"": 0.6, ""comm_weight"": 1e-06}",False,
case_066,2,2,3,capls,c7,0,0.442,1.525,True,214423,3293234,3293234,0,4400268,,,90,359070,,1.6745871478339545,"{""block_cap"": 0.08}",False,
case_066,2,2,3,capls,c8,0,1.243,2.53,True,209533,4068602,4068602,0,5175636,,,88,359070,,1.713668014107563,"{""block_cap"": 0.005}",False,
case_066,2,2,3,capls,c9,0,0.273,1.796,True,187745,1270866,1270866,0,2377900,,,31,359070,,1.912540946496578,"{""block_cap"": 0.35, ""max_ops"": 500}",False,
case_066,2,2,3,capls,c10,0,0.2,1.244,True,284726,934314,934314,0,2041348,,,14,359070,,1.2611071696999923,"{""block_cap"": 0.35, ""cores_used"": 2}",False,
case_066,2,2,3,capls,c11,0,0.199,1.871,True,191371,1270866,1270866,0,2377900,,,27,359070,,1.8763030971254788,"{""block_cap"": 0.35, ""sync_weight"": 0.0}",False,
case_066,2,2,3,capls,c12,0,0.365,1.71,True,162584,1403928,1403928,0,2510962,,,30,359070,,2.2085199035575456,"{""block_cap"": 0.35, ""init"": ""rr"", ""level_mode"": ""alap_fill""}",False,
case_066,2,2,3,capls,c13,0,0.506,1.71,True,162584,1403928,1403928,0,2510962,,,30,359070,,2.2085199035575456,"{""block_cap"": 0.35, ""init"": ""rr"", ""level_mode"": ""alap_compress""}",False,
case_066,2,2,3,capls,c14,0,0.844,1.238,True,144037,1403928,1403928,0,2510962,,,5962,359070,,2.4929011295708743,"{""alpha"": 0.8, ""block_cap"": 0.35, ""init"": ""rr"", ""mu"": 1.0, ""nu"": 0.5, ""subgraph_mode"": ""op""}",True,
case_066,2,2,3,capls,c15,0,0.748,1.238,True,144037,1403928,1403928,0,2510962,,,5962,359070,,2.4929011295708743,"{""alpha"": 1.0, ""block_cap"": 0.35, ""init"": ""rr"", ""mu"": 1.0, ""nu"": 0.5, ""subgraph_mode"": ""op""}",False,
case_066,2,2,3,capls,c16,0,0.843,1.175,True,145706,1403928,1403928,0,2510962,,,5962,359070,,2.4643460118320455,"{""alpha"": 0.8, ""block_cap"": 0.35, ""init"": ""rr"", ""mu"": 0.0, ""nu"": 0.0, ""subgraph_mode"": ""op""}",False,
case_066,2,2,3,capls,c17,0,1.341,1.582,True,151170,3215064,3215064,0,4322098,,,5962,359070,,2.375272871601508,"{""alpha"": 0.8, ""block_cap"": 0.15, ""init"": ""rr"", ""mu"": 1.0, ""nu"": 0.5, ""subgraph_mode"": ""op""}",False,
case_066,2,2,3,capls,_best,0,0.777,1.238,True,144037,1403928,1403928,0,2510962,,,5962,359070,,2.4929011295708743,"{""alpha"": 0.8, ""block_cap"": 0.35, ""init"": ""rr"", ""mu"": 1.0, ""nu"": 0.5, ""subgraph_mode"": ""op""}",True,results\plans\case_066_p2_n3_capls_best.json
case_053,3,3,4,capls,c0,0,0.415,3.268,True,695287,7571970,3757314,3814656,10567258,0.3566906938222251,3650364,11,1472686,,2.11809799406576,"{""block_cap"": 0.35}",False,
case_053,3,3,4,capls,c1,0,1.07,5.502,True,555669,11779230,11691166,88064,14774518,0.49246699667879057,5448972,216,1472686,,2.650293610044829,"{""block_cap"": 0.15}",False,
case_053,3,3,4,capls,c2,0,0.714,2.666,True,779026,7409488,3593824,3815664,10404776,0.3749804233996512,3797384,11,1472686,,1.8904195752131507,"{""block_cap"": 0.35, ""init"": ""rr""}",False,
case_053,3,3,4,capls,c3,0,1.049,3.186,True,683278,6932694,3117462,3815232,9927982,0.42428766392420636,4144800,5,1472686,,2.155324772640126,"{""block_cap"": 0.35, ""init"": ""contig""}",False,
case_053,3,3,4,capls,c4,0,0.465,2.764,True,696729,7571970,3757314,3814656,10567258,0.24429332255616,2500092,58,1472686,,2.1137142274829954,"{""block_cap"": 0.35, ""subgraph_mode"": ""block""}",False,
case_053,3,3,4,capls,c5,0,0.6,2.849,True,781421,7408480,3593824,3814656,10403768,0.36081020628442145,3653676,58,1472686,,1.884625573154548,"{""block_cap"": 0.35, ""init"": ""rr"", ""subgraph_mode"": ""block""}",False,
case_053,3,3,4,capls,c6,0,0.351,3.207,True,852520,7407996,3593052,3814944,10403284,0.3465765932489573,3509524,9,1472686,,1.727450382395721,"{""block_cap"": 0.6, ""comm_weight"": 1e-06}",False,
case_053,3,3,4,capls,c7,0,0.974,5.502,True,555669,11779230,11691166,88064,14774518,0.49246699667879057,5448972,216,1472686,,2.650293610044829,"{""block_cap"": 0.08}",False,
case_053,3,3,4,capls,c8,0,1.082,13.728,True,578037,13443982,13443982,0,16439270,0.33138600369682797,3629370,232,1472686,,2.5477365635763802,"{""block_cap"": 0.005}",False,
case_053,3,3,4,capls,c9,0,0.49,8.268,True,692699,7571970,3757314,3814656,10567258,0.25449932655695107,2604540,28,1472686,,2.1260114421992813,"{""block_cap"": 0.35, ""max_ops"": 500}",False,
case_053,3,3,4,capls,c10,0,0.321,8.743,True,851816,6882716,2590220,4292496,9878004,0.43204620237337477,4149974,8,1472686,,1.728878067563887,"{""block_cap"": 0.35, ""cores_used"": 3}",False,
case_053,3,3,4,capls,c11,0,0.429,3.268,True,695287,7571970,3757314,3814656,10567258,0.3566906938222251,3650364,11,1472686,,2.11809799406576,"{""block_cap"": 0.35, ""sync_weight"": 0.0}",False,
case_053,3,3,4,capls,c12,0,0.651,2.872,True,550216,9488160,3593824,5894336,12483448,0.5084663588905041,5931796,20,1472686,,2.676559751079576,"{""block_cap"": 0.35, ""init"": ""rr"", ""level_mode"": ""alap_fill""}",False,
case_053,3,3,4,capls,c13,0,0.707,2.872,True,550216,9488160,3593824,5894336,12483448,0.5084663588905041,5931796,20,1472686,,2.676559751079576,"{""block_cap"": 0.35, ""init"": ""rr"", ""level_mode"": ""alap_compress""}",False,
case_053,3,3,4,capls,c14,0,1.716,2.884,True,605295,3593824,3593824,0,6589112,0.5076266854932162,3203964,11670,1472686,,2.4330053940640513,"{""alpha"": 0.8, ""block_cap"": 0.35, ""init"": ""rr"", ""mu"": 1.0, ""nu"": 0.5, ""subgraph_mode"": ""op""}",False,
case_053,3,3,4,capls,c15,0,1.889,2.953,True,593011,3614850,3593824,21026,6610138,0.506782799824364,3203966,11670,1472686,,2.4834041864316174,"{""alpha"": 1.0, ""block_cap"": 0.35, ""init"": ""rr"", ""mu"": 1.0, ""nu"": 0.5, ""subgraph_mode"": ""op""}",False,
case_053,3,3,4,capls,c16,0,2.022,2.548,True,671479,3593824,3593824,0,6589112,0.5090865247049348,3213178,11670,1472686,,2.1931974045353613,"{""alpha"": 0.8, ""block_cap"": 0.35, ""init"": ""rr"", ""mu"": 0.0, ""nu"": 0.0, ""subgraph_mode"": ""op""}",False,
case_053,3,3,4,capls,c17,0,3.41,4.503,True,424946,12542018,12542018,0,15537306,0.34561738790345053,3859996,11670,1472686,,3.4655838624201665,"{""alpha"": 0.8, ""block_cap"": 0.15, ""init"": ""rr"", ""mu"": 1.0, ""nu"": 0.5, ""subgraph_mode"": ""op""}",True,
case_053,3,3,4,capls,_best,0,3.108,4.503,True,424946,12542018,12542018,0,15537306,0.34561738790345053,3859996,11670,1472686,,3.4655838624201665,"{""alpha"": 0.8, ""block_cap"": 0.15, ""init"": ""rr"", ""mu"": 1.0, ""nu"": 0.5, ""subgraph_mode"": ""op""}",True,results\plans\case_053_p3_n4_capls_best.json
case_014,3,3,4,capls,c0,0,1.017,13.564,True,4558162,89273760,23348736,65925024,99206500,0.25507035930498634,25294848,4,17698626,,3.8828426896630703,"{""block_cap"": 0.35}",False,
case_014,3,3,4,capls,c1,0,0.944,13.564,True,4558162,89273760,23348736,65925024,99206500,0.25507035930498634,25294848,4,17698626,,3.8828426896630703,"{""block_cap"": 0.15}",False,
case_014,3,3,4,capls,c2,0,1.336,13.42,True,4552605,89218464,23348736,65869728,99151204,0.25556910778770664,25330176,4,17698626,,3.88758216449703,"{""block_cap"": 0.35, ""init"": ""rr""}",False,
case_014,3,3,4,capls,c3,0,1.342,12.858,True,4563172,69468576,7561728,61906848,79401316,0.08796448760413804,6981120,4,17698626,,3.8785796371471424,"{""block_cap"": 0.35, ""init"": ""contig""}",False,
case_014,3,3,4,capls,c4,0,0.838,18.069,True,4574696,86306208,23348736,62957472,96238948,0.323340460941977,31105536,1335,17698626,,3.8688092061199257,"{""block_cap"": 0.35, ""subgraph_mode"": ""block""}",False,
case_014,3,3,4,capls,c5,0,1.324,18.205,True,4580047,86042016,23348736,62693280,95974756,0.3246471599052272,31145472,1335,17698626,,3.8642891655915323,"{""block_cap"": 0.35, ""init"": ""rr"", ""subgraph_mode"": ""block""}",False,
case_014,3,3,4,capls,c6,0,1.374,13.03,True,4574629,61787040,6289920,55497120,71719780,0.1712323699034896,12274176,4,17698626,,3.8688658686857447,"{""block_cap"": 0.6, ""comm_weight"": 1e-06}",False,
case_014,3,3,4,capls,c7,0,0.908,13.564,True,4558162,89273760,23348736,65925024,99206500,0.25507035930498634,25294848,4,17698626,,3.8828426896630703,"{""block_cap"": 0.08}",False,
case_014,3,3,4,capls,c8,0,1.127,12.931,True,4453421,87805200,29713272,58091928,97737940,0.3766237285396611,36692856,59,17698626,,3.9741641313498097,"{""block_cap"": 0.005}",True,
case_014,3,3,4,capls,c9,0,0.933,18.544,True,4578629,88152480,23348736,64803744,98085220,0.3058482067687131,29948928,73,17698626,,3.8654859347634414,"{""block_cap"": 0.35, ""max_ops"": 500}",False,
case_014,3,3,4,capls,c10,0,0.745,13.152,True,5987235,83601312,15548928,68052384,93534052,0.21938709633532555,20511744,3,17698626,,2.9560600176876304,"{""block_cap"": 0.35, ""cores_used"": 3}",False,
case_014,3,3,4,capls,c11,0,0.783,13.564,True,4558162,89273760,23348736,65925024,99206500,0.25507035930498634,25294848,4,17698626,,3.8828426896630703,"{""block_cap"": 0.35, ""sync_weight"": 0.0}",False,
case_014,3,3,4,capls,c12,0,1.332,13.42,True,4552605,89218464,23348736,65869728,99151204,0.25556910778770664,25330176,4,17698626,,3.88758216449703,"{""block_cap"": 0.35, ""init"": ""rr"", ""level_mode"": ""alap_fill""}",False,
case_014,3,3,4,capls,c13,0,1.414,13.42,True,4552605,89218464,23348736,65869728,99151204,0.25556910778770664,25330176,4,17698626,,3.88758216449703,"{""block_cap"": 0.35, ""init"": ""rr"", ""level_mode"": ""alap_compress""}",False,
case_014,3,3,4,capls,c14,0,5.109,21.761,True,7982011,352905216,23348736,329556480,362837956,0.13788489469473364,29371392,35705,17698626,,2.217314158048642,"{""alpha"": 0.8, ""block_cap"": 0.35, ""init"": ""rr"", ""mu"": 1.0, ""nu"": 0.5, ""subgraph_mode"": ""op""}",False,
case_014,3,3,4,capls,c15,0,4.983,21.547,True,7990750,352905216,23348736,329556480,362837956,0.13775510031629493,29343744,35705,17698626,,2.2148892156556017,"{""alpha"": 1.0, ""block_cap"": 0.35, ""init"": ""rr"", ""mu"": 1.0, ""nu"": 0.5, ""subgraph_mode"": ""op""}",False,
case_014,3,3,4,capls,c16,0,5.406,22.82,True,7975935,352905216,23348736,329556480,362837956,0.13742340357139599,29273088,35705,17698626,,2.219003289269534,"{""alpha"": 0.8, ""block_cap"": 0.35, ""init"": ""rr"", ""mu"": 0.0, ""nu"": 0.0, ""subgraph_mode"": ""op""}",False,
case_014,3,3,4,capls,c17,0,4.925,21.761,True,7982011,352905216,23348736,329556480,362837956,0.13788489469473364,29371392,35705,17698626,,2.217314158048642,"{""alpha"": 0.8, ""block_cap"": 0.15, ""init"": ""rr"", ""mu"": 1.0, ""nu"": 0.5, ""subgraph_mode"": ""op""}",False,
case_014,3,3,4,capls,_best,0,1.151,12.931,True,4453421,87805200,29713272,58091928,97737940,0.3766237285396611,36692856,59,17698626,,3.9741641313498097,"{""block_cap"": 0.005}",True,results\plans\case_014_p3_n4_capls_best.json
case_066,3,3,2,capls,c0,0,0.176,1.167,True,284726,934314,934314,0,2041348,0.22281939698695663,374698,14,359070,,1.2611071696999923,"{""block_cap"": 0.35}",False,
case_066,3,3,2,capls,c1,0,0.19,1.167,True,284726,934314,934314,0,2041348,0.22281939698695663,374698,14,359070,,1.2611071696999923,"{""block_cap"": 0.15}",False,
case_066,3,3,2,capls,c2,0,0.218,1.844,True,241508,952044,952044,0,2059078,0.2202358117484359,372010,15,359070,,1.4867830465243388,"{""block_cap"": 0.35, ""init"": ""rr""}",False,
case_066,3,3,2,capls,c3,0,0.188,1.752,True,328476,382232,382232,0,1489266,0.022944370693264698,28276,8,359070,,1.0931392247835459,"{""block_cap"": 0.35, ""init"": ""contig""}",False,
case_066,3,3,2,capls,c4,0,0.19,1.103,True,246369,934314,934314,0,2041348,0.2220487124930573,373402,270,359070,,1.4574479743798936,"{""block_cap"": 0.35, ""subgraph_mode"": ""block""}",False,
case_066,3,3,2,capls,c5,0,0.241,1.991,True,235881,952044,952044,0,2059078,0.2158323979483099,364572,270,359070,,1.5222506263751638,"{""block_cap"": 0.35, ""init"": ""rr"", ""subgraph_mode"": ""block""}",False,
case_066,3,3,2,capls,c6,0,0.174,1.961,True,284856,930218,930218,0,2037252,0.22309109333676277,374698,14,359070,,1.2605316370376611,"{""block_cap"": 0.6, ""comm_weight"": 1e-06}",False,
case_066,3,3,2,capls,c7,0,0.299,1.429,True,305937,2318122,2318122,0,3425156,0.26957706343850646,681514,33,359070,,1.1736730111101306,"{""block_cap"": 0.08}",False,
case_066,3,3,2,capls,c8,0,0.272,2.512,True,257815,3213646,3213646,0,4320680,0.2302840748753645,685482,53,359070,,1.3927428582510715,"{""block_cap"": 0.005}",False,
case_066,3,3,2,capls,c9,0,0.184,2.046,True,259662,934314,934314,0,2041348,0.22281939698695663,374698,21,359070,,1.3828361485315526,"{""block_cap"": 0.35, ""max_ops"": 500}",False,
case_066,3,3,2,capls,c10,0,0.092,2.209,True,359070,0,0,0,1107034,0.0,0,1,359070,,1.0,"{""block_cap"": 0.35, ""cores_used"": 1}",False,
case_066,3,3,2,capls,c11,0,0.123,1.167,True,284726,934314,934314,0,2041348,0.22281939698695663,374698,14,359070,,1.2611071696999923,"{""block_cap"": 0.35, ""sync_weight"": 0.0}",False,
case_066,3,3,2,capls,c12,0,0.283,1.684,True,229793,952044,952044,0,2059078,0.2202369957801111,372012,16,359070,,1.5625802352552078,"{""block_cap"": 0.35, ""init"": ""rr"", ""level_mode"": ""alap_fill""}",False,
case_066,3,3,2,capls,c13,0,0.269,1.684,True,229793,952044,952044,0,2059078,0.2202369957801111,372012,16,359070,,1.5625802352552078,"{""block_cap"": 0.35, ""init"": ""rr"", ""level_mode"": ""alap_compress""}",False,
case_066,3,3,2,capls,c14,0,0.796,1.209,True,197561,952044,952044,0,2059078,0.16920049445162758,285804,5962,359070,,1.8175145904302974,"{""alpha"": 0.8, ""block_cap"": 0.35, ""init"": ""rr"", ""mu"": 1.0, ""nu"": 0.5, ""subgraph_mode"": ""op""}",True,
case_066,3,3,2,capls,c15,0,0.798,1.209,True,197561,952044,952044,0,2059078,0.16920049445162758,285804,5962,359070,,1.8175145904302974,"{""alpha"": 1.0, ""block_cap"": 0.35, ""init"": ""rr"", ""mu"": 1.0, ""nu"": 0.5, ""subgraph_mode"": ""op""}",False,
case_066,3,3,2,capls,c16,0,0.654,1.023,True,213522,952044,952044,0,2059078,0.1984129239425413,335148,5962,359070,,1.6816534127630876,"{""alpha"": 0.8, ""block_cap"": 0.35, ""init"": ""rr"", ""mu"": 0.0, ""nu"": 0.0, ""subgraph_mode"": ""op""}",False,
case_066,3,3,2,capls,c17,0,0.738,1.209,True,197561,952044,952044,0,2059078,0.16920049445162758,285804,5962,359070,,1.8175145904302974,"{""alpha"": 0.8, ""block_cap"": 0.15, ""init"": ""rr"", ""mu"": 1.0, ""nu"": 0.5, ""subgraph_mode"": ""op""}",False,
case_066,3,3,2,capls,_best,0,0.828,1.209,True,197561,952044,952044,0,2059078,0.16920049445162758,285804,5962,359070,,1.8175145904302974,"{""alpha"": 0.8, ""block_cap"": 0.35, ""init"": ""rr"", ""mu"": 1.0, ""nu"": 0.5, ""subgraph_mode"": ""op""}",True,results\plans\case_066_p3_n2_capls_best.json
case_014,2,2,5,capls,c0,0,1.108,13.141,True,3752694,92875680,30978048,61897632,102808420,,,5,17698626,,4.716245449269245,"{""block_cap"": 0.35}",False,
case_014,2,2,5,capls,c1,0,0.892,13.141,True,3752694,92875680,30978048,61897632,102808420,,,5,17698626,,4.716245449269245,"{""block_cap"": 0.15}",False,
case_014,2,2,5,capls,c2,0,1.552,13.091,True,3762727,93199776,31047168,62152608,103132516,,,5,17698626,,4.703669971273494,"{""block_cap"": 0.35, ""init"": ""rr""}",False,
case_014,2,2,5,capls,c3,0,1.599,13.189,True,3722693,70838688,10295808,60542880,80771428,,,5,17698626,,4.7542534396470515,"{""block_cap"": 0.35, ""init"": ""contig""}",True,
case_014,2,2,5,capls,c4,0,0.966,15.522,True,3761111,90579360,30978048,59601312,100512100,,,1335,17698626,,4.705690951423662,"{""block_cap"": 0.35, ""subgraph_mode"": ""block""}",False,
case_014,2,2,5,capls,c5,0,1.538,14.882,True,3765739,90600864,31047168,59553696,100533604,,,1335,17698626,,4.699907773746402,"{""block_cap"": 0.35, ""init"": ""rr"", ""subgraph_mode"": ""block""}",False,
case_014,2,2,5,capls,c6,0,1.125,13.141,True,3752694,92875680,30978048,61897632,102808420,,,5,17698626,,4.716245449269245,"{""block_cap"": 0.6, ""comm_weight"": 1e-06}",False,
case_014,2,2,5,capls,c7,0,1.165,13.141,True,3752694,92875680,30978048,61897632,102808420,,,5,17698626,,4.716245449269245,"{""block_cap"": 0.08}",False,
case_014,2,2,5,capls,c8,0,1.189,13.196,True,3927165,104015720,68011880,36003840,113948460,,,87,17698626,,4.506718205117432,"{""block_cap"": 0.005}",False,
case_014,2,2,5,capls,c9,0,1.09,16.752,True,3777631,93456288,30978048,62478240,103389028,,,75,17698626,,4.6851124421628265,"{""block_cap"": 0.35, ""max_ops"": 500}",False,
case_014,2,2,5,capls,c10,0,0.823,13.36,True,4577787,89273760,23348736,65925024,99206500,,,4,17698626,,3.8661969200401853,"{""block_cap"": 0.35, ""cores_used"": 4}",False,
case_014,2,2,5,capls,c11,0,0.952,13.141,True,3752694,92875680,30978048,61897632,102808420,,,5,17698626,,4.716245449269245,"{""block_cap"": 0.35, ""sync_weight"": 0.0}",False,
case_014,2,2,5,capls,c12,0,1.734,13.091,True,3762727,93199776,31047168,62152608,103132516,,,5,17698626,,4.703669971273494,"{""block_cap"": 0.35, ""init"": ""rr"", ""level_mode"": ""alap_fill""}",False,
case_014,2,2,5,capls,c13,0,1.823,13.091,True,3762727,93199776,31047168,62152608,103132516,,,5,17698626,,4.703669971273494,"{""block_cap"": 0.35, ""init"": ""rr"", ""level_mode"": ""alap_compress""}",False,
case_014,2,2,5,capls,c14,0,5.594,20.652,True,6955757,348903936,31047168,317856768,358836676,,,35705,17698626,,2.544457202860882,"{""alpha"": 0.8, ""block_cap"": 0.35, ""init"": ""rr"", ""mu"": 1.0, ""nu"": 0.5, ""subgraph_mode"": ""op""}",False,
case_014,2,2,5,capls,c15,0,5.304,20.37,True,6967728,348903936,31047168,317856768,358836676,,,35705,17698626,,2.5400856635046605,"{""alpha"": 1.0, ""block_cap"": 0.35, ""init"": ""rr"", ""mu"": 1.0, ""nu"": 0.5, ""subgraph_mode"": ""op""}",False,
case_014,2,2,5,capls,c16,0,5.668,21.592,True,6963000,348903936,31047168,317856768,358836676,,,35705,17698626,,2.5418104265402843,"{""alpha"": 0.8, ""block_cap"": 0.35, ""init"": ""rr"", ""mu"": 0.0, ""nu"": 0.0, ""subgraph_mode"": ""op""}",False,
case_014,2,2,5,capls,c17,0,5.627,20.652,True,6955757,348903936,31047168,317856768,358836676,,,35705,17698626,,2.544457202860882,"{""alpha"": 0.8, ""block_cap"": 0.15, ""init"": ""rr"", ""mu"": 1.0, ""nu"": 0.5, ""subgraph_mode"": ""op""}",False,
case_014,2,2,5,capls,_best,0,1.67,13.189,True,3722693,70838688,10295808,60542880,80771428,,,5,17698626,,4.7542534396470515,"{""block_cap"": 0.35, ""init"": ""contig""}",True,results\plans\case_014_p2_n5_capls_best.json
case_071,2,2,3,capls,c0,0,0.189,0.104,True,16643,247434,247434,0,368880,,,20,18919,,1.1367541909511507,"{""block_cap"": 0.35}",False,
case_071,2,2,3,capls,c1,0,0.199,0.118,True,14251,239720,239720,0,361166,,,21,18919,,1.3275559609851941,"{""block_cap"": 0.15}",False,
case_071,2,2,3,capls,c2,0,0.2,0.121,True,13889,210186,210186,0,331632,,,17,18919,,1.362157102743178,"{""block_cap"": 0.35, ""init"": ""rr""}",False,
case_071,2,2,3,capls,c3,0,0.181,0.118,True,18076,167912,167912,0,289358,,,5,18919,,1.0466364239876078,"{""block_cap"": 0.35, ""init"": ""contig""}",False,
case_071,2,2,3,capls,c4,0,0.168,0.154,True,25542,247434,247434,0,368880,,,221,18919,,0.7407015895387988,"{""block_cap"": 0.35, ""subgraph_mode"": ""block""}",False,
case_071,2,2,3,capls,c5,0,0.151,0.133,True,16944,210186,210186,0,331632,,,221,18919,,1.116560434372049,"{""block_cap"": 0.35, ""init"": ""rr"", ""subgraph_mode"": ""block""}",False,
case_071,2,2,3,capls,c6,0,0.206,0.128,True,17525,222282,222282,0,343728,,,18,18919,,1.079543509272468,"{""block_cap"": 0.6, ""comm_weight"": 1e-06}",False,
case_071,2,2,3,capls,c7,0,0.214,0.093,True,14879,222028,222028,0,343474,,,22,18919,,1.2715236238994556,"{""block_cap"": 0.08}",False,
case_071,2,2,3,capls,c8,0,0.29,0.139,True,17019,332650,332650,0,454096,,,32,18919,,1.1116399318408836,"{""block_cap"": 0.005}",False,
case_071,2,2,3,capls,c9,0,0.225,0.104,True,16643,247434,247434,0,368880,,,20,18919,,1.1367541909511507,"{""block_cap"": 0.35, ""max_ops"": 500}",False,
case_071,2,2,3,capls,c10,0,0.087,0.149,True,22080,248356,248356,0,369802,,,10,18919,,0.8568387681159421,"{""block_cap"": 0.35, ""cores_used"": 2}",False,
case_071,2,2,3,capls,c11,0,0.1,0.136,True,17460,236712,236712,0,358158,,,17,18919,,1.0835624284077892,"{""block_cap"": 0.35, ""sync_weight"": 0.0}",False,
case_071,2,2,3,capls,c12,0,0.212,0.126,True,11877,210186,210186,0,331632,,,19,18919,,1.5929106676770228,"{""block_cap"": 0.35, ""init"": ""rr"", ""level_mode"": ""alap_fill""}",False,
case_071,2,2,3,capls,c13,0,0.167,0.126,True,11877,210186,210186,0,331632,,,19,18919,,1.5929106676770228,"{""block_cap"": 0.35, ""init"": ""rr"", ""level_mode"": ""alap_compress""}",False,
case_071,2,2,3,capls,c14,0,0.215,0.108,True,11739,210186,210186,0,331632,,,741,18919,,1.611636425589914,"{""alpha"": 0.8, ""block_cap"": 0.35, ""init"": ""rr"", ""mu"": 1.0, ""nu"": 0.5, ""subgraph_mode"": ""op""}",False,
case_071,2,2,3,capls,c15,0,0.231,0.108,True,11739,210186,210186,0,331632,,,741,18919,,1.611636425589914,"{""alpha"": 1.0, ""block_cap"": 0.35, ""init"": ""rr"", ""mu"": 1.0, ""nu"": 0.5, ""subgraph_mode"": ""op""}",False,
case_071,2,2,3,capls,c16,0,0.248,0.124,True,11532,210186,210186,0,331632,,,741,18919,,1.6405653832813043,"{""alpha"": 0.8, ""block_cap"": 0.35, ""init"": ""rr"", ""mu"": 0.0, ""nu"": 0.0, ""subgraph_mode"": ""op""}",True,
case_071,2,2,3,capls,c17,0,0.226,0.137,True,11632,211180,211180,0,332626,,,741,18919,,1.6264614855570838,"{""alpha"": 0.8, ""block_cap"": 0.15, ""init"": ""rr"", ""mu"": 1.0, ""nu"": 0.5, ""subgraph_mode"": ""op""}",False,
case_071,2,2,3,capls,_best,0,0.231,0.124,True,11532,210186,210186,0,331632,,,741,18919,,1.6405653832813043,"{""alpha"": 0.8, ""block_cap"": 0.35, ""init"": ""rr"", ""mu"": 0.0, ""nu"": 0.0, ""subgraph_mode"": ""op""}",True,results\plans\case_071_p2_n3_capls_best.json
case_071,3,3,2,capls,c0,0,0.065,0.139,True,23930,312100,312100,0,433546,0.2200634760101934,66148,10,18919,,0.7905975762641037,"{""block_cap"": 0.35}",False,
case_071,3,3,2,capls,c1,0,0.066,0.139,True,23930,312100,312100,0,433546,0.2200634760101934,66148,10,18919,,0.7905975762641037,"{""block_cap"": 0.15}",False,
case_071,3,3,2,capls,c2,0,0.072,0.171,True,16903,326886,326886,0,448332,0.2142902956834071,66820,20,18919,,1.1192687688575993,"{""block_cap"": 0.35, ""init"": ""rr""}",False,
case_071,3,3,2,capls,c3,0,0.031,0.117,True,18578,104258,104258,0,225704,0.07240656077673564,12290,2,18919,,1.0183550435999569,"{""block_cap"": 0.35, ""init"": ""contig""}",False,
case_071,3,3,2,capls,c4,0,0.045,0.164,True,34001,312100,312100,0,433546,0.2200634760101934,66148,221,18919,,0.5564248110349695,"{""block_cap"": 0.35, ""subgraph_mode"": ""block""}",False,
case_071,3,3,2,capls,c5,0,0.056,0.138,True,28396,326886,326886,0,448332,0.2293823359630556,71526,221,18919,,0.6662558106775602,"{""block_cap"": 0.35, ""init"": ""rr"", ""subgraph_mode"": ""block""}",False,
case_071,3,3,2,capls,c6,0,0.023,0.108,True,19839,109348,109348,0,230794,0.22604721685370463,42340,4,18919,,0.9536266948938958,"{""block_cap"": 0.6, ""comm_weight"": 1e-06}",False,
case_071,3,3,2,capls,c7,0,0.051,0.169,True,20066,301316,301316,0,422762,0.2580726622673232,77668,11,18919,,0.942838632512708,"{""block_cap"": 0.08}",False,
case_071,3,3,2,capls,c8,0,0.151,0.116,True,24643,278726,278726,0,400172,0.09655167180172113,25446,16,18919,,0.7677230856632715,"{""block_cap"": 0.005}",False,
case_071,3,3,2,capls,c9,0,0.05,0.139,True,23930,312100,312100,0,433546,0.2200634760101934,66148,10,18919,,0.7905975762641037,"{""block_cap"": 0.35, ""max_ops"": 500}",False,
case_071,3,3,2,capls,c10,0,0.012,0.083,True,18919,0,0,0,121446,0.0,0,1,18919,,1.0,"{""block_cap"": 0.35, ""cores_used"": 1}",False,
case_071,3,3,2,capls,c11,0,0.039,0.095,True,23485,327622,327622,0,449068,0.238658613055552,74598,11,18919,,0.8055780285288482,"{""block_cap"": 0.35, ""sync_weight"": 0.0}",False,
case_071,3,3,2,capls,c12,0,0.06,0.134,True,15825,326886,326886,0,448332,0.22167917388236802,69124,20,18919,,1.1955134281200632,"{""block_cap"": 0.35, ""init"": ""rr"", ""level_mode"": ""alap_fill""}",False,
case_071,3,3,2,capls,c13,0,0.06,0.134,True,15825,326886,326886,0,448332,0.22167917388236802,69124,20,18919,,1.1955134281200632,"{""block_cap"": 0.35, ""init"": ""rr"", ""level_mode"": ""alap_compress""}",False,
case_071,3,3,2,capls,c14,0,0.096,0.125,True,11236,326886,326886,0,448332,0.17735231864537232,55302,741,18919,,1.6837842648629406,"{""alpha"": 0.8, ""block_cap"": 0.35, ""init"": ""rr"", ""mu"": 1.0, ""nu"": 0.5, ""subgraph_mode"": ""op""}",True,
case_071,3,3,2,capls,c15,0,0.074,0.125,True,11236,326886,326886,0,448332,0.17735231864537232,55302,741,18919,,1.6837842648629406,"{""alpha"": 1.0, ""block_cap"": 0.35, ""init"": ""rr"", ""mu"": 1.0, ""nu"": 0.5, ""subgraph_mode"": ""op""}",False,
case_071,3,3,2,capls,c16,0,0.115,0.176,True,11816,326886,326886,0,448332,0.1699634404464114,52998,741,18919,,1.6011340555179419,"{""alpha"": 0.8, ""block_cap"": 0.35, ""init"": ""rr"", ""mu"": 0.0, ""nu"": 0.0, ""subgraph_mode"": ""op""}",False,
case_071,3,3,2,capls,c17,0,0.106,0.125,True,11236,326886,326886,0,448332,0.17735231864537232,55302,741,18919,,1.6837842648629406,"{""alpha"": 0.8, ""block_cap"": 0.15, ""init"": ""rr"", ""mu"": 1.0, ""nu"": 0.5, ""subgraph_mode"": ""op""}",False,
case_071,3,3,2,capls,_best,0,0.104,0.125,True,11236,326886,326886,0,448332,0.17735231864537232,55302,741,18919,,1.6837842648629406,"{""alpha"": 0.8, ""block_cap"": 0.35, ""init"": ""rr"", ""mu"": 1.0, ""nu"": 0.5, ""subgraph_mode"": ""op""}",True,results\plans\case_071_p3_n2_capls_best.json
case_014,3,3,5,capls,c0,0,1.125,13.276,True,3709834,92875680,30978048,61897632,102808420,0.2720618577165096,27959808,5,17698626,,4.77073259881709,"{""block_cap"": 0.35}",True,
case_014,3,3,5,capls,c1,0,1.039,13.276,True,3709834,92875680,30978048,61897632,102808420,0.2720618577165096,27959808,5,17698626,,4.77073259881709,"{""block_cap"": 0.15}",False,
case_014,3,3,5,capls,c2,0,1.728,13.225,True,3714218,93199776,31047168,62152608,103132516,0.2721750148815448,28059648,5,17698626,,4.765101563774663,"{""block_cap"": 0.35, ""init"": ""rr""}",False,
case_014,3,3,5,capls,c3,0,1.488,13.392,True,3717885,70838688,10295808,60542880,80771428,0.0982675644799141,7933440,5,17698626,,4.760401679987412,"{""block_cap"": 0.35, ""init"": ""contig""}",False,
case_014,3,3,5,capls,c4,0,1.102,15.544,True,3711315,90579360,30978048,59601312,100512100,0.3858432234817224,38767104,1335,17698626,,4.76882883829586,"{""block_cap"": 0.35, ""subgraph_mode"": ""block""}",False,
case_014,3,3,5,capls,c5,0,1.589,15.025,True,3734958,90600864,31047168,59553696,100533604,0.3745419782337119,37639680,1335,17698626,,4.738641237732794,"{""block_cap"": 0.35, ""init"": ""rr"", ""subgraph_mode"": ""block""}",False,
case_014,3,3,5,capls,c6,0,1.221,13.276,True,3709834,92875680,30978048,61897632,102808420,0.2720618577165096,27959808,5,17698626,,4.77073259881709,"{""block_cap"": 0.6, ""comm_weight"": 1e-06}",False,
case_014,3,3,5,capls,c7,0,1.127,13.276,True,3709834,92875680,30978048,61897632,102808420,0.2720618577165096,27959808,5,17698626,,4.77073259881709,"{""block_cap"": 0.08}",False,
case_014,3,3,5,capls,c8,0,1.229,13.25,True,3859613,104015720,68011880,36003840,113948460,0.4339366736181716,41739624,87,17698626,,4.585596017009996,"{""block_cap"": 0.005}",False,
case_014,3,3,5,capls,c9,0,1.118,17.257,True,3729274,93456288,30978048,62478240,103389028,0.34518609488482144,35658240,75,17698626,,4.745863672124923,"{""block_cap"": 0.35, ""max_ops"": 500}",False,
case_014,3,3,5,capls,c10,0,0.99,14.288,True,4558162,89273760,23348736,65925024,99206500,0.25507035930498634,25294848,4,17698626,,3.8828426896630703,"{""block_cap"": 0.35, ""cores_used"": 4}",False,
case_014,3,3,5,capls,c11,0,0.991,13.276,True,3709834,92875680,30978048,61897632,102808420,0.2720618577165096,27959808,5,17698626,,4.77073259881709,"{""block_cap"": 0.35, ""sync_weight"": 0.0}",False,
case_014,3,3,5,capls,c12,0,1.862,13.225,True,3714218,93199776,31047168,62152608,103132516,0.2721750148815448,28059648,5,17698626,,4.765101563774663,"{""block_cap"": 0.35, ""init"": ""rr"", ""level_mode"": ""alap_fill""}",False,
case_014,3,3,5,capls,c13,0,1.865,13.225,True,3714218,93199776,31047168,62152608,103132516,0.2721750148815448,28059648,5,17698626,,4.765101563774663,"{""block_cap"": 0.35, ""init"": ""rr"", ""level_mode"": ""alap_compress""}",False,
case_014,3,3,5,capls,c14,0,5.319,21.329,True,6941439,348903936,31047168,317856768,358836676,0.1568566619872337,33490944,35705,17698626,,2.5497056157952263,"{""alpha"": 0.8, ""block_cap"": 0.35, ""init"": ""rr"", ""mu"": 1.0, ""nu"": 0.5, ""subgraph_mode"": ""op""}",False,
case_014,3,3,5,capls,c15,0,5.278,20.476,True,6928752,348903936,31047168,317856768,358836676,0.15666961955411737,33451008,35705,17698626,,2.5543742942451972,"{""alpha"": 1.0, ""block_cap"": 0.35, ""init"": ""rr"", ""mu"": 1.0, ""nu"": 0.5, ""subgraph_mode"": ""op""}",False,
case_014,3,3,5,capls,c16,0,5.742,21.421,True,6954172,348903936,31047168,317856768,358836676,0.1556336922322424,33229824,35705,17698626,,2.545037137419092,"{""alpha"": 0.8, ""block_cap"": 0.35, ""init"": ""rr"", ""mu"": 0.0, ""nu"": 0.0, ""subgraph_mode"": ""op""}",False,
case_014,3,3,5,capls,c17,0,6.016,21.329,True,6941439,348903936,31047168,317856768,358836676,0.1568566619872337,33490944,35705,17698626,,2.5497056157952263,"{""alpha"": 0.8, ""block_cap"": 0.15, ""init"": ""rr"", ""mu"": 1.0, ""nu"": 0.5, ""subgraph_mode"": ""op""}",False,
case_014,3,3,5,capls,_best,0,1.151,13.276,True,3709834,92875680,30978048,61897632,102808420,0.2720618577165096,27959808,5,17698626,,4.77073259881709,"{""block_cap"": 0.35}",True,results\plans\case_014_p3_n5_capls_best.json
case_071,2,2,4,capls,c0,0,0.189,0.136,True,14205,198992,198992,0,320438,,,30,18919,,1.3318549806406195,"{""block_cap"": 0.35}",False,
case_071,2,2,4,capls,c1,0,0.152,0.138,True,17011,218570,218570,0,340016,,,25,18919,,1.112162718241138,"{""block_cap"": 0.15}",False,
case_071,2,2,4,capls,c2,0,0.155,0.14,True,15152,199888,199888,0,321334,,,19,18919,,1.2486140443505809,"{""block_cap"": 0.35, ""init"": ""rr""}",False,
case_071,2,2,4,capls,c3,0,0.193,0.112,True,11597,176580,176580,0,298026,,,6,18919,,1.6313701819436062,"{""block_cap"": 0.35, ""init"": ""contig""}",False,
case_071,2,2,4,capls,c4,0,0.188,0.129,True,22351,198992,198992,0,320438,,,221,18919,,0.8464498232741264,"{""block_cap"": 0.35, ""subgraph_mode"": ""block""}",False,
case_071,2,2,4,capls,c5,0,0.216,0.122,True,16446,199888,199888,0,321334,,,221,18919,,1.1503709108597835,"{""block_cap"": 0.35, ""init"": ""rr"", ""subgraph_mode"": ""block""}",False,
case_071,2,2,4,capls,c6,0,0.233,0.139,True,15695,212488,212488,0,333934,,,18,18919,,1.205415737496018,"{""block_cap"": 0.6, ""comm_weight"": 1e-06}",False,
case_071,2,2,4,capls,c7,0,0.199,0.092,True,12929,239212,239212,0,360658,,,27,18919,,1.4632995591306366,"{""block_cap"": 0.08}",False,
case_071,2,2,4,capls,c8,0,0.343,0.148,True,19365,440812,440812,0,562258,,,50,18919,,0.9769687580686806,"{""block_cap"": 0.005}",False,
case_071,2,2,4,capls,c9,0,0.195,0.136,True,14205,198992,198992,0,320438,,,30,18919,,1.3318549806406195,"{""block_cap"": 0.35, ""max_ops"": 500}",False,
case_071,2,2,4,capls,c10,0,0.197,0.116,True,16643,247434,247434,0,368880,,,20,18919,,1.1367541909511507,"{""block_cap"": 0.35, ""cores_used"": 3}",False,
case_071,2,2,4,capls,c11,0,0.088,0.603,True,12042,201424,201424,0,322870,,,30,18919,,1.5710845374522504,"{""block_cap"": 0.35, ""sync_weight"": 0.0}",False,
case_071,2,2,4,capls,c12,0,0.195,0.127,True,13771,199888,199888,0,321334,,,20,18919,,1.3738290610703652,"{""block_cap"": 0.35, ""init"": ""rr"", ""level_mode"": ""alap_fill""}",False,
case_071,2,2,4,capls,c13,0,0.197,0.127,True,13771,199888,199888,0,321334,,,20,18919,,1.3738290610703652,"{""block_cap"": 0.35, ""init"": ""rr"", ""level_mode"": ""alap_compress""}",False,
case_071,2,2,4,capls,c14,0,0.252,0.115,True,11528,199888,199888,0,321334,,,741,18919,,1.6411346287300486,"{""alpha"": 0.8, ""block_cap"": 0.35, ""init"": ""rr"", ""mu"": 1.0, ""nu"": 0.5, ""subgraph_mode"": ""op""}",True,
case_071,2,2,4,capls,c15,0,0.265,0.115,True,11528,199888,199888,0,321334,,,741,18919,,1.6411346287300486,"{""alpha"": 1.0, ""block_cap"": 0.35, ""init"": ""rr"", ""mu"": 1.0, ""nu"": 0.5, ""subgraph_mode"": ""op""}",False,
case_071,2,2,4,capls,c16,0,0.276,0.12,True,11755,199888,199888,0,321334,,,741,18919,,1.6094427903019992,"{""alpha"": 0.8, ""block_cap"": 0.35, ""init"": ""rr"", ""mu"": 0.0, ""nu"": 0.0, ""subgraph_mode"": ""op""}",False,
case_071,2,2,4,capls,c17,0,0.233,0.127,True,13629,192714,192714,0,314160,,,741,18919,,1.388142930515812,"{""alpha"": 0.8, ""block_cap"": 0.15, ""init"": ""rr"", ""mu"": 1.0, ""nu"": 0.5, ""subgraph_mode"": ""op""}",False,
case_071,2,2,4,capls,_best,0,0.237,0.115,True,11528,199888,199888,0,321334,,,741,18919,,1.6411346287300486,"{""alpha"": 0.8, ""block_cap"": 0.35, ""init"": ""rr"", ""mu"": 1.0, ""nu"": 0.5, ""subgraph_mode"": ""op""}",True,results\plans\case_071_p2_n4_capls_best.json
case_071,2,2,5,capls,c0,0,0.227,0.124,True,13171,208526,208526,0,329972,,,26,18919,,1.4364133323210082,"{""block_cap"": 0.35}",False,
case_071,2,2,5,capls,c1,0,0.209,0.148,True,15305,214800,214800,0,336246,,,26,18919,,1.2361319830120876,"{""block_cap"": 0.15}",False,
case_071,2,2,5,capls,c2,0,0.195,0.148,True,12430,257878,257878,0,379324,,,29,18919,,1.5220434432823813,"{""block_cap"": 0.35, ""init"": ""rr""}",False,
case_071,2,2,5,capls,c3,0,0.237,0.074,True,14204,205260,205260,0,326706,,,14,18919,,1.3319487468318782,"{""block_cap"": 0.35, ""init"": ""contig""}",False,
case_071,2,2,5,capls,c4,0,0.232,0.122,True,22357,208526,208526,0,329972,,,221,18919,,0.8462226595697097,"{""block_cap"": 0.35, ""subgraph_mode"": ""block""}",False,
case_071,2,2,5,capls,c5,0,0.208,0.147,True,19608,257878,257878,0,379324,,,221,18919,,0.9648612811097511,"{""block_cap"": 0.35, ""init"": ""rr"", ""subgraph_mode"": ""block""}",False,
case_071,2,2,5,capls,c6,0,0.214,0.105,True,13931,256526,256526,0,377972,,,28,18919,,1.3580503912138397,"{""block_cap"": 0.6, ""comm_weight"": 1e-06}",False,
case_071,2,2,5,capls,c7,0,0.229,0.102,True,15415,247566,247566,0,369012,,,26,18919,,1.227311060655206,"{""block_cap"": 0.08}",False,
case_071,2,2,5,capls,c8,0,0.332,0.596,True,19785,461934,461934,0,583380,,,52,18919,,0.9562294667677533,"{""block_cap"": 0.005}",False,
case_071,2,2,5,capls,c9,0,0.228,0.124,True,13171,208526,208526,0,329972,,,26,18919,,1.4364133323210082,"{""block_cap"": 0.35, ""max_ops"": 500}",False,
case_071,2,2,5,capls,c10,0,0.156,0.128,True,14205,198992,198992,0,320438,,,30,18919,,1.3318549806406195,"{""block_cap"": 0.35, ""cores_used"": 4}",False,
case_071,2,2,5,capls,c11,0,0.087,0.118,True,13629,204462,204462,0,325908,,,26,18919,,1.388142930515812,"{""block_cap"": 0.35, ""sync_weight"": 0.0}",False,
case_071,2,2,5,capls,c12,0,0.197,0.142,True,11988,257878,257878,0,379324,,,30,18919,,1.5781614948281615,"{""block_cap"": 0.35, ""init"": ""rr"", ""level_mode"": ""alap_fill""}",False,
case_071,2,2,5,capls,c13,0,0.21,0.142,True,11988,257878,257878,0,379324,,,30,18919,,1.5781614948281615,"{""block_cap"": 0.35, ""init"": ""rr"", ""level_mode"": ""alap_compress""}",False,
case_071,2,2,5,capls,c14,0,0.21,0.12,True,10112,257878,257878,0,379324,,,741,18919,,1.8709454113924051,"{""alpha"": 0.8, ""block_cap"": 0.35, ""init"": ""rr"", ""mu"": 1.0, ""nu"": 0.5, ""subgraph_mode"": ""op""}",False,
case_071,2,2,5,capls,c15,0,0.242,0.12,True,10112,257878,257878,0,379324,,,741,18919,,1.8709454113924051,"{""alpha"": 1.0, ""block_cap"": 0.35, ""init"": ""rr"", ""mu"": 1.0, ""nu"": 0.5, ""subgraph_mode"": ""op""}",False,
case_071,2,2,5,capls,c16,0,0.182,0.087,True,10211,257878,257878,0,379324,,,741,18919,,1.8528057976691803,"{""alpha"": 0.8, ""block_cap"": 0.35, ""init"": ""rr"", ""mu"": 0.0, ""nu"": 0.0, ""subgraph_mode"": ""op""}",False,
case_071,2,2,5,capls,c17,0,0.184,0.087,True,9894,247822,247822,0,369268,,,741,18919,,1.9121689913078634,"{""alpha"": 0.8, ""block_cap"": 0.15, ""init"": ""rr"", ""mu"": 1.0, ""nu"": 0.5, ""subgraph_mode"": ""op""}",True,
case_071,2,2,5,capls,_best,0,0.26,0.087,True,9894,247822,247822,0,369268,,,741,18919,,1.9121689913078634,"{""alpha"": 0.8, ""block_cap"": 0.15, ""init"": ""rr"", ""mu"": 1.0, ""nu"": 0.5, ""subgraph_mode"": ""op""}",True,results\plans\case_071_p2_n5_capls_best.json
case_071,3,3,3,capls,c0,0,0.185,0.149,True,18573,233386,233386,0,354832,0.28600630856862863,74714,16,18919,,1.0186291929144458,"{""block_cap"": 0.35}",False,
case_071,3,3,3,capls,c1,0,0.193,0.117,True,13492,232874,232874,0,354320,0.22294869391326083,57082,17,18919,,1.4022383634746516,"{""block_cap"": 0.15}",False,
case_071,3,3,3,capls,c2,0,0.218,0.123,True,15833,291498,291498,0,412944,0.3290518855308906,98426,26,18919,,1.1949093665129793,"{""block_cap"": 0.35, ""init"": ""rr""}",False,
case_071,3,3,3,capls,c3,0,0.105,0.101,True,16286,200262,200262,0,321708,0.21646867967973207,49638,6,18919,,1.1616726022350485,"{""block_cap"": 0.35, ""init"": ""contig""}",False,
case_071,3,3,3,capls,c4,0,0.207,0.094,True,25573,233386,233386,0,354832,0.26407943896612973,68986,221,18919,,0.7398036992140148,"{""block_cap"": 0.35, ""subgraph_mode"": ""block""}",False,
case_071,3,3,3,capls,c5,0,0.223,0.102,True,27201,291498,291498,0,412944,0.31493046269055897,94202,221,18919,,0.6955258997830962,"{""block_cap"": 0.35, ""init"": ""rr"", ""subgraph_mode"": ""block""}",False,
case_071,3,3,3,capls,c6,0,0.219,0.111,True,13000,225322,225322,0,346768,0.2653606341646823,67754,18,18919,,1.4553076923076924,"{""block_cap"": 0.6, ""comm_weight"": 1e-06}",False,
case_071,3,3,3,capls,c7,0,0.235,0.093,True,14558,265640,265640,0,387086,0.3197827784382276,90920,20,18919,,1.2995603791729633,"{""block_cap"": 0.08}",False,
case_071,3,3,3,capls,c8,0,0.313,0.18,True,19028,329740,329740,0,451186,0.20798773715421437,64044,32,18919,,0.9942715997477402,"{""block_cap"": 0.005}",False,
case_071,3,3,3,capls,c9,0,0.203,0.149,True,18573,233386,233386,0,354832,0.28600630856862863,74714,16,18919,,1.0186291929144458,"{""block_cap"": 0.35, ""max_ops"": 500}",False,
case_071,3,3,3,capls,c10,0,0.07,0.162,True,23930,312100,312100,0,433546,0.2200634760101934,66148,10,18919,,0.7905975762641037,"{""block_cap"": 0.35, ""cores_used"": 2}",False,
case_071,3,3,3,capls,c11,0,0.097,0.14,True,16541,233546,233546,0,354992,0.28194061830425465,73688,20,18919,,1.1437639804123088,"{""block_cap"": 0.35, ""sync_weight"": 0.0}",False,
case_071,3,3,3,capls,c12,0,0.195,0.146,True,12238,291498,291498,0,412944,0.3290518855308906,98426,27,18919,,1.5459225363621507,"{""block_cap"": 0.35, ""init"": ""rr"", ""level_mode"": ""alap_fill""}",False,
case_071,3,3,3,capls,c13,0,0.225,0.146,True,12238,291498,291498,0,412944,0.3290518855308906,98426,27,18919,,1.5459225363621507,"{""block_cap"": 0.35, ""init"": ""rr"", ""level_mode"": ""alap_compress""}",False,
case_071,3,3,3,capls,c14,0,0.254,0.147,True,10951,291498,291498,0,412944,0.2590866541856111,77498,741,18919,,1.727604784951146,"{""alpha"": 0.8, ""block_cap"": 0.35, ""init"": ""rr"", ""mu"": 1.0, ""nu"": 0.5, ""subgraph_mode"": ""op""}",False,
case_071,3,3,3,capls,c15,0,0.264,0.147,True,10951,291498,291498,0,412944,0.2590866541856111,77498,741,18919,,1.727604784951146,"{""alpha"": 1.0, ""block_cap"": 0.35, ""init"": ""rr"", ""mu"": 1.0, ""nu"": 0.5, ""subgraph_mode"": ""op""}",False,
case_071,3,3,3,capls,c16,0,0.265,0.094,True,11331,291498,291498,0,412944,0.26309842203797806,78698,741,18919,,1.6696672844409144,"{""alpha"": 0.8, ""block_cap"": 0.35, ""init"": ""rr"", ""mu"": 0.0, ""nu"": 0.0, ""subgraph_mode"": ""op""}",False,
case_071,3,3,3,capls,c17,0,0.17,0.084,True,10636,229324,229324,0,350770,0.20529945905735286,50780,741,18919,,1.7787702143663031,"{""alpha"": 0.8, ""block_cap"": 0.15, ""init"": ""rr"", ""mu"": 1.0, ""nu"": 0.5, ""subgraph_mode"": ""op""}",True,
case_071,3,3,3,capls,_best,0,0.231,0.084,True,10636,229324,229324,0,350770,0.20529945905735286,50780,741,18919,,1.7787702143663031,"{""alpha"": 0.8, ""block_cap"": 0.15, ""init"": ""rr"", ""mu"": 1.0, ""nu"": 0.5, ""subgraph_mode"": ""op""}",True,results\plans\case_071_p3_n3_capls_best.json
case_071,3,3,4,capls,c0,0,0.16,0.132,True,11128,228490,228490,0,349936,0.28251738568527296,73450,24,18919,,1.7001258087706685,"{""block_cap"": 0.35}",False,
case_071,3,3,4,capls,c1,0,0.224,0.124,True,12798,264682,264682,0,386128,0.41743747626539357,123114,20,18919,,1.4782778559149867,"{""block_cap"": 0.15}",False,
case_071,3,3,4,capls,c2,0,0.217,0.131,True,11608,275664,275664,0,397110,0.4325944393976567,130480,24,18919,,1.6298242591316334,"{""block_cap"": 0.35, ""init"": ""rr""}",False,
case_071,3,3,4,capls,c3,0,0.188,0.09,True,14590,194504,194504,0,315950,0.20509550659027354,45032,10,18919,,1.2967100753941057,"{""block_cap"": 0.35, ""init"": ""contig""}",False,
case_071,3,3,4,capls,c4,0,0.202,0.14,True,21753,228490,228490,0,349936,0.31796572096744413,82666,221,18919,,0.8697191192019491,"{""block_cap"": 0.35, ""subgraph_mode"": ""block""}",False,
case_071,3,3,4,capls,c5,0,0.221,0.146,True,16577,275664,275664,0,397110,0.4338675560801268,130864,221,18919,,1.1412800868673463,"{""block_cap"": 0.35, ""init"": ""rr"", ""subgraph_mode"": ""block""}",False,
case_071,3,3,4,capls,c6,0,0.22,0.129,True,13287,213258,213258,0,334704,0.309322441905251,77098,15,18919,,1.423872958530895,"{""block_cap"": 0.6, ""comm_weight"": 1e-06}",False,
case_071,3,3,4,capls,c7,0,0.214,0.148,True,12597,282446,282446,0,403892,0.39459333643678923,118670,24,18919,,1.5018655235373501,"{""block_cap"": 0.08}",False,
case_071,3,3,4,capls,c8,0,0.325,0.177,True,18307,442958,442958,0,564404,0.2769095087925597,103614,49,18919,,1.0334298355820177,"{""block_cap"": 0.005}",False,
case_071,3,3,4,capls,c9,0,0.21,0.132,True,11128,228490,228490,0,349936,0.28251738568527296,73450,24,18919,,1.7001258087706685,"{""block_cap"": 0.35, ""max_ops"": 500}",False,
case_071,3,3,4,capls,c10,0,0.184,0.138,True,18573,233386,233386,0,354832,0.28600630856862863,74714,16,18919,,1.0186291929144458,"{""block_cap"": 0.35, ""cores_used"": 3}",False,
case_071,3,3,4,capls,c11,0,0.09,0.136,True,12968,232080,232080,0,353526,0.3221611875530021,84336,28,18919,,1.4588988278840223,"{""block_cap"": 0.35, ""sync_weight"": 0.0}",False,
case_071,3,3,4,capls,c12,0,0.205,0.134,True,10299,275664,275664,0,397110,0.424955739302836,128176,27,18919,,1.8369744635401495,"{""block_cap"": 0.35, ""init"": ""rr"", ""level_mode"": ""alap_fill""}",False,
case_071,3,3,4,capls,c13,0,0.226,0.134,True,10299,275664,275664,0,397110,0.424955739302836,128176,27,18919,,1.8369744635401495,"{""block_cap"": 0.35, ""init"": ""rr"", ""level_mode"": ""alap_compress""}",False,
case_071,3,3,4,capls,c14,0,0.275,0.121,True,10266,275664,275664,0,397110,0.42845681017962883,129232,741,18919,,1.8428794077537503,"{""alpha"": 0.8, ""block_cap"": 0.35, ""init"": ""rr"", ""mu"": 1.0, ""nu"": 0.5, ""subgraph_mode"": ""op""}",False,
case_071,3,3,4,capls,c15,0,0.243,0.121,True,10266,275664,275664,0,397110,0.42845681017962883,129232,741,18919,,1.8428794077537503,"{""alpha"": 1.0, ""block_cap"": 0.35, ""init"": ""rr"", ""mu"": 1.0, ""nu"": 0.5, ""subgraph_mode"": ""op""}",False,
case_071,3,3,4,capls,c16,0,0.255,0.119,True,10127,275664,275664,0,397110,0.42845681017962883,129232,741,18919,,1.8681741878147526,"{""alpha"": 0.8, ""block_cap"": 0.35, ""init"": ""rr"", ""mu"": 0.0, ""nu"": 0.0, ""subgraph_mode"": ""op""}",False,
case_071,3,3,4,capls,c17,0,0.227,0.137,True,8702,267856,267856,0,389302,0.3350384881116051,96016,741,18919,,2.1740979085267753,"{""alpha"": 0.8, ""block_cap"": 0.15, ""init"": ""rr"", ""mu"": 1.0, ""nu"": 0.5, ""subgraph_mode"": ""op""}",True,
case_071,3,3,4,capls,_best,0,0.258,0.137,True,8702,267856,267856,0,389302,0.3350384881116051,96016,741,18919,,2.1740979085267753,"{""alpha"": 0.8, ""block_cap"": 0.15, ""init"": ""rr"", ""mu"": 1.0, ""nu"": 0.5, ""subgraph_mode"": ""op""}",True,results\plans\case_071_p3_n4_capls_best.json
case_071,3,3,5,capls,c0,0,0.224,0.087,True,13928,285968,285968,0,407414,0.28865721955178225,83232,28,18919,,1.3583429063756463,"{""block_cap"": 0.35}",False,
case_071,3,3,5,capls,c1,0,0.228,0.093,True,15156,279058,279058,0,400504,0.2849631021807026,82482,26,18919,,1.2482845077856954,"{""block_cap"": 0.15}",False,
case_071,3,3,5,capls,c2,0,0.258,0.161,True,13381,296024,296024,0,417470,0.33890357858841236,101768,40,18919,,1.4138704132725506,"{""block_cap"": 0.35, ""init"": ""rr""}",False,
case_071,3,3,5,capls,c3,0,0.218,0.084,True,13511,191468,191468,0,312914,0.2243386432470584,50220,11,18919,,1.400266449559618,"{""block_cap"": 0.35, ""init"": ""contig""}",False,
case_071,3,3,5,capls,c4,0,0.22,0.157,True,27794,285968,285968,0,407414,0.2979794826976299,85920,221,18919,,0.6806864790962078,"{""block_cap"": 0.35, ""subgraph_mode"": ""block""}",False,
case_071,3,3,5,capls,c5,0,0.214,0.091,True,19288,296024,296024,0,417470,0.2837028699306661,85192,221,18919,,0.9808689340522605,"{""block_cap"": 0.35, ""init"": ""rr"", ""subgraph_mode"": ""block""}",False,
case_071,3,3,5,capls,c6,0,0.204,0.12,True,12332,295730,295730,0,417176,0.4016176808559536,125822,30,18919,,1.5341388258190074,"{""block_cap"": 0.6, ""comm_weight"": 1e-06}",False,
case_071,3,3,5,capls,c7,0,0.209,0.137,True,13849,305008,305008,0,426454,0.32090869420798623,98544,28,18919,,1.3660914145425662,"{""block_cap"": 0.08}",False,
case_071,3,3,5,capls,c8,0,0.281,0.17,True,17890,490574,490574,0,612020,0.27698825090203727,110238,55,18919,,1.0575181665735047,"{""block_cap"": 0.005}",False,
case_071,3,3,5,capls,c9,0,0.195,0.087,True,13928,285968,285968,0,407414,0.28865721955178225,83232,28,18919,,1.3583429063756463,"{""block_cap"": 0.35, ""max_ops"": 500}",False,
case_071,3,3,5,capls,c10,0,0.155,0.13,True,11128,228490,228490,0,349936,0.28251738568527296,73450,24,18919,,1.7001258087706685,"{""block_cap"": 0.35, ""cores_used"": 4}",False,
case_071,3,3,5,capls,c11,0,0.084,0.172,True,15239,286448,286448,0,407894,0.27960163835582263,80688,31,18919,,1.2414856617888312,"{""block_cap"": 0.35, ""sync_weight"": 0.0}",False,
case_071,3,3,5,capls,c12,0,0.245,0.188,True,11821,296024,296024,0,417470,0.3504126066483286,105224,43,18919,,1.6004568141443194,"{""block_cap"": 0.35, ""init"": ""rr"", ""level_mode"": ""alap_fill""}",False,
case_071,3,3,5,capls,c13,0,0.179,0.188,True,11821,296024,296024,0,417470,0.3504126066483286,105224,43,18919,,1.6004568141443194,"{""block_cap"": 0.35, ""init"": ""rr"", ""level_mode"": ""alap_compress""}",False,
case_071,3,3,5,capls,c14,0,0.211,0.114,True,9749,296024,296024,0,417470,0.34220709590190684,102760,741,18919,,1.9406092932608472,"{""alpha"": 0.8, ""block_cap"": 0.35, ""init"": ""rr"", ""mu"": 1.0, ""nu"": 0.5, ""subgraph_mode"": ""op""}",False,
case_071,3,3,5,capls,c15,0,0.243,0.114,True,9749,296024,296024,0,417470,0.34220709590190684,102760,741,18919,,1.9406092932608472,"{""alpha"": 1.0, ""block_cap"": 0.35, ""init"": ""rr"", ""mu"": 1.0, ""nu"": 0.5, ""subgraph_mode"": ""op""}",False,
case_071,3,3,5,capls,c16,0,0.213,0.144,True,10083,296024,296024,0,417470,0.3294192869464444,98920,741,18919,,1.8763264901319052,"{""alpha"": 0.8, ""block_cap"": 0.35, ""init"": ""rr"", ""mu"": 0.0, ""nu"": 0.0, ""subgraph_mode"": ""op""}",False,
case_071,3,3,5,capls,c17,0,0.252,0.12,True,9055,315412,315412,0,436858,0.35837959165506234,112724,741,18919,,2.0893429044726672,"{""alpha"": 0.8, ""block_cap"": 0.15, ""init"": ""rr"", ""mu"": 1.0, ""nu"": 0.5, ""subgraph_mode"": ""op""}",True,
case_071,3,3,5,capls,_best,0,0.255,0.12,True,9055,315412,315412,0,436858,0.35837959165506234,112724,741,18919,,2.0893429044726672,"{""alpha"": 0.8, ""block_cap"": 0.15, ""init"": ""rr"", ""mu"": 1.0, ""nu"": 0.5, ""subgraph_mode"": ""op""}",True,results\plans\case_071_p3_n5_capls_best.json
case_053,3,3,5,capls,c0,0,0.586,2.773,True,727454,8632456,5294632,3337824,11627744,0.26290277231671094,2919234,17,1472686,,2.024438658664328,"{""block_cap"": 0.35}",False,
case_053,3,3,5,capls,c1,0,1.414,5.67,True,428421,14498928,14498928,0,17494216,0.5155214203921946,6827742,258,1472686,,3.437473886667554,"{""block_cap"": 0.15}",False,
case_053,3,3,5,capls,c2,0,1.318,2.82,True,741208,8379350,5041526,3337824,11374638,0.2552704199406254,2792494,16,1472686,,1.986872780649966,"{""block_cap"": 0.35, ""init"": ""rr""}",False,
case_053,3,3,5,capls,c3,0,0.963,3.748,True,493923,6978102,3163446,3814656,9973390,0.2934394378061629,2873170,6,1472686,,2.981610493943388,"{""block_cap"": 0.35, ""init"": ""contig""}",False,
case_053,3,3,5,capls,c4,0,0.55,3.038,True,733593,8632456,5294632,3337824,11627744,0.25790432763254995,2863732,59,1472686,,2.007497345258202,"{""block_cap"": 0.35, ""subgraph_mode"": ""block""}",False,
case_053,3,3,5,capls,c5,0,1.199,2.418,True,745509,8379350,5041526,3337824,11374638,0.2628439919132351,2875344,59,1472686,,1.9754100889459416,"{""block_cap"": 0.35, ""init"": ""rr"", ""subgraph_mode"": ""block""}",False,
case_053,3,3,5,capls,c6,0,0.578,2.626,True,691384,8257570,4919746,3337824,11252858,0.2954142576082395,3215674,10,1472686,,2.1300550779306433,"{""block_cap"": 0.6, ""comm_weight"": 1e-06}",False,
case_053,3,3,5,capls,c7,0,1.312,5.67,True,428421,14498928,14498928,0,17494216,0.5155214203921946,6827742,258,1472686,,3.437473886667554,"{""block_cap"": 0.08}",False,
case_053,3,3,5,capls,c8,0,1.27,14.629,True,482797,18355682,18355682,0,21350970,0.5025397069463592,7634736,287,1472686,,3.050321356595008,"{""block_cap"": 0.005}",False,
case_053,3,3,5,capls,c9,0,0.565,8.3,True,671542,8632456,5294632,3337824,11627744,0.2628898038464843,2919090,34,1472686,,2.1929916520485686,"{""block_cap"": 0.35, ""max_ops"": 500}",False,
case_053,3,3,5,capls,c10,0,0.544,6.56,True,695287,7571970,3757314,3814656,10567258,0.3566906938222251,3650364,11,1472686,,2.11809799406576,"{""block_cap"": 0.35, ""cores_used"": 4}",False,
case_053,3,3,5,capls,c11,0,0.485,2.773,True,727454,8632456,5294632,3337824,11627744,0.26290277231671094,2919234,17,1472686,,2.024438658664328,"{""block_cap"": 0.35, ""sync_weight"": 0.0}",False,
case_053,3,3,5,capls,c12,0,1.338,2.799,True,573670,9883734,5041526,4842208,12879022,0.5471656997970871,6669116,30,1472686,,2.567130928931267,"{""block_cap"": 0.35, ""init"": ""rr"", ""level_mode"": ""alap_fill""}",False,
case_053,3,3,5,capls,c13,0,1.378,2.799,True,573670,9883734,5041526,4842208,12879022,0.5471656997970871,6669116,30,1472686,,2.567130928931267,"{""block_cap"": 0.35, ""init"": ""rr"", ""level_mode"": ""alap_compress""}",False,
case_053,3,3,5,capls,c14,0,2.335,2.855,True,422297,5041526,5041526,0,8036814,0.47285626108000334,3594432,11670,1472686,,3.4873229030753237,"{""alpha"": 0.8, ""block_cap"": 0.35, ""init"": ""rr"", ""mu"": 1.0, ""nu"": 0.5, ""subgraph_mode"": ""op""}",False,
case_053,3,3,5,capls,c15,0,2.478,2.642,True,419238,5041526,5041526,0,8036814,0.47285626108000334,3594432,11670,1472686,,3.512768403627534,"{""alpha"": 1.0, ""block_cap"": 0.35, ""init"": ""rr"", ""mu"": 1.0, ""nu"": 0.5, ""subgraph_mode"": ""op""}",False,
case_053,3,3,5,capls,c16,0,2.393,2.311,True,471797,5041526,5041526,0,8036814,0.44686571075409537,3396864,11670,1472686,,3.1214399413306992,"{""alpha"": 0.8, ""block_cap"": 0.35, ""init"": ""rr"", ""mu"": 0.0, ""nu"": 0.0, ""subgraph_mode"": ""op""}",False,
case_053,3,3,5,capls,c17,0,3.441,4.286,True,365951,14846008,14846008,0,17841296,0.29538690802703393,3904088,11670,1472686,,4.024271008960216,"{""alpha"": 0.8, ""block_cap"": 0.15, ""init"": ""rr"", ""mu"": 1.0, ""nu"": 0.5, ""subgraph_mode"": ""op""}",True,
case_053,3,3,5,capls,_best,0,3.835,4.286,True,365951,14846008,14846008,0,17841296,0.29538690802703393,3904088,11670,1472686,,4.024271008960216,"{""alpha"": 0.8, ""block_cap"": 0.15, ""init"": ""rr"", ""mu"": 1.0, ""nu"": 0.5, ""subgraph_mode"": ""op""}",True,results\plans\case_053_p3_n5_capls_best.json
case_066,2,2,4,capls,c0,0,0.388,1.537,True,157767,1998906,1998906,0,3105940,,,40,359070,,2.2759512445568464,"{""block_cap"": 0.35}",False,
case_066,2,2,4,capls,c1,0,1.238,2.576,True,207999,3143050,3143050,0,4250084,,,99,359070,,1.7263063764729638,"{""block_cap"": 0.15}",False,
case_066,2,2,4,capls,c2,0,0.764,1.503,True,149472,2060756,2060756,0,3167790,,,32,359070,,2.4022559409120103,"{""block_cap"": 0.35, ""init"": ""rr""}",False,
case_066,2,2,4,capls,c3,0,0.612,1.374,True,199671,736456,736456,0,1843490,,,12,359070,,1.798308217016993,"{""block_cap"": 0.35, ""init"": ""contig""}",False,
case_066,2,2,4,capls,c4,0,0.349,1.594,True,161146,1998906,1998906,0,3105940,,,270,359070,,2.2282278182517716,"{""block_cap"": 0.35, ""subgraph_mode"": ""block""}",False,
case_066,2,2,4,capls,c5,0,0.823,1.574,True,161811,2060756,2060756,0,3167790,,,270,359070,,2.2190703969445833,"{""block_cap"": 0.35, ""init"": ""rr"", ""subgraph_mode"": ""block""}",False,
case_066,2,2,4,capls,c6,0,0.331,1.741,True,158643,1994202,1994202,0,3101236,,,39,359070,,2.26338382405779,"{""block_cap"": 0.6, ""comm_weight"": 1e-06}",False,
case_066,2,2,4,capls,c7,0,1.27,2.576,True,207999,3143050,3143050,0,4250084,,,99,359070,,1.7263063764729638,"{""block_cap"": 0.08}",False,
case_066,2,2,4,capls,c8,0,1.468,1.935,True,225912,4133438,4133438,0,5240472,,,134,359070,,1.5894242005736747,"{""block_cap"": 0.005}",False,
case_066,2,2,4,capls,c9,0,0.355,1.499,True,157130,1998906,1998906,0,3105940,,,43,359070,,2.2851778781900336,"{""block_cap"": 0.35, ""max_ops"": 500}",False,
case_066,2,2,4,capls,c10,0,0.296,1.56,True,191371,1270866,1270866,0,2377900,,,27,359070,,1.8763030971254788,"{""block_cap"": 0.35, ""cores_used"": 3}",False,
case_066,2,2,4,capls,c11,0,0.288,1.537,True,157767,1998906,1998906,0,3105940,,,40,359070,,2.2759512445568464,"{""block_cap"": 0.35, ""sync_weight"": 0.0}",False,
case_066,2,2,4,capls,c12,0,0.829,1.649,True,143866,2060756,2060756,0,3167790,,,32,359070,,2.495864206970375,"{""block_cap"": 0.35, ""init"": ""rr"", ""level_mode"": ""alap_fill""}",False,
case_066,2,2,4,capls,c13,0,0.833,1.649,True,143866,2060756,2060756,0,3167790,,,32,359070,,2.495864206970375,"{""block_cap"": 0.35, ""init"": ""rr"", ""level_mode"": ""alap_compress""}",False,
case_066,2,2,4,capls,c14,0,1.247,1.19,True,132815,2060756,2060756,0,3167790,,,5962,359070,,2.7035349922824983,"{""alpha"": 0.8, ""block_cap"": 0.35, ""init"": ""rr"", ""mu"": 1.0, ""nu"": 0.5, ""subgraph_mode"": ""op""}",True,
case_066,2,2,4,capls,c15,0,1.181,1.19,True,132815,2060756,2060756,0,3167790,,,5962,359070,,2.7035349922824983,"{""alpha"": 1.0, ""block_cap"": 0.35, ""init"": ""rr"", ""mu"": 1.0, ""nu"": 0.5, ""subgraph_mode"": ""op""}",False,
case_066,2,2,4,capls,c16,0,1.073,1.155,True,135073,2060756,2060756,0,3167790,,,5962,359070,,2.6583403048721803,"{""alpha"": 0.8, ""block_cap"": 0.35, ""init"": ""rr"", ""mu"": 0.0, ""nu"": 0.0, ""subgraph_mode"": ""op""}",False,
case_066,2,2,4,capls,c17,0,1.867,1.812,True,150274,3392308,3392308,0,4499342,,,5962,359070,,2.389435298188642,"{""alpha"": 0.8, ""block_cap"": 0.15, ""init"": ""rr"", ""mu"": 1.0, ""nu"": 0.5, ""subgraph_mode"": ""op""}",False,
case_066,2,2,4,capls,_best,0,1.067,1.19,True,132815,2060756,2060756,0,3167790,,,5962,359070,,2.7035349922824983,"{""alpha"": 0.8, ""block_cap"": 0.35, ""init"": ""rr"", ""mu"": 1.0, ""nu"": 0.5, ""subgraph_mode"": ""op""}",True,results\plans\case_066_p2_n4_capls_best.json
case_066,3,3,3,capls,c0,0,0.233,1.47,True,190998,1270866,1270866,0,2377900,0.24813321994171844,456914,27,359070,,1.8799673295008326,"{""block_cap"": 0.35}",False,
case_066,3,3,3,capls,c1,0,0.39,1.944,True,212924,3293234,3293234,0,4400268,0.31503987101979297,948098,90,359070,,1.6863763596400594,"{""block_cap"": 0.15}",False,
case_066,3,3,3,capls,c2,0,0.413,1.679,True,164673,1403928,1403928,0,2510962,0.25730589441763607,490776,30,359070,,2.1805031790275273,"{""block_cap"": 0.35, ""init"": ""rr""}",False,
case_066,3,3,3,capls,c3,0,0.718,1.677,True,276296,689556,689556,0,1796590,0.15605313009383673,226704,11,359070,,1.299584503575875,"{""block_cap"": 0.35, ""init"": ""contig""}",False,
case_066,3,3,3,capls,c4,0,0.236,1.654,True,191505,1270866,1270866,0,2377900,0.25433717496304453,468338,270,359070,,1.874990209132921,"{""block_cap"": 0.35, ""subgraph_mode"": ""block""}",False,
case_066,3,3,3,capls,c5,0,0.415,1.632,True,184564,1403928,1403928,0,2510962,0.22811377377364783,435096,270,359070,,1.9455039986129472,"{""block_cap"": 0.35, ""init"": ""rr"", ""subgraph_mode"": ""block""}",False,
case_066,3,3,3,capls,c6,0,0.264,1.47,True,190998,1270866,1270866,0,2377900,0.24813321994171844,456914,27,359070,,1.8799673295008326,"{""block_cap"": 0.6, ""comm_weight"": 1e-06}",False,
case_066,3,3,3,capls,c7,0,0.434,1.944,True,212924,3293234,3293234,0,4400268,0.31503987101979297,948098,90,359070,,1.6863763596400594,"{""block_cap"": 0.08}",False,
case_066,3,3,3,capls,c8,0,1.103,2.075,True,207073,4068602,4068602,0,5175636,0.26747568609166045,907522,88,359070,,1.7340261646858837,"{""block_cap"": 0.005}",False,
case_066,3,3,3,capls,c9,0,0.267,1.197,True,187372,1270866,1270866,0,2377900,0.2514698007935241,463058,31,359070,,1.9163482270563372,"{""block_cap"": 0.35, ""max_ops"": 500}",False,
case_066,3,3,3,capls,c10,0,0.164,1.558,True,284726,934314,934314,0,2041348,0.22281939698695663,374698,14,359070,,1.2611071696999923,"{""block_cap"": 0.35, ""cores_used"": 2}",False,
case_066,3,3,3,capls,c11,0,0.212,1.47,True,190998,1270866,1270866,0,2377900,0.24813321994171844,456914,27,359070,,1.8799673295008326,"{""block_cap"": 0.35, ""sync_weight"": 0.0}",False,
case_066,3,3,3,capls,c12,0,0.388,1.386,True,161812,1403928,1403928,0,2510962,0.292470655837061,557848,30,359070,,2.219056683064297,"{""block_cap"": 0.35, ""init"": ""rr"", ""level_mode"": ""alap_fill""}",False,
case_066,3,3,3,capls,c13,0,0.487,1.386,True,161812,1403928,1403928,0,2510962,0.292470655837061,557848,30,359070,,2.219056683064297,"{""block_cap"": 0.35, ""init"": ""rr"", ""level_mode"": ""alap_compress""}",False,
case_066,3,3,3,capls,c14,0,0.789,1.163,True,143753,1403928,1403928,0,2510962,0.29068389672867895,554440,5962,359070,,2.497826132324195,"{""alpha"": 0.8, ""block_cap"": 0.35, ""init"": ""rr"", ""mu"": 1.0, ""nu"": 0.5, ""subgraph_mode"": ""op""}",True,
case_066,3,3,3,capls,c15,0,0.75,1.163,True,143753,1403928,1403928,0,2510962,0.29068389672867895,554440,5962,359070,,2.497826132324195,"{""alpha"": 1.0, ""block_cap"": 0.35, ""init"": ""rr"", ""mu"": 1.0, ""nu"": 0.5, ""subgraph_mode"": ""op""}",False,
case_066,3,3,3,capls,c16,0,0.746,1.342,True,145650,1403928,1403928,0,2510962,0.2880079523363134,549336,5962,359070,,2.4652935118434605,"{""alpha"": 0.8, ""block_cap"": 0.35, ""init"": ""rr"", ""mu"": 0.0, ""nu"": 0.0, ""subgraph_mode"": ""op""}",False,
case_066,3,3,3,capls,c17,0,1.192,1.523,True,150001,3215064,3215064,0,4322098,0.18580276322058123,516360,5962,359070,,2.393784041439724,"{""alpha"": 0.8, ""block_cap"": 0.15, ""init"": ""rr"", ""mu"": 1.0, ""nu"": 0.5, ""subgraph_mode"": ""op""}",False,
case_066,3,3,3,capls,_best,0,0.746,1.163,True,143753,1403928,1403928,0,2510962,0.29068389672867895,554440,5962,359070,,2.497826132324195,"{""alpha"": 0.8, ""block_cap"": 0.35, ""init"": ""rr"", ""mu"": 1.0, ""nu"": 0.5, ""subgraph_mode"": ""op""}",True,results\plans\case_066_p3_n3_capls_best.json
case_074,2,2,2,capls,c0,0,0.073,1.835,True,832592,6168576,2285568,3883008,9945304,,,2,1682239,,2.0204842227645714,"{""block_cap"": 0.35}",False,
case_074,2,2,2,capls,c1,0,0.112,1.835,True,832592,6168576,2285568,3883008,9945304,,,2,1682239,,2.0204842227645714,"{""block_cap"": 0.15}",False,
case_074,2,2,2,capls,c2,0,0.115,0.905,True,826937,6590472,2285568,4304904,10367200,,,2,1682239,,2.0343012829272364,"{""block_cap"": 0.35, ""init"": ""rr""}",True,
case_074,2,2,2,capls,c3,0,0.099,0.799,True,838911,6381568,2072576,4308992,10158296,,,2,1682239,,2.0052651592362003,"{""block_cap"": 0.35, ""init"": ""contig""}",False,
case_074,2,2,2,capls,c4,0,0.07,1.755,True,851500,6311936,2285568,4026368,10088664,,,73,1682239,,1.975618320610687,"{""block_cap"": 0.35, ""subgraph_mode"": ""block""}",False,
case_074,2,2,2,capls,c5,0,0.123,0.872,True,837272,6393856,2285568,4108288,10170584,,,73,1682239,,2.009190561729044,"{""block_cap"": 0.35, ""init"": ""rr"", ""subgraph_mode"": ""block""}",False,
case_074,2,2,2,capls,c6,0,0.072,1.835,True,832592,6168576,2285568,3883008,9945304,,,2,1682239,,2.0204842227645714,"{""block_cap"": 0.6, ""comm_weight"": 1e-06}",False,
case_074,2,2,2,capls,c7,0,0.125,1.835,True,832592,6168576,2285568,3883008,9945304,,,2,1682239,,2.0204842227645714,"{""block_cap"": 0.08}",False,
case_074,2,2,2,capls,c8,0,0.096,2.068,True,916611,14278724,6881340,7397384,18055452,,,9,1682239,,1.835281269808021,"{""block_cap"": 0.005}",False,
case_074,2,2,2,capls,c9,0,0.094,0.805,True,834654,6459392,2285568,4173824,10236120,,,8,1682239,,2.015492647252634,"{""block_cap"": 0.35, ""max_ops"": 500}",False,
case_074,2,2,2,capls,c10,0,0.045,0.795,True,1682239,6070280,0,6070280,9847008,,,1,1682239,,1.0,"{""block_cap"": 0.35, ""cores_used"": 1}",False,
case_074,2,2,2,capls,c11,0,0.073,1.835,True,832592,6168576,2285568,3883008,9945304,,,2,1682239,,2.0204842227645714,"{""block_cap"": 0.35, ""sync_weight"": 0.0}",False,
case_074,2,2,2,capls,c12,0,0.157,0.905,True,826937,6590472,2285568,4304904,10367200,,,2,1682239,,2.0343012829272364,"{""block_cap"": 0.35, ""init"": ""rr"", ""level_mode"": ""alap_fill""}",False,
case_074,2,2,2,capls,c13,0,0.154,0.905,True,826937,6590472,2285568,4304904,10367200,,,2,1682239,,2.0343012829272364,"{""block_cap"": 0.35, ""init"": ""rr"", ""level_mode"": ""alap_compress""}",False,
case_074,2,2,2,capls,c14,0,0.512,0.931,True,892118,11587700,2285568,9302132,15364428,,,3609,1682239,,1.885668711986531,"{""alpha"": 0.8, ""block_cap"": 0.35, ""init"": ""rr"", ""mu"": 1.0, ""nu"": 0.5, ""subgraph_mode"": ""op""}",False,
case_074,2,2,2,capls,c15,0,0.496,0.92,True,881184,11309184,2285568,9023616,15085912,,,3609,1682239,,1.9090666648509278,"{""alpha"": 1.0, ""block_cap"": 0.35, ""init"": ""rr"", ""mu"": 1.0, ""nu"": 0.5, ""subgraph_mode"": ""op""}",False,
case_074,2,2,2,capls,c16,0,0.472,0.858,True,892696,11587700,2285568,9302132,15364428,,,3609,1682239,,1.8844477851362613,"{""alpha"": 0.8, ""block_cap"": 0.35, ""init"": ""rr"", ""mu"": 0.0, ""nu"": 0.0, ""subgraph_mode"": ""op""}",False,
case_074,2,2,2,capls,c17,0,0.528,0.931,True,892118,11587700,2285568,9302132,15364428,,,3609,1682239,,1.885668711986531,"{""alpha"": 0.8, ""block_cap"": 0.15, ""init"": ""rr"", ""mu"": 1.0, ""nu"": 0.5, ""subgraph_mode"": ""op""}",False,
case_074,2,2,2,capls,_best,0,0.122,0.905,True,826937,6590472,2285568,4304904,10367200,,,2,1682239,,2.0343012829272364,"{""block_cap"": 0.35, ""init"": ""rr""}",True,results\plans\case_074_p2_n2_capls_best.json
case_074,2,2,3,capls,c0,0,0.128,1.865,True,548347,7626752,4571136,3055616,11403480,,,3,1682239,,3.06783660711192,"{""block_cap"": 0.35}",False,
case_074,2,2,3,capls,c1,0,0.117,1.865,True,548347,7626752,4571136,3055616,11403480,,,3,1682239,,3.06783660711192,"{""block_cap"": 0.15}",False,
case_074,2,2,3,capls,c2,0,0.229,0.83,True,544838,7585792,4571136,3014656,11362520,,,3,1682239,,3.0875948447061328,"{""block_cap"": 0.35, ""init"": ""rr""}",True,
case_074,2,2,3,capls,c3,0,0.216,0.831,True,563688,6897664,3940352,2957312,10674392,,,3,1682239,,2.9843441762109535,"{""block_cap"": 0.35, ""init"": ""contig""}",False,
case_074,2,2,3,capls,c4,0,0.179,1.834,True,562419,7585792,4571136,3014656,11362520,,,73,1682239,,2.991077826318101,"{""block_cap"": 0.35, ""subgraph_mode"": ""block""}",False,
case_074,2,2,3,capls,c5,0,0.218,0.821,True,577023,7593984,4571136,3022848,11370712,,,73,1682239,,2.9153759902118286,"{""block_cap"": 0.35, ""init"": ""rr"", ""subgraph_mode"": ""block""}",False,
case_074,2,2,3,capls,c6,0,0.104,1.865,True,548347,7626752,4571136,3055616,11403480,,,3,1682239,,3.06783660711192,"{""block_cap"": 0.6, ""comm_weight"": 1e-06}",False,
case_074,2,2,3,capls,c7,0,0.155,0.852,True,568419,8093724,4628500,3465224,11870452,,,5,1682239,,2.9595052241392352,"{""block_cap"": 0.08}",False,
case_074,2,2,3,capls,c8,0,0.113,2.143,True,644738,16990236,13361168,3629068,20766964,,,9,1682239,,2.609182334529685,"{""block_cap"": 0.005}",False,
case_074,2,2,3,capls,c9,0,0.104,0.836,True,549696,7626752,4571136,3055616,11403480,,,9,1682239,,3.060307879264175,"{""block_cap"": 0.35, ""max_ops"": 500}",False,
case_074,2,2,3,capls,c10,0,0.07,0.947,True,832592,6168576,2285568,3883008,9945304,,,2,1682239,,2.0204842227645714,"{""block_cap"": 0.35, ""cores_used"": 2}",False,
case_074,2,2,3,capls,c11,0,0.103,1.865,True,548347,7626752,4571136,3055616,11403480,,,3,1682239,,3.06783660711192,"{""block_cap"": 0.35, ""sync_weight"": 0.0}",False,
case_074,2,2,3,capls,c12,0,0.226,0.83,True,544838,7585792,4571136,3014656,11362520,,,3,1682239,,3.0875948447061328,"{""block_cap"": 0.35, ""init"": ""rr"", ""level_mode"": ""alap_fill""}",False,
case_074,2,2,3,capls,c13,0,0.269,0.83,True,544838,7585792,4571136,3014656,11362520,,,3,1682239,,3.0875948447061328,"{""block_cap"": 0.35, ""init"": ""rr"", ""level_mode"": ""alap_compress""}",False,
case_074,2,2,3,capls,c14,0,0.584,0.744,True,602776,9887820,4571136,5316684,13664548,,,3609,1682239,,2.7908194752279454,"{""alpha"": 0.8, ""block_cap"": 0.35, ""init"": ""rr"", ""mu"": 1.0, ""nu"": 0.5, ""subgraph_mode"": ""op""}",False,
case_074,2,2,3,capls,c15,0,0.558,0.864,True,594229,9949216,4571136,5378080,13725944,,,3609,1682239,,2.830960791210123,"{""alpha"": 1.0, ""block_cap"": 0.35, ""init"": ""rr"", ""mu"": 1.0, ""nu"": 0.5, ""subgraph_mode"": ""op""}",False,
case_074,2,2,3,capls,c16,0,0.591,0.911,True,606814,10051604,4571136,5480468,13828332,,,3609,1682239,,2.7722481683019837,"{""alpha"": 0.8, ""block_cap"": 0.35, ""init"": ""rr"", ""mu"": 0.0, ""nu"": 0.0, ""subgraph_mode"": ""op""}",False,
case_074,2,2,3,capls,c17,0,0.614,0.744,True,602776,9887820,4571136,5316684,13664548,,,3609,1682239,,2.7908194752279454,"{""alpha"": 0.8, ""block_cap"": 0.15, ""init"": ""rr"", ""mu"": 1.0, ""nu"": 0.5, ""subgraph_mode"": ""op""}",False,
case_074,2,2,3,capls,_best,0,0.218,0.83,True,544838,7585792,4571136,3014656,11362520,,,3,1682239,,3.0875948447061328,"{""block_cap"": 0.35, ""init"": ""rr""}",True,results\plans\case_074_p2_n3_capls_best.json
case_074,3,3,2,capls,c0,0,0.088,0.896,True,832171,6168576,2285568,3883008,9945304,0.29448034371055853,2928640,2,1682239,,2.0215063971227067,"{""block_cap"": 0.35}",False,
case_074,3,3,2,capls,c1,0,0.074,0.896,True,832171,6168576,2285568,3883008,9945304,0.29448034371055853,2928640,2,1682239,,2.0215063971227067,"{""block_cap"": 0.15}",False,
case_074,3,3,2,capls,c2,0,0.133,1.623,True,824879,6590472,2285568,4304904,10367200,0.2927688655275912,3035136,2,1682239,,2.0393766843379453,"{""block_cap"": 0.35, ""init"": ""rr""}",True,
case_074,3,3,2,capls,c3,0,0.151,0.803,True,834818,6381568,2072576,4308992,10158296,0.2415316874093827,2453504,2,1682239,,2.0150967037126657,"{""block_cap"": 0.35, ""init"": ""contig""}",False,
case_074,3,3,2,capls,c4,0,0.098,1.457,True,850779,6311936,2285568,4026368,10088664,0.31222012610036487,3149824,73,1682239,,1.9772925753926696,"{""block_cap"": 0.35, ""subgraph_mode"": ""block""}",False,
case_074,3,3,2,capls,c5,0,0.132,0.867,True,837117,6393856,2285568,4108288,10170584,0.2086181142280455,2121728,73,1682239,,2.009562582052449,"{""block_cap"": 0.35, ""init"": ""rr"", ""subgraph_mode"": ""block""}",False,
case_074,3,3,2,capls,c6,0,0.073,0.896,True,832171,6168576,2285568,3883008,9945304,0.29448034371055853,2928640,2,1682239,,2.0215063971227067,"{""block_cap"": 0.6, ""comm_weight"": 1e-06}",False,
case_074,3,3,2,capls,c7,0,0.108,0.896,True,832171,6168576,2285568,3883008,9945304,0.29448034371055853,2928640,2,1682239,,2.0215063971227067,"{""block_cap"": 0.08}",False,
case_074,3,3,2,capls,c8,0,0.145,2.042,True,916506,14278724,6881340,7397384,18055452,0.06653589623004343,835584,9,1682239,,1.8354915297881302,"{""block_cap"": 0.005}",False,
case_074,3,3,2,capls,c9,0,0.093,0.906,True,832386,6459392,2285568,4173824,10236120,0.2837128201761482,2904064,8,1682239,,2.0209842549009713,"{""block_cap"": 0.35, ""max_ops"": 500}",False,
case_074,3,3,2,capls,c10,0,0.05,1.671,True,1678120,6070280,0,6070280,9847008,0.16680485013829857,1642496,1,1682239,,1.002454532452983,"{""block_cap"": 0.35, ""cores_used"": 1}",False,
case_074,3,3,2,capls,c11,0,0.101,0.896,True,832171,6168576,2285568,3883008,9945304,0.29448034371055853,2928640,2,1682239,,2.0215063971227067,"{""block_cap"": 0.35, ""sync_weight"": 0.0}",False,
case_074,3,3,2,capls,c12,0,0.154,1.623,True,824879,6590472,2285568,4304904,10367200,0.2927688655275912,3035136,2,1682239,,2.0393766843379453,"{""block_cap"": 0.35, ""init"": ""rr"", ""level_mode"": ""alap_fill""}",False,
case_074,3,3,2,capls,c13,0,0.15,1.623,True,824879,6590472,2285568,4304904,10367200,0.2927688655275912,3035136,2,1682239,,2.0393766843379453,"{""block_cap"": 0.35, ""init"": ""rr"", ""level_mode"": ""alap_compress""}",False,
case_074,3,3,2,capls,c14,0,0.516,0.948,True,887900,11587700,2285568,9302132,15364428,0.16647751491852222,1814528,3609,1682239,,1.8946266471449487,"{""alpha"": 0.8, ""block_cap"": 0.35, ""init"": ""rr"", ""mu"": 1.0, ""nu"": 0.5, ""subgraph_mode"": ""op""}",False,
case_074,3,3,2,capls,c15,0,0.549,0.849,True,879718,11309184,2285568,9023616,15085912,0.1695224220635099,1822720,3609,1682239,,1.91224801584144,"{""alpha"": 1.0, ""block_cap"": 0.35, ""init"": ""rr"", ""mu"": 1.0, ""nu"": 0.5, ""subgraph_mode"": ""op""}",False,
case_074,3,3,2,capls,c16,0,0.505,0.937,True,891205,11587700,2285568,9302132,15364428,0.1668533106632593,1818624,3609,1682239,,1.8876004959577202,"{""alpha"": 0.8, ""block_cap"": 0.35, ""init"": ""rr"", ""mu"": 0.0, ""nu"": 0.0, ""subgraph_mode"": ""op""}",False,
case_074,3,3,2,capls,c17,0,0.492,0.948,True,887900,11587700,2285568,9302132,15364428,0.16647751491852222,1814528,3609,1682239,,1.8946266471449487,"{""alpha"": 0.8, ""block_cap"": 0.15, ""init"": ""rr"", ""mu"": 1.0, ""nu"": 0.5, ""subgraph_mode"": ""op""}",False,
case_074,3,3,2,capls,_best,0,0.139,1.623,True,824879,6590472,2285568,4304904,10367200,0.2927688655275912,3035136,2,1682239,,2.0393766843379453,"{""block_cap"": 0.35, ""init"": ""rr""}",True,results\plans\case_074_p3_n2_capls_best.json
case_066,2,2,5,capls,c0,0,0.882,1.731,True,116286,2125162,2125162,0,3232196,,,46,359070,,3.0878179660492235,"{""block_cap"": 0.35}",False,
case_066,2,2,5,capls,c1,0,1.457,1.574,True,209617,3039064,3039064,0,4146098,,,106,359070,,1.7129812944560794,"{""block_cap"": 0.15}",False,
case_066,2,2,5,capls,c2,0,0.729,1.947,True,132985,2127808,2127808,0,3234842,,,48,359070,,2.700078956273264,"{""block_cap"": 0.35, ""init"": ""rr""}",False,
case_066,2,2,5,capls,c3,0,0.843,1.87,True,178176,787572,787572,0,1894606,,,17,359070,,2.0152545797413794,"{""block_cap"": 0.35, ""init"": ""contig""}",False,
case_066,2,2,5,capls,c4,0,0.88,1.068,True,151385,2125162,2125162,0,3232196,,,270,359070,,2.371899461637547,"{""block_cap"": 0.35, ""subgraph_mode"": ""block""}",False,
case_066,2,2,5,capls,c5,0,0.775,1.907,True,166667,2127808,2127808,0,3234842,,,270,359070,,2.1544156911686176,"{""block_cap"": 0.35, ""init"": ""rr"", ""subgraph_mode"": ""block""}",False,
case_066,2,2,5,capls,c6,0,0.914,1.009,True,117885,2129440,2129440,0,3236474,,,46,359070,,3.0459345972770073,"{""block_cap"": 0.6, ""comm_weight"": 1e-06}",False,
case_066,2,2,5,capls,c7,0,1.458,2.377,True,201337,2779380,2779380,0,3886414,,,98,359070,,1.7834277852555664,"{""block_cap"": 0.08}",False,
case_066,2,2,5,capls,c8,0,1.471,2.476,True,203769,3991180,3991180,0,5098214,,,166,359070,,1.7621424259823624,"{""block_cap"": 0.005}",False,
case_066,2,2,5,capls,c9,0,0.87,1.183,True,117232,2125162,2125162,0,3232196,,,50,359070,,3.0629009144260952,"{""block_cap"": 0.35, ""max_ops"": 500}",False,
case_066,2,2,5,capls,c10,0,0.432,1.739,True,157767,1998906,1998906,0,3105940,,,40,359070,,2.2759512445568464,"{""block_cap"": 0.35, ""cores_used"": 4}",False,
case_066,2,2,5,capls,c11,0,0.713,1.731,True,116286,2125162,2125162,0,3232196,,,46,359070,,3.0878179660492235,"{""block_cap"": 0.35, ""sync_weight"": 0.0}",False,
case_066,2,2,5,capls,c12,0,0.754,2.135,True,129120,2127808,2127808,0,3234842,,,50,359070,,2.7809014869888475,"{""block_cap"": 0.35, ""init"": ""rr"", ""level_mode"": ""alap_fill""}",False,
case_066,2,2,5,capls,c13,0,0.753,2.135,True,129120,2127808,2127808,0,3234842,,,50,359070,,2.7809014869888475,"{""block_cap"": 0.35, ""init"": ""rr"", ""level_mode"": ""alap_compress""}",False,
case_066,2,2,5,capls,c14,0,1.052,1.215,True,110280,2127808,2127808,0,3234842,,,5962,359070,,3.2559847660500543,"{""alpha"": 0.8, ""block_cap"": 0.35, ""init"": ""rr"", ""mu"": 1.0, ""nu"": 0.5, ""subgraph_mode"": ""op""}",True,
case_066,2,2,5,capls,c15,0,1.106,1.215,True,110280,2127808,2127808,0,3234842,,,5962,359070,,3.2559847660500543,"{""alpha"": 1.0, ""block_cap"": 0.35, ""init"": ""rr"", ""mu"": 1.0, ""nu"": 0.5, ""subgraph_mode"": ""op""}",False,
case_066,2,2,5,capls,c16,0,1.073,1.281,True,112039,2127808,2127808,0,3234842,,,5962,359070,,3.204866162675497,"{""alpha"": 0.8, ""block_cap"": 0.35, ""init"": ""rr"", ""mu"": 0.0, ""nu"": 0.0, ""subgraph_mode"": ""op""}",False,
case_066,2,2,5,capls,c17,0,1.795,1.733,True,167647,3262656,3262656,0,4369690,,,5962,359070,,2.1418218041480013,"{""alpha"": 0.8, ""block_cap"": 0.15, ""init"": ""rr"", ""mu"": 1.0, ""nu"": 0.5, ""subgraph_mode"": ""op""}",False,
case_066,2,2,5,capls,_best,0,1.054,1.215,True,110280,2127808,2127808,0,3234842,,,5962,359070,,3.2559847660500543,"{""alpha"": 0.8, ""block_cap"": 0.35, ""init"": ""rr"", ""mu"": 1.0, ""nu"": 0.5, ""subgraph_mode"": ""op""}",True,results\plans\case_066_p2_n5_capls_best.json
case_074,2,2,4,capls,c0,0,0.175,1.142,True,424461,7974912,6430720,1544192,11751640,,,4,1682239,,3.96323572719284,"{""block_cap"": 0.35}",False,
case_074,2,2,4,capls,c1,0,0.186,1.142,True,424461,7974912,6430720,1544192,11751640,,,4,1682239,,3.96323572719284,"{""block_cap"": 0.15}",False,
case_074,2,2,4,capls,c2,0,0.291,0.789,True,408750,7819264,6004736,1814528,11595992,,,4,1682239,,4.115569418960245,"{""block_cap"": 0.35, ""init"": ""rr""}",True,
case_074,2,2,4,capls,c3,0,0.342,0.788,True,447043,7192576,5005312,2187264,10969304,,,4,1682239,,3.7630362179924526,"{""block_cap"": 0.35, ""init"": ""contig""}",False,
case_074,2,2,4,capls,c4,0,0.207,1.755,True,422006,7933952,6430720,1503232,11710680,,,73,1682239,,3.9862916640995625,"{""block_cap"": 0.35, ""subgraph_mode"": ""block""}",False,
case_074,2,2,4,capls,c5,0,0.326,0.919,True,437756,7819264,6004736,1814528,11595992,,,73,1682239,,3.8428690868885864,"{""block_cap"": 0.35, ""init"": ""rr"", ""subgraph_mode"": ""block""}",False,
case_074,2,2,4,capls,c6,0,0.195,1.142,True,424461,7974912,6430720,1544192,11751640,,,4,1682239,,3.96323572719284,"{""block_cap"": 0.6, ""comm_weight"": 1e-06}",False,
case_074,2,2,4,capls,c7,0,0.193,0.951,True,443614,8106012,6283284,1822728,11882740,,,6,1682239,,3.7921233324466765,"{""block_cap"": 0.08}",False,
case_074,2,2,4,capls,c8,0,0.311,2.293,True,576133,18759776,16080980,2678796,22536504,,,13,1682239,,2.9198796111314573,"{""block_cap"": 0.005}",False,
case_074,2,2,4,capls,c9,0,0.2,0.859,True,424563,8007680,6430720,1576960,11784408,,,9,1682239,,3.9622835715783054,"{""block_cap"": 0.35, ""max_ops"": 500}",False,
case_074,2,2,4,capls,c10,0,0.13,0.864,True,548347,7626752,4571136,3055616,11403480,,,3,1682239,,3.06783660711192,"{""block_cap"": 0.35, ""cores_used"": 3}",False,
case_074,2,2,4,capls,c11,0,0.184,1.142,True,424461,7974912,6430720,1544192,11751640,,,4,1682239,,3.96323572719284,"{""block_cap"": 0.35, ""sync_weight"": 0.0}",False,
case_074,2,2,4,capls,c12,0,0.261,0.789,True,408750,7819264,6004736,1814528,11595992,,,4,1682239,,4.115569418960245,"{""block_cap"": 0.35, ""init"": ""rr"", ""level_mode"": ""alap_fill""}",False,
case_074,2,2,4,capls,c13,0,0.335,0.789,True,408750,7819264,6004736,1814528,11595992,,,4,1682239,,4.115569418960245,"{""block_cap"": 0.35, ""init"": ""rr"", ""level_mode"": ""alap_compress""}",False,
case_074,2,2,4,capls,c14,0,0.695,0.847,True,440551,9113600,6004736,3108864,12890328,,,3609,1682239,,3.8184886653304613,"{""alpha"": 0.8, ""block_cap"": 0.35, ""init"": ""rr"", ""mu"": 1.0, ""nu"": 0.5, ""subgraph_mode"": ""op""}",False,
case_074,2,2,4,capls,c15,0,0.734,0.877,True,430575,9228288,6004736,3223552,13005016,,,3609,1682239,,3.9069592986123207,"{""alpha"": 1.0, ""block_cap"": 0.35, ""init"": ""rr"", ""mu"": 1.0, ""nu"": 0.5, ""subgraph_mode"": ""op""}",False,
case_074,2,2,4,capls,c16,0,0.764,0.828,True,438303,9097216,6004736,3092480,12873944,,,3609,1682239,,3.838073205065902,"{""alpha"": 0.8, ""block_cap"": 0.35, ""init"": ""rr"", ""mu"": 0.0, ""nu"": 0.0, ""subgraph_mode"": ""op""}",False,
case_074,2,2,4,capls,c17,0,0.772,0.847,True,440551,9113600,6004736,3108864,12890328,,,3609,1682239,,3.8184886653304613,"{""alpha"": 0.8, ""block_cap"": 0.15, ""init"": ""rr"", ""mu"": 1.0, ""nu"": 0.5, ""subgraph_mode"": ""op""}",False,
case_074,2,2,4,capls,_best,0,0.329,0.789,True,408750,7819264,6004736,1814528,11595992,,,4,1682239,,4.115569418960245,"{""block_cap"": 0.35, ""init"": ""rr""}",True,results\plans\case_074_p2_n4_capls_best.json
case_074,3,3,3,capls,c0,0,0.176,0.994,True,547411,7626752,4571136,3055616,11403480,0.3056746440149543,3485696,3,1682239,,3.073082199663507,"{""block_cap"": 0.35}",False,
case_074,3,3,3,capls,c1,0,0.14,0.994,True,547411,7626752,4571136,3055616,11403480,0.3056746440149543,3485696,3,1682239,,3.073082199663507,"{""block_cap"": 0.15}",False,
case_074,3,3,3,capls,c2,0,0.173,0.835,True,544114,7585792,4571136,3014656,11362520,0.30677656902705147,3485696,3,1682239,,3.091703209253943,"{""block_cap"": 0.35, ""init"": ""rr""}",True,
case_074,3,3,3,capls,c3,0,0.166,1.844,True,563692,6897664,3940352,2957312,10674392,0.22755129190009557,2428928,3,1682239,,2.9843229990846063,"{""block_cap"": 0.35, ""init"": ""contig""}",False,
case_074,3,3,3,capls,c4,0,0.105,0.932,True,561898,7585792,4571136,3014656,11362520,0.2808213246440342,3190784,73,1682239,,2.993851197192373,"{""block_cap"": 0.35, ""subgraph_mode"": ""block""}",False,
case_074,3,3,3,capls,c5,0,0.194,0.96,True,573817,7593984,4571136,3022848,11370712,0.2802587744447923,3186688,73,1682239,,2.9316646247845566,"{""block_cap"": 0.35, ""init"": ""rr"", ""subgraph_mode"": ""block""}",False,
case_074,3,3,3,capls,c6,0,0.14,0.994,True,547411,7626752,4571136,3055616,11403480,0.3056746440149543,3485696,3,1682239,,3.073082199663507,"{""block_cap"": 0.6, ""comm_weight"": 1e-06}",False,
case_074,3,3,3,capls,c7,0,0.157,2.213,True,567962,8093724,4628500,3465224,11870452,0.3100822167897735,3678212,5,1682239,,2.96188653466253,"{""block_cap"": 0.08}",False,
case_074,3,3,3,capls,c8,0,0.23,1.334,True,642457,16990236,13361168,3629068,20766964,0.1259215601700084,1888256,9,1682239,,2.6184460594249885,"{""block_cap"": 0.005}",False,
case_074,3,3,3,capls,c9,0,0.117,0.891,True,548864,7626752,4571136,3055616,11403480,0.3186056512823319,3633152,9,1682239,,3.0649468720848883,"{""block_cap"": 0.35, ""max_ops"": 500}",False,
case_074,3,3,3,capls,c10,0,0.082,1.763,True,832171,6168576,2285568,3883008,9945304,0.29448034371055853,2928640,2,1682239,,2.0215063971227067,"{""block_cap"": 0.35, ""cores_used"": 2}",False,
case_074,3,3,3,capls,c11,0,0.133,0.994,True,547411,7626752,4571136,3055616,11403480,0.3056746440149543,3485696,3,1682239,,3.073082199663507,"{""block_cap"": 0.35, ""sync_weight"": 0.0}",False,
case_074,3,3,3,capls,c12,0,0.225,0.835,True,544114,7585792,4571136,3014656,11362520,0.30677656902705147,3485696,3,1682239,,3.091703209253943,"{""block_cap"": 0.35, ""init"": ""rr"", ""level_mode"": ""alap_fill""}",False,
case_074,3,3,3,capls,c13,0,0.248,0.835,True,544114,7585792,4571136,3014656,11362520,0.30677656902705147,3485696,3,1682239,,3.091703209253943,"{""block_cap"": 0.35, ""init"": ""rr"", ""level_mode"": ""alap_compress""}",False,
case_074,3,3,3,capls,c14,0,0.632,0.977,True,588436,9887820,4571136,5316684,13664548,0.40965848049955644,4550656,3609,1682239,,2.8588308669082108,"{""alpha"": 0.8, ""block_cap"": 0.35, ""init"": ""rr"", ""mu"": 1.0, ""nu"": 0.5, ""subgraph_mode"": ""op""}",False,
case_074,3,3,3,capls,c15,0,0.717,1.056,True,581350,9949216,4571136,5378080,13725944,0.4002186689708587,4468736,3609,1682239,,2.89367678678937,"{""alpha"": 1.0, ""block_cap"": 0.35, ""init"": ""rr"", ""mu"": 1.0, ""nu"": 0.5, ""subgraph_mode"": ""op""}",False,
case_074,3,3,3,capls,c16,0,0.627,0.712,True,595909,10051604,4571136,5480468,13828332,0.3859958929371442,4313088,3609,1682239,,2.8229796831395397,"{""alpha"": 0.8, ""block_cap"": 0.35, ""init"": ""rr"", ""mu"": 0.0, ""nu"": 0.0, ""subgraph_mode"": ""op""}",False,
case_074,3,3,3,capls,c17,0,0.655,0.977,True,588436,9887820,4571136,5316684,13664548,0.40965848049955644,4550656,3609,1682239,,2.8588308669082108,"{""alpha"": 0.8, ""block_cap"": 0.15, ""init"": ""rr"", ""mu"": 1.0, ""nu"": 0.5, ""subgraph_mode"": ""op""}",False,
case_074,3,3,3,capls,_best,0,0.237,0.835,True,544114,7585792,4571136,3014656,11362520,0.30677656902705147,3485696,3,1682239,,3.091703209253943,"{""block_cap"": 0.35, ""init"": ""rr""}",True,results\plans\case_074_p3_n3_capls_best.json
case_066,3,3,4,capls,c0,0,0.367,1.764,True,157012,1998906,1998906,0,3105940,0.3807225193729421,902138,40,359070,,2.2868952691514024,"{""block_cap"": 0.35}",False,
case_066,3,3,4,capls,c1,0,0.604,2.283,True,178983,4484762,4484762,0,5591796,0.4165433113095461,1579768,109,359070,,2.0061681835705065,"{""block_cap"": 0.15}",False,
case_066,3,3,4,capls,c2,0,0.827,1.639,True,146839,2060756,2060756,0,3167790,0.3185829567673967,779468,32,359070,,2.4453312811991363,"{""block_cap"": 0.35, ""init"": ""rr""}",False,
case_066,3,3,4,capls,c3,0,0.582,1.887,True,199517,736456,736456,0,1843490,0.1566446966093633,230534,12,359070,,1.7996962664835578,"{""block_cap"": 0.35, ""init"": ""contig""}",False,
case_066,3,3,4,capls,c4,0,0.372,1.088,True,159188,1998906,1998906,0,3105940,0.2889444458042947,684666,270,359070,,2.2556348468477525,"{""block_cap"": 0.35, ""subgraph_mode"": ""block""}",False,
case_066,3,3,4,capls,c5,0,0.769,1.252,True,159860,2060756,2060756,0,3167790,0.2991508465376642,731924,270,359070,,2.2461528837733016,"{""block_cap"": 0.35, ""init"": ""rr"", ""subgraph_mode"": ""block""}",False,
case_066,3,3,4,capls,c6,0,0.264,1.857,True,157359,1994202,1994202,0,3101236,0.3925515525556766,929018,39,359070,,2.2818523249385163,"{""block_cap"": 0.6, ""comm_weight"": 1e-06}",False,
case_066,3,3,4,capls,c7,0,0.612,2.283,True,178983,4484762,4484762,0,5591796,0.4165433113095461,1579768,109,359070,,2.0061681835705065,"{""block_cap"": 0.08}",False,
case_066,3,3,4,capls,c8,0,1.445,2.159,True,187008,4231394,4231394,0,5338428,0.2897516244820701,1004198,132,359070,,1.9200782854209446,"{""block_cap"": 0.005}",False,
case_066,3,3,4,capls,c9,0,0.338,1.716,True,155871,1998906,1998906,0,3105940,0.3792099907914694,898554,43,359070,,2.3036356987508904,"{""block_cap"": 0.35, ""max_ops"": 500}",False,
case_066,3,3,4,capls,c10,0,0.238,1.599,True,190998,1270866,1270866,0,2377900,0.24813321994171844,456914,27,359070,,1.8799673295008326,"{""block_cap"": 0.35, ""cores_used"": 3}",False,
case_066,3,3,4,capls,c11,0,0.3,1.764,True,157012,1998906,1998906,0,3105940,0.3807225193729421,902138,40,359070,,2.2868952691514024,"{""block_cap"": 0.35, ""sync_weight"": 0.0}",False,
case_066,3,3,4,capls,c12,0,0.82,1.676,True,141811,2060756,2060756,0,3167790,0.3725043651131006,911396,32,359070,,2.53203207085487,"{""block_cap"": 0.35, ""init"": ""rr"", ""level_mode"": ""alap_fill""}",False,
case_066,3,3,4,capls,c13,0,0.73,1.676,True,141811,2060756,2060756,0,3167790,0.3725043651131006,911396,32,359070,,2.53203207085487,"{""block_cap"": 0.35, ""init"": ""rr"", ""level_mode"": ""alap_compress""}",False,
case_066,3,3,4,capls,c14,0,0.977,1.306,True,131603,2060756,2060756,0,3167790,0.3401853619937613,832322,5962,359070,,2.728433242403289,"{""alpha"": 0.8, ""block_cap"": 0.35, ""init"": ""rr"", ""mu"": 1.0, ""nu"": 0.5, ""subgraph_mode"": ""op""}",True,
case_066,3,3,4,capls,c15,0,1.114,1.306,True,131603,2060756,2060756,0,3167790,0.3401853619937613,832322,5962,359070,,2.728433242403289,"{""alpha"": 1.0, ""block_cap"": 0.35, ""init"": ""rr"", ""mu"": 1.0, ""nu"": 0.5, ""subgraph_mode"": ""op""}",False,
case_066,3,3,4,capls,c16,0,1.117,1.193,True,134008,2060756,2060756,0,3167790,0.3081810720848565,754018,5962,359070,,2.679466897498657,"{""alpha"": 0.8, ""block_cap"": 0.35, ""init"": ""rr"", ""mu"": 0.0, ""nu"": 0.0, ""subgraph_mode"": ""op""}",False,
case_066,3,3,4,capls,c17,0,1.869,1.969,True,137366,4403330,4403330,0,5510364,0.33594568316815504,1233522,5962,359070,,2.613965610121864,"{""alpha"": 0.8, ""block_cap"": 0.15, ""init"": ""rr"", ""mu"": 1.0, ""nu"": 0.5, ""subgraph_mode"": ""op""}",False,
case_066,3,3,4,capls,_best,0,1.125,1.306,True,131603,2060756,2060756,0,3167790,0.3401853619937613,832322,5962,359070,,2.728433242403289,"{""alpha"": 0.8, ""block_cap"": 0.35, ""init"": ""rr"", ""mu"": 1.0, ""nu"": 0.5, ""subgraph_mode"": ""op""}",True,results\plans\case_066_p3_n4_capls_best.json
case_014,2,2,2,capls,c0,0,0.711,12.833,True,8976065,66345888,2096640,64249248,76278628,,,2,17698626,,1.9717577802745412,"{""block_cap"": 0.35}",False,
case_014,2,2,2,capls,c1,0,0.612,13.7,True,8904271,76033440,7799808,68233632,85966180,,,2,17698626,,1.9876558114639593,"{""block_cap"": 0.15}",True,
case_014,2,2,2,capls,c2,0,0.936,13.106,True,8986480,66393504,2096640,64296864,76326244,,,2,17698626,,1.9694725854839714,"{""block_cap"": 0.35, ""init"": ""rr""}",False,
case_014,2,2,2,capls,c3,0,0.584,13.137,True,8907775,67258272,2096640,65161632,77191012,,,2,17698626,,1.9868739387782022,"{""block_cap"": 0.35, ""init"": ""contig""}",False,
case_014,2,2,2,capls,c4,0,0.663,14.658,True,8980081,57659808,2096640,55563168,67592548,,,69,17698626,,1.9708759865306338,"{""block_cap"": 0.35, ""subgraph_mode"": ""block""}",False,
case_014,2,2,2,capls,c5,0,0.873,13.364,True,9003865,57645984,2096640,55549344,67578724,,,69,17698626,,1.9656698540015871,"{""block_cap"": 0.35, ""init"": ""rr"", ""subgraph_mode"": ""block""}",False,
case_014,2,2,2,capls,c6,0,0.719,12.833,True,8976065,66345888,2096640,64249248,76278628,,,2,17698626,,1.9717577802745412,"{""block_cap"": 0.6, ""comm_weight"": 1e-06}",False,
case_014,2,2,2,capls,c7,0,0.563,13.7,True,8904271,76033440,7799808,68233632,85966180,,,2,17698626,,1.9876558114639593,"{""block_cap"": 0.08}",False,
case_014,2,2,2,capls,c8,0,0.599,12.765,True,8909136,76223928,9893208,66330720,86156668,,,2,17698626,,1.9865704149089205,"{""block_cap"": 0.005}",False,
case_014,2,2,2,capls,c9,0,0.663,15.359,True,8991793,61484808,2096640,59388168,71417548,,,72,17698626,,1.9683088789966583,"{""block_cap"": 0.35, ""max_ops"": 500}",False,
case_014,2,2,2,capls,c10,0,0.317,15.392,True,17698626,71010720,0,71010720,80943460,,,1,17698626,,1.0,"{""block_cap"": 0.35, ""cores_used"": 1}",False,
case_014,2,2,2,capls,c11,0,0.605,12.833,True,8976065,66345888,2096640,64249248,76278628,,,2,17698626,,1.9717577802745412,"{""block_cap"": 0.35, ""sync_weight"": 0.0}",False,
case_014,2,2,2,capls,c12,0,0.794,13.106,True,8986480,66393504,2096640,64296864,76326244,,,2,17698626,,1.9694725854839714,"{""block_cap"": 0.35, ""init"": ""rr"", ""level_mode"": ""alap_fill""}",False,
case_014,2,2,2,capls,c13,0,1.048,13.106,True,8986480,66393504,2096640,64296864,76326244,,,2,17698626,,1.9694725854839714,"{""block_cap"": 0.35, ""init"": ""rr"", ""level_mode"": ""alap_compress""}",False,
case_014,2,2,2,capls,c14,0,4.276,22.484,True,13053629,351705600,2096640,349608960,361638340,,,35705,17698626,,1.355839514053908,"{""alpha"": 0.8, ""block_cap"": 0.35, ""init"": ""rr"", ""mu"": 1.0, ""nu"": 0.5, ""subgraph_mode"": ""op""}",False,
case_014,2,2,2,capls,c15,0,4.651,21.786,True,13054659,351705600,2096640,349608960,361638340,,,35705,17698626,,1.3557325396243594,"{""alpha"": 1.0, ""block_cap"": 0.35, ""init"": ""rr"", ""mu"": 1.0, ""nu"": 0.5, ""subgraph_mode"": ""op""}",False,
case_014,2,2,2,capls,c16,0,4.334,23.028,True,13053227,351705600,2096640,349608960,361638340,,,35705,17698626,,1.3558812698193328,"{""alpha"": 0.8, ""block_cap"": 0.35, ""init"": ""rr"", ""mu"": 0.0, ""nu"": 0.0, ""subgraph_mode"": ""op""}",False,
case_014,2,2,2,capls,c17,0,4.304,22.371,True,12929618,359456256,7799808,351656448,369388996,,,35705,17698626,,1.368843688962814,"{""alpha"": 0.8, ""block_cap"": 0.15, ""init"": ""rr"", ""mu"": 1.0, ""nu"": 0.5, ""subgraph_mode"": ""op""}",False,
case_014,2,2,2,capls,_best,0,0.527,13.7,True,8904271,76033440,7799808,68233632,85966180,,,2,17698626,,1.9876558114639593,"{""block_cap"": 0.15}",True,results\plans\case_014_p2_n2_capls_best.json
case_074,2,2,5,capls,c0,0,0.185,1.757,True,345466,8466432,7225344,1241088,12243160,,,5,1682239,,4.869477748895695,"{""block_cap"": 0.35}",False,
case_074,2,2,5,capls,c1,0,0.224,0.901,True,366431,8396836,7204892,1191944,12173564,,,9,1682239,,4.590875226168092,"{""block_cap"": 0.15}",False,
case_074,2,2,5,capls,c2,0,0.343,0.911,True,341070,8425472,7225344,1200128,12202200,,,5,1682239,,4.932239716187293,"{""block_cap"": 0.35, ""init"": ""rr""}",False,
case_074,2,2,5,capls,c3,0,0.457,1.902,True,364440,7290880,5644288,1646592,11067608,,,5,1682239,,4.615955987268137,"{""block_cap"": 0.35, ""init"": ""contig""}",False,
case_074,2,2,5,capls,c4,0,0.197,0.967,True,348369,8425472,7225344,1200128,12202200,,,73,1682239,,4.828899815999701,"{""block_cap"": 0.35, ""subgraph_mode"": ""block""}",False,
case_074,2,2,5,capls,c5,0,0.439,0.826,True,345578,8425472,7225344,1200128,12202200,,,73,1682239,,4.867899576940662,"{""block_cap"": 0.35, ""init"": ""rr"", ""subgraph_mode"": ""block""}",False,
case_074,2,2,5,capls,c6,0,0.257,1.757,True,345466,8466432,7225344,1241088,12243160,,,5,1682239,,4.869477748895695,"{""block_cap"": 0.6, ""comm_weight"": 1e-06}",False,
case_074,2,2,5,capls,c7,0,0.293,2.146,True,368129,12419108,12288028,131080,16195836,,,11,1682239,,4.569699751989113,"{""block_cap"": 0.08}",False,
case_074,2,2,5,capls,c8,0,0.547,1.481,True,532117,18141208,15867916,2273292,21917936,,,10,1682239,,3.1614081113740022,"{""block_cap"": 0.005}",False,
case_074,2,2,5,capls,c9,0,0.244,2.028,True,337574,8515586,7225344,1290242,12292314,,,11,1682239,,4.983319212972563,"{""block_cap"": 0.35, ""max_ops"": 500}",True,
case_074,2,2,5,capls,c10,0,0.197,0.883,True,424461,7974912,6430720,1544192,11751640,,,4,1682239,,3.96323572719284,"{""block_cap"": 0.35, ""cores_used"": 4}",False,
case_074,2,2,5,capls,c11,0,0.236,1.757,True,345466,8466432,7225344,1241088,12243160,,,5,1682239,,4.869477748895695,"{""block_cap"": 0.35, ""sync_weight"": 0.0}",False,
case_074,2,2,5,capls,c12,0,0.478,0.911,True,341070,8425472,7225344,1200128,12202200,,,5,1682239,,4.932239716187293,"{""block_cap"": 0.35, ""init"": ""rr"", ""level_mode"": ""alap_fill""}",False,
case_074,2,2,5,capls,c13,0,0.389,0.911,True,341070,8425472,7225344,1200128,12202200,,,5,1682239,,4.932239716187293,"{""block_cap"": 0.35, ""init"": ""rr"", ""level_mode"": ""alap_compress""}",False,
case_074,2,2,5,capls,c14,0,0.767,0.656,True,345297,8171520,7225344,946176,11948248,,,3609,1682239,,4.871861035572276,"{""alpha"": 0.8, ""block_cap"": 0.35, ""init"": ""rr"", ""mu"": 1.0, ""nu"": 0.5, ""subgraph_mode"": ""op""}",False,
case_074,2,2,5,capls,c15,0,0.839,0.855,True,347102,8527872,7225344,1302528,12304600,,,3609,1682239,,4.846526381294259,"{""alpha"": 1.0, ""block_cap"": 0.35, ""init"": ""rr"", ""mu"": 1.0, ""nu"": 0.5, ""subgraph_mode"": ""op""}",False,
case_074,2,2,5,capls,c16,0,0.699,0.805,True,352795,8359936,7225344,1134592,12136664,,,3609,1682239,,4.768318711999886,"{""alpha"": 0.8, ""block_cap"": 0.35, ""init"": ""rr"", ""mu"": 0.0, ""nu"": 0.0, ""subgraph_mode"": ""op""}",False,
case_074,2,2,5,capls,c17,0,0.784,0.819,True,351740,7942352,7545040,397312,11719080,,,3609,1682239,,4.7826206857337805,"{""alpha"": 0.8, ""block_cap"": 0.15, ""init"": ""rr"", ""mu"": 1.0, ""nu"": 0.5, ""subgraph_mode"": ""op""}",False,
case_074,2,2,5,capls,_best,0,0.225,2.028,True,337574,8515586,7225344,1290242,12292314,,,11,1682239,,4.983319212972563,"{""block_cap"": 0.35, ""max_ops"": 500}",True,results\plans\case_074_p2_n5_capls_best.json
case_074,3,3,4,capls,c0,0,0.184,1.173,True,420338,7974912,6430720,1544192,11751640,0.3102119840891097,3645440,4,1682239,,4.002110206548064,"{""block_cap"": 0.35}",False,
case_074,3,3,4,capls,c1,0,0.175,1.173,True,420338,7974912,6430720,1544192,11751640,0.3102119840891097,3645440,4,1682239,,4.002110206548064,"{""block_cap"": 0.15}",False,
case_074,3,3,4,capls,c2,0,0.365,0.928,True,405309,7819264,6004736,1814528,11595992,0.29706755894375547,3444736,4,1682239,,4.150509857910878,"{""block_cap"": 0.35, ""init"": ""rr""}",True,
case_074,3,3,4,capls,c3,0,0.297,0.914,True,436556,7192576,5005312,2187264,10969304,0.29648926914047374,3252224,4,1682239,,3.8534323202521557,"{""block_cap"": 0.35, ""init"": ""contig""}",False,
case_074,3,3,4,capls,c4,0,0.15,1.692,True,416419,7933952,6430720,1503232,11710680,0.3151445097761938,3690496,73,1682239,,4.039774842166183,"{""block_cap"": 0.35, ""subgraph_mode"": ""block""}",False,
case_074,3,3,4,capls,c5,0,0.354,0.859,True,435672,7819264,6004736,1814528,11595992,0.25573949188499284,2965504,73,1682239,,3.861251124699315,"{""block_cap"": 0.35, ""init"": ""rr"", ""subgraph_mode"": ""block""}",False,
case_074,3,3,4,capls,c6,0,0.201,1.173,True,420338,7974912,6430720,1544192,11751640,0.3102119840891097,3645440,4,1682239,,4.002110206548064,"{""block_cap"": 0.6, ""comm_weight"": 1e-06}",False,
case_074,3,3,4,capls,c7,0,0.234,1.809,True,442402,8106012,6283284,1822728,11882740,0.2820683999024114,3350532,6,1682239,,3.802512194791163,"{""block_cap"": 0.08}",False,
case_074,3,3,4,capls,c8,0,0.245,1.369,True,572527,18759776,16080980,2678796,22536504,0.22271863325541258,3670020,13,1682239,,2.9382701601845853,"{""block_cap"": 0.005}",False,
case_074,3,3,4,capls,c9,0,0.179,0.915,True,420335,8007680,6430720,1576960,11784408,0.29857429632993826,3518464,9,1682239,,4.002138770266573,"{""block_cap"": 0.35, ""max_ops"": 500}",False,
case_074,3,3,4,capls,c10,0,0.107,2.077,True,547411,7626752,4571136,3055616,11403480,0.3056746440149543,3485696,3,1682239,,3.073082199663507,"{""block_cap"": 0.35, ""cores_used"": 3}",False,
case_074,3,3,4,capls,c11,0,0.175,1.173,True,420338,7974912,6430720,1544192,11751640,0.3102119840891097,3645440,4,1682239,,4.002110206548064,"{""block_cap"": 0.35, ""sync_weight"": 0.0}",False,
case_074,3,3,4,capls,c12,0,0.356,0.928,True,405309,7819264,6004736,1814528,11595992,0.29706755894375547,3444736,4,1682239,,4.150509857910878,"{""block_cap"": 0.35, ""init"": ""rr"", ""level_mode"": ""alap_fill""}",False,
case_074,3,3,4,capls,c13,0,0.279,0.928,True,405309,7819264,6004736,1814528,11595992,0.29706755894375547,3444736,4,1682239,,4.150509857910878,"{""block_cap"": 0.35, ""init"": ""rr"", ""level_mode"": ""alap_compress""}",False,
case_074,3,3,4,capls,c14,0,0.712,0.796,True,432195,9113600,6004736,3108864,12890328,0.4383749304336658,4997120,3609,1682239,,3.8923148116012447,"{""alpha"": 0.8, ""block_cap"": 0.35, ""init"": ""rr"", ""mu"": 1.0, ""nu"": 0.5, ""subgraph_mode"": ""op""}",False,
case_074,3,3,4,capls,c15,0,0.788,0.851,True,423479,9228288,6004736,3223552,13005016,0.4414694551266636,5066752,3609,1682239,,3.9724260234864066,"{""alpha"": 1.0, ""block_cap"": 0.35, ""init"": ""rr"", ""mu"": 1.0, ""nu"": 0.5, ""subgraph_mode"": ""op""}",False,
case_074,3,3,4,capls,c16,0,0.696,0.899,True,434995,9097216,6004736,3092480,12873944,0.43978402263100086,5025792,3609,1682239,,3.867260543224635,"{""alpha"": 0.8, ""block_cap"": 0.35, ""init"": ""rr"", ""mu"": 0.0, ""nu"": 0.0, ""subgraph_mode"": ""op""}",False,
case_074,3,3,4,capls,c17,0,0.775,0.796,True,432195,9113600,6004736,3108864,12890328,0.4383749304336658,4997120,3609,1682239,,3.8923148116012447,"{""alpha"": 0.8, ""block_cap"": 0.15, ""init"": ""rr"", ""mu"": 1.0, ""nu"": 0.5, ""subgraph_mode"": ""op""}",False,
case_074,3,3,4,capls,_best,0,0.3,0.928,True,405309,7819264,6004736,1814528,11595992,0.29706755894375547,3444736,4,1682239,,4.150509857910878,"{""block_cap"": 0.35, ""init"": ""rr""}",True,results\plans\case_074_p3_n4_capls_best.json
case_066,3,3,5,capls,c0,0,0.465,1.809,True,112344,2274708,2274708,0,3381742,0.3171580942306845,805952,46,359070,,3.196165349284341,"{""block_cap"": 0.35}",False,
case_066,3,3,5,capls,c1,0,1.474,2.363,True,159828,3862230,3862230,0,4969264,0.41609366321355795,1424852,123,359070,,2.246602597792627,"{""block_cap"": 0.15}",False,
case_066,3,3,5,capls,c2,0,0.781,1.24,True,131236,2364432,2364432,0,3471466,0.40898219403725145,1065662,49,359070,,2.736063275320796,"{""block_cap"": 0.35, ""init"": ""rr""}",False,
case_066,3,3,5,capls,c3,0,0.825,1.62,True,178147,787572,787572,0,1894606,0.11479589095558923,170932,17,359070,,2.015582636811173,"{""block_cap"": 0.35, ""init"": ""contig""}",False,
case_066,3,3,5,capls,c4,0,0.439,1.943,True,141679,2274708,2274708,0,3381742,0.3664157584228985,931124,270,359070,,2.534391123596299,"{""block_cap"": 0.35, ""subgraph_mode"": ""block""}",False,
case_066,3,3,5,capls,c5,0,0.751,1.161,True,147988,2364432,2364432,0,3471466,0.2865410624014639,746624,270,359070,,2.426345379355083,"{""block_cap"": 0.35, ""init"": ""rr"", ""subgraph_mode"": ""block""}",False,
case_066,3,3,5,capls,c6,0,0.44,1.767,True,113544,2266516,2266516,0,3373550,0.3138357918104019,796224,46,359070,,3.1623863876558866,"{""block_cap"": 0.6, ""comm_weight"": 1e-06}",False,
case_066,3,3,5,capls,c7,0,1.405,2.365,True,204916,3766454,3766454,0,4873488,0.37694429868831447,1260020,109,359070,,1.7522789826075074,"{""block_cap"": 0.08}",False,
case_066,3,3,5,capls,c8,0,1.48,2.412,True,200813,4418186,4418186,0,5525220,0.33388652936889224,1193840,171,359070,,1.7880814489101802,"{""block_cap"": 0.005}",False,
case_066,3,3,5,capls,c9,0,0.478,1.06,True,110603,2274708,2274708,0,3381742,0.3131284511689113,795712,49,359070,,3.2464761353670335,"{""block_cap"": 0.35, ""max_ops"": 500}",True,
case_066,3,3,5,capls,c10,0,0.323,2.036,True,157012,1998906,1998906,0,3105940,0.3807225193729421,902138,40,359070,,2.2868952691514024,"{""block_cap"": 0.35, ""cores_used"": 4}",False,
case_066,3,3,5,capls,c11,0,0.291,1.809,True,112344,2274708,2274708,0,3381742,0.3171580942306845,805952,46,359070,,3.196165349284341,"{""block_cap"": 0.35, ""sync_weight"": 0.0}",False,
case_066,3,3,5,capls,c12,0,0.691,1.647,True,126059,2364432,2364432,0,3471466,0.4228666694298991,1101840,50,359070,,2.8484281169928365,"{""block_cap"": 0.35, ""init"": ""rr"", ""level_mode"": ""alap_fill""}",False,
case_066,3,3,5,capls,c13,0,0.809,1.647,True,126059,2364432,2364432,0,3471466,0.4228666694298991,1101840,50,359070,,2.8484281169928365,"{""block_cap"": 0.35, ""init"": ""rr"", ""level_mode"": ""alap_compress""}",False,
case_066,3,3,5,capls,c14,0,0.992,1.358,True,115999,2364432,2364432,0,3471466,0.41193655004290686,1073360,5962,359070,,3.095457719463099,"{""alpha"": 0.8, ""block_cap"": 0.35, ""init"": ""rr"", ""mu"": 1.0, ""nu"": 0.5, ""subgraph_mode"": ""op""}",False,
case_066,3,3,5,capls,c15,0,1.011,1.358,True,115999,2364432,2364432,0,3471466,0.41193655004290686,1073360,5962,359070,,3.095457719463099,"{""alpha"": 1.0, ""block_cap"": 0.35, ""init"": ""rr"", ""mu"": 1.0, ""nu"": 0.5, ""subgraph_mode"": ""op""}",False,
case_066,3,3,5,capls,c16,0,1.068,1.339,True,119116,2364432,2364432,0,3471466,0.3923605834104736,1022352,5962,359070,,3.0144564961885894,"{""alpha"": 0.8, ""block_cap"": 0.35, ""init"": ""rr"", ""mu"": 0.0, ""nu"": 0.0, ""subgraph_mode"": ""op""}",False,
case_066,3,3,5,capls,c17,0,1.669,1.661,True,128849,3878544,3878544,0,4985578,0.3570958285189988,1212736,5962,359070,,2.7867503822303625,"{""alpha"": 0.8, ""block_cap"": 0.15, ""init"": ""rr"", ""mu"": 1.0, ""nu"": 0.5, ""subgraph_mode"": ""op""}",False,
case_066,3,3,5,capls,_best,0,0.481,1.06,True,110603,2274708,2274708,0,3381742,0.3131284511689113,795712,49,359070,,3.2464761353670335,"{""block_cap"": 0.35, ""max_ops"": 500}",True,results\plans\case_066_p3_n5_capls_best.json
case_074,3,3,5,capls,c0,0,0.242,0.892,True,341558,8466432,7225344,1241088,12243160,0.35429840215215785,4337664,5,1682239,,4.9251927930249035,"{""block_cap"": 0.35}",False,
case_074,3,3,5,capls,c1,0,0.275,1.562,True,362784,8396836,7204892,1191944,12173564,0.3851841841481437,4685828,9,1682239,,4.637026439975302,"{""block_cap"": 0.15}",False,
case_074,3,3,5,capls,c2,0,0.502,0.848,True,336362,8425472,7225344,1200128,12202200,0.35213089517725277,4296704,5,1682239,,5.00127541161011,"{""block_cap"": 0.35, ""init"": ""rr""}",False,
case_074,3,3,5,capls,c3,0,0.419,1.502,True,356489,7290880,5644288,1646592,11067608,0.2586967002957149,2863104,5,1682239,,4.718908577824281,"{""block_cap"": 0.35, ""init"": ""contig""}",False,
case_074,3,3,5,capls,c4,0,0.209,0.856,True,344476,8425472,7225344,1200128,12202200,0.35011680044792626,4272128,73,1682239,,4.883472288345197,"{""block_cap"": 0.35, ""subgraph_mode"": ""block""}",False,
case_074,3,3,5,capls,c5,0,0.364,1.541,True,341347,8425472,7225344,1200128,12202200,0.35011680044792626,4272128,73,1682239,,4.9282372483133,"{""block_cap"": 0.35, ""init"": ""rr"", ""subgraph_mode"": ""block""}",False,
case_074,3,3,5,capls,c6,0,0.222,0.892,True,341558,8466432,7225344,1241088,12243160,0.35429840215215785,4337664,5,1682239,,4.9251927930249035,"{""block_cap"": 0.6, ""comm_weight"": 1e-06}",False,
case_074,3,3,5,capls,c7,0,0.217,1.162,True,367410,12419108,12288028,131080,16195836,0.3648226789618627,4919296,11,1682239,,4.578642388612177,"{""block_cap"": 0.08}",False,
case_074,3,3,5,capls,c8,0,0.318,2.19,True,486529,19116068,17326108,1789960,22892796,0.24101905465429832,4067332,13,1682239,,3.457633563466926,"{""block_cap"": 0.005}",False,
case_074,3,3,5,capls,c9,0,0.267,1.561,True,333065,8515586,7225344,1290242,12292314,0.35245023376069384,4329474,11,1682239,,5.050782880218576,"{""block_cap"": 0.35, ""max_ops"": 500}",True,
case_074,3,3,5,capls,c10,0,0.212,0.865,True,420338,7974912,6430720,1544192,11751640,0.3102119840891097,3645440,4,1682239,,4.002110206548064,"{""block_cap"": 0.35, ""cores_used"": 4}",False,
case_074,3,3,5,capls,c11,0,0.271,0.892,True,341558,8466432,7225344,1241088,12243160,0.35429840215215785,4337664,5,1682239,,4.9251927930249035,"{""block_cap"": 0.35, ""sync_weight"": 0.0}",False,
case_074,3,3,5,capls,c12,0,0.451,0.848,True,336362,8425472,7225344,1200128,12202200,0.35213089517725277,4296704,5,1682239,,5.00127541161011,"{""block_cap"": 0.35, ""init"": ""rr"", ""level_mode"": ""alap_fill""}",False,
case_074,3,3,5,capls,c13,0,0.451,0.848,True,336362,8425472,7225344,1200128,12202200,0.35213089517725277,4296704,5,1682239,,5.00127541161011,"{""block_cap"": 0.35, ""init"": ""rr"", ""level_mode"": ""alap_compress""}",False,
case_074,3,3,5,capls,c14,0,0.826,0.776,True,339935,8171520,7225344,946176,11948248,0.48182365531522436,5537792,3609,1682239,,4.948707841204937,"{""alpha"": 0.8, ""block_cap"": 0.35, ""init"": ""rr"", ""mu"": 1.0, ""nu"": 0.5, ""subgraph_mode"": ""op""}",False,
case_074,3,3,5,capls,c15,0,0.82,0.947,True,340494,8527872,7225344,1302528,12304600,0.46720352945609245,5455872,3609,1682239,,4.940583387666155,"{""alpha"": 1.0, ""block_cap"": 0.35, ""init"": ""rr"", ""mu"": 1.0, ""nu"": 0.5, ""subgraph_mode"": ""op""}",False,
case_074,3,3,5,capls,c16,0,0.801,0.852,True,346191,8359936,7225344,1134592,12136664,0.4738135965139625,5484544,3609,1682239,,4.859279992836324,"{""alpha"": 0.8, ""block_cap"": 0.35, ""init"": ""rr"", ""mu"": 0.0, ""nu"": 0.0, ""subgraph_mode"": ""op""}",False,
case_074,3,3,5,capls,c17,0,0.805,0.959,True,342094,7942352,7545040,397312,11719080,0.5369578974236089,6189126,3609,1682239,,4.917475898437272,"{""alpha"": 0.8, ""block_cap"": 0.15, ""init"": ""rr"", ""mu"": 1.0, ""nu"": 0.5, ""subgraph_mode"": ""op""}",False,
case_074,3,3,5,capls,_best,0,0.258,1.561,True,333065,8515586,7225344,1290242,12292314,0.35245023376069384,4329474,11,1682239,,5.050782880218576,"{""block_cap"": 0.35, ""max_ops"": 500}",True,results\plans\case_074_p3_n5_capls_best.json
case_014,3,3,2,capls,c0,0,0.656,12.949,True,8966909,66345888,2096640,64249248,76278628,0.1273078754937943,9705984,2,17698626,,1.973771117784289,"{""block_cap"": 0.35}",False,
case_014,3,3,2,capls,c1,0,0.553,13.319,True,8896369,76033440,7799808,68233632,85966180,0.18956938266777457,16289280,2,17698626,,1.989421302106511,"{""block_cap"": 0.15}",True,
case_014,3,3,2,capls,c2,0,0.897,13.367,True,8981283,66393504,2096640,64296864,76326244,0.11887269513798421,9068544,2,17698626,,1.9706122165396636,"{""block_cap"": 0.35, ""init"": ""rr""}",False,
case_014,3,3,2,capls,c3,0,0.665,13.477,True,8902042,67258272,2096640,65161632,77191012,0.12454812947923799,9609216,2,17698626,,1.9881535045554717,"{""block_cap"": 0.35, ""init"": ""contig""}",False,
case_014,3,3,2,capls,c4,0,0.665,14.334,True,8970571,57659808,2096640,55563168,67592548,0.24983755258446821,16877568,69,17698626,,1.9729653775662663,"{""block_cap"": 0.35, ""subgraph_mode"": ""block""}",False,
case_014,3,3,2,capls,c5,0,1.026,13.949,True,8988069,57645984,2096640,55549344,67578724,0.24863788079018373,16793088,69,17698626,,1.9691244025830241,"{""block_cap"": 0.35, ""init"": ""rr"", ""subgraph_mode"": ""block""}",False,
case_014,3,3,2,capls,c6,0,0.836,12.949,True,8966909,66345888,2096640,64249248,76278628,0.1273078754937943,9705984,2,17698626,,1.973771117784289,"{""block_cap"": 0.6, ""comm_weight"": 1e-06}",False,
case_014,3,3,2,capls,c7,0,0.598,13.319,True,8896369,76033440,7799808,68233632,85966180,0.18956938266777457,16289280,2,17698626,,1.989421302106511,"{""block_cap"": 0.08}",False,
case_014,3,3,2,capls,c8,0,0.622,12.698,True,8901570,76223928,9893208,66330720,86156668,0.24253785613859305,20891136,2,17698626,,1.9882589251109635,"{""block_cap"": 0.005}",False,
case_014,3,3,2,capls,c9,0,0.677,15.628,True,8983951,61484808,2096640,59388168,71417548,0.2530865118044588,17922048,72,17698626,,1.9700269959174979,"{""block_cap"": 0.35, ""max_ops"": 500}",False,
case_014,3,3,2,capls,c10,0,0.318,16.515,True,17689602,71010720,0,71010720,80943460,0.12291025483195864,9944064,1,17698626,,1.0005101301883446,"{""block_cap"": 0.35, ""cores_used"": 1}",False,
case_014,3,3,2,capls,c11,0,0.764,12.949,True,8966909,66345888,2096640,64249248,76278628,0.1273078754937943,9705984,2,17698626,,1.973771117784289,"{""block_cap"": 0.35, ""sync_weight"": 0.0}",False,
case_014,3,3,2,capls,c12,0,1.072,13.367,True,8981283,66393504,2096640,64296864,76326244,0.11887269513798421,9068544,2,17698626,,1.9706122165396636,"{""block_cap"": 0.35, ""init"": ""rr"", ""level_mode"": ""alap_fill""}",False,
case_014,3,3,2,capls,c13,0,1.01,13.367,True,8981283,66393504,2096640,64296864,76326244,0.11887269513798421,9068544,2,17698626,,1.9706122165396636,"{""block_cap"": 0.35, ""init"": ""rr"", ""level_mode"": ""alap_compress""}",False,
case_014,3,3,2,capls,c14,0,4.381,23.307,True,13041583,351705600,2096640,349608960,361638340,0.03723884232503796,7464960,35705,17698626,,1.35709184996944,"{""alpha"": 0.8, ""block_cap"": 0.35, ""init"": ""rr"", ""mu"": 1.0, ""nu"": 0.5, ""subgraph_mode"": ""op""}",False,
case_014,3,3,2,capls,c15,0,4.196,21.825,True,13041612,351705600,2096640,349608960,361638340,0.03723884232503796,7464960,35705,17698626,,1.3570888322701211,"{""alpha"": 1.0, ""block_cap"": 0.35, ""init"": ""rr"", ""mu"": 1.0, ""nu"": 0.5, ""subgraph_mode"": ""op""}",False,
case_014,3,3,2,capls,c16,0,4.348,23.501,True,13041367,351705600,2096640,349608960,361638340,0.03723884232503796,7464960,35705,17698626,,1.3571143270486905,"{""alpha"": 0.8, ""block_cap"": 0.35, ""init"": ""rr"", ""mu"": 0.0, ""nu"": 0.0, ""subgraph_mode"": ""op""}",False,
case_014,3,3,2,capls,c17,0,4.134,23.586,True,12929003,359456256,7799808,351656448,369388996,0.07140239067880691,14928384,35705,17698626,,1.3689088013979114,"{""alpha"": 0.8, ""block_cap"": 0.15, ""init"": ""rr"", ""mu"": 1.0, ""nu"": 0.5, ""subgraph_mode"": ""op""}",False,
case_014,3,3,2,capls,_best,0,0.616,13.319,True,8896369,76033440,7799808,68233632,85966180,0.18956938266777457,16289280,2,17698626,,1.989421302106511,"{""block_cap"": 0.15}",True,results\plans\case_014_p3_n2_capls_best.json
case_086,2,2,2,capls,c0,0,0.166,1.188,True,118380,498726,498726,0,836748,,,13,118403,,1.000194289575942,"{""block_cap"": 0.35}",False,
case_086,2,2,2,capls,c1,0,0.221,1.188,True,118380,498726,498726,0,836748,,,13,118403,,1.000194289575942,"{""block_cap"": 0.15}",False,
case_086,2,2,2,capls,c2,0,0.175,1.175,True,122108,518694,518694,0,856716,,,10,118403,,0.9696580076653454,"{""block_cap"": 0.35, ""init"": ""rr""}",False,
case_086,2,2,2,capls,c3,0,0.208,2.291,True,118211,166182,166182,0,504204,,,3,118403,,1.0016242143286158,"{""block_cap"": 0.35, ""init"": ""contig""}",False,
case_086,2,2,2,capls,c4,0,0.129,1.337,True,84681,498726,498726,0,836748,,,177,118403,,1.398223922721744,"{""block_cap"": 0.35, ""subgraph_mode"": ""block""}",False,
case_086,2,2,2,capls,c5,0,0.205,2.847,True,79677,518694,518694,0,856716,,,177,118403,,1.4860373759052172,"{""block_cap"": 0.35, ""init"": ""rr"", ""subgraph_mode"": ""block""}",False,
case_086,2,2,2,capls,c6,0,0.134,1.243,True,120102,199206,199206,0,537228,,,3,118403,,0.9858536910292918,"{""block_cap"": 0.6, ""comm_weight"": 1e-06}",False,
case_086,2,2,2,capls,c7,0,0.253,1.693,True,130495,1658980,1658980,0,1997002,,,32,118403,,0.9073374458791524,"{""block_cap"": 0.08}",False,
case_086,2,2,2,capls,c8,0,0.238,3.043,True,129113,1804228,1804228,0,2142250,,,33,118403,,0.9170494063339865,"{""block_cap"": 0.005}",False,
case_086,2,2,2,capls,c9,0,0.109,1.31,True,104391,498726,498726,0,836748,,,19,118403,,1.134226130605129,"{""block_cap"": 0.35, ""max_ops"": 500}",False,
case_086,2,2,2,capls,c10,0,0.05,2.8,True,118403,0,0,0,338022,,,1,118403,,1.0,"{""block_cap"": 0.35, ""cores_used"": 1}",False,
case_086,2,2,2,capls,c11,0,0.098,1.188,True,118380,498726,498726,0,836748,,,13,118403,,1.000194289575942,"{""block_cap"": 0.35, ""sync_weight"": 0.0}",False,
case_086,2,2,2,capls,c12,0,0.182,1.114,True,101401,518694,518694,0,856716,,,16,118403,,1.16767093026696,"{""block_cap"": 0.35, ""init"": ""rr"", ""level_mode"": ""alap_fill""}",False,
case_086,2,2,2,capls,c13,0,0.215,1.114,True,101401,518694,518694,0,856716,,,16,118403,,1.16767093026696,"{""block_cap"": 0.35, ""init"": ""rr"", ""level_mode"": ""alap_compress""}",False,
case_086,2,2,2,capls,c14,0,0.648,1.137,True,63004,518694,518694,0,856716,,,5274,118403,,1.8792933781982097,"{""alpha"": 0.8, ""block_cap"": 0.35, ""init"": ""rr"", ""mu"": 1.0, ""nu"": 0.5, ""subgraph_mode"": ""op""}",True,
case_086,2,2,2,capls,c15,0,0.587,1.137,True,63004,518694,518694,0,856716,,,5274,118403,,1.8792933781982097,"{""alpha"": 1.0, ""block_cap"": 0.35, ""init"": ""rr"", ""mu"": 1.0, ""nu"": 0.5, ""subgraph_mode"": ""op""}",False,
case_086,2,2,2,capls,c16,0,0.659,1.075,True,69089,518694,518694,0,856716,,,5274,118403,,1.713774985887768,"{""alpha"": 0.8, ""block_cap"": 0.35, ""init"": ""rr"", ""mu"": 0.0, ""nu"": 0.0, ""subgraph_mode"": ""op""}",False,
case_086,2,2,2,capls,c17,0,0.681,1.137,True,63004,518694,518694,0,856716,,,5274,118403,,1.8792933781982097,"{""alpha"": 0.8, ""block_cap"": 0.15, ""init"": ""rr"", ""mu"": 1.0, ""nu"": 0.5, ""subgraph_mode"": ""op""}",False,
case_086,2,2,2,capls,_best,0,0.639,1.137,True,63004,518694,518694,0,856716,,,5274,118403,,1.8792933781982097,"{""alpha"": 0.8, ""block_cap"": 0.35, ""init"": ""rr"", ""mu"": 1.0, ""nu"": 0.5, ""subgraph_mode"": ""op""}",True,results\plans\case_086_p2_n2_capls_best.json
case_086,3,3,2,capls,c0,0,0.158,2.054,True,118365,498726,498726,0,836748,0.1563552229352877,96772,13,118403,,1.0003210408482237,"{""block_cap"": 0.35}",False,
case_086,3,3,2,capls,c1,0,0.137,2.054,True,118365,498726,498726,0,836748,0.1563552229352877,96772,13,118403,,1.0003210408482237,"{""block_cap"": 0.15}",False,
case_086,3,3,2,capls,c2,0,0.201,1.224,True,122106,518694,518694,0,856716,0.1948077796229607,125284,10,118403,,0.9696738898989402,"{""block_cap"": 0.35, ""init"": ""rr""}",False,
case_086,3,3,2,capls,c3,0,0.276,1.95,True,118207,166182,166182,0,504204,0.055658171953014514,23142,3,118403,,1.001658108233861,"{""block_cap"": 0.35, ""init"": ""contig""}",False,
case_086,3,3,2,capls,c4,0,0.131,1.228,True,84681,498726,498726,0,836748,0.15651356224673788,96870,177,118403,,1.398223922721744,"{""block_cap"": 0.35, ""subgraph_mode"": ""block""}",False,
case_086,3,3,2,capls,c5,0,0.217,2.193,True,79672,518694,518694,0,856716,0.1948108894818353,125286,177,118403,,1.4861306356059845,"{""block_cap"": 0.35, ""init"": ""rr"", ""subgraph_mode"": ""block""}",False,
case_086,3,3,2,capls,c6,0,0.109,1.092,True,120100,199206,199206,0,537228,0.07406135845532698,32358,3,118403,,0.9858701082431307,"{""block_cap"": 0.6, ""comm_weight"": 1e-06}",False,
case_086,3,3,2,capls,c7,0,0.247,1.703,True,130454,1658980,1658980,0,1997002,0.13976618870779733,172900,32,118403,,0.9076226102687537,"{""block_cap"": 0.08}",False,
case_086,3,3,2,capls,c8,0,0.334,2.425,True,129098,1804228,1804228,0,2142250,0.12486874357130923,162916,33,118403,,0.9171559590388697,"{""block_cap"": 0.005}",False,
case_086,3,3,2,capls,c9,0,0.162,1.194,True,104376,498726,498726,0,836748,0.1563552229352877,96772,19,118403,,1.1343891316011343,"{""block_cap"": 0.35, ""max_ops"": 500}",False,
case_086,3,3,2,capls,c10,0,0.055,2.1,True,118403,0,0,0,338022,0.0,0,1,118403,,1.0,"{""block_cap"": 0.35, ""cores_used"": 1}",False,
case_086,3,3,2,capls,c11,0,0.141,2.054,True,118365,498726,498726,0,836748,0.1563552229352877,96772,13,118403,,1.0003210408482237,"{""block_cap"": 0.35, ""sync_weight"": 0.0}",False,
case_086,3,3,2,capls,c12,0,0.193,1.134,True,101399,518694,518694,0,856716,0.1948077796229607,125284,16,118403,,1.1676939614789101,"{""block_cap"": 0.35, ""init"": ""rr"", ""level_mode"": ""alap_fill""}",False,
case_086,3,3,2,capls,c13,0,0.166,1.134,True,101399,518694,518694,0,856716,0.1948077796229607,125284,16,118403,,1.1676939614789101,"{""block_cap"": 0.35, ""init"": ""rr"", ""level_mode"": ""alap_compress""}",False,
case_086,3,3,2,capls,c14,0,0.696,1.119,True,62938,518694,518694,0,856716,0.19466161625585432,125190,5274,118403,,1.881264101178938,"{""alpha"": 0.8, ""block_cap"": 0.35, ""init"": ""rr"", ""mu"": 1.0, ""nu"": 0.5, ""subgraph_mode"": ""op""}",True,
case_086,3,3,2,capls,c15,0,0.678,1.119,True,62938,518694,518694,0,856716,0.19466161625585432,125190,5274,118403,,1.881264101178938,"{""alpha"": 1.0, ""block_cap"": 0.35, ""init"": ""rr"", ""mu"": 1.0, ""nu"": 0.5, ""subgraph_mode"": ""op""}",False,
case_086,3,3,2,capls,c16,0,0.606,1.205,True,69044,518694,518694,0,856716,0.1948077796229607,125284,5274,118403,,1.7148919529575344,"{""alpha"": 0.8, ""block_cap"": 0.35, ""init"": ""rr"", ""mu"": 0.0, ""nu"": 0.0, ""subgraph_mode"": ""op""}",False,
case_086,3,3,2,capls,c17,0,0.592,1.119,True,62938,518694,518694,0,856716,0.19466161625585432,125190,5274,118403,,1.881264101178938,"{""alpha"": 0.8, ""block_cap"": 0.15, ""init"": ""rr"", ""mu"": 1.0, ""nu"": 0.5, ""subgraph_mode"": ""op""}",False,
case_086,3,3,2,capls,_best,0,0.64,1.119,True,62938,518694,518694,0,856716,0.19466161625585432,125190,5274,118403,,1.881264101178938,"{""alpha"": 0.8, ""block_cap"": 0.35, ""init"": ""rr"", ""mu"": 1.0, ""nu"": 0.5, ""subgraph_mode"": ""op""}",True,results\plans\case_086_p3_n2_capls_best.json
case_088,2,2,2,capls,c0,0,0.185,0.691,True,225158,1033028,1033028,0,2862826,,,11,243623,,1.0820090780696223,"{""block_cap"": 0.35}",False,
case_088,2,2,2,capls,c1,0,0.163,0.691,True,225158,1033028,1033028,0,2862826,,,11,243623,,1.0820090780696223,"{""block_cap"": 0.15}",False,
case_088,2,2,2,capls,c2,0,0.159,0.709,True,165544,1049798,1049798,0,2879596,,,26,243623,,1.4716510414149713,"{""block_cap"": 0.35, ""init"": ""rr""}",False,
case_088,2,2,2,capls,c3,0,0.16,1.662,True,246143,395718,395718,0,2225516,,,7,243623,,0.9897620488902792,"{""block_cap"": 0.35, ""init"": ""contig""}",False,
case_088,2,2,2,capls,c4,0,0.12,0.776,True,161411,1033028,1033028,0,2862826,,,218,243623,,1.509333316812361,"{""block_cap"": 0.35, ""subgraph_mode"": ""block""}",False,
case_088,2,2,2,capls,c5,0,0.148,0.743,True,165909,1049798,1049798,0,2879596,,,218,243623,,1.4684134073498123,"{""block_cap"": 0.35, ""init"": ""rr"", ""subgraph_mode"": ""block""}",False,
case_088,2,2,2,capls,c6,0,0.146,0.691,True,225158,1033028,1033028,0,2862826,,,11,243623,,1.0820090780696223,"{""block_cap"": 0.6, ""comm_weight"": 1e-06}",False,
case_088,2,2,2,capls,c7,0,0.233,1.762,True,232845,1733446,1733446,0,3563244,,,32,243623,,1.0462883033777834,"{""block_cap"": 0.08}",False,
case_088,2,2,2,capls,c8,0,0.272,0.989,True,239875,1952874,1952874,0,3782672,,,41,243623,,1.0156248045857217,"{""block_cap"": 0.005}",False,
case_088,2,2,2,capls,c9,0,0.146,0.691,True,225158,1033028,1033028,0,2862826,,,11,243623,,1.0820090780696223,"{""block_cap"": 0.35, ""max_ops"": 500}",False,
case_088,2,2,2,capls,c10,0,0.047,0.576,True,243623,0,0,0,1829798,,,1,243623,,1.0,"{""block_cap"": 0.35, ""cores_used"": 1}",False,
case_088,2,2,2,capls,c11,0,0.074,1.651,True,225842,1033412,1033412,0,2863210,,,13,243623,,1.078732033899806,"{""block_cap"": 0.35, ""sync_weight"": 0.0}",False,
case_088,2,2,2,capls,c12,0,0.137,0.501,True,156790,1049798,1049798,0,2879596,,,26,243623,,1.553817207730085,"{""block_cap"": 0.35, ""init"": ""rr"", ""level_mode"": ""alap_fill""}",False,
case_088,2,2,2,capls,c13,0,0.13,0.501,True,156790,1049798,1049798,0,2879596,,,26,243623,,1.553817207730085,"{""block_cap"": 0.35, ""init"": ""rr"", ""level_mode"": ""alap_compress""}",False,
case_088,2,2,2,capls,c14,0,0.337,0.611,True,130634,1049798,1049798,0,2879596,,,3309,243623,,1.864927966685549,"{""alpha"": 0.8, ""block_cap"": 0.35, ""init"": ""rr"", ""mu"": 1.0, ""nu"": 0.5, ""subgraph_mode"": ""op""}",True,
case_088,2,2,2,capls,c15,0,0.396,0.611,True,130634,1049798,1049798,0,2879596,,,3309,243623,,1.864927966685549,"{""alpha"": 1.0, ""block_cap"": 0.35, ""init"": ""rr"", ""mu"": 1.0, ""nu"": 0.5, ""subgraph_mode"": ""op""}",False,
case_088,2,2,2,capls,c16,0,0.387,0.649,True,144625,1049798,1049798,0,2879596,,,3309,243623,,1.6845151253241142,"{""alpha"": 0.8, ""block_cap"": 0.35, ""init"": ""rr"", ""mu"": 0.0, ""nu"": 0.0, ""subgraph_mode"": ""op""}",False,
case_088,2,2,2,capls,c17,0,0.396,0.611,True,130634,1049798,1049798,0,2879596,,,3309,243623,,1.864927966685549,"{""alpha"": 0.8, ""block_cap"": 0.15, ""init"": ""rr"", ""mu"": 1.0, ""nu"": 0.5, ""subgraph_mode"": ""op""}",False,
case_088,2,2,2,capls,_best,0,0.427,0.611,True,130634,1049798,1049798,0,2879596,,,3309,243623,,1.864927966685549,"{""alpha"": 0.8, ""block_cap"": 0.35, ""init"": ""rr"", ""mu"": 1.0, ""nu"": 0.5, ""subgraph_mode"": ""op""}",True,results\plans\case_088_p2_n2_capls_best.json
case_086,2,2,3,capls,c0,0,0.498,2.496,True,58099,773580,773580,0,1111602,,,22,118403,,2.0379524604554295,"{""block_cap"": 0.35}",False,
case_086,2,2,3,capls,c1,0,0.907,1.661,True,89519,1759372,1759372,0,2097394,,,69,118403,,1.322657759805181,"{""block_cap"": 0.15}",False,
case_086,2,2,3,capls,c2,0,0.275,2.466,True,56833,919116,919116,0,1257138,,,30,118403,,2.0833494624601903,"{""block_cap"": 0.35, ""init"": ""rr""}",False,
case_086,2,2,3,capls,c3,0,0.279,0.946,True,115128,101580,101580,0,439602,,,5,118403,,1.0284465985685498,"{""block_cap"": 0.35, ""init"": ""contig""}",False,
case_086,2,2,3,capls,c4,0,0.429,1.195,True,60540,773580,773580,0,1111602,,,177,118403,,1.9557813016187644,"{""block_cap"": 0.35, ""subgraph_mode"": ""block""}",False,
case_086,2,2,3,capls,c5,0,0.378,2.502,True,61617,919116,919116,0,1257138,,,177,118403,,1.921596312705909,"{""block_cap"": 0.35, ""init"": ""rr"", ""subgraph_mode"": ""block""}",False,
case_086,2,2,3,capls,c6,0,0.343,1.13,True,121038,479916,479916,0,817938,,,7,118403,,0.9782299773624812,"{""block_cap"": 0.6, ""comm_weight"": 1e-06}",False,
case_086,2,2,3,capls,c7,0,0.948,1.661,True,89519,1759372,1759372,0,2097394,,,69,118403,,1.322657759805181,"{""block_cap"": 0.08}",False,
case_086,2,2,3,capls,c8,0,1.378,2.677,True,85525,2412588,2412588,0,2750610,,,96,118403,,1.3844256065477931,"{""block_cap"": 0.005}",False,
case_086,2,2,3,capls,c9,0,0.435,1.191,True,58679,773580,773580,0,1111602,,,24,118403,,2.0178087561137716,"{""block_cap"": 0.35, ""max_ops"": 500}",False,
case_086,2,2,3,capls,c10,0,0.161,1.256,True,118380,498726,498726,0,836748,,,13,118403,,1.000194289575942,"{""block_cap"": 0.35, ""cores_used"": 2}",False,
case_086,2,2,3,capls,c11,0,0.198,2.243,True,71381,766284,766284,0,1104306,,,26,118403,,1.6587467253190624,"{""block_cap"": 0.35, ""sync_weight"": 0.0}",False,
case_086,2,2,3,capls,c12,0,0.278,1.261,True,56588,919116,919116,0,1257138,,,30,118403,,2.092369406941401,"{""block_cap"": 0.35, ""init"": ""rr"", ""level_mode"": ""alap_fill""}",False,
case_086,2,2,3,capls,c13,0,0.327,1.261,True,56588,919116,919116,0,1257138,,,30,118403,,2.092369406941401,"{""block_cap"": 0.35, ""init"": ""rr"", ""level_mode"": ""alap_compress""}",False,
case_086,2,2,3,capls,c14,0,0.62,1.078,True,47791,919116,919116,0,1257138,,,5274,118403,,2.477516687242368,"{""alpha"": 0.8, ""block_cap"": 0.35, ""init"": ""rr"", ""mu"": 1.0, ""nu"": 0.5, ""subgraph_mode"": ""op""}",True,
case_086,2,2,3,capls,c15,0,0.663,1.078,True,47791,919116,919116,0,1257138,,,5274,118403,,2.477516687242368,"{""alpha"": 1.0, ""block_cap"": 0.35, ""init"": ""rr"", ""mu"": 1.0, ""nu"": 0.5, ""subgraph_mode"": ""op""}",False,
case_086,2,2,3,capls,c16,0,0.687,0.95,True,50837,919116,919116,0,1257138,,,5274,118403,,2.3290713456734267,"{""alpha"": 0.8, ""block_cap"": 0.35, ""init"": ""rr"", ""mu"": 0.0, ""nu"": 0.0, ""subgraph_mode"": ""op""}",False,
case_086,2,2,3,capls,c17,0,1.731,1.458,True,60047,2272844,2272844,0,2610866,,,5274,118403,,1.9718387263310406,"{""alpha"": 0.8, ""block_cap"": 0.15, ""init"": ""rr"", ""mu"": 1.0, ""nu"": 0.5, ""subgraph_mode"": ""op""}",False,
case_086,2,2,3,capls,_best,0,0.676,1.078,True,47791,919116,919116,0,1257138,,,5274,118403,,2.477516687242368,"{""alpha"": 0.8, ""block_cap"": 0.35, ""init"": ""rr"", ""mu"": 1.0, ""nu"": 0.5, ""subgraph_mode"": ""op""}",True,results\plans\case_086_p2_n3_capls_best.json
case_088,2,2,3,capls,c0,0,0.329,0.783,True,114017,1480074,1480074,0,3309872,,,36,243623,,2.136725225185718,"{""block_cap"": 0.35}",False,
case_088,2,2,3,capls,c1,0,0.213,0.783,True,114017,1480074,1480074,0,3309872,,,36,243623,,2.136725225185718,"{""block_cap"": 0.15}",False,
case_088,2,2,3,capls,c2,0,0.212,0.802,True,118296,1382412,1382412,0,3212210,,,39,243623,,2.059435652938392,"{""block_cap"": 0.35, ""init"": ""rr""}",False,
case_088,2,2,3,capls,c3,0,0.236,1.819,True,196742,174476,174476,0,2004274,,,8,243623,,1.2382866901830825,"{""block_cap"": 0.35, ""init"": ""contig""}",False,
case_088,2,2,3,capls,c4,0,0.2,0.747,True,115877,1480074,1480074,0,3309872,,,218,243623,,2.102427574065604,"{""block_cap"": 0.35, ""subgraph_mode"": ""block""}",False,
case_088,2,2,3,capls,c5,0,0.213,0.725,True,120521,1382412,1382412,0,3212210,,,218,243623,,2.0214153550003733,"{""block_cap"": 0.35, ""init"": ""rr"", ""subgraph_mode"": ""block""}",False,
case_088,2,2,3,capls,c6,0,0.179,0.783,True,114017,1480074,1480074,0,3309872,,,36,243623,,2.136725225185718,"{""block_cap"": 0.6, ""comm_weight"": 1e-06}",False,
case_088,2,2,3,capls,c7,0,0.567,0.956,True,167845,1645324,1645324,0,3475122,,,101,243623,,1.4514760642259228,"{""block_cap"": 0.08}",False,
case_088,2,2,3,capls,c8,0,0.827,2.203,True,190065,1951472,1951472,0,3781270,,,145,243623,,1.2817878094336148,"{""block_cap"": 0.005}",False,
case_088,2,2,3,capls,c9,0,0.217,0.783,True,114017,1480074,1480074,0,3309872,,,36,243623,,2.136725225185718,"{""block_cap"": 0.35, ""max_ops"": 500}",False,
case_088,2,2,3,capls,c10,0,0.223,0.742,True,225158,1033028,1033028,0,2862826,,,11,243623,,1.0820090780696223,"{""block_cap"": 0.35, ""cores_used"": 2}",False,
case_088,2,2,3,capls,c11,0,0.12,0.759,True,118847,1480074,1480074,0,3309872,,,38,243623,,2.049887670702668,"{""block_cap"": 0.35, ""sync_weight"": 0.0}",False,
case_088,2,2,3,capls,c12,0,0.269,0.49,True,112253,1382412,1382412,0,3212210,,,39,243623,,2.1703027981434793,"{""block_cap"": 0.35, ""init"": ""rr"", ""level_mode"": ""alap_fill""}",False,
case_088,2,2,3,capls,c13,0,0.245,0.49,True,112253,1382412,1382412,0,3212210,,,39,243623,,2.1703027981434793,"{""block_cap"": 0.35, ""init"": ""rr"", ""level_mode"": ""alap_compress""}",False,
case_088,2,2,3,capls,c14,0,0.439,0.623,True,101603,1382412,1382412,0,3212210,,,3309,243623,,2.3977933722429454,"{""alpha"": 0.8, ""block_cap"": 0.35, ""init"": ""rr"", ""mu"": 1.0, ""nu"": 0.5, ""subgraph_mode"": ""op""}",True,
case_088,2,2,3,capls,c15,0,0.466,0.623,True,101603,1382412,1382412,0,3212210,,,3309,243623,,2.3977933722429454,"{""alpha"": 1.0, ""block_cap"": 0.35, ""init"": ""rr"", ""mu"": 1.0, ""nu"": 0.5, ""subgraph_mode"": ""op""}",False,
case_088,2,2,3,capls,c16,0,0.471,0.662,True,107239,1382412,1382412,0,3212210,,,3309,243623,,2.2717761262227363,"{""alpha"": 0.8, ""block_cap"": 0.35, ""init"": ""rr"", ""mu"": 0.0, ""nu"": 0.0, ""subgraph_mode"": ""op""}",False,
case_088,2,2,3,capls,c17,0,0.44,0.623,True,101603,1382412,1382412,0,3212210,,,3309,243623,,2.3977933722429454,"{""alpha"": 0.8, ""block_cap"": 0.15, ""init"": ""rr"", ""mu"": 1.0, ""nu"": 0.5, ""subgraph_mode"": ""op""}",False,
case_088,2,2,3,capls,_best,0,0.454,0.623,True,101603,1382412,1382412,0,3212210,,,3309,243623,,2.3977933722429454,"{""alpha"": 0.8, ""block_cap"": 0.35, ""init"": ""rr"", ""mu"": 1.0, ""nu"": 0.5, ""subgraph_mode"": ""op""}",True,results\plans\case_088_p2_n3_capls_best.json
case_086,3,3,3,capls,c0,0,0.38,1.141,True,58095,773580,773580,0,1111602,0.3310647595438519,261224,22,118403,,2.0380927790687666,"{""block_cap"": 0.35}",False,
case_086,3,3,3,capls,c1,0,1.292,2.721,True,82542,1816396,1816396,0,2154418,0.2343836492356855,305708,79,118403,,1.4344576094594268,"{""block_cap"": 0.15}",False,
case_086,3,3,3,capls,c2,0,0.332,1.359,True,56714,919116,919116,0,1257138,0.31560666709024293,268236,30,118403,,2.0877208449412845,"{""block_cap"": 0.35, ""init"": ""rr""}",False,
case_086,3,3,3,capls,c3,0,0.348,1.025,True,115122,101580,101580,0,439602,0.00028493244950513147,106,5,118403,,1.028500199788051,"{""block_cap"": 0.35, ""init"": ""contig""}",False,
case_086,3,3,3,capls,c4,0,0.421,2.328,True,60183,773580,773580,0,1111602,0.29639486871421294,233868,177,118403,,1.9673828157453102,"{""block_cap"": 0.35, ""subgraph_mode"": ""block""}",False,
case_086,3,3,3,capls,c5,0,0.31,1.158,True,60439,919116,919116,0,1257138,0.31797869411440793,270252,177,118403,,1.9590496202782972,"{""block_cap"": 0.35, ""init"": ""rr"", ""subgraph_mode"": ""block""}",False,
case_086,3,3,3,capls,c6,0,0.315,1.064,True,120994,479916,479916,0,817938,0.15042480250409898,90828,7,118403,,0.9785857149941319,"{""block_cap"": 0.6, ""comm_weight"": 1e-06}",False,
case_086,3,3,3,capls,c7,0,1.337,2.721,True,82542,1816396,1816396,0,2154418,0.2343836492356855,305708,79,118403,,1.4344576094594268,"{""block_cap"": 0.08}",False,
case_086,3,3,3,capls,c8,0,0.945,1.755,True,81200,2531756,2531756,0,2869778,0.1969491914210345,326268,98,118403,,1.4581650246305418,"{""block_cap"": 0.005}",False,
case_086,3,3,3,capls,c9,0,0.387,1.197,True,58675,773580,773580,0,1111602,0.3047847896563174,240488,24,118403,,2.017946314443971,"{""block_cap"": 0.35, ""max_ops"": 500}",False,
case_086,3,3,3,capls,c10,0,0.107,2.424,True,118365,498726,498726,0,836748,0.1563552229352877,96772,13,118403,,1.0003210408482237,"{""block_cap"": 0.35, ""cores_used"": 2}",False,
case_086,3,3,3,capls,c11,0,0.143,1.175,True,71365,766284,766284,0,1104306,0.31814564316733074,248648,26,118403,,1.6591186155678554,"{""block_cap"": 0.35, ""sync_weight"": 0.0}",False,
case_086,3,3,3,capls,c12,0,0.333,0.894,True,56337,919116,919116,0,1257138,0.27946149338868065,237516,30,118403,,2.101691605871807,"{""block_cap"": 0.35, ""init"": ""rr"", ""level_mode"": ""alap_fill""}",False,
case_086,3,3,3,capls,c13,0,0.294,0.894,True,56337,919116,919116,0,1257138,0.27946149338868065,237516,30,118403,,2.101691605871807,"{""block_cap"": 0.35, ""init"": ""rr"", ""level_mode"": ""alap_compress""}",False,
case_086,3,3,3,capls,c14,0,0.68,1.032,True,47288,919116,919116,0,1257138,0.2189183274385638,186060,5274,118403,,2.503869903569616,"{""alpha"": 0.8, ""block_cap"": 0.35, ""init"": ""rr"", ""mu"": 1.0, ""nu"": 0.5, ""subgraph_mode"": ""op""}",True,
case_086,3,3,3,capls,c15,0,0.719,1.032,True,47288,919116,919116,0,1257138,0.2189183274385638,186060,5274,118403,,2.503869903569616,"{""alpha"": 1.0, ""block_cap"": 0.35, ""init"": ""rr"", ""mu"": 1.0, ""nu"": 0.5, ""subgraph_mode"": ""op""}",False,
case_086,3,3,3,capls,c16,0,0.722,0.927,True,50547,919116,919116,0,1257138,0.25461168646885657,216396,5274,118403,,2.3424337745068944,"{""alpha"": 0.8, ""block_cap"": 0.35, ""init"": ""rr"", ""mu"": 0.0, ""nu"": 0.0, ""subgraph_mode"": ""op""}",False,
case_086,3,3,3,capls,c17,0,1.586,1.372,True,55952,2371724,2371724,0,2709746,0.2709860429288452,443260,5274,118403,,2.116153131255362,"{""alpha"": 0.8, ""block_cap"": 0.15, ""init"": ""rr"", ""mu"": 1.0, ""nu"": 0.5, ""subgraph_mode"": ""op""}",False,
case_086,3,3,3,capls,_best,0,0.617,1.032,True,47288,919116,919116,0,1257138,0.2189183274385638,186060,5274,118403,,2.503869903569616,"{""alpha"": 0.8, ""block_cap"": 0.35, ""init"": ""rr"", ""mu"": 1.0, ""nu"": 0.5, ""subgraph_mode"": ""op""}",True,results\plans\case_086_p3_n3_capls_best.json
case_086,2,2,4,capls,c0,0,0.595,1.166,True,57534,905778,905778,0,1243800,,,33,118403,,2.05796572461501,"{""block_cap"": 0.35}",False,
case_086,2,2,4,capls,c1,0,1.305,2.766,True,89266,2420946,2420946,0,2758968,,,89,118403,,1.326406470548697,"{""block_cap"": 0.15}",False,
case_086,2,2,4,capls,c2,0,0.608,1.157,True,67113,999090,999090,0,1337112,,,32,118403,,1.7642334570053493,"{""block_cap"": 0.35, ""init"": ""rr""}",False,
case_086,2,2,4,capls,c3,0,0.435,2.171,True,107348,438448,438448,0,776470,,,11,118403,,1.1029828222230502,"{""block_cap"": 0.35, ""init"": ""contig""}",False,
case_086,2,2,4,capls,c4,0,0.484,1.181,True,69696,905778,905778,0,1243800,,,177,118403,,1.6988492883379247,"{""block_cap"": 0.35, ""subgraph_mode"": ""block""}",False,
case_086,2,2,4,capls,c5,0,0.53,1.051,True,75613,999090,999090,0,1337112,,,177,118403,,1.5659079787867165,"{""block_cap"": 0.35, ""init"": ""rr"", ""subgraph_mode"": ""block""}",False,
case_086,2,2,4,capls,c6,0,0.596,1.994,True,76135,882834,882834,0,1220856,,,30,118403,,1.5551717344191238,"{""block_cap"": 0.6, ""comm_weight"": 1e-06}",False,
case_086,2,2,4,capls,c7,0,1.252,2.766,True,89266,2420946,2420946,0,2758968,,,89,118403,,1.326406470548697,"{""block_cap"": 0.08}",False,
case_086,2,2,4,capls,c8,0,1.393,1.722,True,86937,3256400,3256400,0,3594422,,,129,118403,,1.3619402555873794,"{""block_cap"": 0.005}",False,
case_086,2,2,4,capls,c9,0,0.494,2.056,True,57548,905778,905778,0,1243800,,,35,118403,,2.0574650726350177,"{""block_cap"": 0.35, ""max_ops"": 500}",False,
case_086,2,2,4,capls,c10,0,0.409,1.14,True,58099,773580,773580,0,1111602,,,22,118403,,2.0379524604554295,"{""block_cap"": 0.35, ""cores_used"": 3}",False,
case_086,2,2,4,capls,c11,0,0.555,1.166,True,57534,905778,905778,0,1243800,,,33,118403,,2.05796572461501,"{""block_cap"": 0.35, ""sync_weight"": 0.0}",False,
case_086,2,2,4,capls,c12,0,0.557,0.96,True,66236,999090,999090,0,1337112,,,33,118403,,1.787592849809771,"{""block_cap"": 0.35, ""init"": ""rr"", ""level_mode"": ""alap_fill""}",False,
case_086,2,2,4,capls,c13,0,0.609,0.96,True,66236,999090,999090,0,1337112,,,33,118403,,1.787592849809771,"{""block_cap"": 0.35, ""init"": ""rr"", ""level_mode"": ""alap_compress""}",False,
case_086,2,2,4,capls,c14,0,0.846,1.07,True,54259,999090,999090,0,1337112,,,5274,118403,,2.1821817578650546,"{""alpha"": 0.8, ""block_cap"": 0.35, ""init"": ""rr"", ""mu"": 1.0, ""nu"": 0.5, ""subgraph_mode"": ""op""}",True,
case_086,2,2,4,capls,c15,0,0.966,1.07,True,54259,999090,999090,0,1337112,,,5274,118403,,2.1821817578650546,"{""alpha"": 1.0, ""block_cap"": 0.35, ""init"": ""rr"", ""mu"": 1.0, ""nu"": 0.5, ""subgraph_mode"": ""op""}",False,
case_086,2,2,4,capls,c16,0,0.936,0.962,True,58562,999090,999090,0,1337112,,,5274,118403,,2.0218401010894436,"{""alpha"": 0.8, ""block_cap"": 0.35, ""init"": ""rr"", ""mu"": 0.0, ""nu"": 0.0, ""subgraph_mode"": ""op""}",False,
case_086,2,2,4,capls,c17,0,1.644,1.612,True,72967,2817170,2817170,0,3155192,,,5274,118403,,1.622692450011649,"{""alpha"": 0.8, ""block_cap"": 0.15, ""init"": ""rr"", ""mu"": 1.0, ""nu"": 0.5, ""subgraph_mode"": ""op""}",False,
case_086,2,2,4,capls,_best,0,0.984,1.07,True,54259,999090,999090,0,1337112,,,5274,118403,,2.1821817578650546,"{""alpha"": 0.8, ""block_cap"": 0.35, ""init"": ""rr"", ""mu"": 1.0, ""nu"": 0.5, ""subgraph_mode"": ""op""}",True,results\plans\case_086_p2_n4_capls_best.json
case_086,2,2,5,capls,c0,0,0.619,1.019,True,81033,700342,700342,0,1038364,,,28,118403,,1.4611701405600188,"{""block_cap"": 0.35}",False,
case_086,2,2,5,capls,c1,0,1.299,1.588,True,91269,2764918,2764918,0,3102940,,,106,118403,,1.2972970011723586,"{""block_cap"": 0.15}",False,
case_086,2,2,5,capls,c2,0,0.641,2.314,True,62735,1252440,1252440,0,1590462,,,43,118403,,1.8873515581413884,"{""block_cap"": 0.35, ""init"": ""rr""}",False,
case_086,2,2,5,capls,c3,0,0.607,1.038,True,87556,661366,661366,0,999388,,,19,118403,,1.3523116633925716,"{""block_cap"": 0.35, ""init"": ""contig""}",False,
case_086,2,2,5,capls,c4,0,0.663,1.032,True,71606,700342,700342,0,1038364,,,177,118403,,1.6535346200039103,"{""block_cap"": 0.35, ""subgraph_mode"": ""block""}",False,
case_086,2,2,5,capls,c5,0,0.56,1.109,True,74557,1252440,1252440,0,1590462,,,177,118403,,1.5880869670185227,"{""block_cap"": 0.35, ""init"": ""rr"", ""subgraph_mode"": ""block""}",False,
case_086,2,2,5,capls,c6,0,0.68,1.073,True,72838,745462,745462,0,1083484,,,30,118403,,1.6255663252697767,"{""block_cap"": 0.6, ""comm_weight"": 1e-06}",False,
case_086,2,2,5,capls,c7,0,1.254,1.588,True,91269,2764918,2764918,0,3102940,,,106,118403,,1.2972970011723586,"{""block_cap"": 0.08}",False,
case_086,2,2,5,capls,c8,0,1.434,1.901,True,98934,4115054,4115054,0,4453076,,,194,118403,,1.1967877574948955,"{""block_cap"": 0.005}",False,
case_086,2,2,5,capls,c9,0,0.704,2.163,True,73010,700342,700342,0,1038364,,,32,118403,,1.6217367483906313,"{""block_cap"": 0.35, ""max_ops"": 500}",False,
case_086,2,2,5,capls,c10,0,0.538,1.047,True,57534,905778,905778,0,1243800,,,33,118403,,2.05796572461501,"{""block_cap"": 0.35, ""cores_used"": 4}",False,
case_086,2,2,5,capls,c11,0,0.611,0.988,True,75520,747192,747192,0,1085214,,,34,118403,,1.5678363347457627,"{""block_cap"": 0.35, ""sync_weight"": 0.0}",False,
case_086,2,2,5,capls,c12,0,0.73,0.947,True,61627,1252440,1252440,0,1590462,,,48,118403,,1.9212845019228584,"{""block_cap"": 0.35, ""init"": ""rr"", ""level_mode"": ""alap_fill""}",False,
case_086,2,2,5,capls,c13,0,0.592,0.947,True,61627,1252440,1252440,0,1590462,,,48,118403,,1.9212845019228584,"{""block_cap"": 0.35, ""init"": ""rr"", ""level_mode"": ""alap_compress""}",False,
case_086,2,2,5,capls,c14,0,0.923,1.058,True,53448,1252440,1252440,0,1590462,,,5274,118403,,2.2152933692560994,"{""alpha"": 0.8, ""block_cap"": 0.35, ""init"": ""rr"", ""mu"": 1.0, ""nu"": 0.5, ""subgraph_mode"": ""op""}",True,
case_086,2,2,5,capls,c15,0,0.972,1.058,True,53448,1252440,1252440,0,1590462,,,5274,118403,,2.2152933692560994,"{""alpha"": 1.0, ""block_cap"": 0.35, ""init"": ""rr"", ""mu"": 1.0, ""nu"": 0.5, ""subgraph_mode"": ""op""}",False,
case_086,2,2,5,capls,c16,0,0.843,0.792,True,56529,1252440,1252440,0,1590462,,,5274,118403,,2.0945532381609437,"{""alpha"": 0.8, ""block_cap"": 0.35, ""init"": ""rr"", ""mu"": 0.0, ""nu"": 0.0, ""subgraph_mode"": ""op""}",False,
case_086,2,2,5,capls,c17,0,1.698,1.611,True,71875,3268280,3268280,0,3606302,,,5274,118403,,1.6473460869565217,"{""alpha"": 0.8, ""block_cap"": 0.15, ""init"": ""rr"", ""mu"": 1.0, ""nu"": 0.5, ""subgraph_mode"": ""op""}",False,
case_086,2,2,5,capls,_best,0,0.992,1.058,True,53448,1252440,1252440,0,1590462,,,5274,118403,,2.2152933692560994,"{""alpha"": 0.8, ""block_cap"": 0.35, ""init"": ""rr"", ""mu"": 1.0, ""nu"": 0.5, ""subgraph_mode"": ""op""}",True,results\plans\case_086_p2_n5_capls_best.json
case_086,3,3,4,capls,c0,0,0.254,2.195,True,58427,1156626,1156626,0,1494648,0.44307036579010817,455728,33,118403,,2.0265117154740104,"{""block_cap"": 0.35}",False,
case_086,3,3,4,capls,c1,0,1.185,1.718,True,83667,2533650,2533650,0,2871672,0.3652217635228115,634846,101,118403,,1.4151696606786428,"{""block_cap"": 0.15}",False,
case_086,3,3,4,capls,c2,0,0.553,2.247,True,45745,1363698,1363698,0,1701720,0.35964411650802064,423468,36,118403,,2.588326593070281,"{""block_cap"": 0.35, ""init"": ""rr""}",False,
case_086,3,3,4,capls,c3,0,0.479,0.984,True,107342,438448,438448,0,776470,0.12777681560000423,72302,11,118403,,1.1030444746697472,"{""block_cap"": 0.35, ""init"": ""contig""}",False,
case_086,3,3,4,capls,c4,0,0.275,1.154,True,65590,1156626,1156626,0,1494648,0.46276376476810477,475984,177,118403,,1.805198963256594,"{""block_cap"": 0.35, ""subgraph_mode"": ""block""}",False,
case_086,3,3,4,capls,c5,0,0.605,2.144,True,57913,1363698,1363698,0,1701720,0.4568343490756405,537906,177,118403,,2.04449778115449,"{""block_cap"": 0.35, ""init"": ""rr"", ""subgraph_mode"": ""block""}",False,
case_086,3,3,4,capls,c6,0,0.47,1.135,True,51881,1120914,1120914,0,1458936,0.4618404830895113,470512,30,118403,,2.2822035041730113,"{""block_cap"": 0.6, ""comm_weight"": 1e-06}",False,
case_086,3,3,4,capls,c7,0,1.213,1.718,True,83667,2533650,2533650,0,2871672,0.3652217635228115,634846,101,118403,,1.4151696606786428,"{""block_cap"": 0.08}",False,
case_086,3,3,4,capls,c8,0,1.383,2.747,True,82150,3244110,3244110,0,3582132,0.3022436901078084,621598,128,118403,,1.4413024954351796,"{""block_cap"": 0.005}",False,
case_086,3,3,4,capls,c9,0,0.292,1.077,True,58964,1156626,1156626,0,1494648,0.44083035832341666,453424,36,118403,,2.008055762838342,"{""block_cap"": 0.35, ""max_ops"": 500}",False,
case_086,3,3,4,capls,c10,0,0.521,2.094,True,58095,773580,773580,0,1111602,0.3310647595438519,261224,22,118403,,2.0380927790687666,"{""block_cap"": 0.35, ""cores_used"": 3}",False,
case_086,3,3,4,capls,c11,0,0.236,2.195,True,58427,1156626,1156626,0,1494648,0.44307036579010817,455728,33,118403,,2.0265117154740104,"{""block_cap"": 0.35, ""sync_weight"": 0.0}",False,
case_086,3,3,4,capls,c12,0,0.703,1.117,True,44516,1363698,1363698,0,1701720,0.33551089460059924,395052,36,118403,,2.6597852457543354,"{""block_cap"": 0.35, ""init"": ""rr"", ""level_mode"": ""alap_fill""}",False,
case_086,3,3,4,capls,c13,0,0.635,1.117,True,44516,1363698,1363698,0,1701720,0.33551089460059924,395052,36,118403,,2.6597852457543354,"{""block_cap"": 0.35, ""init"": ""rr"", ""level_mode"": ""alap_compress""}",False,
case_086,3,3,4,capls,c14,0,0.903,1.031,True,38643,1363698,1363698,0,1701720,0.3823131747552367,450160,5274,118403,,3.0640219444660093,"{""alpha"": 0.8, ""block_cap"": 0.35, ""init"": ""rr"", ""mu"": 1.0, ""nu"": 0.5, ""subgraph_mode"": ""op""}",True,
case_086,3,3,4,capls,c15,0,1.023,1.031,True,38643,1363698,1363698,0,1701720,0.3823131747552367,450160,5274,118403,,3.0640219444660093,"{""alpha"": 1.0, ""block_cap"": 0.35, ""init"": ""rr"", ""mu"": 1.0, ""nu"": 0.5, ""subgraph_mode"": ""op""}",False,
case_086,3,3,4,capls,c16,0,0.909,0.864,True,40218,1363698,1363698,0,1701720,0.3135025784227798,369138,5274,118403,,2.9440300363021534,"{""alpha"": 0.8, ""block_cap"": 0.35, ""init"": ""rr"", ""mu"": 0.0, ""nu"": 0.0, ""subgraph_mode"": ""op""}",False,
case_086,3,3,4,capls,c17,0,1.684,1.715,True,61144,2844178,2844178,0,3182200,0.29635332391960273,552386,5274,118403,,1.9364614680099437,"{""alpha"": 0.8, ""block_cap"": 0.15, ""init"": ""rr"", ""mu"": 1.0, ""nu"": 0.5, ""subgraph_mode"": ""op""}",False,
case_086,3,3,4,capls,_best,0,0.879,1.031,True,38643,1363698,1363698,0,1701720,0.3823131747552367,450160,5274,118403,,3.0640219444660093,"{""alpha"": 0.8, ""block_cap"": 0.35, ""init"": ""rr"", ""mu"": 1.0, ""nu"": 0.5, ""subgraph_mode"": ""op""}",True,results\plans\case_086_p3_n4_capls_best.json
case_088,3,3,2,capls,c0,0,0.204,1.963,True,225073,1033028,1033028,0,2862826,0.24884555991183938,666820,11,243623,,1.0824177044781027,"{""block_cap"": 0.35}",False,
case_088,3,3,2,capls,c1,0,0.106,1.963,True,225073,1033028,1033028,0,2862826,0.24884555991183938,666820,11,243623,,1.0824177044781027,"{""block_cap"": 0.15}",False,
case_088,3,3,2,capls,c2,0,0.108,0.742,True,165492,1049798,1049798,0,2879596,0.20405675346596847,548356,26,243623,,1.4721134556353177,"{""block_cap"": 0.35, ""init"": ""rr""}",False,
case_088,3,3,2,capls,c3,0,0.106,0.678,True,246135,395718,395718,0,2225516,0.09601038955185198,204486,7,243623,,0.989794218619863,"{""block_cap"": 0.35, ""init"": ""contig""}",False,
case_088,3,3,2,capls,c4,0,0.121,0.773,True,161050,1033028,1033028,0,2862826,0.16630356008648878,445636,218,243623,,1.5127165476560074,"{""block_cap"": 0.35, ""subgraph_mode"": ""block""}",False,
case_088,3,3,2,capls,c5,0,0.148,1.994,True,165908,1049798,1049798,0,2879596,0.10353027159141315,278214,218,243623,,1.4684222581189574,"{""block_cap"": 0.35, ""init"": ""rr"", ""subgraph_mode"": ""block""}",False,
case_088,3,3,2,capls,c6,0,0.114,1.963,True,225073,1033028,1033028,0,2862826,0.24884555991183938,666820,11,243623,,1.0824177044781027,"{""block_cap"": 0.6, ""comm_weight"": 1e-06}",False,
case_088,3,3,2,capls,c7,0,0.249,0.943,True,231767,1733446,1733446,0,3563244,0.2359678090418336,721414,32,243623,,1.0511548235943857,"{""block_cap"": 0.08}",False,
case_088,3,3,2,capls,c8,0,0.273,0.942,True,239519,1952874,1952874,0,3782672,0.21672965143064485,682118,41,243623,,1.01713434007323,"{""block_cap"": 0.005}",False,
case_088,3,3,2,capls,c9,0,0.158,1.963,True,225073,1033028,1033028,0,2862826,0.24884555991183938,666820,11,243623,,1.0824177044781027,"{""block_cap"": 0.35, ""max_ops"": 500}",False,
case_088,3,3,2,capls,c10,0,0.041,0.584,True,243623,0,0,0,1829798,0.0,0,1,243623,,1.0,"{""block_cap"": 0.35, ""cores_used"": 1}",False,
case_088,3,3,2,capls,c11,0,0.163,1.795,True,225838,1033412,1033412,0,2863210,0.24882773114574494,666820,13,243623,,1.078751140197841,"{""block_cap"": 0.35, ""sync_weight"": 0.0}",False,
case_088,3,3,2,capls,c12,0,0.149,0.54,True,156747,1049798,1049798,0,2879596,0.18805316320789262,505350,26,243623,,1.5542434623948145,"{""block_cap"": 0.35, ""init"": ""rr"", ""level_mode"": ""alap_fill""}",False,
case_088,3,3,2,capls,c13,0,0.144,0.54,True,156747,1049798,1049798,0,2879596,0.18805316320789262,505350,26,243623,,1.5542434623948145,"{""block_cap"": 0.35, ""init"": ""rr"", ""level_mode"": ""alap_compress""}",False,
case_088,3,3,2,capls,c14,0,0.381,0.727,True,130606,1049798,1049798,0,2879596,0.24749783423486718,665094,3309,243623,,1.8653277797344685,"{""alpha"": 0.8, ""block_cap"": 0.35, ""init"": ""rr"", ""mu"": 1.0, ""nu"": 0.5, ""subgraph_mode"": ""op""}",True,
case_088,3,3,2,capls,c15,0,0.431,0.727,True,130606,1049798,1049798,0,2879596,0.24749783423486718,665094,3309,243623,,1.8653277797344685,"{""alpha"": 1.0, ""block_cap"": 0.35, ""init"": ""rr"", ""mu"": 1.0, ""nu"": 0.5, ""subgraph_mode"": ""op""}",False,
case_088,3,3,2,capls,c16,0,0.416,0.5,True,144520,1049798,1049798,0,2879596,0.16976249519959274,456198,3309,243623,,1.685738998062552,"{""alpha"": 0.8, ""block_cap"": 0.35, ""init"": ""rr"", ""mu"": 0.0, ""nu"": 0.0, ""subgraph_mode"": ""op""}",False,
case_088,3,3,2,capls,c17,0,0.465,0.727,True,130606,1049798,1049798,0,2879596,0.24749783423486718,665094,3309,243623,,1.8653277797344685,"{""alpha"": 0.8, ""block_cap"": 0.15, ""init"": ""rr"", ""mu"": 1.0, ""nu"": 0.5, ""subgraph_mode"": ""op""}",False,
case_088,3,3,2,capls,_best,0,0.393,0.727,True,130606,1049798,1049798,0,2879596,0.24749783423486718,665094,3309,243623,,1.8653277797344685,"{""alpha"": 0.8, ""block_cap"": 0.35, ""init"": ""rr"", ""mu"": 1.0, ""nu"": 0.5, ""subgraph_mode"": ""op""}",True,results\plans\case_088_p3_n2_capls_best.json
case_086,3,3,5,capls,c0,0,0.818,1.954,True,58082,1293814,1293814,0,1631836,0.3958785827784907,445460,33,118403,,2.0385489480389793,"{""block_cap"": 0.35}",False,
case_086,3,3,5,capls,c1,0,1.154,1.645,True,80433,2973238,2973238,0,3311260,0.4292184205644574,860722,126,118403,,1.4720699215496127,"{""block_cap"": 0.15}",False,
case_086,3,3,5,capls,c2,0,0.685,1.919,True,57324,1218264,1218264,0,1556286,0.44658417132112727,483096,44,118403,,2.0655048496266835,"{""block_cap"": 0.35, ""init"": ""rr""}",False,
case_086,3,3,5,capls,c3,0,0.688,0.97,True,87484,661366,661366,0,999388,0.26262640797039305,182518,19,118403,,1.3534246262173655,"{""block_cap"": 0.35, ""init"": ""contig""}",False,
case_086,3,3,5,capls,c4,0,0.803,1.137,True,53636,1293814,1293814,0,1631836,0.38666635858533793,435094,177,118403,,2.2075285256171227,"{""block_cap"": 0.35, ""subgraph_mode"": ""block""}",False,
case_086,3,3,5,capls,c5,0,0.665,1.814,True,61687,1218264,1218264,0,1556286,0.4596296029241291,497208,177,118403,,1.919415760208796,"{""block_cap"": 0.35, ""init"": ""rr"", ""subgraph_mode"": ""block""}",False,
case_086,3,3,5,capls,c6,0,0.819,1.267,True,46017,1292278,1292278,0,1630300,0.46170285069664624,527152,42,118403,,2.5730273594541146,"{""block_cap"": 0.6, ""comm_weight"": 1e-06}",True,
case_086,3,3,5,capls,c7,0,1.263,1.645,True,80433,2973238,2973238,0,3311260,0.4292184205644574,860722,126,118403,,1.4720699215496127,"{""block_cap"": 0.08}",False,
case_086,3,3,5,capls,c8,0,1.399,2.738,True,93415,4152816,4152816,0,4490838,0.3960059730409747,1025246,191,118403,,1.2674945137290585,"{""block_cap"": 0.005}",False,
case_086,3,3,5,capls,c9,0,0.833,2.261,True,54800,1293814,1293814,0,1631836,0.41430658594935854,466196,35,118403,,2.160638686131387,"{""block_cap"": 0.35, ""max_ops"": 500}",False,
case_086,3,3,5,capls,c10,0,0.276,1.556,True,58427,1156626,1156626,0,1494648,0.44307036579010817,455728,33,118403,,2.0265117154740104,"{""block_cap"": 0.35, ""cores_used"": 4}",False,
case_086,3,3,5,capls,c11,0,0.626,1.553,True,54234,1279606,1279606,0,1617628,0.4471604629116211,499988,43,118403,,2.183187668252388,"{""block_cap"": 0.35, ""sync_weight"": 0.0}",False,
case_086,3,3,5,capls,c12,0,0.733,1.143,True,56830,1218264,1218264,0,1556286,0.44294564958151456,479160,48,118403,,2.083459440436389,"{""block_cap"": 0.35, ""init"": ""rr"", ""level_mode"": ""alap_fill""}",False,
case_086,3,3,5,capls,c13,0,0.745,1.143,True,56830,1218264,1218264,0,1556286,0.44294564958151456,479160,48,118403,,2.083459440436389,"{""block_cap"": 0.35, ""init"": ""rr"", ""level_mode"": ""alap_compress""}",False,
case_086,3,3,5,capls,c14,0,0.998,0.957,True,48118,1218264,1218264,0,1556286,0.4632681246637418,501144,5274,118403,,2.4606799950122613,"{""alpha"": 0.8, ""block_cap"": 0.35, ""init"": ""rr"", ""mu"": 1.0, ""nu"": 0.5, ""subgraph_mode"": ""op""}",False,
case_086,3,3,5,capls,c15,0,0.895,0.957,True,48118,1218264,1218264,0,1556286,0.4632681246637418,501144,5274,118403,,2.4606799950122613,"{""alpha"": 1.0, ""block_cap"": 0.35, ""init"": ""rr"", ""mu"": 1.0, ""nu"": 0.5, ""subgraph_mode"": ""op""}",False,
case_086,3,3,5,capls,c16,0,0.927,0.938,True,51305,1218264,1218264,0,1556286,0.407092898781428,440376,5274,118403,,2.30782574797778,"{""alpha"": 0.8, ""block_cap"": 0.35, ""init"": ""rr"", ""mu"": 0.0, ""nu"": 0.0, ""subgraph_mode"": ""op""}",False,
case_086,3,3,5,capls,c17,0,1.73,1.695,True,60467,3452856,3452856,0,3790878,0.3760080179698131,830616,5274,118403,,1.9581424578695819,"{""alpha"": 0.8, ""block_cap"": 0.15, ""init"": ""rr"", ""mu"": 1.0, ""nu"": 0.5, ""subgraph_mode"": ""op""}",False,
case_086,3,3,5,capls,_best,0,0.628,1.267,True,46017,1292278,1292278,0,1630300,0.46170285069664624,527152,42,118403,,2.5730273594541146,"{""block_cap"": 0.6, ""comm_weight"": 1e-06}",True,results\plans\case_086_p3_n5_capls_best.json
case_088,2,2,4,capls,c0,0,0.44,0.632,True,195285,773840,773840,0,2603638,,,29,243623,,1.2475254115779502,"{""block_cap"": 0.35}",False,
case_088,2,2,4,capls,c1,0,0.735,0.87,True,196632,1320914,1320914,0,3150712,,,94,243623,,1.238979413320314,"{""block_cap"": 0.15}",False,
case_088,2,2,4,capls,c2,0,0.355,0.63,True,146824,792274,792274,0,2622072,,,34,243623,,1.6592859478014494,"{""block_cap"": 0.35, ""init"": ""rr""}",False,
case_088,2,2,4,capls,c3,0,0.336,1.479,True,209991,633682,633682,0,2463480,,,18,243623,,1.1601592449200204,"{""block_cap"": 0.35, ""init"": ""contig""}",False,
case_088,2,2,4,capls,c4,0,0.4,0.634,True,190668,773840,773840,0,2603638,,,218,243623,,1.2777340717897077,"{""block_cap"": 0.35, ""subgraph_mode"": ""block""}",False,
case_088,2,2,4,capls,c5,0,0.472,0.671,True,145019,792274,792274,0,2622072,,,218,243623,,1.6799384908184445,"{""block_cap"": 0.35, ""init"": ""rr"", ""subgraph_mode"": ""block""}",False,
case_088,2,2,4,capls,c6,0,0.446,0.65,True,181052,786770,786770,0,2616568,,,27,243623,,1.3455968451052736,"{""block_cap"": 0.6, ""comm_weight"": 1e-06}",False,
case_088,2,2,4,capls,c7,0,0.692,0.87,True,196632,1320914,1320914,0,3150712,,,94,243623,,1.238979413320314,"{""block_cap"": 0.08}",False,
case_088,2,2,4,capls,c8,0,0.785,0.968,True,170234,1587830,1587830,0,3417628,,,159,243623,,1.431106594452342,"{""block_cap"": 0.005}",False,
case_088,2,2,4,capls,c9,0,0.423,0.593,True,194600,773840,773840,0,2603638,,,32,243623,,1.2519167523124357,"{""block_cap"": 0.35, ""max_ops"": 500}",False,
case_088,2,2,4,capls,c10,0,0.198,0.715,True,114017,1480074,1480074,0,3309872,,,36,243623,,2.136725225185718,"{""block_cap"": 0.35, ""cores_used"": 3}",True,
case_088,2,2,4,capls,c11,0,0.352,1.562,True,195620,773456,773456,0,2603254,,,28,243623,,1.2453890195276556,"{""block_cap"": 0.35, ""sync_weight"": 0.0}",False,
case_088,2,2,4,capls,c12,0,0.489,0.745,True,130541,792274,792274,0,2622072,,,47,243623,,1.8662565783929954,"{""block_cap"": 0.35, ""init"": ""rr"", ""level_mode"": ""alap_fill""}",False,
case_088,2,2,4,capls,c13,0,0.45,0.745,True,130541,792274,792274,0,2622072,,,47,243623,,1.8662565783929954,"{""block_cap"": 0.35, ""init"": ""rr"", ""level_mode"": ""alap_compress""}",False,
case_088,2,2,4,capls,c14,0,0.545,0.553,True,121559,792274,792274,0,2622072,,,3309,243623,,2.0041543612566737,"{""alpha"": 0.8, ""block_cap"": 0.35, ""init"": ""rr"", ""mu"": 1.0, ""nu"": 0.5, ""subgraph_mode"": ""op""}",False,
case_088,2,2,4,capls,c15,0,0.467,0.553,True,121559,792274,792274,0,2622072,,,3309,243623,,2.0041543612566737,"{""alpha"": 1.0, ""block_cap"": 0.35, ""init"": ""rr"", ""mu"": 1.0, ""nu"": 0.5, ""subgraph_mode"": ""op""}",False,
case_088,2,2,4,capls,c16,0,0.624,0.721,True,129749,792274,792274,0,2622072,,,3309,243623,,1.8776483826464945,"{""alpha"": 0.8, ""block_cap"": 0.35, ""init"": ""rr"", ""mu"": 0.0, ""nu"": 0.0, ""subgraph_mode"": ""op""}",False,
case_088,2,2,4,capls,c17,0,0.978,1.012,True,138509,1463632,1463632,0,3293430,,,3309,243623,,1.7588965337992477,"{""alpha"": 0.8, ""block_cap"": 0.15, ""init"": ""rr"", ""mu"": 1.0, ""nu"": 0.5, ""subgraph_mode"": ""op""}",False,
case_088,2,2,4,capls,_best,0,0.26,0.715,True,114017,1480074,1480074,0,3309872,,,36,243623,,2.136725225185718,"{""block_cap"": 0.35, ""cores_used"": 3}",True,results\plans\case_088_p2_n4_capls_best.json
case_088,3,3,3,capls,c0,0,0.233,0.8,True,113608,1480074,1480074,0,3309872,0.27963468329279756,836554,36,243623,,2.1444176466446025,"{""block_cap"": 0.35}",False,
case_088,3,3,3,capls,c1,0,0.255,0.8,True,113608,1480074,1480074,0,3309872,0.27963468329279756,836554,36,243623,,2.1444176466446025,"{""block_cap"": 0.15}",False,
case_088,3,3,3,capls,c2,0,0.258,0.682,True,117733,1382412,1382412,0,3212210,0.19554910759752825,564492,39,243623,,2.0692838881197284,"{""block_cap"": 0.35, ""init"": ""rr""}",False,
case_088,3,3,3,capls,c3,0,0.193,1.41,True,196732,174476,174476,0,2004274,0.001172564086782261,2248,8,243623,,1.2383496330032735,"{""block_cap"": 0.35, ""init"": ""contig""}",False,
case_088,3,3,3,capls,c4,0,0.177,0.72,True,114842,1480074,1480074,0,3309872,0.19228532194855188,575240,218,243623,,2.1213754549729193,"{""block_cap"": 0.35, ""subgraph_mode"": ""block""}",False,
case_088,3,3,3,capls,c5,0,0.205,0.721,True,119740,1382412,1382412,0,3212210,0.08154773163284607,235404,218,243623,,2.0345999665942878,"{""block_cap"": 0.35, ""init"": ""rr"", ""subgraph_mode"": ""block""}",False,
case_088,3,3,3,capls,c6,0,0.18,0.8,True,113608,1480074,1480074,0,3309872,0.27963468329279756,836554,36,243623,,2.1444176466446025,"{""block_cap"": 0.6, ""comm_weight"": 1e-06}",False,
case_088,3,3,3,capls,c7,0,0.39,1.866,True,176870,2499852,2499852,0,4329650,0.3152194238281963,1122700,105,243623,,1.3774127890541075,"{""block_cap"": 0.08}",False,
case_088,3,3,3,capls,c8,0,0.712,1.034,True,176203,2513648,2513648,0,4343446,0.22674017998353696,784492,134,243623,,1.3826268565234416,"{""block_cap"": 0.005}",False,
case_088,3,3,3,capls,c9,0,0.197,0.8,True,113608,1480074,1480074,0,3309872,0.27963468329279756,836554,36,243623,,2.1444176466446025,"{""block_cap"": 0.35, ""max_ops"": 500}",False,
case_088,3,3,3,capls,c10,0,0.138,1.685,True,225073,1033028,1033028,0,2862826,0.24884555991183938,666820,11,243623,,1.0824177044781027,"{""block_cap"": 0.35, ""cores_used"": 2}",False,
case_088,3,3,3,capls,c11,0,0.125,0.74,True,118565,1480074,1480074,0,3309872,0.22931772873075107,686026,38,243623,,2.054763210053557,"{""block_cap"": 0.35, ""sync_weight"": 0.0}",False,
case_088,3,3,3,capls,c12,0,0.26,0.522,True,112062,1382412,1382412,0,3212210,0.21080250056985445,608524,39,243623,,2.174001891809891,"{""block_cap"": 0.35, ""init"": ""rr"", ""level_mode"": ""alap_fill""}",False,
case_088,3,3,3,capls,c13,0,0.259,0.522,True,112062,1382412,1382412,0,3212210,0.21080250056985445,608524,39,243623,,2.174001891809891,"{""block_cap"": 0.35, ""init"": ""rr"", ""level_mode"": ""alap_compress""}",False,
case_088,3,3,3,capls,c14,0,0.426,0.714,True,101498,1382412,1382412,0,3212210,0.10668922528200002,307980,3309,243623,,2.4002738970226014,"{""alpha"": 0.8, ""block_cap"": 0.35, ""init"": ""rr"", ""mu"": 1.0, ""nu"": 0.5, ""subgraph_mode"": ""op""}",True,
case_088,3,3,3,capls,c15,0,0.433,0.714,True,101498,1382412,1382412,0,3212210,0.10668922528200002,307980,3309,243623,,2.4002738970226014,"{""alpha"": 1.0, ""block_cap"": 0.35, ""init"": ""rr"", ""mu"": 1.0, ""nu"": 0.5, ""subgraph_mode"": ""op""}",False,
case_088,3,3,3,capls,c16,0,0.495,0.777,True,107186,1382412,1382412,0,3212210,0.1006588141068943,290572,3309,243623,,2.2728994458231484,"{""alpha"": 0.8, ""block_cap"": 0.35, ""init"": ""rr"", ""mu"": 0.0, ""nu"": 0.0, ""subgraph_mode"": ""op""}",False,
case_088,3,3,3,capls,c17,0,0.416,0.714,True,101498,1382412,1382412,0,3212210,0.10668922528200002,307980,3309,243623,,2.4002738970226014,"{""alpha"": 0.8, ""block_cap"": 0.15, ""init"": ""rr"", ""mu"": 1.0, ""nu"": 0.5, ""subgraph_mode"": ""op""}",False,
case_088,3,3,3,capls,_best,0,0.317,0.714,True,101498,1382412,1382412,0,3212210,0.10668922528200002,307980,3309,243623,,2.4002738970226014,"{""alpha"": 0.8, ""block_cap"": 0.35, ""init"": ""rr"", ""mu"": 1.0, ""nu"": 0.5, ""subgraph_mode"": ""op""}",True,results\plans\case_088_p3_n3_capls_best.json
case_088,2,2,5,capls,c0,0,0.523,1.573,True,142357,902098,902098,0,2731896,,,29,243623,,1.7113524449096287,"{""block_cap"": 0.35}",False,
case_088,2,2,5,capls,c1,0,0.886,0.949,True,155142,1447576,1447576,0,3277374,,,122,243623,,1.5703226721326269,"{""block_cap"": 0.15}",False,
case_088,2,2,5,capls,c2,0,0.467,0.632,True,161007,699540,699540,0,2529338,,,30,243623,,1.513120547553833,"{""block_cap"": 0.35, ""init"": ""rr""}",False,
case_088,2,2,5,capls,c3,0,0.454,0.551,True,228505,401560,401560,0,2231358,,,14,243623,,1.0661604778888865,"{""block_cap"": 0.35, ""init"": ""contig""}",False,
case_088,2,2,5,capls,c4,0,0.467,0.692,True,143269,902098,902098,0,2731896,,,218,243623,,1.700458577919857,"{""block_cap"": 0.35, ""subgraph_mode"": ""block""}",False,
case_088,2,2,5,capls,c5,0,0.477,1.737,True,162764,699540,699540,0,2529338,,,218,243623,,1.4967867587427195,"{""block_cap"": 0.35, ""init"": ""rr"", ""subgraph_mode"": ""block""}",False,
case_088,2,2,5,capls,c6,0,0.509,0.64,True,149890,863638,863638,0,2693436,,,32,243623,,1.6253452531856696,"{""block_cap"": 0.6, ""comm_weight"": 1e-06}",False,
case_088,2,2,5,capls,c7,0,0.766,0.949,True,155142,1447576,1447576,0,3277374,,,122,243623,,1.5703226721326269,"{""block_cap"": 0.08}",False,
case_088,2,2,5,capls,c8,0,0.731,1.133,True,162453,2620840,2620840,0,4450638,,,180,243623,,1.4996522070998997,"{""block_cap"": 0.005}",False,
case_088,2,2,5,capls,c9,0,0.445,0.659,True,142359,902098,902098,0,2731896,,,30,243623,,1.711328402138256,"{""block_cap"": 0.35, ""max_ops"": 500}",False,
case_088,2,2,5,capls,c10,0,0.391,0.615,True,195285,773840,773840,0,2603638,,,29,243623,,1.2475254115779502,"{""block_cap"": 0.35, ""cores_used"": 4}",False,
case_088,2,2,5,capls,c11,0,0.298,0.63,True,145229,898258,898258,0,2728056,,,35,243623,,1.6775093128782819,"{""block_cap"": 0.35, ""sync_weight"": 0.0}",False,
case_088,2,2,5,capls,c12,0,0.431,0.708,True,149359,699540,699540,0,2529338,,,50,243623,,1.6311236684766235,"{""block_cap"": 0.35, ""init"": ""rr"", ""level_mode"": ""alap_fill""}",False,
case_088,2,2,5,capls,c13,0,0.526,0.708,True,149359,699540,699540,0,2529338,,,50,243623,,1.6311236684766235,"{""block_cap"": 0.35, ""init"": ""rr"", ""level_mode"": ""alap_compress""}",False,
case_088,2,2,5,capls,c14,0,0.633,0.559,True,137216,699540,699540,0,2529338,,,3309,243623,,1.7754707905783582,"{""alpha"": 0.8, ""block_cap"": 0.35, ""init"": ""rr"", ""mu"": 1.0, ""nu"": 0.5, ""subgraph_mode"": ""op""}",False,
case_088,2,2,5,capls,c15,0,0.772,0.559,True,137216,699540,699540,0,2529338,,,3309,243623,,1.7754707905783582,"{""alpha"": 1.0, ""block_cap"": 0.35, ""init"": ""rr"", ""mu"": 1.0, ""nu"": 0.5, ""subgraph_mode"": ""op""}",False,
case_088,2,2,5,capls,c16,0,0.61,0.516,True,144145,699540,699540,0,2529338,,,3309,243623,,1.6901245273856187,"{""alpha"": 0.8, ""block_cap"": 0.35, ""init"": ""rr"", ""mu"": 0.0, ""nu"": 0.0, ""subgraph_mode"": ""op""}",False,
case_088,2,2,5,capls,c17,0,0.976,0.988,True,129742,1618520,1618520,0,3448318,,,3309,243623,,1.877749687842025,"{""alpha"": 0.8, ""block_cap"": 0.15, ""init"": ""rr"", ""mu"": 1.0, ""nu"": 0.5, ""subgraph_mode"": ""op""}",True,
case_088,2,2,5,capls,_best,0,0.97,0.988,True,129742,1618520,1618520,0,3448318,,,3309,243623,,1.877749687842025,"{""alpha"": 0.8, ""block_cap"": 0.15, ""init"": ""rr"", ""mu"": 1.0, ""nu"": 0.5, ""subgraph_mode"": ""op""}",True,results\plans\case_088_p2_n5_capls_best.json
case_088,3,3,4,capls,c0,0,0.268,0.751,True,115161,2179024,2179024,0,4008822,0.27929137095606327,1006732,46,243623,,2.1154991707262005,"{""block_cap"": 0.35}",False,
case_088,3,3,4,capls,c1,0,0.82,2.108,True,158917,2249682,2249682,0,4079480,0.2909003010019971,1010896,98,243623,,1.5330203817086907,"{""block_cap"": 0.15}",False,
case_088,3,3,4,capls,c2,0,0.336,0.812,True,98872,2268882,2268882,0,4098680,0.2480521815893152,910416,45,243623,,2.4640241928958653,"{""block_cap"": 0.35, ""init"": ""rr""}",False,
case_088,3,3,4,capls,c3,0,0.444,0.618,True,209942,633682,633682,0,2463480,0.14667312924757175,338318,18,243623,,1.1604300235303084,"{""block_cap"": 0.35, ""init"": ""contig""}",False,
case_088,3,3,4,capls,c4,0,0.181,0.698,True,114988,2179024,2179024,0,4008822,0.22826426499073127,822800,218,243623,,2.118681949420809,"{""block_cap"": 0.35, ""subgraph_mode"": ""block""}",False,
case_088,3,3,4,capls,c5,0,0.254,0.756,True,110790,2268882,2268882,0,4098680,0.19952428438312272,732306,218,243623,,2.1989620001805217,"{""block_cap"": 0.35, ""init"": ""rr"", ""subgraph_mode"": ""block""}",False,
case_088,3,3,4,capls,c6,0,0.15,1.92,True,111755,2166352,2166352,0,3996150,0.24093825401069072,866958,48,243623,,2.179974050378059,"{""block_cap"": 0.6, ""comm_weight"": 1e-06}",False,
case_088,3,3,4,capls,c7,0,0.774,2.108,True,158917,2249682,2249682,0,4079480,0.2909003010019971,1010896,98,243623,,1.5330203817086907,"{""block_cap"": 0.08}",False,
case_088,3,3,4,capls,c8,0,0.915,1.018,True,164861,2169782,2169782,0,3999580,0.209915347203762,672798,149,243623,,1.4777479209758524,"{""block_cap"": 0.005}",False,
case_088,3,3,4,capls,c9,0,0.213,0.751,True,115161,2179024,2179024,0,4008822,0.27929137095606327,1006732,46,243623,,2.1154991707262005,"{""block_cap"": 0.35, ""max_ops"": 500}",False,
case_088,3,3,4,capls,c10,0,0.32,0.747,True,113608,1480074,1480074,0,3309872,0.27963468329279756,836554,36,243623,,2.1444176466446025,"{""block_cap"": 0.35, ""cores_used"": 3}",False,
case_088,3,3,4,capls,c11,0,0.146,0.751,True,115161,2179024,2179024,0,4008822,0.27929137095606327,1006732,46,243623,,2.1154991707262005,"{""block_cap"": 0.35, ""sync_weight"": 0.0}",False,
case_088,3,3,4,capls,c12,0,0.374,0.64,True,92371,2268882,2268882,0,4098680,0.22787758905363653,836370,52,243623,,2.637440322179039,"{""block_cap"": 0.35, ""init"": ""rr"", ""level_mode"": ""alap_fill""}",False,
case_088,3,3,4,capls,c13,0,0.298,0.64,True,92371,2268882,2268882,0,4098680,0.22787758905363653,836370,52,243623,,2.637440322179039,"{""block_cap"": 0.35, ""init"": ""rr"", ""level_mode"": ""alap_compress""}",False,
case_088,3,3,4,capls,c14,0,0.471,0.687,True,88285,2268882,2268882,0,4098680,0.20351746197817047,746962,3309,243623,,2.759506144871722,"{""alpha"": 0.8, ""block_cap"": 0.35, ""init"": ""rr"", ""mu"": 1.0, ""nu"": 0.5, ""subgraph_mode"": ""op""}",True,
case_088,3,3,4,capls,c15,0,0.504,0.687,True,88285,2268882,2268882,0,4098680,0.20351746197817047,746962,3309,243623,,2.759506144871722,"{""alpha"": 1.0, ""block_cap"": 0.35, ""init"": ""rr"", ""mu"": 1.0, ""nu"": 0.5, ""subgraph_mode"": ""op""}",False,
case_088,3,3,4,capls,c16,0,0.514,0.812,True,92585,2268882,2268882,0,4098680,0.25652678556832487,941520,3309,243623,,2.631344170221958,"{""alpha"": 0.8, ""block_cap"": 0.35, ""init"": ""rr"", ""mu"": 0.0, ""nu"": 0.0, ""subgraph_mode"": ""op""}",False,
case_088,3,3,4,capls,c17,0,0.971,0.975,True,125352,2236752,2236752,0,4066550,0.2867727750413837,962176,3309,243623,,1.9435110728189418,"{""alpha"": 0.8, ""block_cap"": 0.15, ""init"": ""rr"", ""mu"": 1.0, ""nu"": 0.5, ""subgraph_mode"": ""op""}",False,
case_088,3,3,4,capls,_best,0,0.518,0.687,True,88285,2268882,2268882,0,4098680,0.20351746197817047,746962,3309,243623,,2.759506144871722,"{""alpha"": 0.8, ""block_cap"": 0.35, ""init"": ""rr"", ""mu"": 1.0, ""nu"": 0.5, ""subgraph_mode"": ""op""}",True,results\plans\case_088_p3_n4_capls_best.json
case_088,3,3,5,capls,c0,0,0.497,0.728,True,134480,1365142,1365142,0,3194940,0.25168428976529217,746256,35,243623,,1.8115928019036287,"{""block_cap"": 0.35}",False,
case_088,3,3,5,capls,c1,0,0.861,1.0,True,149043,2377496,2377496,0,4207294,0.3009695042977882,1079636,120,243623,,1.6345819662781882,"{""block_cap"": 0.15}",False,
case_088,3,3,5,capls,c2,0,0.495,0.652,True,153611,1332568,1332568,0,3162366,0.30660370572587875,895124,32,243623,,1.5859736607404418,"{""block_cap"": 0.35, ""init"": ""rr""}",False,
case_088,3,3,5,capls,c3,0,0.352,0.561,True,228505,401560,401560,0,2231358,0.07158916014613098,150614,14,243623,,1.0661604778888865,"{""block_cap"": 0.35, ""init"": ""contig""}",False,
case_088,3,3,5,capls,c4,0,0.508,1.946,True,135217,1365142,1365142,0,3194940,0.19465856876515997,577172,218,243623,,1.8017187188001509,"{""block_cap"": 0.35, ""subgraph_mode"": ""block""}",False,
case_088,3,3,5,capls,c5,0,0.513,0.746,True,142542,1332568,1332568,0,3162366,0.1759503911995347,513684,218,243623,,1.7091313437442999,"{""block_cap"": 0.35, ""init"": ""rr"", ""subgraph_mode"": ""block""}",False,
case_088,3,3,5,capls,c6,0,0.479,0.651,True,140340,1368088,1368088,0,3197886,0.3238103439807903,962580,33,243623,,1.7359484110018526,"{""block_cap"": 0.6, ""comm_weight"": 1e-06}",False,
case_088,3,3,5,capls,c7,0,0.738,1.0,True,149043,2377496,2377496,0,4207294,0.3009695042977882,1079636,120,243623,,1.6345819662781882,"{""block_cap"": 0.08}",False,
case_088,3,3,5,capls,c8,0,0.748,1.125,True,167805,3325222,3325222,0,5155020,0.2431466854841372,942740,184,243623,,1.4518220553618784,"{""block_cap"": 0.005}",False,
case_088,3,3,5,capls,c9,0,0.564,0.728,True,134480,1365142,1365142,0,3194940,0.25168428976529217,746256,35,243623,,1.8115928019036287,"{""block_cap"": 0.35, ""max_ops"": 500}",False,
case_088,3,3,5,capls,c10,0,0.169,1.851,True,115161,2179024,2179024,0,4008822,0.27929137095606327,1006732,46,243623,,2.1154991707262005,"{""block_cap"": 0.35, ""cores_used"": 4}",True,
case_088,3,3,5,capls,c11,0,0.477,0.728,True,134480,1365142,1365142,0,3194940,0.25168428976529217,746256,35,243623,,1.8115928019036287,"{""block_cap"": 0.35, ""sync_weight"": 0.0}",False,
case_088,3,3,5,capls,c12,0,0.479,0.499,True,144456,1332568,1332568,0,3162366,0.28404627944272304,829268,50,243623,,1.6864858503627402,"{""block_cap"": 0.35, ""init"": ""rr"", ""level_mode"": ""alap_fill""}",False,
case_088,3,3,5,capls,c13,0,0.436,0.499,True,144456,1332568,1332568,0,3162366,0.28404627944272304,829268,50,243623,,1.6864858503627402,"{""block_cap"": 0.35, ""init"": ""rr"", ""level_mode"": ""alap_compress""}",False,
case_088,3,3,5,capls,c14,0,0.596,0.614,True,119115,1332568,1332568,0,3162366,0.2559214271572834,747158,3309,243623,,2.045275574025102,"{""alpha"": 0.8, ""block_cap"": 0.35, ""init"": ""rr"", ""mu"": 1.0, ""nu"": 0.5, ""subgraph_mode"": ""op""}",False,
case_088,3,3,5,capls,c15,0,0.614,0.614,True,119115,1332568,1332568,0,3162366,0.2559214271572834,747158,3309,243623,,2.045275574025102,"{""alpha"": 1.0, ""block_cap"": 0.35, ""init"": ""rr"", ""mu"": 1.0, ""nu"": 0.5, ""subgraph_mode"": ""op""}",False,
case_088,3,3,5,capls,c16,0,0.658,0.702,True,123246,1332568,1332568,0,3162366,0.2608318873005554,761494,3309,243623,,1.9767213540398878,"{""alpha"": 0.8, ""block_cap"": 0.35, ""init"": ""rr"", ""mu"": 0.0, ""nu"": 0.0, ""subgraph_mode"": ""op""}",False,
case_088,3,3,5,capls,c17,0,0.974,1.044,True,117438,2443736,2443736,0,4273534,0.34689216161127484,1244758,3309,243623,,2.074481854255011,"{""alpha"": 0.8, ""block_cap"": 0.15, ""init"": ""rr"", ""mu"": 1.0, ""nu"": 0.5, ""subgraph_mode"": ""op""}",False,
case_088,3,3,5,capls,_best,0,0.181,1.851,True,115161,2179024,2179024,0,4008822,0.27929137095606327,1006732,46,243623,,2.1154991707262005,"{""block_cap"": 0.35, ""cores_used"": 4}",True,results\plans\case_088_p3_n5_capls_best.json
case_076,2,2,2,capls,c0,0,0.682,12.757,True,3072558,28930048,3189760,25740288,33200722,,,2,6185113,,2.0130174922654023,"{""block_cap"": 0.35}",True,
case_076,2,2,2,capls,c1,0,0.676,12.757,True,3072558,28930048,3189760,25740288,33200722,,,2,6185113,,2.0130174922654023,"{""block_cap"": 0.15}",False,
case_076,2,2,2,capls,c2,0,0.983,12.341,True,3075627,28892160,3189760,25702400,33162834,,,2,6185113,,2.0110088121869136,"{""block_cap"": 0.35, ""init"": ""rr""}",False,
case_076,2,2,2,capls,c3,0,0.678,11.183,True,3108660,25307136,2702336,22604800,29577810,,,2,6185113,,1.9896395874749893,"{""block_cap"": 0.35, ""init"": ""contig""}",False,
case_076,2,2,2,capls,c4,0,0.726,14.443,True,3102354,21460992,3189760,18271232,25731666,,,391,6185113,,1.9936838284734753,"{""block_cap"": 0.35, ""subgraph_mode"": ""block""}",False,
case_076,2,2,2,capls,c5,0,0.946,15.78,True,3129713,21511168,3189760,18321408,25781842,,,391,6185113,,1.976255650278476,"{""block_cap"": 0.35, ""init"": ""rr"", ""subgraph_mode"": ""block""}",False,
case_076,2,2,2,capls,c6,0,0.771,12.757,True,3072558,28930048,3189760,25740288,33200722,,,2,6185113,,2.0130174922654023,"{""block_cap"": 0.6, ""comm_weight"": 1e-06}",False,
case_076,2,2,2,capls,c7,0,0.772,12.757,True,3072558,28930048,3189760,25740288,33200722,,,2,6185113,,2.0130174922654023,"{""block_cap"": 0.08}",False,
case_076,2,2,2,capls,c8,0,0.796,10.656,True,3080077,31262724,4117508,27145216,35533398,,,4,6185113,,2.0081033688443504,"{""block_cap"": 0.005}",False,
case_076,2,2,2,capls,c9,0,0.686,15.805,True,3091494,22680576,3189760,19490816,26951250,,,66,6185113,,2.00068736992535,"{""block_cap"": 0.35, ""max_ops"": 500}",False,
case_076,2,2,2,capls,c10,0,0.274,10.35,True,6185113,28280832,0,28280832,32551506,,,1,6185113,,1.0,"{""block_cap"": 0.35, ""cores_used"": 1}",False,
case_076,2,2,2,capls,c11,0,0.634,12.757,True,3072558,28930048,3189760,25740288,33200722,,,2,6185113,,2.0130174922654023,"{""block_cap"": 0.35, ""sync_weight"": 0.0}",False,
case_076,2,2,2,capls,c12,0,1.034,12.341,True,3075627,28892160,3189760,25702400,33162834,,,2,6185113,,2.0110088121869136,"{""block_cap"": 0.35, ""init"": ""rr"", ""level_mode"": ""alap_fill""}",False,
case_076,2,2,2,capls,c13,0,0.971,12.341,True,3075627,28892160,3189760,25702400,33162834,,,2,6185113,,2.0110088121869136,"{""block_cap"": 0.35, ""init"": ""rr"", ""level_mode"": ""alap_compress""}",False,
case_076,2,2,2,capls,c14,0,4.259,19.497,True,5453864,177635328,3189760,174445568,181906002,,,32528,6185113,,1.1340790676115136,"{""alpha"": 0.8, ""block_cap"": 0.35, ""init"": ""rr"", ""mu"": 1.0, ""nu"": 0.5, ""subgraph_mode"": ""op""}",False,
case_076,2,2,2,capls,c15,0,4.606,20.003,True,5449075,177635328,3189760,174445568,181906002,,,32528,6185113,,1.1350757697407359,"{""alpha"": 1.0, ""block_cap"": 0.35, ""init"": ""rr"", ""mu"": 1.0, ""nu"": 0.5, ""subgraph_mode"": ""op""}",False,
case_076,2,2,2,capls,c16,0,4.495,21.415,True,5453909,177635328,3189760,174445568,181906002,,,32528,6185113,,1.1340697103673714,"{""alpha"": 0.8, ""block_cap"": 0.35, ""init"": ""rr"", ""mu"": 0.0, ""nu"": 0.0, ""subgraph_mode"": ""op""}",False,
case_076,2,2,2,capls,c17,0,4.89,19.497,True,5453864,177635328,3189760,174445568,181906002,,,32528,6185113,,1.1340790676115136,"{""alpha"": 0.8, ""block_cap"": 0.15, ""init"": ""rr"", ""mu"": 1.0, ""nu"": 0.5, ""subgraph_mode"": ""op""}",False,
case_076,2,2,2,capls,_best,0,0.769,12.757,True,3072558,28930048,3189760,25740288,33200722,,,2,6185113,,2.0130174922654023,"{""block_cap"": 0.35}",True,results\plans\case_076_p2_n2_capls_best.json
case_093,2,2,2,capls,c0,0,0.011,0.119,True,37827,8192,8192,0,722944,,,2,74205,,1.9616940280751844,"{""block_cap"": 0.35}",True,
case_093,2,2,2,capls,c1,0,0.016,0.119,True,37827,8192,8192,0,722944,,,2,74205,,1.9616940280751844,"{""block_cap"": 0.15}",False,
case_093,2,2,2,capls,c2,0,0.017,0.119,True,37827,8192,8192,0,722944,,,2,74205,,1.9616940280751844,"{""block_cap"": 0.35, ""init"": ""rr""}",False,
case_093,2,2,2,capls,c3,0,0.017,0.128,True,37827,8192,8192,0,722944,,,2,74205,,1.9616940280751844,"{""block_cap"": 0.35, ""init"": ""contig""}",False,
case_093,2,2,2,capls,c4,0,0.016,0.117,True,37827,8192,8192,0,722944,,,69,74205,,1.9616940280751844,"{""block_cap"": 0.35, ""subgraph_mode"": ""block""}",False,
case_093,2,2,2,capls,c5,0,0.016,0.117,True,37827,8192,8192,0,722944,,,69,74205,,1.9616940280751844,"{""block_cap"": 0.35, ""init"": ""rr"", ""subgraph_mode"": ""block""}",False,
case_093,2,2,2,capls,c6,0,0.011,0.119,True,37827,8192,8192,0,722944,,,2,74205,,1.9616940280751844,"{""block_cap"": 0.6, ""comm_weight"": 1e-06}",False,
case_093,2,2,2,capls,c7,0,0.012,0.119,True,37827,8192,8192,0,722944,,,2,74205,,1.9616940280751844,"{""block_cap"": 0.08}",False,
case_093,2,2,2,capls,c8,0,0.028,0.167,True,44628,712704,712704,0,1427456,,,5,74205,,1.6627453616563592,"{""block_cap"": 0.005}",False,
case_093,2,2,2,capls,c9,0,0.011,0.119,True,37827,8192,8192,0,722944,,,2,74205,,1.9616940280751844,"{""block_cap"": 0.35, ""max_ops"": 500}",False,
case_093,2,2,2,capls,c10,0,0.004,0.131,True,74205,0,0,0,714752,,,1,74205,,1.0,"{""block_cap"": 0.35, ""cores_used"": 1}",False,
case_093,2,2,2,capls,c11,0,0.01,0.119,True,37827,8192,8192,0,722944,,,2,74205,,1.9616940280751844,"{""block_cap"": 0.35, ""sync_weight"": 0.0}",False,
case_093,2,2,2,capls,c12,0,0.012,0.119,True,37827,8192,8192,0,722944,,,2,74205,,1.9616940280751844,"{""block_cap"": 0.35, ""init"": ""rr"", ""level_mode"": ""alap_fill""}",False,
case_093,2,2,2,capls,c13,0,0.012,0.119,True,37827,8192,8192,0,722944,,,2,74205,,1.9616940280751844,"{""block_cap"": 0.35, ""init"": ""rr"", ""level_mode"": ""alap_compress""}",False,
case_093,2,2,2,capls,c14,0,0.057,0.069,True,40819,8192,8192,0,722944,,,552,74205,,1.8179034273255101,"{""alpha"": 0.8, ""block_cap"": 0.35, ""init"": ""rr"", ""mu"": 1.0, ""nu"": 0.5, ""subgraph_mode"": ""op""}",False,
case_093,2,2,2,capls,c15,0,0.056,0.069,True,40819,8192,8192,0,722944,,,552,74205,,1.8179034273255101,"{""alpha"": 1.0, ""block_cap"": 0.35, ""init"": ""rr"", ""mu"": 1.0, ""nu"": 0.5, ""subgraph_mode"": ""op""}",False,
case_093,2,2,2,capls,c16,0,0.054,0.067,True,40819,8192,8192,0,722944,,,552,74205,,1.8179034273255101,"{""alpha"": 0.8, ""block_cap"": 0.35, ""init"": ""rr"", ""mu"": 0.0, ""nu"": 0.0, ""subgraph_mode"": ""op""}",False,
case_093,2,2,2,capls,c17,0,0.055,0.069,True,40819,8192,8192,0,722944,,,552,74205,,1.8179034273255101,"{""alpha"": 0.8, ""block_cap"": 0.15, ""init"": ""rr"", ""mu"": 1.0, ""nu"": 0.5, ""subgraph_mode"": ""op""}",False,
case_093,2,2,2,capls,_best,0,0.011,0.119,True,37827,8192,8192,0,722944,,,2,74205,,1.9616940280751844,"{""block_cap"": 0.35}",True,results\plans\case_093_p2_n2_capls_best.json
case_093,2,2,3,capls,c0,0,0.017,0.119,True,25103,16384,16384,0,731136,,,3,74205,,2.956021192686133,"{""block_cap"": 0.35}",True,
case_093,2,2,3,capls,c1,0,0.016,0.119,True,25103,16384,16384,0,731136,,,3,74205,,2.956021192686133,"{""block_cap"": 0.15}",False,
case_093,2,2,3,capls,c2,0,0.02,0.119,True,25103,16384,16384,0,731136,,,3,74205,,2.956021192686133,"{""block_cap"": 0.35, ""init"": ""rr""}",False,
case_093,2,2,3,capls,c3,0,0.02,0.118,True,25103,16384,16384,0,731136,,,3,74205,,2.956021192686133,"{""block_cap"": 0.35, ""init"": ""contig""}",False,
case_093,2,2,3,capls,c4,0,0.024,0.127,True,25103,16384,16384,0,731136,,,69,74205,,2.956021192686133,"{""block_cap"": 0.35, ""subgraph_mode"": ""block""}",False,
case_093,2,2,3,capls,c5,0,0.024,0.127,True,25103,16384,16384,0,731136,,,69,74205,,2.956021192686133,"{""block_cap"": 0.35, ""init"": ""rr"", ""subgraph_mode"": ""block""}",False,
case_093,2,2,3,capls,c6,0,0.025,0.119,True,25103,16384,16384,0,731136,,,3,74205,,2.956021192686133,"{""block_cap"": 0.6, ""comm_weight"": 1e-06}",False,
case_093,2,2,3,capls,c7,0,0.019,0.119,True,25103,16384,16384,0,731136,,,3,74205,,2.956021192686133,"{""block_cap"": 0.08}",False,
case_093,2,2,3,capls,c8,0,0.102,0.162,True,32112,774144,774144,0,1488896,,,7,74205,,2.310818385650224,"{""block_cap"": 0.005}",False,
case_093,2,2,3,capls,c9,0,0.017,0.119,True,25103,16384,16384,0,731136,,,3,74205,,2.956021192686133,"{""block_cap"": 0.35, ""max_ops"": 500}",False,
case_093,2,2,3,capls,c10,0,0.012,0.114,True,37827,8192,8192,0,722944,,,2,74205,,1.9616940280751844,"{""block_cap"": 0.35, ""cores_used"": 2}",False,
case_093,2,2,3,capls,c11,0,0.017,0.119,True,25103,16384,16384,0,731136,,,3,74205,,2.956021192686133,"{""block_cap"": 0.35, ""sync_weight"": 0.0}",False,
case_093,2,2,3,capls,c12,0,0.018,0.119,True,25103,16384,16384,0,731136,,,3,74205,,2.956021192686133,"{""block_cap"": 0.35, ""init"": ""rr"", ""level_mode"": ""alap_fill""}",False,
case_093,2,2,3,capls,c13,0,0.018,0.119,True,25103,16384,16384,0,731136,,,3,74205,,2.956021192686133,"{""block_cap"": 0.35, ""init"": ""rr"", ""level_mode"": ""alap_compress""}",False,
case_093,2,2,3,capls,c14,0,0.071,0.103,True,28381,16384,16384,0,731136,,,552,74205,,2.614601317783024,"{""alpha"": 0.8, ""block_cap"": 0.35, ""init"": ""rr"", ""mu"": 1.0, ""nu"": 0.5, ""subgraph_mode"": ""op""}",False,
case_093,2,2,3,capls,c15,0,0.068,0.103,True,28381,16384,16384,0,731136,,,552,74205,,2.614601317783024,"{""alpha"": 1.0, ""block_cap"": 0.35, ""init"": ""rr"", ""mu"": 1.0, ""nu"": 0.5, ""subgraph_mode"": ""op""}",False,
case_093,2,2,3,capls,c16,0,0.056,0.065,True,28381,16384,16384,0,731136,,,552,74205,,2.614601317783024,"{""alpha"": 0.8, ""block_cap"": 0.35, ""init"": ""rr"", ""mu"": 0.0, ""nu"": 0.0, ""subgraph_mode"": ""op""}",False,
case_093,2,2,3,capls,c17,0,0.054,0.103,True,28381,16384,16384,0,731136,,,552,74205,,2.614601317783024,"{""alpha"": 0.8, ""block_cap"": 0.15, ""init"": ""rr"", ""mu"": 1.0, ""nu"": 0.5, ""subgraph_mode"": ""op""}",False,
case_093,2,2,3,capls,_best,0,0.016,0.119,True,25103,16384,16384,0,731136,,,3,74205,,2.956021192686133,"{""block_cap"": 0.35}",True,results\plans\case_093_p2_n3_capls_best.json
case_093,2,2,4,capls,c0,0,0.033,0.103,True,19779,24576,24576,0,739328,,,4,74205,,3.751706355225239,"{""block_cap"": 0.35}",True,
case_093,2,2,4,capls,c1,0,0.032,0.103,True,19779,24576,24576,0,739328,,,4,74205,,3.751706355225239,"{""block_cap"": 0.15}",False,
case_093,2,2,4,capls,c2,0,0.029,0.103,True,19779,24576,24576,0,739328,,,4,74205,,3.751706355225239,"{""block_cap"": 0.35, ""init"": ""rr""}",False,
case_093,2,2,4,capls,c3,0,0.033,0.109,True,19779,24576,24576,0,739328,,,4,74205,,3.751706355225239,"{""block_cap"": 0.35, ""init"": ""contig""}",False,
case_093,2,2,4,capls,c4,0,0.029,0.109,True,19779,24576,24576,0,739328,,,69,74205,,3.751706355225239,"{""block_cap"": 0.35, ""subgraph_mode"": ""block""}",False,
case_093,2,2,4,capls,c5,0,0.034,0.109,True,19779,24576,24576,0,739328,,,69,74205,,3.751706355225239,"{""block_cap"": 0.35, ""init"": ""rr"", ""subgraph_mode"": ""block""}",False,
case_093,2,2,4,capls,c6,0,0.035,0.103,True,19779,24576,24576,0,739328,,,4,74205,,3.751706355225239,"{""block_cap"": 0.6, ""comm_weight"": 1e-06}",False,
case_093,2,2,4,capls,c7,0,0.03,0.103,True,19779,24576,24576,0,739328,,,4,74205,,3.751706355225239,"{""block_cap"": 0.08}",False,
case_093,2,2,4,capls,c8,0,0.118,0.159,True,30558,729088,729088,0,1443840,,,9,74205,,2.4283330060867856,"{""block_cap"": 0.005}",False,
case_093,2,2,4,capls,c9,0,0.034,0.103,True,19779,24576,24576,0,739328,,,4,74205,,3.751706355225239,"{""block_cap"": 0.35, ""max_ops"": 500}",False,
case_093,2,2,4,capls,c10,0,0.024,0.115,True,25103,16384,16384,0,731136,,,3,74205,,2.956021192686133,"{""block_cap"": 0.35, ""cores_used"": 3}",False,
case_093,2,2,4,capls,c11,0,0.022,0.103,True,19779,24576,24576,0,739328,,,4,74205,,3.751706355225239,"{""block_cap"": 0.35, ""sync_weight"": 0.0}",False,
case_093,2,2,4,capls,c12,0,0.024,0.103,True,19779,24576,24576,0,739328,,,4,74205,,3.751706355225239,"{""block_cap"": 0.35, ""init"": ""rr"", ""level_mode"": ""alap_fill""}",False,
case_093,2,2,4,capls,c13,0,0.024,0.103,True,19779,24576,24576,0,739328,,,4,74205,,3.751706355225239,"{""block_cap"": 0.35, ""init"": ""rr"", ""level_mode"": ""alap_compress""}",False,
case_093,2,2,4,capls,c14,0,0.055,0.173,True,21755,24576,24576,0,739328,,,552,74205,,3.4109400137899333,"{""alpha"": 0.8, ""block_cap"": 0.35, ""init"": ""rr"", ""mu"": 1.0, ""nu"": 0.5, ""subgraph_mode"": ""op""}",False,
case_093,2,2,4,capls,c15,0,0.08,0.173,True,21755,24576,24576,0,739328,,,552,74205,,3.4109400137899333,"{""alpha"": 1.0, ""block_cap"": 0.35, ""init"": ""rr"", ""mu"": 1.0, ""nu"": 0.5, ""subgraph_mode"": ""op""}",False,
case_093,2,2,4,capls,c16,0,0.077,0.1,True,21791,24576,24576,0,739328,,,552,74205,,3.4053049424074158,"{""alpha"": 0.8, ""block_cap"": 0.35, ""init"": ""rr"", ""mu"": 0.0, ""nu"": 0.0, ""subgraph_mode"": ""op""}",False,
case_093,2,2,4,capls,c17,0,0.085,0.173,True,21755,24576,24576,0,739328,,,552,74205,,3.4109400137899333,"{""alpha"": 0.8, ""block_cap"": 0.15, ""init"": ""rr"", ""mu"": 1.0, ""nu"": 0.5, ""subgraph_mode"": ""op""}",False,
case_093,2,2,4,capls,_best,0,0.025,0.103,True,19779,24576,24576,0,739328,,,4,74205,,3.751706355225239,"{""block_cap"": 0.35}",True,results\plans\case_093_p2_n4_capls_best.json
case_093,2,2,5,capls,c0,0,0.034,0.1,True,15876,32768,32768,0,747520,,,5,74205,,4.674036281179139,"{""block_cap"": 0.35}",True,
case_093,2,2,5,capls,c1,0,0.03,0.1,True,15876,32768,32768,0,747520,,,5,74205,,4.674036281179139,"{""block_cap"": 0.15}",False,
case_093,2,2,5,capls,c2,0,0.039,0.1,True,15876,32768,32768,0,747520,,,5,74205,,4.674036281179139,"{""block_cap"": 0.35, ""init"": ""rr""}",False,
case_093,2,2,5,capls,c3,0,0.046,0.105,True,15876,32768,32768,0,747520,,,5,74205,,4.674036281179139,"{""block_cap"": 0.35, ""init"": ""contig""}",False,
case_093,2,2,5,capls,c4,0,0.048,0.099,True,15876,32768,32768,0,747520,,,69,74205,,4.674036281179139,"{""block_cap"": 0.35, ""subgraph_mode"": ""block""}",False,
case_093,2,2,5,capls,c5,0,0.046,0.099,True,15876,32768,32768,0,747520,,,69,74205,,4.674036281179139,"{""block_cap"": 0.35, ""init"": ""rr"", ""subgraph_mode"": ""block""}",False,
case_093,2,2,5,capls,c6,0,0.048,0.1,True,15876,32768,32768,0,747520,,,5,74205,,4.674036281179139,"{""block_cap"": 0.6, ""comm_weight"": 1e-06}",False,
case_093,2,2,5,capls,c7,0,0.043,0.1,True,15876,32768,32768,0,747520,,,5,74205,,4.674036281179139,"{""block_cap"": 0.08}",False,
case_093,2,2,5,capls,c8,0,0.238,0.169,True,36027,745472,745472,0,1460224,,,9,74205,,2.059705221084187,"{""block_cap"": 0.005}",False,
case_093,2,2,5,capls,c9,0,0.04,0.1,True,15876,32768,32768,0,747520,,,5,74205,,4.674036281179139,"{""block_cap"": 0.35, ""max_ops"": 500}",False,
case_093,2,2,5,capls,c10,0,0.034,0.109,True,19779,24576,24576,0,739328,,,4,74205,,3.751706355225239,"{""block_cap"": 0.35, ""cores_used"": 4}",False,
case_093,2,2,5,capls,c11,0,0.038,0.1,True,15876,32768,32768,0,747520,,,5,74205,,4.674036281179139,"{""block_cap"": 0.35, ""sync_weight"": 0.0}",False,
case_093,2,2,5,capls,c12,0,0.039,0.1,True,15876,32768,32768,0,747520,,,5,74205,,4.674036281179139,"{""block_cap"": 0.35, ""init"": ""rr"", ""level_mode"": ""alap_fill""}",False,
case_093,2,2,5,capls,c13,0,0.03,0.1,True,15876,32768,32768,0,747520,,,5,74205,,4.674036281179139,"{""block_cap"": 0.35, ""init"": ""rr"", ""level_mode"": ""alap_compress""}",False,
case_093,2,2,5,capls,c14,0,0.064,0.093,True,18022,32768,32768,0,747520,,,552,74205,,4.117467539673732,"{""alpha"": 0.8, ""block_cap"": 0.35, ""init"": ""rr"", ""mu"": 1.0, ""nu"": 0.5, ""subgraph_mode"": ""op""}",False,
case_093,2,2,5,capls,c15,0,0.082,0.093,True,18022,32768,32768,0,747520,,,552,74205,,4.117467539673732,"{""alpha"": 1.0, ""block_cap"": 0.35, ""init"": ""rr"", ""mu"": 1.0, ""nu"": 0.5, ""subgraph_mode"": ""op""}",False,
case_093,2,2,5,capls,c16,0,0.088,0.104,True,18268,32768,32768,0,747520,,,552,74205,,4.062021020363477,"{""alpha"": 0.8, ""block_cap"": 0.35, ""init"": ""rr"", ""mu"": 0.0, ""nu"": 0.0, ""subgraph_mode"": ""op""}",False,
case_093,2,2,5,capls,c17,0,0.079,0.093,True,18022,32768,32768,0,747520,,,552,74205,,4.117467539673732,"{""alpha"": 0.8, ""block_cap"": 0.15, ""init"": ""rr"", ""mu"": 1.0, ""nu"": 0.5, ""subgraph_mode"": ""op""}",False,
case_093,2,2,5,capls,_best,0,0.044,0.1,True,15876,32768,32768,0,747520,,,5,74205,,4.674036281179139,"{""block_cap"": 0.35}",True,results\plans\case_093_p2_n5_capls_best.json
case_093,3,3,2,capls,c0,0,0.011,0.115,True,37827,8192,8192,0,722944,0.0,0,2,74205,,1.9616940280751844,"{""block_cap"": 0.35}",True,
case_093,3,3,2,capls,c1,0,0.011,0.115,True,37827,8192,8192,0,722944,0.0,0,2,74205,,1.9616940280751844,"{""block_cap"": 0.15}",False,
case_093,3,3,2,capls,c2,0,0.013,0.115,True,37827,8192,8192,0,722944,0.0,0,2,74205,,1.9616940280751844,"{""block_cap"": 0.35, ""init"": ""rr""}",False,
case_093,3,3,2,capls,c3,0,0.014,0.124,True,37827,8192,8192,0,722944,0.0,0,2,74205,,1.9616940280751844,"{""block_cap"": 0.35, ""init"": ""contig""}",False,
case_093,3,3,2,capls,c4,0,0.017,0.129,True,37827,8192,8192,0,722944,0.0,0,69,74205,,1.9616940280751844,"{""block_cap"": 0.35, ""subgraph_mode"": ""block""}",False,
case_093,3,3,2,capls,c5,0,0.016,0.129,True,37827,8192,8192,0,722944,0.0,0,69,74205,,1.9616940280751844,"{""block_cap"": 0.35, ""init"": ""rr"", ""subgraph_mode"": ""block""}",False,
case_093,3,3,2,capls,c6,0,0.017,0.115,True,37827,8192,8192,0,722944,0.0,0,2,74205,,1.9616940280751844,"{""block_cap"": 0.6, ""comm_weight"": 1e-06}",False,
case_093,3,3,2,capls,c7,0,0.017,0.115,True,37827,8192,8192,0,722944,0.0,0,2,74205,,1.9616940280751844,"{""block_cap"": 0.08}",False,
case_093,3,3,2,capls,c8,0,0.041,0.173,True,44628,712704,712704,0,1427456,0.006578947368421052,6144,5,74205,,1.6627453616563592,"{""block_cap"": 0.005}",False,
case_093,3,3,2,capls,c9,0,0.018,0.115,True,37827,8192,8192,0,722944,0.0,0,2,74205,,1.9616940280751844,"{""block_cap"": 0.35, ""max_ops"": 500}",False,
case_093,3,3,2,capls,c10,0,0.005,0.137,True,74205,0,0,0,714752,0.0,0,1,74205,,1.0,"{""block_cap"": 0.35, ""cores_used"": 1}",False,
case_093,3,3,2,capls,c11,0,0.013,0.115,True,37827,8192,8192,0,722944,0.0,0,2,74205,,1.9616940280751844,"{""block_cap"": 0.35, ""sync_weight"": 0.0}",False,
case_093,3,3,2,capls,c12,0,0.017,0.115,True,37827,8192,8192,0,722944,0.0,0,2,74205,,1.9616940280751844,"{""block_cap"": 0.35, ""init"": ""rr"", ""level_mode"": ""alap_fill""}",False,
case_093,3,3,2,capls,c13,0,0.018,0.115,True,37827,8192,8192,0,722944,0.0,0,2,74205,,1.9616940280751844,"{""block_cap"": 0.35, ""init"": ""rr"", ""level_mode"": ""alap_compress""}",False,
case_093,3,3,2,capls,c14,0,0.087,0.085,True,40819,8192,8192,0,722944,0.0035211267605633804,2048,552,74205,,1.8179034273255101,"{""alpha"": 0.8, ""block_cap"": 0.35, ""init"": ""rr"", ""mu"": 1.0, ""nu"": 0.5, ""subgraph_mode"": ""op""}",False,
case_093,3,3,2,capls,c15,0,0.086,0.085,True,40819,8192,8192,0,722944,0.0035211267605633804,2048,552,74205,,1.8179034273255101,"{""alpha"": 1.0, ""block_cap"": 0.35, ""init"": ""rr"", ""mu"": 1.0, ""nu"": 0.5, ""subgraph_mode"": ""op""}",False,
case_093,3,3,2,capls,c16,0,0.057,0.07,True,40819,8192,8192,0,722944,0.0,0,552,74205,,1.8179034273255101,"{""alpha"": 0.8, ""block_cap"": 0.35, ""init"": ""rr"", ""mu"": 0.0, ""nu"": 0.0, ""subgraph_mode"": ""op""}",False,
case_093,3,3,2,capls,c17,0,0.059,0.085,True,40819,8192,8192,0,722944,0.0035211267605633804,2048,552,74205,,1.8179034273255101,"{""alpha"": 0.8, ""block_cap"": 0.15, ""init"": ""rr"", ""mu"": 1.0, ""nu"": 0.5, ""subgraph_mode"": ""op""}",False,
case_093,3,3,2,capls,_best,0,0.011,0.115,True,37827,8192,8192,0,722944,0.0,0,2,74205,,1.9616940280751844,"{""block_cap"": 0.35}",True,results\plans\case_093_p3_n2_capls_best.json
case_093,3,3,3,capls,c0,0,0.019,0.118,True,25103,16384,16384,0,731136,0.0,0,3,74205,,2.956021192686133,"{""block_cap"": 0.35}",True,
case_093,3,3,3,capls,c1,0,0.026,0.118,True,25103,16384,16384,0,731136,0.0,0,3,74205,,2.956021192686133,"{""block_cap"": 0.15}",False,
case_093,3,3,3,capls,c2,0,0.027,0.118,True,25103,16384,16384,0,731136,0.0,0,3,74205,,2.956021192686133,"{""block_cap"": 0.35, ""init"": ""rr""}",False,
case_093,3,3,3,capls,c3,0,0.025,0.107,True,25103,16384,16384,0,731136,0.0,0,3,74205,,2.956021192686133,"{""block_cap"": 0.35, ""init"": ""contig""}",False,
case_093,3,3,3,capls,c4,0,0.026,0.107,True,25103,16384,16384,0,731136,0.0,0,69,74205,,2.956021192686133,"{""block_cap"": 0.35, ""subgraph_mode"": ""block""}",False,
case_093,3,3,3,capls,c5,0,0.021,0.107,True,25103,16384,16384,0,731136,0.0,0,69,74205,,2.956021192686133,"{""block_cap"": 0.35, ""init"": ""rr"", ""subgraph_mode"": ""block""}",False,
case_093,3,3,3,capls,c6,0,0.026,0.118,True,25103,16384,16384,0,731136,0.0,0,3,74205,,2.956021192686133,"{""block_cap"": 0.6, ""comm_weight"": 1e-06}",False,
case_093,3,3,3,capls,c7,0,0.026,0.118,True,25103,16384,16384,0,731136,0.0,0,3,74205,,2.956021192686133,"{""block_cap"": 0.08}",False,
case_093,3,3,3,capls,c8,0,0.1,0.177,True,32147,790528,790528,0,1505280,0.008403361344537815,8192,7,74205,,2.30830248545743,"{""block_cap"": 0.005}",False,
case_093,3,3,3,capls,c9,0,0.026,0.118,True,25103,16384,16384,0,731136,0.0,0,3,74205,,2.956021192686133,"{""block_cap"": 0.35, ""max_ops"": 500}",False,
case_093,3,3,3,capls,c10,0,0.015,0.115,True,37827,8192,8192,0,722944,0.0,0,2,74205,,1.9616940280751844,"{""block_cap"": 0.35, ""cores_used"": 2}",False,
case_093,3,3,3,capls,c11,0,0.021,0.118,True,25103,16384,16384,0,731136,0.0,0,3,74205,,2.956021192686133,"{""block_cap"": 0.35, ""sync_weight"": 0.0}",False,
case_093,3,3,3,capls,c12,0,0.026,0.118,True,25103,16384,16384,0,731136,0.0,0,3,74205,,2.956021192686133,"{""block_cap"": 0.35, ""init"": ""rr"", ""level_mode"": ""alap_fill""}",False,
case_093,3,3,3,capls,c13,0,0.027,0.118,True,25103,16384,16384,0,731136,0.0,0,3,74205,,2.956021192686133,"{""block_cap"": 0.35, ""init"": ""rr"", ""level_mode"": ""alap_compress""}",False,
case_093,3,3,3,capls,c14,0,0.057,0.092,True,28381,16384,16384,0,731136,0.0,0,552,74205,,2.614601317783024,"{""alpha"": 0.8, ""block_cap"": 0.35, ""init"": ""rr"", ""mu"": 1.0, ""nu"": 0.5, ""subgraph_mode"": ""op""}",False,
case_093,3,3,3,capls,c15,0,0.086,0.092,True,28381,16384,16384,0,731136,0.0,0,552,74205,,2.614601317783024,"{""alpha"": 1.0, ""block_cap"": 0.35, ""init"": ""rr"", ""mu"": 1.0, ""nu"": 0.5, ""subgraph_mode"": ""op""}",False,
case_093,3,3,3,capls,c16,0,0.07,0.2,True,28381,16384,16384,0,731136,0.0,0,552,74205,,2.614601317783024,"{""alpha"": 0.8, ""block_cap"": 0.35, ""init"": ""rr"", ""mu"": 0.0, ""nu"": 0.0, ""subgraph_mode"": ""op""}",False,
case_093,3,3,3,capls,c17,0,0.079,0.092,True,28381,16384,16384,0,731136,0.0,0,552,74205,,2.614601317783024,"{""alpha"": 0.8, ""block_cap"": 0.15, ""init"": ""rr"", ""mu"": 1.0, ""nu"": 0.5, ""subgraph_mode"": ""op""}",False,
case_093,3,3,3,capls,_best,0,0.023,0.118,True,25103,16384,16384,0,731136,0.0,0,3,74205,,2.956021192686133,"{""block_cap"": 0.35}",True,results\plans\case_093_p3_n3_capls_best.json
case_076,3,3,2,capls,c0,0,0.674,12.618,True,3070431,28930048,3189760,25740288,33200722,0.24308318682335522,8070144,2,6185113,,2.014411983203661,"{""block_cap"": 0.35}",True,
case_076,3,3,2,capls,c1,0,0.773,12.618,True,3070431,28930048,3189760,25740288,33200722,0.24308318682335522,8070144,2,6185113,,2.014411983203661,"{""block_cap"": 0.15}",False,
case_076,3,3,2,capls,c2,0,0.997,15.79,True,3073883,28892160,3189760,25702400,33162834,0.2294034090909091,7607296,2,6185113,,2.0121497792856786,"{""block_cap"": 0.35, ""init"": ""rr""}",False,
case_076,3,3,2,capls,c3,0,0.658,16.223,True,3107344,25307136,2702336,22604800,29577810,0.13835127929924176,4091904,2,6185113,,1.9904822253345622,"{""block_cap"": 0.35, ""init"": ""contig""}",False,
case_076,3,3,2,capls,c4,0,0.735,17.634,True,3101573,21460992,3189760,18271232,25731666,0.32789429697138534,8436736,391,6185113,,1.9941858534363048,"{""block_cap"": 0.35, ""subgraph_mode"": ""block""}",False,
case_076,3,3,2,capls,c5,0,0.839,16.86,True,3127537,21511168,3189760,18321408,25781842,0.32932157610422624,8489984,391,6185113,,1.9776306403409456,"{""block_cap"": 0.35, ""init"": ""rr"", ""subgraph_mode"": ""block""}",False,
case_076,3,3,2,capls,c6,0,0.619,12.618,True,3070431,28930048,3189760,25740288,33200722,0.24308318682335522,8070144,2,6185113,,2.014411983203661,"{""block_cap"": 0.6, ""comm_weight"": 1e-06}",False,
case_076,3,3,2,capls,c7,0,0.724,12.618,True,3070431,28930048,3189760,25740288,33200722,0.24308318682335522,8070144,2,6185113,,2.014411983203661,"{""block_cap"": 0.08}",False,
case_076,3,3,2,capls,c8,0,0.868,11.853,True,3076420,31262724,4117508,27145216,35533398,0.2828256446176925,10040320,4,6185113,,2.0104904401869708,"{""block_cap"": 0.005}",False,
case_076,3,3,2,capls,c9,0,0.68,16.603,True,3086955,22680576,3189760,19490816,26951250,0.3018939682056743,8128512,66,6185113,,2.003629142634084,"{""block_cap"": 0.35, ""max_ops"": 500}",False,
case_076,3,3,2,capls,c10,0,0.28,11.02,True,6183098,28280832,0,28280832,32551506,0.13357661937269952,4347904,1,6185113,,1.0003258884138664,"{""block_cap"": 0.35, ""cores_used"": 1}",False,
case_076,3,3,2,capls,c11,0,0.676,12.618,True,3070431,28930048,3189760,25740288,33200722,0.24308318682335522,8070144,2,6185113,,2.014411983203661,"{""block_cap"": 0.35, ""sync_weight"": 0.0}",False,
case_076,3,3,2,capls,c12,0,0.897,15.79,True,3073883,28892160,3189760,25702400,33162834,0.2294034090909091,7607296,2,6185113,,2.0121497792856786,"{""block_cap"": 0.35, ""init"": ""rr"", ""level_mode"": ""alap_fill""}",False,
case_076,3,3,2,capls,c13,0,1.018,15.79,True,3073883,28892160,3189760,25702400,33162834,0.2294034090909091,7607296,2,6185113,,2.0121497792856786,"{""block_cap"": 0.35, ""init"": ""rr"", ""level_mode"": ""alap_compress""}",False,
case_076,3,3,2,capls,c14,0,4.547,20.037,True,5450511,177635328,3189760,174445568,181906002,0.08351447202837203,8222720,32528,6185113,,1.1347767209349728,"{""alpha"": 0.8, ""block_cap"": 0.35, ""init"": ""rr"", ""mu"": 1.0, ""nu"": 0.5, ""subgraph_mode"": ""op""}",False,
case_076,3,3,2,capls,c15,0,4.484,22.479,True,5445722,177635328,3189760,174445568,181906002,0.08351447202837203,8222720,32528,6185113,,1.1357746502667598,"{""alpha"": 1.0, ""block_cap"": 0.35, ""init"": ""rr"", ""mu"": 1.0, ""nu"": 0.5, ""subgraph_mode"": ""op""}",False,
case_076,3,3,2,capls,c16,0,4.169,22.858,True,5448669,177635328,3189760,174445568,181906002,0.08250564216700815,8123392,32528,6185113,,1.1351603483346115,"{""alpha"": 0.8, ""block_cap"": 0.35, ""init"": ""rr"", ""mu"": 0.0, ""nu"": 0.0, ""subgraph_mode"": ""op""}",False,
case_076,3,3,2,capls,c17,0,4.222,20.037,True,5450511,177635328,3189760,174445568,181906002,0.08351447202837203,8222720,32528,6185113,,1.1347767209349728,"{""alpha"": 0.8, ""block_cap"": 0.15, ""init"": ""rr"", ""mu"": 1.0, ""nu"": 0.5, ""subgraph_mode"": ""op""}",False,
case_076,3,3,2,capls,_best,0,0.679,12.618,True,3070431,28930048,3189760,25740288,33200722,0.24308318682335522,8070144,2,6185113,,2.014411983203661,"{""block_cap"": 0.35}",True,results\plans\case_076_p3_n2_capls_best.json
case_076,2,2,3,capls,c0,0,0.993,12.933,True,2057281,30393344,6379520,24013824,34664018,,,3,6185113,,3.0064502612914814,"{""block_cap"": 0.35}",False,
case_076,2,2,3,capls,c1,0,1.043,12.933,True,2057281,30393344,6379520,24013824,34664018,,,3,6185113,,3.0064502612914814,"{""block_cap"": 0.15}",False,
case_076,2,2,3,capls,c2,0,1.564,10.886,True,2054573,30402560,6379520,24023040,34673234,,,3,6185113,,3.0104128692433902,"{""block_cap"": 0.35, ""init"": ""rr""}",True,
case_076,2,2,3,capls,c3,0,1.442,11.489,True,2081253,25326592,3330048,21996544,29597266,,,3,6185113,,2.9718217823589925,"{""block_cap"": 0.35, ""init"": ""contig""}",False,
case_076,2,2,3,capls,c4,0,1.011,12.154,True,2098652,24473600,6379520,18094080,28744274,,,391,6185113,,2.9471837160234284,"{""block_cap"": 0.35, ""subgraph_mode"": ""block""}",False,
case_076,2,2,3,capls,c5,0,1.482,13.241,True,2103434,24633344,6379520,18253824,28904018,,,391,6185113,,2.940483514101227,"{""block_cap"": 0.35, ""init"": ""rr"", ""subgraph_mode"": ""block""}",False,
case_076,2,2,3,capls,c6,0,1.088,12.933,True,2057281,30393344,6379520,24013824,34664018,,,3,6185113,,3.0064502612914814,"{""block_cap"": 0.6, ""comm_weight"": 1e-06}",False,
case_076,2,2,3,capls,c7,0,1.113,12.933,True,2057281,30393344,6379520,24013824,34664018,,,3,6185113,,3.0064502612914814,"{""block_cap"": 0.08}",False,
case_076,2,2,3,capls,c8,0,0.808,14.228,True,2142086,34824200,20621320,14202880,39094874,,,8,6185113,,2.8874251547323495,"{""block_cap"": 0.005}",False,
case_076,2,2,3,capls,c9,0,0.868,13.655,True,2087994,25248768,6379520,18869248,29519442,,,66,6185113,,2.96222738187945,"{""block_cap"": 0.35, ""max_ops"": 500}",False,
case_076,2,2,3,capls,c10,0,0.657,10.874,True,3072558,28930048,3189760,25740288,33200722,,,2,6185113,,2.0130174922654023,"{""block_cap"": 0.35, ""cores_used"": 2}",False,
case_076,2,2,3,capls,c11,0,0.81,12.933,True,2057281,30393344,6379520,24013824,34664018,,,3,6185113,,3.0064502612914814,"{""block_cap"": 0.35, ""sync_weight"": 0.0}",False,
case_076,2,2,3,capls,c12,0,1.573,10.886,True,2054573,30402560,6379520,24023040,34673234,,,3,6185113,,3.0104128692433902,"{""block_cap"": 0.35, ""init"": ""rr"", ""level_mode"": ""alap_fill""}",False,
case_076,2,2,3,capls,c13,0,1.528,10.886,True,2054573,30402560,6379520,24023040,34673234,,,3,6185113,,3.0104128692433902,"{""block_cap"": 0.35, ""init"": ""rr"", ""level_mode"": ""alap_compress""}",False,
case_076,2,2,3,capls,c14,0,4.902,19.006,True,4021265,172109824,6379520,165730304,176380498,,,32528,6185113,,1.5381013188635915,"{""alpha"": 0.8, ""block_cap"": 0.35, ""init"": ""rr"", ""mu"": 1.0, ""nu"": 0.5, ""subgraph_mode"": ""op""}",False,
case_076,2,2,3,capls,c15,0,4.866,19.349,True,4017020,172109824,6379520,165730304,176380498,,,32528,6185113,,1.539726712836879,"{""alpha"": 1.0, ""block_cap"": 0.35, ""init"": ""rr"", ""mu"": 1.0, ""nu"": 0.5, ""subgraph_mode"": ""op""}",False,
case_076,2,2,3,capls,c16,0,5.212,20.492,True,4021184,172109824,6379520,165730304,176380498,,,32528,6185113,,1.538132301332145,"{""alpha"": 0.8, ""block_cap"": 0.35, ""init"": ""rr"", ""mu"": 0.0, ""nu"": 0.0, ""subgraph_mode"": ""op""}",False,
case_076,2,2,3,capls,c17,0,5.277,19.006,True,4021265,172109824,6379520,165730304,176380498,,,32528,6185113,,1.5381013188635915,"{""alpha"": 0.8, ""block_cap"": 0.15, ""init"": ""rr"", ""mu"": 1.0, ""nu"": 0.5, ""subgraph_mode"": ""op""}",False,
case_076,2,2,3,capls,_best,0,1.55,10.886,True,2054573,30402560,6379520,24023040,34673234,,,3,6185113,,3.0104128692433902,"{""block_cap"": 0.35, ""init"": ""rr""}",True,results\plans\case_076_p2_n3_capls_best.json
case_093,3,3,4,capls,c0,0,0.025,0.114,True,19779,24576,24576,0,739328,0.0,0,4,74205,,3.751706355225239,"{""block_cap"": 0.35}",True,
case_093,3,3,4,capls,c1,0,0.033,0.114,True,19779,24576,24576,0,739328,0.0,0,4,74205,,3.751706355225239,"{""block_cap"": 0.15}",False,
case_093,3,3,4,capls,c2,0,0.036,0.114,True,19779,24576,24576,0,739328,0.0,0,4,74205,,3.751706355225239,"{""block_cap"": 0.35, ""init"": ""rr""}",False,
case_093,3,3,4,capls,c3,0,0.024,0.125,True,19779,24576,24576,0,739328,0.0,0,4,74205,,3.751706355225239,"{""block_cap"": 0.35, ""init"": ""contig""}",False,
case_093,3,3,4,capls,c4,0,0.024,0.13,True,19779,24576,24576,0,739328,0.0,0,69,74205,,3.751706355225239,"{""block_cap"": 0.35, ""subgraph_mode"": ""block""}",False,
case_093,3,3,4,capls,c5,0,0.03,0.13,True,19779,24576,24576,0,739328,0.0,0,69,74205,,3.751706355225239,"{""block_cap"": 0.35, ""init"": ""rr"", ""subgraph_mode"": ""block""}",False,
case_093,3,3,4,capls,c6,0,0.038,0.114,True,19779,24576,24576,0,739328,0.0,0,4,74205,,3.751706355225239,"{""block_cap"": 0.6, ""comm_weight"": 1e-06}",False,
case_093,3,3,4,capls,c7,0,0.027,0.114,True,19779,24576,24576,0,739328,0.0,0,4,74205,,3.751706355225239,"{""block_cap"": 0.08}",False,
case_093,3,3,4,capls,c8,0,0.194,0.78,True,29907,720896,720896,0,1435648,0.015151515151515152,14336,8,74205,,2.481191694252182,"{""block_cap"": 0.005}",False,
case_093,3,3,4,capls,c9,0,0.036,0.114,True,19779,24576,24576,0,739328,0.0,0,4,74205,,3.751706355225239,"{""block_cap"": 0.35, ""max_ops"": 500}",False,
case_093,3,3,4,capls,c10,0,0.026,0.115,True,25103,16384,16384,0,731136,0.0,0,3,74205,,2.956021192686133,"{""block_cap"": 0.35, ""cores_used"": 3}",False,
case_093,3,3,4,capls,c11,0,0.031,0.114,True,19779,24576,24576,0,739328,0.0,0,4,74205,,3.751706355225239,"{""block_cap"": 0.35, ""sync_weight"": 0.0}",False,
case_093,3,3,4,capls,c12,0,0.036,0.114,True,19779,24576,24576,0,739328,0.0,0,4,74205,,3.751706355225239,"{""block_cap"": 0.35, ""init"": ""rr"", ""level_mode"": ""alap_fill""}",False,
case_093,3,3,4,capls,c13,0,0.034,0.114,True,19779,24576,24576,0,739328,0.0,0,4,74205,,3.751706355225239,"{""block_cap"": 0.35, ""init"": ""rr"", ""level_mode"": ""alap_compress""}",False,
case_093,3,3,4,capls,c14,0,0.076,0.107,True,21755,24576,24576,0,739328,0.010273972602739725,6144,552,74205,,3.4109400137899333,"{""alpha"": 0.8, ""block_cap"": 0.35, ""init"": ""rr"", ""mu"": 1.0, ""nu"": 0.5, ""subgraph_mode"": ""op""}",False,
case_093,3,3,4,capls,c15,0,0.077,0.107,True,21755,24576,24576,0,739328,0.010273972602739725,6144,552,74205,,3.4109400137899333,"{""alpha"": 1.0, ""block_cap"": 0.35, ""init"": ""rr"", ""mu"": 1.0, ""nu"": 0.5, ""subgraph_mode"": ""op""}",False,
case_093,3,3,4,capls,c16,0,0.057,0.074,True,21791,24576,24576,0,739328,0.0,0,552,74205,,3.4053049424074158,"{""alpha"": 0.8, ""block_cap"": 0.35, ""init"": ""rr"", ""mu"": 0.0, ""nu"": 0.0, ""subgraph_mode"": ""op""}",False,
case_093,3,3,4,capls,c17,0,0.081,0.107,True,21755,24576,24576,0,739328,0.010273972602739725,6144,552,74205,,3.4109400137899333,"{""alpha"": 0.8, ""block_cap"": 0.15, ""init"": ""rr"", ""mu"": 1.0, ""nu"": 0.5, ""subgraph_mode"": ""op""}",False,
case_093,3,3,4,capls,_best,0,0.037,0.114,True,19779,24576,24576,0,739328,0.0,0,4,74205,,3.751706355225239,"{""block_cap"": 0.35}",True,results\plans\case_093_p3_n4_capls_best.json
case_093,3,3,5,capls,c0,0,0.039,0.136,True,15876,32768,32768,0,747520,0.0,0,5,74205,,4.674036281179139,"{""block_cap"": 0.35}",True,
case_093,3,3,5,capls,c1,0,0.041,0.136,True,15876,32768,32768,0,747520,0.0,0,5,74205,,4.674036281179139,"{""block_cap"": 0.15}",False,
case_093,3,3,5,capls,c2,0,0.046,0.136,True,15876,32768,32768,0,747520,0.0,0,5,74205,,4.674036281179139,"{""block_cap"": 0.35, ""init"": ""rr""}",False,
case_093,3,3,5,capls,c3,0,0.043,0.13,True,15876,32768,32768,0,747520,0.0,0,5,74205,,4.674036281179139,"{""block_cap"": 0.35, ""init"": ""contig""}",False,
case_093,3,3,5,capls,c4,0,0.043,0.119,True,15876,32768,32768,0,747520,0.0,0,69,74205,,4.674036281179139,"{""block_cap"": 0.35, ""subgraph_mode"": ""block""}",False,
case_093,3,3,5,capls,c5,0,0.033,0.119,True,15876,32768,32768,0,747520,0.0,0,69,74205,,4.674036281179139,"{""block_cap"": 0.35, ""init"": ""rr"", ""subgraph_mode"": ""block""}",False,
case_093,3,3,5,capls,c6,0,0.046,0.136,True,15876,32768,32768,0,747520,0.0,0,5,74205,,4.674036281179139,"{""block_cap"": 0.6, ""comm_weight"": 1e-06}",False,
case_093,3,3,5,capls,c7,0,0.032,0.136,True,15876,32768,32768,0,747520,0.0,0,5,74205,,4.674036281179139,"{""block_cap"": 0.08}",False,
case_093,3,3,5,capls,c8,0,0.229,0.189,True,35391,743424,743424,0,1458176,0.019189765458422176,18432,9,74205,,2.096719504958888,"{""block_cap"": 0.005}",False,
case_093,3,3,5,capls,c9,0,0.047,0.136,True,15876,32768,32768,0,747520,0.0,0,5,74205,,4.674036281179139,"{""block_cap"": 0.35, ""max_ops"": 500}",False,
case_093,3,3,5,capls,c10,0,0.034,0.109,True,19779,24576,24576,0,739328,0.0,0,4,74205,,3.751706355225239,"{""block_cap"": 0.35, ""cores_used"": 4}",False,
case_093,3,3,5,capls,c11,0,0.03,0.136,True,15876,32768,32768,0,747520,0.0,0,5,74205,,4.674036281179139,"{""block_cap"": 0.35, ""sync_weight"": 0.0}",False,
case_093,3,3,5,capls,c12,0,0.044,0.136,True,15876,32768,32768,0,747520,0.0,0,5,74205,,4.674036281179139,"{""block_cap"": 0.35, ""init"": ""rr"", ""level_mode"": ""alap_fill""}",False,
case_093,3,3,5,capls,c13,0,0.048,0.136,True,15876,32768,32768,0,747520,0.0,0,5,74205,,4.674036281179139,"{""block_cap"": 0.35, ""init"": ""rr"", ""level_mode"": ""alap_compress""}",False,
case_093,3,3,5,capls,c14,0,0.082,0.1,True,18022,32768,32768,0,747520,0.04054054054054054,24576,552,74205,,4.117467539673732,"{""alpha"": 0.8, ""block_cap"": 0.35, ""init"": ""rr"", ""mu"": 1.0, ""nu"": 0.5, ""subgraph_mode"": ""op""}",False,
case_093,3,3,5,capls,c15,0,0.073,0.1,True,18022,32768,32768,0,747520,0.04054054054054054,24576,552,74205,,4.117467539673732,"{""alpha"": 1.0, ""block_cap"": 0.35, ""init"": ""rr"", ""mu"": 1.0, ""nu"": 0.5, ""subgraph_mode"": ""op""}",False,
case_093,3,3,5,capls,c16,0,0.07,0.071,True,18268,32768,32768,0,747520,0.0,0,552,74205,,4.062021020363477,"{""alpha"": 0.8, ""block_cap"": 0.35, ""init"": ""rr"", ""mu"": 0.0, ""nu"": 0.0, ""subgraph_mode"": ""op""}",False,
case_093,3,3,5,capls,c17,0,0.058,0.1,True,18022,32768,32768,0,747520,0.04054054054054054,24576,552,74205,,4.117467539673732,"{""alpha"": 0.8, ""block_cap"": 0.15, ""init"": ""rr"", ""mu"": 1.0, ""nu"": 0.5, ""subgraph_mode"": ""op""}",False,
case_093,3,3,5,capls,_best,0,0.031,0.136,True,15876,32768,32768,0,747520,0.0,0,5,74205,,4.674036281179139,"{""block_cap"": 0.35}",True,results\plans\case_093_p3_n5_capls_best.json
case_094,2,2,2,capls,c0,0,0.013,0.119,True,49385,106272,106272,0,632964,,,2,94892,,1.9214741318214033,"{""block_cap"": 0.35}",False,
case_094,2,2,2,capls,c1,0,0.015,0.119,True,49385,106272,106272,0,632964,,,2,94892,,1.9214741318214033,"{""block_cap"": 0.15}",False,
case_094,2,2,2,capls,c2,0,0.022,0.111,True,50280,106272,106272,0,632964,,,2,94892,,1.8872712808273668,"{""block_cap"": 0.35, ""init"": ""rr""}",False,
case_094,2,2,2,capls,c3,0,0.019,0.108,True,58169,32256,32256,0,558948,,,2,94892,,1.6313156492289707,"{""block_cap"": 0.35, ""init"": ""contig""}",False,
case_094,2,2,2,capls,c4,0,0.015,0.127,True,49429,106272,106272,0,632964,,,40,94892,,1.9197637014707964,"{""block_cap"": 0.35, ""subgraph_mode"": ""block""}",False,
case_094,2,2,2,capls,c5,0,0.022,0.091,True,48430,106272,106272,0,632964,,,40,94892,,1.9593640305595705,"{""block_cap"": 0.35, ""init"": ""rr"", ""subgraph_mode"": ""block""}",False,
case_094,2,2,2,capls,c6,0,0.018,0.119,True,49385,106272,106272,0,632964,,,2,94892,,1.9214741318214033,"{""block_cap"": 0.6, ""comm_weight"": 1e-06}",False,
case_094,2,2,2,capls,c7,0,0.025,0.113,True,59813,231712,231712,0,758404,,,4,94892,,1.586477855984485,"{""block_cap"": 0.08}",False,
case_094,2,2,2,capls,c8,0,0.041,0.123,True,61242,553764,553764,0,1080456,,,7,94892,,1.549459521243591,"{""block_cap"": 0.005}",False,
case_094,2,2,2,capls,c9,0,0.017,0.119,True,49385,106272,106272,0,632964,,,2,94892,,1.9214741318214033,"{""block_cap"": 0.35, ""max_ops"": 500}",False,
case_094,2,2,2,capls,c10,0,0.009,0.106,True,94892,0,0,0,526692,,,1,94892,,1.0,"{""block_cap"": 0.35, ""cores_used"": 1}",False,
case_094,2,2,2,capls,c11,0,0.017,0.119,True,49385,106272,106272,0,632964,,,2,94892,,1.9214741318214033,"{""block_cap"": 0.35, ""sync_weight"": 0.0}",False,
case_094,2,2,2,capls,c12,0,0.024,0.111,True,50280,106272,106272,0,632964,,,2,94892,,1.8872712808273668,"{""block_cap"": 0.35, ""init"": ""rr"", ""level_mode"": ""alap_fill""}",False,
case_094,2,2,2,capls,c13,0,0.023,0.111,True,50280,106272,106272,0,632964,,,2,94892,,1.8872712808273668,"{""block_cap"": 0.35, ""init"": ""rr"", ""level_mode"": ""alap_compress""}",False,
case_094,2,2,2,capls,c14,0,0.073,0.193,True,45729,106272,106272,0,632964,,,647,94892,,2.075094578932406,"{""alpha"": 0.8, ""block_cap"": 0.35, ""init"": ""rr"", ""mu"": 1.0, ""nu"": 0.5, ""subgraph_mode"": ""op""}",False,
case_094,2,2,2,capls,c15,0,0.083,0.089,True,43732,114464,106272,8192,641156,,,647,94892,,2.169852739412787,"{""alpha"": 1.0, ""block_cap"": 0.35, ""init"": ""rr"", ""mu"": 1.0, ""nu"": 0.5, ""subgraph_mode"": ""op""}",True,
case_094,2,2,2,capls,c16,0,0.068,0.103,True,50502,106272,106272,0,632964,,,647,94892,,1.8789750900954418,"{""alpha"": 0.8, ""block_cap"": 0.35, ""init"": ""rr"", ""mu"": 0.0, ""nu"": 0.0, ""subgraph_mode"": ""op""}",False,
case_094,2,2,2,capls,c17,0,0.075,0.193,True,45729,106272,106272,0,632964,,,647,94892,,2.075094578932406,"{""alpha"": 0.8, ""block_cap"": 0.15, ""init"": ""rr"", ""mu"": 1.0, ""nu"": 0.5, ""subgraph_mode"": ""op""}",False,
case_094,2,2,2,capls,_best,0,0.059,0.089,True,43732,114464,106272,8192,641156,,,647,94892,,2.169852739412787,"{""alpha"": 1.0, ""block_cap"": 0.35, ""init"": ""rr"", ""mu"": 1.0, ""nu"": 0.5, ""subgraph_mode"": ""op""}",True,results\plans\case_094_p2_n2_capls_best.json
case_094,2,2,3,capls,c0,0,0.019,0.103,True,39716,212544,212544,0,739236,,,3,94892,,2.3892637727867863,"{""block_cap"": 0.35}",False,
case_094,2,2,3,capls,c1,0,0.034,0.137,True,47200,882240,882240,0,1408932,,,8,94892,,2.010423728813559,"{""block_cap"": 0.15}",False,
case_094,2,2,3,capls,c2,0,0.025,0.117,True,34069,212544,212544,0,739236,,,3,94892,,2.7852886788576123,"{""block_cap"": 0.35, ""init"": ""rr""}",False,
case_094,2,2,3,capls,c3,0,0.037,0.095,True,38185,138240,138240,0,664932,,,3,94892,,2.4850595783684692,"{""block_cap"": 0.35, ""init"": ""contig""}",False,
case_094,2,2,3,capls,c4,0,0.023,0.091,True,40005,212544,212544,0,739236,,,40,94892,,2.3720034995625547,"{""block_cap"": 0.35, ""subgraph_mode"": ""block""}",False,
case_094,2,2,3,capls,c5,0,0.019,0.097,True,33239,212544,212544,0,739236,,,40,94892,,2.8548391949216283,"{""block_cap"": 0.35, ""init"": ""rr"", ""subgraph_mode"": ""block""}",False,
case_094,2,2,3,capls,c6,0,0.021,0.103,True,39716,212544,212544,0,739236,,,3,94892,,2.3892637727867863,"{""block_cap"": 0.6, ""comm_weight"": 1e-06}",False,
case_094,2,2,3,capls,c7,0,0.051,0.145,True,47343,888896,888896,0,1415588,,,9,94892,,2.0043512240457932,"{""block_cap"": 0.08}",False,
case_094,2,2,3,capls,c8,0,0.096,0.144,True,54798,1001804,1001804,0,1528496,,,11,94892,,1.7316690390160225,"{""block_cap"": 0.005}",False,
case_094,2,2,3,capls,c9,0,0.023,0.103,True,39716,212544,212544,0,739236,,,3,94892,,2.3892637727867863,"{""block_cap"": 0.35, ""max_ops"": 500}",False,
case_094,2,2,3,capls,c10,0,0.016,0.096,True,49385,106272,106272,0,632964,,,2,94892,,1.9214741318214033,"{""block_cap"": 0.35, ""cores_used"": 2}",False,
case_094,2,2,3,capls,c11,0,0.026,0.103,True,39716,212544,212544,0,739236,,,3,94892,,2.3892637727867863,"{""block_cap"": 0.35, ""sync_weight"": 0.0}",False,
case_094,2,2,3,capls,c12,0,0.027,0.117,True,34069,212544,212544,0,739236,,,3,94892,,2.7852886788576123,"{""block_cap"": 0.35, ""init"": ""rr"", ""level_mode"": ""alap_fill""}",False,
case_094,2,2,3,capls,c13,0,0.026,0.117,True,34069,212544,212544,0,739236,,,3,94892,,2.7852886788576123,"{""block_cap"": 0.35, ""init"": ""rr"", ""level_mode"": ""alap_compress""}",False,
case_094,2,2,3,capls,c14,0,0.065,0.09,True,30579,212544,212544,0,739236,,,647,94892,,3.103175381797966,"{""alpha"": 0.8, ""block_cap"": 0.35, ""init"": ""rr"", ""mu"": 1.0, ""nu"": 0.5, ""subgraph_mode"": ""op""}",False,
case_094,2,2,3,capls,c15,0,0.066,0.1,True,26678,212544,212544,0,739236,,,647,94892,,3.556938301221981,"{""alpha"": 1.0, ""block_cap"": 0.35, ""init"": ""rr"", ""mu"": 1.0, ""nu"": 0.5, ""subgraph_mode"": ""op""}",True,
case_094,2,2,3,capls,c16,0,0.065,0.095,True,30974,212544,212544,0,739236,,,647,94892,,3.0636017304836316,"{""alpha"": 0.8, ""block_cap"": 0.35, ""init"": ""rr"", ""mu"": 0.0, ""nu"": 0.0, ""subgraph_mode"": ""op""}",False,
case_094,2,2,3,capls,c17,0,0.111,0.117,True,36284,896320,896320,0,1423012,,,647,94892,,2.615257413736082,"{""alpha"": 0.8, ""block_cap"": 0.15, ""init"": ""rr"", ""mu"": 1.0, ""nu"": 0.5, ""subgraph_mode"": ""op""}",False,
case_094,2,2,3,capls,_best,0,0.058,0.1,True,26678,212544,212544,0,739236,,,647,94892,,3.556938301221981,"{""alpha"": 1.0, ""block_cap"": 0.35, ""init"": ""rr"", ""mu"": 1.0, ""nu"": 0.5, ""subgraph_mode"": ""op""}",True,results\plans\case_094_p2_n3_capls_best.json
case_094,2,2,4,capls,c0,0,0.033,0.105,True,27634,318816,318816,0,845508,,,4,94892,,3.4338857928638635,"{""block_cap"": 0.35}",False,
case_094,2,2,4,capls,c1,0,0.083,0.119,True,32496,534592,534592,0,1061284,,,11,94892,,2.920113244707041,"{""block_cap"": 0.15}",False,
case_094,2,2,4,capls,c2,0,0.051,0.101,True,25596,318528,318528,0,845220,,,4,94892,,3.707298015314893,"{""block_cap"": 0.35, ""init"": ""rr""}",False,
case_094,2,2,4,capls,c3,0,0.021,0.095,True,25395,105984,105984,0,632676,,,4,94892,,3.7366410710769835,"{""block_cap"": 0.35, ""init"": ""contig""}",False,
case_094,2,2,4,capls,c4,0,0.031,0.1,True,27125,318816,318816,0,845508,,,40,94892,,3.498322580645161,"{""block_cap"": 0.35, ""subgraph_mode"": ""block""}",False,
case_094,2,2,4,capls,c5,0,0.048,0.1,True,23880,318528,318528,0,845220,,,40,94892,,3.9737018425460637,"{""block_cap"": 0.35, ""init"": ""rr"", ""subgraph_mode"": ""block""}",False,
case_094,2,2,4,capls,c6,0,0.032,0.105,True,27634,318816,318816,0,845508,,,4,94892,,3.4338857928638635,"{""block_cap"": 0.6, ""comm_weight"": 1e-06}",False,
case_094,2,2,4,capls,c7,0,0.071,0.118,True,32311,537152,537152,0,1063844,,,10,94892,,2.9368326576088637,"{""block_cap"": 0.08}",False,
case_094,2,2,4,capls,c8,0,0.209,0.145,True,42453,896100,896100,0,1422792,,,13,94892,,2.23522483687843,"{""block_cap"": 0.005}",False,
case_094,2,2,4,capls,c9,0,0.03,0.105,True,27634,318816,318816,0,845508,,,4,94892,,3.4338857928638635,"{""block_cap"": 0.35, ""max_ops"": 500}",False,
case_094,2,2,4,capls,c10,0,0.025,0.102,True,39716,212544,212544,0,739236,,,3,94892,,2.3892637727867863,"{""block_cap"": 0.35, ""cores_used"": 3}",False,
case_094,2,2,4,capls,c11,0,0.031,0.105,True,27634,318816,318816,0,845508,,,4,94892,,3.4338857928638635,"{""block_cap"": 0.35, ""sync_weight"": 0.0}",False,
case_094,2,2,4,capls,c12,0,0.055,0.101,True,25596,318528,318528,0,845220,,,4,94892,,3.707298015314893,"{""block_cap"": 0.35, ""init"": ""rr"", ""level_mode"": ""alap_fill""}",False,
case_094,2,2,4,capls,c13,0,0.045,0.101,True,25596,318528,318528,0,845220,,,4,94892,,3.707298015314893,"{""block_cap"": 0.35, ""init"": ""rr"", ""level_mode"": ""alap_compress""}",False,
case_094,2,2,4,capls,c14,0,0.088,0.101,True,20127,318528,318528,0,845220,,,647,94892,,4.71466189695434,"{""alpha"": 0.8, ""block_cap"": 0.35, ""init"": ""rr"", ""mu"": 1.0, ""nu"": 0.5, ""subgraph_mode"": ""op""}",True,
case_094,2,2,4,capls,c15,0,0.092,0.101,True,20127,318528,318528,0,845220,,,647,94892,,4.71466189695434,"{""alpha"": 1.0, ""block_cap"": 0.35, ""init"": ""rr"", ""mu"": 1.0, ""nu"": 0.5, ""subgraph_mode"": ""op""}",False,
case_094,2,2,4,capls,c16,0,0.09,0.088,True,24283,318528,318528,0,845220,,,647,94892,,3.9077543960795618,"{""alpha"": 0.8, ""block_cap"": 0.35, ""init"": ""rr"", ""mu"": 0.0, ""nu"": 0.0, ""subgraph_mode"": ""op""}",False,
case_094,2,2,4,capls,c17,0,0.136,0.182,True,36232,855840,855840,0,1382532,,,647,94892,,2.6190108191653785,"{""alpha"": 0.8, ""block_cap"": 0.15, ""init"": ""rr"", ""mu"": 1.0, ""nu"": 0.5, ""subgraph_mode"": ""op""}",False,
case_094,2,2,4,capls,_best,0,0.061,0.101,True,20127,318528,318528,0,845220,,,647,94892,,4.71466189695434,"{""alpha"": 0.8, ""block_cap"": 0.35, ""init"": ""rr"", ""mu"": 1.0, ""nu"": 0.5, ""subgraph_mode"": ""op""}",True,results\plans\case_094_p2_n4_capls_best.json
case_094,3,3,2,capls,c0,0,0.015,0.097,True,49385,106272,106272,0,632964,0.18398891966759004,106272,2,94892,,1.9214741318214033,"{""block_cap"": 0.35}",False,
case_094,3,3,2,capls,c1,0,0.095,0.097,True,49385,106272,106272,0,632964,0.18398891966759004,106272,2,94892,,1.9214741318214033,"{""block_cap"": 0.15}",False,
case_094,3,3,2,capls,c2,0,0.016,0.094,True,50280,106272,106272,0,632964,0.18398891966759004,106272,2,94892,,1.8872712808273668,"{""block_cap"": 0.35, ""init"": ""rr""}",False,
case_094,3,3,2,capls,c3,0,0.018,0.099,True,58169,32256,32256,0,558948,0.06405286903475885,32256,2,94892,,1.6313156492289707,"{""block_cap"": 0.35, ""init"": ""contig""}",False,
case_094,3,3,2,capls,c4,0,0.014,0.107,True,49429,106272,106272,0,632964,0.12814404432132964,74016,40,94892,,1.9197637014707964,"{""block_cap"": 0.35, ""subgraph_mode"": ""block""}",False,
case_094,3,3,2,capls,c5,0,0.021,0.095,True,48430,106272,106272,0,632964,0.12814404432132964,74016,40,94892,,1.9593640305595705,"{""block_cap"": 0.35, ""init"": ""rr"", ""subgraph_mode"": ""block""}",False,
case_094,3,3,2,capls,c6,0,0.02,0.097,True,49385,106272,106272,0,632964,0.18398891966759004,106272,2,94892,,1.9214741318214033,"{""block_cap"": 0.6, ""comm_weight"": 1e-06}",False,
case_094,3,3,2,capls,c7,0,0.026,0.126,True,59813,231712,231712,0,758404,0.18411677387431966,119072,4,94892,,1.586477855984485,"{""block_cap"": 0.08}",False,
case_094,3,3,2,capls,c8,0,0.044,0.141,True,61236,553764,553764,0,1080456,0.13321324048592692,106784,7,94892,,1.5496113397347966,"{""block_cap"": 0.005}",False,
case_094,3,3,2,capls,c9,0,0.013,0.097,True,49385,106272,106272,0,632964,0.18398891966759004,106272,2,94892,,1.9214741318214033,"{""block_cap"": 0.35, ""max_ops"": 500}",False,
case_094,3,3,2,capls,c10,0,0.006,0.109,True,94892,0,0,0,526692,0.0,0,1,94892,,1.0,"{""block_cap"": 0.35, ""cores_used"": 1}",False,
case_094,3,3,2,capls,c11,0,0.014,0.097,True,49385,106272,106272,0,632964,0.18398891966759004,106272,2,94892,,1.9214741318214033,"{""block_cap"": 0.35, ""sync_weight"": 0.0}",False,
case_094,3,3,2,capls,c12,0,0.018,0.094,True,50280,106272,106272,0,632964,0.18398891966759004,106272,2,94892,,1.8872712808273668,"{""block_cap"": 0.35, ""init"": ""rr"", ""level_mode"": ""alap_fill""}",False,
case_094,3,3,2,capls,c13,0,0.019,0.094,True,50280,106272,106272,0,632964,0.18398891966759004,106272,2,94892,,1.8872712808273668,"{""block_cap"": 0.35, ""init"": ""rr"", ""level_mode"": ""alap_compress""}",False,
case_094,3,3,2,capls,c14,0,0.071,0.1,True,45729,106272,106272,0,632964,0.1361218836565097,78624,647,94892,,2.075094578932406,"{""alpha"": 0.8, ""block_cap"": 0.35, ""init"": ""rr"", ""mu"": 1.0, ""nu"": 0.5, ""subgraph_mode"": ""op""}",False,
case_094,3,3,2,capls,c15,0,0.078,0.102,True,43732,114464,106272,8192,641156,0.13516338431070524,78624,647,94892,,2.169852739412787,"{""alpha"": 1.0, ""block_cap"": 0.35, ""init"": ""rr"", ""mu"": 1.0, ""nu"": 0.5, ""subgraph_mode"": ""op""}",True,
case_094,3,3,2,capls,c16,0,0.048,0.064,True,50226,106272,106272,0,632964,0.1520775623268698,87840,647,94892,,1.8893003623621232,"{""alpha"": 0.8, ""block_cap"": 0.35, ""init"": ""rr"", ""mu"": 0.0, ""nu"": 0.0, ""subgraph_mode"": ""op""}",False,
case_094,3,3,2,capls,c17,0,0.076,0.1,True,45729,106272,106272,0,632964,0.1361218836565097,78624,647,94892,,2.075094578932406,"{""alpha"": 0.8, ""block_cap"": 0.15, ""init"": ""rr"", ""mu"": 1.0, ""nu"": 0.5, ""subgraph_mode"": ""op""}",False,
case_094,3,3,2,capls,_best,0,0.062,0.102,True,43732,114464,106272,8192,641156,0.13516338431070524,78624,647,94892,,2.169852739412787,"{""alpha"": 1.0, ""block_cap"": 0.35, ""init"": ""rr"", ""mu"": 1.0, ""nu"": 0.5, ""subgraph_mode"": ""op""}",True,results\plans\case_094_p3_n2_capls_best.json
case_094,2,2,5,capls,c0,0,0.029,0.108,True,23404,259200,259200,0,785892,,,5,94892,,4.054520594770125,"{""block_cap"": 0.35}",False,
case_094,2,2,5,capls,c1,0,0.096,0.113,True,34895,490016,490016,0,1016708,,,12,94892,,2.719358074222668,"{""block_cap"": 0.15}",False,
case_094,2,2,5,capls,c2,0,0.063,0.099,True,21487,425088,425088,0,951780,,,5,94892,,4.416251687066598,"{""block_cap"": 0.35, ""init"": ""rr""}",False,
case_094,2,2,5,capls,c3,0,0.068,0.102,True,24616,101376,101376,0,628068,,,5,94892,,3.8548911277218068,"{""block_cap"": 0.35, ""init"": ""contig""}",False,
case_094,2,2,5,capls,c4,0,0.029,0.114,True,23596,259200,259200,0,785892,,,40,94892,,4.02152907272419,"{""block_cap"": 0.35, ""subgraph_mode"": ""block""}",False,
case_094,2,2,5,capls,c5,0,0.061,0.096,True,20601,425088,425088,0,951780,,,40,94892,,4.606184165817194,"{""block_cap"": 0.35, ""init"": ""rr"", ""subgraph_mode"": ""block""}",False,
case_094,2,2,5,capls,c6,0,0.036,0.108,True,23404,259200,259200,0,785892,,,5,94892,,4.054520594770125,"{""block_cap"": 0.6, ""comm_weight"": 1e-06}",False,
case_094,2,2,5,capls,c7,0,0.108,0.161,True,25135,679008,679008,0,1205700,,,11,94892,,3.7752934155559976,"{""block_cap"": 0.08}",False,
case_094,2,2,5,capls,c8,0,0.18,0.159,True,38809,1047628,1047628,0,1574320,,,19,94892,,2.4451029400396815,"{""block_cap"": 0.005}",False,
case_094,2,2,5,capls,c9,0,0.027,0.108,True,23404,259200,259200,0,785892,,,5,94892,,4.054520594770125,"{""block_cap"": 0.35, ""max_ops"": 500}",False,
case_094,2,2,5,capls,c10,0,0.026,0.106,True,27634,318816,318816,0,845508,,,4,94892,,3.4338857928638635,"{""block_cap"": 0.35, ""cores_used"": 4}",False,
case_094,2,2,5,capls,c11,0,0.028,0.108,True,23404,259200,259200,0,785892,,,5,94892,,4.054520594770125,"{""block_cap"": 0.35, ""sync_weight"": 0.0}",False,
case_094,2,2,5,capls,c12,0,0.052,0.099,True,21487,425088,425088,0,951780,,,5,94892,,4.416251687066598,"{""block_cap"": 0.35, ""init"": ""rr"", ""level_mode"": ""alap_fill""}",False,
case_094,2,2,5,capls,c13,0,0.071,0.099,True,21487,425088,425088,0,951780,,,5,94892,,4.416251687066598,"{""block_cap"": 0.35, ""init"": ""rr"", ""level_mode"": ""alap_compress""}",False,
case_094,2,2,5,capls,c14,0,0.091,0.092,True,19539,425088,425088,0,951780,,,647,94892,,4.856543323609192,"{""alpha"": 0.8, ""block_cap"": 0.35, ""init"": ""rr"", ""mu"": 1.0, ""nu"": 0.5, ""subgraph_mode"": ""op""}",True,
case_094,2,2,5,capls,c15,0,0.102,0.092,True,19539,425088,425088,0,951780,,,647,94892,,4.856543323609192,"{""alpha"": 1.0, ""block_cap"": 0.35, ""init"": ""rr"", ""mu"": 1.0, ""nu"": 0.5, ""subgraph_mode"": ""op""}",False,
case_094,2,2,5,capls,c16,0,0.085,0.086,True,20981,425088,425088,0,951780,,,647,94892,,4.52275868643058,"{""alpha"": 0.8, ""block_cap"": 0.35, ""init"": ""rr"", ""mu"": 0.0, ""nu"": 0.0, ""subgraph_mode"": ""op""}",False,
case_094,2,2,5,capls,c17,0,0.145,0.126,True,31625,743200,743200,0,1269892,,,647,94892,,3.0005375494071145,"{""alpha"": 0.8, ""block_cap"": 0.15, ""init"": ""rr"", ""mu"": 1.0, ""nu"": 0.5, ""subgraph_mode"": ""op""}",False,
case_094,2,2,5,capls,_best,0,0.071,0.092,True,19539,425088,425088,0,951780,,,647,94892,,4.856543323609192,"{""alpha"": 0.8, ""block_cap"": 0.35, ""init"": ""rr"", ""mu"": 1.0, ""nu"": 0.5, ""subgraph_mode"": ""op""}",True,results\plans\case_094_p2_n5_capls_best.json
case_094,3,3,3,capls,c0,0,0.021,0.114,True,39716,212544,212544,0,739236,0.310795002573581,212544,3,94892,,2.3892637727867863,"{""block_cap"": 0.35}",False,
case_094,3,3,3,capls,c1,0,0.04,0.152,True,47141,882240,882240,0,1408932,0.22161356097264068,233024,8,94892,,2.0129399036931757,"{""block_cap"": 0.15}",False,
case_094,3,3,3,capls,c2,0,0.025,0.122,True,34069,212544,212544,0,739236,0.310795002573581,212544,3,94892,,2.7852886788576123,"{""block_cap"": 0.35, ""init"": ""rr""}",False,
case_094,3,3,3,capls,c3,0,0.032,0.116,True,38185,138240,138240,0,664932,0.22678355819203108,138240,3,94892,,2.4850595783684692,"{""block_cap"": 0.35, ""init"": ""contig""}",False,
case_094,3,3,3,capls,c4,0,0.025,1.184,True,40005,212544,212544,0,739236,0.1356043236161153,92736,40,94892,,2.3720034995625547,"{""block_cap"": 0.35, ""subgraph_mode"": ""block""}",False,
case_094,3,3,3,capls,c5,0,0.026,0.105,True,33239,212544,212544,0,739236,0.21646156005802256,148032,40,94892,,2.8548391949216283,"{""block_cap"": 0.35, ""init"": ""rr"", ""subgraph_mode"": ""block""}",False,
case_094,3,3,3,capls,c6,0,0.027,0.114,True,39716,212544,212544,0,739236,0.310795002573581,212544,3,94892,,2.3892637727867863,"{""block_cap"": 0.6, ""comm_weight"": 1e-06}",False,
case_094,3,3,3,capls,c7,0,0.028,0.163,True,44436,1035584,1035584,0,1562276,0.18829018229991648,209216,9,94892,,2.135475740390674,"{""block_cap"": 0.08}",False,
case_094,3,3,3,capls,c8,0,0.121,0.153,True,46400,1149512,1149512,0,1676204,0.22244938581487067,263744,11,94892,,2.045086206896552,"{""block_cap"": 0.005}",False,
case_094,3,3,3,capls,c9,0,0.024,0.114,True,39716,212544,212544,0,739236,0.310795002573581,212544,3,94892,,2.3892637727867863,"{""block_cap"": 0.35, ""max_ops"": 500}",False,
case_094,3,3,3,capls,c10,0,0.019,0.109,True,49385,106272,106272,0,632964,0.18398891966759004,106272,2,94892,,1.9214741318214033,"{""block_cap"": 0.35, ""cores_used"": 2}",False,
case_094,3,3,3,capls,c11,0,0.025,0.114,True,39716,212544,212544,0,739236,0.310795002573581,212544,3,94892,,2.3892637727867863,"{""block_cap"": 0.35, ""sync_weight"": 0.0}",False,
case_094,3,3,3,capls,c12,0,0.027,0.122,True,34069,212544,212544,0,739236,0.310795002573581,212544,3,94892,,2.7852886788576123,"{""block_cap"": 0.35, ""init"": ""rr"", ""level_mode"": ""alap_fill""}",False,
case_094,3,3,3,capls,c13,0,0.019,0.122,True,34069,212544,212544,0,739236,0.310795002573581,212544,3,94892,,2.7852886788576123,"{""block_cap"": 0.35, ""init"": ""rr"", ""level_mode"": ""alap_compress""}",False,
case_094,3,3,3,capls,c14,0,0.069,0.089,True,30579,212544,212544,0,739236,0.20073931963876282,137280,647,94892,,3.103175381797966,"{""alpha"": 0.8, ""block_cap"": 0.35, ""init"": ""rr"", ""mu"": 1.0, ""nu"": 0.5, ""subgraph_mode"": ""op""}",False,
case_094,3,3,3,capls,c15,0,0.073,0.103,True,26678,212544,212544,0,739236,0.20073931963876282,137280,647,94892,,3.556938301221981,"{""alpha"": 1.0, ""block_cap"": 0.35, ""init"": ""rr"", ""mu"": 1.0, ""nu"": 0.5, ""subgraph_mode"": ""op""}",True,
case_094,3,3,3,capls,c16,0,0.065,0.104,True,30974,212544,212544,0,739236,0.18501707921950306,126528,647,94892,,3.0636017304836316,"{""alpha"": 0.8, ""block_cap"": 0.35, ""init"": ""rr"", ""mu"": 0.0, ""nu"": 0.0, ""subgraph_mode"": ""op""}",False,
case_094,3,3,3,capls,c17,0,0.087,0.13,True,35515,1134400,1134400,0,1661092,0.2064597155104158,241984,647,94892,,2.671885118963818,"{""alpha"": 0.8, ""block_cap"": 0.15, ""init"": ""rr"", ""mu"": 1.0, ""nu"": 0.5, ""subgraph_mode"": ""op""}",False,
case_094,3,3,3,capls,_best,0,0.063,0.103,True,26678,212544,212544,0,739236,0.20073931963876282,137280,647,94892,,3.556938301221981,"{""alpha"": 1.0, ""block_cap"": 0.35, ""init"": ""rr"", ""mu"": 1.0, ""nu"": 0.5, ""subgraph_mode"": ""op""}",True,results\plans\case_094_p3_n3_capls_best.json
case_094,3,3,4,capls,c0,0,0.022,0.376,True,27634,318816,318816,0,845508,0.2751903450510287,217440,4,94892,,3.4338857928638635,"{""block_cap"": 0.35}",False,
case_094,3,3,4,capls,c1,0,0.033,0.122,True,36320,744288,744288,0,1270980,0.18348595470857568,189792,11,94892,,2.6126651982378855,"{""block_cap"": 0.15}",False,
case_094,3,3,4,capls,c2,0,0.048,0.108,True,25596,318528,318528,0,845220,0.26325811287120693,207936,4,94892,,3.707298015314893,"{""block_cap"": 0.35, ""init"": ""rr""}",False,
case_094,3,3,4,capls,c3,0,0.025,0.107,True,25395,105984,105984,0,632676,0.12770910703397817,73728,4,94892,,3.7366410710769835,"{""block_cap"": 0.35, ""init"": ""contig""}",False,
case_094,3,3,4,capls,c4,0,0.023,0.095,True,27125,318816,318816,0,845508,0.16438522598412442,129888,40,94892,,3.498322580645161,"{""block_cap"": 0.35, ""subgraph_mode"": ""block""}",False,
case_094,3,3,4,capls,c5,0,0.036,0.107,True,23880,318528,318528,0,845220,0.21075233966697726,166464,40,94892,,3.9737018425460637,"{""block_cap"": 0.35, ""init"": ""rr"", ""subgraph_mode"": ""block""}",False,
case_094,3,3,4,capls,c6,0,0.032,0.376,True,27634,318816,318816,0,845508,0.2751903450510287,217440,4,94892,,3.4338857928638635,"{""block_cap"": 0.6, ""comm_weight"": 1e-06}",False,
case_094,3,3,4,capls,c7,0,0.089,0.166,True,33381,904032,904032,0,1430724,0.2461445505811946,273760,10,94892,,2.8426949462268953,"{""block_cap"": 0.08}",False,
case_094,3,3,4,capls,c8,0,0.242,0.162,True,38909,905576,905576,0,1432268,0.19778578765241187,208736,13,94892,,2.4388187822868743,"{""block_cap"": 0.005}",False,
case_094,3,3,4,capls,c9,0,0.026,0.376,True,27634,318816,318816,0,845508,0.2751903450510287,217440,4,94892,,3.4338857928638635,"{""block_cap"": 0.35, ""max_ops"": 500}",False,
case_094,3,3,4,capls,c10,0,0.018,0.116,True,39716,212544,212544,0,739236,0.310795002573581,212544,3,94892,,2.3892637727867863,"{""block_cap"": 0.35, ""cores_used"": 3}",False,
case_094,3,3,4,capls,c11,0,0.033,0.376,True,27634,318816,318816,0,845508,0.2751903450510287,217440,4,94892,,3.4338857928638635,"{""block_cap"": 0.35, ""sync_weight"": 0.0}",False,
case_094,3,3,4,capls,c12,0,0.05,0.108,True,25596,318528,318528,0,845220,0.26325811287120693,207936,4,94892,,3.707298015314893,"{""block_cap"": 0.35, ""init"": ""rr"", ""level_mode"": ""alap_fill""}",False,
case_094,3,3,4,capls,c13,0,0.056,0.108,True,25596,318528,318528,0,845220,0.26325811287120693,207936,4,94892,,3.707298015314893,"{""block_cap"": 0.35, ""init"": ""rr"", ""level_mode"": ""alap_compress""}",False,
case_094,3,3,4,capls,c14,0,0.078,0.099,True,20121,318528,318528,0,845220,0.07268160272252157,57408,647,94892,,4.716067789871278,"{""alpha"": 0.8, ""block_cap"": 0.35, ""init"": ""rr"", ""mu"": 1.0, ""nu"": 0.5, ""subgraph_mode"": ""op""}",True,
case_094,3,3,4,capls,c15,0,0.091,0.099,True,20121,318528,318528,0,845220,0.07268160272252157,57408,647,94892,,4.716067789871278,"{""alpha"": 1.0, ""block_cap"": 0.35, ""init"": ""rr"", ""mu"": 1.0, ""nu"": 0.5, ""subgraph_mode"": ""op""}",False,
case_094,3,3,4,capls,c16,0,0.08,0.093,True,24283,318528,318528,0,845220,0.1640805412632176,129600,647,94892,,3.9077543960795618,"{""alpha"": 0.8, ""block_cap"": 0.35, ""init"": ""rr"", ""mu"": 0.0, ""nu"": 0.0, ""subgraph_mode"": ""op""}",False,
case_094,3,3,4,capls,c17,0,0.104,0.098,True,29497,942944,942944,0,1469636,0.2586216873047101,286048,647,94892,,3.2170051191646607,"{""alpha"": 0.8, ""block_cap"": 0.15, ""init"": ""rr"", ""mu"": 1.0, ""nu"": 0.5, ""subgraph_mode"": ""op""}",False,
case_094,3,3,4,capls,_best,0,0.098,0.099,True,20121,318528,318528,0,845220,0.07268160272252157,57408,647,94892,,4.716067789871278,"{""alpha"": 0.8, ""block_cap"": 0.35, ""init"": ""rr"", ""mu"": 1.0, ""nu"": 0.5, ""subgraph_mode"": ""op""}",True,results\plans\case_094_p3_n4_capls_best.json
case_094,3,3,5,capls,c0,0,0.03,0.116,True,23404,259200,259200,0,785892,0.2282622979543563,166752,5,94892,,4.054520594770125,"{""block_cap"": 0.35}",False,
case_094,3,3,5,capls,c1,0,0.098,0.125,True,33985,822112,822112,0,1348804,0.28305075037232214,316256,13,94892,,2.792173017507724,"{""block_cap"": 0.15}",False,
case_094,3,3,5,capls,c2,0,0.067,0.115,True,21487,425088,425088,0,951780,0.3097133473744333,277632,5,94892,,4.416251687066598,"{""block_cap"": 0.35, ""init"": ""rr""}",False,
case_094,3,3,5,capls,c3,0,0.064,0.137,True,24616,101376,101376,0,628068,0.08850645359557467,50688,5,94892,,3.8548911277218068,"{""block_cap"": 0.35, ""init"": ""contig""}",False,
case_094,3,3,5,capls,c4,0,0.041,0.136,True,23596,259200,259200,0,785892,0.10210696920583469,74592,40,94892,,4.02152907272419,"{""block_cap"": 0.35, ""subgraph_mode"": ""block""}",False,
case_094,3,3,5,capls,c5,0,0.066,0.106,True,20601,425088,425088,0,951780,0.22746581944097383,203904,40,94892,,4.606184165817194,"{""block_cap"": 0.35, ""init"": ""rr"", ""subgraph_mode"": ""block""}",False,
case_094,3,3,5,capls,c6,0,0.042,0.116,True,23404,259200,259200,0,785892,0.2282622979543563,166752,5,94892,,4.054520594770125,"{""block_cap"": 0.6, ""comm_weight"": 1e-06}",False,
case_094,3,3,5,capls,c7,0,0.113,0.122,True,27250,732000,732000,0,1258692,0.35641327225454994,368480,10,94892,,3.482275229357798,"{""block_cap"": 0.08}",False,
case_094,3,3,5,capls,c8,0,0.217,0.154,True,36402,1009520,1009520,0,1536212,0.2390881918584521,270688,14,94892,,2.6067798472611394,"{""block_cap"": 0.005}",False,
case_094,3,3,5,capls,c9,0,0.037,0.116,True,23404,259200,259200,0,785892,0.2282622979543563,166752,5,94892,,4.054520594770125,"{""block_cap"": 0.35, ""max_ops"": 500}",False,
case_094,3,3,5,capls,c10,0,0.032,0.106,True,27634,318816,318816,0,845508,0.2751903450510287,217440,4,94892,,3.4338857928638635,"{""block_cap"": 0.35, ""cores_used"": 4}",False,
case_094,3,3,5,capls,c11,0,0.04,0.116,True,23404,259200,259200,0,785892,0.2282622979543563,166752,5,94892,,4.054520594770125,"{""block_cap"": 0.35, ""sync_weight"": 0.0}",False,
case_094,3,3,5,capls,c12,0,0.074,0.115,True,21487,425088,425088,0,951780,0.3097133473744333,277632,5,94892,,4.416251687066598,"{""block_cap"": 0.35, ""init"": ""rr"", ""level_mode"": ""alap_fill""}",False,
case_094,3,3,5,capls,c13,0,0.061,0.115,True,21487,425088,425088,0,951780,0.3097133473744333,277632,5,94892,,4.416251687066598,"{""block_cap"": 0.35, ""init"": ""rr"", ""level_mode"": ""alap_compress""}",False,
case_094,3,3,5,capls,c14,0,0.074,0.112,True,19192,425088,425088,0,951780,0.2391389711919466,214368,647,94892,,4.9443518132555235,"{""alpha"": 0.8, ""block_cap"": 0.35, ""init"": ""rr"", ""mu"": 1.0, ""nu"": 0.5, ""subgraph_mode"": ""op""}",True,
case_094,3,3,5,capls,c15,0,0.079,0.112,True,19192,425088,425088,0,951780,0.2391389711919466,214368,647,94892,,4.9443518132555235,"{""alpha"": 1.0, ""block_cap"": 0.35, ""init"": ""rr"", ""mu"": 1.0, ""nu"": 0.5, ""subgraph_mode"": ""op""}",False,
case_094,3,3,5,capls,c16,0,0.09,0.095,True,20981,425088,425088,0,951780,0.26344911291186235,236160,647,94892,,4.52275868643058,"{""alpha"": 0.8, ""block_cap"": 0.35, ""init"": ""rr"", ""mu"": 0.0, ""nu"": 0.0, ""subgraph_mode"": ""op""}",False,
case_094,3,3,5,capls,c17,0,0.144,0.13,True,31006,1206848,1206848,0,1733540,0.3896401230593117,522816,647,94892,,3.0604399148551895,"{""alpha"": 0.8, ""block_cap"": 0.15, ""init"": ""rr"", ""mu"": 1.0, ""nu"": 0.5, ""subgraph_mode"": ""op""}",False,
case_094,3,3,5,capls,_best,0,0.095,0.112,True,19192,425088,425088,0,951780,0.2391389711919466,214368,647,94892,,4.9443518132555235,"{""alpha"": 0.8, ""block_cap"": 0.35, ""init"": ""rr"", ""mu"": 1.0, ""nu"": 0.5, ""subgraph_mode"": ""op""}",True,results\plans\case_094_p3_n5_capls_best.json
case_076,3,3,3,capls,c0,0,1.041,15.934,True,2053973,30393344,6379520,24013824,34664018,0.2961595273264402,10265600,3,6185113,,3.0112922613880513,"{""block_cap"": 0.35}",False,
case_076,3,3,3,capls,c1,0,1.065,15.934,True,2053973,30393344,6379520,24013824,34664018,0.2961595273264402,10265600,3,6185113,,3.0112922613880513,"{""block_cap"": 0.15}",False,
case_076,3,3,3,capls,c2,0,1.49,16.571,True,2053054,30402560,6379520,24023040,34673234,0.30461620248678345,10561536,3,6185113,,3.0126401935847764,"{""block_cap"": 0.35, ""init"": ""rr""}",True,
case_076,3,3,3,capls,c3,0,1.361,14.43,True,2080874,25326592,3330048,21996544,29597266,0.1351463566535188,3999744,3,6185113,,2.972363055139331,"{""block_cap"": 0.35, ""init"": ""contig""}",False,
case_076,3,3,3,capls,c4,0,1.023,15.368,True,2088917,24473600,6379520,18094080,28744274,0.3927108197655777,11287552,391,6185113,,2.960918504660549,"{""block_cap"": 0.35, ""subgraph_mode"": ""block""}",False,
case_076,3,3,3,capls,c5,0,1.63,14.066,True,2087965,24633344,6379520,18253824,28904018,0.39181576616474756,11324416,391,6185113,,2.9622685246160736,"{""block_cap"": 0.35, ""init"": ""rr"", ""subgraph_mode"": ""block""}",False,
case_076,3,3,3,capls,c6,0,1.009,15.934,True,2053973,30393344,6379520,24013824,34664018,0.2961595273264402,10265600,3,6185113,,3.0112922613880513,"{""block_cap"": 0.6, ""comm_weight"": 1e-06}",False,
case_076,3,3,3,capls,c7,0,0.933,15.934,True,2053973,30393344,6379520,24013824,34664018,0.2961595273264402,10265600,3,6185113,,3.0112922613880513,"{""block_cap"": 0.08}",False,
case_076,3,3,3,capls,c8,0,0.837,15.156,True,2140964,34824200,20621320,14202880,39094874,0.3973908341984878,12633088,8,6185113,,2.8889383473986485,"{""block_cap"": 0.005}",False,
case_076,3,3,3,capls,c9,0,1.05,14.121,True,2078026,25248768,6379520,18869248,29519442,0.38297502865279753,11291648,66,6185113,,2.97643677220593,"{""block_cap"": 0.35, ""max_ops"": 500}",False,
case_076,3,3,3,capls,c10,0,0.656,10.753,True,3070431,28930048,3189760,25740288,33200722,0.24308318682335522,8070144,2,6185113,,2.014411983203661,"{""block_cap"": 0.35, ""cores_used"": 2}",False,
case_076,3,3,3,capls,c11,0,1.018,15.934,True,2053973,30393344,6379520,24013824,34664018,0.2961595273264402,10265600,3,6185113,,3.0112922613880513,"{""block_cap"": 0.35, ""sync_weight"": 0.0}",False,
case_076,3,3,3,capls,c12,0,1.591,16.571,True,2053054,30402560,6379520,24023040,34673234,0.30461620248678345,10561536,3,6185113,,3.0126401935847764,"{""block_cap"": 0.35, ""init"": ""rr"", ""level_mode"": ""alap_fill""}",False,
case_076,3,3,3,capls,c13,0,1.604,16.571,True,2053054,30402560,6379520,24023040,34673234,0.30461620248678345,10561536,3,6185113,,3.0126401935847764,"{""block_cap"": 0.35, ""init"": ""rr"", ""level_mode"": ""alap_compress""}",False,
case_076,3,3,3,capls,c14,0,5.089,19.626,True,4081151,172109824,6379520,165730304,176380498,0.10800236856574885,10459136,32528,6185113,,1.5155315252976427,"{""alpha"": 0.8, ""block_cap"": 0.35, ""init"": ""rr"", ""mu"": 1.0, ""nu"": 0.5, ""subgraph_mode"": ""op""}",False,
case_076,3,3,3,capls,c15,0,4.955,19.919,True,4076982,172109824,6379520,165730304,176380498,0.107981220657277,10457088,32528,6185113,,1.517081262561375,"{""alpha"": 1.0, ""block_cap"": 0.35, ""init"": ""rr"", ""mu"": 1.0, ""nu"": 0.5, ""subgraph_mode"": ""op""}",False,
case_076,3,3,3,capls,c16,0,5.286,20.734,True,4114014,172109824,6379520,165730304,176380498,0.1075371145793681,10414080,32528,6185113,,1.5034253651057095,"{""alpha"": 0.8, ""block_cap"": 0.35, ""init"": ""rr"", ""mu"": 0.0, ""nu"": 0.0, ""subgraph_mode"": ""op""}",False,
case_076,3,3,3,capls,c17,0,5.182,19.626,True,4081151,172109824,6379520,165730304,176380498,0.10800236856574885,10459136,32528,6185113,,1.5155315252976427,"{""alpha"": 0.8, ""block_cap"": 0.15, ""init"": ""rr"", ""mu"": 1.0, ""nu"": 0.5, ""subgraph_mode"": ""op""}",False,
case_076,3,3,3,capls,_best,0,1.694,16.571,True,2053054,30402560,6379520,24023040,34673234,0.30461620248678345,10561536,3,6185113,,3.0126401935847764,"{""block_cap"": 0.35, ""init"": ""rr""}",True,results\plans\case_076_p3_n3_capls_best.json
case_096,2,2,2,capls,c0,0,0.022,0.375,True,51438,124748,124748,0,344306,,,5,84194,,1.6368054745518876,"{""block_cap"": 0.35}",False,
case_096,2,2,2,capls,c1,0,0.042,0.203,True,52269,375116,375116,0,594674,,,12,84194,,1.6107826818955786,"{""block_cap"": 0.15}",False,
case_096,2,2,2,capls,c2,0,0.05,0.194,True,52071,124748,124748,0,344306,,,5,84194,,1.6169076837395095,"{""block_cap"": 0.35, ""init"": ""rr""}",False,
case_096,2,2,2,capls,c3,0,0.037,0.369,True,47595,112644,112644,0,332202,,,3,84194,,1.7689673285008929,"{""block_cap"": 0.35, ""init"": ""contig""}",False,
case_096,2,2,2,capls,c4,0,0.032,0.201,True,52337,124748,124748,0,344306,,,53,84194,,1.6086898370177887,"{""block_cap"": 0.35, ""subgraph_mode"": ""block""}",False,
case_096,2,2,2,capls,c5,0,0.042,0.17,True,65785,124748,124748,0,344306,,,53,84194,,1.279835828836361,"{""block_cap"": 0.35, ""init"": ""rr"", ""subgraph_mode"": ""block""}",False,
case_096,2,2,2,capls,c6,0,0.016,0.164,True,44237,0,0,0,219558,,,2,84194,,1.9032484119628366,"{""block_cap"": 0.6, ""comm_weight"": 1e-06}",False,
case_096,2,2,2,capls,c7,0,0.038,0.381,True,53587,383368,383368,0,602926,,,12,84194,,1.5711646481422734,"{""block_cap"": 0.08}",False,
case_096,2,2,2,capls,c8,0,0.227,0.268,True,61566,861372,861372,0,1080930,,,27,84194,,1.3675405256147874,"{""block_cap"": 0.005}",False,
case_096,2,2,2,capls,c9,0,0.025,0.375,True,51438,124748,124748,0,344306,,,5,84194,,1.6368054745518876,"{""block_cap"": 0.35, ""max_ops"": 500}",False,
case_096,2,2,2,capls,c10,0,0.006,0.212,True,84194,0,0,0,219558,,,1,84194,,1.0,"{""block_cap"": 0.35, ""cores_used"": 1}",False,
case_096,2,2,2,capls,c11,0,0.033,0.375,True,51438,124748,124748,0,344306,,,5,84194,,1.6368054745518876,"{""block_cap"": 0.35, ""sync_weight"": 0.0}",False,
case_096,2,2,2,capls,c12,0,0.039,0.139,True,41013,124748,124748,0,344306,,,8,84194,,2.0528612878843293,"{""block_cap"": 0.35, ""init"": ""rr"", ""level_mode"": ""alap_fill""}",False,
case_096,2,2,2,capls,c13,0,0.045,0.139,True,41013,124748,124748,0,344306,,,8,84194,,2.0528612878843293,"{""block_cap"": 0.35, ""init"": ""rr"", ""level_mode"": ""alap_compress""}",False,
case_096,2,2,2,capls,c14,0,0.129,0.294,True,40994,124748,124748,0,344306,,,1198,84194,,2.0538127530858175,"{""alpha"": 0.8, ""block_cap"": 0.35, ""init"": ""rr"", ""mu"": 1.0, ""nu"": 0.5, ""subgraph_mode"": ""op""}",True,
case_096,2,2,2,capls,c15,0,0.151,0.176,True,41166,124748,124748,0,344306,,,1198,84194,,2.0452315017247242,"{""alpha"": 1.0, ""block_cap"": 0.35, ""init"": ""rr"", ""mu"": 1.0, ""nu"": 0.5, ""subgraph_mode"": ""op""}",False,
case_096,2,2,2,capls,c16,0,0.147,0.171,True,46485,124748,124748,0,344306,,,1198,84194,,1.8112079165322148,"{""alpha"": 0.8, ""block_cap"": 0.35, ""init"": ""rr"", ""mu"": 0.0, ""nu"": 0.0, ""subgraph_mode"": ""op""}",False,
case_096,2,2,2,capls,c17,0,0.171,0.252,True,46363,417868,417868,0,637426,,,1198,84194,,1.815973944740418,"{""alpha"": 0.8, ""block_cap"": 0.15, ""init"": ""rr"", ""mu"": 1.0, ""nu"": 0.5, ""subgraph_mode"": ""op""}",False,
case_096,2,2,2,capls,_best,0,0.145,0.294,True,40994,124748,124748,0,344306,,,1198,84194,,2.0538127530858175,"{""alpha"": 0.8, ""block_cap"": 0.35, ""init"": ""rr"", ""mu"": 1.0, ""nu"": 0.5, ""subgraph_mode"": ""op""}",True,results\plans\case_096_p2_n2_capls_best.json
case_096,2,2,3,capls,c0,0,0.051,0.876,True,44943,571660,571660,0,791218,,,19,84194,,1.873350688650068,"{""block_cap"": 0.35}",False,
case_096,2,2,3,capls,c1,0,0.063,0.282,True,47370,652572,652572,0,872130,,,22,84194,,1.7773696432341144,"{""block_cap"": 0.15}",False,
case_096,2,2,3,capls,c2,0,0.084,0.213,True,42961,647436,647436,0,866994,,,19,84194,,1.95977747259142,"{""block_cap"": 0.35, ""init"": ""rr""}",False,
case_096,2,2,3,capls,c3,0,0.097,0.179,True,33260,125704,125704,0,345262,,,5,84194,,2.5313890559230305,"{""block_cap"": 0.35, ""init"": ""contig""}",True,
case_096,2,2,3,capls,c4,0,0.038,0.246,True,74852,571660,571660,0,791218,,,143,84194,,1.1248062844012183,"{""block_cap"": 0.35, ""subgraph_mode"": ""block""}",False,
case_096,2,2,3,capls,c5,0,0.124,0.226,True,82695,647436,647436,0,866994,,,143,84194,,1.0181268516838986,"{""block_cap"": 0.35, ""init"": ""rr"", ""subgraph_mode"": ""block""}",False,
case_096,2,2,3,capls,c6,0,0.029,0.173,True,44292,247756,247756,0,467314,,,6,84194,,1.9008850356723561,"{""block_cap"": 0.6, ""comm_weight"": 1e-06}",False,
case_096,2,2,3,capls,c7,0,0.054,0.226,True,43053,692680,692680,0,912238,,,27,84194,,1.9555896220936984,"{""block_cap"": 0.08}",False,
case_096,2,2,3,capls,c8,0,0.317,0.275,True,60321,1026068,1026068,0,1245626,,,55,84194,,1.3957659853119146,"{""block_cap"": 0.005}",False,
case_096,2,2,3,capls,c9,0,0.057,0.876,True,44943,571660,571660,0,791218,,,19,84194,,1.873350688650068,"{""block_cap"": 0.35, ""max_ops"": 500}",False,
case_096,2,2,3,capls,c10,0,0.033,0.205,True,51438,124748,124748,0,344306,,,5,84194,,1.6368054745518876,"{""block_cap"": 0.35, ""cores_used"": 2}",False,
case_096,2,2,3,capls,c11,0,0.045,0.876,True,44943,571660,571660,0,791218,,,19,84194,,1.873350688650068,"{""block_cap"": 0.35, ""sync_weight"": 0.0}",False,
case_096,2,2,3,capls,c12,0,0.094,0.192,True,41746,647436,647436,0,866994,,,24,84194,,2.016815982369568,"{""block_cap"": 0.35, ""init"": ""rr"", ""level_mode"": ""alap_fill""}",False,
case_096,2,2,3,capls,c13,0,0.079,0.192,True,41746,647436,647436,0,866994,,,24,84194,,2.016815982369568,"{""block_cap"": 0.35, ""init"": ""rr"", ""level_mode"": ""alap_compress""}",False,
case_096,2,2,3,capls,c14,0,0.196,0.209,True,40691,647436,647436,0,866994,,,1198,84194,,2.0691061905581085,"{""alpha"": 0.8, ""block_cap"": 0.35, ""init"": ""rr"", ""mu"": 1.0, ""nu"": 0.5, ""subgraph_mode"": ""op""}",False,
case_096,2,2,3,capls,c15,0,0.151,0.209,True,40691,647436,647436,0,866994,,,1198,84194,,2.0691061905581085,"{""alpha"": 1.0, ""block_cap"": 0.35, ""init"": ""rr"", ""mu"": 1.0, ""nu"": 0.5, ""subgraph_mode"": ""op""}",False,
case_096,2,2,3,capls,c16,0,0.178,0.179,True,39199,647436,647436,0,866994,,,1198,84194,,2.1478609148192556,"{""alpha"": 0.8, ""block_cap"": 0.35, ""init"": ""rr"", ""mu"": 0.0, ""nu"": 0.0, ""subgraph_mode"": ""op""}",False,
case_096,2,2,3,capls,c17,0,0.205,0.297,True,33288,700884,700884,0,920442,,,1198,84194,,2.529259793318914,"{""alpha"": 0.8, ""block_cap"": 0.15, ""init"": ""rr"", ""mu"": 1.0, ""nu"": 0.5, ""subgraph_mode"": ""op""}",False,
case_096,2,2,3,capls,_best,0,0.131,0.179,True,33260,125704,125704,0,345262,,,5,84194,,2.5313890559230305,"{""block_cap"": 0.35, ""init"": ""contig""}",True,results\plans\case_096_p2_n3_capls_best.json
case_076,2,2,4,capls,c0,0,1.274,12.59,True,1533331,32051200,9561088,22490112,36321874,,,4,6185113,,4.033775486180088,"{""block_cap"": 0.35}",True,
case_076,2,2,4,capls,c1,0,1.426,12.59,True,1533331,32051200,9561088,22490112,36321874,,,4,6185113,,4.033775486180088,"{""block_cap"": 0.15}",False,
case_076,2,2,4,capls,c2,0,2.228,12.595,True,1544142,32135168,9569280,22565888,36405842,,,4,6185113,,4.005533817485698,"{""block_cap"": 0.35, ""init"": ""rr""}",False,
case_076,2,2,4,capls,c3,0,2.009,11.303,True,1560459,25346048,5854208,19491840,29616722,,,4,6185113,,3.9636497979120247,"{""block_cap"": 0.35, ""init"": ""contig""}",False,
case_076,2,2,4,capls,c4,0,1.333,12.155,True,1576856,26880000,9561088,17318912,31150674,,,391,6185113,,3.9224336274206397,"{""block_cap"": 0.35, ""subgraph_mode"": ""block""}",False,
case_076,2,2,4,capls,c5,0,2.197,12.701,True,1585578,26783744,9569280,17214464,31054418,,,391,6185113,,3.9008569745543897,"{""block_cap"": 0.35, ""init"": ""rr"", ""subgraph_mode"": ""block""}",False,
case_076,2,2,4,capls,c6,0,1.201,12.59,True,1533331,32051200,9561088,22490112,36321874,,,4,6185113,,4.033775486180088,"{""block_cap"": 0.6, ""comm_weight"": 1e-06}",False,
case_076,2,2,4,capls,c7,0,1.032,10.929,True,1541078,37361664,12223488,25138176,41632338,,,4,6185113,,4.013497694471013,"{""block_cap"": 0.08}",False,
case_076,2,2,4,capls,c8,0,1.017,13.789,True,1635539,38667284,24730644,13936640,42937958,,,10,6185113,,3.7816970429931662,"{""block_cap"": 0.005}",False,
case_076,2,2,4,capls,c9,0,1.38,14.181,True,1560774,27403264,9561088,17842176,31673938,,,68,6185113,,3.962849842449964,"{""block_cap"": 0.35, ""max_ops"": 500}",False,
case_076,2,2,4,capls,c10,0,1.016,11.055,True,2057281,30393344,6379520,24013824,34664018,,,3,6185113,,3.0064502612914814,"{""block_cap"": 0.35, ""cores_used"": 3}",False,
case_076,2,2,4,capls,c11,0,1.277,12.59,True,1533331,32051200,9561088,22490112,36321874,,,4,6185113,,4.033775486180088,"{""block_cap"": 0.35, ""sync_weight"": 0.0}",False,
case_076,2,2,4,capls,c12,0,2.198,12.595,True,1544142,32135168,9569280,22565888,36405842,,,4,6185113,,4.005533817485698,"{""block_cap"": 0.35, ""init"": ""rr"", ""level_mode"": ""alap_fill""}",False,
case_076,2,2,4,capls,c13,0,2.359,12.595,True,1544142,32135168,9569280,22565888,36405842,,,4,6185113,,4.005533817485698,"{""block_cap"": 0.35, ""init"": ""rr"", ""level_mode"": ""alap_compress""}",False,
case_076,2,2,4,capls,c14,0,5.685,19.098,True,3436804,167268352,9569280,157699072,171539026,,,32528,6185113,,1.7996699840898696,"{""alpha"": 0.8, ""block_cap"": 0.35, ""init"": ""rr"", ""mu"": 1.0, ""nu"": 0.5, ""subgraph_mode"": ""op""}",False,
case_076,2,2,4,capls,c15,0,5.428,18.33,True,3436146,167268352,9569280,157699072,171539026,,,32528,6185113,,1.80001460939087,"{""alpha"": 1.0, ""block_cap"": 0.35, ""init"": ""rr"", ""mu"": 1.0, ""nu"": 0.5, ""subgraph_mode"": ""op""}",False,
case_076,2,2,4,capls,c16,0,5.19,19.317,True,3434433,167268352,9569280,157699072,171539026,,,32528,6185113,,1.8009124067932027,"{""alpha"": 0.8, ""block_cap"": 0.35, ""init"": ""rr"", ""mu"": 0.0, ""nu"": 0.0, ""subgraph_mode"": ""op""}",False,
case_076,2,2,4,capls,c17,0,6.22,19.098,True,3436804,167268352,9569280,157699072,171539026,,,32528,6185113,,1.7996699840898696,"{""alpha"": 0.8, ""block_cap"": 0.15, ""init"": ""rr"", ""mu"": 1.0, ""nu"": 0.5, ""subgraph_mode"": ""op""}",False,
case_076,2,2,4,capls,_best,0,1.447,12.59,True,1533331,32051200,9561088,22490112,36321874,,,4,6185113,,4.033775486180088,"{""block_cap"": 0.35}",True,results\plans\case_076_p2_n4_capls_best.json
case_096,3,3,2,capls,c0,0,0.027,0.37,True,51438,124748,124748,0,344306,0.3723440457071898,124736,5,84194,,1.6368054745518876,"{""block_cap"": 0.35}",False,
case_096,3,3,2,capls,c1,0,0.04,0.197,True,52269,375116,375116,0,594674,0.19311246915729885,90944,12,84194,,1.6107826818955786,"{""block_cap"": 0.15}",False,
case_096,3,3,2,capls,c2,0,0.042,0.199,True,52071,124748,124748,0,344306,0.3723440457071898,124736,5,84194,,1.6169076837395095,"{""block_cap"": 0.35, ""init"": ""rr""}",False,
case_096,3,3,2,capls,c3,0,0.042,0.353,True,47595,112644,112644,0,332202,0.348836489089569,112640,3,84194,,1.7689673285008929,"{""block_cap"": 0.35, ""init"": ""contig""}",False,
case_096,3,3,2,capls,c4,0,0.033,0.211,True,52337,124748,124748,0,344306,0.3723440457071898,124736,53,84194,,1.6086898370177887,"{""block_cap"": 0.35, ""subgraph_mode"": ""block""}",False,
case_096,3,3,2,capls,c5,0,0.038,0.186,True,65785,124748,124748,0,344306,0.3723440457071898,124736,53,84194,,1.279835828836361,"{""block_cap"": 0.35, ""init"": ""rr"", ""subgraph_mode"": ""block""}",False,
case_096,3,3,2,capls,c6,0,0.022,0.217,True,44237,0,0,0,219558,0.0,0,2,84194,,1.9032484119628366,"{""block_cap"": 0.6, ""comm_weight"": 1e-06}",False,
case_096,3,3,2,capls,c7,0,0.043,0.428,True,53587,383368,383368,0,602926,0.3114718287375443,148288,12,84194,,1.5711646481422734,"{""block_cap"": 0.08}",False,
case_096,3,3,2,capls,c8,0,0.211,0.278,True,61219,861372,861372,0,1080930,0.15960260146727348,111168,27,84194,,1.3752919845146114,"{""block_cap"": 0.005}",False,
case_096,3,3,2,capls,c9,0,0.027,0.37,True,51438,124748,124748,0,344306,0.3723440457071898,124736,5,84194,,1.6368054745518876,"{""block_cap"": 0.35, ""max_ops"": 500}",False,
case_096,3,3,2,capls,c10,0,0.006,0.195,True,84194,0,0,0,219558,0.0,0,1,84194,,1.0,"{""block_cap"": 0.35, ""cores_used"": 1}",False,
case_096,3,3,2,capls,c11,0,0.022,0.37,True,51438,124748,124748,0,344306,0.3723440457071898,124736,5,84194,,1.6368054745518876,"{""block_cap"": 0.35, ""sync_weight"": 0.0}",False,
case_096,3,3,2,capls,c12,0,0.031,0.146,True,41013,124748,124748,0,344306,0.3723440457071898,124736,8,84194,,2.0528612878843293,"{""block_cap"": 0.35, ""init"": ""rr"", ""level_mode"": ""alap_fill""}",False,
case_096,3,3,2,capls,c13,0,0.031,0.146,True,41013,124748,124748,0,344306,0.3723440457071898,124736,8,84194,,2.0528612878843293,"{""block_cap"": 0.35, ""init"": ""rr"", ""level_mode"": ""alap_compress""}",False,
case_096,3,3,2,capls,c14,0,0.101,0.123,True,40994,124748,124748,0,344306,0.317323478665799,106304,1198,84194,,2.0538127530858175,"{""alpha"": 0.8, ""block_cap"": 0.35, ""init"": ""rr"", ""mu"": 1.0, ""nu"": 0.5, ""subgraph_mode"": ""op""}",True,
case_096,3,3,2,capls,c15,0,0.156,0.176,True,41166,124748,124748,0,344306,0.317323478665799,106304,1198,84194,,2.0452315017247242,"{""alpha"": 1.0, ""block_cap"": 0.35, ""init"": ""rr"", ""mu"": 1.0, ""nu"": 0.5, ""subgraph_mode"": ""op""}",False,
case_096,3,3,2,capls,c16,0,0.118,0.248,True,46485,124748,124748,0,344306,0.3723440457071898,124736,1198,84194,,1.8112079165322148,"{""alpha"": 0.8, ""block_cap"": 0.35, ""init"": ""rr"", ""mu"": 0.0, ""nu"": 0.0, ""subgraph_mode"": ""op""}",False,
case_096,3,3,2,capls,c17,0,0.143,0.221,True,46363,417868,417868,0,637426,0.20805957261267116,97344,1198,84194,,1.815973944740418,"{""alpha"": 0.8, ""block_cap"": 0.15, ""init"": ""rr"", ""mu"": 1.0, ""nu"": 0.5, ""subgraph_mode"": ""op""}",False,
case_096,3,3,2,capls,_best,0,0.105,0.123,True,40994,124748,124748,0,344306,0.317323478665799,106304,1198,84194,,2.0538127530858175,"{""alpha"": 0.8, ""block_cap"": 0.35, ""init"": ""rr"", ""mu"": 1.0, ""nu"": 0.5, ""subgraph_mode"": ""op""}",True,results\plans\case_096_p3_n2_capls_best.json
case_096,2,2,4,capls,c0,0,0.235,0.253,True,46979,566092,566092,0,785650,,,21,84194,,1.7921624555652527,"{""block_cap"": 0.35}",False,
case_096,2,2,4,capls,c1,0,0.159,0.241,True,36512,572368,572368,0,791926,,,25,84194,,2.305926818580193,"{""block_cap"": 0.15}",False,
case_096,2,2,4,capls,c2,0,0.113,0.201,True,45148,558924,558924,0,778482,,,20,84194,,1.864844511384779,"{""block_cap"": 0.35, ""init"": ""rr""}",False,
case_096,2,2,4,capls,c3,0,0.141,0.471,True,42292,172164,172164,0,391722,,,8,84194,,1.9907783978057316,"{""block_cap"": 0.35, ""init"": ""contig""}",False,
case_096,2,2,4,capls,c4,0,0.1,0.193,True,67287,566092,566092,0,785650,,,143,84194,,1.2512669609285598,"{""block_cap"": 0.35, ""subgraph_mode"": ""block""}",False,
case_096,2,2,4,capls,c5,0,0.109,0.189,True,53858,558924,558924,0,778482,,,143,84194,,1.5632589401760184,"{""block_cap"": 0.35, ""init"": ""rr"", ""subgraph_mode"": ""block""}",False,
case_096,2,2,4,capls,c6,0,0.053,0.17,True,34771,316044,316044,0,535602,,,7,84194,,2.4213856374565013,"{""block_cap"": 0.6, ""comm_weight"": 1e-06}",False,
case_096,2,2,4,capls,c7,0,0.162,0.263,True,39597,638020,638020,0,857578,,,29,84194,,2.126272192337803,"{""block_cap"": 0.08}",False,
case_096,2,2,4,capls,c8,0,0.277,0.287,True,47310,936468,936468,0,1156026,,,58,84194,,1.7796237581906573,"{""block_cap"": 0.005}",False,
case_096,2,2,4,capls,c9,0,0.115,0.253,True,46979,566092,566092,0,785650,,,21,84194,,1.7921624555652527,"{""block_cap"": 0.35, ""max_ops"": 500}",False,
case_096,2,2,4,capls,c10,0,0.051,0.59,True,44943,571660,571660,0,791218,,,19,84194,,1.873350688650068,"{""block_cap"": 0.35, ""cores_used"": 3}",False,
case_096,2,2,4,capls,c11,0,0.095,0.151,True,48160,577612,577612,0,797170,,,25,84194,,1.7482142857142857,"{""block_cap"": 0.35, ""sync_weight"": 0.0}",False,
case_096,2,2,4,capls,c12,0,0.096,0.18,True,32001,558924,558924,0,778482,,,24,84194,,2.630980281866192,"{""block_cap"": 0.35, ""init"": ""rr"", ""level_mode"": ""alap_fill""}",False,
case_096,2,2,4,capls,c13,0,0.126,0.18,True,32001,558924,558924,0,778482,,,24,84194,,2.630980281866192,"{""block_cap"": 0.35, ""init"": ""rr"", ""level_mode"": ""alap_compress""}",False,
case_096,2,2,4,capls,c14,0,0.204,0.182,True,31451,558924,558924,0,778482,,,1198,84194,,2.6769896028743125,"{""alpha"": 0.8, ""block_cap"": 0.35, ""init"": ""rr"", ""mu"": 1.0, ""nu"": 0.5, ""subgraph_mode"": ""op""}",False,
case_096,2,2,4,capls,c15,0,0.172,0.182,True,31451,558924,558924,0,778482,,,1198,84194,,2.6769896028743125,"{""alpha"": 1.0, ""block_cap"": 0.35, ""init"": ""rr"", ""mu"": 1.0, ""nu"": 0.5, ""subgraph_mode"": ""op""}",False,
case_096,2,2,4,capls,c16,0,0.18,0.177,True,31249,558924,558924,0,778482,,,1198,84194,,2.6942942174149573,"{""alpha"": 0.8, ""block_cap"": 0.35, ""init"": ""rr"", ""mu"": 0.0, ""nu"": 0.0, ""subgraph_mode"": ""op""}",False,
case_096,2,2,4,capls,c17,0,0.197,0.327,True,28251,572628,572628,0,792186,,,1198,84194,,2.980213089802131,"{""alpha"": 0.8, ""block_cap"": 0.15, ""init"": ""rr"", ""mu"": 1.0, ""nu"": 0.5, ""subgraph_mode"": ""op""}",True,
case_096,2,2,4,capls,_best,0,0.184,0.327,True,28251,572628,572628,0,792186,,,1198,84194,,2.980213089802131,"{""alpha"": 0.8, ""block_cap"": 0.15, ""init"": ""rr"", ""mu"": 1.0, ""nu"": 0.5, ""subgraph_mode"": ""op""}",True,results\plans\case_096_p2_n4_capls_best.json
case_096,3,3,3,capls,c0,0,0.04,0.232,True,44943,571660,571660,0,791218,0.3723030905303193,225536,19,84194,,1.873350688650068,"{""block_cap"": 0.35}",False,
case_096,3,3,3,capls,c1,0,0.062,0.273,True,47370,652572,652572,0,872130,0.4434135312054573,299266,22,84194,,1.7773696432341144,"{""block_cap"": 0.15}",False,
case_096,3,3,3,capls,c2,0,0.081,0.286,True,42892,647436,647436,0,866994,0.41304616125585103,274432,19,84194,,1.962930150144549,"{""block_cap"": 0.35, ""init"": ""rr""}",False,
case_096,3,3,3,capls,c3,0,0.119,0.214,True,33260,125704,125704,0,345262,0.3203857223684534,104192,5,84194,,2.5313890559230305,"{""block_cap"": 0.35, ""init"": ""contig""}",True,
case_096,3,3,3,capls,c4,0,0.047,1.236,True,74826,571660,571660,0,791218,0.39934894500698265,241920,143,84194,,1.1251971239943335,"{""block_cap"": 0.35, ""subgraph_mode"": ""block""}",False,
case_096,3,3,3,capls,c5,0,0.072,0.176,True,82561,647436,647436,0,866994,0.43886154633434177,291584,143,84194,,1.0197793146885332,"{""block_cap"": 0.35, ""init"": ""rr"", ""subgraph_mode"": ""block""}",False,
case_096,3,3,3,capls,c6,0,0.031,0.182,True,44292,247756,247756,0,467314,0.4604266282395581,210880,6,84194,,1.9008850356723561,"{""block_cap"": 0.6, ""comm_weight"": 1e-06}",False,
case_096,3,3,3,capls,c7,0,0.041,0.247,True,41400,692680,692680,0,912238,0.4028218868011687,279046,27,84194,,2.033671497584541,"{""block_cap"": 0.08}",False,
case_096,3,3,3,capls,c8,0,0.27,0.219,True,58711,1121168,1121168,0,1340726,0.26399105710209214,237574,60,84194,,1.4340413210471632,"{""block_cap"": 0.005}",False,
case_096,3,3,3,capls,c9,0,0.048,0.232,True,44943,571660,571660,0,791218,0.3723030905303193,225536,19,84194,,1.873350688650068,"{""block_cap"": 0.35, ""max_ops"": 500}",False,
case_096,3,3,3,capls,c10,0,0.036,0.204,True,51438,124748,124748,0,344306,0.3723440457071898,124736,5,84194,,1.6368054745518876,"{""block_cap"": 0.35, ""cores_used"": 2}",False,
case_096,3,3,3,capls,c11,0,0.05,0.232,True,44943,571660,571660,0,791218,0.3723030905303193,225536,19,84194,,1.873350688650068,"{""block_cap"": 0.35, ""sync_weight"": 0.0}",False,
case_096,3,3,3,capls,c12,0,0.073,0.197,True,41639,647436,647436,0,866994,0.4419439803735645,293632,24,84194,,2.0219986070750977,"{""block_cap"": 0.35, ""init"": ""rr"", ""level_mode"": ""alap_fill""}",False,
case_096,3,3,3,capls,c13,0,0.09,0.197,True,41639,647436,647436,0,866994,0.4419439803735645,293632,24,84194,,2.0219986070750977,"{""block_cap"": 0.35, ""init"": ""rr"", ""level_mode"": ""alap_compress""}",False,
case_096,3,3,3,capls,c14,0,0.176,0.218,True,40689,647436,647436,0,866994,0.3431134389909845,227968,1198,84194,,2.0692078940254124,"{""alpha"": 0.8, ""block_cap"": 0.35, ""init"": ""rr"", ""mu"": 1.0, ""nu"": 0.5, ""subgraph_mode"": ""op""}",False,
case_096,3,3,3,capls,c15,0,0.158,0.218,True,40689,647436,647436,0,866994,0.3431134389909845,227968,1198,84194,,2.0692078940254124,"{""alpha"": 1.0, ""block_cap"": 0.35, ""init"": ""rr"", ""mu"": 1.0, ""nu"": 0.5, ""subgraph_mode"": ""op""}",False,
case_096,3,3,3,capls,c16,0,0.174,0.201,True,39199,647436,647436,0,866994,0.37798347405969207,251136,1198,84194,,2.1478609148192556,"{""alpha"": 0.8, ""block_cap"": 0.35, ""init"": ""rr"", ""mu"": 0.0, ""nu"": 0.0, ""subgraph_mode"": ""op""}",False,
case_096,3,3,3,capls,c17,0,0.212,0.289,True,33288,700884,700884,0,920442,0.3390443234727321,241030,1198,84194,,2.529259793318914,"{""alpha"": 0.8, ""block_cap"": 0.15, ""init"": ""rr"", ""mu"": 1.0, ""nu"": 0.5, ""subgraph_mode"": ""op""}",False,
case_096,3,3,3,capls,_best,0,0.153,0.214,True,33260,125704,125704,0,345262,0.3203857223684534,104192,5,84194,,2.5313890559230305,"{""block_cap"": 0.35, ""init"": ""contig""}",True,results\plans\case_096_p3_n3_capls_best.json
case_096,2,2,5,capls,c0,0,0.253,0.213,True,35535,538364,538364,0,757922,,,29,84194,,2.369326016603349,"{""block_cap"": 0.35}",False,
case_096,2,2,5,capls,c1,0,0.163,0.218,True,34410,594672,594672,0,814230,,,28,84194,,2.446788724208079,"{""block_cap"": 0.15}",False,
case_096,2,2,5,capls,c2,0,0.139,0.512,True,37091,597692,597692,0,817250,,,29,84194,,2.26993071095414,"{""block_cap"": 0.35, ""init"": ""rr""}",False,
case_096,2,2,5,capls,c3,0,0.137,0.198,True,33200,320936,320936,0,540494,,,10,84194,,2.5359638554216866,"{""block_cap"": 0.35, ""init"": ""contig""}",False,
case_096,2,2,5,capls,c4,0,0.158,0.239,True,73322,538364,538364,0,757922,,,147,84194,,1.1482774610621642,"{""block_cap"": 0.35, ""subgraph_mode"": ""block""}",False,
case_096,2,2,5,capls,c5,0,0.154,0.231,True,78449,597692,597692,0,817250,,,147,84194,,1.0732322910425882,"{""block_cap"": 0.35, ""init"": ""rr"", ""subgraph_mode"": ""block""}",False,
case_096,2,2,5,capls,c6,0,0.201,0.244,True,38725,519628,519628,0,739186,,,24,84194,,2.174151065203357,"{""block_cap"": 0.6, ""comm_weight"": 1e-06}",False,
case_096,2,2,5,capls,c7,0,0.181,0.206,True,26546,520128,520128,0,739686,,,30,84194,,3.171626610412115,"{""block_cap"": 0.08}",False,
case_096,2,2,5,capls,c8,0,0.245,0.321,True,58092,1052820,1052820,0,1272378,,,83,84194,,1.4493217654754527,"{""block_cap"": 0.005}",False,
case_096,2,2,5,capls,c9,0,0.162,0.213,True,35535,538364,538364,0,757922,,,29,84194,,2.369326016603349,"{""block_cap"": 0.35, ""max_ops"": 500}",False,
case_096,2,2,5,capls,c10,0,0.082,0.521,True,46979,566092,566092,0,785650,,,21,84194,,1.7921624555652527,"{""block_cap"": 0.35, ""cores_used"": 4}",False,
case_096,2,2,5,capls,c11,0,0.101,0.199,True,34546,482252,482252,0,701810,,,31,84194,,2.4371562554275457,"{""block_cap"": 0.35, ""sync_weight"": 0.0}",False,
case_096,2,2,5,capls,c12,0,0.169,0.159,True,25104,597692,597692,0,817250,,,34,84194,,3.3538081580624604,"{""block_cap"": 0.35, ""init"": ""rr"", ""level_mode"": ""alap_fill""}",True,
case_096,2,2,5,capls,c13,0,0.19,0.159,True,25104,597692,597692,0,817250,,,34,84194,,3.3538081580624604,"{""block_cap"": 0.35, ""init"": ""rr"", ""level_mode"": ""alap_compress""}",False,
case_096,2,2,5,capls,c14,0,0.238,0.205,True,29132,597692,597692,0,817250,,,1198,84194,,2.890086502814774,"{""alpha"": 0.8, ""block_cap"": 0.35, ""init"": ""rr"", ""mu"": 1.0, ""nu"": 0.5, ""subgraph_mode"": ""op""}",False,
case_096,2,2,5,capls,c15,0,0.226,0.205,True,29132,597692,597692,0,817250,,,1198,84194,,2.890086502814774,"{""alpha"": 1.0, ""block_cap"": 0.35, ""init"": ""rr"", ""mu"": 1.0, ""nu"": 0.5, ""subgraph_mode"": ""op""}",False,
case_096,2,2,5,capls,c16,0,0.197,0.192,True,30423,597692,597692,0,817250,,,1198,84194,,2.767445682542813,"{""alpha"": 0.8, ""block_cap"": 0.35, ""init"": ""rr"", ""mu"": 0.0, ""nu"": 0.0, ""subgraph_mode"": ""op""}",False,
case_096,2,2,5,capls,c17,0,0.244,0.233,True,34429,611552,611552,0,831110,,,1198,84194,,2.4454384385256613,"{""alpha"": 0.8, ""block_cap"": 0.15, ""init"": ""rr"", ""mu"": 1.0, ""nu"": 0.5, ""subgraph_mode"": ""op""}",False,
case_096,2,2,5,capls,_best,0,0.182,0.159,True,25104,597692,597692,0,817250,,,34,84194,,3.3538081580624604,"{""block_cap"": 0.35, ""init"": ""rr"", ""level_mode"": ""alap_fill""}",True,results\plans\case_096_p2_n5_capls_best.json
case_096,3,3,4,capls,c0,0,0.075,0.273,True,38174,797836,797836,0,1017394,0.4897963197423574,398464,28,84194,,2.205532561429245,"{""block_cap"": 0.35}",False,
case_096,3,3,4,capls,c1,0,0.077,0.308,True,32157,756244,756244,0,975802,0.442331101246719,339398,28,84194,,2.6182168734645646,"{""block_cap"": 0.15}",False,
case_096,3,3,4,capls,c2,0,0.12,0.91,True,38823,765260,765260,0,984818,0.48193249330808907,369088,30,84194,,2.1686629060093243,"{""block_cap"": 0.35, ""init"": ""rr""}",False,
case_096,3,3,4,capls,c3,0,0.167,0.198,True,42292,172164,172164,0,391722,0.2849000986209414,104576,8,84194,,1.9907783978057316,"{""block_cap"": 0.35, ""init"": ""contig""}",False,
case_096,3,3,4,capls,c4,0,0.078,0.247,True,84126,797836,797836,0,1017394,0.550214497314174,447616,143,84194,,1.0008083113425101,"{""block_cap"": 0.35, ""subgraph_mode"": ""block""}",False,
case_096,3,3,4,capls,c5,0,0.105,0.219,True,63952,765260,765260,0,984818,0.5051641966442515,386880,143,84194,,1.3165186389792345,"{""block_cap"": 0.35, ""init"": ""rr"", ""subgraph_mode"": ""block""}",False,
case_096,3,3,4,capls,c6,0,0.056,0.211,True,34771,316044,316044,0,535602,0.37502707591516593,197376,7,84194,,2.4213856374565013,"{""block_cap"": 0.6, ""comm_weight"": 1e-06}",False,
case_096,3,3,4,capls,c7,0,0.073,0.267,True,38682,803412,803412,0,1022970,0.4139043038444467,330116,32,84194,,2.1765679127242645,"{""block_cap"": 0.08}",False,
case_096,3,3,4,capls,c8,0,0.299,0.279,True,42992,1103724,1103724,0,1323282,0.39670511598149616,381958,54,84194,,1.958364346855229,"{""block_cap"": 0.005}",False,
case_096,3,3,4,capls,c9,0,0.067,0.273,True,38174,797836,797836,0,1017394,0.4897963197423574,398464,28,84194,,2.205532561429245,"{""block_cap"": 0.35, ""max_ops"": 500}",False,
case_096,3,3,4,capls,c10,0,0.04,0.236,True,44943,571660,571660,0,791218,0.3723030905303193,225536,19,84194,,1.873350688650068,"{""block_cap"": 0.35, ""cores_used"": 3}",False,
case_096,3,3,4,capls,c11,0,0.048,0.273,True,38174,797836,797836,0,1017394,0.4897963197423574,398464,28,84194,,2.205532561429245,"{""block_cap"": 0.35, ""sync_weight"": 0.0}",False,
case_096,3,3,4,capls,c12,0,0.105,0.214,True,34528,765260,765260,0,984818,0.48193249330808907,369088,32,84194,,2.438426784059314,"{""block_cap"": 0.35, ""init"": ""rr"", ""level_mode"": ""alap_fill""}",False,
case_096,3,3,4,capls,c13,0,0.112,0.214,True,34528,765260,765260,0,984818,0.48193249330808907,369088,32,84194,,2.438426784059314,"{""block_cap"": 0.35, ""init"": ""rr"", ""level_mode"": ""alap_compress""}",False,
case_096,3,3,4,capls,c14,0,0.193,0.218,True,35309,765260,765260,0,984818,0.46505190311418687,356160,1198,84194,,2.384491206208049,"{""alpha"": 0.8, ""block_cap"": 0.35, ""init"": ""rr"", ""mu"": 1.0, ""nu"": 0.5, ""subgraph_mode"": ""op""}",False,
case_096,3,3,4,capls,c15,0,0.144,0.218,True,35309,765260,765260,0,984818,0.46505190311418687,356160,1198,84194,,2.384491206208049,"{""alpha"": 1.0, ""block_cap"": 0.35, ""init"": ""rr"", ""mu"": 1.0, ""nu"": 0.5, ""subgraph_mode"": ""op""}",False,
case_096,3,3,4,capls,c16,0,0.153,0.258,True,34600,765260,765260,0,984818,0.48460664621009336,371136,1198,84194,,2.4333526011560696,"{""alpha"": 0.8, ""block_cap"": 0.35, ""init"": ""rr"", ""mu"": 0.0, ""nu"": 0.0, ""subgraph_mode"": ""op""}",False,
case_096,3,3,4,capls,c17,0,0.217,0.232,True,27001,642644,642644,0,862202,0.35916127136397674,227334,1198,84194,,3.118180808118218,"{""alpha"": 0.8, ""block_cap"": 0.15, ""init"": ""rr"", ""mu"": 1.0, ""nu"": 0.5, ""subgraph_mode"": ""op""}",True,
case_096,3,3,4,capls,_best,0,0.196,0.232,True,27001,642644,642644,0,862202,0.35916127136397674,227334,1198,84194,,3.118180808118218,"{""alpha"": 0.8, ""block_cap"": 0.15, ""init"": ""rr"", ""mu"": 1.0, ""nu"": 0.5, ""subgraph_mode"": ""op""}",True,results\plans\case_096_p3_n4_capls_best.json
case_096,3,3,5,capls,c0,0,0.099,0.236,True,27289,794900,794900,0,1014458,0.471198340122923,384708,32,84194,,3.0852724541023857,"{""block_cap"": 0.35}",False,
case_096,3,3,5,capls,c1,0,0.169,0.276,True,31087,877152,877152,0,1096710,0.4890169735556584,418444,44,84194,,2.708334673657799,"{""block_cap"": 0.15}",False,
case_096,3,3,5,capls,c2,0,0.172,0.262,True,29557,965588,965588,0,1185146,0.4561900541625801,434438,38,84194,,2.848529959062151,"{""block_cap"": 0.35, ""init"": ""rr""}",False,
case_096,3,3,5,capls,c3,0,0.159,0.473,True,32880,320936,320936,0,540494,0.3831355423153725,188800,10,84194,,2.5606447688564478,"{""block_cap"": 0.35, ""init"": ""contig""}",False,
case_096,3,3,5,capls,c4,0,0.079,0.226,True,73066,794900,794900,0,1014458,0.5514706422715036,450246,147,84194,,1.1523006596775518,"{""block_cap"": 0.35, ""subgraph_mode"": ""block""}",False,
case_096,3,3,5,capls,c5,0,0.152,0.258,True,61962,965588,965588,0,1185146,0.5918086185496861,563590,147,84194,,1.3588005551789806,"{""block_cap"": 0.35, ""init"": ""rr"", ""subgraph_mode"": ""block""}",False,
case_096,3,3,5,capls,c6,0,0.106,0.143,True,36885,750860,750860,0,970418,0.44010382253427716,353024,21,84194,,2.282608106276264,"{""block_cap"": 0.6, ""comm_weight"": 1e-06}",False,
case_096,3,3,5,capls,c7,0,0.17,0.215,True,33712,861384,861384,0,1080942,0.47954233192779644,404868,31,84194,,2.497448979591837,"{""block_cap"": 0.08}",False,
case_096,3,3,5,capls,c8,0,0.38,0.316,True,53808,1131028,1131028,0,1350586,0.3534030449949871,326408,80,84194,,1.5647115670532263,"{""block_cap"": 0.005}",False,
case_096,3,3,5,capls,c9,0,0.095,0.236,True,27289,794900,794900,0,1014458,0.471198340122923,384708,32,84194,,3.0852724541023857,"{""block_cap"": 0.35, ""max_ops"": 500}",False,
case_096,3,3,5,capls,c10,0,0.074,0.522,True,38174,797836,797836,0,1017394,0.4897963197423574,398464,28,84194,,2.205532561429245,"{""block_cap"": 0.35, ""cores_used"": 4}",False,
case_096,3,3,5,capls,c11,0,0.075,0.236,True,27289,794900,794900,0,1014458,0.471198340122923,384708,32,84194,,3.0852724541023857,"{""block_cap"": 0.35, ""sync_weight"": 0.0}",False,
case_096,3,3,5,capls,c12,0,0.178,0.235,True,24477,965588,965588,0,1185146,0.5114300055233651,487044,40,84194,,3.4397189198022633,"{""block_cap"": 0.35, ""init"": ""rr"", ""level_mode"": ""alap_fill""}",True,
case_096,3,3,5,capls,c13,0,0.176,0.235,True,24477,965588,965588,0,1185146,0.5114300055233651,487044,40,84194,,3.4397189198022633,"{""block_cap"": 0.35, ""init"": ""rr"", ""level_mode"": ""alap_compress""}",False,
case_096,3,3,5,capls,c14,0,0.224,0.256,True,26489,965588,965588,0,1185146,0.38952324748665884,370950,1198,84194,,3.178451432670165,"{""alpha"": 0.8, ""block_cap"": 0.35, ""init"": ""rr"", ""mu"": 1.0, ""nu"": 0.5, ""subgraph_mode"": ""op""}",False,
case_096,3,3,5,capls,c15,0,0.212,0.256,True,26489,965588,965588,0,1185146,0.38952324748665884,370950,1198,84194,,3.178451432670165,"{""alpha"": 1.0, ""block_cap"": 0.35, ""init"": ""rr"", ""mu"": 1.0, ""nu"": 0.5, ""subgraph_mode"": ""op""}",False,
case_096,3,3,5,capls,c16,0,0.209,0.366,True,26546,965588,965588,0,1185146,0.3815931233054505,363398,1198,84194,,3.171626610412115,"{""alpha"": 0.8, ""block_cap"": 0.35, ""init"": ""rr"", ""mu"": 0.0, ""nu"": 0.0, ""subgraph_mode"": ""op""}",False,
case_096,3,3,5,capls,c17,0,0.232,0.259,True,29476,979872,979872,0,1199430,0.42709476116781864,409548,1198,84194,,2.8563577147509838,"{""alpha"": 0.8, ""block_cap"": 0.15, ""init"": ""rr"", ""mu"": 1.0, ""nu"": 0.5, ""subgraph_mode"": ""op""}",False,
case_096,3,3,5,capls,_best,0,0.169,0.235,True,24477,965588,965588,0,1185146,0.5114300055233651,487044,40,84194,,3.4397189198022633,"{""block_cap"": 0.35, ""init"": ""rr"", ""level_mode"": ""alap_fill""}",True,results\plans\case_096_p3_n5_capls_best.json
case_076,3,3,4,capls,c0,0,1.337,15.86,True,1529902,32051200,9561088,22490112,36321874,0.3453720149990132,12544000,4,6185113,,4.042816467982917,"{""block_cap"": 0.35}",True,
case_076,3,3,4,capls,c1,0,1.401,15.86,True,1529902,32051200,9561088,22490112,36321874,0.3453720149990132,12544000,4,6185113,,4.042816467982917,"{""block_cap"": 0.15}",False,
case_076,3,3,4,capls,c2,0,2.343,14.374,True,1539080,32135168,9569280,22565888,36405842,0.3178813535484234,11572224,4,6185113,,4.018707929412376,"{""block_cap"": 0.35, ""init"": ""rr""}",False,
case_076,3,3,4,capls,c3,0,2.142,13.673,True,1556130,25346048,5854208,19491840,29616722,0.18474464921683206,5471232,4,6185113,,3.974676280259361,"{""block_cap"": 0.35, ""init"": ""contig""}",False,
case_076,3,3,4,capls,c4,0,1.385,14.78,True,1564368,26880000,9561088,17318912,31150674,0.4163844965317729,12969984,391,6185113,,3.9537455381342497,"{""block_cap"": 0.35, ""subgraph_mode"": ""block""}",False,
case_076,3,3,4,capls,c5,0,2.224,13.865,True,1568569,26783744,9569280,17214464,31054418,0.4233800494641385,13147136,391,6185113,,3.9431564693679397,"{""block_cap"": 0.35, ""init"": ""rr"", ""subgraph_mode"": ""block""}",False,
case_076,3,3,4,capls,c6,0,1.382,15.86,True,1529902,32051200,9561088,22490112,36321874,0.3453720149990132,12544000,4,6185113,,4.042816467982917,"{""block_cap"": 0.6, ""comm_weight"": 1e-06}",False,
case_076,3,3,4,capls,c7,0,1.133,11.195,True,1535993,37361664,12223488,25138176,41632338,0.4259254704218423,17731584,4,6185113,,4.026784627273692,"{""block_cap"": 0.08}",False,
case_076,3,3,4,capls,c8,0,1.003,13.247,True,1634425,38667284,24730644,13936640,42937958,0.46335276363682737,16494592,10,6185113,,3.7842745919818896,"{""block_cap"": 0.005}",False,
case_076,3,3,4,capls,c9,0,1.38,13.804,True,1547915,27403264,9561088,17842176,31673938,0.4417257338900217,13975552,68,6185113,,3.9957704395913214,"{""block_cap"": 0.35, ""max_ops"": 500}",False,
case_076,3,3,4,capls,c10,0,1.085,11.305,True,2053973,30393344,6379520,24013824,34664018,0.2961595273264402,10265600,3,6185113,,3.0112922613880513,"{""block_cap"": 0.35, ""cores_used"": 3}",False,
case_076,3,3,4,capls,c11,0,1.324,15.86,True,1529902,32051200,9561088,22490112,36321874,0.3453720149990132,12544000,4,6185113,,4.042816467982917,"{""block_cap"": 0.35, ""sync_weight"": 0.0}",False,
case_076,3,3,4,capls,c12,0,2.37,14.374,True,1539080,32135168,9569280,22565888,36405842,0.3178813535484234,11572224,4,6185113,,4.018707929412376,"{""block_cap"": 0.35, ""init"": ""rr"", ""level_mode"": ""alap_fill""}",False,
case_076,3,3,4,capls,c13,0,2.449,14.374,True,1539080,32135168,9569280,22565888,36405842,0.3178813535484234,11572224,4,6185113,,4.018707929412376,"{""block_cap"": 0.35, ""init"": ""rr"", ""level_mode"": ""alap_compress""}",False,
case_076,3,3,4,capls,c14,0,5.845,18.781,True,3426660,167268352,9569280,157699072,171539026,0.132876977303989,12661760,32528,6185113,,1.8049975778162992,"{""alpha"": 0.8, ""block_cap"": 0.35, ""init"": ""rr"", ""mu"": 1.0, ""nu"": 0.5, ""subgraph_mode"": ""op""}",False,
case_076,3,3,4,capls,c15,0,5.808,18.598,True,3426256,167268352,9569280,157699072,171539026,0.1329736932599725,12670976,32528,6185113,,1.8052104104305107,"{""alpha"": 1.0, ""block_cap"": 0.35, ""init"": ""rr"", ""mu"": 1.0, ""nu"": 0.5, ""subgraph_mode"": ""op""}",False,
case_076,3,3,4,capls,c16,0,6.297,18.771,True,3425785,167268352,9569280,157699072,171539026,0.13239339752407153,12615680,32528,6185113,,1.8054586029187472,"{""alpha"": 0.8, ""block_cap"": 0.35, ""init"": ""rr"", ""mu"": 0.0, ""nu"": 0.0, ""subgraph_mode"": ""op""}",False,
case_076,3,3,4,capls,c17,0,6.526,18.781,True,3426660,167268352,9569280,157699072,171539026,0.132876977303989,12661760,32528,6185113,,1.8049975778162992,"{""alpha"": 0.8, ""block_cap"": 0.15, ""init"": ""rr"", ""mu"": 1.0, ""nu"": 0.5, ""subgraph_mode"": ""op""}",False,
case_076,3,3,4,capls,_best,0,1.602,15.86,True,1529902,32051200,9561088,22490112,36321874,0.3453720149990132,12544000,4,6185113,,4.042816467982917,"{""block_cap"": 0.35}",True,results\plans\case_076_p3_n4_capls_best.json
case_076,2,2,5,capls,c0,0,1.811,12.108,True,1235977,34179072,12742656,21436416,38449746,,,5,6185113,,5.004229852173625,"{""block_cap"": 0.35}",True,
case_076,2,2,5,capls,c1,0,1.743,12.108,True,1235977,34179072,12742656,21436416,38449746,,,5,6185113,,5.004229852173625,"{""block_cap"": 0.15}",False,
case_076,2,2,5,capls,c2,0,3.129,12.01,True,1238170,34385920,12759040,21626880,38656594,,,5,6185113,,4.995366549019924,"{""block_cap"": 0.35, ""init"": ""rr""}",False,
case_076,2,2,5,capls,c3,0,2.992,13.446,True,1250910,24700928,7368704,17332224,28971602,,,5,6185113,,4.9444908106898176,"{""block_cap"": 0.35, ""init"": ""contig""}",False,
case_076,2,2,5,capls,c4,0,1.742,13.981,True,1265231,28889088,12742656,16146432,33159762,,,391,6185113,,4.888524704184453,"{""block_cap"": 0.35, ""subgraph_mode"": ""block""}",False,
case_076,2,2,5,capls,c5,0,3.008,13.721,True,1275623,28696576,12759040,15937536,32967250,,,391,6185113,,4.8486998117782445,"{""block_cap"": 0.35, ""init"": ""rr"", ""subgraph_mode"": ""block""}",False,
case_076,2,2,5,capls,c6,0,1.721,12.108,True,1235977,34179072,12742656,21436416,38449746,,,5,6185113,,5.004229852173625,"{""block_cap"": 0.6, ""comm_weight"": 1e-06}",False,
case_076,2,2,5,capls,c7,0,1.332,11.728,True,1240624,40527872,16297984,24229888,44798546,,,5,6185113,,4.985485529862392,"{""block_cap"": 0.08}",False,
case_076,2,2,5,capls,c8,0,1.016,14.222,True,1336467,42128400,28917776,13210624,46399074,,,14,6185113,,4.62795789196441,"{""block_cap"": 0.005}",False,
case_076,2,2,5,capls,c9,0,1.771,13.515,True,1273939,29867008,12742656,17124352,34137682,,,67,6185113,,4.855109232074692,"{""block_cap"": 0.35, ""max_ops"": 500}",False,
case_076,2,2,5,capls,c10,0,1.391,11.301,True,1533331,32051200,9561088,22490112,36321874,,,4,6185113,,4.033775486180088,"{""block_cap"": 0.35, ""cores_used"": 4}",False,
case_076,2,2,5,capls,c11,0,1.643,12.108,True,1235977,34179072,12742656,21436416,38449746,,,5,6185113,,5.004229852173625,"{""block_cap"": 0.35, ""sync_weight"": 0.0}",False,
case_076,2,2,5,capls,c12,0,3.127,12.01,True,1238170,34385920,12759040,21626880,38656594,,,5,6185113,,4.995366549019924,"{""block_cap"": 0.35, ""init"": ""rr"", ""level_mode"": ""alap_fill""}",False,
case_076,2,2,5,capls,c13,0,3.151,12.01,True,1238170,34385920,12759040,21626880,38656594,,,5,6185113,,4.995366549019924,"{""block_cap"": 0.35, ""init"": ""rr"", ""level_mode"": ""alap_compress""}",False,
case_076,2,2,5,capls,c14,0,6.724,17.941,True,2990946,162912256,12759040,150153216,167182930,,,32528,6185113,,2.067945392527983,"{""alpha"": 0.8, ""block_cap"": 0.35, ""init"": ""rr"", ""mu"": 1.0, ""nu"": 0.5, ""subgraph_mode"": ""op""}",False,
case_076,2,2,5,capls,c15,0,6.705,18.633,True,2987552,162915328,12759040,150156288,167186002,,,32528,6185113,,2.070294676042459,"{""alpha"": 1.0, ""block_cap"": 0.35, ""init"": ""rr"", ""mu"": 1.0, ""nu"": 0.5, ""subgraph_mode"": ""op""}",False,
case_076,2,2,5,capls,c16,0,6.853,18.467,True,2985883,162929664,12759040,150170624,167200338,,,32528,6185113,,2.071451895469447,"{""alpha"": 0.8, ""block_cap"": 0.35, ""init"": ""rr"", ""mu"": 0.0, ""nu"": 0.0, ""subgraph_mode"": ""op""}",False,
case_076,2,2,5,capls,c17,0,6.831,17.941,True,2990946,162912256,12759040,150153216,167182930,,,32528,6185113,,2.067945392527983,"{""alpha"": 0.8, ""block_cap"": 0.15, ""init"": ""rr"", ""mu"": 1.0, ""nu"": 0.5, ""subgraph_mode"": ""op""}",False,
case_076,2,2,5,capls,_best,0,1.705,12.108,True,1235977,34179072,12742656,21436416,38449746,,,5,6185113,,5.004229852173625,"{""block_cap"": 0.35}",True,results\plans\case_076_p2_n5_capls_best.json
case_076,3,3,5,capls,c0,0,1.813,15.147,True,1230166,34179072,12742656,21436416,38449746,0.38748768210509493,14898176,5,6185113,,5.027868596595907,"{""block_cap"": 0.35}",True,
case_076,3,3,5,capls,c1,0,1.891,15.147,True,1230166,34179072,12742656,21436416,38449746,0.38748768210509493,14898176,5,6185113,,5.027868596595907,"{""block_cap"": 0.15}",False,
case_076,3,3,5,capls,c2,0,3.248,14.635,True,1232486,34385920,12759040,21626880,38656594,0.3572544968078625,13809664,5,6185113,,5.018404265849673,"{""block_cap"": 0.35, ""init"": ""rr""}",False,
case_076,3,3,5,capls,c3,0,2.966,14.903,True,1245829,24700928,7368704,17332224,28971602,0.2190802728783005,6346752,5,6185113,,4.9646564656947305,"{""block_cap"": 0.35, ""init"": ""contig""}",False,
case_076,3,3,5,capls,c4,0,1.806,14.136,True,1246057,28889088,12742656,16146432,33159762,0.4735801859114913,15703040,391,6185113,,4.9637480468389485,"{""block_cap"": 0.35, ""subgraph_mode"": ""block""}",False,
case_076,3,3,5,capls,c5,0,2.92,13.404,True,1253151,28696576,12759040,15937536,32967250,0.48109837542322864,15859712,391,6185113,,4.935648616966351,"{""block_cap"": 0.35, ""init"": ""rr"", ""subgraph_mode"": ""block""}",False,
case_076,3,3,5,capls,c6,0,1.684,15.147,True,1230166,34179072,12742656,21436416,38449746,0.38748768210509493,14898176,5,6185113,,5.027868596595907,"{""block_cap"": 0.6, ""comm_weight"": 1e-06}",False,
case_076,3,3,5,capls,c7,0,1.376,11.94,True,1230594,40527872,16297984,24229888,44798546,0.4499737124831417,20157440,5,6185113,,5.026119906321663,"{""block_cap"": 0.08}",False,
case_076,3,3,5,capls,c8,0,1.287,13.874,True,1331573,42128400,28917776,13210624,46399074,0.5266112714111233,20547584,14,6185113,,4.644967268035624,"{""block_cap"": 0.005}",False,
case_076,3,3,5,capls,c9,0,1.879,13.904,True,1249213,29867008,12742656,17124352,34137682,0.454673753115335,15505408,67,6185113,,4.951207680355552,"{""block_cap"": 0.35, ""max_ops"": 500}",False,
case_076,3,3,5,capls,c10,0,1.381,11.522,True,1529902,32051200,9561088,22490112,36321874,0.3453720149990132,12544000,4,6185113,,4.042816467982917,"{""block_cap"": 0.35, ""cores_used"": 4}",False,
case_076,3,3,5,capls,c11,0,1.596,15.147,True,1230166,34179072,12742656,21436416,38449746,0.38748768210509493,14898176,5,6185113,,5.027868596595907,"{""block_cap"": 0.35, ""sync_weight"": 0.0}",False,
case_076,3,3,5,capls,c12,0,3.418,14.635,True,1232486,34385920,12759040,21626880,38656594,0.3572544968078625,13809664,5,6185113,,5.018404265849673,"{""block_cap"": 0.35, ""init"": ""rr"", ""level_mode"": ""alap_fill""}",False,
case_076,3,3,5,capls,c13,0,3.413,14.635,True,1232486,34385920,12759040,21626880,38656594,0.3572544968078625,13809664,5,6185113,,5.018404265849673,"{""block_cap"": 0.35, ""init"": ""rr"", ""level_mode"": ""alap_compress""}",False,
case_076,3,3,5,capls,c14,0,6.41,18.417,True,2981838,162912256,12759040,150153216,167182930,0.15496312732493636,14588928,32528,6185113,,2.0742619149665407,"{""alpha"": 0.8, ""block_cap"": 0.35, ""init"": ""rr"", ""mu"": 1.0, ""nu"": 0.5, ""subgraph_mode"": ""op""}",False,
case_076,3,3,5,capls,c15,0,6.827,20.189,True,2950737,162915328,12759040,150156288,167186002,0.15472966358860574,14567424,32528,6185113,,2.096124798651998,"{""alpha"": 1.0, ""block_cap"": 0.35, ""init"": ""rr"", ""mu"": 1.0, ""nu"": 0.5, ""subgraph_mode"": ""op""}",False,
case_076,3,3,5,capls,c16,0,6.83,20.481,True,2978296,162929664,12759040,150170624,167200338,0.15532597466151923,14625792,32528,6185113,,2.076728773768625,"{""alpha"": 0.8, ""block_cap"": 0.35, ""init"": ""rr"", ""mu"": 0.0, ""nu"": 0.0, ""subgraph_mode"": ""op""}",False,
case_076,3,3,5,capls,c17,0,6.908,18.417,True,2981838,162912256,12759040,150153216,167182930,0.15496312732493636,14588928,32528,6185113,,2.0742619149665407,"{""alpha"": 0.8, ""block_cap"": 0.15, ""init"": ""rr"", ""mu"": 1.0, ""nu"": 0.5, ""subgraph_mode"": ""op""}",False,
case_076,3,3,5,capls,_best,0,1.795,15.147,True,1230166,34179072,12742656,21436416,38449746,0.38748768210509493,14898176,5,6185113,,5.027868596595907,"{""block_cap"": 0.35}",True,results\plans\case_076_p3_n5_capls_best.json
case_091,2,2,2,capls,c0,0,0.62,22.908,True,4612228,57501312,5523456,51977856,64078968,,,2,9186769,,1.9918288948421456,"{""block_cap"": 0.35}",False,
case_091,2,2,2,capls,c1,0,0.652,22.908,True,4612228,57501312,5523456,51977856,64078968,,,2,9186769,,1.9918288948421456,"{""block_cap"": 0.15}",False,
case_091,2,2,2,capls,c2,0,0.858,20.438,True,4594740,57327744,5523456,51804288,63905400,,,2,9186769,,1.9994099774960064,"{""block_cap"": 0.35, ""init"": ""rr""}",False,
case_091,2,2,2,capls,c3,0,0.649,22.068,True,4639814,53469312,5523456,47945856,60046968,,,2,9186769,,1.9799864822167441,"{""block_cap"": 0.35, ""init"": ""contig""}",False,
case_091,2,2,2,capls,c4,0,0.516,14.48,True,4573412,52114560,5523456,46591104,58692216,,,509,9186769,,2.008734179207996,"{""block_cap"": 0.35, ""subgraph_mode"": ""block""}",True,
case_091,2,2,2,capls,c5,0,0.775,14.563,True,4583452,52223616,5523456,46700160,58801272,,,509,9186769,,2.0043340696051795,"{""block_cap"": 0.35, ""init"": ""rr"", ""subgraph_mode"": ""block""}",False,
case_091,2,2,2,capls,c6,0,0.568,22.908,True,4612228,57501312,5523456,51977856,64078968,,,2,9186769,,1.9918288948421456,"{""block_cap"": 0.6, ""comm_weight"": 1e-06}",False,
case_091,2,2,2,capls,c7,0,0.539,22.908,True,4612228,57501312,5523456,51977856,64078968,,,2,9186769,,1.9918288948421456,"{""block_cap"": 0.08}",False,
case_091,2,2,2,capls,c8,0,0.769,11.953,True,4594589,56643976,6848392,49795584,63221632,,,32,9186769,,1.9994756875968667,"{""block_cap"": 0.005}",False,
case_091,2,2,2,capls,c9,0,0.616,14.484,True,4578442,54859392,5523456,49335936,61437048,,,65,9186769,,2.0065273296025152,"{""block_cap"": 0.35, ""max_ops"": 500}",False,
case_091,2,2,2,capls,c10,0,0.214,22.128,True,9186769,53947008,0,53947008,60524664,,,1,9186769,,1.0,"{""block_cap"": 0.35, ""cores_used"": 1}",False,
case_091,2,2,2,capls,c11,0,0.626,22.908,True,4612228,57501312,5523456,51977856,64078968,,,2,9186769,,1.9918288948421456,"{""block_cap"": 0.35, ""sync_weight"": 0.0}",False,
case_091,2,2,2,capls,c12,0,0.666,20.438,True,4594740,57327744,5523456,51804288,63905400,,,2,9186769,,1.9994099774960064,"{""block_cap"": 0.35, ""init"": ""rr"", ""level_mode"": ""alap_fill""}",False,
case_091,2,2,2,capls,c13,0,0.839,20.438,True,4594740,57327744,5523456,51804288,63905400,,,2,9186769,,1.9994099774960064,"{""block_cap"": 0.35, ""init"": ""rr"", ""level_mode"": ""alap_compress""}",False,
case_091,2,2,2,capls,c14,0,4.135,22.245,True,6915549,210827776,5523456,205304320,217405432,,,31554,9186769,,1.3284222264927918,"{""alpha"": 0.8, ""block_cap"": 0.35, ""init"": ""rr"", ""mu"": 1.0, ""nu"": 0.5, ""subgraph_mode"": ""op""}",False,
case_091,2,2,2,capls,c15,0,3.614,23.178,True,6914671,210827776,5523456,205304320,217405432,,,31554,9186769,,1.3285909047588815,"{""alpha"": 1.0, ""block_cap"": 0.35, ""init"": ""rr"", ""mu"": 1.0, ""nu"": 0.5, ""subgraph_mode"": ""op""}",False,
case_091,2,2,2,capls,c16,0,4.028,27.089,True,6916278,210827776,5523456,205304320,217405432,,,31554,9186769,,1.3282822061230044,"{""alpha"": 0.8, ""block_cap"": 0.35, ""init"": ""rr"", ""mu"": 0.0, ""nu"": 0.0, ""subgraph_mode"": ""op""}",False,
case_091,2,2,2,capls,c17,0,4.081,22.245,True,6915549,210827776,5523456,205304320,217405432,,,31554,9186769,,1.3284222264927918,"{""alpha"": 0.8, ""block_cap"": 0.15, ""init"": ""rr"", ""mu"": 1.0, ""nu"": 0.5, ""subgraph_mode"": ""op""}",False,
case_091,2,2,2,capls,_best,0,0.603,14.48,True,4573412,52114560,5523456,46591104,58692216,,,509,9186769,,2.008734179207996,"{""block_cap"": 0.35, ""subgraph_mode"": ""block""}",True,results\plans\case_091_p2_n2_capls_best.json
case_091,2,2,3,capls,c0,0,0.799,20.644,True,3096288,63195264,11046912,52148352,69772920,,,3,9186769,,2.9670266461001042,"{""block_cap"": 0.35}",False,
case_091,2,2,3,capls,c1,0,0.848,20.644,True,3096288,63195264,11046912,52148352,69772920,,,3,9186769,,2.9670266461001042,"{""block_cap"": 0.15}",False,
case_091,2,2,3,capls,c2,0,1.073,19.276,True,3101785,63603840,11046912,52556928,70181496,,,3,9186769,,2.961768465577079,"{""block_cap"": 0.35, ""init"": ""rr""}",False,
case_091,2,2,3,capls,c3,0,0.813,19.975,True,3126010,53423232,9977856,43445376,60000888,,,3,9186769,,2.9388162545865177,"{""block_cap"": 0.35, ""init"": ""contig""}",False,
case_091,2,2,3,capls,c4,0,0.665,13.91,True,3088568,61256832,11046912,50209920,67834488,,,509,9186769,,2.974442848595207,"{""block_cap"": 0.35, ""subgraph_mode"": ""block""}",False,
case_091,2,2,3,capls,c5,0,1.319,14.254,True,3074692,60897408,11046912,49850496,67475064,,,509,9186769,,2.9878664269461788,"{""block_cap"": 0.35, ""init"": ""rr"", ""subgraph_mode"": ""block""}",True,
case_091,2,2,3,capls,c6,0,0.909,20.644,True,3096288,63195264,11046912,52148352,69772920,,,3,9186769,,2.9670266461001042,"{""block_cap"": 0.6, ""comm_weight"": 1e-06}",False,
case_091,2,2,3,capls,c7,0,0.965,15.488,True,3090094,64602944,12956672,51646272,71180600,,,3,9186769,,2.972973961309915,"{""block_cap"": 0.08}",False,
case_091,2,2,3,capls,c8,0,1.073,12.789,True,3097455,63507968,12627968,50880000,70085624,,,58,9186769,,2.965908786406905,"{""block_cap"": 0.005}",False,
case_091,2,2,3,capls,c9,0,0.81,14.16,True,3084072,62986368,11046912,51939456,69564024,,,65,9186769,,2.9787790298021575,"{""block_cap"": 0.35, ""max_ops"": 500}",False,
case_091,2,2,3,capls,c10,0,0.635,17.568,True,4612228,57501312,5523456,51977856,64078968,,,2,9186769,,1.9918288948421456,"{""block_cap"": 0.35, ""cores_used"": 2}",False,
case_091,2,2,3,capls,c11,0,0.874,20.644,True,3096288,63195264,11046912,52148352,69772920,,,3,9186769,,2.9670266461001042,"{""block_cap"": 0.35, ""sync_weight"": 0.0}",False,
case_091,2,2,3,capls,c12,0,1.432,19.276,True,3101785,63603840,11046912,52556928,70181496,,,3,9186769,,2.961768465577079,"{""block_cap"": 0.35, ""init"": ""rr"", ""level_mode"": ""alap_fill""}",False,
case_091,2,2,3,capls,c13,0,1.477,19.276,True,3101785,63603840,11046912,52556928,70181496,,,3,9186769,,2.961768465577079,"{""block_cap"": 0.35, ""init"": ""rr"", ""level_mode"": ""alap_compress""}",False,
case_091,2,2,3,capls,c14,0,4.833,20.165,True,5174058,213148672,11046912,202101760,219726328,,,31554,9186769,,1.7755442633229082,"{""alpha"": 0.8, ""block_cap"": 0.35, ""init"": ""rr"", ""mu"": 1.0, ""nu"": 0.5, ""subgraph_mode"": ""op""}",False,
case_091,2,2,3,capls,c15,0,4.146,21.838,True,5175058,213148672,11046912,202101760,219726328,,,31554,9186769,,1.7752011668275023,"{""alpha"": 1.0, ""block_cap"": 0.35, ""init"": ""rr"", ""mu"": 1.0, ""nu"": 0.5, ""subgraph_mode"": ""op""}",False,
case_091,2,2,3,capls,c16,0,4.29,25.144,True,5163515,213148672,11046912,202101760,219726328,,,31554,9186769,,1.7791696160464334,"{""alpha"": 0.8, ""block_cap"": 0.35, ""init"": ""rr"", ""mu"": 0.0, ""nu"": 0.0, ""subgraph_mode"": ""op""}",False,
case_091,2,2,3,capls,c17,0,4.49,20.165,True,5174058,213148672,11046912,202101760,219726328,,,31554,9186769,,1.7755442633229082,"{""alpha"": 0.8, ""block_cap"": 0.15, ""init"": ""rr"", ""mu"": 1.0, ""nu"": 0.5, ""subgraph_mode"": ""op""}",False,
case_091,2,2,3,capls,_best,0,1.388,14.254,True,3074692,60897408,11046912,49850496,67475064,,,509,9186769,,2.9878664269461788,"{""block_cap"": 0.35, ""init"": ""rr"", ""subgraph_mode"": ""block""}",True,results\plans\case_091_p2_n3_capls_best.json
case_091,3,3,2,capls,c0,0,0.703,23.498,True,4609852,57501312,5523456,51977856,64078968,0.15952879235801706,10215744,2,9186769,,1.9928555190058161,"{""block_cap"": 0.35}",False,
case_091,3,3,2,capls,c1,0,0.607,23.498,True,4609852,57501312,5523456,51977856,64078968,0.15952879235801706,10215744,2,9186769,,1.9928555190058161,"{""block_cap"": 0.15}",False,
case_091,3,3,2,capls,c2,0,0.89,22.669,True,4592036,57327744,5523456,51804288,63905400,0.18530193432785563,11834016,2,9186769,,2.000587321179538,"{""block_cap"": 0.35, ""init"": ""rr""}",False,
case_091,3,3,2,capls,c3,0,0.709,20.756,True,4628039,53469312,5523456,47945856,60046968,0.0959888137306976,5759808,2,9186769,,1.9850241106438387,"{""block_cap"": 0.35, ""init"": ""contig""}",False,
case_091,3,3,2,capls,c4,0,0.643,15.086,True,4563996,52114560,5523456,46591104,58692216,0.33864863980096244,19861824,509,9186769,,2.0128784074306814,"{""block_cap"": 0.35, ""subgraph_mode"": ""block""}",True,
case_091,3,3,2,capls,c5,0,0.808,14.689,True,4572392,52223616,5523456,46700160,58801272,0.3404250452558179,20003136,509,9186769,,2.0091822835837347,"{""block_cap"": 0.35, ""init"": ""rr"", ""subgraph_mode"": ""block""}",False,
case_091,3,3,2,capls,c6,0,0.728,23.498,True,4609852,57501312,5523456,51977856,64078968,0.15952879235801706,10215744,2,9186769,,1.9928555190058161,"{""block_cap"": 0.6, ""comm_weight"": 1e-06}",False,
case_091,3,3,2,capls,c7,0,0.557,23.498,True,4609852,57501312,5523456,51977856,64078968,0.15952879235801706,10215744,2,9186769,,1.9928555190058161,"{""block_cap"": 0.08}",False,
case_091,3,3,2,capls,c8,0,0.865,11.636,True,4591693,56643976,6848392,49795584,63221632,0.1874968091843611,11796352,32,9186769,,2.000736765284613,"{""block_cap"": 0.005}",False,
case_091,3,3,2,capls,c9,0,0.642,14.703,True,4566552,54859392,5523456,49335936,61437048,0.28346261966028685,17385792,65,9186769,,2.0117517549345765,"{""block_cap"": 0.35, ""max_ops"": 500}",False,
case_091,3,3,2,capls,c10,0,0.305,23.046,True,9168820,53947008,0,53947008,60524664,0.10538579237748164,6374016,1,9186769,,1.001957612866214,"{""block_cap"": 0.35, ""cores_used"": 1}",False,
case_091,3,3,2,capls,c11,0,0.603,23.498,True,4609852,57501312,5523456,51977856,64078968,0.15952879235801706,10215744,2,9186769,,1.9928555190058161,"{""block_cap"": 0.35, ""sync_weight"": 0.0}",False,
case_091,3,3,2,capls,c12,0,0.91,22.669,True,4592036,57327744,5523456,51804288,63905400,0.18530193432785563,11834016,2,9186769,,2.000587321179538,"{""block_cap"": 0.35, ""init"": ""rr"", ""level_mode"": ""alap_fill""}",False,
case_091,3,3,2,capls,c13,0,0.849,22.669,True,4592036,57327744,5523456,51804288,63905400,0.18530193432785563,11834016,2,9186769,,2.000587321179538,"{""block_cap"": 0.35, ""init"": ""rr"", ""level_mode"": ""alap_compress""}",False,
case_091,3,3,2,capls,c14,0,3.976,23.273,True,6913182,210827776,5523456,205304320,217405432,0.10104234676060188,13628928,31554,9186769,,1.3288770641363123,"{""alpha"": 0.8, ""block_cap"": 0.35, ""init"": ""rr"", ""mu"": 1.0, ""nu"": 0.5, ""subgraph_mode"": ""op""}",False,
case_091,3,3,2,capls,c15,0,4.137,23.812,True,6912304,210827776,5523456,205304320,217405432,0.10104234676060188,13628928,31554,9186769,,1.3290458579368036,"{""alpha"": 1.0, ""block_cap"": 0.35, ""init"": ""rr"", ""mu"": 1.0, ""nu"": 0.5, ""subgraph_mode"": ""op""}",False,
case_091,3,3,2,capls,c16,0,4.049,28.46,True,6913764,210827776,5523456,205304320,217405432,0.09901535051092453,13355520,31554,9186769,,1.3287651993906648,"{""alpha"": 0.8, ""block_cap"": 0.35, ""init"": ""rr"", ""mu"": 0.0, ""nu"": 0.0, ""subgraph_mode"": ""op""}",False,
case_091,3,3,2,capls,c17,0,4.613,23.273,True,6913182,210827776,5523456,205304320,217405432,0.10104234676060188,13628928,31554,9186769,,1.3288770641363123,"{""alpha"": 0.8, ""block_cap"": 0.15, ""init"": ""rr"", ""mu"": 1.0, ""nu"": 0.5, ""subgraph_mode"": ""op""}",False,
case_091,3,3,2,capls,_best,0,0.897,15.086,True,4563996,52114560,5523456,46591104,58692216,0.33864863980096244,19861824,509,9186769,,2.0128784074306814,"{""block_cap"": 0.35, ""subgraph_mode"": ""block""}",True,results\plans\case_091_p3_n2_capls_best.json
case_091,2,2,4,capls,c0,0,1.041,21.145,True,2372888,67542144,16570368,50971776,74119800,,,4,9186769,,3.8715560953572186,"{""block_cap"": 0.35}",False,
case_091,2,2,4,capls,c1,0,0.903,21.145,True,2372888,67542144,16570368,50971776,74119800,,,4,9186769,,3.8715560953572186,"{""block_cap"": 0.15}",False,
case_091,2,2,4,capls,c2,0,1.748,20.365,True,2355963,67047552,16570368,50477184,73625208,,,4,9186769,,3.899368962925139,"{""block_cap"": 0.35, ""init"": ""rr""}",False,
case_091,2,2,4,capls,c3,0,1.72,15.287,True,2356357,53404800,14298624,39106176,59982456,,,4,9186769,,3.8987169601210683,"{""block_cap"": 0.35, ""init"": ""contig""}",False,
case_091,2,2,4,capls,c4,0,0.985,14.652,True,2398109,68067456,16570368,51497088,74645112,,,509,9186769,,3.8308387984032417,"{""block_cap"": 0.35, ""subgraph_mode"": ""block""}",False,
case_091,2,2,4,capls,c5,0,1.691,14.902,True,2360657,66886272,16570368,50315904,73463928,,,509,9186769,,3.891615342677907,"{""block_cap"": 0.35, ""init"": ""rr"", ""subgraph_mode"": ""block""}",False,
case_091,2,2,4,capls,c6,0,1.027,21.145,True,2372888,67542144,16570368,50971776,74119800,,,4,9186769,,3.8715560953572186,"{""block_cap"": 0.6, ""comm_weight"": 1e-06}",False,
case_091,2,2,4,capls,c7,0,1.095,15.646,True,2321866,69020832,19435008,49585824,75598488,,,4,9186769,,3.9566318641988816,"{""block_cap"": 0.08}",True,
case_091,2,2,4,capls,c8,0,0.889,12.653,True,2507500,55664204,32404940,23259264,62241860,,,55,9186769,,3.6637164506480557,"{""block_cap"": 0.005}",False,
case_091,2,2,4,capls,c9,0,0.939,14.862,True,2364906,68789376,16570368,52219008,75367032,,,65,9186769,,3.8846233211806305,"{""block_cap"": 0.35, ""max_ops"": 500}",False,
case_091,2,2,4,capls,c10,0,0.825,15.942,True,3096288,63195264,11046912,52148352,69772920,,,3,9186769,,2.9670266461001042,"{""block_cap"": 0.35, ""cores_used"": 3}",False,
case_091,2,2,4,capls,c11,0,1.104,21.145,True,2372888,67542144,16570368,50971776,74119800,,,4,9186769,,3.8715560953572186,"{""block_cap"": 0.35, ""sync_weight"": 0.0}",False,
case_091,2,2,4,capls,c12,0,1.767,20.365,True,2355963,67047552,16570368,50477184,73625208,,,4,9186769,,3.899368962925139,"{""block_cap"": 0.35, ""init"": ""rr"", ""level_mode"": ""alap_fill""}",False,
case_091,2,2,4,capls,c13,0,1.718,20.365,True,2355963,67047552,16570368,50477184,73625208,,,4,9186769,,3.899368962925139,"{""block_cap"": 0.35, ""init"": ""rr"", ""level_mode"": ""alap_compress""}",False,
case_091,2,2,4,capls,c14,0,5.332,20.427,True,4284910,212474368,16570368,195904000,219052024,,,31554,9186769,,2.1439817872487406,"{""alpha"": 0.8, ""block_cap"": 0.35, ""init"": ""rr"", ""mu"": 1.0, ""nu"": 0.5, ""subgraph_mode"": ""op""}",False,
case_091,2,2,4,capls,c15,0,5.209,20.506,True,4285731,212474368,16570368,195904000,219052024,,,31554,9186769,,2.143571073406147,"{""alpha"": 1.0, ""block_cap"": 0.35, ""init"": ""rr"", ""mu"": 1.0, ""nu"": 0.5, ""subgraph_mode"": ""op""}",False,
case_091,2,2,4,capls,c16,0,4.818,26.637,True,4287979,212474368,16570368,195904000,219052024,,,31554,9186769,,2.1424472927689244,"{""alpha"": 0.8, ""block_cap"": 0.35, ""init"": ""rr"", ""mu"": 0.0, ""nu"": 0.0, ""subgraph_mode"": ""op""}",False,
case_091,2,2,4,capls,c17,0,5.203,20.427,True,4284910,212474368,16570368,195904000,219052024,,,31554,9186769,,2.1439817872487406,"{""alpha"": 0.8, ""block_cap"": 0.15, ""init"": ""rr"", ""mu"": 1.0, ""nu"": 0.5, ""subgraph_mode"": ""op""}",False,
case_091,2,2,4,capls,_best,0,1.263,15.646,True,2321866,69020832,19435008,49585824,75598488,,,4,9186769,,3.9566318641988816,"{""block_cap"": 0.08}",True,results\plans\case_091_p2_n4_capls_best.json
case_091,3,3,3,capls,c0,0,0.776,22.499,True,3090624,63195264,11046912,52148352,69772920,0.23075712269146967,16090912,3,9186769,,2.972464136692137,"{""block_cap"": 0.35}",False,
case_091,3,3,3,capls,c1,0,0.739,22.499,True,3090624,63195264,11046912,52148352,69772920,0.23075712269146967,16090912,3,9186769,,2.972464136692137,"{""block_cap"": 0.15}",False,
case_091,3,3,3,capls,c2,0,1.251,19.15,True,3097818,63603840,11046912,52556928,70181496,0.2427527305576086,17026560,3,9186769,,2.965561243430053,"{""block_cap"": 0.35, ""init"": ""rr""}",False,
case_091,3,3,3,capls,c3,0,0.938,19.095,True,3118075,53423232,9977856,43445376,60000888,0.13742370775507068,8239776,3,9186769,,2.9462950698748425,"{""block_cap"": 0.35, ""init"": ""contig""}",False,
case_091,3,3,3,capls,c4,0,0.84,14.862,True,3076777,61256832,11046912,50209920,67834488,0.42092153186475817,28535328,509,9186769,,2.985841677833655,"{""block_cap"": 0.35, ""subgraph_mode"": ""block""}",False,
case_091,3,3,3,capls,c5,0,1.279,14.793,True,3069257,60897408,11046912,49850496,67475064,0.43532290854009237,29355168,509,9186769,,2.9931573015879738,"{""block_cap"": 0.35, ""init"": ""rr"", ""subgraph_mode"": ""block""}",True,
case_091,3,3,3,capls,c6,0,0.898,22.499,True,3090624,63195264,11046912,52148352,69772920,0.23075712269146967,16090912,3,9186769,,2.972464136692137,"{""block_cap"": 0.6, ""comm_weight"": 1e-06}",False,
case_091,3,3,3,capls,c7,0,0.823,15.708,True,3070819,64602944,12956672,51646272,71180600,0.24462705379288754,17402432,3,9186769,,2.991634804916864,"{""block_cap"": 0.08}",False,
case_091,3,3,3,capls,c8,0,0.883,12.467,True,3088949,63507968,12627968,50880000,70085624,0.25031373613873376,17463296,58,9186769,,2.9740759721186723,"{""block_cap"": 0.005}",False,
case_091,3,3,3,capls,c9,0,0.87,15.192,True,3074465,62986368,11046912,51939456,69564024,0.3261793742783428,22671648,65,9186769,,2.9880870330285108,"{""block_cap"": 0.35, ""max_ops"": 500}",False,
case_091,3,3,3,capls,c10,0,0.666,17.023,True,4609852,57501312,5523456,51977856,64078968,0.15952879235801706,10215744,2,9186769,,1.9928555190058161,"{""block_cap"": 0.35, ""cores_used"": 2}",False,
case_091,3,3,3,capls,c11,0,0.852,22.499,True,3090624,63195264,11046912,52148352,69772920,0.23075712269146967,16090912,3,9186769,,2.972464136692137,"{""block_cap"": 0.35, ""sync_weight"": 0.0}",False,
case_091,3,3,3,capls,c12,0,1.386,19.15,True,3097818,63603840,11046912,52556928,70181496,0.2427527305576086,17026560,3,9186769,,2.965561243430053,"{""block_cap"": 0.35, ""init"": ""rr"", ""level_mode"": ""alap_fill""}",False,
case_091,3,3,3,capls,c13,0,1.478,19.15,True,3097818,63603840,11046912,52556928,70181496,0.2427527305576086,17026560,3,9186769,,2.965561243430053,"{""block_cap"": 0.35, ""init"": ""rr"", ""level_mode"": ""alap_compress""}",False,
case_091,3,3,3,capls,c14,0,4.825,21.179,True,5153525,213148672,11046912,202101760,219726328,0.1707181897403549,23972352,31554,9186769,,1.7826184989885563,"{""alpha"": 0.8, ""block_cap"": 0.35, ""init"": ""rr"", ""mu"": 1.0, ""nu"": 0.5, ""subgraph_mode"": ""op""}",False,
case_091,3,3,3,capls,c15,0,4.923,21.036,True,5154217,213148672,11046912,202101760,219726328,0.17076194400183767,23978496,31554,9186769,,1.782379166418488,"{""alpha"": 1.0, ""block_cap"": 0.35, ""init"": ""rr"", ""mu"": 1.0, ""nu"": 0.5, ""subgraph_mode"": ""op""}",False,
case_091,3,3,3,capls,c16,0,4.58,27.438,True,5141480,213148672,11046912,202101760,219726328,0.17110103952832906,24026112,31554,9186769,,1.786794658347402,"{""alpha"": 0.8, ""block_cap"": 0.35, ""init"": ""rr"", ""mu"": 0.0, ""nu"": 0.0, ""subgraph_mode"": ""op""}",False,
case_091,3,3,3,capls,c17,0,4.918,21.179,True,5153525,213148672,11046912,202101760,219726328,0.1707181897403549,23972352,31554,9186769,,1.7826184989885563,"{""alpha"": 0.8, ""block_cap"": 0.15, ""init"": ""rr"", ""mu"": 1.0, ""nu"": 0.5, ""subgraph_mode"": ""op""}",False,
case_091,3,3,3,capls,_best,0,1.49,14.793,True,3069257,60897408,11046912,49850496,67475064,0.43532290854009237,29355168,509,9186769,,2.9931573015879738,"{""block_cap"": 0.35, ""init"": ""rr"", ""subgraph_mode"": ""block""}",True,results\plans\case_091_p3_n3_capls_best.json
case_091,3,3,4,capls,c0,0,1.215,20.17,True,2358544,67542144,16570368,50971776,74119800,0.20529674305767945,15207936,4,9186769,,3.895101808573425,"{""block_cap"": 0.35}",False,
case_091,3,3,4,capls,c1,0,1.038,20.17,True,2358544,67542144,16570368,50971776,74119800,0.20529674305767945,15207936,4,9186769,,3.895101808573425,"{""block_cap"": 0.15}",False,
case_091,3,3,4,capls,c2,0,1.869,20.282,True,2351298,67047552,16570368,50477184,73625208,0.23500310505523866,17292288,4,9186769,,3.907105352022585,"{""block_cap"": 0.35, ""init"": ""rr""}",False,
case_091,3,3,4,capls,c3,0,1.893,18.035,True,2349984,53404800,14298624,39106176,59982456,0.13673724334539863,8196096,4,9186769,,3.9092900206980135,"{""block_cap"": 0.35, ""init"": ""contig""}",False,
case_091,3,3,4,capls,c4,0,1.052,14.394,True,2372233,68067456,16570368,51497088,74645112,0.3526886590933657,26311680,509,9186769,,3.872625075192867,"{""block_cap"": 0.35, ""subgraph_mode"": ""block""}",False,
case_091,3,3,4,capls,c5,0,1.932,14.27,True,2334908,66886272,16570368,50315904,73463928,0.4037802754140887,29646336,509,9186769,,3.934531467620994,"{""block_cap"": 0.35, ""init"": ""rr"", ""subgraph_mode"": ""block""}",False,
case_091,3,3,4,capls,c6,0,1.173,20.17,True,2358544,67542144,16570368,50971776,74119800,0.20529674305767945,15207936,4,9186769,,3.895101808573425,"{""block_cap"": 0.6, ""comm_weight"": 1e-06}",False,
case_091,3,3,4,capls,c7,0,1.17,15.374,True,2317037,69020832,19435008,49585824,75598488,0.2878781910948986,21751072,4,9186769,,3.9648779885690217,"{""block_cap"": 0.08}",True,
case_091,3,3,4,capls,c8,0,0.904,12.621,True,2492311,55664204,32404940,23259264,62241860,0.4439855232920781,23431328,55,9186769,,3.686044398150953,"{""block_cap"": 0.005}",False,
case_091,3,3,4,capls,c9,0,1.244,14.321,True,2346300,68789376,16570368,52219008,75367032,0.25273419773922,19034112,65,9186769,,3.9154281208711588,"{""block_cap"": 0.35, ""max_ops"": 500}",False,
case_091,3,3,4,capls,c10,0,0.835,16.374,True,3090624,63195264,11046912,52148352,69772920,0.23075712269146967,16090912,3,9186769,,2.972464136692137,"{""block_cap"": 0.35, ""cores_used"": 3}",False,
case_091,3,3,4,capls,c11,0,0.906,20.17,True,2358544,67542144,16570368,50971776,74119800,0.20529674305767945,15207936,4,9186769,,3.895101808573425,"{""block_cap"": 0.35, ""sync_weight"": 0.0}",False,
case_091,3,3,4,capls,c12,0,1.878,20.282,True,2351298,67047552,16570368,50477184,73625208,0.23500310505523866,17292288,4,9186769,,3.907105352022585,"{""block_cap"": 0.35, ""init"": ""rr"", ""level_mode"": ""alap_fill""}",False,
case_091,3,3,4,capls,c13,0,1.988,20.282,True,2351298,67047552,16570368,50477184,73625208,0.23500310505523866,17292288,4,9186769,,3.907105352022585,"{""block_cap"": 0.35, ""init"": ""rr"", ""level_mode"": ""alap_compress""}",False,
case_091,3,3,4,capls,c14,0,5.379,20.798,True,4269246,212474368,16570368,195904000,219052024,0.16701033149885763,23803392,31554,9186769,,2.151848124938221,"{""alpha"": 0.8, ""block_cap"": 0.35, ""init"": ""rr"", ""mu"": 1.0, ""nu"": 0.5, ""subgraph_mode"": ""op""}",False,
case_091,3,3,4,capls,c15,0,5.25,20.347,True,4266845,212474368,16570368,195904000,219052024,0.1670965470665153,23815680,31554,9186769,,2.153058993237392,"{""alpha"": 1.0, ""block_cap"": 0.35, ""init"": ""rr"", ""mu"": 1.0, ""nu"": 0.5, ""subgraph_mode"": ""op""}",False,
case_091,3,3,4,capls,c16,0,5.385,26.925,True,4270466,212474368,16570368,195904000,219052024,0.17214015777448882,24534528,31554,9186769,,2.151233378277687,"{""alpha"": 0.8, ""block_cap"": 0.35, ""init"": ""rr"", ""mu"": 0.0, ""nu"": 0.0, ""subgraph_mode"": ""op""}",False,
case_091,3,3,4,capls,c17,0,5.358,20.798,True,4269246,212474368,16570368,195904000,219052024,0.16701033149885763,23803392,31554,9186769,,2.151848124938221,"{""alpha"": 0.8, ""block_cap"": 0.15, ""init"": ""rr"", ""mu"": 1.0, ""nu"": 0.5, ""subgraph_mode"": ""op""}",False,
case_091,3,3,4,capls,_best,0,1.305,15.374,True,2317037,69020832,19435008,49585824,75598488,0.2878781910948986,21751072,4,9186769,,3.9648779885690217,"{""block_cap"": 0.08}",True,results\plans\case_091_p3_n4_capls_best.json
case_091,2,2,5,capls,c0,0,1.381,20.428,True,1958198,71466624,22093824,49372800,78044280,,,5,9186769,,4.691440293576033,"{""block_cap"": 0.35}",False,
case_091,2,2,5,capls,c1,0,1.557,20.665,True,1898042,73166848,25913344,47253504,79744504,,,5,9186769,,4.840129459727446,"{""block_cap"": 0.15}",True,
case_091,2,2,5,capls,c2,0,2.484,17.139,True,1961486,71091840,22093824,48998016,77669496,,,5,9186769,,4.683576125447748,"{""block_cap"": 0.35, ""init"": ""rr""}",False,
case_091,2,2,5,capls,c3,0,1.26,17.442,True,1928783,53879424,17193984,36685440,60457080,,,5,9186769,,4.762987334500563,"{""block_cap"": 0.35, ""init"": ""contig""}",False,
case_091,2,2,5,capls,c4,0,1.436,14.86,True,1960683,72134784,22093824,50040960,78712440,,,509,9186769,,4.685494289489938,"{""block_cap"": 0.35, ""subgraph_mode"": ""block""}",False,
case_091,2,2,5,capls,c5,0,2.257,15.19,True,1957455,71220864,22093824,49127040,77798520,,,509,9186769,,4.693221044672802,"{""block_cap"": 0.35, ""init"": ""rr"", ""subgraph_mode"": ""block""}",False,
case_091,2,2,5,capls,c6,0,1.197,20.428,True,1958198,71466624,22093824,49372800,78044280,,,5,9186769,,4.691440293576033,"{""block_cap"": 0.6, ""comm_weight"": 1e-06}",False,
case_091,2,2,5,capls,c7,0,1.504,20.665,True,1898042,73166848,25913344,47253504,79744504,,,5,9186769,,4.840129459727446,"{""block_cap"": 0.08}",False,
case_091,2,2,5,capls,c8,0,1.195,13.763,True,2046949,61196800,38840320,22356480,67774456,,,64,9186769,,4.488030234265729,"{""block_cap"": 0.005}",False,
case_091,2,2,5,capls,c9,0,1.335,14.36,True,1948996,72014976,22093824,49921152,78592632,,,64,9186769,,4.713590484536653,"{""block_cap"": 0.35, ""max_ops"": 500}",False,
case_091,2,2,5,capls,c10,0,0.996,15.173,True,2372888,67542144,16570368,50971776,74119800,,,4,9186769,,3.8715560953572186,"{""block_cap"": 0.35, ""cores_used"": 4}",False,
case_091,2,2,5,capls,c11,0,1.457,20.428,True,1958198,71466624,22093824,49372800,78044280,,,5,9186769,,4.691440293576033,"{""block_cap"": 0.35, ""sync_weight"": 0.0}",False,
case_091,2,2,5,capls,c12,0,2.264,17.139,True,1961486,71091840,22093824,48998016,77669496,,,5,9186769,,4.683576125447748,"{""block_cap"": 0.35, ""init"": ""rr"", ""level_mode"": ""alap_fill""}",False,
case_091,2,2,5,capls,c13,0,2.434,17.139,True,1961486,71091840,22093824,48998016,77669496,,,5,9186769,,4.683576125447748,"{""block_cap"": 0.35, ""init"": ""rr"", ""level_mode"": ""alap_compress""}",False,
case_091,2,2,5,capls,c14,0,5.444,20.982,True,3853567,212104192,22093824,190010368,218681848,,,31554,9186769,,2.383965038106253,"{""alpha"": 0.8, ""block_cap"": 0.35, ""init"": ""rr"", ""mu"": 1.0, ""nu"": 0.5, ""subgraph_mode"": ""op""}",False,
case_091,2,2,5,capls,c15,0,5.54,20.719,True,3854862,212104192,22093824,190010368,218681848,,,31554,9186769,,2.383164170338653,"{""alpha"": 1.0, ""block_cap"": 0.35, ""init"": ""rr"", ""mu"": 1.0, ""nu"": 0.5, ""subgraph_mode"": ""op""}",False,
case_091,2,2,5,capls,c16,0,6.097,26.183,True,3867802,212104192,22093824,190010368,218681848,,,31554,9186769,,2.3751911292253327,"{""alpha"": 0.8, ""block_cap"": 0.35, ""init"": ""rr"", ""mu"": 0.0, ""nu"": 0.0, ""subgraph_mode"": ""op""}",False,
case_091,2,2,5,capls,c17,0,5.221,23.991,True,3921229,216100352,25913344,190187008,222678008,,,31554,9186769,,2.342828995705173,"{""alpha"": 0.8, ""block_cap"": 0.15, ""init"": ""rr"", ""mu"": 1.0, ""nu"": 0.5, ""subgraph_mode"": ""op""}",False,
case_091,2,2,5,capls,_best,0,1.381,20.665,True,1898042,73166848,25913344,47253504,79744504,,,5,9186769,,4.840129459727446,"{""block_cap"": 0.15}",True,results\plans\case_091_p2_n5_capls_best.json
case_091,3,3,5,capls,c0,0,1.383,18.216,True,1932866,71466624,22093824,49372800,78044280,0.2787954571188051,21746688,5,9186769,,4.752925965897274,"{""block_cap"": 0.35}",False,
case_091,3,3,5,capls,c1,0,1.66,22.639,True,1884651,73166848,25913344,47253504,79744504,0.31283685255253135,24933888,5,9186769,,4.874520003968905,"{""block_cap"": 0.15}",True,
case_091,3,3,5,capls,c2,0,2.38,18.491,True,1945876,71091840,22093824,48998016,77669496,0.2063169350251045,16015872,5,9186769,,4.721148212938543,"{""block_cap"": 0.35, ""init"": ""rr""}",False,
case_091,3,3,5,capls,c3,0,1.524,18.472,True,1909482,53879424,17193984,36685440,60457080,0.18236711137665176,11017728,5,9186769,,4.811131500584976,"{""block_cap"": 0.35, ""init"": ""contig""}",False,
case_091,3,3,5,capls,c4,0,1.469,14.356,True,1915215,72134784,22093824,50040960,78712440,0.3629210576411498,28551168,509,9186769,,4.796729871058863,"{""block_cap"": 0.35, ""subgraph_mode"": ""block""}",False,
case_091,3,3,5,capls,c5,0,2.487,14.783,True,1929136,71220864,22093824,49127040,77798520,0.25170501405000717,19571712,509,9186769,,4.762115786549004,"{""block_cap"": 0.35, ""init"": ""rr"", ""subgraph_mode"": ""block""}",False,
case_091,3,3,5,capls,c6,0,1.472,18.216,True,1932866,71466624,22093824,49372800,78044280,0.2787954571188051,21746688,5,9186769,,4.752925965897274,"{""block_cap"": 0.6, ""comm_weight"": 1e-06}",False,
case_091,3,3,5,capls,c7,0,1.42,22.639,True,1884651,73166848,25913344,47253504,79744504,0.31283685255253135,24933888,5,9186769,,4.874520003968905,"{""block_cap"": 0.08}",False,
case_091,3,3,5,capls,c8,0,1.122,13.277,True,2015469,61196800,38840320,22356480,67774456,0.5064024416935144,29615776,64,9186769,,4.558129646251071,"{""block_cap"": 0.005}",False,
case_091,3,3,5,capls,c9,0,1.59,14.571,True,1911600,72014976,22093824,49921152,78592632,0.29694306065480003,23324160,64,9186769,,4.805800899769826,"{""block_cap"": 0.35, ""max_ops"": 500}",False,
case_091,3,3,5,capls,c10,0,1.134,15.628,True,2358544,67542144,16570368,50971776,74119800,0.20529674305767945,15207936,4,9186769,,3.895101808573425,"{""block_cap"": 0.35, ""cores_used"": 4}",False,
case_091,3,3,5,capls,c11,0,1.331,18.216,True,1932866,71466624,22093824,49372800,78044280,0.2787954571188051,21746688,5,9186769,,4.752925965897274,"{""block_cap"": 0.35, ""sync_weight"": 0.0}",False,
case_091,3,3,5,capls,c12,0,2.486,18.491,True,1945876,71091840,22093824,48998016,77669496,0.2063169350251045,16015872,5,9186769,,4.721148212938543,"{""block_cap"": 0.35, ""init"": ""rr"", ""level_mode"": ""alap_fill""}",False,
case_091,3,3,5,capls,c13,0,2.744,18.491,True,1945876,71091840,22093824,48998016,77669496,0.2063169350251045,16015872,5,9186769,,4.721148212938543,"{""block_cap"": 0.35, ""init"": ""rr"", ""level_mode"": ""alap_compress""}",False,
case_091,3,3,5,capls,c14,0,6.158,21.561,True,3745991,212104192,22093824,190010368,218681848,0.15019165495736872,21726720,31554,9186769,,2.452426874490622,"{""alpha"": 0.8, ""block_cap"": 0.35, ""init"": ""rr"", ""mu"": 1.0, ""nu"": 0.5, ""subgraph_mode"": ""op""}",False,
case_091,3,3,5,capls,c15,0,6.043,25.06,True,3748498,212104192,22093824,190010368,218681848,0.15019165495736872,21726720,31554,9186769,,2.4507866884282716,"{""alpha"": 1.0, ""block_cap"": 0.35, ""init"": ""rr"", ""mu"": 1.0, ""nu"": 0.5, ""subgraph_mode"": ""op""}",False,
case_091,3,3,5,capls,c16,0,5.749,25.168,True,3755661,212104192,22093824,190010368,218681848,0.14743097413100492,21327360,31554,9186769,,2.4461124153644325,"{""alpha"": 0.8, ""block_cap"": 0.35, ""init"": ""rr"", ""mu"": 0.0, ""nu"": 0.0, ""subgraph_mode"": ""op""}",False,
case_091,3,3,5,capls,c17,0,5.087,22.825,True,3790058,216100352,25913344,190187008,222678008,0.16654041882148785,24764928,31554,9186769,,2.4239125100460206,"{""alpha"": 0.8, ""block_cap"": 0.15, ""init"": ""rr"", ""mu"": 1.0, ""nu"": 0.5, ""subgraph_mode"": ""op""}",False,
case_091,3,3,5,capls,_best,0,1.644,22.639,True,1884651,73166848,25913344,47253504,79744504,0.31283685255253135,24933888,5,9186769,,4.874520003968905,"{""block_cap"": 0.15}",True,results\plans\case_091_p3_n5_capls_best.json
