case,problem,num_cores,makespan,baseline_makespan,speedup,source,source_n,plan
case_001,1,1,233110,233110,1.0,self,1,results/final_plans_mono/p1/n1/case_001_multicore_res.json
case_001,1,2,116868,233110,1.9946,self,2,results/final_plans_mono/p1/n2/case_001_multicore_res.json
case_001,1,3,78545,233110,2.9679,self,3,results/final_plans_mono/p1/n3/case_001_multicore_res.json
case_001,1,4,58984,233110,3.9521,self,4,results/final_plans_mono/p1/n4/case_001_multicore_res.json
case_001,1,5,47502,233110,4.9074,self,5,results/final_plans_mono/p1/n5/case_001_multicore_res.json
case_001,2,1,233110,233110,1.0,self,1,results/final_plans_mono/p2/n1/case_001_multicore_res.json
case_001,2,2,116868,233110,1.9946,self,2,results/final_plans_mono/p2/n2/case_001_multicore_res.json
case_001,2,3,78545,233110,2.9679,self,3,results/final_plans_mono/p2/n3/case_001_multicore_res.json
case_001,2,4,58984,233110,3.9521,self,4,results/final_plans_mono/p2/n4/case_001_multicore_res.json
case_001,2,5,47502,233110,4.9074,self,5,results/final_plans_mono/p2/n5/case_001_multicore_res.json
case_001,3,1,233110,233110,1.0,self,1,results/final_plans_mono/p3/n1/case_001_multicore_res.json
case_001,3,2,116868,233110,1.9946,self,2,results/final_plans_mono/p3/n2/case_001_multicore_res.json
case_001,3,3,78545,233110,2.9679,self,3,results/final_plans_mono/p3/n3/case_001_multicore_res.json
case_001,3,4,58984,233110,3.9521,self,4,results/final_plans_mono/p3/n4/case_001_multicore_res.json
case_001,3,5,47502,233110,4.9074,self,5,results/final_plans_mono/p3/n5/case_001_multicore_res.json
case_002,1,1,261945,261945,1.0,self,1,results/final_plans_mono/p1/n1/case_002_multicore_res.json
case_002,1,2,132841,261945,1.9719,self,2,results/final_plans_mono/p1/n2/case_002_multicore_res.json
case_002,1,3,90573,261945,2.8921,self,3,results/final_plans_mono/p1/n3/case_002_multicore_res.json
case_002,1,4,69677,261945,3.7594,self,4,results/final_plans_mono/p1/n4/case_002_multicore_res.json
case_002,1,5,56971,261945,4.5979,self,5,results/final_plans_mono/p1/n5/case_002_multicore_res.json
case_002,2,1,261945,261945,1.0,self,1,results/final_plans_mono/p2/n1/case_002_multicore_res.json
case_002,2,2,121768,261945,2.1512,self,2,results/final_plans_mono/p2/n2/case_002_multicore_res.json
case_002,2,3,82329,261945,3.1817,self,3,results/final_plans_mono/p2/n3/case_002_multicore_res.json
case_002,2,4,65442,261945,4.0027,self,4,results/final_plans_mono/p2/n4/case_002_multicore_res.json
case_002,2,5,54581,261945,4.7992,self,5,results/final_plans_mono/p2/n5/case_002_multicore_res.json
case_002,3,1,261945,261945,1.0,self,1,results/final_plans_mono/p3/n1/case_002_multicore_res.json
case_002,3,2,121768,261945,2.1512,self,2,results/final_plans_mono/p3/n2/case_002_multicore_res.json
case_002,3,3,82329,261945,3.1817,self,3,results/final_plans_mono/p3/n3/case_002_multicore_res.json
case_002,3,4,65392,261945,4.0058,self,4,results/final_plans_mono/p3/n4/case_002_multicore_res.json
case_002,3,5,54581,261945,4.7992,self,5,results/final_plans_mono/p3/n5/case_002_multicore_res.json
case_003,1,1,602212,602212,1.0,self,1,results/final_plans_mono/p1/n1/case_003_multicore_res.json
case_003,1,2,561059,602212,1.0733,self,2,results/final_plans_mono/p1/n2/case_003_multicore_res.json
case_003,1,3,286936,602212,2.0988,self,3,results/final_plans_mono/p1/n3/case_003_multicore_res.json
case_003,1,4,225768,602212,2.6674,self,4,results/final_plans_mono/p1/n4/case_003_multicore_res.json
case_003,1,5,225768,602212,2.6674,embed_from_4,4,results/final_plans_mono/p1/n5/case_003_multicore_res.json
case_003,2,1,602212,602212,1.0,self,1,results/final_plans_mono/p2/n1/case_003_multicore_res.json
case_003,2,2,285420,602212,2.1099,self,2,results/final_plans_mono/p2/n2/case_003_multicore_res.json
case_003,2,3,252886,602212,2.3814,self,3,results/final_plans_mono/p2/n3/case_003_multicore_res.json
case_003,2,4,182260,602212,3.3041,self,4,results/final_plans_mono/p2/n4/case_003_multicore_res.json
case_003,2,5,182260,602212,3.3041,embed_from_4,4,results/final_plans_mono/p2/n5/case_003_multicore_res.json
case_003,3,1,602212,602212,1.0,self,1,results/final_plans_mono/p3/n1/case_003_multicore_res.json
case_003,3,2,285418,602212,2.1099,self,2,results/final_plans_mono/p3/n2/case_003_multicore_res.json
case_003,3,3,251261,602212,2.3968,self,3,results/final_plans_mono/p3/n3/case_003_multicore_res.json
case_003,3,4,179646,602212,3.3522,self,4,results/final_plans_mono/p3/n4/case_003_multicore_res.json
case_003,3,5,179646,602212,3.3522,embed_from_4,4,results/final_plans_mono/p3/n5/case_003_multicore_res.json
case_004,1,1,392357,392357,1.0,self,1,results/final_plans_mono/p1/n1/case_004_multicore_res.json
case_004,1,2,199074,392357,1.9709,self,2,results/final_plans_mono/p1/n2/case_004_multicore_res.json
case_004,1,3,134043,392357,2.9271,self,3,results/final_plans_mono/p1/n3/case_004_multicore_res.json
case_004,1,4,104188,392357,3.7659,self,4,results/final_plans_mono/p1/n4/case_004_multicore_res.json
case_004,1,5,88341,392357,4.4414,self,5,results/final_plans_mono/p1/n5/case_004_multicore_res.json
case_004,2,1,392357,392357,1.0,self,1,results/final_plans_mono/p2/n1/case_004_multicore_res.json
case_004,2,2,195960,392357,2.0022,self,2,results/final_plans_mono/p2/n2/case_004_multicore_res.json
case_004,2,3,130725,392357,3.0014,self,3,results/final_plans_mono/p2/n3/case_004_multicore_res.json
case_004,2,4,100126,392357,3.9186,self,4,results/final_plans_mono/p2/n4/case_004_multicore_res.json
case_004,2,5,83319,392357,4.7091,self,5,results/final_plans_mono/p2/n5/case_004_multicore_res.json
case_004,3,1,392357,392357,1.0,self,1,results/final_plans_mono/p3/n1/case_004_multicore_res.json
case_004,3,2,195960,392357,2.0022,self,2,results/final_plans_mono/p3/n2/case_004_multicore_res.json
case_004,3,3,130725,392357,3.0014,self,3,results/final_plans_mono/p3/n3/case_004_multicore_res.json
case_004,3,4,100126,392357,3.9186,self,4,results/final_plans_mono/p3/n4/case_004_multicore_res.json
case_004,3,5,83319,392357,4.7091,self,5,results/final_plans_mono/p3/n5/case_004_multicore_res.json
case_005,1,1,95618,95618,1.0,self,1,results/final_plans_mono/p1/n1/case_005_multicore_res.json
case_005,1,2,68676,95618,1.3923,self,2,results/final_plans_mono/p1/n2/case_005_multicore_res.json
case_005,1,3,55517,95618,1.7223,self,3,results/final_plans_mono/p1/n3/case_005_multicore_res.json
case_005,1,4,55517,95618,1.7223,embed_from_3,3,results/final_plans_mono/p1/n4/case_005_multicore_res.json
case_005,1,5,55517,95618,1.7223,embed_from_3,3,results/final_plans_mono/p1/n5/case_005_multicore_res.json
case_005,2,1,95618,95618,1.0,self,1,results/final_plans_mono/p2/n1/case_005_multicore_res.json
case_005,2,2,52975,95618,1.805,self,2,results/final_plans_mono/p2/n2/case_005_multicore_res.json
case_005,2,3,38285,95618,2.4975,self,3,results/final_plans_mono/p2/n3/case_005_multicore_res.json
case_005,2,4,38285,95618,2.4975,embed_from_3,3,results/final_plans_mono/p2/n4/case_005_multicore_res.json
case_005,2,5,38285,95618,2.4975,embed_from_3,3,results/final_plans_mono/p2/n5/case_005_multicore_res.json
case_005,3,1,95618,95618,1.0,self,1,results/final_plans_mono/p3/n1/case_005_multicore_res.json
case_005,3,2,52945,95618,1.806,self,2,results/final_plans_mono/p3/n2/case_005_multicore_res.json
case_005,3,3,38024,95618,2.5147,self,3,results/final_plans_mono/p3/n3/case_005_multicore_res.json
case_005,3,4,36155,95618,2.6447,self,4,results/final_plans_mono/p3/n4/case_005_multicore_res.json
case_005,3,5,35497,95618,2.6937,self,5,results/final_plans_mono/p3/n5/case_005_multicore_res.json
case_006,1,1,82837,82837,1.0,self,1,results/final_plans_mono/p1/n1/case_006_multicore_res.json
case_006,1,2,45035,82837,1.8394,self,2,results/final_plans_mono/p1/n2/case_006_multicore_res.json
case_006,1,3,36031,82837,2.299,self,3,results/final_plans_mono/p1/n3/case_006_multicore_res.json
case_006,1,4,33209,82837,2.4944,self,4,results/final_plans_mono/p1/n4/case_006_multicore_res.json
case_006,1,5,28796,82837,2.8767,self,5,results/final_plans_mono/p1/n5/case_006_multicore_res.json
case_006,2,1,82837,82837,1.0,self,1,results/final_plans_mono/p2/n1/case_006_multicore_res.json
case_006,2,2,43854,82837,1.8889,self,2,results/final_plans_mono/p2/n2/case_006_multicore_res.json
case_006,2,3,27968,82837,2.9618,self,3,results/final_plans_mono/p2/n3/case_006_multicore_res.json
case_006,2,4,25390,82837,3.2626,self,4,results/final_plans_mono/p2/n4/case_006_multicore_res.json
case_006,2,5,22940,82837,3.611,self,5,results/final_plans_mono/p2/n5/case_006_multicore_res.json
case_006,3,1,82837,82837,1.0,self,1,results/final_plans_mono/p3/n1/case_006_multicore_res.json
case_006,3,2,43776,82837,1.8923,self,2,results/final_plans_mono/p3/n2/case_006_multicore_res.json
case_006,3,3,26930,82837,3.076,self,3,results/final_plans_mono/p3/n3/case_006_multicore_res.json
case_006,3,4,25382,82837,3.2636,self,4,results/final_plans_mono/p3/n4/case_006_multicore_res.json
case_006,3,5,22533,82837,3.6763,self,5,results/final_plans_mono/p3/n5/case_006_multicore_res.json
case_007,1,1,1012562,1012562,1.0,self,1,results/final_plans_mono/p1/n1/case_007_multicore_res.json
case_007,1,2,507494,1012562,1.9952,self,2,results/final_plans_mono/p1/n2/case_007_multicore_res.json
case_007,1,3,338094,1012562,2.9949,self,3,results/final_plans_mono/p1/n3/case_007_multicore_res.json
case_007,1,4,254398,1012562,3.9802,self,4,results/final_plans_mono/p1/n4/case_007_multicore_res.json
case_007,1,5,203834,1012562,4.9676,self,5,results/final_plans_mono/p1/n5/case_007_multicore_res.json
case_007,2,1,1012562,1012562,1.0,self,1,results/final_plans_mono/p2/n1/case_007_multicore_res.json
case_007,2,2,507494,1012562,1.9952,self,2,results/final_plans_mono/p2/n2/case_007_multicore_res.json
case_007,2,3,338094,1012562,2.9949,self,3,results/final_plans_mono/p2/n3/case_007_multicore_res.json
case_007,2,4,254398,1012562,3.9802,self,4,results/final_plans_mono/p2/n4/case_007_multicore_res.json
case_007,2,5,203834,1012562,4.9676,self,5,results/final_plans_mono/p2/n5/case_007_multicore_res.json
case_007,3,1,1012562,1012562,1.0,self,1,results/final_plans_mono/p3/n1/case_007_multicore_res.json
case_007,3,2,507494,1012562,1.9952,self,2,results/final_plans_mono/p3/n2/case_007_multicore_res.json
case_007,3,3,338094,1012562,2.9949,self,3,results/final_plans_mono/p3/n3/case_007_multicore_res.json
case_007,3,4,254398,1012562,3.9802,self,4,results/final_plans_mono/p3/n4/case_007_multicore_res.json
case_007,3,5,203834,1012562,4.9676,self,5,results/final_plans_mono/p3/n5/case_007_multicore_res.json
case_008,1,1,487605,487605,1.0,self,1,results/final_plans_mono/p1/n1/case_008_multicore_res.json
case_008,1,2,244163,487605,1.997,self,2,results/final_plans_mono/p1/n2/case_008_multicore_res.json
case_008,1,3,163256,487605,2.9868,self,3,results/final_plans_mono/p1/n3/case_008_multicore_res.json
case_008,1,4,122957,487605,3.9657,self,4,results/final_plans_mono/p1/n4/case_008_multicore_res.json
case_008,1,5,100500,487605,4.8518,self,5,results/final_plans_mono/p1/n5/case_008_multicore_res.json
case_008,2,1,487605,487605,1.0,self,1,results/final_plans_mono/p2/n1/case_008_multicore_res.json
case_008,2,2,155082,487605,3.1442,self,2,results/final_plans_mono/p2/n2/case_008_multicore_res.json
case_008,2,3,110895,487605,4.397,self,3,results/final_plans_mono/p2/n3/case_008_multicore_res.json
case_008,2,4,88500,487605,5.5097,self,4,results/final_plans_mono/p2/n4/case_008_multicore_res.json
case_008,2,5,71833,487605,6.788,self,5,results/final_plans_mono/p2/n5/case_008_multicore_res.json
case_008,3,1,487605,487605,1.0,self,1,results/final_plans_mono/p3/n1/case_008_multicore_res.json
case_008,3,2,155082,487605,3.1442,self,2,results/final_plans_mono/p3/n2/case_008_multicore_res.json
case_008,3,3,110895,487605,4.397,self,3,results/final_plans_mono/p3/n3/case_008_multicore_res.json
case_008,3,4,88500,487605,5.5097,self,4,results/final_plans_mono/p3/n4/case_008_multicore_res.json
case_008,3,5,71833,487605,6.788,self,5,results/final_plans_mono/p3/n5/case_008_multicore_res.json
case_009,1,1,153261,153261,1.0,self,1,results/final_plans_mono/p1/n1/case_009_multicore_res.json
case_009,1,2,111035,153261,1.3803,self,2,results/final_plans_mono/p1/n2/case_009_multicore_res.json
case_009,1,3,88247,153261,1.7367,self,3,results/final_plans_mono/p1/n3/case_009_multicore_res.json
case_009,1,4,88247,153261,1.7367,embed_from_3,3,results/final_plans_mono/p1/n4/case_009_multicore_res.json
case_009,1,5,68190,153261,2.2476,self,5,results/final_plans_mono/p1/n5/case_009_multicore_res.json
case_009,2,1,153261,153261,1.0,self,1,results/final_plans_mono/p2/n1/case_009_multicore_res.json
case_009,2,2,91267,153261,1.6793,self,2,results/final_plans_mono/p2/n2/case_009_multicore_res.json
case_009,2,3,66004,153261,2.322,self,3,results/final_plans_mono/p2/n3/case_009_multicore_res.json
case_009,2,4,63921,153261,2.3977,self,4,results/final_plans_mono/p2/n4/case_009_multicore_res.json
case_009,2,5,49750,153261,3.0806,self,5,results/final_plans_mono/p2/n5/case_009_multicore_res.json
case_009,3,1,153261,153261,1.0,self,1,results/final_plans_mono/p3/n1/case_009_multicore_res.json
case_009,3,2,91263,153261,1.6793,self,2,results/final_plans_mono/p3/n2/case_009_multicore_res.json
case_009,3,3,65976,153261,2.323,self,3,results/final_plans_mono/p3/n3/case_009_multicore_res.json
case_009,3,4,63026,153261,2.4317,self,4,results/final_plans_mono/p3/n4/case_009_multicore_res.json
case_009,3,5,48320,153261,3.1718,self,5,results/final_plans_mono/p3/n5/case_009_multicore_res.json
case_010,1,1,86969,86969,1.0,self,1,results/final_plans_mono/p1/n1/case_010_multicore_res.json
case_010,1,2,44202,86969,1.9675,self,2,results/final_plans_mono/p1/n2/case_010_multicore_res.json
case_010,1,3,35952,86969,2.419,self,3,results/final_plans_mono/p1/n3/case_010_multicore_res.json
case_010,1,4,35660,86969,2.4388,self,4,results/final_plans_mono/p1/n4/case_010_multicore_res.json
case_010,1,5,33508,86969,2.5955,self,5,results/final_plans_mono/p1/n5/case_010_multicore_res.json
case_010,2,1,86969,86969,1.0,self,1,results/final_plans_mono/p2/n1/case_010_multicore_res.json
case_010,2,2,42089,86969,2.0663,self,2,results/final_plans_mono/p2/n2/case_010_multicore_res.json
case_010,2,3,27958,86969,3.1107,self,3,results/final_plans_mono/p2/n3/case_010_multicore_res.json
case_010,2,4,26757,86969,3.2503,self,4,results/final_plans_mono/p2/n4/case_010_multicore_res.json
case_010,2,5,23284,86969,3.7351,self,5,results/final_plans_mono/p2/n5/case_010_multicore_res.json
case_010,3,1,86969,86969,1.0,self,1,results/final_plans_mono/p3/n1/case_010_multicore_res.json
case_010,3,2,41582,86969,2.0915,self,2,results/final_plans_mono/p3/n2/case_010_multicore_res.json
case_010,3,3,27337,86969,3.1814,self,3,results/final_plans_mono/p3/n3/case_010_multicore_res.json
case_010,3,4,24926,86969,3.4891,self,4,results/final_plans_mono/p3/n4/case_010_multicore_res.json
case_010,3,5,22007,86969,3.9519,self,5,results/final_plans_mono/p3/n5/case_010_multicore_res.json
case_011,1,1,184697,184697,1.0,self,1,results/final_plans_mono/p1/n1/case_011_multicore_res.json
case_011,1,2,92646,184697,1.9936,self,2,results/final_plans_mono/p1/n2/case_011_multicore_res.json
case_011,1,3,69625,184697,2.6527,self,3,results/final_plans_mono/p1/n3/case_011_multicore_res.json
case_011,1,4,46880,184697,3.9398,self,4,results/final_plans_mono/p1/n4/case_011_multicore_res.json
case_011,1,5,46777,184697,3.9485,self,5,results/final_plans_mono/p1/n5/case_011_multicore_res.json
case_011,2,1,184697,184697,1.0,self,1,results/final_plans_mono/p2/n1/case_011_multicore_res.json
case_011,2,2,92646,184697,1.9936,self,2,results/final_plans_mono/p2/n2/case_011_multicore_res.json
case_011,2,3,66222,184697,2.7891,self,3,results/final_plans_mono/p2/n3/case_011_multicore_res.json
case_011,2,4,46880,184697,3.9398,self,4,results/final_plans_mono/p2/n4/case_011_multicore_res.json
case_011,2,5,40551,184697,4.5547,self,5,results/final_plans_mono/p2/n5/case_011_multicore_res.json
case_011,3,1,184697,184697,1.0,self,1,results/final_plans_mono/p3/n1/case_011_multicore_res.json
case_011,3,2,92646,184697,1.9936,self,2,results/final_plans_mono/p3/n2/case_011_multicore_res.json
case_011,3,3,66222,184697,2.7891,self,3,results/final_plans_mono/p3/n3/case_011_multicore_res.json
case_011,3,4,46880,184697,3.9398,self,4,results/final_plans_mono/p3/n4/case_011_multicore_res.json
case_011,3,5,43081,184697,4.2872,self,5,results/final_plans_mono/p3/n5/case_011_multicore_res.json
case_012,1,1,59088,59088,1.0,self,1,results/final_plans_mono/p1/n1/case_012_multicore_res.json
case_012,1,2,29841,59088,1.9801,self,2,results/final_plans_mono/p1/n2/case_012_multicore_res.json
case_012,1,3,21365,59088,2.7656,self,3,results/final_plans_mono/p1/n3/case_012_multicore_res.json
case_012,1,4,19044,59088,3.1027,self,4,results/final_plans_mono/p1/n4/case_012_multicore_res.json
case_012,1,5,18241,59088,3.2393,self,5,results/final_plans_mono/p1/n5/case_012_multicore_res.json
case_012,2,1,59088,59088,1.0,self,1,results/final_plans_mono/p2/n1/case_012_multicore_res.json
case_012,2,2,21950,59088,2.6919,self,2,results/final_plans_mono/p2/n2/case_012_multicore_res.json
case_012,2,3,18325,59088,3.2244,self,3,results/final_plans_mono/p2/n3/case_012_multicore_res.json
case_012,2,4,15493,59088,3.8139,self,4,results/final_plans_mono/p2/n4/case_012_multicore_res.json
case_012,2,5,14614,59088,4.0432,self,5,results/final_plans_mono/p2/n5/case_012_multicore_res.json
case_012,3,1,59088,59088,1.0,self,1,results/final_plans_mono/p3/n1/case_012_multicore_res.json
case_012,3,2,21950,59088,2.6919,self,2,results/final_plans_mono/p3/n2/case_012_multicore_res.json
case_012,3,3,19484,59088,3.0326,self,3,results/final_plans_mono/p3/n3/case_012_multicore_res.json
case_012,3,4,14808,59088,3.9903,self,4,results/final_plans_mono/p3/n4/case_012_multicore_res.json
case_012,3,5,13281,59088,4.4491,self,5,results/final_plans_mono/p3/n5/case_012_multicore_res.json
case_013,1,1,263949,263949,1.0,self,1,results/final_plans_mono/p1/n1/case_013_multicore_res.json
case_013,1,2,132198,263949,1.9966,self,2,results/final_plans_mono/p1/n2/case_013_multicore_res.json
case_013,1,3,88351,263949,2.9875,self,3,results/final_plans_mono/p1/n3/case_013_multicore_res.json
case_013,1,4,66982,263949,3.9406,self,4,results/final_plans_mono/p1/n4/case_013_multicore_res.json
case_013,1,5,54363,263949,4.8553,self,5,results/final_plans_mono/p1/n5/case_013_multicore_res.json
case_013,2,1,263949,263949,1.0,self,1,results/final_plans_mono/p2/n1/case_013_multicore_res.json
case_013,2,2,132198,263949,1.9966,self,2,results/final_plans_mono/p2/n2/case_013_multicore_res.json
case_013,2,3,88351,263949,2.9875,self,3,results/final_plans_mono/p2/n3/case_013_multicore_res.json
case_013,2,4,66982,263949,3.9406,self,4,results/final_plans_mono/p2/n4/case_013_multicore_res.json
case_013,2,5,54363,263949,4.8553,self,5,results/final_plans_mono/p2/n5/case_013_multicore_res.json
case_013,3,1,263949,263949,1.0,self,1,results/final_plans_mono/p3/n1/case_013_multicore_res.json
case_013,3,2,132198,263949,1.9966,self,2,results/final_plans_mono/p3/n2/case_013_multicore_res.json
case_013,3,3,88351,263949,2.9875,self,3,results/final_plans_mono/p3/n3/case_013_multicore_res.json
case_013,3,4,66982,263949,3.9406,self,4,results/final_plans_mono/p3/n4/case_013_multicore_res.json
case_013,3,5,54363,263949,4.8553,self,5,results/final_plans_mono/p3/n5/case_013_multicore_res.json
case_014,1,1,17698626,17698626,1.0,self,1,results/final_plans_mono/p1/n1/case_014_multicore_res.json
case_014,1,2,17698626,17698626,1.0,embed_from_1,1,results/final_plans_mono/p1/n2/case_014_multicore_res.json
case_014,1,3,17698626,17698626,1.0,embed_from_1,1,results/final_plans_mono/p1/n3/case_014_multicore_res.json
case_014,1,4,4577787,17698626,3.8662,self,4,results/final_plans_mono/p1/n4/case_014_multicore_res.json
case_014,1,5,3752694,17698626,4.7162,self,5,results/final_plans_mono/p1/n5/case_014_multicore_res.json
case_014,2,1,17698626,17698626,1.0,self,1,results/final_plans_mono/p2/n1/case_014_multicore_res.json
case_014,2,2,8904271,17698626,1.9877,self,2,results/final_plans_mono/p2/n2/case_014_multicore_res.json
case_014,2,3,5933771,17698626,2.9827,self,3,results/final_plans_mono/p2/n3/case_014_multicore_res.json
case_014,2,4,4511152,17698626,3.9233,self,4,results/final_plans_mono/p2/n4/case_014_multicore_res.json
case_014,2,5,3722693,17698626,4.7543,self,5,results/final_plans_mono/p2/n5/case_014_multicore_res.json
case_014,3,1,17689602,17698626,1.0005,self,1,results/final_plans_mono/p3/n1/case_014_multicore_res.json
case_014,3,2,8896369,17698626,1.9894,self,2,results/final_plans_mono/p3/n2/case_014_multicore_res.json
case_014,3,3,5881266,17698626,3.0093,self,3,results/final_plans_mono/p3/n3/case_014_multicore_res.json
case_014,3,4,4453421,17698626,3.9742,self,4,results/final_plans_mono/p3/n4/case_014_multicore_res.json
case_014,3,5,3709834,17698626,4.7707,self,5,results/final_plans_mono/p3/n5/case_014_multicore_res.json
case_015,1,1,177362,177362,1.0,self,1,results/final_plans_mono/p1/n1/case_015_multicore_res.json
case_015,1,2,88439,177362,2.0055,self,2,results/final_plans_mono/p1/n2/case_015_multicore_res.json
case_015,1,3,61168,177362,2.8996,self,3,results/final_plans_mono/p1/n3/case_015_multicore_res.json
case_015,1,4,53003,177362,3.3463,self,4,results/final_plans_mono/p1/n4/case_015_multicore_res.json
case_015,1,5,53003,177362,3.3463,embed_from_4,4,results/final_plans_mono/p1/n5/case_015_multicore_res.json
case_015,2,1,177362,177362,1.0,self,1,results/final_plans_mono/p2/n1/case_015_multicore_res.json
case_015,2,2,83564,177362,2.1225,self,2,results/final_plans_mono/p2/n2/case_015_multicore_res.json
case_015,2,3,58843,177362,3.0142,self,3,results/final_plans_mono/p2/n3/case_015_multicore_res.json
case_015,2,4,43898,177362,4.0403,self,4,results/final_plans_mono/p2/n4/case_015_multicore_res.json
case_015,2,5,43376,177362,4.0889,self,5,results/final_plans_mono/p2/n5/case_015_multicore_res.json
case_015,3,1,177362,177362,1.0,self,1,results/final_plans_mono/p3/n1/case_015_multicore_res.json
case_015,3,2,83405,177362,2.1265,self,2,results/final_plans_mono/p3/n2/case_015_multicore_res.json
case_015,3,3,58467,177362,3.0335,self,3,results/final_plans_mono/p3/n3/case_015_multicore_res.json
case_015,3,4,46043,177362,3.8521,self,4,results/final_plans_mono/p3/n4/case_015_multicore_res.json
case_015,3,5,42703,177362,4.1534,self,5,results/final_plans_mono/p3/n5/case_015_multicore_res.json
case_016,1,1,7715523,7715523,1.0,self,1,results/final_plans_mono/p1/n1/case_016_multicore_res.json
case_016,1,2,7715523,7715523,1.0,embed_from_1,1,results/final_plans_mono/p1/n2/case_016_multicore_res.json
case_016,1,3,7715523,7715523,1.0,embed_from_1,1,results/final_plans_mono/p1/n3/case_016_multicore_res.json
case_016,1,4,7715523,7715523,1.0,embed_from_1,1,results/final_plans_mono/p1/n4/case_016_multicore_res.json
case_016,1,5,7715523,7715523,1.0,embed_from_1,1,results/final_plans_mono/p1/n5/case_016_multicore_res.json
case_016,2,1,7715523,7715523,1.0,self,1,results/final_plans_mono/p2/n1/case_016_multicore_res.json
case_016,2,2,7715523,7715523,1.0,embed_from_1,1,results/final_plans_mono/p2/n2/case_016_multicore_res.json
case_016,2,3,7715523,7715523,1.0,embed_from_1,1,results/final_plans_mono/p2/n3/case_016_multicore_res.json
case_016,2,4,6104382,7715523,1.2639,self,4,results/final_plans_mono/p2/n4/case_016_multicore_res.json
case_016,2,5,6104382,7715523,1.2639,embed_from_4,4,results/final_plans_mono/p2/n5/case_016_multicore_res.json
case_016,3,1,7715523,7715523,1.0,self,1,results/final_plans_mono/p3/n1/case_016_multicore_res.json
case_016,3,2,7715523,7715523,1.0,embed_from_1,1,results/final_plans_mono/p3/n2/case_016_multicore_res.json
case_016,3,3,7715523,7715523,1.0,embed_from_1,1,results/final_plans_mono/p3/n3/case_016_multicore_res.json
case_016,3,4,6103967,7715523,1.264,self,4,results/final_plans_mono/p3/n4/case_016_multicore_res.json
case_016,3,5,6103967,7715523,1.264,embed_from_4,4,results/final_plans_mono/p3/n5/case_016_multicore_res.json
case_017,1,1,162810,162810,1.0,self,1,results/final_plans_mono/p1/n1/case_017_multicore_res.json
case_017,1,2,80139,162810,2.0316,self,2,results/final_plans_mono/p1/n2/case_017_multicore_res.json
case_017,1,3,57528,162810,2.8301,self,3,results/final_plans_mono/p1/n3/case_017_multicore_res.json
case_017,1,4,46304,162810,3.5161,self,4,results/final_plans_mono/p1/n4/case_017_multicore_res.json
case_017,1,5,36065,162810,4.5143,self,5,results/final_plans_mono/p1/n5/case_017_multicore_res.json
case_017,2,1,162810,162810,1.0,self,1,results/final_plans_mono/p2/n1/case_017_multicore_res.json
case_017,2,2,71293,162810,2.2837,self,2,results/final_plans_mono/p2/n2/case_017_multicore_res.json
case_017,2,3,44420,162810,3.6652,self,3,results/final_plans_mono/p2/n3/case_017_multicore_res.json
case_017,2,4,35734,162810,4.5562,self,4,results/final_plans_mono/p2/n4/case_017_multicore_res.json
case_017,2,5,29386,162810,5.5404,self,5,results/final_plans_mono/p2/n5/case_017_multicore_res.json
case_017,3,1,162810,162810,1.0,self,1,results/final_plans_mono/p3/n1/case_017_multicore_res.json
case_017,3,2,71293,162810,2.2837,self,2,results/final_plans_mono/p3/n2/case_017_multicore_res.json
case_017,3,3,44420,162810,3.6652,self,3,results/final_plans_mono/p3/n3/case_017_multicore_res.json
case_017,3,4,35734,162810,4.5562,self,4,results/final_plans_mono/p3/n4/case_017_multicore_res.json
case_017,3,5,29386,162810,5.5404,self,5,results/final_plans_mono/p3/n5/case_017_multicore_res.json
case_018,1,1,1004367,1004367,1.0,self,1,results/final_plans_mono/p1/n1/case_018_multicore_res.json
case_018,1,2,505446,1004367,1.9871,self,2,results/final_plans_mono/p1/n2/case_018_multicore_res.json
case_018,1,3,338456,1004367,2.9675,self,3,results/final_plans_mono/p1/n3/case_018_multicore_res.json
case_018,1,4,254677,1004367,3.9437,self,4,results/final_plans_mono/p1/n4/case_018_multicore_res.json
case_018,1,5,204554,1004367,4.91,self,5,results/final_plans_mono/p1/n5/case_018_multicore_res.json
case_018,2,1,1004367,1004367,1.0,self,1,results/final_plans_mono/p2/n1/case_018_multicore_res.json
case_018,2,2,505446,1004367,1.9871,self,2,results/final_plans_mono/p2/n2/case_018_multicore_res.json
case_018,2,3,338456,1004367,2.9675,self,3,results/final_plans_mono/p2/n3/case_018_multicore_res.json
case_018,2,4,254778,1004367,3.9421,self,4,results/final_plans_mono/p2/n4/case_018_multicore_res.json
case_018,2,5,204554,1004367,4.91,self,5,results/final_plans_mono/p2/n5/case_018_multicore_res.json
case_018,3,1,1003110,1004367,1.0013,self,1,results/final_plans_mono/p3/n1/case_018_multicore_res.json
case_018,3,2,503076,1004367,1.9965,self,2,results/final_plans_mono/p3/n2/case_018_multicore_res.json
case_018,3,3,337587,1004367,2.9751,self,3,results/final_plans_mono/p3/n3/case_018_multicore_res.json
case_018,3,4,252790,1004367,3.9731,self,4,results/final_plans_mono/p3/n4/case_018_multicore_res.json
case_018,3,5,204343,1004367,4.9151,self,5,results/final_plans_mono/p3/n5/case_018_multicore_res.json
case_019,1,1,81144,81144,1.0,self,1,results/final_plans_mono/p1/n1/case_019_multicore_res.json
case_019,1,2,41518,81144,1.9544,self,2,results/final_plans_mono/p1/n2/case_019_multicore_res.json
case_019,1,3,30948,81144,2.6219,self,3,results/final_plans_mono/p1/n3/case_019_multicore_res.json
case_019,1,4,24731,81144,3.2811,self,4,results/final_plans_mono/p1/n4/case_019_multicore_res.json
case_019,1,5,24731,81144,3.2811,embed_from_4,4,results/final_plans_mono/p1/n5/case_019_multicore_res.json
case_019,2,1,81144,81144,1.0,self,1,results/final_plans_mono/p2/n1/case_019_multicore_res.json
case_019,2,2,34656,81144,2.3414,self,2,results/final_plans_mono/p2/n2/case_019_multicore_res.json
case_019,2,3,27380,81144,2.9636,self,3,results/final_plans_mono/p2/n3/case_019_multicore_res.json
case_019,2,4,21169,81144,3.8332,self,4,results/final_plans_mono/p2/n4/case_019_multicore_res.json
case_019,2,5,17971,81144,4.5153,self,5,results/final_plans_mono/p2/n5/case_019_multicore_res.json
case_019,3,1,81144,81144,1.0,self,1,results/final_plans_mono/p3/n1/case_019_multicore_res.json
case_019,3,2,34656,81144,2.3414,self,2,results/final_plans_mono/p3/n2/case_019_multicore_res.json
case_019,3,3,27321,81144,2.97,self,3,results/final_plans_mono/p3/n3/case_019_multicore_res.json
case_019,3,4,22501,81144,3.6062,self,4,results/final_plans_mono/p3/n4/case_019_multicore_res.json
case_019,3,5,19699,81144,4.1192,self,5,results/final_plans_mono/p3/n5/case_019_multicore_res.json
case_020,1,1,532746,532746,1.0,self,1,results/final_plans_mono/p1/n1/case_020_multicore_res.json
case_020,1,2,266580,532746,1.9984,self,2,results/final_plans_mono/p1/n2/case_020_multicore_res.json
case_020,1,3,177950,532746,2.9938,self,3,results/final_plans_mono/p1/n3/case_020_multicore_res.json
case_020,1,4,133704,532746,3.9845,self,4,results/final_plans_mono/p1/n4/case_020_multicore_res.json
case_020,1,5,107574,532746,4.9524,self,5,results/final_plans_mono/p1/n5/case_020_multicore_res.json
case_020,2,1,532746,532746,1.0,self,1,results/final_plans_mono/p2/n1/case_020_multicore_res.json
case_020,2,2,266580,532746,1.9984,self,2,results/final_plans_mono/p2/n2/case_020_multicore_res.json
case_020,2,3,177950,532746,2.9938,self,3,results/final_plans_mono/p2/n3/case_020_multicore_res.json
case_020,2,4,133704,532746,3.9845,self,4,results/final_plans_mono/p2/n4/case_020_multicore_res.json
case_020,2,5,107574,532746,4.9524,self,5,results/final_plans_mono/p2/n5/case_020_multicore_res.json
case_020,3,1,532746,532746,1.0,self,1,results/final_plans_mono/p3/n1/case_020_multicore_res.json
case_020,3,2,266580,532746,1.9984,self,2,results/final_plans_mono/p3/n2/case_020_multicore_res.json
case_020,3,3,177950,532746,2.9938,self,3,results/final_plans_mono/p3/n3/case_020_multicore_res.json
case_020,3,4,133704,532746,3.9845,self,4,results/final_plans_mono/p3/n4/case_020_multicore_res.json
case_020,3,5,107574,532746,4.9524,self,5,results/final_plans_mono/p3/n5/case_020_multicore_res.json
case_021,1,1,6567937,6567937,1.0,self,1,results/final_plans_mono/p1/n1/case_021_multicore_res.json
case_021,1,2,3104250,6567937,2.1158,self,2,results/final_plans_mono/p1/n2/case_021_multicore_res.json
case_021,1,3,2144024,6567937,3.0634,self,3,results/final_plans_mono/p1/n3/case_021_multicore_res.json
case_021,1,4,1550324,6567937,4.2365,self,4,results/final_plans_mono/p1/n4/case_021_multicore_res.json
case_021,1,5,1250168,6567937,5.2536,self,5,results/final_plans_mono/p1/n5/case_021_multicore_res.json
case_021,2,1,6567937,6567937,1.0,self,1,results/final_plans_mono/p2/n1/case_021_multicore_res.json
case_021,2,2,3194570,6567937,2.056,self,2,results/final_plans_mono/p2/n2/case_021_multicore_res.json
case_021,2,3,2144024,6567937,3.0634,self,3,results/final_plans_mono/p2/n3/case_021_multicore_res.json
case_021,2,4,1550324,6567937,4.2365,self,4,results/final_plans_mono/p2/n4/case_021_multicore_res.json
case_021,2,5,1250168,6567937,5.2536,self,5,results/final_plans_mono/p2/n5/case_021_multicore_res.json
case_021,3,1,6558837,6567937,1.0014,self,1,results/final_plans_mono/p3/n1/case_021_multicore_res.json
case_021,3,2,3193634,6567937,2.0566,self,2,results/final_plans_mono/p3/n2/case_021_multicore_res.json
case_021,3,3,2142851,6567937,3.065,self,3,results/final_plans_mono/p3/n3/case_021_multicore_res.json
case_021,3,4,1550324,6567937,4.2365,self,4,results/final_plans_mono/p3/n4/case_021_multicore_res.json
case_021,3,5,1249380,6567937,5.257,self,5,results/final_plans_mono/p3/n5/case_021_multicore_res.json
case_022,1,1,56780,56780,1.0,self,1,results/final_plans_mono/p1/n1/case_022_multicore_res.json
case_022,1,2,28674,56780,1.9802,self,2,results/final_plans_mono/p1/n2/case_022_multicore_res.json
case_022,1,3,19800,56780,2.8677,self,3,results/final_plans_mono/p1/n3/case_022_multicore_res.json
case_022,1,4,14940,56780,3.8005,self,4,results/final_plans_mono/p1/n4/case_022_multicore_res.json
case_022,1,5,14940,56780,3.8005,embed_from_4,4,results/final_plans_mono/p1/n5/case_022_multicore_res.json
case_022,2,1,56780,56780,1.0,self,1,results/final_plans_mono/p2/n1/case_022_multicore_res.json
case_022,2,2,27481,56780,2.0662,self,2,results/final_plans_mono/p2/n2/case_022_multicore_res.json
case_022,2,3,19193,56780,2.9584,self,3,results/final_plans_mono/p2/n3/case_022_multicore_res.json
case_022,2,4,14940,56780,3.8005,self,4,results/final_plans_mono/p2/n4/case_022_multicore_res.json
case_022,2,5,12461,56780,4.5566,self,5,results/final_plans_mono/p2/n5/case_022_multicore_res.json
case_022,3,1,56780,56780,1.0,self,1,results/final_plans_mono/p3/n1/case_022_multicore_res.json
case_022,3,2,27481,56780,2.0662,self,2,results/final_plans_mono/p3/n2/case_022_multicore_res.json
case_022,3,3,19192,56780,2.9585,self,3,results/final_plans_mono/p3/n3/case_022_multicore_res.json
case_022,3,4,14940,56780,3.8005,self,4,results/final_plans_mono/p3/n4/case_022_multicore_res.json
case_022,3,5,12434,56780,4.5665,self,5,results/final_plans_mono/p3/n5/case_022_multicore_res.json
case_023,1,1,122614,122614,1.0,self,1,results/final_plans_mono/p1/n1/case_023_multicore_res.json
case_023,1,2,60389,122614,2.0304,self,2,results/final_plans_mono/p1/n2/case_023_multicore_res.json
case_023,1,3,41575,122614,2.9492,self,3,results/final_plans_mono/p1/n3/case_023_multicore_res.json
case_023,1,4,30864,122614,3.9727,self,4,results/final_plans_mono/p1/n4/case_023_multicore_res.json
case_023,1,5,24927,122614,4.9189,self,5,results/final_plans_mono/p1/n5/case_023_multicore_res.json
case_023,2,1,122614,122614,1.0,self,1,results/final_plans_mono/p2/n1/case_023_multicore_res.json
case_023,2,2,41726,122614,2.9386,self,2,results/final_plans_mono/p2/n2/case_023_multicore_res.json
case_023,2,3,28284,122614,4.3351,self,3,results/final_plans_mono/p2/n3/case_023_multicore_res.json
case_023,2,4,28284,122614,4.3351,embed_from_3,3,results/final_plans_mono/p2/n4/case_023_multicore_res.json
case_023,2,5,21898,122614,5.5993,self,5,results/final_plans_mono/p2/n5/case_023_multicore_res.json
case_023,3,1,122614,122614,1.0,self,1,results/final_plans_mono/p3/n1/case_023_multicore_res.json
case_023,3,2,41726,122614,2.9386,self,2,results/final_plans_mono/p3/n2/case_023_multicore_res.json
case_023,3,3,28284,122614,4.3351,self,3,results/final_plans_mono/p3/n3/case_023_multicore_res.json
case_023,3,4,27929,122614,4.3902,self,4,results/final_plans_mono/p3/n4/case_023_multicore_res.json
case_023,3,5,23629,122614,5.1891,self,5,results/final_plans_mono/p3/n5/case_023_multicore_res.json
case_024,1,1,2555343,2555343,1.0,self,1,results/final_plans_mono/p1/n1/case_024_multicore_res.json
case_024,1,2,2555343,2555343,1.0,embed_from_1,1,results/final_plans_mono/p1/n2/case_024_multicore_res.json
case_024,1,3,2473380,2555343,1.0331,self,3,results/final_plans_mono/p1/n3/case_024_multicore_res.json
case_024,1,4,2359811,2555343,1.0829,self,4,results/final_plans_mono/p1/n4/case_024_multicore_res.json
case_024,1,5,2053364,2555343,1.2445,self,5,results/final_plans_mono/p1/n5/case_024_multicore_res.json
case_024,2,1,2555343,2555343,1.0,self,1,results/final_plans_mono/p2/n1/case_024_multicore_res.json
case_024,2,2,2555343,2555343,1.0,embed_from_1,1,results/final_plans_mono/p2/n2/case_024_multicore_res.json
case_024,2,3,2159403,2555343,1.1834,self,3,results/final_plans_mono/p2/n3/case_024_multicore_res.json
case_024,2,4,2006540,2555343,1.2735,self,4,results/final_plans_mono/p2/n4/case_024_multicore_res.json
case_024,2,5,1579198,2555343,1.6181,self,5,results/final_plans_mono/p2/n5/case_024_multicore_res.json
case_024,3,1,2555343,2555343,1.0,self,1,results/final_plans_mono/p3/n1/case_024_multicore_res.json
case_024,3,2,2555343,2555343,1.0,embed_from_1,1,results/final_plans_mono/p3/n2/case_024_multicore_res.json
case_024,3,3,2159126,2555343,1.1835,self,3,results/final_plans_mono/p3/n3/case_024_multicore_res.json
case_024,3,4,2003351,2555343,1.2755,self,4,results/final_plans_mono/p3/n4/case_024_multicore_res.json
case_024,3,5,1580984,2555343,1.6163,self,5,results/final_plans_mono/p3/n5/case_024_multicore_res.json
case_025,1,1,4863026,4863026,1.0,self,1,results/final_plans_mono/p1/n1/case_025_multicore_res.json
case_025,1,2,2431840,4863026,1.9997,self,2,results/final_plans_mono/p1/n2/case_025_multicore_res.json
case_025,1,3,1622164,4863026,2.9979,self,3,results/final_plans_mono/p1/n3/case_025_multicore_res.json
case_025,1,4,1217444,4863026,3.9945,self,4,results/final_plans_mono/p1/n4/case_025_multicore_res.json
case_025,1,5,975282,4863026,4.9863,self,5,results/final_plans_mono/p1/n5/case_025_multicore_res.json
case_025,2,1,4863026,4863026,1.0,self,1,results/final_plans_mono/p2/n1/case_025_multicore_res.json
case_025,2,2,2431840,4863026,1.9997,self,2,results/final_plans_mono/p2/n2/case_025_multicore_res.json
case_025,2,3,1622164,4863026,2.9979,self,3,results/final_plans_mono/p2/n3/case_025_multicore_res.json
case_025,2,4,1217444,4863026,3.9945,self,4,results/final_plans_mono/p2/n4/case_025_multicore_res.json
case_025,2,5,975282,4863026,4.9863,self,5,results/final_plans_mono/p2/n5/case_025_multicore_res.json
case_025,3,1,4863026,4863026,1.0,self,1,results/final_plans_mono/p3/n1/case_025_multicore_res.json
case_025,3,2,2431840,4863026,1.9997,self,2,results/final_plans_mono/p3/n2/case_025_multicore_res.json
case_025,3,3,1622164,4863026,2.9979,self,3,results/final_plans_mono/p3/n3/case_025_multicore_res.json
case_025,3,4,1217444,4863026,3.9945,self,4,results/final_plans_mono/p3/n4/case_025_multicore_res.json
case_025,3,5,975282,4863026,4.9863,self,5,results/final_plans_mono/p3/n5/case_025_multicore_res.json
case_026,1,1,99203,99203,1.0,self,1,results/final_plans_mono/p1/n1/case_026_multicore_res.json
case_026,1,2,57246,99203,1.7329,self,2,results/final_plans_mono/p1/n2/case_026_multicore_res.json
case_026,1,3,47309,99203,2.0969,self,3,results/final_plans_mono/p1/n3/case_026_multicore_res.json
case_026,1,4,46327,99203,2.1414,self,4,results/final_plans_mono/p1/n4/case_026_multicore_res.json
case_026,1,5,45344,99203,2.1878,self,5,results/final_plans_mono/p1/n5/case_026_multicore_res.json
case_026,2,1,99203,99203,1.0,self,1,results/final_plans_mono/p2/n1/case_026_multicore_res.json
case_026,2,2,48612,99203,2.0407,self,2,results/final_plans_mono/p2/n2/case_026_multicore_res.json
case_026,2,3,38424,99203,2.5818,self,3,results/final_plans_mono/p2/n3/case_026_multicore_res.json
case_026,2,4,38424,99203,2.5818,embed_from_3,3,results/final_plans_mono/p2/n4/case_026_multicore_res.json
case_026,2,5,38424,99203,2.5818,embed_from_3,3,results/final_plans_mono/p2/n5/case_026_multicore_res.json
case_026,3,1,99203,99203,1.0,self,1,results/final_plans_mono/p3/n1/case_026_multicore_res.json
case_026,3,2,48612,99203,2.0407,self,2,results/final_plans_mono/p3/n2/case_026_multicore_res.json
case_026,3,3,43665,99203,2.2719,self,3,results/final_plans_mono/p3/n3/case_026_multicore_res.json
case_026,3,4,38710,99203,2.5627,self,4,results/final_plans_mono/p3/n4/case_026_multicore_res.json
case_026,3,5,38710,99203,2.5627,embed_from_4,4,results/final_plans_mono/p3/n5/case_026_multicore_res.json
case_027,1,1,2363952,2363952,1.0,self,1,results/final_plans_mono/p1/n1/case_027_multicore_res.json
case_027,1,2,1120962,2363952,2.1089,self,2,results/final_plans_mono/p1/n2/case_027_multicore_res.json
case_027,1,3,837049,2363952,2.8242,self,3,results/final_plans_mono/p1/n3/case_027_multicore_res.json
case_027,1,4,559196,2363952,4.2274,self,4,results/final_plans_mono/p1/n4/case_027_multicore_res.json
case_027,1,5,558753,2363952,4.2308,self,5,results/final_plans_mono/p1/n5/case_027_multicore_res.json
case_027,2,1,2363952,2363952,1.0,self,1,results/final_plans_mono/p2/n1/case_027_multicore_res.json
case_027,2,2,1115722,2363952,2.1188,self,2,results/final_plans_mono/p2/n2/case_027_multicore_res.json
case_027,2,3,811250,2363952,2.914,self,3,results/final_plans_mono/p2/n3/case_027_multicore_res.json
case_027,2,4,559196,2363952,4.2274,self,4,results/final_plans_mono/p2/n4/case_027_multicore_res.json
case_027,2,5,533784,2363952,4.4287,self,5,results/final_plans_mono/p2/n5/case_027_multicore_res.json
case_027,3,1,2359515,2363952,1.0019,self,1,results/final_plans_mono/p3/n1/case_027_multicore_res.json
case_027,3,2,1115722,2363952,2.1188,self,2,results/final_plans_mono/p3/n2/case_027_multicore_res.json
case_027,3,3,811250,2363952,2.914,self,3,results/final_plans_mono/p3/n3/case_027_multicore_res.json
case_027,3,4,559196,2363952,4.2274,self,4,results/final_plans_mono/p3/n4/case_027_multicore_res.json
case_027,3,5,533784,2363952,4.4287,self,5,results/final_plans_mono/p3/n5/case_027_multicore_res.json
case_028,1,1,43836040,43836040,1.0,self,1,results/final_plans_mono/p1/n1/case_028_multicore_res.json
case_028,1,2,22201391,43836040,1.9745,self,2,results/final_plans_mono/p1/n2/case_028_multicore_res.json
case_028,1,3,15499450,43836040,2.8282,self,3,results/final_plans_mono/p1/n3/case_028_multicore_res.json
case_028,1,4,12244739,43836040,3.58,self,4,results/final_plans_mono/p1/n4/case_028_multicore_res.json
case_028,1,5,10962408,43836040,3.9988,self,5,results/final_plans_mono/p1/n5/case_028_multicore_res.json
case_028,2,1,43836040,43836040,1.0,self,1,results/final_plans_mono/p2/n1/case_028_multicore_res.json
case_028,2,2,20028806,43836040,2.1886,self,2,results/final_plans_mono/p2/n2/case_028_multicore_res.json
case_028,2,3,13295262,43836040,3.2971,self,3,results/final_plans_mono/p2/n3/case_028_multicore_res.json
case_028,2,4,10099681,43836040,4.3403,self,4,results/final_plans_mono/p2/n4/case_028_multicore_res.json
case_028,2,5,8055128,43836040,5.442,self,5,results/final_plans_mono/p2/n5/case_028_multicore_res.json
case_028,3,1,43836040,43836040,1.0,self,1,results/final_plans_mono/p3/n1/case_028_multicore_res.json
case_028,3,2,20009296,43836040,2.1908,self,2,results/final_plans_mono/p3/n2/case_028_multicore_res.json
case_028,3,3,13270473,43836040,3.3033,self,3,results/final_plans_mono/p3/n3/case_028_multicore_res.json
case_028,3,4,10080305,43836040,4.3487,self,4,results/final_plans_mono/p3/n4/case_028_multicore_res.json
case_028,3,5,7991196,43836040,5.4855,self,5,results/final_plans_mono/p3/n5/case_028_multicore_res.json
case_029,1,1,37555,37555,1.0,self,1,results/final_plans_mono/p1/n1/case_029_multicore_res.json
case_029,1,2,19740,37555,1.9025,self,2,results/final_plans_mono/p1/n2/case_029_multicore_res.json
case_029,1,3,12743,37555,2.9471,self,3,results/final_plans_mono/p1/n3/case_029_multicore_res.json
case_029,1,4,11028,37555,3.4054,self,4,results/final_plans_mono/p1/n4/case_029_multicore_res.json
case_029,1,5,9383,37555,4.0025,self,5,results/final_plans_mono/p1/n5/case_029_multicore_res.json
case_029,2,1,37555,37555,1.0,self,1,results/final_plans_mono/p2/n1/case_029_multicore_res.json
case_029,2,2,19740,37555,1.9025,self,2,results/final_plans_mono/p2/n2/case_029_multicore_res.json
case_029,2,3,12743,37555,2.9471,self,3,results/final_plans_mono/p2/n3/case_029_multicore_res.json
case_029,2,4,11028,37555,3.4054,self,4,results/final_plans_mono/p2/n4/case_029_multicore_res.json
case_029,2,5,9164,37555,4.0981,self,5,results/final_plans_mono/p2/n5/case_029_multicore_res.json
case_029,3,1,37555,37555,1.0,self,1,results/final_plans_mono/p3/n1/case_029_multicore_res.json
case_029,3,2,19740,37555,1.9025,self,2,results/final_plans_mono/p3/n2/case_029_multicore_res.json
case_029,3,3,12743,37555,2.9471,self,3,results/final_plans_mono/p3/n3/case_029_multicore_res.json
case_029,3,4,11028,37555,3.4054,self,4,results/final_plans_mono/p3/n4/case_029_multicore_res.json
case_029,3,5,9383,37555,4.0025,self,5,results/final_plans_mono/p3/n5/case_029_multicore_res.json
case_030,1,1,2808034,2808034,1.0,self,1,results/final_plans_mono/p1/n1/case_030_multicore_res.json
case_030,1,2,1401186,2808034,2.004,self,2,results/final_plans_mono/p1/n2/case_030_multicore_res.json
case_030,1,3,931329,2808034,3.0151,self,3,results/final_plans_mono/p1/n3/case_030_multicore_res.json
case_030,1,4,701262,2808034,4.0043,self,4,results/final_plans_mono/p1/n4/case_030_multicore_res.json
case_030,1,5,561417,2808034,5.0017,self,5,results/final_plans_mono/p1/n5/case_030_multicore_res.json
case_030,2,1,2808034,2808034,1.0,self,1,results/final_plans_mono/p2/n1/case_030_multicore_res.json
case_030,2,2,1399993,2808034,2.0057,self,2,results/final_plans_mono/p2/n2/case_030_multicore_res.json
case_030,2,3,931329,2808034,3.0151,self,3,results/final_plans_mono/p2/n3/case_030_multicore_res.json
case_030,2,4,699599,2808034,4.0138,self,4,results/final_plans_mono/p2/n4/case_030_multicore_res.json
case_030,2,5,561417,2808034,5.0017,self,5,results/final_plans_mono/p2/n5/case_030_multicore_res.json
case_030,3,1,2807891,2808034,1.0001,self,1,results/final_plans_mono/p3/n1/case_030_multicore_res.json
case_030,3,2,1399744,2808034,2.0061,self,2,results/final_plans_mono/p3/n2/case_030_multicore_res.json
case_030,3,3,931340,2808034,3.015,self,3,results/final_plans_mono/p3/n3/case_030_multicore_res.json
case_030,3,4,699009,2808034,4.0172,self,4,results/final_plans_mono/p3/n4/case_030_multicore_res.json
case_030,3,5,560550,2808034,5.0094,self,5,results/final_plans_mono/p3/n5/case_030_multicore_res.json
case_031,1,1,1414369,1414369,1.0,self,1,results/final_plans_mono/p1/n1/case_031_multicore_res.json
case_031,1,2,706617,1414369,2.0016,self,2,results/final_plans_mono/p1/n2/case_031_multicore_res.json
case_031,1,3,506462,1414369,2.7926,self,3,results/final_plans_mono/p1/n3/case_031_multicore_res.json
case_031,1,4,367052,1414369,3.8533,self,4,results/final_plans_mono/p1/n4/case_031_multicore_res.json
case_031,1,5,293945,1414369,4.8117,self,5,results/final_plans_mono/p1/n5/case_031_multicore_res.json
case_031,2,1,1414369,1414369,1.0,self,1,results/final_plans_mono/p2/n1/case_031_multicore_res.json
case_031,2,2,711725,1414369,1.9872,self,2,results/final_plans_mono/p2/n2/case_031_multicore_res.json
case_031,2,3,506462,1414369,2.7926,self,3,results/final_plans_mono/p2/n3/case_031_multicore_res.json
case_031,2,4,367052,1414369,3.8533,self,4,results/final_plans_mono/p2/n4/case_031_multicore_res.json
case_031,2,5,293958,1414369,4.8115,self,5,results/final_plans_mono/p2/n5/case_031_multicore_res.json
case_031,3,1,1414159,1414369,1.0001,self,1,results/final_plans_mono/p3/n1/case_031_multicore_res.json
case_031,3,2,710284,1414369,1.9913,self,2,results/final_plans_mono/p3/n2/case_031_multicore_res.json
case_031,3,3,506212,1414369,2.794,self,3,results/final_plans_mono/p3/n3/case_031_multicore_res.json
case_031,3,4,367052,1414369,3.8533,self,4,results/final_plans_mono/p3/n4/case_031_multicore_res.json
case_031,3,5,293738,1414369,4.8151,self,5,results/final_plans_mono/p3/n5/case_031_multicore_res.json
case_032,1,1,41443,41443,1.0,self,1,results/final_plans_mono/p1/n1/case_032_multicore_res.json
case_032,1,2,21082,41443,1.9658,self,2,results/final_plans_mono/p1/n2/case_032_multicore_res.json
case_032,1,3,16407,41443,2.5259,self,3,results/final_plans_mono/p1/n3/case_032_multicore_res.json
case_032,1,4,14775,41443,2.8049,self,4,results/final_plans_mono/p1/n4/case_032_multicore_res.json
case_032,1,5,11904,41443,3.4814,self,5,results/final_plans_mono/p1/n5/case_032_multicore_res.json
case_032,2,1,41443,41443,1.0,self,1,results/final_plans_mono/p2/n1/case_032_multicore_res.json
case_032,2,2,21098,41443,1.9643,self,2,results/final_plans_mono/p2/n2/case_032_multicore_res.json
case_032,2,3,12670,41443,3.271,self,3,results/final_plans_mono/p2/n3/case_032_multicore_res.json
case_032,2,4,11700,41443,3.5421,self,4,results/final_plans_mono/p2/n4/case_032_multicore_res.json
case_032,2,5,10976,41443,3.7758,self,5,results/final_plans_mono/p2/n5/case_032_multicore_res.json
case_032,3,1,41443,41443,1.0,self,1,results/final_plans_mono/p3/n1/case_032_multicore_res.json
case_032,3,2,20940,41443,1.9791,self,2,results/final_plans_mono/p3/n2/case_032_multicore_res.json
case_032,3,3,12612,41443,3.286,self,3,results/final_plans_mono/p3/n3/case_032_multicore_res.json
case_032,3,4,11709,41443,3.5394,self,4,results/final_plans_mono/p3/n4/case_032_multicore_res.json
case_032,3,5,10930,41443,3.7917,self,5,results/final_plans_mono/p3/n5/case_032_multicore_res.json
case_033,1,1,1774196,1774196,1.0,self,1,results/final_plans_mono/p1/n1/case_033_multicore_res.json
case_033,1,2,893844,1774196,1.9849,self,2,results/final_plans_mono/p1/n2/case_033_multicore_res.json
case_033,1,3,589568,1774196,3.0093,self,3,results/final_plans_mono/p1/n3/case_033_multicore_res.json
case_033,1,4,446802,1774196,3.9709,self,4,results/final_plans_mono/p1/n4/case_033_multicore_res.json
case_033,1,5,357201,1774196,4.9669,self,5,results/final_plans_mono/p1/n5/case_033_multicore_res.json
case_033,2,1,1774196,1774196,1.0,self,1,results/final_plans_mono/p2/n1/case_033_multicore_res.json
case_033,2,2,893844,1774196,1.9849,self,2,results/final_plans_mono/p2/n2/case_033_multicore_res.json
case_033,2,3,589568,1774196,3.0093,self,3,results/final_plans_mono/p2/n3/case_033_multicore_res.json
case_033,2,4,446802,1774196,3.9709,self,4,results/final_plans_mono/p2/n4/case_033_multicore_res.json
case_033,2,5,357201,1774196,4.9669,self,5,results/final_plans_mono/p2/n5/case_033_multicore_res.json
case_033,3,1,1774080,1774196,1.0001,self,1,results/final_plans_mono/p3/n1/case_033_multicore_res.json
case_033,3,2,893649,1774196,1.9853,self,2,results/final_plans_mono/p3/n2/case_033_multicore_res.json
case_033,3,3,588351,1774196,3.0155,self,3,results/final_plans_mono/p3/n3/case_033_multicore_res.json
case_033,3,4,445198,1774196,3.9852,self,4,results/final_plans_mono/p3/n4/case_033_multicore_res.json
case_033,3,5,356085,1774196,4.9825,self,5,results/final_plans_mono/p3/n5/case_033_multicore_res.json
case_034,1,1,842996,842996,1.0,self,1,results/final_plans_mono/p1/n1/case_034_multicore_res.json
case_034,1,2,418733,842996,2.0132,self,2,results/final_plans_mono/p1/n2/case_034_multicore_res.json
case_034,1,3,278567,842996,3.0262,self,3,results/final_plans_mono/p1/n3/case_034_multicore_res.json
case_034,1,4,225165,842996,3.7439,self,4,results/final_plans_mono/p1/n4/case_034_multicore_res.json
case_034,1,5,180411,842996,4.6726,self,5,results/final_plans_mono/p1/n5/case_034_multicore_res.json
case_034,2,1,842996,842996,1.0,self,1,results/final_plans_mono/p2/n1/case_034_multicore_res.json
case_034,2,2,412272,842996,2.0448,self,2,results/final_plans_mono/p2/n2/case_034_multicore_res.json
case_034,2,3,272649,842996,3.0919,self,3,results/final_plans_mono/p2/n3/case_034_multicore_res.json
case_034,2,4,215722,842996,3.9078,self,4,results/final_plans_mono/p2/n4/case_034_multicore_res.json
case_034,2,5,165143,842996,5.1046,self,5,results/final_plans_mono/p2/n5/case_034_multicore_res.json
case_034,3,1,842733,842996,1.0003,self,1,results/final_plans_mono/p3/n1/case_034_multicore_res.json
case_034,3,2,412214,842996,2.045,self,2,results/final_plans_mono/p3/n2/case_034_multicore_res.json
case_034,3,3,272476,842996,3.0938,self,3,results/final_plans_mono/p3/n3/case_034_multicore_res.json
case_034,3,4,215630,842996,3.9095,self,4,results/final_plans_mono/p3/n4/case_034_multicore_res.json
case_034,3,5,164310,842996,5.1305,self,5,results/final_plans_mono/p3/n5/case_034_multicore_res.json
case_035,1,1,169571,169571,1.0,self,1,results/final_plans_mono/p1/n1/case_035_multicore_res.json
case_035,1,2,133256,169571,1.2725,self,2,results/final_plans_mono/p1/n2/case_035_multicore_res.json
case_035,1,3,106705,169571,1.5892,self,3,results/final_plans_mono/p1/n3/case_035_multicore_res.json
case_035,1,4,105203,169571,1.6118,self,4,results/final_plans_mono/p1/n4/case_035_multicore_res.json
case_035,1,5,89476,169571,1.8952,self,5,results/final_plans_mono/p1/n5/case_035_multicore_res.json
case_035,2,1,169571,169571,1.0,self,1,results/final_plans_mono/p2/n1/case_035_multicore_res.json
case_035,2,2,103111,169571,1.6445,self,2,results/final_plans_mono/p2/n2/case_035_multicore_res.json
case_035,2,3,78824,169571,2.1513,self,3,results/final_plans_mono/p2/n3/case_035_multicore_res.json
case_035,2,4,78073,169571,2.172,self,4,results/final_plans_mono/p2/n4/case_035_multicore_res.json
case_035,2,5,64436,169571,2.6316,self,5,results/final_plans_mono/p2/n5/case_035_multicore_res.json
case_035,3,1,169571,169571,1.0,self,1,results/final_plans_mono/p3/n1/case_035_multicore_res.json
case_035,3,2,103075,169571,1.6451,self,2,results/final_plans_mono/p3/n2/case_035_multicore_res.json
case_035,3,3,78754,169571,2.1532,self,3,results/final_plans_mono/p3/n3/case_035_multicore_res.json
case_035,3,4,77573,169571,2.186,self,4,results/final_plans_mono/p3/n4/case_035_multicore_res.json
case_035,3,5,63503,169571,2.6703,self,5,results/final_plans_mono/p3/n5/case_035_multicore_res.json
case_036,1,1,931510,931510,1.0,self,1,results/final_plans_mono/p1/n1/case_036_multicore_res.json
case_036,1,2,466068,931510,1.9987,self,2,results/final_plans_mono/p1/n2/case_036_multicore_res.json
case_036,1,3,311345,931510,2.9919,self,3,results/final_plans_mono/p1/n3/case_036_multicore_res.json
case_036,1,4,233584,931510,3.9879,self,4,results/final_plans_mono/p1/n4/case_036_multicore_res.json
case_036,1,5,187182,931510,4.9765,self,5,results/final_plans_mono/p1/n5/case_036_multicore_res.json
case_036,2,1,931510,931510,1.0,self,1,results/final_plans_mono/p2/n1/case_036_multicore_res.json
case_036,2,2,466068,931510,1.9987,self,2,results/final_plans_mono/p2/n2/case_036_multicore_res.json
case_036,2,3,311345,931510,2.9919,self,3,results/final_plans_mono/p2/n3/case_036_multicore_res.json
case_036,2,4,233584,931510,3.9879,self,4,results/final_plans_mono/p2/n4/case_036_multicore_res.json
case_036,2,5,187182,931510,4.9765,self,5,results/final_plans_mono/p2/n5/case_036_multicore_res.json
case_036,3,1,931510,931510,1.0,self,1,results/final_plans_mono/p3/n1/case_036_multicore_res.json
case_036,3,2,466068,931510,1.9987,self,2,results/final_plans_mono/p3/n2/case_036_multicore_res.json
case_036,3,3,311345,931510,2.9919,self,3,results/final_plans_mono/p3/n3/case_036_multicore_res.json
case_036,3,4,233584,931510,3.9879,self,4,results/final_plans_mono/p3/n4/case_036_multicore_res.json
case_036,3,5,187182,931510,4.9765,self,5,results/final_plans_mono/p3/n5/case_036_multicore_res.json
case_037,1,1,210001,210001,1.0,self,1,results/final_plans_mono/p1/n1/case_037_multicore_res.json
case_037,1,2,105374,210001,1.9929,self,2,results/final_plans_mono/p1/n2/case_037_multicore_res.json
case_037,1,3,74038,210001,2.8364,self,3,results/final_plans_mono/p1/n3/case_037_multicore_res.json
case_037,1,4,53320,210001,3.9385,self,4,results/final_plans_mono/p1/n4/case_037_multicore_res.json
case_037,1,5,43013,210001,4.8823,self,5,results/final_plans_mono/p1/n5/case_037_multicore_res.json
case_037,2,1,210001,210001,1.0,self,1,results/final_plans_mono/p2/n1/case_037_multicore_res.json
case_037,2,2,105374,210001,1.9929,self,2,results/final_plans_mono/p2/n2/case_037_multicore_res.json
case_037,2,3,74038,210001,2.8364,self,3,results/final_plans_mono/p2/n3/case_037_multicore_res.json
case_037,2,4,53320,210001,3.9385,self,4,results/final_plans_mono/p2/n4/case_037_multicore_res.json
case_037,2,5,43013,210001,4.8823,self,5,results/final_plans_mono/p2/n5/case_037_multicore_res.json
case_037,3,1,210001,210001,1.0,self,1,results/final_plans_mono/p3/n1/case_037_multicore_res.json
case_037,3,2,105374,210001,1.9929,self,2,results/final_plans_mono/p3/n2/case_037_multicore_res.json
case_037,3,3,74038,210001,2.8364,self,3,results/final_plans_mono/p3/n3/case_037_multicore_res.json
case_037,3,4,53320,210001,3.9385,self,4,results/final_plans_mono/p3/n4/case_037_multicore_res.json
case_037,3,5,43013,210001,4.8823,self,5,results/final_plans_mono/p3/n5/case_037_multicore_res.json
case_038,1,1,1364555,1364555,1.0,self,1,results/final_plans_mono/p1/n1/case_038_multicore_res.json
case_038,1,2,679097,1364555,2.0094,self,2,results/final_plans_mono/p1/n2/case_038_multicore_res.json
case_038,1,3,460870,1364555,2.9608,self,3,results/final_plans_mono/p1/n3/case_038_multicore_res.json
case_038,1,4,345585,1364555,3.9485,self,4,results/final_plans_mono/p1/n4/case_038_multicore_res.json
case_038,1,5,275584,1364555,4.9515,self,5,results/final_plans_mono/p1/n5/case_038_multicore_res.json
case_038,2,1,1364555,1364555,1.0,self,1,results/final_plans_mono/p2/n1/case_038_multicore_res.json
case_038,2,2,679097,1364555,2.0094,self,2,results/final_plans_mono/p2/n2/case_038_multicore_res.json
case_038,2,3,461374,1364555,2.9576,self,3,results/final_plans_mono/p2/n3/case_038_multicore_res.json
case_038,2,4,345585,1364555,3.9485,self,4,results/final_plans_mono/p2/n4/case_038_multicore_res.json
case_038,2,5,275584,1364555,4.9515,self,5,results/final_plans_mono/p2/n5/case_038_multicore_res.json
case_038,3,1,1363312,1364555,1.0009,self,1,results/final_plans_mono/p3/n1/case_038_multicore_res.json
case_038,3,2,678831,1364555,2.0102,self,2,results/final_plans_mono/p3/n2/case_038_multicore_res.json
case_038,3,3,460965,1364555,2.9602,self,3,results/final_plans_mono/p3/n3/case_038_multicore_res.json
case_038,3,4,344211,1364555,3.9643,self,4,results/final_plans_mono/p3/n4/case_038_multicore_res.json
case_038,3,5,271662,1364555,5.023,self,5,results/final_plans_mono/p3/n5/case_038_multicore_res.json
case_039,1,1,1435262,1435262,1.0,self,1,results/final_plans_mono/p1/n1/case_039_multicore_res.json
case_039,1,2,692660,1435262,2.0721,self,2,results/final_plans_mono/p1/n2/case_039_multicore_res.json
case_039,1,3,485565,1435262,2.9559,self,3,results/final_plans_mono/p1/n3/case_039_multicore_res.json
case_039,1,4,395323,1435262,3.6306,self,4,results/final_plans_mono/p1/n4/case_039_multicore_res.json
case_039,1,5,327297,1435262,4.3852,self,5,results/final_plans_mono/p1/n5/case_039_multicore_res.json
case_039,2,1,1435262,1435262,1.0,self,1,results/final_plans_mono/p2/n1/case_039_multicore_res.json
case_039,2,2,708561,1435262,2.0256,self,2,results/final_plans_mono/p2/n2/case_039_multicore_res.json
case_039,2,3,485565,1435262,2.9559,self,3,results/final_plans_mono/p2/n3/case_039_multicore_res.json
case_039,2,4,395265,1435262,3.6311,self,4,results/final_plans_mono/p2/n4/case_039_multicore_res.json
case_039,2,5,327297,1435262,4.3852,self,5,results/final_plans_mono/p2/n5/case_039_multicore_res.json
case_039,3,1,1435262,1435262,1.0,self,1,results/final_plans_mono/p3/n1/case_039_multicore_res.json
case_039,3,2,705615,1435262,2.0341,self,2,results/final_plans_mono/p3/n2/case_039_multicore_res.json
case_039,3,3,483226,1435262,2.9702,self,3,results/final_plans_mono/p3/n3/case_039_multicore_res.json
case_039,3,4,368055,1435262,3.8996,self,4,results/final_plans_mono/p3/n4/case_039_multicore_res.json
case_039,3,5,327297,1435262,4.3852,self,5,results/final_plans_mono/p3/n5/case_039_multicore_res.json
case_040,1,1,253454,253454,1.0,self,1,results/final_plans_mono/p1/n1/case_040_multicore_res.json
case_040,1,2,185290,253454,1.3679,self,2,results/final_plans_mono/p1/n2/case_040_multicore_res.json
case_040,1,3,156610,253454,1.6184,self,3,results/final_plans_mono/p1/n3/case_040_multicore_res.json
case_040,1,4,154465,253454,1.6409,self,4,results/final_plans_mono/p1/n4/case_040_multicore_res.json
case_040,1,5,154465,253454,1.6409,embed_from_4,4,results/final_plans_mono/p1/n5/case_040_multicore_res.json
case_040,2,1,253454,253454,1.0,self,1,results/final_plans_mono/p2/n1/case_040_multicore_res.json
case_040,2,2,135293,253454,1.8734,self,2,results/final_plans_mono/p2/n2/case_040_multicore_res.json
case_040,2,3,128195,253454,1.9771,self,3,results/final_plans_mono/p2/n3/case_040_multicore_res.json
case_040,2,4,102570,253454,2.471,self,4,results/final_plans_mono/p2/n4/case_040_multicore_res.json
case_040,2,5,102570,253454,2.471,embed_from_4,4,results/final_plans_mono/p2/n5/case_040_multicore_res.json
case_040,3,1,253454,253454,1.0,self,1,results/final_plans_mono/p3/n1/case_040_multicore_res.json
case_040,3,2,135291,253454,1.8734,self,2,results/final_plans_mono/p3/n2/case_040_multicore_res.json
case_040,3,3,127473,253454,1.9883,self,3,results/final_plans_mono/p3/n3/case_040_multicore_res.json
case_040,3,4,106160,253454,2.3875,self,4,results/final_plans_mono/p3/n4/case_040_multicore_res.json
case_040,3,5,106160,253454,2.3875,embed_from_4,4,results/final_plans_mono/p3/n5/case_040_multicore_res.json
case_041,1,1,6003957,6003957,1.0,self,1,results/final_plans_mono/p1/n1/case_041_multicore_res.json
case_041,1,2,2986534,6003957,2.0103,self,2,results/final_plans_mono/p1/n2/case_041_multicore_res.json
case_041,1,3,1994174,6003957,3.0107,self,3,results/final_plans_mono/p1/n3/case_041_multicore_res.json
case_041,1,4,1496957,6003957,4.0108,self,4,results/final_plans_mono/p1/n4/case_041_multicore_res.json
case_041,1,5,1193573,6003957,5.0302,self,5,results/final_plans_mono/p1/n5/case_041_multicore_res.json
case_041,2,1,6003957,6003957,1.0,self,1,results/final_plans_mono/p2/n1/case_041_multicore_res.json
case_041,2,2,2986534,6003957,2.0103,self,2,results/final_plans_mono/p2/n2/case_041_multicore_res.json
case_041,2,3,1994174,6003957,3.0107,self,3,results/final_plans_mono/p2/n3/case_041_multicore_res.json
case_041,2,4,1496957,6003957,4.0108,self,4,results/final_plans_mono/p2/n4/case_041_multicore_res.json
case_041,2,5,1193573,6003957,5.0302,self,5,results/final_plans_mono/p2/n5/case_041_multicore_res.json
case_041,3,1,6001575,6003957,1.0004,self,1,results/final_plans_mono/p3/n1/case_041_multicore_res.json
case_041,3,2,2981380,6003957,2.0138,self,2,results/final_plans_mono/p3/n2/case_041_multicore_res.json
case_041,3,3,1990580,6003957,3.0162,self,3,results/final_plans_mono/p3/n3/case_041_multicore_res.json
case_041,3,4,1493320,6003957,4.0205,self,4,results/final_plans_mono/p3/n4/case_041_multicore_res.json
case_041,3,5,1191841,6003957,5.0375,self,5,results/final_plans_mono/p3/n5/case_041_multicore_res.json
case_042,1,1,1686740,1686740,1.0,self,1,results/final_plans_mono/p1/n1/case_042_multicore_res.json
case_042,1,2,842623,1686740,2.0018,self,2,results/final_plans_mono/p1/n2/case_042_multicore_res.json
case_042,1,3,577743,1686740,2.9195,self,3,results/final_plans_mono/p1/n3/case_042_multicore_res.json
case_042,1,4,434592,1686740,3.8812,self,4,results/final_plans_mono/p1/n4/case_042_multicore_res.json
case_042,1,5,359995,1686740,4.6855,self,5,results/final_plans_mono/p1/n5/case_042_multicore_res.json
case_042,2,1,1686740,1686740,1.0,self,1,results/final_plans_mono/p2/n1/case_042_multicore_res.json
case_042,2,2,842623,1686740,2.0018,self,2,results/final_plans_mono/p2/n2/case_042_multicore_res.json
case_042,2,3,577743,1686740,2.9195,self,3,results/final_plans_mono/p2/n3/case_042_multicore_res.json
case_042,2,4,434592,1686740,3.8812,self,4,results/final_plans_mono/p2/n4/case_042_multicore_res.json
case_042,2,5,355514,1686740,4.7445,self,5,results/final_plans_mono/p2/n5/case_042_multicore_res.json
case_042,3,1,1675633,1686740,1.0066,self,1,results/final_plans_mono/p3/n1/case_042_multicore_res.json
case_042,3,2,840543,1686740,2.0067,self,2,results/final_plans_mono/p3/n2/case_042_multicore_res.json
case_042,3,3,576523,1686740,2.9257,self,3,results/final_plans_mono/p3/n3/case_042_multicore_res.json
case_042,3,4,434480,1686740,3.8822,self,4,results/final_plans_mono/p3/n4/case_042_multicore_res.json
case_042,3,5,351874,1686740,4.7936,self,5,results/final_plans_mono/p3/n5/case_042_multicore_res.json
case_043,1,1,677656,677656,1.0,self,1,results/final_plans_mono/p1/n1/case_043_multicore_res.json
case_043,1,2,397971,677656,1.7028,self,2,results/final_plans_mono/p1/n2/case_043_multicore_res.json
case_043,1,3,303961,677656,2.2294,self,3,results/final_plans_mono/p1/n3/case_043_multicore_res.json
case_043,1,4,246558,677656,2.7485,self,4,results/final_plans_mono/p1/n4/case_043_multicore_res.json
case_043,1,5,234354,677656,2.8916,self,5,results/final_plans_mono/p1/n5/case_043_multicore_res.json
case_043,2,1,677656,677656,1.0,self,1,results/final_plans_mono/p2/n1/case_043_multicore_res.json
case_043,2,2,327858,677656,2.0669,self,2,results/final_plans_mono/p2/n2/case_043_multicore_res.json
case_043,2,3,230016,677656,2.9461,self,3,results/final_plans_mono/p2/n3/case_043_multicore_res.json
case_043,2,4,205499,677656,3.2976,self,4,results/final_plans_mono/p2/n4/case_043_multicore_res.json
case_043,2,5,184250,677656,3.6779,self,5,results/final_plans_mono/p2/n5/case_043_multicore_res.json
case_043,3,1,677656,677656,1.0,self,1,results/final_plans_mono/p3/n1/case_043_multicore_res.json
case_043,3,2,327792,677656,2.0673,self,2,results/final_plans_mono/p3/n2/case_043_multicore_res.json
case_043,3,3,229480,677656,2.953,self,3,results/final_plans_mono/p3/n3/case_043_multicore_res.json
case_043,3,4,204676,677656,3.3109,self,4,results/final_plans_mono/p3/n4/case_043_multicore_res.json
case_043,3,5,171690,677656,3.947,self,5,results/final_plans_mono/p3/n5/case_043_multicore_res.json
case_044,1,1,154407,154407,1.0,self,1,results/final_plans_mono/p1/n1/case_044_multicore_res.json
case_044,1,2,96401,154407,1.6017,self,2,results/final_plans_mono/p1/n2/case_044_multicore_res.json
case_044,1,3,96401,154407,1.6017,embed_from_2,2,results/final_plans_mono/p1/n3/case_044_multicore_res.json
case_044,1,4,96401,154407,1.6017,embed_from_2,2,results/final_plans_mono/p1/n4/case_044_multicore_res.json
case_044,1,5,96401,154407,1.6017,embed_from_2,2,results/final_plans_mono/p1/n5/case_044_multicore_res.json
case_044,2,1,154407,154407,1.0,self,1,results/final_plans_mono/p2/n1/case_044_multicore_res.json
case_044,2,2,43959,154407,3.5125,self,2,results/final_plans_mono/p2/n2/case_044_multicore_res.json
case_044,2,3,43959,154407,3.5125,embed_from_2,2,results/final_plans_mono/p2/n3/case_044_multicore_res.json
case_044,2,4,43959,154407,3.5125,embed_from_2,2,results/final_plans_mono/p2/n4/case_044_multicore_res.json
case_044,2,5,43959,154407,3.5125,embed_from_2,2,results/final_plans_mono/p2/n5/case_044_multicore_res.json
case_044,3,1,107814,154407,1.4322,self,1,results/final_plans_mono/p3/n1/case_044_multicore_res.json
case_044,3,2,43910,154407,3.5164,self,2,results/final_plans_mono/p3/n2/case_044_multicore_res.json
case_044,3,3,43910,154407,3.5164,embed_from_2,2,results/final_plans_mono/p3/n3/case_044_multicore_res.json
case_044,3,4,40054,154407,3.855,self,4,results/final_plans_mono/p3/n4/case_044_multicore_res.json
case_044,3,5,40054,154407,3.855,embed_from_4,4,results/final_plans_mono/p3/n5/case_044_multicore_res.json
case_045,1,1,125614,125614,1.0,self,1,results/final_plans_mono/p1/n1/case_045_multicore_res.json
case_045,1,2,63059,125614,1.992,self,2,results/final_plans_mono/p1/n2/case_045_multicore_res.json
case_045,1,3,42601,125614,2.9486,self,3,results/final_plans_mono/p1/n3/case_045_multicore_res.json
case_045,1,4,31878,125614,3.9405,self,4,results/final_plans_mono/p1/n4/case_045_multicore_res.json
case_045,1,5,26088,125614,4.815,self,5,results/final_plans_mono/p1/n5/case_045_multicore_res.json
case_045,2,1,125614,125614,1.0,self,1,results/final_plans_mono/p2/n1/case_045_multicore_res.json
case_045,2,2,63059,125614,1.992,self,2,results/final_plans_mono/p2/n2/case_045_multicore_res.json
case_045,2,3,42601,125614,2.9486,self,3,results/final_plans_mono/p2/n3/case_045_multicore_res.json
case_045,2,4,31878,125614,3.9405,self,4,results/final_plans_mono/p2/n4/case_045_multicore_res.json
case_045,2,5,26088,125614,4.815,self,5,results/final_plans_mono/p2/n5/case_045_multicore_res.json
case_045,3,1,125614,125614,1.0,self,1,results/final_plans_mono/p3/n1/case_045_multicore_res.json
case_045,3,2,63059,125614,1.992,self,2,results/final_plans_mono/p3/n2/case_045_multicore_res.json
case_045,3,3,42601,125614,2.9486,self,3,results/final_plans_mono/p3/n3/case_045_multicore_res.json
case_045,3,4,31878,125614,3.9405,self,4,results/final_plans_mono/p3/n4/case_045_multicore_res.json
case_045,3,5,26088,125614,4.815,self,5,results/final_plans_mono/p3/n5/case_045_multicore_res.json
case_046,1,1,276455,276455,1.0,self,1,results/final_plans_mono/p1/n1/case_046_multicore_res.json
case_046,1,2,151992,276455,1.8189,self,2,results/final_plans_mono/p1/n2/case_046_multicore_res.json
case_046,1,3,133707,276455,2.0676,self,3,results/final_plans_mono/p1/n3/case_046_multicore_res.json
case_046,1,4,115384,276455,2.396,self,4,results/final_plans_mono/p1/n4/case_046_multicore_res.json
case_046,1,5,115384,276455,2.396,embed_from_4,4,results/final_plans_mono/p1/n5/case_046_multicore_res.json
case_046,2,1,276455,276455,1.0,self,1,results/final_plans_mono/p2/n1/case_046_multicore_res.json
case_046,2,2,105718,276455,2.615,self,2,results/final_plans_mono/p2/n2/case_046_multicore_res.json
case_046,2,3,105663,276455,2.6164,self,3,results/final_plans_mono/p2/n3/case_046_multicore_res.json
case_046,2,4,92005,276455,3.0048,self,4,results/final_plans_mono/p2/n4/case_046_multicore_res.json
case_046,2,5,92005,276455,3.0048,embed_from_4,4,results/final_plans_mono/p2/n5/case_046_multicore_res.json
case_046,3,1,244994,276455,1.1284,self,1,results/final_plans_mono/p3/n1/case_046_multicore_res.json
case_046,3,2,105718,276455,2.615,self,2,results/final_plans_mono/p3/n2/case_046_multicore_res.json
case_046,3,3,102704,276455,2.6918,self,3,results/final_plans_mono/p3/n3/case_046_multicore_res.json
case_046,3,4,85582,276455,3.2303,self,4,results/final_plans_mono/p3/n4/case_046_multicore_res.json
case_046,3,5,85582,276455,3.2303,embed_from_4,4,results/final_plans_mono/p3/n5/case_046_multicore_res.json
case_047,1,1,326508,326508,1.0,self,1,results/final_plans_mono/p1/n1/case_047_multicore_res.json
case_047,1,2,326273,326508,1.0007,self,2,results/final_plans_mono/p1/n2/case_047_multicore_res.json
case_047,1,3,161112,326508,2.0266,self,3,results/final_plans_mono/p1/n3/case_047_multicore_res.json
case_047,1,4,154972,326508,2.1069,self,4,results/final_plans_mono/p1/n4/case_047_multicore_res.json
case_047,1,5,137150,326508,2.3807,self,5,results/final_plans_mono/p1/n5/case_047_multicore_res.json
case_047,2,1,326508,326508,1.0,self,1,results/final_plans_mono/p2/n1/case_047_multicore_res.json
case_047,2,2,156922,326508,2.0807,self,2,results/final_plans_mono/p2/n2/case_047_multicore_res.json
case_047,2,3,122587,326508,2.6635,self,3,results/final_plans_mono/p2/n3/case_047_multicore_res.json
case_047,2,4,113671,326508,2.8724,self,4,results/final_plans_mono/p2/n4/case_047_multicore_res.json
case_047,2,5,102458,326508,3.1867,self,5,results/final_plans_mono/p2/n5/case_047_multicore_res.json
case_047,3,1,326508,326508,1.0,self,1,results/final_plans_mono/p3/n1/case_047_multicore_res.json
case_047,3,2,156919,326508,2.0807,self,2,results/final_plans_mono/p3/n2/case_047_multicore_res.json
case_047,3,3,122464,326508,2.6662,self,3,results/final_plans_mono/p3/n3/case_047_multicore_res.json
case_047,3,4,112730,326508,2.8964,self,4,results/final_plans_mono/p3/n4/case_047_multicore_res.json
case_047,3,5,99665,326508,3.2761,self,5,results/final_plans_mono/p3/n5/case_047_multicore_res.json
case_048,1,1,222220,222220,1.0,self,1,results/final_plans_mono/p1/n1/case_048_multicore_res.json
case_048,1,2,214615,222220,1.0354,self,2,results/final_plans_mono/p1/n2/case_048_multicore_res.json
case_048,1,3,202773,222220,1.0959,self,3,results/final_plans_mono/p1/n3/case_048_multicore_res.json
case_048,1,4,202773,222220,1.0959,embed_from_3,3,results/final_plans_mono/p1/n4/case_048_multicore_res.json
case_048,1,5,202773,222220,1.0959,embed_from_3,3,results/final_plans_mono/p1/n5/case_048_multicore_res.json
case_048,2,1,222220,222220,1.0,self,1,results/final_plans_mono/p2/n1/case_048_multicore_res.json
case_048,2,2,159142,222220,1.3964,self,2,results/final_plans_mono/p2/n2/case_048_multicore_res.json
case_048,2,3,149061,222220,1.4908,self,3,results/final_plans_mono/p2/n3/case_048_multicore_res.json
case_048,2,4,146560,222220,1.5162,self,4,results/final_plans_mono/p2/n4/case_048_multicore_res.json
case_048,2,5,146560,222220,1.5162,embed_from_4,4,results/final_plans_mono/p2/n5/case_048_multicore_res.json
case_048,3,1,222220,222220,1.0,self,1,results/final_plans_mono/p3/n1/case_048_multicore_res.json
case_048,3,2,159138,222220,1.3964,self,2,results/final_plans_mono/p3/n2/case_048_multicore_res.json
case_048,3,3,149071,222220,1.4907,self,3,results/final_plans_mono/p3/n3/case_048_multicore_res.json
case_048,3,4,142969,222220,1.5543,self,4,results/final_plans_mono/p3/n4/case_048_multicore_res.json
case_048,3,5,142969,222220,1.5543,embed_from_4,4,results/final_plans_mono/p3/n5/case_048_multicore_res.json
case_049,1,1,196276,196276,1.0,self,1,results/final_plans_mono/p1/n1/case_049_multicore_res.json
case_049,1,2,171171,196276,1.1467,self,2,results/final_plans_mono/p1/n2/case_049_multicore_res.json
case_049,1,3,122860,196276,1.5976,self,3,results/final_plans_mono/p1/n3/case_049_multicore_res.json
case_049,1,4,78438,196276,2.5023,self,4,results/final_plans_mono/p1/n4/case_049_multicore_res.json
case_049,1,5,74787,196276,2.6245,self,5,results/final_plans_mono/p1/n5/case_049_multicore_res.json
case_049,2,1,196276,196276,1.0,self,1,results/final_plans_mono/p2/n1/case_049_multicore_res.json
case_049,2,2,100467,196276,1.9536,self,2,results/final_plans_mono/p2/n2/case_049_multicore_res.json
case_049,2,3,81125,196276,2.4194,self,3,results/final_plans_mono/p2/n3/case_049_multicore_res.json
case_049,2,4,61217,196276,3.2062,self,4,results/final_plans_mono/p2/n4/case_049_multicore_res.json
case_049,2,5,59412,196276,3.3036,self,5,results/final_plans_mono/p2/n5/case_049_multicore_res.json
case_049,3,1,196276,196276,1.0,self,1,results/final_plans_mono/p3/n1/case_049_multicore_res.json
case_049,3,2,100433,196276,1.9543,self,2,results/final_plans_mono/p3/n2/case_049_multicore_res.json
case_049,3,3,81123,196276,2.4195,self,3,results/final_plans_mono/p3/n3/case_049_multicore_res.json
case_049,3,4,60474,196276,3.2456,self,4,results/final_plans_mono/p3/n4/case_049_multicore_res.json
case_049,3,5,58817,196276,3.3371,self,5,results/final_plans_mono/p3/n5/case_049_multicore_res.json
case_050,1,1,149690,149690,1.0,self,1,results/final_plans_mono/p1/n1/case_050_multicore_res.json
case_050,1,2,117878,149690,1.2699,self,2,results/final_plans_mono/p1/n2/case_050_multicore_res.json
case_050,1,3,71842,149690,2.0836,self,3,results/final_plans_mono/p1/n3/case_050_multicore_res.json
case_050,1,4,61002,149690,2.4539,self,4,results/final_plans_mono/p1/n4/case_050_multicore_res.json
case_050,1,5,60066,149690,2.4921,self,5,results/final_plans_mono/p1/n5/case_050_multicore_res.json
case_050,2,1,149690,149690,1.0,self,1,results/final_plans_mono/p2/n1/case_050_multicore_res.json
case_050,2,2,80347,149690,1.863,self,2,results/final_plans_mono/p2/n2/case_050_multicore_res.json
case_050,2,3,55518,149690,2.6962,self,3,results/final_plans_mono/p2/n3/case_050_multicore_res.json
case_050,2,4,43625,149690,3.4313,self,4,results/final_plans_mono/p2/n4/case_050_multicore_res.json
case_050,2,5,43625,149690,3.4313,embed_from_4,4,results/final_plans_mono/p2/n5/case_050_multicore_res.json
case_050,3,1,149690,149690,1.0,self,1,results/final_plans_mono/p3/n1/case_050_multicore_res.json
case_050,3,2,80346,149690,1.8631,self,2,results/final_plans_mono/p3/n2/case_050_multicore_res.json
case_050,3,3,55445,149690,2.6998,self,3,results/final_plans_mono/p3/n3/case_050_multicore_res.json
case_050,3,4,43605,149690,3.4329,self,4,results/final_plans_mono/p3/n4/case_050_multicore_res.json
case_050,3,5,43605,149690,3.4329,embed_from_4,4,results/final_plans_mono/p3/n5/case_050_multicore_res.json
case_051,1,1,607628,607628,1.0,self,1,results/final_plans_mono/p1/n1/case_051_multicore_res.json
case_051,1,2,607628,607628,1.0,embed_from_1,1,results/final_plans_mono/p1/n2/case_051_multicore_res.json
case_051,1,3,549836,607628,1.1051,self,3,results/final_plans_mono/p1/n3/case_051_multicore_res.json
case_051,1,4,533409,607628,1.1391,self,4,results/final_plans_mono/p1/n4/case_051_multicore_res.json
case_051,1,5,491857,607628,1.2354,self,5,results/final_plans_mono/p1/n5/case_051_multicore_res.json
case_051,2,1,607628,607628,1.0,self,1,results/final_plans_mono/p2/n1/case_051_multicore_res.json
case_051,2,2,607628,607628,1.0,embed_from_1,1,results/final_plans_mono/p2/n2/case_051_multicore_res.json
case_051,2,3,484407,607628,1.2544,self,3,results/final_plans_mono/p2/n3/case_051_multicore_res.json
case_051,2,4,345402,607628,1.7592,self,4,results/final_plans_mono/p2/n4/case_051_multicore_res.json
case_051,2,5,345402,607628,1.7592,embed_from_4,4,results/final_plans_mono/p2/n5/case_051_multicore_res.json
case_051,3,1,607628,607628,1.0,self,1,results/final_plans_mono/p3/n1/case_051_multicore_res.json
case_051,3,2,607628,607628,1.0,embed_from_1,1,results/final_plans_mono/p3/n2/case_051_multicore_res.json
case_051,3,3,486166,607628,1.2498,self,3,results/final_plans_mono/p3/n3/case_051_multicore_res.json
case_051,3,4,344572,607628,1.7634,self,4,results/final_plans_mono/p3/n4/case_051_multicore_res.json
case_051,3,5,344572,607628,1.7634,embed_from_4,4,results/final_plans_mono/p3/n5/case_051_multicore_res.json
case_052,1,1,180301,180301,1.0,self,1,results/final_plans_mono/p1/n1/case_052_multicore_res.json
case_052,1,2,88782,180301,2.0308,self,2,results/final_plans_mono/p1/n2/case_052_multicore_res.json
case_052,1,3,62271,180301,2.8954,self,3,results/final_plans_mono/p1/n3/case_052_multicore_res.json
case_052,1,4,49871,180301,3.6153,self,4,results/final_plans_mono/p1/n4/case_052_multicore_res.json
case_052,1,5,37926,180301,4.754,self,5,results/final_plans_mono/p1/n5/case_052_multicore_res.json
case_052,2,1,180301,180301,1.0,self,1,results/final_plans_mono/p2/n1/case_052_multicore_res.json
case_052,2,2,71775,180301,2.512,self,2,results/final_plans_mono/p2/n2/case_052_multicore_res.json
case_052,2,3,48446,180301,3.7217,self,3,results/final_plans_mono/p2/n3/case_052_multicore_res.json
case_052,2,4,37183,180301,4.849,self,4,results/final_plans_mono/p2/n4/case_052_multicore_res.json
case_052,2,5,30397,180301,5.9315,self,5,results/final_plans_mono/p2/n5/case_052_multicore_res.json
case_052,3,1,180301,180301,1.0,self,1,results/final_plans_mono/p3/n1/case_052_multicore_res.json
case_052,3,2,71775,180301,2.512,self,2,results/final_plans_mono/p3/n2/case_052_multicore_res.json
case_052,3,3,48446,180301,3.7217,self,3,results/final_plans_mono/p3/n3/case_052_multicore_res.json
case_052,3,4,37215,180301,4.8448,self,4,results/final_plans_mono/p3/n4/case_052_multicore_res.json
case_052,3,5,30477,180301,5.916,self,5,results/final_plans_mono/p3/n5/case_052_multicore_res.json
case_053,1,1,1472686,1472686,1.0,self,1,results/final_plans_mono/p1/n1/case_053_multicore_res.json
case_053,1,2,762634,1472686,1.9311,self,2,results/final_plans_mono/p1/n2/case_053_multicore_res.json
case_053,1,3,669050,1472686,2.2012,self,3,results/final_plans_mono/p1/n3/case_053_multicore_res.json
case_053,1,4,669050,1472686,2.2012,embed_from_3,3,results/final_plans_mono/p1/n4/case_053_multicore_res.json
case_053,1,5,494868,1472686,2.9759,self,5,results/final_plans_mono/p1/n5/case_053_multicore_res.json
case_053,2,1,1472686,1472686,1.0,self,1,results/final_plans_mono/p2/n1/case_053_multicore_res.json
case_053,2,2,703950,1472686,2.092,self,2,results/final_plans_mono/p2/n2/case_053_multicore_res.json
case_053,2,3,553159,1472686,2.6623,self,3,results/final_plans_mono/p2/n3/case_053_multicore_res.json
case_053,2,4,448335,1472686,3.2848,self,4,results/final_plans_mono/p2/n4/case_053_multicore_res.json
case_053,2,5,421015,1472686,3.4979,self,5,results/final_plans_mono/p2/n5/case_053_multicore_res.json
case_053,3,1,1428109,1472686,1.0312,self,1,results/final_plans_mono/p3/n1/case_053_multicore_res.json
case_053,3,2,703878,1472686,2.0922,self,2,results/final_plans_mono/p3/n2/case_053_multicore_res.json
case_053,3,3,553159,1472686,2.6623,self,3,results/final_plans_mono/p3/n3/case_053_multicore_res.json
case_053,3,4,424896,1472686,3.466,self,4,results/final_plans_mono/p3/n4/case_053_multicore_res.json
case_053,3,5,365951,1472686,4.0243,self,5,results/final_plans_mono/p3/n5/case_053_multicore_res.json
case_054,1,1,815051,815051,1.0,self,1,results/final_plans_mono/p1/n1/case_054_multicore_res.json
case_054,1,2,654946,815051,1.2445,self,2,results/final_plans_mono/p1/n2/case_054_multicore_res.json
case_054,1,3,364389,815051,2.2368,self,3,results/final_plans_mono/p1/n3/case_054_multicore_res.json
case_054,1,4,275253,815051,2.9611,self,4,results/final_plans_mono/p1/n4/case_054_multicore_res.json
case_054,1,5,275253,815051,2.9611,embed_from_4,4,results/final_plans_mono/p1/n5/case_054_multicore_res.json
case_054,2,1,815051,815051,1.0,self,1,results/final_plans_mono/p2/n1/case_054_multicore_res.json
case_054,2,2,411504,815051,1.9807,self,2,results/final_plans_mono/p2/n2/case_054_multicore_res.json
case_054,2,3,342634,815051,2.3788,self,3,results/final_plans_mono/p2/n3/case_054_multicore_res.json
case_054,2,4,245854,815051,3.3152,self,4,results/final_plans_mono/p2/n4/case_054_multicore_res.json
case_054,2,5,245854,815051,3.3152,embed_from_4,4,results/final_plans_mono/p2/n5/case_054_multicore_res.json
case_054,3,1,815051,815051,1.0,self,1,results/final_plans_mono/p3/n1/case_054_multicore_res.json
case_054,3,2,411477,815051,1.9808,self,2,results/final_plans_mono/p3/n2/case_054_multicore_res.json
case_054,3,3,342219,815051,2.3817,self,3,results/final_plans_mono/p3/n3/case_054_multicore_res.json
case_054,3,4,243498,815051,3.3473,self,4,results/final_plans_mono/p3/n4/case_054_multicore_res.json
case_054,3,5,243498,815051,3.3473,embed_from_4,4,results/final_plans_mono/p3/n5/case_054_multicore_res.json
case_055,1,1,118835,118835,1.0,self,1,results/final_plans_mono/p1/n1/case_055_multicore_res.json
case_055,1,2,57684,118835,2.0601,self,2,results/final_plans_mono/p1/n2/case_055_multicore_res.json
case_055,1,3,38093,118835,3.1196,self,3,results/final_plans_mono/p1/n3/case_055_multicore_res.json
case_055,1,4,31823,118835,3.7342,self,4,results/final_plans_mono/p1/n4/case_055_multicore_res.json
case_055,1,5,26800,118835,4.4341,self,5,results/final_plans_mono/p1/n5/case_055_multicore_res.json
case_055,2,1,118835,118835,1.0,self,1,results/final_plans_mono/p2/n1/case_055_multicore_res.json
case_055,2,2,48250,118835,2.4629,self,2,results/final_plans_mono/p2/n2/case_055_multicore_res.json
case_055,2,3,33559,118835,3.5411,self,3,results/final_plans_mono/p2/n3/case_055_multicore_res.json
case_055,2,4,31073,118835,3.8244,self,4,results/final_plans_mono/p2/n4/case_055_multicore_res.json
case_055,2,5,26653,118835,4.4586,self,5,results/final_plans_mono/p2/n5/case_055_multicore_res.json
case_055,3,1,118835,118835,1.0,self,1,results/final_plans_mono/p3/n1/case_055_multicore_res.json
case_055,3,2,48250,118835,2.4629,self,2,results/final_plans_mono/p3/n2/case_055_multicore_res.json
case_055,3,3,33559,118835,3.5411,self,3,results/final_plans_mono/p3/n3/case_055_multicore_res.json
case_055,3,4,29142,118835,4.0778,self,4,results/final_plans_mono/p3/n4/case_055_multicore_res.json
case_055,3,5,25947,118835,4.5799,self,5,results/final_plans_mono/p3/n5/case_055_multicore_res.json
case_056,1,1,277285,277285,1.0,self,1,results/final_plans_mono/p1/n1/case_056_multicore_res.json
case_056,1,2,160760,277285,1.7248,self,2,results/final_plans_mono/p1/n2/case_056_multicore_res.json
case_056,1,3,148001,277285,1.8735,self,3,results/final_plans_mono/p1/n3/case_056_multicore_res.json
case_056,1,4,116709,277285,2.3759,self,4,results/final_plans_mono/p1/n4/case_056_multicore_res.json
case_056,1,5,98991,277285,2.8011,self,5,results/final_plans_mono/p1/n5/case_056_multicore_res.json
case_056,2,1,277285,277285,1.0,self,1,results/final_plans_mono/p2/n1/case_056_multicore_res.json
case_056,2,2,130574,277285,2.1236,self,2,results/final_plans_mono/p2/n2/case_056_multicore_res.json
case_056,2,3,90771,277285,3.0548,self,3,results/final_plans_mono/p2/n3/case_056_multicore_res.json
case_056,2,4,88923,277285,3.1183,self,4,results/final_plans_mono/p2/n4/case_056_multicore_res.json
case_056,2,5,76464,277285,3.6263,self,5,results/final_plans_mono/p2/n5/case_056_multicore_res.json
case_056,3,1,277285,277285,1.0,self,1,results/final_plans_mono/p3/n1/case_056_multicore_res.json
case_056,3,2,130574,277285,2.1236,self,2,results/final_plans_mono/p3/n2/case_056_multicore_res.json
case_056,3,3,90592,277285,3.0608,self,3,results/final_plans_mono/p3/n3/case_056_multicore_res.json
case_056,3,4,88843,277285,3.1211,self,4,results/final_plans_mono/p3/n4/case_056_multicore_res.json
case_056,3,5,75480,277285,3.6736,self,5,results/final_plans_mono/p3/n5/case_056_multicore_res.json
case_057,1,1,59726,59726,1.0,self,1,results/final_plans_mono/p1/n1/case_057_multicore_res.json
case_057,1,2,33614,59726,1.7768,self,2,results/final_plans_mono/p1/n2/case_057_multicore_res.json
case_057,1,3,26147,59726,2.2842,self,3,results/final_plans_mono/p1/n3/case_057_multicore_res.json
case_057,1,4,22025,59726,2.7117,self,4,results/final_plans_mono/p1/n4/case_057_multicore_res.json
case_057,1,5,18596,59726,3.2118,self,5,results/final_plans_mono/p1/n5/case_057_multicore_res.json
case_057,2,1,59726,59726,1.0,self,1,results/final_plans_mono/p2/n1/case_057_multicore_res.json
case_057,2,2,30719,59726,1.9443,self,2,results/final_plans_mono/p2/n2/case_057_multicore_res.json
case_057,2,3,21820,59726,2.7372,self,3,results/final_plans_mono/p2/n3/case_057_multicore_res.json
case_057,2,4,17875,59726,3.3413,self,4,results/final_plans_mono/p2/n4/case_057_multicore_res.json
case_057,2,5,15599,59726,3.8288,self,5,results/final_plans_mono/p2/n5/case_057_multicore_res.json
case_057,3,1,59726,59726,1.0,self,1,results/final_plans_mono/p3/n1/case_057_multicore_res.json
case_057,3,2,30715,59726,1.9445,self,2,results/final_plans_mono/p3/n2/case_057_multicore_res.json
case_057,3,3,21007,59726,2.8431,self,3,results/final_plans_mono/p3/n3/case_057_multicore_res.json
case_057,3,4,17645,59726,3.3849,self,4,results/final_plans_mono/p3/n4/case_057_multicore_res.json
case_057,3,5,15428,59726,3.8713,self,5,results/final_plans_mono/p3/n5/case_057_multicore_res.json
case_058,1,1,4539717,4539717,1.0,self,1,results/final_plans_mono/p1/n1/case_058_multicore_res.json
case_058,1,2,2425474,4539717,1.8717,self,2,results/final_plans_mono/p1/n2/case_058_multicore_res.json
case_058,1,3,1554831,4539717,2.9197,self,3,results/final_plans_mono/p1/n3/case_058_multicore_res.json
case_058,1,4,1154519,4539717,3.9321,self,4,results/final_plans_mono/p1/n4/case_058_multicore_res.json
case_058,1,5,1004819,4539717,4.5179,self,5,results/final_plans_mono/p1/n5/case_058_multicore_res.json
case_058,2,1,4539717,4539717,1.0,self,1,results/final_plans_mono/p2/n1/case_058_multicore_res.json
case_058,2,2,2263428,4539717,2.0057,self,2,results/final_plans_mono/p2/n2/case_058_multicore_res.json
case_058,2,3,1554831,4539717,2.9197,self,3,results/final_plans_mono/p2/n3/case_058_multicore_res.json
case_058,2,4,1154519,4539717,3.9321,self,4,results/final_plans_mono/p2/n4/case_058_multicore_res.json
case_058,2,5,1004819,4539717,4.5179,self,5,results/final_plans_mono/p2/n5/case_058_multicore_res.json
case_058,3,1,4539717,4539717,1.0,self,1,results/final_plans_mono/p3/n1/case_058_multicore_res.json
case_058,3,2,2262108,4539717,2.0069,self,2,results/final_plans_mono/p3/n2/case_058_multicore_res.json
case_058,3,3,1554831,4539717,2.9197,self,3,results/final_plans_mono/p3/n3/case_058_multicore_res.json
case_058,3,4,1142629,4539717,3.973,self,4,results/final_plans_mono/p3/n4/case_058_multicore_res.json
case_058,3,5,1004819,4539717,4.5179,self,5,results/final_plans_mono/p3/n5/case_058_multicore_res.json
case_059,1,1,829473,829473,1.0,self,1,results/final_plans_mono/p1/n1/case_059_multicore_res.json
case_059,1,2,369318,829473,2.246,self,2,results/final_plans_mono/p1/n2/case_059_multicore_res.json
case_059,1,3,266217,829473,3.1158,self,3,results/final_plans_mono/p1/n3/case_059_multicore_res.json
case_059,1,4,185216,829473,4.4784,self,4,results/final_plans_mono/p1/n4/case_059_multicore_res.json
case_059,1,5,150782,829473,5.5011,self,5,results/final_plans_mono/p1/n5/case_059_multicore_res.json
case_059,2,1,829473,829473,1.0,self,1,results/final_plans_mono/p2/n1/case_059_multicore_res.json
case_059,2,2,369318,829473,2.246,self,2,results/final_plans_mono/p2/n2/case_059_multicore_res.json
case_059,2,3,255358,829473,3.2483,self,3,results/final_plans_mono/p2/n3/case_059_multicore_res.json
case_059,2,4,185216,829473,4.4784,self,4,results/final_plans_mono/p2/n4/case_059_multicore_res.json
case_059,2,5,150736,829473,5.5028,self,5,results/final_plans_mono/p2/n5/case_059_multicore_res.json
case_059,3,1,815938,829473,1.0166,self,1,results/final_plans_mono/p3/n1/case_059_multicore_res.json
case_059,3,2,369318,829473,2.246,self,2,results/final_plans_mono/p3/n2/case_059_multicore_res.json
case_059,3,3,255306,829473,3.2489,self,3,results/final_plans_mono/p3/n3/case_059_multicore_res.json
case_059,3,4,185216,829473,4.4784,self,4,results/final_plans_mono/p3/n4/case_059_multicore_res.json
case_059,3,5,150665,829473,5.5054,self,5,results/final_plans_mono/p3/n5/case_059_multicore_res.json
case_060,1,1,888789,888789,1.0,self,1,results/final_plans_mono/p1/n1/case_060_multicore_res.json
case_060,1,2,454346,888789,1.9562,self,2,results/final_plans_mono/p1/n2/case_060_multicore_res.json
case_060,1,3,311759,888789,2.8509,self,3,results/final_plans_mono/p1/n3/case_060_multicore_res.json
case_060,1,4,232939,888789,3.8155,self,4,results/final_plans_mono/p1/n4/case_060_multicore_res.json
case_060,1,5,196599,888789,4.5208,self,5,results/final_plans_mono/p1/n5/case_060_multicore_res.json
case_060,2,1,888789,888789,1.0,self,1,results/final_plans_mono/p2/n1/case_060_multicore_res.json
case_060,2,2,454346,888789,1.9562,self,2,results/final_plans_mono/p2/n2/case_060_multicore_res.json
case_060,2,3,311884,888789,2.8497,self,3,results/final_plans_mono/p2/n3/case_060_multicore_res.json
case_060,2,4,229883,888789,3.8663,self,4,results/final_plans_mono/p2/n4/case_060_multicore_res.json
case_060,2,5,196763,888789,4.5171,self,5,results/final_plans_mono/p2/n5/case_060_multicore_res.json
case_060,3,1,887801,888789,1.0011,self,1,results/final_plans_mono/p3/n1/case_060_multicore_res.json
case_060,3,2,454167,888789,1.957,self,2,results/final_plans_mono/p3/n2/case_060_multicore_res.json
case_060,3,3,311135,888789,2.8566,self,3,results/final_plans_mono/p3/n3/case_060_multicore_res.json
case_060,3,4,229693,888789,3.8695,self,4,results/final_plans_mono/p3/n4/case_060_multicore_res.json
case_060,3,5,195309,888789,4.5507,self,5,results/final_plans_mono/p3/n5/case_060_multicore_res.json
case_061,1,1,77191,77191,1.0,self,1,results/final_plans_mono/p1/n1/case_061_multicore_res.json
case_061,1,2,38873,77191,1.9857,self,2,results/final_plans_mono/p1/n2/case_061_multicore_res.json
case_061,1,3,34829,77191,2.2163,self,3,results/final_plans_mono/p1/n3/case_061_multicore_res.json
case_061,1,4,28476,77191,2.7107,self,4,results/final_plans_mono/p1/n4/case_061_multicore_res.json
case_061,1,5,23868,77191,3.2341,self,5,results/final_plans_mono/p1/n5/case_061_multicore_res.json
case_061,2,1,77191,77191,1.0,self,1,results/final_plans_mono/p2/n1/case_061_multicore_res.json
case_061,2,2,38873,77191,1.9857,self,2,results/final_plans_mono/p2/n2/case_061_multicore_res.json
case_061,2,3,29830,77191,2.5877,self,3,results/final_plans_mono/p2/n3/case_061_multicore_res.json
case_061,2,4,23028,77191,3.352,self,4,results/final_plans_mono/p2/n4/case_061_multicore_res.json
case_061,2,5,19552,77191,3.948,self,5,results/final_plans_mono/p2/n5/case_061_multicore_res.json
case_061,3,1,77191,77191,1.0,self,1,results/final_plans_mono/p3/n1/case_061_multicore_res.json
case_061,3,2,38873,77191,1.9857,self,2,results/final_plans_mono/p3/n2/case_061_multicore_res.json
case_061,3,3,29381,77191,2.6272,self,3,results/final_plans_mono/p3/n3/case_061_multicore_res.json
case_061,3,4,22937,77191,3.3653,self,4,results/final_plans_mono/p3/n4/case_061_multicore_res.json
case_061,3,5,21433,77191,3.6015,self,5,results/final_plans_mono/p3/n5/case_061_multicore_res.json
case_062,1,1,2854809,2854809,1.0,self,1,results/final_plans_mono/p1/n1/case_062_multicore_res.json
case_062,1,2,1429373,2854809,1.9972,self,2,results/final_plans_mono/p1/n2/case_062_multicore_res.json
case_062,1,3,955282,2854809,2.9884,self,3,results/final_plans_mono/p1/n3/case_062_multicore_res.json
case_062,1,4,718474,2854809,3.9734,self,4,results/final_plans_mono/p1/n4/case_062_multicore_res.json
case_062,1,5,575863,2854809,4.9574,self,5,results/final_plans_mono/p1/n5/case_062_multicore_res.json
case_062,2,1,2854809,2854809,1.0,self,1,results/final_plans_mono/p2/n1/case_062_multicore_res.json
case_062,2,2,1429017,2854809,1.9977,self,2,results/final_plans_mono/p2/n2/case_062_multicore_res.json
case_062,2,3,954281,2854809,2.9916,self,3,results/final_plans_mono/p2/n3/case_062_multicore_res.json
case_062,2,4,716806,2854809,3.9827,self,4,results/final_plans_mono/p2/n4/case_062_multicore_res.json
case_062,2,5,574337,2854809,4.9706,self,5,results/final_plans_mono/p2/n5/case_062_multicore_res.json
case_062,3,1,2854809,2854809,1.0,self,1,results/final_plans_mono/p3/n1/case_062_multicore_res.json
case_062,3,2,1428976,2854809,1.9978,self,2,results/final_plans_mono/p3/n2/case_062_multicore_res.json
case_062,3,3,954215,2854809,2.9918,self,3,results/final_plans_mono/p3/n3/case_062_multicore_res.json
case_062,3,4,716806,2854809,3.9827,self,4,results/final_plans_mono/p3/n4/case_062_multicore_res.json
case_062,3,5,574337,2854809,4.9706,self,5,results/final_plans_mono/p3/n5/case_062_multicore_res.json
case_063,1,1,1070397,1070397,1.0,self,1,results/final_plans_mono/p1/n1/case_063_multicore_res.json
case_063,1,2,537888,1070397,1.99,self,2,results/final_plans_mono/p1/n2/case_063_multicore_res.json
case_063,1,3,359105,1070397,2.9807,self,3,results/final_plans_mono/p1/n3/case_063_multicore_res.json
case_063,1,4,271192,1070397,3.947,self,4,results/final_plans_mono/p1/n4/case_063_multicore_res.json
case_063,1,5,218990,1070397,4.8879,self,5,results/final_plans_mono/p1/n5/case_063_multicore_res.json
case_063,2,1,1070397,1070397,1.0,self,1,results/final_plans_mono/p2/n1/case_063_multicore_res.json
case_063,2,2,534284,1070397,2.0034,self,2,results/final_plans_mono/p2/n2/case_063_multicore_res.json
case_063,2,3,346909,1070397,3.0855,self,3,results/final_plans_mono/p2/n3/case_063_multicore_res.json
case_063,2,4,270124,1070397,3.9626,self,4,results/final_plans_mono/p2/n4/case_063_multicore_res.json
case_063,2,5,213041,1070397,5.0244,self,5,results/final_plans_mono/p2/n5/case_063_multicore_res.json
case_063,3,1,1070397,1070397,1.0,self,1,results/final_plans_mono/p3/n1/case_063_multicore_res.json
case_063,3,2,533800,1070397,2.0052,self,2,results/final_plans_mono/p3/n2/case_063_multicore_res.json
case_063,3,3,344374,1070397,3.1082,self,3,results/final_plans_mono/p3/n3/case_063_multicore_res.json
case_063,3,4,270081,1070397,3.9632,self,4,results/final_plans_mono/p3/n4/case_063_multicore_res.json
case_063,3,5,213041,1070397,5.0244,self,5,results/final_plans_mono/p3/n5/case_063_multicore_res.json
case_064,1,1,19116,19116,1.0,self,1,results/final_plans_mono/p1/n1/case_064_multicore_res.json
case_064,1,2,19071,19116,1.0024,self,2,results/final_plans_mono/p1/n2/case_064_multicore_res.json
case_064,1,3,17646,19116,1.0833,self,3,results/final_plans_mono/p1/n3/case_064_multicore_res.json
case_064,1,4,17646,19116,1.0833,embed_from_3,3,results/final_plans_mono/p1/n4/case_064_multicore_res.json
case_064,1,5,16068,19116,1.1897,self,5,results/final_plans_mono/p1/n5/case_064_multicore_res.json
case_064,2,1,19116,19116,1.0,self,1,results/final_plans_mono/p2/n1/case_064_multicore_res.json
case_064,2,2,13698,19116,1.3955,self,2,results/final_plans_mono/p2/n2/case_064_multicore_res.json
case_064,2,3,11449,19116,1.6697,self,3,results/final_plans_mono/p2/n3/case_064_multicore_res.json
case_064,2,4,11254,19116,1.6986,self,4,results/final_plans_mono/p2/n4/case_064_multicore_res.json
case_064,2,5,11254,19116,1.6986,embed_from_4,4,results/final_plans_mono/p2/n5/case_064_multicore_res.json
case_064,3,1,19116,19116,1.0,self,1,results/final_plans_mono/p3/n1/case_064_multicore_res.json
case_064,3,2,13674,19116,1.398,self,2,results/final_plans_mono/p3/n2/case_064_multicore_res.json
case_064,3,3,11407,19116,1.6758,self,3,results/final_plans_mono/p3/n3/case_064_multicore_res.json
case_064,3,4,11227,19116,1.7027,self,4,results/final_plans_mono/p3/n4/case_064_multicore_res.json
case_064,3,5,11227,19116,1.7027,embed_from_4,4,results/final_plans_mono/p3/n5/case_064_multicore_res.json
case_065,1,1,53068,53068,1.0,self,1,results/final_plans_mono/p1/n1/case_065_multicore_res.json
case_065,1,2,22981,53068,2.3092,self,2,results/final_plans_mono/p1/n2/case_065_multicore_res.json
case_065,1,3,17966,53068,2.9538,self,3,results/final_plans_mono/p1/n3/case_065_multicore_res.json
case_065,1,4,13745,53068,3.8609,self,4,results/final_plans_mono/p1/n4/case_065_multicore_res.json
case_065,1,5,11421,53068,4.6465,self,5,results/final_plans_mono/p1/n5/case_065_multicore_res.json
case_065,2,1,53068,53068,1.0,self,1,results/final_plans_mono/p2/n1/case_065_multicore_res.json
case_065,2,2,21905,53068,2.4226,self,2,results/final_plans_mono/p2/n2/case_065_multicore_res.json
case_065,2,3,14937,53068,3.5528,self,3,results/final_plans_mono/p2/n3/case_065_multicore_res.json
case_065,2,4,11760,53068,4.5126,self,4,results/final_plans_mono/p2/n4/case_065_multicore_res.json
case_065,2,5,10622,53068,4.996,self,5,results/final_plans_mono/p2/n5/case_065_multicore_res.json
case_065,3,1,53068,53068,1.0,self,1,results/final_plans_mono/p3/n1/case_065_multicore_res.json
case_065,3,2,21905,53068,2.4226,self,2,results/final_plans_mono/p3/n2/case_065_multicore_res.json
case_065,3,3,14937,53068,3.5528,self,3,results/final_plans_mono/p3/n3/case_065_multicore_res.json
case_065,3,4,11760,53068,4.5126,self,4,results/final_plans_mono/p3/n4/case_065_multicore_res.json
case_065,3,5,10499,53068,5.0546,self,5,results/final_plans_mono/p3/n5/case_065_multicore_res.json
case_066,1,1,359070,359070,1.0,self,1,results/final_plans_mono/p1/n1/case_066_multicore_res.json
case_066,1,2,230062,359070,1.5608,self,2,results/final_plans_mono/p1/n2/case_066_multicore_res.json
case_066,1,3,169971,359070,2.1125,self,3,results/final_plans_mono/p1/n3/case_066_multicore_res.json
case_066,1,4,158070,359070,2.2716,self,4,results/final_plans_mono/p1/n4/case_066_multicore_res.json
case_066,1,5,124255,359070,2.8898,self,5,results/final_plans_mono/p1/n5/case_066_multicore_res.json
case_066,2,1,359070,359070,1.0,self,1,results/final_plans_mono/p2/n1/case_066_multicore_res.json
case_066,2,2,197561,359070,1.8175,self,2,results/final_plans_mono/p2/n2/case_066_multicore_res.json
case_066,2,3,142974,359070,2.5114,self,3,results/final_plans_mono/p2/n3/case_066_multicore_res.json
case_066,2,4,132815,359070,2.7035,self,4,results/final_plans_mono/p2/n4/case_066_multicore_res.json
case_066,2,5,110016,359070,3.2638,self,5,results/final_plans_mono/p2/n5/case_066_multicore_res.json
case_066,3,1,359070,359070,1.0,self,1,results/final_plans_mono/p3/n1/case_066_multicore_res.json
case_066,3,2,197561,359070,1.8175,self,2,results/final_plans_mono/p3/n2/case_066_multicore_res.json
case_066,3,3,142969,359070,2.5115,self,3,results/final_plans_mono/p3/n3/case_066_multicore_res.json
case_066,3,4,131603,359070,2.7284,self,4,results/final_plans_mono/p3/n4/case_066_multicore_res.json
case_066,3,5,110603,359070,3.2465,self,5,results/final_plans_mono/p3/n5/case_066_multicore_res.json
case_067,1,1,63834834,63834834,1.0,self,1,results/final_plans_mono/p1/n1/case_067_multicore_res.json
case_067,1,2,32441828,63834834,1.9677,self,2,results/final_plans_mono/p1/n2/case_067_multicore_res.json
case_067,1,3,21673797,63834834,2.9453,self,3,results/final_plans_mono/p1/n3/case_067_multicore_res.json
case_067,1,4,17872457,63834834,3.5717,self,4,results/final_plans_mono/p1/n4/case_067_multicore_res.json
case_067,1,5,14414488,63834834,4.4285,self,5,results/final_plans_mono/p1/n5/case_067_multicore_res.json
case_067,2,1,63834834,63834834,1.0,self,1,results/final_plans_mono/p2/n1/case_067_multicore_res.json
case_067,2,2,30338059,63834834,2.1041,self,2,results/final_plans_mono/p2/n2/case_067_multicore_res.json
case_067,2,3,20153440,63834834,3.1674,self,3,results/final_plans_mono/p2/n3/case_067_multicore_res.json
case_067,2,4,15143945,63834834,4.2152,self,4,results/final_plans_mono/p2/n4/case_067_multicore_res.json
case_067,2,5,12531847,63834834,5.0938,self,5,results/final_plans_mono/p2/n5/case_067_multicore_res.json
case_067,3,1,63834834,63834834,1.0,self,1,results/final_plans_mono/p3/n1/case_067_multicore_res.json
case_067,3,2,30303605,63834834,2.1065,self,2,results/final_plans_mono/p3/n2/case_067_multicore_res.json
case_067,3,3,20084166,63834834,3.1784,self,3,results/final_plans_mono/p3/n3/case_067_multicore_res.json
case_067,3,4,15040197,63834834,4.2443,self,4,results/final_plans_mono/p3/n4/case_067_multicore_res.json
case_067,3,5,12497325,63834834,5.1079,self,5,results/final_plans_mono/p3/n5/case_067_multicore_res.json
case_068,1,1,362095,362095,1.0,self,1,results/final_plans_mono/p1/n1/case_068_multicore_res.json
case_068,1,2,249377,362095,1.452,self,2,results/final_plans_mono/p1/n2/case_068_multicore_res.json
case_068,1,3,187636,362095,1.9298,self,3,results/final_plans_mono/p1/n3/case_068_multicore_res.json
case_068,1,4,187636,362095,1.9298,embed_from_3,3,results/final_plans_mono/p1/n4/case_068_multicore_res.json
case_068,1,5,187636,362095,1.9298,embed_from_3,3,results/final_plans_mono/p1/n5/case_068_multicore_res.json
case_068,2,1,362095,362095,1.0,self,1,results/final_plans_mono/p2/n1/case_068_multicore_res.json
case_068,2,2,197044,362095,1.8376,self,2,results/final_plans_mono/p2/n2/case_068_multicore_res.json
case_068,2,3,149508,362095,2.4219,self,3,results/final_plans_mono/p2/n3/case_068_multicore_res.json
case_068,2,4,149508,362095,2.4219,embed_from_3,3,results/final_plans_mono/p2/n4/case_068_multicore_res.json
case_068,2,5,149508,362095,2.4219,embed_from_3,3,results/final_plans_mono/p2/n5/case_068_multicore_res.json
case_068,3,1,362095,362095,1.0,self,1,results/final_plans_mono/p3/n1/case_068_multicore_res.json
case_068,3,2,197002,362095,1.838,self,2,results/final_plans_mono/p3/n2/case_068_multicore_res.json
case_068,3,3,147814,362095,2.4497,self,3,results/final_plans_mono/p3/n3/case_068_multicore_res.json
case_068,3,4,120739,362095,2.999,self,4,results/final_plans_mono/p3/n4/case_068_multicore_res.json
case_068,3,5,120739,362095,2.999,embed_from_4,4,results/final_plans_mono/p3/n5/case_068_multicore_res.json
case_069,1,1,25144,25144,1.0,self,1,results/final_plans_mono/p1/n1/case_069_multicore_res.json
case_069,1,2,23844,25144,1.0545,self,2,results/final_plans_mono/p1/n2/case_069_multicore_res.json
case_069,1,3,21838,25144,1.1514,self,3,results/final_plans_mono/p1/n3/case_069_multicore_res.json
case_069,1,4,20155,25144,1.2475,self,4,results/final_plans_mono/p1/n4/case_069_multicore_res.json
case_069,1,5,20155,25144,1.2475,embed_from_4,4,results/final_plans_mono/p1/n5/case_069_multicore_res.json
case_069,2,1,25144,25144,1.0,self,1,results/final_plans_mono/p2/n1/case_069_multicore_res.json
case_069,2,2,13266,25144,1.8954,self,2,results/final_plans_mono/p2/n2/case_069_multicore_res.json
case_069,2,3,12273,25144,2.0487,self,3,results/final_plans_mono/p2/n3/case_069_multicore_res.json
case_069,2,4,12273,25144,2.0487,embed_from_3,3,results/final_plans_mono/p2/n4/case_069_multicore_res.json
case_069,2,5,12273,25144,2.0487,embed_from_3,3,results/final_plans_mono/p2/n5/case_069_multicore_res.json
case_069,3,1,25144,25144,1.0,self,1,results/final_plans_mono/p3/n1/case_069_multicore_res.json
case_069,3,2,14111,25144,1.7819,self,2,results/final_plans_mono/p3/n2/case_069_multicore_res.json
case_069,3,3,12005,25144,2.0945,self,3,results/final_plans_mono/p3/n3/case_069_multicore_res.json
case_069,3,4,10301,25144,2.4409,self,4,results/final_plans_mono/p3/n4/case_069_multicore_res.json
case_069,3,5,10301,25144,2.4409,embed_from_4,4,results/final_plans_mono/p3/n5/case_069_multicore_res.json
case_070,1,1,117300,117300,1.0,self,1,results/final_plans_mono/p1/n1/case_070_multicore_res.json
case_070,1,2,58469,117300,2.0062,self,2,results/final_plans_mono/p1/n2/case_070_multicore_res.json
case_070,1,3,42877,117300,2.7357,self,3,results/final_plans_mono/p1/n3/case_070_multicore_res.json
case_070,1,4,32371,117300,3.6236,self,4,results/final_plans_mono/p1/n4/case_070_multicore_res.json
case_070,1,5,30646,117300,3.8276,self,5,results/final_plans_mono/p1/n5/case_070_multicore_res.json
case_070,2,1,117300,117300,1.0,self,1,results/final_plans_mono/p2/n1/case_070_multicore_res.json
case_070,2,2,47580,117300,2.4653,self,2,results/final_plans_mono/p2/n2/case_070_multicore_res.json
case_070,2,3,40551,117300,2.8927,self,3,results/final_plans_mono/p2/n3/case_070_multicore_res.json
case_070,2,4,29097,117300,4.0313,self,4,results/final_plans_mono/p2/n4/case_070_multicore_res.json
case_070,2,5,26399,117300,4.4434,self,5,results/final_plans_mono/p2/n5/case_070_multicore_res.json
case_070,3,1,117300,117300,1.0,self,1,results/final_plans_mono/p3/n1/case_070_multicore_res.json
case_070,3,2,47580,117300,2.4653,self,2,results/final_plans_mono/p3/n2/case_070_multicore_res.json
case_070,3,3,40551,117300,2.8927,self,3,results/final_plans_mono/p3/n3/case_070_multicore_res.json
case_070,3,4,29097,117300,4.0313,self,4,results/final_plans_mono/p3/n4/case_070_multicore_res.json
case_070,3,5,27037,117300,4.3385,self,5,results/final_plans_mono/p3/n5/case_070_multicore_res.json
case_071,1,1,18919,18919,1.0,self,1,results/final_plans_mono/p1/n1/case_071_multicore_res.json
case_071,1,2,17677,18919,1.0703,self,2,results/final_plans_mono/p1/n2/case_071_multicore_res.json
case_071,1,3,16201,18919,1.1678,self,3,results/final_plans_mono/p1/n3/case_071_multicore_res.json
case_071,1,4,13881,18919,1.3629,self,4,results/final_plans_mono/p1/n4/case_071_multicore_res.json
case_071,1,5,13881,18919,1.3629,embed_from_4,4,results/final_plans_mono/p1/n5/case_071_multicore_res.json
case_071,2,1,18919,18919,1.0,self,1,results/final_plans_mono/p2/n1/case_071_multicore_res.json
case_071,2,2,12299,18919,1.5383,self,2,results/final_plans_mono/p2/n2/case_071_multicore_res.json
case_071,2,3,10775,18919,1.7558,self,3,results/final_plans_mono/p2/n3/case_071_multicore_res.json
case_071,2,4,9527,18919,1.9858,self,4,results/final_plans_mono/p2/n4/case_071_multicore_res.json
case_071,2,5,9527,18919,1.9858,embed_from_4,4,results/final_plans_mono/p2/n5/case_071_multicore_res.json
case_071,3,1,18919,18919,1.0,self,1,results/final_plans_mono/p3/n1/case_071_multicore_res.json
case_071,3,2,11236,18919,1.6838,self,2,results/final_plans_mono/p3/n2/case_071_multicore_res.json
case_071,3,3,10636,18919,1.7788,self,3,results/final_plans_mono/p3/n3/case_071_multicore_res.json
case_071,3,4,8702,18919,2.1741,self,4,results/final_plans_mono/p3/n4/case_071_multicore_res.json
case_071,3,5,8702,18919,2.1741,embed_from_4,4,results/final_plans_mono/p3/n5/case_071_multicore_res.json
case_072,1,1,23897828,23897828,1.0,self,1,results/final_plans_mono/p1/n1/case_072_multicore_res.json
case_072,1,2,17835726,23897828,1.3399,self,2,results/final_plans_mono/p1/n2/case_072_multicore_res.json
case_072,1,3,11984939,23897828,1.994,self,3,results/final_plans_mono/p1/n3/case_072_multicore_res.json
case_072,1,4,5990192,23897828,3.9895,self,4,results/final_plans_mono/p1/n4/case_072_multicore_res.json
case_072,1,5,4822195,23897828,4.9558,self,5,results/final_plans_mono/p1/n5/case_072_multicore_res.json
case_072,2,1,23897828,23897828,1.0,self,1,results/final_plans_mono/p2/n1/case_072_multicore_res.json
case_072,2,2,11846123,23897828,2.0174,self,2,results/final_plans_mono/p2/n2/case_072_multicore_res.json
case_072,2,3,8011141,23897828,2.9831,self,3,results/final_plans_mono/p2/n3/case_072_multicore_res.json
case_072,2,4,5941844,23897828,4.022,self,4,results/final_plans_mono/p2/n4/case_072_multicore_res.json
case_072,2,5,4804197,23897828,4.9744,self,5,results/final_plans_mono/p2/n5/case_072_multicore_res.json
case_072,3,1,23890756,23897828,1.0003,self,1,results/final_plans_mono/p3/n1/case_072_multicore_res.json
case_072,3,2,11841570,23897828,2.0181,self,2,results/final_plans_mono/p3/n2/case_072_multicore_res.json
case_072,3,3,7998790,23897828,2.9877,self,3,results/final_plans_mono/p3/n3/case_072_multicore_res.json
case_072,3,4,5928167,23897828,4.0312,self,4,results/final_plans_mono/p3/n4/case_072_multicore_res.json
case_072,3,5,4776264,23897828,5.0035,self,5,results/final_plans_mono/p3/n5/case_072_multicore_res.json
case_073,1,1,10081626,10081626,1.0,self,1,results/final_plans_mono/p1/n1/case_073_multicore_res.json
case_073,1,2,5394231,10081626,1.869,self,2,results/final_plans_mono/p1/n2/case_073_multicore_res.json
case_073,1,3,4084492,10081626,2.4683,self,3,results/final_plans_mono/p1/n3/case_073_multicore_res.json
case_073,1,4,3636147,10081626,2.7726,self,4,results/final_plans_mono/p1/n4/case_073_multicore_res.json
case_073,1,5,3315822,10081626,3.0405,self,5,results/final_plans_mono/p1/n5/case_073_multicore_res.json
case_073,2,1,10081626,10081626,1.0,self,1,results/final_plans_mono/p2/n1/case_073_multicore_res.json
case_073,2,2,4236675,10081626,2.3796,self,2,results/final_plans_mono/p2/n2/case_073_multicore_res.json
case_073,2,3,2831560,10081626,3.5604,self,3,results/final_plans_mono/p2/n3/case_073_multicore_res.json
case_073,2,4,2208323,10081626,4.5653,self,4,results/final_plans_mono/p2/n4/case_073_multicore_res.json
case_073,2,5,1816764,10081626,5.5492,self,5,results/final_plans_mono/p2/n5/case_073_multicore_res.json
case_073,3,1,10081626,10081626,1.0,self,1,results/final_plans_mono/p3/n1/case_073_multicore_res.json
case_073,3,2,4197779,10081626,2.4017,self,2,results/final_plans_mono/p3/n2/case_073_multicore_res.json
case_073,3,3,2819753,10081626,3.5754,self,3,results/final_plans_mono/p3/n3/case_073_multicore_res.json
case_073,3,4,2123315,10081626,4.7481,self,4,results/final_plans_mono/p3/n4/case_073_multicore_res.json
case_073,3,5,1706254,10081626,5.9086,self,5,results/final_plans_mono/p3/n5/case_073_multicore_res.json
case_074,1,1,1682239,1682239,1.0,self,1,results/final_plans_mono/p1/n1/case_074_multicore_res.json
case_074,1,2,826937,1682239,2.0343,self,2,results/final_plans_mono/p1/n2/case_074_multicore_res.json
case_074,1,3,544838,1682239,3.0876,self,3,results/final_plans_mono/p1/n3/case_074_multicore_res.json
case_074,1,4,408750,1682239,4.1156,self,4,results/final_plans_mono/p1/n4/case_074_multicore_res.json
case_074,1,5,341070,1682239,4.9322,self,5,results/final_plans_mono/p1/n5/case_074_multicore_res.json
case_074,2,1,1682239,1682239,1.0,self,1,results/final_plans_mono/p2/n1/case_074_multicore_res.json
case_074,2,2,826937,1682239,2.0343,self,2,results/final_plans_mono/p2/n2/case_074_multicore_res.json
case_074,2,3,544838,1682239,3.0876,self,3,results/final_plans_mono/p2/n3/case_074_multicore_res.json
case_074,2,4,408750,1682239,4.1156,self,4,results/final_plans_mono/p2/n4/case_074_multicore_res.json
case_074,2,5,336523,1682239,4.9989,self,5,results/final_plans_mono/p2/n5/case_074_multicore_res.json
case_074,3,1,1678120,1682239,1.0025,self,1,results/final_plans_mono/p3/n1/case_074_multicore_res.json
case_074,3,2,824879,1682239,2.0394,self,2,results/final_plans_mono/p3/n2/case_074_multicore_res.json
case_074,3,3,544114,1682239,3.0917,self,3,results/final_plans_mono/p3/n3/case_074_multicore_res.json
case_074,3,4,405309,1682239,4.1505,self,4,results/final_plans_mono/p3/n4/case_074_multicore_res.json
case_074,3,5,332111,1682239,5.0653,self,5,results/final_plans_mono/p3/n5/case_074_multicore_res.json
case_075,1,1,1441809,1441809,1.0,self,1,results/final_plans_mono/p1/n1/case_075_multicore_res.json
case_075,1,2,848258,1441809,1.6997,self,2,results/final_plans_mono/p1/n2/case_075_multicore_res.json
case_075,1,3,756355,1441809,1.9063,self,3,results/final_plans_mono/p1/n3/case_075_multicore_res.json
case_075,1,4,483591,1441809,2.9815,self,4,results/final_plans_mono/p1/n4/case_075_multicore_res.json
case_075,1,5,467401,1441809,3.0847,self,5,results/final_plans_mono/p1/n5/case_075_multicore_res.json
case_075,2,1,1441809,1441809,1.0,self,1,results/final_plans_mono/p2/n1/case_075_multicore_res.json
case_075,2,2,670177,1441809,2.1514,self,2,results/final_plans_mono/p2/n2/case_075_multicore_res.json
case_075,2,3,572934,1441809,2.5165,self,3,results/final_plans_mono/p2/n3/case_075_multicore_res.json
case_075,2,4,383971,1441809,3.755,self,4,results/final_plans_mono/p2/n4/case_075_multicore_res.json
case_075,2,5,365235,1441809,3.9476,self,5,results/final_plans_mono/p2/n5/case_075_multicore_res.json
case_075,3,1,1441809,1441809,1.0,self,1,results/final_plans_mono/p3/n1/case_075_multicore_res.json
case_075,3,2,670175,1441809,2.1514,self,2,results/final_plans_mono/p3/n2/case_075_multicore_res.json
case_075,3,3,572669,1441809,2.5177,self,3,results/final_plans_mono/p3/n3/case_075_multicore_res.json
case_075,3,4,383543,1441809,3.7592,self,4,results/final_plans_mono/p3/n4/case_075_multicore_res.json
case_075,3,5,362317,1441809,3.9794,self,5,results/final_plans_mono/p3/n5/case_075_multicore_res.json
case_076,1,1,6185113,6185113,1.0,self,1,results/final_plans_mono/p1/n1/case_076_multicore_res.json
case_076,1,2,6185113,6185113,1.0,embed_from_1,1,results/final_plans_mono/p1/n2/case_076_multicore_res.json
case_076,1,3,6185113,6185113,1.0,embed_from_1,1,results/final_plans_mono/p1/n3/case_076_multicore_res.json
case_076,1,4,1541078,6185113,4.0135,self,4,results/final_plans_mono/p1/n4/case_076_multicore_res.json
case_076,1,5,1240624,6185113,4.9855,self,5,results/final_plans_mono/p1/n5/case_076_multicore_res.json
case_076,2,1,6185113,6185113,1.0,self,1,results/final_plans_mono/p2/n1/case_076_multicore_res.json
case_076,2,2,3072558,6185113,2.013,self,2,results/final_plans_mono/p2/n2/case_076_multicore_res.json
case_076,2,3,2054573,6185113,3.0104,self,3,results/final_plans_mono/p2/n3/case_076_multicore_res.json
case_076,2,4,1533331,6185113,4.0338,self,4,results/final_plans_mono/p2/n4/case_076_multicore_res.json
case_076,2,5,1235977,6185113,5.0042,self,5,results/final_plans_mono/p2/n5/case_076_multicore_res.json
case_076,3,1,6183098,6185113,1.0003,self,1,results/final_plans_mono/p3/n1/case_076_multicore_res.json
case_076,3,2,3070431,6185113,2.0144,self,2,results/final_plans_mono/p3/n2/case_076_multicore_res.json
case_076,3,3,2053054,6185113,3.0126,self,3,results/final_plans_mono/p3/n3/case_076_multicore_res.json
case_076,3,4,1529902,6185113,4.0428,self,4,results/final_plans_mono/p3/n4/case_076_multicore_res.json
case_076,3,5,1230166,6185113,5.0279,self,5,results/final_plans_mono/p3/n5/case_076_multicore_res.json
case_077,1,1,495320,495320,1.0,self,1,results/final_plans_mono/p1/n1/case_077_multicore_res.json
case_077,1,2,250735,495320,1.9755,self,2,results/final_plans_mono/p1/n2/case_077_multicore_res.json
case_077,1,3,180572,495320,2.7431,self,3,results/final_plans_mono/p1/n3/case_077_multicore_res.json
case_077,1,4,161888,495320,3.0596,self,4,results/final_plans_mono/p1/n4/case_077_multicore_res.json
case_077,1,5,135117,495320,3.6659,self,5,results/final_plans_mono/p1/n5/case_077_multicore_res.json
case_077,2,1,495320,495320,1.0,self,1,results/final_plans_mono/p2/n1/case_077_multicore_res.json
case_077,2,2,250735,495320,1.9755,self,2,results/final_plans_mono/p2/n2/case_077_multicore_res.json
case_077,2,3,176359,495320,2.8086,self,3,results/final_plans_mono/p2/n3/case_077_multicore_res.json
case_077,2,4,131477,495320,3.7674,self,4,results/final_plans_mono/p2/n4/case_077_multicore_res.json
case_077,2,5,118802,495320,4.1693,self,5,results/final_plans_mono/p2/n5/case_077_multicore_res.json
case_077,3,1,495320,495320,1.0,self,1,results/final_plans_mono/p3/n1/case_077_multicore_res.json
case_077,3,2,250735,495320,1.9755,self,2,results/final_plans_mono/p3/n2/case_077_multicore_res.json
case_077,3,3,175206,495320,2.8271,self,3,results/final_plans_mono/p3/n3/case_077_multicore_res.json
case_077,3,4,131477,495320,3.7674,self,4,results/final_plans_mono/p3/n4/case_077_multicore_res.json
case_077,3,5,114398,495320,4.3298,self,5,results/final_plans_mono/p3/n5/case_077_multicore_res.json
case_078,1,1,2296143,2296143,1.0,self,1,results/final_plans_mono/p1/n1/case_078_multicore_res.json
case_078,1,2,1080972,2296143,2.1241,self,2,results/final_plans_mono/p1/n2/case_078_multicore_res.json
case_078,1,3,902667,2296143,2.5437,self,3,results/final_plans_mono/p1/n3/case_078_multicore_res.json
case_078,1,4,679519,2296143,3.3791,self,4,results/final_plans_mono/p1/n4/case_078_multicore_res.json
case_078,1,5,645756,2296143,3.5557,self,5,results/final_plans_mono/p1/n5/case_078_multicore_res.json
case_078,2,1,2296143,2296143,1.0,self,1,results/final_plans_mono/p2/n1/case_078_multicore_res.json
case_078,2,2,1022234,2296143,2.2462,self,2,results/final_plans_mono/p2/n2/case_078_multicore_res.json
case_078,2,3,917340,2296143,2.503,self,3,results/final_plans_mono/p2/n3/case_078_multicore_res.json
case_078,2,4,523604,2296143,4.3853,self,4,results/final_plans_mono/p2/n4/case_078_multicore_res.json
case_078,2,5,486337,2296143,4.7213,self,5,results/final_plans_mono/p2/n5/case_078_multicore_res.json
case_078,3,1,2296143,2296143,1.0,self,1,results/final_plans_mono/p3/n1/case_078_multicore_res.json
case_078,3,2,1022234,2296143,2.2462,self,2,results/final_plans_mono/p3/n2/case_078_multicore_res.json
case_078,3,3,900985,2296143,2.5485,self,3,results/final_plans_mono/p3/n3/case_078_multicore_res.json
case_078,3,4,523593,2296143,4.3854,self,4,results/final_plans_mono/p3/n4/case_078_multicore_res.json
case_078,3,5,457569,2296143,5.0181,self,5,results/final_plans_mono/p3/n5/case_078_multicore_res.json
case_079,1,1,31052251,31052251,1.0,self,1,results/final_plans_mono/p1/n1/case_079_multicore_res.json
case_079,1,2,15500252,31052251,2.0033,self,2,results/final_plans_mono/p1/n2/case_079_multicore_res.json
case_079,1,3,10181692,31052251,3.0498,self,3,results/final_plans_mono/p1/n3/case_079_multicore_res.json
case_079,1,4,7635624,31052251,4.0668,self,4,results/final_plans_mono/p1/n4/case_079_multicore_res.json
case_079,1,5,6075976,31052251,5.1107,self,5,results/final_plans_mono/p1/n5/case_079_multicore_res.json
case_079,2,1,31052251,31052251,1.0,self,1,results/final_plans_mono/p2/n1/case_079_multicore_res.json
case_079,2,2,15159240,31052251,2.0484,self,2,results/final_plans_mono/p2/n2/case_079_multicore_res.json
case_079,2,3,10072944,31052251,3.0827,self,3,results/final_plans_mono/p2/n3/case_079_multicore_res.json
case_079,2,4,7635624,31052251,4.0668,self,4,results/final_plans_mono/p2/n4/case_079_multicore_res.json
case_079,2,5,6075976,31052251,5.1107,self,5,results/final_plans_mono/p2/n5/case_079_multicore_res.json
case_079,3,1,31052251,31052251,1.0,self,1,results/final_plans_mono/p3/n1/case_079_multicore_res.json
case_079,3,2,15159240,31052251,2.0484,self,2,results/final_plans_mono/p3/n2/case_079_multicore_res.json
case_079,3,3,10072944,31052251,3.0827,self,3,results/final_plans_mono/p3/n3/case_079_multicore_res.json
case_079,3,4,7635624,31052251,4.0668,self,4,results/final_plans_mono/p3/n4/case_079_multicore_res.json
case_079,3,5,6075472,31052251,5.1111,self,5,results/final_plans_mono/p3/n5/case_079_multicore_res.json
case_080,1,1,292138,292138,1.0,self,1,results/final_plans_mono/p1/n1/case_080_multicore_res.json
case_080,1,2,145926,292138,2.002,self,2,results/final_plans_mono/p1/n2/case_080_multicore_res.json
case_080,1,3,100325,292138,2.9119,self,3,results/final_plans_mono/p1/n3/case_080_multicore_res.json
case_080,1,4,91350,292138,3.198,self,4,results/final_plans_mono/p1/n4/case_080_multicore_res.json
case_080,1,5,86030,292138,3.3958,self,5,results/final_plans_mono/p1/n5/case_080_multicore_res.json
case_080,2,1,292138,292138,1.0,self,1,results/final_plans_mono/p2/n1/case_080_multicore_res.json
case_080,2,2,145926,292138,2.002,self,2,results/final_plans_mono/p2/n2/case_080_multicore_res.json
case_080,2,3,100165,292138,2.9166,self,3,results/final_plans_mono/p2/n3/case_080_multicore_res.json
case_080,2,4,81859,292138,3.5688,self,4,results/final_plans_mono/p2/n4/case_080_multicore_res.json
case_080,2,5,76491,292138,3.8192,self,5,results/final_plans_mono/p2/n5/case_080_multicore_res.json
case_080,3,1,291826,292138,1.0011,self,1,results/final_plans_mono/p3/n1/case_080_multicore_res.json
case_080,3,2,145674,292138,2.0054,self,2,results/final_plans_mono/p3/n2/case_080_multicore_res.json
case_080,3,3,99832,292138,2.9263,self,3,results/final_plans_mono/p3/n3/case_080_multicore_res.json
case_080,3,4,79590,292138,3.6705,self,4,results/final_plans_mono/p3/n4/case_080_multicore_res.json
case_080,3,5,72434,292138,4.0332,self,5,results/final_plans_mono/p3/n5/case_080_multicore_res.json
case_081,1,1,151795,151795,1.0,self,1,results/final_plans_mono/p1/n1/case_081_multicore_res.json
case_081,1,2,76860,151795,1.975,self,2,results/final_plans_mono/p1/n2/case_081_multicore_res.json
case_081,1,3,51943,151795,2.9223,self,3,results/final_plans_mono/p1/n3/case_081_multicore_res.json
case_081,1,4,39588,151795,3.8344,self,4,results/final_plans_mono/p1/n4/case_081_multicore_res.json
case_081,1,5,30943,151795,4.9056,self,5,results/final_plans_mono/p1/n5/case_081_multicore_res.json
case_081,2,1,151795,151795,1.0,self,1,results/final_plans_mono/p2/n1/case_081_multicore_res.json
case_081,2,2,76860,151795,1.975,self,2,results/final_plans_mono/p2/n2/case_081_multicore_res.json
case_081,2,3,51943,151795,2.9223,self,3,results/final_plans_mono/p2/n3/case_081_multicore_res.json
case_081,2,4,39588,151795,3.8344,self,4,results/final_plans_mono/p2/n4/case_081_multicore_res.json
case_081,2,5,30943,151795,4.9056,self,5,results/final_plans_mono/p2/n5/case_081_multicore_res.json
case_081,3,1,151795,151795,1.0,self,1,results/final_plans_mono/p3/n1/case_081_multicore_res.json
case_081,3,2,76860,151795,1.975,self,2,results/final_plans_mono/p3/n2/case_081_multicore_res.json
case_081,3,3,51943,151795,2.9223,self,3,results/final_plans_mono/p3/n3/case_081_multicore_res.json
case_081,3,4,39588,151795,3.8344,self,4,results/final_plans_mono/p3/n4/case_081_multicore_res.json
case_081,3,5,30943,151795,4.9056,self,5,results/final_plans_mono/p3/n5/case_081_multicore_res.json
case_082,1,1,721041,721041,1.0,self,1,results/final_plans_mono/p1/n1/case_082_multicore_res.json
case_082,1,2,509781,721041,1.4144,self,2,results/final_plans_mono/p1/n2/case_082_multicore_res.json
case_082,1,3,268232,721041,2.6881,self,3,results/final_plans_mono/p1/n3/case_082_multicore_res.json
case_082,1,4,259204,721041,2.7818,self,4,results/final_plans_mono/p1/n4/case_082_multicore_res.json
case_082,1,5,228060,721041,3.1616,self,5,results/final_plans_mono/p1/n5/case_082_multicore_res.json
case_082,2,1,721041,721041,1.0,self,1,results/final_plans_mono/p2/n1/case_082_multicore_res.json
case_082,2,2,331837,721041,2.1729,self,2,results/final_plans_mono/p2/n2/case_082_multicore_res.json
case_082,2,3,227528,721041,3.169,self,3,results/final_plans_mono/p2/n3/case_082_multicore_res.json
case_082,2,4,215554,721041,3.3451,self,4,results/final_plans_mono/p2/n4/case_082_multicore_res.json
case_082,2,5,198621,721041,3.6302,self,5,results/final_plans_mono/p2/n5/case_082_multicore_res.json
case_082,3,1,721041,721041,1.0,self,1,results/final_plans_mono/p3/n1/case_082_multicore_res.json
case_082,3,2,331832,721041,2.1729,self,2,results/final_plans_mono/p3/n2/case_082_multicore_res.json
case_082,3,3,227521,721041,3.1691,self,3,results/final_plans_mono/p3/n3/case_082_multicore_res.json
case_082,3,4,215536,721041,3.3453,self,4,results/final_plans_mono/p3/n4/case_082_multicore_res.json
case_082,3,5,197346,721041,3.6537,self,5,results/final_plans_mono/p3/n5/case_082_multicore_res.json
case_083,1,1,1057993,1057993,1.0,self,1,results/final_plans_mono/p1/n1/case_083_multicore_res.json
case_083,1,2,542602,1057993,1.9499,self,2,results/final_plans_mono/p1/n2/case_083_multicore_res.json
case_083,1,3,404888,1057993,2.6131,self,3,results/final_plans_mono/p1/n3/case_083_multicore_res.json
case_083,1,4,395632,1057993,2.6742,self,4,results/final_plans_mono/p1/n4/case_083_multicore_res.json
case_083,1,5,344254,1057993,3.0733,self,5,results/final_plans_mono/p1/n5/case_083_multicore_res.json
case_083,2,1,1057993,1057993,1.0,self,1,results/final_plans_mono/p2/n1/case_083_multicore_res.json
case_083,2,2,419453,1057993,2.5223,self,2,results/final_plans_mono/p2/n2/case_083_multicore_res.json
case_083,2,3,288815,1057993,3.6632,self,3,results/final_plans_mono/p2/n3/case_083_multicore_res.json
case_083,2,4,210763,1057993,5.0198,self,4,results/final_plans_mono/p2/n4/case_083_multicore_res.json
case_083,2,5,184990,1057993,5.7192,self,5,results/final_plans_mono/p2/n5/case_083_multicore_res.json
case_083,3,1,946145,1057993,1.1182,self,1,results/final_plans_mono/p3/n1/case_083_multicore_res.json
case_083,3,2,419453,1057993,2.5223,self,2,results/final_plans_mono/p3/n2/case_083_multicore_res.json
case_083,3,3,288815,1057993,3.6632,self,3,results/final_plans_mono/p3/n3/case_083_multicore_res.json
case_083,3,4,210763,1057993,5.0198,self,4,results/final_plans_mono/p3/n4/case_083_multicore_res.json
case_083,3,5,184990,1057993,5.7192,self,5,results/final_plans_mono/p3/n5/case_083_multicore_res.json
case_084,1,1,2507412,2507412,1.0,self,1,results/final_plans_mono/p1/n1/case_084_multicore_res.json
case_084,1,2,1252724,2507412,2.0016,self,2,results/final_plans_mono/p1/n2/case_084_multicore_res.json
case_084,1,3,836168,2507412,2.9987,self,3,results/final_plans_mono/p1/n3/case_084_multicore_res.json
case_084,1,4,629028,2507412,3.9862,self,4,results/final_plans_mono/p1/n4/case_084_multicore_res.json
case_084,1,5,503472,2507412,4.9802,self,5,results/final_plans_mono/p1/n5/case_084_multicore_res.json
case_084,2,1,2507412,2507412,1.0,self,1,results/final_plans_mono/p2/n1/case_084_multicore_res.json
case_084,2,2,1255052,2507412,1.9979,self,2,results/final_plans_mono/p2/n2/case_084_multicore_res.json
case_084,2,3,836220,2507412,2.9985,self,3,results/final_plans_mono/p2/n3/case_084_multicore_res.json
case_084,2,4,629028,2507412,3.9862,self,4,results/final_plans_mono/p2/n4/case_084_multicore_res.json
case_084,2,5,503472,2507412,4.9802,self,5,results/final_plans_mono/p2/n5/case_084_multicore_res.json
case_084,3,1,2507412,2507412,1.0,self,1,results/final_plans_mono/p3/n1/case_084_multicore_res.json
case_084,3,2,1255052,2507412,1.9979,self,2,results/final_plans_mono/p3/n2/case_084_multicore_res.json
case_084,3,3,836220,2507412,2.9985,self,3,results/final_plans_mono/p3/n3/case_084_multicore_res.json
case_084,3,4,629028,2507412,3.9862,self,4,results/final_plans_mono/p3/n4/case_084_multicore_res.json
case_084,3,5,503472,2507412,4.9802,self,5,results/final_plans_mono/p3/n5/case_084_multicore_res.json
case_085,1,1,3187899,3187899,1.0,self,1,results/final_plans_mono/p1/n1/case_085_multicore_res.json
case_085,1,2,3187899,3187899,1.0,embed_from_1,1,results/final_plans_mono/p1/n2/case_085_multicore_res.json
case_085,1,3,1589859,3187899,2.0051,self,3,results/final_plans_mono/p1/n3/case_085_multicore_res.json
case_085,1,4,951743,3187899,3.3495,self,4,results/final_plans_mono/p1/n4/case_085_multicore_res.json
case_085,1,5,951743,3187899,3.3495,embed_from_4,4,results/final_plans_mono/p1/n5/case_085_multicore_res.json
case_085,2,1,3187899,3187899,1.0,self,1,results/final_plans_mono/p2/n1/case_085_multicore_res.json
case_085,2,2,1503897,3187899,2.1198,self,2,results/final_plans_mono/p2/n2/case_085_multicore_res.json
case_085,2,3,1272448,3187899,2.5053,self,3,results/final_plans_mono/p2/n3/case_085_multicore_res.json
case_085,2,4,816364,3187899,3.905,self,4,results/final_plans_mono/p2/n4/case_085_multicore_res.json
case_085,2,5,816364,3187899,3.905,embed_from_4,4,results/final_plans_mono/p2/n5/case_085_multicore_res.json
case_085,3,1,3187899,3187899,1.0,self,1,results/final_plans_mono/p3/n1/case_085_multicore_res.json
case_085,3,2,1503897,3187899,2.1198,self,2,results/final_plans_mono/p3/n2/case_085_multicore_res.json
case_085,3,3,1272443,3187899,2.5053,self,3,results/final_plans_mono/p3/n3/case_085_multicore_res.json
case_085,3,4,816273,3187899,3.9054,self,4,results/final_plans_mono/p3/n4/case_085_multicore_res.json
case_085,3,5,816273,3187899,3.9054,embed_from_4,4,results/final_plans_mono/p3/n5/case_085_multicore_res.json
case_086,1,1,118403,118403,1.0,self,1,results/final_plans_mono/p1/n1/case_086_multicore_res.json
case_086,1,2,88853,118403,1.3326,self,2,results/final_plans_mono/p1/n2/case_086_multicore_res.json
case_086,1,3,61208,118403,1.9344,self,3,results/final_plans_mono/p1/n3/case_086_multicore_res.json
case_086,1,4,61208,118403,1.9344,embed_from_3,3,results/final_plans_mono/p1/n4/case_086_multicore_res.json
case_086,1,5,61208,118403,1.9344,embed_from_3,3,results/final_plans_mono/p1/n5/case_086_multicore_res.json
case_086,2,1,118403,118403,1.0,self,1,results/final_plans_mono/p2/n1/case_086_multicore_res.json
case_086,2,2,63004,118403,1.8793,self,2,results/final_plans_mono/p2/n2/case_086_multicore_res.json
case_086,2,3,47791,118403,2.4775,self,3,results/final_plans_mono/p2/n3/case_086_multicore_res.json
case_086,2,4,47791,118403,2.4775,embed_from_3,3,results/final_plans_mono/p2/n4/case_086_multicore_res.json
case_086,2,5,44221,118403,2.6775,self,5,results/final_plans_mono/p2/n5/case_086_multicore_res.json
case_086,3,1,118403,118403,1.0,self,1,results/final_plans_mono/p3/n1/case_086_multicore_res.json
case_086,3,2,62938,118403,1.8813,self,2,results/final_plans_mono/p3/n2/case_086_multicore_res.json
case_086,3,3,47288,118403,2.5039,self,3,results/final_plans_mono/p3/n3/case_086_multicore_res.json
case_086,3,4,38643,118403,3.064,self,4,results/final_plans_mono/p3/n4/case_086_multicore_res.json
case_086,3,5,38643,118403,3.064,embed_from_4,4,results/final_plans_mono/p3/n5/case_086_multicore_res.json
case_087,1,1,3974071,3974071,1.0,self,1,results/final_plans_mono/p1/n1/case_087_multicore_res.json
case_087,1,2,1993185,3974071,1.9938,self,2,results/final_plans_mono/p1/n2/case_087_multicore_res.json
case_087,1,3,1558840,3974071,2.5494,self,3,results/final_plans_mono/p1/n3/case_087_multicore_res.json
case_087,1,4,1170353,3974071,3.3956,self,4,results/final_plans_mono/p1/n4/case_087_multicore_res.json
case_087,1,5,996818,3974071,3.9868,self,5,results/final_plans_mono/p1/n5/case_087_multicore_res.json
case_087,2,1,3974071,3974071,1.0,self,1,results/final_plans_mono/p2/n1/case_087_multicore_res.json
case_087,2,2,1993185,3974071,1.9938,self,2,results/final_plans_mono/p2/n2/case_087_multicore_res.json
case_087,2,3,1459150,3974071,2.7236,self,3,results/final_plans_mono/p2/n3/case_087_multicore_res.json
case_087,2,4,1165299,3974071,3.4103,self,4,results/final_plans_mono/p2/n4/case_087_multicore_res.json
case_087,2,5,955722,3974071,4.1582,self,5,results/final_plans_mono/p2/n5/case_087_multicore_res.json
case_087,3,1,3969779,3974071,1.0011,self,1,results/final_plans_mono/p3/n1/case_087_multicore_res.json
case_087,3,2,1991129,3974071,1.9959,self,2,results/final_plans_mono/p3/n2/case_087_multicore_res.json
case_087,3,3,1456602,3974071,2.7283,self,3,results/final_plans_mono/p3/n3/case_087_multicore_res.json
case_087,3,4,1158171,3974071,3.4313,self,4,results/final_plans_mono/p3/n4/case_087_multicore_res.json
case_087,3,5,932498,3974071,4.2617,self,5,results/final_plans_mono/p3/n5/case_087_multicore_res.json
case_088,1,1,243623,243623,1.0,self,1,results/final_plans_mono/p1/n1/case_088_multicore_res.json
case_088,1,2,168809,243623,1.4432,self,2,results/final_plans_mono/p1/n2/case_088_multicore_res.json
case_088,1,3,121225,243623,2.0097,self,3,results/final_plans_mono/p1/n3/case_088_multicore_res.json
case_088,1,4,121225,243623,2.0097,embed_from_3,3,results/final_plans_mono/p1/n4/case_088_multicore_res.json
case_088,1,5,121225,243623,2.0097,embed_from_3,3,results/final_plans_mono/p1/n5/case_088_multicore_res.json
case_088,2,1,243623,243623,1.0,self,1,results/final_plans_mono/p2/n1/case_088_multicore_res.json
case_088,2,2,130634,243623,1.8649,self,2,results/final_plans_mono/p2/n2/case_088_multicore_res.json
case_088,2,3,99762,243623,2.442,self,3,results/final_plans_mono/p2/n3/case_088_multicore_res.json
case_088,2,4,99762,243623,2.442,embed_from_3,3,results/final_plans_mono/p2/n4/case_088_multicore_res.json
case_088,2,5,99762,243623,2.442,embed_from_3,3,results/final_plans_mono/p2/n5/case_088_multicore_res.json
case_088,3,1,243623,243623,1.0,self,1,results/final_plans_mono/p3/n1/case_088_multicore_res.json
case_088,3,2,130606,243623,1.8653,self,2,results/final_plans_mono/p3/n2/case_088_multicore_res.json
case_088,3,3,98649,243623,2.4696,self,3,results/final_plans_mono/p3/n3/case_088_multicore_res.json
case_088,3,4,88285,243623,2.7595,self,4,results/final_plans_mono/p3/n4/case_088_multicore_res.json
case_088,3,5,88285,243623,2.7595,embed_from_4,4,results/final_plans_mono/p3/n5/case_088_multicore_res.json
case_089,1,1,693092,693092,1.0,self,1,results/final_plans_mono/p1/n1/case_089_multicore_res.json
case_089,1,2,346763,693092,1.9987,self,2,results/final_plans_mono/p1/n2/case_089_multicore_res.json
case_089,1,3,242914,693092,2.8532,self,3,results/final_plans_mono/p1/n3/case_089_multicore_res.json
case_089,1,4,175600,693092,3.947,self,4,results/final_plans_mono/p1/n4/case_089_multicore_res.json
case_089,1,5,144382,693092,4.8004,self,5,results/final_plans_mono/p1/n5/case_089_multicore_res.json
case_089,2,1,693092,693092,1.0,self,1,results/final_plans_mono/p2/n1/case_089_multicore_res.json
case_089,2,2,295144,693092,2.3483,self,2,results/final_plans_mono/p2/n2/case_089_multicore_res.json
case_089,2,3,206778,693092,3.3519,self,3,results/final_plans_mono/p2/n3/case_089_multicore_res.json
case_089,2,4,148144,693092,4.6785,self,4,results/final_plans_mono/p2/n4/case_089_multicore_res.json
case_089,2,5,119458,693092,5.802,self,5,results/final_plans_mono/p2/n5/case_089_multicore_res.json
case_089,3,1,693092,693092,1.0,self,1,results/final_plans_mono/p3/n1/case_089_multicore_res.json
case_089,3,2,295144,693092,2.3483,self,2,results/final_plans_mono/p3/n2/case_089_multicore_res.json
case_089,3,3,206778,693092,3.3519,self,3,results/final_plans_mono/p3/n3/case_089_multicore_res.json
case_089,3,4,148144,693092,4.6785,self,4,results/final_plans_mono/p3/n4/case_089_multicore_res.json
case_089,3,5,119458,693092,5.802,self,5,results/final_plans_mono/p3/n5/case_089_multicore_res.json
case_090,1,1,1178363,1178363,1.0,self,1,results/final_plans_mono/p1/n1/case_090_multicore_res.json
case_090,1,2,670035,1178363,1.7587,self,2,results/final_plans_mono/p1/n2/case_090_multicore_res.json
case_090,1,3,506027,1178363,2.3287,self,3,results/final_plans_mono/p1/n3/case_090_multicore_res.json
case_090,1,4,506027,1178363,2.3287,embed_from_3,3,results/final_plans_mono/p1/n4/case_090_multicore_res.json
case_090,1,5,506027,1178363,2.3287,embed_from_3,3,results/final_plans_mono/p1/n5/case_090_multicore_res.json
case_090,2,1,1178363,1178363,1.0,self,1,results/final_plans_mono/p2/n1/case_090_multicore_res.json
case_090,2,2,430745,1178363,2.7356,self,2,results/final_plans_mono/p2/n2/case_090_multicore_res.json
case_090,2,3,326383,1178363,3.6104,self,3,results/final_plans_mono/p2/n3/case_090_multicore_res.json
case_090,2,4,278236,1178363,4.2351,self,4,results/final_plans_mono/p2/n4/case_090_multicore_res.json
case_090,2,5,278236,1178363,4.2351,embed_from_4,4,results/final_plans_mono/p2/n5/case_090_multicore_res.json
case_090,3,1,1178363,1178363,1.0,self,1,results/final_plans_mono/p3/n1/case_090_multicore_res.json
case_090,3,2,430364,1178363,2.7381,self,2,results/final_plans_mono/p3/n2/case_090_multicore_res.json
case_090,3,3,324313,1178363,3.6334,self,3,results/final_plans_mono/p3/n3/case_090_multicore_res.json
case_090,3,4,259720,1178363,4.5371,self,4,results/final_plans_mono/p3/n4/case_090_multicore_res.json
case_090,3,5,259720,1178363,4.5371,embed_from_4,4,results/final_plans_mono/p3/n5/case_090_multicore_res.json
case_091,1,1,9186769,9186769,1.0,self,1,results/final_plans_mono/p1/n1/case_091_multicore_res.json
case_091,1,2,9186769,9186769,1.0,embed_from_1,1,results/final_plans_mono/p1/n2/case_091_multicore_res.json
case_091,1,3,9186769,9186769,1.0,embed_from_1,1,results/final_plans_mono/p1/n3/case_091_multicore_res.json
case_091,1,4,2372888,9186769,3.8716,self,4,results/final_plans_mono/p1/n4/case_091_multicore_res.json
case_091,1,5,1898042,9186769,4.8401,self,5,results/final_plans_mono/p1/n5/case_091_multicore_res.json
case_091,2,1,9186769,9186769,1.0,self,1,results/final_plans_mono/p2/n1/case_091_multicore_res.json
case_091,2,2,4573412,9186769,2.0087,self,2,results/final_plans_mono/p2/n2/case_091_multicore_res.json
case_091,2,3,3074692,9186769,2.9879,self,3,results/final_plans_mono/p2/n3/case_091_multicore_res.json
case_091,2,4,2321866,9186769,3.9566,self,4,results/final_plans_mono/p2/n4/case_091_multicore_res.json
case_091,2,5,1898042,9186769,4.8401,self,5,results/final_plans_mono/p2/n5/case_091_multicore_res.json
case_091,3,1,9168820,9186769,1.002,self,1,results/final_plans_mono/p3/n1/case_091_multicore_res.json
case_091,3,2,4563996,9186769,2.0129,self,2,results/final_plans_mono/p3/n2/case_091_multicore_res.json
case_091,3,3,3069257,9186769,2.9932,self,3,results/final_plans_mono/p3/n3/case_091_multicore_res.json
case_091,3,4,2317037,9186769,3.9649,self,4,results/final_plans_mono/p3/n4/case_091_multicore_res.json
case_091,3,5,1884651,9186769,4.8745,self,5,results/final_plans_mono/p3/n5/case_091_multicore_res.json
case_092,1,1,4815554,4815554,1.0,self,1,results/final_plans_mono/p1/n1/case_092_multicore_res.json
case_092,1,2,2445810,4815554,1.9689,self,2,results/final_plans_mono/p1/n2/case_092_multicore_res.json
case_092,1,3,1712160,4815554,2.8126,self,3,results/final_plans_mono/p1/n3/case_092_multicore_res.json
case_092,1,4,1527185,4815554,3.1532,self,4,results/final_plans_mono/p1/n4/case_092_multicore_res.json
case_092,1,5,1510160,4815554,3.1888,self,5,results/final_plans_mono/p1/n5/case_092_multicore_res.json
case_092,2,1,4815554,4815554,1.0,self,1,results/final_plans_mono/p2/n1/case_092_multicore_res.json
case_092,2,2,1926278,4815554,2.4999,self,2,results/final_plans_mono/p2/n2/case_092_multicore_res.json
case_092,2,3,1275324,4815554,3.7759,self,3,results/final_plans_mono/p2/n3/case_092_multicore_res.json
case_092,2,4,966196,4815554,4.984,self,4,results/final_plans_mono/p2/n4/case_092_multicore_res.json
case_092,2,5,780940,4815554,6.1664,self,5,results/final_plans_mono/p2/n5/case_092_multicore_res.json
case_092,3,1,4333631,4815554,1.1112,self,1,results/final_plans_mono/p3/n1/case_092_multicore_res.json
case_092,3,2,1926278,4815554,2.4999,self,2,results/final_plans_mono/p3/n2/case_092_multicore_res.json
case_092,3,3,1274060,4815554,3.7797,self,3,results/final_plans_mono/p3/n3/case_092_multicore_res.json
case_092,3,4,957454,4815554,5.0295,self,4,results/final_plans_mono/p3/n4/case_092_multicore_res.json
case_092,3,5,771848,4815554,6.239,self,5,results/final_plans_mono/p3/n5/case_092_multicore_res.json
case_093,1,1,74205,74205,1.0,self,1,results/final_plans_mono/p1/n1/case_093_multicore_res.json
case_093,1,2,37827,74205,1.9617,self,2,results/final_plans_mono/p1/n2/case_093_multicore_res.json
case_093,1,3,25103,74205,2.956,self,3,results/final_plans_mono/p1/n3/case_093_multicore_res.json
case_093,1,4,19779,74205,3.7517,self,4,results/final_plans_mono/p1/n4/case_093_multicore_res.json
case_093,1,5,15876,74205,4.674,self,5,results/final_plans_mono/p1/n5/case_093_multicore_res.json
case_093,2,1,74205,74205,1.0,self,1,results/final_plans_mono/p2/n1/case_093_multicore_res.json
case_093,2,2,37827,74205,1.9617,self,2,results/final_plans_mono/p2/n2/case_093_multicore_res.json
case_093,2,3,25103,74205,2.956,self,3,results/final_plans_mono/p2/n3/case_093_multicore_res.json
case_093,2,4,19779,74205,3.7517,self,4,results/final_plans_mono/p2/n4/case_093_multicore_res.json
case_093,2,5,15876,74205,4.674,self,5,results/final_plans_mono/p2/n5/case_093_multicore_res.json
case_093,3,1,74205,74205,1.0,self,1,results/final_plans_mono/p3/n1/case_093_multicore_res.json
case_093,3,2,37827,74205,1.9617,self,2,results/final_plans_mono/p3/n2/case_093_multicore_res.json
case_093,3,3,25103,74205,2.956,self,3,results/final_plans_mono/p3/n3/case_093_multicore_res.json
case_093,3,4,19779,74205,3.7517,self,4,results/final_plans_mono/p3/n4/case_093_multicore_res.json
case_093,3,5,15876,74205,4.674,self,5,results/final_plans_mono/p3/n5/case_093_multicore_res.json
case_094,1,1,94892,94892,1.0,self,1,results/final_plans_mono/p1/n1/case_094_multicore_res.json
case_094,1,2,49385,94892,1.9215,self,2,results/final_plans_mono/p1/n2/case_094_multicore_res.json
case_094,1,3,34069,94892,2.7853,self,3,results/final_plans_mono/p1/n3/case_094_multicore_res.json
case_094,1,4,25395,94892,3.7366,self,4,results/final_plans_mono/p1/n4/case_094_multicore_res.json
case_094,1,5,21487,94892,4.4163,self,5,results/final_plans_mono/p1/n5/case_094_multicore_res.json
case_094,2,1,94892,94892,1.0,self,1,results/final_plans_mono/p2/n1/case_094_multicore_res.json
case_094,2,2,43154,94892,2.1989,self,2,results/final_plans_mono/p2/n2/case_094_multicore_res.json
case_094,2,3,26395,94892,3.5951,self,3,results/final_plans_mono/p2/n3/case_094_multicore_res.json
case_094,2,4,20034,94892,4.7365,self,4,results/final_plans_mono/p2/n4/case_094_multicore_res.json
case_094,2,5,18550,94892,5.1155,self,5,results/final_plans_mono/p2/n5/case_094_multicore_res.json
case_094,3,1,94892,94892,1.0,self,1,results/final_plans_mono/p3/n1/case_094_multicore_res.json
case_094,3,2,43154,94892,2.1989,self,2,results/final_plans_mono/p3/n2/case_094_multicore_res.json
case_094,3,3,26386,94892,3.5963,self,3,results/final_plans_mono/p3/n3/case_094_multicore_res.json
case_094,3,4,19544,94892,4.8553,self,4,results/final_plans_mono/p3/n4/case_094_multicore_res.json
case_094,3,5,18712,94892,5.0712,self,5,results/final_plans_mono/p3/n5/case_094_multicore_res.json
case_095,1,1,2084853,2084853,1.0,self,1,results/final_plans_mono/p1/n1/case_095_multicore_res.json
case_095,1,2,1042787,2084853,1.9993,self,2,results/final_plans_mono/p1/n2/case_095_multicore_res.json
case_095,1,3,624024,2084853,3.341,self,3,results/final_plans_mono/p1/n3/case_095_multicore_res.json
case_095,1,4,518918,2084853,4.0177,self,4,results/final_plans_mono/p1/n4/case_095_multicore_res.json
case_095,1,5,420852,2084853,4.9539,self,5,results/final_plans_mono/p1/n5/case_095_multicore_res.json
case_095,2,1,2084853,2084853,1.0,self,1,results/final_plans_mono/p2/n1/case_095_multicore_res.json
case_095,2,2,1042890,2084853,1.9991,self,2,results/final_plans_mono/p2/n2/case_095_multicore_res.json
case_095,2,3,673706,2084853,3.0946,self,3,results/final_plans_mono/p2/n3/case_095_multicore_res.json
case_095,2,4,524422,2084853,3.9755,self,4,results/final_plans_mono/p2/n4/case_095_multicore_res.json
case_095,2,5,420852,2084853,4.9539,self,5,results/final_plans_mono/p2/n5/case_095_multicore_res.json
case_095,3,1,2084853,2084853,1.0,self,1,results/final_plans_mono/p3/n1/case_095_multicore_res.json
case_095,3,2,1042890,2084853,1.9991,self,2,results/final_plans_mono/p3/n2/case_095_multicore_res.json
case_095,3,3,673706,2084853,3.0946,self,3,results/final_plans_mono/p3/n3/case_095_multicore_res.json
case_095,3,4,524422,2084853,3.9755,self,4,results/final_plans_mono/p3/n4/case_095_multicore_res.json
case_095,3,5,420852,2084853,4.9539,self,5,results/final_plans_mono/p3/n5/case_095_multicore_res.json
case_096,1,1,84194,84194,1.0,self,1,results/final_plans_mono/p1/n1/case_096_multicore_res.json
case_096,1,2,44237,84194,1.9032,self,2,results/final_plans_mono/p1/n2/case_096_multicore_res.json
case_096,1,3,44237,84194,1.9032,embed_from_2,2,results/final_plans_mono/p1/n3/case_096_multicore_res.json
case_096,1,4,38923,84194,2.1631,self,4,results/final_plans_mono/p1/n4/case_096_multicore_res.json
case_096,1,5,38923,84194,2.1631,embed_from_4,4,results/final_plans_mono/p1/n5/case_096_multicore_res.json
case_096,2,1,84194,84194,1.0,self,1,results/final_plans_mono/p2/n1/case_096_multicore_res.json
case_096,2,2,40994,84194,2.0538,self,2,results/final_plans_mono/p2/n2/case_096_multicore_res.json
case_096,2,3,33260,84194,2.5314,self,3,results/final_plans_mono/p2/n3/case_096_multicore_res.json
case_096,2,4,28251,84194,2.9802,self,4,results/final_plans_mono/p2/n4/case_096_multicore_res.json
case_096,2,5,25104,84194,3.3538,self,5,results/final_plans_mono/p2/n5/case_096_multicore_res.json
case_096,3,1,84194,84194,1.0,self,1,results/final_plans_mono/p3/n1/case_096_multicore_res.json
case_096,3,2,40994,84194,2.0538,self,2,results/final_plans_mono/p3/n2/case_096_multicore_res.json
case_096,3,3,33260,84194,2.5314,self,3,results/final_plans_mono/p3/n3/case_096_multicore_res.json
case_096,3,4,27001,84194,3.1182,self,4,results/final_plans_mono/p3/n4/case_096_multicore_res.json
case_096,3,5,24477,84194,3.4397,self,5,results/final_plans_mono/p3/n5/case_096_multicore_res.json
case_097,1,1,11491509,11491509,1.0,self,1,results/final_plans_mono/p1/n1/case_097_multicore_res.json
case_097,1,2,5188717,11491509,2.2147,self,2,results/final_plans_mono/p1/n2/case_097_multicore_res.json
case_097,1,3,3554934,11491509,3.2326,self,3,results/final_plans_mono/p1/n3/case_097_multicore_res.json
case_097,1,4,2605924,11491509,4.4098,self,4,results/final_plans_mono/p1/n4/case_097_multicore_res.json
case_097,1,5,2102348,11491509,5.466,self,5,results/final_plans_mono/p1/n5/case_097_multicore_res.json
case_097,2,1,11491509,11491509,1.0,self,1,results/final_plans_mono/p2/n1/case_097_multicore_res.json
case_097,2,2,5478142,11491509,2.0977,self,2,results/final_plans_mono/p2/n2/case_097_multicore_res.json
case_097,2,3,3578891,11491509,3.2109,self,3,results/final_plans_mono/p2/n3/case_097_multicore_res.json
case_097,2,4,2626908,11491509,4.3745,self,4,results/final_plans_mono/p2/n4/case_097_multicore_res.json
case_097,2,5,2102348,11491509,5.466,self,5,results/final_plans_mono/p2/n5/case_097_multicore_res.json
case_097,3,1,11491509,11491509,1.0,self,1,results/final_plans_mono/p3/n1/case_097_multicore_res.json
case_097,3,2,5477830,11491509,2.0978,self,2,results/final_plans_mono/p3/n2/case_097_multicore_res.json
case_097,3,3,3578879,11491509,3.2109,self,3,results/final_plans_mono/p3/n3/case_097_multicore_res.json
case_097,3,4,2626908,11491509,4.3745,self,4,results/final_plans_mono/p3/n4/case_097_multicore_res.json
case_097,3,5,2102250,11491509,5.4663,self,5,results/final_plans_mono/p3/n5/case_097_multicore_res.json
case_098,1,1,177430,177430,1.0,self,1,results/final_plans_mono/p1/n1/case_098_multicore_res.json
case_098,1,2,106182,177430,1.671,self,2,results/final_plans_mono/p1/n2/case_098_multicore_res.json
case_098,1,3,87882,177430,2.019,self,3,results/final_plans_mono/p1/n3/case_098_multicore_res.json
case_098,1,4,86165,177430,2.0592,self,4,results/final_plans_mono/p1/n4/case_098_multicore_res.json
case_098,1,5,75917,177430,2.3372,self,5,results/final_plans_mono/p1/n5/case_098_multicore_res.json
case_098,2,1,177430,177430,1.0,self,1,results/final_plans_mono/p2/n1/case_098_multicore_res.json
case_098,2,2,87157,177430,2.0358,self,2,results/final_plans_mono/p2/n2/case_098_multicore_res.json
case_098,2,3,64508,177430,2.7505,self,3,results/final_plans_mono/p2/n3/case_098_multicore_res.json
case_098,2,4,64508,177430,2.7505,embed_from_3,3,results/final_plans_mono/p2/n4/case_098_multicore_res.json
case_098,2,5,60773,177430,2.9196,self,5,results/final_plans_mono/p2/n5/case_098_multicore_res.json
case_098,3,1,177430,177430,1.0,self,1,results/final_plans_mono/p3/n1/case_098_multicore_res.json
case_098,3,2,87088,177430,2.0374,self,2,results/final_plans_mono/p3/n2/case_098_multicore_res.json
case_098,3,3,64155,177430,2.7656,self,3,results/final_plans_mono/p3/n3/case_098_multicore_res.json
case_098,3,4,64155,177430,2.7656,embed_from_3,3,results/final_plans_mono/p3/n4/case_098_multicore_res.json
case_098,3,5,56819,177430,3.1227,self,5,results/final_plans_mono/p3/n5/case_098_multicore_res.json
case_099,1,1,1622999,1622999,1.0,self,1,results/final_plans_mono/p1/n1/case_099_multicore_res.json
case_099,1,2,810196,1622999,2.0032,self,2,results/final_plans_mono/p1/n2/case_099_multicore_res.json
case_099,1,3,544403,1622999,2.9812,self,3,results/final_plans_mono/p1/n3/case_099_multicore_res.json
case_099,1,4,407859,1622999,3.9793,self,4,results/final_plans_mono/p1/n4/case_099_multicore_res.json
case_099,1,5,337370,1622999,4.8107,self,5,results/final_plans_mono/p1/n5/case_099_multicore_res.json
case_099,2,1,1622999,1622999,1.0,self,1,results/final_plans_mono/p2/n1/case_099_multicore_res.json
case_099,2,2,810196,1622999,2.0032,self,2,results/final_plans_mono/p2/n2/case_099_multicore_res.json
case_099,2,3,544403,1622999,2.9812,self,3,results/final_plans_mono/p2/n3/case_099_multicore_res.json
case_099,2,4,405864,1622999,3.9989,self,4,results/final_plans_mono/p2/n4/case_099_multicore_res.json
case_099,2,5,336565,1622999,4.8222,self,5,results/final_plans_mono/p2/n5/case_099_multicore_res.json
case_099,3,1,1618902,1622999,1.0025,self,1,results/final_plans_mono/p3/n1/case_099_multicore_res.json
case_099,3,2,805721,1622999,2.0143,self,2,results/final_plans_mono/p3/n2/case_099_multicore_res.json
case_099,3,3,540586,1622999,3.0023,self,3,results/final_plans_mono/p3/n3/case_099_multicore_res.json
case_099,3,4,404548,1622999,4.0119,self,4,results/final_plans_mono/p3/n4/case_099_multicore_res.json
case_099,3,5,327016,1622999,4.9631,self,5,results/final_plans_mono/p3/n5/case_099_multicore_res.json
case_100,1,1,151223,151223,1.0,self,1,results/final_plans_mono/p1/n1/case_100_multicore_res.json
case_100,1,2,90879,151223,1.664,self,2,results/final_plans_mono/p1/n2/case_100_multicore_res.json
case_100,1,3,63340,151223,2.3875,self,3,results/final_plans_mono/p1/n3/case_100_multicore_res.json
case_100,1,4,63340,151223,2.3875,embed_from_3,3,results/final_plans_mono/p1/n4/case_100_multicore_res.json
case_100,1,5,63340,151223,2.3875,embed_from_3,3,results/final_plans_mono/p1/n5/case_100_multicore_res.json
case_100,2,1,151223,151223,1.0,self,1,results/final_plans_mono/p2/n1/case_100_multicore_res.json
case_100,2,2,85674,151223,1.7651,self,2,results/final_plans_mono/p2/n2/case_100_multicore_res.json
case_100,2,3,58138,151223,2.6011,self,3,results/final_plans_mono/p2/n3/case_100_multicore_res.json
case_100,2,4,52711,151223,2.8689,self,4,results/final_plans_mono/p2/n4/case_100_multicore_res.json
case_100,2,5,50168,151223,3.0143,self,5,results/final_plans_mono/p2/n5/case_100_multicore_res.json
case_100,3,1,151223,151223,1.0,self,1,results/final_plans_mono/p3/n1/case_100_multicore_res.json
case_100,3,2,85674,151223,1.7651,self,2,results/final_plans_mono/p3/n2/case_100_multicore_res.json
case_100,3,3,58137,151223,2.6011,self,3,results/final_plans_mono/p3/n3/case_100_multicore_res.json
case_100,3,4,49109,151223,3.0793,self,4,results/final_plans_mono/p3/n4/case_100_multicore_res.json
case_100,3,5,46608,151223,3.2446,self,5,results/final_plans_mono/p3/n5/case_100_multicore_res.json
